run_ts,episode,step,action,reward,done,episode_return,lives_pre,lives_post,ram_pre_0,ram_pre_1,ram_pre_2,ram_pre_3,ram_pre_4,ram_pre_5,ram_pre_6,ram_pre_7,ram_pre_8,ram_pre_9,ram_pre_10,ram_pre_11,ram_pre_12,ram_pre_13,ram_pre_14,ram_pre_15,ram_pre_16,ram_pre_17,ram_pre_18,ram_pre_19,ram_pre_20,ram_pre_21,ram_pre_22,ram_pre_23,ram_pre_24,ram_pre_25,ram_pre_26,ram_pre_27,ram_pre_28,ram_pre_29,ram_pre_30,ram_pre_31,ram_pre_32,ram_pre_33,ram_pre_34,ram_pre_35,ram_pre_36,ram_pre_37,ram_pre_38,ram_pre_39,ram_pre_40,ram_pre_41,ram_pre_42,ram_pre_43,ram_pre_44,ram_pre_45,ram_pre_46,ram_pre_47,ram_pre_48,ram_pre_49,ram_pre_50,ram_pre_51,ram_pre_52,ram_pre_53,ram_pre_54,ram_pre_55,ram_pre_56,ram_pre_57,ram_pre_58,ram_pre_59,ram_pre_60,ram_pre_61,ram_pre_62,ram_pre_63,ram_pre_64,ram_pre_65,ram_pre_66,ram_pre_67,ram_pre_68,ram_pre_69,ram_pre_70,ram_pre_71,ram_pre_72,ram_pre_73,ram_pre_74,ram_pre_75,ram_pre_76,ram_pre_77,ram_pre_78,ram_pre_79,ram_pre_80,ram_pre_81,ram_pre_82,ram_pre_83,ram_pre_84,ram_pre_85,ram_pre_86,ram_pre_87,ram_pre_88,ram_pre_89,ram_pre_90,ram_pre_91,ram_pre_92,ram_pre_93,ram_pre_94,ram_pre_95,ram_pre_96,ram_pre_97,ram_pre_98,ram_pre_99,ram_pre_100,ram_pre_101,ram_pre_102,ram_pre_103,ram_pre_104,ram_pre_105,ram_pre_106,ram_pre_107,ram_pre_108,ram_pre_109,ram_pre_110,ram_pre_111,ram_pre_112,ram_pre_113,ram_pre_114,ram_pre_115,ram_pre_116,ram_pre_117,ram_pre_118,ram_pre_119,ram_pre_120,ram_pre_121,ram_pre_122,ram_pre_123,ram_pre_124,ram_pre_125,ram_pre_126,ram_pre_127,ram_post_0,ram_post_1,ram_post_2,ram_post_3,ram_post_4,ram_post_5,ram_post_6,ram_post_7,ram_post_8,ram_post_9,ram_post_10,ram_post_11,ram_post_12,ram_post_13,ram_post_14,ram_post_15,ram_post_16,ram_post_17,ram_post_18,ram_post_19,ram_post_20,ram_post_21,ram_post_22,ram_post_23,ram_post_24,ram_post_25,ram_post_26,ram_post_27,ram_post_28,ram_post_29,ram_post_30,ram_post_31,ram_post_32,ram_post_33,ram_post_34,ram_post_35,ram_post_36,ram_post_37,ram_post_38,ram_post_39,ram_post_40,ram_post_41,ram_post_42,ram_post_43,ram_post_44,ram_post_45,ram_post_46,ram_post_47,ram_post_48,ram_post_49,ram_post_50,ram_post_51,ram_post_52,ram_post_53,ram_post_54,ram_post_55,ram_post_56,ram_post_57,ram_post_58,ram_post_59,ram_post_60,ram_post_61,ram_post_62,ram_post_63,ram_post_64,ram_post_65,ram_post_66,ram_post_67,ram_post_68,ram_post_69,ram_post_70,ram_post_71,ram_post_72,ram_post_73,ram_post_74,ram_post_75,ram_post_76,ram_post_77,ram_post_78,ram_post_79,ram_post_80,ram_post_81,ram_post_82,ram_post_83,ram_post_84,ram_post_85,ram_post_86,ram_post_87,ram_post_88,ram_post_89,ram_post_90,ram_post_91,ram_post_92,ram_post_93,ram_post_94,ram_post_95,ram_post_96,ram_post_97,ram_post_98,ram_post_99,ram_post_100,ram_post_101,ram_post_102,ram_post_103,ram_post_104,ram_post_105,ram_post_106,ram_post_107,ram_post_108,ram_post_109,ram_post_110,ram_post_111,ram_post_112,ram_post_113,ram_post_114,ram_post_115,ram_post_116,ram_post_117,ram_post_118,ram_post_119,ram_post_120,ram_post_121,ram_post_122,ram_post_123,ram_post_124,ram_post_125,ram_post_126,ram_post_127
2026-08-07_10-37-20,1,0,5,0.0,0,0.0,3,3,0,51,206,0,15,0,255,26,175,144,24,170,132,0,12,6,50,134,215,253,0,253,86,253,178,253,80,254,0,254,169,214,214,169,1,0,1,4,4,1,0,0,0,0,200,200,200,200,255,255,255,255,255,255,255,0,0,0,0,3,0,0,0,0,0,0,0,0,0,0,76,0,0,0,0,101,96,48,32,9,2,0,0,0,0,0,0,0,0,0,8,8,0,3,0,0,1,13,0,255,255,0,64,0,0,0,0,0,0,0,0,0,0,0,0,0,0,0,0,96,7,0,3,132,215,254,214,244,0,55,206,0,13,0,255,26,175,144,24,170,132,0,12,6,50,134,214,253,0,253,86,253,164,253,80,254,0,254,170,213,213,170,0,0,1,4,4,1,0,0,0,0,200,200,200,200,255,255,255,255,255,255,255,0,0,0,0,3,0,0,0,0,0,0,0,0,0,0,76,0,0,0,0,101,96,48,32,5,10,0,0,0,0,0,0,0,0,0,8,8,0,2,0,0,0,17,0,255,255,0,64,0,0,0,0,0,0,0,0,0,0,0,0,0,0,0,0,96,7,0,3,132,215,254,214,244
2026-08-07_10-37-20,1,1,5,0.0,0,0.0,3,3,0,55,206,0,13,0,255,26,175,144,24,170,132,0,12,6,50,134,214,253,0,253,86,253,164,253,80,254,0,254,170,213,213,170,0,0,1,4,4,1,0,0,0,0,200,200,200,200,255,255,255,255,255,255,255,0,0,0,0,3,0,0,0,0,0,0,0,0,0,0,76,0,0,0,0,101,96,48,32,5,10,0,0,0,0,0,0,0,0,0,8,8,0,2,0,0,0,17,0,255,255,0,64,0,0,0,0,0,0,0,0,0,0,0,0,0,0,0,0,96,7,0,3,132,215,254,214,244,0,59,117,0,13,0,255,26,175,144,24,170,132,0,12,6,50,134,228,253,27,253,115,253,192,253,80,254,0,254,172,211,211,172,0,0,1,4,4,1,0,0,0,0,200,200,200,200,255,255,255,255,255,255,255,0,0,0,0,3,0,0,0,0,0,0,0,0,0,0,76,0,0,0,0,101,96,48,32,1,2,0,0,0,0,0,0,0,0,2,10,10,2,1,2,0,2,21,0,255,255,0,64,0,0,0,0,0,0,0,0,0,0,0,0,0,0,0,0,96,7,0,3,132,215,254,214,244
2026-08-07_10-37-20,1,2,5,0.0,0,0.0,3,3,0,59,117,0,13,0,255,26,175,144,24,170,132,0,12,6,50,134,228,253,27,253,115,253,192,253,80,254,0,254,172,211,211,172,0,0,1,4,4,1,0,0,0,0,200,200,200,200,255,255,255,255,255,255,255,0,0,0,0,3,0,0,0,0,0,0,0,0,0,0,76,0,0,0,0,101,96,48,32,1,2,0,0,0,0,0,0,0,0,2,10,10,2,1,2,0,2,21,0,255,255,0,64,0,0,0,0,0,0,0,0,0,0,0,0,0,0,0,0,96,7,0,3,132,215,254,214,244,0,63,117,0,15,0,255,26,175,144,24,170,132,0,12,6,50,134,227,253,27,253,115,253,178,253,80,254,0,254,173,210,210,173,0,0,1,4,4,1,0,0,0,0,200,200,200,200,255,255,255,255,255,255,255,0,0,0,0,3,0,0,0,0,0,0,0,0,0,0,76,0,0,0,0,101,96,48,32,13,10,0,0,0,0,0,0,0,0,2,10,10,2,0,2,0,1,24,0,255,255,0,64,0,0,0,0,0,0,0,0,0,0,0,0,0,0,0,0,96,7,0,3,132,215,254,214,244
2026-08-07_10-37-20,1,3,0,0.0,0,0.0,3,3,0,63,117,0,15,0,255,26,175,144,24,170,132,0,12,6,50,134,227,253,27,253,115,253,178,253,80,254,0,254,173,210,210,173,0,0,1,4,4,1,0,0,0,0,200,200,200,200,255,255,255,255,255,255,255,0,0,0,0,3,0,0,0,0,0,0,0,0,0,0,76,0,0,0,0,101,96,48,32,13,10,0,0,0,0,0,0,0,0,2,10,10,2,0,2,0,1,24,0,255,255,0,64,0,0,0,0,0,0,0,0,0,0,0,0,0,0,0,0,96,7,0,3,132,215,254,214,244,0,67,174,0,15,0,255,26,175,144,24,170,132,0,12,6,50,134,227,253,13,253,100,253,164,253,80,254,0,254,175,208,208,175,0,0,1,4,4,1,0,0,0,0,200,200,200,200,255,255,255,255,255,255,255,0,0,0,0,3,0,0,0,0,0,0,0,0,0,0,76,0,0,0,0,101,96,48,32,9,2,0,0,0,0,0,0,0,0,1,9,9,1,0,1,0,0,24,0,255,255,0,63,0,0,0,0,0,0,0,0,0,0,0,0,0,0,0,0,96,7,0,3,132,215,254,214,244
2026-08-07_10-37-20,1,4,0,0.0,0,0.0,3,3,0,67,174,0,15,0,255,26,175,144,24,170,132,0,12,6,50,134,227,253,13,253,100,253,164,253,80,254,0,254,175,208,208,175,0,0,1,4,4,1,0,0,0,0,200,200,200,200,255,255,255,255,255,255,255,0,0,0,0,3,0,0,0,0,0,0,0,0,0,0,76,0,0,0,0,101,96,48,32,9,2,0,0,0,0,0,0,0,0,1,9,9,1,0,1,0,0,24,0,255,255,0,63,0,0,0,0,0,0,0,0,0,0,0,0,0,0,0,0,96,7,0,3,132,215,254,214,244,0,71,174,0,15,0,255,26,175,144,24,170,132,0,12,6,50,134,228,253,13,253,100,253,192,253,80,254,0,254,176,207,207,176,0,0,1,4,4,1,0,0,0,0,200,200,200,200,255,255,255,255,255,255,255,0,0,0,0,3,0,0,0,0,0,0,0,0,0,0,76,0,0,0,0,101,96,48,32,5,10,0,0,0,0,0,0,0,0,1,9,9,1,1,1,0,2,24,0,255,255,0,63,0,0,0,0,0,0,0,0,0,0,0,0,0,0,0,0,96,7,0,3,132,215,254,214,244
2026-08-07_10-37-20,1,5,0,0.0,0,0.0,3,3,0,71,174,0,15,0,255,26,175,144,24,170,132,0,12,6,50,134,228,253,13,253,100,253,192,253,80,254,0,254,176,207,207,176,0,0,1,4,4,1,0,0,0,0,200,200,200,200,255,255,255,255,255,255,255,0,0,0,0,3,0,0,0,0,0,0,0,0,0,0,76,0,0,0,0,101,96,48,32,5,10,0,0,0,0,0,0,0,0,1,9,9,1,1,1,0,2,24,0,255,255,0,63,0,0,0,0,0,0,0,0,0,0,0,0,0,0,0,0,96,7,0,3,132,215,254,214,244,0,75,118,0,15,0,255,26,175,144,24,170,132,0,12,6,50,134,214,253,0,253,86,253,178,253,80,254,0,254,178,205,205,178,0,0,1,4,4,1,0,0,0,0,200,200,200,200,255,255,255,255,255,255,255,0,0,0,0,3,0,0,0,0,0,0,0,0,0,0,76,0,0,0,0,101,96,48,32,1,2,0,0,0,0,0,0,0,0,0,8,8,0,2,0,0,1,24,0,255,255,0,63,0,0,0,0,0,0,0,0,0,0,0,0,0,0,0,0,96,7,0,3,132,215,254,214,244
2026-08-07_10-37-20,1,6,0,0.0,0,0.0,3,3,0,75,118,0,15,0,255,26,175,144,24,170,132,0,12,6,50,134,214,253,0,253,86,253,178,253,80,254,0,254,178,205,205,178,0,0,1,4,4,1,0,0,0,0,200,200,200,200,255,255,255,255,255,255,255,0,0,0,0,3,0,0,0,0,0,0,0,0,0,0,76,0,0,0,0,101,96,48,32,1,2,0,0,0,0,0,0,0,0,0,8,8,0,2,0,0,1,24,0,255,255,0,63,0,0,0,0,0,0,0,0,0,0,0,0,0,0,0,0,96,7,0,3,132,215,254,214,244,0,79,118,0,15,0,255,26,175,144,24,170,132,0,12,6,50,134,215,253,0,253,86,253,164,253,80,254,0,254,179,204,204,179,0,0,1,4,4,1,0,0,0,0,200,200,200,200,255,255,255,255,255,255,255,0,0,0,0,3,0,0,0,0,0,0,0,0,0,0,76,0,0,0,0,101,96,48,32,13,10,0,0,0,0,0,0,0,0,0,8,8,0,3,0,0,0,24,0,255,255,0,63,0,0,0,0,0,0,0,0,0,0,0,0,0,0,0,0,96,7,0,3,132,215,254,214,244
2026-08-07_10-37-20,1,7,5,0.0,0,0.0,3,3,0,79,118,0,15,0,255,26,175,144,24,170,132,0,12,6,50,134,215,253,0,253,86,253,164,253,80,254,0,254,179,204,204,179,0,0,1,4,4,1,0,0,0,0,200,200,200,200,255,255,255,255,255,255,255,0,0,0,0,3,0,0,0,0,0,0,0,0,0,0,76,0,0,0,0,101,96,48,32,13,10,0,0,0,0,0,0,0,0,0,8,8,0,3,0,0,0,24,0,255,255,0,63,0,0,0,0,0,0,0,0,0,0,0,0,0,0,0,0,96,7,0,3,132,215,254,214,244,0,83,182,0,13,0,255,26,175,144,24,170,132,0,12,6,50,134,231,253,27,253,115,253,192,253,80,254,0,254,181,202,202,181,0,0,1,4,4,1,0,0,0,0,200,200,200,200,255,255,255,255,255,255,255,0,0,0,0,3,0,0,0,0,0,0,0,0,0,0,76,0,0,0,0,101,96,48,32,9,2,0,0,0,0,0,0,0,0,2,10,10,2,4,2,0,2,27,0,255,255,0,63,0,0,0,0,0,0,0,0,0,0,0,0,0,0,0,0,96,7,0,3,132,215,254,214,244
2026-08-07_10-37-20,1,8,5,0.0,0,0.0,3,3,0,83,182,0,13,0,255,26,175,144,24,170,132,0,12,6,50,134,231,253,27,253,115,253,192,253,80,254,0,254,181,202,202,181,0,0,1,4,4,1,0,0,0,0,200,200,200,200,255,255,255,255,255,255,255,0,0,0,0,3,0,0,0,0,0,0,0,0,0,0,76,0,0,0,0,101,96,48,32,9,2,0,0,0,0,0,0,0,0,2,10,10,2,4,2,0,2,27,0,255,255,0,63,0,0,0,0,0,0,0,0,0,0,0,0,0,0,0,0,96,7,0,3,132,215,254,214,244,0,87,182,0,13,0,255,26,175,144,24,170,132,0,12,6,50,134,232,253,27,253,115,253,178,253,80,254,0,254,182,201,201,182,0,0,1,4,4,1,0,0,0,0,200,200,200,200,255,255,255,255,255,255,255,0,0,0,0,3,0,0,0,0,0,0,0,0,0,0,76,0,0,0,0,101,96,48,32,5,10,0,0,0,0,0,0,0,0,2,10,10,2,5,2,0,1,31,0,255,255,0,63,0,0,0,0,0,0,0,0,0,0,0,0,0,0,0,0,96,7,0,3,132,215,254,214,244
2026-08-07_10-37-20,1,9,5,0.0,0,0.0,3,3,0,87,182,0,13,0,255,26,175,144,24,170,132,0,12,6,50,134,232,253,27,253,115,253,178,253,80,254,0,254,182,201,201,182,0,0,1,4,4,1,0,0,0,0,200,200,200,200,255,255,255,255,255,255,255,0,0,0,0,3,0,0,0,0,0,0,0,0,0,0,76,0,0,0,0,101,96,48,32,5,10,0,0,0,0,0,0,0,0,2,10,10,2,5,2,0,1,31,0,255,255,0,63,0,0,0,0,0,0,0,0,0,0,0,0,0,0,0,0,96,7,0,3,132,215,254,214,244,0,91,176,0,13,0,255,26,175,144,24,170,132,0,12,6,50,134,233,253,13,253,100,253,164,253,80,254,0,254,184,199,199,184,0,0,1,4,4,1,0,0,0,0,200,200,200,200,255,255,255,255,255,255,255,0,0,0,0,3,0,0,0,0,0,0,0,0,0,0,76,0,0,0,0,101,96,48,32,1,2,0,0,0,0,0,0,0,0,1,9,9,1,6,1,0,0,35,0,255,255,0,63,0,0,0,0,0,0,0,0,0,0,0,0,0,0,0,0,96,7,0,3,132,215,254,214,244
2026-08-07_10-37-20,1,10,5,0.0,0,0.0,3,3,0,91,176,0,13,0,255,26,175,144,24,170,132,0,12,6,50,134,233,253,13,253,100,253,164,253,80,254,0,254,184,199,199,184,0,0,1,4,4,1,0,0,0,0,200,200,200,200,255,255,255,255,255,255,255,0,0,0,0,3,0,0,0,0,0,0,0,0,0,0,76,0,0,0,0,101,96,48,32,1,2,0,0,0,0,0,0,0,0,1,9,9,1,6,1,0,0,35,0,255,255,0,63,0,0,0,0,0,0,0,0,0,0,0,0,0,0,0,0,96,7,0,3,132,215,254,214,244,0,95,176,0,13,0,255,26,175,144,24,170,132,0,12,6,50,134,234,253,13,253,100,253,192,253,80,254,0,254,185,198,198,185,0,0,1,4,4,1,0,0,0,0,200,200,200,200,255,255,255,255,255,255,255,0,0,0,0,3,0,0,0,0,0,0,0,0,0,0,76,0,0,0,0,101,96,48,32,13,10,0,0,0,0,0,0,0,0,1,9,9,1,7,1,0,2,39,0,255,255,0,63,0,0,0,0,0,0,0,0,0,0,0,0,0,0,0,0,96,7,0,3,132,215,254,214,244
2026-08-07_10-37-20,1,11,5,0.0,0,0.0,3,3,0,95,176,0,13,0,255,26,175,144,24,170,132,0,12,6,50,134,234,253,13,253,100,253,192,253,80,254,0,254,185,198,198,185,0,0,1,4,4,1,0,0,0,0,200,200,200,200,255,255,255,255,255,255,255,0,0,0,0,3,0,0,0,0,0,0,0,0,0,0,76,0,0,0,0,101,96,48,32,13,10,0,0,0,0,0,0,0,0,1,9,9,1,7,1,0,2,39,0,255,255,0,63,0,0,0,0,0,0,0,0,0,0,0,0,0,0,0,0,96,7,0,3,132,215,254,214,244,0,99,129,0,13,0,255,26,175,144,24,170,132,0,12,6,50,134,219,253,0,253,86,253,178,253,80,254,0,254,187,196,196,187,0,0,1,4,4,1,0,0,0,0,200,200,200,200,255,255,255,255,255,255,255,0,0,0,0,3,0,0,0,0,0,0,0,0,0,0,76,0,0,0,0,101,96,48,32,9,2,0,0,0,0,0,0,0,0,0,8,8,0,7,0,0,1,43,0,255,255,0,62,0,0,0,0,0,0,0,0,0,0,0,0,0,0,0,0,96,7,0,3,132,215,254,214,244
2026-08-07_10-37-20,1,12,5,0.0,0,0.0,3,3,0,99,129,0,13,0,255,26,175,144,24,170,132,0,12,6,50,134,219,253,0,253,86,253,178,253,80,254,0,254,187,196,196,187,0,0,1,4,4,1,0,0,0,0,200,200,200,200,255,255,255,255,255,255,255,0,0,0,0,3,0,0,0,0,0,0,0,0,0,0,76,0,0,0,0,101,96,48,32,9,2,0,0,0,0,0,0,0,0,0,8,8,0,7,0,0,1,43,0,255,255,0,62,0,0,0,0,0,0,0,0,0,0,0,0,0,0,0,0,96,7,0,3,132,215,254,214,244,0,103,129,0,15,0,255,26,175,144,24,170,132,0,12,6,50,134,218,253,0,253,86,253,164,253,80,254,0,254,188,195,195,188,0,0,1,4,4,1,0,0,0,0,200,200,200,200,255,255,255,255,255,255,255,0,0,0,0,3,0,0,0,0,0,0,0,0,0,0,76,0,0,0,0,101,96,48,32,5,10,0,0,0,0,0,0,0,0,0,8,8,0,6,0,0,0,45,0,255,255,0,62,0,0,0,0,0,0,0,0,0,0,0,0,0,0,0,0,96,7,0,3,132,215,254,214,244
2026-08-07_10-37-20,1,13,0,0.0,0,0.0,3,3,0,103,129,0,15,0,255,26,175,144,24,170,132,0,12,6,50,134,218,253,0,253,86,253,164,253,80,254,0,254,188,195,195,188,0,0,1,4,4,1,0,0,0,0,200,200,200,200,255,255,255,255,255,255,255,0,0,0,0,3,0,0,0,0,0,0,0,0,0,0,76,0,0,0,0,101,96,48,32,5,10,0,0,0,0,0,0,0,0,0,8,8,0,6,0,0,0,45,0,255,255,0,62,0,0,0,0,0,0,0,0,0,0,0,0,0,0,0,0,96,7,0,3,132,215,254,214,244,0,107,12,0,15,0,255,26,175,144,24,170,132,0,12,6,50,134,232,253,27,253,115,253,192,253,80,254,0,254,190,193,193,190,0,0,1,4,4,1,0,0,0,0,200,200,200,200,255,255,255,255,255,255,255,0,0,0,0,3,0,0,0,0,0,0,0,0,0,0,76,0,0,0,0,101,96,48,32,1,2,0,0,0,0,0,0,0,0,2,10,10,2,5,2,0,2,45,0,255,255,0,62,0,0,0,0,0,0,0,0,0,0,0,0,0,0,0,0,96,7,0,3,132,215,254,214,244
2026-08-07_10-37-20,1,14,0,0.0,0,0.0,3,3,0,107,12,0,15,0,255,26,175,144,24,170,132,0,12,6,50,134,232,253,27,253,115,253,192,253,80,254,0,254,190,193,193,190,0,0,1,4,4,1,0,0,0,0,200,200,200,200,255,255,255,255,255,255,255,0,0,0,0,3,0,0,0,0,0,0,0,0,0,0,76,0,0,0,0,101,96,48,32,1,2,0,0,0,0,0,0,0,0,2,10,10,2,5,2,0,2,45,0,255,255,0,62,0,0,0,0,0,0,0,0,0,0,0,0,0,0,0,0,96,7,0,3,132,215,254,214,244,0,111,12,0,15,0,255,26,175,144,24,170,132,0,12,6,50,134,231,253,27,253,115,253,178,253,80,254,0,254,191,192,192,191,0,0,1,4,4,1,0,0,0,0,200,200,200,200,255,255,255,255,255,255,255,0,0,0,0,3,0,0,0,0,0,0,0,0,0,0,76,0,0,0,0,101,96,48,32,13,10,0,0,0,0,0,0,0,0,2,10,10,2,4,2,0,1,45,0,255,255,0,62,0,0,0,0,0,0,0,0,0,0,0,0,0,0,0,0,96,7,0,3,132,215,254,214,244
2026-08-07_10-37-20,1,15,0,0.0,0,0.0,3,3,0,111,12,0,15,0,255,26,175,144,24,170,132,0,12,6,50,134,231,253,27,253,115,253,178,253,80,254,0,254,191,192,192,191,0,0,1,4,4,1,0,0,0,0,200,200,200,200,255,255,255,255,255,255,255,0,0,0,0,3,0,0,0,0,0,0,0,0,0,0,76,0,0,0,0,101,96,48,32,13,10,0,0,0,0,0,0,0,0,2,10,10,2,4,2,0,1,45,0,255,255,0,62,0,0,0,0,0,0,0,0,0,0,0,0,0,0,0,0,96,7,0,3,132,215,254,214,244,0,115,99,0,15,0,255,26,175,144,24,170,132,0,12,6,50,134,230,253,13,253,100,253,164,253,80,254,0,254,193,190,190,193,0,0,1,4,4,1,0,0,0,0,200,200,200,200,255,255,255,255,255,255,255,0,0,0,0,3,0,0,0,0,0,0,0,0,0,0,76,0,0,0,0,101,96,48,32,9,2,0,0,0,0,0,0,0,0,1,9,9,1,3,1,0,0,45,0,255,255,0,62,0,0,0,0,0,0,0,0,0,0,0,0,0,0,0,0,96,7,0,3,132,215,254,214,244
2026-08-07_10-37-20,1,16,0,0.0,0,0.0,3,3,0,115,99,0,15,0,255,26,175,144,24,170,132,0,12,6,50,134,230,253,13,253,100,253,164,253,80,254,0,254,193,190,190,193,0,0,1,4,4,1,0,0,0,0,200,200,200,200,255,255,255,255,255,255,255,0,0,0,0,3,0,0,0,0,0,0,0,0,0,0,76,0,0,0,0,101,96,48,32,9,2,0,0,0,0,0,0,0,0,1,9,9,1,3,1,0,0,45,0,255,255,0,62,0,0,0,0,0,0,0,0,0,0,0,0,0,0,0,0,96,7,0,3,132,215,254,214,244,0,119,99,0,15,0,255,26,175,144,24,170,132,0,12,6,50,134,229,253,13,253,100,253,192,253,80,254,0,254,194,189,189,194,0,0,1,4,4,1,0,0,0,0,200,200,200,200,255,255,255,255,255,255,255,0,0,0,0,3,0,0,0,0,0,0,0,0,0,0,76,0,0,0,0,101,96,48,32,5,10,0,0,0,0,0,0,0,0,1,9,9,1,2,1,0,2,45,0,255,255,0,62,0,0,0,0,0,0,0,0,0,0,0,0,0,0,0,0,96,7,0,3,132,215,254,214,244
2026-08-07_10-37-20,1,17,1,0.0,0,0.0,3,3,0,119,99,0,15,0,255,26,175,144,24,170,132,0,12,6,50,134,229,253,13,253,100,253,192,253,80,254,0,254,194,189,189,194,0,0,1,4,4,1,0,0,0,0,200,200,200,200,255,255,255,255,255,255,255,0,0,0,0,3,0,0,0,0,0,0,0,0,0,0,76,0,0,0,0,101,96,48,32,5,10,0,0,0,0,0,0,0,0,1,9,9,1,2,1,0,2,45,0,255,255,0,62,0,0,0,0,0,0,0,0,0,0,0,0,0,0,0,0,96,7,0,3,132,215,254,214,244,0,123,27,0,15,0,255,26,175,144,24,170,132,0,12,6,50,134,213,253,0,253,86,253,178,253,80,254,0,254,196,187,187,196,0,0,1,4,4,1,0,0,0,0,200,200,200,200,255,255,255,255,255,255,255,0,0,0,0,3,0,0,0,0,0,0,0,0,0,0,76,0,0,0,0,101,96,48,32,1,2,0,0,0,0,0,0,0,0,0,8,8,0,1,0,0,1,45,0,255,255,0,62,99,0,0,0,0,0,16,0,0,0,0,0,0,0,0,0,96,7,0,3,132,215,254,214,244
2026-08-07_10-37-20,1,18,1,0.0,0,0.0,3,3,0,123,27,0,15,0,255,26,175,144,24,170,132,0,12,6,50,134,213,253,0,253,86,253,178,253,80,254,0,254,196,187,187,196,0,0,1,4,4,1,0,0,0,0,200,200,200,200,255,255,255,255,255,255,255,0,0,0,0,3,0,0,0,0,0,0,0,0,0,0,76,0,0,0,0,101,96,48,32,1,2,0,0,0,0,0,0,0,0,0,8,8,0,1,0,0,1,45,0,255,255,0,62,99,0,0,0,0,0,16,0,0,0,0,0,0,0,0,0,96,7,0,3,132,215,254,214,244,0,127,27,0,15,0,255,26,175,144,24,170,132,0,12,6,50,134,212,253,0,253,86,253,164,253,80,254,0,254,197,186,186,197,0,0,1,4,4,1,0,0,0,0,200,200,200,200,255,255,255,255,255,255,255,0,0,0,0,3,0,0,0,0,0,0,0,0,0,0,76,0,0,0,0,101,96,48,32,13,10,0,0,0,0,0,0,0,0,0,8,8,0,0,0,0,0,45,0,255,255,0,62,119,0,0,0,0,0,15,0,0,0,0,0,0,0,0,0,96,7,0,3,132,215,254,214,244
2026-08-07_10-37-20,1,19,1,0.0,0,0.0,3,3,0,127,27,0,15,0,255,26,175,144,24,170,132,0,12,6,50,134,212,253,0,253,86,253,164,253,80,254,0,254,197,186,186,197,0,0,1,4,4,1,0,0,0,0,200,200,200,200,255,255,255,255,255,255,255,0,0,0,0,3,0,0,0,0,0,0,0,0,0,0,76,0,0,0,0,101,96,48,32,13,10,0,0,0,0,0,0,0,0,0,8,8,0,0,0,0,0,45,0,255,255,0,62,119,0,0,0,0,0,15,0,0,0,0,0,0,0,0,0,96,7,0,3,132,215,254,214,244,0,131,222,0,15,0,255,26,175,144,24,170,132,0,12,6,50,134,227,253,27,253,115,253,192,253,80,254,0,254,199,184,184,199,0,0,1,4,4,1,0,0,0,0,200,200,200,200,255,255,255,255,255,255,255,0,0,0,0,3,0,0,0,0,0,0,0,0,0,0,76,0,0,0,0,101,96,48,32,9,2,0,0,0,0,0,0,0,0,2,10,10,2,0,2,0,2,45,0,255,255,0,61,139,0,0,0,0,0,14,0,0,0,0,0,0,0,0,0,96,7,0,3,132,215,254,214,244
2026-08-07_10-37-20,1,20,1,0.0,0,0.0,3,3,0,131,222,0,15,0,255,26,175,144,24,170,132,0,12,6,50,134,227,253,27,253,115,253,192,253,80,254,0,254,199,184,184,199,0,0,1,4,4,1,0,0,0,0,200,200,200,200,255,255,255,255,255,255,255,0,0,0,0,3,0,0,0,0,0,0,0,0,0,0,76,0,0,0,0,101,96,48,32,9,2,0,0,0,0,0,0,0,0,2,10,10,2,0,2,0,2,45,0,255,255,0,61,139,0,0,0,0,0,14,0,0,0,0,0,0,0,0,0,96,7,0,3,132,215,254,214,244,0,135,222,0,15,0,255,26,175,144,24,170,132,0,12,6,50,134,228,253,27,253,115,253,178,253,80,254,0,254,200,183,183,200,0,0,1,4,4,1,0,0,0,0,200,200,200,200,255,255,255,255,255,255,255,0,0,0,0,3,0,0,0,0,0,0,0,0,0,0,76,0,0,0,0,101,96,48,32,5,10,0,0,0,0,0,0,0,0,2,10,10,2,1,2,0,1,45,0,255,255,0,61,159,0,0,0,0,0,13,0,0,0,0,0,0,0,0,0,96,7,0,3,132,215,254,214,244
2026-08-07_10-37-20,1,21,0,0.0,0,0.0,3,3,0,135,222,0,15,0,255,26,175,144,24,170,132,0,12,6,50,134,228,253,27,253,115,253,178,253,80,254,0,254,200,183,183,200,0,0,1,4,4,1,0,0,0,0,200,200,200,200,255,255,255,255,255,255,255,0,0,0,0,3,0,0,0,0,0,0,0,0,0,0,76,0,0,0,0,101,96,48,32,5,10,0,0,0,0,0,0,0,0,2,10,10,2,1,2,0,1,45,0,255,255,0,61,159,0,0,0,0,0,13,0,0,0,0,0,0,0,0,0,96,7,0,3,132,215,254,214,244,0,139,241,0,15,0,255,26,175,144,24,170,132,0,12,6,50,134,229,253,13,253,100,253,164,253,80,254,0,254,202,181,181,202,0,0,1,4,4,1,0,0,0,0,200,200,200,200,255,255,255,255,255,255,255,0,0,0,0,3,0,0,0,0,0,0,0,0,0,0,76,0,0,0,0,101,96,48,32,1,2,0,0,0,0,0,0,0,0,1,9,9,1,2,1,0,0,45,0,255,255,0,61,0,0,0,0,0,0,12,0,0,0,0,0,0,0,0,0,96,7,0,3,132,215,254,214,244
2026-08-07_10-37-20,1,22,0,0.0,0,0.0,3,3,0,139,241,0,15,0,255,26,175,144,24,170,132,0,12,6,50,134,229,253,13,253,100,253,164,253,80,254,0,254,202,181,181,202,0,0,1,4,4,1,0,0,0,0,200,200,200,200,255,255,255,255,255,255,255,0,0,0,0,3,0,0,0,0,0,0,0,0,0,0,76,0,0,0,0,101,96,48,32,1,2,0,0,0,0,0,0,0,0,1,9,9,1,2,1,0,0,45,0,255,255,0,61,0,0,0,0,0,0,12,0,0,0,0,0,0,0,0,0,96,7,0,3,132,215,254,214,244,0,143,241,0,15,0,255,26,175,144,24,170,132,0,12,6,50,134,230,253,13,253,100,253,192,253,80,254,0,254,203,180,180,203,0,0,1,4,4,1,0,0,0,0,200,200,200,200,255,255,255,255,255,255,255,0,0,0,0,3,0,0,0,0,0,0,0,0,0,0,76,0,0,0,0,101,96,48,32,13,10,0,0,0,0,0,0,0,0,1,9,9,1,3,1,0,2,45,0,255,255,0,61,0,0,0,0,0,0,12,0,0,0,0,0,0,0,0,0,96,7,0,3,132,215,254,214,244
2026-08-07_10-37-20,1,23,0,0.0,0,0.0,3,3,0,143,241,0,15,0,255,26,175,144,24,170,132,0,12,6,50,134,230,253,13,253,100,253,192,253,80,254,0,254,203,180,180,203,0,0,1,4,4,1,0,0,0,0,200,200,200,200,255,255,255,255,255,255,255,0,0,0,0,3,0,0,0,0,0,0,0,0,0,0,76,0,0,0,0,101,96,48,32,13,10,0,0,0,0,0,0,0,0,1,9,9,1,3,1,0,2,45,0,255,255,0,61,0,0,0,0,0,0,12,0,0,0,0,0,0,0,0,0,96,7,0,3,132,215,254,214,244,0,147,139,0,15,0,255,26,175,144,24,170,132,0,12,6,50,134,216,253,0,253,86,253,178,253,80,254,0,254,205,178,178,205,0,0,1,4,4,1,0,0,0,0,200,200,200,200,255,255,255,255,255,255,255,0,0,0,0,3,0,0,0,0,0,0,0,0,0,0,76,0,0,0,0,101,96,48,32,9,2,0,0,0,0,0,0,0,0,0,8,8,0,4,0,0,1,45,0,255,255,0,61,0,0,0,0,0,0,12,0,0,0,0,0,0,0,0,0,96,7,0,3,132,215,254,214,244
2026-08-07_10-37-20,1,24,0,0.0,0,0.0,3,3,0,147,139,0,15,0,255,26,175,144,24,170,132,0,12,6,50,134,216,253,0,253,86,253,178,253,80,254,0,254,205,178,178,205,0,0,1,4,4,1,0,0,0,0,200,200,200,200,255,255,255,255,255,255,255,0,0,0,0,3,0,0,0,0,0,0,0,0,0,0,76,0,0,0,0,101,96,48,32,9,2,0,0,0,0,0,0,0,0,0,8,8,0,4,0,0,1,45,0,255,255,0,61,0,0,0,0,0,0,12,0,0,0,0,0,0,0,0,0,96,7,0,3,132,215,254,214,244,0,151,139,0,15,0,255,26,175,144,24,170,132,0,12,6,50,134,217,253,0,253,86,253,164,253,80,254,0,254,206,177,177,206,0,0,1,4,4,1,0,0,0,0,200,200,200,200,255,255,255,255,255,255,255,0,0,0,0,3,0,0,0,0,0,0,0,0,0,0,76,0,0,0,0,101,96,48,32,5,10,0,0,0,0,0,0,0,0,0,8,8,0,5,0,0,0,45,0,255,255,0,61,0,0,0,0,0,0,12,0,0,0,0,0,0,0,0,0,96,7,0,3,132,215,254,214,244
2026-08-07_10-37-20,1,25,5,0.0,0,0.0,3,3,0,151,139,0,15,0,255,26,175,144,24,170,132,0,12,6,50,134,217,253,0,253,86,253,164,253,80,254,0,254,206,177,177,206,0,0,1,4,4,1,0,0,0,0,200,200,200,200,255,255,255,255,255,255,255,0,0,0,0,3,0,0,0,0,0,0,0,0,0,0,76,0,0,0,0,101,96,48,32,5,10,0,0,0,0,0,0,0,0,0,8,8,0,5,0,0,0,45,0,255,255,0,61,0,0,0,0,0,0,12,0,0,0,0,0,0,0,0,0,96,7,0,3,132,215,254,214,244,0,155,94,0,13,0,255,26,175,144,24,170,132,0,12,6,50,134,233,253,27,253,115,253,192,253,80,254,0,254,208,175,175,208,0,0,1,4,4,1,0,0,0,0,200,200,200,200,255,255,255,255,255,255,255,0,0,0,0,3,0,0,0,0,0,0,0,0,0,0,76,0,0,0,0,101,96,48,32,1,2,0,0,0,0,0,0,0,0,2,10,10,2,6,2,0,2,49,0,255,255,0,61,0,0,0,0,0,0,12,0,0,0,0,0,0,0,0,0,96,7,0,3,132,215,254,214,244
2026-08-07_10-37-20,1,26,5,0.0,0,0.0,3,3,0,155,94,0,13,0,255,26,175,144,24,170,132,0,12,6,50,134,233,253,27,253,115,253,192,253,80,254,0,254,208,175,175,208,0,0,1,4,4,1,0,0,0,0,200,200,200,200,255,255,255,255,255,255,255,0,0,0,0,3,0,0,0,0,0,0,0,0,0,0,76,0,0,0,0,101,96,48,32,1,2,0,0,0,0,0,0,0,0,2,10,10,2,6,2,0,2,49,0,255,255,0,61,0,0,0,0,0,0,12,0,0,0,0,0,0,0,0,0,96,7,0,3,132,215,254,214,244,0,159,94,0,13,0,255,26,175,144,24,170,132,0,12,6,50,134,234,253,27,253,115,253,178,253,80,254,0,254,209,174,174,209,0,0,1,4,4,1,0,0,0,0,200,200,200,200,255,255,255,255,255,255,255,0,0,0,0,3,0,0,0,0,0,0,0,0,0,0,76,0,0,0,0,101,96,48,32,13,10,0,0,0,0,0,0,0,0,2,10,10,2,7,2,0,1,53,0,255,255,0,61,0,0,0,0,0,0,12,0,0,0,0,0,0,0,0,0,96,7,0,3,132,215,254,214,244
2026-08-07_10-37-20,1,27,5,0.0,0,0.0,3,3,0,159,94,0,13,0,255,26,175,144,24,170,132,0,12,6,50,134,234,253,27,253,115,253,178,253,80,254,0,254,209,174,174,209,0,0,1,4,4,1,0,0,0,0,200,200,200,200,255,255,255,255,255,255,255,0,0,0,0,3,0,0,0,0,0,0,0,0,0,0,76,0,0,0,0,101,96,48,32,13,10,0,0,0,0,0,0,0,0,2,10,10,2,7,2,0,1,53,0,255,255,0,61,0,0,0,0,0,0,12,0,0,0,0,0,0,0,0,0,96,7,0,3,132,215,254,214,244,0,163,245,0,13,0,255,26,175,144,24,170,132,0,12,6,50,134,234,253,13,253,100,253,164,253,80,254,0,254,211,172,172,211,0,0,1,4,4,1,0,0,0,0,200,200,200,200,255,255,255,255,255,255,255,0,0,0,0,3,0,0,0,0,0,0,0,0,0,0,76,0,0,0,0,101,96,48,32,9,2,0,0,0,0,0,0,0,0,1,9,9,1,7,1,0,0,57,0,255,255,0,60,0,0,0,0,0,0,12,0,0,0,0,0,0,0,0,0,96,7,0,3,132,215,254,214,244
2026-08-07_10-37-20,1,28,5,0.0,0,0.0,3,3,0,163,245,0,13,0,255,26,175,144,24,170,132,0,12,6,50,134,234,253,13,253,100,253,164,253,80,254,0,254,211,172,172,211,0,0,1,4,4,1,0,0,0,0,200,200,200,200,255,255,255,255,255,255,255,0,0,0,0,3,0,0,0,0,0,0,0,0,0,0,76,0,0,0,0,101,96,48,32,9,2,0,0,0,0,0,0,0,0,1,9,9,1,7,1,0,0,57,0,255,255,0,60,0,0,0,0,0,0,12,0,0,0,0,0,0,0,0,0,96,7,0,3,132,215,254,214,244,0,167,245,0,15,0,255,26,175,144,24,170,132,0,12,6,50,134,233,253,13,253,100,253,192,253,80,254,0,254,212,171,171,212,0,0,1,4,4,1,0,0,0,0,200,200,200,200,255,255,255,255,255,255,255,0,0,0,0,3,0,0,0,0,0,0,0,0,0,0,76,0,0,0,0,101,96,48,32,5,10,0,0,0,0,0,0,0,0,1,9,9,1,6,1,0,2,60,0,255,255,0,60,0,0,0,0,0,0,12,0,0,0,0,0,0,0,0,0,96,7,0,3,132,215,254,214,244
2026-08-07_10-37-20,1,29,0,0.0,0,0.0,3,3,0,167,245,0,15,0,255,26,175,144,24,170,132,0,12,6,50,134,233,253,13,253,100,253,192,253,80,254,0,254,212,171,171,212,0,0,1,4,4,1,0,0,0,0,200,200,200,200,255,255,255,255,255,255,255,0,0,0,0,3,0,0,0,0,0,0,0,0,0,0,76,0,0,0,0,101,96,48,32,5,10,0,0,0,0,0,0,0,0,1,9,9,1,6,1,0,2,60,0,255,255,0,60,0,0,0,0,0,0,12,0,0,0,0,0,0,0,0,0,96,7,0,3,132,215,254,214,244,0,171,170,0,15,0,255,26,175,144,24,170,132,0,12,6,50,134,217,253,0,253,86,253,178,253,80,254,0,254,214,169,169,214,0,0,1,4,4,1,0,0,0,0,200,200,200,200,255,255,255,255,255,255,255,0,0,0,0,3,0,0,0,0,0,0,0,0,0,0,76,0,0,0,0,101,96,48,32,1,2,0,0,0,0,0,0,0,0,0,8,8,0,5,0,0,1,60,0,255,255,0,60,0,0,0,0,0,0,12,0,0,0,0,0,0,0,0,0,96,7,0,3,132,215,254,214,244
2026-08-07_10-37-20,1,30,0,0.0,0,0.0,3,3,0,171,170,0,15,0,255,26,175,144,24,170,132,0,12,6,50,134,217,253,0,253,86,253,178,253,80,254,0,254,214,169,169,214,0,0,1,4,4,1,0,0,0,0,200,200,200,200,255,255,255,255,255,255,255,0,0,0,0,3,0,0,0,0,0,0,0,0,0,0,76,0,0,0,0,101,96,48,32,1,2,0,0,0,0,0,0,0,0,0,8,8,0,5,0,0,1,60,0,255,255,0,60,0,0,0,0,0,0,12,0,0,0,0,0,0,0,0,0,96,7,0,3,132,215,254,214,244,0,175,170,0,15,0,255,26,175,144,24,170,132,0,12,6,50,134,216,253,0,253,86,253,164,253,80,254,0,254,215,168,168,215,0,0,1,4,4,1,0,0,0,0,200,200,200,200,255,255,255,255,255,255,255,0,0,0,0,3,0,0,0,0,0,0,0,0,0,0,76,0,0,0,0,101,96,48,32,13,10,0,0,0,0,0,0,0,0,0,8,8,0,4,0,0,0,60,0,255,255,0,60,0,0,0,0,0,0,12,0,0,0,0,0,0,0,0,0,96,7,0,3,132,215,254,214,244
2026-08-07_10-37-20,1,31,0,0.0,0,0.0,3,3,0,175,170,0,15,0,255,26,175,144,24,170,132,0,12,6,50,134,216,253,0,253,86,253,164,253,80,254,0,254,215,168,168,215,0,0,1,4,4,1,0,0,0,0,200,200,200,200,255,255,255,255,255,255,255,0,0,0,0,3,0,0,0,0,0,0,0,0,0,0,76,0,0,0,0,101,96,48,32,13,10,0,0,0,0,0,0,0,0,0,8,8,0,4,0,0,0,60,0,255,255,0,60,0,0,0,0,0,0,12,0,0,0,0,0,0,0,0,0,96,7,0,3,132,215,254,214,244,0,179,87,0,15,0,255,26,175,144,24,170,132,0,12,6,50,134,230,253,27,253,115,253,192,253,80,254,0,254,217,166,166,217,0,0,1,4,4,1,0,0,0,0,200,200,200,200,255,255,255,255,255,255,255,0,0,0,0,3,0,0,0,0,0,0,0,0,0,0,76,0,0,0,0,101,96,48,32,9,2,0,0,0,0,0,0,0,0,2,10,10,2,3,2,0,2,60,0,255,255,0,60,0,0,0,0,0,0,12,0,0,0,0,0,0,0,0,0,96,7,0,3,132,215,254,214,244
2026-08-07_10-37-20,1,32,1,0.0,0,0.0,3,3,0,179,87,0,15,0,255,26,175,144,24,170,132,0,12,6,50,134,230,253,27,253,115,253,192,253,80,254,0,254,217,166,166,217,0,0,1,4,4,1,0,0,0,0,200,200,200,200,255,255,255,255,255,255,255,0,0,0,0,3,0,0,0,0,0,0,0,0,0,0,76,0,0,0,0,101,96,48,32,9,2,0,0,0,0,0,0,0,0,2,10,10,2,3,2,0,2,60,0,255,255,0,60,0,0,0,0,0,0,12,0,0,0,0,0,0,0,0,0,96,7,0,3,132,215,254,214,244,0,183,87,0,15,0,255,26,175,144,24,170,132,0,12,6,50,134,229,253,27,253,115,253,178,253,80,254,0,254,218,165,165,218,0,0,1,4,4,1,0,0,0,0,200,200,200,200,255,255,255,255,255,255,255,0,0,0,0,3,0,0,0,0,0,0,0,0,0,0,76,0,0,0,0,101,96,48,32,5,10,0,0,0,0,0,0,0,0,2,10,10,2,2,2,0,1,60,0,255,255,0,60,99,0,0,0,0,0,16,0,0,0,0,0,0,0,0,0,96,7,0,3,132,215,254,214,244
2026-08-07_10-37-20,1,33,1,0.0,0,0.0,3,3,0,183,87,0,15,0,255,26,175,144,24,170,132,0,12,6,50,134,229,253,27,253,115,253,178,253,80,254,0,254,218,165,165,218,0,0,1,4,4,1,0,0,0,0,200,200,200,200,255,255,255,255,255,255,255,0,0,0,0,3,0,0,0,0,0,0,0,0,0,0,76,0,0,0,0,101,96,48,32,5,10,0,0,0,0,0,0,0,0,2,10,10,2,2,2,0,1,60,0,255,255,0,60,99,0,0,0,0,0,16,0,0,0,0,0,0,0,0,0,96,7,0,3,132,215,254,214,244,0,187,191,0,15,0,255,26,175,144,24,170,132,0,12,6,50,134,228,253,13,253,100,253,164,253,80,254,0,254,220,163,163,220,0,0,1,4,4,1,0,0,0,0,200,200,200,200,255,255,255,255,255,255,255,0,0,0,0,3,0,0,0,0,0,0,0,0,0,0,76,0,0,0,0,101,96,48,32,1,2,0,0,0,0,0,0,0,0,1,9,9,1,1,1,0,0,60,0,255,255,0,60,119,0,0,0,0,0,15,0,0,0,0,0,0,0,0,0,96,7,0,3,132,215,254,214,244
2026-08-07_10-37-20,1,34,1,0.0,0,0.0,3,3,0,187,191,0,15,0,255,26,175,144,24,170,132,0,12,6,50,134,228,253,13,253,100,253,164,253,80,254,0,254,220,163,163,220,0,0,1,4,4,1,0,0,0,0,200,200,200,200,255,255,255,255,255,255,255,0,0,0,0,3,0,0,0,0,0,0,0,0,0,0,76,0,0,0,0,101,96,48,32,1,2,0,0,0,0,0,0,0,0,1,9,9,1,1,1,0,0,60,0,255,255,0,60,119,0,0,0,0,0,15,0,0,0,0,0,0,0,0,0,96,7,0,3,132,215,254,214,244,0,191,191,0,15,0,255,26,175,144,24,170,132,0,12,6,50,134,227,253,13,253,100,253,192,253,80,254,0,254,221,162,162,221,0,0,1,4,4,1,0,0,0,0,200,200,200,200,255,255,255,255,255,255,255,0,0,0,0,3,0,0,0,0,0,0,0,0,0,0,76,0,0,0,0,101,96,48,32,13,10,0,0,0,0,0,0,0,0,1,9,9,1,0,1,0,2,60,0,255,255,0,60,139,0,0,0,0,0,14,0,0,0,0,0,0,0,0,0,96,7,0,3,132,215,254,214,244
2026-08-07_10-37-20,1,35,1,0.0,0,0.0,3,3,0,191,191,0,15,0,255,26,175,144,24,170,132,0,12,6,50,134,227,253,13,253,100,253,192,253,80,254,0,254,221,162,162,221,0,0,1,4,4,1,0,0,0,0,200,200,200,200,255,255,255,255,255,255,255,0,0,0,0,3,0,0,0,0,0,0,0,0,0,0,76,0,0,0,0,101,96,48,32,13,10,0,0,0,0,0,0,0,0,1,9,9,1,0,1,0,2,60,0,255,255,0,60,139,0,0,0,0,0,14,0,0,0,0,0,0,0,0,0,96,7,0,3,132,215,254,214,244,0,195,250,0,15,0,255,26,175,144,24,170,132,0,12,6,50,134,212,253,0,253,86,253,178,253,80,254,0,254,223,160,160,223,0,0,1,4,4,1,0,0,0,0,200,200,200,200,255,255,255,255,255,255,255,0,0,0,0,3,0,0,0,0,0,0,0,0,0,0,76,0,0,0,0,101,96,48,32,9,2,0,0,0,0,0,0,0,0,0,8,8,0,0,0,0,1,60,0,255,255,0,59,159,0,0,0,0,0,13,0,0,0,0,0,0,0,0,0,96,7,0,3,132,215,254,214,244
2026-08-07_10-37-20,1,36,0,0.0,0,0.0,3,3,0,195,250,0,15,0,255,26,175,144,24,170,132,0,12,6,50,134,212,253,0,253,86,253,178,253,80,254,0,254,223,160,160,223,0,0,1,4,4,1,0,0,0,0,200,200,200,200,255,255,255,255,255,255,255,0,0,0,0,3,0,0,0,0,0,0,0,0,0,0,76,0,0,0,0,101,96,48,32,9,2,0,0,0,0,0,0,0,0,0,8,8,0,0,0,0,1,60,0,255,255,0,59,159,0,0,0,0,0,13,0,0,0,0,0,0,0,0,0,96,7,0,3,132,215,254,214,244,0,199,250,0,15,0,255,26,175,144,24,170,132,0,12,6,50,134,213,253,0,253,86,253,164,253,80,254,0,254,224,159,159,224,0,0,1,4,4,1,1,4,4,1,200,200,200,200,255,255,255,255,255,255,255,0,0,0,0,3,0,0,0,0,0,0,0,0,0,0,76,0,0,0,0,101,96,48,32,5,10,0,0,0,0,0,0,0,0,0,8,8,0,1,0,0,0,60,0,255,255,0,59,0,0,0,0,0,0,12,0,0,0,0,0,0,0,0,0,96,7,0,3,132,215,254,214,244
2026-08-07_10-37-20,1,37,0,0.0,0,0.0,3,3,0,199,250,0,15,0,255,26,175,144,24,170,132,0,12,6,50,134,213,253,0,253,86,253,164,253,80,254,0,254,224,159,159,224,0,0,1,4,4,1,1,4,4,1,200,200,200,200,255,255,255,255,255,255,255,0,0,0,0,3,0,0,0,0,0,0,0,0,0,0,76,0,0,0,0,101,96,48,32,5,10,0,0,0,0,0,0,0,0,0,8,8,0,1,0,0,0,60,0,255,255,0,59,0,0,0,0,0,0,12,0,0,0,0,0,0,0,0,0,96,7,0,3,132,215,254,214,244,0,203,209,0,15,0,255,26,175,144,24,170,132,0,12,6,50,134,229,253,27,253,115,253,192,253,80,254,0,254,226,157,157,226,0,0,1,4,4,1,1,4,4,1,200,200,200,200,255,255,255,255,255,255,255,0,0,0,0,3,0,0,0,0,0,0,0,0,0,0,76,0,0,0,0,101,64,48,32,1,2,0,0,0,0,0,0,0,0,2,10,10,2,2,2,0,2,60,0,255,255,0,59,0,0,0,0,0,0,12,0,0,0,0,0,0,0,0,0,96,7,0,3,132,215,254,214,244
2026-08-07_10-37-20,1,38,0,0.0,0,0.0,3,3,0,203,209,0,15,0,255,26,175,144,24,170,132,0,12,6,50,134,229,253,27,253,115,253,192,253,80,254,0,254,226,157,157,226,0,0,1,4,4,1,1,4,4,1,200,200,200,200,255,255,255,255,255,255,255,0,0,0,0,3,0,0,0,0,0,0,0,0,0,0,76,0,0,0,0,101,64,48,32,1,2,0,0,0,0,0,0,0,0,2,10,10,2,2,2,0,2,60,0,255,255,0,59,0,0,0,0,0,0,12,0,0,0,0,0,0,0,0,0,96,7,0,3,132,215,254,214,244,0,207,209,0,15,0,255,26,175,144,24,170,132,0,12,6,50,134,230,253,27,253,115,253,178,253,80,254,0,254,227,156,156,227,0,0,1,4,4,1,1,4,4,1,200,200,200,200,255,255,255,255,255,255,255,0,0,0,0,3,0,0,0,0,0,0,0,0,0,0,76,0,0,0,0,101,48,48,32,13,10,0,0,0,0,0,0,0,0,2,10,10,2,3,2,0,1,60,0,255,255,0,59,0,0,0,0,0,0,12,0,0,0,0,0,0,0,0,0,96,7,0,3,132,215,254,214,244
2026-08-07_10-37-20,1,39,0,0.0,0,0.0,3,3,0,207,209,0,15,0,255,26,175,144,24,170,132,0,12,6,50,134,230,253,27,253,115,253,178,253,80,254,0,254,227,156,156,227,0,0,1,4,4,1,1,4,4,1,200,200,200,200,255,255,255,255,255,255,255,0,0,0,0,3,0,0,0,0,0,0,0,0,0,0,76,0,0,0,0,101,48,48,32,13,10,0,0,0,0,0,0,0,0,2,10,10,2,3,2,0,1,60,0,255,255,0,59,0,0,0,0,0,0,12,0,0,0,0,0,0,0,0,0,96,7,0,3,132,215,254,214,244,0,211,138,0,15,0,255,26,175,144,24,170,132,0,12,6,50,134,231,253,13,253,100,253,164,253,80,254,0,254,229,154,154,229,0,0,1,4,4,1,1,4,4,1,200,200,200,200,255,255,255,255,255,255,255,0,0,0,0,3,0,0,0,0,0,0,0,0,0,0,76,0,0,0,0,101,16,48,32,9,2,0,0,0,0,0,0,0,0,1,9,9,1,4,1,0,0,60,0,255,255,0,59,0,0,0,0,0,0,12,0,0,0,0,0,0,0,0,0,96,7,0,3,132,215,254,214,244
2026-08-07_10-37-20,1,40,0,0.0,0,0.0,3,3,0,211,138,0,15,0,255,26,175,144,24,170,132,0,12,6,50,134,231,253,13,253,100,253,164,253,80,254,0,254,229,154,154,229,0,0,1,4,4,1,1,4,4,1,200,200,200,200,255,255,255,255,255,255,255,0,0,0,0,3,0,0,0,0,0,0,0,0,0,0,76,0,0,0,0,101,16,48,32,9,2,0,0,0,0,0,0,0,0,1,9,9,1,4,1,0,0,60,0,255,255,0,59,0,0,0,0,0,0,12,0,0,0,0,0,0,0,0,0,96,7,0,3,132,215,254,214,244,0,215,138,0,15,0,255,26,175,144,24,170,132,0,12,6,50,134,232,253,13,253,100,253,192,253,80,254,0,254,230,153,153,230,0,0,1,4,4,1,1,4,4,1,200,200,200,200,255,255,255,255,255,255,255,0,0,0,0,3,0,0,0,0,0,0,0,0,0,0,76,0,0,0,0,101,0,48,32,5,10,0,0,0,0,0,0,0,0,1,9,9,1,5,1,0,2,60,0,255,255,0,59,0,0,0,0,0,0,12,0,0,0,0,0,0,0,0,0,96,7,0,3,132,215,254,214,244
2026-08-07_10-37-20,1,41,5,0.0,0,0.0,3,3,0,215,138,0,15,0,255,26,175,144,24,170,132,0,12,6,50,134,232,253,13,253,100,253,192,253,80,254,0,254,230,153,153,230,0,0,1,4,4,1,1,4,4,1,200,200,200,200,255,255,255,255,255,255,255,0,0,0,0,3,0,0,0,0,0,0,0,0,0,0,76,0,0,0,0,101,0,48,32,5,10,0,0,0,0,0,0,0,0,1,9,9,1,5,1,0,2,60,0,255,255,0,59,0,0,0,0,0,0,12,0,0,0,0,0,0,0,0,0,96,7,0,3,132,215,254,214,244,0,219,86,0,13,0,255,26,175,144,24,170,132,0,12,6,50,134,218,253,0,253,86,253,178,253,80,254,0,254,232,151,151,232,0,0,1,4,4,1,1,4,4,1,200,200,200,200,255,255,255,255,255,255,255,0,0,0,0,3,0,0,0,0,0,0,0,0,0,0,76,0,0,0,0,101,224,48,32,1,2,0,0,0,0,0,0,0,0,0,8,8,0,6,0,0,1,64,0,255,255,0,59,0,0,0,0,0,0,12,0,0,0,0,0,0,0,0,0,96,7,0,3,132,215,254,214,244
2026-08-07_10-37-20,1,42,5,0.0,0,0.0,3,3,0,219,86,0,13,0,255,26,175,144,24,170,132,0,12,6,50,134,218,253,0,253,86,253,178,253,80,254,0,254,232,151,151,232,0,0,1,4,4,1,1,4,4,1,200,200,200,200,255,255,255,255,255,255,255,0,0,0,0,3,0,0,0,0,0,0,0,0,0,0,76,0,0,0,0,101,224,48,32,1,2,0,0,0,0,0,0,0,0,0,8,8,0,6,0,0,1,64,0,255,255,0,59,0,0,0,0,0,0,12,0,0,0,0,0,0,0,0,0,96,7,0,3,132,215,254,214,244,0,223,86,0,13,0,255,26,175,144,24,170,132,0,12,6,50,134,219,253,0,253,86,253,164,253,80,254,0,254,233,150,150,233,0,0,1,4,4,1,1,4,4,1,200,200,200,200,255,255,255,255,255,255,255,0,0,0,0,3,0,0,0,0,0,0,0,0,0,0,76,0,0,0,0,101,208,48,32,13,10,0,0,0,0,0,0,0,0,0,8,8,0,7,0,0,0,68,0,255,255,0,59,0,0,0,0,0,0,12,0,0,0,0,0,0,0,0,0,96,7,0,3,132,215,254,214,244
2026-08-07_10-37-20,1,43,5,0.0,0,0.0,3,3,0,223,86,0,13,0,255,26,175,144,24,170,132,0,12,6,50,134,219,253,0,253,86,253,164,253,80,254,0,254,233,150,150,233,0,0,1,4,4,1,1,4,4,1,200,200,200,200,255,255,255,255,255,255,255,0,0,0,0,3,0,0,0,0,0,0,0,0,0,0,76,0,0,0,0,101,208,48,32,13,10,0,0,0,0,0,0,0,0,0,8,8,0,7,0,0,0,68,0,255,255,0,59,0,0,0,0,0,0,12,0,0,0,0,0,0,0,0,0,96,7,0,3,132,215,254,214,244,0,227,183,0,13,0,255,26,175,144,24,170,132,0,12,6,50,134,234,253,27,253,115,253,192,253,80,254,0,254,235,148,148,235,0,0,1,4,4,1,1,4,4,1,200,200,200,200,255,255,255,255,255,255,255,0,0,0,0,3,0,0,0,0,0,0,0,0,0,0,76,0,0,0,0,101,176,48,32,9,2,0,0,0,0,0,0,0,0,2,10,10,2,7,2,0,2,72,0,255,255,0,58,0,0,0,0,0,0,12,0,0,0,0,0,0,0,0,0,96,7,0,3,132,215,254,214,244
2026-08-07_10-37-20,1,44,5,0.0,0,0.0,3,3,0,227,183,0,13,0,255,26,175,144,24,170,132,0,12,6,50,134,234,253,27,253,115,253,192,253,80,254,0,254,235,148,148,235,0,0,1,4,4,1,1,4,4,1,200,200,200,200,255,255,255,255,255,255,255,0,0,0,0,3,0,0,0,0,0,0,0,0,0,0,76,0,0,0,0,101,176,48,32,9,2,0,0,0,0,0,0,0,0,2,10,10,2,7,2,0,2,72,0,255,255,0,58,0,0,0,0,0,0,12,0,0,0,0,0,0,0,0,0,96,7,0,3,132,215,254,214,244,0,231,183,0,13,0,255,26,175,144,24,170,132,0,12,6,50,134,233,253,27,253,115,253,178,253,80,254,0,254,236,147,147,236,0,0,1,4,4,1,1,4,4,1,200,200,200,200,255,255,255,255,255,255,255,0,0,0,0,3,0,0,0,0,0,0,0,0,0,0,76,0,0,0,0,101,160,48,32,5,10,0,0,0,0,0,0,0,0,2,10,10,2,6,2,0,1,76,0,255,255,0,58,0,0,0,0,0,0,12,0,0,0,0,0,0,0,0,0,96,7,0,3,132,215,254,214,244
2026-08-07_10-37-20,1,45,5,0.0,0,0.0,3,3,0,231,183,0,13,0,255,26,175,144,24,170,132,0,12,6,50,134,233,253,27,253,115,253,178,253,80,254,0,254,236,147,147,236,0,0,1,4,4,1,1,4,4,1,200,200,200,200,255,255,255,255,255,255,255,0,0,0,0,3,0,0,0,0,0,0,0,0,0,0,76,0,0,0,0,101,160,48,32,5,10,0,0,0,0,0,0,0,0,2,10,10,2,6,2,0,1,76,0,255,255,0,58,0,0,0,0,0,0,12,0,0,0,0,0,0,0,0,0,96,7,0,3,132,215,254,214,244,0,235,184,0,15,0,255,26,175,144,24,170,132,0,12,6,50,134,232,253,13,253,100,253,164,253,80,254,0,254,238,145,145,238,0,0,1,4,4,1,1,4,4,1,200,200,200,200,255,255,255,255,255,255,255,0,0,0,0,3,0,0,0,0,0,0,0,0,0,0,76,0,0,0,0,101,113,48,32,1,2,0,0,0,0,0,0,0,0,1,9,9,1,5,1,0,0,79,0,255,255,0,58,0,0,0,0,0,0,12,0,0,0,0,0,0,0,0,0,96,7,0,3,132,215,254,214,244
2026-08-07_10-37-20,1,46,0,0.0,0,0.0,3,3,0,235,184,0,15,0,255,26,175,144,24,170,132,0,12,6,50,134,232,253,13,253,100,253,164,253,80,254,0,254,238,145,145,238,0,0,1,4,4,1,1,4,4,1,200,200,200,200,255,255,255,255,255,255,255,0,0,0,0,3,0,0,0,0,0,0,0,0,0,0,76,0,0,0,0,101,113,48,32,1,2,0,0,0,0,0,0,0,0,1,9,9,1,5,1,0,0,79,0,255,255,0,58,0,0,0,0,0,0,12,0,0,0,0,0,0,0,0,0,96,7,0,3,132,215,254,214,244,0,239,184,0,15,0,255,26,175,144,24,170,132,0,12,6,50,134,231,253,13,253,100,253,192,253,80,254,0,254,239,144,144,239,0,0,1,4,4,1,1,4,4,1,200,200,200,200,255,255,255,255,255,255,255,0,0,0,0,3,0,0,0,0,0,0,0,0,0,0,76,0,0,0,0,101,97,48,32,13,10,0,0,0,0,0,0,0,0,1,9,9,1,4,1,0,2,79,0,255,255,0,58,0,0,0,0,0,0,12,0,0,0,0,0,0,0,0,0,96,7,0,3,132,215,254,214,244
2026-08-07_10-37-20,1,47,0,0.0,0,0.0,3,3,0,239,184,0,15,0,255,26,175,144,24,170,132,0,12,6,50,134,231,253,13,253,100,253,192,253,80,254,0,254,239,144,144,239,0,0,1,4,4,1,1,4,4,1,200,200,200,200,255,255,255,255,255,255,255,0,0,0,0,3,0,0,0,0,0,0,0,0,0,0,76,0,0,0,0,101,97,48,32,13,10,0,0,0,0,0,0,0,0,1,9,9,1,4,1,0,2,79,0,255,255,0,58,0,0,0,0,0,0,12,0,0,0,0,0,0,0,0,0,96,7,0,3,132,215,254,214,244,0,243,195,0,15,0,255,26,175,144,24,170,132,0,12,6,50,134,215,253,0,253,86,253,178,253,80,254,0,254,241,142,142,241,0,0,1,4,4,1,1,4,4,1,200,200,200,200,255,255,255,255,255,255,255,0,0,0,0,3,0,0,0,0,0,0,0,0,0,0,76,0,0,0,0,101,65,48,32,9,2,0,0,0,0,0,0,0,0,0,8,8,0,3,0,0,1,79,0,255,255,0,58,94,0,0,0,0,0,16,0,0,0,0,0,0,0,0,0,96,7,0,3,132,215,254,214,244
2026-08-07_10-37-20,1,48,1,0.0,0,0.0,3,3,0,243,195,0,15,0,255,26,175,144,24,170,132,0,12,6,50,134,215,253,0,253,86,253,178,253,80,254,0,254,241,142,142,241,0,0,1,4,4,1,1,4,4,1,200,200,200,200,255,255,255,255,255,255,255,0,0,0,0,3,0,0,0,0,0,0,0,0,0,0,76,0,0,0,0,101,65,48,32,9,2,0,0,0,0,0,0,0,0,0,8,8,0,3,0,0,1,79,0,255,255,0,58,94,0,0,0,0,0,16,0,0,0,0,0,0,0,0,0,96,7,0,3,132,215,254,214,244,0,247,195,0,15,0,255,26,175,144,24,170,132,0,12,6,50,134,214,253,0,253,86,253,164,253,80,254,0,254,242,141,141,242,0,0,1,4,4,1,1,4,4,1,200,200,200,200,255,255,255,255,255,255,255,0,0,0,0,3,0,0,0,0,0,0,0,0,0,0,76,0,0,0,0,101,49,48,32,5,10,0,0,0,0,0,0,0,0,0,8,8,0,2,0,0,0,79,0,255,255,0,58,114,0,0,0,0,0,15,0,0,0,0,0,0,0,0,0,96,7,0,3,132,215,254,214,244
2026-08-07_10-37-20,1,49,1,0.0,0,0.0,3,3,0,247,195,0,15,0,255,26,175,144,24,170,132,0,12,6,50,134,214,253,0,253,86,253,164,253,80,254,0,254,242,141,141,242,0,0,1,4,4,1,1,4,4,1,200,200,200,200,255,255,255,255,255,255,255,0,0,0,0,3,0,0,0,0,0,0,0,0,0,0,76,0,0,0,0,101,49,48,32,5,10,0,0,0,0,0,0,0,0,0,8,8,0,2,0,0,0,79,0,255,255,0,58,114,0,0,0,0,0,15,0,0,0,0,0,0,0,0,0,96,7,0,3,132,215,254,214,244,0,251,30,0,15,0,255,26,175,144,24,170,132,0,12,6,50,134,228,253,27,253,115,253,192,253,80,254,0,254,244,139,139,244,0,0,1,4,4,1,1,4,4,1,200,200,200,200,255,255,255,255,1,255,255,0,0,0,0,3,0,0,0,0,0,0,0,0,0,0,76,0,0,0,0,101,17,48,32,1,2,0,0,0,0,0,0,0,0,2,10,10,2,1,2,0,2,79,0,255,255,0,58,134,0,0,0,0,0,14,0,0,0,0,0,0,0,0,0,96,7,0,3,132,215,254,214,244
2026-08-07_10-37-20,1,50,1,20.0,0,20.0,3,3,0,251,30,0,15,0,255,26,175,144,24,170,132,0,12,6,50,134,228,253,27,253,115,253,192,253,80,254,0,254,244,139,139,244,0,0,1,4,4,1,1,4,4,1,200,200,200,200,255,255,255,255,1,255,255,0,0,0,0,3,0,0,0,0,0,0,0,0,0,0,76,0,0,0,0,101,17,48,32,1,2,0,0,0,0,0,0,0,0,2,10,10,2,1,2,0,2,79,0,255,255,0,58,134,0,0,0,0,0,14,0,0,0,0,0,0,0,0,0,96,7,0,3,132,215,254,214,244,0,255,30,0,15,0,255,26,175,144,24,170,132,0,12,6,50,134,227,253,27,253,115,253,178,253,16,254,0,254,245,214,138,245,0,0,1,4,4,1,1,0,4,1,200,200,200,200,255,255,255,255,255,255,255,0,0,0,32,3,0,0,0,0,0,0,0,0,0,0,76,0,0,0,0,101,1,48,32,13,10,0,0,0,0,0,0,0,0,2,10,10,2,0,2,0,1,79,0,255,255,0,58,104,0,0,0,12,0,15,0,0,0,0,0,0,0,0,0,96,7,0,3,132,215,254,214,244
2026-08-07_10-37-20,1,51,0,0.0,0,20.0,3,3,0,255,30,0,15,0,255,26,175,144,24,170,132,0,12,6,50,134,227,253,27,253,115,253,178,253,16,254,0,254,245,214,138,245,0,0,1,4,4,1,1,0,4,1,200,200,200,200,255,255,255,255,255,255,255,0,0,0,32,3,0,0,0,0,0,0,0,0,0,0,76,0,0,0,0,101,1,48,32,13,10,0,0,0,0,0,0,0,0,2,10,10,2,0,2,0,1,79,0,255,255,0,58,104,0,0,0,12,0,15,0,0,0,0,0,0,0,0,0,96,7,0,3,132,215,254,214,244,0,3,247,0,15,0,255,26,175,144,24,170,132,0,12,6,50,134,227,253,13,253,100,253,164,253,16,254,0,254,247,212,136,247,1,0,1,4,4,1,1,0,4,1,200,200,200,200,255,255,255,255,255,255,255,0,0,0,32,3,0,0,0,0,0,0,0,0,0,0,76,0,0,0,0,101,225,48,32,9,2,0,0,0,0,0,0,0,0,1,9,9,1,0,1,0,0,79,0,255,255,0,57,124,0,0,0,8,0,14,0,0,0,0,0,0,0,0,0,96,7,0,3,132,215,254,214,244
2026-08-07_10-37-20,1,52,0,0.0,0,20.0,3,3,0,3,247,0,15,0,255,26,175,144,24,170,132,0,12,6,50,134,227,253,13,253,100,253,164,253,16,254,0,254,247,212,136,247,1,0,1,4,4,1,1,0,4,1,200,200,200,200,255,255,255,255,255,255,255,0,0,0,32,3,0,0,0,0,0,0,0,0,0,0,76,0,0,0,0,101,225,48,32,9,2,0,0,0,0,0,0,0,0,1,9,9,1,0,1,0,0,79,0,255,255,0,57,124,0,0,0,8,0,14,0,0,0,0,0,0,0,0,0,96,7,0,3,132,215,254,214,244,0,7,247,0,15,0,255,26,175,144,24,170,132,0,12,6,50,134,228,253,13,253,100,253,192,253,16,254,0,254,248,211,135,248,1,0,1,4,4,1,1,0,4,1,200,200,200,200,255,255,255,255,255,255,255,0,0,0,32,3,0,0,0,0,0,0,0,0,0,0,76,0,0,0,0,101,209,48,32,5,10,0,0,0,0,0,0,0,0,1,9,9,1,1,1,0,2,79,0,255,255,0,57,144,0,0,0,4,0,13,0,0,0,0,0,0,0,0,0,96,7,0,3,132,215,254,214,244
2026-08-07_10-37-20,1,53,0,0.0,0,20.0,3,3,0,7,247,0,15,0,255,26,175,144,24,170,132,0,12,6,50,134,228,253,13,253,100,253,192,253,16,254,0,254,248,211,135,248,1,0,1,4,4,1,1,0,4,1,200,200,200,200,255,255,255,255,255,255,255,0,0,0,32,3,0,0,0,0,0,0,0,0,0,0,76,0,0,0,0,101,209,48,32,5,10,0,0,0,0,0,0,0,0,1,9,9,1,1,1,0,2,79,0,255,255,0,57,144,0,0,0,4,0,13,0,0,0,0,0,0,0,0,0,96,7,0,3,132,215,254,214,244,0,11,186,0,15,0,255,26,175,144,24,170,132,0,12,6,50,134,214,253,0,253,86,253,178,253,16,254,0,254,250,209,133,250,1,0,1,4,4,1,1,0,4,1,200,200,200,200,255,255,255,255,255,255,255,0,0,0,32,3,0,0,0,0,0,0,0,0,0,0,76,0,0,0,0,101,177,48,32,1,2,0,0,0,0,0,0,0,0,0,8,8,0,2,0,0,1,79,0,255,255,0,57,0,0,0,0,0,0,12,0,0,0,0,0,0,0,0,0,96,7,0,3,132,215,254,214,244
2026-08-07_10-37-20,1,54,0,0.0,0,20.0,3,3,0,11,186,0,15,0,255,26,175,144,24,170,132,0,12,6,50,134,214,253,0,253,86,253,178,253,16,254,0,254,250,209,133,250,1,0,1,4,4,1,1,0,4,1,200,200,200,200,255,255,255,255,255,255,255,0,0,0,32,3,0,0,0,0,0,0,0,0,0,0,76,0,0,0,0,101,177,48,32,1,2,0,0,0,0,0,0,0,0,0,8,8,0,2,0,0,1,79,0,255,255,0,57,0,0,0,0,0,0,12,0,0,0,0,0,0,0,0,0,96,7,0,3,132,215,254,214,244,0,15,186,0,15,0,255,26,175,144,24,170,132,0,12,6,50,134,215,253,0,253,86,253,164,253,16,254,0,254,251,208,132,251,1,0,1,4,4,1,1,0,4,1,200,200,200,200,255,255,255,255,255,255,255,0,0,0,32,3,0,0,0,0,0,0,0,0,0,0,76,0,0,0,0,101,161,48,32,13,10,0,0,0,0,0,0,0,0,0,8,8,0,3,0,0,0,79,0,255,255,0,57,0,0,0,0,0,0,12,0,0,0,0,0,0,0,0,0,96,7,0,3,132,215,254,214,244
2026-08-07_10-37-20,1,55,0,0.0,0,20.0,3,3,0,15,186,0,15,0,255,26,175,144,24,170,132,0,12,6,50,134,215,253,0,253,86,253,164,253,16,254,0,254,251,208,132,251,1,0,1,4,4,1,1,0,4,1,200,200,200,200,255,255,255,255,255,255,255,0,0,0,32,3,0,0,0,0,0,0,0,0,0,0,76,0,0,0,0,101,161,48,32,13,10,0,0,0,0,0,0,0,0,0,8,8,0,3,0,0,0,79,0,255,255,0,57,0,0,0,0,0,0,12,0,0,0,0,0,0,0,0,0,96,7,0,3,132,215,254,214,244,0,19,211,0,15,0,255,26,175,144,24,170,132,0,12,6,50,134,231,253,27,253,115,253,192,253,16,254,0,254,253,206,130,253,1,0,1,4,4,1,1,0,4,1,200,200,200,200,255,255,255,255,255,255,255,0,0,0,32,3,0,0,0,0,0,0,0,0,0,0,76,0,0,0,0,101,114,48,32,9,2,0,0,0,0,0,0,0,0,2,10,10,2,4,2,0,2,79,0,255,255,0,57,0,0,0,0,0,0,12,0,0,0,0,0,0,0,0,0,96,7,0,3,132,215,254,214,244
2026-08-07_10-37-20,1,56,0,0.0,0,20.0,3,3,0,19,211,0,15,0,255,26,175,144,24,170,132,0,12,6,50,134,231,253,27,253,115,253,192,253,16,254,0,254,253,206,130,253,1,0,1,4,4,1,1,0,4,1,200,200,200,200,255,255,255,255,255,255,255,0,0,0,32,3,0,0,0,0,0,0,0,0,0,0,76,0,0,0,0,101,114,48,32,9,2,0,0,0,0,0,0,0,0,2,10,10,2,4,2,0,2,79,0,255,255,0,57,0,0,0,0,0,0,12,0,0,0,0,0,0,0,0,0,96,7,0,3,132,215,254,214,244,0,23,211,0,14,0,255,26,175,144,24,170,132,0,12,6,50,134,232,253,27,253,115,253,178,253,16,254,0,254,254,205,129,254,0,0,1,4,4,1,1,0,4,1,200,200,200,200,255,255,255,255,255,255,255,0,0,0,32,3,0,0,0,0,0,0,0,0,0,0,76,0,0,0,0,101,98,48,32,5,10,0,0,0,0,0,0,0,0,2,10,10,2,5,2,0,1,77,0,255,255,0,57,0,0,0,0,0,0,12,0,0,0,0,0,0,0,0,0,96,7,0,3,132,215,254,214,244
2026-08-07_10-37-20,1,57,2,0.0,0,20.0,3,3,0,23,211,0,14,0,255,26,175,144,24,170,132,0,12,6,50,134,232,253,27,253,115,253,178,253,16,254,0,254,254,205,129,254,0,0,1,4,4,1,1,0,4,1,200,200,200,200,255,255,255,255,255,255,255,0,0,0,32,3,0,0,0,0,0,0,0,0,0,0,76,0,0,0,0,101,98,48,32,5,10,0,0,0,0,0,0,0,0,2,10,10,2,5,2,0,1,77,0,255,255,0,57,0,0,0,0,0,0,12,0,0,0,0,0,0,0,0,0,96,7,0,3,132,215,254,214,244,0,27,154,0,14,0,255,26,175,144,24,170,132,0,12,6,50,134,233,253,13,253,100,253,164,253,16,254,0,254,0,203,127,0,0,0,1,4,4,1,1,0,4,1,200,200,200,200,255,255,255,255,255,255,255,0,0,0,32,3,0,0,0,0,0,0,0,0,0,0,76,0,0,0,0,101,66,48,32,1,2,0,0,0,0,0,0,0,0,1,9,9,1,6,1,0,0,73,0,255,255,0,57,0,0,0,0,0,0,12,0,0,0,0,0,0,0,0,0,96,7,0,3,132,215,254,214,244
2026-08-07_10-37-20,1,58,2,0.0,0,20.0,3,3,0,27,154,0,14,0,255,26,175,144,24,170,132,0,12,6,50,134,233,253,13,253,100,253,164,253,16,254,0,254,0,203,127,0,0,0,1,4,4,1,1,0,4,1,200,200,200,200,255,255,255,255,255,255,255,0,0,0,32,3,0,0,0,0,0,0,0,0,0,0,76,0,0,0,0,101,66,48,32,1,2,0,0,0,0,0,0,0,0,1,9,9,1,6,1,0,0,73,0,255,255,0,57,0,0,0,0,0,0,12,0,0,0,0,0,0,0,0,0,96,7,0,3,132,215,254,214,244,0,31,154,0,14,0,255,26,175,144,24,170,132,0,12,6,50,134,234,253,13,253,100,253,192,253,16,254,0,254,1,202,126,1,0,0,1,4,4,1,1,0,4,1,200,200,200,200,255,255,255,255,255,255,255,0,0,0,32,3,0,0,0,0,0,0,0,0,0,0,76,0,0,0,0,101,50,48,32,13,10,0,0,0,0,0,0,0,0,1,9,9,1,7,1,0,2,69,0,255,255,0,57,0,0,0,0,0,0,12,0,0,0,0,0,0,0,0,0,96,7,0,3,132,215,254,214,244
2026-08-07_10-37-20,1,59,0,0.0,0,20.0,3,3,0,31,154,0,14,0,255,26,175,144,24,170,132,0,12,6,50,134,234,253,13,253,100,253,192,253,16,254,0,254,1,202,126,1,0,0,1,4,4,1,1,0,4,1,200,200,200,200,255,255,255,255,255,255,255,0,0,0,32,3,0,0,0,0,0,0,0,0,0,0,76,0,0,0,0,101,50,48,32,13,10,0,0,0,0,0,0,0,0,1,9,9,1,7,1,0,2,69,0,255,255,0,57,0,0,0,0,0,0,12,0,0,0,0,0,0,0,0,0,96,7,0,3,132,215,254,214,244,0,35,210,0,15,0,255,26,175,144,24,170,132,0,12,6,50,134,219,253,0,253,86,253,178,253,16,254,0,254,3,200,124,3,0,0,1,4,4,1,1,0,4,1,200,200,200,200,255,255,255,255,255,255,255,0,0,0,32,3,0,0,0,0,0,0,0,0,0,0,76,0,0,0,0,101,18,48,32,9,2,0,0,0,0,0,0,0,0,0,8,8,0,7,0,0,1,69,0,255,255,0,56,0,0,0,0,0,0,12,0,0,0,0,0,0,0,0,0,96,7,0,3,132,215,254,214,244
2026-08-07_10-37-20,1,60,0,0.0,0,20.0,3,3,0,35,210,0,15,0,255,26,175,144,24,170,132,0,12,6,50,134,219,253,0,253,86,253,178,253,16,254,0,254,3,200,124,3,0,0,1,4,4,1,1,0,4,1,200,200,200,200,255,255,255,255,255,255,255,0,0,0,32,3,0,0,0,0,0,0,0,0,0,0,76,0,0,0,0,101,18,48,32,9,2,0,0,0,0,0,0,0,0,0,8,8,0,7,0,0,1,69,0,255,255,0,56,0,0,0,0,0,0,12,0,0,0,0,0,0,0,0,0,96,7,0,3,132,215,254,214,244,0,39,210,0,15,0,255,26,175,144,24,170,132,0,12,6,50,134,218,253,0,253,86,253,164,253,16,254,0,254,4,199,123,4,0,0,1,4,4,1,1,0,4,1,200,200,200,200,255,255,255,255,255,255,255,0,0,0,32,3,0,0,0,0,0,0,0,0,0,0,76,0,0,0,0,101,2,48,32,5,10,0,0,0,0,0,0,0,0,0,8,8,0,6,0,0,0,69,0,255,255,0,56,0,0,0,0,0,0,12,0,0,0,0,0,0,0,0,0,96,7,0,3,132,215,254,214,244
2026-08-07_10-37-20,1,61,0,0.0,0,20.0,3,3,0,39,210,0,15,0,255,26,175,144,24,170,132,0,12,6,50,134,218,253,0,253,86,253,164,253,16,254,0,254,4,199,123,4,0,0,1,4,4,1,1,0,4,1,200,200,200,200,255,255,255,255,255,255,255,0,0,0,32,3,0,0,0,0,0,0,0,0,0,0,76,0,0,0,0,101,2,48,32,5,10,0,0,0,0,0,0,0,0,0,8,8,0,6,0,0,0,69,0,255,255,0,56,0,0,0,0,0,0,12,0,0,0,0,0,0,0,0,0,96,7,0,3,132,215,254,214,244,0,43,146,0,15,0,255,26,175,144,24,170,132,0,12,6,50,134,232,253,27,253,115,253,192,253,16,254,0,254,6,197,121,6,0,0,1,4,4,1,1,0,4,1,200,200,200,200,255,255,255,255,255,255,255,0,0,0,32,3,0,0,0,0,0,0,0,0,0,0,76,0,0,0,0,101,226,48,32,1,2,0,0,0,0,0,0,0,0,2,10,10,2,5,2,0,2,69,0,255,255,0,56,94,0,0,0,0,0,16,0,0,0,0,0,0,0,0,0,96,7,0,3,132,215,254,214,244
2026-08-07_10-37-20,1,62,1,0.0,0,20.0,3,3,0,43,146,0,15,0,255,26,175,144,24,170,132,0,12,6,50,134,232,253,27,253,115,253,192,253,16,254,0,254,6,197,121,6,0,0,1,4,4,1,1,0,4,1,200,200,200,200,255,255,255,255,255,255,255,0,0,0,32,3,0,0,0,0,0,0,0,0,0,0,76,0,0,0,0,101,226,48,32,1,2,0,0,0,0,0,0,0,0,2,10,10,2,5,2,0,2,69,0,255,255,0,56,94,0,0,0,0,0,16,0,0,0,0,0,0,0,0,0,96,7,0,3,132,215,254,214,244,0,47,146,0,15,0,255,26,175,144,24,170,132,0,12,6,50,134,231,253,27,253,115,253,178,253,16,254,0,254,7,196,120,7,0,0,1,4,4,1,1,0,4,1,200,200,200,200,255,255,255,255,255,255,255,0,0,0,32,3,0,0,0,0,0,0,0,0,0,0,76,0,0,0,0,101,210,48,32,13,10,0,0,0,0,0,0,0,0,2,10,10,2,4,2,0,1,69,0,255,255,0,56,114,0,0,0,0,0,15,0,0,0,0,0,0,0,0,0,96,7,0,3,132,215,254,214,244
2026-08-07_10-37-20,1,63,1,0.0,0,20.0,3,3,0,47,146,0,15,0,255,26,175,144,24,170,132,0,12,6,50,134,231,253,27,253,115,253,178,253,16,254,0,254,7,196,120,7,0,0,1,4,4,1,1,0,4,1,200,200,200,200,255,255,255,255,255,255,255,0,0,0,32,3,0,0,0,0,0,0,0,0,0,0,76,0,0,0,0,101,210,48,32,13,10,0,0,0,0,0,0,0,0,2,10,10,2,4,2,0,1,69,0,255,255,0,56,114,0,0,0,0,0,15,0,0,0,0,0,0,0,0,0,96,7,0,3,132,215,254,214,244,0,51,144,0,15,0,255,26,175,144,24,170,132,0,12,6,50,134,230,253,13,253,100,253,164,253,16,254,0,254,9,194,118,9,0,0,1,4,4,1,1,0,4,1,200,200,200,200,255,255,255,255,255,255,255,0,0,0,32,3,0,0,0,0,0,0,0,0,0,0,76,0,0,0,0,101,178,48,32,9,2,0,0,0,0,0,0,0,0,1,9,9,1,3,1,0,0,69,0,255,255,0,56,134,0,0,0,0,0,14,0,0,0,0,0,0,0,0,0,96,7,0,3,132,215,254,214,244
2026-08-07_10-37-20,1,64,1,0.0,0,20.0,3,3,0,51,144,0,15,0,255,26,175,144,24,170,132,0,12,6,50,134,230,253,13,253,100,253,164,253,16,254,0,254,9,194,118,9,0,0,1,4,4,1,1,0,4,1,200,200,200,200,255,255,255,255,255,255,255,0,0,0,32,3,0,0,0,0,0,0,0,0,0,0,76,0,0,0,0,101,178,48,32,9,2,0,0,0,0,0,0,0,0,1,9,9,1,3,1,0,0,69,0,255,255,0,56,134,0,0,0,0,0,14,0,0,0,0,0,0,0,0,0,96,7,0,3,132,215,254,214,244,0,55,144,0,15,0,255,26,175,144,24,170,132,0,12,6,50,134,229,253,13,253,100,253,192,253,16,254,0,254,10,193,117,10,0,0,1,4,4,1,1,0,4,1,200,200,200,200,255,255,255,255,255,255,255,0,0,0,32,3,0,0,0,0,0,0,0,0,0,0,76,0,0,0,0,101,162,48,32,5,10,0,0,0,0,0,0,0,0,1,9,9,1,2,1,0,2,69,0,255,255,0,56,154,0,0,0,0,0,13,0,0,0,0,0,0,0,0,0,96,7,0,3,132,215,254,214,244
2026-08-07_10-37-20,1,65,0,0.0,0,20.0,3,3,0,55,144,0,15,0,255,26,175,144,24,170,132,0,12,6,50,134,229,253,13,253,100,253,192,253,16,254,0,254,10,193,117,10,0,0,1,4,4,1,1,0,4,1,200,200,200,200,255,255,255,255,255,255,255,0,0,0,32,3,0,0,0,0,0,0,0,0,0,0,76,0,0,0,0,101,162,48,32,5,10,0,0,0,0,0,0,0,0,1,9,9,1,2,1,0,2,69,0,255,255,0,56,154,0,0,0,0,0,13,0,0,0,0,0,0,0,0,0,96,7,0,3,132,215,254,214,244,0,59,128,0,15,0,255,26,175,144,24,170,132,0,12,6,50,134,213,253,0,253,86,253,178,253,16,254,0,254,12,191,115,12,0,0,1,4,4,1,1,0,4,1,200,200,200,200,255,255,255,255,255,255,255,0,0,0,32,3,0,0,0,0,0,0,0,0,0,0,76,0,0,0,0,101,115,48,32,1,2,0,0,0,0,0,0,0,0,0,8,8,0,1,0,0,1,69,0,255,255,0,56,0,0,0,0,0,0,12,0,0,0,0,0,0,0,0,0,96,7,0,3,132,215,254,214,244
2026-08-07_10-37-20,1,66,0,0.0,0,20.0,3,3,0,59,128,0,15,0,255,26,175,144,24,170,132,0,12,6,50,134,213,253,0,253,86,253,178,253,16,254,0,254,12,191,115,12,0,0,1,4,4,1,1,0,4,1,200,200,200,200,255,255,255,255,255,255,255,0,0,0,32,3,0,0,0,0,0,0,0,0,0,0,76,0,0,0,0,101,115,48,32,1,2,0,0,0,0,0,0,0,0,0,8,8,0,1,0,0,1,69,0,255,255,0,56,0,0,0,0,0,0,12,0,0,0,0,0,0,0,0,0,96,7,0,3,132,215,254,214,244,0,63,128,0,15,0,255,26,175,144,24,170,132,0,12,6,50,134,212,253,0,253,86,253,164,253,16,254,0,254,13,190,114,13,0,0,1,4,4,1,1,0,4,1,200,200,200,200,255,255,255,255,255,255,255,0,0,0,32,3,0,0,0,0,0,0,0,0,0,0,76,0,0,0,0,101,99,48,32,13,10,0,0,0,0,0,0,0,0,0,8,8,0,0,0,0,0,69,0,255,255,0,56,0,0,0,0,0,0,12,0,0,0,0,0,0,0,0,0,96,7,0,3,132,215,254,214,244
2026-08-07_10-37-20,1,67,0,0.0,0,20.0,3,3,0,63,128,0,15,0,255,26,175,144,24,170,132,0,12,6,50,134,212,253,0,253,86,253,164,253,16,254,0,254,13,190,114,13,0,0,1,4,4,1,1,0,4,1,200,200,200,200,255,255,255,255,255,255,255,0,0,0,32,3,0,0,0,0,0,0,0,0,0,0,76,0,0,0,0,101,99,48,32,13,10,0,0,0,0,0,0,0,0,0,8,8,0,0,0,0,0,69,0,255,255,0,56,0,0,0,0,0,0,12,0,0,0,0,0,0,0,0,0,96,7,0,3,132,215,254,214,244,0,67,4,0,15,0,255,26,175,144,24,170,132,0,12,6,50,134,227,253,27,253,115,253,192,253,16,254,0,254,15,188,112,15,0,0,1,4,4,1,1,0,4,1,200,200,200,200,255,255,255,255,255,255,255,0,0,0,32,3,0,0,0,0,0,0,0,0,0,0,76,0,0,0,0,101,67,48,32,9,2,0,0,0,0,0,0,0,0,2,10,10,2,0,2,0,2,69,0,255,255,0,55,0,0,0,0,0,0,12,0,0,0,0,0,0,0,0,0,96,7,0,3,132,215,254,214,244
2026-08-07_10-37-20,1,68,0,0.0,0,20.0,3,3,0,67,4,0,15,0,255,26,175,144,24,170,132,0,12,6,50,134,227,253,27,253,115,253,192,253,16,254,0,254,15,188,112,15,0,0,1,4,4,1,1,0,4,1,200,200,200,200,255,255,255,255,255,255,255,0,0,0,32,3,0,0,0,0,0,0,0,0,0,0,76,0,0,0,0,101,67,48,32,9,2,0,0,0,0,0,0,0,0,2,10,10,2,0,2,0,2,69,0,255,255,0,55,0,0,0,0,0,0,12,0,0,0,0,0,0,0,0,0,96,7,0,3,132,215,254,214,244,0,71,4,0,15,0,255,26,175,144,24,170,132,0,12,6,50,134,228,253,27,253,115,253,178,253,16,254,0,254,16,187,111,16,0,0,1,4,4,1,1,0,4,1,200,200,200,200,255,255,255,255,255,255,255,0,0,0,32,3,0,0,0,0,0,0,0,0,0,0,76,0,0,0,0,101,51,48,32,5,10,0,0,0,0,0,0,0,0,2,10,10,2,1,2,0,1,69,0,255,255,0,55,0,0,0,0,0,0,12,0,0,0,0,0,0,0,0,0,96,7,0,3,132,215,254,214,244
2026-08-07_10-37-20,1,69,0,0.0,0,20.0,3,3,0,71,4,0,15,0,255,26,175,144,24,170,132,0,12,6,50,134,228,253,27,253,115,253,178,253,16,254,0,254,16,187,111,16,0,0,1,4,4,1,1,0,4,1,200,200,200,200,255,255,255,255,255,255,255,0,0,0,32,3,0,0,0,0,0,0,0,0,0,0,76,0,0,0,0,101,51,48,32,5,10,0,0,0,0,0,0,0,0,2,10,10,2,1,2,0,1,69,0,255,255,0,55,0,0,0,0,0,0,12,0,0,0,0,0,0,0,0,0,96,7,0,3,132,215,254,214,244,0,75,33,0,15,0,255,26,175,144,24,170,132,0,12,6,50,134,229,253,13,253,100,253,164,253,16,254,0,254,18,185,109,18,0,0,1,4,4,1,1,0,4,1,200,200,200,200,255,255,255,255,255,255,255,0,0,0,32,3,0,0,0,0,0,0,0,0,0,0,76,0,0,0,0,101,19,48,32,1,2,0,0,0,0,0,0,0,0,1,9,9,1,2,1,0,0,69,0,255,255,0,55,0,0,0,0,0,0,12,0,0,0,0,0,0,0,0,0,96,7,0,3,132,215,254,214,244
2026-08-07_10-37-20,1,70,2,0.0,0,20.0,3,3,0,75,33,0,15,0,255,26,175,144,24,170,132,0,12,6,50,134,229,253,13,253,100,253,164,253,16,254,0,254,18,185,109,18,0,0,1,4,4,1,1,0,4,1,200,200,200,200,255,255,255,255,255,255,255,0,0,0,32,3,0,0,0,0,0,0,0,0,0,0,76,0,0,0,0,101,19,48,32,1,2,0,0,0,0,0,0,0,0,1,9,9,1,2,1,0,0,69,0,255,255,0,55,0,0,0,0,0,0,12,0,0,0,0,0,0,0,0,0,96,7,0,3,132,215,254,214,244,0,79,33,0,14,0,255,26,175,144,24,170,132,0,12,6,50,134,230,253,13,253,100,253,192,253,16,254,0,254,19,184,108,19,0,0,1,4,4,1,1,0,4,1,200,200,200,200,255,255,255,255,255,255,255,0,0,0,32,3,0,0,0,0,0,0,0,0,0,0,76,0,0,0,0,101,3,48,32,13,10,0,0,0,0,0,0,0,0,1,9,9,1,3,1,0,2,66,0,255,255,0,55,0,0,0,0,0,0,12,0,0,0,0,0,0,0,0,0,96,7,0,3,132,215,254,214,244
2026-08-07_10-37-20,1,71,2,0.0,0,20.0,3,3,0,79,33,0,14,0,255,26,175,144,24,170,132,0,12,6,50,134,230,253,13,253,100,253,192,253,16,254,0,254,19,184,108,19,0,0,1,4,4,1,1,0,4,1,200,200,200,200,255,255,255,255,255,255,255,0,0,0,32,3,0,0,0,0,0,0,0,0,0,0,76,0,0,0,0,101,3,48,32,13,10,0,0,0,0,0,0,0,0,1,9,9,1,3,1,0,2,66,0,255,255,0,55,0,0,0,0,0,0,12,0,0,0,0,0,0,0,0,0,96,7,0,3,132,215,254,214,244,0,83,9,0,14,0,255,26,175,144,24,170,132,0,12,6,50,134,216,253,0,253,86,253,178,253,16,254,0,254,21,182,106,21,0,0,1,4,4,1,1,0,4,1,200,200,200,200,255,255,255,255,255,255,255,0,0,0,32,3,0,0,0,0,0,0,0,0,0,0,76,0,0,0,0,101,227,48,32,9,2,0,0,0,0,0,0,0,0,0,8,8,0,4,0,0,1,62,0,255,255,0,55,0,0,0,0,0,0,12,0,0,0,0,0,0,0,0,0,96,7,0,3,132,215,254,214,244
2026-08-07_10-37-20,1,72,0,0.0,0,20.0,3,3,0,83,9,0,14,0,255,26,175,144,24,170,132,0,12,6,50,134,216,253,0,253,86,253,178,253,16,254,0,254,21,182,106,21,0,0,1,4,4,1,1,0,4,1,200,200,200,200,255,255,255,255,255,255,255,0,0,0,32,3,0,0,0,0,0,0,0,0,0,0,76,0,0,0,0,101,227,48,32,9,2,0,0,0,0,0,0,0,0,0,8,8,0,4,0,0,1,62,0,255,255,0,55,0,0,0,0,0,0,12,0,0,0,0,0,0,0,0,0,96,7,0,3,132,215,254,214,244,0,87,9,0,15,0,255,26,175,144,24,170,132,0,12,6,50,134,217,253,0,253,86,253,164,253,16,254,0,254,22,181,105,22,0,0,1,4,4,1,1,0,4,1,200,200,200,200,255,255,255,255,255,255,255,0,0,0,32,3,0,0,0,0,0,0,0,0,0,0,76,0,0,0,0,101,211,48,32,5,10,0,0,0,0,0,0,0,0,0,8,8,0,5,0,0,0,62,0,255,255,0,55,0,0,0,0,0,0,12,0,0,0,0,0,0,0,0,0,96,7,0,3,132,215,254,214,244
2026-08-07_10-37-20,1,73,1,0.0,0,20.0,3,3,0,87,9,0,15,0,255,26,175,144,24,170,132,0,12,6,50,134,217,253,0,253,86,253,164,253,16,254,0,254,22,181,105,22,0,0,1,4,4,1,1,0,4,1,200,200,200,200,255,255,255,255,255,255,255,0,0,0,32,3,0,0,0,0,0,0,0,0,0,0,76,0,0,0,0,101,211,48,32,5,10,0,0,0,0,0,0,0,0,0,8,8,0,5,0,0,0,62,0,255,255,0,55,0,0,0,0,0,0,12,0,0,0,0,0,0,0,0,0,96,7,0,3,132,215,254,214,244,0,91,74,0,15,0,255,26,175,144,24,170,132,0,12,6,50,134,233,253,27,253,115,253,192,253,16,254,0,254,24,179,103,24,0,0,1,4,4,1,1,0,4,1,200,200,200,200,255,255,255,255,255,255,255,0,0,0,32,3,0,0,0,0,0,0,0,0,0,0,76,0,0,0,0,101,179,48,32,1,2,0,0,0,0,0,0,0,0,2,10,10,2,6,2,0,2,62,0,255,255,0,55,99,0,0,0,0,0,16,0,0,0,0,0,0,0,0,0,96,7,0,3,132,215,254,214,244
2026-08-07_10-37-20,1,74,1,20.0,0,40.0,3,3,0,91,74,0,15,0,255,26,175,144,24,170,132,0,12,6,50,134,233,253,27,253,115,253,192,253,16,254,0,254,24,179,103,24,0,0,1,4,4,1,1,0,4,1,200,200,200,200,255,255,255,255,255,255,255,0,0,0,32,3,0,0,0,0,0,0,0,0,0,0,76,0,0,0,0,101,179,48,32,1,2,0,0,0,0,0,0,0,0,2,10,10,2,6,2,0,2,62,0,255,255,0,55,99,0,0,0,0,0,16,0,0,0,0,0,0,0,0,0,96,7,0,3,132,215,254,214,244,0,95,74,0,15,0,255,26,175,144,24,170,132,0,12,6,50,134,234,253,27,253,115,253,178,253,32,254,0,254,25,178,214,25,0,0,1,4,4,1,1,0,0,1,200,200,200,200,255,255,255,255,255,255,255,0,0,0,64,3,0,0,0,0,0,0,0,0,0,0,76,0,0,0,0,101,163,48,32,13,10,0,0,0,0,0,0,0,0,2,10,10,2,7,2,0,1,62,0,255,255,0,55,99,0,0,0,13,0,16,0,0,0,0,0,0,0,0,0,96,7,0,3,132,215,254,214,244
2026-08-07_10-37-20,1,75,1,0.0,0,40.0,3,3,0,95,74,0,15,0,255,26,175,144,24,170,132,0,12,6,50,134,234,253,27,253,115,253,178,253,32,254,0,254,25,178,214,25,0,0,1,4,4,1,1,0,0,1,200,200,200,200,255,255,255,255,255,255,255,0,0,0,64,3,0,0,0,0,0,0,0,0,0,0,76,0,0,0,0,101,163,48,32,13,10,0,0,0,0,0,0,0,0,2,10,10,2,7,2,0,1,62,0,255,255,0,55,99,0,0,0,13,0,16,0,0,0,0,0,0,0,0,0,96,7,0,3,132,215,254,214,244,0,99,80,0,15,0,255,26,175,144,24,170,132,0,12,6,50,134,234,253,13,253,100,253,164,253,32,254,0,254,27,176,212,27,0,0,1,4,4,1,1,0,0,1,200,200,200,200,255,255,255,255,255,255,255,0,0,0,64,3,0,0,0,0,0,0,0,0,0,0,76,0,0,0,0,101,116,48,32,9,2,0,0,0,0,0,0,0,0,1,9,9,1,7,1,0,0,62,0,255,255,0,54,119,0,0,0,9,0,15,0,0,0,0,0,0,0,0,0,96,7,0,3,132,215,254,214,244
2026-08-07_10-37-20,1,76,1,0.0,0,40.0,3,3,0,99,80,0,15,0,255,26,175,144,24,170,132,0,12,6,50,134,234,253,13,253,100,253,164,253,32,254,0,254,27,176,212,27,0,0,1,4,4,1,1,0,0,1,200,200,200,200,255,255,255,255,255,255,255,0,0,0,64,3,0,0,0,0,0,0,0,0,0,0,76,0,0,0,0,101,116,48,32,9,2,0,0,0,0,0,0,0,0,1,9,9,1,7,1,0,0,62,0,255,255,0,54,119,0,0,0,9,0,15,0,0,0,0,0,0,0,0,0,96,7,0,3,132,215,254,214,244,0,103,80,0,15,0,255,26,175,144,24,170,132,0,12,6,50,134,233,253,13,253,100,253,192,253,32,254,0,254,28,175,211,28,0,0,1,4,4,1,1,0,0,1,200,200,200,200,255,255,255,255,255,255,255,0,0,0,64,3,0,0,0,0,0,0,0,0,0,0,76,0,0,0,0,101,100,48,32,5,10,0,0,0,0,0,0,0,0,1,9,9,1,6,1,0,2,62,0,255,255,0,54,139,0,0,0,5,0,14,0,0,0,0,0,0,0,0,0,96,7,0,3,132,215,254,214,244
2026-08-07_10-37-20,1,77,0,0.0,0,40.0,3,3,0,103,80,0,15,0,255,26,175,144,24,170,132,0,12,6,50,134,233,253,13,253,100,253,192,253,32,254,0,254,28,175,211,28,0,0,1,4,4,1,1,0,0,1,200,200,200,200,255,255,255,255,255,255,255,0,0,0,64,3,0,0,0,0,0,0,0,0,0,0,76,0,0,0,0,101,100,48,32,5,10,0,0,0,0,0,0,0,0,1,9,9,1,6,1,0,2,62,0,255,255,0,54,139,0,0,0,5,0,14,0,0,0,0,0,0,0,0,0,96,7,0,3,132,215,254,214,244,0,107,134,0,15,0,255,26,175,144,24,170,132,0,12,6,50,134,217,253,0,253,86,253,178,253,32,254,0,254,30,173,209,30,0,0,1,4,4,1,1,0,0,1,200,200,200,200,255,255,255,255,255,255,255,0,0,0,64,3,0,0,0,0,0,0,0,0,0,0,76,0,0,0,0,101,68,48,32,1,2,0,0,0,0,0,0,0,0,0,8,8,0,5,0,0,1,62,0,255,255,0,54,159,0,0,0,1,0,13,0,0,0,0,0,0,0,0,0,96,7,0,3,132,215,254,214,244
2026-08-07_10-37-20,1,78,0,0.0,0,40.0,3,3,0,107,134,0,15,0,255,26,175,144,24,170,132,0,12,6,50,134,217,253,0,253,86,253,178,253,32,254,0,254,30,173,209,30,0,0,1,4,4,1,1,0,0,1,200,200,200,200,255,255,255,255,255,255,255,0,0,0,64,3,0,0,0,0,0,0,0,0,0,0,76,0,0,0,0,101,68,48,32,1,2,0,0,0,0,0,0,0,0,0,8,8,0,5,0,0,1,62,0,255,255,0,54,159,0,0,0,1,0,13,0,0,0,0,0,0,0,0,0,96,7,0,3,132,215,254,214,244,0,111,134,0,15,0,255,26,175,144,24,170,132,0,12,6,50,134,216,253,0,253,86,253,164,253,32,254,0,254,31,172,208,31,0,0,1,4,4,1,1,0,0,1,200,200,200,200,255,255,255,255,255,255,255,0,0,0,64,3,0,0,0,0,0,0,0,0,0,0,76,0,0,0,0,101,52,48,32,13,10,0,0,0,0,0,0,0,0,0,8,8,0,4,0,0,0,62,0,255,255,0,54,0,0,0,0,0,0,12,0,0,0,0,0,0,0,0,0,96,7,0,3,132,215,254,214,244
2026-08-07_10-37-20,1,79,0,0.0,0,40.0,3,3,0,111,134,0,15,0,255,26,175,144,24,170,132,0,12,6,50,134,216,253,0,253,86,253,164,253,32,254,0,254,31,172,208,31,0,0,1,4,4,1,1,0,0,1,200,200,200,200,255,255,255,255,255,255,255,0,0,0,64,3,0,0,0,0,0,0,0,0,0,0,76,0,0,0,0,101,52,48,32,13,10,0,0,0,0,0,0,0,0,0,8,8,0,4,0,0,0,62,0,255,255,0,54,0,0,0,0,0,0,12,0,0,0,0,0,0,0,0,0,96,7,0,3,132,215,254,214,244,0,115,53,0,15,0,255,26,175,144,24,170,132,0,12,6,50,134,230,253,27,253,115,253,192,253,32,254,0,254,33,170,206,33,0,0,1,4,4,1,1,0,0,1,200,200,200,200,255,255,255,255,255,255,255,0,0,0,64,3,0,0,0,0,0,0,0,0,0,0,76,0,0,0,0,101,20,48,32,9,2,0,0,0,0,0,0,0,0,2,10,10,2,3,2,0,2,62,0,255,255,0,54,0,0,0,0,0,0,12,0,0,0,0,0,0,0,0,0,96,7,0,3,132,215,254,214,244
2026-08-07_10-37-20,1,80,0,0.0,0,40.0,3,3,0,115,53,0,15,0,255,26,175,144,24,170,132,0,12,6,50,134,230,253,27,253,115,253,192,253,32,254,0,254,33,170,206,33,0,0,1,4,4,1,1,0,0,1,200,200,200,200,255,255,255,255,255,255,255,0,0,0,64,3,0,0,0,0,0,0,0,0,0,0,76,0,0,0,0,101,20,48,32,9,2,0,0,0,0,0,0,0,0,2,10,10,2,3,2,0,2,62,0,255,255,0,54,0,0,0,0,0,0,12,0,0,0,0,0,0,0,0,0,96,7,0,3,132,215,254,214,244,0,119,53,0,15,0,255,26,175,144,24,170,132,0,12,6,50,134,229,253,27,253,115,253,178,253,32,254,0,254,34,169,205,34,0,0,1,4,4,1,1,0,0,1,200,200,200,200,255,255,255,255,255,255,255,0,0,0,64,3,0,0,0,0,0,0,0,0,0,0,76,0,0,0,0,101,4,48,32,5,10,0,0,0,0,0,0,0,0,2,10,10,2,2,2,0,1,62,0,255,255,0,54,0,0,0,0,0,0,12,0,0,0,0,0,0,0,0,0,96,7,0,3,132,215,254,214,244
2026-08-07_10-37-20,1,81,0,0.0,0,40.0,3,3,0,119,53,0,15,0,255,26,175,144,24,170,132,0,12,6,50,134,229,253,27,253,115,253,178,253,32,254,0,254,34,169,205,34,0,0,1,4,4,1,1,0,0,1,200,200,200,200,255,255,255,255,255,255,255,0,0,0,64,3,0,0,0,0,0,0,0,0,0,0,76,0,0,0,0,101,4,48,32,5,10,0,0,0,0,0,0,0,0,2,10,10,2,2,2,0,1,62,0,255,255,0,54,0,0,0,0,0,0,12,0,0,0,0,0,0,0,0,0,96,7,0,3,132,215,254,214,244,0,123,172,0,15,0,255,26,175,144,24,170,132,0,12,6,50,134,228,253,13,253,100,253,164,253,32,254,0,254,36,167,203,36,0,0,1,4,4,1,1,0,0,1,200,200,200,200,255,255,255,255,255,255,255,0,0,0,64,3,0,0,0,0,0,0,0,0,0,0,76,0,0,0,0,101,228,48,32,1,2,0,0,0,0,0,0,0,0,1,9,9,1,1,1,0,0,62,0,255,255,0,54,0,0,0,0,0,0,12,0,0,0,0,0,0,0,0,0,96,7,0,3,132,215,254,214,244
2026-08-07_10-37-20,1,82,0,0.0,0,40.0,3,3,0,123,172,0,15,0,255,26,175,144,24,170,132,0,12,6,50,134,228,253,13,253,100,253,164,253,32,254,0,254,36,167,203,36,0,0,1,4,4,1,1,0,0,1,200,200,200,200,255,255,255,255,255,255,255,0,0,0,64,3,0,0,0,0,0,0,0,0,0,0,76,0,0,0,0,101,228,48,32,1,2,0,0,0,0,0,0,0,0,1,9,9,1,1,1,0,0,62,0,255,255,0,54,0,0,0,0,0,0,12,0,0,0,0,0,0,0,0,0,96,7,0,3,132,215,254,214,244,0,127,172,0,15,0,255,26,175,144,24,170,132,0,12,6,50,134,227,253,13,253,100,253,192,253,32,254,0,254,37,166,202,37,0,0,1,4,4,1,1,0,0,1,200,200,200,200,255,255,255,255,255,255,255,0,0,0,64,3,0,0,0,0,0,0,0,0,0,0,76,0,0,0,0,101,212,48,32,13,10,0,0,0,0,0,0,0,0,1,9,9,1,0,1,0,2,62,0,255,255,0,54,0,0,0,0,0,0,12,0,0,0,0,0,0,0,0,0,96,7,0,3,132,215,254,214,244
2026-08-07_10-37-20,1,83,0,0.0,0,40.0,3,3,0,127,172,0,15,0,255,26,175,144,24,170,132,0,12,6,50,134,227,253,13,253,100,253,192,253,32,254,0,254,37,166,202,37,0,0,1,4,4,1,1,0,0,1,200,200,200,200,255,255,255,255,255,255,255,0,0,0,64,3,0,0,0,0,0,0,0,0,0,0,76,0,0,0,0,101,212,48,32,13,10,0,0,0,0,0,0,0,0,1,9,9,1,0,1,0,2,62,0,255,255,0,54,0,0,0,0,0,0,12,0,0,0,0,0,0,0,0,0,96,7,0,3,132,215,254,214,244,0,131,102,0,15,0,255,26,175,144,24,170,132,0,12,6,50,134,212,253,0,253,86,253,178,253,32,254,0,254,39,164,200,39,0,0,1,4,4,1,1,0,0,1,200,200,200,200,255,255,255,255,255,255,255,0,0,0,64,3,0,0,0,0,0,0,0,0,0,0,76,0,0,0,0,101,180,48,32,9,2,0,0,0,0,0,0,0,0,0,8,8,0,0,0,0,1,62,0,255,255,0,53,0,0,0,0,0,0,12,0,0,0,0,0,0,0,0,0,96,7,0,3,132,215,254,214,244
2026-08-07_10-37-20,1,84,0,0.0,0,40.0,3,3,0,131,102,0,15,0,255,26,175,144,24,170,132,0,12,6,50,134,212,253,0,253,86,253,178,253,32,254,0,254,39,164,200,39,0,0,1,4,4,1,1,0,0,1,200,200,200,200,255,255,255,255,255,255,255,0,0,0,64,3,0,0,0,0,0,0,0,0,0,0,76,0,0,0,0,101,180,48,32,9,2,0,0,0,0,0,0,0,0,0,8,8,0,0,0,0,1,62,0,255,255,0,53,0,0,0,0,0,0,12,0,0,0,0,0,0,0,0,0,96,7,0,3,132,215,254,214,244,0,135,102,0,7,0,255,26,175,144,24,170,132,0,12,6,50,134,213,253,0,253,86,253,164,253,32,254,0,254,40,163,199,40,0,0,1,4,4,1,1,0,0,1,200,200,200,200,255,255,255,255,255,255,255,0,0,0,64,3,0,0,0,0,0,0,0,0,0,0,78,0,0,0,0,69,164,48,32,5,10,0,0,0,0,0,0,0,0,0,8,8,0,1,0,0,0,62,0,255,255,0,53,0,0,0,0,0,0,12,0,0,0,0,0,0,0,0,0,96,7,0,3,132,215,254,214,244
2026-08-07_10-37-20,1,85,3,0.0,0,40.0,3,3,0,135,102,0,7,0,255,26,175,144,24,170,132,0,12,6,50,134,213,253,0,253,86,253,164,253,32,254,0,254,40,163,199,40,0,0,1,4,4,1,1,0,0,1,200,200,200,200,255,255,255,255,255,255,255,0,0,0,64,3,0,0,0,0,0,0,0,0,0,0,78,0,0,0,0,69,164,48,32,5,10,0,0,0,0,0,0,0,0,0,8,8,0,1,0,0,0,62,0,255,255,0,53,0,0,0,0,0,0,12,0,0,0,0,0,0,0,0,0,96,7,0,3,132,215,254,214,244,0,139,50,0,7,0,255,26,175,144,24,170,132,0,12,6,50,134,229,253,27,253,115,253,192,253,32,254,0,254,42,161,197,42,0,0,1,4,4,1,1,0,0,1,200,200,200,200,255,255,255,255,255,255,255,0,0,0,64,3,0,0,0,0,0,0,0,0,0,0,82,0,0,0,0,5,117,48,32,1,2,0,0,0,0,0,0,0,0,2,10,10,2,2,2,0,2,62,0,255,255,0,53,0,0,0,0,0,0,12,0,0,0,0,0,0,0,0,0,96,7,0,3,132,215,254,214,244
2026-08-07_10-37-20,1,86,3,0.0,0,40.0,3,3,0,139,50,0,7,0,255,26,175,144,24,170,132,0,12,6,50,134,229,253,27,253,115,253,192,253,32,254,0,254,42,161,197,42,0,0,1,4,4,1,1,0,0,1,200,200,200,200,255,255,255,255,255,255,255,0,0,0,64,3,0,0,0,0,0,0,0,0,0,0,82,0,0,0,0,5,117,48,32,1,2,0,0,0,0,0,0,0,0,2,10,10,2,2,2,0,2,62,0,255,255,0,53,0,0,0,0,0,0,12,0,0,0,0,0,0,0,0,0,96,7,0,3,132,215,254,214,244,0,143,50,0,7,0,255,26,175,144,24,170,132,0,12,6,50,134,230,253,27,253,115,253,178,253,32,254,0,254,43,160,196,43,0,0,1,4,4,1,1,0,0,1,200,200,200,200,255,255,255,255,255,255,255,0,0,0,64,3,0,0,0,0,0,0,0,0,0,0,86,0,0,0,0,197,101,48,32,13,10,0,0,0,0,0,0,0,0,2,10,10,2,3,2,0,1,62,0,255,255,0,53,0,0,0,0,0,0,12,0,0,0,0,0,0,0,0,0,96,7,0,3,132,215,254,214,244
2026-08-07_10-37-20,1,87,3,0.0,0,40.0,3,3,0,143,50,0,7,0,255,26,175,144,24,170,132,0,12,6,50,134,230,253,27,253,115,253,178,253,32,254,0,254,43,160,196,43,0,0,1,4,4,1,1,0,0,1,200,200,200,200,255,255,255,255,255,255,255,0,0,0,64,3,0,0,0,0,0,0,0,0,0,0,86,0,0,0,0,197,101,48,32,13,10,0,0,0,0,0,0,0,0,2,10,10,2,3,2,0,1,62,0,255,255,0,53,0,0,0,0,0,0,12,0,0,0,0,0,0,0,0,0,96,7,0,3,132,215,254,214,244,0,147,149,0,7,0,255,26,175,144,24,170,132,0,12,6,50,134,231,253,13,253,100,253,164,253,32,254,0,254,45,158,194,45,0,0,1,4,4,1,1,4,0,1,200,200,200,200,255,255,255,255,255,255,255,0,0,0,64,3,0,0,0,0,0,0,0,0,0,0,90,0,0,0,0,118,69,48,32,9,2,0,0,0,0,0,0,0,0,1,9,9,1,4,1,0,0,62,0,255,255,0,53,0,0,0,0,0,0,12,0,0,0,0,0,0,0,0,0,96,7,0,3,132,215,254,214,244
2026-08-07_10-37-20,1,88,3,0.0,0,40.0,3,3,0,147,149,0,7,0,255,26,175,144,24,170,132,0,12,6,50,134,231,253,13,253,100,253,164,253,32,254,0,254,45,158,194,45,0,0,1,4,4,1,1,4,0,1,200,200,200,200,255,255,255,255,255,255,255,0,0,0,64,3,0,0,0,0,0,0,0,0,0,0,90,0,0,0,0,118,69,48,32,9,2,0,0,0,0,0,0,0,0,1,9,9,1,4,1,0,0,62,0,255,255,0,53,0,0,0,0,0,0,12,0,0,0,0,0,0,0,0,0,96,7,0,3,132,215,254,214,244,0,151,149,0,7,0,255,26,175,144,24,170,132,0,12,6,50,134,232,253,13,253,100,253,192,253,32,254,0,254,46,157,193,46,0,0,1,4,4,1,1,4,0,1,200,200,200,200,255,255,255,255,255,255,255,0,0,0,64,3,0,0,0,0,0,0,0,0,0,0,94,0,0,0,0,54,53,48,32,5,10,0,0,0,0,0,0,0,0,1,9,9,1,5,1,0,2,62,0,255,255,0,53,0,0,0,0,0,0,12,0,0,0,0,0,0,0,0,0,96,7,0,3,132,215,254,214,244
2026-08-07_10-37-20,1,89,0,0.0,0,40.0,3,3,0,151,149,0,7,0,255,26,175,144,24,170,132,0,12,6,50,134,232,253,13,253,100,253,192,253,32,254,0,254,46,157,193,46,0,0,1,4,4,1,1,4,0,1,200,200,200,200,255,255,255,255,255,255,255,0,0,0,64,3,0,0,0,0,0,0,0,0,0,0,94,0,0,0,0,54,53,48,32,5,10,0,0,0,0,0,0,0,0,1,9,9,1,5,1,0,2,62,0,255,255,0,53,0,0,0,0,0,0,12,0,0,0,0,0,0,0,0,0,96,7,0,3,132,215,254,214,244,0,155,169,0,15,0,255,26,175,144,24,170,132,0,12,6,50,134,218,253,0,253,86,253,178,253,32,254,0,254,48,155,191,48,0,0,1,4,4,1,1,4,0,1,200,200,200,200,255,255,255,255,255,255,255,0,0,0,64,3,0,0,0,0,0,0,0,0,0,0,95,0,0,0,0,38,21,48,32,1,2,0,0,0,0,0,0,0,0,0,8,8,0,6,0,0,1,62,0,255,255,0,53,0,0,0,0,0,0,12,0,0,0,0,0,0,0,0,0,96,7,0,3,132,215,254,214,244
2026-08-07_10-37-20,1,90,0,0.0,0,40.0,3,3,0,155,169,0,15,0,255,26,175,144,24,170,132,0,12,6,50,134,218,253,0,253,86,253,178,253,32,254,0,254,48,155,191,48,0,0,1,4,4,1,1,4,0,1,200,200,200,200,255,255,255,255,255,255,255,0,0,0,64,3,0,0,0,0,0,0,0,0,0,0,95,0,0,0,0,38,21,48,32,1,2,0,0,0,0,0,0,0,0,0,8,8,0,6,0,0,1,62,0,255,255,0,53,0,0,0,0,0,0,12,0,0,0,0,0,0,0,0,0,96,7,0,3,132,215,254,214,244,0,159,169,0,15,0,255,26,175,144,24,170,132,0,12,6,50,134,219,253,0,253,86,253,164,253,32,254,0,254,49,154,190,49,0,0,1,4,4,1,1,4,0,1,200,200,200,200,255,255,255,255,255,255,255,0,0,0,64,3,0,0,0,0,0,0,0,0,0,0,95,0,0,0,0,38,5,48,32,13,10,0,0,0,0,0,0,0,0,0,8,8,0,7,0,0,0,62,0,255,255,0,53,0,0,0,0,0,0,12,0,0,0,0,0,0,0,0,0,96,7,0,3,132,215,254,214,244
2026-08-07_10-37-20,1,91,0,0.0,0,40.0,3,3,0,159,169,0,15,0,255,26,175,144,24,170,132,0,12,6,50,134,219,253,0,253,86,253,164,253,32,254,0,254,49,154,190,49,0,0,1,4,4,1,1,4,0,1,200,200,200,200,255,255,255,255,255,255,255,0,0,0,64,3,0,0,0,0,0,0,0,0,0,0,95,0,0,0,0,38,5,48,32,13,10,0,0,0,0,0,0,0,0,0,8,8,0,7,0,0,0,62,0,255,255,0,53,0,0,0,0,0,0,12,0,0,0,0,0,0,0,0,0,96,7,0,3,132,215,254,214,244,0,163,79,0,15,0,255,26,175,144,24,170,132,0,12,6,50,134,234,253,27,253,115,253,192,253,32,254,0,254,51,152,188,51,0,0,1,4,4,1,1,4,0,1,200,200,200,200,255,255,255,255,255,255,255,0,0,0,64,3,0,0,0,0,0,0,0,0,0,0,95,0,0,0,0,38,229,48,32,9,2,0,0,0,0,0,0,0,0,2,10,10,2,7,2,0,2,62,0,255,255,0,52,0,0,0,0,0,0,12,0,0,0,0,0,0,0,0,0,96,7,0,3,132,215,254,214,244
2026-08-07_10-37-20,1,92,0,0.0,0,40.0,3,3,0,163,79,0,15,0,255,26,175,144,24,170,132,0,12,6,50,134,234,253,27,253,115,253,192,253,32,254,0,254,51,152,188,51,0,0,1,4,4,1,1,4,0,1,200,200,200,200,255,255,255,255,255,255,255,0,0,0,64,3,0,0,0,0,0,0,0,0,0,0,95,0,0,0,0,38,229,48,32,9,2,0,0,0,0,0,0,0,0,2,10,10,2,7,2,0,2,62,0,255,255,0,52,0,0,0,0,0,0,12,0,0,0,0,0,0,0,0,0,96,7,0,3,132,215,254,214,244,0,167,79,0,15,0,255,26,175,144,24,170,132,0,12,6,50,134,233,253,27,253,115,253,178,253,32,254,0,254,52,151,187,52,0,0,1,4,4,1,1,4,0,1,200,200,200,200,255,255,255,255,255,255,255,0,0,0,64,3,0,0,0,0,0,0,0,0,0,0,95,0,0,0,0,38,213,48,32,5,10,0,0,0,0,0,0,0,0,2,10,10,2,6,2,0,1,62,0,255,255,0,52,0,0,0,0,0,0,12,0,0,0,0,0,0,0,0,0,96,7,0,3,132,215,254,214,244
2026-08-07_10-37-20,1,93,0,0.0,0,40.0,3,3,0,167,79,0,15,0,255,26,175,144,24,170,132,0,12,6,50,134,233,253,27,253,115,253,178,253,32,254,0,254,52,151,187,52,0,0,1,4,4,1,1,4,0,1,200,200,200,200,255,255,255,255,255,255,255,0,0,0,64,3,0,0,0,0,0,0,0,0,0,0,95,0,0,0,0,38,213,48,32,5,10,0,0,0,0,0,0,0,0,2,10,10,2,6,2,0,1,62,0,255,255,0,52,0,0,0,0,0,0,12,0,0,0,0,0,0,0,0,0,96,7,0,3,132,215,254,214,244,0,171,121,0,15,0,255,26,175,144,24,170,132,0,12,6,50,134,232,253,13,253,100,253,164,253,32,254,0,254,54,149,185,54,0,0,1,4,4,1,1,4,0,1,200,200,200,200,255,255,255,255,255,255,255,0,0,0,64,3,0,0,0,0,0,0,0,0,0,0,95,0,0,0,0,38,181,48,32,1,2,0,0,0,0,0,0,0,0,1,9,9,1,5,1,0,0,62,0,255,255,0,52,0,0,0,0,0,0,12,0,0,0,0,0,0,0,0,0,96,7,0,3,132,215,254,214,244
2026-08-07_10-37-20,1,94,0,0.0,0,40.0,3,3,0,171,121,0,15,0,255,26,175,144,24,170,132,0,12,6,50,134,232,253,13,253,100,253,164,253,32,254,0,254,54,149,185,54,0,0,1,4,4,1,1,4,0,1,200,200,200,200,255,255,255,255,255,255,255,0,0,0,64,3,0,0,0,0,0,0,0,0,0,0,95,0,0,0,0,38,181,48,32,1,2,0,0,0,0,0,0,0,0,1,9,9,1,5,1,0,0,62,0,255,255,0,52,0,0,0,0,0,0,12,0,0,0,0,0,0,0,0,0,96,7,0,3,132,215,254,214,244,0,175,121,0,15,0,255,26,175,144,24,170,132,0,12,6,50,134,231,253,13,253,100,253,192,253,32,254,0,254,55,148,184,55,0,0,1,4,4,1,1,4,0,1,200,200,200,200,255,255,255,255,255,255,255,0,0,0,64,3,0,0,0,0,0,0,0,0,0,0,95,0,0,0,0,38,165,48,32,13,10,0,0,0,0,0,0,0,0,1,9,9,1,4,1,0,2,62,0,255,255,0,52,0,0,0,0,0,0,12,0,0,0,0,0,0,0,0,0,96,7,0,3,132,215,254,214,244
2026-08-07_10-37-20,1,95,0,0.0,0,40.0,3,3,0,175,121,0,15,0,255,26,175,144,24,170,132,0,12,6,50,134,231,253,13,253,100,253,192,253,32,254,0,254,55,148,184,55,0,0,1,4,4,1,1,4,0,1,200,200,200,200,255,255,255,255,255,255,255,0,0,0,64,3,0,0,0,0,0,0,0,0,0,0,95,0,0,0,0,38,165,48,32,13,10,0,0,0,0,0,0,0,0,1,9,9,1,4,1,0,2,62,0,255,255,0,52,0,0,0,0,0,0,12,0,0,0,0,0,0,0,0,0,96,7,0,3,132,215,254,214,244,0,179,205,0,15,0,255,26,175,144,24,170,132,0,12,6,50,134,215,253,0,253,86,253,178,253,32,254,0,254,57,146,182,57,0,0,1,4,4,1,1,4,0,1,200,200,200,200,255,255,255,255,255,255,255,0,0,0,64,3,0,0,0,0,0,0,0,0,0,0,95,0,0,0,0,38,118,48,32,9,2,0,0,0,0,0,0,0,0,0,8,8,0,3,0,0,1,62,0,255,255,0,52,0,0,0,0,0,0,12,0,0,0,0,0,0,0,0,0,96,7,0,3,132,215,254,214,244
2026-08-07_10-37-20,1,96,0,0.0,0,40.0,3,3,0,179,205,0,15,0,255,26,175,144,24,170,132,0,12,6,50,134,215,253,0,253,86,253,178,253,32,254,0,254,57,146,182,57,0,0,1,4,4,1,1,4,0,1,200,200,200,200,255,255,255,255,255,255,255,0,0,0,64,3,0,0,0,0,0,0,0,0,0,0,95,0,0,0,0,38,118,48,32,9,2,0,0,0,0,0,0,0,0,0,8,8,0,3,0,0,1,62,0,255,255,0,52,0,0,0,0,0,0,12,0,0,0,0,0,0,0,0,0,96,7,0,3,132,215,254,214,244,0,183,205,0,15,0,255,26,175,144,24,170,132,0,12,6,50,134,214,253,0,253,86,253,164,253,32,254,0,254,58,145,181,58,0,0,1,4,4,1,1,4,0,1,200,200,200,200,255,255,255,255,255,255,255,0,0,0,64,3,0,0,0,0,0,0,0,0,0,0,95,0,0,0,0,38,102,48,32,5,10,0,0,0,0,0,0,0,0,0,8,8,0,2,0,0,0,62,0,255,255,0,52,0,0,0,0,0,0,12,0,0,0,0,0,0,0,0,0,96,7,0,3,132,215,254,214,244
2026-08-07_10-37-20,1,97,0,0.0,0,40.0,3,3,0,183,205,0,15,0,255,26,175,144,24,170,132,0,12,6,50,134,214,253,0,253,86,253,164,253,32,254,0,254,58,145,181,58,0,0,1,4,4,1,1,4,0,1,200,200,200,200,255,255,255,255,255,255,255,0,0,0,64,3,0,0,0,0,0,0,0,0,0,0,95,0,0,0,0,38,102,48,32,5,10,0,0,0,0,0,0,0,0,0,8,8,0,2,0,0,0,62,0,255,255,0,52,0,0,0,0,0,0,12,0,0,0,0,0,0,0,0,0,96,7,0,3,132,215,254,214,244,0,187,109,0,15,0,255,26,175,144,24,170,132,0,12,6,50,134,228,253,27,253,115,253,192,253,32,254,0,254,60,143,179,60,0,0,1,4,4,1,1,4,0,1,200,200,200,200,255,255,255,255,255,255,255,0,0,0,64,3,0,0,0,0,0,0,0,0,0,0,95,0,0,0,0,38,70,48,32,1,2,0,0,0,0,0,0,0,0,2,10,10,2,1,2,0,2,62,0,255,255,0,52,0,0,0,0,0,0,12,0,0,0,0,0,0,0,0,0,96,7,0,3,132,215,254,214,244
2026-08-07_10-37-20,1,98,0,0.0,0,40.0,3,3,0,187,109,0,15,0,255,26,175,144,24,170,132,0,12,6,50,134,228,253,27,253,115,253,192,253,32,254,0,254,60,143,179,60,0,0,1,4,4,1,1,4,0,1,200,200,200,200,255,255,255,255,255,255,255,0,0,0,64,3,0,0,0,0,0,0,0,0,0,0,95,0,0,0,0,38,70,48,32,1,2,0,0,0,0,0,0,0,0,2,10,10,2,1,2,0,2,62,0,255,255,0,52,0,0,0,0,0,0,12,0,0,0,0,0,0,0,0,0,96,7,0,3,132,215,254,214,244,0,191,109,0,15,0,255,26,175,144,24,170,132,0,12,6,50,134,227,253,27,253,115,253,178,253,32,254,0,254,61,142,178,61,0,0,1,4,4,1,1,4,0,1,200,200,200,200,255,255,255,255,255,255,255,0,0,0,64,3,0,0,0,0,0,0,0,0,0,0,95,0,0,0,0,38,54,48,32,13,10,0,0,0,0,0,0,0,0,2,10,10,2,0,2,0,1,62,0,255,255,0,52,0,0,0,0,0,0,12,0,0,0,0,0,0,0,0,0,96,7,0,3,132,215,254,214,244
2026-08-07_10-37-20,1,99,0,0.0,0,40.0,3,3,0,191,109,0,15,0,255,26,175,144,24,170,132,0,12,6,50,134,227,253,27,253,115,253,178,253,32,254,0,254,61,142,178,61,0,0,1,4,4,1,1,4,0,1,200,200,200,200,255,255,255,255,255,255,255,0,0,0,64,3,0,0,0,0,0,0,0,0,0,0,95,0,0,0,0,38,54,48,32,13,10,0,0,0,0,0,0,0,0,2,10,10,2,0,2,0,1,62,0,255,255,0,52,0,0,0,0,0,0,12,0,0,0,0,0,0,0,0,0,96,7,0,3,132,215,254,214,244,0,195,104,0,15,0,255,26,175,144,24,170,132,0,12,6,50,134,227,253,13,253,100,253,164,253,32,254,0,254,63,140,176,63,0,0,1,4,4,1,1,4,0,1,200,200,200,200,255,255,255,255,255,255,255,0,0,0,64,3,0,0,0,0,0,0,0,0,0,0,95,0,0,0,0,38,22,48,32,9,2,0,0,0,0,0,0,0,0,1,9,9,1,0,1,0,0,62,0,255,255,0,51,0,0,0,0,0,0,12,0,0,0,0,0,0,0,0,0,96,7,0,3,132,215,254,214,244
2026-08-07_10-37-20,1,100,0,0.0,0,40.0,3,3,0,195,104,0,15,0,255,26,175,144,24,170,132,0,12,6,50,134,227,253,13,253,100,253,164,253,32,254,0,254,63,140,176,63,0,0,1,4,4,1,1,4,0,1,200,200,200,200,255,255,255,255,255,255,255,0,0,0,64,3,0,0,0,0,0,0,0,0,0,0,95,0,0,0,0,38,22,48,32,9,2,0,0,0,0,0,0,0,0,1,9,9,1,0,1,0,0,62,0,255,255,0,51,0,0,0,0,0,0,12,0,0,0,0,0,0,0,0,0,96,7,0,3,132,215,254,214,244,0,199,104,0,13,0,255,26,175,144,24,170,132,0,12,6,50,134,228,253,13,253,100,253,192,253,32,254,0,254,64,139,175,64,0,0,1,4,4,1,1,4,0,1,200,200,200,200,255,255,255,255,255,255,255,0,0,0,64,3,0,0,0,0,0,0,0,0,0,0,95,0,0,0,0,38,6,48,32,5,10,0,0,0,0,0,0,0,0,1,9,9,1,1,1,0,2,63,0,255,255,0,51,0,0,0,0,0,0,12,0,0,0,0,0,0,0,0,0,96,7,0,3,132,215,254,214,244
2026-08-07_10-37-20,1,101,5,0.0,0,40.0,3,3,0,199,104,0,13,0,255,26,175,144,24,170,132,0,12,6,50,134,228,253,13,253,100,253,192,253,32,254,0,254,64,139,175,64,0,0,1,4,4,1,1,4,0,1,200,200,200,200,255,255,255,255,255,255,255,0,0,0,64,3,0,0,0,0,0,0,0,0,0,0,95,0,0,0,0,38,6,48,32,5,10,0,0,0,0,0,0,0,0,1,9,9,1,1,1,0,2,63,0,255,255,0,51,0,0,0,0,0,0,12,0,0,0,0,0,0,0,0,0,96,7,0,3,132,215,254,214,244,0,203,65,0,13,0,255,26,175,144,24,170,132,0,12,6,50,134,214,253,0,253,86,253,178,253,32,254,0,254,66,137,173,66,0,0,1,4,4,1,1,4,0,1,200,200,200,200,255,255,255,255,255,255,255,0,0,0,64,3,0,0,0,0,0,0,0,0,0,0,95,0,0,0,0,38,230,48,32,1,2,0,0,0,0,0,0,0,0,0,8,8,0,2,0,0,1,67,0,255,255,0,51,0,0,0,0,0,0,12,0,0,0,0,0,0,0,0,0,96,7,0,3,132,215,254,214,244
2026-08-07_10-37-20,1,102,5,0.0,0,40.0,3,3,0,203,65,0,13,0,255,26,175,144,24,170,132,0,12,6,50,134,214,253,0,253,86,253,178,253,32,254,0,254,66,137,173,66,0,0,1,4,4,1,1,4,0,1,200,200,200,200,255,255,255,255,255,255,255,0,0,0,64,3,0,0,0,0,0,0,0,0,0,0,95,0,0,0,0,38,230,48,32,1,2,0,0,0,0,0,0,0,0,0,8,8,0,2,0,0,1,67,0,255,255,0,51,0,0,0,0,0,0,12,0,0,0,0,0,0,0,0,0,96,7,0,3,132,215,254,214,244,0,207,65,0,15,0,255,26,175,144,24,170,132,0,12,6,50,134,215,253,0,253,86,253,164,253,32,254,0,254,67,136,172,67,0,0,1,4,4,1,1,4,0,1,200,200,200,200,255,255,255,255,255,255,255,0,0,0,64,3,0,0,0,0,0,0,0,0,0,0,95,0,0,0,0,38,214,48,32,13,10,0,0,0,0,0,0,0,0,0,8,8,0,3,0,0,0,70,0,255,255,0,51,0,0,0,0,0,0,12,0,0,0,0,0,0,0,0,0,96,7,0,3,132,215,254,214,244
2026-08-07_10-37-20,1,103,0,0.0,0,40.0,3,3,0,207,65,0,15,0,255,26,175,144,24,170,132,0,12,6,50,134,215,253,0,253,86,253,164,253,32,254,0,254,67,136,172,67,0,0,1,4,4,1,1,4,0,1,200,200,200,200,255,255,255,255,255,255,255,0,0,0,64,3,0,0,0,0,0,0,0,0,0,0,95,0,0,0,0,38,214,48,32,13,10,0,0,0,0,0,0,0,0,0,8,8,0,3,0,0,0,70,0,255,255,0,51,0,0,0,0,0,0,12,0,0,0,0,0,0,0,0,0,96,7,0,3,132,215,254,214,244,0,211,10,0,15,0,255,26,175,144,24,170,132,0,12,6,50,134,231,253,27,253,115,253,192,253,32,254,0,254,69,134,170,69,0,0,1,4,4,1,1,4,0,1,200,200,200,200,255,255,255,255,255,255,255,0,0,0,64,3,0,0,0,0,0,0,0,0,0,0,95,0,0,0,0,38,182,48,32,9,2,0,0,0,0,0,0,0,0,2,10,10,2,4,2,0,2,70,0,255,255,0,51,0,0,0,0,0,0,12,0,0,0,0,0,0,0,0,0,96,7,0,3,132,215,254,214,244
2026-08-07_10-37-20,1,104,0,0.0,0,40.0,3,3,0,211,10,0,15,0,255,26,175,144,24,170,132,0,12,6,50,134,231,253,27,253,115,253,192,253,32,254,0,254,69,134,170,69,0,0,1,4,4,1,1,4,0,1,200,200,200,200,255,255,255,255,255,255,255,0,0,0,64,3,0,0,0,0,0,0,0,0,0,0,95,0,0,0,0,38,182,48,32,9,2,0,0,0,0,0,0,0,0,2,10,10,2,4,2,0,2,70,0,255,255,0,51,0,0,0,0,0,0,12,0,0,0,0,0,0,0,0,0,96,7,0,3,132,215,254,214,244,0,215,10,0,15,0,255,26,175,144,24,170,132,0,12,6,50,134,232,253,27,253,115,253,178,253,32,254,0,254,70,133,169,70,0,0,1,4,4,1,1,4,0,1,200,200,200,200,255,255,255,255,255,255,255,0,0,0,64,3,0,0,0,0,0,0,0,0,0,0,95,0,0,0,0,38,166,48,32,5,10,0,0,0,0,0,0,0,0,2,10,10,2,5,2,0,1,70,0,255,255,0,51,0,0,0,0,0,0,12,0,0,0,0,0,0,0,0,0,96,7,0,3,132,215,254,214,244
2026-08-07_10-37-20,1,105,0,0.0,0,40.0,3,3,0,215,10,0,15,0,255,26,175,144,24,170,132,0,12,6,50,134,232,253,27,253,115,253,178,253,32,254,0,254,70,133,169,70,0,0,1,4,4,1,1,4,0,1,200,200,200,200,255,255,255,255,255,255,255,0,0,0,64,3,0,0,0,0,0,0,0,0,0,0,95,0,0,0,0,38,166,48,32,5,10,0,0,0,0,0,0,0,0,2,10,10,2,5,2,0,1,70,0,255,255,0,51,0,0,0,0,0,0,12,0,0,0,0,0,0,0,0,0,96,7,0,3,132,215,254,214,244,0,219,82,0,15,0,255,26,175,144,24,170,132,0,12,6,50,134,233,253,13,253,100,253,164,253,32,254,0,254,72,131,167,72,0,0,1,4,4,1,1,4,0,1,200,200,200,200,255,255,255,255,255,255,255,0,0,0,64,3,0,0,0,0,0,0,0,0,0,0,95,0,0,0,0,38,119,48,32,1,2,0,0,0,0,0,0,0,0,1,9,9,1,6,1,0,0,70,0,255,255,0,51,0,0,0,0,0,0,12,0,0,0,0,0,0,0,0,0,96,7,0,3,132,215,254,214,244
2026-08-07_10-37-20,1,106,5,0.0,0,40.0,3,3,0,219,82,0,15,0,255,26,175,144,24,170,132,0,12,6,50,134,233,253,13,253,100,253,164,253,32,254,0,254,72,131,167,72,0,0,1,4,4,1,1,4,0,1,200,200,200,200,255,255,255,255,255,255,255,0,0,0,64,3,0,0,0,0,0,0,0,0,0,0,95,0,0,0,0,38,119,48,32,1,2,0,0,0,0,0,0,0,0,1,9,9,1,6,1,0,0,70,0,255,255,0,51,0,0,0,0,0,0,12,0,0,0,0,0,0,0,0,0,96,7,0,3,132,215,254,214,244,0,223,82,0,13,0,255,26,175,144,24,170,132,0,12,6,50,134,234,253,13,253,100,253,192,253,32,254,0,254,73,130,166,73,0,0,1,4,4,1,1,4,0,1,200,200,200,200,255,255,255,255,255,255,255,0,0,0,64,3,0,0,0,0,0,0,0,0,0,0,95,0,0,0,0,38,103,48,32,13,10,0,0,0,0,0,0,0,0,1,9,9,1,7,1,0,2,74,0,255,255,0,51,0,0,0,0,0,0,12,0,0,0,0,0,0,0,0,0,96,7,0,3,132,215,254,214,244
2026-08-07_10-37-20,1,107,5,0.0,0,40.0,3,3,0,223,82,0,13,0,255,26,175,144,24,170,132,0,12,6,50,134,234,253,13,253,100,253,192,253,32,254,0,254,73,130,166,73,0,0,1,4,4,1,1,4,0,1,200,200,200,200,255,255,255,255,255,255,255,0,0,0,64,3,0,0,0,0,0,0,0,0,0,0,95,0,0,0,0,38,103,48,32,13,10,0,0,0,0,0,0,0,0,1,9,9,1,7,1,0,2,74,0,255,255,0,51,0,0,0,0,0,0,12,0,0,0,0,0,0,0,0,0,96,7,0,3,132,215,254,214,244,0,227,150,0,13,0,255,26,175,144,24,170,132,0,12,6,50,134,219,253,0,253,86,253,178,253,32,254,0,254,75,128,164,75,0,0,1,4,4,1,1,4,0,1,200,200,200,200,255,255,255,255,255,255,255,0,0,0,64,3,0,0,0,0,0,0,0,0,0,0,95,0,0,0,0,38,71,48,32,9,2,0,0,0,0,0,0,0,0,0,8,8,0,7,0,0,1,78,0,255,255,0,50,0,0,0,0,0,0,12,0,0,0,0,0,0,0,0,0,96,7,0,3,132,215,254,214,244
2026-08-07_10-37-20,1,108,5,0.0,0,40.0,3,3,0,227,150,0,13,0,255,26,175,144,24,170,132,0,12,6,50,134,219,253,0,253,86,253,178,253,32,254,0,254,75,128,164,75,0,0,1,4,4,1,1,4,0,1,200,200,200,200,255,255,255,255,255,255,255,0,0,0,64,3,0,0,0,0,0,0,0,0,0,0,95,0,0,0,0,38,71,48,32,9,2,0,0,0,0,0,0,0,0,0,8,8,0,7,0,0,1,78,0,255,255,0,50,0,0,0,0,0,0,12,0,0,0,0,0,0,0,0,0,96,7,0,3,132,215,254,214,244,0,231,150,0,15,0,255,26,175,144,24,170,132,0,12,6,50,134,218,253,0,253,86,253,164,253,32,254,0,254,76,127,163,76,0,0,1,4,4,1,1,4,0,1,200,200,200,200,255,255,255,255,255,255,255,0,0,0,64,3,0,0,0,0,0,0,0,0,0,0,95,0,0,0,0,38,55,48,32,5,10,0,0,0,0,0,0,0,0,0,8,8,0,6,0,0,0,80,0,255,255,0,50,0,0,0,0,0,0,12,0,0,0,0,0,0,0,0,0,96,7,0,3,132,215,254,214,244
2026-08-07_10-37-20,1,109,0,0.0,0,40.0,3,3,0,231,150,0,15,0,255,26,175,144,24,170,132,0,12,6,50,134,218,253,0,253,86,253,164,253,32,254,0,254,76,127,163,76,0,0,1,4,4,1,1,4,0,1,200,200,200,200,255,255,255,255,255,255,255,0,0,0,64,3,0,0,0,0,0,0,0,0,0,0,95,0,0,0,0,38,55,48,32,5,10,0,0,0,0,0,0,0,0,0,8,8,0,6,0,0,0,80,0,255,255,0,50,0,0,0,0,0,0,12,0,0,0,0,0,0,0,0,0,96,7,0,3,132,215,254,214,244,0,235,177,0,15,0,255,26,175,144,24,170,132,0,12,6,50,134,232,253,27,253,115,253,192,253,32,254,0,254,78,125,161,78,0,0,1,4,4,1,1,4,0,1,200,200,200,200,255,255,255,255,255,255,255,0,0,0,64,3,0,0,0,0,0,0,0,0,0,0,95,0,0,0,0,38,23,48,32,1,2,0,0,0,0,0,0,0,0,2,10,10,2,5,2,0,2,80,0,255,255,0,50,0,0,0,0,0,0,12,0,0,0,0,0,0,0,0,0,96,7,0,3,132,215,254,214,244
2026-08-07_10-37-20,1,110,0,0.0,0,40.0,3,3,0,235,177,0,15,0,255,26,175,144,24,170,132,0,12,6,50,134,232,253,27,253,115,253,192,253,32,254,0,254,78,125,161,78,0,0,1,4,4,1,1,4,0,1,200,200,200,200,255,255,255,255,255,255,255,0,0,0,64,3,0,0,0,0,0,0,0,0,0,0,95,0,0,0,0,38,23,48,32,1,2,0,0,0,0,0,0,0,0,2,10,10,2,5,2,0,2,80,0,255,255,0,50,0,0,0,0,0,0,12,0,0,0,0,0,0,0,0,0,96,7,0,3,132,215,254,214,244,0,239,177,0,15,0,255,26,175,144,24,170,132,0,12,6,50,134,231,253,27,253,115,253,178,253,32,254,0,254,79,124,160,79,0,0,1,4,4,1,1,4,0,1,200,200,200,200,255,255,255,255,255,255,255,0,0,0,64,3,0,0,0,0,0,0,0,0,0,0,95,0,0,0,0,38,7,48,32,13,10,0,0,0,0,0,0,0,0,2,10,10,2,4,2,0,1,80,0,255,255,0,50,0,0,0,0,0,0,12,0,0,0,0,0,0,0,0,0,96,7,0,3,132,215,254,214,244
2026-08-07_10-37-20,1,111,1,0.0,0,40.0,3,3,0,239,177,0,15,0,255,26,175,144,24,170,132,0,12,6,50,134,231,253,27,253,115,253,178,253,32,254,0,254,79,124,160,79,0,0,1,4,4,1,1,4,0,1,200,200,200,200,255,255,255,255,255,255,255,0,0,0,64,3,0,0,0,0,0,0,0,0,0,0,95,0,0,0,0,38,7,48,32,13,10,0,0,0,0,0,0,0,0,2,10,10,2,4,2,0,1,80,0,255,255,0,50,0,0,0,0,0,0,12,0,0,0,0,0,0,0,0,0,96,7,0,3,132,215,254,214,244,0,243,137,0,15,0,255,26,175,144,24,170,132,0,12,6,50,134,230,253,13,253,100,253,164,253,32,254,0,254,81,122,158,81,0,0,1,4,4,1,1,4,4,1,200,200,200,200,255,255,255,255,1,255,255,0,0,0,64,3,0,0,0,0,0,0,0,0,0,0,95,0,0,0,0,38,231,48,32,9,2,0,0,0,0,0,0,0,0,1,9,9,1,3,1,0,0,80,0,255,255,0,50,118,0,0,0,0,0,16,0,0,0,0,0,0,0,0,0,96,7,0,3,132,215,254,214,244
2026-08-07_10-37-20,1,112,1,20.0,0,60.0,3,3,0,243,137,0,15,0,255,26,175,144,24,170,132,0,12,6,50,134,230,253,13,253,100,253,164,253,32,254,0,254,81,122,158,81,0,0,1,4,4,1,1,4,4,1,200,200,200,200,255,255,255,255,1,255,255,0,0,0,64,3,0,0,0,0,0,0,0,0,0,0,95,0,0,0,0,38,231,48,32,9,2,0,0,0,0,0,0,0,0,1,9,9,1,3,1,0,0,80,0,255,255,0,50,118,0,0,0,0,0,16,0,0,0,0,0,0,0,0,0,96,7,0,3,132,215,254,214,244,0,247,137,0,15,0,255,26,175,144,24,170,132,0,12,6,50,134,229,253,13,253,100,253,192,253,48,254,0,254,82,214,157,82,0,0,1,4,4,1,1,0,4,1,200,200,200,200,255,255,255,255,255,255,255,0,0,0,96,3,0,0,0,0,0,0,0,0,0,0,95,0,159,0,0,38,215,48,32,5,10,0,0,0,0,0,0,0,0,1,9,9,1,2,1,0,2,80,0,255,255,0,50,123,0,0,0,12,0,15,0,0,0,0,1,0,0,0,0,96,7,0,3,132,215,254,214,244
2026-08-07_10-37-20,1,113,1,0.0,0,60.0,3,3,0,247,137,0,15,0,255,26,175,144,24,170,132,0,12,6,50,134,229,253,13,253,100,253,192,253,48,254,0,254,82,214,157,82,0,0,1,4,4,1,1,0,4,1,200,200,200,200,255,255,255,255,255,255,255,0,0,0,96,3,0,0,0,0,0,0,0,0,0,0,95,0,159,0,0,38,215,48,32,5,10,0,0,0,0,0,0,0,0,1,9,9,1,2,1,0,2,80,0,255,255,0,50,123,0,0,0,12,0,15,0,0,0,0,1,0,0,0,0,96,7,0,3,132,215,254,214,244,0,251,78,0,15,0,255,26,175,144,24,170,132,0,12,6,50,134,213,253,0,253,86,253,178,253,48,254,0,254,84,212,155,84,0,0,1,4,4,1,1,0,4,1,200,200,200,200,255,255,255,255,255,255,255,0,0,0,96,3,0,0,0,0,0,0,0,0,0,0,95,0,158,0,0,38,183,48,32,1,2,0,0,0,0,0,0,0,0,0,8,8,0,1,0,0,1,80,0,255,255,0,50,143,0,0,0,8,0,14,0,0,0,0,1,0,0,0,0,96,7,0,3,132,215,254,214,244
2026-08-07_10-37-20,1,114,1,0.0,0,60.0,3,3,0,251,78,0,15,0,255,26,175,144,24,170,132,0,12,6,50,134,213,253,0,253,86,253,178,253,48,254,0,254,84,212,155,84,0,0,1,4,4,1,1,0,4,1,200,200,200,200,255,255,255,255,255,255,255,0,0,0,96,3,0,0,0,0,0,0,0,0,0,0,95,0,158,0,0,38,183,48,32,1,2,0,0,0,0,0,0,0,0,0,8,8,0,1,0,0,1,80,0,255,255,0,50,143,0,0,0,8,0,14,0,0,0,0,1,0,0,0,0,96,7,0,3,132,215,254,214,244,0,255,78,0,15,0,255,26,175,144,24,170,132,0,12,6,50,134,212,253,0,253,86,253,164,253,48,254,0,254,85,211,154,85,0,0,1,4,4,1,1,0,4,1,200,200,200,200,255,255,255,255,255,255,255,0,0,0,96,3,0,0,0,0,0,0,0,0,0,0,95,0,158,0,0,38,167,48,32,13,10,0,0,0,0,0,0,0,0,0,8,8,0,0,0,0,0,80,0,255,255,0,50,0,0,0,0,4,0,13,0,0,0,0,1,0,0,0,0,96,7,0,3,132,215,254,214,244
2026-08-07_10-37-20,1,115,0,0.0,0,60.0,3,3,0,255,78,0,15,0,255,26,175,144,24,170,132,0,12,6,50,134,212,253,0,253,86,253,164,253,48,254,0,254,85,211,154,85,0,0,1,4,4,1,1,0,4,1,200,200,200,200,255,255,255,255,255,255,255,0,0,0,96,3,0,0,0,0,0,0,0,0,0,0,95,0,158,0,0,38,167,48,32,13,10,0,0,0,0,0,0,0,0,0,8,8,0,0,0,0,0,80,0,255,255,0,50,0,0,0,0,4,0,13,0,0,0,0,1,0,0,0,0,96,7,0,3,132,215,254,214,244,0,3,113,0,15,0,255,26,175,144,24,170,132,0,12,6,50,134,227,253,27,253,115,253,192,253,48,254,0,254,87,209,152,87,1,0,1,4,4,1,1,0,4,1,200,200,200,200,255,255,255,255,255,255,255,0,0,0,96,3,0,0,0,0,0,0,0,0,0,0,95,0,157,0,0,38,120,48,32,9,2,0,0,0,0,0,0,0,0,2,10,10,2,0,2,0,2,80,0,255,255,0,49,0,0,0,0,0,0,13,0,0,0,0,1,0,0,0,0,96,7,0,3,132,215,254,214,244
2026-08-07_10-37-20,1,116,0,0.0,0,60.0,3,3,0,3,113,0,15,0,255,26,175,144,24,170,132,0,12,6,50,134,227,253,27,253,115,253,192,253,48,254,0,254,87,209,152,87,1,0,1,4,4,1,1,0,4,1,200,200,200,200,255,255,255,255,255,255,255,0,0,0,96,3,0,0,0,0,0,0,0,0,0,0,95,0,157,0,0,38,120,48,32,9,2,0,0,0,0,0,0,0,0,2,10,10,2,0,2,0,2,80,0,255,255,0,49,0,0,0,0,0,0,13,0,0,0,0,1,0,0,0,0,96,7,0,3,132,215,254,214,244,0,7,113,0,15,0,255,26,175,144,24,170,132,0,12,6,50,134,228,253,27,253,115,253,178,253,48,254,0,254,88,208,151,88,1,0,1,4,4,1,1,0,4,1,200,200,200,200,255,255,255,255,255,255,255,0,0,0,96,3,0,0,0,0,0,0,0,0,0,0,95,0,156,0,0,38,104,48,32,5,10,0,0,0,0,0,0,0,0,2,10,10,2,1,2,0,1,80,0,255,255,0,49,0,0,0,0,0,0,13,0,0,0,0,1,0,0,0,0,96,7,0,3,132,215,254,214,244
2026-08-07_10-37-20,1,117,0,0.0,0,60.0,3,3,0,7,113,0,15,0,255,26,175,144,24,170,132,0,12,6,50,134,228,253,27,253,115,253,178,253,48,254,0,254,88,208,151,88,1,0,1,4,4,1,1,0,4,1,200,200,200,200,255,255,255,255,255,255,255,0,0,0,96,3,0,0,0,0,0,0,0,0,0,0,95,0,156,0,0,38,104,48,32,5,10,0,0,0,0,0,0,0,0,2,10,10,2,1,2,0,1,80,0,255,255,0,49,0,0,0,0,0,0,13,0,0,0,0,1,0,0,0,0,96,7,0,3,132,215,254,214,244,0,11,143,0,15,0,255,26,175,144,24,170,132,0,12,6,50,134,229,253,13,253,100,253,164,253,48,254,0,254,90,206,149,90,1,0,1,4,4,1,1,0,4,1,200,200,200,200,255,255,255,255,255,255,255,0,0,0,96,3,0,0,0,0,0,0,0,0,0,0,95,0,155,0,0,38,72,48,32,1,2,0,0,0,0,0,0,0,0,1,9,9,1,2,1,0,0,80,0,255,255,0,49,0,0,0,0,0,0,13,0,0,0,0,1,0,0,0,0,96,7,0,3,132,215,254,214,244
2026-08-07_10-37-20,1,118,0,0.0,0,60.0,3,3,0,11,143,0,15,0,255,26,175,144,24,170,132,0,12,6,50,134,229,253,13,253,100,253,164,253,48,254,0,254,90,206,149,90,1,0,1,4,4,1,1,0,4,1,200,200,200,200,255,255,255,255,255,255,255,0,0,0,96,3,0,0,0,0,0,0,0,0,0,0,95,0,155,0,0,38,72,48,32,1,2,0,0,0,0,0,0,0,0,1,9,9,1,2,1,0,0,80,0,255,255,0,49,0,0,0,0,0,0,13,0,0,0,0,1,0,0,0,0,96,7,0,3,132,215,254,214,244,0,15,143,0,15,0,255,26,175,144,24,170,132,0,12,6,50,134,230,253,13,253,100,253,192,253,48,254,0,254,91,205,148,91,1,0,1,4,4,1,1,0,4,1,200,200,200,200,255,255,255,255,255,255,255,0,0,0,96,3,0,0,0,0,0,0,0,0,0,0,95,0,155,0,0,38,56,48,32,13,10,0,0,0,0,0,0,0,0,1,9,9,1,3,1,0,2,80,0,255,255,0,49,0,0,0,0,0,0,13,0,0,0,0,1,0,0,0,0,96,7,0,3,132,215,254,214,244
2026-08-07_10-37-20,1,119,0,0.0,0,60.0,3,3,0,15,143,0,15,0,255,26,175,144,24,170,132,0,12,6,50,134,230,253,13,253,100,253,192,253,48,254,0,254,91,205,148,91,1,0,1,4,4,1,1,0,4,1,200,200,200,200,255,255,255,255,255,255,255,0,0,0,96,3,0,0,0,0,0,0,0,0,0,0,95,0,155,0,0,38,56,48,32,13,10,0,0,0,0,0,0,0,0,1,9,9,1,3,1,0,2,80,0,255,255,0,49,0,0,0,0,0,0,13,0,0,0,0,1,0,0,0,0,96,7,0,3,132,215,254,214,244,0,19,127,0,15,0,255,26,175,144,24,170,132,0,12,6,50,134,216,253,0,253,86,253,178,253,48,254,0,254,93,203,146,93,1,0,1,4,4,1,1,0,4,1,200,200,200,200,255,255,255,255,255,255,255,0,0,0,96,3,0,0,0,0,0,0,0,0,0,0,95,0,154,0,0,38,24,48,32,9,2,0,0,0,0,0,0,0,0,0,8,8,0,4,0,0,1,80,0,255,255,0,49,0,0,0,0,0,0,13,0,0,0,0,1,0,0,0,0,96,7,0,3,132,215,254,214,244
2026-08-07_10-37-20,1,120,0,0.0,0,60.0,3,3,0,19,127,0,15,0,255,26,175,144,24,170,132,0,12,6,50,134,216,253,0,253,86,253,178,253,48,254,0,254,93,203,146,93,1,0,1,4,4,1,1,0,4,1,200,200,200,200,255,255,255,255,255,255,255,0,0,0,96,3,0,0,0,0,0,0,0,0,0,0,95,0,154,0,0,38,24,48,32,9,2,0,0,0,0,0,0,0,0,0,8,8,0,4,0,0,1,80,0,255,255,0,49,0,0,0,0,0,0,13,0,0,0,0,1,0,0,0,0,96,7,0,3,132,215,254,214,244,0,23,127,0,15,0,255,26,175,144,24,170,132,0,12,6,50,134,217,253,0,253,86,253,164,253,48,254,0,254,94,202,145,94,1,0,1,4,4,1,1,0,4,1,200,200,200,200,255,255,255,255,255,255,255,0,0,0,96,3,0,0,0,0,0,0,0,0,0,0,95,0,153,0,0,38,8,48,32,5,10,0,0,0,0,0,0,0,0,0,8,8,0,5,0,0,0,80,0,255,255,0,49,0,0,0,0,0,0,13,0,0,0,0,1,0,0,0,0,96,7,0,3,132,215,254,214,244
2026-08-07_10-37-20,1,121,0,0.0,0,60.0,3,3,0,23,127,0,15,0,255,26,175,144,24,170,132,0,12,6,50,134,217,253,0,253,86,253,164,253,48,254,0,254,94,202,145,94,1,0,1,4,4,1,1,0,4,1,200,200,200,200,255,255,255,255,255,255,255,0,0,0,96,3,0,0,0,0,0,0,0,0,0,0,95,0,153,0,0,38,8,48,32,5,10,0,0,0,0,0,0,0,0,0,8,8,0,5,0,0,0,80,0,255,255,0,49,0,0,0,0,0,0,13,0,0,0,0,1,0,0,0,0,96,7,0,3,132,215,254,214,244,0,27,252,0,15,0,255,26,175,144,24,170,132,0,12,6,50,134,233,253,27,253,115,253,192,253,48,254,0,254,96,200,143,96,1,0,1,4,4,1,1,0,4,1,200,200,200,200,255,255,255,255,255,255,255,0,0,0,96,3,0,0,0,0,0,0,0,0,0,0,95,0,152,0,0,38,232,48,32,1,2,0,0,0,0,0,0,0,0,2,10,10,2,6,2,0,2,80,0,255,255,0,49,0,0,0,0,0,0,13,0,0,0,0,1,0,0,0,0,96,7,0,3,132,215,254,214,244
2026-08-07_10-37-20,1,122,0,0.0,0,60.0,3,3,0,27,252,0,15,0,255,26,175,144,24,170,132,0,12,6,50,134,233,253,27,253,115,253,192,253,48,254,0,254,96,200,143,96,1,0,1,4,4,1,1,0,4,1,200,200,200,200,255,255,255,255,255,255,255,0,0,0,96,3,0,0,0,0,0,0,0,0,0,0,95,0,152,0,0,38,232,48,32,1,2,0,0,0,0,0,0,0,0,2,10,10,2,6,2,0,2,80,0,255,255,0,49,0,0,0,0,0,0,13,0,0,0,0,1,0,0,0,0,96,7,0,3,132,215,254,214,244,0,31,252,0,15,0,255,26,175,144,24,170,132,0,12,6,50,134,234,253,27,253,115,253,178,253,48,254,0,254,97,199,142,97,1,0,1,4,4,1,1,0,4,1,200,200,200,200,255,255,255,255,255,255,255,0,0,0,96,3,0,0,0,0,0,0,0,0,0,0,95,0,152,0,0,38,216,48,32,13,10,0,0,0,0,0,0,0,0,2,10,10,2,7,2,0,1,80,0,255,255,0,49,0,0,0,0,0,0,13,0,0,0,0,1,0,0,0,0,96,7,0,3,132,215,254,214,244
2026-08-07_10-37-20,1,123,0,0.0,0,60.0,3,3,0,31,252,0,15,0,255,26,175,144,24,170,132,0,12,6,50,134,234,253,27,253,115,253,178,253,48,254,0,254,97,199,142,97,1,0,1,4,4,1,1,0,4,1,200,200,200,200,255,255,255,255,255,255,255,0,0,0,96,3,0,0,0,0,0,0,0,0,0,0,95,0,152,0,0,38,216,48,32,13,10,0,0,0,0,0,0,0,0,2,10,10,2,7,2,0,1,80,0,255,255,0,49,0,0,0,0,0,0,13,0,0,0,0,1,0,0,0,0,96,7,0,3,132,215,254,214,244,0,35,224,0,15,0,255,26,175,144,24,170,132,0,12,6,50,134,234,253,13,253,100,253,164,253,48,254,0,254,99,197,140,99,1,0,1,4,4,1,1,0,4,1,200,200,200,200,255,255,255,255,255,255,255,0,0,0,96,3,0,0,0,0,0,0,0,0,0,0,95,0,151,0,0,38,184,48,32,9,2,0,0,0,0,0,0,0,0,1,9,9,1,7,1,0,0,80,0,255,255,0,48,0,0,0,0,0,0,13,0,0,0,0,1,0,0,0,0,96,7,0,3,132,215,254,214,244
2026-08-07_10-37-20,1,124,0,0.0,0,60.0,3,3,0,35,224,0,15,0,255,26,175,144,24,170,132,0,12,6,50,134,234,253,13,253,100,253,164,253,48,254,0,254,99,197,140,99,1,0,1,4,4,1,1,0,4,1,200,200,200,200,255,255,255,255,255,255,255,0,0,0,96,3,0,0,0,0,0,0,0,0,0,0,95,0,151,0,0,38,184,48,32,9,2,0,0,0,0,0,0,0,0,1,9,9,1,7,1,0,0,80,0,255,255,0,48,0,0,0,0,0,0,13,0,0,0,0,1,0,0,0,0,96,7,0,3,132,215,254,214,244,0,39,224,0,15,0,255,26,175,144,24,170,132,0,12,6,50,134,233,253,13,253,100,253,192,253,48,254,0,254,100,196,139,100,1,0,1,4,4,1,1,0,4,1,200,200,200,200,255,255,255,255,255,255,255,0,0,0,96,3,0,0,0,0,0,0,0,0,0,0,95,0,150,0,0,38,168,48,32,5,10,0,0,0,0,0,0,0,0,1,9,9,1,6,1,0,2,80,0,255,255,0,48,0,0,0,0,0,0,13,0,0,0,0,1,0,0,0,0,96,7,0,3,132,215,254,214,244
2026-08-07_10-37-20,1,125,0,0.0,0,60.0,3,3,0,39,224,0,15,0,255,26,175,144,24,170,132,0,12,6,50,134,233,253,13,253,100,253,192,253,48,254,0,254,100,196,139,100,1,0,1,4,4,1,1,0,4,1,200,200,200,200,255,255,255,255,255,255,255,0,0,0,96,3,0,0,0,0,0,0,0,0,0,0,95,0,150,0,0,38,168,48,32,5,10,0,0,0,0,0,0,0,0,1,9,9,1,6,1,0,2,80,0,255,255,0,48,0,0,0,0,0,0,13,0,0,0,0,1,0,0,0,0,96,7,0,3,132,215,254,214,244,0,43,7,0,15,0,255,26,175,144,24,170,132,0,12,6,50,134,217,253,0,253,86,253,178,253,48,254,0,254,102,194,137,102,1,0,1,4,4,1,1,0,4,1,200,200,200,200,255,255,255,255,255,255,255,0,0,0,96,3,0,0,0,0,0,0,0,0,0,0,95,0,149,0,0,38,121,48,32,1,2,0,0,0,0,0,0,0,0,0,8,8,0,5,0,0,1,80,0,255,255,0,48,0,0,0,0,0,0,13,0,0,0,0,1,0,0,0,0,96,7,0,3,132,215,254,214,244
2026-08-07_10-37-20,1,126,0,0.0,0,60.0,3,3,0,43,7,0,15,0,255,26,175,144,24,170,132,0,12,6,50,134,217,253,0,253,86,253,178,253,48,254,0,254,102,194,137,102,1,0,1,4,4,1,1,0,4,1,200,200,200,200,255,255,255,255,255,255,255,0,0,0,96,3,0,0,0,0,0,0,0,0,0,0,95,0,149,0,0,38,121,48,32,1,2,0,0,0,0,0,0,0,0,0,8,8,0,5,0,0,1,80,0,255,255,0,48,0,0,0,0,0,0,13,0,0,0,0,1,0,0,0,0,96,7,0,3,132,215,254,214,244,0,47,7,0,15,0,255,26,175,144,24,170,132,0,12,6,50,134,216,253,0,253,86,253,164,253,48,254,0,254,103,193,136,103,1,0,1,4,4,1,1,0,4,1,200,200,200,200,255,255,255,255,255,255,255,0,0,0,96,3,0,0,0,0,0,0,0,0,0,0,95,0,149,0,0,38,105,48,32,13,10,0,0,0,0,0,0,0,0,0,8,8,0,4,0,0,0,80,0,255,255,0,48,0,0,0,0,0,0,13,0,0,0,0,1,0,0,0,0,96,7,0,3,132,215,254,214,244
2026-08-07_10-37-20,1,127,0,0.0,0,60.0,3,3,0,47,7,0,15,0,255,26,175,144,24,170,132,0,12,6,50,134,216,253,0,253,86,253,164,253,48,254,0,254,103,193,136,103,1,0,1,4,4,1,1,0,4,1,200,200,200,200,255,255,255,255,255,255,255,0,0,0,96,3,0,0,0,0,0,0,0,0,0,0,95,0,149,0,0,38,105,48,32,13,10,0,0,0,0,0,0,0,0,0,8,8,0,4,0,0,0,80,0,255,255,0,48,0,0,0,0,0,0,13,0,0,0,0,1,0,0,0,0,96,7,0,3,132,215,254,214,244,0,51,57,0,15,0,255,26,175,144,24,170,132,0,12,6,50,134,230,253,27,253,115,253,192,253,48,254,0,254,105,191,134,105,1,0,1,4,4,1,1,0,4,1,200,200,200,200,255,255,255,255,255,255,255,0,0,0,96,3,0,0,0,0,0,0,0,0,0,0,95,0,148,0,0,38,73,48,32,9,2,0,0,0,0,0,0,0,0,2,10,10,2,3,2,0,2,80,0,255,255,0,48,0,0,0,0,0,0,13,0,0,0,0,1,0,0,0,0,96,7,0,3,132,215,254,214,244
2026-08-07_10-37-20,1,128,0,0.0,0,60.0,3,3,0,51,57,0,15,0,255,26,175,144,24,170,132,0,12,6,50,134,230,253,27,253,115,253,192,253,48,254,0,254,105,191,134,105,1,0,1,4,4,1,1,0,4,1,200,200,200,200,255,255,255,255,255,255,255,0,0,0,96,3,0,0,0,0,0,0,0,0,0,0,95,0,148,0,0,38,73,48,32,9,2,0,0,0,0,0,0,0,0,2,10,10,2,3,2,0,2,80,0,255,255,0,48,0,0,0,0,0,0,13,0,0,0,0,1,0,0,0,0,96,7,0,3,132,215,254,214,244,0,55,57,0,14,0,255,26,175,144,24,170,132,0,12,6,50,134,229,253,27,253,115,253,178,253,48,254,0,254,106,190,133,106,0,0,1,4,4,1,1,0,4,1,200,200,200,200,255,255,255,255,255,255,255,0,0,0,96,3,0,0,0,0,0,0,0,0,0,0,95,0,147,0,0,38,57,48,32,5,10,0,0,0,0,0,0,0,0,2,10,10,2,2,2,0,1,79,0,255,255,0,48,0,0,0,0,0,0,13,0,0,0,0,1,0,0,0,0,96,7,0,3,132,215,254,214,244
2026-08-07_10-37-20,1,129,2,0.0,0,60.0,3,3,0,55,57,0,14,0,255,26,175,144,24,170,132,0,12,6,50,134,229,253,27,253,115,253,178,253,48,254,0,254,106,190,133,106,0,0,1,4,4,1,1,0,4,1,200,200,200,200,255,255,255,255,255,255,255,0,0,0,96,3,0,0,0,0,0,0,0,0,0,0,95,0,147,0,0,38,57,48,32,5,10,0,0,0,0,0,0,0,0,2,10,10,2,2,2,0,1,79,0,255,255,0,48,0,0,0,0,0,0,13,0,0,0,0,1,0,0,0,0,96,7,0,3,132,215,254,214,244,0,59,207,0,14,0,255,26,175,144,24,170,132,0,12,6,50,134,228,253,13,253,100,253,164,253,48,254,0,254,108,188,131,108,0,0,1,4,4,1,1,0,4,1,200,200,200,200,255,255,255,255,255,255,255,0,0,0,96,3,0,0,0,0,0,0,0,0,0,0,95,0,146,0,0,38,25,48,32,1,2,0,0,0,0,0,0,0,0,1,9,9,1,1,1,0,0,75,0,255,255,0,48,0,0,0,0,0,0,13,0,0,0,0,1,0,0,0,0,96,7,0,3,132,215,254,214,244
2026-08-07_10-37-20,1,130,2,0.0,0,60.0,3,3,0,59,207,0,14,0,255,26,175,144,24,170,132,0,12,6,50,134,228,253,13,253,100,253,164,253,48,254,0,254,108,188,131,108,0,0,1,4,4,1,1,0,4,1,200,200,200,200,255,255,255,255,255,255,255,0,0,0,96,3,0,0,0,0,0,0,0,0,0,0,95,0,146,0,0,38,25,48,32,1,2,0,0,0,0,0,0,0,0,1,9,9,1,1,1,0,0,75,0,255,255,0,48,0,0,0,0,0,0,13,0,0,0,0,1,0,0,0,0,96,7,0,3,132,215,254,214,244,0,63,207,0,14,0,255,26,175,144,24,170,132,0,12,6,50,134,227,253,13,253,100,253,192,253,48,254,0,254,109,187,130,109,0,0,1,4,4,1,1,0,4,1,200,200,200,200,255,255,255,255,255,255,255,0,0,0,96,3,0,0,0,0,0,0,0,0,0,0,95,0,146,0,0,38,9,48,32,13,10,0,0,0,0,0,0,0,0,1,9,9,1,0,1,0,2,71,0,255,255,0,48,0,0,0,0,0,0,13,0,0,0,0,1,0,0,0,0,96,7,0,3,132,215,254,214,244
2026-08-07_10-37-20,1,131,2,0.0,0,60.0,3,3,0,63,207,0,14,0,255,26,175,144,24,170,132,0,12,6,50,134,227,253,13,253,100,253,192,253,48,254,0,254,109,187,130,109,0,0,1,4,4,1,1,0,4,1,200,200,200,200,255,255,255,255,255,255,255,0,0,0,96,3,0,0,0,0,0,0,0,0,0,0,95,0,146,0,0,38,9,48,32,13,10,0,0,0,0,0,0,0,0,1,9,9,1,0,1,0,2,71,0,255,255,0,48,0,0,0,0,0,0,13,0,0,0,0,1,0,0,0,0,96,7,0,3,132,215,254,214,244,0,67,125,0,14,0,255,26,175,144,24,170,132,0,12,6,50,134,212,253,0,253,86,253,178,253,48,254,0,254,111,185,128,111,0,0,1,4,4,1,1,0,4,1,200,200,200,200,255,255,255,255,255,255,255,0,0,0,96,3,0,0,0,0,0,0,0,0,0,0,95,0,145,0,0,38,233,48,32,9,2,0,0,0,0,0,0,0,0,0,8,8,0,0,0,0,1,67,0,255,255,0,47,0,0,0,0,0,0,13,0,0,0,0,1,0,0,0,0,96,7,0,3,132,215,254,214,244
2026-08-07_10-37-20,1,132,2,0.0,0,60.0,3,3,0,67,125,0,14,0,255,26,175,144,24,170,132,0,12,6,50,134,212,253,0,253,86,253,178,253,48,254,0,254,111,185,128,111,0,0,1,4,4,1,1,0,4,1,200,200,200,200,255,255,255,255,255,255,255,0,0,0,96,3,0,0,0,0,0,0,0,0,0,0,95,0,145,0,0,38,233,48,32,9,2,0,0,0,0,0,0,0,0,0,8,8,0,0,0,0,1,67,0,255,255,0,47,0,0,0,0,0,0,13,0,0,0,0,1,0,0,0,0,96,7,0,3,132,215,254,214,244,0,71,125,0,14,0,255,26,175,144,24,170,132,0,12,6,50,134,213,253,0,253,86,253,164,253,48,254,0,254,112,184,127,112,0,0,1,4,4,1,1,0,4,1,200,200,200,200,255,255,255,255,255,255,255,0,0,0,96,3,0,0,0,0,0,0,0,0,0,0,95,0,144,0,0,38,217,48,32,5,10,0,0,0,0,0,0,0,0,0,8,8,0,1,0,0,0,63,0,255,255,0,47,0,0,0,0,0,0,13,0,0,0,0,1,0,0,0,0,96,7,0,3,132,215,254,214,244
2026-08-07_10-37-20,1,133,2,0.0,0,60.0,3,3,0,71,125,0,14,0,255,26,175,144,24,170,132,0,12,6,50,134,213,253,0,253,86,253,164,253,48,254,0,254,112,184,127,112,0,0,1,4,4,1,1,0,4,1,200,200,200,200,255,255,255,255,255,255,255,0,0,0,96,3,0,0,0,0,0,0,0,0,0,0,95,0,144,0,0,38,217,48,32,5,10,0,0,0,0,0,0,0,0,0,8,8,0,1,0,0,0,63,0,255,255,0,47,0,0,0,0,0,0,13,0,0,0,0,1,0,0,0,0,96,7,0,3,132,215,254,214,244,0,75,236,0,14,0,255,26,175,144,24,170,132,0,12,6,50,134,229,253,27,253,115,253,192,253,48,254,0,254,114,182,125,114,0,0,1,4,4,1,1,0,4,1,200,200,200,200,255,255,255,255,255,255,255,0,0,0,96,3,0,0,0,0,0,0,0,0,0,0,95,0,143,0,0,38,185,48,32,1,2,0,0,0,0,0,0,0,0,2,10,10,2,2,2,0,2,59,0,255,255,0,47,0,0,0,0,0,0,13,0,0,0,0,1,0,0,0,0,96,7,0,3,132,215,254,214,244
2026-08-07_10-37-20,1,134,2,0.0,0,60.0,3,3,0,75,236,0,14,0,255,26,175,144,24,170,132,0,12,6,50,134,229,253,27,253,115,253,192,253,48,254,0,254,114,182,125,114,0,0,1,4,4,1,1,0,4,1,200,200,200,200,255,255,255,255,255,255,255,0,0,0,96,3,0,0,0,0,0,0,0,0,0,0,95,0,143,0,0,38,185,48,32,1,2,0,0,0,0,0,0,0,0,2,10,10,2,2,2,0,2,59,0,255,255,0,47,0,0,0,0,0,0,13,0,0,0,0,1,0,0,0,0,96,7,0,3,132,215,254,214,244,0,79,236,0,14,0,255,26,175,144,24,170,132,0,12,6,50,134,230,253,27,253,115,253,178,253,48,254,0,254,115,181,124,115,0,0,1,4,4,1,1,0,4,1,200,200,200,200,255,255,255,255,255,255,255,0,0,0,96,3,0,0,0,0,0,0,0,0,0,0,95,0,143,0,0,38,169,48,32,13,10,0,0,0,0,0,0,0,0,2,10,10,2,3,2,0,1,55,0,255,255,0,47,0,0,0,0,0,0,13,0,0,0,0,1,0,0,0,0,96,7,0,3,132,215,254,214,244
2026-08-07_10-37-20,1,135,2,0.0,0,60.0,3,3,0,79,236,0,14,0,255,26,175,144,24,170,132,0,12,6,50,134,230,253,27,253,115,253,178,253,48,254,0,254,115,181,124,115,0,0,1,4,4,1,1,0,4,1,200,200,200,200,255,255,255,255,255,255,255,0,0,0,96,3,0,0,0,0,0,0,0,0,0,0,95,0,143,0,0,38,169,48,32,13,10,0,0,0,0,0,0,0,0,2,10,10,2,3,2,0,1,55,0,255,255,0,47,0,0,0,0,0,0,13,0,0,0,0,1,0,0,0,0,96,7,0,3,132,215,254,214,244,0,83,100,0,15,0,255,26,175,144,24,170,132,0,12,6,50,134,231,253,13,253,100,253,164,253,48,254,0,254,117,179,122,117,0,0,1,4,4,1,1,0,4,1,200,200,200,200,255,255,255,255,255,255,255,0,0,0,96,3,0,0,0,0,0,0,0,0,0,0,95,0,142,0,0,38,122,48,32,9,2,0,0,0,0,0,0,0,0,1,9,9,1,4,1,0,0,53,0,255,255,0,47,0,0,0,0,0,0,13,0,0,0,0,1,0,0,0,0,96,7,0,3,132,215,254,214,244
2026-08-07_10-37-20,1,136,1,0.0,0,60.0,3,3,0,83,100,0,15,0,255,26,175,144,24,170,132,0,12,6,50,134,231,253,13,253,100,253,164,253,48,254,0,254,117,179,122,117,0,0,1,4,4,1,1,0,4,1,200,200,200,200,255,255,255,255,255,255,255,0,0,0,96,3,0,0,0,0,0,0,0,0,0,0,95,0,142,0,0,38,122,48,32,9,2,0,0,0,0,0,0,0,0,1,9,9,1,4,1,0,0,53,0,255,255,0,47,0,0,0,0,0,0,13,0,0,0,0,1,0,0,0,0,96,7,0,3,132,215,254,214,244,0,87,100,0,15,0,255,26,175,144,24,170,132,0,12,6,50,134,232,253,13,253,100,253,192,253,48,254,0,254,118,178,121,118,0,0,1,4,4,1,1,0,4,1,200,200,200,200,255,255,255,255,255,255,255,0,0,0,96,3,0,0,0,0,0,0,0,0,0,0,95,0,141,0,0,38,106,48,32,5,10,0,0,0,0,0,0,0,0,1,9,9,1,5,1,0,2,53,0,255,255,0,47,123,0,0,0,0,0,15,0,0,0,0,1,0,0,0,0,96,7,0,3,132,215,254,214,244
2026-08-07_10-37-20,1,137,1,0.0,0,60.0,3,3,0,87,100,0,15,0,255,26,175,144,24,170,132,0,12,6,50,134,232,253,13,253,100,253,192,253,48,254,0,254,118,178,121,118,0,0,1,4,4,1,1,0,4,1,200,200,200,200,255,255,255,255,255,255,255,0,0,0,96,3,0,0,0,0,0,0,0,0,0,0,95,0,141,0,0,38,106,48,32,5,10,0,0,0,0,0,0,0,0,1,9,9,1,5,1,0,2,53,0,255,255,0,47,123,0,0,0,0,0,15,0,0,0,0,1,0,0,0,0,96,7,0,3,132,215,254,214,244,0,91,34,0,15,0,255,26,175,144,24,170,132,0,12,6,50,134,218,253,0,253,86,253,178,253,48,254,0,254,120,176,119,120,0,0,1,4,4,1,1,0,4,1,200,200,200,200,255,255,255,255,255,255,255,0,0,0,96,3,0,0,0,0,0,0,0,0,0,0,95,0,140,0,0,38,74,48,32,1,2,0,0,0,0,0,0,0,0,0,8,8,0,6,0,0,1,53,0,255,255,0,47,143,0,0,0,0,0,14,0,0,0,0,1,0,0,0,0,96,7,0,3,132,215,254,214,244
2026-08-07_10-37-20,1,138,1,0.0,0,60.0,3,3,0,91,34,0,15,0,255,26,175,144,24,170,132,0,12,6,50,134,218,253,0,253,86,253,178,253,48,254,0,254,120,176,119,120,0,0,1,4,4,1,1,0,4,1,200,200,200,200,255,255,255,255,255,255,255,0,0,0,96,3,0,0,0,0,0,0,0,0,0,0,95,0,140,0,0,38,74,48,32,1,2,0,0,0,0,0,0,0,0,0,8,8,0,6,0,0,1,53,0,255,255,0,47,143,0,0,0,0,0,14,0,0,0,0,1,0,0,0,0,96,7,0,3,132,215,254,214,244,0,95,34,0,15,0,255,26,175,144,24,170,132,0,12,6,50,134,219,253,0,253,86,253,164,253,48,254,0,254,121,175,118,121,0,0,1,4,4,1,1,0,4,1,200,200,200,200,255,255,255,255,255,255,255,0,0,0,96,3,0,0,0,0,0,0,0,0,0,0,95,0,140,0,0,38,58,48,32,13,10,0,0,0,0,0,0,0,0,0,8,8,0,7,0,0,0,53,0,255,255,0,47,0,0,0,0,0,0,13,0,0,0,0,1,0,0,0,0,96,7,0,3,132,215,254,214,244
2026-08-07_10-37-20,1,139,0,0.0,0,60.0,3,3,0,95,34,0,15,0,255,26,175,144,24,170,132,0,12,6,50,134,219,253,0,253,86,253,164,253,48,254,0,254,121,175,118,121,0,0,1,4,4,1,1,0,4,1,200,200,200,200,255,255,255,255,255,255,255,0,0,0,96,3,0,0,0,0,0,0,0,0,0,0,95,0,140,0,0,38,58,48,32,13,10,0,0,0,0,0,0,0,0,0,8,8,0,7,0,0,0,53,0,255,255,0,47,0,0,0,0,0,0,13,0,0,0,0,1,0,0,0,0,96,7,0,3,132,215,254,214,244,0,99,17,0,15,0,255,26,175,144,24,170,132,0,12,6,50,134,234,253,27,253,115,253,192,253,48,254,0,254,123,173,116,123,0,0,1,4,4,1,1,0,4,1,200,200,200,200,255,255,255,255,255,255,255,0,0,0,96,3,0,0,0,0,0,0,0,0,0,0,95,0,139,0,0,38,26,48,32,9,2,0,0,0,0,0,0,0,0,2,10,10,2,7,2,0,2,53,0,255,255,0,46,123,0,0,0,0,0,15,0,0,0,0,1,0,0,0,0,96,7,0,3,132,215,254,214,244
2026-08-07_10-37-20,1,140,0,0.0,0,60.0,3,3,0,99,17,0,15,0,255,26,175,144,24,170,132,0,12,6,50,134,234,253,27,253,115,253,192,253,48,254,0,254,123,173,116,123,0,0,1,4,4,1,1,0,4,1,200,200,200,200,255,255,255,255,255,255,255,0,0,0,96,3,0,0,0,0,0,0,0,0,0,0,95,0,139,0,0,38,26,48,32,9,2,0,0,0,0,0,0,0,0,2,10,10,2,7,2,0,2,53,0,255,255,0,46,123,0,0,0,0,0,15,0,0,0,0,1,0,0,0,0,96,7,0,3,132,215,254,214,244,0,103,17,0,15,0,255,26,175,144,24,170,132,0,12,6,50,134,233,253,27,253,115,253,178,253,48,254,0,254,124,172,115,124,0,0,1,4,4,1,1,0,4,1,200,200,200,200,255,255,255,255,255,255,255,0,0,0,96,3,0,0,0,0,0,0,0,0,0,0,95,0,138,0,0,38,10,48,32,5,10,0,0,0,0,0,0,0,0,2,10,10,2,6,2,0,1,53,0,255,255,0,46,143,0,0,0,0,0,14,0,0,0,0,1,0,0,0,0,96,7,0,3,132,215,254,214,244
2026-08-07_10-37-20,1,141,0,0.0,0,60.0,3,3,0,103,17,0,15,0,255,26,175,144,24,170,132,0,12,6,50,134,233,253,27,253,115,253,178,253,48,254,0,254,124,172,115,124,0,0,1,4,4,1,1,0,4,1,200,200,200,200,255,255,255,255,255,255,255,0,0,0,96,3,0,0,0,0,0,0,0,0,0,0,95,0,138,0,0,38,10,48,32,5,10,0,0,0,0,0,0,0,0,2,10,10,2,6,2,0,1,53,0,255,255,0,46,143,0,0,0,0,0,14,0,0,0,0,1,0,0,0,0,96,7,0,3,132,215,254,214,244,0,107,140,0,15,0,255,26,175,144,24,170,132,0,12,6,50,134,232,253,13,253,100,253,164,253,48,254,0,254,126,170,113,126,0,0,1,4,4,1,1,0,4,1,200,200,200,200,255,255,255,255,255,255,255,0,0,0,96,3,0,0,0,0,0,0,0,0,0,0,95,0,137,0,0,38,234,48,32,1,2,0,0,0,0,0,0,0,0,1,9,9,1,5,1,0,0,53,0,255,255,0,46,0,0,0,0,0,0,13,0,0,0,0,1,0,0,0,0,96,7,0,3,132,215,254,214,244
2026-08-07_10-37-20,1,142,0,0.0,0,60.0,3,3,0,107,140,0,15,0,255,26,175,144,24,170,132,0,12,6,50,134,232,253,13,253,100,253,164,253,48,254,0,254,126,170,113,126,0,0,1,4,4,1,1,0,4,1,200,200,200,200,255,255,255,255,255,255,255,0,0,0,96,3,0,0,0,0,0,0,0,0,0,0,95,0,137,0,0,38,234,48,32,1,2,0,0,0,0,0,0,0,0,1,9,9,1,5,1,0,0,53,0,255,255,0,46,0,0,0,0,0,0,13,0,0,0,0,1,0,0,0,0,96,7,0,3,132,215,254,214,244,0,111,140,0,15,0,255,26,175,144,24,170,132,0,12,6,50,134,231,253,13,253,100,253,192,253,48,254,0,254,127,169,112,127,0,0,1,4,4,1,1,0,4,1,200,200,200,200,255,255,255,255,255,255,255,0,0,0,96,3,0,0,0,0,0,0,0,0,0,0,95,0,137,0,0,38,218,48,32,13,10,0,0,0,0,0,0,0,0,1,9,9,1,4,1,0,2,53,0,255,255,0,46,0,0,0,0,0,0,13,0,0,0,0,1,0,0,0,0,96,7,0,3,132,215,254,214,244
2026-08-07_10-37-20,1,143,0,0.0,0,60.0,3,3,0,111,140,0,15,0,255,26,175,144,24,170,132,0,12,6,50,134,231,253,13,253,100,253,192,253,48,254,0,254,127,169,112,127,0,0,1,4,4,1,1,0,4,1,200,200,200,200,255,255,255,255,255,255,255,0,0,0,96,3,0,0,0,0,0,0,0,0,0,0,95,0,137,0,0,38,218,48,32,13,10,0,0,0,0,0,0,0,0,1,9,9,1,4,1,0,2,53,0,255,255,0,46,0,0,0,0,0,0,13,0,0,0,0,1,0,0,0,0,96,7,0,3,132,215,254,214,244,0,115,103,0,15,0,255,26,175,144,24,170,132,0,12,6,50,134,215,253,0,253,86,253,178,253,48,254,0,254,129,167,110,129,0,0,1,4,4,1,0,0,4,0,200,200,200,200,255,255,255,255,255,2,255,0,0,0,96,3,0,0,0,0,0,0,0,0,0,0,95,0,136,0,0,38,96,48,32,9,2,0,0,0,0,0,0,0,0,0,8,8,0,3,0,0,1,53,0,255,255,0,46,0,0,0,0,0,0,13,0,0,0,0,1,0,0,0,0,96,7,0,3,132,215,254,214,244
2026-08-07_10-37-20,1,144,0,20.0,0,80.0,3,3,0,115,103,0,15,0,255,26,175,144,24,170,132,0,12,6,50,134,215,253,0,253,86,253,178,253,48,254,0,254,129,167,110,129,0,0,1,4,4,1,0,0,4,0,200,200,200,200,255,255,255,255,255,2,255,0,0,0,96,3,0,0,0,0,0,0,0,0,0,0,95,0,136,0,0,38,96,48,32,9,2,0,0,0,0,0,0,0,0,0,8,8,0,3,0,0,1,53,0,255,255,0,46,0,0,0,0,0,0,13,0,0,0,0,1,0,0,0,0,96,7,0,3,132,215,254,214,244,0,119,103,0,15,0,255,26,175,144,24,170,132,0,12,6,50,134,214,253,0,253,86,253,164,253,64,254,0,254,129,167,168,129,0,0,1,4,1,1,0,0,0,0,200,200,200,200,255,255,255,255,255,255,255,0,0,0,128,3,0,0,0,0,0,0,0,0,0,0,95,0,136,0,0,38,96,48,32,9,2,0,0,0,0,0,0,0,0,0,8,0,0,2,0,0,0,53,0,255,255,0,46,0,0,22,0,0,0,13,0,0,0,0,1,1,0,0,0,96,7,0,3,132,215,254,214,244
2026-08-07_10-37-20,1,145,0,0.0,0,80.0,3,3,0,119,103,0,15,0,255,26,175,144,24,170,132,0,12,6,50,134,214,253,0,253,86,253,164,253,64,254,0,254,129,167,168,129,0,0,1,4,1,1,0,0,0,0,200,200,200,200,255,255,255,255,255,255,255,0,0,0,128,3,0,0,0,0,0,0,0,0,0,0,95,0,136,0,0,38,96,48,32,9,2,0,0,0,0,0,0,0,0,0,8,0,0,2,0,0,0,53,0,255,255,0,46,0,0,22,0,0,0,13,0,0,0,0,1,1,0,0,0,96,7,0,3,132,215,254,214,244,0,123,58,0,13,0,255,26,175,144,24,170,132,0,12,6,50,134,228,253,27,253,115,253,192,253,64,254,0,254,129,167,168,129,0,0,1,4,1,1,0,0,0,0,200,200,200,200,255,255,255,255,255,255,255,0,0,0,128,3,0,0,0,0,0,0,0,0,0,0,95,0,136,0,0,38,96,48,32,9,2,0,0,0,0,0,0,0,0,2,10,2,2,1,2,0,2,53,0,255,255,0,46,0,0,21,0,0,0,13,0,0,0,0,1,1,0,0,0,96,7,0,3,132,215,254,214,244
2026-08-07_10-37-20,1,146,5,0.0,0,80.0,3,3,0,123,58,0,13,0,255,26,175,144,24,170,132,0,12,6,50,134,228,253,27,253,115,253,192,253,64,254,0,254,129,167,168,129,0,0,1,4,1,1,0,0,0,0,200,200,200,200,255,255,255,255,255,255,255,0,0,0,128,3,0,0,0,0,0,0,0,0,0,0,95,0,136,0,0,38,96,48,32,9,2,0,0,0,0,0,0,0,0,2,10,2,2,1,2,0,2,53,0,255,255,0,46,0,0,21,0,0,0,13,0,0,0,0,1,1,0,0,0,96,7,0,3,132,215,254,214,244,0,127,58,0,13,0,255,26,175,144,24,170,132,0,12,6,50,134,227,253,27,253,115,253,178,253,64,254,0,254,129,167,168,129,0,0,1,4,1,1,0,0,0,0,200,200,200,200,255,255,255,255,255,255,255,0,0,0,128,3,0,0,0,0,0,0,0,0,0,0,95,0,136,0,0,38,96,48,32,9,2,0,0,0,0,0,0,0,0,2,10,2,2,0,2,0,1,53,0,255,255,0,46,0,0,20,0,0,0,13,0,0,0,0,1,1,0,0,0,96,7,0,3,132,215,254,214,244
2026-08-07_10-37-20,1,147,5,0.0,0,80.0,3,3,0,127,58,0,13,0,255,26,175,144,24,170,132,0,12,6,50,134,227,253,27,253,115,253,178,253,64,254,0,254,129,167,168,129,0,0,1,4,1,1,0,0,0,0,200,200,200,200,255,255,255,255,255,255,255,0,0,0,128,3,0,0,0,0,0,0,0,0,0,0,95,0,136,0,0,38,96,48,32,9,2,0,0,0,0,0,0,0,0,2,10,2,2,0,2,0,1,53,0,255,255,0,46,0,0,20,0,0,0,13,0,0,0,0,1,1,0,0,0,96,7,0,3,132,215,254,214,244,0,131,215,0,13,0,255,26,175,144,24,170,132,0,12,6,50,134,227,253,13,253,100,253,164,253,64,254,0,254,129,167,168,129,0,0,1,4,1,1,0,0,0,0,200,200,200,200,255,255,255,255,255,255,255,0,0,0,128,3,0,0,0,0,0,0,0,0,0,0,95,0,136,0,0,38,96,48,32,9,2,0,0,0,0,0,0,0,0,1,9,1,1,0,1,0,0,53,0,255,255,0,46,0,0,19,0,0,0,13,0,0,0,0,1,1,0,0,0,96,7,0,3,132,215,254,214,244
2026-08-07_10-37-20,1,148,5,0.0,0,80.0,3,3,0,131,215,0,13,0,255,26,175,144,24,170,132,0,12,6,50,134,227,253,13,253,100,253,164,253,64,254,0,254,129,167,168,129,0,0,1,4,1,1,0,0,0,0,200,200,200,200,255,255,255,255,255,255,255,0,0,0,128,3,0,0,0,0,0,0,0,0,0,0,95,0,136,0,0,38,96,48,32,9,2,0,0,0,0,0,0,0,0,1,9,1,1,0,1,0,0,53,0,255,255,0,46,0,0,19,0,0,0,13,0,0,0,0,1,1,0,0,0,96,7,0,3,132,215,254,214,244,0,135,215,0,15,0,255,26,175,144,24,170,132,0,12,6,50,134,228,253,13,253,100,253,192,253,64,254,0,254,129,167,168,129,0,0,1,4,1,1,0,0,0,0,200,200,200,200,255,255,255,255,255,255,255,0,0,0,128,3,0,0,0,0,0,0,0,0,0,0,95,0,136,0,0,38,96,48,32,9,2,0,0,0,0,0,0,0,0,1,9,1,1,1,1,0,2,53,0,255,255,0,46,0,0,18,0,0,0,13,0,0,0,0,1,1,0,0,0,96,7,0,3,132,215,254,214,244
2026-08-07_10-37-20,1,149,0,0.0,0,80.0,3,3,0,135,215,0,15,0,255,26,175,144,24,170,132,0,12,6,50,134,228,253,13,253,100,253,192,253,64,254,0,254,129,167,168,129,0,0,1,4,1,1,0,0,0,0,200,200,200,200,255,255,255,255,255,255,255,0,0,0,128,3,0,0,0,0,0,0,0,0,0,0,95,0,136,0,0,38,96,48,32,9,2,0,0,0,0,0,0,0,0,1,9,1,1,1,1,0,2,53,0,255,255,0,46,0,0,18,0,0,0,13,0,0,0,0,1,1,0,0,0,96,7,0,3,132,215,254,214,244,0,139,187,0,15,0,255,26,175,144,24,170,132,0,12,6,50,134,214,253,0,253,86,253,178,253,64,254,0,254,129,167,168,129,0,0,1,4,1,1,0,0,0,0,200,200,200,200,255,255,255,255,255,255,255,0,0,0,128,3,0,0,0,0,0,0,0,0,0,0,95,0,136,0,0,38,96,48,32,9,2,0,0,0,0,0,0,0,0,0,8,0,0,2,0,0,1,53,0,255,255,0,46,0,0,17,0,0,0,13,0,0,0,0,1,1,0,0,0,96,7,0,3,132,215,254,214,244
2026-08-07_10-37-20,1,150,0,0.0,0,80.0,3,3,0,139,187,0,15,0,255,26,175,144,24,170,132,0,12,6,50,134,214,253,0,253,86,253,178,253,64,254,0,254,129,167,168,129,0,0,1,4,1,1,0,0,0,0,200,200,200,200,255,255,255,255,255,255,255,0,0,0,128,3,0,0,0,0,0,0,0,0,0,0,95,0,136,0,0,38,96,48,32,9,2,0,0,0,0,0,0,0,0,0,8,0,0,2,0,0,1,53,0,255,255,0,46,0,0,17,0,0,0,13,0,0,0,0,1,1,0,0,0,96,7,0,3,132,215,254,214,244,0,143,187,0,15,0,255,26,175,144,24,170,132,0,12,6,50,134,215,253,0,253,86,253,164,253,64,254,0,254,129,167,168,129,0,0,1,4,1,1,0,0,0,0,200,200,200,200,255,255,255,255,255,255,255,0,0,0,128,3,0,0,0,0,0,0,0,0,0,0,95,0,136,0,0,38,96,48,32,9,2,0,0,0,0,0,0,0,0,0,8,0,0,3,0,0,0,53,0,255,255,0,46,0,0,16,0,0,0,13,0,0,0,0,1,1,0,0,0,96,7,0,3,132,215,254,214,244
2026-08-07_10-37-20,1,151,0,0.0,0,80.0,3,3,0,143,187,0,15,0,255,26,175,144,24,170,132,0,12,6,50,134,215,253,0,253,86,253,164,253,64,254,0,254,129,167,168,129,0,0,1,4,1,1,0,0,0,0,200,200,200,200,255,255,255,255,255,255,255,0,0,0,128,3,0,0,0,0,0,0,0,0,0,0,95,0,136,0,0,38,96,48,32,9,2,0,0,0,0,0,0,0,0,0,8,0,0,3,0,0,0,53,0,255,255,0,46,0,0,16,0,0,0,13,0,0,0,0,1,1,0,0,0,96,7,0,3,132,215,254,214,244,0,147,219,0,15,0,255,26,175,144,24,170,132,0,12,6,50,134,231,253,27,253,115,253,192,253,64,254,0,254,129,167,168,129,0,0,1,4,1,1,0,0,0,0,200,200,200,200,255,255,255,255,255,255,255,0,0,0,128,3,0,0,0,0,0,0,0,0,0,0,95,0,136,0,0,38,96,48,32,9,2,0,0,0,0,0,0,0,0,2,10,2,2,4,2,0,2,53,0,255,255,0,46,0,0,15,0,0,0,13,0,0,0,0,1,1,0,0,0,96,7,0,3,132,215,254,214,244
2026-08-07_10-37-20,1,152,0,0.0,0,80.0,3,3,0,147,219,0,15,0,255,26,175,144,24,170,132,0,12,6,50,134,231,253,27,253,115,253,192,253,64,254,0,254,129,167,168,129,0,0,1,4,1,1,0,0,0,0,200,200,200,200,255,255,255,255,255,255,255,0,0,0,128,3,0,0,0,0,0,0,0,0,0,0,95,0,136,0,0,38,96,48,32,9,2,0,0,0,0,0,0,0,0,2,10,2,2,4,2,0,2,53,0,255,255,0,46,0,0,15,0,0,0,13,0,0,0,0,1,1,0,0,0,96,7,0,3,132,215,254,214,244,0,151,219,0,15,0,255,26,175,144,24,170,132,0,12,6,50,134,232,253,27,253,115,253,130,253,64,254,0,254,129,167,168,129,0,0,1,4,1,1,0,0,0,0,200,200,200,200,255,255,255,255,255,255,255,0,0,0,128,3,0,0,0,0,0,0,0,0,0,0,95,0,136,0,0,38,96,48,32,9,2,0,0,0,0,0,0,0,0,2,10,2,2,5,2,0,1,53,0,255,255,0,0,0,0,14,0,0,0,13,0,0,0,0,1,1,0,0,0,96,7,0,3,132,215,254,214,244
2026-08-07_10-37-20,1,153,0,0.0,0,80.0,3,3,0,151,219,0,15,0,255,26,175,144,24,170,132,0,12,6,50,134,232,253,27,253,115,253,130,253,64,254,0,254,129,167,168,129,0,0,1,4,1,1,0,0,0,0,200,200,200,200,255,255,255,255,255,255,255,0,0,0,128,3,0,0,0,0,0,0,0,0,0,0,95,0,136,0,0,38,96,48,32,9,2,0,0,0,0,0,0,0,0,2,10,2,2,5,2,0,1,53,0,255,255,0,0,0,0,14,0,0,0,13,0,0,0,0,1,1,0,0,0,96,7,0,3,132,215,254,214,244,0,155,216,0,15,0,255,26,175,144,24,170,132,0,12,6,50,134,233,253,13,253,100,253,130,253,64,254,0,254,129,167,168,129,0,0,1,4,1,1,0,0,0,0,200,200,200,200,255,255,255,255,255,255,255,0,0,0,128,3,0,0,0,0,0,0,0,0,0,0,95,0,136,0,0,38,96,48,32,9,2,0,0,0,0,0,0,0,0,1,9,1,1,6,1,0,0,53,0,255,255,0,0,0,0,13,0,0,0,13,0,0,0,0,1,1,0,0,0,96,7,0,3,132,215,254,214,244
2026-08-07_10-37-20,1,154,0,0.0,0,80.0,3,3,0,155,216,0,15,0,255,26,175,144,24,170,132,0,12,6,50,134,233,253,13,253,100,253,130,253,64,254,0,254,129,167,168,129,0,0,1,4,1,1,0,0,0,0,200,200,200,200,255,255,255,255,255,255,255,0,0,0,128,3,0,0,0,0,0,0,0,0,0,0,95,0,136,0,0,38,96,48,32,9,2,0,0,0,0,0,0,0,0,1,9,1,1,6,1,0,0,53,0,255,255,0,0,0,0,13,0,0,0,13,0,0,0,0,1,1,0,0,0,96,7,0,3,132,215,254,214,244,0,159,216,0,15,0,255,26,175,144,24,170,132,0,12,6,50,134,234,253,13,253,100,253,141,253,64,254,0,254,129,167,168,129,0,0,1,4,1,1,0,0,0,0,200,200,200,200,255,255,255,255,255,255,255,0,0,0,128,3,0,0,0,0,0,0,0,0,0,0,95,0,136,0,0,38,96,48,32,9,2,0,0,0,0,0,0,0,0,1,9,1,1,7,1,0,2,53,0,255,255,0,0,0,0,12,0,0,0,13,0,0,0,0,1,1,0,0,0,96,7,0,3,132,215,254,214,244
2026-08-07_10-37-20,1,155,0,0.0,0,80.0,3,3,0,159,216,0,15,0,255,26,175,144,24,170,132,0,12,6,50,134,234,253,13,253,100,253,141,253,64,254,0,254,129,167,168,129,0,0,1,4,1,1,0,0,0,0,200,200,200,200,255,255,255,255,255,255,255,0,0,0,128,3,0,0,0,0,0,0,0,0,0,0,95,0,136,0,0,38,96,48,32,9,2,0,0,0,0,0,0,0,0,1,9,1,1,7,1,0,2,53,0,255,255,0,0,0,0,12,0,0,0,13,0,0,0,0,1,1,0,0,0,96,7,0,3,132,215,254,214,244,0,163,192,0,15,0,255,26,175,144,24,170,132,0,12,6,50,134,219,253,0,253,86,253,141,253,64,254,0,254,129,167,168,129,0,0,1,4,1,1,0,0,0,0,200,200,200,200,255,255,255,255,255,255,255,0,0,0,128,3,0,0,0,0,0,0,0,0,0,0,95,0,136,0,0,38,96,48,32,9,2,0,0,0,0,0,0,0,0,0,8,0,0,7,0,0,1,53,0,255,255,0,0,0,0,11,0,0,0,13,0,0,0,0,1,1,0,0,0,96,7,0,3,132,215,254,214,244
2026-08-07_10-37-20,1,156,0,0.0,0,80.0,3,3,0,163,192,0,15,0,255,26,175,144,24,170,132,0,12,6,50,134,219,253,0,253,86,253,141,253,64,254,0,254,129,167,168,129,0,0,1,4,1,1,0,0,0,0,200,200,200,200,255,255,255,255,255,255,255,0,0,0,128,3,0,0,0,0,0,0,0,0,0,0,95,0,136,0,0,38,96,48,32,9,2,0,0,0,0,0,0,0,0,0,8,0,0,7,0,0,1,53,0,255,255,0,0,0,0,11,0,0,0,13,0,0,0,0,1,1,0,0,0,96,7,0,3,132,215,254,214,244,0,167,192,0,15,0,255,26,175,144,24,170,132,0,12,6,50,134,218,253,0,253,86,253,153,253,64,254,0,254,129,167,168,129,0,0,1,4,1,1,0,0,0,0,200,200,200,200,255,255,255,255,255,255,255,0,0,0,128,3,0,0,0,0,0,0,0,0,0,0,95,0,136,0,0,38,96,48,32,9,2,0,0,0,0,0,0,0,0,0,8,0,0,6,0,0,0,53,0,255,255,0,0,0,0,10,0,0,0,13,0,0,0,0,1,1,0,0,0,96,7,0,3,132,215,254,214,244
2026-08-07_10-37-20,1,157,0,0.0,0,80.0,3,3,0,167,192,0,15,0,255,26,175,144,24,170,132,0,12,6,50,134,218,253,0,253,86,253,153,253,64,254,0,254,129,167,168,129,0,0,1,4,1,1,0,0,0,0,200,200,200,200,255,255,255,255,255,255,255,0,0,0,128,3,0,0,0,0,0,0,0,0,0,0,95,0,136,0,0,38,96,48,32,9,2,0,0,0,0,0,0,0,0,0,8,0,0,6,0,0,0,53,0,255,255,0,0,0,0,10,0,0,0,13,0,0,0,0,1,1,0,0,0,96,7,0,3,132,215,254,214,244,0,171,6,0,15,0,255,26,175,144,24,170,132,0,12,6,50,134,232,253,27,253,115,253,153,253,64,254,0,254,129,167,168,129,0,0,1,4,1,1,0,0,0,0,200,200,200,200,255,255,255,255,255,255,255,0,0,0,128,3,0,0,0,0,0,0,0,0,0,0,95,0,136,0,0,38,96,48,32,9,2,0,0,0,0,0,0,0,0,2,10,2,2,5,2,0,2,53,0,255,255,0,0,0,0,9,0,0,0,13,0,0,0,0,1,1,0,0,0,96,7,0,3,132,215,254,214,244
2026-08-07_10-37-20,1,158,0,0.0,0,80.0,3,3,0,171,6,0,15,0,255,26,175,144,24,170,132,0,12,6,50,134,232,253,27,253,115,253,153,253,64,254,0,254,129,167,168,129,0,0,1,4,1,1,0,0,0,0,200,200,200,200,255,255,255,255,255,255,255,0,0,0,128,3,0,0,0,0,0,0,0,0,0,0,95,0,136,0,0,38,96,48,32,9,2,0,0,0,0,0,0,0,0,2,10,2,2,5,2,0,2,53,0,255,255,0,0,0,0,9,0,0,0,13,0,0,0,0,1,1,0,0,0,96,7,0,3,132,215,254,214,244,0,175,6,0,15,0,255,26,175,144,24,170,132,0,12,6,50,134,231,253,27,253,115,253,153,253,64,254,0,254,129,167,168,129,0,0,1,4,1,1,0,0,0,0,200,200,200,200,255,255,255,255,255,255,255,0,0,0,128,3,0,0,0,0,0,0,0,0,0,0,95,0,136,0,0,38,96,48,32,9,2,0,0,0,0,0,0,0,0,2,10,2,2,4,2,0,1,53,0,255,255,0,0,0,0,8,0,0,0,13,0,0,0,0,1,1,0,0,0,96,7,0,3,132,215,254,214,244
2026-08-07_10-37-20,1,159,0,0.0,0,80.0,3,3,0,175,6,0,15,0,255,26,175,144,24,170,132,0,12,6,50,134,231,253,27,253,115,253,153,253,64,254,0,254,129,167,168,129,0,0,1,4,1,1,0,0,0,0,200,200,200,200,255,255,255,255,255,255,255,0,0,0,128,3,0,0,0,0,0,0,0,0,0,0,95,0,136,0,0,38,96,48,32,9,2,0,0,0,0,0,0,0,0,2,10,2,2,4,2,0,1,53,0,255,255,0,0,0,0,8,0,0,0,13,0,0,0,0,1,1,0,0,0,96,7,0,3,132,215,254,214,244,0,179,49,0,15,0,255,26,175,144,24,170,132,0,12,6,50,134,230,253,13,253,100,253,153,253,64,254,0,254,129,167,168,129,0,0,1,4,1,1,0,0,0,0,200,200,200,200,255,255,255,255,255,255,255,0,0,0,128,3,0,0,0,0,0,0,0,0,0,0,95,0,136,0,0,38,96,48,32,9,2,0,0,0,0,0,0,0,0,1,9,1,1,3,1,0,0,53,0,255,255,0,0,0,0,7,0,0,0,13,0,0,0,0,1,1,0,0,0,96,7,0,3,132,215,254,214,244
2026-08-07_10-37-20,1,160,0,0.0,0,80.0,3,3,0,179,49,0,15,0,255,26,175,144,24,170,132,0,12,6,50,134,230,253,13,253,100,253,153,253,64,254,0,254,129,167,168,129,0,0,1,4,1,1,0,0,0,0,200,200,200,200,255,255,255,255,255,255,255,0,0,0,128,3,0,0,0,0,0,0,0,0,0,0,95,0,136,0,0,38,96,48,32,9,2,0,0,0,0,0,0,0,0,1,9,1,1,3,1,0,0,53,0,255,255,0,0,0,0,7,0,0,0,13,0,0,0,0,1,1,0,0,0,96,7,0,3,132,215,254,214,244,0,183,49,0,15,0,255,26,175,144,24,170,132,0,12,6,50,134,229,253,13,253,100,253,153,253,64,254,0,254,129,167,168,129,0,0,1,4,1,1,0,0,0,0,200,200,200,200,255,255,255,255,255,255,255,0,0,0,128,3,0,0,0,0,0,0,0,0,0,0,95,0,136,0,0,38,96,48,32,9,2,0,0,0,0,0,0,0,0,1,9,1,1,2,1,0,2,53,0,255,255,0,0,0,0,6,0,0,0,13,0,0,0,0,1,1,0,0,0,96,7,0,3,132,215,254,214,244
2026-08-07_10-37-20,1,161,0,0.0,0,80.0,3,3,0,183,49,0,15,0,255,26,175,144,24,170,132,0,12,6,50,134,229,253,13,253,100,253,153,253,64,254,0,254,129,167,168,129,0,0,1,4,1,1,0,0,0,0,200,200,200,200,255,255,255,255,255,255,255,0,0,0,128,3,0,0,0,0,0,0,0,0,0,0,95,0,136,0,0,38,96,48,32,9,2,0,0,0,0,0,0,0,0,1,9,1,1,2,1,0,2,53,0,255,255,0,0,0,0,6,0,0,0,13,0,0,0,0,1,1,0,0,0,96,7,0,3,132,215,254,214,244,0,187,141,0,15,0,255,26,175,144,24,170,132,0,12,6,50,134,213,253,0,253,86,253,153,253,64,254,0,254,129,167,168,129,0,0,1,4,1,1,0,0,0,0,200,200,200,200,255,255,255,255,255,255,255,0,0,0,128,3,0,0,0,0,0,0,0,0,0,0,95,0,136,0,0,38,96,48,32,9,2,0,0,0,0,0,0,0,0,0,8,0,0,1,0,0,1,53,0,255,255,0,0,0,0,5,0,0,0,13,0,0,0,0,1,1,0,0,0,96,7,0,3,132,215,254,214,244
2026-08-07_10-37-20,1,162,0,0.0,0,80.0,3,3,0,187,141,0,15,0,255,26,175,144,24,170,132,0,12,6,50,134,213,253,0,253,86,253,153,253,64,254,0,254,129,167,168,129,0,0,1,4,1,1,0,0,0,0,200,200,200,200,255,255,255,255,255,255,255,0,0,0,128,3,0,0,0,0,0,0,0,0,0,0,95,0,136,0,0,38,96,48,32,9,2,0,0,0,0,0,0,0,0,0,8,0,0,1,0,0,1,53,0,255,255,0,0,0,0,5,0,0,0,13,0,0,0,0,1,1,0,0,0,96,7,0,3,132,215,254,214,244,0,191,141,0,15,0,255,26,175,144,24,170,132,0,12,6,50,134,212,253,0,253,86,253,153,253,64,254,0,254,129,167,168,129,0,0,1,4,1,1,0,0,0,0,200,200,200,200,255,255,255,255,255,255,255,0,0,0,128,3,0,0,0,0,0,0,0,0,0,0,95,0,136,0,0,38,96,48,32,9,2,0,0,0,0,0,0,0,0,0,8,0,0,0,0,0,0,53,0,255,255,0,0,0,0,4,0,0,0,13,0,0,0,0,1,1,0,0,0,96,7,0,3,132,215,254,214,244
2026-08-07_10-37-20,1,163,0,0.0,0,80.0,3,3,0,191,141,0,15,0,255,26,175,144,24,170,132,0,12,6,50,134,212,253,0,253,86,253,153,253,64,254,0,254,129,167,168,129,0,0,1,4,1,1,0,0,0,0,200,200,200,200,255,255,255,255,255,255,255,0,0,0,128,3,0,0,0,0,0,0,0,0,0,0,95,0,136,0,0,38,96,48,32,9,2,0,0,0,0,0,0,0,0,0,8,0,0,0,0,0,0,53,0,255,255,0,0,0,0,4,0,0,0,13,0,0,0,0,1,1,0,0,0,96,7,0,3,132,215,254,214,244,0,195,111,0,15,0,255,26,175,144,24,170,132,0,12,6,50,134,227,253,27,253,115,253,153,253,64,254,0,254,129,167,168,129,0,0,1,4,1,1,0,0,0,0,200,200,200,200,255,255,255,255,255,255,255,0,0,0,128,3,0,0,0,0,0,0,0,0,0,0,95,0,136,0,0,38,96,48,32,9,2,0,0,0,0,0,0,0,0,2,10,2,2,0,2,0,2,53,0,255,255,0,0,0,0,3,0,0,0,13,0,0,0,0,1,1,0,0,0,96,7,0,3,132,215,254,214,244
2026-08-07_10-37-20,1,164,0,0.0,0,80.0,3,3,0,195,111,0,15,0,255,26,175,144,24,170,132,0,12,6,50,134,227,253,27,253,115,253,153,253,64,254,0,254,129,167,168,129,0,0,1,4,1,1,0,0,0,0,200,200,200,200,255,255,255,255,255,255,255,0,0,0,128,3,0,0,0,0,0,0,0,0,0,0,95,0,136,0,0,38,96,48,32,9,2,0,0,0,0,0,0,0,0,2,10,2,2,0,2,0,2,53,0,255,255,0,0,0,0,3,0,0,0,13,0,0,0,0,1,1,0,0,0,96,7,0,3,132,215,254,214,244,0,199,111,0,15,0,255,26,175,144,24,170,132,0,12,6,50,134,228,253,27,253,115,253,153,253,64,254,0,254,129,167,168,129,0,0,1,4,1,1,0,0,0,0,200,200,200,200,255,255,255,255,255,255,255,0,0,0,128,3,0,0,0,0,0,0,0,0,0,0,95,0,136,0,0,38,96,48,32,9,2,0,0,0,0,0,0,0,0,2,10,2,2,1,2,0,1,53,0,255,255,0,0,0,0,2,0,0,0,13,0,0,0,0,1,1,0,0,0,96,7,0,3,132,215,254,214,244
2026-08-07_10-37-20,1,165,0,0.0,0,80.0,3,3,0,199,111,0,15,0,255,26,175,144,24,170,132,0,12,6,50,134,228,253,27,253,115,253,153,253,64,254,0,254,129,167,168,129,0,0,1,4,1,1,0,0,0,0,200,200,200,200,255,255,255,255,255,255,255,0,0,0,128,3,0,0,0,0,0,0,0,0,0,0,95,0,136,0,0,38,96,48,32,9,2,0,0,0,0,0,0,0,0,2,10,2,2,1,2,0,1,53,0,255,255,0,0,0,0,2,0,0,0,13,0,0,0,0,1,1,0,0,0,96,7,0,3,132,215,254,214,244,0,203,120,0,15,0,255,26,175,144,24,170,132,0,12,6,50,134,229,253,13,253,100,253,153,253,64,254,0,254,129,167,168,129,0,0,1,4,1,1,0,0,0,0,200,200,200,200,255,255,255,255,255,255,255,0,0,0,128,3,0,0,0,0,0,0,0,0,0,0,95,0,136,0,0,38,96,48,32,9,2,0,0,0,0,0,0,0,0,1,9,1,1,2,1,0,0,53,0,255,255,0,0,0,0,1,0,0,0,13,0,0,0,0,1,1,0,0,0,96,7,0,3,132,215,254,214,244
2026-08-07_10-37-20,1,166,0,0.0,0,80.0,3,2,0,203,120,0,15,0,255,26,175,144,24,170,132,0,12,6,50,134,229,253,13,253,100,253,153,253,64,254,0,254,129,167,168,129,0,0,1,4,1,1,0,0,0,0,200,200,200,200,255,255,255,255,255,255,255,0,0,0,128,3,0,0,0,0,0,0,0,0,0,0,95,0,136,0,0,38,96,48,32,9,2,0,0,0,0,0,0,0,0,1,9,1,1,2,1,0,0,53,0,255,255,0,0,0,0,1,0,0,0,13,0,0,0,0,1,1,0,0,0,96,7,0,3,132,215,254,214,244,0,207,120,0,15,0,255,26,175,144,24,170,132,0,12,6,50,134,230,253,13,253,100,253,192,253,64,254,0,254,208,208,208,208,0,0,1,4,1,1,0,0,0,0,200,200,200,200,255,255,255,255,255,255,255,0,0,0,128,2,0,0,0,0,0,0,0,0,0,0,76,0,0,0,0,101,96,48,32,9,2,0,0,0,0,0,0,0,0,1,9,1,1,3,1,0,2,13,0,255,255,0,1,0,1,0,0,0,0,13,0,0,0,0,1,1,0,0,0,96,7,0,3,132,215,254,214,244
2026-08-07_10-37-20,1,167,0,0.0,0,80.0,2,2,0,207,120,0,15,0,255,26,175,144,24,170,132,0,12,6,50,134,230,253,13,253,100,253,192,253,64,254,0,254,208,208,208,208,0,0,1,4,1,1,0,0,0,0,200,200,200,200,255,255,255,255,255,255,255,0,0,0,128,2,0,0,0,0,0,0,0,0,0,0,76,0,0,0,0,101,96,48,32,9,2,0,0,0,0,0,0,0,0,1,9,1,1,3,1,0,2,13,0,255,255,0,1,0,1,0,0,0,0,13,0,0,0,0,1,1,0,0,0,96,7,0,3,132,215,254,214,244,0,211,197,0,15,0,255,26,175,144,24,170,132,0,12,6,50,134,230,253,13,253,100,253,178,253,64,254,0,254,208,208,208,208,0,0,1,4,1,1,0,0,0,0,200,200,200,200,255,255,255,255,255,255,255,0,0,0,128,2,0,0,0,0,0,0,0,0,0,0,76,0,0,0,0,101,96,48,32,9,2,0,0,0,0,0,0,0,0,1,9,1,1,3,1,0,1,13,0,255,255,0,3,0,1,0,0,0,0,13,0,0,0,0,1,1,0,0,0,96,7,0,3,132,215,254,214,244
2026-08-07_10-37-20,1,168,0,0.0,0,80.0,2,2,0,211,197,0,15,0,255,26,175,144,24,170,132,0,12,6,50,134,230,253,13,253,100,253,178,253,64,254,0,254,208,208,208,208,0,0,1,4,1,1,0,0,0,0,200,200,200,200,255,255,255,255,255,255,255,0,0,0,128,2,0,0,0,0,0,0,0,0,0,0,76,0,0,0,0,101,96,48,32,9,2,0,0,0,0,0,0,0,0,1,9,1,1,3,1,0,1,13,0,255,255,0,3,0,1,0,0,0,0,13,0,0,0,0,1,1,0,0,0,96,7,0,3,132,215,254,214,244,0,215,197,0,15,0,255,26,175,144,24,170,132,0,12,6,50,134,230,253,13,253,100,253,164,253,64,254,0,254,208,208,208,208,0,0,1,4,1,1,0,0,0,0,200,200,200,200,255,255,255,255,255,255,255,0,0,0,128,2,0,0,0,0,0,0,0,0,0,0,76,0,0,0,0,101,96,48,32,9,2,0,0,0,0,0,0,0,0,1,9,1,1,3,1,0,0,13,0,255,255,0,5,0,1,0,0,0,0,13,0,0,0,0,1,1,0,0,0,96,7,0,3,132,215,254,214,244
2026-08-07_10-37-20,1,169,0,0.0,0,80.0,2,2,0,215,197,0,15,0,255,26,175,144,24,170,132,0,12,6,50,134,230,253,13,253,100,253,164,253,64,254,0,254,208,208,208,208,0,0,1,4,1,1,0,0,0,0,200,200,200,200,255,255,255,255,255,255,255,0,0,0,128,2,0,0,0,0,0,0,0,0,0,0,76,0,0,0,0,101,96,48,32,9,2,0,0,0,0,0,0,0,0,1,9,1,1,3,1,0,0,13,0,255,255,0,5,0,1,0,0,0,0,13,0,0,0,0,1,1,0,0,0,96,7,0,3,132,215,254,214,244,0,219,47,0,15,0,255,26,175,144,24,170,132,0,12,6,50,134,230,253,13,253,100,253,192,253,64,254,0,254,208,208,208,208,0,0,1,4,1,1,0,0,0,0,200,200,200,200,255,255,255,255,255,255,255,0,0,0,128,2,0,0,0,0,0,0,0,0,0,0,76,0,0,0,0,101,96,48,32,9,2,0,0,0,0,0,0,0,0,1,9,1,1,3,1,0,2,13,0,255,255,0,7,0,1,0,0,0,0,13,0,0,0,0,1,1,0,0,0,96,7,0,3,132,215,254,214,244
2026-08-07_10-37-20,1,170,0,0.0,0,80.0,2,2,0,219,47,0,15,0,255,26,175,144,24,170,132,0,12,6,50,134,230,253,13,253,100,253,192,253,64,254,0,254,208,208,208,208,0,0,1,4,1,1,0,0,0,0,200,200,200,200,255,255,255,255,255,255,255,0,0,0,128,2,0,0,0,0,0,0,0,0,0,0,76,0,0,0,0,101,96,48,32,9,2,0,0,0,0,0,0,0,0,1,9,1,1,3,1,0,2,13,0,255,255,0,7,0,1,0,0,0,0,13,0,0,0,0,1,1,0,0,0,96,7,0,3,132,215,254,214,244,0,223,47,0,15,0,255,26,175,144,24,170,132,0,12,6,50,134,230,253,13,253,100,253,178,253,64,254,0,254,208,208,208,208,0,0,1,4,1,1,0,0,0,0,200,200,200,200,255,255,255,255,255,255,255,0,0,0,128,2,0,0,0,0,0,0,0,0,0,0,76,0,0,0,0,101,96,48,32,9,2,0,0,0,0,0,0,0,0,1,9,1,1,3,1,0,1,13,0,255,255,0,9,0,1,0,0,0,0,13,0,0,0,0,1,1,0,0,0,96,7,0,3,132,215,254,214,244
2026-08-07_10-37-20,1,171,0,0.0,0,80.0,2,2,0,223,47,0,15,0,255,26,175,144,24,170,132,0,12,6,50,134,230,253,13,253,100,253,178,253,64,254,0,254,208,208,208,208,0,0,1,4,1,1,0,0,0,0,200,200,200,200,255,255,255,255,255,255,255,0,0,0,128,2,0,0,0,0,0,0,0,0,0,0,76,0,0,0,0,101,96,48,32,9,2,0,0,0,0,0,0,0,0,1,9,1,1,3,1,0,1,13,0,255,255,0,9,0,1,0,0,0,0,13,0,0,0,0,1,1,0,0,0,96,7,0,3,132,215,254,214,244,0,227,122,0,15,0,255,26,175,144,24,170,132,0,12,6,50,134,230,253,13,253,100,253,164,253,64,254,0,254,208,208,208,208,0,0,1,4,1,1,0,0,0,0,200,200,200,200,255,255,255,255,255,255,255,0,0,0,128,2,0,0,0,0,0,0,0,0,0,0,76,0,0,0,0,101,96,48,32,9,2,0,0,0,0,0,0,0,0,1,9,1,1,3,1,0,0,13,0,255,255,0,11,0,1,0,0,0,0,13,0,0,0,0,1,1,0,0,0,96,7,0,3,132,215,254,214,244
2026-08-07_10-37-20,1,172,0,0.0,0,80.0,2,2,0,227,122,0,15,0,255,26,175,144,24,170,132,0,12,6,50,134,230,253,13,253,100,253,164,253,64,254,0,254,208,208,208,208,0,0,1,4,1,1,0,0,0,0,200,200,200,200,255,255,255,255,255,255,255,0,0,0,128,2,0,0,0,0,0,0,0,0,0,0,76,0,0,0,0,101,96,48,32,9,2,0,0,0,0,0,0,0,0,1,9,1,1,3,1,0,0,13,0,255,255,0,11,0,1,0,0,0,0,13,0,0,0,0,1,1,0,0,0,96,7,0,3,132,215,254,214,244,0,231,122,0,15,0,255,26,175,144,24,170,132,0,12,6,50,134,230,253,13,253,100,253,192,253,64,254,0,254,208,208,208,208,0,0,1,4,1,1,0,0,0,0,200,200,200,200,255,255,255,255,255,255,255,0,0,0,128,2,0,0,0,0,0,0,0,0,0,0,76,0,0,0,0,101,96,48,32,9,2,0,0,0,0,0,0,0,0,1,9,1,1,3,1,0,2,13,0,255,255,0,13,0,1,0,0,0,0,13,0,0,0,0,1,1,0,0,0,96,7,0,3,132,215,254,214,244
2026-08-07_10-37-20,1,173,0,0.0,0,80.0,2,2,0,231,122,0,15,0,255,26,175,144,24,170,132,0,12,6,50,134,230,253,13,253,100,253,192,253,64,254,0,254,208,208,208,208,0,0,1,4,1,1,0,0,0,0,200,200,200,200,255,255,255,255,255,255,255,0,0,0,128,2,0,0,0,0,0,0,0,0,0,0,76,0,0,0,0,101,96,48,32,9,2,0,0,0,0,0,0,0,0,1,9,1,1,3,1,0,2,13,0,255,255,0,13,0,1,0,0,0,0,13,0,0,0,0,1,1,0,0,0,96,7,0,3,132,215,254,214,244,0,235,213,0,15,0,255,26,175,144,24,170,132,0,12,6,50,134,230,253,13,253,100,253,178,253,64,254,0,254,208,208,208,208,0,0,1,4,1,1,0,0,0,0,200,200,200,200,255,255,255,255,255,255,255,0,0,0,128,2,0,0,0,0,0,0,0,0,0,0,76,0,0,0,0,101,96,48,32,9,2,0,0,0,0,0,0,0,0,1,9,1,1,3,1,0,1,13,0,255,255,0,15,0,1,0,0,0,0,13,0,0,0,0,1,1,0,0,0,96,7,0,3,132,215,254,214,244
2026-08-07_10-37-20,1,174,0,0.0,0,80.0,2,2,0,235,213,0,15,0,255,26,175,144,24,170,132,0,12,6,50,134,230,253,13,253,100,253,178,253,64,254,0,254,208,208,208,208,0,0,1,4,1,1,0,0,0,0,200,200,200,200,255,255,255,255,255,255,255,0,0,0,128,2,0,0,0,0,0,0,0,0,0,0,76,0,0,0,0,101,96,48,32,9,2,0,0,0,0,0,0,0,0,1,9,1,1,3,1,0,1,13,0,255,255,0,15,0,1,0,0,0,0,13,0,0,0,0,1,1,0,0,0,96,7,0,3,132,215,254,214,244,0,239,213,0,13,0,255,26,175,144,24,170,132,0,12,6,50,134,230,253,13,253,100,253,164,253,64,254,0,254,208,208,208,208,0,0,1,4,1,1,0,0,0,0,200,200,200,200,255,255,255,255,255,255,255,0,0,0,128,2,0,0,0,0,0,0,0,0,0,0,76,0,0,0,0,101,96,48,32,9,2,0,0,0,0,0,0,0,0,1,9,1,1,3,1,0,0,13,0,255,255,0,17,0,1,0,0,0,0,13,0,0,0,0,1,1,0,0,0,96,7,0,3,132,215,254,214,244
2026-08-07_10-37-20,1,175,5,0.0,0,80.0,2,2,0,239,213,0,13,0,255,26,175,144,24,170,132,0,12,6,50,134,230,253,13,253,100,253,164,253,64,254,0,254,208,208,208,208,0,0,1,4,1,1,0,0,0,0,200,200,200,200,255,255,255,255,255,255,255,0,0,0,128,2,0,0,0,0,0,0,0,0,0,0,76,0,0,0,0,101,96,48,32,9,2,0,0,0,0,0,0,0,0,1,9,1,1,3,1,0,0,13,0,255,255,0,17,0,1,0,0,0,0,13,0,0,0,0,1,1,0,0,0,96,7,0,3,132,215,254,214,244,0,243,171,0,13,0,255,26,175,144,24,170,132,0,12,6,50,134,230,253,13,253,100,253,192,253,64,254,0,254,208,208,208,208,0,0,1,4,1,1,0,0,0,0,200,200,200,200,255,255,255,255,255,255,255,0,0,0,128,2,0,0,0,0,0,0,0,0,0,0,76,0,0,0,0,101,96,48,32,9,2,0,0,0,0,0,0,0,0,1,9,1,1,3,1,0,2,13,0,255,255,0,19,0,1,0,0,0,0,13,0,0,0,0,1,1,0,0,0,96,7,0,3,132,215,254,214,244
2026-08-07_10-37-20,1,176,5,0.0,0,80.0,2,2,0,243,171,0,13,0,255,26,175,144,24,170,132,0,12,6,50,134,230,253,13,253,100,253,192,253,64,254,0,254,208,208,208,208,0,0,1,4,1,1,0,0,0,0,200,200,200,200,255,255,255,255,255,255,255,0,0,0,128,2,0,0,0,0,0,0,0,0,0,0,76,0,0,0,0,101,96,48,32,9,2,0,0,0,0,0,0,0,0,1,9,1,1,3,1,0,2,13,0,255,255,0,19,0,1,0,0,0,0,13,0,0,0,0,1,1,0,0,0,96,7,0,3,132,215,254,214,244,0,247,171,0,13,0,255,26,175,144,24,170,132,0,12,6,50,134,230,253,13,253,100,253,178,253,64,254,0,254,208,208,208,208,0,0,1,4,1,1,0,0,0,0,200,200,200,200,255,255,255,255,255,255,255,0,0,0,128,2,0,0,0,0,0,0,0,0,0,0,76,0,0,0,0,101,96,48,32,9,2,0,0,0,0,0,0,0,0,1,9,1,1,3,1,0,1,13,0,255,255,0,21,0,1,0,0,0,0,13,0,0,0,0,1,1,0,0,0,96,7,0,3,132,215,254,214,244
2026-08-07_10-37-20,1,177,5,0.0,0,80.0,2,2,0,247,171,0,13,0,255,26,175,144,24,170,132,0,12,6,50,134,230,253,13,253,100,253,178,253,64,254,0,254,208,208,208,208,0,0,1,4,1,1,0,0,0,0,200,200,200,200,255,255,255,255,255,255,255,0,0,0,128,2,0,0,0,0,0,0,0,0,0,0,76,0,0,0,0,101,96,48,32,9,2,0,0,0,0,0,0,0,0,1,9,1,1,3,1,0,1,13,0,255,255,0,21,0,1,0,0,0,0,13,0,0,0,0,1,1,0,0,0,96,7,0,3,132,215,254,214,244,0,251,95,0,13,0,255,26,175,144,24,170,132,0,12,6,50,134,230,253,13,253,100,253,164,253,64,254,0,254,208,208,208,208,0,0,1,4,1,1,0,0,0,0,200,200,200,200,255,255,255,255,255,255,255,0,0,0,128,2,0,0,0,0,0,0,0,0,0,0,76,0,0,0,0,101,96,48,32,9,2,0,0,0,0,0,0,0,0,1,9,1,1,3,1,0,0,13,0,255,255,0,23,0,1,0,0,0,0,13,0,0,0,0,1,1,0,0,0,96,7,0,3,132,215,254,214,244
2026-08-07_10-37-20,1,178,5,0.0,0,80.0,2,2,0,251,95,0,13,0,255,26,175,144,24,170,132,0,12,6,50,134,230,253,13,253,100,253,164,253,64,254,0,254,208,208,208,208,0,0,1,4,1,1,0,0,0,0,200,200,200,200,255,255,255,255,255,255,255,0,0,0,128,2,0,0,0,0,0,0,0,0,0,0,76,0,0,0,0,101,96,48,32,9,2,0,0,0,0,0,0,0,0,1,9,1,1,3,1,0,0,13,0,255,255,0,23,0,1,0,0,0,0,13,0,0,0,0,1,1,0,0,0,96,7,0,3,132,215,254,214,244,0,255,95,0,13,0,255,26,175,144,24,170,132,0,12,6,50,134,230,253,13,253,100,253,192,253,64,254,0,254,208,208,208,208,0,0,1,4,1,1,0,0,0,0,200,200,200,200,255,255,255,255,255,255,255,0,0,0,128,2,0,0,0,0,0,0,0,0,0,0,76,0,0,0,0,101,96,48,32,9,2,0,0,0,0,0,0,0,0,1,9,1,1,3,1,0,2,13,0,255,255,0,25,0,1,0,0,0,0,13,0,0,0,0,1,1,0,0,0,96,7,0,3,132,215,254,214,244
2026-08-07_10-37-20,1,179,5,0.0,0,80.0,2,2,0,255,95,0,13,0,255,26,175,144,24,170,132,0,12,6,50,134,230,253,13,253,100,253,192,253,64,254,0,254,208,208,208,208,0,0,1,4,1,1,0,0,0,0,200,200,200,200,255,255,255,255,255,255,255,0,0,0,128,2,0,0,0,0,0,0,0,0,0,0,76,0,0,0,0,101,96,48,32,9,2,0,0,0,0,0,0,0,0,1,9,1,1,3,1,0,2,13,0,255,255,0,25,0,1,0,0,0,0,13,0,0,0,0,1,1,0,0,0,96,7,0,3,132,215,254,214,244,0,3,253,0,13,0,255,26,175,144,24,170,132,0,12,6,50,134,230,253,13,253,100,253,178,253,64,254,0,254,208,208,208,208,0,0,1,4,1,1,0,0,0,0,200,200,200,200,255,255,255,255,255,255,255,0,0,0,128,2,0,0,0,0,0,0,0,0,0,0,76,0,0,0,0,101,96,48,32,9,2,0,0,0,0,0,0,0,0,1,9,1,1,3,1,0,1,13,0,255,255,0,27,0,1,0,0,0,0,13,0,0,0,0,1,1,0,0,0,96,7,0,3,132,215,254,214,244
2026-08-07_10-37-20,1,180,0,0.0,0,80.0,2,2,0,3,253,0,13,0,255,26,175,144,24,170,132,0,12,6,50,134,230,253,13,253,100,253,178,253,64,254,0,254,208,208,208,208,0,0,1,4,1,1,0,0,0,0,200,200,200,200,255,255,255,255,255,255,255,0,0,0,128,2,0,0,0,0,0,0,0,0,0,0,76,0,0,0,0,101,96,48,32,9,2,0,0,0,0,0,0,0,0,1,9,1,1,3,1,0,1,13,0,255,255,0,27,0,1,0,0,0,0,13,0,0,0,0,1,1,0,0,0,96,7,0,3,132,215,254,214,244,0,7,253,0,15,0,255,26,175,144,24,170,132,0,12,6,50,134,230,253,13,253,100,253,164,253,64,254,0,254,208,208,208,208,0,0,1,4,1,1,0,0,0,0,200,200,200,200,255,255,255,255,255,255,255,0,0,0,128,2,0,0,0,0,0,0,0,0,0,0,76,0,0,0,0,101,96,48,32,9,2,0,0,0,0,0,0,0,0,1,9,1,1,3,1,0,0,13,0,255,255,0,29,0,1,0,0,0,0,13,0,0,0,0,1,1,0,0,0,96,7,0,3,132,215,254,214,244
2026-08-07_10-37-20,1,181,0,0.0,0,80.0,2,2,0,7,253,0,15,0,255,26,175,144,24,170,132,0,12,6,50,134,230,253,13,253,100,253,164,253,64,254,0,254,208,208,208,208,0,0,1,4,1,1,0,0,0,0,200,200,200,200,255,255,255,255,255,255,255,0,0,0,128,2,0,0,0,0,0,0,0,0,0,0,76,0,0,0,0,101,96,48,32,9,2,0,0,0,0,0,0,0,0,1,9,1,1,3,1,0,0,13,0,255,255,0,29,0,1,0,0,0,0,13,0,0,0,0,1,1,0,0,0,96,7,0,3,132,215,254,214,244,0,11,232,0,15,0,255,26,175,144,24,170,132,0,12,6,50,134,230,253,13,253,100,253,192,253,64,254,0,254,208,208,208,208,0,0,1,4,1,1,0,0,0,0,200,200,200,200,255,255,255,255,255,255,255,0,0,0,128,2,0,0,0,0,0,0,0,0,0,0,76,0,0,0,0,101,96,48,32,9,2,0,0,0,0,0,0,0,0,1,9,1,1,3,1,0,2,13,0,255,255,0,31,0,1,0,0,0,0,13,0,0,0,0,1,1,0,0,0,96,7,0,3,132,215,254,214,244
2026-08-07_10-37-20,1,182,0,0.0,0,80.0,2,2,0,11,232,0,15,0,255,26,175,144,24,170,132,0,12,6,50,134,230,253,13,253,100,253,192,253,64,254,0,254,208,208,208,208,0,0,1,4,1,1,0,0,0,0,200,200,200,200,255,255,255,255,255,255,255,0,0,0,128,2,0,0,0,0,0,0,0,0,0,0,76,0,0,0,0,101,96,48,32,9,2,0,0,0,0,0,0,0,0,1,9,1,1,3,1,0,2,13,0,255,255,0,31,0,1,0,0,0,0,13,0,0,0,0,1,1,0,0,0,96,7,0,3,132,215,254,214,244,0,15,232,0,15,0,255,26,175,144,24,170,132,0,12,6,50,134,230,253,13,253,100,253,178,253,64,254,0,254,208,208,208,208,0,0,1,4,1,1,0,0,0,0,200,200,200,200,255,255,255,255,255,255,255,0,0,0,128,2,0,0,0,0,0,0,0,0,0,0,76,0,0,0,0,101,96,48,32,9,2,0,0,0,0,0,0,0,0,1,9,1,1,3,1,0,1,13,0,255,255,0,33,0,1,0,0,0,0,13,0,0,0,0,1,1,0,0,0,96,7,0,3,132,215,254,214,244
2026-08-07_10-37-20,1,183,0,0.0,0,80.0,2,2,0,15,232,0,15,0,255,26,175,144,24,170,132,0,12,6,50,134,230,253,13,253,100,253,178,253,64,254,0,254,208,208,208,208,0,0,1,4,1,1,0,0,0,0,200,200,200,200,255,255,255,255,255,255,255,0,0,0,128,2,0,0,0,0,0,0,0,0,0,0,76,0,0,0,0,101,96,48,32,9,2,0,0,0,0,0,0,0,0,1,9,1,1,3,1,0,1,13,0,255,255,0,33,0,1,0,0,0,0,13,0,0,0,0,1,1,0,0,0,96,7,0,3,132,215,254,214,244,0,19,69,0,15,0,255,26,175,144,24,170,132,0,12,6,50,134,230,253,13,253,100,253,164,253,64,254,0,254,208,208,208,208,0,0,1,4,1,1,0,0,0,0,200,200,200,200,255,255,255,255,255,255,255,0,0,0,128,2,0,0,0,0,0,0,0,0,0,0,76,0,0,0,0,101,96,48,32,9,2,0,0,0,0,0,0,0,0,1,9,1,1,3,1,0,0,13,0,255,255,0,35,0,1,0,0,0,0,13,0,0,0,0,1,1,0,0,0,96,7,0,3,132,215,254,214,244
2026-08-07_10-37-20,1,184,0,0.0,0,80.0,2,2,0,19,69,0,15,0,255,26,175,144,24,170,132,0,12,6,50,134,230,253,13,253,100,253,164,253,64,254,0,254,208,208,208,208,0,0,1,4,1,1,0,0,0,0,200,200,200,200,255,255,255,255,255,255,255,0,0,0,128,2,0,0,0,0,0,0,0,0,0,0,76,0,0,0,0,101,96,48,32,9,2,0,0,0,0,0,0,0,0,1,9,1,1,3,1,0,0,13,0,255,255,0,35,0,1,0,0,0,0,13,0,0,0,0,1,1,0,0,0,96,7,0,3,132,215,254,214,244,0,23,69,0,15,0,255,26,175,144,24,170,132,0,12,6,50,134,230,253,13,253,100,253,192,253,64,254,0,254,208,208,208,208,0,0,1,4,1,1,0,0,0,0,200,200,200,200,255,255,255,255,255,255,255,0,0,0,128,2,0,0,0,0,0,0,0,0,0,0,76,0,0,0,0,101,96,48,32,9,2,0,0,0,0,0,0,0,0,1,9,1,1,3,1,0,2,13,0,255,255,0,37,0,1,0,0,0,0,13,0,0,0,0,1,1,0,0,0,96,7,0,3,132,215,254,214,244
2026-08-07_10-37-20,1,185,0,0.0,0,80.0,2,2,0,23,69,0,15,0,255,26,175,144,24,170,132,0,12,6,50,134,230,253,13,253,100,253,192,253,64,254,0,254,208,208,208,208,0,0,1,4,1,1,0,0,0,0,200,200,200,200,255,255,255,255,255,255,255,0,0,0,128,2,0,0,0,0,0,0,0,0,0,0,76,0,0,0,0,101,96,48,32,9,2,0,0,0,0,0,0,0,0,1,9,1,1,3,1,0,2,13,0,255,255,0,37,0,1,0,0,0,0,13,0,0,0,0,1,1,0,0,0,96,7,0,3,132,215,254,214,244,0,27,43,0,15,0,255,26,175,144,24,170,132,0,12,6,50,134,230,253,13,253,100,253,178,253,64,254,0,254,208,208,208,208,0,0,1,4,1,1,0,0,0,0,200,200,200,200,255,255,255,255,255,255,255,0,0,0,128,2,0,0,0,0,0,0,0,0,0,0,76,0,0,0,0,101,96,48,32,9,2,0,0,0,0,0,0,0,0,1,9,1,1,3,1,0,1,13,0,255,255,0,39,0,1,0,0,0,0,13,0,0,0,0,1,1,0,0,0,96,7,0,3,132,215,254,214,244
2026-08-07_10-37-20,1,186,0,0.0,0,80.0,2,2,0,27,43,0,15,0,255,26,175,144,24,170,132,0,12,6,50,134,230,253,13,253,100,253,178,253,64,254,0,254,208,208,208,208,0,0,1,4,1,1,0,0,0,0,200,200,200,200,255,255,255,255,255,255,255,0,0,0,128,2,0,0,0,0,0,0,0,0,0,0,76,0,0,0,0,101,96,48,32,9,2,0,0,0,0,0,0,0,0,1,9,1,1,3,1,0,1,13,0,255,255,0,39,0,1,0,0,0,0,13,0,0,0,0,1,1,0,0,0,96,7,0,3,132,215,254,214,244,0,31,43,0,15,0,255,26,175,144,24,170,132,0,12,6,50,134,230,253,13,253,100,253,164,253,64,254,0,254,208,208,208,208,0,0,1,4,1,1,0,0,0,0,200,200,200,200,255,255,255,255,255,255,255,0,0,0,128,2,0,0,0,0,0,0,0,0,0,0,76,0,0,0,0,101,96,48,32,9,2,0,0,0,0,0,0,0,0,1,9,1,1,3,1,0,0,13,0,255,255,0,41,0,1,0,0,0,0,13,0,0,0,0,1,1,0,0,0,96,7,0,3,132,215,254,214,244
2026-08-07_10-37-20,1,187,0,0.0,0,80.0,2,2,0,31,43,0,15,0,255,26,175,144,24,170,132,0,12,6,50,134,230,253,13,253,100,253,164,253,64,254,0,254,208,208,208,208,0,0,1,4,1,1,0,0,0,0,200,200,200,200,255,255,255,255,255,255,255,0,0,0,128,2,0,0,0,0,0,0,0,0,0,0,76,0,0,0,0,101,96,48,32,9,2,0,0,0,0,0,0,0,0,1,9,1,1,3,1,0,0,13,0,255,255,0,41,0,1,0,0,0,0,13,0,0,0,0,1,1,0,0,0,96,7,0,3,132,215,254,214,244,0,35,91,0,15,0,255,26,175,144,24,170,132,0,12,6,50,134,230,253,13,253,100,253,192,253,64,254,0,254,208,208,208,208,0,0,1,4,1,1,0,0,0,0,200,200,200,200,255,255,255,255,255,255,255,0,0,0,128,2,0,0,0,0,0,0,0,0,0,0,76,0,0,0,0,101,96,48,32,9,2,0,0,0,0,0,0,0,0,1,9,1,1,3,1,0,2,13,0,255,255,0,43,0,1,0,0,0,0,13,0,0,0,0,1,1,0,0,0,96,7,0,3,132,215,254,214,244
2026-08-07_10-37-20,1,188,0,0.0,0,80.0,2,2,0,35,91,0,15,0,255,26,175,144,24,170,132,0,12,6,50,134,230,253,13,253,100,253,192,253,64,254,0,254,208,208,208,208,0,0,1,4,1,1,0,0,0,0,200,200,200,200,255,255,255,255,255,255,255,0,0,0,128,2,0,0,0,0,0,0,0,0,0,0,76,0,0,0,0,101,96,48,32,9,2,0,0,0,0,0,0,0,0,1,9,1,1,3,1,0,2,13,0,255,255,0,43,0,1,0,0,0,0,13,0,0,0,0,1,1,0,0,0,96,7,0,3,132,215,254,214,244,0,39,91,0,15,0,255,26,175,144,24,170,132,0,12,6,50,134,230,253,13,253,100,253,178,253,64,254,0,254,208,208,208,208,0,0,1,4,1,1,0,0,0,0,200,200,200,200,255,255,255,255,255,255,255,0,0,0,128,2,0,0,0,0,0,0,0,0,0,0,76,0,0,0,0,101,96,48,32,9,2,0,0,0,0,0,0,0,0,1,9,1,1,3,1,0,1,13,0,255,255,0,45,0,1,0,0,0,0,13,0,0,0,0,1,1,0,0,0,96,7,0,3,132,215,254,214,244
2026-08-07_10-37-20,1,189,0,0.0,0,80.0,2,2,0,39,91,0,15,0,255,26,175,144,24,170,132,0,12,6,50,134,230,253,13,253,100,253,178,253,64,254,0,254,208,208,208,208,0,0,1,4,1,1,0,0,0,0,200,200,200,200,255,255,255,255,255,255,255,0,0,0,128,2,0,0,0,0,0,0,0,0,0,0,76,0,0,0,0,101,96,48,32,9,2,0,0,0,0,0,0,0,0,1,9,1,1,3,1,0,1,13,0,255,255,0,45,0,1,0,0,0,0,13,0,0,0,0,1,1,0,0,0,96,7,0,3,132,215,254,214,244,0,43,220,0,15,0,255,26,175,144,24,170,132,0,12,6,50,134,230,253,13,253,100,253,164,253,64,254,0,254,208,208,208,208,0,0,1,4,1,1,0,0,0,0,200,200,200,200,255,255,255,255,255,255,255,0,0,0,128,2,0,0,0,0,0,0,0,0,0,0,76,0,0,0,0,101,96,48,32,9,2,0,0,0,0,0,0,0,0,1,9,1,1,3,1,0,0,13,0,255,255,0,47,0,1,0,0,0,0,13,0,0,0,0,1,1,0,0,0,96,7,0,3,132,215,254,214,244
2026-08-07_10-37-20,1,190,0,0.0,0,80.0,2,2,0,43,220,0,15,0,255,26,175,144,24,170,132,0,12,6,50,134,230,253,13,253,100,253,164,253,64,254,0,254,208,208,208,208,0,0,1,4,1,1,0,0,0,0,200,200,200,200,255,255,255,255,255,255,255,0,0,0,128,2,0,0,0,0,0,0,0,0,0,0,76,0,0,0,0,101,96,48,32,9,2,0,0,0,0,0,0,0,0,1,9,1,1,3,1,0,0,13,0,255,255,0,47,0,1,0,0,0,0,13,0,0,0,0,1,1,0,0,0,96,7,0,3,132,215,254,214,244,0,47,220,0,15,0,255,26,175,144,24,170,132,0,12,6,50,134,230,253,13,253,100,253,192,253,64,254,0,254,208,208,208,208,0,0,1,4,1,1,0,0,0,0,200,200,200,200,255,255,255,255,255,255,255,0,0,0,128,2,0,0,0,0,0,0,0,0,0,0,76,0,0,0,0,101,96,48,32,9,2,0,0,0,0,0,0,0,0,1,9,1,1,3,1,0,2,13,0,255,255,0,49,0,1,0,0,0,0,13,0,0,0,0,1,1,0,0,0,96,7,0,3,132,215,254,214,244
2026-08-07_10-37-20,1,191,0,0.0,0,80.0,2,2,0,47,220,0,15,0,255,26,175,144,24,170,132,0,12,6,50,134,230,253,13,253,100,253,192,253,64,254,0,254,208,208,208,208,0,0,1,4,1,1,0,0,0,0,200,200,200,200,255,255,255,255,255,255,255,0,0,0,128,2,0,0,0,0,0,0,0,0,0,0,76,0,0,0,0,101,96,48,32,9,2,0,0,0,0,0,0,0,0,1,9,1,1,3,1,0,2,13,0,255,255,0,49,0,1,0,0,0,0,13,0,0,0,0,1,1,0,0,0,96,7,0,3,132,215,254,214,244,0,51,225,0,15,0,255,26,175,144,24,170,132,0,12,6,50,134,230,253,13,253,100,253,178,253,64,254,0,254,208,208,208,208,0,0,1,4,1,1,0,0,0,0,200,200,200,200,255,255,255,255,255,255,255,0,0,0,128,2,0,0,0,0,0,0,0,0,0,0,76,0,0,0,0,101,96,48,32,9,2,0,0,0,0,0,0,0,0,1,9,1,1,3,1,0,1,13,0,255,255,0,51,0,1,0,0,0,0,13,0,0,0,0,1,1,0,0,0,96,7,0,3,132,215,254,214,244
2026-08-07_10-37-20,1,192,0,0.0,0,80.0,2,2,0,51,225,0,15,0,255,26,175,144,24,170,132,0,12,6,50,134,230,253,13,253,100,253,178,253,64,254,0,254,208,208,208,208,0,0,1,4,1,1,0,0,0,0,200,200,200,200,255,255,255,255,255,255,255,0,0,0,128,2,0,0,0,0,0,0,0,0,0,0,76,0,0,0,0,101,96,48,32,9,2,0,0,0,0,0,0,0,0,1,9,1,1,3,1,0,1,13,0,255,255,0,51,0,1,0,0,0,0,13,0,0,0,0,1,1,0,0,0,96,7,0,3,132,215,254,214,244,0,55,225,0,15,0,255,26,175,144,24,170,132,0,12,6,50,134,230,253,13,253,100,253,164,253,64,254,0,254,208,208,208,208,0,0,1,4,1,1,0,0,0,0,200,200,200,200,255,255,255,255,255,255,255,0,0,0,128,2,0,0,0,0,0,0,0,0,0,0,76,0,0,0,0,101,96,48,32,9,2,0,0,0,0,0,0,0,0,1,9,1,1,3,1,0,0,13,0,255,255,0,53,0,1,0,0,0,0,13,0,0,0,0,1,1,0,0,0,96,7,0,3,132,215,254,214,244
2026-08-07_10-37-20,1,193,0,0.0,0,80.0,2,2,0,55,225,0,15,0,255,26,175,144,24,170,132,0,12,6,50,134,230,253,13,253,100,253,164,253,64,254,0,254,208,208,208,208,0,0,1,4,1,1,0,0,0,0,200,200,200,200,255,255,255,255,255,255,255,0,0,0,128,2,0,0,0,0,0,0,0,0,0,0,76,0,0,0,0,101,96,48,32,9,2,0,0,0,0,0,0,0,0,1,9,1,1,3,1,0,0,13,0,255,255,0,53,0,1,0,0,0,0,13,0,0,0,0,1,1,0,0,0,96,7,0,3,132,215,254,214,244,0,59,15,0,15,0,255,26,175,144,24,170,132,0,12,6,50,134,230,253,13,253,100,253,192,253,64,254,0,254,208,208,208,208,0,0,1,4,1,1,0,0,0,0,200,200,200,200,255,255,255,255,255,255,255,0,0,0,128,2,0,0,0,0,0,0,0,0,0,0,76,0,0,0,0,101,96,48,32,9,2,0,0,0,0,0,0,0,0,1,9,1,1,3,1,0,2,13,0,255,255,0,55,0,1,0,0,0,0,13,0,0,0,0,1,1,0,0,0,96,7,0,3,132,215,254,214,244
2026-08-07_10-37-20,1,194,0,0.0,0,80.0,2,2,0,59,15,0,15,0,255,26,175,144,24,170,132,0,12,6,50,134,230,253,13,253,100,253,192,253,64,254,0,254,208,208,208,208,0,0,1,4,1,1,0,0,0,0,200,200,200,200,255,255,255,255,255,255,255,0,0,0,128,2,0,0,0,0,0,0,0,0,0,0,76,0,0,0,0,101,96,48,32,9,2,0,0,0,0,0,0,0,0,1,9,1,1,3,1,0,2,13,0,255,255,0,55,0,1,0,0,0,0,13,0,0,0,0,1,1,0,0,0,96,7,0,3,132,215,254,214,244,0,63,15,0,15,0,255,26,175,144,24,170,132,0,12,6,50,134,230,253,13,253,100,253,178,253,64,254,0,254,208,208,208,208,0,0,1,4,1,1,0,0,0,0,200,200,200,200,255,255,255,255,255,255,255,0,0,0,128,2,0,0,0,0,0,0,0,0,0,0,76,0,0,0,0,101,96,48,32,9,2,0,0,0,0,0,0,0,0,1,9,1,1,3,1,0,1,13,0,255,255,0,57,0,1,0,0,0,0,13,0,0,0,0,1,1,0,0,0,96,7,0,3,132,215,254,214,244
2026-08-07_10-37-20,1,195,0,0.0,0,80.0,2,2,0,63,15,0,15,0,255,26,175,144,24,170,132,0,12,6,50,134,230,253,13,253,100,253,178,253,64,254,0,254,208,208,208,208,0,0,1,4,1,1,0,0,0,0,200,200,200,200,255,255,255,255,255,255,255,0,0,0,128,2,0,0,0,0,0,0,0,0,0,0,76,0,0,0,0,101,96,48,32,9,2,0,0,0,0,0,0,0,0,1,9,1,1,3,1,0,1,13,0,255,255,0,57,0,1,0,0,0,0,13,0,0,0,0,1,1,0,0,0,96,7,0,3,132,215,254,214,244,0,67,123,0,15,0,255,26,175,144,24,170,132,0,12,6,50,134,230,253,13,253,100,253,164,253,64,254,0,254,208,208,208,208,0,0,1,4,1,1,0,0,0,0,200,200,200,200,255,255,255,255,255,255,255,0,0,0,128,2,0,0,0,0,0,0,0,0,0,0,76,0,0,0,0,101,96,48,32,9,2,0,0,0,0,0,0,0,0,1,9,1,1,3,1,0,0,13,0,255,255,0,59,0,1,0,0,0,0,13,0,0,0,0,1,1,0,0,0,96,7,0,3,132,215,254,214,244
2026-08-07_10-37-20,1,196,0,0.0,0,80.0,2,2,0,67,123,0,15,0,255,26,175,144,24,170,132,0,12,6,50,134,230,253,13,253,100,253,164,253,64,254,0,254,208,208,208,208,0,0,1,4,1,1,0,0,0,0,200,200,200,200,255,255,255,255,255,255,255,0,0,0,128,2,0,0,0,0,0,0,0,0,0,0,76,0,0,0,0,101,96,48,32,9,2,0,0,0,0,0,0,0,0,1,9,1,1,3,1,0,0,13,0,255,255,0,59,0,1,0,0,0,0,13,0,0,0,0,1,1,0,0,0,96,7,0,3,132,215,254,214,244,0,71,123,0,15,0,255,26,175,144,24,170,132,0,12,6,50,134,230,253,13,253,100,253,192,253,64,254,0,254,208,208,208,208,0,0,1,4,1,1,0,0,0,0,200,200,200,200,255,255,255,255,255,255,255,0,0,0,128,2,0,0,0,0,0,0,0,0,0,0,76,0,0,0,0,101,96,48,32,9,2,0,0,0,0,0,0,0,0,1,9,1,1,3,1,0,2,13,0,255,255,0,61,0,1,0,0,0,0,13,0,0,0,0,1,1,0,0,0,96,7,0,3,132,215,254,214,244
2026-08-07_10-37-20,1,197,0,0.0,0,80.0,2,2,0,71,123,0,15,0,255,26,175,144,24,170,132,0,12,6,50,134,230,253,13,253,100,253,192,253,64,254,0,254,208,208,208,208,0,0,1,4,1,1,0,0,0,0,200,200,200,200,255,255,255,255,255,255,255,0,0,0,128,2,0,0,0,0,0,0,0,0,0,0,76,0,0,0,0,101,96,48,32,9,2,0,0,0,0,0,0,0,0,1,9,1,1,3,1,0,2,13,0,255,255,0,61,0,1,0,0,0,0,13,0,0,0,0,1,1,0,0,0,96,7,0,3,132,215,254,214,244,0,75,221,0,15,0,255,26,175,144,24,170,132,0,12,6,50,134,230,253,13,253,100,253,178,253,64,254,0,254,208,208,208,208,0,0,1,4,1,1,0,0,0,0,200,200,200,200,255,255,255,255,255,255,255,0,0,0,128,2,0,0,0,0,0,0,0,0,0,0,76,0,0,0,0,101,96,48,32,9,2,0,0,0,0,0,0,0,0,1,9,1,1,3,1,0,1,13,0,255,255,0,63,0,1,0,0,0,0,13,0,0,0,0,1,1,0,0,0,96,7,0,3,132,215,254,214,244
2026-08-07_10-37-20,1,198,0,0.0,0,80.0,2,2,0,75,221,0,15,0,255,26,175,144,24,170,132,0,12,6,50,134,230,253,13,253,100,253,178,253,64,254,0,254,208,208,208,208,0,0,1,4,1,1,0,0,0,0,200,200,200,200,255,255,255,255,255,255,255,0,0,0,128,2,0,0,0,0,0,0,0,0,0,0,76,0,0,0,0,101,96,48,32,9,2,0,0,0,0,0,0,0,0,1,9,1,1,3,1,0,1,13,0,255,255,0,63,0,1,0,0,0,0,13,0,0,0,0,1,1,0,0,0,96,7,0,3,132,215,254,214,244,0,79,221,0,15,0,255,26,175,144,24,170,132,0,12,6,50,134,230,253,56,253,100,253,164,253,64,254,0,254,214,169,169,214,0,0,4,1,1,4,0,0,0,0,200,200,200,200,255,255,255,255,255,255,255,0,0,0,128,2,0,0,0,0,0,0,0,0,0,0,76,0,1,1,0,101,96,48,32,2,4,0,0,0,0,0,0,0,0,9,1,1,9,3,1,0,0,13,0,255,255,0,64,0,0,0,0,0,0,13,0,0,0,0,1,1,0,0,0,96,7,0,3,132,215,254,214,244
2026-08-07_10-37-20,1,199,0,0.0,0,80.0,2,2,0,79,221,0,15,0,255,26,175,144,24,170,132,0,12,6,50,134,230,253,56,253,100,253,164,253,64,254,0,254,214,169,169,214,0,0,4,1,1,4,0,0,0,0,200,200,200,200,255,255,255,255,255,255,255,0,0,0,128,2,0,0,0,0,0,0,0,0,0,0,76,0,1,1,0,101,96,48,32,2,4,0,0,0,0,0,0,0,0,9,1,1,9,3,1,0,0,13,0,255,255,0,64,0,0,0,0,0,0,13,0,0,0,0,1,1,0,0,0,96,7,0,3,132,215,254,214,244,0,83,233,0,13,0,255,26,175,144,24,170,132,0,12,6,50,134,216,253,41,253,86,253,192,253,64,254,0,254,213,170,170,213,0,0,4,1,1,4,0,0,0,0,200,200,200,200,255,255,255,255,255,255,255,0,0,0,128,2,0,0,0,0,0,0,0,0,0,0,76,0,1,1,0,101,96,48,32,14,12,0,0,0,0,0,0,0,0,8,0,0,8,4,0,0,2,14,0,255,255,0,64,0,0,0,0,0,0,13,0,0,0,0,1,1,0,0,0,96,7,0,3,132,215,254,214,244
2026-08-07_10-37-20,1,200,5,0.0,0,80.0,2,2,0,83,233,0,13,0,255,26,175,144,24,170,132,0,12,6,50,134,216,253,41,253,86,253,192,253,64,254,0,254,213,170,170,213,0,0,4,1,1,4,0,0,0,0,200,200,200,200,255,255,255,255,255,255,255,0,0,0,128,2,0,0,0,0,0,0,0,0,0,0,76,0,1,1,0,101,96,48,32,14,12,0,0,0,0,0,0,0,0,8,0,0,8,4,0,0,2,14,0,255,255,0,64,0,0,0,0,0,0,13,0,0,0,0,1,1,0,0,0,96,7,0,3,132,215,254,214,244,0,87,233,0,13,0,255,26,175,144,24,170,132,0,12,6,50,134,217,253,41,253,86,253,178,253,64,254,0,254,211,172,172,211,0,0,4,1,1,4,0,0,0,0,200,200,200,200,255,255,255,255,255,255,255,0,0,0,128,2,0,0,0,0,0,0,0,0,0,0,76,0,2,2,0,101,96,48,32,10,4,0,0,0,0,0,0,0,0,8,0,0,8,5,0,0,1,18,0,255,255,0,64,0,0,0,0,0,0,13,0,0,0,0,1,1,0,0,0,96,7,0,3,132,215,254,214,244
2026-08-07_10-37-20,1,201,5,0.0,0,80.0,2,2,0,87,233,0,13,0,255,26,175,144,24,170,132,0,12,6,50,134,217,253,41,253,86,253,178,253,64,254,0,254,211,172,172,211,0,0,4,1,1,4,0,0,0,0,200,200,200,200,255,255,255,255,255,255,255,0,0,0,128,2,0,0,0,0,0,0,0,0,0,0,76,0,2,2,0,101,96,48,32,10,4,0,0,0,0,0,0,0,0,8,0,0,8,5,0,0,1,18,0,255,255,0,64,0,0,0,0,0,0,13,0,0,0,0,1,1,0,0,0,96,7,0,3,132,215,254,214,244,0,91,77,0,13,0,255,26,175,144,24,170,132,0,12,6,50,134,233,253,71,253,115,253,164,253,64,254,0,254,210,173,173,210,0,0,4,1,1,4,0,0,0,0,200,200,200,200,255,255,255,255,255,255,255,0,0,0,128,2,0,0,0,0,0,0,0,0,0,0,76,0,3,3,0,101,96,48,32,6,12,0,0,0,0,0,0,0,0,10,2,2,10,6,2,0,0,22,0,255,255,0,64,0,0,0,0,0,0,13,0,0,0,0,1,1,0,0,0,96,7,0,3,132,215,254,214,244
2026-08-07_10-37-20,1,202,5,0.0,0,80.0,2,2,0,91,77,0,13,0,255,26,175,144,24,170,132,0,12,6,50,134,233,253,71,253,115,253,164,253,64,254,0,254,210,173,173,210,0,0,4,1,1,4,0,0,0,0,200,200,200,200,255,255,255,255,255,255,255,0,0,0,128,2,0,0,0,0,0,0,0,0,0,0,76,0,3,3,0,101,96,48,32,6,12,0,0,0,0,0,0,0,0,10,2,2,10,6,2,0,0,22,0,255,255,0,64,0,0,0,0,0,0,13,0,0,0,0,1,1,0,0,0,96,7,0,3,132,215,254,214,244,0,95,77,0,13,0,255,26,175,144,24,170,132,0,12,6,50,134,234,253,71,253,115,253,192,253,64,254,0,254,208,175,175,208,0,0,4,1,1,4,0,0,0,0,200,200,200,200,255,255,255,255,255,255,255,0,0,0,128,2,0,0,0,0,0,0,0,0,0,0,76,0,4,4,0,101,96,48,32,2,4,0,0,0,0,0,0,0,0,10,2,2,10,7,2,0,2,26,0,255,255,0,64,0,0,0,0,0,0,13,0,0,0,0,1,1,0,0,0,96,7,0,3,132,215,254,214,244
2026-08-07_10-37-20,1,203,5,0.0,0,80.0,2,2,0,95,77,0,13,0,255,26,175,144,24,170,132,0,12,6,50,134,234,253,71,253,115,253,192,253,64,254,0,254,208,175,175,208,0,0,4,1,1,4,0,0,0,0,200,200,200,200,255,255,255,255,255,255,255,0,0,0,128,2,0,0,0,0,0,0,0,0,0,0,76,0,4,4,0,101,96,48,32,2,4,0,0,0,0,0,0,0,0,10,2,2,10,7,2,0,2,26,0,255,255,0,64,0,0,0,0,0,0,13,0,0,0,0,1,1,0,0,0,96,7,0,3,132,215,254,214,244,0,99,105,0,13,0,255,26,175,144,24,170,132,0,12,6,50,134,234,253,56,253,100,253,178,253,64,254,0,254,207,176,176,207,0,0,4,1,1,4,0,0,0,0,200,200,200,200,255,255,255,255,255,255,255,0,0,0,128,2,0,0,0,0,0,0,0,0,0,0,76,0,4,4,0,101,96,48,32,14,12,0,0,0,0,0,0,0,0,9,1,1,9,7,1,0,1,30,0,255,255,0,63,0,0,0,0,0,0,13,0,0,0,0,1,1,0,0,0,96,7,0,3,132,215,254,214,244
2026-08-07_10-37-20,1,204,5,0.0,0,80.0,2,2,0,99,105,0,13,0,255,26,175,144,24,170,132,0,12,6,50,134,234,253,56,253,100,253,178,253,64,254,0,254,207,176,176,207,0,0,4,1,1,4,0,0,0,0,200,200,200,200,255,255,255,255,255,255,255,0,0,0,128,2,0,0,0,0,0,0,0,0,0,0,76,0,4,4,0,101,96,48,32,14,12,0,0,0,0,0,0,0,0,9,1,1,9,7,1,0,1,30,0,255,255,0,63,0,0,0,0,0,0,13,0,0,0,0,1,1,0,0,0,96,7,0,3,132,215,254,214,244,0,103,105,0,13,0,255,26,175,144,24,170,132,0,12,6,50,134,233,253,56,253,100,253,164,253,64,254,0,254,205,178,178,205,0,0,4,1,1,4,0,0,0,0,200,200,200,200,255,255,255,255,255,255,255,0,0,0,128,2,0,0,0,0,0,0,0,0,0,0,76,0,5,5,0,101,96,48,32,10,4,0,0,0,0,0,0,0,0,9,1,1,9,6,1,0,0,34,0,255,255,0,63,0,0,0,0,0,0,13,0,0,0,0,1,1,0,0,0,96,7,0,3,132,215,254,214,244
2026-08-07_10-37-20,1,205,5,0.0,0,80.0,2,2,0,103,105,0,13,0,255,26,175,144,24,170,132,0,12,6,50,134,233,253,56,253,100,253,164,253,64,254,0,254,205,178,178,205,0,0,4,1,1,4,0,0,0,0,200,200,200,200,255,255,255,255,255,255,255,0,0,0,128,2,0,0,0,0,0,0,0,0,0,0,76,0,5,5,0,101,96,48,32,10,4,0,0,0,0,0,0,0,0,9,1,1,9,6,1,0,0,34,0,255,255,0,63,0,0,0,0,0,0,13,0,0,0,0,1,1,0,0,0,96,7,0,3,132,215,254,214,244,0,107,73,0,13,0,255,26,175,144,24,170,132,0,12,6,50,134,217,253,41,253,86,253,192,253,64,254,0,254,204,179,179,204,0,0,4,1,1,4,0,0,0,0,200,200,200,200,255,255,255,255,255,255,255,0,0,0,128,2,0,0,0,0,0,0,0,0,0,0,76,0,6,6,0,101,96,48,32,6,12,0,0,0,0,0,0,0,0,8,0,0,8,5,0,0,2,38,0,255,255,0,63,0,0,0,0,0,0,13,0,0,0,0,1,1,0,0,0,96,7,0,3,132,215,254,214,244
2026-08-07_10-37-20,1,206,5,0.0,0,80.0,2,2,0,107,73,0,13,0,255,26,175,144,24,170,132,0,12,6,50,134,217,253,41,253,86,253,192,253,64,254,0,254,204,179,179,204,0,0,4,1,1,4,0,0,0,0,200,200,200,200,255,255,255,255,255,255,255,0,0,0,128,2,0,0,0,0,0,0,0,0,0,0,76,0,6,6,0,101,96,48,32,6,12,0,0,0,0,0,0,0,0,8,0,0,8,5,0,0,2,38,0,255,255,0,63,0,0,0,0,0,0,13,0,0,0,0,1,1,0,0,0,96,7,0,3,132,215,254,214,244,0,111,73,0,13,0,255,26,175,144,24,170,132,0,12,6,50,134,216,253,41,253,86,253,178,253,64,254,0,254,202,181,181,202,0,0,4,1,1,4,0,0,0,0,200,200,200,200,255,255,255,255,255,255,255,0,0,0,128,2,0,0,0,0,0,0,0,0,0,0,76,0,7,7,0,101,96,48,32,2,4,0,0,0,0,0,0,0,0,8,0,0,8,4,0,0,1,42,0,255,255,0,63,0,0,0,0,0,0,13,0,0,0,0,1,1,0,0,0,96,7,0,3,132,215,254,214,244
2026-08-07_10-37-20,1,207,5,0.0,0,80.0,2,2,0,111,73,0,13,0,255,26,175,144,24,170,132,0,12,6,50,134,216,253,41,253,86,253,178,253,64,254,0,254,202,181,181,202,0,0,4,1,1,4,0,0,0,0,200,200,200,200,255,255,255,255,255,255,255,0,0,0,128,2,0,0,0,0,0,0,0,0,0,0,76,0,7,7,0,101,96,48,32,2,4,0,0,0,0,0,0,0,0,8,0,0,8,4,0,0,1,42,0,255,255,0,63,0,0,0,0,0,0,13,0,0,0,0,1,1,0,0,0,96,7,0,3,132,215,254,214,244,0,115,72,0,13,0,255,26,175,144,24,170,132,0,12,6,50,134,230,253,71,253,115,253,164,253,64,254,0,254,201,182,182,201,0,0,4,1,1,4,0,0,0,0,200,200,200,200,255,255,255,255,255,255,255,0,0,0,128,2,0,0,0,0,0,0,0,0,0,0,76,0,7,7,0,101,96,48,32,14,12,0,0,0,0,0,0,0,0,10,2,2,10,3,2,0,0,46,0,255,255,0,63,0,0,0,0,0,0,13,0,0,0,0,1,1,0,0,0,96,7,0,3,132,215,254,214,244
2026-08-07_10-37-20,1,208,5,0.0,0,80.0,2,2,0,115,72,0,13,0,255,26,175,144,24,170,132,0,12,6,50,134,230,253,71,253,115,253,164,253,64,254,0,254,201,182,182,201,0,0,4,1,1,4,0,0,0,0,200,200,200,200,255,255,255,255,255,255,255,0,0,0,128,2,0,0,0,0,0,0,0,0,0,0,76,0,7,7,0,101,96,48,32,14,12,0,0,0,0,0,0,0,0,10,2,2,10,3,2,0,0,46,0,255,255,0,63,0,0,0,0,0,0,13,0,0,0,0,1,1,0,0,0,96,7,0,3,132,215,254,214,244,0,119,72,0,13,0,255,26,175,144,24,170,132,0,12,6,50,134,229,253,71,253,115,253,192,253,64,254,0,254,199,184,184,199,0,0,4,1,1,4,0,0,0,0,200,200,200,200,255,255,255,255,255,255,255,0,0,0,128,2,0,0,0,0,0,0,0,0,0,0,76,0,8,8,0,101,96,48,32,10,4,0,0,0,0,0,0,0,0,10,2,2,10,2,2,0,2,50,0,255,255,0,63,0,0,0,0,0,0,13,0,0,0,0,1,1,0,0,0,96,7,0,3,132,215,254,214,244
2026-08-07_10-37-20,1,209,5,0.0,0,80.0,2,2,0,119,72,0,13,0,255,26,175,144,24,170,132,0,12,6,50,134,229,253,71,253,115,253,192,253,64,254,0,254,199,184,184,199,0,0,4,1,1,4,0,0,0,0,200,200,200,200,255,255,255,255,255,255,255,0,0,0,128,2,0,0,0,0,0,0,0,0,0,0,76,0,8,8,0,101,96,48,32,10,4,0,0,0,0,0,0,0,0,10,2,2,10,2,2,0,2,50,0,255,255,0,63,0,0,0,0,0,0,13,0,0,0,0,1,1,0,0,0,96,7,0,3,132,215,254,214,244,0,123,64,0,13,0,255,26,175,144,24,170,132,0,12,6,50,134,228,253,56,253,100,253,178,253,64,254,0,254,198,185,185,198,0,0,4,1,1,4,0,0,0,0,200,200,200,200,255,255,255,255,255,255,255,0,0,0,128,2,0,0,0,0,0,0,0,0,0,0,76,0,9,9,0,101,96,48,32,6,12,0,0,0,0,0,0,0,0,9,1,1,9,1,1,0,1,54,0,255,255,0,63,0,0,0,0,0,0,13,0,0,0,0,1,1,0,0,0,96,7,0,3,132,215,254,214,244
2026-08-07_10-37-20,1,210,5,0.0,0,80.0,2,2,0,123,64,0,13,0,255,26,175,144,24,170,132,0,12,6,50,134,228,253,56,253,100,253,178,253,64,254,0,254,198,185,185,198,0,0,4,1,1,4,0,0,0,0,200,200,200,200,255,255,255,255,255,255,255,0,0,0,128,2,0,0,0,0,0,0,0,0,0,0,76,0,9,9,0,101,96,48,32,6,12,0,0,0,0,0,0,0,0,9,1,1,9,1,1,0,1,54,0,255,255,0,63,0,0,0,0,0,0,13,0,0,0,0,1,1,0,0,0,96,7,0,3,132,215,254,214,244,0,127,64,0,15,0,255,26,175,144,24,170,132,0,12,6,50,134,227,253,56,253,100,253,164,253,64,254,0,254,196,187,187,196,0,0,4,1,1,4,0,0,0,0,200,200,200,200,255,255,255,255,255,255,255,0,0,0,128,2,0,0,0,0,0,0,0,0,0,0,76,0,10,10,0,101,96,48,32,2,4,0,0,0,0,0,0,0,0,9,1,1,9,0,1,0,0,57,0,255,255,0,63,0,0,0,0,0,0,13,0,0,0,0,1,1,0,0,0,96,7,0,3,132,215,254,214,244
2026-08-07_10-37-20,1,211,0,0.0,0,80.0,2,2,0,127,64,0,15,0,255,26,175,144,24,170,132,0,12,6,50,134,227,253,56,253,100,253,164,253,64,254,0,254,196,187,187,196,0,0,4,1,1,4,0,0,0,0,200,200,200,200,255,255,255,255,255,255,255,0,0,0,128,2,0,0,0,0,0,0,0,0,0,0,76,0,10,10,0,101,96,48,32,2,4,0,0,0,0,0,0,0,0,9,1,1,9,0,1,0,0,57,0,255,255,0,63,0,0,0,0,0,0,13,0,0,0,0,1,1,0,0,0,96,7,0,3,132,215,254,214,244,0,131,2,0,15,0,255,26,175,144,24,170,132,0,12,6,50,134,212,253,41,253,86,253,192,253,64,254,0,254,195,188,188,195,0,0,4,1,1,4,0,0,0,0,200,200,200,200,255,255,255,255,255,255,255,0,0,0,128,2,0,0,0,0,0,0,0,0,0,0,76,0,10,10,0,101,96,48,32,14,12,0,0,0,0,0,0,0,0,8,0,0,8,0,0,0,2,57,0,255,255,0,62,0,0,0,0,0,0,13,0,0,0,0,1,1,0,0,0,96,7,0,3,132,215,254,214,244
2026-08-07_10-37-20,1,212,0,0.0,0,80.0,2,2,0,131,2,0,15,0,255,26,175,144,24,170,132,0,12,6,50,134,212,253,41,253,86,253,192,253,64,254,0,254,195,188,188,195,0,0,4,1,1,4,0,0,0,0,200,200,200,200,255,255,255,255,255,255,255,0,0,0,128,2,0,0,0,0,0,0,0,0,0,0,76,0,10,10,0,101,96,48,32,14,12,0,0,0,0,0,0,0,0,8,0,0,8,0,0,0,2,57,0,255,255,0,62,0,0,0,0,0,0,13,0,0,0,0,1,1,0,0,0,96,7,0,3,132,215,254,214,244,0,135,2,0,15,0,255,26,175,144,24,170,132,0,12,6,50,134,213,253,41,253,86,253,178,253,64,254,0,254,193,190,190,193,0,0,4,1,1,4,0,0,0,0,200,200,200,200,255,255,255,255,255,255,255,0,0,0,128,2,0,0,0,0,0,0,0,0,0,0,76,0,11,11,0,101,96,48,32,10,4,0,0,0,0,0,0,0,0,8,0,0,8,1,0,0,1,57,0,255,255,0,62,0,0,0,0,0,0,13,0,0,0,0,1,1,0,0,0,96,7,0,3,132,215,254,214,244
2026-08-07_10-37-20,1,213,0,0.0,0,80.0,2,2,0,135,2,0,15,0,255,26,175,144,24,170,132,0,12,6,50,134,213,253,41,253,86,253,178,253,64,254,0,254,193,190,190,193,0,0,4,1,1,4,0,0,0,0,200,200,200,200,255,255,255,255,255,255,255,0,0,0,128,2,0,0,0,0,0,0,0,0,0,0,76,0,11,11,0,101,96,48,32,10,4,0,0,0,0,0,0,0,0,8,0,0,8,1,0,0,1,57,0,255,255,0,62,0,0,0,0,0,0,13,0,0,0,0,1,1,0,0,0,96,7,0,3,132,215,254,214,244,0,139,16,0,15,0,255,26,175,144,24,170,132,0,12,6,50,134,229,253,71,253,115,253,164,253,64,254,0,254,192,191,191,192,0,0,4,1,1,4,0,0,0,0,200,200,200,200,255,255,255,255,255,255,255,0,0,0,128,2,0,0,0,0,0,0,0,0,0,0,76,0,12,12,0,101,96,48,32,6,12,0,0,0,0,0,0,0,0,10,2,2,10,2,2,0,0,57,0,255,255,0,62,0,0,0,0,0,0,13,0,0,0,0,1,1,0,0,0,96,7,0,3,132,215,254,214,244
2026-08-07_10-37-20,1,214,0,0.0,0,80.0,2,2,0,139,16,0,15,0,255,26,175,144,24,170,132,0,12,6,50,134,229,253,71,253,115,253,164,253,64,254,0,254,192,191,191,192,0,0,4,1,1,4,0,0,0,0,200,200,200,200,255,255,255,255,255,255,255,0,0,0,128,2,0,0,0,0,0,0,0,0,0,0,76,0,12,12,0,101,96,48,32,6,12,0,0,0,0,0,0,0,0,10,2,2,10,2,2,0,0,57,0,255,255,0,62,0,0,0,0,0,0,13,0,0,0,0,1,1,0,0,0,96,7,0,3,132,215,254,214,244,0,143,16,0,15,0,255,26,175,144,24,170,132,0,12,6,50,134,230,253,71,253,115,253,192,253,64,254,0,254,190,193,193,190,0,0,4,1,1,4,0,0,0,0,200,200,200,200,255,255,255,255,255,255,255,0,0,0,128,2,0,0,0,0,0,0,0,0,0,0,76,0,13,13,0,101,96,48,32,2,4,0,0,0,0,0,0,0,0,10,2,2,10,3,2,0,2,57,0,255,255,0,62,0,0,0,0,0,0,13,0,0,0,0,1,1,0,0,0,96,7,0,3,132,215,254,214,244
2026-08-07_10-37-20,1,215,0,0.0,0,80.0,2,2,0,143,16,0,15,0,255,26,175,144,24,170,132,0,12,6,50,134,230,253,71,253,115,253,192,253,64,254,0,254,190,193,193,190,0,0,4,1,1,4,0,0,0,0,200,200,200,200,255,255,255,255,255,255,255,0,0,0,128,2,0,0,0,0,0,0,0,0,0,0,76,0,13,13,0,101,96,48,32,2,4,0,0,0,0,0,0,0,0,10,2,2,10,3,2,0,2,57,0,255,255,0,62,0,0,0,0,0,0,13,0,0,0,0,1,1,0,0,0,96,7,0,3,132,215,254,214,244,0,147,132,0,11,0,255,26,175,144,24,170,132,0,12,6,50,134,231,253,56,253,100,253,178,253,64,254,0,254,189,194,194,189,0,0,4,1,1,4,0,0,0,0,200,200,200,200,255,255,255,255,255,255,255,0,0,0,128,2,0,0,0,0,0,0,0,0,0,0,74,0,13,13,0,148,96,48,32,14,12,0,0,0,0,0,8,8,0,9,1,1,9,4,1,0,1,57,0,255,255,0,62,0,0,0,0,0,0,13,0,0,0,0,1,1,0,0,0,96,7,0,3,132,215,254,214,244
2026-08-07_10-37-20,1,216,4,0.0,0,80.0,2,2,0,147,132,0,11,0,255,26,175,144,24,170,132,0,12,6,50,134,231,253,56,253,100,253,178,253,64,254,0,254,189,194,194,189,0,0,4,1,1,4,0,0,0,0,200,200,200,200,255,255,255,255,255,255,255,0,0,0,128,2,0,0,0,0,0,0,0,0,0,0,74,0,13,13,0,148,96,48,32,14,12,0,0,0,0,0,8,8,0,9,1,1,9,4,1,0,1,57,0,255,255,0,62,0,0,0,0,0,0,13,0,0,0,0,1,1,0,0,0,96,7,0,3,132,215,254,214,244,0,151,132,0,11,0,255,26,175,144,24,170,132,0,12,6,50,134,232,253,56,253,100,253,164,253,64,254,0,254,187,196,196,187,0,0,4,1,1,4,0,0,0,0,200,200,200,200,255,255,255,255,255,255,255,0,0,0,128,2,0,0,0,0,0,0,0,0,0,0,70,0,14,14,0,212,96,48,32,10,4,0,0,0,0,0,8,8,0,9,1,1,9,5,1,0,0,57,0,255,255,0,62,0,0,0,0,0,0,13,0,0,0,0,1,1,0,0,0,96,7,0,3,132,215,254,214,244
2026-08-07_10-37-20,1,217,4,0.0,0,80.0,2,2,0,151,132,0,11,0,255,26,175,144,24,170,132,0,12,6,50,134,232,253,56,253,100,253,164,253,64,254,0,254,187,196,196,187,0,0,4,1,1,4,0,0,0,0,200,200,200,200,255,255,255,255,255,255,255,0,0,0,128,2,0,0,0,0,0,0,0,0,0,0,70,0,14,14,0,212,96,48,32,10,4,0,0,0,0,0,8,8,0,9,1,1,9,5,1,0,0,57,0,255,255,0,62,0,0,0,0,0,0,13,0,0,0,0,1,1,0,0,0,96,7,0,3,132,215,254,214,244,0,155,37,0,11,0,255,26,175,144,24,170,132,0,12,6,50,134,218,253,41,253,86,253,192,253,64,254,0,254,186,197,197,186,0,0,4,1,1,4,0,0,0,0,200,200,200,200,255,255,255,255,255,255,255,0,0,0,128,2,0,0,0,0,0,0,0,0,0,0,66,0,15,15,0,20,96,48,32,6,12,0,0,0,0,0,8,8,0,8,0,0,8,6,0,0,2,57,0,255,255,0,62,0,0,0,0,0,0,13,0,0,0,0,1,1,0,0,0,96,7,0,3,132,215,254,214,244
2026-08-07_10-37-20,1,218,0,0.0,0,80.0,2,2,0,155,37,0,11,0,255,26,175,144,24,170,132,0,12,6,50,134,218,253,41,253,86,253,192,253,64,254,0,254,186,197,197,186,0,0,4,1,1,4,0,0,0,0,200,200,200,200,255,255,255,255,255,255,255,0,0,0,128,2,0,0,0,0,0,0,0,0,0,0,66,0,15,15,0,20,96,48,32,6,12,0,0,0,0,0,8,8,0,8,0,0,8,6,0,0,2,57,0,255,255,0,62,0,0,0,0,0,0,13,0,0,0,0,1,1,0,0,0,96,7,0,3,132,215,254,214,244,0,159,37,0,15,0,255,26,175,144,24,170,132,0,12,6,50,134,219,253,41,253,86,253,178,253,64,254,0,254,184,199,199,184,0,0,4,1,1,4,0,0,0,0,200,200,200,200,255,255,255,255,255,255,255,0,0,0,128,2,0,0,0,0,0,0,0,0,0,0,65,0,16,16,0,36,96,48,32,2,4,0,0,0,0,0,8,8,0,8,0,0,8,7,0,0,1,57,0,255,255,0,62,0,0,0,0,0,0,13,0,0,0,0,1,1,0,0,0,96,7,0,3,132,215,254,214,244
2026-08-07_10-37-20,1,219,0,0.0,0,80.0,2,2,0,159,37,0,15,0,255,26,175,144,24,170,132,0,12,6,50,134,219,253,41,253,86,253,178,253,64,254,0,254,184,199,199,184,0,0,4,1,1,4,0,0,0,0,200,200,200,200,255,255,255,255,255,255,255,0,0,0,128,2,0,0,0,0,0,0,0,0,0,0,65,0,16,16,0,36,96,48,32,2,4,0,0,0,0,0,8,8,0,8,0,0,8,7,0,0,1,57,0,255,255,0,62,0,0,0,0,0,0,13,0,0,0,0,1,1,0,0,0,96,7,0,3,132,215,254,214,244,0,163,40,0,15,0,255,26,175,144,24,170,132,0,12,6,50,134,234,253,71,253,115,253,164,253,64,254,0,254,183,200,200,183,0,0,4,1,1,4,0,0,0,0,200,200,200,200,255,255,255,255,255,255,255,0,0,0,128,2,0,0,0,0,0,0,0,0,0,0,65,0,16,16,0,36,96,48,32,14,12,0,0,0,0,0,8,8,0,10,2,2,10,7,2,0,0,57,0,255,255,0,61,0,0,0,0,0,0,13,0,0,0,0,1,1,0,0,0,96,7,0,3,132,215,254,214,244
2026-08-07_10-37-20,1,220,0,0.0,0,80.0,2,2,0,163,40,0,15,0,255,26,175,144,24,170,132,0,12,6,50,134,234,253,71,253,115,253,164,253,64,254,0,254,183,200,200,183,0,0,4,1,1,4,0,0,0,0,200,200,200,200,255,255,255,255,255,255,255,0,0,0,128,2,0,0,0,0,0,0,0,0,0,0,65,0,16,16,0,36,96,48,32,14,12,0,0,0,0,0,8,8,0,10,2,2,10,7,2,0,0,57,0,255,255,0,61,0,0,0,0,0,0,13,0,0,0,0,1,1,0,0,0,96,7,0,3,132,215,254,214,244,0,167,40,0,15,0,255,26,175,144,24,170,132,0,12,6,50,134,233,253,71,253,115,253,192,253,64,254,0,254,181,202,202,181,0,0,4,1,1,4,0,0,0,0,200,200,200,200,255,255,255,255,255,255,255,0,0,0,128,2,0,0,0,0,0,0,0,0,0,0,65,0,17,17,0,36,96,48,32,10,4,0,0,0,0,0,8,8,0,10,2,2,10,6,2,0,2,57,0,255,255,0,61,0,0,0,0,0,0,13,0,0,0,0,1,1,0,0,0,96,7,0,3,132,215,254,214,244
2026-08-07_10-37-20,1,221,0,0.0,0,80.0,2,2,0,167,40,0,15,0,255,26,175,144,24,170,132,0,12,6,50,134,233,253,71,253,115,253,192,253,64,254,0,254,181,202,202,181,0,0,4,1,1,4,0,0,0,0,200,200,200,200,255,255,255,255,255,255,255,0,0,0,128,2,0,0,0,0,0,0,0,0,0,0,65,0,17,17,0,36,96,48,32,10,4,0,0,0,0,0,8,8,0,10,2,2,10,6,2,0,2,57,0,255,255,0,61,0,0,0,0,0,0,13,0,0,0,0,1,1,0,0,0,96,7,0,3,132,215,254,214,244,0,171,67,0,15,0,255,26,175,144,24,170,132,0,12,6,50,134,232,253,56,253,100,253,178,253,64,254,0,254,180,203,203,180,0,0,4,1,1,4,0,0,0,0,200,200,200,200,255,255,255,255,255,255,255,0,0,0,128,2,0,0,0,0,0,0,0,0,0,0,65,0,18,18,0,36,96,48,32,6,12,0,0,0,0,0,8,8,0,9,1,1,9,5,1,0,1,57,0,255,255,0,61,0,0,0,0,0,0,13,0,0,0,0,1,1,0,0,0,96,7,0,3,132,215,254,214,244
2026-08-07_10-37-20,1,222,0,0.0,0,80.0,2,2,0,171,67,0,15,0,255,26,175,144,24,170,132,0,12,6,50,134,232,253,56,253,100,253,178,253,64,254,0,254,180,203,203,180,0,0,4,1,1,4,0,0,0,0,200,200,200,200,255,255,255,255,255,255,255,0,0,0,128,2,0,0,0,0,0,0,0,0,0,0,65,0,18,18,0,36,96,48,32,6,12,0,0,0,0,0,8,8,0,9,1,1,9,5,1,0,1,57,0,255,255,0,61,0,0,0,0,0,0,13,0,0,0,0,1,1,0,0,0,96,7,0,3,132,215,254,214,244,0,175,67,0,15,0,255,26,175,144,24,170,132,0,12,6,50,134,231,253,56,253,100,253,164,253,64,254,0,254,178,205,205,178,0,0,4,1,1,4,0,0,0,0,200,200,200,200,255,255,255,255,255,255,255,0,0,0,128,2,0,0,0,0,0,0,0,0,0,0,65,0,19,19,0,36,96,48,32,2,4,0,0,0,0,0,8,8,0,9,1,1,9,4,1,0,0,57,0,255,255,0,61,0,0,0,0,0,0,13,0,0,0,0,1,1,0,0,0,96,7,0,3,132,215,254,214,244
2026-08-07_10-37-20,1,223,5,0.0,0,80.0,2,2,0,175,67,0,15,0,255,26,175,144,24,170,132,0,12,6,50,134,231,253,56,253,100,253,164,253,64,254,0,254,178,205,205,178,0,0,4,1,1,4,0,0,0,0,200,200,200,200,255,255,255,255,255,255,255,0,0,0,128,2,0,0,0,0,0,0,0,0,0,0,65,0,19,19,0,36,96,48,32,2,4,0,0,0,0,0,8,8,0,9,1,1,9,4,1,0,0,57,0,255,255,0,61,0,0,0,0,0,0,13,0,0,0,0,1,1,0,0,0,96,7,0,3,132,215,254,214,244,0,179,26,0,13,0,255,26,175,144,24,170,132,0,12,6,50,134,215,253,41,253,86,253,192,253,64,254,0,254,177,206,206,177,0,0,4,1,1,4,0,0,0,0,200,200,200,200,255,255,255,255,255,255,255,0,0,0,128,2,0,0,0,0,0,0,0,0,0,0,65,0,19,19,0,36,96,48,32,14,12,0,0,0,0,0,8,8,0,8,0,0,8,3,0,0,2,60,0,255,255,0,61,0,0,0,0,0,0,13,0,0,0,0,1,1,0,0,0,96,7,0,3,132,215,254,214,244
2026-08-07_10-37-20,1,224,5,0.0,0,80.0,2,2,0,179,26,0,13,0,255,26,175,144,24,170,132,0,12,6,50,134,215,253,41,253,86,253,192,253,64,254,0,254,177,206,206,177,0,0,4,1,1,4,0,0,0,0,200,200,200,200,255,255,255,255,255,255,255,0,0,0,128,2,0,0,0,0,0,0,0,0,0,0,65,0,19,19,0,36,96,48,32,14,12,0,0,0,0,0,8,8,0,8,0,0,8,3,0,0,2,60,0,255,255,0,61,0,0,0,0,0,0,13,0,0,0,0,1,1,0,0,0,96,7,0,3,132,215,254,214,244,0,183,26,0,13,0,255,26,175,144,24,170,132,0,12,6,50,134,214,253,41,253,86,253,178,253,64,254,0,254,175,208,208,175,0,0,4,1,1,4,0,0,0,0,200,200,200,200,255,255,255,255,255,255,255,0,0,0,128,2,0,0,0,0,0,0,0,0,0,0,65,0,20,20,0,36,96,48,32,10,4,0,0,0,0,0,8,8,0,8,0,0,8,2,0,0,1,64,0,255,255,0,61,0,0,0,0,0,0,13,0,0,0,0,1,1,0,0,0,96,7,0,3,132,215,254,214,244
2026-08-07_10-37-20,1,225,5,0.0,0,80.0,2,2,0,183,26,0,13,0,255,26,175,144,24,170,132,0,12,6,50,134,214,253,41,253,86,253,178,253,64,254,0,254,175,208,208,175,0,0,4,1,1,4,0,0,0,0,200,200,200,200,255,255,255,255,255,255,255,0,0,0,128,2,0,0,0,0,0,0,0,0,0,0,65,0,20,20,0,36,96,48,32,10,4,0,0,0,0,0,8,8,0,8,0,0,8,2,0,0,1,64,0,255,255,0,61,0,0,0,0,0,0,13,0,0,0,0,1,1,0,0,0,96,7,0,3,132,215,254,214,244,0,187,214,0,15,0,255,26,175,144,24,170,132,0,12,6,50,134,228,253,71,253,115,253,164,253,64,254,0,254,174,209,209,174,0,0,4,1,1,4,0,0,0,0,200,200,200,200,255,255,255,255,255,255,255,0,0,0,128,2,0,0,0,0,0,0,0,0,0,0,65,0,21,21,0,36,96,48,32,6,12,0,0,0,0,0,8,8,0,10,2,2,10,1,2,0,0,66,0,255,255,0,61,0,0,0,0,0,0,13,0,0,0,0,1,1,0,0,0,96,7,0,3,132,215,254,214,244
2026-08-07_10-37-20,1,226,0,0.0,0,80.0,2,2,0,187,214,0,15,0,255,26,175,144,24,170,132,0,12,6,50,134,228,253,71,253,115,253,164,253,64,254,0,254,174,209,209,174,0,0,4,1,1,4,0,0,0,0,200,200,200,200,255,255,255,255,255,255,255,0,0,0,128,2,0,0,0,0,0,0,0,0,0,0,65,0,21,21,0,36,96,48,32,6,12,0,0,0,0,0,8,8,0,10,2,2,10,1,2,0,0,66,0,255,255,0,61,0,0,0,0,0,0,13,0,0,0,0,1,1,0,0,0,96,7,0,3,132,215,254,214,244,0,191,214,0,15,0,255,26,175,144,24,170,132,0,12,6,50,134,227,253,71,253,115,253,192,253,64,254,0,254,172,211,211,172,0,0,4,1,1,4,0,0,0,0,200,200,200,200,255,255,255,255,255,255,255,0,0,0,128,2,0,0,0,0,0,0,0,0,0,0,65,0,22,22,0,36,96,48,32,2,4,0,0,0,0,0,8,8,0,10,2,2,10,0,2,0,2,66,0,255,255,0,61,0,0,0,0,0,0,13,0,0,0,0,1,1,0,0,0,96,7,0,3,132,215,254,214,244
2026-08-07_10-37-20,1,227,0,0.0,0,80.0,2,2,0,191,214,0,15,0,255,26,175,144,24,170,132,0,12,6,50,134,227,253,71,253,115,253,192,253,64,254,0,254,172,211,211,172,0,0,4,1,1,4,0,0,0,0,200,200,200,200,255,255,255,255,255,255,255,0,0,0,128,2,0,0,0,0,0,0,0,0,0,0,65,0,22,22,0,36,96,48,32,2,4,0,0,0,0,0,8,8,0,10,2,2,10,0,2,0,2,66,0,255,255,0,61,0,0,0,0,0,0,13,0,0,0,0,1,1,0,0,0,96,7,0,3,132,215,254,214,244,0,195,179,0,15,0,255,26,175,144,24,170,132,0,12,6,50,134,227,253,56,253,100,253,178,253,64,254,0,254,171,212,212,171,0,0,4,1,1,4,0,0,0,0,200,200,200,200,255,255,255,255,255,255,255,0,0,0,128,2,0,0,0,0,0,0,0,0,0,0,65,0,22,22,0,36,96,48,32,14,12,0,0,0,0,0,8,8,0,9,1,1,9,0,1,0,1,66,0,255,255,0,60,0,0,0,0,0,0,13,0,0,0,0,1,1,0,0,0,96,7,0,3,132,215,254,214,244
2026-08-07_10-37-20,1,228,0,0.0,0,80.0,2,2,0,195,179,0,15,0,255,26,175,144,24,170,132,0,12,6,50,134,227,253,56,253,100,253,178,253,64,254,0,254,171,212,212,171,0,0,4,1,1,4,0,0,0,0,200,200,200,200,255,255,255,255,255,255,255,0,0,0,128,2,0,0,0,0,0,0,0,0,0,0,65,0,22,22,0,36,96,48,32,14,12,0,0,0,0,0,8,8,0,9,1,1,9,0,1,0,1,66,0,255,255,0,60,0,0,0,0,0,0,13,0,0,0,0,1,1,0,0,0,96,7,0,3,132,215,254,214,244,0,199,179,0,15,0,255,26,175,144,24,170,132,0,12,6,50,134,228,253,56,253,100,253,164,253,64,254,0,254,169,214,214,169,0,0,4,1,1,4,0,0,0,0,200,200,200,200,255,255,255,255,255,255,255,0,0,0,128,2,0,0,0,0,0,0,0,0,0,0,65,0,23,23,0,36,96,48,32,10,4,0,0,0,0,0,8,8,0,9,1,1,9,1,1,0,0,66,0,255,255,0,60,0,0,0,0,0,0,13,0,0,0,0,1,1,0,0,0,96,7,0,3,132,215,254,214,244
2026-08-07_10-37-20,1,229,0,0.0,0,80.0,2,2,0,199,179,0,15,0,255,26,175,144,24,170,132,0,12,6,50,134,228,253,56,253,100,253,164,253,64,254,0,254,169,214,214,169,0,0,4,1,1,4,0,0,0,0,200,200,200,200,255,255,255,255,255,255,255,0,0,0,128,2,0,0,0,0,0,0,0,0,0,0,65,0,23,23,0,36,96,48,32,10,4,0,0,0,0,0,8,8,0,9,1,1,9,1,1,0,0,66,0,255,255,0,60,0,0,0,0,0,0,13,0,0,0,0,1,1,0,0,0,96,7,0,3,132,215,254,214,244,0,203,153,0,15,0,255,26,175,144,24,170,132,0,12,6,50,134,214,253,41,253,86,253,192,253,64,254,0,254,168,215,215,168,0,0,4,1,1,4,0,0,0,0,200,200,200,200,255,255,255,255,255,255,255,0,0,0,128,2,0,0,0,0,0,0,0,0,0,0,65,0,24,24,0,36,96,48,32,6,12,0,0,0,0,0,8,8,0,8,0,0,8,2,0,0,2,66,0,255,255,0,60,68,0,0,0,0,0,16,0,0,0,0,1,1,0,0,0,96,7,0,3,132,215,254,214,244
2026-08-07_10-37-20,1,230,1,0.0,0,80.0,2,2,0,203,153,0,15,0,255,26,175,144,24,170,132,0,12,6,50,134,214,253,41,253,86,253,192,253,64,254,0,254,168,215,215,168,0,0,4,1,1,4,0,0,0,0,200,200,200,200,255,255,255,255,255,255,255,0,0,0,128,2,0,0,0,0,0,0,0,0,0,0,65,0,24,24,0,36,96,48,32,6,12,0,0,0,0,0,8,8,0,8,0,0,8,2,0,0,2,66,0,255,255,0,60,68,0,0,0,0,0,16,0,0,0,0,1,1,0,0,0,96,7,0,3,132,215,254,214,244,0,207,153,0,15,0,255,26,175,144,24,170,132,0,12,6,50,134,215,253,41,253,86,253,178,253,64,254,0,254,166,217,217,166,0,0,4,1,1,4,0,0,0,0,200,200,200,200,255,255,255,255,255,255,255,0,0,0,128,2,0,0,0,0,0,0,0,0,0,0,65,0,25,25,0,36,96,48,32,2,4,0,0,0,0,0,8,8,0,8,0,0,8,3,0,0,1,66,0,255,255,0,60,48,0,0,0,0,0,15,0,0,0,0,1,1,0,0,0,96,7,0,3,132,215,254,214,244
2026-08-07_10-37-20,1,231,1,0.0,0,80.0,2,2,0,207,153,0,15,0,255,26,175,144,24,170,132,0,12,6,50,134,215,253,41,253,86,253,178,253,64,254,0,254,166,217,217,166,0,0,4,1,1,4,0,0,0,0,200,200,200,200,255,255,255,255,255,255,255,0,0,0,128,2,0,0,0,0,0,0,0,0,0,0,65,0,25,25,0,36,96,48,32,2,4,0,0,0,0,0,8,8,0,8,0,0,8,3,0,0,1,66,0,255,255,0,60,48,0,0,0,0,0,15,0,0,0,0,1,1,0,0,0,96,7,0,3,132,215,254,214,244,0,211,202,0,15,0,255,26,175,144,24,170,132,0,12,6,50,134,231,253,71,253,115,253,164,253,64,254,0,254,165,218,218,165,0,0,4,1,1,4,0,0,0,0,200,200,200,200,255,255,255,255,255,255,255,0,0,0,128,2,0,0,0,0,0,0,0,0,0,0,65,0,25,25,0,36,96,48,32,14,12,0,0,0,0,0,8,8,0,10,2,2,10,4,2,0,0,66,0,255,255,0,60,28,0,0,0,0,0,14,0,0,0,0,1,1,0,0,0,96,7,0,3,132,215,254,214,244
2026-08-07_10-37-20,1,232,0,0.0,0,80.0,2,2,0,211,202,0,15,0,255,26,175,144,24,170,132,0,12,6,50,134,231,253,71,253,115,253,164,253,64,254,0,254,165,218,218,165,0,0,4,1,1,4,0,0,0,0,200,200,200,200,255,255,255,255,255,255,255,0,0,0,128,2,0,0,0,0,0,0,0,0,0,0,65,0,25,25,0,36,96,48,32,14,12,0,0,0,0,0,8,8,0,10,2,2,10,4,2,0,0,66,0,255,255,0,60,28,0,0,0,0,0,14,0,0,0,0,1,1,0,0,0,96,7,0,3,132,215,254,214,244,0,215,202,0,15,0,255,26,175,144,24,170,132,0,12,6,50,134,232,253,71,253,115,253,192,253,64,254,0,254,163,220,220,163,0,0,4,1,1,4,0,0,0,0,200,200,200,200,255,255,255,255,255,255,255,0,0,0,128,2,0,0,0,0,0,0,0,0,0,0,65,0,26,26,0,36,96,48,32,10,4,0,0,0,0,0,8,8,0,10,2,2,10,5,2,0,2,66,0,255,255,0,60,8,0,0,0,0,0,13,0,0,0,0,1,1,0,0,0,96,7,0,3,132,215,254,214,244
2026-08-07_10-37-20,1,233,0,0.0,0,80.0,2,2,0,215,202,0,15,0,255,26,175,144,24,170,132,0,12,6,50,134,232,253,71,253,115,253,192,253,64,254,0,254,163,220,220,163,0,0,4,1,1,4,0,0,0,0,200,200,200,200,255,255,255,255,255,255,255,0,0,0,128,2,0,0,0,0,0,0,0,0,0,0,65,0,26,26,0,36,96,48,32,10,4,0,0,0,0,0,8,8,0,10,2,2,10,5,2,0,2,66,0,255,255,0,60,8,0,0,0,0,0,13,0,0,0,0,1,1,0,0,0,96,7,0,3,132,215,254,214,244,0,219,84,0,15,0,255,26,175,144,24,170,132,0,12,6,50,134,233,253,56,253,100,253,178,253,64,254,0,254,162,221,221,162,0,0,4,1,1,4,0,0,0,0,200,200,200,200,255,255,255,255,255,255,255,0,0,0,128,2,0,0,0,0,0,0,0,0,0,0,65,0,27,27,0,36,96,48,32,6,12,0,0,0,0,0,8,8,0,9,1,1,9,6,1,0,1,66,0,255,255,0,60,0,0,0,0,0,0,12,0,0,0,0,1,1,0,0,0,96,7,0,3,132,215,254,214,244
2026-08-07_10-37-20,1,234,0,0.0,0,80.0,2,2,0,219,84,0,15,0,255,26,175,144,24,170,132,0,12,6,50,134,233,253,56,253,100,253,178,253,64,254,0,254,162,221,221,162,0,0,4,1,1,4,0,0,0,0,200,200,200,200,255,255,255,255,255,255,255,0,0,0,128,2,0,0,0,0,0,0,0,0,0,0,65,0,27,27,0,36,96,48,32,6,12,0,0,0,0,0,8,8,0,9,1,1,9,6,1,0,1,66,0,255,255,0,60,0,0,0,0,0,0,12,0,0,0,0,1,1,0,0,0,96,7,0,3,132,215,254,214,244,0,223,84,0,15,0,255,26,175,144,24,170,132,0,12,6,50,134,234,253,56,253,100,253,164,253,64,254,0,254,160,223,223,160,0,0,4,1,1,4,0,0,0,0,200,200,200,200,255,255,255,255,255,255,255,0,0,0,128,2,0,0,0,0,0,0,0,0,0,0,65,0,28,28,0,36,96,48,32,2,4,0,0,0,0,0,8,8,0,9,1,1,9,7,1,0,0,66,0,255,255,0,60,0,0,0,0,0,0,12,0,0,0,0,1,1,0,0,0,96,7,0,3,132,215,254,214,244
2026-08-07_10-37-20,1,235,0,0.0,0,80.0,2,2,0,223,84,0,15,0,255,26,175,144,24,170,132,0,12,6,50,134,234,253,56,253,100,253,164,253,64,254,0,254,160,223,223,160,0,0,4,1,1,4,0,0,0,0,200,200,200,200,255,255,255,255,255,255,255,0,0,0,128,2,0,0,0,0,0,0,0,0,0,0,65,0,28,28,0,36,96,48,32,2,4,0,0,0,0,0,8,8,0,9,1,1,9,7,1,0,0,66,0,255,255,0,60,0,0,0,0,0,0,12,0,0,0,0,1,1,0,0,0,96,7,0,3,132,215,254,214,244,0,227,167,0,15,0,255,26,175,144,24,170,132,0,12,6,50,134,219,253,41,253,86,253,192,253,64,254,0,254,159,224,224,159,0,0,4,1,1,4,4,1,1,4,200,200,200,200,255,255,255,255,255,255,255,0,0,0,128,2,0,0,0,0,0,0,0,0,0,0,65,0,28,28,0,36,218,48,32,14,12,0,0,0,0,0,8,8,0,8,0,0,8,7,0,0,2,66,0,255,255,0,59,0,0,0,0,0,0,12,0,0,0,0,1,1,0,0,0,96,7,0,3,132,215,254,214,244
2026-08-07_10-37-20,1,236,2,0.0,0,80.0,2,2,0,227,167,0,15,0,255,26,175,144,24,170,132,0,12,6,50,134,219,253,41,253,86,253,192,253,64,254,0,254,159,224,224,159,0,0,4,1,1,4,4,1,1,4,200,200,200,200,255,255,255,255,255,255,255,0,0,0,128,2,0,0,0,0,0,0,0,0,0,0,65,0,28,28,0,36,218,48,32,14,12,0,0,0,0,0,8,8,0,8,0,0,8,7,0,0,2,66,0,255,255,0,59,0,0,0,0,0,0,12,0,0,0,0,1,1,0,0,0,96,7,0,3,132,215,254,214,244,0,231,167,0,14,0,255,26,175,144,24,170,132,0,12,6,50,134,218,253,41,253,86,253,178,253,64,254,0,254,157,226,226,157,0,0,4,1,1,4,4,1,1,4,200,200,200,200,255,255,255,255,255,255,255,0,0,0,128,2,0,0,0,0,0,0,0,0,0,0,65,0,29,29,0,36,250,48,32,10,4,0,0,0,0,0,8,8,0,8,0,0,8,6,0,0,1,63,0,255,255,0,59,0,0,0,0,0,0,12,0,0,0,0,1,1,0,0,0,96,7,0,3,132,215,254,214,244
2026-08-07_10-37-20,1,237,2,0.0,0,80.0,2,2,0,231,167,0,14,0,255,26,175,144,24,170,132,0,12,6,50,134,218,253,41,253,86,253,178,253,64,254,0,254,157,226,226,157,0,0,4,1,1,4,4,1,1,4,200,200,200,200,255,255,255,255,255,255,255,0,0,0,128,2,0,0,0,0,0,0,0,0,0,0,65,0,29,29,0,36,250,48,32,10,4,0,0,0,0,0,8,8,0,8,0,0,8,6,0,0,1,63,0,255,255,0,59,0,0,0,0,0,0,12,0,0,0,0,1,1,0,0,0,96,7,0,3,132,215,254,214,244,0,235,60,0,14,0,255,26,175,144,24,170,132,0,12,6,50,134,232,253,71,253,115,253,164,253,64,254,0,254,156,227,227,156,0,0,4,1,1,4,4,1,1,4,200,200,200,200,255,255,255,255,255,255,255,0,0,0,128,2,0,0,0,0,0,0,0,0,0,0,65,0,30,30,0,36,10,48,32,6,12,0,0,0,0,0,8,8,0,10,2,2,10,5,2,0,0,59,0,255,255,0,59,0,0,0,0,0,0,12,0,0,0,0,1,1,0,0,0,96,7,0,3,132,215,254,214,244
2026-08-07_10-37-20,1,238,0,0.0,0,80.0,2,2,0,235,60,0,14,0,255,26,175,144,24,170,132,0,12,6,50,134,232,253,71,253,115,253,164,253,64,254,0,254,156,227,227,156,0,0,4,1,1,4,4,1,1,4,200,200,200,200,255,255,255,255,255,255,255,0,0,0,128,2,0,0,0,0,0,0,0,0,0,0,65,0,30,30,0,36,10,48,32,6,12,0,0,0,0,0,8,8,0,10,2,2,10,5,2,0,0,59,0,255,255,0,59,0,0,0,0,0,0,12,0,0,0,0,1,1,0,0,0,96,7,0,3,132,215,254,214,244,0,239,60,0,15,0,255,26,175,144,24,170,132,0,12,6,50,134,231,253,71,253,115,253,192,253,64,254,0,254,154,229,229,154,0,0,4,1,1,4,4,1,1,4,200,200,200,200,255,255,255,255,255,255,255,0,0,0,128,2,0,0,0,0,0,0,0,0,0,0,65,0,31,31,0,36,42,48,32,2,4,0,0,0,0,0,8,8,0,10,2,2,10,4,2,0,2,58,0,255,255,0,59,0,0,0,0,0,0,12,0,0,0,0,1,1,0,0,0,96,7,0,3,132,215,254,214,244
2026-08-07_10-37-20,1,239,0,0.0,0,80.0,2,2,0,239,60,0,15,0,255,26,175,144,24,170,132,0,12,6,50,134,231,253,71,253,115,253,192,253,64,254,0,254,154,229,229,154,0,0,4,1,1,4,4,1,1,4,200,200,200,200,255,255,255,255,255,255,255,0,0,0,128,2,0,0,0,0,0,0,0,0,0,0,65,0,31,31,0,36,42,48,32,2,4,0,0,0,0,0,8,8,0,10,2,2,10,4,2,0,2,58,0,255,255,0,59,0,0,0,0,0,0,12,0,0,0,0,1,1,0,0,0,96,7,0,3,132,215,254,214,244,0,243,230,0,15,0,255,26,175,144,24,170,132,0,12,6,50,134,230,253,56,253,100,253,178,253,64,254,0,254,153,230,230,153,0,0,4,1,1,4,4,1,1,4,200,200,200,200,255,255,255,255,255,255,255,0,0,0,128,2,0,0,0,0,0,0,0,0,0,0,65,0,31,31,0,36,58,48,32,14,12,0,0,0,0,0,8,8,0,9,1,1,9,3,1,0,1,58,0,255,255,0,59,68,0,0,0,0,0,16,0,0,0,0,1,1,0,0,0,96,7,0,3,132,215,254,214,244
2026-08-07_10-37-20,1,240,1,0.0,0,80.0,2,2,0,243,230,0,15,0,255,26,175,144,24,170,132,0,12,6,50,134,230,253,56,253,100,253,178,253,64,254,0,254,153,230,230,153,0,0,4,1,1,4,4,1,1,4,200,200,200,200,255,255,255,255,255,255,255,0,0,0,128,2,0,0,0,0,0,0,0,0,0,0,65,0,31,31,0,36,58,48,32,14,12,0,0,0,0,0,8,8,0,9,1,1,9,3,1,0,1,58,0,255,255,0,59,68,0,0,0,0,0,16,0,0,0,0,1,1,0,0,0,96,7,0,3,132,215,254,214,244,0,247,230,0,15,0,255,26,175,144,24,170,132,0,12,6,50,134,229,253,56,253,100,253,164,253,64,254,0,254,151,232,232,151,0,0,4,1,1,4,4,1,1,4,200,200,200,200,255,255,255,255,255,255,255,0,0,0,128,2,0,0,0,0,0,0,0,0,0,0,65,0,32,32,0,36,90,48,32,10,4,0,0,0,0,0,8,8,0,9,1,1,9,2,1,0,0,58,0,255,255,0,59,48,0,0,0,0,0,15,0,0,0,0,1,1,0,0,0,96,7,0,3,132,215,254,214,244
2026-08-07_10-37-20,1,241,1,0.0,0,80.0,2,2,0,247,230,0,15,0,255,26,175,144,24,170,132,0,12,6,50,134,229,253,56,253,100,253,164,253,64,254,0,254,151,232,232,151,0,0,4,1,1,4,4,1,1,4,200,200,200,200,255,255,255,255,255,255,255,0,0,0,128,2,0,0,0,0,0,0,0,0,0,0,65,0,32,32,0,36,90,48,32,10,4,0,0,0,0,0,8,8,0,9,1,1,9,2,1,0,0,58,0,255,255,0,59,48,0,0,0,0,0,15,0,0,0,0,1,1,0,0,0,96,7,0,3,132,215,254,214,244,0,251,54,0,15,0,255,26,175,144,24,170,132,0,12,6,50,134,213,253,41,253,86,253,192,253,64,254,0,254,150,233,233,150,0,0,4,1,1,4,4,1,1,4,200,200,200,200,255,255,255,255,255,255,255,0,0,0,128,2,0,0,0,0,0,0,0,0,0,0,65,0,33,33,0,36,106,48,32,6,12,0,0,0,0,0,8,8,0,8,0,0,8,1,0,0,2,58,0,255,255,0,59,28,0,0,0,0,0,14,0,0,0,0,1,1,0,0,0,96,7,0,3,132,215,254,214,244
2026-08-07_10-37-20,1,242,0,0.0,0,80.0,2,2,0,251,54,0,15,0,255,26,175,144,24,170,132,0,12,6,50,134,213,253,41,253,86,253,192,253,64,254,0,254,150,233,233,150,0,0,4,1,1,4,4,1,1,4,200,200,200,200,255,255,255,255,255,255,255,0,0,0,128,2,0,0,0,0,0,0,0,0,0,0,65,0,33,33,0,36,106,48,32,6,12,0,0,0,0,0,8,8,0,8,0,0,8,1,0,0,2,58,0,255,255,0,59,28,0,0,0,0,0,14,0,0,0,0,1,1,0,0,0,96,7,0,3,132,215,254,214,244,0,255,54,0,15,0,255,26,175,144,24,170,132,0,12,6,50,134,212,253,41,253,86,253,178,253,64,254,0,254,148,235,235,148,0,0,4,1,1,4,4,1,1,4,200,200,200,200,255,255,255,255,255,255,255,0,0,0,128,2,0,0,0,0,0,0,0,0,0,0,65,0,34,34,0,36,153,48,32,2,4,0,0,0,0,0,8,8,0,8,0,0,8,0,0,0,1,58,0,255,255,0,59,8,0,0,0,0,0,13,0,0,0,0,1,1,0,0,0,96,7,0,3,132,215,254,214,244
2026-08-07_10-37-20,1,243,0,0.0,0,80.0,2,2,0,255,54,0,15,0,255,26,175,144,24,170,132,0,12,6,50,134,212,253,41,253,86,253,178,253,64,254,0,254,148,235,235,148,0,0,4,1,1,4,4,1,1,4,200,200,200,200,255,255,255,255,255,255,255,0,0,0,128,2,0,0,0,0,0,0,0,0,0,0,65,0,34,34,0,36,153,48,32,2,4,0,0,0,0,0,8,8,0,8,0,0,8,0,0,0,1,58,0,255,255,0,59,8,0,0,0,0,0,13,0,0,0,0,1,1,0,0,0,96,7,0,3,132,215,254,214,244,0,3,180,0,15,0,255,26,175,144,24,170,132,0,12,6,50,134,227,253,71,253,115,253,164,253,64,254,0,254,147,236,236,147,1,0,4,1,1,4,4,1,1,4,200,200,200,200,255,255,255,255,255,255,255,0,0,0,128,2,0,0,0,0,0,0,0,0,0,0,65,0,34,34,0,36,169,48,32,14,12,0,0,0,0,0,8,8,0,10,2,2,10,0,2,0,0,58,0,255,255,0,58,0,0,0,0,0,0,12,0,0,0,0,1,1,0,0,0,96,7,0,3,132,215,254,214,244
2026-08-07_10-37-20,1,244,0,0.0,0,80.0,2,2,0,3,180,0,15,0,255,26,175,144,24,170,132,0,12,6,50,134,227,253,71,253,115,253,164,253,64,254,0,254,147,236,236,147,1,0,4,1,1,4,4,1,1,4,200,200,200,200,255,255,255,255,255,255,255,0,0,0,128,2,0,0,0,0,0,0,0,0,0,0,65,0,34,34,0,36,169,48,32,14,12,0,0,0,0,0,8,8,0,10,2,2,10,0,2,0,0,58,0,255,255,0,58,0,0,0,0,0,0,12,0,0,0,0,1,1,0,0,0,96,7,0,3,132,215,254,214,244,0,7,180,0,15,0,255,26,175,144,24,170,132,0,12,6,50,134,228,253,71,253,115,253,192,253,64,254,0,254,145,238,238,145,1,0,4,1,1,4,4,1,1,4,200,200,200,200,255,255,255,255,255,255,255,0,0,0,128,2,0,0,0,0,0,0,0,0,0,0,65,0,35,35,0,36,201,48,32,10,4,0,0,0,0,0,8,8,0,10,2,2,10,1,2,0,2,58,0,255,255,0,58,0,0,0,0,0,0,12,0,0,0,0,1,1,0,0,0,96,7,0,3,132,215,254,214,244
2026-08-07_10-37-20,1,245,0,0.0,0,80.0,2,2,0,7,180,0,15,0,255,26,175,144,24,170,132,0,12,6,50,134,228,253,71,253,115,253,192,253,64,254,0,254,145,238,238,145,1,0,4,1,1,4,4,1,1,4,200,200,200,200,255,255,255,255,255,255,255,0,0,0,128,2,0,0,0,0,0,0,0,0,0,0,65,0,35,35,0,36,201,48,32,10,4,0,0,0,0,0,8,8,0,10,2,2,10,1,2,0,2,58,0,255,255,0,58,0,0,0,0,0,0,12,0,0,0,0,1,1,0,0,0,96,7,0,3,132,215,254,214,244,0,11,160,0,15,0,255,26,175,144,24,170,132,0,12,6,50,134,229,253,56,253,100,253,178,253,64,254,0,254,144,239,239,144,1,0,4,1,1,4,4,1,1,4,200,200,200,200,255,255,255,255,255,255,255,0,0,0,128,2,0,0,0,0,0,0,0,0,0,0,65,0,36,36,0,36,217,48,32,6,12,0,0,0,0,0,8,8,0,9,1,1,9,2,1,0,1,58,0,255,255,0,58,0,0,0,0,0,0,12,0,0,0,0,1,1,0,0,0,96,7,0,3,132,215,254,214,244
2026-08-07_10-37-20,1,246,0,0.0,0,80.0,2,2,0,11,160,0,15,0,255,26,175,144,24,170,132,0,12,6,50,134,229,253,56,253,100,253,178,253,64,254,0,254,144,239,239,144,1,0,4,1,1,4,4,1,1,4,200,200,200,200,255,255,255,255,255,255,255,0,0,0,128,2,0,0,0,0,0,0,0,0,0,0,65,0,36,36,0,36,217,48,32,6,12,0,0,0,0,0,8,8,0,9,1,1,9,2,1,0,1,58,0,255,255,0,58,0,0,0,0,0,0,12,0,0,0,0,1,1,0,0,0,96,7,0,3,132,215,254,214,244,0,15,160,0,15,0,255,26,175,144,24,170,132,0,12,6,50,134,230,253,56,253,100,253,164,253,64,254,0,254,142,241,241,142,1,0,4,1,1,4,4,1,1,4,200,200,200,200,255,255,255,255,255,255,255,0,0,0,128,2,0,0,0,0,0,0,0,0,0,0,65,0,37,37,0,36,249,48,32,2,4,0,0,0,0,0,8,8,0,9,1,1,9,3,1,0,0,58,0,255,255,0,58,0,0,0,0,0,0,12,0,0,0,0,1,1,0,0,0,96,7,0,3,132,215,254,214,244
2026-08-07_10-37-20,1,247,0,0.0,0,80.0,2,2,0,15,160,0,15,0,255,26,175,144,24,170,132,0,12,6,50,134,230,253,56,253,100,253,164,253,64,254,0,254,142,241,241,142,1,0,4,1,1,4,4,1,1,4,200,200,200,200,255,255,255,255,255,255,255,0,0,0,128,2,0,0,0,0,0,0,0,0,0,0,65,0,37,37,0,36,249,48,32,2,4,0,0,0,0,0,8,8,0,9,1,1,9,3,1,0,0,58,0,255,255,0,58,0,0,0,0,0,0,12,0,0,0,0,1,1,0,0,0,96,7,0,3,132,215,254,214,244,0,19,5,0,15,0,255,26,175,144,24,170,132,0,12,6,50,134,216,253,41,253,86,253,192,253,64,254,0,254,141,242,242,141,1,0,4,1,1,4,4,1,1,4,200,200,200,200,255,255,255,255,255,255,255,0,0,0,128,2,0,0,0,0,0,0,0,0,0,0,65,0,37,37,0,36,9,48,32,14,12,0,0,0,0,0,8,8,0,8,0,0,8,4,0,0,2,58,0,255,255,0,58,0,0,0,0,0,0,12,0,0,0,0,1,1,0,0,0,96,7,0,3,132,215,254,214,244
2026-08-07_10-37-20,1,248,0,0.0,0,80.0,2,2,0,19,5,0,15,0,255,26,175,144,24,170,132,0,12,6,50,134,216,253,41,253,86,253,192,253,64,254,0,254,141,242,242,141,1,0,4,1,1,4,4,1,1,4,200,200,200,200,255,255,255,255,255,255,255,0,0,0,128,2,0,0,0,0,0,0,0,0,0,0,65,0,37,37,0,36,9,48,32,14,12,0,0,0,0,0,8,8,0,8,0,0,8,4,0,0,2,58,0,255,255,0,58,0,0,0,0,0,0,12,0,0,0,0,1,1,0,0,0,96,7,0,3,132,215,254,214,244,0,23,5,0,15,0,255,26,175,144,24,170,132,0,12,6,50,134,217,253,41,253,86,253,178,253,64,254,0,254,139,244,244,139,1,0,4,1,1,4,4,1,1,4,200,200,200,200,255,255,255,255,255,255,255,0,0,0,128,2,0,0,0,0,0,0,0,0,0,0,65,0,38,38,0,36,41,48,32,10,4,0,0,0,0,0,8,8,0,8,0,0,8,5,0,0,1,58,0,255,255,0,58,0,0,0,0,0,0,12,0,0,0,0,1,1,0,0,0,96,7,0,3,132,215,254,214,244
2026-08-07_10-37-20,1,249,0,0.0,0,80.0,2,2,0,23,5,0,15,0,255,26,175,144,24,170,132,0,12,6,50,134,217,253,41,253,86,253,178,253,64,254,0,254,139,244,244,139,1,0,4,1,1,4,4,1,1,4,200,200,200,200,255,255,255,255,255,255,255,0,0,0,128,2,0,0,0,0,0,0,0,0,0,0,65,0,38,38,0,36,41,48,32,10,4,0,0,0,0,0,8,8,0,8,0,0,8,5,0,0,1,58,0,255,255,0,58,0,0,0,0,0,0,12,0,0,0,0,1,1,0,0,0,96,7,0,3,132,215,254,214,244,0,27,41,0,15,0,255,26,175,144,24,170,132,0,12,6,50,134,233,253,71,253,115,253,164,253,64,254,0,254,138,245,245,138,1,0,4,1,1,4,4,1,1,4,200,200,200,200,255,255,255,255,255,255,255,0,0,0,128,2,0,0,0,0,0,0,0,0,0,0,65,0,39,39,0,36,57,48,32,6,12,0,0,0,0,0,8,8,0,10,2,2,10,6,2,0,0,58,0,255,255,0,58,0,0,0,0,0,0,12,0,0,0,0,1,1,0,0,0,96,7,0,3,132,215,254,214,244
2026-08-07_10-37-20,1,250,0,0.0,0,80.0,2,2,0,27,41,0,15,0,255,26,175,144,24,170,132,0,12,6,50,134,233,253,71,253,115,253,164,253,64,254,0,254,138,245,245,138,1,0,4,1,1,4,4,1,1,4,200,200,200,200,255,255,255,255,255,255,255,0,0,0,128,2,0,0,0,0,0,0,0,0,0,0,65,0,39,39,0,36,57,48,32,6,12,0,0,0,0,0,8,8,0,10,2,2,10,6,2,0,0,58,0,255,255,0,58,0,0,0,0,0,0,12,0,0,0,0,1,1,0,0,0,96,7,0,3,132,215,254,214,244,0,31,41,0,15,0,255,26,175,144,24,170,132,0,12,6,50,134,234,253,71,253,115,253,192,253,64,254,0,254,136,247,247,136,1,0,4,1,1,4,4,1,1,4,200,200,200,200,255,255,255,255,255,255,255,0,0,0,128,2,0,0,0,0,0,0,0,0,0,0,65,0,40,40,0,36,89,48,32,2,4,0,0,0,0,0,8,8,0,10,2,2,10,7,2,0,2,58,0,255,255,0,58,0,0,0,0,0,0,12,0,0,0,0,1,1,0,0,0,96,7,0,3,132,215,254,214,244
2026-08-07_10-37-20,1,251,0,0.0,0,80.0,2,2,0,31,41,0,15,0,255,26,175,144,24,170,132,0,12,6,50,134,234,253,71,253,115,253,192,253,64,254,0,254,136,247,247,136,1,0,4,1,1,4,4,1,1,4,200,200,200,200,255,255,255,255,255,255,255,0,0,0,128,2,0,0,0,0,0,0,0,0,0,0,65,0,40,40,0,36,89,48,32,2,4,0,0,0,0,0,8,8,0,10,2,2,10,7,2,0,2,58,0,255,255,0,58,0,0,0,0,0,0,12,0,0,0,0,1,1,0,0,0,96,7,0,3,132,215,254,214,244,0,35,75,0,15,0,255,26,175,144,24,170,132,0,12,6,50,134,234,253,56,253,100,253,178,253,64,254,0,254,135,248,248,135,1,0,4,1,1,4,4,1,1,4,200,200,200,200,255,255,255,255,255,255,255,0,0,0,128,2,0,0,0,0,0,0,0,0,0,0,65,0,40,40,0,36,105,48,32,14,12,0,0,0,0,0,8,8,0,9,1,1,9,7,1,0,1,58,0,255,255,0,57,0,0,0,0,0,0,12,0,0,0,0,1,1,0,0,0,96,7,0,3,132,215,254,214,244
2026-08-07_10-37-20,1,252,0,0.0,0,80.0,2,2,0,35,75,0,15,0,255,26,175,144,24,170,132,0,12,6,50,134,234,253,56,253,100,253,178,253,64,254,0,254,135,248,248,135,1,0,4,1,1,4,4,1,1,4,200,200,200,200,255,255,255,255,255,255,255,0,0,0,128,2,0,0,0,0,0,0,0,0,0,0,65,0,40,40,0,36,105,48,32,14,12,0,0,0,0,0,8,8,0,9,1,1,9,7,1,0,1,58,0,255,255,0,57,0,0,0,0,0,0,12,0,0,0,0,1,1,0,0,0,96,7,0,3,132,215,254,214,244,0,39,75,0,15,0,255,26,175,144,24,170,132,0,12,6,50,134,233,253,56,253,100,253,164,253,64,254,0,254,133,250,250,133,1,0,4,1,1,4,4,1,1,4,200,200,200,200,255,255,255,255,255,255,255,0,0,0,128,2,0,0,0,0,0,0,0,0,0,0,65,0,41,41,0,36,152,48,32,10,4,0,0,0,0,0,8,8,0,9,1,1,9,6,1,0,0,58,0,255,255,0,57,0,0,0,0,0,0,12,0,0,0,0,1,1,0,0,0,96,7,0,3,132,215,254,214,244
2026-08-07_10-37-20,1,253,0,0.0,0,80.0,2,2,0,39,75,0,15,0,255,26,175,144,24,170,132,0,12,6,50,134,233,253,56,253,100,253,164,253,64,254,0,254,133,250,250,133,1,0,4,1,1,4,4,1,1,4,200,200,200,200,255,255,255,255,255,255,255,0,0,0,128,2,0,0,0,0,0,0,0,0,0,0,65,0,41,41,0,36,152,48,32,10,4,0,0,0,0,0,8,8,0,9,1,1,9,6,1,0,0,58,0,255,255,0,57,0,0,0,0,0,0,12,0,0,0,0,1,1,0,0,0,96,7,0,3,132,215,254,214,244,0,43,88,0,15,0,255,26,175,144,24,170,132,0,12,6,50,134,217,253,41,253,86,253,192,253,64,254,0,254,132,251,251,132,1,0,4,1,1,4,4,1,1,4,200,200,200,200,255,255,255,255,255,255,255,0,0,0,128,2,0,0,0,0,0,0,0,0,0,0,65,0,42,42,0,36,168,48,32,6,12,0,0,0,0,0,8,8,0,8,0,0,8,5,0,0,2,58,0,255,255,0,57,0,0,0,0,0,0,12,0,0,0,0,1,1,0,0,0,96,7,0,3,132,215,254,214,244
2026-08-07_10-37-20,1,254,0,0.0,0,80.0,2,2,0,43,88,0,15,0,255,26,175,144,24,170,132,0,12,6,50,134,217,253,41,253,86,253,192,253,64,254,0,254,132,251,251,132,1,0,4,1,1,4,4,1,1,4,200,200,200,200,255,255,255,255,255,255,255,0,0,0,128,2,0,0,0,0,0,0,0,0,0,0,65,0,42,42,0,36,168,48,32,6,12,0,0,0,0,0,8,8,0,8,0,0,8,5,0,0,2,58,0,255,255,0,57,0,0,0,0,0,0,12,0,0,0,0,1,1,0,0,0,96,7,0,3,132,215,254,214,244,0,47,88,0,15,0,255,26,175,144,24,170,132,0,12,6,50,134,216,253,41,253,86,253,178,253,64,254,0,254,130,253,253,130,1,0,4,1,1,4,4,1,1,4,200,200,200,200,255,255,255,255,255,255,255,0,0,0,128,2,0,0,0,0,0,0,0,0,0,0,65,0,43,43,0,36,200,48,32,2,4,0,0,0,0,0,8,8,0,8,0,0,8,4,0,0,1,58,0,255,255,0,57,0,0,0,0,0,0,12,0,0,0,0,1,1,0,0,0,96,7,0,3,132,215,254,214,244
2026-08-07_10-37-20,1,255,5,0.0,0,80.0,2,2,0,47,88,0,15,0,255,26,175,144,24,170,132,0,12,6,50,134,216,253,41,253,86,253,178,253,64,254,0,254,130,253,253,130,1,0,4,1,1,4,4,1,1,4,200,200,200,200,255,255,255,255,255,255,255,0,0,0,128,2,0,0,0,0,0,0,0,0,0,0,65,0,43,43,0,36,200,48,32,2,4,0,0,0,0,0,8,8,0,8,0,0,8,4,0,0,1,58,0,255,255,0,57,0,0,0,0,0,0,12,0,0,0,0,1,1,0,0,0,96,7,0,3,132,215,254,214,244,0,51,196,0,13,0,255,26,175,144,24,170,132,0,12,6,50,134,230,253,71,253,115,253,164,253,64,254,0,254,129,254,254,129,0,0,4,1,1,4,4,1,1,4,200,200,200,200,255,255,255,255,255,255,255,0,0,0,128,2,0,0,0,0,0,0,0,0,0,0,65,0,43,43,0,36,216,48,32,14,12,0,0,0,0,0,8,8,0,10,2,2,10,3,2,0,0,61,0,255,255,0,57,0,0,0,0,0,0,12,0,0,0,0,1,1,0,0,0,96,7,0,3,132,215,254,214,244
2026-08-07_10-37-20,1,256,5,0.0,0,80.0,2,2,0,51,196,0,13,0,255,26,175,144,24,170,132,0,12,6,50,134,230,253,71,253,115,253,164,253,64,254,0,254,129,254,254,129,0,0,4,1,1,4,4,1,1,4,200,200,200,200,255,255,255,255,255,255,255,0,0,0,128,2,0,0,0,0,0,0,0,0,0,0,65,0,43,43,0,36,216,48,32,14,12,0,0,0,0,0,8,8,0,10,2,2,10,3,2,0,0,61,0,255,255,0,57,0,0,0,0,0,0,12,0,0,0,0,1,1,0,0,0,96,7,0,3,132,215,254,214,244,0,55,196,0,13,0,255,26,175,144,24,170,132,0,12,6,50,134,229,253,71,253,115,253,192,253,64,254,0,254,127,0,0,127,0,0,4,1,1,4,4,1,1,4,200,200,200,200,255,255,255,255,255,255,255,0,0,0,128,2,0,0,0,0,0,0,0,0,0,0,65,0,44,44,0,36,248,48,32,10,4,0,0,0,0,0,8,8,0,10,2,2,10,2,2,0,2,65,0,255,255,0,57,0,0,0,0,0,0,12,0,0,0,0,1,1,0,0,0,96,7,0,3,132,215,254,214,244
2026-08-07_10-37-20,1,257,5,0.0,0,80.0,2,2,0,55,196,0,13,0,255,26,175,144,24,170,132,0,12,6,50,134,229,253,71,253,115,253,192,253,64,254,0,254,127,0,0,127,0,0,4,1,1,4,4,1,1,4,200,200,200,200,255,255,255,255,255,255,255,0,0,0,128,2,0,0,0,0,0,0,0,0,0,0,65,0,44,44,0,36,248,48,32,10,4,0,0,0,0,0,8,8,0,10,2,2,10,2,2,0,2,65,0,255,255,0,57,0,0,0,0,0,0,12,0,0,0,0,1,1,0,0,0,96,7,0,3,132,215,254,214,244,0,59,39,0,13,0,255,26,175,144,24,170,132,0,12,6,50,134,228,253,56,253,100,253,178,253,64,254,0,254,126,1,1,126,0,0,4,1,1,4,4,1,1,4,200,200,200,200,255,255,255,255,255,255,255,0,0,0,128,2,0,0,0,0,0,0,0,0,0,0,65,0,45,45,0,36,8,48,32,6,12,0,0,0,0,0,8,8,0,9,1,1,9,1,1,0,1,69,0,255,255,0,57,0,0,0,0,0,0,12,0,0,0,0,1,1,0,0,0,96,7,0,3,132,215,254,214,244
2026-08-07_10-37-20,1,258,5,0.0,0,80.0,2,2,0,59,39,0,13,0,255,26,175,144,24,170,132,0,12,6,50,134,228,253,56,253,100,253,178,253,64,254,0,254,126,1,1,126,0,0,4,1,1,4,4,1,1,4,200,200,200,200,255,255,255,255,255,255,255,0,0,0,128,2,0,0,0,0,0,0,0,0,0,0,65,0,45,45,0,36,8,48,32,6,12,0,0,0,0,0,8,8,0,9,1,1,9,1,1,0,1,69,0,255,255,0,57,0,0,0,0,0,0,12,0,0,0,0,1,1,0,0,0,96,7,0,3,132,215,254,214,244,0,63,39,0,13,0,255,26,175,144,24,170,132,0,12,6,50,134,227,253,56,253,100,253,164,253,64,254,0,254,124,3,3,124,0,0,4,1,1,4,4,1,1,4,200,200,200,200,255,255,255,255,255,255,255,0,0,0,128,2,0,0,0,0,0,0,0,0,0,0,65,0,46,46,0,36,40,48,32,2,4,0,0,0,0,0,8,8,0,9,1,1,9,0,1,0,0,73,0,255,255,0,57,0,0,0,0,0,0,12,0,0,0,0,1,1,0,0,0,96,7,0,3,132,215,254,214,244
2026-08-07_10-37-20,1,259,5,0.0,0,80.0,2,2,0,63,39,0,13,0,255,26,175,144,24,170,132,0,12,6,50,134,227,253,56,253,100,253,164,253,64,254,0,254,124,3,3,124,0,0,4,1,1,4,4,1,1,4,200,200,200,200,255,255,255,255,255,255,255,0,0,0,128,2,0,0,0,0,0,0,0,0,0,0,65,0,46,46,0,36,40,48,32,2,4,0,0,0,0,0,8,8,0,9,1,1,9,0,1,0,0,73,0,255,255,0,57,0,0,0,0,0,0,12,0,0,0,0,1,1,0,0,0,96,7,0,3,132,215,254,214,244,0,67,56,0,13,0,255,26,175,144,24,170,132,0,12,6,50,134,212,253,41,253,86,253,192,253,64,254,0,254,123,4,4,123,0,0,4,1,1,4,4,1,1,4,200,200,200,200,255,255,255,255,255,255,255,0,0,0,128,2,0,0,0,0,0,0,0,0,0,0,65,0,46,46,0,36,56,48,32,14,12,0,0,0,0,0,8,8,0,8,0,0,8,0,0,0,2,77,0,255,255,0,56,0,0,0,0,0,0,12,0,0,0,0,1,1,0,0,0,96,7,0,3,132,215,254,214,244
2026-08-07_10-37-20,1,260,5,0.0,0,80.0,2,2,0,67,56,0,13,0,255,26,175,144,24,170,132,0,12,6,50,134,212,253,41,253,86,253,192,253,64,254,0,254,123,4,4,123,0,0,4,1,1,4,4,1,1,4,200,200,200,200,255,255,255,255,255,255,255,0,0,0,128,2,0,0,0,0,0,0,0,0,0,0,65,0,46,46,0,36,56,48,32,14,12,0,0,0,0,0,8,8,0,8,0,0,8,0,0,0,2,77,0,255,255,0,56,0,0,0,0,0,0,12,0,0,0,0,1,1,0,0,0,96,7,0,3,132,215,254,214,244,0,71,56,0,15,0,255,26,175,144,24,170,132,0,12,6,50,134,213,253,41,253,86,253,178,253,64,254,0,254,121,6,6,121,0,0,4,1,1,4,4,1,1,4,200,200,200,200,255,255,255,255,255,255,255,0,0,0,128,2,0,0,0,0,0,0,0,0,0,0,65,0,47,47,0,36,88,48,32,10,4,0,0,0,0,0,8,8,0,8,0,0,8,1,0,0,1,80,0,255,255,0,56,0,0,0,0,0,0,12,0,0,0,0,1,1,0,0,0,96,7,0,3,132,215,254,214,244
2026-08-07_10-37-20,1,261,0,0.0,0,80.0,2,2,0,71,56,0,15,0,255,26,175,144,24,170,132,0,12,6,50,134,213,253,41,253,86,253,178,253,64,254,0,254,121,6,6,121,0,0,4,1,1,4,4,1,1,4,200,200,200,200,255,255,255,255,255,255,255,0,0,0,128,2,0,0,0,0,0,0,0,0,0,0,65,0,47,47,0,36,88,48,32,10,4,0,0,0,0,0,8,8,0,8,0,0,8,1,0,0,1,80,0,255,255,0,56,0,0,0,0,0,0,12,0,0,0,0,1,1,0,0,0,96,7,0,3,132,215,254,214,244,0,75,199,0,15,0,255,26,175,144,24,170,132,0,12,6,50,134,229,253,71,253,115,253,164,253,64,254,0,254,120,7,7,120,0,0,4,1,1,4,4,1,1,4,200,200,200,200,255,255,255,255,255,255,255,0,0,0,128,2,0,0,0,0,0,0,0,0,0,0,65,0,48,48,0,36,104,48,32,6,12,0,0,0,0,0,8,8,0,10,2,2,10,2,2,0,0,80,0,255,255,0,56,0,0,0,0,0,0,12,0,0,0,0,1,1,0,0,0,96,7,0,3,132,215,254,214,244
2026-08-07_10-37-20,1,262,0,0.0,0,80.0,2,2,0,75,199,0,15,0,255,26,175,144,24,170,132,0,12,6,50,134,229,253,71,253,115,253,164,253,64,254,0,254,120,7,7,120,0,0,4,1,1,4,4,1,1,4,200,200,200,200,255,255,255,255,255,255,255,0,0,0,128,2,0,0,0,0,0,0,0,0,0,0,65,0,48,48,0,36,104,48,32,6,12,0,0,0,0,0,8,8,0,10,2,2,10,2,2,0,0,80,0,255,255,0,56,0,0,0,0,0,0,12,0,0,0,0,1,1,0,0,0,96,7,0,3,132,215,254,214,244,0,79,199,0,15,0,255,26,175,144,24,170,132,0,12,6,50,134,230,253,71,253,115,253,192,253,64,254,0,254,118,9,9,118,0,0,4,1,1,4,4,1,1,4,200,200,200,200,255,255,255,255,255,255,255,0,0,0,128,2,0,0,0,0,0,0,0,0,0,0,65,0,49,49,0,36,151,48,32,2,4,0,0,0,0,0,8,8,0,10,2,2,10,3,2,0,2,80,0,255,255,0,56,0,0,0,0,0,0,12,0,0,0,0,1,1,0,0,0,96,7,0,3,132,215,254,214,244
2026-08-07_10-37-20,1,263,0,0.0,0,80.0,2,2,0,79,199,0,15,0,255,26,175,144,24,170,132,0,12,6,50,134,230,253,71,253,115,253,192,253,64,254,0,254,118,9,9,118,0,0,4,1,1,4,4,1,1,4,200,200,200,200,255,255,255,255,255,255,255,0,0,0,128,2,0,0,0,0,0,0,0,0,0,0,65,0,49,49,0,36,151,48,32,2,4,0,0,0,0,0,8,8,0,10,2,2,10,3,2,0,2,80,0,255,255,0,56,0,0,0,0,0,0,12,0,0,0,0,1,1,0,0,0,96,7,0,3,132,215,254,214,244,0,83,63,0,15,0,255,26,175,144,24,170,132,0,12,6,50,134,231,253,56,253,100,253,178,253,64,254,0,254,117,10,10,117,0,0,4,1,1,4,4,1,1,4,200,200,200,200,255,255,255,255,255,255,255,0,0,0,128,2,0,0,0,0,0,0,0,0,0,0,65,0,49,49,0,36,167,48,32,14,12,0,0,0,0,0,8,8,0,9,1,1,9,4,1,0,1,80,0,255,255,0,56,0,0,0,0,0,0,12,0,0,0,0,1,1,0,0,0,96,7,0,3,132,215,254,214,244
2026-08-07_10-37-20,1,264,0,0.0,0,80.0,2,2,0,83,63,0,15,0,255,26,175,144,24,170,132,0,12,6,50,134,231,253,56,253,100,253,178,253,64,254,0,254,117,10,10,117,0,0,4,1,1,4,4,1,1,4,200,200,200,200,255,255,255,255,255,255,255,0,0,0,128,2,0,0,0,0,0,0,0,0,0,0,65,0,49,49,0,36,167,48,32,14,12,0,0,0,0,0,8,8,0,9,1,1,9,4,1,0,1,80,0,255,255,0,56,0,0,0,0,0,0,12,0,0,0,0,1,1,0,0,0,96,7,0,3,132,215,254,214,244,0,87,63,0,15,0,255,26,175,144,24,170,132,0,12,6,50,134,232,253,56,253,100,253,164,253,64,254,0,254,115,12,12,115,0,0,4,1,1,4,4,1,1,4,200,200,200,200,255,1,2,255,255,255,255,0,0,0,128,2,0,0,0,0,0,0,0,0,0,0,65,0,50,50,0,36,199,48,32,10,4,0,0,0,0,0,8,8,0,9,1,1,9,5,1,0,0,80,0,255,255,0,56,0,0,0,0,0,0,12,0,0,0,0,1,1,0,0,0,96,7,0,3,132,215,254,214,244
2026-08-07_10-37-20,1,265,0,0.0,0,80.0,2,2,0,87,63,0,15,0,255,26,175,144,24,170,132,0,12,6,50,134,232,253,56,253,100,253,164,253,64,254,0,254,115,12,12,115,0,0,4,1,1,4,4,1,1,4,200,200,200,200,255,1,2,255,255,255,255,0,0,0,128,2,0,0,0,0,0,0,0,0,0,0,65,0,50,50,0,36,199,48,32,10,4,0,0,0,0,0,8,8,0,9,1,1,9,5,1,0,0,80,0,255,255,0,56,0,0,0,0,0,0,12,0,0,0,0,1,1,0,0,0,96,7,0,3,132,215,254,214,244,0,91,254,0,15,0,255,26,175,144,24,170,132,0,12,6,50,134,218,253,41,253,86,253,192,253,64,254,0,254,114,13,13,114,0,0,4,1,1,4,4,1,1,4,200,200,200,200,255,1,2,255,255,255,255,0,0,0,128,2,0,0,0,0,0,0,0,0,0,0,65,0,51,51,0,36,215,48,32,6,12,0,0,0,0,0,8,8,0,8,17,17,8,6,0,0,2,80,0,255,255,0,56,0,0,0,0,0,0,12,0,0,0,0,1,1,0,0,0,96,7,0,3,132,215,254,214,244
2026-08-07_10-37-20,1,266,0,0.0,0,80.0,2,2,0,91,254,0,15,0,255,26,175,144,24,170,132,0,12,6,50,134,218,253,41,253,86,253,192,253,64,254,0,254,114,13,13,114,0,0,4,1,1,4,4,1,1,4,200,200,200,200,255,1,2,255,255,255,255,0,0,0,128,2,0,0,0,0,0,0,0,0,0,0,65,0,51,51,0,36,215,48,32,6,12,0,0,0,0,0,8,8,0,8,17,17,8,6,0,0,2,80,0,255,255,0,56,0,0,0,0,0,0,12,0,0,0,0,1,1,0,0,0,96,7,0,3,132,215,254,214,244,0,95,254,0,15,0,255,26,175,144,24,170,132,0,12,6,50,134,219,253,41,253,86,253,178,253,64,254,0,254,112,15,15,112,0,0,4,1,1,4,4,1,1,4,200,200,200,200,255,1,2,255,255,255,255,0,0,0,128,2,0,0,0,0,0,0,0,0,0,0,65,0,53,53,0,36,247,48,32,2,4,0,0,0,0,0,8,8,0,8,17,17,8,7,0,0,1,80,0,255,255,0,56,63,0,0,0,0,0,16,0,0,0,0,1,1,0,0,0,96,7,0,3,132,215,254,214,244
2026-08-07_10-37-20,1,267,1,20.0,0,100.0,2,2,0,95,254,0,15,0,255,26,175,144,24,170,132,0,12,6,50,134,219,253,41,253,86,253,178,253,64,254,0,254,112,15,15,112,0,0,4,1,1,4,4,1,1,4,200,200,200,200,255,1,2,255,255,255,255,0,0,0,128,2,0,0,0,0,0,0,0,0,0,0,65,0,53,53,0,36,247,48,32,2,4,0,0,0,0,0,8,8,0,8,17,17,8,7,0,0,1,80,0,255,255,0,56,63,0,0,0,0,0,16,0,0,0,0,1,1,0,0,0,96,7,0,3,132,215,254,214,244,0,99,240,0,15,0,255,26,175,144,24,170,132,0,12,6,50,134,234,253,71,253,115,253,164,253,0,254,0,254,111,168,16,111,0,0,4,1,1,4,4,0,1,4,200,200,200,200,255,255,2,255,255,255,255,0,0,1,0,2,0,0,0,0,0,0,0,0,0,0,65,0,54,54,0,36,7,48,32,14,12,0,0,0,0,0,8,8,0,10,2,17,10,7,2,0,0,80,0,255,255,0,55,68,0,0,0,15,0,16,0,0,0,0,1,1,0,0,0,96,7,0,3,132,215,254,214,244
2026-08-07_10-37-20,1,268,1,0.0,0,100.0,2,2,0,99,240,0,15,0,255,26,175,144,24,170,132,0,12,6,50,134,234,253,71,253,115,253,164,253,0,254,0,254,111,168,16,111,0,0,4,1,1,4,4,0,1,4,200,200,200,200,255,255,2,255,255,255,255,0,0,1,0,2,0,0,0,0,0,0,0,0,0,0,65,0,54,54,0,36,7,48,32,14,12,0,0,0,0,0,8,8,0,10,2,17,10,7,2,0,0,80,0,255,255,0,55,68,0,0,0,15,0,16,0,0,0,0,1,1,0,0,0,96,7,0,3,132,215,254,214,244,0,103,240,0,15,0,255,26,175,144,24,170,132,0,12,6,50,134,233,253,71,253,115,253,192,253,0,254,0,254,109,170,18,109,0,0,4,1,1,4,4,0,1,4,200,200,200,200,255,255,2,255,255,255,255,0,0,1,0,2,0,0,0,0,0,0,0,0,0,0,65,0,55,56,0,36,39,48,32,10,4,0,0,0,0,0,8,8,0,10,2,17,10,6,2,0,2,80,0,255,255,0,55,48,0,0,0,11,0,15,0,0,0,0,1,1,0,0,0,96,7,0,3,132,215,254,214,244
2026-08-07_10-37-20,1,269,0,0.0,0,100.0,2,2,0,103,240,0,15,0,255,26,175,144,24,170,132,0,12,6,50,134,233,253,71,253,115,253,192,253,0,254,0,254,109,170,18,109,0,0,4,1,1,4,4,0,1,4,200,200,200,200,255,255,2,255,255,255,255,0,0,1,0,2,0,0,0,0,0,0,0,0,0,0,65,0,55,56,0,36,39,48,32,10,4,0,0,0,0,0,8,8,0,10,2,17,10,6,2,0,2,80,0,255,255,0,55,48,0,0,0,11,0,15,0,0,0,0,1,1,0,0,0,96,7,0,3,132,215,254,214,244,0,107,131,0,15,0,255,26,175,144,24,170,132,0,12,6,50,134,232,253,56,253,100,253,178,253,0,254,0,254,108,171,19,108,0,0,4,1,1,4,4,0,1,4,200,200,200,200,255,255,2,255,255,255,255,0,0,1,0,2,0,0,0,0,0,0,0,0,0,0,65,0,56,57,0,36,55,48,32,6,12,0,0,0,0,0,8,8,0,9,1,17,9,5,1,0,1,80,0,255,255,0,55,28,0,0,0,7,0,14,0,0,0,0,1,1,0,0,0,96,7,0,3,132,215,254,214,244
2026-08-07_10-37-20,1,270,0,0.0,0,100.0,2,2,0,107,131,0,15,0,255,26,175,144,24,170,132,0,12,6,50,134,232,253,56,253,100,253,178,253,0,254,0,254,108,171,19,108,0,0,4,1,1,4,4,0,1,4,200,200,200,200,255,255,2,255,255,255,255,0,0,1,0,2,0,0,0,0,0,0,0,0,0,0,65,0,56,57,0,36,55,48,32,6,12,0,0,0,0,0,8,8,0,9,1,17,9,5,1,0,1,80,0,255,255,0,55,28,0,0,0,7,0,14,0,0,0,0,1,1,0,0,0,96,7,0,3,132,215,254,214,244,0,111,131,0,15,0,255,26,175,144,24,170,132,0,12,6,50,134,231,253,56,253,100,253,164,253,0,254,0,254,106,173,21,106,0,0,4,1,1,4,4,0,1,4,200,200,200,200,255,255,255,255,255,255,255,0,0,1,0,2,0,0,0,0,0,0,0,0,0,0,65,0,57,59,0,36,87,48,32,2,4,0,0,0,0,0,8,8,0,9,1,17,9,4,1,0,0,80,0,255,255,0,55,8,0,0,0,3,0,13,0,0,0,0,1,1,0,0,0,96,7,0,3,132,215,254,214,244
2026-08-07_10-37-20,1,271,0,0.0,0,100.0,2,2,0,111,131,0,15,0,255,26,175,144,24,170,132,0,12,6,50,134,231,253,56,253,100,253,164,253,0,254,0,254,106,173,21,106,0,0,4,1,1,4,4,0,1,4,200,200,200,200,255,255,255,255,255,255,255,0,0,1,0,2,0,0,0,0,0,0,0,0,0,0,65,0,57,59,0,36,87,48,32,2,4,0,0,0,0,0,8,8,0,9,1,17,9,4,1,0,0,80,0,255,255,0,55,8,0,0,0,3,0,13,0,0,0,0,1,1,0,0,0,96,7,0,3,132,215,254,214,244,0,115,28,0,15,0,255,26,175,144,24,170,132,0,12,6,50,134,215,253,41,253,86,253,192,253,0,254,0,254,105,174,22,105,0,0,4,1,1,4,4,0,1,4,200,200,200,200,255,255,255,255,255,255,255,0,0,1,0,2,0,0,0,0,0,0,0,0,0,0,65,0,57,60,0,36,103,48,32,14,12,0,0,0,0,0,8,8,0,8,0,17,8,3,0,0,2,80,0,255,255,0,55,0,0,0,0,0,0,12,0,0,0,0,1,1,0,0,0,96,7,0,3,132,215,254,214,244
2026-08-07_10-37-20,1,272,0,0.0,0,100.0,2,2,0,115,28,0,15,0,255,26,175,144,24,170,132,0,12,6,50,134,215,253,41,253,86,253,192,253,0,254,0,254,105,174,22,105,0,0,4,1,1,4,4,0,1,4,200,200,200,200,255,255,255,255,255,255,255,0,0,1,0,2,0,0,0,0,0,0,0,0,0,0,65,0,57,60,0,36,103,48,32,14,12,0,0,0,0,0,8,8,0,8,0,17,8,3,0,0,2,80,0,255,255,0,55,0,0,0,0,0,0,12,0,0,0,0,1,1,0,0,0,96,7,0,3,132,215,254,214,244,0,119,28,0,15,0,255,26,175,144,24,170,132,0,12,6,50,134,214,253,41,253,86,253,178,253,0,254,0,254,103,176,24,103,0,0,4,1,1,4,4,0,1,4,200,200,200,200,255,255,255,255,255,255,255,0,0,1,0,2,0,0,1,0,0,0,0,0,0,0,65,0,0,62,0,36,150,48,32,10,4,0,0,0,0,0,8,8,0,8,0,17,8,2,0,0,1,80,0,255,255,0,55,0,0,0,20,0,0,12,0,0,0,0,255,1,0,0,0,96,7,0,3,132,215,254,214,244
2026-08-07_10-37-20,1,273,0,0.0,0,100.0,2,2,0,119,28,0,15,0,255,26,175,144,24,170,132,0,12,6,50,134,214,253,41,253,86,253,178,253,0,254,0,254,103,176,24,103,0,0,4,1,1,4,4,0,1,4,200,200,200,200,255,255,255,255,255,255,255,0,0,1,0,2,0,0,1,0,0,0,0,0,0,0,65,0,0,62,0,36,150,48,32,10,4,0,0,0,0,0,8,8,0,8,0,17,8,2,0,0,1,80,0,255,255,0,55,0,0,0,20,0,0,12,0,0,0,0,255,1,0,0,0,96,7,0,3,132,215,254,214,244,0,123,231,0,14,0,255,26,175,144,24,170,132,0,12,6,50,134,228,253,71,253,115,253,164,253,0,254,0,254,102,177,25,102,0,0,4,1,1,4,4,0,1,4,200,200,200,200,255,255,255,255,255,255,255,0,0,1,0,2,0,0,1,0,0,0,0,0,0,0,65,0,0,63,0,36,166,48,32,6,12,0,0,0,0,0,8,8,0,10,2,17,10,1,2,0,0,79,0,255,255,0,55,0,0,0,16,0,0,12,0,0,0,0,255,1,0,0,0,96,7,0,3,132,215,254,214,244
2026-08-07_10-37-20,1,274,2,0.0,0,100.0,2,2,0,123,231,0,14,0,255,26,175,144,24,170,132,0,12,6,50,134,228,253,71,253,115,253,164,253,0,254,0,254,102,177,25,102,0,0,4,1,1,4,4,0,1,4,200,200,200,200,255,255,255,255,255,255,255,0,0,1,0,2,0,0,1,0,0,0,0,0,0,0,65,0,0,63,0,36,166,48,32,6,12,0,0,0,0,0,8,8,0,10,2,17,10,1,2,0,0,79,0,255,255,0,55,0,0,0,16,0,0,12,0,0,0,0,255,1,0,0,0,96,7,0,3,132,215,254,214,244,0,127,231,0,14,0,255,26,175,144,24,170,132,0,12,6,50,134,227,253,71,253,115,253,192,253,0,254,0,254,100,179,27,100,0,0,4,1,1,4,4,0,1,4,200,200,200,200,255,255,255,255,255,255,255,0,0,1,0,2,0,0,1,0,0,0,0,0,0,0,65,0,0,65,0,36,198,48,32,2,4,0,0,0,0,0,8,8,0,10,2,17,10,0,2,0,2,75,0,255,255,0,55,0,0,0,12,0,0,12,0,0,0,0,255,1,0,0,0,96,7,0,3,132,215,254,214,244
2026-08-07_10-37-20,1,275,2,0.0,0,100.0,2,2,0,127,231,0,14,0,255,26,175,144,24,170,132,0,12,6,50,134,227,253,71,253,115,253,192,253,0,254,0,254,100,179,27,100,0,0,4,1,1,4,4,0,1,4,200,200,200,200,255,255,255,255,255,255,255,0,0,1,0,2,0,0,1,0,0,0,0,0,0,0,65,0,0,65,0,36,198,48,32,2,4,0,0,0,0,0,8,8,0,10,2,17,10,0,2,0,2,75,0,255,255,0,55,0,0,0,12,0,0,12,0,0,0,0,255,1,0,0,0,96,7,0,3,132,215,254,214,244,0,131,62,0,14,0,255,26,175,144,24,170,132,0,12,6,50,134,227,253,56,253,100,253,178,253,0,254,0,254,99,180,28,99,0,0,4,1,1,4,4,0,1,4,200,200,200,200,255,255,255,255,255,255,255,0,0,1,0,2,0,0,1,0,0,0,0,0,0,0,65,0,0,66,0,36,214,48,32,14,12,0,0,0,0,0,8,8,0,9,1,17,9,0,1,0,1,71,0,255,255,0,54,0,0,0,8,0,0,12,0,0,0,0,255,1,0,0,0,96,7,0,3,132,215,254,214,244
2026-08-07_10-37-20,1,276,2,0.0,0,100.0,2,2,0,131,62,0,14,0,255,26,175,144,24,170,132,0,12,6,50,134,227,253,56,253,100,253,178,253,0,254,0,254,99,180,28,99,0,0,4,1,1,4,4,0,1,4,200,200,200,200,255,255,255,255,255,255,255,0,0,1,0,2,0,0,1,0,0,0,0,0,0,0,65,0,0,66,0,36,214,48,32,14,12,0,0,0,0,0,8,8,0,9,1,17,9,0,1,0,1,71,0,255,255,0,54,0,0,0,8,0,0,12,0,0,0,0,255,1,0,0,0,96,7,0,3,132,215,254,214,244,0,135,62,0,14,0,255,26,175,144,24,170,132,0,12,6,50,134,228,253,56,253,100,253,164,253,0,254,0,254,97,182,30,97,0,0,4,1,1,4,4,0,1,4,200,200,200,200,255,255,255,255,255,255,2,0,0,1,0,2,0,0,1,0,0,0,0,0,0,0,65,0,0,68,0,36,246,48,32,10,4,0,0,0,0,0,8,8,0,9,1,17,9,1,1,0,0,67,0,255,255,0,54,0,0,0,4,0,0,12,0,0,0,0,255,1,0,0,0,96,7,0,3,132,215,254,214,244
2026-08-07_10-37-20,1,277,2,0.0,0,100.0,2,2,0,135,62,0,14,0,255,26,175,144,24,170,132,0,12,6,50,134,228,253,56,253,100,253,164,253,0,254,0,254,97,182,30,97,0,0,4,1,1,4,4,0,1,4,200,200,200,200,255,255,255,255,255,255,2,0,0,1,0,2,0,0,1,0,0,0,0,0,0,0,65,0,0,68,0,36,246,48,32,10,4,0,0,0,0,0,8,8,0,9,1,17,9,1,1,0,0,67,0,255,255,0,54,0,0,0,4,0,0,12,0,0,0,0,255,1,0,0,0,96,7,0,3,132,215,254,214,244,0,139,246,0,14,0,255,26,175,144,24,170,132,0,12,6,50,134,214,253,41,253,86,253,192,253,0,254,0,254,96,183,31,96,0,0,4,1,1,4,4,0,1,4,200,200,200,200,255,255,255,255,255,255,255,0,0,1,0,2,0,0,2,0,0,0,0,0,0,0,65,0,0,0,0,36,6,48,32,6,12,0,0,0,0,0,8,8,0,8,0,0,8,2,0,0,2,63,0,255,255,0,54,0,0,0,19,0,0,12,0,0,0,0,255,255,0,0,0,96,7,0,3,132,215,254,214,244
2026-08-07_10-37-20,1,278,2,20.0,0,120.0,2,2,0,139,246,0,14,0,255,26,175,144,24,170,132,0,12,6,50,134,214,253,41,253,86,253,192,253,0,254,0,254,96,183,31,96,0,0,4,1,1,4,4,0,1,4,200,200,200,200,255,255,255,255,255,255,255,0,0,1,0,2,0,0,2,0,0,0,0,0,0,0,65,0,0,0,0,36,6,48,32,6,12,0,0,0,0,0,8,8,0,8,0,0,8,2,0,0,2,63,0,255,255,0,54,0,0,0,19,0,0,12,0,0,0,0,255,255,0,0,0,96,7,0,3,132,215,254,214,244,0,143,246,0,15,0,255,26,175,144,24,170,132,0,12,6,50,134,215,253,41,253,86,253,178,253,16,254,0,254,95,184,168,95,0,0,4,1,1,4,4,0,0,4,200,200,200,200,255,255,255,255,255,255,255,0,0,1,32,2,0,0,2,0,0,0,0,0,0,0,65,0,0,0,0,36,22,48,32,9,2,0,0,0,0,0,8,8,0,8,0,0,8,3,0,0,1,62,0,255,255,0,54,0,0,23,15,0,0,12,0,0,0,0,255,255,0,0,0,96,7,0,3,132,215,254,214,244
2026-08-07_10-37-20,1,279,0,0.0,0,120.0,2,2,0,143,246,0,15,0,255,26,175,144,24,170,132,0,12,6,50,134,215,253,41,253,86,253,178,253,16,254,0,254,95,184,168,95,0,0,4,1,1,4,4,0,0,4,200,200,200,200,255,255,255,255,255,255,255,0,0,1,32,2,0,0,2,0,0,0,0,0,0,0,65,0,0,0,0,36,22,48,32,9,2,0,0,0,0,0,8,8,0,8,0,0,8,3,0,0,1,62,0,255,255,0,54,0,0,23,15,0,0,12,0,0,0,0,255,255,0,0,0,96,7,0,3,132,215,254,214,244,0,147,178,0,15,0,255,26,175,144,24,170,132,0,12,6,50,134,231,253,71,253,115,253,164,253,16,254,0,254,95,184,168,95,0,0,4,1,1,4,4,0,0,4,200,200,200,200,255,255,255,255,255,255,255,0,0,1,32,2,0,0,2,0,0,0,0,0,0,0,65,0,0,0,0,36,22,48,32,9,2,0,0,0,0,0,8,8,0,10,2,2,10,4,2,0,0,62,0,255,255,0,54,0,0,22,11,0,0,12,0,0,0,0,255,255,0,0,0,96,7,0,3,132,215,254,214,244
2026-08-07_10-37-20,1,280,0,0.0,0,120.0,2,2,0,147,178,0,15,0,255,26,175,144,24,170,132,0,12,6,50,134,231,253,71,253,115,253,164,253,16,254,0,254,95,184,168,95,0,0,4,1,1,4,4,0,0,4,200,200,200,200,255,255,255,255,255,255,255,0,0,1,32,2,0,0,2,0,0,0,0,0,0,0,65,0,0,0,0,36,22,48,32,9,2,0,0,0,0,0,8,8,0,10,2,2,10,4,2,0,0,62,0,255,255,0,54,0,0,22,11,0,0,12,0,0,0,0,255,255,0,0,0,96,7,0,3,132,215,254,214,244,0,151,178,0,15,0,255,26,175,144,24,170,132,0,12,6,50,134,232,253,71,253,115,253,192,253,16,254,0,254,95,184,168,95,0,0,4,1,1,4,4,0,0,4,200,200,200,200,255,255,255,255,255,255,255,0,0,1,32,2,0,0,2,0,0,0,0,0,0,0,65,0,0,0,0,36,22,48,32,9,2,0,0,0,0,0,8,8,0,10,2,2,10,5,2,0,2,62,0,255,255,0,54,0,0,21,7,0,0,12,0,0,0,0,255,255,0,0,0,96,7,0,3,132,215,254,214,244
2026-08-07_10-37-20,1,281,0,0.0,0,120.0,2,2,0,151,178,0,15,0,255,26,175,144,24,170,132,0,12,6,50,134,232,253,71,253,115,253,192,253,16,254,0,254,95,184,168,95,0,0,4,1,1,4,4,0,0,4,200,200,200,200,255,255,255,255,255,255,255,0,0,1,32,2,0,0,2,0,0,0,0,0,0,0,65,0,0,0,0,36,22,48,32,9,2,0,0,0,0,0,8,8,0,10,2,2,10,5,2,0,2,62,0,255,255,0,54,0,0,21,7,0,0,12,0,0,0,0,255,255,0,0,0,96,7,0,3,132,215,254,214,244,0,155,145,0,15,0,255,26,175,144,24,170,132,0,12,6,50,134,233,253,56,253,100,253,178,253,16,254,0,254,95,184,168,95,0,0,4,1,1,4,4,0,0,4,200,200,200,200,255,255,255,255,255,255,255,0,0,1,32,2,0,0,2,0,0,0,0,0,0,0,65,0,0,0,0,36,22,48,32,9,2,0,0,0,0,0,8,8,0,9,1,1,9,6,1,0,1,62,0,255,255,0,54,0,0,20,3,0,0,12,0,0,0,0,255,255,0,0,0,96,7,0,3,132,215,254,214,244
2026-08-07_10-37-20,1,282,0,0.0,0,120.0,2,2,0,155,145,0,15,0,255,26,175,144,24,170,132,0,12,6,50,134,233,253,56,253,100,253,178,253,16,254,0,254,95,184,168,95,0,0,4,1,1,4,4,0,0,4,200,200,200,200,255,255,255,255,255,255,255,0,0,1,32,2,0,0,2,0,0,0,0,0,0,0,65,0,0,0,0,36,22,48,32,9,2,0,0,0,0,0,8,8,0,9,1,1,9,6,1,0,1,62,0,255,255,0,54,0,0,20,3,0,0,12,0,0,0,0,255,255,0,0,0,96,7,0,3,132,215,254,214,244,0,159,145,0,15,0,255,26,175,144,24,170,132,0,12,6,50,134,234,253,56,253,100,253,164,253,16,254,0,254,95,184,168,95,0,0,4,1,1,4,4,0,0,4,200,200,200,200,255,255,255,255,255,255,255,0,0,1,32,2,0,0,2,0,0,0,0,0,0,0,65,0,0,0,0,36,22,48,32,9,2,0,0,0,0,0,8,8,0,9,1,1,9,7,1,0,0,62,0,255,255,0,54,0,0,19,0,0,0,12,0,0,0,0,255,255,0,0,0,96,7,0,3,132,215,254,214,244
2026-08-07_10-37-20,1,283,0,0.0,0,120.0,2,2,0,159,145,0,15,0,255,26,175,144,24,170,132,0,12,6,50,134,234,253,56,253,100,253,164,253,16,254,0,254,95,184,168,95,0,0,4,1,1,4,4,0,0,4,200,200,200,200,255,255,255,255,255,255,255,0,0,1,32,2,0,0,2,0,0,0,0,0,0,0,65,0,0,0,0,36,22,48,32,9,2,0,0,0,0,0,8,8,0,9,1,1,9,7,1,0,0,62,0,255,255,0,54,0,0,19,0,0,0,12,0,0,0,0,255,255,0,0,0,96,7,0,3,132,215,254,214,244,0,163,136,0,15,0,255,26,175,144,24,170,132,0,12,6,50,134,219,253,41,253,86,253,192,253,16,254,0,254,95,184,168,95,0,0,4,1,1,4,4,0,0,4,200,200,200,200,255,255,255,255,255,255,255,0,0,1,32,2,0,0,2,0,0,0,0,0,0,0,65,0,0,0,0,36,22,48,32,9,2,0,0,0,0,0,8,8,0,8,0,0,8,7,0,0,2,62,0,255,255,0,54,0,0,18,0,0,0,12,0,0,0,0,255,255,0,0,0,96,7,0,3,132,215,254,214,244
2026-08-07_10-37-20,1,284,0,0.0,0,120.0,2,2,0,163,136,0,15,0,255,26,175,144,24,170,132,0,12,6,50,134,219,253,41,253,86,253,192,253,16,254,0,254,95,184,168,95,0,0,4,1,1,4,4,0,0,4,200,200,200,200,255,255,255,255,255,255,255,0,0,1,32,2,0,0,2,0,0,0,0,0,0,0,65,0,0,0,0,36,22,48,32,9,2,0,0,0,0,0,8,8,0,8,0,0,8,7,0,0,2,62,0,255,255,0,54,0,0,18,0,0,0,12,0,0,0,0,255,255,0,0,0,96,7,0,3,132,215,254,214,244,0,167,136,0,15,0,255,26,175,144,24,170,132,0,12,6,50,134,218,253,41,253,86,253,178,253,16,254,0,254,95,184,168,95,0,0,4,1,1,4,4,0,0,4,200,200,200,200,255,255,255,255,255,255,255,0,0,1,32,2,0,0,2,0,0,0,0,0,0,0,65,0,0,0,0,36,22,48,32,9,2,0,0,0,0,0,8,8,0,8,0,0,8,6,0,0,1,62,0,255,255,0,54,0,0,17,0,0,0,12,0,0,0,0,255,255,0,0,0,96,7,0,3,132,215,254,214,244
2026-08-07_10-37-20,1,285,0,0.0,0,120.0,2,2,0,167,136,0,15,0,255,26,175,144,24,170,132,0,12,6,50,134,218,253,41,253,86,253,178,253,16,254,0,254,95,184,168,95,0,0,4,1,1,4,4,0,0,4,200,200,200,200,255,255,255,255,255,255,255,0,0,1,32,2,0,0,2,0,0,0,0,0,0,0,65,0,0,0,0,36,22,48,32,9,2,0,0,0,0,0,8,8,0,8,0,0,8,6,0,0,1,62,0,255,255,0,54,0,0,17,0,0,0,12,0,0,0,0,255,255,0,0,0,96,7,0,3,132,215,254,214,244,0,171,70,0,15,0,255,26,175,144,24,170,132,0,12,6,50,134,232,253,71,253,115,253,164,253,16,254,0,254,95,184,168,95,0,0,4,1,1,4,4,0,0,4,200,200,200,200,255,255,255,255,255,255,255,0,0,1,32,2,0,0,2,0,0,0,0,0,0,0,65,0,0,0,0,36,22,48,32,9,2,0,0,0,0,0,8,8,0,10,2,2,10,5,2,0,0,62,0,255,255,0,54,0,0,16,0,0,0,12,0,0,0,0,255,255,0,0,0,96,7,0,3,132,215,254,214,244
2026-08-07_10-37-20,1,286,0,0.0,0,120.0,2,2,0,171,70,0,15,0,255,26,175,144,24,170,132,0,12,6,50,134,232,253,71,253,115,253,164,253,16,254,0,254,95,184,168,95,0,0,4,1,1,4,4,0,0,4,200,200,200,200,255,255,255,255,255,255,255,0,0,1,32,2,0,0,2,0,0,0,0,0,0,0,65,0,0,0,0,36,22,48,32,9,2,0,0,0,0,0,8,8,0,10,2,2,10,5,2,0,0,62,0,255,255,0,54,0,0,16,0,0,0,12,0,0,0,0,255,255,0,0,0,96,7,0,3,132,215,254,214,244,0,175,70,0,15,0,255,26,175,144,24,170,132,0,12,6,50,134,231,253,71,253,115,253,192,253,16,254,0,254,95,184,168,95,0,0,4,1,1,4,4,0,0,4,200,200,200,200,255,255,255,255,255,255,255,0,0,1,32,2,0,0,2,0,0,0,0,0,0,0,65,0,0,0,0,36,22,48,32,9,2,0,0,0,0,0,8,8,0,10,2,2,10,4,2,0,2,62,0,255,255,0,54,0,0,15,0,0,0,12,0,0,0,0,255,255,0,0,0,96,7,0,3,132,215,254,214,244
2026-08-07_10-37-20,1,287,0,0.0,0,120.0,2,2,0,175,70,0,15,0,255,26,175,144,24,170,132,0,12,6,50,134,231,253,71,253,115,253,192,253,16,254,0,254,95,184,168,95,0,0,4,1,1,4,4,0,0,4,200,200,200,200,255,255,255,255,255,255,255,0,0,1,32,2,0,0,2,0,0,0,0,0,0,0,65,0,0,0,0,36,22,48,32,9,2,0,0,0,0,0,8,8,0,10,2,2,10,4,2,0,2,62,0,255,255,0,54,0,0,15,0,0,0,12,0,0,0,0,255,255,0,0,0,96,7,0,3,132,215,254,214,244,0,179,51,0,15,0,255,26,175,144,24,170,132,0,12,6,50,134,230,253,56,253,100,253,130,253,16,254,0,254,95,184,168,95,0,0,4,1,1,4,4,0,0,4,200,200,200,200,255,255,255,255,255,255,255,0,0,1,32,2,0,0,2,0,0,0,0,0,0,0,65,0,0,0,0,36,22,48,32,9,2,0,0,0,0,0,8,8,0,9,1,1,9,3,1,0,1,62,0,255,255,0,0,0,0,14,0,0,0,12,0,0,0,0,255,255,0,0,0,96,7,0,3,132,215,254,214,244
2026-08-07_10-37-20,1,288,0,0.0,0,120.0,2,2,0,179,51,0,15,0,255,26,175,144,24,170,132,0,12,6,50,134,230,253,56,253,100,253,130,253,16,254,0,254,95,184,168,95,0,0,4,1,1,4,4,0,0,4,200,200,200,200,255,255,255,255,255,255,255,0,0,1,32,2,0,0,2,0,0,0,0,0,0,0,65,0,0,0,0,36,22,48,32,9,2,0,0,0,0,0,8,8,0,9,1,1,9,3,1,0,1,62,0,255,255,0,0,0,0,14,0,0,0,12,0,0,0,0,255,255,0,0,0,96,7,0,3,132,215,254,214,244,0,183,51,0,15,0,255,26,175,144,24,170,132,0,12,6,50,134,229,253,56,253,100,253,130,253,16,254,0,254,95,184,168,95,0,0,4,1,1,4,4,0,0,4,200,200,200,200,255,255,255,255,255,255,255,0,0,1,32,2,0,0,2,0,0,0,0,0,0,0,65,0,0,0,0,36,22,48,32,9,2,0,0,0,0,0,8,8,0,9,1,1,9,2,1,0,0,62,0,255,255,0,0,0,0,13,0,0,0,12,0,0,0,0,255,255,0,0,0,96,7,0,3,132,215,254,214,244
2026-08-07_10-37-20,1,289,0,0.0,0,120.0,2,2,0,183,51,0,15,0,255,26,175,144,24,170,132,0,12,6,50,134,229,253,56,253,100,253,130,253,16,254,0,254,95,184,168,95,0,0,4,1,1,4,4,0,0,4,200,200,200,200,255,255,255,255,255,255,255,0,0,1,32,2,0,0,2,0,0,0,0,0,0,0,65,0,0,0,0,36,22,48,32,9,2,0,0,0,0,0,8,8,0,9,1,1,9,2,1,0,0,62,0,255,255,0,0,0,0,13,0,0,0,12,0,0,0,0,255,255,0,0,0,96,7,0,3,132,215,254,214,244,0,187,157,0,15,0,255,26,175,144,24,170,132,0,12,6,50,134,213,253,41,253,86,253,141,253,16,254,0,254,95,184,168,95,0,0,4,1,1,4,4,0,0,4,200,200,200,200,255,255,255,255,255,255,255,0,0,1,32,2,0,0,2,0,0,0,0,0,0,0,65,0,0,0,0,36,22,48,32,9,2,0,0,0,0,0,8,8,0,8,0,0,8,1,0,0,2,62,0,255,255,0,0,0,0,12,0,0,0,12,0,0,0,0,255,255,0,0,0,96,7,0,3,132,215,254,214,244
2026-08-07_10-37-20,1,290,0,0.0,0,120.0,2,2,0,187,157,0,15,0,255,26,175,144,24,170,132,0,12,6,50,134,213,253,41,253,86,253,141,253,16,254,0,254,95,184,168,95,0,0,4,1,1,4,4,0,0,4,200,200,200,200,255,255,255,255,255,255,255,0,0,1,32,2,0,0,2,0,0,0,0,0,0,0,65,0,0,0,0,36,22,48,32,9,2,0,0,0,0,0,8,8,0,8,0,0,8,1,0,0,2,62,0,255,255,0,0,0,0,12,0,0,0,12,0,0,0,0,255,255,0,0,0,96,7,0,3,132,215,254,214,244,0,191,157,0,15,0,255,26,175,144,24,170,132,0,12,6,50,134,212,253,41,253,86,253,141,253,16,254,0,254,95,184,168,95,0,0,4,1,1,4,4,0,0,4,200,200,200,200,255,255,255,255,255,255,255,0,0,1,32,2,0,0,2,0,0,0,0,0,0,0,65,0,0,0,0,36,22,48,32,9,2,0,0,0,0,0,8,8,0,8,0,0,8,0,0,0,1,62,0,255,255,0,0,0,0,11,0,0,0,12,0,0,0,0,255,255,0,0,0,96,7,0,3,132,215,254,214,244
2026-08-07_10-37-20,1,291,0,0.0,0,120.0,2,2,0,191,157,0,15,0,255,26,175,144,24,170,132,0,12,6,50,134,212,253,41,253,86,253,141,253,16,254,0,254,95,184,168,95,0,0,4,1,1,4,4,0,0,4,200,200,200,200,255,255,255,255,255,255,255,0,0,1,32,2,0,0,2,0,0,0,0,0,0,0,65,0,0,0,0,36,22,48,32,9,2,0,0,0,0,0,8,8,0,8,0,0,8,0,0,0,1,62,0,255,255,0,0,0,0,11,0,0,0,12,0,0,0,0,255,255,0,0,0,96,7,0,3,132,215,254,214,244,0,195,235,0,15,0,255,26,175,144,24,170,132,0,12,6,50,134,227,253,71,253,115,253,153,253,16,254,0,254,95,184,168,95,0,0,4,1,1,4,4,0,0,4,200,200,200,200,255,255,255,255,255,255,255,0,0,1,32,2,0,0,2,0,0,0,0,0,0,0,65,0,0,0,0,36,22,48,32,9,2,0,0,0,0,0,8,8,0,10,2,2,10,0,2,0,0,62,0,255,255,0,0,0,0,10,0,0,0,12,0,0,0,0,255,255,0,0,0,96,7,0,3,132,215,254,214,244
2026-08-07_10-37-20,1,292,0,0.0,0,120.0,2,2,0,195,235,0,15,0,255,26,175,144,24,170,132,0,12,6,50,134,227,253,71,253,115,253,153,253,16,254,0,254,95,184,168,95,0,0,4,1,1,4,4,0,0,4,200,200,200,200,255,255,255,255,255,255,255,0,0,1,32,2,0,0,2,0,0,0,0,0,0,0,65,0,0,0,0,36,22,48,32,9,2,0,0,0,0,0,8,8,0,10,2,2,10,0,2,0,0,62,0,255,255,0,0,0,0,10,0,0,0,12,0,0,0,0,255,255,0,0,0,96,7,0,3,132,215,254,214,244,0,199,235,0,15,0,255,26,175,144,24,170,132,0,12,6,50,134,228,253,71,253,115,253,153,253,16,254,0,254,95,184,168,95,0,0,4,1,1,4,4,0,0,4,200,200,200,200,255,255,255,255,255,255,255,0,0,1,32,2,0,0,2,0,0,0,0,0,0,0,65,0,0,0,0,36,22,48,32,9,2,0,0,0,0,0,8,8,0,10,2,2,10,1,2,0,2,62,0,255,255,0,0,0,0,9,0,0,0,12,0,0,0,0,255,255,0,0,0,96,7,0,3,132,215,254,214,244
2026-08-07_10-37-20,1,293,0,0.0,0,120.0,2,2,0,199,235,0,15,0,255,26,175,144,24,170,132,0,12,6,50,134,228,253,71,253,115,253,153,253,16,254,0,254,95,184,168,95,0,0,4,1,1,4,4,0,0,4,200,200,200,200,255,255,255,255,255,255,255,0,0,1,32,2,0,0,2,0,0,0,0,0,0,0,65,0,0,0,0,36,22,48,32,9,2,0,0,0,0,0,8,8,0,10,2,2,10,1,2,0,2,62,0,255,255,0,0,0,0,9,0,0,0,12,0,0,0,0,255,255,0,0,0,96,7,0,3,132,215,254,214,244,0,203,93,0,15,0,255,26,175,144,24,170,132,0,12,6,50,134,229,253,56,253,100,253,153,253,16,254,0,254,95,184,168,95,0,0,4,1,1,4,4,0,0,4,200,200,200,200,255,255,255,255,255,255,255,0,0,1,32,2,0,0,2,0,0,0,0,0,0,0,65,0,0,0,0,36,22,48,32,9,2,0,0,0,0,0,8,8,0,9,1,1,9,2,1,0,1,62,0,255,255,0,0,0,0,8,0,0,0,12,0,0,0,0,255,255,0,0,0,96,7,0,3,132,215,254,214,244
2026-08-07_10-37-20,1,294,0,0.0,0,120.0,2,2,0,203,93,0,15,0,255,26,175,144,24,170,132,0,12,6,50,134,229,253,56,253,100,253,153,253,16,254,0,254,95,184,168,95,0,0,4,1,1,4,4,0,0,4,200,200,200,200,255,255,255,255,255,255,255,0,0,1,32,2,0,0,2,0,0,0,0,0,0,0,65,0,0,0,0,36,22,48,32,9,2,0,0,0,0,0,8,8,0,9,1,1,9,2,1,0,1,62,0,255,255,0,0,0,0,8,0,0,0,12,0,0,0,0,255,255,0,0,0,96,7,0,3,132,215,254,214,244,0,207,93,0,15,0,255,26,175,144,24,170,132,0,12,6,50,134,230,253,56,253,100,253,153,253,16,254,0,254,95,184,168,95,0,0,4,1,1,4,4,0,0,4,200,200,200,200,255,255,255,255,255,255,255,0,0,1,32,2,0,0,2,0,0,0,0,0,0,0,65,0,0,0,0,36,22,48,32,9,2,0,0,0,0,0,8,8,0,9,1,1,9,3,1,0,0,62,0,255,255,0,0,0,0,7,0,0,0,12,0,0,0,0,255,255,0,0,0,96,7,0,3,132,215,254,214,244
2026-08-07_10-37-20,1,295,0,0.0,0,120.0,2,2,0,207,93,0,15,0,255,26,175,144,24,170,132,0,12,6,50,134,230,253,56,253,100,253,153,253,16,254,0,254,95,184,168,95,0,0,4,1,1,4,4,0,0,4,200,200,200,200,255,255,255,255,255,255,255,0,0,1,32,2,0,0,2,0,0,0,0,0,0,0,65,0,0,0,0,36,22,48,32,9,2,0,0,0,0,0,8,8,0,9,1,1,9,3,1,0,0,62,0,255,255,0,0,0,0,7,0,0,0,12,0,0,0,0,255,255,0,0,0,96,7,0,3,132,215,254,214,244,0,211,237,0,15,0,255,26,175,144,24,170,132,0,12,6,50,134,216,253,41,253,86,253,153,253,16,254,0,254,95,184,168,95,0,0,4,1,1,4,4,0,0,4,200,200,200,200,255,255,255,255,255,255,255,0,0,1,32,2,0,0,2,0,0,0,0,0,0,0,65,0,0,0,0,36,22,48,32,9,2,0,0,0,0,0,8,8,0,8,0,0,8,4,0,0,2,62,0,255,255,0,0,0,0,6,0,0,0,12,0,0,0,0,255,255,0,0,0,96,7,0,3,132,215,254,214,244
2026-08-07_10-37-20,1,296,0,0.0,0,120.0,2,2,0,211,237,0,15,0,255,26,175,144,24,170,132,0,12,6,50,134,216,253,41,253,86,253,153,253,16,254,0,254,95,184,168,95,0,0,4,1,1,4,4,0,0,4,200,200,200,200,255,255,255,255,255,255,255,0,0,1,32,2,0,0,2,0,0,0,0,0,0,0,65,0,0,0,0,36,22,48,32,9,2,0,0,0,0,0,8,8,0,8,0,0,8,4,0,0,2,62,0,255,255,0,0,0,0,6,0,0,0,12,0,0,0,0,255,255,0,0,0,96,7,0,3,132,215,254,214,244,0,215,237,0,15,0,255,26,175,144,24,170,132,0,12,6,50,134,217,253,41,253,86,253,153,253,16,254,0,254,95,184,168,95,0,0,4,1,1,4,4,0,0,4,200,200,200,200,255,255,255,255,255,255,255,0,0,1,32,2,0,0,2,0,0,0,0,0,0,0,65,0,0,0,0,36,22,48,32,9,2,0,0,0,0,0,8,8,0,8,0,0,8,5,0,0,1,62,0,255,255,0,0,0,0,5,0,0,0,12,0,0,0,0,255,255,0,0,0,96,7,0,3,132,215,254,214,244
2026-08-07_10-37-20,1,297,0,0.0,0,120.0,2,2,0,215,237,0,15,0,255,26,175,144,24,170,132,0,12,6,50,134,217,253,41,253,86,253,153,253,16,254,0,254,95,184,168,95,0,0,4,1,1,4,4,0,0,4,200,200,200,200,255,255,255,255,255,255,255,0,0,1,32,2,0,0,2,0,0,0,0,0,0,0,65,0,0,0,0,36,22,48,32,9,2,0,0,0,0,0,8,8,0,8,0,0,8,5,0,0,1,62,0,255,255,0,0,0,0,5,0,0,0,12,0,0,0,0,255,255,0,0,0,96,7,0,3,132,215,254,214,244,0,219,108,0,15,0,255,26,175,144,24,170,132,0,12,6,50,134,233,253,71,253,115,253,153,253,16,254,0,254,95,184,168,95,0,0,4,1,1,4,4,0,0,4,200,200,200,200,255,255,255,255,255,255,255,0,0,1,32,2,0,0,2,0,0,0,0,0,0,0,65,0,0,0,0,36,22,48,32,9,2,0,0,0,0,0,8,8,0,10,2,2,10,6,2,0,0,62,0,255,255,0,0,0,0,4,0,0,0,12,0,0,0,0,255,255,0,0,0,96,7,0,3,132,215,254,214,244
2026-08-07_10-37-20,1,298,0,0.0,0,120.0,2,2,0,219,108,0,15,0,255,26,175,144,24,170,132,0,12,6,50,134,233,253,71,253,115,253,153,253,16,254,0,254,95,184,168,95,0,0,4,1,1,4,4,0,0,4,200,200,200,200,255,255,255,255,255,255,255,0,0,1,32,2,0,0,2,0,0,0,0,0,0,0,65,0,0,0,0,36,22,48,32,9,2,0,0,0,0,0,8,8,0,10,2,2,10,6,2,0,0,62,0,255,255,0,0,0,0,4,0,0,0,12,0,0,0,0,255,255,0,0,0,96,7,0,3,132,215,254,214,244,0,223,108,0,15,0,255,26,175,144,24,170,132,0,12,6,50,134,234,253,71,253,115,253,153,253,16,254,0,254,95,184,168,95,0,0,4,1,1,4,4,0,0,4,200,200,200,200,255,255,255,255,255,255,255,0,0,1,32,2,0,0,2,0,0,0,0,0,0,0,65,0,0,0,0,36,22,48,32,9,2,0,0,0,0,0,8,8,0,10,2,2,10,7,2,0,2,62,0,255,255,0,0,0,0,3,0,0,0,12,0,0,0,0,255,255,0,0,0,96,7,0,3,132,215,254,214,244
2026-08-07_10-37-20,1,299,0,0.0,0,120.0,2,2,0,223,108,0,15,0,255,26,175,144,24,170,132,0,12,6,50,134,234,253,71,253,115,253,153,253,16,254,0,254,95,184,168,95,0,0,4,1,1,4,4,0,0,4,200,200,200,200,255,255,255,255,255,255,255,0,0,1,32,2,0,0,2,0,0,0,0,0,0,0,65,0,0,0,0,36,22,48,32,9,2,0,0,0,0,0,8,8,0,10,2,2,10,7,2,0,2,62,0,255,255,0,0,0,0,3,0,0,0,12,0,0,0,0,255,255,0,0,0,96,7,0,3,132,215,254,214,244,0,227,96,0,15,0,255,26,175,144,24,170,132,0,12,6,50,134,234,253,56,253,100,253,153,253,16,254,0,254,95,184,168,95,0,0,4,1,1,4,4,0,0,4,200,200,200,200,255,255,255,255,255,255,255,0,0,1,32,2,0,0,2,0,0,0,0,0,0,0,65,0,0,0,0,36,22,48,32,9,2,0,0,0,0,0,8,8,0,9,1,1,9,7,1,0,1,62,0,255,255,0,0,0,0,2,0,0,0,12,0,0,0,0,255,255,0,0,0,96,7,0,3,132,215,254,214,244
2026-08-07_10-37-20,1,300,0,0.0,0,120.0,2,2,0,227,96,0,15,0,255,26,175,144,24,170,132,0,12,6,50,134,234,253,56,253,100,253,153,253,16,254,0,254,95,184,168,95,0,0,4,1,1,4,4,0,0,4,200,200,200,200,255,255,255,255,255,255,255,0,0,1,32,2,0,0,2,0,0,0,0,0,0,0,65,0,0,0,0,36,22,48,32,9,2,0,0,0,0,0,8,8,0,9,1,1,9,7,1,0,1,62,0,255,255,0,0,0,0,2,0,0,0,12,0,0,0,0,255,255,0,0,0,96,7,0,3,132,215,254,214,244,0,231,96,0,15,0,255,26,175,144,24,170,132,0,12,6,50,134,233,253,56,253,100,253,153,253,16,254,0,254,95,184,168,95,0,0,4,1,1,4,4,0,0,4,200,200,200,200,255,255,255,255,255,255,255,0,0,1,32,2,0,0,2,0,0,0,0,0,0,0,65,0,0,0,0,36,22,48,32,9,2,0,0,0,0,0,8,8,0,9,1,1,9,6,1,0,0,62,0,255,255,0,0,0,0,1,0,0,0,12,0,0,0,0,255,255,0,0,0,96,7,0,3,132,215,254,214,244
2026-08-07_10-37-20,1,301,0,0.0,0,120.0,2,1,0,231,96,0,15,0,255,26,175,144,24,170,132,0,12,6,50,134,233,253,56,253,100,253,153,253,16,254,0,254,95,184,168,95,0,0,4,1,1,4,4,0,0,4,200,200,200,200,255,255,255,255,255,255,255,0,0,1,32,2,0,0,2,0,0,0,0,0,0,0,65,0,0,0,0,36,22,48,32,9,2,0,0,0,0,0,8,8,0,9,1,1,9,6,1,0,0,62,0,255,255,0,0,0,0,1,0,0,0,12,0,0,0,0,255,255,0,0,0,96,7,0,3,132,215,254,214,244,0,235,3,0,15,0,255,26,175,144,24,170,132,0,12,6,50,134,217,253,41,253,86,253,192,253,16,254,0,254,208,208,208,208,0,0,4,1,1,4,0,0,0,0,200,200,200,200,255,255,255,255,255,255,255,0,0,1,32,1,0,0,1,0,0,0,0,0,0,0,76,0,0,0,0,101,96,48,32,9,2,0,0,0,0,0,0,8,0,8,0,0,8,5,0,0,2,13,0,255,255,0,1,0,1,0,0,0,0,12,0,0,0,0,255,255,0,0,0,96,7,0,3,132,215,254,214,244
2026-08-07_10-37-20,1,302,0,0.0,0,120.0,1,1,0,235,3,0,15,0,255,26,175,144,24,170,132,0,12,6,50,134,217,253,41,253,86,253,192,253,16,254,0,254,208,208,208,208,0,0,4,1,1,4,0,0,0,0,200,200,200,200,255,255,255,255,255,255,255,0,0,1,32,1,0,0,1,0,0,0,0,0,0,0,76,0,0,0,0,101,96,48,32,9,2,0,0,0,0,0,0,8,0,8,0,0,8,5,0,0,2,13,0,255,255,0,1,0,1,0,0,0,0,12,0,0,0,0,255,255,0,0,0,96,7,0,3,132,215,254,214,244,0,239,3,0,15,0,255,26,175,144,24,170,132,0,12,6,50,134,217,253,41,253,86,253,178,253,16,254,0,254,208,208,208,208,0,0,4,1,1,4,0,0,0,0,200,200,200,200,255,255,255,255,255,255,255,0,0,1,32,1,0,0,1,0,0,0,0,0,0,0,76,0,0,0,0,101,96,48,32,9,2,0,0,0,0,0,0,8,0,8,0,0,8,5,0,0,1,13,0,255,255,0,3,0,1,0,0,0,0,12,0,0,0,0,255,255,0,0,0,96,7,0,3,132,215,254,214,244
2026-08-07_10-37-20,1,303,0,0.0,0,120.0,1,1,0,239,3,0,15,0,255,26,175,144,24,170,132,0,12,6,50,134,217,253,41,253,86,253,178,253,16,254,0,254,208,208,208,208,0,0,4,1,1,4,0,0,0,0,200,200,200,200,255,255,255,255,255,255,255,0,0,1,32,1,0,0,1,0,0,0,0,0,0,0,76,0,0,0,0,101,96,48,32,9,2,0,0,0,0,0,0,8,0,8,0,0,8,5,0,0,1,13,0,255,255,0,3,0,1,0,0,0,0,12,0,0,0,0,255,255,0,0,0,96,7,0,3,132,215,254,214,244,0,243,24,0,15,0,255,26,175,144,24,170,132,0,12,6,50,134,217,253,41,253,86,253,164,253,16,254,0,254,208,208,208,208,0,0,4,1,1,4,0,0,0,0,200,200,200,200,255,255,255,255,255,255,255,0,0,1,32,1,0,0,1,0,0,0,0,0,0,0,76,0,0,0,0,101,96,48,32,9,2,0,0,0,0,0,0,8,0,8,0,0,8,5,0,0,0,13,0,255,255,0,5,0,1,0,0,0,0,12,0,0,0,0,255,255,0,0,0,96,7,0,3,132,215,254,214,244
2026-08-07_10-37-20,1,304,0,0.0,0,120.0,1,1,0,243,24,0,15,0,255,26,175,144,24,170,132,0,12,6,50,134,217,253,41,253,86,253,164,253,16,254,0,254,208,208,208,208,0,0,4,1,1,4,0,0,0,0,200,200,200,200,255,255,255,255,255,255,255,0,0,1,32,1,0,0,1,0,0,0,0,0,0,0,76,0,0,0,0,101,96,48,32,9,2,0,0,0,0,0,0,8,0,8,0,0,8,5,0,0,0,13,0,255,255,0,5,0,1,0,0,0,0,12,0,0,0,0,255,255,0,0,0,96,7,0,3,132,215,254,214,244,0,247,24,0,15,0,255,26,175,144,24,170,132,0,12,6,50,134,217,253,41,253,86,253,192,253,16,254,0,254,208,208,208,208,0,0,4,1,1,4,0,0,0,0,200,200,200,200,255,255,255,255,255,255,255,0,0,1,32,1,0,0,1,0,0,0,0,0,0,0,76,0,0,0,0,101,96,48,32,9,2,0,0,0,0,0,0,8,0,8,0,0,8,5,0,0,2,13,0,255,255,0,7,0,1,0,0,0,0,12,0,0,0,0,255,255,0,0,0,96,7,0,3,132,215,254,214,244
2026-08-07_10-37-20,1,305,0,0.0,0,120.0,1,1,0,247,24,0,15,0,255,26,175,144,24,170,132,0,12,6,50,134,217,253,41,253,86,253,192,253,16,254,0,254,208,208,208,208,0,0,4,1,1,4,0,0,0,0,200,200,200,200,255,255,255,255,255,255,255,0,0,1,32,1,0,0,1,0,0,0,0,0,0,0,76,0,0,0,0,101,96,48,32,9,2,0,0,0,0,0,0,8,0,8,0,0,8,5,0,0,2,13,0,255,255,0,7,0,1,0,0,0,0,12,0,0,0,0,255,255,0,0,0,96,7,0,3,132,215,254,214,244,0,251,198,0,15,0,255,26,175,144,24,170,132,0,12,6,50,134,217,253,41,253,86,253,178,253,16,254,0,254,208,208,208,208,0,0,4,1,1,4,0,0,0,0,200,200,200,200,255,255,255,255,255,255,255,0,0,1,32,1,0,0,1,0,0,0,0,0,0,0,76,0,0,0,0,101,96,48,32,9,2,0,0,0,0,0,0,8,0,8,0,0,8,5,0,0,1,13,0,255,255,0,9,0,1,0,0,0,0,12,0,0,0,0,255,255,0,0,0,96,7,0,3,132,215,254,214,244
2026-08-07_10-37-20,1,306,0,0.0,0,120.0,1,1,0,251,198,0,15,0,255,26,175,144,24,170,132,0,12,6,50,134,217,253,41,253,86,253,178,253,16,254,0,254,208,208,208,208,0,0,4,1,1,4,0,0,0,0,200,200,200,200,255,255,255,255,255,255,255,0,0,1,32,1,0,0,1,0,0,0,0,0,0,0,76,0,0,0,0,101,96,48,32,9,2,0,0,0,0,0,0,8,0,8,0,0,8,5,0,0,1,13,0,255,255,0,9,0,1,0,0,0,0,12,0,0,0,0,255,255,0,0,0,96,7,0,3,132,215,254,214,244,0,255,198,0,15,0,255,26,175,144,24,170,132,0,12,6,50,134,217,253,41,253,86,253,164,253,16,254,0,254,208,208,208,208,0,0,4,1,1,4,0,0,0,0,200,200,200,200,255,255,255,255,255,255,255,0,0,1,32,1,0,0,1,0,0,0,0,0,0,0,76,0,0,0,0,101,96,48,32,9,2,0,0,0,0,0,0,8,0,8,0,0,8,5,0,0,0,13,0,255,255,0,11,0,1,0,0,0,0,12,0,0,0,0,255,255,0,0,0,96,7,0,3,132,215,254,214,244
2026-08-07_10-37-20,1,307,0,0.0,0,120.0,1,1,0,255,198,0,15,0,255,26,175,144,24,170,132,0,12,6,50,134,217,253,41,253,86,253,164,253,16,254,0,254,208,208,208,208,0,0,4,1,1,4,0,0,0,0,200,200,200,200,255,255,255,255,255,255,255,0,0,1,32,1,0,0,1,0,0,0,0,0,0,0,76,0,0,0,0,101,96,48,32,9,2,0,0,0,0,0,0,8,0,8,0,0,8,5,0,0,0,13,0,255,255,0,11,0,1,0,0,0,0,12,0,0,0,0,255,255,0,0,0,96,7,0,3,132,215,254,214,244,0,3,55,0,15,0,255,26,175,144,24,170,132,0,12,6,50,134,217,253,41,253,86,253,192,253,16,254,0,254,208,208,208,208,1,0,4,1,1,4,0,0,0,0,200,200,200,200,255,255,255,255,255,255,255,0,0,1,32,1,0,0,1,0,0,0,0,0,0,0,76,0,0,0,0,101,96,48,32,9,2,0,0,0,0,0,0,8,0,8,0,0,8,5,0,0,2,13,0,255,255,0,13,0,1,0,0,0,0,12,0,0,0,0,255,255,0,0,0,96,7,0,3,132,215,254,214,244
2026-08-07_10-37-20,1,308,0,0.0,0,120.0,1,1,0,3,55,0,15,0,255,26,175,144,24,170,132,0,12,6,50,134,217,253,41,253,86,253,192,253,16,254,0,254,208,208,208,208,1,0,4,1,1,4,0,0,0,0,200,200,200,200,255,255,255,255,255,255,255,0,0,1,32,1,0,0,1,0,0,0,0,0,0,0,76,0,0,0,0,101,96,48,32,9,2,0,0,0,0,0,0,8,0,8,0,0,8,5,0,0,2,13,0,255,255,0,13,0,1,0,0,0,0,12,0,0,0,0,255,255,0,0,0,96,7,0,3,132,215,254,214,244,0,7,55,0,15,0,255,26,175,144,24,170,132,0,12,6,50,134,217,253,41,253,86,253,178,253,16,254,0,254,208,208,208,208,1,0,4,1,1,4,0,0,0,0,200,200,200,200,255,255,255,255,255,255,255,0,0,1,32,1,0,0,1,0,0,0,0,0,0,0,76,0,0,0,0,101,96,48,32,9,2,0,0,0,0,0,0,8,0,8,0,0,8,5,0,0,1,13,0,255,255,0,15,0,1,0,0,0,0,12,0,0,0,0,255,255,0,0,0,96,7,0,3,132,215,254,214,244
2026-08-07_10-37-20,1,309,0,0.0,0,120.0,1,1,0,7,55,0,15,0,255,26,175,144,24,170,132,0,12,6,50,134,217,253,41,253,86,253,178,253,16,254,0,254,208,208,208,208,1,0,4,1,1,4,0,0,0,0,200,200,200,200,255,255,255,255,255,255,255,0,0,1,32,1,0,0,1,0,0,0,0,0,0,0,76,0,0,0,0,101,96,48,32,9,2,0,0,0,0,0,0,8,0,8,0,0,8,5,0,0,1,13,0,255,255,0,15,0,1,0,0,0,0,12,0,0,0,0,255,255,0,0,0,96,7,0,3,132,215,254,214,244,0,11,188,0,15,0,255,26,175,144,24,170,132,0,12,6,50,134,217,253,41,253,86,253,164,253,16,254,0,254,208,208,208,208,1,0,4,1,1,4,0,0,0,0,200,200,200,200,255,255,255,255,255,255,255,0,0,1,32,1,0,0,1,0,0,0,0,0,0,0,76,0,0,0,0,101,96,48,32,9,2,0,0,0,0,0,0,8,0,8,0,0,8,5,0,0,0,13,0,255,255,0,17,0,1,0,0,0,0,12,0,0,0,0,255,255,0,0,0,96,7,0,3,132,215,254,214,244
2026-08-07_10-37-20,1,310,0,0.0,0,120.0,1,1,0,11,188,0,15,0,255,26,175,144,24,170,132,0,12,6,50,134,217,253,41,253,86,253,164,253,16,254,0,254,208,208,208,208,1,0,4,1,1,4,0,0,0,0,200,200,200,200,255,255,255,255,255,255,255,0,0,1,32,1,0,0,1,0,0,0,0,0,0,0,76,0,0,0,0,101,96,48,32,9,2,0,0,0,0,0,0,8,0,8,0,0,8,5,0,0,0,13,0,255,255,0,17,0,1,0,0,0,0,12,0,0,0,0,255,255,0,0,0,96,7,0,3,132,215,254,214,244,0,15,188,0,15,0,255,26,175,144,24,170,132,0,12,6,50,134,217,253,41,253,86,253,192,253,16,254,0,254,208,208,208,208,1,0,4,1,1,4,0,0,0,0,200,200,200,200,255,255,255,255,255,255,255,0,0,1,32,1,0,0,1,0,0,0,0,0,0,0,76,0,0,0,0,101,96,48,32,9,2,0,0,0,0,0,0,8,0,8,0,0,8,5,0,0,2,13,0,255,255,0,19,0,1,0,0,0,0,12,0,0,0,0,255,255,0,0,0,96,7,0,3,132,215,254,214,244
2026-08-07_10-37-20,1,311,0,0.0,0,120.0,1,1,0,15,188,0,15,0,255,26,175,144,24,170,132,0,12,6,50,134,217,253,41,253,86,253,192,253,16,254,0,254,208,208,208,208,1,0,4,1,1,4,0,0,0,0,200,200,200,200,255,255,255,255,255,255,255,0,0,1,32,1,0,0,1,0,0,0,0,0,0,0,76,0,0,0,0,101,96,48,32,9,2,0,0,0,0,0,0,8,0,8,0,0,8,5,0,0,2,13,0,255,255,0,19,0,1,0,0,0,0,12,0,0,0,0,255,255,0,0,0,96,7,0,3,132,215,254,214,244,0,19,226,0,15,0,255,26,175,144,24,170,132,0,12,6,50,134,217,253,41,253,86,253,178,253,16,254,0,254,208,208,208,208,1,0,4,1,1,4,0,0,0,0,200,200,200,200,255,255,255,255,255,255,255,0,0,1,32,1,0,0,1,0,0,0,0,0,0,0,76,0,0,0,0,101,96,48,32,9,2,0,0,0,0,0,0,8,0,8,0,0,8,5,0,0,1,13,0,255,255,0,21,0,1,0,0,0,0,12,0,0,0,0,255,255,0,0,0,96,7,0,3,132,215,254,214,244
2026-08-07_10-37-20,1,312,0,0.0,0,120.0,1,1,0,19,226,0,15,0,255,26,175,144,24,170,132,0,12,6,50,134,217,253,41,253,86,253,178,253,16,254,0,254,208,208,208,208,1,0,4,1,1,4,0,0,0,0,200,200,200,200,255,255,255,255,255,255,255,0,0,1,32,1,0,0,1,0,0,0,0,0,0,0,76,0,0,0,0,101,96,48,32,9,2,0,0,0,0,0,0,8,0,8,0,0,8,5,0,0,1,13,0,255,255,0,21,0,1,0,0,0,0,12,0,0,0,0,255,255,0,0,0,96,7,0,3,132,215,254,214,244,0,23,226,0,15,0,255,26,175,144,24,170,132,0,12,6,50,134,217,253,41,253,86,253,164,253,16,254,0,254,208,208,208,208,1,0,4,1,1,4,0,0,0,0,200,200,200,200,255,255,255,255,255,255,255,0,0,1,32,1,0,0,1,0,0,0,0,0,0,0,76,0,0,0,0,101,96,48,32,9,2,0,0,0,0,0,0,8,0,8,0,0,8,5,0,0,0,13,0,255,255,0,23,0,1,0,0,0,0,12,0,0,0,0,255,255,0,0,0,96,7,0,3,132,215,254,214,244
2026-08-07_10-37-20,1,313,0,0.0,0,120.0,1,1,0,23,226,0,15,0,255,26,175,144,24,170,132,0,12,6,50,134,217,253,41,253,86,253,164,253,16,254,0,254,208,208,208,208,1,0,4,1,1,4,0,0,0,0,200,200,200,200,255,255,255,255,255,255,255,0,0,1,32,1,0,0,1,0,0,0,0,0,0,0,76,0,0,0,0,101,96,48,32,9,2,0,0,0,0,0,0,8,0,8,0,0,8,5,0,0,0,13,0,255,255,0,23,0,1,0,0,0,0,12,0,0,0,0,255,255,0,0,0,96,7,0,3,132,215,254,214,244,0,27,23,0,15,0,255,26,175,144,24,170,132,0,12,6,50,134,217,253,41,253,86,253,192,253,16,254,0,254,208,208,208,208,1,0,4,1,1,4,0,0,0,0,200,200,200,200,255,255,255,255,255,255,255,0,0,1,32,1,0,0,1,0,0,0,0,0,0,0,76,0,0,0,0,101,96,48,32,9,2,0,0,0,0,0,0,8,0,8,0,0,8,5,0,0,2,13,0,255,255,0,25,0,1,0,0,0,0,12,0,0,0,0,255,255,0,0,0,96,7,0,3,132,215,254,214,244
2026-08-07_10-37-20,1,314,0,0.0,0,120.0,1,1,0,27,23,0,15,0,255,26,175,144,24,170,132,0,12,6,50,134,217,253,41,253,86,253,192,253,16,254,0,254,208,208,208,208,1,0,4,1,1,4,0,0,0,0,200,200,200,200,255,255,255,255,255,255,255,0,0,1,32,1,0,0,1,0,0,0,0,0,0,0,76,0,0,0,0,101,96,48,32,9,2,0,0,0,0,0,0,8,0,8,0,0,8,5,0,0,2,13,0,255,255,0,25,0,1,0,0,0,0,12,0,0,0,0,255,255,0,0,0,96,7,0,3,132,215,254,214,244,0,31,23,0,15,0,255,26,175,144,24,170,132,0,12,6,50,134,217,253,41,253,86,253,178,253,16,254,0,254,208,208,208,208,1,0,4,1,1,4,0,0,0,0,200,200,200,200,255,255,255,255,255,255,255,0,0,1,32,1,0,0,1,0,0,0,0,0,0,0,76,0,0,0,0,101,96,48,32,9,2,0,0,0,0,0,0,8,0,8,0,0,8,5,0,0,1,13,0,255,255,0,27,0,1,0,0,0,0,12,0,0,0,0,255,255,0,0,0,96,7,0,3,132,215,254,214,244
2026-08-07_10-37-20,1,315,0,0.0,0,120.0,1,1,0,31,23,0,15,0,255,26,175,144,24,170,132,0,12,6,50,134,217,253,41,253,86,253,178,253,16,254,0,254,208,208,208,208,1,0,4,1,1,4,0,0,0,0,200,200,200,200,255,255,255,255,255,255,255,0,0,1,32,1,0,0,1,0,0,0,0,0,0,0,76,0,0,0,0,101,96,48,32,9,2,0,0,0,0,0,0,8,0,8,0,0,8,5,0,0,1,13,0,255,255,0,27,0,1,0,0,0,0,12,0,0,0,0,255,255,0,0,0,96,7,0,3,132,215,254,214,244,0,35,189,0,15,0,255,26,175,144,24,170,132,0,12,6,50,134,217,253,41,253,86,253,164,253,16,254,0,254,208,208,208,208,1,0,4,1,1,4,0,0,0,0,200,200,200,200,255,255,255,255,255,255,255,0,0,1,32,1,0,0,1,0,0,0,0,0,0,0,76,0,0,0,0,101,96,48,32,9,2,0,0,0,0,0,0,8,0,8,0,0,8,5,0,0,0,13,0,255,255,0,29,0,1,0,0,0,0,12,0,0,0,0,255,255,0,0,0,96,7,0,3,132,215,254,214,244
2026-08-07_10-37-20,1,316,0,0.0,0,120.0,1,1,0,35,189,0,15,0,255,26,175,144,24,170,132,0,12,6,50,134,217,253,41,253,86,253,164,253,16,254,0,254,208,208,208,208,1,0,4,1,1,4,0,0,0,0,200,200,200,200,255,255,255,255,255,255,255,0,0,1,32,1,0,0,1,0,0,0,0,0,0,0,76,0,0,0,0,101,96,48,32,9,2,0,0,0,0,0,0,8,0,8,0,0,8,5,0,0,0,13,0,255,255,0,29,0,1,0,0,0,0,12,0,0,0,0,255,255,0,0,0,96,7,0,3,132,215,254,214,244,0,39,189,0,15,0,255,26,175,144,24,170,132,0,12,6,50,134,217,253,41,253,86,253,192,253,16,254,0,254,208,208,208,208,1,0,4,1,1,4,0,0,0,0,200,200,200,200,255,255,255,255,255,255,255,0,0,1,32,1,0,0,1,0,0,0,0,0,0,0,76,0,0,0,0,101,96,48,32,9,2,0,0,0,0,0,0,8,0,8,0,0,8,5,0,0,2,13,0,255,255,0,31,0,1,0,0,0,0,12,0,0,0,0,255,255,0,0,0,96,7,0,3,132,215,254,214,244
2026-08-07_10-37-20,1,317,0,0.0,0,120.0,1,1,0,39,189,0,15,0,255,26,175,144,24,170,132,0,12,6,50,134,217,253,41,253,86,253,192,253,16,254,0,254,208,208,208,208,1,0,4,1,1,4,0,0,0,0,200,200,200,200,255,255,255,255,255,255,255,0,0,1,32,1,0,0,1,0,0,0,0,0,0,0,76,0,0,0,0,101,96,48,32,9,2,0,0,0,0,0,0,8,0,8,0,0,8,5,0,0,2,13,0,255,255,0,31,0,1,0,0,0,0,12,0,0,0,0,255,255,0,0,0,96,7,0,3,132,215,254,214,244,0,43,234,0,15,0,255,26,175,144,24,170,132,0,12,6,50,134,217,253,41,253,86,253,178,253,16,254,0,254,208,208,208,208,1,0,4,1,1,4,0,0,0,0,200,200,200,200,255,255,255,255,255,255,255,0,0,1,32,1,0,0,1,0,0,0,0,0,0,0,76,0,0,0,0,101,96,48,32,9,2,0,0,0,0,0,0,8,0,8,0,0,8,5,0,0,1,13,0,255,255,0,33,0,1,0,0,0,0,12,0,0,0,0,255,255,0,0,0,96,7,0,3,132,215,254,214,244
2026-08-07_10-37-20,1,318,0,0.0,0,120.0,1,1,0,43,234,0,15,0,255,26,175,144,24,170,132,0,12,6,50,134,217,253,41,253,86,253,178,253,16,254,0,254,208,208,208,208,1,0,4,1,1,4,0,0,0,0,200,200,200,200,255,255,255,255,255,255,255,0,0,1,32,1,0,0,1,0,0,0,0,0,0,0,76,0,0,0,0,101,96,48,32,9,2,0,0,0,0,0,0,8,0,8,0,0,8,5,0,0,1,13,0,255,255,0,33,0,1,0,0,0,0,12,0,0,0,0,255,255,0,0,0,96,7,0,3,132,215,254,214,244,0,47,234,0,15,0,255,26,175,144,24,170,132,0,12,6,50,134,217,253,41,253,86,253,164,253,16,254,0,254,208,208,208,208,1,0,4,1,1,4,0,0,0,0,200,200,200,200,255,255,255,255,255,255,255,0,0,1,32,1,0,0,1,0,0,0,0,0,0,0,76,0,0,0,0,101,96,48,32,9,2,0,0,0,0,0,0,8,0,8,0,0,8,5,0,0,0,13,0,255,255,0,35,0,1,0,0,0,0,12,0,0,0,0,255,255,0,0,0,96,7,0,3,132,215,254,214,244
2026-08-07_10-37-20,1,319,0,0.0,0,120.0,1,1,0,47,234,0,15,0,255,26,175,144,24,170,132,0,12,6,50,134,217,253,41,253,86,253,164,253,16,254,0,254,208,208,208,208,1,0,4,1,1,4,0,0,0,0,200,200,200,200,255,255,255,255,255,255,255,0,0,1,32,1,0,0,1,0,0,0,0,0,0,0,76,0,0,0,0,101,96,48,32,9,2,0,0,0,0,0,0,8,0,8,0,0,8,5,0,0,0,13,0,255,255,0,35,0,1,0,0,0,0,12,0,0,0,0,255,255,0,0,0,96,7,0,3,132,215,254,214,244,0,51,85,0,15,0,255,26,175,144,24,170,132,0,12,6,50,134,217,253,41,253,86,253,192,253,16,254,0,254,208,208,208,208,1,0,4,1,1,4,0,0,0,0,200,200,200,200,255,255,255,255,255,255,255,0,0,1,32,1,0,0,1,0,0,0,0,0,0,0,76,0,0,0,0,101,96,48,32,9,2,0,0,0,0,0,0,8,0,8,0,0,8,5,0,0,2,13,0,255,255,0,37,0,1,0,0,0,0,12,0,0,0,0,255,255,0,0,0,96,7,0,3,132,215,254,214,244
2026-08-07_10-37-20,1,320,0,0.0,0,120.0,1,1,0,51,85,0,15,0,255,26,175,144,24,170,132,0,12,6,50,134,217,253,41,253,86,253,192,253,16,254,0,254,208,208,208,208,1,0,4,1,1,4,0,0,0,0,200,200,200,200,255,255,255,255,255,255,255,0,0,1,32,1,0,0,1,0,0,0,0,0,0,0,76,0,0,0,0,101,96,48,32,9,2,0,0,0,0,0,0,8,0,8,0,0,8,5,0,0,2,13,0,255,255,0,37,0,1,0,0,0,0,12,0,0,0,0,255,255,0,0,0,96,7,0,3,132,215,254,214,244,0,55,85,0,15,0,255,26,175,144,24,170,132,0,12,6,50,134,217,253,41,253,86,253,178,253,16,254,0,254,208,208,208,208,1,0,4,1,1,4,0,0,0,0,200,200,200,200,255,255,255,255,255,255,255,0,0,1,32,1,0,0,1,0,0,0,0,0,0,0,76,0,0,0,0,101,96,48,32,9,2,0,0,0,0,0,0,8,0,8,0,0,8,5,0,0,1,13,0,255,255,0,39,0,1,0,0,0,0,12,0,0,0,0,255,255,0,0,0,96,7,0,3,132,215,254,214,244
2026-08-07_10-37-20,1,321,0,0.0,0,120.0,1,1,0,55,85,0,15,0,255,26,175,144,24,170,132,0,12,6,50,134,217,253,41,253,86,253,178,253,16,254,0,254,208,208,208,208,1,0,4,1,1,4,0,0,0,0,200,200,200,200,255,255,255,255,255,255,255,0,0,1,32,1,0,0,1,0,0,0,0,0,0,0,76,0,0,0,0,101,96,48,32,9,2,0,0,0,0,0,0,8,0,8,0,0,8,5,0,0,1,13,0,255,255,0,39,0,1,0,0,0,0,12,0,0,0,0,255,255,0,0,0,96,7,0,3,132,215,254,214,244,0,59,175,0,15,0,255,26,175,144,24,170,132,0,12,6,50,134,217,253,41,253,86,253,164,253,16,254,0,254,208,208,208,208,1,0,4,1,1,4,0,0,0,0,200,200,200,200,255,255,255,255,255,255,255,0,0,1,32,1,0,0,1,0,0,0,0,0,0,0,76,0,0,0,0,101,96,48,32,9,2,0,0,0,0,0,0,8,0,8,0,0,8,5,0,0,0,13,0,255,255,0,41,0,1,0,0,0,0,12,0,0,0,0,255,255,0,0,0,96,7,0,3,132,215,254,214,244
2026-08-07_10-37-20,1,322,0,0.0,0,120.0,1,1,0,59,175,0,15,0,255,26,175,144,24,170,132,0,12,6,50,134,217,253,41,253,86,253,164,253,16,254,0,254,208,208,208,208,1,0,4,1,1,4,0,0,0,0,200,200,200,200,255,255,255,255,255,255,255,0,0,1,32,1,0,0,1,0,0,0,0,0,0,0,76,0,0,0,0,101,96,48,32,9,2,0,0,0,0,0,0,8,0,8,0,0,8,5,0,0,0,13,0,255,255,0,41,0,1,0,0,0,0,12,0,0,0,0,255,255,0,0,0,96,7,0,3,132,215,254,214,244,0,63,175,0,15,0,255,26,175,144,24,170,132,0,12,6,50,134,217,253,41,253,86,253,192,253,16,254,0,254,208,208,208,208,1,0,4,1,1,4,0,0,0,0,200,200,200,200,255,255,255,255,255,255,255,0,0,1,32,1,0,0,1,0,0,0,0,0,0,0,76,0,0,0,0,101,96,48,32,9,2,0,0,0,0,0,0,8,0,8,0,0,8,5,0,0,2,13,0,255,255,0,43,0,1,0,0,0,0,12,0,0,0,0,255,255,0,0,0,96,7,0,3,132,215,254,214,244
2026-08-07_10-37-20,1,323,0,0.0,0,120.0,1,1,0,63,175,0,15,0,255,26,175,144,24,170,132,0,12,6,50,134,217,253,41,253,86,253,192,253,16,254,0,254,208,208,208,208,1,0,4,1,1,4,0,0,0,0,200,200,200,200,255,255,255,255,255,255,255,0,0,1,32,1,0,0,1,0,0,0,0,0,0,0,76,0,0,0,0,101,96,48,32,9,2,0,0,0,0,0,0,8,0,8,0,0,8,5,0,0,2,13,0,255,255,0,43,0,1,0,0,0,0,12,0,0,0,0,255,255,0,0,0,96,7,0,3,132,215,254,214,244,0,67,126,0,15,0,255,26,175,144,24,170,132,0,12,6,50,134,217,253,41,253,86,253,178,253,16,254,0,254,208,208,208,208,1,0,4,1,1,4,0,0,0,0,200,200,200,200,255,255,255,255,255,255,255,0,0,1,32,1,0,0,1,0,0,0,0,0,0,0,76,0,0,0,0,101,96,48,32,9,2,0,0,0,0,0,0,8,0,8,0,0,8,5,0,0,1,13,0,255,255,0,45,0,1,0,0,0,0,12,0,0,0,0,255,255,0,0,0,96,7,0,3,132,215,254,214,244
2026-08-07_10-37-20,1,324,0,0.0,0,120.0,1,1,0,67,126,0,15,0,255,26,175,144,24,170,132,0,12,6,50,134,217,253,41,253,86,253,178,253,16,254,0,254,208,208,208,208,1,0,4,1,1,4,0,0,0,0,200,200,200,200,255,255,255,255,255,255,255,0,0,1,32,1,0,0,1,0,0,0,0,0,0,0,76,0,0,0,0,101,96,48,32,9,2,0,0,0,0,0,0,8,0,8,0,0,8,5,0,0,1,13,0,255,255,0,45,0,1,0,0,0,0,12,0,0,0,0,255,255,0,0,0,96,7,0,3,132,215,254,214,244,0,71,126,0,15,0,255,26,175,144,24,170,132,0,12,6,50,134,217,253,41,253,86,253,164,253,16,254,0,254,208,208,208,208,1,0,4,1,1,4,0,0,0,0,200,200,200,200,255,255,255,255,255,255,255,0,0,1,32,1,0,0,1,0,0,0,0,0,0,0,76,0,0,0,0,101,96,48,32,9,2,0,0,0,0,0,0,8,0,8,0,0,8,5,0,0,0,13,0,255,255,0,47,0,1,0,0,0,0,12,0,0,0,0,255,255,0,0,0,96,7,0,3,132,215,254,214,244
2026-08-07_10-37-20,1,325,0,0.0,0,120.0,1,1,0,71,126,0,15,0,255,26,175,144,24,170,132,0,12,6,50,134,217,253,41,253,86,253,164,253,16,254,0,254,208,208,208,208,1,0,4,1,1,4,0,0,0,0,200,200,200,200,255,255,255,255,255,255,255,0,0,1,32,1,0,0,1,0,0,0,0,0,0,0,76,0,0,0,0,101,96,48,32,9,2,0,0,0,0,0,0,8,0,8,0,0,8,5,0,0,0,13,0,255,255,0,47,0,1,0,0,0,0,12,0,0,0,0,255,255,0,0,0,96,7,0,3,132,215,254,214,244,0,75,244,0,15,0,255,26,175,144,24,170,132,0,12,6,50,134,217,253,41,253,86,253,192,253,16,254,0,254,208,208,208,208,1,0,4,1,1,4,0,0,0,0,200,200,200,200,255,255,255,255,255,255,255,0,0,1,32,1,0,0,1,0,0,0,0,0,0,0,76,0,0,0,0,101,96,48,32,9,2,0,0,0,0,0,0,8,0,8,0,0,8,5,0,0,2,13,0,255,255,0,49,0,1,0,0,0,0,12,0,0,0,0,255,255,0,0,0,96,7,0,3,132,215,254,214,244
2026-08-07_10-37-20,1,326,0,0.0,0,120.0,1,1,0,75,244,0,15,0,255,26,175,144,24,170,132,0,12,6,50,134,217,253,41,253,86,253,192,253,16,254,0,254,208,208,208,208,1,0,4,1,1,4,0,0,0,0,200,200,200,200,255,255,255,255,255,255,255,0,0,1,32,1,0,0,1,0,0,0,0,0,0,0,76,0,0,0,0,101,96,48,32,9,2,0,0,0,0,0,0,8,0,8,0,0,8,5,0,0,2,13,0,255,255,0,49,0,1,0,0,0,0,12,0,0,0,0,255,255,0,0,0,96,7,0,3,132,215,254,214,244,0,79,244,0,15,0,255,26,175,144,24,170,132,0,12,6,50,134,217,253,41,253,86,253,178,253,16,254,0,254,208,208,208,208,1,0,4,1,1,4,0,0,0,0,200,200,200,200,255,255,255,255,255,255,255,0,0,1,32,1,0,0,1,0,0,0,0,0,0,0,76,0,0,0,0,101,96,48,32,9,2,0,0,0,0,0,0,8,0,8,0,0,8,5,0,0,1,13,0,255,255,0,51,0,1,0,0,0,0,12,0,0,0,0,255,255,0,0,0,96,7,0,3,132,215,254,214,244
2026-08-07_10-37-20,1,327,0,0.0,0,120.0,1,1,0,79,244,0,15,0,255,26,175,144,24,170,132,0,12,6,50,134,217,253,41,253,86,253,178,253,16,254,0,254,208,208,208,208,1,0,4,1,1,4,0,0,0,0,200,200,200,200,255,255,255,255,255,255,255,0,0,1,32,1,0,0,1,0,0,0,0,0,0,0,76,0,0,0,0,101,96,48,32,9,2,0,0,0,0,0,0,8,0,8,0,0,8,5,0,0,1,13,0,255,255,0,51,0,1,0,0,0,0,12,0,0,0,0,255,255,0,0,0,96,7,0,3,132,215,254,214,244,0,83,162,0,15,0,255,26,175,144,24,170,132,0,12,6,50,134,217,253,41,253,86,253,164,253,16,254,0,254,208,208,208,208,1,0,4,1,1,4,0,0,0,0,200,200,200,200,255,255,255,255,255,255,255,0,0,1,32,1,0,0,1,0,0,0,0,0,0,0,76,0,0,0,0,101,96,48,32,9,2,0,0,0,0,0,0,8,0,8,0,0,8,5,0,0,0,13,0,255,255,0,53,0,1,0,0,0,0,12,0,0,0,0,255,255,0,0,0,96,7,0,3,132,215,254,214,244
2026-08-07_10-37-20,1,328,0,0.0,0,120.0,1,1,0,83,162,0,15,0,255,26,175,144,24,170,132,0,12,6,50,134,217,253,41,253,86,253,164,253,16,254,0,254,208,208,208,208,1,0,4,1,1,4,0,0,0,0,200,200,200,200,255,255,255,255,255,255,255,0,0,1,32,1,0,0,1,0,0,0,0,0,0,0,76,0,0,0,0,101,96,48,32,9,2,0,0,0,0,0,0,8,0,8,0,0,8,5,0,0,0,13,0,255,255,0,53,0,1,0,0,0,0,12,0,0,0,0,255,255,0,0,0,96,7,0,3,132,215,254,214,244,0,87,162,0,15,0,255,26,175,144,24,170,132,0,12,6,50,134,217,253,41,253,86,253,192,253,16,254,0,254,208,208,208,208,1,0,4,1,1,4,0,0,0,0,200,200,200,200,255,255,255,255,255,255,255,0,0,1,32,1,0,0,1,0,0,0,0,0,0,0,76,0,0,0,0,101,96,48,32,9,2,0,0,0,0,0,0,8,0,8,0,0,8,5,0,0,2,13,0,255,255,0,55,0,1,0,0,0,0,12,0,0,0,0,255,255,0,0,0,96,7,0,3,132,215,254,214,244
2026-08-07_10-37-20,1,329,0,0.0,0,120.0,1,1,0,87,162,0,15,0,255,26,175,144,24,170,132,0,12,6,50,134,217,253,41,253,86,253,192,253,16,254,0,254,208,208,208,208,1,0,4,1,1,4,0,0,0,0,200,200,200,200,255,255,255,255,255,255,255,0,0,1,32,1,0,0,1,0,0,0,0,0,0,0,76,0,0,0,0,101,96,48,32,9,2,0,0,0,0,0,0,8,0,8,0,0,8,5,0,0,2,13,0,255,255,0,55,0,1,0,0,0,0,12,0,0,0,0,255,255,0,0,0,96,7,0,3,132,215,254,214,244,0,91,21,0,15,0,255,26,175,144,24,170,132,0,12,6,50,134,217,253,41,253,86,253,178,253,16,254,0,254,208,208,208,208,1,0,4,1,1,4,0,0,0,0,200,200,200,200,255,255,255,255,255,255,255,0,0,1,32,1,0,0,1,0,0,0,0,0,0,0,76,0,0,0,0,101,96,48,32,9,2,0,0,0,0,0,0,8,0,8,0,0,8,5,0,0,1,13,0,255,255,0,57,0,1,0,0,0,0,12,0,0,0,0,255,255,0,0,0,96,7,0,3,132,215,254,214,244
2026-08-07_10-37-20,1,330,0,0.0,0,120.0,1,1,0,91,21,0,15,0,255,26,175,144,24,170,132,0,12,6,50,134,217,253,41,253,86,253,178,253,16,254,0,254,208,208,208,208,1,0,4,1,1,4,0,0,0,0,200,200,200,200,255,255,255,255,255,255,255,0,0,1,32,1,0,0,1,0,0,0,0,0,0,0,76,0,0,0,0,101,96,48,32,9,2,0,0,0,0,0,0,8,0,8,0,0,8,5,0,0,1,13,0,255,255,0,57,0,1,0,0,0,0,12,0,0,0,0,255,255,0,0,0,96,7,0,3,132,215,254,214,244,0,95,21,0,15,0,255,26,175,144,24,170,132,0,12,6,50,134,217,253,41,253,86,253,164,253,16,254,0,254,208,208,208,208,1,0,4,1,1,4,0,0,0,0,200,200,200,200,255,255,255,255,255,255,255,0,0,1,32,1,0,0,1,0,0,0,0,0,0,0,76,0,0,0,0,101,96,48,32,9,2,0,0,0,0,0,0,8,0,8,0,0,8,5,0,0,0,13,0,255,255,0,59,0,1,0,0,0,0,12,0,0,0,0,255,255,0,0,0,96,7,0,3,132,215,254,214,244
2026-08-07_10-37-20,1,331,0,0.0,0,120.0,1,1,0,95,21,0,15,0,255,26,175,144,24,170,132,0,12,6,50,134,217,253,41,253,86,253,164,253,16,254,0,254,208,208,208,208,1,0,4,1,1,4,0,0,0,0,200,200,200,200,255,255,255,255,255,255,255,0,0,1,32,1,0,0,1,0,0,0,0,0,0,0,76,0,0,0,0,101,96,48,32,9,2,0,0,0,0,0,0,8,0,8,0,0,8,5,0,0,0,13,0,255,255,0,59,0,1,0,0,0,0,12,0,0,0,0,255,255,0,0,0,96,7,0,3,132,215,254,214,244,0,99,173,0,15,0,255,26,175,144,24,170,132,0,12,6,50,134,217,253,41,253,86,253,192,253,16,254,0,254,208,208,208,208,1,0,4,1,1,4,0,0,0,0,200,200,200,200,255,255,255,255,255,255,255,0,0,1,32,1,0,0,1,0,0,0,0,0,0,0,76,0,0,0,0,101,96,48,32,9,2,0,0,0,0,0,0,8,0,8,0,0,8,5,0,0,2,13,0,255,255,0,61,0,1,0,0,0,0,12,0,0,0,0,255,255,0,0,0,96,7,0,3,132,215,254,214,244
2026-08-07_10-37-20,1,332,0,0.0,0,120.0,1,1,0,99,173,0,15,0,255,26,175,144,24,170,132,0,12,6,50,134,217,253,41,253,86,253,192,253,16,254,0,254,208,208,208,208,1,0,4,1,1,4,0,0,0,0,200,200,200,200,255,255,255,255,255,255,255,0,0,1,32,1,0,0,1,0,0,0,0,0,0,0,76,0,0,0,0,101,96,48,32,9,2,0,0,0,0,0,0,8,0,8,0,0,8,5,0,0,2,13,0,255,255,0,61,0,1,0,0,0,0,12,0,0,0,0,255,255,0,0,0,96,7,0,3,132,215,254,214,244,0,103,173,0,15,0,255,26,175,144,24,170,132,0,12,6,50,134,217,253,41,253,86,253,178,253,16,254,0,254,208,208,208,208,1,0,4,1,1,4,0,0,0,0,200,200,200,200,255,255,255,255,255,255,255,0,0,1,32,1,0,0,1,0,0,0,0,0,0,0,76,0,0,0,0,101,96,48,32,9,2,0,0,0,0,0,0,8,0,8,0,0,8,5,0,0,1,13,0,255,255,0,63,0,1,0,0,0,0,12,0,0,0,0,255,255,0,0,0,96,7,0,3,132,215,254,214,244
2026-08-07_10-37-20,1,333,0,0.0,0,120.0,1,1,0,103,173,0,15,0,255,26,175,144,24,170,132,0,12,6,50,134,217,253,41,253,86,253,178,253,16,254,0,254,208,208,208,208,1,0,4,1,1,4,0,0,0,0,200,200,200,200,255,255,255,255,255,255,255,0,0,1,32,1,0,0,1,0,0,0,0,0,0,0,76,0,0,0,0,101,96,48,32,9,2,0,0,0,0,0,0,8,0,8,0,0,8,5,0,0,1,13,0,255,255,0,63,0,1,0,0,0,0,12,0,0,0,0,255,255,0,0,0,96,7,0,3,132,215,254,214,244,0,107,110,0,15,0,255,26,175,144,24,170,132,0,12,6,50,134,217,253,41,253,86,253,164,253,16,254,0,254,214,214,169,214,1,0,4,4,1,4,0,0,0,0,200,200,200,200,255,255,255,255,255,255,255,0,0,1,32,1,0,0,1,0,0,0,0,0,0,0,76,0,0,0,159,101,96,48,32,2,4,0,0,0,0,0,0,0,0,8,8,0,8,5,0,0,0,13,0,255,255,0,64,0,0,0,0,0,0,12,0,0,0,0,255,255,1,0,0,96,7,0,3,132,215,254,214,244
2026-08-07_10-37-20,1,334,0,0.0,0,120.0,1,1,0,107,110,0,15,0,255,26,175,144,24,170,132,0,12,6,50,134,217,253,41,253,86,253,164,253,16,254,0,254,214,214,169,214,1,0,4,4,1,4,0,0,0,0,200,200,200,200,255,255,255,255,255,255,255,0,0,1,32,1,0,0,1,0,0,0,0,0,0,0,76,0,0,0,159,101,96,48,32,2,4,0,0,0,0,0,0,0,0,8,8,0,8,5,0,0,0,13,0,255,255,0,64,0,0,0,0,0,0,12,0,0,0,0,255,255,1,0,0,96,7,0,3,132,215,254,214,244,0,111,110,0,15,0,255,26,175,144,24,170,132,0,12,6,50,134,216,253,41,253,86,253,192,253,16,254,0,254,213,213,170,213,1,0,4,4,1,4,0,0,0,0,200,200,200,200,255,255,255,255,255,255,255,0,0,1,32,1,0,0,1,0,0,0,0,0,0,0,76,0,0,0,159,101,96,48,32,14,12,0,0,0,0,0,0,0,0,8,8,0,8,4,0,0,2,13,0,255,255,0,64,0,0,0,0,0,0,12,0,0,0,0,255,255,1,0,0,96,7,0,3,132,215,254,214,244
2026-08-07_10-37-20,1,335,0,0.0,0,120.0,1,1,0,111,110,0,15,0,255,26,175,144,24,170,132,0,12,6,50,134,216,253,41,253,86,253,192,253,16,254,0,254,213,213,170,213,1,0,4,4,1,4,0,0,0,0,200,200,200,200,255,255,255,255,255,255,255,0,0,1,32,1,0,0,1,0,0,0,0,0,0,0,76,0,0,0,159,101,96,48,32,14,12,0,0,0,0,0,0,0,0,8,8,0,8,4,0,0,2,13,0,255,255,0,64,0,0,0,0,0,0,12,0,0,0,0,255,255,1,0,0,96,7,0,3,132,215,254,214,244,0,115,112,0,15,0,255,26,175,144,24,170,132,0,12,6,50,134,230,253,71,253,115,253,178,253,16,254,0,254,211,211,172,211,1,0,4,4,1,4,0,0,0,0,200,200,200,200,255,255,255,255,255,255,255,0,0,1,32,1,0,0,1,0,0,0,0,0,0,0,76,0,0,0,158,101,96,48,32,10,4,0,0,0,0,0,0,0,0,10,10,2,10,3,2,0,1,13,0,255,255,0,64,0,0,0,0,0,0,12,0,0,0,0,255,255,1,0,0,96,7,0,3,132,215,254,214,244
2026-08-07_10-37-20,1,336,0,0.0,0,120.0,1,1,0,115,112,0,15,0,255,26,175,144,24,170,132,0,12,6,50,134,230,253,71,253,115,253,178,253,16,254,0,254,211,211,172,211,1,0,4,4,1,4,0,0,0,0,200,200,200,200,255,255,255,255,255,255,255,0,0,1,32,1,0,0,1,0,0,0,0,0,0,0,76,0,0,0,158,101,96,48,32,10,4,0,0,0,0,0,0,0,0,10,10,2,10,3,2,0,1,13,0,255,255,0,64,0,0,0,0,0,0,12,0,0,0,0,255,255,1,0,0,96,7,0,3,132,215,254,214,244,0,119,112,0,15,0,255,26,175,144,24,170,132,0,12,6,50,134,229,253,71,253,115,253,164,253,16,254,0,254,210,210,173,210,1,0,4,4,1,4,0,0,0,0,200,200,200,200,255,255,255,255,255,255,255,0,0,1,32,1,0,0,1,0,0,0,0,0,0,0,76,0,0,0,157,101,96,48,32,6,12,0,0,0,0,0,0,0,0,10,10,2,10,2,2,0,0,13,0,255,255,0,64,0,0,0,0,0,0,12,0,0,0,0,255,255,1,0,0,96,7,0,3,132,215,254,214,244
2026-08-07_10-37-20,1,337,3,0.0,0,120.0,1,1,0,119,112,0,15,0,255,26,175,144,24,170,132,0,12,6,50,134,229,253,71,253,115,253,164,253,16,254,0,254,210,210,173,210,1,0,4,4,1,4,0,0,0,0,200,200,200,200,255,255,255,255,255,255,255,0,0,1,32,1,0,0,1,0,0,0,0,0,0,0,76,0,0,0,157,101,96,48,32,6,12,0,0,0,0,0,0,0,0,10,10,2,10,2,2,0,0,13,0,255,255,0,64,0,0,0,0,0,0,12,0,0,0,0,255,255,1,0,0,96,7,0,3,132,215,254,214,244,0,123,135,0,7,0,255,26,175,144,24,170,132,0,12,6,50,134,228,253,56,253,100,253,192,253,16,254,0,254,208,208,175,208,0,0,4,4,1,4,0,0,0,0,200,200,200,200,255,255,255,255,255,255,255,0,0,1,32,1,0,0,1,0,0,0,0,0,0,0,80,0,0,0,156,37,96,48,32,2,4,0,0,0,0,0,0,0,0,9,9,1,9,1,1,0,2,13,0,255,255,0,64,0,0,0,0,0,0,12,0,0,0,0,255,255,1,0,0,96,7,0,3,132,215,254,214,244
2026-08-07_10-37-20,1,338,3,0.0,0,120.0,1,1,0,123,135,0,7,0,255,26,175,144,24,170,132,0,12,6,50,134,228,253,56,253,100,253,192,253,16,254,0,254,208,208,175,208,0,0,4,4,1,4,0,0,0,0,200,200,200,200,255,255,255,255,255,255,255,0,0,1,32,1,0,0,1,0,0,0,0,0,0,0,80,0,0,0,156,37,96,48,32,2,4,0,0,0,0,0,0,0,0,9,9,1,9,1,1,0,2,13,0,255,255,0,64,0,0,0,0,0,0,12,0,0,0,0,255,255,1,0,0,96,7,0,3,132,215,254,214,244,0,127,135,0,7,0,255,26,175,144,24,170,132,0,12,6,50,134,227,253,56,253,100,253,178,253,16,254,0,254,207,207,176,207,0,0,4,4,1,4,0,0,0,0,200,200,200,200,255,255,255,255,255,255,255,0,0,1,32,1,0,0,1,0,0,0,0,0,0,0,84,0,0,0,156,229,96,48,32,14,12,0,0,0,0,0,0,0,0,9,9,1,9,0,1,0,1,13,0,255,255,0,64,0,0,0,0,0,0,12,0,0,0,0,255,255,1,0,0,96,7,0,3,132,215,254,214,244
2026-08-07_10-37-20,1,339,3,0.0,0,120.0,1,1,0,127,135,0,7,0,255,26,175,144,24,170,132,0,12,6,50,134,227,253,56,253,100,253,178,253,16,254,0,254,207,207,176,207,0,0,4,4,1,4,0,0,0,0,200,200,200,200,255,255,255,255,255,255,255,0,0,1,32,1,0,0,1,0,0,0,0,0,0,0,84,0,0,0,156,229,96,48,32,14,12,0,0,0,0,0,0,0,0,9,9,1,9,0,1,0,1,13,0,255,255,0,64,0,0,0,0,0,0,12,0,0,0,0,255,255,1,0,0,96,7,0,3,132,215,254,214,244,0,131,61,0,7,0,255,26,175,144,24,170,132,0,12,6,50,134,212,253,41,253,86,253,164,253,16,254,0,254,205,205,178,205,0,0,4,4,1,4,0,0,0,0,200,200,200,200,255,255,255,255,255,255,255,0,0,1,32,1,0,0,1,0,0,0,0,0,0,0,88,0,0,0,155,165,96,48,32,10,4,0,0,0,0,0,0,0,0,8,8,0,8,0,0,0,0,13,0,255,255,0,64,0,0,0,0,0,0,12,0,0,0,0,255,255,1,0,0,96,7,0,3,132,215,254,214,244
2026-08-07_10-37-20,1,340,3,0.0,0,120.0,1,1,0,131,61,0,7,0,255,26,175,144,24,170,132,0,12,6,50,134,212,253,41,253,86,253,164,253,16,254,0,254,205,205,178,205,0,0,4,4,1,4,0,0,0,0,200,200,200,200,255,255,255,255,255,255,255,0,0,1,32,1,0,0,1,0,0,0,0,0,0,0,88,0,0,0,155,165,96,48,32,10,4,0,0,0,0,0,0,0,0,8,8,0,8,0,0,0,0,13,0,255,255,0,64,0,0,0,0,0,0,12,0,0,0,0,255,255,1,0,0,96,7,0,3,132,215,254,214,244,0,135,61,0,7,0,255,26,175,144,24,170,132,0,12,6,50,134,213,253,41,253,86,253,192,253,16,254,0,254,204,204,179,204,0,0,4,4,1,4,0,0,0,0,200,200,200,200,255,255,255,255,255,255,255,0,0,1,32,1,0,0,1,0,0,0,0,0,0,0,92,0,0,0,154,86,96,48,32,6,12,0,0,0,0,0,0,0,0,8,8,0,8,1,0,0,2,13,0,255,255,0,64,0,0,0,0,0,0,12,0,0,0,0,255,255,1,0,0,96,7,0,3,132,215,254,214,244
2026-08-07_10-37-20,1,341,3,0.0,0,120.0,1,1,0,135,61,0,7,0,255,26,175,144,24,170,132,0,12,6,50,134,213,253,41,253,86,253,192,253,16,254,0,254,204,204,179,204,0,0,4,4,1,4,0,0,0,0,200,200,200,200,255,255,255,255,255,255,255,0,0,1,32,1,0,0,1,0,0,0,0,0,0,0,92,0,0,0,154,86,96,48,32,6,12,0,0,0,0,0,0,0,0,8,8,0,8,1,0,0,2,13,0,255,255,0,64,0,0,0,0,0,0,12,0,0,0,0,255,255,1,0,0,96,7,0,3,132,215,254,214,244,0,139,238,0,7,0,255,26,175,144,24,170,132,0,12,6,50,134,229,253,71,253,115,253,178,253,16,254,0,254,202,202,181,202,0,0,4,4,1,4,0,0,0,0,200,200,200,200,255,255,255,255,255,255,255,0,0,1,32,1,0,0,1,0,0,0,0,0,0,0,96,0,0,0,153,22,96,48,32,2,4,0,0,0,0,0,0,0,0,10,10,2,10,2,2,0,1,13,0,255,255,0,64,0,0,0,0,0,0,12,0,0,0,0,255,255,1,0,0,96,7,0,3,132,215,254,214,244
2026-08-07_10-37-20,1,342,3,0.0,0,120.0,1,1,0,139,238,0,7,0,255,26,175,144,24,170,132,0,12,6,50,134,229,253,71,253,115,253,178,253,16,254,0,254,202,202,181,202,0,0,4,4,1,4,0,0,0,0,200,200,200,200,255,255,255,255,255,255,255,0,0,1,32,1,0,0,1,0,0,0,0,0,0,0,96,0,0,0,153,22,96,48,32,2,4,0,0,0,0,0,0,0,0,10,10,2,10,2,2,0,1,13,0,255,255,0,64,0,0,0,0,0,0,12,0,0,0,0,255,255,1,0,0,96,7,0,3,132,215,254,214,244,0,143,238,0,7,0,255,26,175,144,24,170,132,0,12,6,50,134,230,253,71,253,115,253,164,253,16,254,0,254,201,201,182,201,0,0,4,4,1,4,0,0,0,0,200,200,200,200,255,255,255,255,255,255,255,0,0,1,32,1,0,0,1,0,0,0,0,0,0,0,100,0,0,0,153,214,96,48,32,14,12,0,0,0,0,0,0,0,0,10,10,2,10,3,2,0,0,13,0,255,255,0,64,0,0,0,0,0,0,12,0,0,0,0,255,255,1,0,0,96,7,0,3,132,215,254,214,244
2026-08-07_10-37-20,1,343,0,0.0,0,120.0,1,1,0,143,238,0,7,0,255,26,175,144,24,170,132,0,12,6,50,134,230,253,71,253,115,253,164,253,16,254,0,254,201,201,182,201,0,0,4,4,1,4,0,0,0,0,200,200,200,200,255,255,255,255,255,255,255,0,0,1,32,1,0,0,1,0,0,0,0,0,0,0,100,0,0,0,153,214,96,48,32,14,12,0,0,0,0,0,0,0,0,10,10,2,10,3,2,0,0,13,0,255,255,0,64,0,0,0,0,0,0,12,0,0,0,0,255,255,1,0,0,96,7,0,3,132,215,254,214,244,0,147,116,0,15,0,255,26,175,144,24,170,132,0,12,6,50,134,231,253,56,253,100,253,192,253,16,254,0,254,199,199,184,199,0,0,4,4,1,4,0,0,0,0,200,200,200,200,255,255,255,255,255,255,255,0,0,1,32,1,0,0,1,0,0,0,0,0,0,0,101,0,0,0,152,198,96,48,32,10,4,0,0,0,0,0,0,0,0,9,9,1,9,4,1,0,2,13,0,255,255,0,64,0,0,0,0,0,0,12,0,0,0,0,255,255,1,0,0,96,7,0,3,132,215,254,214,244
2026-08-07_10-37-20,1,344,0,0.0,0,120.0,1,1,0,147,116,0,15,0,255,26,175,144,24,170,132,0,12,6,50,134,231,253,56,253,100,253,192,253,16,254,0,254,199,199,184,199,0,0,4,4,1,4,0,0,0,0,200,200,200,200,255,255,255,255,255,255,255,0,0,1,32,1,0,0,1,0,0,0,0,0,0,0,101,0,0,0,152,198,96,48,32,10,4,0,0,0,0,0,0,0,0,9,9,1,9,4,1,0,2,13,0,255,255,0,64,0,0,0,0,0,0,12,0,0,0,0,255,255,1,0,0,96,7,0,3,132,215,254,214,244,0,151,116,0,15,0,255,26,175,144,24,170,132,0,12,6,50,134,232,253,56,253,100,253,178,253,16,254,0,254,198,198,185,198,0,0,4,4,1,4,0,0,0,0,200,200,200,200,255,255,255,255,255,255,255,0,0,1,32,1,0,0,1,0,0,0,0,0,0,0,101,0,0,0,151,198,96,48,32,6,12,0,0,0,0,0,0,0,0,9,9,1,9,5,1,0,1,13,0,255,255,0,64,0,0,0,0,0,0,12,0,0,0,0,255,255,1,0,0,96,7,0,3,132,215,254,214,244
2026-08-07_10-37-20,1,345,0,0.0,0,120.0,1,1,0,151,116,0,15,0,255,26,175,144,24,170,132,0,12,6,50,134,232,253,56,253,100,253,178,253,16,254,0,254,198,198,185,198,0,0,4,4,1,4,0,0,0,0,200,200,200,200,255,255,255,255,255,255,255,0,0,1,32,1,0,0,1,0,0,0,0,0,0,0,101,0,0,0,151,198,96,48,32,6,12,0,0,0,0,0,0,0,0,9,9,1,9,5,1,0,1,13,0,255,255,0,64,0,0,0,0,0,0,12,0,0,0,0,255,255,1,0,0,96,7,0,3,132,215,254,214,244,0,155,166,0,15,0,255,26,175,144,24,170,132,0,12,6,50,134,218,253,41,253,86,253,164,253,16,254,0,254,196,196,187,196,0,0,4,4,1,4,0,0,0,0,200,200,200,200,255,255,255,255,255,255,255,0,0,1,32,1,0,0,1,0,0,0,0,0,0,0,101,0,0,0,150,198,96,48,32,2,4,0,0,0,0,0,0,0,0,8,8,0,8,6,0,0,0,13,0,255,255,0,64,0,0,0,0,0,0,12,0,0,0,0,255,255,1,0,0,96,7,0,3,132,215,254,214,244
2026-08-07_10-37-20,1,346,0,0.0,0,120.0,1,1,0,155,166,0,15,0,255,26,175,144,24,170,132,0,12,6,50,134,218,253,41,253,86,253,164,253,16,254,0,254,196,196,187,196,0,0,4,4,1,4,0,0,0,0,200,200,200,200,255,255,255,255,255,255,255,0,0,1,32,1,0,0,1,0,0,0,0,0,0,0,101,0,0,0,150,198,96,48,32,2,4,0,0,0,0,0,0,0,0,8,8,0,8,6,0,0,0,13,0,255,255,0,64,0,0,0,0,0,0,12,0,0,0,0,255,255,1,0,0,96,7,0,3,132,215,254,214,244,0,159,166,0,15,0,255,26,175,144,24,170,132,0,12,6,50,134,219,253,41,253,86,253,192,253,16,254,0,254,195,195,188,195,0,0,4,4,1,4,0,0,0,0,200,200,200,200,255,255,255,255,255,255,255,0,0,1,32,1,0,0,1,0,0,0,0,0,0,0,101,0,0,0,150,198,96,48,32,14,12,0,0,0,0,0,0,0,0,8,8,0,8,7,0,0,2,13,0,255,255,0,64,0,0,0,0,0,0,12,0,0,0,0,255,255,1,0,0,96,7,0,3,132,215,254,214,244
2026-08-07_10-37-20,1,347,5,0.0,0,120.0,1,1,0,159,166,0,15,0,255,26,175,144,24,170,132,0,12,6,50,134,219,253,41,253,86,253,192,253,16,254,0,254,195,195,188,195,0,0,4,4,1,4,0,0,0,0,200,200,200,200,255,255,255,255,255,255,255,0,0,1,32,1,0,0,1,0,0,0,0,0,0,0,101,0,0,0,150,198,96,48,32,14,12,0,0,0,0,0,0,0,0,8,8,0,8,7,0,0,2,13,0,255,255,0,64,0,0,0,0,0,0,12,0,0,0,0,255,255,1,0,0,96,7,0,3,132,215,254,214,244,0,163,52,0,13,0,255,26,175,144,24,170,132,0,12,6,50,134,234,253,71,253,115,253,178,253,16,254,0,254,193,193,190,193,0,0,4,4,1,4,0,0,0,0,200,200,200,200,255,255,255,255,255,255,255,0,0,1,32,1,0,0,1,0,0,0,0,0,0,0,101,0,0,0,149,198,96,48,32,10,4,0,0,0,0,0,0,0,0,10,10,2,10,7,2,0,1,16,0,255,255,0,64,0,0,0,0,0,0,12,0,0,0,0,255,255,1,0,0,96,7,0,3,132,215,254,214,244
2026-08-07_10-37-20,1,348,5,0.0,0,120.0,1,1,0,163,52,0,13,0,255,26,175,144,24,170,132,0,12,6,50,134,234,253,71,253,115,253,178,253,16,254,0,254,193,193,190,193,0,0,4,4,1,4,0,0,0,0,200,200,200,200,255,255,255,255,255,255,255,0,0,1,32,1,0,0,1,0,0,0,0,0,0,0,101,0,0,0,149,198,96,48,32,10,4,0,0,0,0,0,0,0,0,10,10,2,10,7,2,0,1,16,0,255,255,0,64,0,0,0,0,0,0,12,0,0,0,0,255,255,1,0,0,96,7,0,3,132,215,254,214,244,0,167,52,0,13,0,255,26,175,144,24,170,132,0,12,6,50,134,233,253,71,253,115,253,164,253,16,254,0,254,192,192,191,192,0,0,4,4,1,4,0,0,0,0,200,200,200,200,255,255,255,255,255,255,255,0,0,1,32,1,0,0,1,0,0,0,0,0,0,0,101,0,0,0,148,198,96,48,32,6,12,0,0,0,0,0,0,0,0,10,10,2,10,6,2,0,0,20,0,255,255,0,64,0,0,0,0,0,0,12,0,0,0,0,255,255,1,0,0,96,7,0,3,132,215,254,214,244
2026-08-07_10-37-20,1,349,5,0.0,0,120.0,1,1,0,167,52,0,13,0,255,26,175,144,24,170,132,0,12,6,50,134,233,253,71,253,115,253,164,253,16,254,0,254,192,192,191,192,0,0,4,4,1,4,0,0,0,0,200,200,200,200,255,255,255,255,255,255,255,0,0,1,32,1,0,0,1,0,0,0,0,0,0,0,101,0,0,0,148,198,96,48,32,6,12,0,0,0,0,0,0,0,0,10,10,2,10,6,2,0,0,20,0,255,255,0,64,0,0,0,0,0,0,12,0,0,0,0,255,255,1,0,0,96,7,0,3,132,215,254,214,244,0,171,164,0,13,0,255,26,175,144,24,170,132,0,12,6,50,134,232,253,56,253,100,253,192,253,16,254,0,254,190,190,193,190,0,0,4,4,1,4,0,0,0,0,200,200,200,200,255,255,255,255,255,255,255,0,0,1,32,1,0,0,1,0,0,0,0,0,0,0,101,0,0,0,147,198,96,48,32,2,4,0,0,0,0,0,0,0,0,9,9,1,9,5,1,0,2,24,0,255,255,0,64,0,0,0,0,0,0,12,0,0,0,0,255,255,1,0,0,96,7,0,3,132,215,254,214,244
2026-08-07_10-37-20,1,350,5,0.0,0,120.0,1,1,0,171,164,0,13,0,255,26,175,144,24,170,132,0,12,6,50,134,232,253,56,253,100,253,192,253,16,254,0,254,190,190,193,190,0,0,4,4,1,4,0,0,0,0,200,200,200,200,255,255,255,255,255,255,255,0,0,1,32,1,0,0,1,0,0,0,0,0,0,0,101,0,0,0,147,198,96,48,32,2,4,0,0,0,0,0,0,0,0,9,9,1,9,5,1,0,2,24,0,255,255,0,64,0,0,0,0,0,0,12,0,0,0,0,255,255,1,0,0,96,7,0,3,132,215,254,214,244,0,175,164,0,13,0,255,26,175,144,24,170,132,0,12,6,50,134,231,253,56,253,100,253,178,253,16,254,0,254,189,189,194,189,0,0,4,4,1,4,0,0,0,0,200,200,200,200,255,255,255,255,255,255,255,0,0,1,32,1,0,0,1,0,0,0,0,0,0,0,101,0,0,0,147,198,96,48,32,14,12,0,0,0,0,0,0,0,0,9,9,1,9,4,1,0,1,28,0,255,255,0,64,0,0,0,0,0,0,12,0,0,0,0,255,255,1,0,0,96,7,0,3,132,215,254,214,244
2026-08-07_10-37-20,1,351,5,0.0,0,120.0,1,1,0,175,164,0,13,0,255,26,175,144,24,170,132,0,12,6,50,134,231,253,56,253,100,253,178,253,16,254,0,254,189,189,194,189,0,0,4,4,1,4,0,0,0,0,200,200,200,200,255,255,255,255,255,255,255,0,0,1,32,1,0,0,1,0,0,0,0,0,0,0,101,0,0,0,147,198,96,48,32,14,12,0,0,0,0,0,0,0,0,9,9,1,9,4,1,0,1,28,0,255,255,0,64,0,0,0,0,0,0,12,0,0,0,0,255,255,1,0,0,96,7,0,3,132,215,254,214,244,0,179,36,0,13,0,255,26,175,144,24,170,132,0,12,6,50,134,215,253,41,253,86,253,164,253,16,254,0,254,187,187,196,187,0,0,4,4,1,4,0,0,0,0,200,200,200,200,255,255,255,255,255,255,255,0,0,1,32,1,0,0,1,0,0,0,0,0,0,0,101,0,0,0,146,198,96,48,32,10,4,0,0,0,0,0,0,0,0,8,8,0,8,3,0,0,0,32,0,255,255,0,64,0,0,0,0,0,0,12,0,0,0,0,255,255,1,0,0,96,7,0,3,132,215,254,214,244
2026-08-07_10-37-20,1,352,5,0.0,0,120.0,1,1,0,179,36,0,13,0,255,26,175,144,24,170,132,0,12,6,50,134,215,253,41,253,86,253,164,253,16,254,0,254,187,187,196,187,0,0,4,4,1,4,0,0,0,0,200,200,200,200,255,255,255,255,255,255,255,0,0,1,32,1,0,0,1,0,0,0,0,0,0,0,101,0,0,0,146,198,96,48,32,10,4,0,0,0,0,0,0,0,0,8,8,0,8,3,0,0,0,32,0,255,255,0,64,0,0,0,0,0,0,12,0,0,0,0,255,255,1,0,0,96,7,0,3,132,215,254,214,244,0,183,36,0,13,0,255,26,175,144,24,170,132,0,12,6,50,134,214,253,41,253,86,253,192,253,16,254,0,254,186,186,197,186,0,0,4,4,1,4,0,0,0,0,200,200,200,200,255,255,255,255,255,255,255,0,0,1,32,1,0,0,1,0,0,0,0,0,0,0,101,0,0,0,145,198,96,48,32,6,12,0,0,0,0,0,0,0,0,8,8,0,8,2,0,0,2,36,0,255,255,0,64,0,0,0,0,0,0,12,0,0,0,0,255,255,1,0,0,96,7,0,3,132,215,254,214,244
2026-08-07_10-37-20,1,353,5,0.0,0,120.0,1,1,0,183,36,0,13,0,255,26,175,144,24,170,132,0,12,6,50,134,214,253,41,253,86,253,192,253,16,254,0,254,186,186,197,186,0,0,4,4,1,4,0,0,0,0,200,200,200,200,255,255,255,255,255,255,255,0,0,1,32,1,0,0,1,0,0,0,0,0,0,0,101,0,0,0,145,198,96,48,32,6,12,0,0,0,0,0,0,0,0,8,8,0,8,2,0,0,2,36,0,255,255,0,64,0,0,0,0,0,0,12,0,0,0,0,255,255,1,0,0,96,7,0,3,132,215,254,214,244,0,187,32,0,13,0,255,26,175,144,24,170,132,0,12,6,50,134,228,253,71,253,115,253,178,253,16,254,0,254,184,184,199,184,0,0,4,4,1,4,0,0,0,0,200,200,200,200,255,255,255,255,255,255,255,0,0,1,32,1,0,0,1,0,0,0,0,0,0,0,101,0,0,0,144,198,96,48,32,2,4,0,0,0,0,0,0,0,0,10,10,2,10,1,2,0,1,40,0,255,255,0,64,0,0,0,0,0,0,12,0,0,0,0,255,255,1,0,0,96,7,0,3,132,215,254,214,244
2026-08-07_10-37-20,1,354,5,0.0,0,120.0,1,1,0,187,32,0,13,0,255,26,175,144,24,170,132,0,12,6,50,134,228,253,71,253,115,253,178,253,16,254,0,254,184,184,199,184,0,0,4,4,1,4,0,0,0,0,200,200,200,200,255,255,255,255,255,255,255,0,0,1,32,1,0,0,1,0,0,0,0,0,0,0,101,0,0,0,144,198,96,48,32,2,4,0,0,0,0,0,0,0,0,10,10,2,10,1,2,0,1,40,0,255,255,0,64,0,0,0,0,0,0,12,0,0,0,0,255,255,1,0,0,96,7,0,3,132,215,254,214,244,0,191,32,0,13,0,255,26,175,144,24,170,132,0,12,6,50,134,227,253,71,253,115,253,164,253,16,254,0,254,183,183,200,183,0,0,4,4,1,4,0,0,0,0,200,200,200,200,255,255,255,255,255,255,255,0,0,1,32,1,0,0,1,0,0,0,0,0,0,0,101,0,0,0,144,198,96,48,32,14,12,0,0,0,0,0,0,0,0,10,10,2,10,0,2,0,0,44,0,255,255,0,64,0,0,0,0,0,0,12,0,0,0,0,255,255,1,0,0,96,7,0,3,132,215,254,214,244
2026-08-07_10-37-20,1,355,5,0.0,0,120.0,1,1,0,191,32,0,13,0,255,26,175,144,24,170,132,0,12,6,50,134,227,253,71,253,115,253,164,253,16,254,0,254,183,183,200,183,0,0,4,4,1,4,0,0,0,0,200,200,200,200,255,255,255,255,255,255,255,0,0,1,32,1,0,0,1,0,0,0,0,0,0,0,101,0,0,0,144,198,96,48,32,14,12,0,0,0,0,0,0,0,0,10,10,2,10,0,2,0,0,44,0,255,255,0,64,0,0,0,0,0,0,12,0,0,0,0,255,255,1,0,0,96,7,0,3,132,215,254,214,244,0,195,1,0,13,0,255,26,175,144,24,170,132,0,12,6,50,134,227,253,56,253,100,253,192,253,16,254,0,254,181,181,202,181,0,0,4,4,1,4,0,0,0,0,200,200,200,200,255,255,255,255,255,255,255,0,0,1,32,1,0,0,1,0,0,0,0,0,0,0,101,0,0,0,143,198,96,48,32,10,4,0,0,0,0,0,0,0,0,9,9,1,9,0,1,0,2,48,0,255,255,0,63,0,0,0,0,0,0,12,0,0,0,0,255,255,1,0,0,96,7,0,3,132,215,254,214,244
2026-08-07_10-37-20,1,356,5,0.0,0,120.0,1,1,0,195,1,0,13,0,255,26,175,144,24,170,132,0,12,6,50,134,227,253,56,253,100,253,192,253,16,254,0,254,181,181,202,181,0,0,4,4,1,4,0,0,0,0,200,200,200,200,255,255,255,255,255,255,255,0,0,1,32,1,0,0,1,0,0,0,0,0,0,0,101,0,0,0,143,198,96,48,32,10,4,0,0,0,0,0,0,0,0,9,9,1,9,0,1,0,2,48,0,255,255,0,63,0,0,0,0,0,0,12,0,0,0,0,255,255,1,0,0,96,7,0,3,132,215,254,214,244,0,199,1,0,13,0,255,26,175,144,24,170,132,0,12,6,50,134,228,253,56,253,100,253,178,253,16,254,0,254,180,180,203,180,0,0,4,4,1,4,0,0,0,0,200,200,200,200,255,255,255,255,255,255,255,0,0,1,32,1,0,0,1,0,0,0,0,0,0,0,101,0,0,0,142,198,96,48,32,6,12,0,0,0,0,0,0,0,0,9,9,1,9,1,1,0,1,52,0,255,255,0,63,0,0,0,0,0,0,12,0,0,0,0,255,255,1,0,0,96,7,0,3,132,215,254,214,244
2026-08-07_10-37-20,1,357,5,0.0,0,120.0,1,1,0,199,1,0,13,0,255,26,175,144,24,170,132,0,12,6,50,134,228,253,56,253,100,253,178,253,16,254,0,254,180,180,203,180,0,0,4,4,1,4,0,0,0,0,200,200,200,200,255,255,255,255,255,255,255,0,0,1,32,1,0,0,1,0,0,0,0,0,0,0,101,0,0,0,142,198,96,48,32,6,12,0,0,0,0,0,0,0,0,9,9,1,9,1,1,0,1,52,0,255,255,0,63,0,0,0,0,0,0,12,0,0,0,0,255,255,1,0,0,96,7,0,3,132,215,254,214,244,0,203,8,0,13,0,255,26,175,144,24,170,132,0,12,6,50,134,214,253,41,253,86,253,164,253,16,254,0,254,178,178,205,178,0,0,4,4,1,4,0,0,0,0,200,200,200,200,255,255,255,255,255,255,255,0,0,1,32,1,0,0,1,0,0,0,0,0,0,0,101,0,0,0,141,198,96,48,32,2,4,0,0,0,0,0,0,0,0,8,8,0,8,2,0,0,0,56,0,255,255,0,63,0,0,0,0,0,0,12,0,0,0,0,255,255,1,0,0,96,7,0,3,132,215,254,214,244
2026-08-07_10-37-20,1,358,5,0.0,0,120.0,1,1,0,203,8,0,13,0,255,26,175,144,24,170,132,0,12,6,50,134,214,253,41,253,86,253,164,253,16,254,0,254,178,178,205,178,0,0,4,4,1,4,0,0,0,0,200,200,200,200,255,255,255,255,255,255,255,0,0,1,32,1,0,0,1,0,0,0,0,0,0,0,101,0,0,0,141,198,96,48,32,2,4,0,0,0,0,0,0,0,0,8,8,0,8,2,0,0,0,56,0,255,255,0,63,0,0,0,0,0,0,12,0,0,0,0,255,255,1,0,0,96,7,0,3,132,215,254,214,244,0,207,8,0,13,0,255,26,175,144,24,170,132,0,12,6,50,134,215,253,41,253,86,253,192,253,16,254,0,254,177,177,206,177,0,0,4,4,1,4,0,0,0,0,200,200,200,200,255,255,255,255,255,255,255,0,0,1,32,1,0,0,1,0,0,0,0,0,0,0,101,0,0,0,141,198,96,48,32,14,12,0,0,0,0,0,0,0,0,8,8,0,8,3,0,0,2,60,0,255,255,0,63,0,0,0,0,0,0,12,0,0,0,0,255,255,1,0,0,96,7,0,3,132,215,254,214,244
2026-08-07_10-37-20,1,359,5,0.0,0,120.0,1,1,0,207,8,0,13,0,255,26,175,144,24,170,132,0,12,6,50,134,215,253,41,253,86,253,192,253,16,254,0,254,177,177,206,177,0,0,4,4,1,4,0,0,0,0,200,200,200,200,255,255,255,255,255,255,255,0,0,1,32,1,0,0,1,0,0,0,0,0,0,0,101,0,0,0,141,198,96,48,32,14,12,0,0,0,0,0,0,0,0,8,8,0,8,3,0,0,2,60,0,255,255,0,63,0,0,0,0,0,0,12,0,0,0,0,255,255,1,0,0,96,7,0,3,132,215,254,214,244,0,211,66,0,13,0,255,26,175,144,24,170,132,0,12,6,50,134,231,253,71,253,115,253,178,253,16,254,0,254,175,175,208,175,0,0,4,4,1,4,0,0,0,0,200,200,200,200,255,255,255,255,255,255,255,0,0,1,32,1,0,0,1,0,0,0,0,0,0,0,101,0,0,0,140,198,96,48,32,10,4,0,0,0,0,0,0,0,0,10,10,2,10,4,2,0,1,64,0,255,255,0,63,0,0,0,0,0,0,12,0,0,0,0,255,255,1,0,0,96,7,0,3,132,215,254,214,244
2026-08-07_10-37-20,1,360,0,0.0,0,120.0,1,1,0,211,66,0,13,0,255,26,175,144,24,170,132,0,12,6,50,134,231,253,71,253,115,253,178,253,16,254,0,254,175,175,208,175,0,0,4,4,1,4,0,0,0,0,200,200,200,200,255,255,255,255,255,255,255,0,0,1,32,1,0,0,1,0,0,0,0,0,0,0,101,0,0,0,140,198,96,48,32,10,4,0,0,0,0,0,0,0,0,10,10,2,10,4,2,0,1,64,0,255,255,0,63,0,0,0,0,0,0,12,0,0,0,0,255,255,1,0,0,96,7,0,3,132,215,254,214,244,0,215,66,0,15,0,255,26,175,144,24,170,132,0,12,6,50,134,232,253,71,253,115,253,164,253,16,254,0,254,174,174,209,174,0,0,4,4,1,4,0,0,0,0,200,200,200,200,255,255,255,255,255,255,255,0,0,1,32,1,0,0,1,0,0,0,0,0,0,0,101,0,0,0,139,198,96,48,32,6,12,0,0,0,0,0,0,0,0,10,10,2,10,5,2,0,0,64,0,255,255,0,63,0,0,0,0,0,0,12,0,0,0,0,255,255,1,0,0,96,7,0,3,132,215,254,214,244
2026-08-07_10-37-20,1,361,0,0.0,0,120.0,1,1,0,215,66,0,15,0,255,26,175,144,24,170,132,0,12,6,50,134,232,253,71,253,115,253,164,253,16,254,0,254,174,174,209,174,0,0,4,4,1,4,0,0,0,0,200,200,200,200,255,255,255,255,255,255,255,0,0,1,32,1,0,0,1,0,0,0,0,0,0,0,101,0,0,0,139,198,96,48,32,6,12,0,0,0,0,0,0,0,0,10,10,2,10,5,2,0,0,64,0,255,255,0,63,0,0,0,0,0,0,12,0,0,0,0,255,255,1,0,0,96,7,0,3,132,215,254,214,244,0,219,18,0,15,0,255,26,175,144,24,170,132,0,12,6,50,134,233,253,56,253,100,253,192,253,16,254,0,254,172,172,211,172,0,0,4,4,1,4,0,0,0,0,200,200,200,200,255,255,255,255,255,255,255,0,0,1,32,1,0,0,1,0,0,0,0,0,0,0,101,0,0,0,138,198,96,48,32,2,4,0,0,0,0,0,0,0,0,9,9,1,9,6,1,0,2,64,0,255,255,0,63,0,0,0,0,0,0,12,0,0,0,0,255,255,1,0,0,96,7,0,3,132,215,254,214,244
2026-08-07_10-37-20,1,362,0,0.0,0,120.0,1,1,0,219,18,0,15,0,255,26,175,144,24,170,132,0,12,6,50,134,233,253,56,253,100,253,192,253,16,254,0,254,172,172,211,172,0,0,4,4,1,4,0,0,0,0,200,200,200,200,255,255,255,255,255,255,255,0,0,1,32,1,0,0,1,0,0,0,0,0,0,0,101,0,0,0,138,198,96,48,32,2,4,0,0,0,0,0,0,0,0,9,9,1,9,6,1,0,2,64,0,255,255,0,63,0,0,0,0,0,0,12,0,0,0,0,255,255,1,0,0,96,7,0,3,132,215,254,214,244,0,223,18,0,14,0,255,26,175,144,24,170,132,0,12,6,50,134,234,253,56,253,100,253,178,253,16,254,0,254,171,171,212,171,0,0,4,4,1,4,0,0,0,0,200,200,200,200,255,255,255,255,255,255,255,0,0,1,32,1,0,0,1,0,0,0,0,0,0,0,101,0,0,0,138,198,96,48,32,14,12,0,0,0,0,0,0,0,0,9,9,1,9,7,1,0,1,62,0,255,255,0,63,0,0,0,0,0,0,12,0,0,0,0,255,255,1,0,0,96,7,0,3,132,215,254,214,244
2026-08-07_10-37-20,1,363,2,0.0,0,120.0,1,1,0,223,18,0,14,0,255,26,175,144,24,170,132,0,12,6,50,134,234,253,56,253,100,253,178,253,16,254,0,254,171,171,212,171,0,0,4,4,1,4,0,0,0,0,200,200,200,200,255,255,255,255,255,255,255,0,0,1,32,1,0,0,1,0,0,0,0,0,0,0,101,0,0,0,138,198,96,48,32,14,12,0,0,0,0,0,0,0,0,9,9,1,9,7,1,0,1,62,0,255,255,0,63,0,0,0,0,0,0,12,0,0,0,0,255,255,1,0,0,96,7,0,3,132,215,254,214,244,0,227,148,0,14,0,255,26,175,144,24,170,132,0,12,6,50,134,219,253,41,253,86,253,164,253,16,254,0,254,169,169,214,169,0,0,4,4,1,4,0,0,0,0,200,200,200,200,255,255,255,255,255,255,255,0,0,1,32,1,0,0,1,0,0,0,0,0,0,0,101,0,0,0,137,198,96,48,32,10,4,0,0,0,0,0,0,0,0,8,8,0,8,7,0,0,0,58,0,255,255,0,62,0,0,0,0,0,0,12,0,0,0,0,255,255,1,0,0,96,7,0,3,132,215,254,214,244
2026-08-07_10-37-20,1,364,2,0.0,0,120.0,1,1,0,227,148,0,14,0,255,26,175,144,24,170,132,0,12,6,50,134,219,253,41,253,86,253,164,253,16,254,0,254,169,169,214,169,0,0,4,4,1,4,0,0,0,0,200,200,200,200,255,255,255,255,255,255,255,0,0,1,32,1,0,0,1,0,0,0,0,0,0,0,101,0,0,0,137,198,96,48,32,10,4,0,0,0,0,0,0,0,0,8,8,0,8,7,0,0,0,58,0,255,255,0,62,0,0,0,0,0,0,12,0,0,0,0,255,255,1,0,0,96,7,0,3,132,215,254,214,244,0,231,148,0,14,0,255,26,175,144,24,170,132,0,12,6,50,134,218,253,41,253,86,253,192,253,16,254,0,254,168,168,215,168,0,0,4,4,1,4,0,0,0,0,200,200,200,200,255,255,255,255,255,255,255,0,0,1,32,1,0,0,1,0,0,0,0,0,0,0,101,0,0,0,136,198,96,48,32,6,12,0,0,0,0,0,0,0,0,8,8,0,8,6,0,0,2,54,0,255,255,0,62,0,0,0,0,0,0,12,0,0,0,0,255,255,1,0,0,96,7,0,3,132,215,254,214,244
2026-08-07_10-37-20,1,365,0,0.0,0,120.0,1,1,0,231,148,0,14,0,255,26,175,144,24,170,132,0,12,6,50,134,218,253,41,253,86,253,192,253,16,254,0,254,168,168,215,168,0,0,4,4,1,4,0,0,0,0,200,200,200,200,255,255,255,255,255,255,255,0,0,1,32,1,0,0,1,0,0,0,0,0,0,0,101,0,0,0,136,198,96,48,32,6,12,0,0,0,0,0,0,0,0,8,8,0,8,6,0,0,2,54,0,255,255,0,62,0,0,0,0,0,0,12,0,0,0,0,255,255,1,0,0,96,7,0,3,132,215,254,214,244,0,235,161,0,15,0,255,26,175,144,24,170,132,0,12,6,50,134,232,253,71,253,115,253,178,253,16,254,0,254,166,166,217,166,0,0,4,4,1,4,0,0,0,0,200,200,200,200,255,255,255,255,255,255,255,0,0,1,32,1,0,0,1,0,0,0,0,0,0,0,101,0,0,0,135,198,96,48,32,2,4,0,0,0,0,0,0,0,0,10,10,2,10,5,2,0,1,54,0,255,255,0,62,0,0,0,0,0,0,12,0,0,0,0,255,255,1,0,0,96,7,0,3,132,215,254,214,244
2026-08-07_10-37-20,1,366,0,0.0,0,120.0,1,1,0,235,161,0,15,0,255,26,175,144,24,170,132,0,12,6,50,134,232,253,71,253,115,253,178,253,16,254,0,254,166,166,217,166,0,0,4,4,1,4,0,0,0,0,200,200,200,200,255,255,255,255,255,255,255,0,0,1,32,1,0,0,1,0,0,0,0,0,0,0,101,0,0,0,135,198,96,48,32,2,4,0,0,0,0,0,0,0,0,10,10,2,10,5,2,0,1,54,0,255,255,0,62,0,0,0,0,0,0,12,0,0,0,0,255,255,1,0,0,96,7,0,3,132,215,254,214,244,0,239,161,0,15,0,255,26,175,144,24,170,132,0,12,6,50,134,231,253,71,253,115,253,164,253,16,254,0,254,165,165,218,165,0,0,4,4,1,4,0,0,0,0,200,200,200,200,255,255,255,255,255,255,255,0,0,1,32,1,0,0,1,0,0,0,0,0,0,0,101,0,0,0,135,198,96,48,32,14,12,0,0,0,0,0,0,0,0,10,10,2,10,4,2,0,0,54,0,255,255,0,62,0,0,0,0,0,0,12,0,0,0,0,255,255,1,0,0,96,7,0,3,132,215,254,214,244
2026-08-07_10-37-20,1,367,0,0.0,0,120.0,1,1,0,239,161,0,15,0,255,26,175,144,24,170,132,0,12,6,50,134,231,253,71,253,115,253,164,253,16,254,0,254,165,165,218,165,0,0,4,4,1,4,0,0,0,0,200,200,200,200,255,255,255,255,255,255,255,0,0,1,32,1,0,0,1,0,0,0,0,0,0,0,101,0,0,0,135,198,96,48,32,14,12,0,0,0,0,0,0,0,0,10,10,2,10,4,2,0,0,54,0,255,255,0,62,0,0,0,0,0,0,12,0,0,0,0,255,255,1,0,0,96,7,0,3,132,215,254,214,244,0,243,13,0,15,0,255,26,175,144,24,170,132,0,12,6,50,134,230,253,56,253,100,253,192,253,16,254,0,254,163,163,220,163,0,0,4,4,1,4,0,0,0,0,200,200,200,200,255,255,255,255,255,255,255,0,0,1,32,1,0,0,1,0,0,0,0,0,0,0,101,0,0,0,134,198,96,48,32,10,4,0,0,0,0,0,0,0,0,9,9,1,9,3,1,0,2,54,0,255,255,0,62,0,0,0,0,0,0,12,0,0,0,0,255,255,1,0,0,96,7,0,3,132,215,254,214,244
2026-08-07_10-37-20,1,368,0,0.0,0,120.0,1,1,0,243,13,0,15,0,255,26,175,144,24,170,132,0,12,6,50,134,230,253,56,253,100,253,192,253,16,254,0,254,163,163,220,163,0,0,4,4,1,4,0,0,0,0,200,200,200,200,255,255,255,255,255,255,255,0,0,1,32,1,0,0,1,0,0,0,0,0,0,0,101,0,0,0,134,198,96,48,32,10,4,0,0,0,0,0,0,0,0,9,9,1,9,3,1,0,2,54,0,255,255,0,62,0,0,0,0,0,0,12,0,0,0,0,255,255,1,0,0,96,7,0,3,132,215,254,214,244,0,247,13,0,15,0,255,26,175,144,24,170,132,0,12,6,50,134,229,253,56,253,100,253,178,253,16,254,0,254,162,162,221,162,0,0,4,4,1,4,0,0,0,0,200,200,200,200,255,255,255,255,255,255,255,0,0,1,32,1,0,0,1,0,0,0,0,0,0,0,101,0,0,0,133,198,96,48,32,6,12,0,0,0,0,0,0,0,0,9,9,1,9,2,1,0,1,54,0,255,255,0,62,0,0,0,0,0,0,12,0,0,0,0,255,255,1,0,0,96,7,0,3,132,215,254,214,244
2026-08-07_10-37-20,1,369,0,0.0,0,120.0,1,1,0,247,13,0,15,0,255,26,175,144,24,170,132,0,12,6,50,134,229,253,56,253,100,253,178,253,16,254,0,254,162,162,221,162,0,0,4,4,1,4,0,0,0,0,200,200,200,200,255,255,255,255,255,255,255,0,0,1,32,1,0,0,1,0,0,0,0,0,0,0,101,0,0,0,133,198,96,48,32,6,12,0,0,0,0,0,0,0,0,9,9,1,9,2,1,0,1,54,0,255,255,0,62,0,0,0,0,0,0,12,0,0,0,0,255,255,1,0,0,96,7,0,3,132,215,254,214,244,0,251,107,0,15,0,255,26,175,144,24,170,132,0,12,6,50,134,213,253,41,253,86,253,164,253,16,254,0,254,160,160,223,160,0,0,4,4,1,4,0,0,0,0,200,200,200,200,255,255,255,255,255,255,255,0,0,1,32,1,0,0,1,0,0,0,0,0,0,0,101,0,0,0,132,198,96,48,32,2,4,0,0,0,0,0,0,0,0,8,8,0,8,1,0,0,0,54,0,255,255,0,62,0,0,0,0,0,0,12,0,0,0,0,255,255,1,0,0,96,7,0,3,132,215,254,214,244
2026-08-07_10-37-20,1,370,0,0.0,0,120.0,1,1,0,251,107,0,15,0,255,26,175,144,24,170,132,0,12,6,50,134,213,253,41,253,86,253,164,253,16,254,0,254,160,160,223,160,0,0,4,4,1,4,0,0,0,0,200,200,200,200,255,255,255,255,255,255,255,0,0,1,32,1,0,0,1,0,0,0,0,0,0,0,101,0,0,0,132,198,96,48,32,2,4,0,0,0,0,0,0,0,0,8,8,0,8,1,0,0,0,54,0,255,255,0,62,0,0,0,0,0,0,12,0,0,0,0,255,255,1,0,0,96,7,0,3,132,215,254,214,244,0,255,107,0,11,0,255,26,175,144,24,170,132,0,12,6,50,134,212,253,41,253,86,253,192,253,16,254,0,254,159,159,224,159,0,0,4,4,1,4,4,4,1,4,200,200,200,200,255,255,255,255,255,255,255,0,0,1,32,1,0,0,1,0,0,0,0,0,0,0,99,0,0,0,132,230,218,48,32,14,12,0,0,0,0,0,8,8,0,8,8,0,8,0,0,0,2,54,0,255,255,0,62,0,0,0,0,0,0,12,0,0,0,0,255,255,1,0,0,96,7,0,3,132,215,254,214,244
2026-08-07_10-37-20,1,371,4,0.0,0,120.0,1,1,0,255,107,0,11,0,255,26,175,144,24,170,132,0,12,6,50,134,212,253,41,253,86,253,192,253,16,254,0,254,159,159,224,159,0,0,4,4,1,4,4,4,1,4,200,200,200,200,255,255,255,255,255,255,255,0,0,1,32,1,0,0,1,0,0,0,0,0,0,0,99,0,0,0,132,230,218,48,32,14,12,0,0,0,0,0,8,8,0,8,8,0,8,0,0,0,2,54,0,255,255,0,62,0,0,0,0,0,0,12,0,0,0,0,255,255,1,0,0,96,7,0,3,132,215,254,214,244,0,3,89,0,11,0,255,26,175,144,24,170,132,0,12,6,50,134,227,253,71,253,115,253,178,253,16,254,0,254,157,157,226,157,0,0,4,4,1,4,4,4,1,4,200,200,200,200,255,255,255,255,255,255,255,0,0,1,32,1,0,0,1,0,0,0,0,0,0,0,95,0,0,0,131,38,250,48,32,10,4,0,0,0,0,0,8,8,0,10,10,2,10,0,2,0,1,54,0,255,255,0,61,0,0,0,0,0,0,12,0,0,0,0,255,255,1,0,0,96,7,0,3,132,215,254,214,244
2026-08-07_10-37-20,1,372,4,0.0,0,120.0,1,1,0,3,89,0,11,0,255,26,175,144,24,170,132,0,12,6,50,134,227,253,71,253,115,253,178,253,16,254,0,254,157,157,226,157,0,0,4,4,1,4,4,4,1,4,200,200,200,200,255,255,255,255,255,255,255,0,0,1,32,1,0,0,1,0,0,0,0,0,0,0,95,0,0,0,131,38,250,48,32,10,4,0,0,0,0,0,8,8,0,10,10,2,10,0,2,0,1,54,0,255,255,0,61,0,0,0,0,0,0,12,0,0,0,0,255,255,1,0,0,96,7,0,3,132,215,254,214,244,0,7,89,0,11,0,255,26,175,144,24,170,132,0,12,6,50,134,228,253,71,253,115,253,164,253,16,254,0,254,156,156,227,156,0,0,4,4,1,4,4,4,1,4,200,200,200,200,255,255,255,255,255,255,255,0,0,1,32,1,0,0,1,0,0,0,0,0,0,0,91,0,0,0,130,102,10,48,32,6,12,0,0,0,0,0,8,8,0,10,10,2,10,1,2,0,0,54,0,255,255,0,61,0,0,0,0,0,0,12,0,0,0,0,255,255,1,0,0,96,7,0,3,132,215,254,214,244
2026-08-07_10-37-20,1,373,4,0.0,0,120.0,1,1,0,7,89,0,11,0,255,26,175,144,24,170,132,0,12,6,50,134,228,253,71,253,115,253,164,253,16,254,0,254,156,156,227,156,0,0,4,4,1,4,4,4,1,4,200,200,200,200,255,255,255,255,255,255,255,0,0,1,32,1,0,0,1,0,0,0,0,0,0,0,91,0,0,0,130,102,10,48,32,6,12,0,0,0,0,0,8,8,0,10,10,2,10,1,2,0,0,54,0,255,255,0,61,0,0,0,0,0,0,12,0,0,0,0,255,255,1,0,0,96,7,0,3,132,215,254,214,244,0,11,204,0,11,0,255,26,175,144,24,170,132,0,12,6,50,134,229,253,56,253,100,253,192,253,16,254,0,254,154,154,229,154,0,0,4,4,1,4,4,4,1,4,200,200,200,200,255,255,255,255,255,255,255,0,0,1,32,1,0,0,1,0,0,0,0,0,0,0,87,0,0,0,129,181,42,48,32,2,4,0,0,0,0,0,8,8,0,9,9,1,9,2,1,0,2,54,0,255,255,0,61,0,0,0,0,0,0,12,0,0,0,0,255,255,1,0,0,96,7,0,3,132,215,254,214,244
2026-08-07_10-37-20,1,374,4,0.0,0,120.0,1,1,0,11,204,0,11,0,255,26,175,144,24,170,132,0,12,6,50,134,229,253,56,253,100,253,192,253,16,254,0,254,154,154,229,154,0,0,4,4,1,4,4,4,1,4,200,200,200,200,255,255,255,255,255,255,255,0,0,1,32,1,0,0,1,0,0,0,0,0,0,0,87,0,0,0,129,181,42,48,32,2,4,0,0,0,0,0,8,8,0,9,9,1,9,2,1,0,2,54,0,255,255,0,61,0,0,0,0,0,0,12,0,0,0,0,255,255,1,0,0,96,7,0,3,132,215,254,214,244,0,15,204,0,11,0,255,26,175,144,24,170,132,0,12,6,50,134,230,253,56,253,100,253,178,253,16,254,0,254,153,153,230,153,0,0,4,4,1,4,4,4,1,4,200,200,200,200,255,255,255,255,255,255,255,0,0,1,32,1,0,0,1,0,0,0,0,0,0,0,83,0,0,0,129,245,58,48,32,14,12,0,0,0,0,0,8,8,0,9,9,1,9,3,1,0,1,54,0,255,255,0,61,0,0,0,0,0,0,12,0,0,0,0,255,255,1,0,0,96,7,0,3,132,215,254,214,244
2026-08-07_10-37-20,1,375,4,0.0,0,120.0,1,1,0,15,204,0,11,0,255,26,175,144,24,170,132,0,12,6,50,134,230,253,56,253,100,253,178,253,16,254,0,254,153,153,230,153,0,0,4,4,1,4,4,4,1,4,200,200,200,200,255,255,255,255,255,255,255,0,0,1,32,1,0,0,1,0,0,0,0,0,0,0,83,0,0,0,129,245,58,48,32,14,12,0,0,0,0,0,8,8,0,9,9,1,9,3,1,0,1,54,0,255,255,0,61,0,0,0,0,0,0,12,0,0,0,0,255,255,1,0,0,96,7,0,3,132,215,254,214,244,0,19,101,0,15,0,255,26,175,144,24,170,132,0,12,6,50,134,216,253,41,253,86,253,164,253,16,254,0,254,151,151,232,151,0,0,4,4,1,4,4,4,1,4,200,200,200,200,255,255,255,255,255,255,255,0,0,1,32,1,0,0,1,0,0,0,0,0,0,0,80,0,0,0,128,37,90,48,32,10,4,0,0,0,0,0,8,8,0,8,8,0,8,4,0,0,0,54,0,255,255,0,61,0,0,0,0,0,0,12,0,0,0,0,255,255,1,0,0,96,7,0,3,132,215,254,214,244
2026-08-07_10-37-20,1,376,0,0.0,0,120.0,1,1,0,19,101,0,15,0,255,26,175,144,24,170,132,0,12,6,50,134,216,253,41,253,86,253,164,253,16,254,0,254,151,151,232,151,0,0,4,4,1,4,4,4,1,4,200,200,200,200,255,255,255,255,255,255,255,0,0,1,32,1,0,0,1,0,0,0,0,0,0,0,80,0,0,0,128,37,90,48,32,10,4,0,0,0,0,0,8,8,0,8,8,0,8,4,0,0,0,54,0,255,255,0,61,0,0,0,0,0,0,12,0,0,0,0,255,255,1,0,0,96,7,0,3,132,215,254,214,244,0,23,101,0,15,0,255,26,175,144,24,170,132,0,12,6,50,134,217,253,41,253,86,253,192,253,16,254,0,254,150,150,233,150,0,0,4,4,1,4,4,4,1,4,200,200,200,200,255,255,255,255,255,255,255,0,0,1,32,1,0,0,1,0,0,0,0,0,0,0,80,0,0,0,127,37,106,48,32,6,12,0,0,0,0,0,8,8,0,8,8,0,8,5,0,0,2,54,0,255,255,0,61,0,0,0,0,0,0,12,0,0,0,0,255,255,1,0,0,96,7,0,3,132,215,254,214,244
2026-08-07_10-37-20,1,377,0,0.0,0,120.0,1,1,0,23,101,0,15,0,255,26,175,144,24,170,132,0,12,6,50,134,217,253,41,253,86,253,192,253,16,254,0,254,150,150,233,150,0,0,4,4,1,4,4,4,1,4,200,200,200,200,255,255,255,255,255,255,255,0,0,1,32,1,0,0,1,0,0,0,0,0,0,0,80,0,0,0,127,37,106,48,32,6,12,0,0,0,0,0,8,8,0,8,8,0,8,5,0,0,2,54,0,255,255,0,61,0,0,0,0,0,0,12,0,0,0,0,255,255,1,0,0,96,7,0,3,132,215,254,214,244,0,27,42,0,15,0,255,26,175,144,24,170,132,0,12,6,50,134,233,253,71,253,115,253,178,253,16,254,0,254,148,148,235,148,0,0,4,4,1,4,4,4,1,4,200,200,200,200,255,255,255,255,255,255,255,0,0,1,32,1,0,0,1,0,0,0,0,0,0,0,80,0,0,0,126,37,153,48,32,2,4,0,0,0,0,0,8,8,0,10,10,2,10,6,2,0,1,54,0,255,255,0,61,0,0,0,0,0,0,12,0,0,0,0,255,255,1,0,0,96,7,0,3,132,215,254,214,244
2026-08-07_10-37-20,1,378,0,0.0,0,120.0,1,1,0,27,42,0,15,0,255,26,175,144,24,170,132,0,12,6,50,134,233,253,71,253,115,253,178,253,16,254,0,254,148,148,235,148,0,0,4,4,1,4,4,4,1,4,200,200,200,200,255,255,255,255,255,255,255,0,0,1,32,1,0,0,1,0,0,0,0,0,0,0,80,0,0,0,126,37,153,48,32,2,4,0,0,0,0,0,8,8,0,10,10,2,10,6,2,0,1,54,0,255,255,0,61,0,0,0,0,0,0,12,0,0,0,0,255,255,1,0,0,96,7,0,3,132,215,254,214,244,0,31,42,0,15,0,255,26,175,144,24,170,132,0,12,6,50,134,234,253,71,253,115,253,164,253,16,254,0,254,147,147,236,147,0,0,4,4,1,4,4,4,1,4,200,200,200,200,255,255,255,255,255,255,255,0,0,1,32,1,0,0,1,0,0,0,0,0,0,0,80,0,0,0,126,37,169,48,32,14,12,0,0,0,0,0,8,8,0,10,10,2,10,7,2,0,0,54,0,255,255,0,61,0,0,0,0,0,0,12,0,0,0,0,255,255,1,0,0,96,7,0,3,132,215,254,214,244
2026-08-07_10-37-20,1,379,0,0.0,0,120.0,1,1,0,31,42,0,15,0,255,26,175,144,24,170,132,0,12,6,50,134,234,253,71,253,115,253,164,253,16,254,0,254,147,147,236,147,0,0,4,4,1,4,4,4,1,4,200,200,200,200,255,255,255,255,255,255,255,0,0,1,32,1,0,0,1,0,0,0,0,0,0,0,80,0,0,0,126,37,169,48,32,14,12,0,0,0,0,0,8,8,0,10,10,2,10,7,2,0,0,54,0,255,255,0,61,0,0,0,0,0,0,12,0,0,0,0,255,255,1,0,0,96,7,0,3,132,215,254,214,244,0,35,83,0,15,0,255,26,175,144,24,170,132,0,12,6,50,134,234,253,56,253,100,253,192,253,16,254,0,254,145,145,238,145,0,0,4,4,1,4,4,4,1,4,200,200,200,200,255,255,255,255,255,255,255,0,0,1,32,1,0,0,1,0,0,0,0,0,0,0,80,0,0,0,125,37,201,48,32,10,4,0,0,0,0,0,8,8,0,9,9,1,9,7,1,0,2,54,0,255,255,0,60,0,0,0,0,0,0,12,0,0,0,0,255,255,1,0,0,96,7,0,3,132,215,254,214,244
2026-08-07_10-37-20,1,380,0,0.0,0,120.0,1,1,0,35,83,0,15,0,255,26,175,144,24,170,132,0,12,6,50,134,234,253,56,253,100,253,192,253,16,254,0,254,145,145,238,145,0,0,4,4,1,4,4,4,1,4,200,200,200,200,255,255,255,255,255,255,255,0,0,1,32,1,0,0,1,0,0,0,0,0,0,0,80,0,0,0,125,37,201,48,32,10,4,0,0,0,0,0,8,8,0,9,9,1,9,7,1,0,2,54,0,255,255,0,60,0,0,0,0,0,0,12,0,0,0,0,255,255,1,0,0,96,7,0,3,132,215,254,214,244,0,39,83,0,7,0,255,26,175,144,24,170,132,0,12,6,50,134,233,253,56,253,100,253,178,253,16,254,0,254,144,144,239,144,0,0,4,4,1,4,4,4,1,4,200,200,200,200,255,255,255,255,255,255,255,0,0,1,32,1,0,0,1,0,0,0,0,0,0,0,82,0,0,0,124,5,217,48,32,6,12,0,0,0,0,0,0,0,0,9,9,1,9,6,1,0,1,54,0,255,255,0,60,0,0,0,0,0,0,12,0,0,0,0,255,255,1,0,0,96,7,0,3,132,215,254,214,244
2026-08-07_10-37-20,1,381,3,0.0,0,120.0,1,1,0,39,83,0,7,0,255,26,175,144,24,170,132,0,12,6,50,134,233,253,56,253,100,253,178,253,16,254,0,254,144,144,239,144,0,0,4,4,1,4,4,4,1,4,200,200,200,200,255,255,255,255,255,255,255,0,0,1,32,1,0,0,1,0,0,0,0,0,0,0,82,0,0,0,124,5,217,48,32,6,12,0,0,0,0,0,0,0,0,9,9,1,9,6,1,0,1,54,0,255,255,0,60,0,0,0,0,0,0,12,0,0,0,0,255,255,1,0,0,96,7,0,3,132,215,254,214,244,0,43,158,0,7,0,255,26,175,144,24,170,132,0,12,6,50,134,217,253,41,253,86,253,164,253,16,254,0,254,142,142,241,142,0,0,4,4,1,4,4,4,1,4,200,200,200,200,255,255,255,255,255,255,255,0,0,1,32,1,0,0,1,0,0,0,0,0,0,0,86,0,0,0,123,197,249,48,32,2,4,0,0,0,0,0,0,0,0,8,8,0,8,5,0,0,0,54,0,255,255,0,60,0,0,0,0,0,0,12,0,0,0,0,255,255,1,0,0,96,7,0,3,132,215,254,214,244
2026-08-07_10-37-20,1,382,3,0.0,0,120.0,1,1,0,43,158,0,7,0,255,26,175,144,24,170,132,0,12,6,50,134,217,253,41,253,86,253,164,253,16,254,0,254,142,142,241,142,0,0,4,4,1,4,4,4,1,4,200,200,200,200,255,255,255,255,255,255,255,0,0,1,32,1,0,0,1,0,0,0,0,0,0,0,86,0,0,0,123,197,249,48,32,2,4,0,0,0,0,0,0,0,0,8,8,0,8,5,0,0,0,54,0,255,255,0,60,0,0,0,0,0,0,12,0,0,0,0,255,255,1,0,0,96,7,0,3,132,215,254,214,244,0,47,158,0,7,0,255,26,175,144,24,170,132,0,12,6,50,134,216,253,41,253,86,253,192,253,16,254,0,254,141,141,242,141,0,0,4,4,1,4,4,4,1,4,200,200,200,200,255,255,255,255,255,255,255,0,0,1,32,1,0,0,1,0,0,0,0,0,0,0,90,0,0,0,123,118,9,48,32,14,12,0,0,0,0,0,0,0,0,8,8,0,8,4,0,0,2,54,0,255,255,0,60,0,0,0,0,0,0,12,0,0,0,0,255,255,1,0,0,96,7,0,3,132,215,254,214,244
2026-08-07_10-37-20,1,383,3,0.0,0,120.0,1,1,0,47,158,0,7,0,255,26,175,144,24,170,132,0,12,6,50,134,216,253,41,253,86,253,192,253,16,254,0,254,141,141,242,141,0,0,4,4,1,4,4,4,1,4,200,200,200,200,255,255,255,255,255,255,255,0,0,1,32,1,0,0,1,0,0,0,0,0,0,0,90,0,0,0,123,118,9,48,32,14,12,0,0,0,0,0,0,0,0,8,8,0,8,4,0,0,2,54,0,255,255,0,60,0,0,0,0,0,0,12,0,0,0,0,255,255,1,0,0,96,7,0,3,132,215,254,214,244,0,51,243,0,7,0,255,26,175,144,24,170,132,0,12,6,50,134,230,253,71,253,115,253,178,253,16,254,0,254,139,139,244,139,0,0,4,4,1,4,4,4,1,4,200,200,200,200,255,255,255,255,255,255,255,0,0,1,32,1,0,0,1,0,0,0,0,0,0,0,94,0,0,0,122,54,41,48,32,10,4,0,0,0,0,0,0,0,0,10,10,2,10,3,2,0,1,54,0,255,255,0,60,0,0,0,0,0,0,12,0,0,0,0,255,255,1,0,0,96,7,0,3,132,215,254,214,244
2026-08-07_10-37-20,1,384,0,0.0,0,120.0,1,1,0,51,243,0,7,0,255,26,175,144,24,170,132,0,12,6,50,134,230,253,71,253,115,253,178,253,16,254,0,254,139,139,244,139,0,0,4,4,1,4,4,4,1,4,200,200,200,200,255,255,255,255,255,255,255,0,0,1,32,1,0,0,1,0,0,0,0,0,0,0,94,0,0,0,122,54,41,48,32,10,4,0,0,0,0,0,0,0,0,10,10,2,10,3,2,0,1,54,0,255,255,0,60,0,0,0,0,0,0,12,0,0,0,0,255,255,1,0,0,96,7,0,3,132,215,254,214,244,0,55,243,0,15,0,255,26,175,144,24,170,132,0,12,6,50,134,229,253,71,253,115,253,164,253,16,254,0,254,138,138,245,138,0,0,4,4,1,4,4,4,1,4,200,200,200,200,255,255,255,255,255,255,255,0,0,1,32,1,0,0,1,0,0,0,0,0,0,0,94,0,0,0,121,54,57,48,32,6,12,0,0,0,0,0,0,0,0,10,10,2,10,2,2,0,0,54,0,255,255,0,60,0,0,0,0,0,0,12,0,0,0,0,255,255,1,0,0,96,7,0,3,132,215,254,214,244
2026-08-07_10-37-20,1,385,0,0.0,0,120.0,1,1,0,55,243,0,15,0,255,26,175,144,24,170,132,0,12,6,50,134,229,253,71,253,115,253,164,253,16,254,0,254,138,138,245,138,0,0,4,4,1,4,4,4,1,4,200,200,200,200,255,255,255,255,255,255,255,0,0,1,32,1,0,0,1,0,0,0,0,0,0,0,94,0,0,0,121,54,57,48,32,6,12,0,0,0,0,0,0,0,0,10,10,2,10,2,2,0,0,54,0,255,255,0,60,0,0,0,0,0,0,12,0,0,0,0,255,255,1,0,0,96,7,0,3,132,215,254,214,244,0,59,155,0,15,0,255,26,175,144,24,170,132,0,12,6,50,134,228,253,56,253,100,253,192,253,16,254,0,254,136,136,247,136,0,0,4,4,1,4,4,4,1,4,200,200,200,200,255,255,255,255,255,255,255,0,0,1,32,1,0,0,1,0,0,0,0,0,0,0,94,0,0,0,120,54,89,48,32,2,4,0,0,0,0,0,0,0,0,9,9,1,9,1,1,0,2,54,0,255,255,0,60,0,0,0,0,0,0,12,0,0,0,0,255,255,1,0,0,96,7,0,3,132,215,254,214,244
2026-08-07_10-37-20,1,386,0,0.0,0,120.0,1,1,0,59,155,0,15,0,255,26,175,144,24,170,132,0,12,6,50,134,228,253,56,253,100,253,192,253,16,254,0,254,136,136,247,136,0,0,4,4,1,4,4,4,1,4,200,200,200,200,255,255,255,255,255,255,255,0,0,1,32,1,0,0,1,0,0,0,0,0,0,0,94,0,0,0,120,54,89,48,32,2,4,0,0,0,0,0,0,0,0,9,9,1,9,1,1,0,2,54,0,255,255,0,60,0,0,0,0,0,0,12,0,0,0,0,255,255,1,0,0,96,7,0,3,132,215,254,214,244,0,63,155,0,15,0,255,26,175,144,24,170,132,0,12,6,50,134,227,253,56,253,100,253,178,253,16,254,0,254,135,135,248,135,0,0,4,4,1,4,4,4,1,4,200,200,200,200,255,255,255,255,255,255,255,0,0,1,32,1,0,0,1,0,0,0,0,0,0,0,94,0,0,0,120,54,105,48,32,14,12,0,0,0,0,0,0,0,0,9,9,1,9,0,1,0,1,54,0,255,255,0,60,0,0,0,0,0,0,12,0,0,0,0,255,255,1,0,0,96,7,0,3,132,215,254,214,244
2026-08-07_10-37-20,1,387,0,0.0,0,120.0,1,1,0,63,155,0,15,0,255,26,175,144,24,170,132,0,12,6,50,134,227,253,56,253,100,253,178,253,16,254,0,254,135,135,248,135,0,0,4,4,1,4,4,4,1,4,200,200,200,200,255,255,255,255,255,255,255,0,0,1,32,1,0,0,1,0,0,0,0,0,0,0,94,0,0,0,120,54,105,48,32,14,12,0,0,0,0,0,0,0,0,9,9,1,9,0,1,0,1,54,0,255,255,0,60,0,0,0,0,0,0,12,0,0,0,0,255,255,1,0,0,96,7,0,3,132,215,254,214,244,0,67,218,0,15,0,255,26,175,144,24,170,132,0,12,6,50,134,212,253,41,253,86,253,164,253,16,254,0,254,133,133,250,133,0,0,4,4,1,4,4,4,1,4,200,200,200,200,255,255,255,255,255,255,255,0,0,1,32,1,0,0,1,0,0,0,0,0,0,0,94,0,0,0,119,54,152,48,32,10,4,0,0,0,0,0,0,0,0,8,8,0,8,0,0,0,0,54,0,255,255,0,59,0,0,0,0,0,0,12,0,0,0,0,255,255,1,0,0,96,7,0,3,132,215,254,214,244
2026-08-07_10-37-20,1,388,0,0.0,0,120.0,1,1,0,67,218,0,15,0,255,26,175,144,24,170,132,0,12,6,50,134,212,253,41,253,86,253,164,253,16,254,0,254,133,133,250,133,0,0,4,4,1,4,4,4,1,4,200,200,200,200,255,255,255,255,255,255,255,0,0,1,32,1,0,0,1,0,0,0,0,0,0,0,94,0,0,0,119,54,152,48,32,10,4,0,0,0,0,0,0,0,0,8,8,0,8,0,0,0,0,54,0,255,255,0,59,0,0,0,0,0,0,12,0,0,0,0,255,255,1,0,0,96,7,0,3,132,215,254,214,244,0,71,218,0,15,0,255,26,175,144,24,170,132,0,12,6,50,134,213,253,41,253,86,253,192,253,16,254,0,254,132,132,251,132,0,0,4,4,1,4,4,4,1,4,200,200,200,200,255,255,255,255,255,255,255,0,0,1,32,1,0,0,1,0,0,0,0,0,0,0,94,0,0,0,118,54,168,48,32,6,12,0,0,0,0,0,0,0,0,8,8,0,8,1,0,0,2,54,0,255,255,0,59,0,0,0,0,0,0,12,0,0,0,0,255,255,1,0,0,96,7,0,3,132,215,254,214,244
2026-08-07_10-37-20,1,389,0,0.0,0,120.0,1,1,0,71,218,0,15,0,255,26,175,144,24,170,132,0,12,6,50,134,213,253,41,253,86,253,192,253,16,254,0,254,132,132,251,132,0,0,4,4,1,4,4,4,1,4,200,200,200,200,255,255,255,255,255,255,255,0,0,1,32,1,0,0,1,0,0,0,0,0,0,0,94,0,0,0,118,54,168,48,32,6,12,0,0,0,0,0,0,0,0,8,8,0,8,1,0,0,2,54,0,255,255,0,59,0,0,0,0,0,0,12,0,0,0,0,255,255,1,0,0,96,7,0,3,132,215,254,214,244,0,75,208,0,15,0,255,26,175,144,24,170,132,0,12,6,50,134,229,253,71,253,115,253,178,253,16,254,0,254,130,130,253,130,0,0,4,4,1,4,4,4,1,4,200,200,200,200,255,255,255,255,255,255,255,0,0,1,32,1,0,0,1,0,0,0,0,0,0,0,94,0,0,0,117,54,200,48,32,2,4,0,0,0,0,0,0,0,0,10,10,2,10,2,2,0,1,54,0,255,255,0,59,0,0,0,0,0,0,12,0,0,0,0,255,255,1,0,0,96,7,0,3,132,215,254,214,244
2026-08-07_10-37-20,1,390,0,0.0,0,120.0,1,1,0,75,208,0,15,0,255,26,175,144,24,170,132,0,12,6,50,134,229,253,71,253,115,253,178,253,16,254,0,254,130,130,253,130,0,0,4,4,1,4,4,4,1,4,200,200,200,200,255,255,255,255,255,255,255,0,0,1,32,1,0,0,1,0,0,0,0,0,0,0,94,0,0,0,117,54,200,48,32,2,4,0,0,0,0,0,0,0,0,10,10,2,10,2,2,0,1,54,0,255,255,0,59,0,0,0,0,0,0,12,0,0,0,0,255,255,1,0,0,96,7,0,3,132,215,254,214,244,0,79,208,0,15,0,255,26,175,144,24,170,132,0,12,6,50,134,230,253,71,253,115,253,164,253,16,254,0,254,129,129,254,129,0,0,4,4,1,4,4,4,1,4,200,200,200,200,255,255,255,255,255,255,255,0,0,1,32,1,0,0,1,0,0,0,0,0,0,0,94,0,0,0,117,54,216,48,32,14,12,0,0,0,0,0,0,0,0,10,10,2,10,3,2,0,0,54,0,255,255,0,59,0,0,0,0,0,0,12,0,0,0,0,255,255,1,0,0,96,7,0,3,132,215,254,214,244
2026-08-07_10-37-20,1,391,5,0.0,0,120.0,1,1,0,79,208,0,15,0,255,26,175,144,24,170,132,0,12,6,50,134,230,253,71,253,115,253,164,253,16,254,0,254,129,129,254,129,0,0,4,4,1,4,4,4,1,4,200,200,200,200,255,255,255,255,255,255,255,0,0,1,32,1,0,0,1,0,0,0,0,0,0,0,94,0,0,0,117,54,216,48,32,14,12,0,0,0,0,0,0,0,0,10,10,2,10,3,2,0,0,54,0,255,255,0,59,0,0,0,0,0,0,12,0,0,0,0,255,255,1,0,0,96,7,0,3,132,215,254,214,244,0,83,130,0,13,0,255,26,175,144,24,170,132,0,12,6,50,134,231,253,56,253,100,253,192,253,16,254,0,254,127,127,0,127,0,0,4,4,1,4,4,4,1,4,200,200,200,200,255,255,255,255,255,255,255,0,0,1,32,1,0,0,1,0,0,0,0,0,0,0,94,0,0,0,116,54,248,48,32,10,4,0,0,0,0,0,0,0,0,9,9,1,9,4,1,0,2,58,0,255,255,0,59,0,0,0,0,0,0,12,0,0,0,0,255,255,1,0,0,96,7,0,3,132,215,254,214,244
2026-08-07_10-37-20,1,392,5,0.0,0,120.0,1,1,0,83,130,0,13,0,255,26,175,144,24,170,132,0,12,6,50,134,231,253,56,253,100,253,192,253,16,254,0,254,127,127,0,127,0,0,4,4,1,4,4,4,1,4,200,200,200,200,255,255,255,255,255,255,255,0,0,1,32,1,0,0,1,0,0,0,0,0,0,0,94,0,0,0,116,54,248,48,32,10,4,0,0,0,0,0,0,0,0,9,9,1,9,4,1,0,2,58,0,255,255,0,59,0,0,0,0,0,0,12,0,0,0,0,255,255,1,0,0,96,7,0,3,132,215,254,214,244,0,87,130,0,13,0,255,26,175,144,24,170,132,0,12,6,50,134,232,253,56,253,100,253,178,253,16,254,0,254,126,126,1,126,0,0,4,4,1,4,4,4,1,4,200,200,200,200,255,255,255,255,255,255,255,0,0,1,32,1,0,0,1,0,0,0,0,0,0,0,94,0,0,0,115,54,8,48,32,6,12,0,0,0,0,0,0,0,0,9,9,1,9,5,1,0,1,62,0,255,255,0,59,0,0,0,0,0,0,12,0,0,0,0,255,255,1,0,0,96,7,0,3,132,215,254,214,244
2026-08-07_10-37-20,1,393,5,0.0,0,120.0,1,1,0,87,130,0,13,0,255,26,175,144,24,170,132,0,12,6,50,134,232,253,56,253,100,253,178,253,16,254,0,254,126,126,1,126,0,0,4,4,1,4,4,4,1,4,200,200,200,200,255,255,255,255,255,255,255,0,0,1,32,1,0,0,1,0,0,0,0,0,0,0,94,0,0,0,115,54,8,48,32,6,12,0,0,0,0,0,0,0,0,9,9,1,9,5,1,0,1,62,0,255,255,0,59,0,0,0,0,0,0,12,0,0,0,0,255,255,1,0,0,96,7,0,3,132,215,254,214,244,0,91,20,0,13,0,255,26,175,144,24,170,132,0,12,6,50,134,218,253,41,253,86,253,164,253,16,254,0,254,124,124,3,124,0,0,4,4,1,4,4,4,1,4,200,200,200,200,255,255,255,255,255,255,255,0,0,1,32,1,0,0,1,0,0,0,0,0,0,0,94,0,0,0,114,54,40,48,32,2,4,0,0,0,0,0,0,0,0,8,8,0,8,6,0,0,0,66,0,255,255,0,59,0,0,0,0,0,0,12,0,0,0,0,255,255,1,0,0,96,7,0,3,132,215,254,214,244
2026-08-07_10-37-20,1,394,5,0.0,0,120.0,1,1,0,91,20,0,13,0,255,26,175,144,24,170,132,0,12,6,50,134,218,253,41,253,86,253,164,253,16,254,0,254,124,124,3,124,0,0,4,4,1,4,4,4,1,4,200,200,200,200,255,255,255,255,255,255,255,0,0,1,32,1,0,0,1,0,0,0,0,0,0,0,94,0,0,0,114,54,40,48,32,2,4,0,0,0,0,0,0,0,0,8,8,0,8,6,0,0,0,66,0,255,255,0,59,0,0,0,0,0,0,12,0,0,0,0,255,255,1,0,0,96,7,0,3,132,215,254,214,244,0,95,20,0,13,0,255,26,175,144,24,170,132,0,12,6,50,134,219,253,41,253,86,253,192,253,16,254,0,254,123,123,4,123,0,0,4,4,1,4,4,4,1,4,200,200,200,200,255,255,255,255,255,255,255,0,0,1,32,1,0,0,1,0,0,0,0,0,0,0,94,0,0,0,114,54,56,48,32,14,12,0,0,0,0,0,0,0,0,8,8,0,8,7,0,0,2,70,0,255,255,0,59,0,0,0,0,0,0,12,0,0,0,0,255,255,1,0,0,96,7,0,3,132,215,254,214,244
2026-08-07_10-37-20,1,395,5,0.0,0,120.0,1,1,0,95,20,0,13,0,255,26,175,144,24,170,132,0,12,6,50,134,219,253,41,253,86,253,192,253,16,254,0,254,123,123,4,123,0,0,4,4,1,4,4,4,1,4,200,200,200,200,255,255,255,255,255,255,255,0,0,1,32,1,0,0,1,0,0,0,0,0,0,0,94,0,0,0,114,54,56,48,32,14,12,0,0,0,0,0,0,0,0,8,8,0,8,7,0,0,2,70,0,255,255,0,59,0,0,0,0,0,0,12,0,0,0,0,255,255,1,0,0,96,7,0,3,132,215,254,214,244,0,99,165,0,15,0,255,26,175,144,24,170,132,0,12,6,50,134,234,253,71,253,115,253,178,253,16,254,0,254,121,121,6,121,0,0,4,4,1,4,4,4,1,4,200,200,200,200,255,255,255,255,255,255,255,0,0,1,32,1,0,0,1,0,0,0,0,0,0,0,94,0,0,0,113,54,88,48,32,10,4,0,0,0,0,0,0,0,0,10,10,2,10,7,2,0,1,73,0,255,255,0,58,0,0,0,0,0,0,12,0,0,0,0,255,255,1,0,0,96,7,0,3,132,215,254,214,244
2026-08-07_10-37-20,1,396,0,0.0,0,120.0,1,1,0,99,165,0,15,0,255,26,175,144,24,170,132,0,12,6,50,134,234,253,71,253,115,253,178,253,16,254,0,254,121,121,6,121,0,0,4,4,1,4,4,4,1,4,200,200,200,200,255,255,255,255,255,255,255,0,0,1,32,1,0,0,1,0,0,0,0,0,0,0,94,0,0,0,113,54,88,48,32,10,4,0,0,0,0,0,0,0,0,10,10,2,10,7,2,0,1,73,0,255,255,0,58,0,0,0,0,0,0,12,0,0,0,0,255,255,1,0,0,96,7,0,3,132,215,254,214,244,0,103,165,0,15,0,255,26,175,144,24,170,132,0,12,6,50,134,233,253,71,253,115,253,164,253,16,254,0,254,120,120,7,120,0,0,4,4,1,4,4,4,1,4,200,200,200,200,255,255,255,255,255,255,255,0,0,1,32,1,0,0,1,0,0,0,0,0,0,0,94,0,0,0,112,54,104,48,32,6,12,0,0,0,0,0,0,0,0,10,10,2,10,6,2,0,0,73,0,255,255,0,58,0,0,0,0,0,0,12,0,0,0,0,255,255,1,0,0,96,7,0,3,132,215,254,214,244
2026-08-07_10-37-20,1,397,0,0.0,0,120.0,1,1,0,103,165,0,15,0,255,26,175,144,24,170,132,0,12,6,50,134,233,253,71,253,115,253,164,253,16,254,0,254,120,120,7,120,0,0,4,4,1,4,4,4,1,4,200,200,200,200,255,255,255,255,255,255,255,0,0,1,32,1,0,0,1,0,0,0,0,0,0,0,94,0,0,0,112,54,104,48,32,6,12,0,0,0,0,0,0,0,0,10,10,2,10,6,2,0,0,73,0,255,255,0,58,0,0,0,0,0,0,12,0,0,0,0,255,255,1,0,0,96,7,0,3,132,215,254,214,244,0,107,44,0,15,0,255,26,175,144,24,170,132,0,12,6,50,134,232,253,56,253,100,253,192,253,16,254,0,254,118,118,9,118,0,0,4,4,1,4,4,4,1,4,200,200,200,200,255,255,255,255,255,255,255,0,0,1,32,1,0,0,1,0,0,0,0,0,0,0,94,0,0,0,111,54,151,48,32,2,4,0,0,0,0,0,0,0,0,9,9,1,9,5,1,0,2,73,0,255,255,0,58,0,0,0,0,0,0,12,0,0,0,0,255,255,1,0,0,96,7,0,3,132,215,254,214,244
2026-08-07_10-37-20,1,398,0,0.0,0,120.0,1,1,0,107,44,0,15,0,255,26,175,144,24,170,132,0,12,6,50,134,232,253,56,253,100,253,192,253,16,254,0,254,118,118,9,118,0,0,4,4,1,4,4,4,1,4,200,200,200,200,255,255,255,255,255,255,255,0,0,1,32,1,0,0,1,0,0,0,0,0,0,0,94,0,0,0,111,54,151,48,32,2,4,0,0,0,0,0,0,0,0,9,9,1,9,5,1,0,2,73,0,255,255,0,58,0,0,0,0,0,0,12,0,0,0,0,255,255,1,0,0,96,7,0,3,132,215,254,214,244,0,111,44,0,13,0,255,26,175,144,24,170,132,0,12,6,50,134,231,253,56,253,100,253,178,253,16,254,0,254,117,117,10,117,0,0,4,4,1,4,4,4,1,4,200,200,200,200,255,255,255,255,255,255,255,0,0,1,32,1,0,0,1,0,0,0,0,0,0,0,94,0,0,0,111,54,167,48,32,14,12,0,0,0,0,0,0,0,0,9,9,1,9,4,1,0,1,74,0,255,255,0,58,112,0,0,0,0,0,16,0,0,0,0,255,255,1,0,0,96,7,0,3,132,215,254,214,244
2026-08-07_10-37-20,1,399,13,0.0,0,120.0,1,1,0,111,44,0,13,0,255,26,175,144,24,170,132,0,12,6,50,134,231,253,56,253,100,253,178,253,16,254,0,254,117,117,10,117,0,0,4,4,1,4,4,4,1,4,200,200,200,200,255,255,255,255,255,255,255,0,0,1,32,1,0,0,1,0,0,0,0,0,0,0,94,0,0,0,111,54,167,48,32,14,12,0,0,0,0,0,0,0,0,9,9,1,9,4,1,0,1,74,0,255,255,0,58,112,0,0,0,0,0,16,0,0,0,0,255,255,1,0,0,96,7,0,3,132,215,254,214,244,0,115,98,0,13,0,255,26,175,144,24,170,132,0,12,6,50,134,215,253,41,253,86,253,164,253,16,254,0,254,115,115,12,115,0,0,4,4,1,4,4,4,1,4,200,200,200,200,255,255,255,255,255,255,255,0,0,1,32,1,0,0,1,0,0,0,0,0,0,0,94,0,0,0,110,54,199,48,32,10,4,0,0,0,0,0,0,0,0,8,8,0,8,3,0,0,0,78,0,255,255,0,58,132,0,0,0,0,0,15,0,0,0,0,255,255,1,0,0,96,7,0,3,132,215,254,214,244
2026-08-07_10-37-20,1,400,13,0.0,0,120.0,1,1,0,115,98,0,13,0,255,26,175,144,24,170,132,0,12,6,50,134,215,253,41,253,86,253,164,253,16,254,0,254,115,115,12,115,0,0,4,4,1,4,4,4,1,4,200,200,200,200,255,255,255,255,255,255,255,0,0,1,32,1,0,0,1,0,0,0,0,0,0,0,94,0,0,0,110,54,199,48,32,10,4,0,0,0,0,0,0,0,0,8,8,0,8,3,0,0,0,78,0,255,255,0,58,132,0,0,0,0,0,15,0,0,0,0,255,255,1,0,0,96,7,0,3,132,215,254,214,244,0,119,98,0,13,0,255,26,175,144,24,170,132,0,12,6,50,134,214,253,41,253,86,253,192,253,16,254,0,254,114,114,13,114,0,0,4,4,1,4,4,4,1,4,200,200,200,200,255,255,255,255,255,255,255,0,0,1,32,1,0,0,1,0,0,0,0,0,0,0,94,0,0,0,109,54,215,48,32,6,12,0,0,0,0,0,0,0,0,8,8,0,8,2,0,0,2,82,0,255,255,0,58,152,0,0,0,0,0,14,0,0,0,0,255,255,1,0,0,96,7,0,3,132,215,254,214,244
2026-08-07_10-37-20,1,401,0,0.0,0,120.0,1,1,0,119,98,0,13,0,255,26,175,144,24,170,132,0,12,6,50,134,214,253,41,253,86,253,192,253,16,254,0,254,114,114,13,114,0,0,4,4,1,4,4,4,1,4,200,200,200,200,255,255,255,255,255,255,255,0,0,1,32,1,0,0,1,0,0,0,0,0,0,0,94,0,0,0,109,54,215,48,32,6,12,0,0,0,0,0,0,0,0,8,8,0,8,2,0,0,2,82,0,255,255,0,58,152,0,0,0,0,0,14,0,0,0,0,255,255,1,0,0,96,7,0,3,132,215,254,214,244,0,123,19,0,15,0,255,26,175,144,24,170,132,0,12,6,50,134,228,253,71,253,115,253,178,253,16,254,0,254,112,112,15,112,0,0,4,4,1,4,4,4,1,4,200,200,200,200,255,255,255,255,255,255,255,0,0,1,32,1,0,0,1,0,0,0,0,0,0,0,94,0,0,0,108,54,247,48,32,2,4,0,0,0,0,0,0,0,0,10,10,2,10,1,2,0,1,83,0,255,255,0,58,0,0,0,0,0,0,13,0,0,0,0,255,255,1,0,0,96,7,0,3,132,215,254,214,244
2026-08-07_10-37-20,1,402,0,0.0,0,120.0,1,1,0,123,19,0,15,0,255,26,175,144,24,170,132,0,12,6,50,134,228,253,71,253,115,253,178,253,16,254,0,254,112,112,15,112,0,0,4,4,1,4,4,4,1,4,200,200,200,200,255,255,255,255,255,255,255,0,0,1,32,1,0,0,1,0,0,0,0,0,0,0,94,0,0,0,108,54,247,48,32,2,4,0,0,0,0,0,0,0,0,10,10,2,10,1,2,0,1,83,0,255,255,0,58,0,0,0,0,0,0,13,0,0,0,0,255,255,1,0,0,96,7,0,3,132,215,254,214,244,0,127,19,0,15,0,255,26,175,144,24,170,132,0,12,6,50,134,227,253,71,253,115,253,164,253,16,254,0,254,111,111,16,111,0,0,4,4,1,4,4,4,1,4,200,200,200,200,255,255,255,3,255,255,255,0,0,1,32,1,0,0,1,0,0,0,0,0,0,0,94,0,0,0,108,54,7,48,32,14,12,0,0,0,0,0,0,0,0,10,10,2,25,0,2,0,0,83,0,255,255,0,58,0,0,0,0,0,0,13,0,0,0,0,255,255,1,0,0,96,7,0,3,132,215,254,214,244
2026-08-07_10-37-20,1,403,0,0.0,0,120.0,1,1,0,127,19,0,15,0,255,26,175,144,24,170,132,0,12,6,50,134,227,253,71,253,115,253,164,253,16,254,0,254,111,111,16,111,0,0,4,4,1,4,4,4,1,4,200,200,200,200,255,255,255,3,255,255,255,0,0,1,32,1,0,0,1,0,0,0,0,0,0,0,94,0,0,0,108,54,7,48,32,14,12,0,0,0,0,0,0,0,0,10,10,2,25,0,2,0,0,83,0,255,255,0,58,0,0,0,0,0,0,13,0,0,0,0,255,255,1,0,0,96,7,0,3,132,215,254,214,244,0,131,156,0,15,0,255,26,175,144,24,170,132,0,12,6,50,134,227,253,56,253,100,253,192,253,16,254,0,254,109,109,18,109,0,0,4,4,1,4,4,4,1,4,200,200,200,200,255,255,255,3,255,255,255,0,0,1,32,1,0,0,1,0,0,0,0,0,0,0,94,0,0,0,106,54,39,48,32,10,4,0,0,0,0,0,0,0,0,9,9,1,25,0,1,0,2,83,0,255,255,0,57,0,0,0,0,0,0,13,0,0,0,0,255,255,1,0,0,96,7,0,3,132,215,254,214,244
2026-08-07_10-37-20,1,404,0,0.0,0,120.0,1,1,0,131,156,0,15,0,255,26,175,144,24,170,132,0,12,6,50,134,227,253,56,253,100,253,192,253,16,254,0,254,109,109,18,109,0,0,4,4,1,4,4,4,1,4,200,200,200,200,255,255,255,3,255,255,255,0,0,1,32,1,0,0,1,0,0,0,0,0,0,0,94,0,0,0,106,54,39,48,32,10,4,0,0,0,0,0,0,0,0,9,9,1,25,0,1,0,2,83,0,255,255,0,57,0,0,0,0,0,0,13,0,0,0,0,255,255,1,0,0,96,7,0,3,132,215,254,214,244,0,135,156,0,15,0,255,26,175,144,24,170,132,0,12,6,50,134,228,253,56,253,100,253,178,253,16,254,0,254,108,108,19,108,0,0,4,4,1,4,4,4,1,4,200,200,200,200,255,255,255,3,255,255,255,0,0,1,32,1,0,0,1,0,0,0,0,0,0,0,94,0,0,0,105,54,55,48,32,6,12,0,0,0,0,0,0,0,0,9,9,1,25,1,1,0,1,83,0,255,255,0,57,0,0,0,0,0,0,13,0,0,0,0,255,255,1,0,0,96,7,0,3,132,215,254,214,244
2026-08-07_10-37-20,1,405,0,0.0,0,120.0,1,1,0,135,156,0,15,0,255,26,175,144,24,170,132,0,12,6,50,134,228,253,56,253,100,253,178,253,16,254,0,254,108,108,19,108,0,0,4,4,1,4,4,4,1,4,200,200,200,200,255,255,255,3,255,255,255,0,0,1,32,1,0,0,1,0,0,0,0,0,0,0,94,0,0,0,105,54,55,48,32,6,12,0,0,0,0,0,0,0,0,9,9,1,25,1,1,0,1,83,0,255,255,0,57,0,0,0,0,0,0,13,0,0,0,0,255,255,1,0,0,96,7,0,3,132,215,254,214,244,0,139,227,0,15,0,255,26,175,144,24,170,132,0,12,6,50,134,214,253,41,253,86,253,164,253,16,254,0,254,106,106,21,106,0,0,4,4,1,4,4,4,1,4,200,200,200,200,255,255,255,3,255,255,255,0,0,1,32,1,0,0,1,0,0,0,0,0,0,0,94,0,0,0,103,54,87,48,32,2,4,0,0,0,0,0,0,0,0,8,8,0,25,2,0,0,0,83,0,255,255,0,57,0,0,0,0,0,0,13,0,0,0,0,255,255,1,0,0,96,7,0,3,132,215,254,214,244
2026-08-07_10-37-20,1,406,5,20.0,0,140.0,1,1,0,139,227,0,15,0,255,26,175,144,24,170,132,0,12,6,50,134,214,253,41,253,86,253,164,253,16,254,0,254,106,106,21,106,0,0,4,4,1,4,4,4,1,4,200,200,200,200,255,255,255,3,255,255,255,0,0,1,32,1,0,0,1,0,0,0,0,0,0,0,94,0,0,0,103,54,87,48,32,2,4,0,0,0,0,0,0,0,0,8,8,0,25,2,0,0,0,83,0,255,255,0,57,0,0,0,0,0,0,13,0,0,0,0,255,255,1,0,0,96,7,0,3,132,215,254,214,244,0,143,227,0,13,0,255,26,175,144,24,170,132,0,12,6,50,134,215,253,41,253,86,253,192,253,32,254,0,254,105,168,22,105,0,0,4,1,1,4,4,0,1,4,200,200,200,200,255,255,255,3,255,255,255,0,0,1,64,1,0,0,1,0,0,0,0,0,0,0,94,0,0,0,102,54,103,48,32,8,0,0,0,0,0,0,0,0,0,8,0,0,25,3,0,0,2,85,0,255,255,0,57,0,0,23,0,0,0,13,0,0,0,0,255,255,1,0,0,96,7,0,3,132,215,254,214,244
2026-08-07_10-37-20,1,407,13,0.0,0,140.0,1,1,0,143,227,0,13,0,255,26,175,144,24,170,132,0,12,6,50,134,215,253,41,253,86,253,192,253,32,254,0,254,105,168,22,105,0,0,4,1,1,4,4,0,1,4,200,200,200,200,255,255,255,3,255,255,255,0,0,1,64,1,0,0,1,0,0,0,0,0,0,0,94,0,0,0,102,54,103,48,32,8,0,0,0,0,0,0,0,0,0,8,0,0,25,3,0,0,2,85,0,255,255,0,57,0,0,23,0,0,0,13,0,0,0,0,255,255,1,0,0,96,7,0,3,132,215,254,214,244,0,147,31,0,13,0,255,26,175,144,24,170,132,0,12,6,50,134,231,253,71,253,115,253,178,253,32,254,0,254,105,168,22,105,0,0,4,1,1,4,4,0,1,4,200,200,200,200,255,255,255,3,255,255,255,0,0,1,64,1,0,0,1,0,0,0,0,0,0,0,94,0,0,0,102,54,103,48,32,8,0,0,0,0,0,0,0,0,0,10,2,2,25,4,2,0,1,85,0,255,255,0,57,0,0,22,0,0,0,13,0,0,0,0,255,255,1,0,0,96,7,0,3,132,215,254,214,244
2026-08-07_10-37-20,1,408,13,0.0,0,140.0,1,1,0,147,31,0,13,0,255,26,175,144,24,170,132,0,12,6,50,134,231,253,71,253,115,253,178,253,32,254,0,254,105,168,22,105,0,0,4,1,1,4,4,0,1,4,200,200,200,200,255,255,255,3,255,255,255,0,0,1,64,1,0,0,1,0,0,0,0,0,0,0,94,0,0,0,102,54,103,48,32,8,0,0,0,0,0,0,0,0,0,10,2,2,25,4,2,0,1,85,0,255,255,0,57,0,0,22,0,0,0,13,0,0,0,0,255,255,1,0,0,96,7,0,3,132,215,254,214,244,0,151,31,0,15,0,255,26,175,144,24,170,132,0,12,6,50,134,232,253,71,253,115,253,164,253,32,254,0,254,105,168,22,105,0,0,4,1,1,4,4,0,1,4,200,200,200,200,255,255,255,3,255,255,255,0,0,1,64,1,0,0,1,0,0,0,0,0,0,0,94,0,0,0,102,54,103,48,32,8,0,0,0,0,0,0,0,0,0,10,2,2,25,5,2,0,0,85,0,255,255,0,57,0,0,21,0,0,0,13,0,0,0,0,255,255,1,0,0,96,7,0,3,132,215,254,214,244
2026-08-07_10-37-20,1,409,1,0.0,0,140.0,1,1,0,151,31,0,15,0,255,26,175,144,24,170,132,0,12,6,50,134,232,253,71,253,115,253,164,253,32,254,0,254,105,168,22,105,0,0,4,1,1,4,4,0,1,4,200,200,200,200,255,255,255,3,255,255,255,0,0,1,64,1,0,0,1,0,0,0,0,0,0,0,94,0,0,0,102,54,103,48,32,8,0,0,0,0,0,0,0,0,0,10,2,2,25,5,2,0,0,85,0,255,255,0,57,0,0,21,0,0,0,13,0,0,0,0,255,255,1,0,0,96,7,0,3,132,215,254,214,244,0,155,255,0,15,0,255,26,175,144,24,170,132,0,12,6,50,134,233,253,56,253,100,253,192,253,32,254,0,254,105,168,22,105,0,0,4,1,1,4,4,0,1,4,200,200,200,200,255,255,255,3,255,255,255,0,0,1,64,1,0,0,1,0,0,0,0,0,0,0,94,0,0,0,102,54,103,48,32,8,0,0,0,0,0,0,0,0,0,9,1,1,25,6,1,0,2,85,0,255,255,0,57,0,0,20,0,0,0,13,0,0,0,0,255,255,1,0,0,96,7,0,3,132,215,254,214,244
2026-08-07_10-37-20,1,410,0,0.0,0,140.0,1,1,0,155,255,0,15,0,255,26,175,144,24,170,132,0,12,6,50,134,233,253,56,253,100,253,192,253,32,254,0,254,105,168,22,105,0,0,4,1,1,4,4,0,1,4,200,200,200,200,255,255,255,3,255,255,255,0,0,1,64,1,0,0,1,0,0,0,0,0,0,0,94,0,0,0,102,54,103,48,32,8,0,0,0,0,0,0,0,0,0,9,1,1,25,6,1,0,2,85,0,255,255,0,57,0,0,20,0,0,0,13,0,0,0,0,255,255,1,0,0,96,7,0,3,132,215,254,214,244,0,159,255,0,15,0,255,26,175,144,24,170,132,0,12,6,50,134,234,253,56,253,100,253,178,253,32,254,0,254,105,168,22,105,0,0,4,1,1,4,4,0,1,4,200,200,200,200,255,255,255,3,255,255,255,0,0,1,64,1,0,0,1,0,0,0,0,0,0,0,94,0,0,0,102,54,103,48,32,8,0,0,0,0,0,0,0,0,0,9,1,1,25,7,1,0,1,85,0,255,255,0,57,0,0,19,0,0,0,13,0,0,0,0,255,255,1,0,0,96,7,0,3,132,215,254,214,244
2026-08-07_10-37-20,1,411,0,0.0,0,140.0,1,1,0,159,255,0,15,0,255,26,175,144,24,170,132,0,12,6,50,134,234,253,56,253,100,253,178,253,32,254,0,254,105,168,22,105,0,0,4,1,1,4,4,0,1,4,200,200,200,200,255,255,255,3,255,255,255,0,0,1,64,1,0,0,1,0,0,0,0,0,0,0,94,0,0,0,102,54,103,48,32,8,0,0,0,0,0,0,0,0,0,9,1,1,25,7,1,0,1,85,0,255,255,0,57,0,0,19,0,0,0,13,0,0,0,0,255,255,1,0,0,96,7,0,3,132,215,254,214,244,0,163,248,0,15,0,255,26,175,144,24,170,132,0,12,6,50,134,219,253,41,253,86,253,164,253,32,254,0,254,105,168,22,105,0,0,4,1,1,4,4,0,1,4,200,200,200,200,255,255,255,3,255,255,255,0,0,1,64,1,0,0,1,0,0,0,0,0,0,0,94,0,0,0,102,54,103,48,32,8,0,0,0,0,0,0,0,0,0,8,0,0,25,7,0,0,0,85,0,255,255,0,57,0,0,18,0,0,0,13,0,0,0,0,255,255,1,0,0,96,7,0,3,132,215,254,214,244
2026-08-07_10-37-20,1,412,0,0.0,0,140.0,1,1,0,163,248,0,15,0,255,26,175,144,24,170,132,0,12,6,50,134,219,253,41,253,86,253,164,253,32,254,0,254,105,168,22,105,0,0,4,1,1,4,4,0,1,4,200,200,200,200,255,255,255,3,255,255,255,0,0,1,64,1,0,0,1,0,0,0,0,0,0,0,94,0,0,0,102,54,103,48,32,8,0,0,0,0,0,0,0,0,0,8,0,0,25,7,0,0,0,85,0,255,255,0,57,0,0,18,0,0,0,13,0,0,0,0,255,255,1,0,0,96,7,0,3,132,215,254,214,244,0,167,248,0,15,0,255,26,175,144,24,170,132,0,12,6,50,134,218,253,41,253,86,253,192,253,32,254,0,254,105,168,22,105,0,0,4,1,1,4,4,0,1,4,200,200,200,200,255,255,255,3,255,255,255,0,0,1,64,1,0,0,1,0,0,0,0,0,0,0,94,0,0,0,102,54,103,48,32,8,0,0,0,0,0,0,0,0,0,8,0,0,25,6,0,0,2,85,0,255,255,0,57,0,0,17,0,0,0,13,0,0,0,0,255,255,1,0,0,96,7,0,3,132,215,254,214,244
2026-08-07_10-37-20,1,413,0,0.0,0,140.0,1,1,0,167,248,0,15,0,255,26,175,144,24,170,132,0,12,6,50,134,218,253,41,253,86,253,192,253,32,254,0,254,105,168,22,105,0,0,4,1,1,4,4,0,1,4,200,200,200,200,255,255,255,3,255,255,255,0,0,1,64,1,0,0,1,0,0,0,0,0,0,0,94,0,0,0,102,54,103,48,32,8,0,0,0,0,0,0,0,0,0,8,0,0,25,6,0,0,2,85,0,255,255,0,57,0,0,17,0,0,0,13,0,0,0,0,255,255,1,0,0,96,7,0,3,132,215,254,214,244,0,171,193,0,15,0,255,26,175,144,24,170,132,0,12,6,50,134,232,253,71,253,115,253,178,253,32,254,0,254,105,168,22,105,0,0,4,1,1,4,4,0,1,4,200,200,200,200,255,255,255,3,255,255,255,0,0,1,64,1,0,0,1,0,0,0,0,0,0,0,94,0,0,0,102,54,103,48,32,8,0,0,0,0,0,0,0,0,0,10,2,2,25,5,2,0,1,85,0,255,255,0,57,0,0,16,0,0,0,13,0,0,0,0,255,255,1,0,0,96,7,0,3,132,215,254,214,244
2026-08-07_10-37-20,1,414,0,0.0,0,140.0,1,1,0,171,193,0,15,0,255,26,175,144,24,170,132,0,12,6,50,134,232,253,71,253,115,253,178,253,32,254,0,254,105,168,22,105,0,0,4,1,1,4,4,0,1,4,200,200,200,200,255,255,255,3,255,255,255,0,0,1,64,1,0,0,1,0,0,0,0,0,0,0,94,0,0,0,102,54,103,48,32,8,0,0,0,0,0,0,0,0,0,10,2,2,25,5,2,0,1,85,0,255,255,0,57,0,0,16,0,0,0,13,0,0,0,0,255,255,1,0,0,96,7,0,3,132,215,254,214,244,0,175,193,0,15,0,255,26,175,144,24,170,132,0,12,6,50,134,231,253,71,253,115,253,164,253,32,254,0,254,105,168,22,105,0,0,4,1,1,4,4,0,1,4,200,200,200,200,255,255,255,3,255,255,255,0,0,1,64,1,0,0,1,0,0,0,0,0,0,0,94,0,0,0,102,54,103,48,32,8,0,0,0,0,0,0,0,0,0,10,2,2,25,4,2,0,0,85,0,255,255,0,57,0,0,15,0,0,0,13,0,0,0,0,255,255,1,0,0,96,7,0,3,132,215,254,214,244
2026-08-07_10-37-20,1,415,0,0.0,0,140.0,1,1,0,175,193,0,15,0,255,26,175,144,24,170,132,0,12,6,50,134,231,253,71,253,115,253,164,253,32,254,0,254,105,168,22,105,0,0,4,1,1,4,4,0,1,4,200,200,200,200,255,255,255,3,255,255,255,0,0,1,64,1,0,0,1,0,0,0,0,0,0,0,94,0,0,0,102,54,103,48,32,8,0,0,0,0,0,0,0,0,0,10,2,2,25,4,2,0,0,85,0,255,255,0,57,0,0,15,0,0,0,13,0,0,0,0,255,255,1,0,0,96,7,0,3,132,215,254,214,244,0,179,14,0,15,0,255,26,175,144,24,170,132,0,12,6,50,134,230,253,56,253,100,253,130,253,32,254,0,254,105,168,22,105,0,0,4,1,1,4,4,0,1,4,200,200,200,200,255,255,255,3,255,255,255,0,0,1,64,1,0,0,1,0,0,0,0,0,0,0,94,0,0,0,102,54,103,48,32,8,0,0,0,0,0,0,0,0,0,9,1,1,25,3,1,0,2,85,0,255,255,0,0,0,0,14,0,0,0,13,0,0,0,0,255,255,1,0,0,96,7,0,3,132,215,254,214,244
2026-08-07_10-37-20,1,416,0,0.0,0,140.0,1,1,0,179,14,0,15,0,255,26,175,144,24,170,132,0,12,6,50,134,230,253,56,253,100,253,130,253,32,254,0,254,105,168,22,105,0,0,4,1,1,4,4,0,1,4,200,200,200,200,255,255,255,3,255,255,255,0,0,1,64,1,0,0,1,0,0,0,0,0,0,0,94,0,0,0,102,54,103,48,32,8,0,0,0,0,0,0,0,0,0,9,1,1,25,3,1,0,2,85,0,255,255,0,0,0,0,14,0,0,0,13,0,0,0,0,255,255,1,0,0,96,7,0,3,132,215,254,214,244,0,183,14,0,15,0,255,26,175,144,24,170,132,0,12,6,50,134,229,253,56,253,100,253,130,253,32,254,0,254,105,168,22,105,0,0,4,1,1,4,4,0,1,4,200,200,200,200,255,255,255,3,255,255,255,0,0,1,64,1,0,0,1,0,0,0,0,0,0,0,94,0,0,0,102,54,103,48,32,8,0,0,0,0,0,0,0,0,0,9,1,1,25,2,1,0,1,85,0,255,255,0,0,0,0,13,0,0,0,13,0,0,0,0,255,255,1,0,0,96,7,0,3,132,215,254,214,244
2026-08-07_10-37-20,1,417,0,0.0,0,140.0,1,1,0,183,14,0,15,0,255,26,175,144,24,170,132,0,12,6,50,134,229,253,56,253,100,253,130,253,32,254,0,254,105,168,22,105,0,0,4,1,1,4,4,0,1,4,200,200,200,200,255,255,255,3,255,255,255,0,0,1,64,1,0,0,1,0,0,0,0,0,0,0,94,0,0,0,102,54,103,48,32,8,0,0,0,0,0,0,0,0,0,9,1,1,25,2,1,0,1,85,0,255,255,0,0,0,0,13,0,0,0,13,0,0,0,0,255,255,1,0,0,96,7,0,3,132,215,254,214,244,0,187,115,0,15,0,255,26,175,144,24,170,132,0,12,6,50,134,213,253,41,253,86,253,141,253,32,254,0,254,105,168,22,105,0,0,4,1,1,4,4,0,1,4,200,200,200,200,255,255,255,3,255,255,255,0,0,1,64,1,0,0,1,0,0,0,0,0,0,0,94,0,0,0,102,54,103,48,32,8,0,0,0,0,0,0,0,0,0,8,0,0,25,1,0,0,0,85,0,255,255,0,0,0,0,12,0,0,0,13,0,0,0,0,255,255,1,0,0,96,7,0,3,132,215,254,214,244
2026-08-07_10-37-20,1,418,0,0.0,0,140.0,1,1,0,187,115,0,15,0,255,26,175,144,24,170,132,0,12,6,50,134,213,253,41,253,86,253,141,253,32,254,0,254,105,168,22,105,0,0,4,1,1,4,4,0,1,4,200,200,200,200,255,255,255,3,255,255,255,0,0,1,64,1,0,0,1,0,0,0,0,0,0,0,94,0,0,0,102,54,103,48,32,8,0,0,0,0,0,0,0,0,0,8,0,0,25,1,0,0,0,85,0,255,255,0,0,0,0,12,0,0,0,13,0,0,0,0,255,255,1,0,0,96,7,0,3,132,215,254,214,244,0,191,115,0,15,0,255,26,175,144,24,170,132,0,12,6,50,134,212,253,41,253,86,253,141,253,32,254,0,254,105,168,22,105,0,0,4,1,1,4,4,0,1,4,200,200,200,200,255,255,255,3,255,255,255,0,0,1,64,1,0,0,1,0,0,0,0,0,0,0,94,0,0,0,102,54,103,48,32,8,0,0,0,0,0,0,0,0,0,8,0,0,25,0,0,0,2,85,0,255,255,0,0,0,0,11,0,0,0,13,0,0,0,0,255,255,1,0,0,96,7,0,3,132,215,254,214,244
2026-08-07_10-37-20,1,419,0,0.0,0,140.0,1,1,0,191,115,0,15,0,255,26,175,144,24,170,132,0,12,6,50,134,212,253,41,253,86,253,141,253,32,254,0,254,105,168,22,105,0,0,4,1,1,4,4,0,1,4,200,200,200,200,255,255,255,3,255,255,255,0,0,1,64,1,0,0,1,0,0,0,0,0,0,0,94,0,0,0,102,54,103,48,32,8,0,0,0,0,0,0,0,0,0,8,0,0,25,0,0,0,2,85,0,255,255,0,0,0,0,11,0,0,0,13,0,0,0,0,255,255,1,0,0,96,7,0,3,132,215,254,214,244,0,195,159,0,15,0,255,26,175,144,24,170,132,0,12,6,50,134,227,253,71,253,115,253,153,253,32,254,0,254,105,168,22,105,0,0,4,1,1,4,4,0,1,4,200,200,200,200,255,255,255,3,255,255,255,0,0,1,64,1,0,0,1,0,0,0,0,0,0,0,94,0,0,0,102,54,103,48,32,8,0,0,0,0,0,0,0,0,0,10,2,2,25,0,2,0,1,85,0,255,255,0,0,0,0,10,0,0,0,13,0,0,0,0,255,255,1,0,0,96,7,0,3,132,215,254,214,244
2026-08-07_10-37-20,1,420,0,0.0,0,140.0,1,1,0,195,159,0,15,0,255,26,175,144,24,170,132,0,12,6,50,134,227,253,71,253,115,253,153,253,32,254,0,254,105,168,22,105,0,0,4,1,1,4,4,0,1,4,200,200,200,200,255,255,255,3,255,255,255,0,0,1,64,1,0,0,1,0,0,0,0,0,0,0,94,0,0,0,102,54,103,48,32,8,0,0,0,0,0,0,0,0,0,10,2,2,25,0,2,0,1,85,0,255,255,0,0,0,0,10,0,0,0,13,0,0,0,0,255,255,1,0,0,96,7,0,3,132,215,254,214,244,0,199,159,0,15,0,255,26,175,144,24,170,132,0,12,6,50,134,228,253,71,253,115,253,153,253,32,254,0,254,105,168,22,105,0,0,4,1,1,4,4,0,1,4,200,200,200,200,255,255,255,3,255,255,255,0,0,1,64,1,0,0,1,0,0,0,0,0,0,0,94,0,0,0,102,54,103,48,32,8,0,0,0,0,0,0,0,0,0,10,2,2,25,1,2,0,0,85,0,255,255,0,0,0,0,9,0,0,0,13,0,0,0,0,255,255,1,0,0,96,7,0,3,132,215,254,214,244
2026-08-07_10-37-20,1,421,0,0.0,0,140.0,1,1,0,199,159,0,15,0,255,26,175,144,24,170,132,0,12,6,50,134,228,253,71,253,115,253,153,253,32,254,0,254,105,168,22,105,0,0,4,1,1,4,4,0,1,4,200,200,200,200,255,255,255,3,255,255,255,0,0,1,64,1,0,0,1,0,0,0,0,0,0,0,94,0,0,0,102,54,103,48,32,8,0,0,0,0,0,0,0,0,0,10,2,2,25,1,2,0,0,85,0,255,255,0,0,0,0,9,0,0,0,13,0,0,0,0,255,255,1,0,0,96,7,0,3,132,215,254,214,244,0,203,251,0,15,0,255,26,175,144,24,170,132,0,12,6,50,134,229,253,56,253,100,253,153,253,32,254,0,254,105,168,22,105,0,0,4,1,1,4,4,0,1,4,200,200,200,200,255,255,255,3,255,255,255,0,0,1,64,1,0,0,1,0,0,0,0,0,0,0,94,0,0,0,102,54,103,48,32,8,0,0,0,0,0,0,0,0,0,9,1,1,25,2,1,0,2,85,0,255,255,0,0,0,0,8,0,0,0,13,0,0,0,0,255,255,1,0,0,96,7,0,3,132,215,254,214,244
2026-08-07_10-37-20,1,422,0,0.0,0,140.0,1,1,0,203,251,0,15,0,255,26,175,144,24,170,132,0,12,6,50,134,229,253,56,253,100,253,153,253,32,254,0,254,105,168,22,105,0,0,4,1,1,4,4,0,1,4,200,200,200,200,255,255,255,3,255,255,255,0,0,1,64,1,0,0,1,0,0,0,0,0,0,0,94,0,0,0,102,54,103,48,32,8,0,0,0,0,0,0,0,0,0,9,1,1,25,2,1,0,2,85,0,255,255,0,0,0,0,8,0,0,0,13,0,0,0,0,255,255,1,0,0,96,7,0,3,132,215,254,214,244,0,207,251,0,15,0,255,26,175,144,24,170,132,0,12,6,50,134,230,253,56,253,100,253,153,253,32,254,0,254,105,168,22,105,0,0,4,1,1,4,4,0,1,4,200,200,200,200,255,255,255,3,255,255,255,0,0,1,64,1,0,0,1,0,0,0,0,0,0,0,94,0,0,0,102,54,103,48,32,8,0,0,0,0,0,0,0,0,0,9,1,1,25,3,1,0,1,85,0,255,255,0,0,0,0,7,0,0,0,13,0,0,0,0,255,255,1,0,0,96,7,0,3,132,215,254,214,244
2026-08-07_10-37-20,1,423,0,0.0,0,140.0,1,1,0,207,251,0,15,0,255,26,175,144,24,170,132,0,12,6,50,134,230,253,56,253,100,253,153,253,32,254,0,254,105,168,22,105,0,0,4,1,1,4,4,0,1,4,200,200,200,200,255,255,255,3,255,255,255,0,0,1,64,1,0,0,1,0,0,0,0,0,0,0,94,0,0,0,102,54,103,48,32,8,0,0,0,0,0,0,0,0,0,9,1,1,25,3,1,0,1,85,0,255,255,0,0,0,0,7,0,0,0,13,0,0,0,0,255,255,1,0,0,96,7,0,3,132,215,254,214,244,0,211,217,0,15,0,255,26,175,144,24,170,132,0,12,6,50,134,216,253,41,253,86,253,153,253,32,254,0,254,105,168,22,105,0,0,4,1,1,4,4,0,1,4,200,200,200,200,255,255,255,3,255,255,255,0,0,1,64,1,0,0,1,0,0,0,0,0,0,0,94,0,0,0,102,54,103,48,32,8,0,0,0,0,0,0,0,0,0,8,0,0,25,4,0,0,0,85,0,255,255,0,0,0,0,6,0,0,0,13,0,0,0,0,255,255,1,0,0,96,7,0,3,132,215,254,214,244
2026-08-07_10-37-20,1,424,0,0.0,0,140.0,1,1,0,211,217,0,15,0,255,26,175,144,24,170,132,0,12,6,50,134,216,253,41,253,86,253,153,253,32,254,0,254,105,168,22,105,0,0,4,1,1,4,4,0,1,4,200,200,200,200,255,255,255,3,255,255,255,0,0,1,64,1,0,0,1,0,0,0,0,0,0,0,94,0,0,0,102,54,103,48,32,8,0,0,0,0,0,0,0,0,0,8,0,0,25,4,0,0,0,85,0,255,255,0,0,0,0,6,0,0,0,13,0,0,0,0,255,255,1,0,0,96,7,0,3,132,215,254,214,244,0,215,217,0,15,0,255,26,175,144,24,170,132,0,12,6,50,134,217,253,41,253,86,253,153,253,32,254,0,254,105,168,22,105,0,0,4,1,1,4,4,0,1,4,200,200,200,200,255,255,255,3,255,255,255,0,0,1,64,1,0,0,1,0,0,0,0,0,0,0,94,0,0,0,102,54,103,48,32,8,0,0,0,0,0,0,0,0,0,8,0,0,25,5,0,0,2,85,0,255,255,0,0,0,0,5,0,0,0,13,0,0,0,0,255,255,1,0,0,96,7,0,3,132,215,254,214,244
2026-08-07_10-37-20,1,425,0,0.0,0,140.0,1,1,0,215,217,0,15,0,255,26,175,144,24,170,132,0,12,6,50,134,217,253,41,253,86,253,153,253,32,254,0,254,105,168,22,105,0,0,4,1,1,4,4,0,1,4,200,200,200,200,255,255,255,3,255,255,255,0,0,1,64,1,0,0,1,0,0,0,0,0,0,0,94,0,0,0,102,54,103,48,32,8,0,0,0,0,0,0,0,0,0,8,0,0,25,5,0,0,2,85,0,255,255,0,0,0,0,5,0,0,0,13,0,0,0,0,255,255,1,0,0,96,7,0,3,132,215,254,214,244,0,219,200,0,15,0,255,26,175,144,24,170,132,0,12,6,50,134,233,253,71,253,115,253,153,253,32,254,0,254,105,168,22,105,0,0,4,1,1,4,4,0,1,4,200,200,200,200,255,255,255,3,255,255,255,0,0,1,64,1,0,0,1,0,0,0,0,0,0,0,94,0,0,0,102,54,103,48,32,8,0,0,0,0,0,0,0,0,0,10,2,2,25,6,2,0,1,85,0,255,255,0,0,0,0,4,0,0,0,13,0,0,0,0,255,255,1,0,0,96,7,0,3,132,215,254,214,244
2026-08-07_10-37-20,1,426,0,0.0,0,140.0,1,1,0,219,200,0,15,0,255,26,175,144,24,170,132,0,12,6,50,134,233,253,71,253,115,253,153,253,32,254,0,254,105,168,22,105,0,0,4,1,1,4,4,0,1,4,200,200,200,200,255,255,255,3,255,255,255,0,0,1,64,1,0,0,1,0,0,0,0,0,0,0,94,0,0,0,102,54,103,48,32,8,0,0,0,0,0,0,0,0,0,10,2,2,25,6,2,0,1,85,0,255,255,0,0,0,0,4,0,0,0,13,0,0,0,0,255,255,1,0,0,96,7,0,3,132,215,254,214,244,0,223,200,0,15,0,255,26,175,144,24,170,132,0,12,6,50,134,234,253,71,253,115,253,153,253,32,254,0,254,105,168,22,105,0,0,4,1,1,4,4,0,1,4,200,200,200,200,255,255,255,3,255,255,255,0,0,1,64,1,0,0,1,0,0,0,0,0,0,0,94,0,0,0,102,54,103,48,32,8,0,0,0,0,0,0,0,0,0,10,2,2,25,7,2,0,0,85,0,255,255,0,0,0,0,3,0,0,0,13,0,0,0,0,255,255,1,0,0,96,7,0,3,132,215,254,214,244
2026-08-07_10-37-20,1,427,0,0.0,0,140.0,1,1,0,223,200,0,15,0,255,26,175,144,24,170,132,0,12,6,50,134,234,253,71,253,115,253,153,253,32,254,0,254,105,168,22,105,0,0,4,1,1,4,4,0,1,4,200,200,200,200,255,255,255,3,255,255,255,0,0,1,64,1,0,0,1,0,0,0,0,0,0,0,94,0,0,0,102,54,103,48,32,8,0,0,0,0,0,0,0,0,0,10,2,2,25,7,2,0,0,85,0,255,255,0,0,0,0,3,0,0,0,13,0,0,0,0,255,255,1,0,0,96,7,0,3,132,215,254,214,244,0,227,68,0,15,0,255,26,175,144,24,170,132,0,12,6,50,134,234,253,56,253,100,253,153,253,32,254,0,254,105,168,22,105,0,0,4,1,1,4,4,0,1,4,200,200,200,200,255,255,255,3,255,255,255,0,0,1,64,1,0,0,1,0,0,0,0,0,0,0,94,0,0,0,102,54,103,48,32,8,0,0,0,0,0,0,0,0,0,9,1,1,25,7,1,0,2,85,0,255,255,0,0,0,0,2,0,0,0,13,0,0,0,0,255,255,1,0,0,96,7,0,3,132,215,254,214,244
2026-08-07_10-37-20,1,428,0,0.0,0,140.0,1,1,0,227,68,0,15,0,255,26,175,144,24,170,132,0,12,6,50,134,234,253,56,253,100,253,153,253,32,254,0,254,105,168,22,105,0,0,4,1,1,4,4,0,1,4,200,200,200,200,255,255,255,3,255,255,255,0,0,1,64,1,0,0,1,0,0,0,0,0,0,0,94,0,0,0,102,54,103,48,32,8,0,0,0,0,0,0,0,0,0,9,1,1,25,7,1,0,2,85,0,255,255,0,0,0,0,2,0,0,0,13,0,0,0,0,255,255,1,0,0,96,7,0,3,132,215,254,214,244,0,231,68,0,15,0,255,26,175,144,24,170,132,0,12,6,50,134,233,253,56,253,100,253,153,253,32,254,0,254,105,168,22,105,0,0,4,1,1,4,4,0,1,4,200,200,200,200,255,255,255,3,255,255,255,0,0,1,64,1,0,0,1,0,0,0,0,0,0,0,94,0,0,0,102,54,103,48,32,8,0,0,0,0,0,0,0,0,0,9,1,1,25,6,1,0,1,85,0,255,255,0,0,0,0,1,0,0,0,13,0,0,0,0,255,255,1,0,0,96,7,0,3,132,215,254,214,244
2026-08-07_10-37-20,1,429,0,0.0,1,140.0,1,0,0,231,68,0,15,0,255,26,175,144,24,170,132,0,12,6,50,134,233,253,56,253,100,253,153,253,32,254,0,254,105,168,22,105,0,0,4,1,1,4,4,0,1,4,200,200,200,200,255,255,255,3,255,255,255,0,0,1,64,1,0,0,1,0,0,0,0,0,0,0,94,0,0,0,102,54,103,48,32,8,0,0,0,0,0,0,0,0,0,9,1,1,25,6,1,0,1,85,0,255,255,0,0,0,0,1,0,0,0,13,0,0,0,0,255,255,1,0,0,96,7,0,3,132,215,254,214,244,0,235,35,0,15,0,255,26,175,144,24,170,132,0,12,6,50,134,217,253,41,253,86,253,164,253,32,254,0,254,208,208,208,208,0,0,4,1,1,4,0,0,0,0,200,200,200,200,255,255,255,255,255,255,255,0,0,1,64,0,0,0,0,0,0,0,0,0,0,0,76,0,0,0,0,101,96,48,32,8,0,0,0,0,0,0,0,0,0,8,0,0,8,5,0,0,0,13,0,255,255,0,1,0,1,0,0,0,0,13,0,0,0,0,255,255,1,0,0,96,7,0,3,132,215,254,214,244
