run_ts,episode,step,action,reward,done,episode_return,lives_pre,lives_post,ram_pre_0,ram_pre_1,ram_pre_2,ram_pre_3,ram_pre_4,ram_pre_5,ram_pre_6,ram_pre_7,ram_pre_8,ram_pre_9,ram_pre_10,ram_pre_11,ram_pre_12,ram_pre_13,ram_pre_14,ram_pre_15,ram_pre_16,ram_pre_17,ram_pre_18,ram_pre_19,ram_pre_20,ram_pre_21,ram_pre_22,ram_pre_23,ram_pre_24,ram_pre_25,ram_pre_26,ram_pre_27,ram_pre_28,ram_pre_29,ram_pre_30,ram_pre_31,ram_pre_32,ram_pre_33,ram_pre_34,ram_pre_35,ram_pre_36,ram_pre_37,ram_pre_38,ram_pre_39,ram_pre_40,ram_pre_41,ram_pre_42,ram_pre_43,ram_pre_44,ram_pre_45,ram_pre_46,ram_pre_47,ram_pre_48,ram_pre_49,ram_pre_50,ram_pre_51,ram_pre_52,ram_pre_53,ram_pre_54,ram_pre_55,ram_pre_56,ram_pre_57,ram_pre_58,ram_pre_59,ram_pre_60,ram_pre_61,ram_pre_62,ram_pre_63,ram_pre_64,ram_pre_65,ram_pre_66,ram_pre_67,ram_pre_68,ram_pre_69,ram_pre_70,ram_pre_71,ram_pre_72,ram_pre_73,ram_pre_74,ram_pre_75,ram_pre_76,ram_pre_77,ram_pre_78,ram_pre_79,ram_pre_80,ram_pre_81,ram_pre_82,ram_pre_83,ram_pre_84,ram_pre_85,ram_pre_86,ram_pre_87,ram_pre_88,ram_pre_89,ram_pre_90,ram_pre_91,ram_pre_92,ram_pre_93,ram_pre_94,ram_pre_95,ram_pre_96,ram_pre_97,ram_pre_98,ram_pre_99,ram_pre_100,ram_pre_101,ram_pre_102,ram_pre_103,ram_pre_104,ram_pre_105,ram_pre_106,ram_pre_107,ram_pre_108,ram_pre_109,ram_pre_110,ram_pre_111,ram_pre_112,ram_pre_113,ram_pre_114,ram_pre_115,ram_pre_116,ram_pre_117,ram_pre_118,ram_pre_119,ram_pre_120,ram_pre_121,ram_pre_122,ram_pre_123,ram_pre_124,ram_pre_125,ram_pre_126,ram_pre_127,ram_post_0,ram_post_1,ram_post_2,ram_post_3,ram_post_4,ram_post_5,ram_post_6,ram_post_7,ram_post_8,ram_post_9,ram_post_10,ram_post_11,ram_post_12,ram_post_13,ram_post_14,ram_post_15,ram_post_16,ram_post_17,ram_post_18,ram_post_19,ram_post_20,ram_post_21,ram_post_22,ram_post_23,ram_post_24,ram_post_25,ram_post_26,ram_post_27,ram_post_28,ram_post_29,ram_post_30,ram_post_31,ram_post_32,ram_post_33,ram_post_34,ram_post_35,ram_post_36,ram_post_37,ram_post_38,ram_post_39,ram_post_40,ram_post_41,ram_post_42,ram_post_43,ram_post_44,ram_post_45,ram_post_46,ram_post_47,ram_post_48,ram_post_49,ram_post_50,ram_post_51,ram_post_52,ram_post_53,ram_post_54,ram_post_55,ram_post_56,ram_post_57,ram_post_58,ram_post_59,ram_post_60,ram_post_61,ram_post_62,ram_post_63,ram_post_64,ram_post_65,ram_post_66,ram_post_67,ram_post_68,ram_post_69,ram_post_70,ram_post_71,ram_post_72,ram_post_73,ram_post_74,ram_post_75,ram_post_76,ram_post_77,ram_post_78,ram_post_79,ram_post_80,ram_post_81,ram_post_82,ram_post_83,ram_post_84,ram_post_85,ram_post_86,ram_post_87,ram_post_88,ram_post_89,ram_post_90,ram_post_91,ram_post_92,ram_post_93,ram_post_94,ram_post_95,ram_post_96,ram_post_97,ram_post_98,ram_post_99,ram_post_100,ram_post_101,ram_post_102,ram_post_103,ram_post_104,ram_post_105,ram_post_106,ram_post_107,ram_post_108,ram_post_109,ram_post_110,ram_post_111,ram_post_112,ram_post_113,ram_post_114,ram_post_115,ram_post_116,ram_post_117,ram_post_118,ram_post_119,ram_post_120,ram_post_121,ram_post_122,ram_post_123,ram_post_124,ram_post_125,ram_post_126,ram_post_127
2026-08-07_09-50-59,1,0,2,0.0,0,0.0,-1,-1,193,13,247,15,247,12,247,14,247,10,247,0,0,0,131,7,7,0,128,64,131,234,246,126,247,76,120,0,1,132,28,234,80,6,52,98,160,222,128,0,2,133,133,4,2,131,126,157,111,126,126,157,111,126,255,255,255,255,31,7,15,31,79,7,30,155,152,59,41,128,85,5,2,85,85,5,2,85,6,5,0,3,2,1,0,7,195,176,214,160,80,40,24,4,4,0,4,0,6,0,30,7,0,0,0,0,5,32,170,255,8,255,167,215,85,0,0,7,32,1,11,0,255,72,14,244,170,242,197,13,247,15,247,12,247,14,247,10,247,0,0,0,135,7,7,0,128,64,135,234,246,126,247,76,120,0,1,44,28,234,80,6,52,98,160,222,128,0,2,133,133,4,2,131,126,157,111,126,126,157,111,126,255,255,255,255,31,7,15,31,79,7,30,155,152,59,41,128,85,5,2,85,85,5,2,85,6,5,0,3,2,1,0,7,197,178,216,162,82,42,26,6,4,0,4,0,2,0,6,3,0,0,0,0,18,32,170,255,8,255,167,215,85,0,1,7,32,1,11,0,255,72,14,244,170,242
2026-08-07_09-50-59,1,1,2,0.0,0,0.0,-1,-1,197,13,247,15,247,12,247,14,247,10,247,0,0,0,135,7,7,0,128,64,135,234,246,126,247,76,120,0,1,44,28,234,80,6,52,98,160,222,128,0,2,133,133,4,2,131,126,157,111,126,126,157,111,126,255,255,255,255,31,7,15,31,79,7,30,155,152,59,41,128,85,5,2,85,85,5,2,85,6,5,0,3,2,1,0,7,197,178,216,162,82,42,26,6,4,0,4,0,2,0,6,3,0,0,0,0,18,32,170,255,8,255,167,215,85,0,1,7,32,1,11,0,255,72,14,244,170,242,201,13,247,15,247,12,247,14,247,10,247,0,0,0,139,6,7,0,128,62,139,234,246,126,247,76,120,0,1,212,28,234,80,6,52,98,160,222,128,0,2,133,133,4,2,131,126,157,111,126,126,157,111,126,255,255,255,255,31,7,15,31,79,7,30,155,152,59,41,128,85,5,2,85,85,5,2,85,6,5,0,3,2,1,0,7,198,179,217,163,83,43,27,7,4,0,4,0,6,248,14,7,0,0,0,0,24,32,170,255,8,255,167,215,85,0,0,7,32,1,11,0,255,72,14,244,170,242
2026-08-07_09-50-59,1,2,0,0.0,0,0.0,-1,-1,201,13,247,15,247,12,247,14,247,10,247,0,0,0,139,6,7,0,128,62,139,234,246,126,247,76,120,0,1,212,28,234,80,6,52,98,160,222,128,0,2,133,133,4,2,131,126,157,111,126,126,157,111,126,255,255,255,255,31,7,15,31,79,7,30,155,152,59,41,128,85,5,2,85,85,5,2,85,6,5,0,3,2,1,0,7,198,179,217,163,83,43,27,7,4,0,4,0,6,248,14,7,0,0,0,0,24,32,170,255,8,255,167,215,85,0,0,7,32,1,11,0,255,72,14,244,170,242,205,13,247,15,247,12,247,14,247,10,247,0,0,0,143,6,7,0,128,58,143,234,246,126,247,76,120,0,1,124,28,234,80,6,52,98,160,222,128,0,2,133,133,4,2,131,126,157,111,126,126,157,111,126,255,255,255,255,31,7,15,31,79,7,30,155,152,59,41,128,85,5,2,85,85,5,2,85,6,5,0,3,2,1,0,7,199,180,218,164,84,44,28,8,4,0,4,0,0,232,22,0,0,0,0,0,37,32,170,255,8,255,167,215,85,0,0,7,32,1,11,0,255,72,14,244,170,242
2026-08-07_09-50-59,1,3,0,0.0,0,0.0,-1,-1,205,13,247,15,247,12,247,14,247,10,247,0,0,0,143,6,7,0,128,58,143,234,246,126,247,76,120,0,1,124,28,234,80,6,52,98,160,222,128,0,2,133,133,4,2,131,126,157,111,126,126,157,111,126,255,255,255,255,31,7,15,31,79,7,30,155,152,59,41,128,85,5,2,85,85,5,2,85,6,5,0,3,2,1,0,7,199,180,218,164,84,44,28,8,4,0,4,0,0,232,22,0,0,0,0,0,37,32,170,255,8,255,167,215,85,0,0,7,32,1,11,0,255,72,14,244,170,242,209,13,247,15,247,12,247,14,247,10,247,0,0,0,147,6,7,0,128,54,147,234,246,126,247,75,120,0,1,36,28,234,80,6,52,98,160,222,128,0,2,133,133,4,2,131,126,157,111,126,126,157,111,126,255,255,255,255,31,7,15,31,79,7,30,155,152,59,41,128,85,5,2,85,85,5,2,85,6,5,0,3,2,1,0,7,201,182,220,166,86,46,30,10,4,0,4,0,0,248,6,0,0,0,0,0,50,32,170,255,8,255,167,215,85,0,1,7,32,1,11,0,255,72,14,244,170,242
2026-08-07_09-50-59,1,4,0,0.0,0,0.0,-1,-1,209,13,247,15,247,12,247,14,247,10,247,0,0,0,147,6,7,0,128,54,147,234,246,126,247,75,120,0,1,36,28,234,80,6,52,98,160,222,128,0,2,133,133,4,2,131,126,157,111,126,126,157,111,126,255,255,255,255,31,7,15,31,79,7,30,155,152,59,41,128,85,5,2,85,85,5,2,85,6,5,0,3,2,1,0,7,201,182,220,166,86,46,30,10,4,0,4,0,0,248,6,0,0,0,0,0,50,32,170,255,8,255,167,215,85,0,1,7,32,1,11,0,255,72,14,244,170,242,213,13,247,15,247,12,247,14,247,10,247,0,0,0,151,6,7,0,128,50,151,234,246,126,247,75,120,0,1,204,28,234,80,6,52,98,160,222,128,0,2,133,133,4,2,131,126,157,111,126,126,157,111,126,255,255,255,255,31,7,15,31,79,7,30,155,152,59,41,128,85,5,2,85,85,5,2,85,6,5,0,3,2,1,0,7,202,183,221,167,87,47,31,11,4,0,4,0,0,232,22,0,0,0,0,0,56,32,170,255,8,255,167,215,85,0,0,7,32,1,11,0,255,72,14,244,170,242
2026-08-07_09-50-59,1,5,0,0.0,0,0.0,-1,-1,213,13,247,15,247,12,247,14,247,10,247,0,0,0,151,6,7,0,128,50,151,234,246,126,247,75,120,0,1,204,28,234,80,6,52,98,160,222,128,0,2,133,133,4,2,131,126,157,111,126,126,157,111,126,255,255,255,255,31,7,15,31,79,7,30,155,152,59,41,128,85,5,2,85,85,5,2,85,6,5,0,3,2,1,0,7,202,183,221,167,87,47,31,11,4,0,4,0,0,232,22,0,0,0,0,0,56,32,170,255,8,255,167,215,85,0,0,7,32,1,11,0,255,72,14,244,170,242,217,13,247,15,247,12,247,14,247,10,247,0,0,0,155,6,7,0,128,48,155,234,246,126,247,74,120,0,1,116,28,234,80,6,52,98,160,222,128,0,2,133,133,4,2,131,126,157,111,126,126,157,111,126,255,255,255,255,31,7,15,31,79,7,30,155,152,59,41,128,85,5,2,85,85,5,2,85,6,5,0,3,2,1,0,7,204,185,223,169,89,49,33,13,4,0,4,0,0,248,6,0,0,0,0,0,69,32,170,255,8,255,167,215,85,0,1,7,32,1,11,0,255,72,14,244,170,242
2026-08-07_09-50-59,1,6,0,0.0,0,0.0,-1,-1,217,13,247,15,247,12,247,14,247,10,247,0,0,0,155,6,7,0,128,48,155,234,246,126,247,74,120,0,1,116,28,234,80,6,52,98,160,222,128,0,2,133,133,4,2,131,126,157,111,126,126,157,111,126,255,255,255,255,31,7,15,31,79,7,30,155,152,59,41,128,85,5,2,85,85,5,2,85,6,5,0,3,2,1,0,7,204,185,223,169,89,49,33,13,4,0,4,0,0,248,6,0,0,0,0,0,69,32,170,255,8,255,167,215,85,0,1,7,32,1,11,0,255,72,14,244,170,242,221,13,247,15,247,12,247,14,247,10,247,0,0,0,159,6,7,0,128,48,159,234,246,126,247,74,120,0,1,28,28,234,80,6,52,98,160,222,128,0,2,133,133,4,2,131,126,157,111,126,126,157,111,126,255,255,255,255,31,7,15,31,79,7,30,155,152,59,41,128,85,5,2,85,85,5,2,85,6,5,0,3,2,1,0,7,205,186,224,170,90,50,34,14,4,0,4,0,0,232,22,0,0,0,0,0,82,32,170,255,8,255,167,215,85,0,0,7,32,1,11,0,255,72,14,244,170,242
2026-08-07_09-50-59,1,7,0,0.0,0,0.0,-1,-1,221,13,247,15,247,12,247,14,247,10,247,0,0,0,159,6,7,0,128,48,159,234,246,126,247,74,120,0,1,28,28,234,80,6,52,98,160,222,128,0,2,133,133,4,2,131,126,157,111,126,126,157,111,126,255,255,255,255,31,7,15,31,79,7,30,155,152,59,41,128,85,5,2,85,85,5,2,85,6,5,0,3,2,1,0,7,205,186,224,170,90,50,34,14,4,0,4,0,0,232,22,0,0,0,0,0,82,32,170,255,8,255,167,215,85,0,0,7,32,1,11,0,255,72,14,244,170,242,225,13,247,15,247,12,247,14,247,10,247,0,0,0,163,6,7,0,128,48,163,234,246,126,247,73,120,0,1,196,28,234,80,6,52,98,160,222,128,0,2,133,133,4,2,131,126,157,111,126,126,157,111,126,255,255,255,255,31,7,15,31,79,7,30,155,152,59,41,128,85,5,2,85,85,5,2,85,6,5,0,3,2,1,0,7,208,189,227,173,93,53,37,17,4,0,4,0,0,240,10,0,0,0,0,0,88,32,170,255,8,255,167,215,85,0,1,7,32,1,11,0,255,72,14,244,170,242
2026-08-07_09-50-59,1,8,0,0.0,0,0.0,-1,-1,225,13,247,15,247,12,247,14,247,10,247,0,0,0,163,6,7,0,128,48,163,234,246,126,247,73,120,0,1,196,28,234,80,6,52,98,160,222,128,0,2,133,133,4,2,131,126,157,111,126,126,157,111,126,255,255,255,255,31,7,15,31,79,7,30,155,152,59,41,128,85,5,2,85,85,5,2,85,6,5,0,3,2,1,0,7,208,189,227,173,93,53,37,17,4,0,4,0,0,240,10,0,0,0,0,0,88,32,170,255,8,255,167,215,85,0,1,7,32,1,11,0,255,72,14,244,170,242,229,13,247,15,247,12,247,14,247,10,247,0,0,0,167,6,7,0,128,48,167,234,246,126,247,72,120,0,1,108,28,234,80,6,52,98,160,222,128,0,2,133,133,4,2,131,126,157,111,126,126,157,111,126,255,255,255,255,31,7,15,31,79,7,30,155,152,59,41,128,85,5,2,85,85,5,2,85,6,5,0,3,2,1,0,7,210,191,229,175,95,55,39,19,4,0,4,0,0,248,30,0,0,0,0,0,101,32,170,255,8,255,167,215,85,0,0,7,32,1,11,0,255,72,14,244,170,242
2026-08-07_09-50-59,1,9,0,0.0,0,0.0,-1,-1,229,13,247,15,247,12,247,14,247,10,247,0,0,0,167,6,7,0,128,48,167,234,246,126,247,72,120,0,1,108,28,234,80,6,52,98,160,222,128,0,2,133,133,4,2,131,126,157,111,126,126,157,111,126,255,255,255,255,31,7,15,31,79,7,30,155,152,59,41,128,85,5,2,85,85,5,2,85,6,5,0,3,2,1,0,7,210,191,229,175,95,55,39,19,4,0,4,0,0,248,30,0,0,0,0,0,101,32,170,255,8,255,167,215,85,0,0,7,32,1,11,0,255,72,14,244,170,242,233,13,247,15,247,12,247,14,247,10,247,0,0,0,171,6,7,0,128,48,171,234,246,126,247,72,120,0,1,20,28,234,80,6,52,98,160,222,128,0,2,133,133,4,2,131,126,157,111,126,126,157,111,126,255,255,255,255,31,7,15,31,79,7,30,155,152,59,41,128,85,5,2,85,85,5,2,85,6,5,0,3,2,1,0,7,213,194,232,178,98,58,42,22,4,0,4,0,0,224,18,0,0,0,0,0,114,32,170,255,8,255,167,215,85,0,1,7,32,1,11,0,255,72,14,244,170,242
2026-08-07_09-50-59,1,10,0,0.0,0,0.0,-1,-1,233,13,247,15,247,12,247,14,247,10,247,0,0,0,171,6,7,0,128,48,171,234,246,126,247,72,120,0,1,20,28,234,80,6,52,98,160,222,128,0,2,133,133,4,2,131,126,157,111,126,126,157,111,126,255,255,255,255,31,7,15,31,79,7,30,155,152,59,41,128,85,5,2,85,85,5,2,85,6,5,0,3,2,1,0,7,213,194,232,178,98,58,42,22,4,0,4,0,0,224,18,0,0,0,0,0,114,32,170,255,8,255,167,215,85,0,1,7,32,1,11,0,255,72,14,244,170,242,237,13,247,15,247,12,247,14,247,10,247,0,0,0,175,6,7,0,128,48,175,234,246,126,247,71,120,0,1,188,28,234,80,6,52,98,160,222,128,0,2,133,133,4,2,131,126,157,111,126,126,157,111,126,255,255,255,255,31,7,15,31,79,7,30,155,152,59,41,128,85,5,2,85,85,5,2,85,6,5,0,3,2,1,0,7,216,197,235,181,101,61,45,25,4,0,4,0,0,232,6,0,0,0,0,0,120,32,170,255,8,255,167,215,85,0,1,7,32,1,11,0,255,72,14,244,170,242
2026-08-07_09-50-59,1,11,0,0.0,0,0.0,-1,-1,237,13,247,15,247,12,247,14,247,10,247,0,0,0,175,6,7,0,128,48,175,234,246,126,247,71,120,0,1,188,28,234,80,6,52,98,160,222,128,0,2,133,133,4,2,131,126,157,111,126,126,157,111,126,255,255,255,255,31,7,15,31,79,7,30,155,152,59,41,128,85,5,2,85,85,5,2,85,6,5,0,3,2,1,0,7,216,197,235,181,101,61,45,25,4,0,4,0,0,232,6,0,0,0,0,0,120,32,170,255,8,255,167,215,85,0,1,7,32,1,11,0,255,72,14,244,170,242,241,13,247,15,247,12,247,14,247,10,247,0,0,0,179,6,7,0,128,48,176,234,246,126,247,70,120,0,1,100,28,234,80,6,52,98,160,222,128,0,2,133,133,4,2,131,126,157,111,126,126,157,111,126,255,255,255,255,31,7,15,31,79,7,30,155,152,59,41,128,85,5,2,85,85,5,2,85,6,5,0,3,2,1,0,7,219,200,238,184,104,64,48,28,4,0,4,0,0,240,6,0,0,0,0,0,133,32,170,255,8,255,167,215,85,0,1,7,32,1,11,0,255,72,14,244,170,242
2026-08-07_09-50-59,1,12,0,0.0,0,0.0,-1,-1,241,13,247,15,247,12,247,14,247,10,247,0,0,0,179,6,7,0,128,48,176,234,246,126,247,70,120,0,1,100,28,234,80,6,52,98,160,222,128,0,2,133,133,4,2,131,126,157,111,126,126,157,111,126,255,255,255,255,31,7,15,31,79,7,30,155,152,59,41,128,85,5,2,85,85,5,2,85,6,5,0,3,2,1,0,7,219,200,238,184,104,64,48,28,4,0,4,0,0,240,6,0,0,0,0,0,133,32,170,255,8,255,167,215,85,0,1,7,32,1,11,0,255,72,14,244,170,242,245,13,247,15,247,12,247,14,247,10,247,0,0,0,183,6,7,0,128,48,176,234,246,126,247,69,120,0,1,12,28,234,80,6,52,98,160,222,128,0,2,133,133,4,2,131,126,157,111,126,126,157,111,126,255,255,255,255,31,7,15,31,79,7,30,155,152,59,41,128,85,5,2,85,85,5,2,85,6,5,0,3,2,1,0,7,222,203,241,187,107,67,51,31,4,0,4,0,0,248,6,0,0,0,0,0,146,32,170,255,8,255,167,215,85,0,1,7,32,1,11,0,255,72,14,244,170,242
2026-08-07_09-50-59,1,13,0,0.0,0,0.0,-1,-1,245,13,247,15,247,12,247,14,247,10,247,0,0,0,183,6,7,0,128,48,176,234,246,126,247,69,120,0,1,12,28,234,80,6,52,98,160,222,128,0,2,133,133,4,2,131,126,157,111,126,126,157,111,126,255,255,255,255,31,7,15,31,79,7,30,155,152,59,41,128,85,5,2,85,85,5,2,85,6,5,0,3,2,1,0,7,222,203,241,187,107,67,51,31,4,0,4,0,0,248,6,0,0,0,0,0,146,32,170,255,8,255,167,215,85,0,1,7,32,1,11,0,255,72,14,244,170,242,249,13,247,15,247,12,247,14,247,10,247,0,0,0,187,6,7,0,128,48,176,234,246,126,247,69,120,0,1,180,28,234,80,6,52,98,160,222,128,0,2,133,133,4,2,131,126,157,111,126,126,157,111,126,255,255,255,255,31,7,15,31,79,7,30,155,152,59,41,128,85,5,2,85,85,5,2,85,6,5,0,3,2,1,0,7,225,206,244,190,110,70,54,34,4,0,4,0,0,224,6,0,0,0,0,0,152,32,170,255,8,255,167,215,85,0,1,7,32,1,11,0,255,72,14,244,170,242
2026-08-07_09-50-59,1,14,0,0.0,0,0.0,-1,-1,249,13,247,15,247,12,247,14,247,10,247,0,0,0,187,6,7,0,128,48,176,234,246,126,247,69,120,0,1,180,28,234,80,6,52,98,160,222,128,0,2,133,133,4,2,131,126,157,111,126,126,157,111,126,255,255,255,255,31,7,15,31,79,7,30,155,152,59,41,128,85,5,2,85,85,5,2,85,6,5,0,3,2,1,0,7,225,206,244,190,110,70,54,34,4,0,4,0,0,224,6,0,0,0,0,0,152,32,170,255,8,255,167,215,85,0,1,7,32,1,11,0,255,72,14,244,170,242,253,13,247,15,247,12,247,14,247,10,247,0,0,0,191,6,6,0,128,48,176,234,246,126,247,68,120,0,1,92,234,80,6,52,98,160,222,60,0,2,133,133,4,2,131,133,157,111,126,126,157,111,126,126,255,255,255,31,7,15,31,31,7,30,155,152,59,41,128,152,5,2,85,85,5,2,85,85,5,0,3,2,1,0,7,6,209,247,193,113,73,57,37,1,0,0,4,0,0,232,6,0,0,0,0,1,5,32,170,255,7,255,79,175,85,0,1,7,24,1,11,0,255,72,14,244,170,242
2026-08-07_09-50-59,1,15,0,0.0,0,0.0,-1,-1,253,13,247,15,247,12,247,14,247,10,247,0,0,0,191,6,6,0,128,48,176,234,246,126,247,68,120,0,1,92,234,80,6,52,98,160,222,60,0,2,133,133,4,2,131,133,157,111,126,126,157,111,126,126,255,255,255,31,7,15,31,31,7,30,155,152,59,41,128,152,5,2,85,85,5,2,85,85,5,0,3,2,1,0,7,6,209,247,193,113,73,57,37,1,0,0,4,0,0,232,6,0,0,0,0,1,5,32,170,255,7,255,79,175,85,0,1,7,24,1,11,0,255,72,14,244,170,242,1,13,247,15,247,12,247,14,247,10,247,0,0,0,195,6,6,0,128,48,176,234,246,126,247,67,120,0,1,4,234,80,6,52,98,160,222,60,0,2,133,133,4,2,131,133,157,111,126,126,157,111,126,126,255,255,255,31,7,15,31,31,7,30,155,152,59,41,128,152,5,2,85,85,5,2,85,85,5,0,3,2,1,0,7,6,212,250,196,116,76,60,40,4,0,0,4,0,0,240,6,0,0,0,0,1,18,32,170,255,8,255,79,175,85,0,1,7,24,1,11,0,255,72,14,244,170,242
2026-08-07_09-50-59,1,16,0,0.0,0,0.0,-1,-1,1,13,247,15,247,12,247,14,247,10,247,0,0,0,195,6,6,0,128,48,176,234,246,126,247,67,120,0,1,4,234,80,6,52,98,160,222,60,0,2,133,133,4,2,131,133,157,111,126,126,157,111,126,126,255,255,255,31,7,15,31,31,7,30,155,152,59,41,128,152,5,2,85,85,5,2,85,85,5,0,3,2,1,0,7,6,212,250,196,116,76,60,40,4,0,0,4,0,0,240,6,0,0,0,0,1,18,32,170,255,8,255,79,175,85,0,1,7,24,1,11,0,255,72,14,244,170,242,5,13,247,15,247,12,247,14,247,10,247,0,0,0,199,6,6,0,128,48,176,234,246,126,247,66,120,0,1,172,234,80,6,52,98,160,222,60,0,2,133,133,4,2,131,133,157,111,126,126,157,111,126,126,255,255,255,31,7,15,31,31,7,30,155,152,59,41,128,152,5,2,85,85,5,2,85,85,5,0,3,2,1,0,7,6,215,253,199,119,79,63,43,7,0,0,4,0,0,248,6,0,0,0,0,1,24,32,170,255,8,255,79,175,85,0,1,7,24,1,11,0,255,72,14,244,170,242
2026-08-07_09-50-59,1,17,0,0.0,0,0.0,-1,-1,5,13,247,15,247,12,247,14,247,10,247,0,0,0,199,6,6,0,128,48,176,234,246,126,247,66,120,0,1,172,234,80,6,52,98,160,222,60,0,2,133,133,4,2,131,133,157,111,126,126,157,111,126,126,255,255,255,31,7,15,31,31,7,30,155,152,59,41,128,152,5,2,85,85,5,2,85,85,5,0,3,2,1,0,7,6,215,253,199,119,79,63,43,7,0,0,4,0,0,248,6,0,0,0,0,1,24,32,170,255,8,255,79,175,85,0,1,7,24,1,11,0,255,72,14,244,170,242,9,13,247,15,247,12,247,14,247,10,247,0,0,0,203,6,6,0,128,48,176,234,246,126,247,66,120,0,1,84,234,80,6,52,98,160,222,60,0,2,133,133,4,2,131,133,157,111,126,126,157,111,126,126,255,255,255,31,7,15,31,31,7,30,155,152,59,41,128,152,5,2,85,85,5,2,85,85,5,0,3,2,1,0,7,6,218,255,202,122,82,66,46,10,0,0,4,0,0,224,6,0,0,0,0,1,37,32,170,255,8,255,79,175,85,0,1,7,24,1,11,0,255,72,14,244,170,242
2026-08-07_09-50-59,1,18,0,0.0,0,0.0,-1,-1,9,13,247,15,247,12,247,14,247,10,247,0,0,0,203,6,6,0,128,48,176,234,246,126,247,66,120,0,1,84,234,80,6,52,98,160,222,60,0,2,133,133,4,2,131,133,157,111,126,126,157,111,126,126,255,255,255,31,7,15,31,31,7,30,155,152,59,41,128,152,5,2,85,85,5,2,85,85,5,0,3,2,1,0,7,6,218,255,202,122,82,66,46,10,0,0,4,0,0,224,6,0,0,0,0,1,37,32,170,255,8,255,79,175,85,0,1,7,24,1,11,0,255,72,14,244,170,242,13,13,247,15,247,12,247,14,247,10,247,0,0,0,207,6,6,0,128,48,176,234,246,126,247,65,120,0,1,252,234,80,6,52,98,160,222,60,0,2,133,133,4,2,131,133,157,111,126,126,157,111,126,126,255,255,255,31,7,15,31,31,7,30,155,152,59,41,128,152,5,2,85,85,5,2,85,85,5,0,3,2,1,0,7,6,221,255,205,125,85,69,49,13,0,0,4,0,0,232,6,0,0,0,0,1,49,32,170,255,8,255,79,175,85,0,1,7,24,1,11,0,255,72,14,244,170,242
2026-08-07_09-50-59,1,19,0,0.0,0,0.0,-1,-1,13,13,247,15,247,12,247,14,247,10,247,0,0,0,207,6,6,0,128,48,176,234,246,126,247,65,120,0,1,252,234,80,6,52,98,160,222,60,0,2,133,133,4,2,131,133,157,111,126,126,157,111,126,126,255,255,255,31,7,15,31,31,7,30,155,152,59,41,128,152,5,2,85,85,5,2,85,85,5,0,3,2,1,0,7,6,221,255,205,125,85,69,49,13,0,0,4,0,0,232,6,0,0,0,0,1,49,32,170,255,8,255,79,175,85,0,1,7,24,1,11,0,255,72,14,244,170,242,17,13,247,15,247,12,247,14,247,10,247,0,0,0,211,6,6,0,128,48,176,234,246,126,247,64,120,0,1,164,234,80,6,52,98,160,222,60,0,2,133,133,4,2,131,133,157,111,126,126,157,111,126,126,255,255,255,31,7,15,31,31,7,30,155,152,59,41,128,152,5,2,85,85,5,2,85,85,5,0,3,2,1,0,7,6,224,255,208,128,88,72,52,16,0,0,4,0,0,240,6,0,0,0,0,1,56,32,170,255,8,255,79,175,85,0,1,7,24,1,11,0,255,72,14,244,170,242
2026-08-07_09-50-59,1,20,0,0.0,0,0.0,-1,-1,17,13,247,15,247,12,247,14,247,10,247,0,0,0,211,6,6,0,128,48,176,234,246,126,247,64,120,0,1,164,234,80,6,52,98,160,222,60,0,2,133,133,4,2,131,133,157,111,126,126,157,111,126,126,255,255,255,31,7,15,31,31,7,30,155,152,59,41,128,152,5,2,85,85,5,2,85,85,5,0,3,2,1,0,7,6,224,255,208,128,88,72,52,16,0,0,4,0,0,240,6,0,0,0,0,1,56,32,170,255,8,255,79,175,85,0,1,7,24,1,11,0,255,72,14,244,170,242,21,13,247,15,247,12,247,14,247,10,247,0,0,0,215,6,6,0,128,48,176,234,246,126,247,63,120,0,1,76,234,80,6,52,98,160,222,60,0,2,133,133,4,2,131,133,157,111,126,126,157,111,126,126,255,255,255,31,7,15,31,31,7,30,155,152,59,41,128,152,5,2,85,85,5,2,85,85,5,0,3,2,1,0,7,6,227,255,211,131,91,75,55,19,0,0,4,0,0,248,6,0,0,0,0,1,69,32,170,255,8,255,79,175,85,0,1,7,24,1,11,0,255,72,14,244,170,242
2026-08-07_09-50-59,1,21,0,0.0,0,0.0,-1,-1,21,13,247,15,247,12,247,14,247,10,247,0,0,0,215,6,6,0,128,48,176,234,246,126,247,63,120,0,1,76,234,80,6,52,98,160,222,60,0,2,133,133,4,2,131,133,157,111,126,126,157,111,126,126,255,255,255,31,7,15,31,31,7,30,155,152,59,41,128,152,5,2,85,85,5,2,85,85,5,0,3,2,1,0,7,6,227,255,211,131,91,75,55,19,0,0,4,0,0,248,6,0,0,0,0,1,69,32,170,255,8,255,79,175,85,0,1,7,24,1,11,0,255,72,14,244,170,242,25,13,247,15,247,12,247,14,247,10,247,0,0,0,219,6,6,0,128,48,176,234,246,126,247,63,120,0,1,244,234,80,6,52,98,160,222,60,0,2,133,133,4,2,131,133,157,111,126,126,157,111,126,126,255,255,255,31,7,15,31,31,7,30,155,152,59,41,128,152,5,2,85,85,5,2,85,85,5,0,3,2,1,0,7,6,230,255,214,134,94,78,58,22,0,0,4,0,0,224,6,0,0,0,0,1,81,32,170,255,8,255,79,175,85,0,1,7,24,1,11,0,255,72,14,244,170,242
2026-08-07_09-50-59,1,22,0,0.0,0,0.0,-1,-1,25,13,247,15,247,12,247,14,247,10,247,0,0,0,219,6,6,0,128,48,176,234,246,126,247,63,120,0,1,244,234,80,6,52,98,160,222,60,0,2,133,133,4,2,131,133,157,111,126,126,157,111,126,126,255,255,255,31,7,15,31,31,7,30,155,152,59,41,128,152,5,2,85,85,5,2,85,85,5,0,3,2,1,0,7,6,230,255,214,134,94,78,58,22,0,0,4,0,0,224,6,0,0,0,0,1,81,32,170,255,8,255,79,175,85,0,1,7,24,1,11,0,255,72,14,244,170,242,29,13,247,15,247,12,247,14,247,10,247,0,0,0,223,6,6,0,128,48,176,234,246,126,247,62,120,0,1,156,234,80,6,52,98,160,222,60,0,2,133,133,4,2,131,133,157,111,126,126,157,111,126,126,255,255,255,31,7,15,31,31,7,30,155,152,59,41,128,152,5,2,85,85,5,2,85,85,5,0,3,2,1,0,7,6,233,255,217,137,97,81,61,25,0,0,4,0,0,232,6,0,0,0,0,1,88,32,170,255,8,255,79,175,85,0,1,7,24,1,11,0,255,72,14,244,170,242
2026-08-07_09-50-59,1,23,0,0.0,0,0.0,-1,-1,29,13,247,15,247,12,247,14,247,10,247,0,0,0,223,6,6,0,128,48,176,234,246,126,247,62,120,0,1,156,234,80,6,52,98,160,222,60,0,2,133,133,4,2,131,133,157,111,126,126,157,111,126,126,255,255,255,31,7,15,31,31,7,30,155,152,59,41,128,152,5,2,85,85,5,2,85,85,5,0,3,2,1,0,7,6,233,255,217,137,97,81,61,25,0,0,4,0,0,232,6,0,0,0,0,1,88,32,170,255,8,255,79,175,85,0,1,7,24,1,11,0,255,72,14,244,170,242,33,13,247,15,247,12,247,14,247,10,247,0,0,0,224,6,6,0,128,48,176,234,246,126,247,61,120,0,1,68,234,80,6,52,98,160,222,60,0,2,133,133,4,2,131,133,157,111,126,126,157,111,126,126,255,255,255,31,7,15,31,31,7,30,155,152,59,41,128,152,5,2,85,85,5,2,85,85,5,0,3,2,1,0,7,6,237,255,221,141,101,85,65,29,0,0,4,0,0,232,6,0,0,0,0,1,101,32,170,255,8,255,79,175,85,0,1,7,24,1,11,0,255,72,14,244,170,242
2026-08-07_09-50-59,1,24,0,0.0,0,0.0,-1,-1,33,13,247,15,247,12,247,14,247,10,247,0,0,0,224,6,6,0,128,48,176,234,246,126,247,61,120,0,1,68,234,80,6,52,98,160,222,60,0,2,133,133,4,2,131,133,157,111,126,126,157,111,126,126,255,255,255,31,7,15,31,31,7,30,155,152,59,41,128,152,5,2,85,85,5,2,85,85,5,0,3,2,1,0,7,6,237,255,221,141,101,85,65,29,0,0,4,0,0,232,6,0,0,0,0,1,101,32,170,255,8,255,79,175,85,0,1,7,24,1,11,0,255,72,14,244,170,242,37,13,247,15,247,12,247,14,247,10,247,0,0,0,224,6,6,0,128,48,176,234,246,126,247,60,120,0,1,236,234,80,6,52,98,160,222,60,0,2,133,133,4,2,131,133,157,111,126,126,157,111,126,126,255,255,255,31,7,15,31,31,7,30,155,152,59,41,128,152,5,2,85,85,5,2,85,85,5,0,3,2,1,0,7,6,241,255,225,145,105,89,69,33,0,0,4,0,0,232,6,0,0,0,0,1,113,32,170,255,8,255,79,175,85,0,1,7,24,1,11,0,255,72,14,244,170,242
2026-08-07_09-50-59,1,25,0,0.0,0,0.0,-1,-1,37,13,247,15,247,12,247,14,247,10,247,0,0,0,224,6,6,0,128,48,176,234,246,126,247,60,120,0,1,236,234,80,6,52,98,160,222,60,0,2,133,133,4,2,131,133,157,111,126,126,157,111,126,126,255,255,255,31,7,15,31,31,7,30,155,152,59,41,128,152,5,2,85,85,5,2,85,85,5,0,3,2,1,0,7,6,241,255,225,145,105,89,69,33,0,0,4,0,0,232,6,0,0,0,0,1,113,32,170,255,8,255,79,175,85,0,1,7,24,1,11,0,255,72,14,244,170,242,41,13,247,15,247,12,247,14,247,10,247,0,0,0,224,6,5,0,128,48,176,234,246,157,247,59,120,0,1,148,80,6,52,98,160,222,60,42,2,133,133,4,2,131,133,3,111,126,126,157,111,126,126,157,255,255,31,7,15,31,31,7,30,155,152,59,41,128,152,48,2,85,85,5,2,85,85,5,0,3,2,1,0,7,6,5,255,229,149,109,93,73,37,1,0,0,4,0,0,232,6,0,0,0,0,1,120,32,170,255,7,255,159,95,5,0,1,7,24,1,11,0,255,72,14,244,170,242
2026-08-07_09-50-59,1,26,0,0.0,0,0.0,-1,-1,41,13,247,15,247,12,247,14,247,10,247,0,0,0,224,6,5,0,128,48,176,234,246,157,247,59,120,0,1,148,80,6,52,98,160,222,60,42,2,133,133,4,2,131,133,3,111,126,126,157,111,126,126,157,255,255,31,7,15,31,31,7,30,155,152,59,41,128,152,48,2,85,85,5,2,85,85,5,0,3,2,1,0,7,6,5,255,229,149,109,93,73,37,1,0,0,4,0,0,232,6,0,0,0,0,1,120,32,170,255,7,255,159,95,5,0,1,7,24,1,11,0,255,72,14,244,170,242,45,13,247,15,247,12,247,14,247,10,247,0,0,0,224,6,5,0,128,48,176,234,246,157,247,58,120,0,1,60,80,6,52,98,160,222,60,42,2,133,133,4,2,131,133,3,111,126,126,157,111,126,126,157,255,255,28,7,15,31,31,7,30,155,152,59,41,128,152,48,2,85,85,5,2,85,85,5,0,3,2,1,0,7,6,5,255,233,150,113,97,77,41,5,0,0,4,0,0,232,6,0,0,0,0,1,133,32,170,255,8,255,159,95,5,0,1,7,24,1,11,0,255,72,14,244,170,242
2026-08-07_09-50-59,1,27,0,0.0,0,0.0,-1,-1,45,13,247,15,247,12,247,14,247,10,247,0,0,0,224,6,5,0,128,48,176,234,246,157,247,58,120,0,1,60,80,6,52,98,160,222,60,42,2,133,133,4,2,131,133,3,111,126,126,157,111,126,126,157,255,255,28,7,15,31,31,7,30,155,152,59,41,128,152,48,2,85,85,5,2,85,85,5,0,3,2,1,0,7,6,5,255,233,150,113,97,77,41,5,0,0,4,0,0,232,6,0,0,0,0,1,133,32,170,255,8,255,159,95,5,0,1,7,24,1,11,0,255,72,14,244,170,242,49,13,247,15,247,12,247,14,247,10,247,0,0,0,224,6,5,0,128,48,176,234,246,157,247,57,120,0,1,228,80,6,52,98,160,222,60,42,2,133,133,4,2,131,133,3,111,126,126,157,111,126,126,157,255,255,24,7,15,31,31,7,30,155,152,59,41,128,152,48,2,85,85,5,2,85,85,5,0,3,2,1,0,7,6,5,255,237,150,117,101,81,45,9,0,0,4,0,0,232,6,0,0,0,0,1,145,32,170,255,8,255,159,95,5,0,1,7,24,1,11,0,255,72,14,244,170,242
2026-08-07_09-50-59,1,28,0,0.0,0,0.0,-1,-1,49,13,247,15,247,12,247,14,247,10,247,0,0,0,224,6,5,0,128,48,176,234,246,157,247,57,120,0,1,228,80,6,52,98,160,222,60,42,2,133,133,4,2,131,133,3,111,126,126,157,111,126,126,157,255,255,24,7,15,31,31,7,30,155,152,59,41,128,152,48,2,85,85,5,2,85,85,5,0,3,2,1,0,7,6,5,255,237,150,117,101,81,45,9,0,0,4,0,0,232,6,0,0,0,0,1,145,32,170,255,8,255,159,95,5,0,1,7,24,1,11,0,255,72,14,244,170,242,53,13,247,15,247,12,247,14,247,10,247,0,0,0,224,6,4,0,128,48,176,234,246,111,247,56,120,0,1,140,6,52,98,160,222,60,42,160,133,133,4,2,131,133,3,4,126,126,157,111,126,126,157,111,255,20,7,15,31,31,7,15,155,152,59,41,128,152,48,71,85,85,5,2,85,85,5,2,3,2,1,0,7,6,5,0,241,150,121,105,85,49,13,1,0,0,4,0,0,232,6,0,0,0,0,1,152,32,170,255,7,255,62,190,2,0,1,7,24,1,11,0,255,72,14,244,170,242
2026-08-07_09-50-59,1,29,0,0.0,0,0.0,-1,-1,53,13,247,15,247,12,247,14,247,10,247,0,0,0,224,6,4,0,128,48,176,234,246,111,247,56,120,0,1,140,6,52,98,160,222,60,42,160,133,133,4,2,131,133,3,4,126,126,157,111,126,126,157,111,255,20,7,15,31,31,7,15,155,152,59,41,128,152,48,71,85,85,5,2,85,85,5,2,3,2,1,0,7,6,5,0,241,150,121,105,85,49,13,1,0,0,4,0,0,232,6,0,0,0,0,1,152,32,170,255,7,255,62,190,2,0,1,7,24,1,11,0,255,72,14,244,170,242,57,13,247,15,247,12,247,14,247,10,247,0,0,0,224,6,4,0,128,48,176,234,246,111,247,55,120,0,1,52,6,52,98,160,222,60,42,160,133,133,4,2,131,133,3,4,126,126,157,111,126,126,157,111,255,16,7,15,31,31,7,15,155,152,59,41,128,152,48,71,85,85,5,2,85,85,5,2,3,2,1,0,7,6,5,0,245,150,125,109,89,53,17,5,0,0,4,0,0,232,6,0,0,0,0,2,5,32,170,255,8,255,62,190,2,0,1,7,24,1,11,0,255,72,14,244,170,242
2026-08-07_09-50-59,1,30,0,0.0,0,0.0,-1,-1,57,13,247,15,247,12,247,14,247,10,247,0,0,0,224,6,4,0,128,48,176,234,246,111,247,55,120,0,1,52,6,52,98,160,222,60,42,160,133,133,4,2,131,133,3,4,126,126,157,111,126,126,157,111,255,16,7,15,31,31,7,15,155,152,59,41,128,152,48,71,85,85,5,2,85,85,5,2,3,2,1,0,7,6,5,0,245,150,125,109,89,53,17,5,0,0,4,0,0,232,6,0,0,0,0,2,5,32,170,255,8,255,62,190,2,0,1,7,24,1,11,0,255,72,14,244,170,242,61,13,247,15,247,12,247,14,247,10,247,0,0,0,224,6,4,0,128,48,176,234,246,111,247,54,120,0,1,220,6,148,98,160,222,60,42,160,133,132,4,2,131,133,3,4,126,126,157,111,126,126,157,111,255,12,7,15,31,31,7,15,155,147,59,41,128,152,48,71,85,85,5,2,85,85,5,2,3,2,1,0,7,6,5,0,249,150,129,113,93,57,21,9,0,0,4,0,0,232,6,0,0,0,0,2,17,32,170,255,8,255,62,190,2,0,1,7,24,1,11,0,255,72,14,244,170,242
2026-08-07_09-50-59,1,31,0,0.0,0,0.0,-1,-1,61,13,247,15,247,12,247,14,247,10,247,0,0,0,224,6,4,0,128,48,176,234,246,111,247,54,120,0,1,220,6,148,98,160,222,60,42,160,133,132,4,2,131,133,3,4,126,126,157,111,126,126,157,111,255,12,7,15,31,31,7,15,155,147,59,41,128,152,48,71,85,85,5,2,85,85,5,2,3,2,1,0,7,6,5,0,249,150,129,113,93,57,21,9,0,0,4,0,0,232,6,0,0,0,0,2,17,32,170,255,8,255,62,190,2,0,1,7,24,1,11,0,255,72,14,244,170,242,65,13,247,15,247,12,247,14,247,10,247,0,0,0,224,7,4,0,128,50,178,234,246,111,247,53,120,0,1,132,6,148,98,160,222,60,42,160,133,132,4,2,131,133,3,4,126,126,157,111,126,126,157,111,255,8,7,15,31,31,7,15,155,147,59,41,128,152,48,71,85,85,5,2,85,85,5,2,3,2,1,0,7,6,5,0,253,150,133,117,97,61,25,13,0,0,4,0,7,232,6,8,0,0,0,2,24,32,170,255,8,255,62,190,2,0,1,7,24,1,11,0,255,72,14,244,170,242
2026-08-07_09-50-59,1,32,1,0.0,0,0.0,-1,-1,65,13,247,15,247,12,247,14,247,10,247,0,0,0,224,7,4,0,128,50,178,234,246,111,247,53,120,0,1,132,6,148,98,160,222,60,42,160,133,132,4,2,131,133,3,4,126,126,157,111,126,126,157,111,255,8,7,15,31,31,7,15,155,147,59,41,128,152,48,71,85,85,5,2,85,85,5,2,3,2,1,0,7,6,5,0,253,150,133,117,97,61,25,13,0,0,4,0,7,232,6,8,0,0,0,2,24,32,170,255,8,255,62,190,2,0,1,7,24,1,11,0,255,72,14,244,170,242,69,13,247,15,247,12,247,14,247,10,247,0,0,0,224,7,4,0,128,54,182,234,246,111,247,52,120,0,1,44,6,148,98,160,222,60,42,160,133,132,4,2,131,133,3,4,126,126,157,111,126,126,157,111,255,4,7,15,31,31,7,15,155,147,59,41,128,152,48,71,85,85,5,2,85,85,5,2,3,2,1,0,7,6,5,0,255,150,137,121,101,65,29,17,0,0,4,0,3,232,6,4,0,0,0,2,37,32,170,255,8,255,62,190,2,0,1,7,24,1,11,0,255,72,14,244,170,242
2026-08-07_09-50-59,1,33,1,0.0,0,0.0,-1,-1,69,13,247,15,247,12,247,14,247,10,247,0,0,0,224,7,4,0,128,54,182,234,246,111,247,52,120,0,1,44,6,148,98,160,222,60,42,160,133,132,4,2,131,133,3,4,126,126,157,111,126,126,157,111,255,4,7,15,31,31,7,15,155,147,59,41,128,152,48,71,85,85,5,2,85,85,5,2,3,2,1,0,7,6,5,0,255,150,137,121,101,65,29,17,0,0,4,0,3,232,6,4,0,0,0,2,37,32,170,255,8,255,62,190,2,0,1,7,24,1,11,0,255,72,14,244,170,242,73,13,247,15,247,12,247,14,247,10,247,0,0,0,224,8,3,0,128,58,186,234,246,126,247,51,120,0,1,212,148,98,160,222,60,42,160,246,132,4,2,131,133,3,4,2,126,157,111,126,126,157,111,126,0,7,15,31,31,7,15,31,147,59,41,128,152,48,71,36,85,5,2,85,85,5,2,85,2,1,0,7,6,5,0,3,150,141,125,105,69,33,21,1,0,0,4,0,8,232,6,9,0,0,0,2,49,32,170,255,7,255,125,125,85,0,1,7,24,1,11,0,255,72,14,244,170,242
2026-08-07_09-50-59,1,34,1,0.0,0,0.0,-1,-1,73,13,247,15,247,12,247,14,247,10,247,0,0,0,224,8,3,0,128,58,186,234,246,126,247,51,120,0,1,212,148,98,160,222,60,42,160,246,132,4,2,131,133,3,4,2,126,157,111,126,126,157,111,126,0,7,15,31,31,7,15,31,147,59,41,128,152,48,71,36,85,5,2,85,85,5,2,85,2,1,0,7,6,5,0,3,150,141,125,105,69,33,21,1,0,0,4,0,8,232,6,9,0,0,0,2,49,32,170,255,7,255,125,125,85,0,1,7,24,1,11,0,255,72,14,244,170,242,77,13,247,15,247,12,247,14,247,10,247,0,0,0,224,8,3,0,128,62,190,234,246,126,247,50,120,0,1,124,148,98,160,222,60,42,160,246,132,4,2,131,133,3,4,2,126,157,111,126,126,157,111,126,255,7,15,31,31,7,15,31,147,59,41,128,152,48,71,36,85,5,2,85,85,5,2,85,2,1,0,7,6,5,0,3,154,145,129,109,73,37,25,5,0,0,4,0,4,232,6,5,0,0,0,2,56,32,170,255,8,255,125,125,85,0,1,7,24,1,11,0,255,72,14,244,170,242
2026-08-07_09-50-59,1,35,1,0.0,0,0.0,-1,-1,77,13,247,15,247,12,247,14,247,10,247,0,0,0,224,8,3,0,128,62,190,234,246,126,247,50,120,0,1,124,148,98,160,222,60,42,160,246,132,4,2,131,133,3,4,2,126,157,111,126,126,157,111,126,255,7,15,31,31,7,15,31,147,59,41,128,152,48,71,36,85,5,2,85,85,5,2,85,2,1,0,7,6,5,0,3,154,145,129,109,73,37,25,5,0,0,4,0,4,232,6,5,0,0,0,2,56,32,170,255,8,255,125,125,85,0,1,7,24,1,11,0,255,72,14,244,170,242,81,13,247,15,247,12,247,14,247,10,247,0,0,0,224,8,3,0,128,64,192,234,246,126,247,50,120,0,1,36,148,98,160,222,60,42,160,246,132,4,2,131,133,3,4,2,126,157,111,126,126,157,111,126,255,7,15,31,31,7,15,31,147,59,41,128,152,48,71,36,85,5,2,85,85,5,2,85,2,1,0,7,6,5,0,3,158,149,133,113,77,41,29,9,0,0,4,0,0,224,18,1,0,0,0,2,69,32,170,255,8,255,125,125,85,0,1,7,24,1,11,0,255,72,14,244,170,242
2026-08-07_09-50-59,1,36,1,0.0,0,0.0,-1,-1,81,13,247,15,247,12,247,14,247,10,247,0,0,0,224,8,3,0,128,64,192,234,246,126,247,50,120,0,1,36,148,98,160,222,60,42,160,246,132,4,2,131,133,3,4,2,126,157,111,126,126,157,111,126,255,7,15,31,31,7,15,31,147,59,41,128,152,48,71,36,85,5,2,85,85,5,2,85,2,1,0,7,6,5,0,3,158,149,133,113,77,41,29,9,0,0,4,0,0,224,18,1,0,0,0,2,69,32,170,255,8,255,125,125,85,0,1,7,24,1,11,0,255,72,14,244,170,242,85,13,247,15,247,12,247,14,247,10,247,0,0,0,224,9,3,0,128,68,188,234,246,126,247,50,120,0,1,204,148,98,160,222,60,42,160,246,132,4,2,131,133,3,4,2,126,157,111,126,126,157,111,126,255,4,15,31,31,7,15,31,147,59,41,128,152,48,71,36,85,5,2,85,85,5,2,85,2,1,0,7,6,5,0,3,162,150,137,117,81,45,33,13,0,0,4,0,4,224,18,5,0,0,0,2,81,32,170,255,8,255,125,125,85,0,1,7,24,1,11,0,255,72,14,244,170,242
2026-08-07_09-50-59,1,37,1,0.0,0,0.0,-1,-1,85,13,247,15,247,12,247,14,247,10,247,0,0,0,224,9,3,0,128,68,188,234,246,126,247,50,120,0,1,204,148,98,160,222,60,42,160,246,132,4,2,131,133,3,4,2,126,157,111,126,126,157,111,126,255,4,15,31,31,7,15,31,147,59,41,128,152,48,71,36,85,5,2,85,85,5,2,85,2,1,0,7,6,5,0,3,162,150,137,117,81,45,33,13,0,0,4,0,4,224,18,5,0,0,0,2,81,32,170,255,8,255,125,125,85,0,1,7,24,1,11,0,255,72,14,244,170,242,89,13,247,15,247,12,247,14,247,10,247,0,0,0,224,9,3,0,128,72,184,234,246,126,247,50,120,0,1,116,148,98,160,222,60,42,160,246,132,4,2,131,133,3,4,2,126,157,111,126,126,157,111,126,255,0,15,31,31,7,15,31,147,59,41,128,152,48,71,36,85,5,2,85,85,5,2,85,2,1,0,7,6,5,0,3,166,150,141,121,85,49,37,17,0,0,4,0,0,224,18,1,0,0,0,2,88,32,170,255,8,255,125,125,85,0,1,7,24,1,11,0,255,72,14,244,170,242
2026-08-07_09-50-59,1,38,1,0.0,0,0.0,-1,-1,89,13,247,15,247,12,247,14,247,10,247,0,0,0,224,9,3,0,128,72,184,234,246,126,247,50,120,0,1,116,148,98,160,222,60,42,160,246,132,4,2,131,133,3,4,2,126,157,111,126,126,157,111,126,255,0,15,31,31,7,15,31,147,59,41,128,152,48,71,36,85,5,2,85,85,5,2,85,2,1,0,7,6,5,0,3,166,150,141,121,85,49,37,17,0,0,4,0,0,224,18,1,0,0,0,2,88,32,170,255,8,255,125,125,85,0,1,7,24,1,11,0,255,72,14,244,170,242,93,13,247,15,247,12,247,14,247,10,247,0,0,0,224,10,3,0,119,76,180,195,246,126,247,50,120,0,1,28,148,98,160,222,60,42,160,246,132,4,2,131,133,3,4,2,126,157,111,126,126,157,111,126,255,255,15,31,31,7,15,31,147,59,41,128,152,48,71,36,85,5,2,85,85,5,2,85,2,1,0,7,6,5,0,3,170,154,145,125,89,53,41,21,0,0,4,228,0,224,18,0,0,0,0,2,101,25,170,255,8,255,125,125,85,0,1,7,24,1,11,0,255,72,14,244,170,242
2026-08-07_09-50-59,1,39,0,0.0,0,0.0,-1,-1,93,13,247,15,247,12,247,14,247,10,247,0,0,0,224,10,3,0,119,76,180,195,246,126,247,50,120,0,1,28,148,98,160,222,60,42,160,246,132,4,2,131,133,3,4,2,126,157,111,126,126,157,111,126,255,255,15,31,31,7,15,31,147,59,41,128,152,48,71,36,85,5,2,85,85,5,2,85,2,1,0,7,6,5,0,3,170,154,145,125,89,53,41,21,0,0,4,228,0,224,18,0,0,0,0,2,101,25,170,255,8,255,125,125,85,0,1,7,24,1,11,0,255,72,14,244,170,242,97,13,247,15,247,12,247,14,247,10,247,0,0,0,224,10,3,0,123,80,176,195,246,126,247,50,120,0,1,196,148,98,160,222,60,42,160,246,132,4,2,131,133,3,4,2,126,157,111,126,126,157,111,126,255,255,15,31,31,7,15,31,147,59,41,128,152,48,71,36,85,5,2,85,85,5,2,85,2,1,0,7,6,5,0,3,174,158,149,129,93,57,45,25,0,0,4,236,0,232,18,0,0,0,0,2,113,25,170,255,8,255,125,125,85,0,1,7,24,1,11,0,255,72,14,244,170,242
2026-08-07_09-50-59,1,40,0,0.0,0,0.0,-1,-1,97,13,247,15,247,12,247,14,247,10,247,0,0,0,224,10,3,0,123,80,176,195,246,126,247,50,120,0,1,196,148,98,160,222,60,42,160,246,132,4,2,131,133,3,4,2,126,157,111,126,126,157,111,126,255,255,15,31,31,7,15,31,147,59,41,128,152,48,71,36,85,5,2,85,85,5,2,85,2,1,0,7,6,5,0,3,174,158,149,129,93,57,45,25,0,0,4,236,0,232,18,0,0,0,0,2,113,25,170,255,8,255,125,125,85,0,1,7,24,1,11,0,255,72,14,244,170,242,101,13,247,15,247,12,247,14,247,10,247,0,0,0,224,10,3,0,127,80,172,195,246,126,247,50,120,0,1,108,148,98,160,222,60,42,160,246,132,4,2,131,133,3,4,2,126,157,111,126,126,157,111,126,255,255,12,31,31,7,15,31,147,59,41,128,152,48,71,36,85,5,2,85,85,5,2,85,2,1,0,7,6,5,0,3,178,162,150,133,97,61,49,29,0,0,4,244,0,8,2,0,0,0,0,2,120,25,170,255,8,255,125,125,85,0,1,7,24,1,11,0,255,72,14,244,170,242
2026-08-07_09-50-59,1,41,0,0.0,0,0.0,-1,-1,101,13,247,15,247,12,247,14,247,10,247,0,0,0,224,10,3,0,127,80,172,195,246,126,247,50,120,0,1,108,148,98,160,222,60,42,160,246,132,4,2,131,133,3,4,2,126,157,111,126,126,157,111,126,255,255,12,31,31,7,15,31,147,59,41,128,152,48,71,36,85,5,2,85,85,5,2,85,2,1,0,7,6,5,0,3,178,162,150,133,97,61,49,29,0,0,4,244,0,8,2,0,0,0,0,2,120,25,170,255,8,255,125,125,85,0,1,7,24,1,11,0,255,72,14,244,170,242,105,13,247,15,247,12,247,14,247,10,247,0,0,0,224,10,3,0,128,80,168,195,246,126,247,51,120,0,1,20,148,98,160,222,60,42,160,246,132,4,2,131,133,3,4,2,126,157,111,126,126,157,111,126,255,255,9,31,31,7,15,31,147,59,41,128,152,48,71,36,85,5,2,85,85,5,2,85,2,1,0,7,6,5,0,3,181,165,150,136,100,64,52,32,0,0,4,252,0,8,18,0,0,0,0,2,133,25,170,255,8,255,125,125,85,0,1,7,24,1,11,0,255,72,14,244,170,242
2026-08-07_09-50-59,1,42,0,0.0,0,0.0,-1,-1,105,13,247,15,247,12,247,14,247,10,247,0,0,0,224,10,3,0,128,80,168,195,246,126,247,51,120,0,1,20,148,98,160,222,60,42,160,246,132,4,2,131,133,3,4,2,126,157,111,126,126,157,111,126,255,255,9,31,31,7,15,31,147,59,41,128,152,48,71,36,85,5,2,85,85,5,2,85,2,1,0,7,6,5,0,3,181,165,150,136,100,64,52,32,0,0,4,252,0,8,18,0,0,0,0,2,133,25,170,255,8,255,125,125,85,0,1,7,24,1,11,0,255,72,14,244,170,242,109,13,247,15,247,12,247,14,247,10,247,0,0,0,224,10,3,0,128,80,164,195,246,126,247,52,120,0,1,188,148,98,160,222,60,42,160,246,132,4,2,131,133,3,4,2,126,157,111,126,126,157,111,126,255,255,5,31,31,7,15,31,147,59,41,128,152,48,71,36,85,5,2,85,85,5,2,85,2,1,0,7,6,5,0,3,185,169,150,140,104,68,56,36,0,0,4,9,0,8,2,0,0,0,0,2,145,25,170,255,8,255,125,125,85,0,1,7,24,1,11,0,255,72,14,244,170,242
2026-08-07_09-50-59,1,43,0,0.0,0,0.0,-1,-1,109,13,247,15,247,12,247,14,247,10,247,0,0,0,224,10,3,0,128,80,164,195,246,126,247,52,120,0,1,188,148,98,160,222,60,42,160,246,132,4,2,131,133,3,4,2,126,157,111,126,126,157,111,126,255,255,5,31,31,7,15,31,147,59,41,128,152,48,71,36,85,5,2,85,85,5,2,85,2,1,0,7,6,5,0,3,185,169,150,140,104,68,56,36,0,0,4,9,0,8,2,0,0,0,0,2,145,25,170,255,8,255,125,125,85,0,1,7,24,1,11,0,255,72,14,244,170,242,113,13,247,15,247,12,247,14,247,10,247,0,0,0,224,10,2,0,128,80,160,195,246,126,247,53,120,0,1,100,98,160,222,60,42,160,246,36,4,2,131,133,3,4,2,2,157,111,126,126,157,111,126,126,255,2,31,31,7,15,31,31,59,41,128,152,48,71,36,33,5,2,85,85,5,2,85,85,1,0,7,6,5,0,3,2,172,150,143,107,71,59,39,3,0,0,4,5,0,8,18,0,0,0,0,2,152,25,170,255,7,255,250,250,85,0,1,7,24,1,11,0,255,72,14,244,170,242
2026-08-07_09-50-59,1,44,0,0.0,0,0.0,-1,-1,113,13,247,15,247,12,247,14,247,10,247,0,0,0,224,10,2,0,128,80,160,195,246,126,247,53,120,0,1,100,98,160,222,60,42,160,246,36,4,2,131,133,3,4,2,2,157,111,126,126,157,111,126,126,255,2,31,31,7,15,31,31,59,41,128,152,48,71,36,33,5,2,85,85,5,2,85,85,1,0,7,6,5,0,3,2,172,150,143,107,71,59,39,3,0,0,4,5,0,8,18,0,0,0,0,2,152,25,170,255,7,255,250,250,85,0,1,7,24,1,11,0,255,72,14,244,170,242,117,13,247,15,247,12,247,14,247,10,247,0,0,0,224,10,2,0,128,80,160,195,246,126,247,54,120,0,1,12,98,160,222,60,42,160,246,36,4,2,131,133,3,4,2,2,157,111,126,126,157,111,126,126,255,255,31,31,7,15,31,31,59,41,128,152,48,71,36,33,5,2,85,85,5,2,85,85,1,0,7,6,5,0,3,2,176,152,147,111,75,63,43,7,0,0,4,1,0,8,2,0,0,0,0,3,5,25,170,255,8,255,250,250,85,0,1,7,24,1,11,0,255,72,14,244,170,242
2026-08-07_09-50-59,1,45,0,0.0,0,0.0,-1,-1,117,13,247,15,247,12,247,14,247,10,247,0,0,0,224,10,2,0,128,80,160,195,246,126,247,54,120,0,1,12,98,160,222,60,42,160,246,36,4,2,131,133,3,4,2,2,157,111,126,126,157,111,126,126,255,255,31,31,7,15,31,31,59,41,128,152,48,71,36,33,5,2,85,85,5,2,85,85,1,0,7,6,5,0,3,2,176,152,147,111,75,63,43,7,0,0,4,1,0,8,2,0,0,0,0,3,5,25,170,255,8,255,250,250,85,0,1,7,24,1,11,0,255,72,14,244,170,242,121,13,247,15,247,12,247,14,247,10,247,0,0,0,224,10,2,0,128,80,160,195,246,126,247,55,120,0,1,180,98,160,222,60,42,160,246,36,4,2,131,133,3,4,2,2,157,111,126,126,157,111,126,126,255,255,31,31,7,15,31,31,59,41,128,152,48,71,36,33,5,2,85,85,5,2,85,85,1,0,7,6,5,0,3,2,179,155,150,114,78,66,46,10,0,0,4,0,0,8,18,0,0,0,0,3,17,25,170,255,8,255,250,250,85,0,1,7,24,1,11,0,255,72,14,244,170,242
2026-08-07_09-50-59,1,46,0,0.0,0,0.0,-1,-1,121,13,247,15,247,12,247,14,247,10,247,0,0,0,224,10,2,0,128,80,160,195,246,126,247,55,120,0,1,180,98,160,222,60,42,160,246,36,4,2,131,133,3,4,2,2,157,111,126,126,157,111,126,126,255,255,31,31,7,15,31,31,59,41,128,152,48,71,36,33,5,2,85,85,5,2,85,85,1,0,7,6,5,0,3,2,179,155,150,114,78,66,46,10,0,0,4,0,0,8,18,0,0,0,0,3,17,25,170,255,8,255,250,250,85,0,1,7,24,1,11,0,255,72,14,244,170,242,125,13,247,15,247,12,247,14,247,10,247,0,0,0,224,10,2,0,128,80,160,195,246,126,247,56,120,0,1,92,98,160,222,60,42,160,246,36,4,2,131,133,3,4,2,2,157,111,126,126,157,111,126,126,255,255,27,31,7,15,31,31,59,41,128,152,48,71,36,33,5,2,85,85,5,2,85,85,1,0,7,6,5,0,3,2,183,159,150,118,82,70,50,14,0,0,4,0,0,8,2,0,0,0,0,3,24,25,170,255,8,255,250,250,85,0,1,7,24,1,11,0,255,72,14,244,170,242
2026-08-07_09-50-59,1,47,0,0.0,0,0.0,-1,-1,125,13,247,15,247,12,247,14,247,10,247,0,0,0,224,10,2,0,128,80,160,195,246,126,247,56,120,0,1,92,98,160,222,60,42,160,246,36,4,2,131,133,3,4,2,2,157,111,126,126,157,111,126,126,255,255,27,31,7,15,31,31,59,41,128,152,48,71,36,33,5,2,85,85,5,2,85,85,1,0,7,6,5,0,3,2,183,159,150,118,82,70,50,14,0,0,4,0,0,8,2,0,0,0,0,3,24,25,170,255,8,255,250,250,85,0,1,7,24,1,11,0,255,72,14,244,170,242,129,13,247,15,247,12,247,14,247,10,247,0,0,0,224,10,2,0,128,80,160,195,246,126,247,57,120,0,1,4,98,160,222,60,42,160,246,36,4,2,131,133,3,4,2,2,157,111,126,126,157,111,126,126,255,255,24,31,7,15,31,31,59,41,128,152,48,71,36,33,5,2,85,85,5,2,85,85,1,0,7,6,5,0,3,2,186,162,150,121,85,73,53,17,0,0,4,0,0,8,18,0,0,0,0,3,37,25,170,255,8,255,250,250,85,0,1,7,24,1,11,0,255,72,14,244,170,242
2026-08-07_09-50-59,1,48,0,0.0,0,0.0,-1,-1,129,13,247,15,247,12,247,14,247,10,247,0,0,0,224,10,2,0,128,80,160,195,246,126,247,57,120,0,1,4,98,160,222,60,42,160,246,36,4,2,131,133,3,4,2,2,157,111,126,126,157,111,126,126,255,255,24,31,7,15,31,31,59,41,128,152,48,71,36,33,5,2,85,85,5,2,85,85,1,0,7,6,5,0,3,2,186,162,150,121,85,73,53,17,0,0,4,0,0,8,18,0,0,0,0,3,37,25,170,255,8,255,250,250,85,0,1,7,24,1,11,0,255,72,14,244,170,242,133,13,247,15,247,12,247,14,247,10,247,0,0,0,224,10,2,0,128,80,160,195,246,126,247,58,120,0,1,172,98,160,222,60,42,160,246,36,4,2,131,133,3,4,2,2,157,111,126,126,157,111,126,126,255,255,20,31,7,15,31,31,59,41,128,152,48,71,36,33,5,2,85,85,5,2,85,85,1,0,7,6,5,0,3,2,190,166,150,125,89,77,57,21,0,0,4,0,0,8,2,0,0,0,0,3,49,25,170,255,8,255,250,250,85,0,1,7,24,1,11,0,255,72,14,244,170,242
2026-08-07_09-50-59,1,49,0,0.0,0,0.0,-1,-1,133,13,247,15,247,12,247,14,247,10,247,0,0,0,224,10,2,0,128,80,160,195,246,126,247,58,120,0,1,172,98,160,222,60,42,160,246,36,4,2,131,133,3,4,2,2,157,111,126,126,157,111,126,126,255,255,20,31,7,15,31,31,59,41,128,152,48,71,36,33,5,2,85,85,5,2,85,85,1,0,7,6,5,0,3,2,190,166,150,125,89,77,57,21,0,0,4,0,0,8,2,0,0,0,0,3,49,25,170,255,8,255,250,250,85,0,1,7,24,1,11,0,255,72,14,244,170,242,137,13,247,15,247,12,247,14,247,10,247,0,0,0,224,10,2,0,128,80,160,195,246,126,247,59,120,0,1,84,98,160,222,60,42,160,246,36,4,2,131,133,3,4,2,2,157,111,126,126,157,111,126,126,255,255,17,31,7,15,31,31,59,41,128,152,48,71,36,33,5,2,85,85,5,2,85,85,1,0,7,6,5,0,3,2,193,169,150,128,92,80,60,24,0,0,4,0,0,8,18,0,0,0,0,3,56,25,170,255,8,255,250,250,85,0,1,7,24,1,11,0,255,72,14,244,170,242
2026-08-07_09-50-59,1,50,0,0.0,0,0.0,-1,-1,137,13,247,15,247,12,247,14,247,10,247,0,0,0,224,10,2,0,128,80,160,195,246,126,247,59,120,0,1,84,98,160,222,60,42,160,246,36,4,2,131,133,3,4,2,2,157,111,126,126,157,111,126,126,255,255,17,31,7,15,31,31,59,41,128,152,48,71,36,33,5,2,85,85,5,2,85,85,1,0,7,6,5,0,3,2,193,169,150,128,92,80,60,24,0,0,4,0,0,8,18,0,0,0,0,3,56,25,170,255,8,255,250,250,85,0,1,7,24,1,11,0,255,72,14,244,170,242,141,13,247,15,247,12,247,14,247,10,247,0,0,0,224,10,2,0,128,80,160,195,246,126,247,60,120,0,1,252,98,160,46,60,42,160,246,36,4,2,131,133,3,4,2,2,157,111,126,126,157,111,126,126,255,255,13,31,7,15,31,31,59,41,123,152,48,71,36,33,5,2,85,85,5,2,85,85,1,0,7,6,5,0,3,2,197,173,150,132,96,84,64,28,0,0,4,0,0,8,2,0,0,0,0,3,68,25,170,255,8,255,250,250,85,0,1,7,24,1,11,0,255,72,14,244,170,242
2026-08-07_09-50-59,1,51,0,0.0,0,0.0,-1,-1,141,13,247,15,247,12,247,14,247,10,247,0,0,0,224,10,2,0,128,80,160,195,246,126,247,60,120,0,1,252,98,160,46,60,42,160,246,36,4,2,131,133,3,4,2,2,157,111,126,126,157,111,126,126,255,255,13,31,7,15,31,31,59,41,123,152,48,71,36,33,5,2,85,85,5,2,85,85,1,0,7,6,5,0,3,2,197,173,150,132,96,84,64,28,0,0,4,0,0,8,2,0,0,0,0,3,68,25,170,255,8,255,250,250,85,0,1,7,24,1,11,0,255,72,14,244,170,242,145,13,247,15,247,12,247,14,247,10,247,0,0,0,224,10,2,0,128,80,160,195,246,126,247,61,120,0,1,164,98,160,46,60,42,160,246,36,4,2,131,133,3,4,2,2,157,111,126,126,157,111,126,126,255,255,10,31,7,15,31,31,59,41,123,152,48,71,36,33,5,2,85,85,5,2,85,85,1,0,7,6,5,0,3,2,200,176,150,135,99,87,67,31,0,0,4,0,0,8,18,0,0,0,0,3,81,25,170,255,8,255,250,250,85,0,1,7,24,1,11,0,255,72,14,244,170,242
2026-08-07_09-50-59,1,52,0,0.0,0,0.0,-1,-1,145,13,247,15,247,12,247,14,247,10,247,0,0,0,224,10,2,0,128,80,160,195,246,126,247,61,120,0,1,164,98,160,46,60,42,160,246,36,4,2,131,133,3,4,2,2,157,111,126,126,157,111,126,126,255,255,10,31,7,15,31,31,59,41,123,152,48,71,36,33,5,2,85,85,5,2,85,85,1,0,7,6,5,0,3,2,200,176,150,135,99,87,67,31,0,0,4,0,0,8,18,0,0,0,0,3,81,25,170,255,8,255,250,250,85,0,1,7,24,1,11,0,255,72,14,244,170,242,149,13,247,15,247,12,247,14,247,10,247,0,0,0,224,10,2,0,128,80,160,195,246,126,247,62,120,0,1,76,98,160,46,60,42,160,246,36,4,2,131,133,3,4,2,2,157,111,126,126,157,111,126,126,255,255,6,31,7,15,31,31,59,41,123,152,48,71,36,33,5,2,85,85,5,2,85,85,1,0,7,6,5,0,3,2,204,180,150,139,103,91,71,35,0,0,4,0,0,8,2,0,0,0,0,3,88,25,170,255,8,255,250,250,85,0,1,7,24,1,11,0,255,72,14,244,170,242
2026-08-07_09-50-59,1,53,0,0.0,0,0.0,-1,-1,149,13,247,15,247,12,247,14,247,10,247,0,0,0,224,10,2,0,128,80,160,195,246,126,247,62,120,0,1,76,98,160,46,60,42,160,246,36,4,2,131,133,3,4,2,2,157,111,126,126,157,111,126,126,255,255,6,31,7,15,31,31,59,41,123,152,48,71,36,33,5,2,85,85,5,2,85,85,1,0,7,6,5,0,3,2,204,180,150,139,103,91,71,35,0,0,4,0,0,8,2,0,0,0,0,3,88,25,170,255,8,255,250,250,85,0,1,7,24,1,11,0,255,72,14,244,170,242,153,13,247,15,247,12,247,14,247,10,247,0,0,0,224,10,1,0,128,80,160,195,246,157,247,63,120,0,1,244,160,46,60,42,160,246,36,194,2,131,133,3,4,2,2,129,111,126,126,157,111,126,126,157,255,3,31,7,15,31,31,7,41,123,152,48,71,36,33,99,2,85,85,5,2,85,85,5,0,7,6,5,0,3,2,1,183,150,142,106,94,74,38,2,0,0,4,0,0,8,18,0,0,0,0,3,100,25,170,255,7,255,245,244,5,0,1,7,24,1,11,0,255,72,14,244,170,242
2026-08-07_09-50-59,1,54,0,0.0,0,0.0,-1,-1,153,13,247,15,247,12,247,14,247,10,247,0,0,0,224,10,1,0,128,80,160,195,246,157,247,63,120,0,1,244,160,46,60,42,160,246,36,194,2,131,133,3,4,2,2,129,111,126,126,157,111,126,126,157,255,3,31,7,15,31,31,7,41,123,152,48,71,36,33,99,2,85,85,5,2,85,85,5,0,7,6,5,0,3,2,1,183,150,142,106,94,74,38,2,0,0,4,0,0,8,18,0,0,0,0,3,100,25,170,255,7,255,245,244,5,0,1,7,24,1,11,0,255,72,14,244,170,242,157,13,247,15,247,12,247,14,247,10,247,0,0,0,224,10,1,0,128,80,160,195,246,157,247,64,120,0,1,156,160,46,60,42,160,246,36,194,2,131,133,3,4,2,2,129,111,126,126,157,111,126,126,157,255,255,31,7,15,31,31,7,41,123,152,48,71,36,33,99,2,85,85,5,2,85,85,5,0,7,6,5,0,3,2,1,187,151,146,110,98,78,42,6,0,0,4,0,0,8,2,0,0,0,0,3,113,25,170,255,8,255,245,244,5,0,1,7,24,1,11,0,255,72,14,244,170,242
2026-08-07_09-50-59,1,55,0,0.0,0,0.0,-1,-1,157,13,247,15,247,12,247,14,247,10,247,0,0,0,224,10,1,0,128,80,160,195,246,157,247,64,120,0,1,156,160,46,60,42,160,246,36,194,2,131,133,3,4,2,2,129,111,126,126,157,111,126,126,157,255,255,31,7,15,31,31,7,41,123,152,48,71,36,33,99,2,85,85,5,2,85,85,5,0,7,6,5,0,3,2,1,187,151,146,110,98,78,42,6,0,0,4,0,0,8,2,0,0,0,0,3,113,25,170,255,8,255,245,244,5,0,1,7,24,1,11,0,255,72,14,244,170,242,161,13,247,15,247,12,247,14,247,10,247,0,0,0,224,10,1,0,128,80,160,195,246,157,247,65,120,0,1,68,160,46,60,42,160,246,36,194,2,131,133,3,4,2,2,129,111,126,126,157,111,126,126,157,255,255,31,7,15,31,31,7,41,123,152,48,71,36,33,99,2,85,85,5,2,85,85,5,0,7,6,5,0,3,2,1,190,154,149,113,101,81,45,9,0,0,4,0,0,8,18,0,0,0,0,3,120,25,170,255,8,255,245,244,5,0,1,7,24,1,11,0,255,72,14,244,170,242
2026-08-07_09-50-59,1,56,0,0.0,0,0.0,-1,-1,161,13,247,15,247,12,247,14,247,10,247,0,0,0,224,10,1,0,128,80,160,195,246,157,247,65,120,0,1,68,160,46,60,42,160,246,36,194,2,131,133,3,4,2,2,129,111,126,126,157,111,126,126,157,255,255,31,7,15,31,31,7,41,123,152,48,71,36,33,99,2,85,85,5,2,85,85,5,0,7,6,5,0,3,2,1,190,154,149,113,101,81,45,9,0,0,4,0,0,8,18,0,0,0,0,3,120,25,170,255,8,255,245,244,5,0,1,7,24,1,11,0,255,72,14,244,170,242,165,13,247,15,247,12,247,14,247,10,247,0,0,0,224,10,0,0,128,80,160,195,246,111,247,66,120,0,1,236,46,60,42,160,246,36,194,16,131,133,3,4,2,2,129,128,126,126,157,111,126,126,157,111,255,28,7,15,31,31,7,15,123,152,48,71,36,33,99,79,85,85,5,2,85,85,5,2,7,6,5,0,3,2,1,0,158,150,117,105,85,49,13,1,0,0,4,0,0,8,2,0,0,0,0,3,132,25,170,255,7,255,235,232,2,0,1,7,24,1,11,0,255,72,14,244,170,242
2026-08-07_09-50-59,1,57,0,0.0,0,0.0,-1,-1,165,13,247,15,247,12,247,14,247,10,247,0,0,0,224,10,0,0,128,80,160,195,246,111,247,66,120,0,1,236,46,60,42,160,246,36,194,16,131,133,3,4,2,2,129,128,126,126,157,111,126,126,157,111,255,28,7,15,31,31,7,15,123,152,48,71,36,33,99,79,85,85,5,2,85,85,5,2,7,6,5,0,3,2,1,0,158,150,117,105,85,49,13,1,0,0,4,0,0,8,2,0,0,0,0,3,132,25,170,255,7,255,235,232,2,0,1,7,24,1,11,0,255,72,14,244,170,242,169,13,247,15,247,12,247,14,247,10,247,0,0,0,224,10,0,0,128,80,160,195,246,111,247,67,120,0,1,148,46,60,42,160,246,36,194,16,131,133,3,4,2,2,129,128,126,126,157,111,126,126,157,111,255,25,7,15,31,31,7,15,123,152,48,71,36,33,99,79,85,85,5,2,85,85,5,2,7,6,5,0,3,2,1,0,161,150,120,108,88,52,16,4,0,0,4,0,0,8,18,0,0,0,0,3,145,25,170,255,8,255,235,232,2,0,1,7,24,1,11,0,255,72,14,244,170,242
2026-08-07_09-50-59,1,58,0,0.0,0,0.0,-1,-1,169,13,247,15,247,12,247,14,247,10,247,0,0,0,224,10,0,0,128,80,160,195,246,111,247,67,120,0,1,148,46,60,42,160,246,36,194,16,131,133,3,4,2,2,129,128,126,126,157,111,126,126,157,111,255,25,7,15,31,31,7,15,123,152,48,71,36,33,99,79,85,85,5,2,85,85,5,2,7,6,5,0,3,2,1,0,161,150,120,108,88,52,16,4,0,0,4,0,0,8,18,0,0,0,0,3,145,25,170,255,8,255,235,232,2,0,1,7,24,1,11,0,255,72,14,244,170,242,173,13,247,15,247,12,247,14,247,10,247,0,0,0,224,10,0,0,128,80,160,195,246,111,247,68,120,0,1,60,46,60,42,160,246,36,194,16,131,133,3,4,2,2,129,128,126,126,157,111,126,126,157,111,255,21,7,15,31,31,7,15,123,152,48,71,36,33,99,79,85,85,5,2,85,85,5,2,7,6,5,0,3,2,1,0,165,150,124,112,92,56,20,8,0,0,4,0,0,8,2,0,0,0,0,3,152,25,170,255,8,255,235,232,2,0,1,7,24,1,11,0,255,72,14,244,170,242
2026-08-07_09-50-59,1,59,0,0.0,0,0.0,-1,-1,173,13,247,15,247,12,247,14,247,10,247,0,0,0,224,10,0,0,128,80,160,195,246,111,247,68,120,0,1,60,46,60,42,160,246,36,194,16,131,133,3,4,2,2,129,128,126,126,157,111,126,126,157,111,255,21,7,15,31,31,7,15,123,152,48,71,36,33,99,79,85,85,5,2,85,85,5,2,7,6,5,0,3,2,1,0,165,150,124,112,92,56,20,8,0,0,4,0,0,8,2,0,0,0,0,3,152,25,170,255,8,255,235,232,2,0,1,7,24,1,11,0,255,72,14,244,170,242,177,13,247,15,247,12,247,14,247,10,247,0,0,0,224,10,0,0,128,80,160,195,246,111,247,69,120,0,1,228,46,60,42,160,246,36,194,16,131,133,3,4,2,2,129,128,126,126,157,111,126,126,157,111,255,18,7,15,31,31,7,15,123,152,48,71,36,33,99,79,85,85,5,2,85,85,5,2,7,6,5,0,3,2,1,0,168,150,127,115,95,59,23,11,0,0,4,0,0,8,18,0,0,0,0,4,4,25,170,255,8,255,235,232,2,0,1,7,24,1,11,0,255,72,14,244,170,242
2026-08-07_09-50-59,1,60,0,0.0,0,0.0,-1,-1,177,13,247,15,247,12,247,14,247,10,247,0,0,0,224,10,0,0,128,80,160,195,246,111,247,69,120,0,1,228,46,60,42,160,246,36,194,16,131,133,3,4,2,2,129,128,126,126,157,111,126,126,157,111,255,18,7,15,31,31,7,15,123,152,48,71,36,33,99,79,85,85,5,2,85,85,5,2,7,6,5,0,3,2,1,0,168,150,127,115,95,59,23,11,0,0,4,0,0,8,18,0,0,0,0,4,4,25,170,255,8,255,235,232,2,0,1,7,24,1,11,0,255,72,14,244,170,242,181,13,247,15,247,12,247,14,247,10,247,0,0,0,224,10,0,0,128,80,160,195,246,111,247,70,120,0,1,140,46,156,42,160,246,36,194,16,131,132,3,4,2,2,129,128,126,126,157,111,126,126,157,111,255,14,7,15,31,31,7,15,123,147,48,71,36,33,99,79,85,85,5,2,85,85,5,2,7,6,5,0,3,2,1,0,172,150,131,119,99,63,27,15,0,0,4,0,0,8,2,0,0,0,0,4,17,25,170,255,8,255,235,232,2,0,1,7,24,1,11,0,255,72,14,244,170,242
2026-08-07_09-50-59,1,61,0,0.0,0,0.0,-1,-1,181,13,247,15,247,12,247,14,247,10,247,0,0,0,224,10,0,0,128,80,160,195,246,111,247,70,120,0,1,140,46,156,42,160,246,36,194,16,131,132,3,4,2,2,129,128,126,126,157,111,126,126,157,111,255,14,7,15,31,31,7,15,123,147,48,71,36,33,99,79,85,85,5,2,85,85,5,2,7,6,5,0,3,2,1,0,172,150,131,119,99,63,27,15,0,0,4,0,0,8,2,0,0,0,0,4,17,25,170,255,8,255,235,232,2,0,1,7,24,1,11,0,255,72,14,244,170,242,185,13,247,15,247,12,247,14,247,10,247,0,0,0,224,10,0,0,128,80,160,195,246,111,247,71,120,0,1,52,46,156,42,160,246,36,194,16,131,132,3,4,2,2,129,128,126,126,157,111,126,126,157,111,255,11,7,15,31,31,7,15,123,147,48,71,36,33,99,79,85,85,5,2,85,85,5,2,7,6,5,0,3,2,1,0,175,150,134,122,102,66,30,18,0,0,4,0,0,8,18,0,0,0,0,4,24,25,170,255,8,255,235,232,2,0,1,7,24,1,11,0,255,72,14,244,170,242
2026-08-07_09-50-59,1,62,0,0.0,0,0.0,-1,-1,185,13,247,15,247,12,247,14,247,10,247,0,0,0,224,10,0,0,128,80,160,195,246,111,247,71,120,0,1,52,46,156,42,160,246,36,194,16,131,132,3,4,2,2,129,128,126,126,157,111,126,126,157,111,255,11,7,15,31,31,7,15,123,147,48,71,36,33,99,79,85,85,5,2,85,85,5,2,7,6,5,0,3,2,1,0,175,150,134,122,102,66,30,18,0,0,4,0,0,8,18,0,0,0,0,4,24,25,170,255,8,255,235,232,2,0,1,7,24,1,11,0,255,72,14,244,170,242,189,13,247,15,247,12,247,14,247,10,247,0,0,0,224,10,7,0,128,80,160,195,246,126,247,72,120,1,0,220,156,42,160,246,36,194,16,206,132,3,4,2,2,129,128,133,126,157,111,126,126,157,111,126,7,7,15,31,31,7,15,31,147,48,71,36,33,99,79,159,85,5,2,85,85,5,2,85,6,5,0,3,2,1,0,7,150,138,126,106,70,34,22,2,0,0,4,0,0,8,2,0,0,0,0,4,36,25,170,255,7,255,215,208,85,0,1,135,24,1,11,0,255,72,14,244,170,242
2026-08-07_09-50-59,1,63,0,0.0,0,0.0,-1,-1,189,13,247,15,247,12,247,14,247,10,247,0,0,0,224,10,7,0,128,80,160,195,246,126,247,72,120,1,0,220,156,42,160,246,36,194,16,206,132,3,4,2,2,129,128,133,126,157,111,126,126,157,111,126,7,7,15,31,31,7,15,31,147,48,71,36,33,99,79,159,85,5,2,85,85,5,2,85,6,5,0,3,2,1,0,7,150,138,126,106,70,34,22,2,0,0,4,0,0,8,2,0,0,0,0,4,36,25,170,255,7,255,215,208,85,0,1,135,24,1,11,0,255,72,14,244,170,242,193,13,247,15,247,12,247,14,247,10,247,0,0,0,224,10,7,0,128,80,160,195,246,126,247,73,120,1,0,132,156,42,160,246,36,194,16,206,132,3,4,2,2,129,128,133,126,157,111,126,126,157,111,126,4,7,15,31,31,7,15,31,147,48,71,36,33,99,79,159,85,5,2,85,85,5,2,85,6,5,0,3,2,1,0,7,150,141,129,109,73,37,25,5,0,0,4,0,0,8,18,0,0,0,0,4,49,25,170,255,8,255,215,208,85,0,1,135,24,1,11,0,255,72,14,244,170,242
2026-08-07_09-50-59,1,64,0,0.0,0,0.0,-1,-1,193,13,247,15,247,12,247,14,247,10,247,0,0,0,224,10,7,0,128,80,160,195,246,126,247,73,120,1,0,132,156,42,160,246,36,194,16,206,132,3,4,2,2,129,128,133,126,157,111,126,126,157,111,126,4,7,15,31,31,7,15,31,147,48,71,36,33,99,79,159,85,5,2,85,85,5,2,85,6,5,0,3,2,1,0,7,150,141,129,109,73,37,25,5,0,0,4,0,0,8,18,0,0,0,0,4,49,25,170,255,8,255,215,208,85,0,1,135,24,1,11,0,255,72,14,244,170,242,197,13,247,15,247,12,247,14,247,10,247,0,0,0,224,10,7,0,128,80,160,195,246,126,247,74,120,1,0,44,156,42,160,246,36,194,16,206,132,3,4,2,2,129,128,133,126,157,111,126,126,157,111,126,0,7,15,31,31,7,15,31,147,48,71,36,33,99,79,159,85,5,2,85,85,5,2,85,6,5,0,3,2,1,0,7,150,145,133,113,77,41,29,9,0,0,4,0,0,8,2,0,0,0,0,4,56,25,170,255,8,255,215,208,85,0,1,135,24,1,11,0,255,72,14,244,170,242
2026-08-07_09-50-59,1,65,0,0.0,0,0.0,-1,-1,197,13,247,15,247,12,247,14,247,10,247,0,0,0,224,10,7,0,128,80,160,195,246,126,247,74,120,1,0,44,156,42,160,246,36,194,16,206,132,3,4,2,2,129,128,133,126,157,111,126,126,157,111,126,0,7,15,31,31,7,15,31,147,48,71,36,33,99,79,159,85,5,2,85,85,5,2,85,6,5,0,3,2,1,0,7,150,145,133,113,77,41,29,9,0,0,4,0,0,8,2,0,0,0,0,4,56,25,170,255,8,255,215,208,85,0,1,135,24,1,11,0,255,72,14,244,170,242,201,13,247,15,247,12,247,14,247,10,247,0,0,0,224,10,7,0,128,80,160,195,246,126,247,75,120,1,0,212,156,42,160,246,36,194,16,206,132,3,4,2,2,129,128,133,126,157,111,126,126,157,111,126,255,7,15,31,31,7,15,31,147,48,71,36,33,99,79,159,85,5,2,85,85,5,2,85,6,5,0,3,2,1,0,7,153,148,136,116,80,44,32,12,0,0,4,0,0,8,18,0,0,0,0,4,68,25,170,255,8,255,215,208,85,0,1,135,24,1,11,0,255,72,14,244,170,242
2026-08-07_09-50-59,1,66,0,0.0,0,0.0,-1,-1,201,13,247,15,247,12,247,14,247,10,247,0,0,0,224,10,7,0,128,80,160,195,246,126,247,75,120,1,0,212,156,42,160,246,36,194,16,206,132,3,4,2,2,129,128,133,126,157,111,126,126,157,111,126,255,7,15,31,31,7,15,31,147,48,71,36,33,99,79,159,85,5,2,85,85,5,2,85,6,5,0,3,2,1,0,7,153,148,136,116,80,44,32,12,0,0,4,0,0,8,18,0,0,0,0,4,68,25,170,255,8,255,215,208,85,0,1,135,24,1,11,0,255,72,14,244,170,242,205,13,247,15,247,12,247,14,247,10,247,0,0,0,224,10,7,0,128,80,160,195,246,126,247,76,120,1,0,124,156,42,160,246,36,194,16,206,132,3,4,2,2,129,128,133,126,157,111,126,126,157,111,126,255,5,15,31,31,7,15,31,147,48,71,36,33,99,79,159,85,5,2,85,85,5,2,85,6,5,0,3,2,1,0,7,157,150,140,120,84,48,36,16,0,0,4,0,0,8,2,0,0,0,0,4,81,25,170,255,8,255,215,208,85,0,1,7,24,1,11,0,255,72,14,244,170,242
2026-08-07_09-50-59,1,67,0,0.0,0,0.0,-1,-1,205,13,247,15,247,12,247,14,247,10,247,0,0,0,224,10,7,0,128,80,160,195,246,126,247,76,120,1,0,124,156,42,160,246,36,194,16,206,132,3,4,2,2,129,128,133,126,157,111,126,126,157,111,126,255,5,15,31,31,7,15,31,147,48,71,36,33,99,79,159,85,5,2,85,85,5,2,85,6,5,0,3,2,1,0,7,157,150,140,120,84,48,36,16,0,0,4,0,0,8,2,0,0,0,0,4,81,25,170,255,8,255,215,208,85,0,1,7,24,1,11,0,255,72,14,244,170,242,209,13,247,15,247,12,247,14,247,10,247,0,0,0,224,10,7,0,117,80,160,195,246,126,247,77,120,1,0,36,156,42,160,246,36,194,16,206,132,3,4,2,2,129,128,133,126,157,111,126,126,157,111,126,255,2,15,31,31,7,15,31,147,48,71,36,33,99,79,159,85,5,2,85,85,5,2,85,6,5,0,3,2,1,0,7,160,150,143,123,87,51,39,19,0,0,4,224,0,8,18,0,0,0,0,4,88,24,170,255,8,255,215,208,85,0,1,7,24,1,11,0,255,72,14,244,170,242
2026-08-07_09-50-59,1,68,0,0.0,0,0.0,-1,-1,209,13,247,15,247,12,247,14,247,10,247,0,0,0,224,10,7,0,117,80,160,195,246,126,247,77,120,1,0,36,156,42,160,246,36,194,16,206,132,3,4,2,2,129,128,133,126,157,111,126,126,157,111,126,255,2,15,31,31,7,15,31,147,48,71,36,33,99,79,159,85,5,2,85,85,5,2,85,6,5,0,3,2,1,0,7,160,150,143,123,87,51,39,19,0,0,4,224,0,8,18,0,0,0,0,4,88,24,170,255,8,255,215,208,85,0,1,7,24,1,11,0,255,72,14,244,170,242,213,13,247,15,247,12,247,14,247,10,247,0,0,0,224,10,7,0,121,80,160,195,246,126,247,78,120,1,0,204,156,42,160,246,36,194,16,206,132,3,4,2,2,129,128,133,126,157,111,126,126,157,111,126,255,255,15,31,31,7,15,31,147,48,71,36,33,99,79,159,85,5,2,85,85,5,2,85,6,5,0,3,2,1,0,7,164,152,147,127,91,55,43,23,0,0,4,232,0,8,2,0,0,0,0,4,100,24,170,255,8,255,215,208,85,0,1,7,24,1,11,0,255,72,14,244,170,242
2026-08-07_09-50-59,1,69,0,0.0,0,0.0,-1,-1,213,13,247,15,247,12,247,14,247,10,247,0,0,0,224,10,7,0,121,80,160,195,246,126,247,78,120,1,0,204,156,42,160,246,36,194,16,206,132,3,4,2,2,129,128,133,126,157,111,126,126,157,111,126,255,255,15,31,31,7,15,31,147,48,71,36,33,99,79,159,85,5,2,85,85,5,2,85,6,5,0,3,2,1,0,7,164,152,147,127,91,55,43,23,0,0,4,232,0,8,2,0,0,0,0,4,100,24,170,255,8,255,215,208,85,0,1,7,24,1,11,0,255,72,14,244,170,242,217,13,247,15,247,12,247,14,247,10,247,0,0,0,224,10,7,0,124,80,160,195,246,126,247,79,120,1,0,116,156,42,160,246,36,194,16,206,132,3,4,2,2,129,128,133,126,157,111,126,126,157,111,126,255,255,15,31,31,7,15,31,147,48,71,36,33,99,79,159,85,5,2,85,85,5,2,85,6,5,0,3,2,1,0,7,167,155,150,130,94,58,46,26,0,0,4,240,0,8,18,0,0,0,0,4,113,24,170,255,8,255,215,208,85,0,1,7,24,1,11,0,255,72,14,244,170,242
2026-08-07_09-50-59,1,70,0,0.0,0,0.0,-1,-1,217,13,247,15,247,12,247,14,247,10,247,0,0,0,224,10,7,0,124,80,160,195,246,126,247,79,120,1,0,116,156,42,160,246,36,194,16,206,132,3,4,2,2,129,128,133,126,157,111,126,126,157,111,126,255,255,15,31,31,7,15,31,147,48,71,36,33,99,79,159,85,5,2,85,85,5,2,85,6,5,0,3,2,1,0,7,167,155,150,130,94,58,46,26,0,0,4,240,0,8,18,0,0,0,0,4,113,24,170,255,8,255,215,208,85,0,1,7,24,1,11,0,255,72,14,244,170,242,221,13,247,15,247,12,247,14,247,10,247,0,0,0,224,10,7,0,128,80,160,195,246,126,247,80,120,1,0,28,156,42,160,246,36,194,16,206,132,3,4,2,2,129,128,133,126,157,111,126,126,157,111,126,255,255,11,31,31,7,15,31,147,48,71,36,33,99,79,159,85,5,2,85,85,5,2,85,6,5,0,3,2,1,0,7,171,159,150,134,98,62,50,30,0,0,4,248,0,8,2,0,0,0,0,4,120,24,170,255,8,255,215,208,85,0,1,7,24,1,11,0,255,72,14,244,170,242
2026-08-07_09-50-59,1,71,0,0.0,0,0.0,-1,-1,221,13,247,15,247,12,247,14,247,10,247,0,0,0,224,10,7,0,128,80,160,195,246,126,247,80,120,1,0,28,156,42,160,246,36,194,16,206,132,3,4,2,2,129,128,133,126,157,111,126,126,157,111,126,255,255,11,31,31,7,15,31,147,48,71,36,33,99,79,159,85,5,2,85,85,5,2,85,6,5,0,3,2,1,0,7,171,159,150,134,98,62,50,30,0,0,4,248,0,8,2,0,0,0,0,4,120,24,170,255,8,255,215,208,85,0,1,7,24,1,11,0,255,72,14,244,170,242,225,13,247,15,247,12,247,14,247,10,247,0,0,0,224,10,7,0,128,80,160,195,246,126,247,81,120,1,0,196,156,42,160,246,36,194,16,206,132,3,4,2,2,129,128,133,126,157,111,126,126,157,111,126,255,255,8,31,31,7,15,31,147,48,71,36,33,99,79,159,85,5,2,85,85,5,2,85,6,5,0,3,2,1,0,7,174,162,150,137,101,65,53,33,0,0,4,11,0,8,18,0,0,0,0,4,132,24,170,255,8,255,215,208,85,0,1,7,24,1,11,0,255,72,14,244,170,242
2026-08-07_09-50-59,1,72,0,0.0,0,0.0,-1,-1,225,13,247,15,247,12,247,14,247,10,247,0,0,0,224,10,7,0,128,80,160,195,246,126,247,81,120,1,0,196,156,42,160,246,36,194,16,206,132,3,4,2,2,129,128,133,126,157,111,126,126,157,111,126,255,255,8,31,31,7,15,31,147,48,71,36,33,99,79,159,85,5,2,85,85,5,2,85,6,5,0,3,2,1,0,7,174,162,150,137,101,65,53,33,0,0,4,11,0,8,18,0,0,0,0,4,132,24,170,255,8,255,215,208,85,0,1,7,24,1,11,0,255,72,14,244,170,242,229,13,247,15,247,12,247,14,247,10,247,0,0,0,224,10,6,0,128,80,160,195,246,126,247,82,120,1,0,108,42,160,246,36,194,16,206,76,3,4,2,2,129,128,133,1,157,111,126,126,157,111,126,126,255,4,31,31,7,15,31,31,48,71,36,33,99,79,159,16,5,2,85,85,5,2,85,85,5,0,3,2,1,0,7,6,166,150,141,105,69,57,37,1,0,0,4,7,0,8,2,0,0,0,0,4,145,24,170,255,7,255,175,161,85,0,1,7,22,1,11,0,255,72,14,244,170,242
2026-08-07_09-50-59,1,73,0,0.0,0,0.0,-1,-1,229,13,247,15,247,12,247,14,247,10,247,0,0,0,224,10,6,0,128,80,160,195,246,126,247,82,120,1,0,108,42,160,246,36,194,16,206,76,3,4,2,2,129,128,133,1,157,111,126,126,157,111,126,126,255,4,31,31,7,15,31,31,48,71,36,33,99,79,159,16,5,2,85,85,5,2,85,85,5,0,3,2,1,0,7,6,166,150,141,105,69,57,37,1,0,0,4,7,0,8,2,0,0,0,0,4,145,24,170,255,7,255,175,161,85,0,1,7,22,1,11,0,255,72,14,244,170,242,233,13,247,15,247,12,247,14,247,10,247,0,0,0,224,10,6,0,128,80,160,195,246,126,247,83,120,1,0,20,42,160,246,36,194,16,206,76,3,4,2,2,129,128,133,1,157,111,126,126,157,111,126,126,255,1,31,31,7,15,31,31,48,71,36,33,99,79,159,16,5,2,85,85,5,2,85,85,5,0,3,2,1,0,7,6,169,150,144,108,72,60,40,4,0,0,4,3,0,8,18,0,0,0,0,4,152,24,170,255,8,255,175,161,85,0,1,7,22,1,11,0,255,72,14,244,170,242
2026-08-07_09-50-59,1,74,0,0.0,0,0.0,-1,-1,233,13,247,15,247,12,247,14,247,10,247,0,0,0,224,10,6,0,128,80,160,195,246,126,247,83,120,1,0,20,42,160,246,36,194,16,206,76,3,4,2,2,129,128,133,1,157,111,126,126,157,111,126,126,255,1,31,31,7,15,31,31,48,71,36,33,99,79,159,16,5,2,85,85,5,2,85,85,5,0,3,2,1,0,7,6,169,150,144,108,72,60,40,4,0,0,4,3,0,8,18,0,0,0,0,4,152,24,170,255,8,255,175,161,85,0,1,7,22,1,11,0,255,72,14,244,170,242,237,13,247,15,247,12,247,14,247,10,247,0,0,0,224,10,6,0,128,80,160,195,246,126,247,84,120,1,0,188,42,160,246,36,194,16,206,76,3,4,2,2,129,128,133,1,157,111,126,126,157,111,126,126,255,255,31,31,7,15,31,31,48,71,36,33,99,79,159,16,5,2,85,85,5,2,85,85,5,0,3,2,1,0,7,6,173,153,148,112,76,64,44,8,0,0,4,0,0,8,2,0,0,0,0,5,4,24,170,255,8,255,175,161,85,0,1,7,22,1,11,0,255,72,14,244,170,242
2026-08-07_09-50-59,1,75,0,0.0,0,0.0,-1,-1,237,13,247,15,247,12,247,14,247,10,247,0,0,0,224,10,6,0,128,80,160,195,246,126,247,84,120,1,0,188,42,160,246,36,194,16,206,76,3,4,2,2,129,128,133,1,157,111,126,126,157,111,126,126,255,255,31,31,7,15,31,31,48,71,36,33,99,79,159,16,5,2,85,85,5,2,85,85,5,0,3,2,1,0,7,6,173,153,148,112,76,64,44,8,0,0,4,0,0,8,2,0,0,0,0,5,4,24,170,255,8,255,175,161,85,0,1,7,22,1,11,0,255,72,14,244,170,242,241,13,247,15,247,12,247,14,247,10,247,0,0,0,224,10,6,0,128,80,160,195,246,126,247,85,120,1,0,100,42,160,246,36,194,16,206,76,3,4,2,2,129,128,133,1,157,111,126,126,157,111,126,126,255,255,30,31,7,15,31,31,48,71,36,33,99,79,159,16,5,2,85,85,5,2,85,85,5,0,3,2,1,0,7,6,176,156,150,115,79,67,47,11,0,0,4,0,0,8,18,0,0,0,0,5,17,24,170,255,8,255,175,161,85,0,1,7,22,1,11,0,255,72,14,244,170,242
2026-08-07_09-50-59,1,76,0,0.0,0,0.0,-1,-1,241,13,247,15,247,12,247,14,247,10,247,0,0,0,224,10,6,0,128,80,160,195,246,126,247,85,120,1,0,100,42,160,246,36,194,16,206,76,3,4,2,2,129,128,133,1,157,111,126,126,157,111,126,126,255,255,30,31,7,15,31,31,48,71,36,33,99,79,159,16,5,2,85,85,5,2,85,85,5,0,3,2,1,0,7,6,176,156,150,115,79,67,47,11,0,0,4,0,0,8,18,0,0,0,0,5,17,24,170,255,8,255,175,161,85,0,1,7,22,1,11,0,255,72,14,244,170,242,245,13,247,15,247,12,247,14,247,10,247,0,0,0,224,10,6,0,128,80,160,195,246,126,247,86,120,1,0,12,42,160,246,36,194,16,206,76,3,4,2,2,129,128,133,1,157,111,126,126,157,111,126,126,255,255,26,31,7,15,31,31,48,71,36,33,99,79,159,16,5,2,85,85,5,2,85,85,5,0,3,2,1,0,7,6,180,160,150,119,83,71,51,15,0,0,4,0,0,8,2,0,0,0,0,5,24,24,170,255,8,255,175,161,85,0,1,7,22,1,11,0,255,72,14,244,170,242
2026-08-07_09-50-59,1,77,0,0.0,0,0.0,-1,-1,245,13,247,15,247,12,247,14,247,10,247,0,0,0,224,10,6,0,128,80,160,195,246,126,247,86,120,1,0,12,42,160,246,36,194,16,206,76,3,4,2,2,129,128,133,1,157,111,126,126,157,111,126,126,255,255,26,31,7,15,31,31,48,71,36,33,99,79,159,16,5,2,85,85,5,2,85,85,5,0,3,2,1,0,7,6,180,160,150,119,83,71,51,15,0,0,4,0,0,8,2,0,0,0,0,5,24,24,170,255,8,255,175,161,85,0,1,7,22,1,11,0,255,72,14,244,170,242,249,13,247,15,247,12,247,14,247,10,247,0,0,0,224,10,6,0,128,80,160,195,246,126,247,87,120,1,0,180,42,160,246,36,194,16,206,76,3,4,2,2,129,128,133,1,157,111,126,126,157,111,126,126,255,255,23,31,7,15,31,31,48,71,36,33,99,79,159,16,5,2,85,85,5,2,85,85,5,0,3,2,1,0,7,6,183,163,150,122,86,74,54,18,0,0,4,0,0,8,18,0,0,0,0,5,36,24,170,255,8,255,175,161,85,0,1,7,22,1,11,0,255,72,14,244,170,242
2026-08-07_09-50-59,1,78,0,0.0,0,0.0,-1,-1,249,13,247,15,247,12,247,14,247,10,247,0,0,0,224,10,6,0,128,80,160,195,246,126,247,87,120,1,0,180,42,160,246,36,194,16,206,76,3,4,2,2,129,128,133,1,157,111,126,126,157,111,126,126,255,255,23,31,7,15,31,31,48,71,36,33,99,79,159,16,5,2,85,85,5,2,85,85,5,0,3,2,1,0,7,6,183,163,150,122,86,74,54,18,0,0,4,0,0,8,18,0,0,0,0,5,36,24,170,255,8,255,175,161,85,0,1,7,22,1,11,0,255,72,14,244,170,242,253,13,247,15,247,12,247,14,247,10,247,0,0,0,224,9,6,0,128,80,161,234,246,126,247,88,120,1,0,92,42,160,246,36,194,16,206,76,3,4,2,2,129,128,133,1,157,111,126,126,157,111,126,126,255,255,19,31,7,15,31,31,48,71,36,33,99,79,159,16,5,2,85,85,5,2,85,85,5,0,3,2,1,0,7,6,187,167,150,126,90,78,58,22,0,0,4,0,7,8,2,8,0,0,0,5,49,24,170,255,8,255,175,161,85,0,1,7,22,1,11,0,255,72,14,244,170,242
2026-08-07_09-50-59,1,79,2,0.0,0,0.0,-1,-1,253,13,247,15,247,12,247,14,247,10,247,0,0,0,224,9,6,0,128,80,161,234,246,126,247,88,120,1,0,92,42,160,246,36,194,16,206,76,3,4,2,2,129,128,133,1,157,111,126,126,157,111,126,126,255,255,19,31,7,15,31,31,48,71,36,33,99,79,159,16,5,2,85,85,5,2,85,85,5,0,3,2,1,0,7,6,187,167,150,126,90,78,58,22,0,0,4,0,7,8,2,8,0,0,0,5,49,24,170,255,8,255,175,161,85,0,1,7,22,1,11,0,255,72,14,244,170,242,1,13,247,15,247,12,247,14,247,10,247,0,0,0,224,9,6,0,128,80,165,234,246,126,247,89,120,1,0,4,42,160,246,36,194,16,206,76,3,4,2,2,129,128,133,1,157,111,126,126,157,111,126,126,255,255,16,31,7,15,31,31,48,71,36,33,99,79,159,16,5,2,85,85,5,2,85,85,5,0,3,2,1,0,7,6,190,170,150,129,93,81,61,25,0,0,4,0,3,8,18,4,0,0,0,5,56,24,170,255,8,255,175,161,85,0,1,7,22,1,11,0,255,72,14,244,170,242
2026-08-07_09-50-59,1,80,2,0.0,0,0.0,-1,-1,1,13,247,15,247,12,247,14,247,10,247,0,0,0,224,9,6,0,128,80,165,234,246,126,247,89,120,1,0,4,42,160,246,36,194,16,206,76,3,4,2,2,129,128,133,1,157,111,126,126,157,111,126,126,255,255,16,31,7,15,31,31,48,71,36,33,99,79,159,16,5,2,85,85,5,2,85,85,5,0,3,2,1,0,7,6,190,170,150,129,93,81,61,25,0,0,4,0,3,8,18,4,0,0,0,5,56,24,170,255,8,255,175,161,85,0,1,7,22,1,11,0,255,72,14,244,170,242,5,13,247,15,247,12,247,14,247,10,247,0,0,0,224,8,6,0,128,79,169,234,246,126,247,90,120,1,0,172,42,160,70,36,194,16,206,76,3,4,2,2,129,128,133,1,157,111,126,126,157,111,126,126,255,255,12,31,7,15,31,31,48,71,31,33,99,79,159,16,5,2,85,85,5,2,85,85,5,0,3,2,1,0,7,6,194,174,150,133,97,85,65,29,0,0,4,0,8,0,2,9,0,0,0,5,68,24,170,255,8,255,175,161,85,0,1,7,22,1,11,0,255,72,14,244,170,242
2026-08-07_09-50-59,1,81,0,0.0,0,0.0,-1,-1,5,13,247,15,247,12,247,14,247,10,247,0,0,0,224,8,6,0,128,79,169,234,246,126,247,90,120,1,0,172,42,160,70,36,194,16,206,76,3,4,2,2,129,128,133,1,157,111,126,126,157,111,126,126,255,255,12,31,7,15,31,31,48,71,31,33,99,79,159,16,5,2,85,85,5,2,85,85,5,0,3,2,1,0,7,6,194,174,150,133,97,85,65,29,0,0,4,0,8,0,2,9,0,0,0,5,68,24,170,255,8,255,175,161,85,0,1,7,22,1,11,0,255,72,14,244,170,242,9,13,247,15,247,12,247,14,247,10,247,0,0,0,224,8,6,0,128,75,173,234,246,126,247,90,120,1,0,84,42,160,70,36,194,16,206,76,3,4,2,2,129,128,133,1,157,111,126,126,157,111,126,126,255,255,9,31,7,15,31,31,48,71,31,33,99,79,159,16,5,2,85,85,5,2,85,85,5,0,3,2,1,0,7,6,197,177,150,136,100,88,68,32,0,0,4,0,0,0,18,0,0,0,0,5,81,24,170,255,8,255,175,161,85,0,1,7,22,1,11,0,255,72,14,244,170,242
2026-08-07_09-50-59,1,82,0,0.0,0,0.0,-1,-1,9,13,247,15,247,12,247,14,247,10,247,0,0,0,224,8,6,0,128,75,173,234,246,126,247,90,120,1,0,84,42,160,70,36,194,16,206,76,3,4,2,2,129,128,133,1,157,111,126,126,157,111,126,126,255,255,9,31,7,15,31,31,48,71,31,33,99,79,159,16,5,2,85,85,5,2,85,85,5,0,3,2,1,0,7,6,197,177,150,136,100,88,68,32,0,0,4,0,0,0,18,0,0,0,0,5,81,24,170,255,8,255,175,161,85,0,1,7,22,1,11,0,255,72,14,244,170,242,13,13,247,15,247,12,247,14,247,10,247,0,0,0,224,8,6,0,128,71,177,234,246,126,247,90,120,1,0,252,42,160,70,36,194,16,206,76,3,4,2,2,129,128,133,1,157,111,126,126,157,111,126,126,255,255,5,31,7,15,31,31,48,71,31,33,99,79,159,16,5,2,85,85,5,2,85,85,5,0,3,2,1,0,7,6,201,181,150,140,104,92,72,36,0,0,4,0,0,0,10,0,0,0,0,5,87,24,170,255,8,255,175,161,85,0,1,7,22,1,11,0,255,72,14,244,170,242
2026-08-07_09-50-59,1,83,0,0.0,0,0.0,-1,-1,13,13,247,15,247,12,247,14,247,10,247,0,0,0,224,8,6,0,128,71,177,234,246,126,247,90,120,1,0,252,42,160,70,36,194,16,206,76,3,4,2,2,129,128,133,1,157,111,126,126,157,111,126,126,255,255,5,31,7,15,31,31,48,71,31,33,99,79,159,16,5,2,85,85,5,2,85,85,5,0,3,2,1,0,7,6,201,181,150,140,104,92,72,36,0,0,4,0,0,0,10,0,0,0,0,5,87,24,170,255,8,255,175,161,85,0,1,7,22,1,11,0,255,72,14,244,170,242,17,13,247,15,247,12,247,14,247,10,247,0,0,0,224,8,5,0,128,67,181,234,246,157,247,90,120,1,0,164,160,70,36,194,16,206,76,122,4,2,2,129,128,133,1,4,111,126,126,157,111,126,126,157,255,1,31,7,15,31,31,7,71,31,33,99,79,159,16,58,2,85,85,5,2,85,85,5,0,3,2,1,0,7,6,5,185,150,144,108,96,76,40,4,0,0,4,0,0,0,10,0,0,0,0,5,100,24,170,255,8,255,95,67,5,0,1,7,22,1,11,0,255,72,14,244,170,242
2026-08-07_09-50-59,1,84,0,0.0,0,0.0,-1,-1,17,13,247,15,247,12,247,14,247,10,247,0,0,0,224,8,5,0,128,67,181,234,246,157,247,90,120,1,0,164,160,70,36,194,16,206,76,122,4,2,2,129,128,133,1,4,111,126,126,157,111,126,126,157,255,1,31,7,15,31,31,7,71,31,33,99,79,159,16,58,2,85,85,5,2,85,85,5,0,3,2,1,0,7,6,5,185,150,144,108,96,76,40,4,0,0,4,0,0,0,10,0,0,0,0,5,100,24,170,255,8,255,95,67,5,0,1,7,22,1,11,0,255,72,14,244,170,242,21,13,247,15,247,12,247,14,247,10,247,0,0,0,224,8,5,0,128,64,185,234,246,157,247,90,120,1,0,76,160,70,36,194,16,206,76,122,4,2,2,129,128,133,1,4,111,126,126,157,111,126,126,157,255,255,31,7,15,31,31,7,71,31,33,99,79,159,16,58,2,85,85,5,2,85,85,5,0,3,2,1,0,7,6,5,189,153,148,112,100,80,44,8,0,0,4,0,0,0,10,0,0,0,0,5,113,24,170,255,8,255,95,67,5,0,1,7,22,1,11,0,255,72,14,244,170,242
2026-08-07_09-50-59,1,85,0,0.0,0,0.0,-1,-1,21,13,247,15,247,12,247,14,247,10,247,0,0,0,224,8,5,0,128,64,185,234,246,157,247,90,120,1,0,76,160,70,36,194,16,206,76,122,4,2,2,129,128,133,1,4,111,126,126,157,111,126,126,157,255,255,31,7,15,31,31,7,71,31,33,99,79,159,16,58,2,85,85,5,2,85,85,5,0,3,2,1,0,7,6,5,189,153,148,112,100,80,44,8,0,0,4,0,0,0,10,0,0,0,0,5,113,24,170,255,8,255,95,67,5,0,1,7,22,1,11,0,255,72,14,244,170,242,25,13,247,15,247,12,247,14,247,10,247,0,0,0,224,8,5,0,128,64,189,234,246,157,247,90,120,1,0,244,160,70,36,194,16,206,76,122,4,2,2,129,128,133,1,4,111,126,126,157,111,126,126,157,255,255,29,7,15,31,31,7,71,31,33,99,79,159,16,58,2,85,85,5,2,85,85,5,0,3,2,1,0,7,6,5,193,157,150,116,104,84,48,12,0,0,4,0,0,0,10,0,0,0,0,5,119,24,170,255,8,255,95,67,5,0,1,7,22,1,11,0,255,72,14,244,170,242
2026-08-07_09-50-59,1,86,0,0.0,0,0.0,-1,-1,25,13,247,15,247,12,247,14,247,10,247,0,0,0,224,8,5,0,128,64,189,234,246,157,247,90,120,1,0,244,160,70,36,194,16,206,76,122,4,2,2,129,128,133,1,4,111,126,126,157,111,126,126,157,255,255,29,7,15,31,31,7,71,31,33,99,79,159,16,58,2,85,85,5,2,85,85,5,0,3,2,1,0,7,6,5,193,157,150,116,104,84,48,12,0,0,4,0,0,0,10,0,0,0,0,5,119,24,170,255,8,255,95,67,5,0,1,7,22,1,11,0,255,72,14,244,170,242,29,13,247,15,247,12,247,14,247,10,247,0,0,0,224,8,4,0,128,64,192,234,246,111,247,90,120,1,0,156,70,36,194,16,206,76,122,192,2,2,129,128,133,1,4,3,126,126,157,111,126,126,157,111,255,25,7,15,31,31,7,15,31,33,99,79,159,16,58,54,85,85,5,2,85,85,5,2,3,2,1,0,7,6,5,0,161,150,120,108,88,52,16,4,0,0,4,0,0,0,18,0,0,0,0,5,132,24,170,255,8,255,190,135,2,0,1,7,22,1,11,0,255,72,14,244,170,242
2026-08-07_09-50-59,1,87,0,0.0,0,0.0,-1,-1,29,13,247,15,247,12,247,14,247,10,247,0,0,0,224,8,4,0,128,64,192,234,246,111,247,90,120,1,0,156,70,36,194,16,206,76,122,192,2,2,129,128,133,1,4,3,126,126,157,111,126,126,157,111,255,25,7,15,31,31,7,15,31,33,99,79,159,16,58,54,85,85,5,2,85,85,5,2,3,2,1,0,7,6,5,0,161,150,120,108,88,52,16,4,0,0,4,0,0,0,18,0,0,0,0,5,132,24,170,255,8,255,190,135,2,0,1,7,22,1,11,0,255,72,14,244,170,242,33,13,247,15,247,12,247,14,247,10,247,0,0,0,224,8,4,0,128,64,192,234,246,111,247,90,120,1,0,68,70,36,194,16,206,76,122,192,2,2,129,128,133,1,4,3,126,126,157,111,126,126,157,111,255,21,7,15,31,31,7,15,31,33,99,79,159,16,58,54,85,85,5,2,85,85,5,2,3,2,1,0,7,6,5,0,166,151,125,113,93,57,21,9,0,0,4,0,0,0,2,0,0,0,0,5,145,24,170,255,8,255,190,135,2,0,2,7,22,1,11,0,255,72,14,244,170,242
2026-08-07_09-50-59,1,88,0,0.0,0,0.0,-1,-1,33,13,247,15,247,12,247,14,247,10,247,0,0,0,224,8,4,0,128,64,192,234,246,111,247,90,120,1,0,68,70,36,194,16,206,76,122,192,2,2,129,128,133,1,4,3,126,126,157,111,126,126,157,111,255,21,7,15,31,31,7,15,31,33,99,79,159,16,58,54,85,85,5,2,85,85,5,2,3,2,1,0,7,6,5,0,166,151,125,113,93,57,21,9,0,0,4,0,0,0,2,0,0,0,0,5,145,24,170,255,8,255,190,135,2,0,2,7,22,1,11,0,255,72,14,244,170,242,37,13,247,15,247,12,247,14,247,10,247,0,0,0,224,8,4,0,128,64,192,234,246,111,247,90,120,1,0,236,70,36,194,16,206,76,122,192,2,2,129,128,133,1,4,3,126,126,157,111,126,126,157,111,255,16,7,15,31,31,7,15,31,33,99,79,159,16,58,54,85,85,5,2,85,85,5,2,3,2,1,0,7,6,5,0,170,150,129,117,97,61,25,13,0,0,4,0,0,0,18,0,0,0,0,5,151,24,170,255,8,255,190,135,2,0,1,7,22,1,11,0,255,72,14,244,170,242
2026-08-07_09-50-59,1,89,0,0.0,0,0.0,-1,-1,37,13,247,15,247,12,247,14,247,10,247,0,0,0,224,8,4,0,128,64,192,234,246,111,247,90,120,1,0,236,70,36,194,16,206,76,122,192,2,2,129,128,133,1,4,3,126,126,157,111,126,126,157,111,255,16,7,15,31,31,7,15,31,33,99,79,159,16,58,54,85,85,5,2,85,85,5,2,3,2,1,0,7,6,5,0,170,150,129,117,97,61,25,13,0,0,4,0,0,0,18,0,0,0,0,5,151,24,170,255,8,255,190,135,2,0,1,7,22,1,11,0,255,72,14,244,170,242,41,13,247,15,247,12,247,14,247,10,247,0,0,0,224,8,4,0,128,64,192,234,246,111,247,90,120,1,0,148,70,116,194,16,206,76,122,192,2,2,129,128,133,1,4,3,126,126,157,111,126,126,157,111,255,12,7,15,31,31,7,15,31,28,99,79,159,16,58,54,85,85,5,2,85,85,5,2,3,2,1,0,7,6,5,0,175,151,134,122,102,66,30,18,0,0,4,0,0,0,2,0,0,0,0,6,4,24,170,255,8,255,190,135,2,0,2,7,22,1,11,0,255,72,14,244,170,242
2026-08-07_09-50-59,1,90,0,0.0,0,0.0,-1,-1,41,13,247,15,247,12,247,14,247,10,247,0,0,0,224,8,4,0,128,64,192,234,246,111,247,90,120,1,0,148,70,116,194,16,206,76,122,192,2,2,129,128,133,1,4,3,126,126,157,111,126,126,157,111,255,12,7,15,31,31,7,15,31,28,99,79,159,16,58,54,85,85,5,2,85,85,5,2,3,2,1,0,7,6,5,0,175,151,134,122,102,66,30,18,0,0,4,0,0,0,2,0,0,0,0,6,4,24,170,255,8,255,190,135,2,0,2,7,22,1,11,0,255,72,14,244,170,242,45,13,247,15,247,12,247,14,247,10,247,0,0,0,224,8,3,0,128,64,192,234,246,126,247,90,120,1,0,60,116,194,16,206,76,122,192,118,2,129,128,133,1,4,3,132,126,157,111,126,126,157,111,126,7,7,15,31,31,7,15,31,28,99,79,159,16,58,54,133,85,5,2,85,85,5,2,85,2,1,0,7,6,5,0,3,150,138,126,106,70,34,22,2,0,0,4,0,0,0,18,0,0,0,0,6,17,24,170,255,7,255,125,15,85,0,1,7,22,1,11,0,255,72,14,244,170,242
2026-08-07_09-50-59,1,91,0,0.0,0,0.0,-1,-1,45,13,247,15,247,12,247,14,247,10,247,0,0,0,224,8,3,0,128,64,192,234,246,126,247,90,120,1,0,60,116,194,16,206,76,122,192,118,2,129,128,133,1,4,3,132,126,157,111,126,126,157,111,126,7,7,15,31,31,7,15,31,28,99,79,159,16,58,54,133,85,5,2,85,85,5,2,85,2,1,0,7,6,5,0,3,150,138,126,106,70,34,22,2,0,0,4,0,0,0,18,0,0,0,0,6,17,24,170,255,7,255,125,15,85,0,1,7,22,1,11,0,255,72,14,244,170,242,49,13,247,15,247,12,247,14,247,10,247,0,0,0,224,8,3,0,128,64,192,234,246,126,247,90,120,1,0,228,116,194,16,206,76,122,192,118,2,129,128,133,1,4,3,132,126,157,111,126,126,157,111,126,3,7,15,31,31,7,15,31,28,99,79,159,16,58,54,133,85,5,2,85,85,5,2,85,2,1,0,7,6,5,0,3,151,143,131,111,75,39,27,7,0,0,4,0,0,0,2,0,0,0,0,6,23,24,170,255,8,255,125,15,85,0,2,7,22,1,11,0,255,72,14,244,170,242
2026-08-07_09-50-59,1,92,0,0.0,0,0.0,-1,-1,49,13,247,15,247,12,247,14,247,10,247,0,0,0,224,8,3,0,128,64,192,234,246,126,247,90,120,1,0,228,116,194,16,206,76,122,192,118,2,129,128,133,1,4,3,132,126,157,111,126,126,157,111,126,3,7,15,31,31,7,15,31,28,99,79,159,16,58,54,133,85,5,2,85,85,5,2,85,2,1,0,7,6,5,0,3,151,143,131,111,75,39,27,7,0,0,4,0,0,0,2,0,0,0,0,6,23,24,170,255,8,255,125,15,85,0,2,7,22,1,11,0,255,72,14,244,170,242,53,13,247,15,247,12,247,14,247,10,247,0,0,0,224,8,3,0,128,64,192,234,246,126,247,90,120,1,0,140,116,194,16,206,76,122,192,118,2,129,128,133,1,4,3,132,126,157,111,126,126,157,111,126,255,7,15,31,31,7,15,31,28,99,79,159,16,58,54,133,85,5,2,85,85,5,2,85,2,1,0,7,6,5,0,3,152,147,135,115,79,43,31,11,0,0,4,0,0,0,18,0,0,0,0,6,36,24,170,255,8,255,125,15,85,0,1,7,22,1,11,0,255,72,14,244,170,242
2026-08-07_09-50-59,1,93,0,0.0,0,0.0,-1,-1,53,13,247,15,247,12,247,14,247,10,247,0,0,0,224,8,3,0,128,64,192,234,246,126,247,90,120,1,0,140,116,194,16,206,76,122,192,118,2,129,128,133,1,4,3,132,126,157,111,126,126,157,111,126,255,7,15,31,31,7,15,31,28,99,79,159,16,58,54,133,85,5,2,85,85,5,2,85,2,1,0,7,6,5,0,3,152,147,135,115,79,43,31,11,0,0,4,0,0,0,18,0,0,0,0,6,36,24,170,255,8,255,125,15,85,0,1,7,22,1,11,0,255,72,14,244,170,242,57,13,247,15,247,12,247,14,247,10,247,0,0,0,224,8,3,0,128,64,192,234,246,126,247,90,120,1,0,52,116,194,16,206,76,122,192,118,2,129,128,133,1,4,3,132,126,157,111,126,126,157,111,126,255,6,15,31,31,7,15,31,28,99,79,159,16,58,54,133,85,5,2,85,85,5,2,85,2,1,0,7,6,5,0,3,157,151,140,120,84,48,36,16,0,0,4,0,0,0,2,0,0,0,0,6,49,24,170,255,8,255,125,15,85,0,2,7,22,1,11,0,255,72,14,244,170,242
2026-08-07_09-50-59,1,94,0,0.0,0,0.0,-1,-1,57,13,247,15,247,12,247,14,247,10,247,0,0,0,224,8,3,0,128,64,192,234,246,126,247,90,120,1,0,52,116,194,16,206,76,122,192,118,2,129,128,133,1,4,3,132,126,157,111,126,126,157,111,126,255,6,15,31,31,7,15,31,28,99,79,159,16,58,54,133,85,5,2,85,85,5,2,85,2,1,0,7,6,5,0,3,157,151,140,120,84,48,36,16,0,0,4,0,0,0,2,0,0,0,0,6,49,24,170,255,8,255,125,15,85,0,2,7,22,1,11,0,255,72,14,244,170,242,61,13,247,15,247,12,247,14,247,10,247,0,0,0,224,8,3,0,118,64,192,234,246,126,247,90,120,1,0,220,116,194,16,206,76,122,192,118,2,129,128,133,1,4,3,132,126,157,111,126,126,157,111,126,255,1,15,31,31,7,15,31,28,99,79,159,16,58,54,133,85,5,2,85,85,5,2,85,2,1,0,7,6,5,0,3,161,150,144,124,88,52,40,20,0,0,4,226,0,0,18,0,0,0,0,6,55,23,170,255,8,255,125,15,85,0,1,7,22,1,11,0,255,72,14,244,170,242
2026-08-07_09-50-59,1,95,0,0.0,0,0.0,-1,-1,61,13,247,15,247,12,247,14,247,10,247,0,0,0,224,8,3,0,118,64,192,234,246,126,247,90,120,1,0,220,116,194,16,206,76,122,192,118,2,129,128,133,1,4,3,132,126,157,111,126,126,157,111,126,255,1,15,31,31,7,15,31,28,99,79,159,16,58,54,133,85,5,2,85,85,5,2,85,2,1,0,7,6,5,0,3,161,150,144,124,88,52,40,20,0,0,4,226,0,0,18,0,0,0,0,6,55,23,170,255,8,255,125,15,85,0,1,7,22,1,11,0,255,72,14,244,170,242,65,13,247,15,247,12,247,14,247,10,247,0,0,0,224,8,3,0,123,64,192,234,246,126,247,90,120,1,0,132,116,194,16,206,76,122,192,118,2,129,128,133,1,4,3,132,126,157,111,126,126,157,111,126,255,255,15,31,31,7,15,31,28,99,79,159,16,58,54,133,85,5,2,85,85,5,2,85,2,1,0,7,6,5,0,3,166,154,149,129,93,57,45,25,0,0,4,234,0,0,2,0,0,0,0,6,68,23,170,255,8,255,125,15,85,0,2,7,22,1,11,0,255,72,14,244,170,242
2026-08-07_09-50-59,1,96,2,0.0,0,0.0,-1,-1,65,13,247,15,247,12,247,14,247,10,247,0,0,0,224,8,3,0,123,64,192,234,246,126,247,90,120,1,0,132,116,194,16,206,76,122,192,118,2,129,128,133,1,4,3,132,126,157,111,126,126,157,111,126,255,255,15,31,31,7,15,31,28,99,79,159,16,58,54,133,85,5,2,85,85,5,2,85,2,1,0,7,6,5,0,3,166,154,149,129,93,57,45,25,0,0,4,234,0,0,2,0,0,0,0,6,68,23,170,255,8,255,125,15,85,0,2,7,22,1,11,0,255,72,14,244,170,242,69,13,247,15,247,12,247,14,247,10,247,0,0,0,224,7,3,0,127,64,192,234,246,126,247,90,120,1,0,44,116,194,16,206,76,122,192,118,2,129,128,133,1,4,3,132,126,157,111,126,126,157,111,126,255,255,12,31,31,7,15,31,28,99,79,159,16,58,54,133,85,5,2,85,85,5,2,85,2,1,0,7,6,5,0,3,170,158,150,133,97,61,49,29,0,0,4,242,6,0,18,7,0,0,0,6,81,23,170,255,8,255,125,15,85,0,1,7,22,1,11,0,255,72,14,244,170,242
2026-08-07_09-50-59,1,97,2,0.0,0,0.0,-1,-1,69,13,247,15,247,12,247,14,247,10,247,0,0,0,224,7,3,0,127,64,192,234,246,126,247,90,120,1,0,44,116,194,16,206,76,122,192,118,2,129,128,133,1,4,3,132,126,157,111,126,126,157,111,126,255,255,12,31,31,7,15,31,28,99,79,159,16,58,54,133,85,5,2,85,85,5,2,85,2,1,0,7,6,5,0,3,170,158,150,133,97,61,49,29,0,0,4,242,6,0,18,7,0,0,0,6,81,23,170,255,8,255,125,15,85,0,1,7,22,1,11,0,255,72,14,244,170,242,73,13,247,15,247,12,247,14,247,10,247,0,0,0,224,7,3,0,128,64,192,234,246,126,247,90,120,1,0,212,116,194,16,206,76,122,192,118,2,129,128,133,1,4,3,132,126,157,111,126,126,157,111,126,255,255,8,31,31,7,15,31,28,99,79,159,16,58,54,133,85,5,2,85,85,5,2,85,2,1,0,7,6,5,0,3,175,163,151,138,102,66,54,34,0,0,4,250,2,0,2,3,0,0,0,6,87,23,170,255,8,255,125,15,85,0,2,7,22,1,11,0,255,72,14,244,170,242
2026-08-07_09-50-59,1,98,0,0.0,0,0.0,-1,-1,73,13,247,15,247,12,247,14,247,10,247,0,0,0,224,7,3,0,128,64,192,234,246,126,247,90,120,1,0,212,116,194,16,206,76,122,192,118,2,129,128,133,1,4,3,132,126,157,111,126,126,157,111,126,255,255,8,31,31,7,15,31,28,99,79,159,16,58,54,133,85,5,2,85,85,5,2,85,2,1,0,7,6,5,0,3,175,163,151,138,102,66,54,34,0,0,4,250,2,0,2,3,0,0,0,6,87,23,170,255,8,255,125,15,85,0,2,7,22,1,11,0,255,72,14,244,170,242,77,13,247,15,247,12,247,14,247,10,247,0,0,0,224,7,2,0,128,64,192,234,246,126,247,90,120,1,0,124,194,16,206,76,122,192,118,116,129,128,133,1,4,3,132,133,157,111,126,126,157,111,126,126,255,3,31,31,7,15,31,31,99,79,159,16,58,54,133,148,5,2,85,85,5,2,85,85,1,0,7,6,5,0,3,2,167,150,142,106,70,58,38,2,0,0,4,10,0,0,18,0,0,0,0,6,100,23,170,255,7,255,250,30,85,0,1,7,22,1,11,0,255,72,14,244,170,242
2026-08-07_09-50-59,1,99,0,0.0,0,0.0,-1,-1,77,13,247,15,247,12,247,14,247,10,247,0,0,0,224,7,2,0,128,64,192,234,246,126,247,90,120,1,0,124,194,16,206,76,122,192,118,116,129,128,133,1,4,3,132,133,157,111,126,126,157,111,126,126,255,3,31,31,7,15,31,31,99,79,159,16,58,54,133,148,5,2,85,85,5,2,85,85,1,0,7,6,5,0,3,2,167,150,142,106,70,58,38,2,0,0,4,10,0,0,18,0,0,0,0,6,100,23,170,255,7,255,250,30,85,0,1,7,22,1,11,0,255,72,14,244,170,242,81,13,247,15,247,12,247,14,247,10,247,0,0,0,224,7,2,0,128,64,192,234,246,126,247,90,120,1,0,36,194,16,206,76,122,192,118,116,129,128,133,1,4,3,132,133,157,111,126,126,157,111,126,126,255,255,31,31,7,15,31,31,99,79,159,16,58,54,133,148,5,2,85,85,5,2,85,85,1,0,7,6,5,0,3,2,172,152,147,111,75,63,43,7,0,0,4,6,0,0,2,0,0,0,0,6,113,23,170,255,8,255,250,30,85,0,2,7,22,1,11,0,255,72,14,244,170,242
2026-08-07_09-50-59,1,100,0,0.0,0,0.0,-1,-1,81,13,247,15,247,12,247,14,247,10,247,0,0,0,224,7,2,0,128,64,192,234,246,126,247,90,120,1,0,36,194,16,206,76,122,192,118,116,129,128,133,1,4,3,132,133,157,111,126,126,157,111,126,126,255,255,31,31,7,15,31,31,99,79,159,16,58,54,133,148,5,2,85,85,5,2,85,85,1,0,7,6,5,0,3,2,172,152,147,111,75,63,43,7,0,0,4,6,0,0,2,0,0,0,0,6,113,23,170,255,8,255,250,30,85,0,2,7,22,1,11,0,255,72,14,244,170,242,85,13,247,15,247,12,247,14,247,10,247,0,0,0,224,7,2,0,128,64,192,234,246,126,247,90,120,1,0,204,194,16,206,76,122,192,118,116,129,128,133,1,4,3,132,133,157,111,126,126,157,111,126,126,255,255,30,31,7,15,31,31,99,79,159,16,58,54,133,148,5,2,85,85,5,2,85,85,1,0,7,6,5,0,3,2,176,156,150,115,79,67,47,11,0,0,4,2,0,0,18,0,0,0,0,6,119,23,170,255,8,255,250,30,85,0,1,7,22,1,11,0,255,72,14,244,170,242
2026-08-07_09-50-59,1,101,0,0.0,0,0.0,-1,-1,85,13,247,15,247,12,247,14,247,10,247,0,0,0,224,7,2,0,128,64,192,234,246,126,247,90,120,1,0,204,194,16,206,76,122,192,118,116,129,128,133,1,4,3,132,133,157,111,126,126,157,111,126,126,255,255,30,31,7,15,31,31,99,79,159,16,58,54,133,148,5,2,85,85,5,2,85,85,1,0,7,6,5,0,3,2,176,156,150,115,79,67,47,11,0,0,4,2,0,0,18,0,0,0,0,6,119,23,170,255,8,255,250,30,85,0,1,7,22,1,11,0,255,72,14,244,170,242,89,13,247,15,247,12,247,14,247,10,247,0,0,0,224,7,2,0,128,64,192,234,246,126,247,90,120,1,0,116,194,16,206,76,122,192,118,116,129,128,133,1,4,3,132,133,157,111,126,126,157,111,126,126,255,255,26,31,7,15,31,31,99,79,159,16,58,54,133,148,5,2,85,85,5,2,85,85,1,0,7,6,5,0,3,2,181,161,151,120,84,72,52,16,0,0,4,0,0,0,2,0,0,0,0,6,132,23,170,255,8,255,250,30,85,0,2,7,22,1,11,0,255,72,14,244,170,242
2026-08-07_09-50-59,1,102,0,0.0,0,0.0,-1,-1,89,13,247,15,247,12,247,14,247,10,247,0,0,0,224,7,2,0,128,64,192,234,246,126,247,90,120,1,0,116,194,16,206,76,122,192,118,116,129,128,133,1,4,3,132,133,157,111,126,126,157,111,126,126,255,255,26,31,7,15,31,31,99,79,159,16,58,54,133,148,5,2,85,85,5,2,85,85,1,0,7,6,5,0,3,2,181,161,151,120,84,72,52,16,0,0,4,0,0,0,2,0,0,0,0,6,132,23,170,255,8,255,250,30,85,0,2,7,22,1,11,0,255,72,14,244,170,242,93,13,247,15,247,12,247,14,247,10,247,0,0,0,224,7,2,0,128,64,192,234,246,126,247,90,120,1,0,28,194,16,206,76,122,192,118,116,129,128,133,1,4,3,132,133,157,111,126,126,157,111,126,126,255,255,21,31,7,15,31,31,99,79,159,16,58,54,133,148,5,2,85,85,5,2,85,85,1,0,7,6,5,0,3,2,185,165,150,124,88,76,56,20,0,0,4,0,0,0,18,0,0,0,0,6,145,23,170,255,8,255,250,30,85,0,1,7,22,1,11,0,255,72,14,244,170,242
2026-08-07_09-50-59,1,103,0,0.0,0,0.0,-1,-1,93,13,247,15,247,12,247,14,247,10,247,0,0,0,224,7,2,0,128,64,192,234,246,126,247,90,120,1,0,28,194,16,206,76,122,192,118,116,129,128,133,1,4,3,132,133,157,111,126,126,157,111,126,126,255,255,21,31,7,15,31,31,99,79,159,16,58,54,133,148,5,2,85,85,5,2,85,85,1,0,7,6,5,0,3,2,185,165,150,124,88,76,56,20,0,0,4,0,0,0,18,0,0,0,0,6,145,23,170,255,8,255,250,30,85,0,1,7,22,1,11,0,255,72,14,244,170,242,97,13,247,15,247,12,247,14,247,10,247,0,0,0,224,7,2,0,128,64,192,234,246,126,247,90,120,1,0,196,194,16,206,76,122,192,118,116,129,128,133,1,4,3,132,133,157,111,126,126,157,111,126,126,255,255,17,31,7,15,31,31,99,79,159,16,58,54,133,148,5,2,85,85,5,2,85,85,1,0,7,6,5,0,3,2,190,170,151,129,93,81,61,25,0,0,4,0,0,0,2,0,0,0,0,6,151,23,170,255,8,255,250,30,85,0,2,7,22,1,11,0,255,72,14,244,170,242
2026-08-07_09-50-59,1,104,0,0.0,0,0.0,-1,-1,97,13,247,15,247,12,247,14,247,10,247,0,0,0,224,7,2,0,128,64,192,234,246,126,247,90,120,1,0,196,194,16,206,76,122,192,118,116,129,128,133,1,4,3,132,133,157,111,126,126,157,111,126,126,255,255,17,31,7,15,31,31,99,79,159,16,58,54,133,148,5,2,85,85,5,2,85,85,1,0,7,6,5,0,3,2,190,170,151,129,93,81,61,25,0,0,4,0,0,0,2,0,0,0,0,6,151,23,170,255,8,255,250,30,85,0,2,7,22,1,11,0,255,72,14,244,170,242,101,13,247,15,247,12,247,14,247,10,247,0,0,0,224,7,2,0,128,64,192,234,246,126,247,90,120,1,0,108,194,16,30,76,122,192,118,116,129,128,133,1,4,3,132,133,157,111,126,126,157,111,126,126,255,255,12,31,7,15,31,31,99,79,154,16,58,54,133,148,5,2,85,85,5,2,85,85,1,0,7,6,5,0,3,2,194,174,150,133,97,85,65,29,0,0,4,0,0,0,18,0,0,0,0,7,4,23,170,255,8,255,250,30,85,0,1,7,22,1,11,0,255,72,14,244,170,242
2026-08-07_09-50-59,1,105,0,0.0,0,0.0,-1,-1,101,13,247,15,247,12,247,14,247,10,247,0,0,0,224,7,2,0,128,64,192,234,246,126,247,90,120,1,0,108,194,16,30,76,122,192,118,116,129,128,133,1,4,3,132,133,157,111,126,126,157,111,126,126,255,255,12,31,7,15,31,31,99,79,154,16,58,54,133,148,5,2,85,85,5,2,85,85,1,0,7,6,5,0,3,2,194,174,150,133,97,85,65,29,0,0,4,0,0,0,18,0,0,0,0,7,4,23,170,255,8,255,250,30,85,0,1,7,22,1,11,0,255,72,14,244,170,242,105,13,247,15,247,12,247,14,247,10,247,0,0,0,224,7,2,0,128,64,192,234,246,126,247,90,120,1,0,20,194,16,30,76,122,192,118,116,129,128,133,1,4,3,132,133,157,111,126,126,157,111,126,126,255,255,8,31,7,15,31,31,99,79,154,16,58,54,133,148,5,2,85,85,5,2,85,85,1,0,7,6,5,0,3,2,199,179,151,138,102,90,70,34,0,0,4,0,0,0,2,0,0,0,0,7,17,23,170,255,8,255,250,30,85,0,2,7,22,1,11,0,255,72,14,244,170,242
2026-08-07_09-50-59,1,106,0,0.0,0,0.0,-1,-1,105,13,247,15,247,12,247,14,247,10,247,0,0,0,224,7,2,0,128,64,192,234,246,126,247,90,120,1,0,20,194,16,30,76,122,192,118,116,129,128,133,1,4,3,132,133,157,111,126,126,157,111,126,126,255,255,8,31,7,15,31,31,99,79,154,16,58,54,133,148,5,2,85,85,5,2,85,85,1,0,7,6,5,0,3,2,199,179,151,138,102,90,70,34,0,0,4,0,0,0,2,0,0,0,0,7,17,23,170,255,8,255,250,30,85,0,2,7,22,1,11,0,255,72,14,244,170,242,109,13,247,15,247,12,247,14,247,10,247,0,0,0,224,7,1,0,128,64,192,234,246,157,247,90,120,1,0,188,16,30,76,122,192,118,116,82,128,133,1,4,3,132,133,129,111,126,126,157,111,126,126,157,255,3,31,7,15,31,31,7,79,154,16,58,54,133,148,90,2,85,85,5,2,85,85,5,0,7,6,5,0,3,2,1,183,150,142,106,94,74,38,2,0,0,4,0,0,0,18,0,0,0,0,7,23,23,170,255,7,255,244,60,5,0,1,7,22,1,11,0,255,72,14,244,170,242
2026-08-07_09-50-59,1,107,0,0.0,0,0.0,-1,-1,109,13,247,15,247,12,247,14,247,10,247,0,0,0,224,7,1,0,128,64,192,234,246,157,247,90,120,1,0,188,16,30,76,122,192,118,116,82,128,133,1,4,3,132,133,129,111,126,126,157,111,126,126,157,255,3,31,7,15,31,31,7,79,154,16,58,54,133,148,90,2,85,85,5,2,85,85,5,0,7,6,5,0,3,2,1,183,150,142,106,94,74,38,2,0,0,4,0,0,0,18,0,0,0,0,7,23,23,170,255,7,255,244,60,5,0,1,7,22,1,11,0,255,72,14,244,170,242,113,13,247,15,247,12,247,14,247,10,247,0,0,0,224,7,1,0,128,64,192,234,246,157,247,90,120,1,0,100,16,30,76,122,192,118,116,82,128,133,1,4,3,132,133,129,111,126,126,157,111,126,126,157,255,255,31,7,15,31,31,7,79,154,16,58,54,133,148,90,2,85,85,5,2,85,85,5,0,7,6,5,0,3,2,1,188,152,147,111,99,79,43,7,0,0,4,0,0,0,2,0,0,0,0,7,36,23,170,255,8,255,244,60,5,0,2,7,22,1,11,0,255,72,14,244,170,242
2026-08-07_09-50-59,1,108,0,0.0,0,0.0,-1,-1,113,13,247,15,247,12,247,14,247,10,247,0,0,0,224,7,1,0,128,64,192,234,246,157,247,90,120,1,0,100,16,30,76,122,192,118,116,82,128,133,1,4,3,132,133,129,111,126,126,157,111,126,126,157,255,255,31,7,15,31,31,7,79,154,16,58,54,133,148,90,2,85,85,5,2,85,85,5,0,7,6,5,0,3,2,1,188,152,147,111,99,79,43,7,0,0,4,0,0,0,2,0,0,0,0,7,36,23,170,255,8,255,244,60,5,0,2,7,22,1,11,0,255,72,14,244,170,242,117,13,247,15,247,12,247,14,247,10,247,0,0,0,224,7,1,0,128,64,192,234,246,157,247,90,120,1,0,12,16,30,76,122,192,118,116,82,128,133,1,4,3,132,133,129,111,126,126,157,111,126,126,157,255,255,30,7,15,31,31,7,79,154,16,58,54,133,148,90,2,85,85,5,2,85,85,5,0,7,6,5,0,3,2,1,192,156,150,115,103,83,47,11,0,0,4,0,0,0,18,0,0,0,0,7,49,23,170,255,8,255,244,60,5,0,1,7,22,1,11,0,255,72,14,244,170,242
2026-08-07_09-50-59,1,109,2,0.0,0,0.0,-1,-1,117,13,247,15,247,12,247,14,247,10,247,0,0,0,224,7,1,0,128,64,192,234,246,157,247,90,120,1,0,12,16,30,76,122,192,118,116,82,128,133,1,4,3,132,133,129,111,126,126,157,111,126,126,157,255,255,30,7,15,31,31,7,79,154,16,58,54,133,148,90,2,85,85,5,2,85,85,5,0,7,6,5,0,3,2,1,192,156,150,115,103,83,47,11,0,0,4,0,0,0,18,0,0,0,0,7,49,23,170,255,8,255,244,60,5,0,1,7,22,1,11,0,255,72,14,244,170,242,121,13,247,15,247,12,247,14,247,10,247,0,0,0,224,6,0,0,128,60,188,234,246,111,247,90,120,1,0,180,30,76,122,192,118,116,82,32,133,1,4,3,132,133,129,128,126,126,157,111,126,126,157,111,255,26,7,15,31,31,7,15,154,16,58,54,133,148,90,78,85,85,5,2,85,85,5,2,7,6,5,0,3,2,1,0,160,150,119,107,87,51,15,3,0,0,4,0,4,224,18,5,0,0,0,7,55,23,170,255,7,255,232,120,2,0,1,7,22,1,11,0,255,72,14,244,170,242
2026-08-07_09-50-59,1,110,2,0.0,0,0.0,-1,-1,121,13,247,15,247,12,247,14,247,10,247,0,0,0,224,6,0,0,128,60,188,234,246,111,247,90,120,1,0,180,30,76,122,192,118,116,82,32,133,1,4,3,132,133,129,128,126,126,157,111,126,126,157,111,255,26,7,15,31,31,7,15,154,16,58,54,133,148,90,78,85,85,5,2,85,85,5,2,7,6,5,0,3,2,1,0,160,150,119,107,87,51,15,3,0,0,4,0,4,224,18,5,0,0,0,7,55,23,170,255,7,255,232,120,2,0,1,7,22,1,11,0,255,72,14,244,170,242,125,13,247,15,247,12,247,14,247,10,247,0,0,0,224,6,0,0,128,56,184,234,246,111,247,89,120,1,0,92,30,76,122,192,118,116,82,32,133,1,4,3,132,133,129,128,126,126,157,111,126,126,157,111,255,22,7,15,31,31,7,15,154,16,58,54,133,148,90,78,85,85,5,2,85,85,5,2,7,6,5,0,3,2,1,0,164,150,123,111,91,55,19,7,0,0,4,0,0,224,18,1,0,0,0,7,68,23,170,255,8,255,232,120,2,0,1,7,22,1,11,0,255,72,14,244,170,242
2026-08-07_09-50-59,1,111,2,0.0,0,0.0,-1,-1,125,13,247,15,247,12,247,14,247,10,247,0,0,0,224,6,0,0,128,56,184,234,246,111,247,89,120,1,0,92,30,76,122,192,118,116,82,32,133,1,4,3,132,133,129,128,126,126,157,111,126,126,157,111,255,22,7,15,31,31,7,15,154,16,58,54,133,148,90,78,85,85,5,2,85,85,5,2,7,6,5,0,3,2,1,0,164,150,123,111,91,55,19,7,0,0,4,0,0,224,18,1,0,0,0,7,68,23,170,255,8,255,232,120,2,0,1,7,22,1,11,0,255,72,14,244,170,242,129,13,247,15,247,12,247,14,247,10,247,0,0,0,224,5,0,0,128,52,180,195,246,111,247,88,120,1,0,4,30,76,122,192,118,116,82,32,133,1,4,3,132,133,129,128,126,126,157,111,126,126,157,111,255,18,7,15,31,31,7,15,154,16,58,54,133,148,90,78,85,85,5,2,85,85,5,2,7,6,5,0,3,2,1,0,168,150,127,115,95,59,23,11,0,0,4,0,0,224,18,0,0,0,0,7,81,23,170,255,8,255,232,120,2,0,1,7,22,1,11,0,255,72,14,244,170,242
2026-08-07_09-50-59,1,112,0,0.0,0,0.0,-1,-1,129,13,247,15,247,12,247,14,247,10,247,0,0,0,224,5,0,0,128,52,180,195,246,111,247,88,120,1,0,4,30,76,122,192,118,116,82,32,133,1,4,3,132,133,129,128,126,126,157,111,126,126,157,111,255,18,7,15,31,31,7,15,154,16,58,54,133,148,90,78,85,85,5,2,85,85,5,2,7,6,5,0,3,2,1,0,168,150,127,115,95,59,23,11,0,0,4,0,0,224,18,0,0,0,0,7,81,23,170,255,8,255,232,120,2,0,1,7,22,1,11,0,255,72,14,244,170,242,133,13,247,15,247,12,247,14,247,10,247,0,0,0,224,5,0,0,128,48,176,195,246,111,247,87,120,1,0,172,30,172,122,192,118,116,82,32,133,0,4,3,132,133,129,128,126,126,157,111,126,126,157,111,255,14,7,15,31,31,7,15,154,11,58,54,133,148,90,78,85,85,5,2,85,85,5,2,7,6,5,0,3,2,1,0,172,150,131,119,99,63,27,15,0,0,4,0,0,224,18,0,0,0,0,7,87,23,170,255,8,255,232,120,2,0,1,7,22,1,11,0,255,72,14,244,170,242
2026-08-07_09-50-59,1,113,0,0.0,0,0.0,-1,-1,133,13,247,15,247,12,247,14,247,10,247,0,0,0,224,5,0,0,128,48,176,195,246,111,247,87,120,1,0,172,30,172,122,192,118,116,82,32,133,0,4,3,132,133,129,128,126,126,157,111,126,126,157,111,255,14,7,15,31,31,7,15,154,11,58,54,133,148,90,78,85,85,5,2,85,85,5,2,7,6,5,0,3,2,1,0,172,150,131,119,99,63,27,15,0,0,4,0,0,224,18,0,0,0,0,7,87,23,170,255,8,255,232,120,2,0,1,7,22,1,11,0,255,72,14,244,170,242,137,13,247,15,247,12,247,14,247,10,247,0,0,0,224,5,0,0,128,48,172,195,246,111,247,86,120,1,0,84,30,172,122,192,118,116,82,32,133,0,4,3,132,133,129,128,126,126,157,111,126,126,157,111,255,10,7,15,31,31,7,15,154,11,58,54,133,148,90,78,85,85,5,2,85,85,5,2,7,6,5,0,3,2,1,0,176,150,135,123,103,67,31,19,0,0,4,0,0,224,2,0,0,0,0,7,100,23,170,255,8,255,232,120,2,0,1,7,22,1,11,0,255,72,14,244,170,242
2026-08-07_09-50-59,1,114,0,0.0,0,0.0,-1,-1,137,13,247,15,247,12,247,14,247,10,247,0,0,0,224,5,0,0,128,48,172,195,246,111,247,86,120,1,0,84,30,172,122,192,118,116,82,32,133,0,4,3,132,133,129,128,126,126,157,111,126,126,157,111,255,10,7,15,31,31,7,15,154,11,58,54,133,148,90,78,85,85,5,2,85,85,5,2,7,6,5,0,3,2,1,0,176,150,135,123,103,67,31,19,0,0,4,0,0,224,2,0,0,0,0,7,100,23,170,255,8,255,232,120,2,0,1,7,22,1,11,0,255,72,14,244,170,242,141,13,247,15,247,12,247,14,247,10,247,0,0,0,224,5,7,0,128,48,168,195,246,126,247,85,120,1,0,252,172,122,192,118,116,82,32,94,0,4,3,132,133,129,128,2,126,157,111,126,126,157,111,126,7,7,15,31,31,7,15,31,11,58,54,133,148,90,78,30,85,5,2,85,85,5,2,85,6,5,0,3,2,1,0,7,150,138,126,106,70,34,22,2,0,0,4,0,0,224,18,0,0,0,0,7,112,23,170,255,7,255,208,240,85,0,1,135,22,1,11,0,255,72,14,244,170,242
2026-08-07_09-50-59,1,115,0,0.0,0,0.0,-1,-1,141,13,247,15,247,12,247,14,247,10,247,0,0,0,224,5,7,0,128,48,168,195,246,126,247,85,120,1,0,252,172,122,192,118,116,82,32,94,0,4,3,132,133,129,128,2,126,157,111,126,126,157,111,126,7,7,15,31,31,7,15,31,11,58,54,133,148,90,78,30,85,5,2,85,85,5,2,85,6,5,0,3,2,1,0,7,150,138,126,106,70,34,22,2,0,0,4,0,0,224,18,0,0,0,0,7,112,23,170,255,7,255,208,240,85,0,1,135,22,1,11,0,255,72,14,244,170,242,145,13,247,15,247,12,247,14,247,10,247,0,0,0,224,5,7,0,128,48,164,195,246,126,247,84,120,1,0,164,172,122,192,118,116,82,32,94,0,4,3,132,133,129,128,2,126,157,111,126,126,157,111,126,3,7,15,31,31,7,15,31,11,58,54,133,148,90,78,30,85,5,2,85,85,5,2,85,6,5,0,3,2,1,0,7,150,142,130,110,74,38,26,6,0,0,4,0,0,224,2,0,0,0,0,7,119,23,170,255,8,255,208,240,85,0,1,135,22,1,11,0,255,72,14,244,170,242
2026-08-07_09-50-59,1,116,0,0.0,0,0.0,-1,-1,145,13,247,15,247,12,247,14,247,10,247,0,0,0,224,5,7,0,128,48,164,195,246,126,247,84,120,1,0,164,172,122,192,118,116,82,32,94,0,4,3,132,133,129,128,2,126,157,111,126,126,157,111,126,3,7,15,31,31,7,15,31,11,58,54,133,148,90,78,30,85,5,2,85,85,5,2,85,6,5,0,3,2,1,0,7,150,142,130,110,74,38,26,6,0,0,4,0,0,224,2,0,0,0,0,7,119,23,170,255,8,255,208,240,85,0,1,135,22,1,11,0,255,72,14,244,170,242,149,13,247,15,247,12,247,14,247,10,247,0,0,0,224,5,7,0,128,48,160,195,246,126,247,83,120,1,0,76,172,122,192,118,116,82,32,94,0,4,3,132,133,129,128,2,126,157,111,126,126,157,111,126,0,7,15,31,31,7,15,31,11,58,54,133,148,90,78,30,85,5,2,85,85,5,2,85,6,5,0,3,2,1,0,7,150,145,133,113,77,41,29,9,0,0,4,0,0,224,18,0,0,0,0,7,132,23,170,255,8,255,208,240,85,0,1,135,22,1,11,0,255,72,14,244,170,242
2026-08-07_09-50-59,1,117,0,0.0,0,0.0,-1,-1,149,13,247,15,247,12,247,14,247,10,247,0,0,0,224,5,7,0,128,48,160,195,246,126,247,83,120,1,0,76,172,122,192,118,116,82,32,94,0,4,3,132,133,129,128,2,126,157,111,126,126,157,111,126,0,7,15,31,31,7,15,31,11,58,54,133,148,90,78,30,85,5,2,85,85,5,2,85,6,5,0,3,2,1,0,7,150,145,133,113,77,41,29,9,0,0,4,0,0,224,18,0,0,0,0,7,132,23,170,255,8,255,208,240,85,0,1,135,22,1,11,0,255,72,14,244,170,242,153,13,247,15,247,12,247,14,247,10,247,0,0,0,224,5,7,0,128,48,160,195,246,126,247,82,120,1,0,244,172,122,192,118,116,82,32,94,0,4,3,132,133,129,128,2,126,157,111,126,126,157,111,126,255,7,15,31,31,7,15,31,11,58,54,133,148,90,78,30,85,5,2,85,85,5,2,85,6,5,0,3,2,1,0,7,154,149,137,117,81,45,33,13,0,0,4,0,0,224,2,0,0,0,0,7,144,23,170,255,8,255,208,240,85,0,1,135,22,1,11,0,255,72,14,244,170,242
2026-08-07_09-50-59,1,118,0,0.0,0,0.0,-1,-1,153,13,247,15,247,12,247,14,247,10,247,0,0,0,224,5,7,0,128,48,160,195,246,126,247,82,120,1,0,244,172,122,192,118,116,82,32,94,0,4,3,132,133,129,128,2,126,157,111,126,126,157,111,126,255,7,15,31,31,7,15,31,11,58,54,133,148,90,78,30,85,5,2,85,85,5,2,85,6,5,0,3,2,1,0,7,154,149,137,117,81,45,33,13,0,0,4,0,0,224,2,0,0,0,0,7,144,23,170,255,8,255,208,240,85,0,1,135,22,1,11,0,255,72,14,244,170,242,157,13,247,15,247,12,247,14,247,10,247,0,0,0,224,5,7,0,128,48,160,195,246,126,247,81,120,1,0,156,172,122,192,118,116,82,32,94,0,4,3,132,133,129,128,2,126,157,111,126,126,157,111,126,255,5,15,31,31,7,15,31,11,58,54,133,148,90,78,30,85,5,2,85,85,5,2,85,6,5,0,3,2,1,0,7,157,150,140,120,84,48,36,16,0,0,4,0,0,224,18,0,0,0,0,7,151,23,170,255,8,255,208,240,85,0,1,135,22,1,11,0,255,72,14,244,170,242
2026-08-07_09-50-59,1,119,0,0.0,0,0.0,-1,-1,157,13,247,15,247,12,247,14,247,10,247,0,0,0,224,5,7,0,128,48,160,195,246,126,247,81,120,1,0,156,172,122,192,118,116,82,32,94,0,4,3,132,133,129,128,2,126,157,111,126,126,157,111,126,255,5,15,31,31,7,15,31,11,58,54,133,148,90,78,30,85,5,2,85,85,5,2,85,6,5,0,3,2,1,0,7,157,150,140,120,84,48,36,16,0,0,4,0,0,224,18,0,0,0,0,7,151,23,170,255,8,255,208,240,85,0,1,135,22,1,11,0,255,72,14,244,170,242,161,13,247,15,247,12,247,14,247,10,247,0,0,0,224,5,7,0,118,48,160,195,246,126,247,80,120,1,0,68,172,122,192,118,116,82,32,94,0,4,3,132,133,129,128,2,126,157,111,126,126,157,111,126,255,1,15,31,31,7,15,31,11,58,54,133,148,90,78,30,85,5,2,85,85,5,2,85,6,5,0,3,2,1,0,7,161,150,144,124,88,52,40,20,0,0,4,226,0,224,2,0,0,0,0,8,4,22,170,255,8,255,208,240,85,0,1,7,22,1,11,0,255,72,14,244,170,242
2026-08-07_09-50-59,1,120,0,0.0,0,0.0,-1,-1,161,13,247,15,247,12,247,14,247,10,247,0,0,0,224,5,7,0,118,48,160,195,246,126,247,80,120,1,0,68,172,122,192,118,116,82,32,94,0,4,3,132,133,129,128,2,126,157,111,126,126,157,111,126,255,1,15,31,31,7,15,31,11,58,54,133,148,90,78,30,85,5,2,85,85,5,2,85,6,5,0,3,2,1,0,7,161,150,144,124,88,52,40,20,0,0,4,226,0,224,2,0,0,0,0,8,4,22,170,255,8,255,208,240,85,0,1,7,22,1,11,0,255,72,14,244,170,242,165,13,247,15,247,12,247,14,247,10,247,0,0,0,224,6,7,0,121,48,161,234,246,126,247,79,120,1,0,236,172,122,192,118,116,82,32,94,0,4,3,132,133,129,128,2,126,157,111,126,126,157,111,126,255,255,15,31,31,7,15,31,11,58,54,133,148,90,78,30,85,5,2,85,85,5,2,85,6,5,0,3,2,1,0,7,164,152,147,127,91,55,43,23,0,0,4,234,7,224,18,8,0,0,0,8,16,22,170,255,8,255,208,240,85,0,1,7,22,1,11,0,255,72,14,244,170,242
2026-08-07_09-50-59,1,121,1,0.0,0,0.0,-1,-1,165,13,247,15,247,12,247,14,247,10,247,0,0,0,224,6,7,0,121,48,161,234,246,126,247,79,120,1,0,236,172,122,192,118,116,82,32,94,0,4,3,132,133,129,128,2,126,157,111,126,126,157,111,126,255,255,15,31,31,7,15,31,11,58,54,133,148,90,78,30,85,5,2,85,85,5,2,85,6,5,0,3,2,1,0,7,164,152,147,127,91,55,43,23,0,0,4,234,7,224,18,8,0,0,0,8,16,22,170,255,8,255,208,240,85,0,1,7,22,1,11,0,255,72,14,244,170,242,169,13,247,15,247,12,247,14,247,10,247,0,0,0,224,6,7,0,125,48,165,234,246,126,247,78,120,1,0,148,172,122,192,118,116,82,32,94,0,4,3,132,133,129,128,2,126,157,111,126,126,157,111,126,255,255,14,31,31,7,15,31,11,58,54,133,148,90,78,30,85,5,2,85,85,5,2,85,6,5,0,3,2,1,0,7,168,156,150,131,95,59,47,27,0,0,4,242,3,224,2,4,0,0,0,8,23,22,170,255,8,255,208,240,85,0,1,7,22,1,11,0,255,72,14,244,170,242
2026-08-07_09-50-59,1,122,1,0.0,0,0.0,-1,-1,169,13,247,15,247,12,247,14,247,10,247,0,0,0,224,6,7,0,125,48,165,234,246,126,247,78,120,1,0,148,172,122,192,118,116,82,32,94,0,4,3,132,133,129,128,2,126,157,111,126,126,157,111,126,255,255,14,31,31,7,15,31,11,58,54,133,148,90,78,30,85,5,2,85,85,5,2,85,6,5,0,3,2,1,0,7,168,156,150,131,95,59,47,27,0,0,4,242,3,224,2,4,0,0,0,8,23,22,170,255,8,255,208,240,85,0,1,7,22,1,11,0,255,72,14,244,170,242,173,13,247,15,247,12,247,14,247,10,247,0,0,0,224,7,7,0,128,49,169,234,246,126,247,77,120,1,0,60,172,122,192,118,116,82,32,94,0,4,3,132,133,129,128,2,126,157,111,126,126,157,111,126,255,255,11,31,31,7,15,31,11,58,54,133,148,90,78,30,85,5,2,85,85,5,2,85,6,5,0,3,2,1,0,7,171,159,150,134,98,62,50,30,0,0,4,250,8,224,18,9,0,0,0,8,36,22,170,255,8,255,208,240,85,0,1,7,22,1,11,0,255,72,14,244,170,242
2026-08-07_09-50-59,1,123,1,0.0,0,0.0,-1,-1,173,13,247,15,247,12,247,14,247,10,247,0,0,0,224,7,7,0,128,49,169,234,246,126,247,77,120,1,0,60,172,122,192,118,116,82,32,94,0,4,3,132,133,129,128,2,126,157,111,126,126,157,111,126,255,255,11,31,31,7,15,31,11,58,54,133,148,90,78,30,85,5,2,85,85,5,2,85,6,5,0,3,2,1,0,7,171,159,150,134,98,62,50,30,0,0,4,250,8,224,18,9,0,0,0,8,36,22,170,255,8,255,208,240,85,0,1,7,22,1,11,0,255,72,14,244,170,242,177,13,247,15,247,12,247,14,247,10,247,0,0,0,224,7,7,0,128,53,173,234,246,126,247,76,120,1,0,228,172,122,192,118,116,82,32,94,0,4,3,132,133,129,128,2,126,157,111,126,126,157,111,126,255,255,7,31,31,7,15,31,11,58,54,133,148,90,78,30,85,5,2,85,85,5,2,85,6,5,0,3,2,1,0,7,175,163,150,138,102,66,54,34,0,0,4,10,0,224,2,0,0,0,0,8,48,22,170,255,8,255,208,240,85,0,1,7,22,1,11,0,255,72,14,244,170,242
2026-08-07_09-50-59,1,124,0,0.0,0,0.0,-1,-1,177,13,247,15,247,12,247,14,247,10,247,0,0,0,224,7,7,0,128,53,173,234,246,126,247,76,120,1,0,228,172,122,192,118,116,82,32,94,0,4,3,132,133,129,128,2,126,157,111,126,126,157,111,126,255,255,7,31,31,7,15,31,11,58,54,133,148,90,78,30,85,5,2,85,85,5,2,85,6,5,0,3,2,1,0,7,175,163,150,138,102,66,54,34,0,0,4,10,0,224,2,0,0,0,0,8,48,22,170,255,8,255,208,240,85,0,1,7,22,1,11,0,255,72,14,244,170,242,181,13,247,15,247,12,247,14,247,10,247,0,0,0,224,7,6,0,128,57,177,234,246,126,247,75,120,1,0,140,122,192,118,116,82,32,94,92,4,3,132,133,129,128,2,1,157,111,126,126,157,111,126,126,255,4,31,31,7,15,31,31,58,54,133,148,90,78,30,15,5,2,85,85,5,2,85,85,5,0,3,2,1,0,7,6,166,150,141,105,69,57,37,1,0,0,4,6,0,224,26,0,0,0,0,8,55,22,170,255,7,255,161,225,85,0,1,7,20,1,11,0,255,72,14,244,170,242
2026-08-07_09-50-59,1,125,0,0.0,0,0.0,-1,-1,181,13,247,15,247,12,247,14,247,10,247,0,0,0,224,7,6,0,128,57,177,234,246,126,247,75,120,1,0,140,122,192,118,116,82,32,94,92,4,3,132,133,129,128,2,1,157,111,126,126,157,111,126,126,255,4,31,31,7,15,31,31,58,54,133,148,90,78,30,15,5,2,85,85,5,2,85,85,5,0,3,2,1,0,7,6,166,150,141,105,69,57,37,1,0,0,4,6,0,224,26,0,0,0,0,8,55,22,170,255,7,255,161,225,85,0,1,7,20,1,11,0,255,72,14,244,170,242,185,13,247,15,247,12,247,14,247,10,247,0,0,0,224,7,6,0,128,61,181,234,246,126,247,74,120,1,0,52,122,192,118,116,82,32,94,92,4,3,132,133,129,128,2,1,157,111,126,126,157,111,126,126,255,0,31,31,7,15,31,31,58,54,133,148,90,78,30,15,5,2,85,85,5,2,85,85,5,0,3,2,1,0,7,6,170,150,145,109,73,61,41,5,0,0,4,2,0,224,26,0,0,0,0,8,68,22,170,255,8,255,161,225,85,0,1,7,20,1,11,0,255,72,14,244,170,242
2026-08-07_09-50-59,1,126,0,0.0,0,0.0,-1,-1,185,13,247,15,247,12,247,14,247,10,247,0,0,0,224,7,6,0,128,61,181,234,246,126,247,74,120,1,0,52,122,192,118,116,82,32,94,92,4,3,132,133,129,128,2,1,157,111,126,126,157,111,126,126,255,0,31,31,7,15,31,31,58,54,133,148,90,78,30,15,5,2,85,85,5,2,85,85,5,0,3,2,1,0,7,6,170,150,145,109,73,61,41,5,0,0,4,2,0,224,26,0,0,0,0,8,68,22,170,255,8,255,161,225,85,0,1,7,20,1,11,0,255,72,14,244,170,242,189,13,247,15,247,12,247,14,247,10,247,0,0,0,224,7,6,0,128,64,185,234,246,126,247,73,120,1,0,220,122,192,118,116,82,32,94,92,4,3,132,133,129,128,2,1,157,111,126,126,157,111,126,126,255,255,31,31,7,15,31,31,58,54,133,148,90,78,30,15,5,2,85,85,5,2,85,85,5,0,3,2,1,0,7,6,174,154,149,113,77,65,45,9,0,0,4,0,0,240,26,0,0,0,0,8,80,22,170,255,8,255,161,225,85,0,1,7,20,1,11,0,255,72,14,244,170,242
2026-08-07_09-50-59,1,127,0,0.0,0,0.0,-1,-1,189,13,247,15,247,12,247,14,247,10,247,0,0,0,224,7,6,0,128,64,185,234,246,126,247,73,120,1,0,220,122,192,118,116,82,32,94,92,4,3,132,133,129,128,2,1,157,111,126,126,157,111,126,126,255,255,31,31,7,15,31,31,58,54,133,148,90,78,30,15,5,2,85,85,5,2,85,85,5,0,3,2,1,0,7,6,174,154,149,113,77,65,45,9,0,0,4,0,0,240,26,0,0,0,0,8,80,22,170,255,8,255,161,225,85,0,1,7,20,1,11,0,255,72,14,244,170,242,193,13,247,15,247,12,247,14,247,10,247,0,0,0,224,7,6,0,128,64,189,234,246,126,247,73,120,1,0,132,122,192,118,116,82,32,94,92,4,3,132,133,129,128,2,1,157,111,126,126,157,111,126,126,255,255,28,31,7,15,31,31,58,54,133,148,90,78,30,15,5,2,85,85,5,2,85,85,5,0,3,2,1,0,7,6,178,158,150,117,81,69,49,13,0,0,4,0,0,240,26,0,0,0,0,8,87,22,170,255,8,255,161,225,85,0,1,7,20,1,11,0,255,72,14,244,170,242
2026-08-07_09-50-59,1,128,0,0.0,0,0.0,-1,-1,193,13,247,15,247,12,247,14,247,10,247,0,0,0,224,7,6,0,128,64,189,234,246,126,247,73,120,1,0,132,122,192,118,116,82,32,94,92,4,3,132,133,129,128,2,1,157,111,126,126,157,111,126,126,255,255,28,31,7,15,31,31,58,54,133,148,90,78,30,15,5,2,85,85,5,2,85,85,5,0,3,2,1,0,7,6,178,158,150,117,81,69,49,13,0,0,4,0,0,240,26,0,0,0,0,8,87,22,170,255,8,255,161,225,85,0,1,7,20,1,11,0,255,72,14,244,170,242,197,13,247,15,247,12,247,14,247,10,247,0,0,0,224,7,6,0,128,64,192,234,246,126,247,73,120,1,0,44,122,192,118,116,82,32,94,92,4,3,132,133,129,128,2,1,157,111,126,126,157,111,126,126,255,255,24,31,7,15,31,31,58,54,133,148,90,78,30,15,5,2,85,85,5,2,85,85,5,0,3,2,1,0,7,6,183,163,151,122,86,74,54,18,0,0,4,0,0,240,2,0,0,0,0,8,100,22,170,255,8,255,161,225,85,0,2,7,20,1,11,0,255,72,14,244,170,242
2026-08-07_09-50-59,1,129,0,0.0,0,0.0,-1,-1,197,13,247,15,247,12,247,14,247,10,247,0,0,0,224,7,6,0,128,64,192,234,246,126,247,73,120,1,0,44,122,192,118,116,82,32,94,92,4,3,132,133,129,128,2,1,157,111,126,126,157,111,126,126,255,255,24,31,7,15,31,31,58,54,133,148,90,78,30,15,5,2,85,85,5,2,85,85,5,0,3,2,1,0,7,6,183,163,151,122,86,74,54,18,0,0,4,0,0,240,2,0,0,0,0,8,100,22,170,255,8,255,161,225,85,0,2,7,20,1,11,0,255,72,14,244,170,242,201,13,247,15,247,12,247,14,247,10,247,0,0,0,224,7,6,0,128,64,192,234,246,126,247,73,120,1,0,212,122,192,118,116,82,32,94,92,4,3,132,133,129,128,2,1,157,111,126,126,157,111,126,126,255,255,19,31,7,15,31,31,58,54,133,148,90,78,30,15,5,2,85,85,5,2,85,85,5,0,3,2,1,0,7,6,187,167,150,126,90,78,58,22,0,0,4,0,0,240,18,0,0,0,0,8,112,22,170,255,8,255,161,225,85,0,1,7,20,1,11,0,255,72,14,244,170,242
2026-08-07_09-50-59,1,130,0,0.0,0,0.0,-1,-1,201,13,247,15,247,12,247,14,247,10,247,0,0,0,224,7,6,0,128,64,192,234,246,126,247,73,120,1,0,212,122,192,118,116,82,32,94,92,4,3,132,133,129,128,2,1,157,111,126,126,157,111,126,126,255,255,19,31,7,15,31,31,58,54,133,148,90,78,30,15,5,2,85,85,5,2,85,85,5,0,3,2,1,0,7,6,187,167,150,126,90,78,58,22,0,0,4,0,0,240,18,0,0,0,0,8,112,22,170,255,8,255,161,225,85,0,1,7,20,1,11,0,255,72,14,244,170,242,205,13,247,15,247,12,247,14,247,10,247,0,0,0,224,7,6,0,128,64,192,234,246,126,247,73,120,1,0,124,122,192,214,116,82,32,94,92,4,3,131,133,129,128,2,1,157,111,126,126,157,111,126,126,255,255,15,31,7,15,31,31,58,54,128,148,90,78,30,15,5,2,85,85,5,2,85,85,5,0,3,2,1,0,7,6,192,172,151,131,95,83,63,27,0,0,4,0,0,240,2,0,0,0,0,8,119,22,170,255,8,255,161,225,85,0,2,7,20,1,11,0,255,72,14,244,170,242
2026-08-07_09-50-59,1,131,0,0.0,0,0.0,-1,-1,205,13,247,15,247,12,247,14,247,10,247,0,0,0,224,7,6,0,128,64,192,234,246,126,247,73,120,1,0,124,122,192,214,116,82,32,94,92,4,3,131,133,129,128,2,1,157,111,126,126,157,111,126,126,255,255,15,31,7,15,31,31,58,54,128,148,90,78,30,15,5,2,85,85,5,2,85,85,5,0,3,2,1,0,7,6,192,172,151,131,95,83,63,27,0,0,4,0,0,240,2,0,0,0,0,8,119,22,170,255,8,255,161,225,85,0,2,7,20,1,11,0,255,72,14,244,170,242,209,13,247,15,247,12,247,14,247,10,247,0,0,0,224,7,6,0,128,64,192,234,246,126,247,73,120,1,0,36,122,192,214,116,82,32,94,92,4,3,131,133,129,128,2,1,157,111,126,126,157,111,126,126,255,255,10,31,7,15,31,31,58,54,128,148,90,78,30,15,5,2,85,85,5,2,85,85,5,0,3,2,1,0,7,6,196,176,150,135,99,87,67,31,0,0,4,0,0,240,18,0,0,0,0,8,132,22,170,255,8,255,161,225,85,0,1,7,20,1,11,0,255,72,14,244,170,242
2026-08-07_09-50-59,1,132,0,0.0,0,0.0,-1,-1,209,13,247,15,247,12,247,14,247,10,247,0,0,0,224,7,6,0,128,64,192,234,246,126,247,73,120,1,0,36,122,192,214,116,82,32,94,92,4,3,131,133,129,128,2,1,157,111,126,126,157,111,126,126,255,255,10,31,7,15,31,31,58,54,128,148,90,78,30,15,5,2,85,85,5,2,85,85,5,0,3,2,1,0,7,6,196,176,150,135,99,87,67,31,0,0,4,0,0,240,18,0,0,0,0,8,132,22,170,255,8,255,161,225,85,0,1,7,20,1,11,0,255,72,14,244,170,242,213,13,247,15,247,12,247,14,247,10,247,0,0,0,224,7,6,0,128,64,192,234,246,126,247,73,120,1,0,204,122,192,214,116,82,32,94,92,4,3,131,133,129,128,2,1,157,111,126,126,157,111,126,126,255,255,6,31,7,15,31,31,58,54,128,148,90,78,30,15,5,2,85,85,5,2,85,85,5,0,3,2,1,0,7,6,201,181,151,140,104,92,72,36,0,0,4,0,0,240,2,0,0,0,0,8,144,22,170,255,8,255,161,225,85,0,2,7,20,1,11,0,255,72,14,244,170,242
2026-08-07_09-50-59,1,133,0,0.0,0,0.0,-1,-1,213,13,247,15,247,12,247,14,247,10,247,0,0,0,224,7,6,0,128,64,192,234,246,126,247,73,120,1,0,204,122,192,214,116,82,32,94,92,4,3,131,133,129,128,2,1,157,111,126,126,157,111,126,126,255,255,6,31,7,15,31,31,58,54,128,148,90,78,30,15,5,2,85,85,5,2,85,85,5,0,3,2,1,0,7,6,201,181,151,140,104,92,72,36,0,0,4,0,0,240,2,0,0,0,0,8,144,22,170,255,8,255,161,225,85,0,2,7,20,1,11,0,255,72,14,244,170,242,217,13,247,15,247,12,247,14,247,10,247,0,0,0,224,7,5,0,128,64,192,234,246,157,247,73,120,1,0,116,192,214,116,82,32,94,92,154,3,131,133,129,128,2,1,3,111,126,126,157,111,126,126,157,255,1,31,7,15,31,31,7,54,128,148,90,78,30,15,57,2,85,85,5,2,85,85,5,0,3,2,1,0,7,6,5,185,150,144,108,96,76,40,4,0,0,4,0,0,240,18,0,0,0,0,8,151,22,170,255,8,255,67,195,5,0,1,7,20,1,11,0,255,72,14,244,170,242
2026-08-07_09-50-59,1,134,1,0.0,0,0.0,-1,-1,217,13,247,15,247,12,247,14,247,10,247,0,0,0,224,7,5,0,128,64,192,234,246,157,247,73,120,1,0,116,192,214,116,82,32,94,92,154,3,131,133,129,128,2,1,3,111,126,126,157,111,126,126,157,255,1,31,7,15,31,31,7,54,128,148,90,78,30,15,57,2,85,85,5,2,85,85,5,0,3,2,1,0,7,6,5,185,150,144,108,96,76,40,4,0,0,4,0,0,240,18,0,0,0,0,8,151,22,170,255,8,255,67,195,5,0,1,7,20,1,11,0,255,72,14,244,170,242,221,13,247,15,247,12,247,14,247,10,247,0,0,0,224,8,5,0,128,64,192,234,246,157,247,73,120,1,0,28,192,214,116,82,32,94,92,154,3,131,133,129,128,2,1,3,111,126,126,157,111,126,126,157,255,255,31,7,15,31,31,7,54,128,148,90,78,30,15,57,2,85,85,5,2,85,85,5,0,3,2,1,0,7,6,5,190,154,149,113,101,81,45,9,0,0,4,0,6,240,2,7,0,0,0,9,4,22,170,255,8,255,67,195,5,0,2,7,20,1,11,0,255,72,14,244,170,242
2026-08-07_09-50-59,1,135,1,0.0,0,0.0,-1,-1,221,13,247,15,247,12,247,14,247,10,247,0,0,0,224,8,5,0,128,64,192,234,246,157,247,73,120,1,0,28,192,214,116,82,32,94,92,154,3,131,133,129,128,2,1,3,111,126,126,157,111,126,126,157,255,255,31,7,15,31,31,7,54,128,148,90,78,30,15,57,2,85,85,5,2,85,85,5,0,3,2,1,0,7,6,5,190,154,149,113,101,81,45,9,0,0,4,0,6,240,2,7,0,0,0,9,4,22,170,255,8,255,67,195,5,0,2,7,20,1,11,0,255,72,14,244,170,242,225,13,247,15,247,12,247,14,247,10,247,0,0,0,224,8,4,0,128,64,192,234,246,111,247,73,120,1,0,196,214,116,82,32,94,92,154,208,131,133,129,128,2,1,3,3,126,126,157,111,126,126,157,111,255,28,7,15,31,31,7,15,128,148,90,78,30,15,57,53,85,85,5,2,85,85,5,2,3,2,1,0,7,6,5,0,158,150,117,105,85,49,13,1,0,0,4,0,2,240,18,3,0,0,0,9,16,22,170,255,7,255,135,135,2,0,1,7,20,1,11,0,255,72,14,244,170,242
2026-08-07_09-50-59,1,136,1,0.0,0,0.0,-1,-1,225,13,247,15,247,12,247,14,247,10,247,0,0,0,224,8,4,0,128,64,192,234,246,111,247,73,120,1,0,196,214,116,82,32,94,92,154,208,131,133,129,128,2,1,3,3,126,126,157,111,126,126,157,111,255,28,7,15,31,31,7,15,128,148,90,78,30,15,57,53,85,85,5,2,85,85,5,2,3,2,1,0,7,6,5,0,158,150,117,105,85,49,13,1,0,0,4,0,2,240,18,3,0,0,0,9,16,22,170,255,7,255,135,135,2,0,1,7,20,1,11,0,255,72,14,244,170,242,229,13,247,15,247,12,247,14,247,10,247,0,0,0,224,9,4,0,128,66,190,234,246,111,247,73,120,1,0,108,214,116,82,32,94,92,154,208,131,133,129,128,2,1,3,3,126,126,157,111,126,126,157,111,255,24,7,15,31,31,7,15,128,148,90,78,30,15,57,53,85,85,5,2,85,85,5,2,3,2,1,0,7,6,5,0,162,150,121,109,89,53,17,5,0,0,4,0,6,240,26,7,0,0,0,9,23,22,170,255,8,255,135,135,2,0,1,7,20,1,11,0,255,72,14,244,170,242
2026-08-07_09-50-59,1,137,0,0.0,0,0.0,-1,-1,229,13,247,15,247,12,247,14,247,10,247,0,0,0,224,9,4,0,128,66,190,234,246,111,247,73,120,1,0,108,214,116,82,32,94,92,154,208,131,133,129,128,2,1,3,3,126,126,157,111,126,126,157,111,255,24,7,15,31,31,7,15,128,148,90,78,30,15,57,53,85,85,5,2,85,85,5,2,3,2,1,0,7,6,5,0,162,150,121,109,89,53,17,5,0,0,4,0,6,240,26,7,0,0,0,9,23,22,170,255,8,255,135,135,2,0,1,7,20,1,11,0,255,72,14,244,170,242,233,13,247,15,247,12,247,14,247,10,247,0,0,0,224,9,4,0,128,70,186,234,246,111,247,73,120,1,0,20,214,116,82,32,94,92,154,208,131,133,129,128,2,1,3,3,126,126,157,111,126,126,157,111,255,20,7,15,31,31,7,15,128,148,90,78,30,15,57,53,85,85,5,2,85,85,5,2,3,2,1,0,7,6,5,0,166,150,125,113,93,57,21,9,0,0,4,0,0,240,26,0,0,0,0,9,36,22,170,255,8,255,135,135,2,0,1,7,20,1,11,0,255,72,14,244,170,242
2026-08-07_09-50-59,1,138,0,0.0,0,0.0,-1,-1,233,13,247,15,247,12,247,14,247,10,247,0,0,0,224,9,4,0,128,70,186,234,246,111,247,73,120,1,0,20,214,116,82,32,94,92,154,208,131,133,129,128,2,1,3,3,126,126,157,111,126,126,157,111,255,20,7,15,31,31,7,15,128,148,90,78,30,15,57,53,85,85,5,2,85,85,5,2,3,2,1,0,7,6,5,0,166,150,125,113,93,57,21,9,0,0,4,0,0,240,26,0,0,0,0,9,36,22,170,255,8,255,135,135,2,0,1,7,20,1,11,0,255,72,14,244,170,242,237,13,247,15,247,12,247,14,247,10,247,0,0,0,224,9,4,0,128,74,182,234,246,111,247,73,120,1,0,188,214,116,82,32,94,92,154,208,131,133,129,128,2,1,3,3,126,126,157,111,126,126,157,111,255,16,7,15,31,31,7,15,128,148,90,78,30,15,57,53,85,85,5,2,85,85,5,2,3,2,1,0,7,6,5,0,170,150,129,117,97,61,25,13,0,0,4,0,0,240,26,0,0,0,0,9,48,22,170,255,8,255,135,135,2,0,1,7,20,1,11,0,255,72,14,244,170,242
2026-08-07_09-50-59,1,139,0,0.0,0,0.0,-1,-1,237,13,247,15,247,12,247,14,247,10,247,0,0,0,224,9,4,0,128,74,182,234,246,111,247,73,120,1,0,188,214,116,82,32,94,92,154,208,131,133,129,128,2,1,3,3,126,126,157,111,126,126,157,111,255,16,7,15,31,31,7,15,128,148,90,78,30,15,57,53,85,85,5,2,85,85,5,2,3,2,1,0,7,6,5,0,170,150,129,117,97,61,25,13,0,0,4,0,0,240,26,0,0,0,0,9,48,22,170,255,8,255,135,135,2,0,1,7,20,1,11,0,255,72,14,244,170,242,241,13,247,15,247,12,247,14,247,10,247,0,0,0,224,9,4,0,128,78,178,234,246,111,247,73,120,1,0,100,214,212,82,32,94,92,154,208,131,132,129,128,2,1,3,3,126,126,157,111,126,126,157,111,255,12,7,15,31,31,7,15,128,143,90,78,30,15,57,53,85,85,5,2,85,85,5,2,3,2,1,0,7,6,5,0,174,150,133,121,101,65,29,17,0,0,4,0,0,240,26,0,0,0,0,9,55,22,170,255,8,255,135,135,2,0,1,7,20,1,11,0,255,72,14,244,170,242
2026-08-07_09-50-59,1,140,0,0.0,0,0.0,-1,-1,241,13,247,15,247,12,247,14,247,10,247,0,0,0,224,9,4,0,128,78,178,234,246,111,247,73,120,1,0,100,214,212,82,32,94,92,154,208,131,132,129,128,2,1,3,3,126,126,157,111,126,126,157,111,255,12,7,15,31,31,7,15,128,143,90,78,30,15,57,53,85,85,5,2,85,85,5,2,3,2,1,0,7,6,5,0,174,150,133,121,101,65,29,17,0,0,4,0,0,240,26,0,0,0,0,9,55,22,170,255,8,255,135,135,2,0,1,7,20,1,11,0,255,72,14,244,170,242,245,13,247,15,247,12,247,14,247,10,247,0,0,0,224,9,3,0,128,80,176,234,246,126,247,73,120,1,0,12,212,82,32,94,92,154,208,166,132,129,128,2,1,3,3,131,126,157,111,126,126,157,111,126,8,7,15,31,31,7,15,31,143,90,78,30,15,57,53,131,85,5,2,85,85,5,2,85,2,1,0,7,6,5,0,3,150,137,125,105,69,33,21,1,0,0,4,0,0,8,26,0,0,0,0,9,68,22,170,255,7,255,15,14,85,0,1,7,20,1,11,0,255,72,14,244,170,242
2026-08-07_09-50-59,1,141,0,0.0,0,0.0,-1,-1,245,13,247,15,247,12,247,14,247,10,247,0,0,0,224,9,3,0,128,80,176,234,246,126,247,73,120,1,0,12,212,82,32,94,92,154,208,166,132,129,128,2,1,3,3,131,126,157,111,126,126,157,111,126,8,7,15,31,31,7,15,31,143,90,78,30,15,57,53,131,85,5,2,85,85,5,2,85,2,1,0,7,6,5,0,3,150,137,125,105,69,33,21,1,0,0,4,0,0,8,26,0,0,0,0,9,68,22,170,255,7,255,15,14,85,0,1,7,20,1,11,0,255,72,14,244,170,242,249,13,247,15,247,12,247,14,247,10,247,0,0,0,224,9,3,0,128,80,176,234,246,126,247,74,120,1,0,180,212,82,32,94,92,154,208,166,132,129,128,2,1,3,3,131,126,157,111,126,126,157,111,126,4,7,15,31,31,7,15,31,143,90,78,30,15,57,53,131,85,5,2,85,85,5,2,85,2,1,0,7,6,5,0,3,150,141,129,109,73,37,25,5,0,0,4,0,0,8,26,0,0,0,0,9,80,22,170,255,8,255,15,14,85,0,1,135,20,1,11,0,255,72,14,244,170,242
2026-08-07_09-50-59,1,142,0,0.0,0,0.0,-1,-1,249,13,247,15,247,12,247,14,247,10,247,0,0,0,224,9,3,0,128,80,176,234,246,126,247,74,120,1,0,180,212,82,32,94,92,154,208,166,132,129,128,2,1,3,3,131,126,157,111,126,126,157,111,126,4,7,15,31,31,7,15,31,143,90,78,30,15,57,53,131,85,5,2,85,85,5,2,85,2,1,0,7,6,5,0,3,150,141,129,109,73,37,25,5,0,0,4,0,0,8,26,0,0,0,0,9,80,22,170,255,8,255,15,14,85,0,1,135,20,1,11,0,255,72,14,244,170,242,253,13,247,15,247,12,247,14,247,10,247,0,0,0,224,9,3,0,128,80,176,234,246,126,247,75,120,1,0,92,212,82,32,94,92,154,208,166,132,129,128,2,1,3,3,131,126,157,111,126,126,157,111,126,0,7,15,31,31,7,15,31,143,90,78,30,15,57,53,131,85,5,2,85,85,5,2,85,2,1,0,7,6,5,0,3,150,145,133,113,77,41,29,9,0,0,4,0,0,8,26,0,0,0,0,9,87,22,170,255,8,255,15,14,85,0,1,135,20,1,11,0,255,72,14,244,170,242
2026-08-07_09-50-59,1,143,0,0.0,0,0.0,-1,-1,253,13,247,15,247,12,247,14,247,10,247,0,0,0,224,9,3,0,128,80,176,234,246,126,247,75,120,1,0,92,212,82,32,94,92,154,208,166,132,129,128,2,1,3,3,131,126,157,111,126,126,157,111,126,0,7,15,31,31,7,15,31,143,90,78,30,15,57,53,131,85,5,2,85,85,5,2,85,2,1,0,7,6,5,0,3,150,145,133,113,77,41,29,9,0,0,4,0,0,8,26,0,0,0,0,9,87,22,170,255,8,255,15,14,85,0,1,135,20,1,11,0,255,72,14,244,170,242,1,13,247,15,247,12,247,14,247,10,247,0,0,0,224,9,3,0,128,80,176,234,246,126,247,76,120,1,0,4,212,82,32,94,92,154,208,166,132,129,128,2,1,3,3,131,126,157,111,126,126,157,111,126,255,7,15,31,31,7,15,31,143,90,78,30,15,57,53,131,85,5,2,85,85,5,2,85,2,1,0,7,6,5,0,3,154,149,137,117,81,45,33,13,0,0,4,0,0,8,26,0,0,0,0,9,100,22,170,255,8,255,15,14,85,0,1,135,20,1,11,0,255,72,14,244,170,242
2026-08-07_09-50-59,1,144,0,0.0,0,0.0,-1,-1,1,13,247,15,247,12,247,14,247,10,247,0,0,0,224,9,3,0,128,80,176,234,246,126,247,76,120,1,0,4,212,82,32,94,92,154,208,166,132,129,128,2,1,3,3,131,126,157,111,126,126,157,111,126,255,7,15,31,31,7,15,31,143,90,78,30,15,57,53,131,85,5,2,85,85,5,2,85,2,1,0,7,6,5,0,3,154,149,137,117,81,45,33,13,0,0,4,0,0,8,26,0,0,0,0,9,100,22,170,255,8,255,15,14,85,0,1,135,20,1,11,0,255,72,14,244,170,242,5,13,247,15,247,12,247,14,247,10,247,0,0,0,224,9,3,0,128,80,176,234,246,126,247,77,120,1,0,172,212,82,32,94,92,154,208,166,132,129,128,2,1,3,3,131,126,157,111,126,126,157,111,126,255,4,15,31,31,7,15,31,143,90,78,30,15,57,53,131,85,5,2,85,85,5,2,85,2,1,0,7,6,5,0,3,158,150,141,121,85,49,37,17,0,0,4,0,0,8,26,0,0,0,0,9,112,22,170,255,8,255,15,14,85,0,1,135,20,1,11,0,255,72,14,244,170,242
2026-08-07_09-50-59,1,145,0,0.0,0,0.0,-1,-1,5,13,247,15,247,12,247,14,247,10,247,0,0,0,224,9,3,0,128,80,176,234,246,126,247,77,120,1,0,172,212,82,32,94,92,154,208,166,132,129,128,2,1,3,3,131,126,157,111,126,126,157,111,126,255,4,15,31,31,7,15,31,143,90,78,30,15,57,53,131,85,5,2,85,85,5,2,85,2,1,0,7,6,5,0,3,158,150,141,121,85,49,37,17,0,0,4,0,0,8,26,0,0,0,0,9,112,22,170,255,8,255,15,14,85,0,1,135,20,1,11,0,255,72,14,244,170,242,9,13,247,15,247,12,247,14,247,10,247,0,0,0,0,72,3,0,116,77,179,160,246,126,247,77,120,0,1,84,212,82,32,94,92,154,208,166,132,129,128,2,1,3,3,131,126,157,111,126,126,157,111,126,255,2,15,31,31,7,15,31,143,90,78,30,15,57,53,131,85,5,2,85,85,5,2,85,2,1,0,7,6,5,0,3,159,149,142,122,86,50,38,18,0,0,4,228,69,16,26,70,0,0,0,9,119,21,170,255,8,255,15,14,85,0,0,135,20,1,11,0,255,72,14,244,170,242
2026-08-07_09-50-59,1,146,0,0.0,0,0.0,-1,-1,9,13,247,15,247,12,247,14,247,10,247,0,0,0,0,72,3,0,116,77,179,160,246,126,247,77,120,0,1,84,212,82,32,94,92,154,208,166,132,129,128,2,1,3,3,131,126,157,111,126,126,157,111,126,255,2,15,31,31,7,15,31,143,90,78,30,15,57,53,131,85,5,2,85,85,5,2,85,2,1,0,7,6,5,0,3,159,149,142,122,86,50,38,18,0,0,4,228,69,16,26,70,0,0,0,9,119,21,170,255,8,255,15,14,85,0,0,135,20,1,11,0,255,72,14,244,170,242,13,13,247,15,247,12,247,14,247,10,247,0,0,0,0,72,3,0,116,73,183,160,246,126,247,77,120,0,1,252,212,82,32,94,92,154,208,166,132,129,128,2,1,3,3,131,126,157,111,126,126,157,111,126,255,2,15,31,31,7,15,31,143,90,78,30,15,57,53,131,85,5,2,85,85,5,2,85,2,1,0,7,6,5,0,3,159,149,142,122,86,50,38,18,0,0,4,236,65,16,26,66,0,0,0,9,131,21,170,255,8,255,15,14,85,0,0,135,20,1,11,0,255,72,14,244,170,242
2026-08-07_09-50-59,1,147,0,0.0,0,0.0,-1,-1,13,13,247,15,247,12,247,14,247,10,247,0,0,0,0,72,3,0,116,73,183,160,246,126,247,77,120,0,1,252,212,82,32,94,92,154,208,166,132,129,128,2,1,3,3,131,126,157,111,126,126,157,111,126,255,2,15,31,31,7,15,31,143,90,78,30,15,57,53,131,85,5,2,85,85,5,2,85,2,1,0,7,6,5,0,3,159,149,142,122,86,50,38,18,0,0,4,236,65,16,26,66,0,0,0,9,131,21,170,255,8,255,15,14,85,0,0,135,20,1,11,0,255,72,14,244,170,242,17,13,247,15,247,12,247,14,247,10,247,0,0,0,0,72,3,0,116,69,187,160,246,126,247,77,120,0,1,164,212,82,32,94,92,154,208,166,132,129,128,2,1,3,3,131,126,157,111,126,126,157,111,126,255,2,15,31,31,7,15,31,143,90,78,30,15,57,53,131,85,5,2,85,85,5,2,85,2,1,0,7,6,5,0,3,159,149,142,122,86,50,38,18,0,0,4,244,61,16,26,62,0,0,0,9,144,21,170,255,8,255,15,14,85,0,0,135,20,1,11,0,255,72,14,244,170,242
2026-08-07_09-50-59,1,148,0,0.0,0,0.0,-1,-1,17,13,247,15,247,12,247,14,247,10,247,0,0,0,0,72,3,0,116,69,187,160,246,126,247,77,120,0,1,164,212,82,32,94,92,154,208,166,132,129,128,2,1,3,3,131,126,157,111,126,126,157,111,126,255,2,15,31,31,7,15,31,143,90,78,30,15,57,53,131,85,5,2,85,85,5,2,85,2,1,0,7,6,5,0,3,159,149,142,122,86,50,38,18,0,0,4,244,61,16,26,62,0,0,0,9,144,21,170,255,8,255,15,14,85,0,0,135,20,1,11,0,255,72,14,244,170,242,21,13,247,15,247,12,247,14,247,10,247,0,0,0,0,72,3,0,116,65,191,160,246,126,247,77,120,0,1,76,212,82,32,94,92,154,208,166,132,129,128,2,1,3,3,131,126,157,111,126,126,157,111,126,255,2,15,31,31,7,15,31,143,90,78,30,15,57,53,131,85,5,2,85,85,5,2,85,2,1,0,7,6,5,0,3,159,149,142,122,86,50,38,18,0,0,4,252,57,16,26,58,0,0,0,9,151,21,170,255,8,255,15,14,85,0,0,135,20,1,11,0,255,72,14,244,170,242
2026-08-07_09-50-59,1,149,0,0.0,0,0.0,-1,-1,21,13,247,15,247,12,247,14,247,10,247,0,0,0,0,72,3,0,116,65,191,160,246,126,247,77,120,0,1,76,212,82,32,94,92,154,208,166,132,129,128,2,1,3,3,131,126,157,111,126,126,157,111,126,255,2,15,31,31,7,15,31,143,90,78,30,15,57,53,131,85,5,2,85,85,5,2,85,2,1,0,7,6,5,0,3,159,149,142,122,86,50,38,18,0,0,4,252,57,16,26,58,0,0,0,9,151,21,170,255,8,255,15,14,85,0,0,135,20,1,11,0,255,72,14,244,170,242,25,13,247,15,247,12,247,14,247,10,247,0,0,0,0,72,3,0,116,64,192,160,246,126,247,77,120,0,1,244,212,82,32,94,92,154,208,166,132,129,128,2,1,3,3,131,126,157,111,126,126,157,111,126,255,2,15,31,31,7,15,31,143,90,78,30,15,57,53,131,85,5,2,85,85,5,2,85,2,1,0,7,6,5,0,3,159,149,142,122,86,50,38,18,0,0,4,9,53,16,26,54,0,0,0,16,3,21,170,255,8,255,15,14,85,0,0,135,20,1,11,0,255,72,14,244,170,242
2026-08-07_09-50-59,1,150,0,0.0,0,0.0,-1,-1,25,13,247,15,247,12,247,14,247,10,247,0,0,0,0,72,3,0,116,64,192,160,246,126,247,77,120,0,1,244,212,82,32,94,92,154,208,166,132,129,128,2,1,3,3,131,126,157,111,126,126,157,111,126,255,2,15,31,31,7,15,31,143,90,78,30,15,57,53,131,85,5,2,85,85,5,2,85,2,1,0,7,6,5,0,3,159,149,142,122,86,50,38,18,0,0,4,9,53,16,26,54,0,0,0,16,3,21,170,255,8,255,15,14,85,0,0,135,20,1,11,0,255,72,14,244,170,242,29,13,247,15,247,12,247,14,247,10,247,0,0,0,0,72,3,0,116,64,192,160,246,126,247,77,120,0,1,156,212,82,32,94,92,154,208,166,132,129,128,2,1,3,3,131,126,157,111,126,126,157,111,126,255,2,15,31,31,7,15,31,143,90,78,30,15,57,53,131,85,5,2,85,85,5,2,85,2,1,0,7,6,5,0,3,159,149,142,122,86,50,38,18,0,0,4,5,49,16,26,50,0,0,0,16,16,21,170,255,8,255,15,14,85,0,0,135,20,1,11,0,255,72,14,244,170,242
2026-08-07_09-50-59,1,151,0,0.0,0,0.0,-1,-1,29,13,247,15,247,12,247,14,247,10,247,0,0,0,0,72,3,0,116,64,192,160,246,126,247,77,120,0,1,156,212,82,32,94,92,154,208,166,132,129,128,2,1,3,3,131,126,157,111,126,126,157,111,126,255,2,15,31,31,7,15,31,143,90,78,30,15,57,53,131,85,5,2,85,85,5,2,85,2,1,0,7,6,5,0,3,159,149,142,122,86,50,38,18,0,0,4,5,49,16,26,50,0,0,0,16,16,21,170,255,8,255,15,14,85,0,0,135,20,1,11,0,255,72,14,244,170,242,33,13,247,15,247,12,247,14,247,10,247,0,0,0,0,72,3,0,116,64,192,160,246,126,247,77,120,0,1,68,212,82,32,94,92,154,208,166,132,129,128,2,1,3,3,131,126,157,111,126,126,157,111,126,255,2,15,31,31,7,15,31,143,90,78,30,15,57,53,131,85,5,2,85,85,5,2,85,2,1,0,7,6,5,0,3,159,149,142,122,86,50,38,18,0,0,4,1,45,16,26,46,0,0,0,16,23,21,170,255,8,255,15,14,85,0,0,135,20,1,11,0,255,72,14,244,170,242
2026-08-07_09-50-59,1,152,0,0.0,0,0.0,-1,-1,33,13,247,15,247,12,247,14,247,10,247,0,0,0,0,72,3,0,116,64,192,160,246,126,247,77,120,0,1,68,212,82,32,94,92,154,208,166,132,129,128,2,1,3,3,131,126,157,111,126,126,157,111,126,255,2,15,31,31,7,15,31,143,90,78,30,15,57,53,131,85,5,2,85,85,5,2,85,2,1,0,7,6,5,0,3,159,149,142,122,86,50,38,18,0,0,4,1,45,16,26,46,0,0,0,16,23,21,170,255,8,255,15,14,85,0,0,135,20,1,11,0,255,72,14,244,170,242,37,13,247,15,247,12,247,14,247,10,247,0,0,0,0,72,3,0,116,64,192,160,246,126,247,77,120,0,1,236,212,82,32,94,92,154,208,166,132,129,128,2,1,3,3,131,126,157,111,126,126,157,111,126,255,2,15,31,31,7,15,31,143,90,78,30,15,57,53,131,85,5,2,85,85,5,2,85,2,1,0,7,6,5,0,3,159,149,142,122,86,50,38,18,0,0,4,0,41,16,26,42,0,0,0,16,35,21,170,255,8,255,15,14,85,0,0,135,20,1,11,0,255,72,14,244,170,242
2026-08-07_09-50-59,1,153,0,0.0,0,0.0,-1,-1,37,13,247,15,247,12,247,14,247,10,247,0,0,0,0,72,3,0,116,64,192,160,246,126,247,77,120,0,1,236,212,82,32,94,92,154,208,166,132,129,128,2,1,3,3,131,126,157,111,126,126,157,111,126,255,2,15,31,31,7,15,31,143,90,78,30,15,57,53,131,85,5,2,85,85,5,2,85,2,1,0,7,6,5,0,3,159,149,142,122,86,50,38,18,0,0,4,0,41,16,26,42,0,0,0,16,35,21,170,255,8,255,15,14,85,0,0,135,20,1,11,0,255,72,14,244,170,242,41,13,247,15,247,12,247,14,247,10,247,0,0,0,0,72,3,0,116,64,192,160,246,126,247,77,120,0,1,148,212,82,32,94,92,154,208,166,132,129,128,2,1,3,3,131,126,157,111,126,126,157,111,126,255,2,15,31,31,7,15,31,143,90,78,30,15,57,53,131,85,5,2,85,85,5,2,85,2,1,0,7,6,5,0,3,159,149,142,122,86,50,38,18,0,0,4,0,37,16,26,38,0,0,0,16,48,21,170,255,8,255,15,14,85,0,0,135,20,1,11,0,255,72,14,244,170,242
2026-08-07_09-50-59,1,154,0,0.0,0,0.0,-1,-1,41,13,247,15,247,12,247,14,247,10,247,0,0,0,0,72,3,0,116,64,192,160,246,126,247,77,120,0,1,148,212,82,32,94,92,154,208,166,132,129,128,2,1,3,3,131,126,157,111,126,126,157,111,126,255,2,15,31,31,7,15,31,143,90,78,30,15,57,53,131,85,5,2,85,85,5,2,85,2,1,0,7,6,5,0,3,159,149,142,122,86,50,38,18,0,0,4,0,37,16,26,38,0,0,0,16,48,21,170,255,8,255,15,14,85,0,0,135,20,1,11,0,255,72,14,244,170,242,45,13,247,15,247,12,247,14,247,10,247,0,0,0,0,72,3,0,116,64,192,160,246,126,247,77,120,0,1,60,212,82,32,94,92,154,208,166,132,129,128,2,1,3,3,131,126,157,111,126,126,157,111,126,255,2,15,31,31,7,15,31,143,90,78,30,15,57,53,131,85,5,2,85,85,5,2,85,2,1,0,7,6,5,0,3,159,149,142,122,86,50,38,18,0,0,4,0,33,16,26,34,0,0,0,16,55,21,170,255,8,255,15,14,85,0,0,135,20,1,11,0,255,72,14,244,170,242
2026-08-07_09-50-59,1,155,0,0.0,0,0.0,-1,-1,45,13,247,15,247,12,247,14,247,10,247,0,0,0,0,72,3,0,116,64,192,160,246,126,247,77,120,0,1,60,212,82,32,94,92,154,208,166,132,129,128,2,1,3,3,131,126,157,111,126,126,157,111,126,255,2,15,31,31,7,15,31,143,90,78,30,15,57,53,131,85,5,2,85,85,5,2,85,2,1,0,7,6,5,0,3,159,149,142,122,86,50,38,18,0,0,4,0,33,16,26,34,0,0,0,16,55,21,170,255,8,255,15,14,85,0,0,135,20,1,11,0,255,72,14,244,170,242,49,13,247,15,247,12,247,14,247,10,247,0,0,0,0,72,3,0,116,64,192,160,246,126,247,77,120,0,1,228,212,82,32,94,92,154,208,166,132,129,128,2,1,3,3,131,126,157,111,126,126,157,111,126,255,2,15,31,31,7,15,31,143,90,78,30,15,57,53,131,85,5,2,85,85,5,2,85,2,1,0,7,6,5,0,3,159,149,142,122,86,50,38,18,0,0,4,0,29,16,26,30,0,0,0,16,67,21,170,255,8,255,15,14,85,0,0,135,20,1,11,0,255,72,14,244,170,242
2026-08-07_09-50-59,1,156,0,0.0,0,0.0,-1,-1,49,13,247,15,247,12,247,14,247,10,247,0,0,0,0,72,3,0,116,64,192,160,246,126,247,77,120,0,1,228,212,82,32,94,92,154,208,166,132,129,128,2,1,3,3,131,126,157,111,126,126,157,111,126,255,2,15,31,31,7,15,31,143,90,78,30,15,57,53,131,85,5,2,85,85,5,2,85,2,1,0,7,6,5,0,3,159,149,142,122,86,50,38,18,0,0,4,0,29,16,26,30,0,0,0,16,67,21,170,255,8,255,15,14,85,0,0,135,20,1,11,0,255,72,14,244,170,242,53,13,247,15,247,12,247,14,247,10,247,0,0,0,0,72,3,0,116,64,192,160,246,126,247,77,120,0,1,140,212,82,32,94,92,154,208,166,132,129,128,2,1,3,3,131,126,157,111,126,126,157,111,126,255,2,15,31,31,7,15,31,143,90,78,30,15,57,53,131,85,5,2,85,85,5,2,85,2,1,0,7,6,5,0,3,159,149,142,122,86,50,38,18,0,0,4,0,25,16,26,26,0,0,0,16,80,21,170,255,8,255,15,14,85,0,0,135,20,1,11,0,255,72,14,244,170,242
2026-08-07_09-50-59,1,157,0,0.0,0,0.0,-1,-1,53,13,247,15,247,12,247,14,247,10,247,0,0,0,0,72,3,0,116,64,192,160,246,126,247,77,120,0,1,140,212,82,32,94,92,154,208,166,132,129,128,2,1,3,3,131,126,157,111,126,126,157,111,126,255,2,15,31,31,7,15,31,143,90,78,30,15,57,53,131,85,5,2,85,85,5,2,85,2,1,0,7,6,5,0,3,159,149,142,122,86,50,38,18,0,0,4,0,25,16,26,26,0,0,0,16,80,21,170,255,8,255,15,14,85,0,0,135,20,1,11,0,255,72,14,244,170,242,57,13,247,15,247,12,247,14,247,10,247,0,0,0,0,72,3,0,116,64,192,160,246,126,247,77,120,0,1,52,212,82,32,94,92,154,208,166,132,129,128,2,1,3,3,131,126,157,111,126,126,157,111,126,255,2,15,31,31,7,15,31,143,90,78,30,15,57,53,131,85,5,2,85,85,5,2,85,2,1,0,7,6,5,0,3,159,149,142,122,86,50,38,18,0,0,4,0,21,16,26,22,0,0,0,16,87,21,170,255,8,255,15,14,85,0,0,135,20,1,11,0,255,72,14,244,170,242
2026-08-07_09-50-59,1,158,0,0.0,0,0.0,-1,-1,57,13,247,15,247,12,247,14,247,10,247,0,0,0,0,72,3,0,116,64,192,160,246,126,247,77,120,0,1,52,212,82,32,94,92,154,208,166,132,129,128,2,1,3,3,131,126,157,111,126,126,157,111,126,255,2,15,31,31,7,15,31,143,90,78,30,15,57,53,131,85,5,2,85,85,5,2,85,2,1,0,7,6,5,0,3,159,149,142,122,86,50,38,18,0,0,4,0,21,16,26,22,0,0,0,16,87,21,170,255,8,255,15,14,85,0,0,135,20,1,11,0,255,72,14,244,170,242,61,13,247,15,247,12,247,14,247,10,247,0,0,0,0,72,3,0,116,64,192,160,246,126,247,77,120,0,1,220,212,82,32,94,92,154,208,166,132,129,128,2,1,3,3,131,126,157,111,126,126,157,111,126,255,2,15,31,31,7,15,31,143,90,78,30,15,57,53,131,85,5,2,85,85,5,2,85,2,1,0,7,6,5,0,3,159,149,142,122,86,50,38,18,0,0,4,0,17,16,26,18,0,0,0,16,99,21,170,255,8,255,15,14,85,0,0,135,20,1,11,0,255,72,14,244,170,242
2026-08-07_09-50-59,1,159,0,0.0,0,0.0,-1,-1,61,13,247,15,247,12,247,14,247,10,247,0,0,0,0,72,3,0,116,64,192,160,246,126,247,77,120,0,1,220,212,82,32,94,92,154,208,166,132,129,128,2,1,3,3,131,126,157,111,126,126,157,111,126,255,2,15,31,31,7,15,31,143,90,78,30,15,57,53,131,85,5,2,85,85,5,2,85,2,1,0,7,6,5,0,3,159,149,142,122,86,50,38,18,0,0,4,0,17,16,26,18,0,0,0,16,99,21,170,255,8,255,15,14,85,0,0,135,20,1,11,0,255,72,14,244,170,242,65,13,247,15,247,12,247,14,247,10,247,0,0,0,0,72,3,0,116,64,192,160,246,126,247,77,120,0,1,132,212,82,32,94,92,154,208,166,132,129,128,2,1,3,3,131,126,157,111,126,126,157,111,126,255,2,15,31,31,7,15,31,143,90,78,30,15,57,53,131,85,5,2,85,85,5,2,85,2,1,0,7,6,5,0,3,159,149,142,122,86,50,38,18,0,0,4,0,13,16,26,14,0,0,0,16,112,21,170,255,8,255,15,14,85,0,0,135,20,1,11,0,255,72,14,244,170,242
2026-08-07_09-50-59,1,160,0,0.0,0,0.0,-1,-1,65,13,247,15,247,12,247,14,247,10,247,0,0,0,0,72,3,0,116,64,192,160,246,126,247,77,120,0,1,132,212,82,32,94,92,154,208,166,132,129,128,2,1,3,3,131,126,157,111,126,126,157,111,126,255,2,15,31,31,7,15,31,143,90,78,30,15,57,53,131,85,5,2,85,85,5,2,85,2,1,0,7,6,5,0,3,159,149,142,122,86,50,38,18,0,0,4,0,13,16,26,14,0,0,0,16,112,21,170,255,8,255,15,14,85,0,0,135,20,1,11,0,255,72,14,244,170,242,69,13,247,15,247,12,247,14,247,10,247,0,0,0,0,72,3,0,116,64,192,160,246,126,247,77,120,0,1,44,212,82,32,94,92,154,208,166,132,129,128,2,1,3,3,131,126,157,111,126,126,157,111,126,255,2,15,31,31,7,15,31,143,90,78,30,15,57,53,131,85,5,2,85,85,5,2,85,2,1,0,7,6,5,0,3,159,149,142,122,86,50,38,18,0,0,4,0,9,16,26,10,0,0,0,16,119,21,170,255,8,255,15,14,85,0,0,135,20,1,11,0,255,72,14,244,170,242
2026-08-07_09-50-59,1,161,0,0.0,0,0.0,-1,-1,69,13,247,15,247,12,247,14,247,10,247,0,0,0,0,72,3,0,116,64,192,160,246,126,247,77,120,0,1,44,212,82,32,94,92,154,208,166,132,129,128,2,1,3,3,131,126,157,111,126,126,157,111,126,255,2,15,31,31,7,15,31,143,90,78,30,15,57,53,131,85,5,2,85,85,5,2,85,2,1,0,7,6,5,0,3,159,149,142,122,86,50,38,18,0,0,4,0,9,16,26,10,0,0,0,16,119,21,170,255,8,255,15,14,85,0,0,135,20,1,11,0,255,72,14,244,170,242,73,13,247,15,247,12,247,14,247,10,247,0,0,0,0,72,3,0,116,64,192,160,246,126,247,77,120,0,1,212,212,82,32,94,92,154,208,166,132,129,128,2,1,3,3,131,126,157,111,126,126,157,111,126,255,2,15,31,31,7,15,31,143,90,78,30,15,57,53,131,85,5,2,85,85,5,2,85,2,1,0,7,6,5,0,3,159,149,142,122,86,50,38,18,0,0,4,0,5,16,26,6,0,0,0,16,131,21,170,255,8,255,15,14,85,0,0,135,20,1,11,0,255,72,14,244,170,242
2026-08-07_09-50-59,1,162,0,0.0,0,0.0,-1,-1,73,13,247,15,247,12,247,14,247,10,247,0,0,0,0,72,3,0,116,64,192,160,246,126,247,77,120,0,1,212,212,82,32,94,92,154,208,166,132,129,128,2,1,3,3,131,126,157,111,126,126,157,111,126,255,2,15,31,31,7,15,31,143,90,78,30,15,57,53,131,85,5,2,85,85,5,2,85,2,1,0,7,6,5,0,3,159,149,142,122,86,50,38,18,0,0,4,0,5,16,26,6,0,0,0,16,131,21,170,255,8,255,15,14,85,0,0,135,20,1,11,0,255,72,14,244,170,242,77,13,247,15,247,12,247,14,247,10,247,0,0,0,0,72,3,0,116,64,192,160,246,126,247,77,120,0,1,124,212,82,32,94,92,154,208,166,132,129,128,2,1,3,3,131,126,157,111,126,126,157,111,126,255,2,15,31,31,7,15,31,143,90,78,30,15,57,53,131,85,5,2,85,85,5,2,85,2,1,0,7,6,5,0,3,159,149,142,122,86,50,38,18,0,0,4,0,1,16,26,2,0,0,0,16,144,21,170,255,8,255,15,14,85,0,0,135,20,1,11,0,255,72,14,244,170,242
2026-08-07_09-50-59,1,163,0,0.0,0,0.0,-1,-1,77,13,247,15,247,12,247,14,247,10,247,0,0,0,0,72,3,0,116,64,192,160,246,126,247,77,120,0,1,124,212,82,32,94,92,154,208,166,132,129,128,2,1,3,3,131,126,157,111,126,126,157,111,126,255,2,15,31,31,7,15,31,143,90,78,30,15,57,53,131,85,5,2,85,85,5,2,85,2,1,0,7,6,5,0,3,159,149,142,122,86,50,38,18,0,0,4,0,1,16,26,2,0,0,0,16,144,21,170,255,8,255,15,14,85,0,0,135,20,1,11,0,255,72,14,244,170,242,81,13,247,15,247,12,247,14,247,10,247,0,0,0,3,8,3,0,116,64,192,234,246,126,247,77,120,0,1,36,212,82,32,94,92,154,208,166,132,129,128,2,1,3,3,131,126,157,111,126,126,157,111,126,255,2,15,31,31,7,15,31,143,90,78,30,15,57,53,131,85,5,2,85,85,5,2,85,2,1,0,7,6,5,0,3,159,149,142,122,86,50,38,18,0,0,4,0,0,16,26,0,0,0,0,16,151,21,170,255,8,255,15,14,85,0,0,135,20,1,11,0,255,72,14,244,170,242
2026-08-07_09-50-59,1,164,0,0.0,0,0.0,-1,-1,81,13,247,15,247,12,247,14,247,10,247,0,0,0,3,8,3,0,116,64,192,234,246,126,247,77,120,0,1,36,212,82,32,94,92,154,208,166,132,129,128,2,1,3,3,131,126,157,111,126,126,157,111,126,255,2,15,31,31,7,15,31,143,90,78,30,15,57,53,131,85,5,2,85,85,5,2,85,2,1,0,7,6,5,0,3,159,149,142,122,86,50,38,18,0,0,4,0,0,16,26,0,0,0,0,16,151,21,170,255,8,255,15,14,85,0,0,135,20,1,11,0,255,72,14,244,170,242,85,13,247,15,247,12,247,14,247,10,247,0,0,0,7,8,3,0,116,64,192,234,246,126,247,77,120,0,1,204,212,82,32,94,92,154,208,166,132,129,128,2,1,3,3,131,126,157,111,126,126,157,111,126,255,2,15,31,31,7,15,31,143,90,78,30,15,57,53,131,85,5,2,85,85,5,2,85,2,1,0,7,6,5,0,3,159,149,142,122,86,50,38,18,0,0,4,0,0,16,26,0,0,0,0,17,3,21,170,255,8,255,15,14,85,0,0,135,20,1,11,0,255,72,14,244,170,242
2026-08-07_09-50-59,1,165,0,0.0,0,0.0,-1,-1,85,13,247,15,247,12,247,14,247,10,247,0,0,0,7,8,3,0,116,64,192,234,246,126,247,77,120,0,1,204,212,82,32,94,92,154,208,166,132,129,128,2,1,3,3,131,126,157,111,126,126,157,111,126,255,2,15,31,31,7,15,31,143,90,78,30,15,57,53,131,85,5,2,85,85,5,2,85,2,1,0,7,6,5,0,3,159,149,142,122,86,50,38,18,0,0,4,0,0,16,26,0,0,0,0,17,3,21,170,255,8,255,15,14,85,0,0,135,20,1,11,0,255,72,14,244,170,242,89,13,247,15,247,12,247,14,247,10,247,0,0,0,11,8,3,0,116,64,192,234,246,126,247,77,120,0,1,116,212,82,32,94,92,154,208,166,132,129,128,2,1,3,3,131,126,157,111,126,126,157,111,126,255,2,15,31,31,7,15,31,143,90,78,30,15,57,53,131,85,5,2,85,85,5,2,85,2,1,0,7,6,5,0,3,159,149,142,122,86,50,38,18,0,0,4,0,0,16,26,0,0,0,0,17,16,21,170,255,8,255,15,14,85,0,0,135,20,1,11,0,255,72,14,244,170,242
2026-08-07_09-50-59,1,166,0,0.0,0,0.0,-1,-1,89,13,247,15,247,12,247,14,247,10,247,0,0,0,11,8,3,0,116,64,192,234,246,126,247,77,120,0,1,116,212,82,32,94,92,154,208,166,132,129,128,2,1,3,3,131,126,157,111,126,126,157,111,126,255,2,15,31,31,7,15,31,143,90,78,30,15,57,53,131,85,5,2,85,85,5,2,85,2,1,0,7,6,5,0,3,159,149,142,122,86,50,38,18,0,0,4,0,0,16,26,0,0,0,0,17,16,21,170,255,8,255,15,14,85,0,0,135,20,1,11,0,255,72,14,244,170,242,93,13,247,15,247,12,247,14,247,10,247,0,0,0,15,8,3,0,116,64,192,234,246,126,247,77,120,0,1,28,212,82,32,94,92,154,208,166,132,129,128,2,1,3,3,131,126,157,111,126,126,157,111,126,255,2,15,31,31,7,15,31,143,90,78,30,15,57,53,131,85,5,2,85,85,5,2,85,2,1,0,7,6,5,0,3,159,149,142,122,86,50,38,18,0,0,4,0,0,16,26,0,0,0,0,17,23,21,170,255,8,255,15,14,85,0,0,135,20,1,11,0,255,72,14,244,170,242
2026-08-07_09-50-59,1,167,0,0.0,0,0.0,-1,-1,93,13,247,15,247,12,247,14,247,10,247,0,0,0,15,8,3,0,116,64,192,234,246,126,247,77,120,0,1,28,212,82,32,94,92,154,208,166,132,129,128,2,1,3,3,131,126,157,111,126,126,157,111,126,255,2,15,31,31,7,15,31,143,90,78,30,15,57,53,131,85,5,2,85,85,5,2,85,2,1,0,7,6,5,0,3,159,149,142,122,86,50,38,18,0,0,4,0,0,16,26,0,0,0,0,17,23,21,170,255,8,255,15,14,85,0,0,135,20,1,11,0,255,72,14,244,170,242,97,13,247,15,247,12,247,14,247,10,247,0,0,0,19,8,3,0,116,64,192,234,246,126,247,77,120,0,1,196,212,82,32,94,92,154,208,166,132,129,128,2,1,3,3,131,126,157,111,126,126,157,111,126,255,2,15,31,31,7,15,31,143,90,78,30,15,57,53,131,85,5,2,85,85,5,2,85,2,1,0,7,6,5,0,3,159,149,142,122,86,50,38,18,0,0,4,0,0,16,26,0,0,0,0,17,35,21,170,255,8,255,15,14,85,0,0,135,20,1,11,0,255,72,14,244,170,242
2026-08-07_09-50-59,1,168,0,0.0,0,0.0,-1,-1,97,13,247,15,247,12,247,14,247,10,247,0,0,0,19,8,3,0,116,64,192,234,246,126,247,77,120,0,1,196,212,82,32,94,92,154,208,166,132,129,128,2,1,3,3,131,126,157,111,126,126,157,111,126,255,2,15,31,31,7,15,31,143,90,78,30,15,57,53,131,85,5,2,85,85,5,2,85,2,1,0,7,6,5,0,3,159,149,142,122,86,50,38,18,0,0,4,0,0,16,26,0,0,0,0,17,35,21,170,255,8,255,15,14,85,0,0,135,20,1,11,0,255,72,14,244,170,242,101,13,247,15,247,12,247,14,247,10,247,0,0,0,23,8,3,0,116,64,192,234,246,126,247,77,120,0,1,108,212,82,32,94,92,154,208,166,132,129,128,2,1,3,3,131,126,157,111,126,126,157,111,126,255,2,15,31,31,7,15,31,143,90,78,30,15,57,53,131,85,5,2,85,85,5,2,85,2,1,0,7,6,5,0,3,159,149,142,122,86,50,38,18,0,0,4,0,0,16,26,0,0,0,0,17,48,21,170,255,8,255,15,14,85,0,0,135,20,1,11,0,255,72,14,244,170,242
2026-08-07_09-50-59,1,169,0,0.0,0,0.0,-1,-1,101,13,247,15,247,12,247,14,247,10,247,0,0,0,23,8,3,0,116,64,192,234,246,126,247,77,120,0,1,108,212,82,32,94,92,154,208,166,132,129,128,2,1,3,3,131,126,157,111,126,126,157,111,126,255,2,15,31,31,7,15,31,143,90,78,30,15,57,53,131,85,5,2,85,85,5,2,85,2,1,0,7,6,5,0,3,159,149,142,122,86,50,38,18,0,0,4,0,0,16,26,0,0,0,0,17,48,21,170,255,8,255,15,14,85,0,0,135,20,1,11,0,255,72,14,244,170,242,105,13,247,15,247,12,247,14,247,10,247,0,0,0,27,8,3,0,116,64,192,234,246,126,247,77,120,0,1,20,212,82,32,94,92,154,208,166,132,129,128,2,1,3,3,131,126,157,111,126,126,157,111,126,255,2,15,31,31,7,15,31,143,90,78,30,15,57,53,131,85,5,2,85,85,5,2,85,2,1,0,7,6,5,0,3,159,149,142,122,86,50,38,18,0,0,4,0,0,16,26,0,0,0,0,17,55,21,170,255,8,255,15,14,85,0,0,135,20,1,11,0,255,72,14,244,170,242
2026-08-07_09-50-59,1,170,2,0.0,0,0.0,-1,-1,105,13,247,15,247,12,247,14,247,10,247,0,0,0,27,8,3,0,116,64,192,234,246,126,247,77,120,0,1,20,212,82,32,94,92,154,208,166,132,129,128,2,1,3,3,131,126,157,111,126,126,157,111,126,255,2,15,31,31,7,15,31,143,90,78,30,15,57,53,131,85,5,2,85,85,5,2,85,2,1,0,7,6,5,0,3,159,149,142,122,86,50,38,18,0,0,4,0,0,16,26,0,0,0,0,17,55,21,170,255,8,255,15,14,85,0,0,135,20,1,11,0,255,72,14,244,170,242,109,13,247,15,247,12,247,14,247,10,247,0,0,0,31,7,3,0,116,64,192,234,246,126,247,77,120,0,1,188,212,82,32,94,92,154,208,166,132,129,128,2,1,3,3,131,126,157,111,126,126,157,111,126,255,2,15,31,31,7,15,31,143,90,78,30,15,57,53,131,85,5,2,85,85,5,2,85,2,1,0,7,6,5,0,3,159,149,142,122,86,50,38,18,0,0,4,0,5,16,26,6,0,0,0,17,67,21,170,255,8,255,15,14,85,0,0,135,20,1,11,0,255,72,14,244,170,242
2026-08-07_09-50-59,1,171,2,0.0,0,0.0,-1,-1,109,13,247,15,247,12,247,14,247,10,247,0,0,0,31,7,3,0,116,64,192,234,246,126,247,77,120,0,1,188,212,82,32,94,92,154,208,166,132,129,128,2,1,3,3,131,126,157,111,126,126,157,111,126,255,2,15,31,31,7,15,31,143,90,78,30,15,57,53,131,85,5,2,85,85,5,2,85,2,1,0,7,6,5,0,3,159,149,142,122,86,50,38,18,0,0,4,0,5,16,26,6,0,0,0,17,67,21,170,255,8,255,15,14,85,0,0,135,20,1,11,0,255,72,14,244,170,242,113,13,247,15,247,12,247,14,247,10,247,0,0,0,35,7,3,0,117,64,192,234,246,126,247,77,120,0,1,100,212,82,32,94,92,154,208,166,132,129,128,2,1,3,3,131,126,157,111,126,126,157,111,126,255,1,15,31,31,7,15,31,143,90,78,30,15,57,53,131,85,5,2,85,85,5,2,85,2,1,0,7,6,5,0,3,160,149,143,123,87,51,39,19,0,0,4,0,1,16,30,2,0,0,0,17,80,21,170,255,8,255,15,14,85,0,0,135,20,1,11,0,255,72,14,244,170,242
2026-08-07_09-50-59,1,172,2,0.0,0,0.0,-1,-1,113,13,247,15,247,12,247,14,247,10,247,0,0,0,35,7,3,0,117,64,192,234,246,126,247,77,120,0,1,100,212,82,32,94,92,154,208,166,132,129,128,2,1,3,3,131,126,157,111,126,126,157,111,126,255,1,15,31,31,7,15,31,143,90,78,30,15,57,53,131,85,5,2,85,85,5,2,85,2,1,0,7,6,5,0,3,160,149,143,123,87,51,39,19,0,0,4,0,1,16,30,2,0,0,0,17,80,21,170,255,8,255,15,14,85,0,0,135,20,1,11,0,255,72,14,244,170,242,117,13,247,15,247,12,247,14,247,10,247,0,0,0,39,6,3,0,118,61,189,234,246,126,247,77,120,0,1,12,212,82,32,94,92,154,208,166,132,129,128,2,1,3,3,131,126,157,111,126,126,157,111,126,255,0,15,31,31,7,15,31,143,90,78,30,15,57,53,131,85,5,2,85,85,5,2,85,2,1,0,7,6,5,0,3,161,149,144,124,88,52,40,20,0,0,4,0,5,10,31,6,0,0,0,17,87,21,170,255,8,255,15,14,85,0,0,135,20,1,11,0,255,72,14,244,170,242
2026-08-07_09-50-59,1,173,2,0.0,0,0.0,-1,-1,117,13,247,15,247,12,247,14,247,10,247,0,0,0,39,6,3,0,118,61,189,234,246,126,247,77,120,0,1,12,212,82,32,94,92,154,208,166,132,129,128,2,1,3,3,131,126,157,111,126,126,157,111,126,255,0,15,31,31,7,15,31,143,90,78,30,15,57,53,131,85,5,2,85,85,5,2,85,2,1,0,7,6,5,0,3,161,149,144,124,88,52,40,20,0,0,4,0,5,10,31,6,0,0,0,17,87,21,170,255,8,255,15,14,85,0,0,135,20,1,11,0,255,72,14,244,170,242,121,13,247,15,247,12,247,14,247,10,247,0,0,0,43,6,3,0,119,57,185,234,246,126,247,77,120,0,1,180,212,82,32,94,92,154,208,166,132,129,128,2,1,3,3,131,126,157,111,126,126,157,111,126,255,255,15,31,31,7,15,31,143,90,78,30,15,57,53,131,85,5,2,85,85,5,2,85,2,1,0,7,6,5,0,3,162,150,145,125,89,53,41,21,0,0,4,0,1,2,31,2,0,0,0,17,99,21,170,255,8,255,15,14,85,0,0,135,20,1,11,0,255,72,14,244,170,242
2026-08-07_09-50-59,1,174,0,0.0,0,0.0,-1,-1,121,13,247,15,247,12,247,14,247,10,247,0,0,0,43,6,3,0,119,57,185,234,246,126,247,77,120,0,1,180,212,82,32,94,92,154,208,166,132,129,128,2,1,3,3,131,126,157,111,126,126,157,111,126,255,255,15,31,31,7,15,31,143,90,78,30,15,57,53,131,85,5,2,85,85,5,2,85,2,1,0,7,6,5,0,3,162,150,145,125,89,53,41,21,0,0,4,0,1,2,31,2,0,0,0,17,99,21,170,255,8,255,15,14,85,0,0,135,20,1,11,0,255,72,14,244,170,242,125,13,247,15,247,12,247,14,247,10,247,0,0,0,47,6,3,0,120,53,181,234,246,126,247,77,120,0,1,92,212,82,32,94,92,154,208,166,132,129,128,2,1,3,3,131,126,157,111,126,126,157,111,126,255,255,15,31,31,7,15,31,143,90,78,30,15,57,53,131,85,5,2,85,85,5,2,85,2,1,0,7,6,5,0,3,163,151,146,126,90,54,42,22,0,0,4,0,0,250,31,0,0,0,0,17,112,21,170,255,8,255,15,14,85,0,0,135,20,1,11,0,255,72,14,244,170,242
2026-08-07_09-50-59,1,175,0,0.0,0,0.0,-1,-1,125,13,247,15,247,12,247,14,247,10,247,0,0,0,47,6,3,0,120,53,181,234,246,126,247,77,120,0,1,92,212,82,32,94,92,154,208,166,132,129,128,2,1,3,3,131,126,157,111,126,126,157,111,126,255,255,15,31,31,7,15,31,143,90,78,30,15,57,53,131,85,5,2,85,85,5,2,85,2,1,0,7,6,5,0,3,163,151,146,126,90,54,42,22,0,0,4,0,0,250,31,0,0,0,0,17,112,21,170,255,8,255,15,14,85,0,0,135,20,1,11,0,255,72,14,244,170,242,129,13,247,15,247,12,247,14,247,10,247,0,0,0,51,6,3,0,121,49,177,234,246,126,247,77,120,0,1,4,212,82,32,94,92,154,208,166,132,129,128,2,1,3,3,131,126,157,111,126,126,157,111,126,255,255,15,31,31,7,15,31,143,90,78,30,15,57,53,131,85,5,2,85,85,5,2,85,2,1,0,7,6,5,0,3,164,152,147,127,91,55,43,23,0,0,4,0,0,242,31,0,0,0,0,17,119,21,170,255,8,255,15,14,85,0,0,135,20,1,11,0,255,72,14,244,170,242
2026-08-07_09-50-59,1,176,0,0.0,0,0.0,-1,-1,129,13,247,15,247,12,247,14,247,10,247,0,0,0,51,6,3,0,121,49,177,234,246,126,247,77,120,0,1,4,212,82,32,94,92,154,208,166,132,129,128,2,1,3,3,131,126,157,111,126,126,157,111,126,255,255,15,31,31,7,15,31,143,90,78,30,15,57,53,131,85,5,2,85,85,5,2,85,2,1,0,7,6,5,0,3,164,152,147,127,91,55,43,23,0,0,4,0,0,242,31,0,0,0,0,17,119,21,170,255,8,255,15,14,85,0,0,135,20,1,11,0,255,72,14,244,170,242,133,13,247,15,247,12,247,14,247,10,247,0,0,0,55,6,3,0,122,48,176,234,246,126,247,77,120,0,1,172,212,82,32,94,92,154,208,166,132,129,128,2,1,3,3,131,126,157,111,126,126,157,111,126,255,255,15,31,31,7,15,31,143,90,78,30,15,57,53,131,85,5,2,85,85,5,2,85,2,1,0,7,6,5,0,3,165,153,148,128,92,56,44,24,0,0,4,0,0,234,31,0,0,0,0,17,131,21,170,255,8,255,15,14,85,0,0,135,20,1,11,0,255,72,14,244,170,242
2026-08-07_09-50-59,1,177,0,0.0,0,0.0,-1,-1,133,13,247,15,247,12,247,14,247,10,247,0,0,0,55,6,3,0,122,48,176,234,246,126,247,77,120,0,1,172,212,82,32,94,92,154,208,166,132,129,128,2,1,3,3,131,126,157,111,126,126,157,111,126,255,255,15,31,31,7,15,31,143,90,78,30,15,57,53,131,85,5,2,85,85,5,2,85,2,1,0,7,6,5,0,3,165,153,148,128,92,56,44,24,0,0,4,0,0,234,31,0,0,0,0,17,131,21,170,255,8,255,15,14,85,0,0,135,20,1,11,0,255,72,14,244,170,242,137,13,247,15,247,12,247,14,247,10,247,0,0,0,59,6,3,0,123,48,176,234,246,126,247,77,120,0,1,84,212,82,32,94,92,154,208,166,132,129,128,2,1,3,3,131,126,157,111,126,126,157,111,126,255,255,15,31,31,7,15,31,143,90,78,30,15,57,53,131,85,5,2,85,85,5,2,85,2,1,0,7,6,5,0,3,166,154,149,129,93,57,45,25,0,0,4,0,0,226,31,0,0,0,0,17,144,21,170,255,8,255,15,14,85,0,0,135,20,1,11,0,255,72,14,244,170,242
2026-08-07_09-50-59,1,178,0,0.0,0,0.0,-1,-1,137,13,247,15,247,12,247,14,247,10,247,0,0,0,59,6,3,0,123,48,176,234,246,126,247,77,120,0,1,84,212,82,32,94,92,154,208,166,132,129,128,2,1,3,3,131,126,157,111,126,126,157,111,126,255,255,15,31,31,7,15,31,143,90,78,30,15,57,53,131,85,5,2,85,85,5,2,85,2,1,0,7,6,5,0,3,166,154,149,129,93,57,45,25,0,0,4,0,0,226,31,0,0,0,0,17,144,21,170,255,8,255,15,14,85,0,0,135,20,1,11,0,255,72,14,244,170,242,141,13,247,15,247,12,247,14,247,10,247,0,0,0,63,6,3,0,124,48,176,234,246,126,247,76,120,0,1,252,212,82,32,94,92,154,208,166,132,129,128,2,1,3,3,131,126,157,111,126,126,157,111,126,255,255,14,31,31,7,15,31,143,90,78,30,15,57,53,131,85,5,2,85,85,5,2,85,2,1,0,7,6,5,0,3,167,155,149,130,94,58,46,26,0,0,4,0,0,250,31,0,0,0,0,17,150,21,170,255,8,255,15,14,85,0,0,7,20,1,11,0,255,72,14,244,170,242
2026-08-07_09-50-59,1,179,0,0.0,0,0.0,-1,-1,141,13,247,15,247,12,247,14,247,10,247,0,0,0,63,6,3,0,124,48,176,234,246,126,247,76,120,0,1,252,212,82,32,94,92,154,208,166,132,129,128,2,1,3,3,131,126,157,111,126,126,157,111,126,255,255,14,31,31,7,15,31,143,90,78,30,15,57,53,131,85,5,2,85,85,5,2,85,2,1,0,7,6,5,0,3,167,155,149,130,94,58,46,26,0,0,4,0,0,250,31,0,0,0,0,17,150,21,170,255,8,255,15,14,85,0,0,7,20,1,11,0,255,72,14,244,170,242,145,13,247,15,247,12,247,14,247,10,247,0,0,0,67,6,3,0,125,48,176,234,246,126,247,76,120,0,1,164,212,82,32,94,92,154,208,166,132,129,128,2,1,3,3,131,126,157,111,126,126,157,111,126,255,255,13,31,31,7,15,31,143,90,78,30,15,57,53,131,85,5,2,85,85,5,2,85,2,1,0,7,6,5,0,3,168,156,149,131,95,59,47,27,0,0,4,0,0,242,31,0,0,0,0,18,3,21,170,255,8,255,15,14,85,0,0,7,20,1,11,0,255,72,14,244,170,242
2026-08-07_09-50-59,1,180,0,0.0,0,0.0,-1,-1,145,13,247,15,247,12,247,14,247,10,247,0,0,0,67,6,3,0,125,48,176,234,246,126,247,76,120,0,1,164,212,82,32,94,92,154,208,166,132,129,128,2,1,3,3,131,126,157,111,126,126,157,111,126,255,255,13,31,31,7,15,31,143,90,78,30,15,57,53,131,85,5,2,85,85,5,2,85,2,1,0,7,6,5,0,3,168,156,149,131,95,59,47,27,0,0,4,0,0,242,31,0,0,0,0,18,3,21,170,255,8,255,15,14,85,0,0,7,20,1,11,0,255,72,14,244,170,242,149,13,247,15,247,12,247,14,247,10,247,0,0,0,71,6,3,0,126,48,176,234,246,126,247,76,120,0,1,76,212,82,32,94,92,154,208,166,132,129,128,2,1,3,3,131,126,157,111,126,126,157,111,126,255,255,12,31,31,7,15,31,143,90,78,30,15,57,53,131,85,5,2,85,85,5,2,85,2,1,0,7,6,5,0,3,169,157,149,132,96,60,48,28,0,0,4,0,0,234,31,0,0,0,0,18,16,21,170,255,8,255,15,14,85,0,0,7,20,1,11,0,255,72,14,244,170,242
2026-08-07_09-50-59,1,181,0,0.0,0,0.0,-1,-1,149,13,247,15,247,12,247,14,247,10,247,0,0,0,71,6,3,0,126,48,176,234,246,126,247,76,120,0,1,76,212,82,32,94,92,154,208,166,132,129,128,2,1,3,3,131,126,157,111,126,126,157,111,126,255,255,12,31,31,7,15,31,143,90,78,30,15,57,53,131,85,5,2,85,85,5,2,85,2,1,0,7,6,5,0,3,169,157,149,132,96,60,48,28,0,0,4,0,0,234,31,0,0,0,0,18,16,21,170,255,8,255,15,14,85,0,0,7,20,1,11,0,255,72,14,244,170,242,153,13,247,15,247,12,247,14,247,10,247,0,0,0,75,6,3,0,127,48,176,234,246,126,247,76,120,0,1,244,212,82,32,94,92,154,208,166,132,129,128,2,1,3,3,131,126,157,111,126,126,157,111,126,255,255,11,31,31,7,15,31,143,90,78,30,15,57,53,131,85,5,2,85,85,5,2,85,2,1,0,7,6,5,0,3,170,158,149,133,97,61,49,29,0,0,4,0,0,226,31,0,0,0,0,18,22,21,170,255,8,255,15,14,85,0,0,7,20,1,11,0,255,72,14,244,170,242
2026-08-07_09-50-59,1,182,0,0.0,0,0.0,-1,-1,153,13,247,15,247,12,247,14,247,10,247,0,0,0,75,6,3,0,127,48,176,234,246,126,247,76,120,0,1,244,212,82,32,94,92,154,208,166,132,129,128,2,1,3,3,131,126,157,111,126,126,157,111,126,255,255,11,31,31,7,15,31,143,90,78,30,15,57,53,131,85,5,2,85,85,5,2,85,2,1,0,7,6,5,0,3,170,158,149,133,97,61,49,29,0,0,4,0,0,226,31,0,0,0,0,18,22,21,170,255,8,255,15,14,85,0,0,7,20,1,11,0,255,72,14,244,170,242,157,13,247,15,247,12,247,14,247,10,247,0,0,0,79,6,3,0,128,48,176,234,246,126,247,75,120,0,1,156,212,82,32,94,92,154,208,166,132,129,128,2,1,3,3,131,126,157,111,126,126,157,111,126,255,255,10,31,31,7,15,31,143,90,78,30,15,57,53,131,85,5,2,85,85,5,2,85,2,1,0,7,6,5,0,3,171,159,149,134,98,62,50,30,0,0,4,0,0,250,31,0,0,0,0,18,35,21,170,255,8,255,15,14,85,0,0,7,20,1,11,0,255,72,14,244,170,242
2026-08-07_09-50-59,1,183,0,0.0,0,0.0,-1,-1,157,13,247,15,247,12,247,14,247,10,247,0,0,0,79,6,3,0,128,48,176,234,246,126,247,75,120,0,1,156,212,82,32,94,92,154,208,166,132,129,128,2,1,3,3,131,126,157,111,126,126,157,111,126,255,255,10,31,31,7,15,31,143,90,78,30,15,57,53,131,85,5,2,85,85,5,2,85,2,1,0,7,6,5,0,3,171,159,149,134,98,62,50,30,0,0,4,0,0,250,31,0,0,0,0,18,35,21,170,255,8,255,15,14,85,0,0,7,20,1,11,0,255,72,14,244,170,242,161,13,247,15,247,12,247,14,247,10,247,0,0,0,83,6,3,0,128,48,176,234,246,126,247,75,120,0,1,68,212,82,32,94,92,154,208,166,132,129,128,2,1,3,3,131,126,157,111,126,126,157,111,126,255,255,9,31,31,7,15,31,143,90,78,30,15,57,53,131,85,5,2,85,85,5,2,85,2,1,0,7,6,5,0,3,172,160,149,135,99,63,51,31,0,0,4,0,0,242,31,0,0,0,0,18,48,21,170,255,8,255,15,14,85,0,0,7,20,1,11,0,255,72,14,244,170,242
2026-08-07_09-50-59,1,184,0,0.0,0,0.0,-1,-1,161,13,247,15,247,12,247,14,247,10,247,0,0,0,83,6,3,0,128,48,176,234,246,126,247,75,120,0,1,68,212,82,32,94,92,154,208,166,132,129,128,2,1,3,3,131,126,157,111,126,126,157,111,126,255,255,9,31,31,7,15,31,143,90,78,30,15,57,53,131,85,5,2,85,85,5,2,85,2,1,0,7,6,5,0,3,172,160,149,135,99,63,51,31,0,0,4,0,0,242,31,0,0,0,0,18,48,21,170,255,8,255,15,14,85,0,0,7,20,1,11,0,255,72,14,244,170,242,165,13,247,15,247,12,247,14,247,10,247,0,0,0,87,6,3,0,128,48,176,234,246,126,247,75,120,0,1,236,212,82,32,94,92,154,208,166,132,129,128,2,1,3,3,131,126,157,111,126,126,157,111,126,255,255,8,31,31,7,15,31,143,90,78,30,15,57,53,131,85,5,2,85,85,5,2,85,2,1,0,7,6,5,0,3,173,161,149,136,100,64,52,32,0,0,4,0,0,234,31,0,0,0,0,18,54,21,170,255,8,255,15,14,85,0,0,7,20,1,11,0,255,72,14,244,170,242
2026-08-07_09-50-59,1,185,0,0.0,0,0.0,-1,-1,165,13,247,15,247,12,247,14,247,10,247,0,0,0,87,6,3,0,128,48,176,234,246,126,247,75,120,0,1,236,212,82,32,94,92,154,208,166,132,129,128,2,1,3,3,131,126,157,111,126,126,157,111,126,255,255,8,31,31,7,15,31,143,90,78,30,15,57,53,131,85,5,2,85,85,5,2,85,2,1,0,7,6,5,0,3,173,161,149,136,100,64,52,32,0,0,4,0,0,234,31,0,0,0,0,18,54,21,170,255,8,255,15,14,85,0,0,7,20,1,11,0,255,72,14,244,170,242,169,13,247,15,247,12,247,14,247,10,247,0,0,0,91,6,3,0,128,48,176,234,246,126,247,75,120,0,1,148,212,82,32,94,92,154,208,166,132,129,128,2,1,3,3,131,126,157,111,126,126,157,111,126,255,255,7,31,31,7,15,31,143,90,78,30,15,57,53,131,85,5,2,85,85,5,2,85,2,1,0,7,6,5,0,3,174,162,149,137,101,65,53,33,0,0,4,0,0,226,31,0,0,0,0,18,67,21,170,255,8,255,15,14,85,0,0,7,20,1,11,0,255,72,14,244,170,242
2026-08-07_09-50-59,1,186,0,0.0,0,0.0,-1,-1,169,13,247,15,247,12,247,14,247,10,247,0,0,0,91,6,3,0,128,48,176,234,246,126,247,75,120,0,1,148,212,82,32,94,92,154,208,166,132,129,128,2,1,3,3,131,126,157,111,126,126,157,111,126,255,255,7,31,31,7,15,31,143,90,78,30,15,57,53,131,85,5,2,85,85,5,2,85,2,1,0,7,6,5,0,3,174,162,149,137,101,65,53,33,0,0,4,0,0,226,31,0,0,0,0,18,67,21,170,255,8,255,15,14,85,0,0,7,20,1,11,0,255,72,14,244,170,242,173,13,247,15,247,12,247,14,247,10,247,0,0,0,95,6,3,0,128,48,176,234,246,126,247,74,120,0,1,60,212,82,32,94,92,154,208,166,132,129,128,2,1,3,3,131,126,157,111,126,126,157,111,126,255,255,6,31,31,7,15,31,143,90,78,30,15,57,53,131,85,5,2,85,85,5,2,85,2,1,0,7,6,5,0,3,175,163,149,138,102,66,54,34,0,0,4,0,0,250,31,0,0,0,0,18,80,21,170,255,8,255,15,14,85,0,0,7,20,1,11,0,255,72,14,244,170,242
2026-08-07_09-50-59,1,187,0,0.0,0,0.0,-1,-1,173,13,247,15,247,12,247,14,247,10,247,0,0,0,95,6,3,0,128,48,176,234,246,126,247,74,120,0,1,60,212,82,32,94,92,154,208,166,132,129,128,2,1,3,3,131,126,157,111,126,126,157,111,126,255,255,6,31,31,7,15,31,143,90,78,30,15,57,53,131,85,5,2,85,85,5,2,85,2,1,0,7,6,5,0,3,175,163,149,138,102,66,54,34,0,0,4,0,0,250,31,0,0,0,0,18,80,21,170,255,8,255,15,14,85,0,0,7,20,1,11,0,255,72,14,244,170,242,177,13,247,15,247,12,247,14,247,10,247,0,0,0,99,6,2,0,128,48,176,234,246,126,247,74,120,0,1,228,82,32,94,92,154,208,166,180,129,128,2,1,3,3,131,132,157,111,126,126,157,111,126,126,255,4,31,31,7,15,31,31,90,78,30,15,57,53,131,145,5,2,85,85,5,2,85,85,1,0,7,6,5,0,3,2,165,149,140,104,68,56,36,0,0,0,4,0,0,234,31,0,0,0,0,18,86,21,170,255,7,255,30,28,85,0,0,7,20,1,11,0,255,72,14,244,170,242
2026-08-07_09-50-59,1,188,0,0.0,0,0.0,-1,-1,177,13,247,15,247,12,247,14,247,10,247,0,0,0,99,6,2,0,128,48,176,234,246,126,247,74,120,0,1,228,82,32,94,92,154,208,166,180,129,128,2,1,3,3,131,132,157,111,126,126,157,111,126,126,255,4,31,31,7,15,31,31,90,78,30,15,57,53,131,145,5,2,85,85,5,2,85,85,1,0,7,6,5,0,3,2,165,149,140,104,68,56,36,0,0,0,4,0,0,234,31,0,0,0,0,18,86,21,170,255,7,255,30,28,85,0,0,7,20,1,11,0,255,72,14,244,170,242,181,13,247,15,247,12,247,14,247,10,247,0,0,0,103,6,2,0,128,48,176,234,246,126,247,73,120,0,1,140,82,32,94,92,154,208,166,180,129,128,2,1,3,3,131,132,157,111,126,126,157,111,126,126,255,2,31,31,7,15,31,31,90,78,30,15,57,53,131,145,5,2,85,85,5,2,85,85,1,0,7,6,5,0,3,2,167,149,142,106,70,58,38,2,0,0,4,0,0,250,31,0,0,0,0,18,99,21,170,255,7,255,30,28,85,0,0,7,20,1,11,0,255,72,14,244,170,242
2026-08-07_09-50-59,1,189,0,0.0,0,0.0,-1,-1,181,13,247,15,247,12,247,14,247,10,247,0,0,0,103,6,2,0,128,48,176,234,246,126,247,73,120,0,1,140,82,32,94,92,154,208,166,180,129,128,2,1,3,3,131,132,157,111,126,126,157,111,126,126,255,2,31,31,7,15,31,31,90,78,30,15,57,53,131,145,5,2,85,85,5,2,85,85,1,0,7,6,5,0,3,2,167,149,142,106,70,58,38,2,0,0,4,0,0,250,31,0,0,0,0,18,99,21,170,255,7,255,30,28,85,0,0,7,20,1,11,0,255,72,14,244,170,242,185,13,247,15,247,12,247,14,247,10,247,0,0,0,107,6,2,0,128,48,176,234,246,126,247,73,120,0,1,52,82,32,94,92,154,208,166,180,129,128,2,1,3,3,131,132,157,111,126,126,157,111,126,126,255,0,31,31,7,15,31,31,90,78,30,15,57,53,131,145,5,2,85,85,5,2,85,85,1,0,7,6,5,0,3,2,169,149,144,108,72,60,40,4,0,0,4,0,0,234,31,0,0,0,0,18,112,21,170,255,8,255,30,28,85,0,0,7,20,1,11,0,255,72,14,244,170,242
2026-08-07_09-50-59,1,190,0,0.0,0,0.0,-1,-1,185,13,247,15,247,12,247,14,247,10,247,0,0,0,107,6,2,0,128,48,176,234,246,126,247,73,120,0,1,52,82,32,94,92,154,208,166,180,129,128,2,1,3,3,131,132,157,111,126,126,157,111,126,126,255,0,31,31,7,15,31,31,90,78,30,15,57,53,131,145,5,2,85,85,5,2,85,85,1,0,7,6,5,0,3,2,169,149,144,108,72,60,40,4,0,0,4,0,0,234,31,0,0,0,0,18,112,21,170,255,8,255,30,28,85,0,0,7,20,1,11,0,255,72,14,244,170,242,189,13,247,15,247,12,247,14,247,10,247,0,0,0,111,6,2,0,128,48,176,234,246,126,247,72,120,0,1,220,82,32,94,92,154,208,166,180,129,128,2,1,3,3,131,132,157,111,126,126,157,111,126,126,255,255,31,31,7,15,31,31,90,78,30,15,57,53,131,145,5,2,85,85,5,2,85,85,1,0,7,6,5,0,3,2,171,151,146,110,74,62,42,6,0,0,4,0,0,250,31,0,0,0,0,18,118,21,170,255,8,255,30,28,85,0,0,7,20,1,11,0,255,72,14,244,170,242
2026-08-07_09-50-59,1,191,0,0.0,0,0.0,-1,-1,189,13,247,15,247,12,247,14,247,10,247,0,0,0,111,6,2,0,128,48,176,234,246,126,247,72,120,0,1,220,82,32,94,92,154,208,166,180,129,128,2,1,3,3,131,132,157,111,126,126,157,111,126,126,255,255,31,31,7,15,31,31,90,78,30,15,57,53,131,145,5,2,85,85,5,2,85,85,1,0,7,6,5,0,3,2,171,151,146,110,74,62,42,6,0,0,4,0,0,250,31,0,0,0,0,18,118,21,170,255,8,255,30,28,85,0,0,7,20,1,11,0,255,72,14,244,170,242,193,13,247,15,247,12,247,14,247,10,247,0,0,0,115,6,2,0,128,48,176,234,246,126,247,72,120,0,1,132,82,32,94,92,154,208,166,180,129,128,2,1,3,3,131,132,157,111,126,126,157,111,126,126,255,255,31,31,7,15,31,31,90,78,30,15,57,53,131,145,5,2,85,85,5,2,85,85,1,0,7,6,5,0,3,2,173,153,148,112,76,64,44,8,0,0,4,0,0,234,31,0,0,0,0,18,131,21,170,255,8,255,30,28,85,0,0,7,20,1,11,0,255,72,14,244,170,242
2026-08-07_09-50-59,1,192,0,0.0,0,0.0,-1,-1,193,13,247,15,247,12,247,14,247,10,247,0,0,0,115,6,2,0,128,48,176,234,246,126,247,72,120,0,1,132,82,32,94,92,154,208,166,180,129,128,2,1,3,3,131,132,157,111,126,126,157,111,126,126,255,255,31,31,7,15,31,31,90,78,30,15,57,53,131,145,5,2,85,85,5,2,85,85,1,0,7,6,5,0,3,2,173,153,148,112,76,64,44,8,0,0,4,0,0,234,31,0,0,0,0,18,131,21,170,255,8,255,30,28,85,0,0,7,20,1,11,0,255,72,14,244,170,242,197,13,247,15,247,12,247,14,247,10,247,0,0,0,119,6,2,0,128,48,176,234,246,126,247,71,120,0,1,44,82,32,94,92,154,208,166,180,129,128,2,1,3,3,131,132,157,111,126,126,157,111,126,126,255,255,30,31,7,15,31,31,90,78,30,15,57,53,131,145,5,2,85,85,5,2,85,85,1,0,7,6,5,0,3,2,175,155,149,114,78,66,46,10,0,0,4,0,0,250,31,0,0,0,0,18,144,21,170,255,8,255,30,28,85,0,0,7,20,1,11,0,255,72,14,244,170,242
2026-08-07_09-50-59,1,193,0,0.0,0,0.0,-1,-1,197,13,247,15,247,12,247,14,247,10,247,0,0,0,119,6,2,0,128,48,176,234,246,126,247,71,120,0,1,44,82,32,94,92,154,208,166,180,129,128,2,1,3,3,131,132,157,111,126,126,157,111,126,126,255,255,30,31,7,15,31,31,90,78,30,15,57,53,131,145,5,2,85,85,5,2,85,85,1,0,7,6,5,0,3,2,175,155,149,114,78,66,46,10,0,0,4,0,0,250,31,0,0,0,0,18,144,21,170,255,8,255,30,28,85,0,0,7,20,1,11,0,255,72,14,244,170,242,201,13,247,15,247,12,247,14,247,10,247,0,0,0,123,6,2,0,128,48,176,234,246,126,247,71,120,0,1,212,82,32,94,92,154,208,166,180,129,128,2,1,3,3,131,132,157,111,126,126,157,111,126,126,255,255,28,31,7,15,31,31,90,78,30,15,57,53,131,145,5,2,85,85,5,2,85,85,1,0,7,6,5,0,3,2,177,157,149,116,80,68,48,12,0,0,4,0,0,234,31,0,0,0,0,18,150,21,170,255,8,255,30,28,85,0,0,7,20,1,11,0,255,72,14,244,170,242
2026-08-07_09-50-59,1,194,0,0.0,0,0.0,-1,-1,201,13,247,15,247,12,247,14,247,10,247,0,0,0,123,6,2,0,128,48,176,234,246,126,247,71,120,0,1,212,82,32,94,92,154,208,166,180,129,128,2,1,3,3,131,132,157,111,126,126,157,111,126,126,255,255,28,31,7,15,31,31,90,78,30,15,57,53,131,145,5,2,85,85,5,2,85,85,1,0,7,6,5,0,3,2,177,157,149,116,80,68,48,12,0,0,4,0,0,234,31,0,0,0,0,18,150,21,170,255,8,255,30,28,85,0,0,7,20,1,11,0,255,72,14,244,170,242,205,13,247,15,247,12,247,14,247,10,247,0,0,0,127,6,2,0,128,48,176,234,246,126,247,70,120,0,1,124,82,32,94,92,154,208,166,180,129,128,2,1,3,3,131,132,157,111,126,126,157,111,126,126,255,255,26,31,7,15,31,31,90,78,30,15,57,53,131,145,5,2,85,85,5,2,85,85,1,0,7,6,5,0,3,2,179,159,149,118,82,70,50,14,0,0,4,0,0,250,31,0,0,0,0,19,3,21,170,255,8,255,30,28,85,0,0,7,20,1,11,0,255,72,14,244,170,242
2026-08-07_09-50-59,1,195,0,0.0,0,0.0,-1,-1,205,13,247,15,247,12,247,14,247,10,247,0,0,0,127,6,2,0,128,48,176,234,246,126,247,70,120,0,1,124,82,32,94,92,154,208,166,180,129,128,2,1,3,3,131,132,157,111,126,126,157,111,126,126,255,255,26,31,7,15,31,31,90,78,30,15,57,53,131,145,5,2,85,85,5,2,85,85,1,0,7,6,5,0,3,2,179,159,149,118,82,70,50,14,0,0,4,0,0,250,31,0,0,0,0,19,3,21,170,255,8,255,30,28,85,0,0,7,20,1,11,0,255,72,14,244,170,242,209,13,247,15,247,12,247,14,247,10,247,0,0,0,131,6,2,0,128,48,176,234,246,126,247,70,120,0,1,36,82,32,94,92,154,208,166,180,129,128,2,1,3,3,131,132,157,111,126,126,157,111,126,126,255,255,24,31,7,15,31,31,90,78,30,15,57,53,131,145,5,2,85,85,5,2,85,85,1,0,7,6,5,0,3,2,181,161,149,120,84,72,52,16,0,0,4,0,0,234,31,0,0,0,0,19,16,21,170,255,8,255,30,28,85,0,0,7,20,1,11,0,255,72,14,244,170,242
2026-08-07_09-50-59,1,196,0,0.0,0,0.0,-1,-1,209,13,247,15,247,12,247,14,247,10,247,0,0,0,131,6,2,0,128,48,176,234,246,126,247,70,120,0,1,36,82,32,94,92,154,208,166,180,129,128,2,1,3,3,131,132,157,111,126,126,157,111,126,126,255,255,24,31,7,15,31,31,90,78,30,15,57,53,131,145,5,2,85,85,5,2,85,85,1,0,7,6,5,0,3,2,181,161,149,120,84,72,52,16,0,0,4,0,0,234,31,0,0,0,0,19,16,21,170,255,8,255,30,28,85,0,0,7,20,1,11,0,255,72,14,244,170,242,213,13,247,15,247,12,247,14,247,10,247,0,0,0,135,6,2,0,128,48,176,234,246,126,247,69,120,0,1,204,82,32,94,92,154,208,166,180,129,128,2,1,3,3,131,132,157,111,126,126,157,111,126,126,255,255,22,31,7,15,31,31,90,78,30,15,57,53,131,145,5,2,85,85,5,2,85,85,1,0,7,6,5,0,3,2,183,163,149,122,86,74,54,18,0,0,4,0,0,250,31,0,0,0,0,19,22,21,170,255,8,255,30,28,85,0,0,7,20,1,11,0,255,72,14,244,170,242
2026-08-07_09-50-59,1,197,0,0.0,0,0.0,-1,-1,213,13,247,15,247,12,247,14,247,10,247,0,0,0,135,6,2,0,128,48,176,234,246,126,247,69,120,0,1,204,82,32,94,92,154,208,166,180,129,128,2,1,3,3,131,132,157,111,126,126,157,111,126,126,255,255,22,31,7,15,31,31,90,78,30,15,57,53,131,145,5,2,85,85,5,2,85,85,1,0,7,6,5,0,3,2,183,163,149,122,86,74,54,18,0,0,4,0,0,250,31,0,0,0,0,19,22,21,170,255,8,255,30,28,85,0,0,7,20,1,11,0,255,72,14,244,170,242,217,13,247,15,247,12,247,14,247,10,247,0,0,0,139,6,2,0,128,48,176,234,246,126,247,69,120,0,1,116,82,32,94,92,154,208,166,180,129,128,2,1,3,3,131,132,157,111,126,126,157,111,126,126,255,255,20,31,7,15,31,31,90,78,30,15,57,53,131,145,5,2,85,85,5,2,85,85,1,0,7,6,5,0,3,2,185,165,149,124,88,76,56,20,0,0,4,0,0,234,31,0,0,0,0,19,35,21,170,255,8,255,30,28,85,0,0,7,20,1,11,0,255,72,14,244,170,242
2026-08-07_09-50-59,1,198,0,0.0,0,0.0,-1,-1,217,13,247,15,247,12,247,14,247,10,247,0,0,0,139,6,2,0,128,48,176,234,246,126,247,69,120,0,1,116,82,32,94,92,154,208,166,180,129,128,2,1,3,3,131,132,157,111,126,126,157,111,126,126,255,255,20,31,7,15,31,31,90,78,30,15,57,53,131,145,5,2,85,85,5,2,85,85,1,0,7,6,5,0,3,2,185,165,149,124,88,76,56,20,0,0,4,0,0,234,31,0,0,0,0,19,35,21,170,255,8,255,30,28,85,0,0,7,20,1,11,0,255,72,14,244,170,242,221,13,247,15,247,12,247,14,247,10,247,0,0,0,143,6,2,0,128,48,176,234,246,126,247,68,120,0,1,28,82,32,94,92,154,208,166,180,129,128,2,1,3,3,131,132,157,111,126,126,157,111,126,126,255,255,18,31,7,15,31,31,90,78,30,15,57,53,131,145,5,2,85,85,5,2,85,85,1,0,7,6,5,0,3,2,187,167,149,126,90,78,58,22,0,0,4,0,0,250,31,0,0,0,0,19,48,21,170,255,8,255,30,28,85,0,0,7,20,1,11,0,255,72,14,244,170,242
2026-08-07_09-50-59,1,199,0,0.0,0,0.0,-1,-1,221,13,247,15,247,12,247,14,247,10,247,0,0,0,143,6,2,0,128,48,176,234,246,126,247,68,120,0,1,28,82,32,94,92,154,208,166,180,129,128,2,1,3,3,131,132,157,111,126,126,157,111,126,126,255,255,18,31,7,15,31,31,90,78,30,15,57,53,131,145,5,2,85,85,5,2,85,85,1,0,7,6,5,0,3,2,187,167,149,126,90,78,58,22,0,0,4,0,0,250,31,0,0,0,0,19,48,21,170,255,8,255,30,28,85,0,0,7,20,1,11,0,255,72,14,244,170,242,225,13,247,15,247,12,247,14,247,10,247,0,0,0,147,6,2,0,128,48,176,234,246,126,247,68,120,0,1,196,82,32,94,92,154,208,166,180,129,128,2,1,3,3,131,132,157,111,126,126,157,111,126,126,255,255,16,31,7,15,31,31,90,78,30,15,57,53,131,145,5,2,85,85,5,2,85,85,1,0,7,6,5,0,3,2,189,169,149,128,92,80,60,24,0,0,4,0,0,234,31,0,0,0,0,19,54,21,170,255,8,255,30,28,85,0,0,7,20,1,11,0,255,72,14,244,170,242
2026-08-07_09-50-59,1,200,1,0.0,0,0.0,-1,-1,225,13,247,15,247,12,247,14,247,10,247,0,0,0,147,6,2,0,128,48,176,234,246,126,247,68,120,0,1,196,82,32,94,92,154,208,166,180,129,128,2,1,3,3,131,132,157,111,126,126,157,111,126,126,255,255,16,31,7,15,31,31,90,78,30,15,57,53,131,145,5,2,85,85,5,2,85,85,1,0,7,6,5,0,3,2,189,169,149,128,92,80,60,24,0,0,4,0,0,234,31,0,0,0,0,19,54,21,170,255,8,255,30,28,85,0,0,7,20,1,11,0,255,72,14,244,170,242,229,13,247,15,247,12,247,14,247,10,247,0,0,0,151,7,2,0,128,51,179,234,246,126,247,67,120,0,1,108,82,32,190,92,154,208,166,180,129,128,1,1,3,3,131,132,157,111,126,126,157,111,126,126,255,255,14,31,7,15,31,31,90,78,25,15,57,53,131,145,5,2,85,85,5,2,85,85,1,0,7,6,5,0,3,2,191,171,149,130,94,82,62,26,0,0,4,0,6,250,31,7,0,0,0,19,67,21,170,255,8,255,30,28,85,0,0,7,20,1,11,0,255,72,14,244,170,242
2026-08-07_09-50-59,1,201,1,0.0,0,0.0,-1,-1,229,13,247,15,247,12,247,14,247,10,247,0,0,0,151,7,2,0,128,51,179,234,246,126,247,67,120,0,1,108,82,32,190,92,154,208,166,180,129,128,1,1,3,3,131,132,157,111,126,126,157,111,126,126,255,255,14,31,7,15,31,31,90,78,25,15,57,53,131,145,5,2,85,85,5,2,85,85,1,0,7,6,5,0,3,2,191,171,149,130,94,82,62,26,0,0,4,0,6,250,31,7,0,0,0,19,67,21,170,255,8,255,30,28,85,0,0,7,20,1,11,0,255,72,14,244,170,242,233,13,247,15,247,12,247,14,247,10,247,0,0,0,155,7,2,0,128,55,183,234,246,126,247,67,120,0,1,20,82,32,190,92,154,208,166,180,129,128,1,1,3,3,131,132,157,111,126,126,157,111,126,126,255,255,12,31,7,15,31,31,90,78,25,15,57,53,131,145,5,2,85,85,5,2,85,85,1,0,7,6,5,0,3,2,193,173,149,132,96,84,64,28,0,0,4,0,2,234,31,3,0,0,0,19,80,21,170,255,8,255,30,28,85,0,0,7,20,1,11,0,255,72,14,244,170,242
2026-08-07_09-50-59,1,202,1,0.0,0,0.0,-1,-1,233,13,247,15,247,12,247,14,247,10,247,0,0,0,155,7,2,0,128,55,183,234,246,126,247,67,120,0,1,20,82,32,190,92,154,208,166,180,129,128,1,1,3,3,131,132,157,111,126,126,157,111,126,126,255,255,12,31,7,15,31,31,90,78,25,15,57,53,131,145,5,2,85,85,5,2,85,85,1,0,7,6,5,0,3,2,193,173,149,132,96,84,64,28,0,0,4,0,2,234,31,3,0,0,0,19,80,21,170,255,8,255,30,28,85,0,0,7,20,1,11,0,255,72,14,244,170,242,237,13,247,15,247,12,247,14,247,10,247,0,0,0,159,8,2,0,128,59,187,234,246,126,247,66,120,0,1,188,82,32,190,92,154,208,166,180,129,128,1,1,3,3,131,132,157,111,126,126,157,111,126,126,255,255,10,31,7,15,31,31,90,78,25,15,57,53,131,145,5,2,85,85,5,2,85,85,1,0,7,6,5,0,3,2,195,175,149,134,98,86,66,30,0,0,4,0,0,250,31,0,0,0,0,19,86,21,170,255,8,255,30,28,85,0,0,7,20,1,11,0,255,72,14,244,170,242
2026-08-07_09-50-59,1,203,0,0.0,0,0.0,-1,-1,237,13,247,15,247,12,247,14,247,10,247,0,0,0,159,8,2,0,128,59,187,234,246,126,247,66,120,0,1,188,82,32,190,92,154,208,166,180,129,128,1,1,3,3,131,132,157,111,126,126,157,111,126,126,255,255,10,31,7,15,31,31,90,78,25,15,57,53,131,145,5,2,85,85,5,2,85,85,1,0,7,6,5,0,3,2,195,175,149,134,98,86,66,30,0,0,4,0,0,250,31,0,0,0,0,19,86,21,170,255,8,255,30,28,85,0,0,7,20,1,11,0,255,72,14,244,170,242,241,13,247,15,247,12,247,14,247,10,247,0,0,0,163,8,2,0,128,63,191,234,246,126,247,66,120,0,1,100,82,32,190,92,154,208,166,180,129,128,1,1,3,3,131,132,157,111,126,126,157,111,126,126,255,255,7,31,7,15,31,31,90,78,25,15,57,53,131,145,5,2,85,85,5,2,85,85,1,0,7,6,5,0,3,2,198,178,149,137,101,89,69,33,0,0,4,0,0,226,31,0,0,0,0,19,99,21,170,255,8,255,30,28,85,0,0,7,20,1,11,0,255,72,14,244,170,242
2026-08-07_09-50-59,1,204,0,0.0,0,0.0,-1,-1,241,13,247,15,247,12,247,14,247,10,247,0,0,0,163,8,2,0,128,63,191,234,246,126,247,66,120,0,1,100,82,32,190,92,154,208,166,180,129,128,1,1,3,3,131,132,157,111,126,126,157,111,126,126,255,255,7,31,7,15,31,31,90,78,25,15,57,53,131,145,5,2,85,85,5,2,85,85,1,0,7,6,5,0,3,2,198,178,149,137,101,89,69,33,0,0,4,0,0,226,31,0,0,0,0,19,99,21,170,255,8,255,30,28,85,0,0,7,20,1,11,0,255,72,14,244,170,242,245,13,247,15,247,12,247,14,247,10,247,0,0,0,167,8,1,0,128,64,192,234,246,157,247,66,120,0,1,12,32,190,92,154,208,166,180,178,128,1,1,3,3,131,132,128,111,126,126,157,111,126,126,157,255,4,31,7,15,31,31,7,78,25,15,57,53,131,145,85,2,85,85,5,2,85,85,5,0,7,6,5,0,3,2,1,182,150,141,105,93,73,37,1,0,0,4,0,0,226,11,0,0,0,0,19,112,21,170,255,7,255,60,56,5,0,1,7,20,1,11,0,255,72,14,244,170,242
2026-08-07_09-50-59,1,205,0,0.0,0,0.0,-1,-1,245,13,247,15,247,12,247,14,247,10,247,0,0,0,167,8,1,0,128,64,192,234,246,157,247,66,120,0,1,12,32,190,92,154,208,166,180,178,128,1,1,3,3,131,132,128,111,126,126,157,111,126,126,157,255,4,31,7,15,31,31,7,78,25,15,57,53,131,145,85,2,85,85,5,2,85,85,5,0,7,6,5,0,3,2,1,182,150,141,105,93,73,37,1,0,0,4,0,0,226,11,0,0,0,0,19,112,21,170,255,7,255,60,56,5,0,1,7,20,1,11,0,255,72,14,244,170,242,249,13,247,15,247,12,247,14,247,10,247,0,0,0,171,8,1,0,128,64,192,234,246,157,247,66,120,0,1,180,32,190,92,154,208,166,180,178,128,1,1,3,3,131,132,128,111,126,126,157,111,126,126,157,255,1,31,7,15,31,31,7,78,25,15,57,53,131,145,85,2,85,85,5,2,85,85,5,0,7,6,5,0,3,2,1,185,150,144,108,96,76,40,4,0,0,4,0,0,226,23,0,0,0,0,19,118,21,170,255,8,255,60,56,5,0,1,7,20,1,11,0,255,72,14,244,170,242
2026-08-07_09-50-59,1,206,0,0.0,0,0.0,-1,-1,249,13,247,15,247,12,247,14,247,10,247,0,0,0,171,8,1,0,128,64,192,234,246,157,247,66,120,0,1,180,32,190,92,154,208,166,180,178,128,1,1,3,3,131,132,128,111,126,126,157,111,126,126,157,255,1,31,7,15,31,31,7,78,25,15,57,53,131,145,85,2,85,85,5,2,85,85,5,0,7,6,5,0,3,2,1,185,150,144,108,96,76,40,4,0,0,4,0,0,226,23,0,0,0,0,19,118,21,170,255,8,255,60,56,5,0,1,7,20,1,11,0,255,72,14,244,170,242,253,13,247,15,247,12,247,14,247,10,247,0,0,0,175,8,1,0,128,64,192,234,246,157,247,66,120,0,1,92,32,190,92,154,208,166,180,178,128,1,1,3,3,131,132,128,111,126,126,157,111,126,126,157,255,255,31,7,15,31,31,7,78,25,15,57,53,131,145,85,2,85,85,5,2,85,85,5,0,7,6,5,0,3,2,1,189,153,148,112,100,80,44,8,0,0,4,0,0,226,3,0,0,0,0,19,131,21,170,255,8,255,60,56,5,0,1,7,20,1,11,0,255,72,14,244,170,242
2026-08-07_09-50-59,1,207,0,0.0,0,0.0,-1,-1,253,13,247,15,247,12,247,14,247,10,247,0,0,0,175,8,1,0,128,64,192,234,246,157,247,66,120,0,1,92,32,190,92,154,208,166,180,178,128,1,1,3,3,131,132,128,111,126,126,157,111,126,126,157,255,255,31,7,15,31,31,7,78,25,15,57,53,131,145,85,2,85,85,5,2,85,85,5,0,7,6,5,0,3,2,1,189,153,148,112,100,80,44,8,0,0,4,0,0,226,3,0,0,0,0,19,131,21,170,255,8,255,60,56,5,0,1,7,20,1,11,0,255,72,14,244,170,242,1,13,247,15,247,12,247,14,247,10,247,0,0,0,179,8,1,0,128,64,192,234,246,157,247,66,120,0,1,4,32,190,92,154,208,166,180,178,128,1,1,3,3,131,132,128,111,126,126,157,111,126,126,157,255,255,30,7,15,31,31,7,78,25,15,57,53,131,145,85,2,85,85,5,2,85,85,5,0,7,6,5,0,3,2,1,192,156,150,115,103,83,47,11,0,0,4,0,0,226,15,0,0,0,0,19,144,21,170,255,8,255,60,56,5,0,1,7,20,1,11,0,255,72,14,244,170,242
2026-08-07_09-50-59,1,208,0,0.0,0,0.0,-1,-1,1,13,247,15,247,12,247,14,247,10,247,0,0,0,179,8,1,0,128,64,192,234,246,157,247,66,120,0,1,4,32,190,92,154,208,166,180,178,128,1,1,3,3,131,132,128,111,126,126,157,111,126,126,157,255,255,30,7,15,31,31,7,78,25,15,57,53,131,145,85,2,85,85,5,2,85,85,5,0,7,6,5,0,3,2,1,192,156,150,115,103,83,47,11,0,0,4,0,0,226,15,0,0,0,0,19,144,21,170,255,8,255,60,56,5,0,1,7,20,1,11,0,255,72,14,244,170,242,5,13,247,15,247,12,247,14,247,10,247,0,0,0,183,8,0,0,128,64,192,234,246,111,247,66,120,0,1,172,190,92,154,208,166,180,178,176,1,1,3,3,131,132,128,4,126,126,157,111,126,126,157,111,255,26,7,15,31,31,7,15,25,15,57,53,131,145,85,70,85,85,5,2,85,85,5,2,7,6,5,0,3,2,1,0,159,149,118,106,86,50,14,2,0,0,4,0,0,226,27,0,0,0,0,19,150,21,170,255,7,255,120,113,2,0,0,7,20,1,11,0,255,72,14,244,170,242
2026-08-07_09-50-59,1,209,0,0.0,0,0.0,-1,-1,5,13,247,15,247,12,247,14,247,10,247,0,0,0,183,8,0,0,128,64,192,234,246,111,247,66,120,0,1,172,190,92,154,208,166,180,178,176,1,1,3,3,131,132,128,4,126,126,157,111,126,126,157,111,255,26,7,15,31,31,7,15,25,15,57,53,131,145,85,70,85,85,5,2,85,85,5,2,7,6,5,0,3,2,1,0,159,149,118,106,86,50,14,2,0,0,4,0,0,226,27,0,0,0,0,19,150,21,170,255,7,255,120,113,2,0,0,7,20,1,11,0,255,72,14,244,170,242,9,13,247,15,247,12,247,14,247,10,247,0,0,0,187,8,0,0,128,64,192,234,246,111,247,66,120,0,1,84,190,92,154,208,166,180,178,176,1,1,3,3,131,132,128,4,126,126,157,111,126,126,157,111,255,23,7,15,31,31,7,15,25,15,57,53,131,145,85,70,85,85,5,2,85,85,5,2,7,6,5,0,3,2,1,0,163,150,122,110,90,54,18,6,0,0,4,0,0,226,7,0,0,0,0,20,3,21,170,255,8,255,120,113,2,0,1,7,20,1,11,0,255,72,14,244,170,242
2026-08-07_09-50-59,1,210,0,0.0,0,0.0,-1,-1,9,13,247,15,247,12,247,14,247,10,247,0,0,0,187,8,0,0,128,64,192,234,246,111,247,66,120,0,1,84,190,92,154,208,166,180,178,176,1,1,3,3,131,132,128,4,126,126,157,111,126,126,157,111,255,23,7,15,31,31,7,15,25,15,57,53,131,145,85,70,85,85,5,2,85,85,5,2,7,6,5,0,3,2,1,0,163,150,122,110,90,54,18,6,0,0,4,0,0,226,7,0,0,0,0,20,3,21,170,255,8,255,120,113,2,0,1,7,20,1,11,0,255,72,14,244,170,242,13,13,247,15,247,12,247,14,247,10,247,0,0,0,191,8,0,0,128,64,192,234,246,111,247,66,120,0,1,252,190,92,154,208,166,180,178,176,1,1,3,3,131,132,128,4,126,126,157,111,126,126,157,111,255,20,7,15,31,31,7,15,25,15,57,53,131,145,85,70,85,85,5,2,85,85,5,2,7,6,5,0,3,2,1,0,166,150,125,113,93,57,21,9,0,0,4,0,0,226,19,0,0,0,0,20,9,21,170,255,8,255,120,113,2,0,1,7,20,1,11,0,255,72,14,244,170,242
2026-08-07_09-50-59,1,211,0,0.0,0,0.0,-1,-1,13,13,247,15,247,12,247,14,247,10,247,0,0,0,191,8,0,0,128,64,192,234,246,111,247,66,120,0,1,252,190,92,154,208,166,180,178,176,1,1,3,3,131,132,128,4,126,126,157,111,126,126,157,111,255,20,7,15,31,31,7,15,25,15,57,53,131,145,85,70,85,85,5,2,85,85,5,2,7,6,5,0,3,2,1,0,166,150,125,113,93,57,21,9,0,0,4,0,0,226,19,0,0,0,0,20,9,21,170,255,8,255,120,113,2,0,1,7,20,1,11,0,255,72,14,244,170,242,17,13,247,15,247,12,247,14,247,10,247,0,0,0,195,8,0,0,128,64,192,234,246,111,247,66,120,0,1,164,190,92,154,208,166,180,178,176,1,1,3,3,131,132,128,4,126,126,157,111,126,126,157,111,255,16,7,15,31,31,7,15,25,15,57,53,131,145,85,70,85,85,5,2,85,85,5,2,7,6,5,0,3,2,1,0,169,149,128,116,96,60,24,12,0,0,4,0,0,226,31,0,0,0,0,20,22,21,170,255,8,255,120,113,2,0,0,135,20,1,11,0,0,72,14,244,170,242
2026-08-07_09-50-59,1,212,0,0.0,0,0.0,-1,-1,17,13,247,15,247,12,247,14,247,10,247,0,0,0,195,8,0,0,128,64,192,234,246,111,247,66,120,0,1,164,190,92,154,208,166,180,178,176,1,1,3,3,131,132,128,4,126,126,157,111,126,126,157,111,255,16,7,15,31,31,7,15,25,15,57,53,131,145,85,70,85,85,5,2,85,85,5,2,7,6,5,0,3,2,1,0,169,149,128,116,96,60,24,12,0,0,4,0,0,226,31,0,0,0,0,20,22,21,170,255,8,255,120,113,2,0,0,135,20,1,11,0,0,72,14,244,170,242,21,13,247,15,247,12,247,14,247,10,247,0,0,0,199,8,0,0,128,64,192,234,246,111,247,66,120,0,1,76,190,188,154,208,166,180,178,176,1,0,3,3,131,132,128,4,126,126,157,111,126,126,157,111,255,13,7,15,31,31,7,15,25,10,57,53,131,145,85,70,85,85,5,2,85,85,5,2,7,6,5,0,3,2,1,0,173,150,132,120,100,64,28,16,0,0,4,0,0,226,11,0,0,0,0,20,35,21,170,255,8,255,120,113,2,0,1,135,20,1,11,0,0,72,14,244,170,242
2026-08-07_09-50-59,1,213,0,0.0,0,0.0,-1,-1,21,13,247,15,247,12,247,14,247,10,247,0,0,0,199,8,0,0,128,64,192,234,246,111,247,66,120,0,1,76,190,188,154,208,166,180,178,176,1,0,3,3,131,132,128,4,126,126,157,111,126,126,157,111,255,13,7,15,31,31,7,15,25,10,57,53,131,145,85,70,85,85,5,2,85,85,5,2,7,6,5,0,3,2,1,0,173,150,132,120,100,64,28,16,0,0,4,0,0,226,11,0,0,0,0,20,35,21,170,255,8,255,120,113,2,0,1,135,20,1,11,0,0,72,14,244,170,242,25,13,247,15,247,12,247,14,247,10,247,0,0,0,203,8,0,0,128,64,192,234,246,111,247,66,120,0,1,244,190,188,154,208,166,180,178,176,1,0,3,3,131,132,128,4,126,126,157,111,126,126,157,111,255,10,7,15,31,31,7,15,25,10,57,53,131,145,85,70,85,85,5,2,85,85,5,2,7,6,5,0,3,2,1,0,176,150,135,123,103,67,31,19,0,0,4,0,0,226,23,0,0,0,0,20,41,21,170,255,8,255,120,113,2,0,1,135,20,1,11,0,0,72,14,244,170,242
2026-08-07_09-50-59,1,214,0,0.0,0,0.0,-1,-1,25,13,247,15,247,12,247,14,247,10,247,0,0,0,203,8,0,0,128,64,192,234,246,111,247,66,120,0,1,244,190,188,154,208,166,180,178,176,1,0,3,3,131,132,128,4,126,126,157,111,126,126,157,111,255,10,7,15,31,31,7,15,25,10,57,53,131,145,85,70,85,85,5,2,85,85,5,2,7,6,5,0,3,2,1,0,176,150,135,123,103,67,31,19,0,0,4,0,0,226,23,0,0,0,0,20,41,21,170,255,8,255,120,113,2,0,1,135,20,1,11,0,0,72,14,244,170,242,29,13,247,15,247,12,247,14,247,10,247,0,0,0,207,8,7,0,128,64,192,234,246,126,247,66,120,0,1,156,188,154,208,166,180,178,176,222,0,3,3,131,132,128,4,0,126,157,111,126,126,157,111,126,6,7,15,31,31,7,15,31,10,57,53,131,145,85,70,8,85,5,2,85,85,5,2,85,6,5,0,3,2,1,0,7,150,139,127,107,71,35,23,3,0,0,4,0,0,226,3,0,0,0,0,20,54,21,170,255,7,255,240,226,85,0,1,135,20,1,11,0,255,72,14,244,170,242
2026-08-07_09-50-59,1,215,0,0.0,0,0.0,-1,-1,29,13,247,15,247,12,247,14,247,10,247,0,0,0,207,8,7,0,128,64,192,234,246,126,247,66,120,0,1,156,188,154,208,166,180,178,176,222,0,3,3,131,132,128,4,0,126,157,111,126,126,157,111,126,6,7,15,31,31,7,15,31,10,57,53,131,145,85,70,8,85,5,2,85,85,5,2,85,6,5,0,3,2,1,0,7,150,139,127,107,71,35,23,3,0,0,4,0,0,226,3,0,0,0,0,20,54,21,170,255,7,255,240,226,85,0,1,135,20,1,11,0,255,72,14,244,170,242,33,13,247,15,247,12,247,14,247,10,247,0,0,0,211,8,7,0,128,64,192,234,246,126,247,66,120,0,1,68,188,154,208,166,180,178,176,222,0,3,3,131,132,128,4,0,126,157,111,126,126,157,111,126,3,7,15,31,31,7,15,31,10,57,53,131,145,85,70,8,85,5,2,85,85,5,2,85,6,5,0,3,2,1,0,7,150,142,130,110,74,38,26,6,0,0,4,0,0,226,15,0,0,0,0,20,67,21,170,255,8,255,240,226,85,0,1,135,20,1,11,0,255,72,14,244,170,242
2026-08-07_09-50-59,1,216,0,0.0,0,0.0,-1,-1,33,13,247,15,247,12,247,14,247,10,247,0,0,0,211,8,7,0,128,64,192,234,246,126,247,66,120,0,1,68,188,154,208,166,180,178,176,222,0,3,3,131,132,128,4,0,126,157,111,126,126,157,111,126,3,7,15,31,31,7,15,31,10,57,53,131,145,85,70,8,85,5,2,85,85,5,2,85,6,5,0,3,2,1,0,7,150,142,130,110,74,38,26,6,0,0,4,0,0,226,15,0,0,0,0,20,67,21,170,255,8,255,240,226,85,0,1,135,20,1,11,0,255,72,14,244,170,242,37,13,247,15,247,12,247,14,247,10,247,0,0,0,215,8,7,0,128,64,192,234,246,126,247,66,120,0,1,236,188,154,208,166,180,178,176,222,0,3,3,131,132,128,4,0,126,157,111,126,126,157,111,126,255,7,15,31,31,7,15,31,10,57,53,131,145,85,70,8,85,5,2,85,85,5,2,85,6,5,0,3,2,1,0,7,150,145,133,113,77,41,29,9,0,0,4,0,0,226,27,0,0,0,0,20,73,21,170,255,8,255,240,226,85,0,0,135,20,1,11,0,255,72,14,244,170,242
2026-08-07_09-50-59,1,217,0,0.0,0,0.0,-1,-1,37,13,247,15,247,12,247,14,247,10,247,0,0,0,215,8,7,0,128,64,192,234,246,126,247,66,120,0,1,236,188,154,208,166,180,178,176,222,0,3,3,131,132,128,4,0,126,157,111,126,126,157,111,126,255,7,15,31,31,7,15,31,10,57,53,131,145,85,70,8,85,5,2,85,85,5,2,85,6,5,0,3,2,1,0,7,150,145,133,113,77,41,29,9,0,0,4,0,0,226,27,0,0,0,0,20,73,21,170,255,8,255,240,226,85,0,0,135,20,1,11,0,255,72,14,244,170,242,41,13,247,15,247,12,247,14,247,10,247,0,0,0,219,8,7,0,128,64,192,234,246,126,247,66,120,0,1,148,188,154,208,166,180,178,176,222,0,3,3,131,132,128,4,0,126,157,111,126,126,157,111,126,255,7,15,31,31,7,15,31,10,57,53,131,145,85,70,8,85,5,2,85,85,5,2,85,6,5,0,3,2,1,0,7,154,149,137,117,81,45,33,13,0,0,4,0,0,226,7,0,0,0,0,20,86,21,170,255,8,255,240,226,85,0,1,7,20,1,11,0,255,72,14,244,170,242
2026-08-07_09-50-59,1,218,0,0.0,0,0.0,-1,-1,41,13,247,15,247,12,247,14,247,10,247,0,0,0,219,8,7,0,128,64,192,234,246,126,247,66,120,0,1,148,188,154,208,166,180,178,176,222,0,3,3,131,132,128,4,0,126,157,111,126,126,157,111,126,255,7,15,31,31,7,15,31,10,57,53,131,145,85,70,8,85,5,2,85,85,5,2,85,6,5,0,3,2,1,0,7,154,149,137,117,81,45,33,13,0,0,4,0,0,226,7,0,0,0,0,20,86,21,170,255,8,255,240,226,85,0,1,7,20,1,11,0,255,72,14,244,170,242,45,13,247,15,247,12,247,14,247,10,247,0,0,0,223,9,7,0,128,66,190,234,246,126,247,66,120,0,1,60,188,154,208,166,180,178,176,222,0,3,3,131,132,128,4,0,126,157,111,126,126,157,111,126,255,5,15,31,31,7,15,31,10,57,53,131,145,85,70,8,85,5,2,85,85,5,2,85,6,5,0,3,2,1,0,7,157,150,140,120,84,48,36,16,0,0,4,0,6,226,13,7,0,0,0,20,99,21,170,255,8,255,240,226,85,0,1,7,20,1,11,0,255,72,14,244,170,242
2026-08-07_09-50-59,1,219,1,0.0,0,0.0,-1,-1,45,13,247,15,247,12,247,14,247,10,247,0,0,0,223,9,7,0,128,66,190,234,246,126,247,66,120,0,1,60,188,154,208,166,180,178,176,222,0,3,3,131,132,128,4,0,126,157,111,126,126,157,111,126,255,5,15,31,31,7,15,31,10,57,53,131,145,85,70,8,85,5,2,85,85,5,2,85,6,5,0,3,2,1,0,7,157,150,140,120,84,48,36,16,0,0,4,0,6,226,13,7,0,0,0,20,99,21,170,255,8,255,240,226,85,0,1,7,20,1,11,0,255,72,14,244,170,242,49,13,247,15,247,12,247,14,247,10,247,0,0,0,224,9,7,0,118,70,186,234,246,126,247,66,120,0,1,228,188,154,208,166,180,178,176,222,0,3,3,131,132,128,4,0,126,157,111,126,126,157,111,126,255,1,15,31,31,7,15,31,10,57,53,131,145,85,70,8,85,5,2,85,85,5,2,85,6,5,0,3,2,1,0,7,161,150,144,124,88,52,40,20,0,0,4,226,2,226,13,3,0,0,0,20,105,20,170,255,8,255,240,226,85,0,1,7,20,1,11,0,255,72,14,244,170,242
2026-08-07_09-50-59,1,220,1,0.0,0,0.0,-1,-1,49,13,247,15,247,12,247,14,247,10,247,0,0,0,224,9,7,0,118,70,186,234,246,126,247,66,120,0,1,228,188,154,208,166,180,178,176,222,0,3,3,131,132,128,4,0,126,157,111,126,126,157,111,126,255,1,15,31,31,7,15,31,10,57,53,131,145,85,70,8,85,5,2,85,85,5,2,85,6,5,0,3,2,1,0,7,161,150,144,124,88,52,40,20,0,0,4,226,2,226,13,3,0,0,0,20,105,20,170,255,8,255,240,226,85,0,1,7,20,1,11,0,255,72,14,244,170,242,53,13,247,15,247,12,247,14,247,10,247,0,0,0,224,10,7,0,122,74,182,195,246,126,247,66,120,0,1,140,188,154,208,166,180,178,176,222,0,3,3,131,132,128,4,0,126,157,111,126,126,157,111,126,255,255,15,31,31,7,15,31,10,57,53,131,145,85,70,8,85,5,2,85,85,5,2,85,6,5,0,3,2,1,0,7,165,153,148,128,92,56,44,24,0,0,4,234,5,226,13,6,0,0,0,20,118,20,170,255,8,255,240,226,85,0,1,7,20,1,11,0,255,72,14,244,170,242
2026-08-07_09-50-59,1,221,0,0.0,0,0.0,-1,-1,53,13,247,15,247,12,247,14,247,10,247,0,0,0,224,10,7,0,122,74,182,195,246,126,247,66,120,0,1,140,188,154,208,166,180,178,176,222,0,3,3,131,132,128,4,0,126,157,111,126,126,157,111,126,255,255,15,31,31,7,15,31,10,57,53,131,145,85,70,8,85,5,2,85,85,5,2,85,6,5,0,3,2,1,0,7,165,153,148,128,92,56,44,24,0,0,4,234,5,226,13,6,0,0,0,20,118,20,170,255,8,255,240,226,85,0,1,7,20,1,11,0,255,72,14,244,170,242,57,13,247,15,247,12,247,14,247,10,247,0,0,0,224,10,7,0,126,78,178,195,246,126,247,66,120,0,1,52,188,154,208,166,180,178,176,222,0,3,3,131,132,128,4,0,126,157,111,126,126,157,111,126,255,255,13,31,31,7,15,31,10,57,53,131,145,85,70,8,85,5,2,85,85,5,2,85,6,5,0,3,2,1,0,7,169,157,150,132,96,60,48,28,0,0,4,242,0,226,13,0,0,0,0,20,131,20,170,255,8,255,240,226,85,0,1,7,20,1,11,0,255,72,14,244,170,242
2026-08-07_09-50-59,1,222,0,0.0,0,0.0,-1,-1,57,13,247,15,247,12,247,14,247,10,247,0,0,0,224,10,7,0,126,78,178,195,246,126,247,66,120,0,1,52,188,154,208,166,180,178,176,222,0,3,3,131,132,128,4,0,126,157,111,126,126,157,111,126,255,255,13,31,31,7,15,31,10,57,53,131,145,85,70,8,85,5,2,85,85,5,2,85,6,5,0,3,2,1,0,7,169,157,150,132,96,60,48,28,0,0,4,242,0,226,13,0,0,0,0,20,131,20,170,255,8,255,240,226,85,0,1,7,20,1,11,0,255,72,14,244,170,242,61,13,247,15,247,12,247,14,247,10,247,0,0,0,224,10,7,0,128,80,174,195,246,126,247,66,120,0,1,220,188,154,208,166,180,178,176,222,0,3,3,131,132,128,4,0,126,157,111,126,126,157,111,126,255,255,9,31,31,7,15,31,10,57,53,131,145,85,70,8,85,5,2,85,85,5,2,85,6,5,0,3,2,1,0,7,173,161,150,136,100,64,52,32,0,0,4,250,0,250,5,0,0,0,0,20,137,20,170,255,8,255,240,226,85,0,1,7,20,1,11,0,255,72,14,244,170,242
2026-08-07_09-50-59,1,223,0,0.0,0,0.0,-1,-1,61,13,247,15,247,12,247,14,247,10,247,0,0,0,224,10,7,0,128,80,174,195,246,126,247,66,120,0,1,220,188,154,208,166,180,178,176,222,0,3,3,131,132,128,4,0,126,157,111,126,126,157,111,126,255,255,9,31,31,7,15,31,10,57,53,131,145,85,70,8,85,5,2,85,85,5,2,85,6,5,0,3,2,1,0,7,173,161,150,136,100,64,52,32,0,0,4,250,0,250,5,0,0,0,0,20,137,20,170,255,8,255,240,226,85,0,1,7,20,1,11,0,255,72,14,244,170,242,65,13,247,15,247,12,247,14,247,10,247,0,0,0,224,10,7,0,128,80,170,195,246,126,247,66,120,0,1,132,188,154,208,166,180,178,176,222,0,3,3,131,132,128,4,0,126,157,111,126,126,157,111,126,255,255,6,31,31,7,15,31,10,57,53,131,145,85,70,8,85,5,2,85,85,5,2,85,6,5,0,3,2,1,0,7,176,164,150,139,103,67,55,35,0,0,4,10,0,26,21,0,0,0,0,20,150,20,170,255,8,255,240,226,85,0,1,7,20,1,11,0,255,72,14,244,170,242
2026-08-07_09-50-59,1,224,0,0.0,0,0.0,-1,-1,65,13,247,15,247,12,247,14,247,10,247,0,0,0,224,10,7,0,128,80,170,195,246,126,247,66,120,0,1,132,188,154,208,166,180,178,176,222,0,3,3,131,132,128,4,0,126,157,111,126,126,157,111,126,255,255,6,31,31,7,15,31,10,57,53,131,145,85,70,8,85,5,2,85,85,5,2,85,6,5,0,3,2,1,0,7,176,164,150,139,103,67,55,35,0,0,4,10,0,26,21,0,0,0,0,20,150,20,170,255,8,255,240,226,85,0,1,7,20,1,11,0,255,72,14,244,170,242,69,13,247,15,247,12,247,14,247,10,247,0,0,0,224,10,6,0,128,80,166,195,246,126,247,67,120,0,1,44,154,208,166,180,178,176,222,44,3,3,131,132,128,4,0,132,157,111,126,126,157,111,126,126,255,2,31,31,7,15,31,31,57,53,131,145,85,70,8,138,5,2,85,85,5,2,85,85,5,0,3,2,1,0,7,6,168,150,143,107,71,59,39,3,0,0,4,6,0,26,5,0,0,0,0,21,3,20,170,255,7,255,225,196,85,0,1,7,18,1,11,0,255,72,14,244,170,242
2026-08-07_09-50-59,1,225,0,0.0,0,0.0,-1,-1,69,13,247,15,247,12,247,14,247,10,247,0,0,0,224,10,6,0,128,80,166,195,246,126,247,67,120,0,1,44,154,208,166,180,178,176,222,44,3,3,131,132,128,4,0,132,157,111,126,126,157,111,126,126,255,2,31,31,7,15,31,31,57,53,131,145,85,70,8,138,5,2,85,85,5,2,85,85,5,0,3,2,1,0,7,6,168,150,143,107,71,59,39,3,0,0,4,6,0,26,5,0,0,0,0,21,3,20,170,255,7,255,225,196,85,0,1,7,18,1,11,0,255,72,14,244,170,242,73,13,247,15,247,12,247,14,247,10,247,0,0,0,224,10,6,0,128,80,162,195,246,126,247,68,120,0,1,212,154,208,166,180,178,176,222,44,3,3,131,132,128,4,0,132,157,111,126,126,157,111,126,126,255,255,31,31,7,15,31,31,57,53,131,145,85,70,8,138,5,2,85,85,5,2,85,85,5,0,3,2,1,0,7,6,171,151,146,110,74,62,42,6,0,0,4,2,0,26,21,0,0,0,0,21,9,20,170,255,8,255,225,196,85,0,1,7,18,1,11,0,255,72,14,244,170,242
2026-08-07_09-50-59,1,226,0,0.0,0,0.0,-1,-1,73,13,247,15,247,12,247,14,247,10,247,0,0,0,224,10,6,0,128,80,162,195,246,126,247,68,120,0,1,212,154,208,166,180,178,176,222,44,3,3,131,132,128,4,0,132,157,111,126,126,157,111,126,126,255,255,31,31,7,15,31,31,57,53,131,145,85,70,8,138,5,2,85,85,5,2,85,85,5,0,3,2,1,0,7,6,171,151,146,110,74,62,42,6,0,0,4,2,0,26,21,0,0,0,0,21,9,20,170,255,8,255,225,196,85,0,1,7,18,1,11,0,255,72,14,244,170,242,77,13,247,15,247,12,247,14,247,10,247,0,0,0,224,10,6,0,128,80,160,195,246,126,247,69,120,0,1,124,154,208,166,180,178,176,222,44,3,3,131,132,128,4,0,132,157,111,126,126,157,111,126,126,255,255,31,31,7,15,31,31,57,53,131,145,85,70,8,138,5,2,85,85,5,2,85,85,5,0,3,2,1,0,7,6,175,155,150,114,78,66,46,10,0,0,4,0,0,26,5,0,0,0,0,21,22,20,170,255,8,255,225,196,85,0,1,7,18,1,11,0,255,72,14,244,170,242
2026-08-07_09-50-59,1,227,0,0.0,0,0.0,-1,-1,77,13,247,15,247,12,247,14,247,10,247,0,0,0,224,10,6,0,128,80,160,195,246,126,247,69,120,0,1,124,154,208,166,180,178,176,222,44,3,3,131,132,128,4,0,132,157,111,126,126,157,111,126,126,255,255,31,31,7,15,31,31,57,53,131,145,85,70,8,138,5,2,85,85,5,2,85,85,5,0,3,2,1,0,7,6,175,155,150,114,78,66,46,10,0,0,4,0,0,26,5,0,0,0,0,21,22,20,170,255,8,255,225,196,85,0,1,7,18,1,11,0,255,72,14,244,170,242,81,13,247,15,247,12,247,14,247,10,247,0,0,0,224,10,6,0,128,80,160,195,246,126,247,70,120,0,1,36,154,208,166,180,178,176,222,44,3,3,131,132,128,4,0,132,157,111,126,126,157,111,126,126,255,255,28,31,7,15,31,31,57,53,131,145,85,70,8,138,5,2,85,85,5,2,85,85,5,0,3,2,1,0,7,6,178,158,150,117,81,69,49,13,0,0,4,0,0,26,21,0,0,0,0,21,35,20,170,255,8,255,225,196,85,0,1,7,18,1,11,0,255,72,14,244,170,242
2026-08-07_09-50-59,1,228,0,0.0,0,0.0,-1,-1,81,13,247,15,247,12,247,14,247,10,247,0,0,0,224,10,6,0,128,80,160,195,246,126,247,70,120,0,1,36,154,208,166,180,178,176,222,44,3,3,131,132,128,4,0,132,157,111,126,126,157,111,126,126,255,255,28,31,7,15,31,31,57,53,131,145,85,70,8,138,5,2,85,85,5,2,85,85,5,0,3,2,1,0,7,6,178,158,150,117,81,69,49,13,0,0,4,0,0,26,21,0,0,0,0,21,35,20,170,255,8,255,225,196,85,0,1,7,18,1,11,0,255,72,14,244,170,242,85,13,247,15,247,12,247,14,247,10,247,0,0,0,224,10,6,0,128,80,160,195,246,126,247,71,120,0,1,204,154,208,166,180,178,176,222,44,3,3,131,132,128,4,0,132,157,111,126,126,157,111,126,126,255,255,24,31,7,15,31,31,57,53,131,145,85,70,8,138,5,2,85,85,5,2,85,85,5,0,3,2,1,0,7,6,182,162,150,121,85,73,53,17,0,0,4,0,0,26,5,0,0,0,0,21,41,20,170,255,8,255,225,196,85,0,1,7,18,1,11,0,255,72,14,244,170,242
2026-08-07_09-50-59,1,229,0,0.0,0,0.0,-1,-1,85,13,247,15,247,12,247,14,247,10,247,0,0,0,224,10,6,0,128,80,160,195,246,126,247,71,120,0,1,204,154,208,166,180,178,176,222,44,3,3,131,132,128,4,0,132,157,111,126,126,157,111,126,126,255,255,24,31,7,15,31,31,57,53,131,145,85,70,8,138,5,2,85,85,5,2,85,85,5,0,3,2,1,0,7,6,182,162,150,121,85,73,53,17,0,0,4,0,0,26,5,0,0,0,0,21,41,20,170,255,8,255,225,196,85,0,1,7,18,1,11,0,255,72,14,244,170,242,89,13,247,15,247,12,247,14,247,10,247,0,0,0,224,10,6,0,128,80,160,195,246,126,247,72,120,0,1,116,154,208,166,180,178,176,222,44,3,3,131,132,128,4,0,132,157,111,126,126,157,111,126,126,255,255,21,31,7,15,31,31,57,53,131,145,85,70,8,138,5,2,85,85,5,2,85,85,5,0,3,2,1,0,7,6,185,165,150,124,88,76,56,20,0,0,4,0,0,26,21,0,0,0,0,21,54,20,170,255,8,255,225,196,85,0,1,7,18,1,11,0,255,72,14,244,170,242
2026-08-07_09-50-59,1,230,0,0.0,0,0.0,-1,-1,89,13,247,15,247,12,247,14,247,10,247,0,0,0,224,10,6,0,128,80,160,195,246,126,247,72,120,0,1,116,154,208,166,180,178,176,222,44,3,3,131,132,128,4,0,132,157,111,126,126,157,111,126,126,255,255,21,31,7,15,31,31,57,53,131,145,85,70,8,138,5,2,85,85,5,2,85,85,5,0,3,2,1,0,7,6,185,165,150,124,88,76,56,20,0,0,4,0,0,26,21,0,0,0,0,21,54,20,170,255,8,255,225,196,85,0,1,7,18,1,11,0,255,72,14,244,170,242,93,13,247,15,247,12,247,14,247,10,247,0,0,0,224,10,6,0,128,80,160,195,246,126,247,73,120,0,1,28,154,208,166,180,178,176,222,44,3,3,131,132,128,4,0,132,157,111,126,126,157,111,126,126,255,255,17,31,7,15,31,31,57,53,131,145,85,70,8,138,5,2,85,85,5,2,85,85,5,0,3,2,1,0,7,6,189,169,150,128,92,80,60,24,0,0,4,0,0,26,5,0,0,0,0,21,67,20,170,255,8,255,225,196,85,0,1,7,18,1,11,0,255,72,14,244,170,242
2026-08-07_09-50-59,1,231,0,0.0,0,0.0,-1,-1,93,13,247,15,247,12,247,14,247,10,247,0,0,0,224,10,6,0,128,80,160,195,246,126,247,73,120,0,1,28,154,208,166,180,178,176,222,44,3,3,131,132,128,4,0,132,157,111,126,126,157,111,126,126,255,255,17,31,7,15,31,31,57,53,131,145,85,70,8,138,5,2,85,85,5,2,85,85,5,0,3,2,1,0,7,6,189,169,150,128,92,80,60,24,0,0,4,0,0,26,5,0,0,0,0,21,67,20,170,255,8,255,225,196,85,0,1,7,18,1,11,0,255,72,14,244,170,242,97,13,247,15,247,12,247,14,247,10,247,0,0,0,224,10,6,0,128,80,160,195,246,126,247,74,120,0,1,196,154,208,246,180,178,176,222,44,3,3,131,132,128,4,0,132,157,111,126,126,157,111,126,126,255,255,14,31,7,15,31,31,57,53,126,145,85,70,8,138,5,2,85,85,5,2,85,85,5,0,3,2,1,0,7,6,192,172,150,131,95,83,63,27,0,0,4,0,0,26,21,0,0,0,0,21,73,20,170,255,8,255,225,196,85,0,1,7,18,1,11,0,255,72,14,244,170,242
2026-08-07_09-50-59,1,232,0,0.0,0,0.0,-1,-1,97,13,247,15,247,12,247,14,247,10,247,0,0,0,224,10,6,0,128,80,160,195,246,126,247,74,120,0,1,196,154,208,246,180,178,176,222,44,3,3,131,132,128,4,0,132,157,111,126,126,157,111,126,126,255,255,14,31,7,15,31,31,57,53,126,145,85,70,8,138,5,2,85,85,5,2,85,85,5,0,3,2,1,0,7,6,192,172,150,131,95,83,63,27,0,0,4,0,0,26,21,0,0,0,0,21,73,20,170,255,8,255,225,196,85,0,1,7,18,1,11,0,255,72,14,244,170,242,101,13,247,15,247,12,247,14,247,10,247,0,0,0,224,10,6,0,128,80,160,195,246,126,247,75,120,0,1,108,154,208,246,180,178,176,222,44,3,3,131,132,128,4,0,132,157,111,126,126,157,111,126,126,255,255,10,31,7,15,31,31,57,53,126,145,85,70,8,138,5,2,85,85,5,2,85,85,5,0,3,2,1,0,7,6,196,176,150,135,99,87,67,31,0,0,4,0,0,26,5,0,0,0,0,21,86,20,170,255,8,255,225,196,85,0,1,7,18,1,11,0,255,72,14,244,170,242
2026-08-07_09-50-59,1,233,0,0.0,0,0.0,-1,-1,101,13,247,15,247,12,247,14,247,10,247,0,0,0,224,10,6,0,128,80,160,195,246,126,247,75,120,0,1,108,154,208,246,180,178,176,222,44,3,3,131,132,128,4,0,132,157,111,126,126,157,111,126,126,255,255,10,31,7,15,31,31,57,53,126,145,85,70,8,138,5,2,85,85,5,2,85,85,5,0,3,2,1,0,7,6,196,176,150,135,99,87,67,31,0,0,4,0,0,26,5,0,0,0,0,21,86,20,170,255,8,255,225,196,85,0,1,7,18,1,11,0,255,72,14,244,170,242,105,13,247,15,247,12,247,14,247,10,247,0,0,0,224,10,6,0,128,80,160,195,246,126,247,76,120,0,1,20,154,208,246,180,178,176,222,44,3,3,131,132,128,4,0,132,157,111,126,126,157,111,126,126,255,255,7,31,7,15,31,31,57,53,126,145,85,70,8,138,5,2,85,85,5,2,85,85,5,0,3,2,1,0,7,6,199,179,150,138,102,90,70,34,0,0,4,0,0,26,21,0,0,0,0,21,99,20,170,255,8,255,225,196,85,0,1,7,18,1,11,0,255,72,14,244,170,242
2026-08-07_09-50-59,1,234,0,0.0,0,0.0,-1,-1,105,13,247,15,247,12,247,14,247,10,247,0,0,0,224,10,6,0,128,80,160,195,246,126,247,76,120,0,1,20,154,208,246,180,178,176,222,44,3,3,131,132,128,4,0,132,157,111,126,126,157,111,126,126,255,255,7,31,7,15,31,31,57,53,126,145,85,70,8,138,5,2,85,85,5,2,85,85,5,0,3,2,1,0,7,6,199,179,150,138,102,90,70,34,0,0,4,0,0,26,21,0,0,0,0,21,99,20,170,255,8,255,225,196,85,0,1,7,18,1,11,0,255,72,14,244,170,242,109,13,247,15,247,12,247,14,247,10,247,0,0,0,224,10,5,0,128,80,160,195,246,157,247,77,120,0,1,188,208,246,180,178,176,222,44,202,3,131,132,128,4,0,132,3,111,126,126,157,111,126,126,157,255,3,31,7,15,31,31,7,53,126,145,85,70,8,138,54,2,85,85,5,2,85,85,5,0,3,2,1,0,7,6,5,183,150,142,106,94,74,38,2,0,0,4,0,0,26,5,0,0,0,0,21,105,20,170,255,7,255,195,136,5,0,1,7,18,1,11,0,255,72,14,244,170,242
2026-08-07_09-50-59,1,235,0,0.0,0,0.0,-1,-1,109,13,247,15,247,12,247,14,247,10,247,0,0,0,224,10,5,0,128,80,160,195,246,157,247,77,120,0,1,188,208,246,180,178,176,222,44,202,3,131,132,128,4,0,132,3,111,126,126,157,111,126,126,157,255,3,31,7,15,31,31,7,53,126,145,85,70,8,138,54,2,85,85,5,2,85,85,5,0,3,2,1,0,7,6,5,183,150,142,106,94,74,38,2,0,0,4,0,0,26,5,0,0,0,0,21,105,20,170,255,7,255,195,136,5,0,1,7,18,1,11,0,255,72,14,244,170,242,113,13,247,15,247,12,247,14,247,10,247,0,0,0,224,10,5,0,128,80,160,195,246,157,247,78,120,0,1,100,208,246,180,178,176,222,44,202,3,131,132,128,4,0,132,3,111,126,126,157,111,126,126,157,255,0,31,7,15,31,31,7,53,126,145,85,70,8,138,54,2,85,85,5,2,85,85,5,0,3,2,1,0,7,6,5,186,150,145,109,97,77,41,5,0,0,4,0,0,26,21,0,0,0,0,21,118,20,170,255,8,255,195,136,5,0,1,7,18,1,11,0,255,72,14,244,170,242
2026-08-07_09-50-59,1,236,0,0.0,0,0.0,-1,-1,113,13,247,15,247,12,247,14,247,10,247,0,0,0,224,10,5,0,128,80,160,195,246,157,247,78,120,0,1,100,208,246,180,178,176,222,44,202,3,131,132,128,4,0,132,3,111,126,126,157,111,126,126,157,255,0,31,7,15,31,31,7,53,126,145,85,70,8,138,54,2,85,85,5,2,85,85,5,0,3,2,1,0,7,6,5,186,150,145,109,97,77,41,5,0,0,4,0,0,26,21,0,0,0,0,21,118,20,170,255,8,255,195,136,5,0,1,7,18,1,11,0,255,72,14,244,170,242,117,13,247,15,247,12,247,14,247,10,247,0,0,0,224,10,5,0,128,80,160,195,246,157,247,79,120,0,1,12,208,246,180,178,176,222,44,202,3,131,132,128,4,0,132,3,111,126,126,157,111,126,126,157,255,255,31,7,15,31,31,7,53,126,145,85,70,8,138,54,2,85,85,5,2,85,85,5,0,3,2,1,0,7,6,5,190,154,149,113,101,81,45,9,0,0,4,0,0,26,5,0,0,0,0,21,131,20,170,255,8,255,195,136,5,0,1,7,18,1,11,0,255,72,14,244,170,242
2026-08-07_09-50-59,1,237,0,0.0,0,0.0,-1,-1,117,13,247,15,247,12,247,14,247,10,247,0,0,0,224,10,5,0,128,80,160,195,246,157,247,79,120,0,1,12,208,246,180,178,176,222,44,202,3,131,132,128,4,0,132,3,111,126,126,157,111,126,126,157,255,255,31,7,15,31,31,7,53,126,145,85,70,8,138,54,2,85,85,5,2,85,85,5,0,3,2,1,0,7,6,5,190,154,149,113,101,81,45,9,0,0,4,0,0,26,5,0,0,0,0,21,131,20,170,255,8,255,195,136,5,0,1,7,18,1,11,0,255,72,14,244,170,242,121,13,247,15,247,12,247,14,247,10,247,0,0,0,224,10,5,0,128,80,160,195,246,157,247,80,120,0,1,180,208,246,180,178,176,222,44,202,3,131,132,128,4,0,132,3,111,126,126,157,111,126,126,157,255,255,29,7,15,31,31,7,53,126,145,85,70,8,138,54,2,85,85,5,2,85,85,5,0,3,2,1,0,7,6,5,193,157,150,116,104,84,48,12,0,0,4,0,0,26,21,0,0,0,0,21,137,20,170,255,8,255,195,136,5,0,1,7,18,1,11,0,255,72,14,244,170,242
2026-08-07_09-50-59,1,238,0,0.0,0,0.0,-1,-1,121,13,247,15,247,12,247,14,247,10,247,0,0,0,224,10,5,0,128,80,160,195,246,157,247,80,120,0,1,180,208,246,180,178,176,222,44,202,3,131,132,128,4,0,132,3,111,126,126,157,111,126,126,157,255,255,29,7,15,31,31,7,53,126,145,85,70,8,138,54,2,85,85,5,2,85,85,5,0,3,2,1,0,7,6,5,193,157,150,116,104,84,48,12,0,0,4,0,0,26,21,0,0,0,0,21,137,20,170,255,8,255,195,136,5,0,1,7,18,1,11,0,255,72,14,244,170,242,125,13,247,15,247,12,247,14,247,10,247,0,0,0,224,10,4,0,128,80,160,195,246,111,247,81,120,0,1,92,246,180,178,176,222,44,202,176,131,132,128,4,0,132,3,3,126,126,157,111,126,126,157,111,255,25,7,15,31,31,7,15,126,145,85,70,8,138,54,55,85,85,5,2,85,85,5,2,3,2,1,0,7,6,5,0,161,150,120,108,88,52,16,4,0,0,4,0,0,26,5,0,0,0,0,21,150,20,170,255,8,255,135,17,2,0,1,7,18,1,11,0,255,72,14,244,170,242
2026-08-07_09-50-59,1,239,0,0.0,0,0.0,-1,-1,125,13,247,15,247,12,247,14,247,10,247,0,0,0,224,10,4,0,128,80,160,195,246,111,247,81,120,0,1,92,246,180,178,176,222,44,202,176,131,132,128,4,0,132,3,3,126,126,157,111,126,126,157,111,255,25,7,15,31,31,7,15,126,145,85,70,8,138,54,55,85,85,5,2,85,85,5,2,3,2,1,0,7,6,5,0,161,150,120,108,88,52,16,4,0,0,4,0,0,26,5,0,0,0,0,21,150,20,170,255,8,255,135,17,2,0,1,7,18,1,11,0,255,72,14,244,170,242,129,13,247,15,247,12,247,14,247,10,247,0,0,0,224,10,4,0,128,80,160,195,246,111,247,82,120,0,1,4,246,180,178,176,222,44,202,176,131,132,128,4,0,132,3,3,126,126,157,111,126,126,157,111,255,22,7,15,31,31,7,15,126,145,85,70,8,138,54,55,85,85,5,2,85,85,5,2,3,2,1,0,7,6,5,0,164,150,123,111,91,55,19,7,0,0,4,0,0,26,21,0,0,0,0,22,3,20,170,255,8,255,135,17,2,0,1,7,18,1,11,0,255,72,14,244,170,242
2026-08-07_09-50-59,1,240,0,0.0,0,0.0,-1,-1,129,13,247,15,247,12,247,14,247,10,247,0,0,0,224,10,4,0,128,80,160,195,246,111,247,82,120,0,1,4,246,180,178,176,222,44,202,176,131,132,128,4,0,132,3,3,126,126,157,111,126,126,157,111,255,22,7,15,31,31,7,15,126,145,85,70,8,138,54,55,85,85,5,2,85,85,5,2,3,2,1,0,7,6,5,0,164,150,123,111,91,55,19,7,0,0,4,0,0,26,21,0,0,0,0,22,3,20,170,255,8,255,135,17,2,0,1,7,18,1,11,0,255,72,14,244,170,242,133,13,247,15,247,12,247,14,247,10,247,0,0,0,224,10,4,0,128,80,160,195,246,111,247,83,120,0,1,172,246,180,178,176,222,44,202,176,131,132,128,4,0,132,3,3,126,126,157,111,126,126,157,111,255,18,7,15,31,31,7,15,126,145,85,70,8,138,54,55,85,85,5,2,85,85,5,2,3,2,1,0,7,6,5,0,168,150,127,115,95,59,23,11,0,0,4,0,0,26,5,0,0,0,0,22,9,20,170,255,8,255,135,17,2,0,1,7,18,1,11,0,255,72,14,244,170,242
2026-08-07_09-50-59,1,241,0,0.0,0,0.0,-1,-1,133,13,247,15,247,12,247,14,247,10,247,0,0,0,224,10,4,0,128,80,160,195,246,111,247,83,120,0,1,172,246,180,178,176,222,44,202,176,131,132,128,4,0,132,3,3,126,126,157,111,126,126,157,111,255,18,7,15,31,31,7,15,126,145,85,70,8,138,54,55,85,85,5,2,85,85,5,2,3,2,1,0,7,6,5,0,168,150,127,115,95,59,23,11,0,0,4,0,0,26,5,0,0,0,0,22,9,20,170,255,8,255,135,17,2,0,1,7,18,1,11,0,255,72,14,244,170,242,137,13,247,15,247,12,247,14,247,10,247,0,0,0,224,10,4,0,128,80,160,195,246,111,247,84,120,0,1,84,246,4,178,176,222,44,202,176,131,132,128,4,0,132,3,3,126,126,157,111,126,126,157,111,255,15,7,15,31,31,7,15,126,140,85,70,8,138,54,55,85,85,5,2,85,85,5,2,3,2,1,0,7,6,5,0,171,150,130,118,98,62,26,14,0,0,4,0,0,26,21,0,0,0,0,22,22,20,170,255,8,255,135,17,2,0,1,0,18,1,11,0,0,72,14,244,170,242
2026-08-07_09-50-59,1,242,0,0.0,0,0.0,-1,-1,137,13,247,15,247,12,247,14,247,10,247,0,0,0,224,10,4,0,128,80,160,195,246,111,247,84,120,0,1,84,246,4,178,176,222,44,202,176,131,132,128,4,0,132,3,3,126,126,157,111,126,126,157,111,255,15,7,15,31,31,7,15,126,140,85,70,8,138,54,55,85,85,5,2,85,85,5,2,3,2,1,0,7,6,5,0,171,150,130,118,98,62,26,14,0,0,4,0,0,26,21,0,0,0,0,22,22,20,170,255,8,255,135,17,2,0,1,0,18,1,11,0,0,72,14,244,170,242,141,13,247,15,247,12,247,14,247,10,247,0,0,0,224,10,4,0,128,80,160,195,246,111,247,85,120,0,1,252,246,4,178,176,222,44,202,176,131,132,128,4,0,132,3,3,126,126,157,111,126,126,157,111,255,11,7,15,31,31,7,15,126,140,85,70,8,138,54,55,85,85,5,2,85,85,5,2,3,2,1,0,7,6,5,0,175,150,134,122,102,66,30,18,0,0,4,0,0,26,5,0,0,0,0,22,34,20,170,255,8,255,135,17,2,0,1,0,18,1,11,0,0,72,14,244,170,242
2026-08-07_09-50-59,1,243,0,0.0,0,0.0,-1,-1,141,13,247,15,247,12,247,14,247,10,247,0,0,0,224,10,4,0,128,80,160,195,246,111,247,85,120,0,1,252,246,4,178,176,222,44,202,176,131,132,128,4,0,132,3,3,126,126,157,111,126,126,157,111,255,11,7,15,31,31,7,15,126,140,85,70,8,138,54,55,85,85,5,2,85,85,5,2,3,2,1,0,7,6,5,0,175,150,134,122,102,66,30,18,0,0,4,0,0,26,5,0,0,0,0,22,34,20,170,255,8,255,135,17,2,0,1,0,18,1,11,0,0,72,14,244,170,242,145,13,247,15,247,12,247,14,247,10,247,0,0,0,224,10,3,0,128,80,160,195,246,126,247,86,120,0,1,164,4,178,176,222,44,202,176,38,132,128,4,0,132,3,3,133,126,157,111,126,126,157,111,126,8,7,15,31,31,7,15,31,140,85,70,8,138,54,55,153,85,5,2,85,85,5,2,85,2,1,0,7,6,5,0,3,150,137,125,105,69,33,21,1,0,0,4,0,0,26,21,0,0,0,0,22,41,20,170,255,7,255,14,34,85,0,1,135,18,1,11,0,255,72,14,244,170,242
2026-08-07_09-50-59,1,244,2,0.0,0,0.0,-1,-1,145,13,247,15,247,12,247,14,247,10,247,0,0,0,224,10,3,0,128,80,160,195,246,126,247,86,120,0,1,164,4,178,176,222,44,202,176,38,132,128,4,0,132,3,3,133,126,157,111,126,126,157,111,126,8,7,15,31,31,7,15,31,140,85,70,8,138,54,55,153,85,5,2,85,85,5,2,85,2,1,0,7,6,5,0,3,150,137,125,105,69,33,21,1,0,0,4,0,0,26,21,0,0,0,0,22,41,20,170,255,7,255,14,34,85,0,1,135,18,1,11,0,255,72,14,244,170,242,149,13,247,15,247,12,247,14,247,10,247,0,0,0,224,9,3,0,128,80,164,234,246,126,247,87,120,0,1,76,4,178,176,222,44,202,176,38,132,128,4,0,132,3,3,133,126,157,111,126,126,157,111,126,4,7,15,31,31,7,15,31,140,85,70,8,138,54,55,153,85,5,2,85,85,5,2,85,2,1,0,7,6,5,0,3,150,141,129,109,73,37,25,5,0,0,4,0,4,26,5,5,0,0,0,22,54,20,170,255,8,255,14,34,85,0,1,135,18,1,11,0,255,72,14,244,170,242
2026-08-07_09-50-59,1,245,2,0.0,0,0.0,-1,-1,149,13,247,15,247,12,247,14,247,10,247,0,0,0,224,9,3,0,128,80,164,234,246,126,247,87,120,0,1,76,4,178,176,222,44,202,176,38,132,128,4,0,132,3,3,133,126,157,111,126,126,157,111,126,4,7,15,31,31,7,15,31,140,85,70,8,138,54,55,153,85,5,2,85,85,5,2,85,2,1,0,7,6,5,0,3,150,141,129,109,73,37,25,5,0,0,4,0,4,26,5,5,0,0,0,22,54,20,170,255,8,255,14,34,85,0,1,135,18,1,11,0,255,72,14,244,170,242,153,13,247,15,247,12,247,14,247,10,247,0,0,0,224,9,3,0,128,80,168,234,246,126,247,88,120,0,1,244,4,178,176,222,44,202,176,38,132,128,4,0,132,3,3,133,126,157,111,126,126,157,111,126,1,7,15,31,31,7,15,31,140,85,70,8,138,54,55,153,85,5,2,85,85,5,2,85,2,1,0,7,6,5,0,3,150,144,132,112,76,40,28,8,0,0,4,0,0,26,21,1,0,0,0,22,66,20,170,255,8,255,14,34,85,0,1,135,18,1,11,0,255,72,14,244,170,242
2026-08-07_09-50-59,1,246,0,0.0,0,0.0,-1,-1,153,13,247,15,247,12,247,14,247,10,247,0,0,0,224,9,3,0,128,80,168,234,246,126,247,88,120,0,1,244,4,178,176,222,44,202,176,38,132,128,4,0,132,3,3,133,126,157,111,126,126,157,111,126,1,7,15,31,31,7,15,31,140,85,70,8,138,54,55,153,85,5,2,85,85,5,2,85,2,1,0,7,6,5,0,3,150,144,132,112,76,40,28,8,0,0,4,0,0,26,21,1,0,0,0,22,66,20,170,255,8,255,14,34,85,0,1,135,18,1,11,0,255,72,14,244,170,242,157,13,247,15,247,12,247,14,247,10,247,0,0,0,224,8,3,0,128,76,172,234,246,126,247,88,120,0,1,156,4,178,176,222,44,202,176,38,132,128,4,0,132,3,3,133,126,157,111,126,126,157,111,126,255,7,15,31,31,7,15,31,140,85,70,8,138,54,55,153,85,5,2,85,85,5,2,85,2,1,0,7,6,5,0,3,153,148,136,116,80,44,32,12,0,0,4,0,0,26,5,0,0,0,0,22,73,20,170,255,8,255,14,34,85,0,1,7,18,1,11,0,255,72,14,244,170,242
2026-08-07_09-50-59,1,247,0,0.0,0,0.0,-1,-1,157,13,247,15,247,12,247,14,247,10,247,0,0,0,224,8,3,0,128,76,172,234,246,126,247,88,120,0,1,156,4,178,176,222,44,202,176,38,132,128,4,0,132,3,3,133,126,157,111,126,126,157,111,126,255,7,15,31,31,7,15,31,140,85,70,8,138,54,55,153,85,5,2,85,85,5,2,85,2,1,0,7,6,5,0,3,153,148,136,116,80,44,32,12,0,0,4,0,0,26,5,0,0,0,0,22,73,20,170,255,8,255,14,34,85,0,1,7,18,1,11,0,255,72,14,244,170,242,161,13,247,15,247,12,247,14,247,10,247,0,0,0,224,8,3,0,128,72,176,234,246,126,247,88,120,0,1,68,4,178,176,222,44,202,176,38,132,128,4,0,132,3,3,133,126,157,111,126,126,157,111,126,255,6,15,31,31,7,15,31,140,85,70,8,138,54,55,153,85,5,2,85,85,5,2,85,2,1,0,7,6,5,0,3,156,150,139,119,83,47,35,15,0,0,4,0,0,26,25,0,0,0,0,22,86,20,170,255,8,255,14,34,85,0,1,7,18,1,11,0,255,72,14,244,170,242
2026-08-07_09-50-59,1,248,0,0.0,0,0.0,-1,-1,161,13,247,15,247,12,247,14,247,10,247,0,0,0,224,8,3,0,128,72,176,234,246,126,247,88,120,0,1,68,4,178,176,222,44,202,176,38,132,128,4,0,132,3,3,133,126,157,111,126,126,157,111,126,255,6,15,31,31,7,15,31,140,85,70,8,138,54,55,153,85,5,2,85,85,5,2,85,2,1,0,7,6,5,0,3,156,150,139,119,83,47,35,15,0,0,4,0,0,26,25,0,0,0,0,22,86,20,170,255,8,255,14,34,85,0,1,7,18,1,11,0,255,72,14,244,170,242,165,13,247,15,247,12,247,14,247,10,247,0,0,0,224,8,3,0,117,68,180,234,246,126,247,88,120,0,1,236,4,178,176,222,44,202,176,38,132,128,4,0,132,3,3,133,126,157,111,126,126,157,111,126,255,2,15,31,31,7,15,31,140,85,70,8,138,54,55,153,85,5,2,85,85,5,2,85,2,1,0,7,6,5,0,3,160,150,143,123,87,51,39,19,0,0,4,224,0,26,25,0,0,0,0,22,98,19,170,255,8,255,14,34,85,0,1,7,18,1,11,0,255,72,14,244,170,242
2026-08-07_09-50-59,1,249,0,0.0,0,0.0,-1,-1,165,13,247,15,247,12,247,14,247,10,247,0,0,0,224,8,3,0,117,68,180,234,246,126,247,88,120,0,1,236,4,178,176,222,44,202,176,38,132,128,4,0,132,3,3,133,126,157,111,126,126,157,111,126,255,2,15,31,31,7,15,31,140,85,70,8,138,54,55,153,85,5,2,85,85,5,2,85,2,1,0,7,6,5,0,3,160,150,143,123,87,51,39,19,0,0,4,224,0,26,25,0,0,0,0,22,98,19,170,255,8,255,14,34,85,0,1,7,18,1,11,0,255,72,14,244,170,242,169,13,247,15,247,12,247,14,247,10,247,0,0,0,224,8,3,0,121,64,184,234,246,126,247,88,120,0,1,148,4,178,176,222,44,202,176,38,132,128,4,0,132,3,3,133,126,157,111,126,126,157,111,126,255,255,15,31,31,7,15,31,140,85,70,8,138,54,55,153,85,5,2,85,85,5,2,85,2,1,0,7,6,5,0,3,164,152,147,127,91,55,43,23,0,0,4,232,0,26,25,0,0,0,0,22,105,19,170,255,8,255,14,34,85,0,1,7,18,1,11,0,255,72,14,244,170,242
2026-08-07_09-50-59,1,250,0,0.0,0,0.0,-1,-1,169,13,247,15,247,12,247,14,247,10,247,0,0,0,224,8,3,0,121,64,184,234,246,126,247,88,120,0,1,148,4,178,176,222,44,202,176,38,132,128,4,0,132,3,3,133,126,157,111,126,126,157,111,126,255,255,15,31,31,7,15,31,140,85,70,8,138,54,55,153,85,5,2,85,85,5,2,85,2,1,0,7,6,5,0,3,164,152,147,127,91,55,43,23,0,0,4,232,0,26,25,0,0,0,0,22,105,19,170,255,8,255,14,34,85,0,1,7,18,1,11,0,255,72,14,244,170,242,173,13,247,15,247,12,247,14,247,10,247,0,0,0,224,8,3,0,125,64,188,234,246,126,247,88,120,0,1,60,4,178,176,222,44,202,176,38,132,128,4,0,132,3,3,133,126,157,111,126,126,157,111,126,255,255,14,31,31,7,15,31,140,85,70,8,138,54,55,153,85,5,2,85,85,5,2,85,2,1,0,7,6,5,0,3,168,156,150,131,95,59,47,27,0,0,4,240,0,26,25,0,0,0,0,22,118,19,170,255,8,255,14,34,85,0,1,7,18,1,11,0,255,72,14,244,170,242
2026-08-07_09-50-59,1,251,0,0.0,0,0.0,-1,-1,173,13,247,15,247,12,247,14,247,10,247,0,0,0,224,8,3,0,125,64,188,234,246,126,247,88,120,0,1,60,4,178,176,222,44,202,176,38,132,128,4,0,132,3,3,133,126,157,111,126,126,157,111,126,255,255,14,31,31,7,15,31,140,85,70,8,138,54,55,153,85,5,2,85,85,5,2,85,2,1,0,7,6,5,0,3,168,156,150,131,95,59,47,27,0,0,4,240,0,26,25,0,0,0,0,22,118,19,170,255,8,255,14,34,85,0,1,7,18,1,11,0,255,72,14,244,170,242,177,13,247,15,247,12,247,14,247,10,247,0,0,0,224,8,3,0,128,64,192,234,246,126,247,88,120,0,1,228,4,178,176,222,44,202,176,38,132,128,4,0,132,3,3,133,126,157,111,126,126,157,111,126,255,255,10,31,31,7,15,31,140,85,70,8,138,54,55,153,85,5,2,85,85,5,2,85,2,1,0,7,6,5,0,3,172,160,150,135,99,63,51,31,0,0,4,248,0,26,29,0,0,0,0,22,130,19,170,255,8,255,14,34,85,0,1,7,18,1,11,0,255,72,14,244,170,242
2026-08-07_09-50-59,1,252,0,0.0,0,0.0,-1,-1,177,13,247,15,247,12,247,14,247,10,247,0,0,0,224,8,3,0,128,64,192,234,246,126,247,88,120,0,1,228,4,178,176,222,44,202,176,38,132,128,4,0,132,3,3,133,126,157,111,126,126,157,111,126,255,255,10,31,31,7,15,31,140,85,70,8,138,54,55,153,85,5,2,85,85,5,2,85,2,1,0,7,6,5,0,3,172,160,150,135,99,63,51,31,0,0,4,248,0,26,29,0,0,0,0,22,130,19,170,255,8,255,14,34,85,0,1,7,18,1,11,0,255,72,14,244,170,242,181,13,247,15,247,12,247,14,247,10,247,0,0,0,224,8,3,0,128,64,192,234,246,126,247,88,120,0,1,140,4,178,176,222,44,202,176,38,132,128,4,0,132,3,3,133,126,157,111,126,126,157,111,126,255,255,5,31,31,7,15,31,140,85,70,8,138,54,55,153,85,5,2,85,85,5,2,85,2,1,0,7,6,5,0,3,177,165,150,140,104,68,56,36,0,0,4,11,0,26,13,0,0,0,0,22,137,19,170,255,8,255,14,34,85,0,1,7,18,1,11,0,255,72,14,244,170,242
2026-08-07_09-50-59,1,253,0,0.0,0,0.0,-1,-1,181,13,247,15,247,12,247,14,247,10,247,0,0,0,224,8,3,0,128,64,192,234,246,126,247,88,120,0,1,140,4,178,176,222,44,202,176,38,132,128,4,0,132,3,3,133,126,157,111,126,126,157,111,126,255,255,5,31,31,7,15,31,140,85,70,8,138,54,55,153,85,5,2,85,85,5,2,85,2,1,0,7,6,5,0,3,177,165,150,140,104,68,56,36,0,0,4,11,0,26,13,0,0,0,0,22,137,19,170,255,8,255,14,34,85,0,1,7,18,1,11,0,255,72,14,244,170,242,185,13,247,15,247,12,247,14,247,10,247,0,0,0,224,8,2,0,128,64,192,234,246,126,247,88,120,0,1,52,178,176,222,44,202,176,38,36,128,4,0,132,3,3,133,131,157,111,126,126,157,111,126,126,255,1,31,31,7,15,31,31,85,70,8,138,54,55,153,123,5,2,85,85,5,2,85,85,1,0,7,6,5,0,3,2,169,150,144,108,72,60,40,4,0,0,4,7,0,26,29,0,0,0,0,22,150,19,170,255,8,255,28,68,85,0,1,7,18,1,11,0,255,72,14,244,170,242
2026-08-07_09-50-59,1,254,0,0.0,0,0.0,-1,-1,185,13,247,15,247,12,247,14,247,10,247,0,0,0,224,8,2,0,128,64,192,234,246,126,247,88,120,0,1,52,178,176,222,44,202,176,38,36,128,4,0,132,3,3,133,131,157,111,126,126,157,111,126,126,255,1,31,31,7,15,31,31,85,70,8,138,54,55,153,123,5,2,85,85,5,2,85,85,1,0,7,6,5,0,3,2,169,150,144,108,72,60,40,4,0,0,4,7,0,26,29,0,0,0,0,22,150,19,170,255,8,255,28,68,85,0,1,7,18,1,11,0,255,72,14,244,170,242,189,13,247,15,247,12,247,14,247,10,247,0,0,0,224,8,2,0,128,64,192,234,246,126,247,88,120,0,1,220,178,176,222,44,202,176,38,36,128,4,0,132,3,3,133,131,157,111,126,126,157,111,126,126,255,255,31,31,7,15,31,31,85,70,8,138,54,55,153,123,5,2,85,85,5,2,85,85,1,0,7,6,5,0,3,2,174,154,149,113,77,65,45,9,0,0,4,3,0,26,13,0,0,0,0,23,2,19,170,255,8,255,28,68,85,0,1,7,18,1,11,0,255,72,14,244,170,242
2026-08-07_09-50-59,1,255,0,0.0,0,0.0,-1,-1,189,13,247,15,247,12,247,14,247,10,247,0,0,0,224,8,2,0,128,64,192,234,246,126,247,88,120,0,1,220,178,176,222,44,202,176,38,36,128,4,0,132,3,3,133,131,157,111,126,126,157,111,126,126,255,255,31,31,7,15,31,31,85,70,8,138,54,55,153,123,5,2,85,85,5,2,85,85,1,0,7,6,5,0,3,2,174,154,149,113,77,65,45,9,0,0,4,3,0,26,13,0,0,0,0,23,2,19,170,255,8,255,28,68,85,0,1,7,18,1,11,0,255,72,14,244,170,242,193,13,247,15,247,12,247,14,247,10,247,0,0,0,224,8,2,0,128,64,192,234,246,126,247,88,120,0,1,132,178,176,222,44,202,176,38,36,128,4,0,132,3,3,133,131,157,111,126,126,157,111,126,126,255,255,28,31,7,15,31,31,85,70,8,138,54,55,153,123,5,2,85,85,5,2,85,85,1,0,7,6,5,0,3,2,178,158,150,117,81,69,49,13,0,0,4,0,0,26,29,0,0,0,0,23,9,19,170,255,8,255,28,68,85,0,1,7,18,1,11,0,255,72,14,244,170,242
2026-08-07_09-50-59,1,256,2,0.0,0,0.0,-1,-1,193,13,247,15,247,12,247,14,247,10,247,0,0,0,224,8,2,0,128,64,192,234,246,126,247,88,120,0,1,132,178,176,222,44,202,176,38,36,128,4,0,132,3,3,133,131,157,111,126,126,157,111,126,126,255,255,28,31,7,15,31,31,85,70,8,138,54,55,153,123,5,2,85,85,5,2,85,85,1,0,7,6,5,0,3,2,178,158,150,117,81,69,49,13,0,0,4,0,0,26,29,0,0,0,0,23,9,19,170,255,8,255,28,68,85,0,1,7,18,1,11,0,255,72,14,244,170,242,197,13,247,15,247,12,247,14,247,10,247,0,0,0,224,7,2,0,128,64,192,234,246,126,247,88,120,0,1,44,178,176,222,44,202,176,38,36,128,4,0,132,3,3,133,131,157,111,126,126,157,111,126,126,255,255,23,31,7,15,31,31,85,70,8,138,54,55,153,123,5,2,85,85,5,2,85,85,1,0,7,6,5,0,3,2,183,163,150,122,86,74,54,18,0,0,4,0,5,26,13,6,0,0,0,23,22,19,170,255,8,255,28,68,85,0,1,7,18,1,11,0,255,72,14,244,170,242
2026-08-07_09-50-59,1,257,2,0.0,0,0.0,-1,-1,197,13,247,15,247,12,247,14,247,10,247,0,0,0,224,7,2,0,128,64,192,234,246,126,247,88,120,0,1,44,178,176,222,44,202,176,38,36,128,4,0,132,3,3,133,131,157,111,126,126,157,111,126,126,255,255,23,31,7,15,31,31,85,70,8,138,54,55,153,123,5,2,85,85,5,2,85,85,1,0,7,6,5,0,3,2,183,163,150,122,86,74,54,18,0,0,4,0,5,26,13,6,0,0,0,23,22,19,170,255,8,255,28,68,85,0,1,7,18,1,11,0,255,72,14,244,170,242,201,13,247,15,247,12,247,14,247,10,247,0,0,0,224,7,2,0,128,64,192,234,246,126,247,88,120,0,1,212,178,176,222,44,202,176,38,36,128,4,0,132,3,3,133,131,157,111,126,126,157,111,126,126,255,255,19,31,7,15,31,31,85,70,8,138,54,55,153,123,5,2,85,85,5,2,85,85,1,0,7,6,5,0,3,2,187,167,150,126,90,78,58,22,0,0,4,0,1,26,29,2,0,0,0,23,34,19,170,255,8,255,28,68,85,0,1,7,18,1,11,0,255,72,14,244,170,242
2026-08-07_09-50-59,1,258,0,0.0,0,0.0,-1,-1,201,13,247,15,247,12,247,14,247,10,247,0,0,0,224,7,2,0,128,64,192,234,246,126,247,88,120,0,1,212,178,176,222,44,202,176,38,36,128,4,0,132,3,3,133,131,157,111,126,126,157,111,126,126,255,255,19,31,7,15,31,31,85,70,8,138,54,55,153,123,5,2,85,85,5,2,85,85,1,0,7,6,5,0,3,2,187,167,150,126,90,78,58,22,0,0,4,0,1,26,29,2,0,0,0,23,34,19,170,255,8,255,28,68,85,0,1,7,18,1,11,0,255,72,14,244,170,242,205,13,247,15,247,12,247,14,247,10,247,0,0,0,224,7,2,0,128,64,192,234,246,126,247,88,120,0,1,124,178,176,46,44,202,176,38,36,128,4,0,132,3,3,133,131,157,111,126,126,157,111,126,126,255,255,14,31,7,15,31,31,85,70,3,138,54,55,153,123,5,2,85,85,5,2,85,85,1,0,7,6,5,0,3,2,192,172,150,131,95,83,63,27,0,0,4,0,0,26,13,0,0,0,0,23,41,19,170,255,8,255,28,68,85,0,1,7,18,1,11,0,255,72,14,244,170,242
2026-08-07_09-50-59,1,259,0,0.0,0,0.0,-1,-1,205,13,247,15,247,12,247,14,247,10,247,0,0,0,224,7,2,0,128,64,192,234,246,126,247,88,120,0,1,124,178,176,46,44,202,176,38,36,128,4,0,132,3,3,133,131,157,111,126,126,157,111,126,126,255,255,14,31,7,15,31,31,85,70,3,138,54,55,153,123,5,2,85,85,5,2,85,85,1,0,7,6,5,0,3,2,192,172,150,131,95,83,63,27,0,0,4,0,0,26,13,0,0,0,0,23,41,19,170,255,8,255,28,68,85,0,1,7,18,1,11,0,255,72,14,244,170,242,209,13,247,15,247,12,247,14,247,10,247,0,0,0,224,7,2,0,128,64,192,234,246,126,247,88,120,0,1,36,178,176,46,44,202,176,38,36,128,4,0,132,3,3,133,131,157,111,126,126,157,111,126,126,255,255,10,31,7,15,31,31,85,70,3,138,54,55,153,123,5,2,85,85,5,2,85,85,1,0,7,6,5,0,3,2,196,176,150,135,99,87,67,31,0,0,4,0,0,26,29,0,0,0,0,23,54,19,170,255,8,255,28,68,85,0,1,7,18,1,11,0,255,72,14,244,170,242
2026-08-07_09-50-59,1,260,0,0.0,0,0.0,-1,-1,209,13,247,15,247,12,247,14,247,10,247,0,0,0,224,7,2,0,128,64,192,234,246,126,247,88,120,0,1,36,178,176,46,44,202,176,38,36,128,4,0,132,3,3,133,131,157,111,126,126,157,111,126,126,255,255,10,31,7,15,31,31,85,70,3,138,54,55,153,123,5,2,85,85,5,2,85,85,1,0,7,6,5,0,3,2,196,176,150,135,99,87,67,31,0,0,4,0,0,26,29,0,0,0,0,23,54,19,170,255,8,255,28,68,85,0,1,7,18,1,11,0,255,72,14,244,170,242,213,13,247,15,247,12,247,14,247,10,247,0,0,0,224,7,2,0,128,64,192,234,246,126,247,88,120,0,1,204,178,176,46,44,202,176,38,36,128,4,0,132,3,3,133,131,157,111,126,126,157,111,126,126,255,255,5,31,7,15,31,31,85,70,3,138,54,55,153,123,5,2,85,85,5,2,85,85,1,0,7,6,5,0,3,2,201,181,150,140,104,92,72,36,0,0,4,0,0,26,13,0,0,0,0,23,66,19,170,255,8,255,28,68,85,0,1,7,18,1,11,0,255,72,14,244,170,242
2026-08-07_09-50-59,1,261,0,0.0,0,0.0,-1,-1,213,13,247,15,247,12,247,14,247,10,247,0,0,0,224,7,2,0,128,64,192,234,246,126,247,88,120,0,1,204,178,176,46,44,202,176,38,36,128,4,0,132,3,3,133,131,157,111,126,126,157,111,126,126,255,255,5,31,7,15,31,31,85,70,3,138,54,55,153,123,5,2,85,85,5,2,85,85,1,0,7,6,5,0,3,2,201,181,150,140,104,92,72,36,0,0,4,0,0,26,13,0,0,0,0,23,66,19,170,255,8,255,28,68,85,0,1,7,18,1,11,0,255,72,14,244,170,242,217,13,247,15,247,12,247,14,247,10,247,0,0,0,224,7,1,0,128,64,192,234,246,157,247,88,120,0,1,116,176,46,44,202,176,38,36,194,4,0,132,3,3,133,131,2,111,126,126,157,111,126,126,157,255,1,31,7,15,31,31,7,70,3,138,54,55,153,123,39,2,85,85,5,2,85,85,5,0,7,6,5,0,3,2,1,185,150,144,108,96,76,40,4,0,0,4,0,0,26,29,0,0,0,0,23,73,19,170,255,8,255,56,136,5,0,1,7,18,1,11,0,255,72,14,244,170,242
2026-08-07_09-50-59,1,262,0,0.0,0,0.0,-1,-1,217,13,247,15,247,12,247,14,247,10,247,0,0,0,224,7,1,0,128,64,192,234,246,157,247,88,120,0,1,116,176,46,44,202,176,38,36,194,4,0,132,3,3,133,131,2,111,126,126,157,111,126,126,157,255,1,31,7,15,31,31,7,70,3,138,54,55,153,123,39,2,85,85,5,2,85,85,5,0,7,6,5,0,3,2,1,185,150,144,108,96,76,40,4,0,0,4,0,0,26,29,0,0,0,0,23,73,19,170,255,8,255,56,136,5,0,1,7,18,1,11,0,255,72,14,244,170,242,221,13,247,15,247,12,247,14,247,10,247,0,0,0,224,7,1,0,128,64,192,234,246,157,247,88,120,0,1,28,176,46,44,202,176,38,36,194,4,0,132,3,3,133,131,2,111,126,126,157,111,126,126,157,255,255,31,7,15,31,31,7,70,3,138,54,55,153,123,39,2,85,85,5,2,85,85,5,0,7,6,5,0,3,2,1,190,154,149,113,101,81,45,9,0,0,4,0,0,26,13,0,0,0,0,23,86,19,170,255,8,255,56,136,5,0,1,7,18,1,11,0,255,72,14,244,170,242
2026-08-07_09-50-59,1,263,0,0.0,0,0.0,-1,-1,221,13,247,15,247,12,247,14,247,10,247,0,0,0,224,7,1,0,128,64,192,234,246,157,247,88,120,0,1,28,176,46,44,202,176,38,36,194,4,0,132,3,3,133,131,2,111,126,126,157,111,126,126,157,255,255,31,7,15,31,31,7,70,3,138,54,55,153,123,39,2,85,85,5,2,85,85,5,0,7,6,5,0,3,2,1,190,154,149,113,101,81,45,9,0,0,4,0,0,26,13,0,0,0,0,23,86,19,170,255,8,255,56,136,5,0,1,7,18,1,11,0,255,72,14,244,170,242,225,13,247,15,247,12,247,14,247,10,247,0,0,0,224,7,0,0,128,64,192,234,246,111,247,88,120,0,1,196,46,44,202,176,38,36,194,176,0,132,3,3,133,131,2,2,126,126,157,111,126,126,157,111,255,28,7,15,31,31,7,15,3,138,54,55,153,123,39,40,85,85,5,2,85,85,5,2,7,6,5,0,3,2,1,0,158,150,117,105,85,49,13,1,0,0,4,0,0,26,29,0,0,0,0,23,98,19,170,255,7,255,113,17,2,0,1,7,18,1,11,0,255,72,14,244,170,242
2026-08-07_09-50-59,1,264,0,0.0,0,0.0,-1,-1,225,13,247,15,247,12,247,14,247,10,247,0,0,0,224,7,0,0,128,64,192,234,246,111,247,88,120,0,1,196,46,44,202,176,38,36,194,176,0,132,3,3,133,131,2,2,126,126,157,111,126,126,157,111,255,28,7,15,31,31,7,15,3,138,54,55,153,123,39,40,85,85,5,2,85,85,5,2,7,6,5,0,3,2,1,0,158,150,117,105,85,49,13,1,0,0,4,0,0,26,29,0,0,0,0,23,98,19,170,255,7,255,113,17,2,0,1,7,18,1,11,0,255,72,14,244,170,242,229,13,247,15,247,12,247,14,247,10,247,0,0,0,224,7,0,0,128,64,192,234,246,111,247,88,120,0,1,108,46,44,202,176,38,36,194,176,0,132,3,3,133,131,2,2,126,126,157,111,126,126,157,111,255,23,7,15,31,31,7,15,3,138,54,55,153,123,39,40,85,85,5,2,85,85,5,2,7,6,5,0,3,2,1,0,163,150,122,110,90,54,18,6,0,0,4,0,0,26,13,0,0,0,0,23,105,19,170,255,8,255,113,17,2,0,1,7,18,1,11,0,255,72,14,244,170,242
2026-08-07_09-50-59,1,265,0,0.0,0,0.0,-1,-1,229,13,247,15,247,12,247,14,247,10,247,0,0,0,224,7,0,0,128,64,192,234,246,111,247,88,120,0,1,108,46,44,202,176,38,36,194,176,0,132,3,3,133,131,2,2,126,126,157,111,126,126,157,111,255,23,7,15,31,31,7,15,3,138,54,55,153,123,39,40,85,85,5,2,85,85,5,2,7,6,5,0,3,2,1,0,163,150,122,110,90,54,18,6,0,0,4,0,0,26,13,0,0,0,0,23,105,19,170,255,8,255,113,17,2,0,1,7,18,1,11,0,255,72,14,244,170,242,233,13,247,15,247,12,247,14,247,10,247,0,0,0,224,7,0,0,128,64,192,234,246,111,247,88,120,0,1,20,46,44,202,176,38,36,194,176,0,132,3,3,133,131,2,2,126,126,157,111,126,126,157,111,255,19,7,15,31,31,7,15,3,138,54,55,153,123,39,40,85,85,5,2,85,85,5,2,7,6,5,0,3,2,1,0,167,150,126,114,94,58,22,10,0,0,4,0,0,26,29,0,0,0,0,23,118,19,170,255,8,255,113,17,2,0,1,7,18,1,11,0,255,72,14,244,170,242
2026-08-07_09-50-59,1,266,0,0.0,0,0.0,-1,-1,233,13,247,15,247,12,247,14,247,10,247,0,0,0,224,7,0,0,128,64,192,234,246,111,247,88,120,0,1,20,46,44,202,176,38,36,194,176,0,132,3,3,133,131,2,2,126,126,157,111,126,126,157,111,255,19,7,15,31,31,7,15,3,138,54,55,153,123,39,40,85,85,5,2,85,85,5,2,7,6,5,0,3,2,1,0,167,150,126,114,94,58,22,10,0,0,4,0,0,26,29,0,0,0,0,23,118,19,170,255,8,255,113,17,2,0,1,7,18,1,11,0,255,72,14,244,170,242,237,13,247,15,247,12,247,14,247,10,247,0,0,0,224,7,0,0,128,64,192,234,246,111,247,88,120,0,1,188,46,124,202,176,38,36,194,176,0,132,3,3,133,131,2,2,126,126,157,111,126,126,157,111,255,14,7,15,31,31,7,15,3,133,54,55,153,123,39,40,85,85,5,2,85,85,5,2,7,6,5,0,3,2,1,0,172,150,131,119,99,63,27,15,0,0,4,0,0,26,13,0,0,0,0,23,130,19,170,255,8,255,113,17,2,0,1,7,18,1,11,0,255,72,14,244,170,242
2026-08-07_09-50-59,1,267,0,0.0,0,0.0,-1,-1,237,13,247,15,247,12,247,14,247,10,247,0,0,0,224,7,0,0,128,64,192,234,246,111,247,88,120,0,1,188,46,124,202,176,38,36,194,176,0,132,3,3,133,131,2,2,126,126,157,111,126,126,157,111,255,14,7,15,31,31,7,15,3,133,54,55,153,123,39,40,85,85,5,2,85,85,5,2,7,6,5,0,3,2,1,0,172,150,131,119,99,63,27,15,0,0,4,0,0,26,13,0,0,0,0,23,130,19,170,255,8,255,113,17,2,0,1,7,18,1,11,0,255,72,14,244,170,242,241,13,247,15,247,12,247,14,247,10,247,0,0,0,224,7,0,0,128,64,192,234,246,111,247,88,120,0,1,100,46,124,202,176,38,36,194,176,0,132,3,3,133,131,2,2,126,126,157,111,126,126,157,111,255,10,7,15,31,31,7,15,3,133,54,55,153,123,39,40,85,85,5,2,85,85,5,2,7,6,5,0,3,2,1,0,176,150,135,123,103,67,31,19,0,0,4,0,0,26,29,0,0,0,0,23,137,19,170,255,8,255,113,17,2,0,1,7,18,1,11,0,255,72,14,244,170,242
2026-08-07_09-50-59,1,268,0,0.0,0,0.0,-1,-1,241,13,247,15,247,12,247,14,247,10,247,0,0,0,224,7,0,0,128,64,192,234,246,111,247,88,120,0,1,100,46,124,202,176,38,36,194,176,0,132,3,3,133,131,2,2,126,126,157,111,126,126,157,111,255,10,7,15,31,31,7,15,3,133,54,55,153,123,39,40,85,85,5,2,85,85,5,2,7,6,5,0,3,2,1,0,176,150,135,123,103,67,31,19,0,0,4,0,0,26,29,0,0,0,0,23,137,19,170,255,8,255,113,17,2,0,1,7,18,1,11,0,255,72,14,244,170,242,245,13,247,15,247,12,247,14,247,10,247,0,0,0,224,7,7,0,128,64,192,234,246,126,247,88,120,1,0,12,124,202,176,38,36,194,176,46,132,3,3,133,131,2,2,132,126,157,111,126,126,157,111,126,5,7,15,31,31,7,15,31,133,54,55,153,123,39,40,138,85,5,2,85,85,5,2,85,6,5,0,3,2,1,0,7,150,140,128,108,72,36,24,4,1,0,4,0,0,26,13,0,0,0,0,23,150,19,170,255,8,255,226,34,85,0,1,135,18,1,11,0,255,72,14,244,170,242
2026-08-07_09-50-59,1,269,0,0.0,0,0.0,-1,-1,245,13,247,15,247,12,247,14,247,10,247,0,0,0,224,7,7,0,128,64,192,234,246,126,247,88,120,1,0,12,124,202,176,38,36,194,176,46,132,3,3,133,131,2,2,132,126,157,111,126,126,157,111,126,5,7,15,31,31,7,15,31,133,54,55,153,123,39,40,138,85,5,2,85,85,5,2,85,6,5,0,3,2,1,0,7,150,140,128,108,72,36,24,4,1,0,4,0,0,26,13,0,0,0,0,23,150,19,170,255,8,255,226,34,85,0,1,135,18,1,11,0,255,72,14,244,170,242,249,13,247,15,247,12,247,14,247,10,247,0,0,0,224,7,7,0,128,64,192,234,246,126,247,88,120,1,0,180,124,202,176,38,36,194,176,46,132,3,3,133,131,2,2,132,126,157,111,126,126,157,111,126,1,7,15,31,31,7,15,31,133,54,55,153,123,39,40,138,85,5,2,85,85,5,2,85,6,5,0,3,2,1,0,7,150,144,132,112,76,40,28,8,1,0,4,0,0,26,29,0,0,0,0,24,2,19,170,255,8,255,226,34,85,0,1,135,18,1,11,0,255,72,14,244,170,242
2026-08-07_09-50-59,1,270,0,0.0,0,0.0,-1,-1,249,13,247,15,247,12,247,14,247,10,247,0,0,0,224,7,7,0,128,64,192,234,246,126,247,88,120,1,0,180,124,202,176,38,36,194,176,46,132,3,3,133,131,2,2,132,126,157,111,126,126,157,111,126,1,7,15,31,31,7,15,31,133,54,55,153,123,39,40,138,85,5,2,85,85,5,2,85,6,5,0,3,2,1,0,7,150,144,132,112,76,40,28,8,1,0,4,0,0,26,29,0,0,0,0,24,2,19,170,255,8,255,226,34,85,0,1,135,18,1,11,0,255,72,14,244,170,242,253,13,247,15,247,12,247,14,247,10,247,0,0,0,224,7,7,0,128,64,192,234,246,126,247,88,120,1,0,92,124,202,176,38,36,194,176,46,132,3,3,133,131,2,2,132,126,157,111,126,126,157,111,126,255,7,15,31,31,7,15,31,133,54,55,153,123,39,40,138,85,5,2,85,85,5,2,85,6,5,0,3,2,1,0,7,154,149,137,117,81,45,33,13,1,0,4,0,0,26,13,0,0,0,0,24,9,19,170,255,8,255,226,34,85,0,1,135,18,1,11,0,255,72,14,244,170,242
2026-08-07_09-50-59,1,271,0,0.0,0,0.0,-1,-1,253,13,247,15,247,12,247,14,247,10,247,0,0,0,224,7,7,0,128,64,192,234,246,126,247,88,120,1,0,92,124,202,176,38,36,194,176,46,132,3,3,133,131,2,2,132,126,157,111,126,126,157,111,126,255,7,15,31,31,7,15,31,133,54,55,153,123,39,40,138,85,5,2,85,85,5,2,85,6,5,0,3,2,1,0,7,154,149,137,117,81,45,33,13,1,0,4,0,0,26,13,0,0,0,0,24,9,19,170,255,8,255,226,34,85,0,1,135,18,1,11,0,255,72,14,244,170,242,1,13,247,15,247,12,247,14,247,10,247,0,0,0,224,7,7,0,128,64,192,234,246,126,247,88,120,1,0,4,124,202,176,38,36,194,176,46,132,3,3,133,131,2,2,132,126,157,111,126,126,157,111,126,255,4,15,31,31,7,15,31,133,54,55,153,123,39,40,138,85,5,2,85,85,5,2,85,6,5,0,3,2,1,0,7,158,150,141,121,85,49,37,17,1,0,4,0,0,26,29,0,0,0,0,24,22,19,170,255,8,255,226,34,85,0,1,135,18,1,11,0,255,72,14,244,170,242
2026-08-07_09-50-59,1,272,0,0.0,0,0.0,-1,-1,1,13,247,15,247,12,247,14,247,10,247,0,0,0,224,7,7,0,128,64,192,234,246,126,247,88,120,1,0,4,124,202,176,38,36,194,176,46,132,3,3,133,131,2,2,132,126,157,111,126,126,157,111,126,255,4,15,31,31,7,15,31,133,54,55,153,123,39,40,138,85,5,2,85,85,5,2,85,6,5,0,3,2,1,0,7,158,150,141,121,85,49,37,17,1,0,4,0,0,26,29,0,0,0,0,24,22,19,170,255,8,255,226,34,85,0,1,135,18,1,11,0,255,72,14,244,170,242,5,13,247,15,247,12,247,14,247,10,247,0,0,0,0,71,7,0,116,64,192,160,246,126,247,88,120,0,1,172,124,202,176,38,36,194,176,46,132,3,3,133,131,2,2,132,126,157,111,126,126,157,111,126,255,1,15,31,31,7,15,31,133,54,55,153,123,39,40,138,85,5,2,85,85,5,2,85,6,5,0,3,2,1,0,7,160,149,143,123,87,51,39,19,1,0,4,228,68,26,1,69,0,0,0,24,34,18,170,255,8,255,226,34,85,0,0,135,18,1,11,0,255,72,14,244,170,242
2026-08-07_09-50-59,1,273,0,0.0,0,0.0,-1,-1,5,13,247,15,247,12,247,14,247,10,247,0,0,0,0,71,7,0,116,64,192,160,246,126,247,88,120,0,1,172,124,202,176,38,36,194,176,46,132,3,3,133,131,2,2,132,126,157,111,126,126,157,111,126,255,1,15,31,31,7,15,31,133,54,55,153,123,39,40,138,85,5,2,85,85,5,2,85,6,5,0,3,2,1,0,7,160,149,143,123,87,51,39,19,1,0,4,228,68,26,1,69,0,0,0,24,34,18,170,255,8,255,226,34,85,0,0,135,18,1,11,0,255,72,14,244,170,242,9,13,247,15,247,12,247,14,247,10,247,0,0,0,0,71,7,0,116,64,192,160,246,126,247,88,120,0,1,84,124,202,176,38,36,194,176,46,132,3,3,133,131,2,2,132,126,157,111,126,126,157,111,126,255,1,15,31,31,7,15,31,133,54,55,153,123,39,40,138,85,5,2,85,85,5,2,85,6,5,0,3,2,1,0,7,160,149,143,123,87,51,39,19,1,0,4,236,64,26,1,65,0,0,0,24,41,18,170,255,8,255,226,34,85,0,0,135,18,1,11,0,255,72,14,244,170,242
2026-08-07_09-50-59,1,274,0,0.0,0,0.0,-1,-1,9,13,247,15,247,12,247,14,247,10,247,0,0,0,0,71,7,0,116,64,192,160,246,126,247,88,120,0,1,84,124,202,176,38,36,194,176,46,132,3,3,133,131,2,2,132,126,157,111,126,126,157,111,126,255,1,15,31,31,7,15,31,133,54,55,153,123,39,40,138,85,5,2,85,85,5,2,85,6,5,0,3,2,1,0,7,160,149,143,123,87,51,39,19,1,0,4,236,64,26,1,65,0,0,0,24,41,18,170,255,8,255,226,34,85,0,0,135,18,1,11,0,255,72,14,244,170,242,13,13,247,15,247,12,247,14,247,10,247,0,0,0,0,71,7,0,116,64,192,160,246,126,247,88,120,0,1,252,124,202,176,38,36,194,176,46,132,3,3,133,131,2,2,132,126,157,111,126,126,157,111,126,255,1,15,31,31,7,15,31,133,54,55,153,123,39,40,138,85,5,2,85,85,5,2,85,6,5,0,3,2,1,0,7,160,149,143,123,87,51,39,19,1,0,4,244,60,26,1,61,0,0,0,24,53,18,170,255,8,255,226,34,85,0,0,135,18,1,11,0,255,72,14,244,170,242
2026-08-07_09-50-59,1,275,0,0.0,0,0.0,-1,-1,13,13,247,15,247,12,247,14,247,10,247,0,0,0,0,71,7,0,116,64,192,160,246,126,247,88,120,0,1,252,124,202,176,38,36,194,176,46,132,3,3,133,131,2,2,132,126,157,111,126,126,157,111,126,255,1,15,31,31,7,15,31,133,54,55,153,123,39,40,138,85,5,2,85,85,5,2,85,6,5,0,3,2,1,0,7,160,149,143,123,87,51,39,19,1,0,4,244,60,26,1,61,0,0,0,24,53,18,170,255,8,255,226,34,85,0,0,135,18,1,11,0,255,72,14,244,170,242,17,13,247,15,247,12,247,14,247,10,247,0,0,0,0,71,7,0,116,64,192,160,246,126,247,88,120,0,1,164,124,202,176,38,36,194,176,46,132,3,3,133,131,2,2,132,126,157,111,126,126,157,111,126,255,1,15,31,31,7,15,31,133,54,55,153,123,39,40,138,85,5,2,85,85,5,2,85,6,5,0,3,2,1,0,7,160,149,143,123,87,51,39,19,1,0,4,252,56,26,1,57,0,0,0,24,66,18,170,255,8,255,226,34,85,0,0,135,18,1,11,0,255,72,14,244,170,242
2026-08-07_09-50-59,1,276,0,0.0,0,0.0,-1,-1,17,13,247,15,247,12,247,14,247,10,247,0,0,0,0,71,7,0,116,64,192,160,246,126,247,88,120,0,1,164,124,202,176,38,36,194,176,46,132,3,3,133,131,2,2,132,126,157,111,126,126,157,111,126,255,1,15,31,31,7,15,31,133,54,55,153,123,39,40,138,85,5,2,85,85,5,2,85,6,5,0,3,2,1,0,7,160,149,143,123,87,51,39,19,1,0,4,252,56,26,1,57,0,0,0,24,66,18,170,255,8,255,226,34,85,0,0,135,18,1,11,0,255,72,14,244,170,242,21,13,247,15,247,12,247,14,247,10,247,0,0,0,0,71,7,0,116,64,192,160,246,126,247,88,120,0,1,76,124,202,176,38,36,194,176,46,132,3,3,133,131,2,2,132,126,157,111,126,126,157,111,126,255,1,15,31,31,7,15,31,133,54,55,153,123,39,40,138,85,5,2,85,85,5,2,85,6,5,0,3,2,1,0,7,160,149,143,123,87,51,39,19,1,0,4,9,52,26,1,53,0,0,0,24,73,18,170,255,8,255,226,34,85,0,0,135,18,1,11,0,255,72,14,244,170,242
2026-08-07_09-50-59,1,277,0,0.0,0,0.0,-1,-1,21,13,247,15,247,12,247,14,247,10,247,0,0,0,0,71,7,0,116,64,192,160,246,126,247,88,120,0,1,76,124,202,176,38,36,194,176,46,132,3,3,133,131,2,2,132,126,157,111,126,126,157,111,126,255,1,15,31,31,7,15,31,133,54,55,153,123,39,40,138,85,5,2,85,85,5,2,85,6,5,0,3,2,1,0,7,160,149,143,123,87,51,39,19,1,0,4,9,52,26,1,53,0,0,0,24,73,18,170,255,8,255,226,34,85,0,0,135,18,1,11,0,255,72,14,244,170,242,25,13,247,15,247,12,247,14,247,10,247,0,0,0,0,71,7,0,116,64,192,160,246,126,247,88,120,0,1,244,124,202,176,38,36,194,176,46,132,3,3,133,131,2,2,132,126,157,111,126,126,157,111,126,255,1,15,31,31,7,15,31,133,54,55,153,123,39,40,138,85,5,2,85,85,5,2,85,6,5,0,3,2,1,0,7,160,149,143,123,87,51,39,19,1,0,4,5,48,26,1,49,0,0,0,24,85,18,170,255,8,255,226,34,85,0,0,135,18,1,11,0,255,72,14,244,170,242
2026-08-07_09-50-59,1,278,2,0.0,0,0.0,-1,-1,25,13,247,15,247,12,247,14,247,10,247,0,0,0,0,71,7,0,116,64,192,160,246,126,247,88,120,0,1,244,124,202,176,38,36,194,176,46,132,3,3,133,131,2,2,132,126,157,111,126,126,157,111,126,255,1,15,31,31,7,15,31,133,54,55,153,123,39,40,138,85,5,2,85,85,5,2,85,6,5,0,3,2,1,0,7,160,149,143,123,87,51,39,19,1,0,4,5,48,26,1,49,0,0,0,24,85,18,170,255,8,255,226,34,85,0,0,135,18,1,11,0,255,72,14,244,170,242,29,13,247,15,247,12,247,14,247,10,247,0,0,0,0,71,7,0,116,64,192,160,246,126,247,88,120,0,1,156,124,202,176,38,36,194,176,46,132,3,3,133,131,2,2,132,126,157,111,126,126,157,111,126,255,1,15,31,31,7,15,31,133,54,55,153,123,39,40,138,85,5,2,85,85,5,2,85,6,5,0,3,2,1,0,7,160,149,143,123,87,51,39,19,1,0,4,1,44,26,1,45,0,0,0,24,98,18,170,255,8,255,226,34,85,0,0,135,18,1,11,0,255,72,14,244,170,242
2026-08-07_09-50-59,1,279,2,0.0,0,0.0,-1,-1,29,13,247,15,247,12,247,14,247,10,247,0,0,0,0,71,7,0,116,64,192,160,246,126,247,88,120,0,1,156,124,202,176,38,36,194,176,46,132,3,3,133,131,2,2,132,126,157,111,126,126,157,111,126,255,1,15,31,31,7,15,31,133,54,55,153,123,39,40,138,85,5,2,85,85,5,2,85,6,5,0,3,2,1,0,7,160,149,143,123,87,51,39,19,1,0,4,1,44,26,1,45,0,0,0,24,98,18,170,255,8,255,226,34,85,0,0,135,18,1,11,0,255,72,14,244,170,242,33,13,247,15,247,12,247,14,247,10,247,0,0,0,0,71,7,0,116,64,192,160,246,126,247,88,120,0,1,68,124,202,176,38,36,194,176,46,132,3,3,133,131,2,2,132,126,157,111,126,126,157,111,126,255,1,15,31,31,7,15,31,133,54,55,153,123,39,40,138,85,5,2,85,85,5,2,85,6,5,0,3,2,1,0,7,160,149,143,123,87,51,39,19,1,0,4,0,40,26,1,41,0,0,0,24,105,18,170,255,8,255,226,34,85,0,0,135,18,1,11,0,255,72,14,244,170,242
2026-08-07_09-50-59,1,280,2,0.0,0,0.0,-1,-1,33,13,247,15,247,12,247,14,247,10,247,0,0,0,0,71,7,0,116,64,192,160,246,126,247,88,120,0,1,68,124,202,176,38,36,194,176,46,132,3,3,133,131,2,2,132,126,157,111,126,126,157,111,126,255,1,15,31,31,7,15,31,133,54,55,153,123,39,40,138,85,5,2,85,85,5,2,85,6,5,0,3,2,1,0,7,160,149,143,123,87,51,39,19,1,0,4,0,40,26,1,41,0,0,0,24,105,18,170,255,8,255,226,34,85,0,0,135,18,1,11,0,255,72,14,244,170,242,37,13,247,15,247,12,247,14,247,10,247,0,0,0,0,71,7,0,116,64,192,160,246,126,247,88,120,0,1,236,124,202,176,38,36,194,176,46,132,3,3,133,131,2,2,132,126,157,111,126,126,157,111,126,255,1,15,31,31,7,15,31,133,54,55,153,123,39,40,138,85,5,2,85,85,5,2,85,6,5,0,3,2,1,0,7,160,149,143,123,87,51,39,19,1,0,4,0,36,26,1,37,0,0,0,24,117,18,170,255,8,255,226,34,85,0,0,135,18,1,11,0,255,72,14,244,170,242
2026-08-07_09-50-59,1,281,0,0.0,0,0.0,-1,-1,37,13,247,15,247,12,247,14,247,10,247,0,0,0,0,71,7,0,116,64,192,160,246,126,247,88,120,0,1,236,124,202,176,38,36,194,176,46,132,3,3,133,131,2,2,132,126,157,111,126,126,157,111,126,255,1,15,31,31,7,15,31,133,54,55,153,123,39,40,138,85,5,2,85,85,5,2,85,6,5,0,3,2,1,0,7,160,149,143,123,87,51,39,19,1,0,4,0,36,26,1,37,0,0,0,24,117,18,170,255,8,255,226,34,85,0,0,135,18,1,11,0,255,72,14,244,170,242,41,13,247,15,247,12,247,14,247,10,247,0,0,0,0,71,7,0,116,64,192,160,246,126,247,88,120,0,1,148,124,202,176,38,36,194,176,46,132,3,3,133,131,2,2,132,126,157,111,126,126,157,111,126,255,1,15,31,31,7,15,31,133,54,55,153,123,39,40,138,85,5,2,85,85,5,2,85,6,5,0,3,2,1,0,7,160,149,143,123,87,51,39,19,1,0,4,0,32,26,1,33,0,0,0,24,130,18,170,255,8,255,226,34,85,0,0,135,18,1,11,0,255,72,14,244,170,242
2026-08-07_09-50-59,1,282,0,0.0,0,0.0,-1,-1,41,13,247,15,247,12,247,14,247,10,247,0,0,0,0,71,7,0,116,64,192,160,246,126,247,88,120,0,1,148,124,202,176,38,36,194,176,46,132,3,3,133,131,2,2,132,126,157,111,126,126,157,111,126,255,1,15,31,31,7,15,31,133,54,55,153,123,39,40,138,85,5,2,85,85,5,2,85,6,5,0,3,2,1,0,7,160,149,143,123,87,51,39,19,1,0,4,0,32,26,1,33,0,0,0,24,130,18,170,255,8,255,226,34,85,0,0,135,18,1,11,0,255,72,14,244,170,242,45,13,247,15,247,12,247,14,247,10,247,0,0,0,0,71,7,0,116,64,192,160,246,126,247,88,120,0,1,60,124,202,176,38,36,194,176,46,132,3,3,133,131,2,2,132,126,157,111,126,126,157,111,126,255,1,15,31,31,7,15,31,133,54,55,153,123,39,40,138,85,5,2,85,85,5,2,85,6,5,0,3,2,1,0,7,160,149,143,123,87,51,39,19,1,0,4,0,28,26,1,29,0,0,0,24,137,18,170,255,8,255,226,34,85,0,0,135,18,1,11,0,255,72,14,244,170,242
2026-08-07_09-50-59,1,283,0,0.0,0,0.0,-1,-1,45,13,247,15,247,12,247,14,247,10,247,0,0,0,0,71,7,0,116,64,192,160,246,126,247,88,120,0,1,60,124,202,176,38,36,194,176,46,132,3,3,133,131,2,2,132,126,157,111,126,126,157,111,126,255,1,15,31,31,7,15,31,133,54,55,153,123,39,40,138,85,5,2,85,85,5,2,85,6,5,0,3,2,1,0,7,160,149,143,123,87,51,39,19,1,0,4,0,28,26,1,29,0,0,0,24,137,18,170,255,8,255,226,34,85,0,0,135,18,1,11,0,255,72,14,244,170,242,49,13,247,15,247,12,247,14,247,10,247,0,0,0,0,71,7,0,116,64,192,160,246,126,247,88,120,0,1,228,124,202,176,38,36,194,176,46,132,3,3,133,131,2,2,132,126,157,111,126,126,157,111,126,255,1,15,31,31,7,15,31,133,54,55,153,123,39,40,138,85,5,2,85,85,5,2,85,6,5,0,3,2,1,0,7,160,149,143,123,87,51,39,19,1,0,4,0,24,26,1,25,0,0,0,24,149,18,170,255,8,255,226,34,85,0,0,135,18,1,11,0,255,72,14,244,170,242
2026-08-07_09-50-59,1,284,0,0.0,0,0.0,-1,-1,49,13,247,15,247,12,247,14,247,10,247,0,0,0,0,71,7,0,116,64,192,160,246,126,247,88,120,0,1,228,124,202,176,38,36,194,176,46,132,3,3,133,131,2,2,132,126,157,111,126,126,157,111,126,255,1,15,31,31,7,15,31,133,54,55,153,123,39,40,138,85,5,2,85,85,5,2,85,6,5,0,3,2,1,0,7,160,149,143,123,87,51,39,19,1,0,4,0,24,26,1,25,0,0,0,24,149,18,170,255,8,255,226,34,85,0,0,135,18,1,11,0,255,72,14,244,170,242,53,13,247,15,247,12,247,14,247,10,247,0,0,0,0,71,7,0,116,64,192,160,246,126,247,88,120,0,1,140,124,202,176,38,36,194,176,46,132,3,3,133,131,2,2,132,126,157,111,126,126,157,111,126,255,1,15,31,31,7,15,31,133,54,55,153,123,39,40,138,85,5,2,85,85,5,2,85,6,5,0,3,2,1,0,7,160,149,143,123,87,51,39,19,1,0,4,0,20,26,1,21,0,0,0,25,2,18,170,255,8,255,226,34,85,0,0,135,18,1,11,0,255,72,14,244,170,242
2026-08-07_09-50-59,1,285,0,0.0,0,0.0,-1,-1,53,13,247,15,247,12,247,14,247,10,247,0,0,0,0,71,7,0,116,64,192,160,246,126,247,88,120,0,1,140,124,202,176,38,36,194,176,46,132,3,3,133,131,2,2,132,126,157,111,126,126,157,111,126,255,1,15,31,31,7,15,31,133,54,55,153,123,39,40,138,85,5,2,85,85,5,2,85,6,5,0,3,2,1,0,7,160,149,143,123,87,51,39,19,1,0,4,0,20,26,1,21,0,0,0,25,2,18,170,255,8,255,226,34,85,0,0,135,18,1,11,0,255,72,14,244,170,242,57,13,247,15,247,12,247,14,247,10,247,0,0,0,0,71,7,0,116,64,192,160,246,126,247,88,120,0,1,52,124,202,176,38,36,194,176,46,132,3,3,133,131,2,2,132,126,157,111,126,126,157,111,126,255,1,15,31,31,7,15,31,133,54,55,153,123,39,40,138,85,5,2,85,85,5,2,85,6,5,0,3,2,1,0,7,160,149,143,123,87,51,39,19,1,0,4,0,16,26,1,17,0,0,0,25,9,18,170,255,8,255,226,34,85,0,0,135,18,1,11,0,255,72,14,244,170,242
2026-08-07_09-50-59,1,286,0,0.0,0,0.0,-1,-1,57,13,247,15,247,12,247,14,247,10,247,0,0,0,0,71,7,0,116,64,192,160,246,126,247,88,120,0,1,52,124,202,176,38,36,194,176,46,132,3,3,133,131,2,2,132,126,157,111,126,126,157,111,126,255,1,15,31,31,7,15,31,133,54,55,153,123,39,40,138,85,5,2,85,85,5,2,85,6,5,0,3,2,1,0,7,160,149,143,123,87,51,39,19,1,0,4,0,16,26,1,17,0,0,0,25,9,18,170,255,8,255,226,34,85,0,0,135,18,1,11,0,255,72,14,244,170,242,61,13,247,15,247,12,247,14,247,10,247,0,0,0,0,71,7,0,116,64,192,160,246,126,247,88,120,0,1,220,124,202,176,38,36,194,176,46,132,3,3,133,131,2,2,132,126,157,111,126,126,157,111,126,255,1,15,31,31,7,15,31,133,54,55,153,123,39,40,138,85,5,2,85,85,5,2,85,6,5,0,3,2,1,0,7,160,149,143,123,87,51,39,19,1,0,4,0,12,26,1,13,0,0,0,25,21,18,170,255,8,255,226,34,85,0,0,135,18,1,11,0,255,72,14,244,170,242
2026-08-07_09-50-59,1,287,0,0.0,0,0.0,-1,-1,61,13,247,15,247,12,247,14,247,10,247,0,0,0,0,71,7,0,116,64,192,160,246,126,247,88,120,0,1,220,124,202,176,38,36,194,176,46,132,3,3,133,131,2,2,132,126,157,111,126,126,157,111,126,255,1,15,31,31,7,15,31,133,54,55,153,123,39,40,138,85,5,2,85,85,5,2,85,6,5,0,3,2,1,0,7,160,149,143,123,87,51,39,19,1,0,4,0,12,26,1,13,0,0,0,25,21,18,170,255,8,255,226,34,85,0,0,135,18,1,11,0,255,72,14,244,170,242,65,13,247,15,247,12,247,14,247,10,247,0,0,0,0,71,7,0,116,64,192,160,246,126,247,88,120,0,1,132,124,202,176,38,36,194,176,46,132,3,3,133,131,2,2,132,126,157,111,126,126,157,111,126,255,1,15,31,31,7,15,31,133,54,55,153,123,39,40,138,85,5,2,85,85,5,2,85,6,5,0,3,2,1,0,7,160,149,143,123,87,51,39,19,1,0,4,0,8,26,1,9,0,0,0,25,34,18,170,255,8,255,226,34,85,0,0,135,18,1,11,0,255,72,14,244,170,242
2026-08-07_09-50-59,1,288,0,0.0,0,0.0,-1,-1,65,13,247,15,247,12,247,14,247,10,247,0,0,0,0,71,7,0,116,64,192,160,246,126,247,88,120,0,1,132,124,202,176,38,36,194,176,46,132,3,3,133,131,2,2,132,126,157,111,126,126,157,111,126,255,1,15,31,31,7,15,31,133,54,55,153,123,39,40,138,85,5,2,85,85,5,2,85,6,5,0,3,2,1,0,7,160,149,143,123,87,51,39,19,1,0,4,0,8,26,1,9,0,0,0,25,34,18,170,255,8,255,226,34,85,0,0,135,18,1,11,0,255,72,14,244,170,242,69,13,247,15,247,12,247,14,247,10,247,0,0,0,0,71,7,0,116,64,192,160,246,126,247,88,120,0,1,44,124,202,176,38,36,194,176,46,132,3,3,133,131,2,2,132,126,157,111,126,126,157,111,126,255,1,15,31,31,7,15,31,133,54,55,153,123,39,40,138,85,5,2,85,85,5,2,85,6,5,0,3,2,1,0,7,160,149,143,123,87,51,39,19,1,0,4,0,4,26,1,5,0,0,0,25,41,18,170,255,8,255,226,34,85,0,0,135,18,1,11,0,255,72,14,244,170,242
2026-08-07_09-50-59,1,289,0,0.0,0,0.0,-1,-1,69,13,247,15,247,12,247,14,247,10,247,0,0,0,0,71,7,0,116,64,192,160,246,126,247,88,120,0,1,44,124,202,176,38,36,194,176,46,132,3,3,133,131,2,2,132,126,157,111,126,126,157,111,126,255,1,15,31,31,7,15,31,133,54,55,153,123,39,40,138,85,5,2,85,85,5,2,85,6,5,0,3,2,1,0,7,160,149,143,123,87,51,39,19,1,0,4,0,4,26,1,5,0,0,0,25,41,18,170,255,8,255,226,34,85,0,0,135,18,1,11,0,255,72,14,244,170,242,73,13,247,15,247,12,247,14,247,10,247,0,0,0,0,71,7,0,116,64,192,160,246,126,247,88,120,0,1,212,124,202,176,38,36,194,176,46,132,3,3,133,131,2,2,132,126,157,111,126,126,157,111,126,255,1,15,31,31,7,15,31,133,54,55,153,123,39,40,138,85,5,2,85,85,5,2,85,6,5,0,3,2,1,0,7,160,149,143,123,87,51,39,19,1,0,4,0,0,26,1,1,0,0,0,25,53,18,170,255,8,255,226,34,85,0,0,135,18,1,11,0,255,72,14,244,170,242
2026-08-07_09-50-59,1,290,0,0.0,0,0.0,-1,-1,73,13,247,15,247,12,247,14,247,10,247,0,0,0,0,71,7,0,116,64,192,160,246,126,247,88,120,0,1,212,124,202,176,38,36,194,176,46,132,3,3,133,131,2,2,132,126,157,111,126,126,157,111,126,255,1,15,31,31,7,15,31,133,54,55,153,123,39,40,138,85,5,2,85,85,5,2,85,6,5,0,3,2,1,0,7,160,149,143,123,87,51,39,19,1,0,4,0,0,26,1,1,0,0,0,25,53,18,170,255,8,255,226,34,85,0,0,135,18,1,11,0,255,72,14,244,170,242,77,13,247,15,247,12,247,14,247,10,247,0,0,0,4,7,7,0,116,64,192,234,246,126,247,88,120,0,1,124,124,202,176,38,36,194,176,46,132,3,3,133,131,2,2,132,126,157,111,126,126,157,111,126,255,1,15,31,31,7,15,31,133,54,55,153,123,39,40,138,85,5,2,85,85,5,2,85,6,5,0,3,2,1,0,7,160,149,143,123,87,51,39,19,1,0,4,0,0,26,1,0,0,0,0,25,66,18,170,255,8,255,226,34,85,0,0,135,18,1,11,0,255,72,14,244,170,242
2026-08-07_09-50-59,1,291,0,0.0,0,0.0,-1,-1,77,13,247,15,247,12,247,14,247,10,247,0,0,0,4,7,7,0,116,64,192,234,246,126,247,88,120,0,1,124,124,202,176,38,36,194,176,46,132,3,3,133,131,2,2,132,126,157,111,126,126,157,111,126,255,1,15,31,31,7,15,31,133,54,55,153,123,39,40,138,85,5,2,85,85,5,2,85,6,5,0,3,2,1,0,7,160,149,143,123,87,51,39,19,1,0,4,0,0,26,1,0,0,0,0,25,66,18,170,255,8,255,226,34,85,0,0,135,18,1,11,0,255,72,14,244,170,242,81,13,247,15,247,12,247,14,247,10,247,0,0,0,8,7,7,0,116,64,192,234,246,126,247,88,120,0,1,36,124,202,176,38,36,194,176,46,132,3,3,133,131,2,2,132,126,157,111,126,126,157,111,126,255,1,15,31,31,7,15,31,133,54,55,153,123,39,40,138,85,5,2,85,85,5,2,85,6,5,0,3,2,1,0,7,160,149,143,123,87,51,39,19,1,0,4,0,0,26,1,0,0,0,0,25,73,18,170,255,8,255,226,34,85,0,0,135,18,1,11,0,255,72,14,244,170,242
2026-08-07_09-50-59,1,292,0,0.0,0,0.0,-1,-1,81,13,247,15,247,12,247,14,247,10,247,0,0,0,8,7,7,0,116,64,192,234,246,126,247,88,120,0,1,36,124,202,176,38,36,194,176,46,132,3,3,133,131,2,2,132,126,157,111,126,126,157,111,126,255,1,15,31,31,7,15,31,133,54,55,153,123,39,40,138,85,5,2,85,85,5,2,85,6,5,0,3,2,1,0,7,160,149,143,123,87,51,39,19,1,0,4,0,0,26,1,0,0,0,0,25,73,18,170,255,8,255,226,34,85,0,0,135,18,1,11,0,255,72,14,244,170,242,85,13,247,15,247,12,247,14,247,10,247,0,0,0,12,7,7,0,116,64,192,234,246,126,247,88,120,0,1,204,124,202,176,38,36,194,176,46,132,3,3,133,131,2,2,132,126,157,111,126,126,157,111,126,255,1,15,31,31,7,15,31,133,54,55,153,123,39,40,138,85,5,2,85,85,5,2,85,6,5,0,3,2,1,0,7,160,149,143,123,87,51,39,19,1,0,4,0,0,26,1,0,0,0,0,25,85,18,170,255,8,255,226,34,85,0,0,135,18,1,11,0,255,72,14,244,170,242
2026-08-07_09-50-59,1,293,0,0.0,0,0.0,-1,-1,85,13,247,15,247,12,247,14,247,10,247,0,0,0,12,7,7,0,116,64,192,234,246,126,247,88,120,0,1,204,124,202,176,38,36,194,176,46,132,3,3,133,131,2,2,132,126,157,111,126,126,157,111,126,255,1,15,31,31,7,15,31,133,54,55,153,123,39,40,138,85,5,2,85,85,5,2,85,6,5,0,3,2,1,0,7,160,149,143,123,87,51,39,19,1,0,4,0,0,26,1,0,0,0,0,25,85,18,170,255,8,255,226,34,85,0,0,135,18,1,11,0,255,72,14,244,170,242,89,13,247,15,247,12,247,14,247,10,247,0,0,0,16,7,7,0,116,64,192,234,246,126,247,88,120,0,1,116,124,202,176,38,36,194,176,46,132,3,3,133,131,2,2,132,126,157,111,126,126,157,111,126,255,1,15,31,31,7,15,31,133,54,55,153,123,39,40,138,85,5,2,85,85,5,2,85,6,5,0,3,2,1,0,7,160,149,143,123,87,51,39,19,1,0,4,0,0,26,1,0,0,0,0,25,98,18,170,255,8,255,226,34,85,0,0,135,18,1,11,0,255,72,14,244,170,242
2026-08-07_09-50-59,1,294,0,0.0,0,0.0,-1,-1,89,13,247,15,247,12,247,14,247,10,247,0,0,0,16,7,7,0,116,64,192,234,246,126,247,88,120,0,1,116,124,202,176,38,36,194,176,46,132,3,3,133,131,2,2,132,126,157,111,126,126,157,111,126,255,1,15,31,31,7,15,31,133,54,55,153,123,39,40,138,85,5,2,85,85,5,2,85,6,5,0,3,2,1,0,7,160,149,143,123,87,51,39,19,1,0,4,0,0,26,1,0,0,0,0,25,98,18,170,255,8,255,226,34,85,0,0,135,18,1,11,0,255,72,14,244,170,242,93,13,247,15,247,12,247,14,247,10,247,0,0,0,20,7,7,0,116,64,192,234,246,126,247,88,120,0,1,28,124,202,176,38,36,194,176,46,132,3,3,133,131,2,2,132,126,157,111,126,126,157,111,126,255,1,15,31,31,7,15,31,133,54,55,153,123,39,40,138,85,5,2,85,85,5,2,85,6,5,0,3,2,1,0,7,160,149,143,123,87,51,39,19,1,0,4,0,0,26,1,0,0,0,0,25,105,18,170,255,8,255,226,34,85,0,0,135,18,1,11,0,255,72,14,244,170,242
2026-08-07_09-50-59,1,295,0,0.0,0,0.0,-1,-1,93,13,247,15,247,12,247,14,247,10,247,0,0,0,20,7,7,0,116,64,192,234,246,126,247,88,120,0,1,28,124,202,176,38,36,194,176,46,132,3,3,133,131,2,2,132,126,157,111,126,126,157,111,126,255,1,15,31,31,7,15,31,133,54,55,153,123,39,40,138,85,5,2,85,85,5,2,85,6,5,0,3,2,1,0,7,160,149,143,123,87,51,39,19,1,0,4,0,0,26,1,0,0,0,0,25,105,18,170,255,8,255,226,34,85,0,0,135,18,1,11,0,255,72,14,244,170,242,97,13,247,15,247,12,247,14,247,10,247,0,0,0,24,7,7,0,116,64,192,234,246,126,247,88,120,0,1,196,124,202,176,38,36,194,176,46,132,3,3,133,131,2,2,132,126,157,111,126,126,157,111,126,255,1,15,31,31,7,15,31,133,54,55,153,123,39,40,138,85,5,2,85,85,5,2,85,6,5,0,3,2,1,0,7,160,149,143,123,87,51,39,19,1,0,4,0,0,26,1,0,0,0,0,25,117,18,170,255,8,255,226,34,85,0,0,135,18,1,11,0,255,72,14,244,170,242
2026-08-07_09-50-59,1,296,0,0.0,0,0.0,-1,-1,97,13,247,15,247,12,247,14,247,10,247,0,0,0,24,7,7,0,116,64,192,234,246,126,247,88,120,0,1,196,124,202,176,38,36,194,176,46,132,3,3,133,131,2,2,132,126,157,111,126,126,157,111,126,255,1,15,31,31,7,15,31,133,54,55,153,123,39,40,138,85,5,2,85,85,5,2,85,6,5,0,3,2,1,0,7,160,149,143,123,87,51,39,19,1,0,4,0,0,26,1,0,0,0,0,25,117,18,170,255,8,255,226,34,85,0,0,135,18,1,11,0,255,72,14,244,170,242,101,13,247,15,247,12,247,14,247,10,247,0,0,0,28,7,7,0,116,64,192,234,246,126,247,88,120,0,1,108,124,202,176,38,36,194,176,46,132,3,3,133,131,2,2,132,126,157,111,126,126,157,111,126,255,1,15,31,31,7,15,31,133,54,55,153,123,39,40,138,85,5,2,85,85,5,2,85,6,5,0,3,2,1,0,7,160,149,143,123,87,51,39,19,1,0,4,0,0,26,1,0,0,0,0,25,130,18,170,255,8,255,226,34,85,0,0,135,18,1,11,0,255,72,14,244,170,242
2026-08-07_09-50-59,1,297,0,0.0,0,0.0,-1,-1,101,13,247,15,247,12,247,14,247,10,247,0,0,0,28,7,7,0,116,64,192,234,246,126,247,88,120,0,1,108,124,202,176,38,36,194,176,46,132,3,3,133,131,2,2,132,126,157,111,126,126,157,111,126,255,1,15,31,31,7,15,31,133,54,55,153,123,39,40,138,85,5,2,85,85,5,2,85,6,5,0,3,2,1,0,7,160,149,143,123,87,51,39,19,1,0,4,0,0,26,1,0,0,0,0,25,130,18,170,255,8,255,226,34,85,0,0,135,18,1,11,0,255,72,14,244,170,242,105,13,247,15,247,12,247,14,247,10,247,0,0,0,32,7,7,0,116,64,192,234,246,126,247,88,120,0,1,20,124,202,176,38,36,194,176,46,132,3,3,133,131,2,2,132,126,157,111,126,126,157,111,126,255,1,15,31,31,7,15,31,133,54,55,153,123,39,40,138,85,5,2,85,85,5,2,85,6,5,0,3,2,1,0,7,160,149,143,123,87,51,39,19,1,0,4,0,0,26,10,0,0,0,0,25,137,18,170,255,8,255,226,34,85,0,0,135,18,1,11,0,255,72,14,244,170,242
2026-08-07_09-50-59,1,298,0,0.0,0,0.0,-1,-1,105,13,247,15,247,12,247,14,247,10,247,0,0,0,32,7,7,0,116,64,192,234,246,126,247,88,120,0,1,20,124,202,176,38,36,194,176,46,132,3,3,133,131,2,2,132,126,157,111,126,126,157,111,126,255,1,15,31,31,7,15,31,133,54,55,153,123,39,40,138,85,5,2,85,85,5,2,85,6,5,0,3,2,1,0,7,160,149,143,123,87,51,39,19,1,0,4,0,0,26,10,0,0,0,0,25,137,18,170,255,8,255,226,34,85,0,0,135,18,1,11,0,255,72,14,244,170,242,109,13,247,15,247,12,247,14,247,10,247,0,0,0,36,7,7,0,117,64,192,234,246,126,247,88,120,0,1,188,124,202,176,38,36,194,176,46,132,3,3,133,131,2,2,132,126,157,111,126,126,157,111,126,255,0,15,31,31,7,15,31,133,54,55,153,123,39,40,138,85,5,2,85,85,5,2,85,6,5,0,3,2,1,0,7,161,149,144,124,88,52,40,20,1,0,4,0,0,26,14,0,0,0,0,25,149,18,170,255,8,255,226,34,85,0,0,135,18,1,11,0,255,72,14,244,170,242
2026-08-07_09-50-59,1,299,0,0.0,0,0.0,-1,-1,109,13,247,15,247,12,247,14,247,10,247,0,0,0,36,7,7,0,117,64,192,234,246,126,247,88,120,0,1,188,124,202,176,38,36,194,176,46,132,3,3,133,131,2,2,132,126,157,111,126,126,157,111,126,255,0,15,31,31,7,15,31,133,54,55,153,123,39,40,138,85,5,2,85,85,5,2,85,6,5,0,3,2,1,0,7,161,149,144,124,88,52,40,20,1,0,4,0,0,26,14,0,0,0,0,25,149,18,170,255,8,255,226,34,85,0,0,135,18,1,11,0,255,72,14,244,170,242,113,13,247,15,247,12,247,14,247,10,247,0,0,0,40,7,7,0,118,64,192,234,246,126,247,88,120,0,1,100,124,202,176,38,36,194,176,46,132,3,3,133,131,2,2,132,126,157,111,126,126,157,111,126,255,255,15,31,31,7,15,31,133,54,55,153,123,39,40,138,85,5,2,85,85,5,2,85,6,5,0,3,2,1,0,7,162,150,145,125,89,53,41,21,1,0,4,0,0,26,18,0,0,0,0,32,2,18,170,255,8,255,226,34,85,0,0,135,18,1,11,0,255,72,14,244,170,242
2026-08-07_09-50-59,1,300,0,0.0,0,0.0,-1,-1,113,13,247,15,247,12,247,14,247,10,247,0,0,0,40,7,7,0,118,64,192,234,246,126,247,88,120,0,1,100,124,202,176,38,36,194,176,46,132,3,3,133,131,2,2,132,126,157,111,126,126,157,111,126,255,255,15,31,31,7,15,31,133,54,55,153,123,39,40,138,85,5,2,85,85,5,2,85,6,5,0,3,2,1,0,7,162,150,145,125,89,53,41,21,1,0,4,0,0,26,18,0,0,0,0,32,2,18,170,255,8,255,226,34,85,0,0,135,18,1,11,0,255,72,14,244,170,242,117,13,247,15,247,12,247,14,247,10,247,0,0,0,44,7,7,0,119,64,192,234,246,126,247,88,120,0,1,12,124,202,176,38,36,194,176,46,132,3,3,133,131,2,2,132,126,157,111,126,126,157,111,126,255,255,15,31,31,7,15,31,133,54,55,153,123,39,40,138,85,5,2,85,85,5,2,85,6,5,0,3,2,1,0,7,163,151,146,126,90,54,42,22,1,0,4,0,0,26,22,0,0,0,0,32,9,18,170,255,8,255,226,34,85,0,0,135,18,1,11,0,255,72,14,244,170,242
2026-08-07_09-50-59,1,301,0,0.0,0,0.0,-1,-1,117,13,247,15,247,12,247,14,247,10,247,0,0,0,44,7,7,0,119,64,192,234,246,126,247,88,120,0,1,12,124,202,176,38,36,194,176,46,132,3,3,133,131,2,2,132,126,157,111,126,126,157,111,126,255,255,15,31,31,7,15,31,133,54,55,153,123,39,40,138,85,5,2,85,85,5,2,85,6,5,0,3,2,1,0,7,163,151,146,126,90,54,42,22,1,0,4,0,0,26,22,0,0,0,0,32,9,18,170,255,8,255,226,34,85,0,0,135,18,1,11,0,255,72,14,244,170,242,121,13,247,15,247,12,247,14,247,10,247,0,0,0,48,7,7,0,120,64,192,234,246,126,247,88,120,0,1,180,124,202,176,38,36,194,176,46,132,3,3,133,131,2,2,132,126,157,111,126,126,157,111,126,255,255,15,31,31,7,15,31,133,54,55,153,123,39,40,138,85,5,2,85,85,5,2,85,6,5,0,3,2,1,0,7,164,152,147,127,91,55,43,23,1,0,4,0,0,26,26,0,0,0,0,32,21,18,170,255,8,255,226,34,85,0,0,135,18,1,11,0,255,72,14,244,170,242
2026-08-07_09-50-59,1,302,0,0.0,0,0.0,-1,-1,121,13,247,15,247,12,247,14,247,10,247,0,0,0,48,7,7,0,120,64,192,234,246,126,247,88,120,0,1,180,124,202,176,38,36,194,176,46,132,3,3,133,131,2,2,132,126,157,111,126,126,157,111,126,255,255,15,31,31,7,15,31,133,54,55,153,123,39,40,138,85,5,2,85,85,5,2,85,6,5,0,3,2,1,0,7,164,152,147,127,91,55,43,23,1,0,4,0,0,26,26,0,0,0,0,32,21,18,170,255,8,255,226,34,85,0,0,135,18,1,11,0,255,72,14,244,170,242,125,13,247,15,247,12,247,14,247,10,247,0,0,0,52,7,7,0,121,64,192,234,246,126,247,88,120,0,1,92,124,202,176,38,36,194,176,46,132,3,3,133,131,2,2,132,126,157,111,126,126,157,111,126,255,255,15,31,31,7,15,31,133,54,55,153,123,39,40,138,85,5,2,85,85,5,2,85,6,5,0,3,2,1,0,7,165,153,148,128,92,56,44,24,1,0,4,0,0,26,30,0,0,0,0,32,34,18,170,255,8,255,226,34,85,0,0,135,18,1,11,0,255,72,14,244,170,242
2026-08-07_09-50-59,1,303,0,0.0,0,0.0,-1,-1,125,13,247,15,247,12,247,14,247,10,247,0,0,0,52,7,7,0,121,64,192,234,246,126,247,88,120,0,1,92,124,202,176,38,36,194,176,46,132,3,3,133,131,2,2,132,126,157,111,126,126,157,111,126,255,255,15,31,31,7,15,31,133,54,55,153,123,39,40,138,85,5,2,85,85,5,2,85,6,5,0,3,2,1,0,7,165,153,148,128,92,56,44,24,1,0,4,0,0,26,30,0,0,0,0,32,34,18,170,255,8,255,226,34,85,0,0,135,18,1,11,0,255,72,14,244,170,242,129,13,247,15,247,12,247,14,247,10,247,0,0,0,56,7,7,0,123,64,192,234,246,126,247,88,120,0,1,4,124,202,176,38,36,194,176,46,132,3,3,133,131,2,2,132,126,157,111,126,126,157,111,126,255,255,15,31,31,7,15,31,133,54,55,153,123,39,40,138,85,5,2,85,85,5,2,85,6,5,0,3,2,1,0,7,167,155,150,130,94,58,46,26,1,0,4,0,0,26,2,0,0,0,0,32,41,18,170,255,8,255,226,34,85,0,1,135,18,1,11,0,255,72,14,244,170,242
2026-08-07_09-50-59,1,304,0,0.0,0,0.0,-1,-1,129,13,247,15,247,12,247,14,247,10,247,0,0,0,56,7,7,0,123,64,192,234,246,126,247,88,120,0,1,4,124,202,176,38,36,194,176,46,132,3,3,133,131,2,2,132,126,157,111,126,126,157,111,126,255,255,15,31,31,7,15,31,133,54,55,153,123,39,40,138,85,5,2,85,85,5,2,85,6,5,0,3,2,1,0,7,167,155,150,130,94,58,46,26,1,0,4,0,0,26,2,0,0,0,0,32,41,18,170,255,8,255,226,34,85,0,1,135,18,1,11,0,255,72,14,244,170,242,133,13,247,15,247,12,247,14,247,10,247,0,0,0,60,7,7,0,124,64,192,234,246,126,247,88,120,0,1,172,124,202,176,38,36,194,176,46,132,3,3,133,131,2,2,132,126,157,111,126,126,157,111,126,255,255,14,31,31,7,15,31,133,54,55,153,123,39,40,138,85,5,2,85,85,5,2,85,6,5,0,3,2,1,0,7,168,156,150,131,95,59,47,27,1,0,4,0,0,26,6,0,0,0,0,32,53,18,170,255,8,255,226,34,85,0,1,135,18,1,11,0,255,72,14,244,170,242
2026-08-07_09-50-59,1,305,0,0.0,0,0.0,-1,-1,133,13,247,15,247,12,247,14,247,10,247,0,0,0,60,7,7,0,124,64,192,234,246,126,247,88,120,0,1,172,124,202,176,38,36,194,176,46,132,3,3,133,131,2,2,132,126,157,111,126,126,157,111,126,255,255,14,31,31,7,15,31,133,54,55,153,123,39,40,138,85,5,2,85,85,5,2,85,6,5,0,3,2,1,0,7,168,156,150,131,95,59,47,27,1,0,4,0,0,26,6,0,0,0,0,32,53,18,170,255,8,255,226,34,85,0,1,135,18,1,11,0,255,72,14,244,170,242,137,13,247,15,247,12,247,14,247,10,247,0,0,0,64,7,7,0,125,64,192,234,246,126,247,88,120,0,1,84,124,202,176,38,36,194,176,46,132,3,3,133,131,2,2,132,126,157,111,126,126,157,111,126,255,255,12,31,31,7,15,31,133,54,55,153,123,39,40,138,85,5,2,85,85,5,2,85,6,5,0,3,2,1,0,7,169,157,149,132,96,60,48,28,1,0,4,0,0,26,10,0,0,0,0,32,66,18,170,255,8,255,226,34,85,0,0,135,18,1,11,0,255,72,14,244,170,242
2026-08-07_09-50-59,1,306,0,0.0,0,0.0,-1,-1,137,13,247,15,247,12,247,14,247,10,247,0,0,0,64,7,7,0,125,64,192,234,246,126,247,88,120,0,1,84,124,202,176,38,36,194,176,46,132,3,3,133,131,2,2,132,126,157,111,126,126,157,111,126,255,255,12,31,31,7,15,31,133,54,55,153,123,39,40,138,85,5,2,85,85,5,2,85,6,5,0,3,2,1,0,7,169,157,149,132,96,60,48,28,1,0,4,0,0,26,10,0,0,0,0,32,66,18,170,255,8,255,226,34,85,0,0,135,18,1,11,0,255,72,14,244,170,242,141,13,247,15,247,12,247,14,247,10,247,0,0,0,68,6,7,0,126,63,191,234,246,126,247,88,120,0,1,252,124,202,176,38,36,194,176,46,132,3,3,133,131,2,2,132,126,157,111,126,126,157,111,126,255,255,11,31,31,7,15,31,133,54,55,153,123,39,40,138,85,5,2,85,85,5,2,85,6,5,0,3,2,1,0,7,170,158,149,133,97,61,49,29,1,0,4,0,7,24,13,8,0,0,0,32,72,18,170,255,8,255,226,34,85,0,0,135,18,1,11,0,255,72,14,244,170,242
2026-08-07_09-50-59,1,307,2,0.0,0,0.0,-1,-1,141,13,247,15,247,12,247,14,247,10,247,0,0,0,68,6,7,0,126,63,191,234,246,126,247,88,120,0,1,252,124,202,176,38,36,194,176,46,132,3,3,133,131,2,2,132,126,157,111,126,126,157,111,126,255,255,11,31,31,7,15,31,133,54,55,153,123,39,40,138,85,5,2,85,85,5,2,85,6,5,0,3,2,1,0,7,170,158,149,133,97,61,49,29,1,0,4,0,7,24,13,8,0,0,0,32,72,18,170,255,8,255,226,34,85,0,0,135,18,1,11,0,255,72,14,244,170,242,145,13,247,15,247,12,247,14,247,10,247,0,0,0,72,6,7,0,127,59,187,234,246,126,247,88,120,0,1,164,124,202,176,38,36,194,176,46,132,3,3,133,131,2,2,132,126,157,111,126,126,157,111,126,255,255,10,31,31,7,15,31,133,54,55,153,123,39,40,138,85,5,2,85,85,5,2,85,6,5,0,3,2,1,0,7,171,159,149,134,98,62,50,30,1,0,4,0,3,16,13,4,0,0,0,32,85,18,170,255,8,255,226,34,85,0,0,7,18,1,11,0,255,72,14,244,170,242
2026-08-07_09-50-59,1,308,2,0.0,0,0.0,-1,-1,145,13,247,15,247,12,247,14,247,10,247,0,0,0,72,6,7,0,127,59,187,234,246,126,247,88,120,0,1,164,124,202,176,38,36,194,176,46,132,3,3,133,131,2,2,132,126,157,111,126,126,157,111,126,255,255,10,31,31,7,15,31,133,54,55,153,123,39,40,138,85,5,2,85,85,5,2,85,6,5,0,3,2,1,0,7,171,159,149,134,98,62,50,30,1,0,4,0,3,16,13,4,0,0,0,32,85,18,170,255,8,255,226,34,85,0,0,7,18,1,11,0,255,72,14,244,170,242,149,13,247,15,247,12,247,14,247,10,247,0,0,0,76,5,7,0,128,55,183,195,246,126,247,88,120,0,1,76,124,202,176,38,36,194,176,46,132,3,3,133,131,2,2,132,126,157,111,126,126,157,111,126,255,255,9,31,31,7,15,31,133,54,55,153,123,39,40,138,85,5,2,85,85,5,2,85,6,5,0,3,2,1,0,7,172,160,149,135,99,63,51,31,1,0,4,0,6,8,13,7,0,0,0,32,98,18,170,255,8,255,226,34,85,0,0,7,18,1,11,0,255,72,14,244,170,242
2026-08-07_09-50-59,1,309,2,0.0,0,0.0,-1,-1,149,13,247,15,247,12,247,14,247,10,247,0,0,0,76,5,7,0,128,55,183,195,246,126,247,88,120,0,1,76,124,202,176,38,36,194,176,46,132,3,3,133,131,2,2,132,126,157,111,126,126,157,111,126,255,255,9,31,31,7,15,31,133,54,55,153,123,39,40,138,85,5,2,85,85,5,2,85,6,5,0,3,2,1,0,7,172,160,149,135,99,63,51,31,1,0,4,0,6,8,13,7,0,0,0,32,98,18,170,255,8,255,226,34,85,0,0,7,18,1,11,0,255,72,14,244,170,242,153,13,247,15,247,12,247,14,247,10,247,0,0,0,80,5,7,0,128,51,179,195,246,126,247,88,120,0,1,244,124,202,176,38,36,194,176,46,132,3,3,133,131,2,2,132,126,157,111,126,126,157,111,126,255,255,8,31,31,7,15,31,133,54,55,153,123,39,40,138,85,5,2,85,85,5,2,85,6,5,0,3,2,1,0,7,173,161,149,136,100,64,52,32,1,0,4,0,2,0,13,3,0,0,0,32,104,18,170,255,8,255,226,34,85,0,0,7,18,1,11,0,255,72,14,244,170,242
2026-08-07_09-50-59,1,310,0,0.0,0,0.0,-1,-1,153,13,247,15,247,12,247,14,247,10,247,0,0,0,80,5,7,0,128,51,179,195,246,126,247,88,120,0,1,244,124,202,176,38,36,194,176,46,132,3,3,133,131,2,2,132,126,157,111,126,126,157,111,126,255,255,8,31,31,7,15,31,133,54,55,153,123,39,40,138,85,5,2,85,85,5,2,85,6,5,0,3,2,1,0,7,173,161,149,136,100,64,52,32,1,0,4,0,2,0,13,3,0,0,0,32,104,18,170,255,8,255,226,34,85,0,0,7,18,1,11,0,255,72,14,244,170,242,157,13,247,15,247,12,247,14,247,10,247,0,0,0,84,5,7,0,128,48,175,195,246,126,247,88,120,0,1,156,124,202,176,38,36,194,176,46,132,3,3,133,131,2,2,132,126,157,111,126,126,157,111,126,255,255,7,31,31,7,15,31,133,54,55,153,123,39,40,138,85,5,2,85,85,5,2,85,6,5,0,3,2,1,0,7,174,162,149,137,101,65,53,33,1,0,4,0,0,248,12,0,0,0,0,32,117,18,170,255,8,255,226,34,85,0,0,7,18,1,11,0,255,72,14,244,170,242
2026-08-07_09-50-59,1,311,0,0.0,0,0.0,-1,-1,157,13,247,15,247,12,247,14,247,10,247,0,0,0,84,5,7,0,128,48,175,195,246,126,247,88,120,0,1,156,124,202,176,38,36,194,176,46,132,3,3,133,131,2,2,132,126,157,111,126,126,157,111,126,255,255,7,31,31,7,15,31,133,54,55,153,123,39,40,138,85,5,2,85,85,5,2,85,6,5,0,3,2,1,0,7,174,162,149,137,101,65,53,33,1,0,4,0,0,248,12,0,0,0,0,32,117,18,170,255,8,255,226,34,85,0,0,7,18,1,11,0,255,72,14,244,170,242,161,13,247,15,247,12,247,14,247,10,247,0,0,0,88,5,7,0,128,48,171,195,246,126,247,88,120,0,1,68,124,202,176,38,36,194,176,46,132,3,3,133,131,2,2,132,126,157,111,126,126,157,111,126,255,255,6,31,31,7,15,31,133,54,55,153,123,39,40,138,85,5,2,85,85,5,2,85,6,5,0,3,2,1,0,7,175,163,149,138,102,66,54,34,1,0,4,0,0,240,8,0,0,0,0,32,130,18,170,255,8,255,226,34,85,0,0,7,18,1,11,0,255,72,14,244,170,242
2026-08-07_09-50-59,1,312,0,0.0,0,0.0,-1,-1,161,13,247,15,247,12,247,14,247,10,247,0,0,0,88,5,7,0,128,48,171,195,246,126,247,88,120,0,1,68,124,202,176,38,36,194,176,46,132,3,3,133,131,2,2,132,126,157,111,126,126,157,111,126,255,255,6,31,31,7,15,31,133,54,55,153,123,39,40,138,85,5,2,85,85,5,2,85,6,5,0,3,2,1,0,7,175,163,149,138,102,66,54,34,1,0,4,0,0,240,8,0,0,0,0,32,130,18,170,255,8,255,226,34,85,0,0,7,18,1,11,0,255,72,14,244,170,242,165,13,247,15,247,12,247,14,247,10,247,0,0,0,92,5,7,0,128,48,167,195,246,126,247,88,120,0,1,236,124,202,176,38,36,194,176,46,132,3,3,133,131,2,2,132,126,157,111,126,126,157,111,126,255,255,6,31,31,7,15,31,133,54,55,153,123,39,40,138,85,5,2,85,85,5,2,85,6,5,0,3,2,1,0,7,176,164,150,139,103,67,55,35,1,0,4,0,0,232,4,0,0,0,0,32,136,18,170,255,8,255,226,34,85,0,1,7,18,1,11,0,255,72,14,244,170,242
2026-08-07_09-50-59,1,313,0,0.0,0,0.0,-1,-1,165,13,247,15,247,12,247,14,247,10,247,0,0,0,92,5,7,0,128,48,167,195,246,126,247,88,120,0,1,236,124,202,176,38,36,194,176,46,132,3,3,133,131,2,2,132,126,157,111,126,126,157,111,126,255,255,6,31,31,7,15,31,133,54,55,153,123,39,40,138,85,5,2,85,85,5,2,85,6,5,0,3,2,1,0,7,176,164,150,139,103,67,55,35,1,0,4,0,0,232,4,0,0,0,0,32,136,18,170,255,8,255,226,34,85,0,1,7,18,1,11,0,255,72,14,244,170,242,169,13,247,15,247,12,247,14,247,10,247,0,0,0,96,5,7,0,128,48,163,195,246,126,247,87,120,0,1,148,124,202,176,38,36,194,176,46,132,3,3,133,131,2,2,132,126,157,111,126,126,157,111,126,255,255,5,31,31,7,15,31,133,54,55,153,123,39,40,138,85,5,2,85,85,5,2,85,6,5,0,3,2,1,0,7,177,165,150,140,104,68,56,36,1,0,4,0,0,254,7,0,0,0,0,32,149,18,170,255,8,255,226,34,85,255,1,7,18,1,11,0,255,72,14,244,170,242
2026-08-07_09-50-59,1,314,0,0.0,0,0.0,-1,-1,169,13,247,15,247,12,247,14,247,10,247,0,0,0,96,5,7,0,128,48,163,195,246,126,247,87,120,0,1,148,124,202,176,38,36,194,176,46,132,3,3,133,131,2,2,132,126,157,111,126,126,157,111,126,255,255,5,31,31,7,15,31,133,54,55,153,123,39,40,138,85,5,2,85,85,5,2,85,6,5,0,3,2,1,0,7,177,165,150,140,104,68,56,36,1,0,4,0,0,254,7,0,0,0,0,32,149,18,170,255,8,255,226,34,85,255,1,7,18,1,11,0,255,72,14,244,170,242,173,13,247,15,247,12,247,14,247,10,247,0,0,0,100,5,6,0,128,48,160,195,246,126,247,87,120,0,1,60,202,176,38,36,194,176,46,44,3,3,133,131,2,2,132,130,157,111,126,126,157,111,126,126,255,3,31,31,7,15,31,31,54,55,153,123,39,40,138,108,5,2,85,85,5,2,85,85,5,0,3,2,1,0,7,6,166,149,141,105,69,57,37,1,0,0,4,0,0,238,31,0,0,0,0,33,2,18,170,255,7,255,196,68,85,0,0,7,16,1,11,0,255,72,14,244,170,242
2026-08-07_09-50-59,1,315,0,0.0,0,0.0,-1,-1,173,13,247,15,247,12,247,14,247,10,247,0,0,0,100,5,6,0,128,48,160,195,246,126,247,87,120,0,1,60,202,176,38,36,194,176,46,44,3,3,133,131,2,2,132,130,157,111,126,126,157,111,126,126,255,3,31,31,7,15,31,31,54,55,153,123,39,40,138,108,5,2,85,85,5,2,85,85,5,0,3,2,1,0,7,6,166,149,141,105,69,57,37,1,0,0,4,0,0,238,31,0,0,0,0,33,2,18,170,255,7,255,196,68,85,0,0,7,16,1,11,0,255,72,14,244,170,242,177,13,247,15,247,12,247,14,247,10,247,0,0,0,104,5,6,0,128,48,160,195,246,126,247,86,120,0,1,228,202,176,38,36,194,176,46,44,3,3,133,131,2,2,132,130,157,111,126,126,157,111,126,126,255,1,31,31,7,15,31,31,54,55,153,123,39,40,138,108,5,2,85,85,5,2,85,85,5,0,3,2,1,0,7,6,168,149,143,107,71,59,39,3,0,0,4,0,0,254,23,0,0,0,0,33,8,18,170,255,8,255,196,68,85,255,0,7,16,1,11,0,255,72,14,244,170,242
2026-08-07_09-50-59,1,316,0,0.0,0,0.0,-1,-1,177,13,247,15,247,12,247,14,247,10,247,0,0,0,104,5,6,0,128,48,160,195,246,126,247,86,120,0,1,228,202,176,38,36,194,176,46,44,3,3,133,131,2,2,132,130,157,111,126,126,157,111,126,126,255,1,31,31,7,15,31,31,54,55,153,123,39,40,138,108,5,2,85,85,5,2,85,85,5,0,3,2,1,0,7,6,168,149,143,107,71,59,39,3,0,0,4,0,0,254,23,0,0,0,0,33,8,18,170,255,8,255,196,68,85,255,0,7,16,1,11,0,255,72,14,244,170,242,181,13,247,15,247,12,247,14,247,10,247,0,0,0,108,5,6,0,128,48,160,195,246,126,247,86,120,0,1,140,202,176,38,36,194,176,46,44,3,3,133,131,2,2,132,130,157,111,126,126,157,111,126,126,255,255,31,31,7,15,31,31,54,55,153,123,39,40,138,108,5,2,85,85,5,2,85,85,5,0,3,2,1,0,7,6,170,150,145,109,73,61,41,5,0,0,4,0,0,238,15,0,0,0,0,33,21,18,170,255,8,255,196,68,85,0,0,7,16,1,11,0,255,72,14,244,170,242
2026-08-07_09-50-59,1,317,0,0.0,0,0.0,-1,-1,181,13,247,15,247,12,247,14,247,10,247,0,0,0,108,5,6,0,128,48,160,195,246,126,247,86,120,0,1,140,202,176,38,36,194,176,46,44,3,3,133,131,2,2,132,130,157,111,126,126,157,111,126,126,255,255,31,31,7,15,31,31,54,55,153,123,39,40,138,108,5,2,85,85,5,2,85,85,5,0,3,2,1,0,7,6,170,150,145,109,73,61,41,5,0,0,4,0,0,238,15,0,0,0,0,33,21,18,170,255,8,255,196,68,85,0,0,7,16,1,11,0,255,72,14,244,170,242,185,13,247,15,247,12,247,14,247,10,247,0,0,0,112,5,6,0,128,48,160,195,246,126,247,85,120,0,1,52,202,176,38,36,194,176,46,44,3,3,133,131,2,2,132,130,157,111,126,126,157,111,126,126,255,255,31,31,7,15,31,31,54,55,153,123,39,40,138,108,5,2,85,85,5,2,85,85,5,0,3,2,1,0,7,6,172,152,147,111,75,63,43,7,0,0,4,0,0,254,7,0,0,0,0,33,34,18,170,255,8,255,196,68,85,255,1,7,16,1,11,0,255,72,14,244,170,242
2026-08-07_09-50-59,1,318,0,0.0,0,0.0,-1,-1,185,13,247,15,247,12,247,14,247,10,247,0,0,0,112,5,6,0,128,48,160,195,246,126,247,85,120,0,1,52,202,176,38,36,194,176,46,44,3,3,133,131,2,2,132,130,157,111,126,126,157,111,126,126,255,255,31,31,7,15,31,31,54,55,153,123,39,40,138,108,5,2,85,85,5,2,85,85,5,0,3,2,1,0,7,6,172,152,147,111,75,63,43,7,0,0,4,0,0,254,7,0,0,0,0,33,34,18,170,255,8,255,196,68,85,255,1,7,16,1,11,0,255,72,14,244,170,242,189,13,247,15,247,12,247,14,247,10,247,0,0,0,116,5,6,0,128,48,160,195,246,126,247,85,120,0,1,220,202,176,38,36,194,176,46,44,3,3,133,131,2,2,132,130,157,111,126,126,157,111,126,126,255,255,31,31,7,15,31,31,54,55,153,123,39,40,138,108,5,2,85,85,5,2,85,85,5,0,3,2,1,0,7,6,173,153,148,112,76,64,44,8,0,0,4,0,0,238,31,0,0,0,0,33,40,18,170,255,8,255,196,68,85,0,0,7,16,1,11,0,255,72,14,244,170,242
2026-08-07_09-50-59,1,319,0,0.0,0,0.0,-1,-1,189,13,247,15,247,12,247,14,247,10,247,0,0,0,116,5,6,0,128,48,160,195,246,126,247,85,120,0,1,220,202,176,38,36,194,176,46,44,3,3,133,131,2,2,132,130,157,111,126,126,157,111,126,126,255,255,31,31,7,15,31,31,54,55,153,123,39,40,138,108,5,2,85,85,5,2,85,85,5,0,3,2,1,0,7,6,173,153,148,112,76,64,44,8,0,0,4,0,0,238,31,0,0,0,0,33,40,18,170,255,8,255,196,68,85,0,0,7,16,1,11,0,255,72,14,244,170,242,193,13,247,15,247,12,247,14,247,10,247,0,0,0,120,5,6,0,128,48,160,195,246,126,247,84,120,0,1,132,202,176,38,36,194,176,46,44,3,3,133,131,2,2,132,130,157,111,126,126,157,111,126,126,255,255,30,31,7,15,31,31,54,55,153,123,39,40,138,108,5,2,85,85,5,2,85,85,5,0,3,2,1,0,7,6,175,155,149,114,78,66,46,10,0,0,4,0,0,254,23,0,0,0,0,33,53,18,170,255,8,255,196,68,85,255,0,7,16,1,11,0,255,72,14,244,170,242
2026-08-07_09-50-59,1,320,0,0.0,0,0.0,-1,-1,193,13,247,15,247,12,247,14,247,10,247,0,0,0,120,5,6,0,128,48,160,195,246,126,247,84,120,0,1,132,202,176,38,36,194,176,46,44,3,3,133,131,2,2,132,130,157,111,126,126,157,111,126,126,255,255,30,31,7,15,31,31,54,55,153,123,39,40,138,108,5,2,85,85,5,2,85,85,5,0,3,2,1,0,7,6,175,155,149,114,78,66,46,10,0,0,4,0,0,254,23,0,0,0,0,33,53,18,170,255,8,255,196,68,85,255,0,7,16,1,11,0,255,72,14,244,170,242,197,13,247,15,247,12,247,14,247,10,247,0,0,0,124,5,6,0,128,48,160,195,246,126,247,84,120,0,1,44,202,176,38,36,194,176,46,44,3,3,133,131,2,2,132,130,157,111,126,126,157,111,126,126,255,255,28,31,7,15,31,31,54,55,153,123,39,40,138,108,5,2,85,85,5,2,85,85,5,0,3,2,1,0,7,6,177,157,149,116,80,68,48,12,0,0,4,0,0,238,15,0,0,0,0,33,66,18,170,255,8,255,196,68,85,0,0,7,16,1,11,0,255,72,14,244,170,242
2026-08-07_09-50-59,1,321,0,0.0,0,0.0,-1,-1,197,13,247,15,247,12,247,14,247,10,247,0,0,0,124,5,6,0,128,48,160,195,246,126,247,84,120,0,1,44,202,176,38,36,194,176,46,44,3,3,133,131,2,2,132,130,157,111,126,126,157,111,126,126,255,255,28,31,7,15,31,31,54,55,153,123,39,40,138,108,5,2,85,85,5,2,85,85,5,0,3,2,1,0,7,6,177,157,149,116,80,68,48,12,0,0,4,0,0,238,15,0,0,0,0,33,66,18,170,255,8,255,196,68,85,0,0,7,16,1,11,0,255,72,14,244,170,242,201,13,247,15,247,12,247,14,247,10,247,0,0,0,128,5,6,0,128,48,160,195,246,126,247,83,120,0,1,212,202,176,38,36,194,176,46,44,3,3,133,131,2,2,132,130,157,111,126,126,157,111,126,126,255,255,27,31,7,15,31,31,54,55,153,123,39,40,138,108,5,2,85,85,5,2,85,85,5,0,3,2,1,0,7,6,179,159,150,118,82,70,50,14,0,0,4,0,0,254,7,0,0,0,0,33,72,18,170,255,8,255,196,68,85,255,1,7,16,1,11,0,255,72,14,244,170,242
2026-08-07_09-50-59,1,322,0,0.0,0,0.0,-1,-1,201,13,247,15,247,12,247,14,247,10,247,0,0,0,128,5,6,0,128,48,160,195,246,126,247,83,120,0,1,212,202,176,38,36,194,176,46,44,3,3,133,131,2,2,132,130,157,111,126,126,157,111,126,126,255,255,27,31,7,15,31,31,54,55,153,123,39,40,138,108,5,2,85,85,5,2,85,85,5,0,3,2,1,0,7,6,179,159,150,118,82,70,50,14,0,0,4,0,0,254,7,0,0,0,0,33,72,18,170,255,8,255,196,68,85,255,1,7,16,1,11,0,255,72,14,244,170,242,205,13,247,15,247,12,247,14,247,10,247,0,0,0,132,5,6,0,128,48,160,195,246,126,247,83,120,0,1,124,202,176,38,36,194,176,46,44,3,3,133,131,2,2,132,130,157,111,126,126,157,111,126,126,255,255,25,31,7,15,31,31,54,55,153,123,39,40,138,108,5,2,85,85,5,2,85,85,5,0,3,2,1,0,7,6,180,160,149,119,83,71,51,15,0,0,4,0,0,238,31,0,0,0,0,33,85,18,170,255,8,255,196,68,85,0,0,7,16,1,11,0,255,72,14,244,170,242
2026-08-07_09-50-59,1,323,0,0.0,0,0.0,-1,-1,205,13,247,15,247,12,247,14,247,10,247,0,0,0,132,5,6,0,128,48,160,195,246,126,247,83,120,0,1,124,202,176,38,36,194,176,46,44,3,3,133,131,2,2,132,130,157,111,126,126,157,111,126,126,255,255,25,31,7,15,31,31,54,55,153,123,39,40,138,108,5,2,85,85,5,2,85,85,5,0,3,2,1,0,7,6,180,160,149,119,83,71,51,15,0,0,4,0,0,238,31,0,0,0,0,33,85,18,170,255,8,255,196,68,85,0,0,7,16,1,11,0,255,72,14,244,170,242,209,13,247,15,247,12,247,14,247,10,247,0,0,0,136,5,6,0,128,48,160,195,246,126,247,82,120,0,1,36,202,176,38,36,194,176,46,44,3,3,133,131,2,2,132,130,157,111,126,126,157,111,126,126,255,255,23,31,7,15,31,31,54,55,153,123,39,40,138,108,5,2,85,85,5,2,85,85,5,0,3,2,1,0,7,6,182,162,149,121,85,73,53,17,0,0,4,0,0,254,23,0,0,0,0,33,98,18,170,255,8,255,196,68,85,255,0,7,16,1,11,0,255,72,14,244,170,242
2026-08-07_09-50-59,1,324,0,0.0,0,0.0,-1,-1,209,13,247,15,247,12,247,14,247,10,247,0,0,0,136,5,6,0,128,48,160,195,246,126,247,82,120,0,1,36,202,176,38,36,194,176,46,44,3,3,133,131,2,2,132,130,157,111,126,126,157,111,126,126,255,255,23,31,7,15,31,31,54,55,153,123,39,40,138,108,5,2,85,85,5,2,85,85,5,0,3,2,1,0,7,6,182,162,149,121,85,73,53,17,0,0,4,0,0,254,23,0,0,0,0,33,98,18,170,255,8,255,196,68,85,255,0,7,16,1,11,0,255,72,14,244,170,242,213,13,247,15,247,12,247,14,247,10,247,0,0,0,140,5,6,0,128,48,160,195,246,126,247,82,120,0,1,204,202,176,38,36,194,176,46,44,3,3,133,131,2,2,132,130,157,111,126,126,157,111,126,126,255,255,21,31,7,15,31,31,54,55,153,123,39,40,138,108,5,2,85,85,5,2,85,85,5,0,3,2,1,0,7,6,184,164,149,123,87,75,55,19,0,0,4,0,0,238,15,0,0,0,0,33,104,18,170,255,8,255,196,68,85,0,0,7,16,1,11,0,255,72,14,244,170,242
2026-08-07_09-50-59,1,325,0,0.0,0,0.0,-1,-1,213,13,247,15,247,12,247,14,247,10,247,0,0,0,140,5,6,0,128,48,160,195,246,126,247,82,120,0,1,204,202,176,38,36,194,176,46,44,3,3,133,131,2,2,132,130,157,111,126,126,157,111,126,126,255,255,21,31,7,15,31,31,54,55,153,123,39,40,138,108,5,2,85,85,5,2,85,85,5,0,3,2,1,0,7,6,184,164,149,123,87,75,55,19,0,0,4,0,0,238,15,0,0,0,0,33,104,18,170,255,8,255,196,68,85,0,0,7,16,1,11,0,255,72,14,244,170,242,217,13,247,15,247,12,247,14,247,10,247,0,0,0,144,5,6,0,128,48,160,195,246,126,247,81,120,0,1,116,202,176,38,36,194,176,46,44,3,3,133,131,2,2,132,130,157,111,126,126,157,111,126,126,255,255,20,31,7,15,31,31,54,55,153,123,39,40,138,108,5,2,85,85,5,2,85,85,5,0,3,2,1,0,7,6,186,166,150,125,89,77,57,21,0,0,4,0,0,254,7,0,0,0,0,33,117,18,170,255,8,255,196,68,85,255,1,7,16,1,11,0,255,72,14,244,170,242
2026-08-07_09-50-59,1,326,0,0.0,0,0.0,-1,-1,217,13,247,15,247,12,247,14,247,10,247,0,0,0,144,5,6,0,128,48,160,195,246,126,247,81,120,0,1,116,202,176,38,36,194,176,46,44,3,3,133,131,2,2,132,130,157,111,126,126,157,111,126,126,255,255,20,31,7,15,31,31,54,55,153,123,39,40,138,108,5,2,85,85,5,2,85,85,5,0,3,2,1,0,7,6,186,166,150,125,89,77,57,21,0,0,4,0,0,254,7,0,0,0,0,33,117,18,170,255,8,255,196,68,85,255,1,7,16,1,11,0,255,72,14,244,170,242,221,13,247,15,247,12,247,14,247,10,247,0,0,0,148,5,6,0,128,48,160,195,246,126,247,81,120,0,1,28,202,176,38,36,194,176,46,44,3,3,133,131,2,2,132,130,157,111,126,126,157,111,126,126,255,255,18,31,7,15,31,31,54,55,153,123,39,40,138,108,5,2,85,85,5,2,85,85,5,0,3,2,1,0,7,6,187,167,149,126,90,78,58,22,0,0,4,0,0,238,31,0,0,0,0,33,130,18,170,255,8,255,196,68,85,0,0,7,16,1,11,0,255,72,14,244,170,242
2026-08-07_09-50-59,1,327,0,0.0,0,0.0,-1,-1,221,13,247,15,247,12,247,14,247,10,247,0,0,0,148,5,6,0,128,48,160,195,246,126,247,81,120,0,1,28,202,176,38,36,194,176,46,44,3,3,133,131,2,2,132,130,157,111,126,126,157,111,126,126,255,255,18,31,7,15,31,31,54,55,153,123,39,40,138,108,5,2,85,85,5,2,85,85,5,0,3,2,1,0,7,6,187,167,149,126,90,78,58,22,0,0,4,0,0,238,31,0,0,0,0,33,130,18,170,255,8,255,196,68,85,0,0,7,16,1,11,0,255,72,14,244,170,242,225,13,247,15,247,12,247,14,247,10,247,0,0,0,152,5,6,0,128,48,160,195,246,126,247,80,120,0,1,196,202,176,38,36,194,176,46,44,3,3,133,131,2,2,132,130,157,111,126,126,157,111,126,126,255,255,16,31,7,15,31,31,54,55,153,123,39,40,138,108,5,2,85,85,5,2,85,85,5,0,3,2,1,0,7,6,189,169,149,128,92,80,60,24,0,0,4,0,0,254,23,0,0,0,0,33,136,18,170,255,8,255,196,68,85,255,0,7,16,1,11,0,255,72,14,244,170,242
2026-08-07_09-50-59,1,328,0,0.0,0,0.0,-1,-1,225,13,247,15,247,12,247,14,247,10,247,0,0,0,152,5,6,0,128,48,160,195,246,126,247,80,120,0,1,196,202,176,38,36,194,176,46,44,3,3,133,131,2,2,132,130,157,111,126,126,157,111,126,126,255,255,16,31,7,15,31,31,54,55,153,123,39,40,138,108,5,2,85,85,5,2,85,85,5,0,3,2,1,0,7,6,189,169,149,128,92,80,60,24,0,0,4,0,0,254,23,0,0,0,0,33,136,18,170,255,8,255,196,68,85,255,0,7,16,1,11,0,255,72,14,244,170,242,229,13,247,15,247,12,247,14,247,10,247,0,0,0,156,5,6,0,128,48,160,195,246,126,247,80,120,0,1,108,202,176,118,36,194,176,46,44,3,3,133,131,2,2,132,130,157,111,126,126,157,111,126,126,255,255,14,31,7,15,31,31,54,55,148,123,39,40,138,108,5,2,85,85,5,2,85,85,5,0,3,2,1,0,7,6,191,171,149,130,94,82,62,26,0,0,4,0,0,238,15,0,0,0,0,33,149,18,170,255,8,255,196,68,85,0,0,7,16,1,11,0,255,72,14,244,170,242
2026-08-07_09-50-59,1,329,0,0.0,0,0.0,-1,-1,229,13,247,15,247,12,247,14,247,10,247,0,0,0,156,5,6,0,128,48,160,195,246,126,247,80,120,0,1,108,202,176,118,36,194,176,46,44,3,3,133,131,2,2,132,130,157,111,126,126,157,111,126,126,255,255,14,31,7,15,31,31,54,55,148,123,39,40,138,108,5,2,85,85,5,2,85,85,5,0,3,2,1,0,7,6,191,171,149,130,94,82,62,26,0,0,4,0,0,238,15,0,0,0,0,33,149,18,170,255,8,255,196,68,85,0,0,7,16,1,11,0,255,72,14,244,170,242,233,13,247,15,247,12,247,14,247,10,247,0,0,0,160,5,6,0,128,48,160,195,246,126,247,79,120,0,1,20,202,176,118,36,194,176,46,44,3,3,133,131,2,2,132,130,157,111,126,126,157,111,126,126,255,255,13,31,7,15,31,31,54,55,148,123,39,40,138,108,5,2,85,85,5,2,85,85,5,0,3,2,1,0,7,6,193,173,150,132,96,84,64,28,0,0,4,0,0,252,14,0,0,0,0,34,2,18,170,255,8,255,196,68,85,255,1,7,16,1,11,0,255,72,14,244,170,242
2026-08-07_09-50-59,1,330,0,0.0,0,0.0,-1,-1,233,13,247,15,247,12,247,14,247,10,247,0,0,0,160,5,6,0,128,48,160,195,246,126,247,79,120,0,1,20,202,176,118,36,194,176,46,44,3,3,133,131,2,2,132,130,157,111,126,126,157,111,126,126,255,255,13,31,7,15,31,31,54,55,148,123,39,40,138,108,5,2,85,85,5,2,85,85,5,0,3,2,1,0,7,6,193,173,150,132,96,84,64,28,0,0,4,0,0,252,14,0,0,0,0,34,2,18,170,255,8,255,196,68,85,255,1,7,16,1,11,0,255,72,14,244,170,242,237,13,247,15,247,12,247,14,247,10,247,0,0,0,164,5,6,0,128,48,160,195,246,126,247,79,120,0,1,188,202,176,118,36,194,176,46,44,3,3,133,131,2,2,132,130,157,111,126,126,157,111,126,126,255,255,10,31,7,15,31,31,54,55,148,123,39,40,138,108,5,2,85,85,5,2,85,85,5,0,3,2,1,0,7,6,196,176,150,135,99,87,67,31,0,0,4,0,0,228,2,0,0,0,0,34,8,18,170,255,8,255,196,68,85,0,1,7,16,1,11,0,255,72,14,244,170,242
2026-08-07_09-50-59,1,331,0,0.0,0,0.0,-1,-1,237,13,247,15,247,12,247,14,247,10,247,0,0,0,164,5,6,0,128,48,160,195,246,126,247,79,120,0,1,188,202,176,118,36,194,176,46,44,3,3,133,131,2,2,132,130,157,111,126,126,157,111,126,126,255,255,10,31,7,15,31,31,54,55,148,123,39,40,138,108,5,2,85,85,5,2,85,85,5,0,3,2,1,0,7,6,196,176,150,135,99,87,67,31,0,0,4,0,0,228,2,0,0,0,0,34,8,18,170,255,8,255,196,68,85,0,1,7,16,1,11,0,255,72,14,244,170,242,241,13,247,15,247,12,247,14,247,10,247,0,0,0,168,5,6,0,128,48,160,195,246,126,247,78,120,0,1,100,202,176,118,36,194,176,46,44,3,3,133,131,2,2,132,130,157,111,126,126,157,111,126,126,255,255,7,31,7,15,31,31,54,55,148,123,39,40,138,108,5,2,85,85,5,2,85,85,5,0,3,2,1,0,7,6,198,178,149,137,101,89,69,33,0,0,4,0,0,236,22,0,0,0,0,34,21,18,170,255,8,255,196,68,85,0,0,7,16,1,11,0,255,72,14,244,170,242
2026-08-07_09-50-59,1,332,2,0.0,0,0.0,-1,-1,241,13,247,15,247,12,247,14,247,10,247,0,0,0,168,5,6,0,128,48,160,195,246,126,247,78,120,0,1,100,202,176,118,36,194,176,46,44,3,3,133,131,2,2,132,130,157,111,126,126,157,111,126,126,255,255,7,31,7,15,31,31,54,55,148,123,39,40,138,108,5,2,85,85,5,2,85,85,5,0,3,2,1,0,7,6,198,178,149,137,101,89,69,33,0,0,4,0,0,236,22,0,0,0,0,34,21,18,170,255,8,255,196,68,85,0,0,7,16,1,11,0,255,72,14,244,170,242,245,13,247,15,247,12,247,14,247,10,247,0,0,0,172,4,6,0,128,45,157,195,246,126,247,77,120,0,1,12,202,176,118,36,194,176,46,44,3,3,133,131,2,2,132,130,157,111,126,126,157,111,126,126,255,255,5,31,7,15,31,31,54,55,148,123,39,40,138,108,5,2,85,85,5,2,85,85,5,0,3,2,1,0,7,6,201,181,150,140,104,92,72,36,0,0,4,0,3,235,1,4,0,0,0,34,34,18,170,255,8,255,196,68,85,0,1,7,16,1,11,0,255,72,14,244,170,242
2026-08-07_09-50-59,1,333,2,0.0,0,0.0,-1,-1,245,13,247,15,247,12,247,14,247,10,247,0,0,0,172,4,6,0,128,45,157,195,246,126,247,77,120,0,1,12,202,176,118,36,194,176,46,44,3,3,133,131,2,2,132,130,157,111,126,126,157,111,126,126,255,255,5,31,7,15,31,31,54,55,148,123,39,40,138,108,5,2,85,85,5,2,85,85,5,0,3,2,1,0,7,6,201,181,150,140,104,92,72,36,0,0,4,0,3,235,1,4,0,0,0,34,34,18,170,255,8,255,196,68,85,0,1,7,16,1,11,0,255,72,14,244,170,242,249,13,247,15,247,12,247,14,247,10,247,0,0,0,174,3,5,0,128,41,153,176,246,157,247,76,120,0,1,180,176,118,36,194,176,46,44,186,3,133,131,2,2,132,130,1,111,126,126,157,111,126,126,157,255,3,31,7,15,31,31,7,55,148,123,39,40,138,108,25,2,85,85,5,2,85,85,5,0,3,2,1,0,7,6,5,183,150,142,106,94,74,38,2,0,0,4,0,4,231,9,5,0,0,0,34,40,18,170,255,7,255,136,137,5,0,1,7,16,1,11,0,255,72,14,244,170,242
2026-08-07_09-50-59,1,334,2,0.0,0,0.0,-1,-1,249,13,247,15,247,12,247,14,247,10,247,0,0,0,174,3,5,0,128,41,153,176,246,157,247,76,120,0,1,180,176,118,36,194,176,46,44,186,3,133,131,2,2,132,130,1,111,126,126,157,111,126,126,157,255,3,31,7,15,31,31,7,55,148,123,39,40,138,108,25,2,85,85,5,2,85,85,5,0,3,2,1,0,7,6,5,183,150,142,106,94,74,38,2,0,0,4,0,4,231,9,5,0,0,0,34,40,18,170,255,7,255,136,137,5,0,1,7,16,1,11,0,255,72,14,244,170,242,253,13,247,15,247,12,247,14,247,10,247,0,0,0,170,3,5,0,128,37,149,176,246,157,247,75,120,0,1,92,176,118,36,194,176,46,44,186,3,133,131,2,2,132,130,1,111,126,126,157,111,126,126,157,255,1,31,7,15,31,31,7,55,148,123,39,40,138,108,25,2,85,85,5,2,85,85,5,0,3,2,1,0,7,6,5,185,150,144,108,96,76,40,4,0,0,4,0,0,227,17,0,0,0,0,34,53,18,170,255,8,255,136,137,5,0,1,7,16,1,11,0,255,72,14,244,170,242
2026-08-07_09-50-59,1,335,0,0.0,0,0.0,-1,-1,253,13,247,15,247,12,247,14,247,10,247,0,0,0,170,3,5,0,128,37,149,176,246,157,247,75,120,0,1,92,176,118,36,194,176,46,44,186,3,133,131,2,2,132,130,1,111,126,126,157,111,126,126,157,255,1,31,7,15,31,31,7,55,148,123,39,40,138,108,25,2,85,85,5,2,85,85,5,0,3,2,1,0,7,6,5,185,150,144,108,96,76,40,4,0,0,4,0,0,227,17,0,0,0,0,34,53,18,170,255,8,255,136,137,5,0,1,7,16,1,11,0,255,72,14,244,170,242,1,13,247,15,247,12,247,14,247,10,247,0,0,0,166,3,5,0,128,33,145,176,246,157,247,74,120,0,1,4,176,118,36,194,176,46,44,186,3,133,131,2,2,132,130,1,111,126,126,157,111,126,126,157,255,255,31,7,15,31,31,7,55,148,123,39,40,138,108,25,2,85,85,5,2,85,85,5,0,3,2,1,0,7,6,5,187,151,146,110,98,78,42,6,0,0,4,0,0,223,25,0,0,0,0,34,66,18,170,255,8,255,136,137,5,0,0,7,16,1,11,0,255,72,14,244,170,242
2026-08-07_09-50-59,1,336,0,0.0,0,0.0,-1,-1,1,13,247,15,247,12,247,14,247,10,247,0,0,0,166,3,5,0,128,33,145,176,246,157,247,74,120,0,1,4,176,118,36,194,176,46,44,186,3,133,131,2,2,132,130,1,111,126,126,157,111,126,126,157,255,255,31,7,15,31,31,7,55,148,123,39,40,138,108,25,2,85,85,5,2,85,85,5,0,3,2,1,0,7,6,5,187,151,146,110,98,78,42,6,0,0,4,0,0,223,25,0,0,0,0,34,66,18,170,255,8,255,136,137,5,0,0,7,16,1,11,0,255,72,14,244,170,242,5,13,247,15,247,12,247,14,247,10,247,0,0,0,162,3,5,0,128,32,141,176,246,157,247,72,120,0,1,172,176,118,36,194,176,46,44,186,3,133,131,2,2,132,130,1,111,126,126,157,111,126,126,157,255,255,31,7,15,31,31,7,55,148,123,39,40,138,108,25,2,85,85,5,2,85,85,5,0,3,2,1,0,7,6,5,189,153,148,112,100,80,44,8,0,0,4,0,0,251,24,0,0,0,0,34,72,18,170,255,8,255,136,137,5,255,0,7,16,1,11,0,255,72,14,244,170,242
2026-08-07_09-50-59,1,337,0,0.0,0,0.0,-1,-1,5,13,247,15,247,12,247,14,247,10,247,0,0,0,162,3,5,0,128,32,141,176,246,157,247,72,120,0,1,172,176,118,36,194,176,46,44,186,3,133,131,2,2,132,130,1,111,126,126,157,111,126,126,157,255,255,31,7,15,31,31,7,55,148,123,39,40,138,108,25,2,85,85,5,2,85,85,5,0,3,2,1,0,7,6,5,189,153,148,112,100,80,44,8,0,0,4,0,0,251,24,0,0,0,0,34,72,18,170,255,8,255,136,137,5,255,0,7,16,1,11,0,255,72,14,244,170,242,9,13,247,15,247,12,247,14,247,10,247,0,0,0,160,3,5,0,128,32,137,176,246,157,247,71,120,0,1,84,176,118,36,194,176,46,44,186,3,133,131,2,2,132,130,1,111,126,126,157,111,126,126,157,255,255,30,7,15,31,31,7,55,148,123,39,40,138,108,25,2,85,85,5,2,85,85,5,0,3,2,1,0,7,6,5,191,155,149,114,102,82,46,10,0,0,4,0,0,247,20,0,0,0,0,34,85,18,170,255,8,255,136,137,5,255,0,7,16,1,11,0,255,72,14,244,170,242
2026-08-07_09-50-59,1,338,0,0.0,0,0.0,-1,-1,9,13,247,15,247,12,247,14,247,10,247,0,0,0,160,3,5,0,128,32,137,176,246,157,247,71,120,0,1,84,176,118,36,194,176,46,44,186,3,133,131,2,2,132,130,1,111,126,126,157,111,126,126,157,255,255,30,7,15,31,31,7,55,148,123,39,40,138,108,25,2,85,85,5,2,85,85,5,0,3,2,1,0,7,6,5,191,155,149,114,102,82,46,10,0,0,4,0,0,247,20,0,0,0,0,34,85,18,170,255,8,255,136,137,5,255,0,7,16,1,11,0,255,72,14,244,170,242,13,13,247,15,247,12,247,14,247,10,247,0,0,0,160,3,4,0,128,32,133,176,246,111,247,70,120,0,1,252,118,36,194,176,46,44,186,160,133,131,2,2,132,130,1,1,126,126,157,111,126,126,157,111,255,28,7,15,31,31,7,15,148,123,39,40,138,108,25,26,85,85,5,2,85,85,5,2,3,2,1,0,7,6,5,0,157,149,116,104,84,48,12,0,0,0,4,0,0,243,16,0,0,0,0,34,97,18,170,255,7,255,17,18,2,0,0,7,16,1,11,0,255,72,14,244,170,242
2026-08-07_09-50-59,1,339,0,0.0,0,0.0,-1,-1,13,13,247,15,247,12,247,14,247,10,247,0,0,0,160,3,4,0,128,32,133,176,246,111,247,70,120,0,1,252,118,36,194,176,46,44,186,160,133,131,2,2,132,130,1,1,126,126,157,111,126,126,157,111,255,28,7,15,31,31,7,15,148,123,39,40,138,108,25,26,85,85,5,2,85,85,5,2,3,2,1,0,7,6,5,0,157,149,116,104,84,48,12,0,0,0,4,0,0,243,16,0,0,0,0,34,97,18,170,255,7,255,17,18,2,0,0,7,16,1,11,0,255,72,14,244,170,242,17,13,247,15,247,12,247,14,247,10,247,0,0,0,160,3,4,0,128,32,129,176,246,111,247,69,120,0,1,164,118,36,194,176,46,44,186,160,133,131,2,2,132,130,1,1,126,126,157,111,126,126,157,111,255,27,7,15,31,31,7,15,148,123,39,40,138,108,25,26,85,85,5,2,85,85,5,2,3,2,1,0,7,6,5,0,159,150,118,106,86,50,14,2,0,0,4,0,0,239,12,0,0,0,0,34,104,18,170,255,7,255,17,18,2,0,1,7,16,1,11,0,255,72,14,244,170,242
2026-08-07_09-50-59,1,340,0,0.0,0,0.0,-1,-1,17,13,247,15,247,12,247,14,247,10,247,0,0,0,160,3,4,0,128,32,129,176,246,111,247,69,120,0,1,164,118,36,194,176,46,44,186,160,133,131,2,2,132,130,1,1,126,126,157,111,126,126,157,111,255,27,7,15,31,31,7,15,148,123,39,40,138,108,25,26,85,85,5,2,85,85,5,2,3,2,1,0,7,6,5,0,159,150,118,106,86,50,14,2,0,0,4,0,0,239,12,0,0,0,0,34,104,18,170,255,7,255,17,18,2,0,1,7,16,1,11,0,255,72,14,244,170,242,21,13,247,15,247,12,247,14,247,10,247,0,0,0,160,3,4,0,128,32,125,176,246,111,247,68,120,0,1,76,118,36,194,176,46,44,186,160,133,131,2,2,132,130,1,1,126,126,157,111,126,126,157,111,255,25,7,15,31,31,7,15,148,123,39,40,138,108,25,26,85,85,5,2,85,85,5,2,3,2,1,0,7,6,5,0,160,149,119,107,87,51,15,3,0,0,4,0,0,235,31,0,0,0,0,34,117,18,170,255,8,255,17,18,2,0,0,7,16,1,11,0,255,72,14,244,170,242
2026-08-07_09-50-59,1,341,0,0.0,0,0.0,-1,-1,21,13,247,15,247,12,247,14,247,10,247,0,0,0,160,3,4,0,128,32,125,176,246,111,247,68,120,0,1,76,118,36,194,176,46,44,186,160,133,131,2,2,132,130,1,1,126,126,157,111,126,126,157,111,255,25,7,15,31,31,7,15,148,123,39,40,138,108,25,26,85,85,5,2,85,85,5,2,3,2,1,0,7,6,5,0,160,149,119,107,87,51,15,3,0,0,4,0,0,235,31,0,0,0,0,34,117,18,170,255,8,255,17,18,2,0,0,7,16,1,11,0,255,72,14,244,170,242,25,13,247,15,247,12,247,14,247,10,247,0,0,0,160,3,4,0,128,32,121,176,246,111,247,67,120,0,1,244,118,36,194,176,46,44,186,160,133,131,2,2,132,130,1,1,126,126,157,111,126,126,157,111,255,23,7,15,31,31,7,15,148,123,39,40,138,108,25,26,85,85,5,2,85,85,5,2,3,2,1,0,7,6,5,0,162,149,121,109,89,53,17,5,0,0,4,0,0,231,15,0,0,0,0,34,129,18,170,255,8,255,17,18,2,0,0,7,16,1,11,0,255,72,14,244,170,242
2026-08-07_09-50-59,1,342,0,0.0,0,0.0,-1,-1,25,13,247,15,247,12,247,14,247,10,247,0,0,0,160,3,4,0,128,32,121,176,246,111,247,67,120,0,1,244,118,36,194,176,46,44,186,160,133,131,2,2,132,130,1,1,126,126,157,111,126,126,157,111,255,23,7,15,31,31,7,15,148,123,39,40,138,108,25,26,85,85,5,2,85,85,5,2,3,2,1,0,7,6,5,0,162,149,121,109,89,53,17,5,0,0,4,0,0,231,15,0,0,0,0,34,129,18,170,255,8,255,17,18,2,0,0,7,16,1,11,0,255,72,14,244,170,242,29,13,247,15,247,12,247,14,247,10,247,0,0,0,160,3,4,0,128,32,117,176,246,111,247,66,120,0,1,156,118,36,194,176,46,44,186,160,133,131,2,2,132,130,1,1,126,126,157,111,126,126,157,111,255,22,7,15,31,31,7,15,148,123,39,40,138,108,25,26,85,85,5,2,85,85,5,2,3,2,1,0,7,6,5,0,163,149,122,110,90,54,18,6,0,0,4,0,0,227,31,0,0,0,0,34,136,18,170,255,8,255,17,18,2,0,0,7,16,1,11,0,255,72,14,244,170,242
2026-08-07_09-50-59,1,343,0,0.0,0,0.0,-1,-1,29,13,247,15,247,12,247,14,247,10,247,0,0,0,160,3,4,0,128,32,117,176,246,111,247,66,120,0,1,156,118,36,194,176,46,44,186,160,133,131,2,2,132,130,1,1,126,126,157,111,126,126,157,111,255,22,7,15,31,31,7,15,148,123,39,40,138,108,25,26,85,85,5,2,85,85,5,2,3,2,1,0,7,6,5,0,163,149,122,110,90,54,18,6,0,0,4,0,0,227,31,0,0,0,0,34,136,18,170,255,8,255,17,18,2,0,0,7,16,1,11,0,255,72,14,244,170,242,33,13,247,15,247,12,247,14,247,10,247,0,0,0,160,3,4,0,128,32,113,176,246,111,247,65,120,0,1,68,118,36,194,176,46,44,186,160,133,131,2,2,132,130,1,1,126,126,157,111,126,126,157,111,255,20,7,15,31,31,7,15,148,123,39,40,138,108,25,26,85,85,5,2,85,85,5,2,3,2,1,0,7,6,5,0,165,149,124,112,92,56,20,8,0,0,4,0,0,223,15,0,0,0,0,34,149,18,170,255,8,255,17,18,2,0,0,7,16,1,11,0,255,72,14,244,170,242
2026-08-07_09-50-59,1,344,0,0.0,0,0.0,-1,-1,33,13,247,15,247,12,247,14,247,10,247,0,0,0,160,3,4,0,128,32,113,176,246,111,247,65,120,0,1,68,118,36,194,176,46,44,186,160,133,131,2,2,132,130,1,1,126,126,157,111,126,126,157,111,255,20,7,15,31,31,7,15,148,123,39,40,138,108,25,26,85,85,5,2,85,85,5,2,3,2,1,0,7,6,5,0,165,149,124,112,92,56,20,8,0,0,4,0,0,223,15,0,0,0,0,34,149,18,170,255,8,255,17,18,2,0,0,7,16,1,11,0,255,72,14,244,170,242,37,13,247,15,247,12,247,14,247,10,247,0,0,0,160,3,4,0,128,32,112,176,246,111,247,63,120,0,1,236,118,36,194,176,46,44,186,160,133,131,2,2,132,130,1,1,126,126,157,111,126,126,157,111,255,19,7,15,31,31,7,15,148,123,39,40,138,108,25,26,85,85,5,2,85,85,5,2,3,2,1,0,7,6,5,0,166,149,125,113,93,57,21,9,0,0,4,0,0,251,31,0,0,0,0,35,1,18,170,255,8,255,17,18,2,255,0,7,16,1,11,0,255,72,14,244,170,242
2026-08-07_09-50-59,1,345,0,0.0,0,0.0,-1,-1,37,13,247,15,247,12,247,14,247,10,247,0,0,0,160,3,4,0,128,32,112,176,246,111,247,63,120,0,1,236,118,36,194,176,46,44,186,160,133,131,2,2,132,130,1,1,126,126,157,111,126,126,157,111,255,19,7,15,31,31,7,15,148,123,39,40,138,108,25,26,85,85,5,2,85,85,5,2,3,2,1,0,7,6,5,0,166,149,125,113,93,57,21,9,0,0,4,0,0,251,31,0,0,0,0,35,1,18,170,255,8,255,17,18,2,255,0,7,16,1,11,0,255,72,14,244,170,242,41,13,247,15,247,12,247,14,247,10,247,0,0,0,160,3,4,0,128,32,112,176,246,111,247,62,120,0,1,148,118,36,194,176,46,44,186,160,133,131,2,2,132,130,1,1,126,126,157,111,126,126,157,111,255,17,7,15,31,31,7,15,148,123,39,40,138,108,25,26,85,85,5,2,85,85,5,2,3,2,1,0,7,6,5,0,168,149,127,115,95,59,23,11,0,0,4,0,0,247,15,0,0,0,0,35,8,18,170,255,8,255,17,18,2,255,0,7,16,1,11,0,255,72,14,244,170,242
2026-08-07_09-50-59,1,346,0,0.0,0,0.0,-1,-1,41,13,247,15,247,12,247,14,247,10,247,0,0,0,160,3,4,0,128,32,112,176,246,111,247,62,120,0,1,148,118,36,194,176,46,44,186,160,133,131,2,2,132,130,1,1,126,126,157,111,126,126,157,111,255,17,7,15,31,31,7,15,148,123,39,40,138,108,25,26,85,85,5,2,85,85,5,2,3,2,1,0,7,6,5,0,168,149,127,115,95,59,23,11,0,0,4,0,0,247,15,0,0,0,0,35,8,18,170,255,8,255,17,18,2,255,0,7,16,1,11,0,255,72,14,244,170,242,45,13,247,15,247,12,247,14,247,10,247,0,0,0,161,4,4,0,128,32,113,195,246,111,247,61,120,0,1,60,118,36,194,176,46,44,186,160,133,131,2,2,132,130,1,1,126,126,157,111,126,126,157,111,255,16,7,15,31,31,7,15,148,123,39,40,138,108,25,26,85,85,5,2,85,85,5,2,3,2,1,0,7,6,5,0,169,149,128,116,96,60,24,12,0,0,4,0,5,243,31,6,0,0,0,35,21,18,170,255,8,255,17,18,2,0,0,7,16,1,11,0,255,72,14,244,170,242
2026-08-07_09-50-59,1,347,1,0.0,0,0.0,-1,-1,45,13,247,15,247,12,247,14,247,10,247,0,0,0,161,4,4,0,128,32,113,195,246,111,247,61,120,0,1,60,118,36,194,176,46,44,186,160,133,131,2,2,132,130,1,1,126,126,157,111,126,126,157,111,255,16,7,15,31,31,7,15,148,123,39,40,138,108,25,26,85,85,5,2,85,85,5,2,3,2,1,0,7,6,5,0,169,149,128,116,96,60,24,12,0,0,4,0,5,243,31,6,0,0,0,35,21,18,170,255,8,255,17,18,2,0,0,7,16,1,11,0,255,72,14,244,170,242,49,13,247,15,247,12,247,14,247,10,247,0,0,0,165,4,4,0,128,32,117,195,246,111,247,60,120,0,1,228,118,116,194,176,46,44,186,160,133,131,2,2,132,130,1,1,126,126,157,111,126,126,157,111,255,14,7,15,31,31,7,15,148,118,39,40,138,108,25,26,85,85,5,2,85,85,5,2,3,2,1,0,7,6,5,0,171,149,130,118,98,62,26,14,0,0,4,0,1,239,15,2,0,0,0,35,33,18,170,255,8,255,17,18,2,0,0,7,16,1,11,0,255,72,14,244,170,242
2026-08-07_09-50-59,1,348,1,0.0,0,0.0,-1,-1,49,13,247,15,247,12,247,14,247,10,247,0,0,0,165,4,4,0,128,32,117,195,246,111,247,60,120,0,1,228,118,116,194,176,46,44,186,160,133,131,2,2,132,130,1,1,126,126,157,111,126,126,157,111,255,14,7,15,31,31,7,15,148,118,39,40,138,108,25,26,85,85,5,2,85,85,5,2,3,2,1,0,7,6,5,0,171,149,130,118,98,62,26,14,0,0,4,0,1,239,15,2,0,0,0,35,33,18,170,255,8,255,17,18,2,0,0,7,16,1,11,0,255,72,14,244,170,242,53,13,247,15,247,12,247,14,247,10,247,0,0,0,169,5,4,0,128,35,121,195,246,111,247,59,120,0,1,140,118,116,194,176,46,44,186,160,133,131,2,2,132,130,1,1,126,126,157,111,126,126,157,111,255,13,7,15,31,31,7,15,148,118,39,40,138,108,25,26,85,85,5,2,85,85,5,2,3,2,1,0,7,6,5,0,172,149,131,119,99,63,27,15,0,0,4,0,4,235,31,5,0,0,0,35,40,18,170,255,8,255,17,18,2,0,0,7,16,1,11,0,255,72,14,244,170,242
2026-08-07_09-50-59,1,349,1,0.0,0,0.0,-1,-1,53,13,247,15,247,12,247,14,247,10,247,0,0,0,169,5,4,0,128,35,121,195,246,111,247,59,120,0,1,140,118,116,194,176,46,44,186,160,133,131,2,2,132,130,1,1,126,126,157,111,126,126,157,111,255,13,7,15,31,31,7,15,148,118,39,40,138,108,25,26,85,85,5,2,85,85,5,2,3,2,1,0,7,6,5,0,172,149,131,119,99,63,27,15,0,0,4,0,4,235,31,5,0,0,0,35,40,18,170,255,8,255,17,18,2,0,0,7,16,1,11,0,255,72,14,244,170,242,57,13,247,15,247,12,247,14,247,10,247,0,0,0,173,5,4,0,128,39,125,195,246,111,247,58,120,0,1,52,118,116,194,176,46,44,186,160,133,131,2,2,132,130,1,1,126,126,157,111,126,126,157,111,255,11,7,15,31,31,7,15,148,118,39,40,138,108,25,26,85,85,5,2,85,85,5,2,3,2,1,0,7,6,5,0,174,149,133,121,101,65,29,17,0,0,4,0,0,231,15,1,0,0,0,35,53,18,170,255,8,255,17,18,2,0,0,7,16,1,11,0,255,72,14,244,170,242
2026-08-07_09-50-59,1,350,1,0.0,0,0.0,-1,-1,57,13,247,15,247,12,247,14,247,10,247,0,0,0,173,5,4,0,128,39,125,195,246,111,247,58,120,0,1,52,118,116,194,176,46,44,186,160,133,131,2,2,132,130,1,1,126,126,157,111,126,126,157,111,255,11,7,15,31,31,7,15,148,118,39,40,138,108,25,26,85,85,5,2,85,85,5,2,3,2,1,0,7,6,5,0,174,149,133,121,101,65,29,17,0,0,4,0,0,231,15,1,0,0,0,35,53,18,170,255,8,255,17,18,2,0,0,7,16,1,11,0,255,72,14,244,170,242,61,13,247,15,247,12,247,14,247,10,247,0,0,0,177,6,4,0,128,43,129,234,246,111,247,57,120,0,1,220,118,116,194,176,46,44,186,160,133,131,2,2,132,130,1,1,126,126,157,111,126,126,157,111,255,10,7,15,31,31,7,15,148,118,39,40,138,108,25,26,85,85,5,2,85,85,5,2,3,2,1,0,7,6,5,0,176,150,135,123,103,67,31,19,0,0,4,0,0,227,5,0,0,0,0,35,65,18,170,255,8,255,17,18,2,0,1,7,16,1,11,0,255,72,14,244,170,242
2026-08-07_09-50-59,1,351,0,0.0,0,0.0,-1,-1,61,13,247,15,247,12,247,14,247,10,247,0,0,0,177,6,4,0,128,43,129,234,246,111,247,57,120,0,1,220,118,116,194,176,46,44,186,160,133,131,2,2,132,130,1,1,126,126,157,111,126,126,157,111,255,10,7,15,31,31,7,15,148,118,39,40,138,108,25,26,85,85,5,2,85,85,5,2,3,2,1,0,7,6,5,0,176,150,135,123,103,67,31,19,0,0,4,0,0,227,5,0,0,0,0,35,65,18,170,255,8,255,17,18,2,0,1,7,16,1,11,0,255,72,14,244,170,242,65,13,247,15,247,12,247,14,247,10,247,0,0,0,181,6,3,0,128,47,133,234,246,126,247,56,120,0,1,132,116,194,176,46,44,186,160,246,131,2,2,132,130,1,1,131,126,157,111,126,126,157,111,126,8,7,15,31,31,7,15,31,118,39,40,138,108,25,26,126,85,5,2,85,85,5,2,85,2,1,0,7,6,5,0,3,150,137,125,105,69,33,21,1,0,0,4,0,0,223,1,0,0,0,0,35,72,18,170,255,7,255,34,36,85,0,1,7,16,1,11,0,255,72,14,244,170,242
2026-08-07_09-50-59,1,352,0,0.0,0,0.0,-1,-1,65,13,247,15,247,12,247,14,247,10,247,0,0,0,181,6,3,0,128,47,133,234,246,126,247,56,120,0,1,132,116,194,176,46,44,186,160,246,131,2,2,132,130,1,1,131,126,157,111,126,126,157,111,126,8,7,15,31,31,7,15,31,118,39,40,138,108,25,26,126,85,5,2,85,85,5,2,85,2,1,0,7,6,5,0,3,150,137,125,105,69,33,21,1,0,0,4,0,0,223,1,0,0,0,0,35,72,18,170,255,7,255,34,36,85,0,1,7,16,1,11,0,255,72,14,244,170,242,69,13,247,15,247,12,247,14,247,10,247,0,0,0,185,6,3,0,128,48,137,234,246,126,247,55,120,0,1,44,116,194,176,46,44,186,160,246,131,2,2,132,130,1,1,131,126,157,111,126,126,157,111,126,6,7,15,31,31,7,15,31,118,39,40,138,108,25,26,126,85,5,2,85,85,5,2,85,2,1,0,7,6,5,0,3,149,138,126,106,70,34,22,2,0,0,4,0,0,231,29,0,0,0,0,35,85,18,170,255,7,255,34,36,85,0,0,135,16,1,11,0,255,72,14,244,170,242
2026-08-07_09-50-59,1,353,0,0.0,0,0.0,-1,-1,69,13,247,15,247,12,247,14,247,10,247,0,0,0,185,6,3,0,128,48,137,234,246,126,247,55,120,0,1,44,116,194,176,46,44,186,160,246,131,2,2,132,130,1,1,131,126,157,111,126,126,157,111,126,6,7,15,31,31,7,15,31,118,39,40,138,108,25,26,126,85,5,2,85,85,5,2,85,2,1,0,7,6,5,0,3,149,138,126,106,70,34,22,2,0,0,4,0,0,231,29,0,0,0,0,35,85,18,170,255,7,255,34,36,85,0,0,135,16,1,11,0,255,72,14,244,170,242,73,13,247,15,247,12,247,14,247,10,247,0,0,0,189,6,3,0,128,48,141,234,246,126,247,54,120,0,1,212,116,194,176,46,44,186,160,246,131,2,2,132,130,1,1,131,126,157,111,126,126,157,111,126,4,7,15,31,31,7,15,31,118,39,40,138,108,25,26,126,85,5,2,85,85,5,2,85,2,1,0,7,6,5,0,3,149,140,128,108,72,36,24,4,0,0,4,0,0,239,25,0,0,0,0,35,97,18,170,255,8,255,34,36,85,0,0,135,16,1,11,0,255,72,14,244,170,242
2026-08-07_09-50-59,1,354,0,0.0,0,0.0,-1,-1,73,13,247,15,247,12,247,14,247,10,247,0,0,0,189,6,3,0,128,48,141,234,246,126,247,54,120,0,1,212,116,194,176,46,44,186,160,246,131,2,2,132,130,1,1,131,126,157,111,126,126,157,111,126,4,7,15,31,31,7,15,31,118,39,40,138,108,25,26,126,85,5,2,85,85,5,2,85,2,1,0,7,6,5,0,3,149,140,128,108,72,36,24,4,0,0,4,0,0,239,25,0,0,0,0,35,97,18,170,255,8,255,34,36,85,0,0,135,16,1,11,0,255,72,14,244,170,242,77,13,247,15,247,12,247,14,247,10,247,0,0,0,193,6,3,0,128,48,145,234,246,126,247,53,120,0,1,124,116,194,176,46,44,186,160,246,131,2,2,132,130,1,1,131,126,157,111,126,126,157,111,126,2,7,15,31,31,7,15,31,118,39,40,138,108,25,26,126,85,5,2,85,85,5,2,85,2,1,0,7,6,5,0,3,149,142,130,110,74,38,26,6,0,0,4,0,0,247,27,0,0,0,0,35,104,18,170,255,8,255,34,36,85,0,0,135,16,1,11,0,255,72,14,244,170,242
2026-08-07_09-50-59,1,355,0,0.0,0,0.0,-1,-1,77,13,247,15,247,12,247,14,247,10,247,0,0,0,193,6,3,0,128,48,145,234,246,126,247,53,120,0,1,124,116,194,176,46,44,186,160,246,131,2,2,132,130,1,1,131,126,157,111,126,126,157,111,126,2,7,15,31,31,7,15,31,118,39,40,138,108,25,26,126,85,5,2,85,85,5,2,85,2,1,0,7,6,5,0,3,149,142,130,110,74,38,26,6,0,0,4,0,0,247,27,0,0,0,0,35,104,18,170,255,8,255,34,36,85,0,0,135,16,1,11,0,255,72,14,244,170,242,81,13,247,15,247,12,247,14,247,10,247,0,0,0,197,6,3,0,128,48,149,234,246,126,247,53,120,0,1,36,116,194,176,46,44,186,160,246,131,2,2,132,130,1,1,131,126,157,111,126,126,157,111,126,0,7,15,31,31,7,15,31,118,39,40,138,108,25,26,126,85,5,2,85,85,5,2,85,2,1,0,7,6,5,0,3,150,145,133,113,77,41,29,9,0,0,4,0,0,223,3,0,0,0,0,35,117,18,170,255,8,255,34,36,85,0,1,135,16,1,11,0,255,72,14,244,170,242
2026-08-07_09-50-59,1,356,0,0.0,0,0.0,-1,-1,81,13,247,15,247,12,247,14,247,10,247,0,0,0,197,6,3,0,128,48,149,234,246,126,247,53,120,0,1,36,116,194,176,46,44,186,160,246,131,2,2,132,130,1,1,131,126,157,111,126,126,157,111,126,0,7,15,31,31,7,15,31,118,39,40,138,108,25,26,126,85,5,2,85,85,5,2,85,2,1,0,7,6,5,0,3,150,145,133,113,77,41,29,9,0,0,4,0,0,223,3,0,0,0,0,35,117,18,170,255,8,255,34,36,85,0,1,135,16,1,11,0,255,72,14,244,170,242,85,13,247,15,247,12,247,14,247,10,247,0,0,0,201,6,3,0,128,48,153,234,246,126,247,52,120,0,1,204,116,194,176,46,44,186,160,246,131,2,2,132,130,1,1,131,126,157,111,126,126,157,111,126,255,7,15,31,31,7,15,31,118,39,40,138,108,25,26,126,85,5,2,85,85,5,2,85,2,1,0,7,6,5,0,3,152,147,135,115,79,43,31,11,0,0,4,0,0,231,11,0,0,0,0,35,129,18,170,255,8,255,34,36,85,0,1,7,16,1,11,0,255,72,14,244,170,242
2026-08-07_09-50-59,1,357,0,0.0,0,0.0,-1,-1,85,13,247,15,247,12,247,14,247,10,247,0,0,0,201,6,3,0,128,48,153,234,246,126,247,52,120,0,1,204,116,194,176,46,44,186,160,246,131,2,2,132,130,1,1,131,126,157,111,126,126,157,111,126,255,7,15,31,31,7,15,31,118,39,40,138,108,25,26,126,85,5,2,85,85,5,2,85,2,1,0,7,6,5,0,3,152,147,135,115,79,43,31,11,0,0,4,0,0,231,11,0,0,0,0,35,129,18,170,255,8,255,34,36,85,0,1,7,16,1,11,0,255,72,14,244,170,242,89,13,247,15,247,12,247,14,247,10,247,0,0,0,205,6,3,0,128,48,157,234,246,126,247,51,120,0,1,116,116,194,176,46,44,186,160,246,131,2,2,132,130,1,1,131,126,157,111,126,126,157,111,126,255,7,15,31,31,7,15,31,118,39,40,138,108,25,26,126,85,5,2,85,85,5,2,85,2,1,0,7,6,5,0,3,154,149,137,117,81,45,33,13,0,0,4,0,0,239,19,0,0,0,0,35,136,18,170,255,8,255,34,36,85,0,0,7,16,1,11,0,255,72,14,244,170,242
2026-08-07_09-50-59,1,358,0,0.0,0,0.0,-1,-1,89,13,247,15,247,12,247,14,247,10,247,0,0,0,205,6,3,0,128,48,157,234,246,126,247,51,120,0,1,116,116,194,176,46,44,186,160,246,131,2,2,132,130,1,1,131,126,157,111,126,126,157,111,126,255,7,15,31,31,7,15,31,118,39,40,138,108,25,26,126,85,5,2,85,85,5,2,85,2,1,0,7,6,5,0,3,154,149,137,117,81,45,33,13,0,0,4,0,0,239,19,0,0,0,0,35,136,18,170,255,8,255,34,36,85,0,0,7,16,1,11,0,255,72,14,244,170,242,93,13,247,15,247,12,247,14,247,10,247,0,0,0,209,6,3,0,128,48,161,234,246,126,247,50,120,0,1,28,116,194,176,46,44,186,160,246,131,2,2,132,130,1,1,131,126,157,111,126,126,157,111,126,255,5,15,31,31,7,15,31,118,39,40,138,108,25,26,126,85,5,2,85,85,5,2,85,2,1,0,7,6,5,0,3,157,150,140,120,84,48,36,16,0,0,4,0,0,247,1,0,0,0,0,35,149,18,170,255,8,255,34,36,85,0,1,7,16,1,11,0,255,72,14,244,170,242
2026-08-07_09-50-59,1,359,0,0.0,0,0.0,-1,-1,93,13,247,15,247,12,247,14,247,10,247,0,0,0,209,6,3,0,128,48,161,234,246,126,247,50,120,0,1,28,116,194,176,46,44,186,160,246,131,2,2,132,130,1,1,131,126,157,111,126,126,157,111,126,255,5,15,31,31,7,15,31,118,39,40,138,108,25,26,126,85,5,2,85,85,5,2,85,2,1,0,7,6,5,0,3,157,150,140,120,84,48,36,16,0,0,4,0,0,247,1,0,0,0,0,35,149,18,170,255,8,255,34,36,85,0,1,7,16,1,11,0,255,72,14,244,170,242,97,13,247,15,247,12,247,14,247,10,247,0,0,0,213,6,3,0,116,48,165,234,246,126,247,50,120,0,1,196,116,194,176,46,44,186,160,246,131,2,2,132,130,1,1,131,126,157,111,126,126,157,111,126,255,2,15,31,31,7,15,31,118,39,40,138,108,25,26,126,85,5,2,85,85,5,2,85,2,1,0,7,6,5,0,3,159,149,142,122,86,50,38,18,0,0,4,224,0,223,21,0,0,0,0,36,1,17,170,255,8,255,34,36,85,0,0,7,16,1,11,0,255,72,14,244,170,242
2026-08-07_09-50-59,1,360,0,0.0,0,0.0,-1,-1,97,13,247,15,247,12,247,14,247,10,247,0,0,0,213,6,3,0,116,48,165,234,246,126,247,50,120,0,1,196,116,194,176,46,44,186,160,246,131,2,2,132,130,1,1,131,126,157,111,126,126,157,111,126,255,2,15,31,31,7,15,31,118,39,40,138,108,25,26,126,85,5,2,85,85,5,2,85,2,1,0,7,6,5,0,3,159,149,142,122,86,50,38,18,0,0,4,224,0,223,21,0,0,0,0,36,1,17,170,255,8,255,34,36,85,0,0,7,16,1,11,0,255,72,14,244,170,242,101,13,247,15,247,12,247,14,247,10,247,0,0,0,217,6,3,0,119,48,169,234,246,126,247,49,120,0,1,108,116,194,176,46,44,186,160,246,131,2,2,132,130,1,1,131,126,157,111,126,126,157,111,126,255,0,15,31,31,7,15,31,118,39,40,138,108,25,26,126,85,5,2,85,85,5,2,85,2,1,0,7,6,5,0,3,162,150,145,125,89,53,41,21,0,0,4,232,0,231,9,0,0,0,0,36,8,17,170,255,8,255,34,36,85,0,1,7,16,1,11,0,255,72,14,244,170,242
2026-08-07_09-50-59,1,361,0,0.0,0,0.0,-1,-1,101,13,247,15,247,12,247,14,247,10,247,0,0,0,217,6,3,0,119,48,169,234,246,126,247,49,120,0,1,108,116,194,176,46,44,186,160,246,131,2,2,132,130,1,1,131,126,157,111,126,126,157,111,126,255,0,15,31,31,7,15,31,118,39,40,138,108,25,26,126,85,5,2,85,85,5,2,85,2,1,0,7,6,5,0,3,162,150,145,125,89,53,41,21,0,0,4,232,0,231,9,0,0,0,0,36,8,17,170,255,8,255,34,36,85,0,1,7,16,1,11,0,255,72,14,244,170,242,105,13,247,15,247,12,247,14,247,10,247,0,0,0,221,6,3,0,121,48,173,234,246,126,247,48,120,0,1,20,116,194,176,46,44,186,160,246,131,2,2,132,130,1,1,131,126,157,111,126,126,157,111,126,255,255,15,31,31,7,15,31,118,39,40,138,108,25,26,126,85,5,2,85,85,5,2,85,2,1,0,7,6,5,0,3,164,152,147,127,91,55,43,23,0,0,4,240,0,239,29,0,0,0,0,36,21,17,170,255,8,255,34,36,85,0,0,7,16,1,11,0,255,72,14,244,170,242
2026-08-07_09-50-59,1,362,0,0.0,0,0.0,-1,-1,105,13,247,15,247,12,247,14,247,10,247,0,0,0,221,6,3,0,121,48,173,234,246,126,247,48,120,0,1,20,116,194,176,46,44,186,160,246,131,2,2,132,130,1,1,131,126,157,111,126,126,157,111,126,255,255,15,31,31,7,15,31,118,39,40,138,108,25,26,126,85,5,2,85,85,5,2,85,2,1,0,7,6,5,0,3,164,152,147,127,91,55,43,23,0,0,4,240,0,239,29,0,0,0,0,36,21,17,170,255,8,255,34,36,85,0,0,7,16,1,11,0,255,72,14,244,170,242,109,13,247,15,247,12,247,14,247,10,247,0,0,0,224,6,3,0,125,48,176,234,246,126,247,47,120,0,1,188,116,194,176,46,44,186,160,246,131,2,2,132,130,1,1,131,126,157,111,126,126,157,111,126,255,255,14,31,31,7,15,31,118,39,40,138,108,25,26,126,85,5,2,85,85,5,2,85,2,1,0,7,6,5,0,3,168,156,150,131,95,59,47,27,0,0,4,248,0,243,7,0,0,0,0,36,33,17,170,255,8,255,34,36,85,0,1,7,16,1,11,0,255,72,14,244,170,242
2026-08-07_09-50-59,1,363,0,0.0,0,0.0,-1,-1,109,13,247,15,247,12,247,14,247,10,247,0,0,0,224,6,3,0,125,48,176,234,246,126,247,47,120,0,1,188,116,194,176,46,44,186,160,246,131,2,2,132,130,1,1,131,126,157,111,126,126,157,111,126,255,255,14,31,31,7,15,31,118,39,40,138,108,25,26,126,85,5,2,85,85,5,2,85,2,1,0,7,6,5,0,3,168,156,150,131,95,59,47,27,0,0,4,248,0,243,7,0,0,0,0,36,33,17,170,255,8,255,34,36,85,0,1,7,16,1,11,0,255,72,14,244,170,242,113,13,247,15,247,12,247,14,247,10,247,0,0,0,224,6,3,0,128,48,176,234,246,126,247,46,120,0,1,100,116,194,176,46,44,186,160,246,131,2,2,132,130,1,1,131,126,157,111,126,126,157,111,126,255,255,10,31,31,7,15,31,118,39,40,138,108,25,26,126,85,5,2,85,85,5,2,85,2,1,0,7,6,5,0,3,172,160,150,135,99,63,51,31,0,0,4,11,0,243,7,0,0,0,0,36,40,17,170,255,8,255,34,36,85,0,1,7,16,1,11,0,255,72,14,244,170,242
2026-08-07_09-50-59,1,364,0,0.0,0,0.0,-1,-1,113,13,247,15,247,12,247,14,247,10,247,0,0,0,224,6,3,0,128,48,176,234,246,126,247,46,120,0,1,100,116,194,176,46,44,186,160,246,131,2,2,132,130,1,1,131,126,157,111,126,126,157,111,126,255,255,10,31,31,7,15,31,118,39,40,138,108,25,26,126,85,5,2,85,85,5,2,85,2,1,0,7,6,5,0,3,172,160,150,135,99,63,51,31,0,0,4,11,0,243,7,0,0,0,0,36,40,17,170,255,8,255,34,36,85,0,1,7,16,1,11,0,255,72,14,244,170,242,117,13,247,15,247,12,247,14,247,10,247,0,0,0,224,6,3,0,128,48,176,234,246,126,247,45,120,0,1,12,116,194,176,46,44,186,160,246,131,2,2,132,130,1,1,131,126,157,111,126,126,157,111,126,255,255,6,31,31,7,15,31,118,39,40,138,108,25,26,126,85,5,2,85,85,5,2,85,2,1,0,7,6,5,0,3,176,164,150,139,103,67,55,35,0,0,4,7,0,243,7,0,0,0,0,36,53,17,170,255,8,255,34,36,85,0,1,7,16,1,11,0,255,72,14,244,170,242
2026-08-07_09-50-59,1,365,0,0.0,0,0.0,-1,-1,117,13,247,15,247,12,247,14,247,10,247,0,0,0,224,6,3,0,128,48,176,234,246,126,247,45,120,0,1,12,116,194,176,46,44,186,160,246,131,2,2,132,130,1,1,131,126,157,111,126,126,157,111,126,255,255,6,31,31,7,15,31,118,39,40,138,108,25,26,126,85,5,2,85,85,5,2,85,2,1,0,7,6,5,0,3,176,164,150,139,103,67,55,35,0,0,4,7,0,243,7,0,0,0,0,36,53,17,170,255,8,255,34,36,85,0,1,7,16,1,11,0,255,72,14,244,170,242,121,13,247,15,247,12,247,14,247,10,247,0,0,0,224,6,2,0,128,48,176,234,246,126,247,44,120,0,1,180,194,176,46,44,186,160,246,196,2,2,132,130,1,1,131,129,157,111,126,126,157,111,126,126,255,2,31,31,7,15,31,31,39,40,138,108,25,26,126,99,5,2,85,85,5,2,85,85,1,0,7,6,5,0,3,2,168,150,143,107,71,59,39,3,0,0,4,3,0,243,7,0,0,0,0,36,65,17,170,255,7,255,68,73,85,0,1,7,16,1,11,0,255,72,14,244,170,242
2026-08-07_09-50-59,1,366,0,0.0,0,0.0,-1,-1,121,13,247,15,247,12,247,14,247,10,247,0,0,0,224,6,2,0,128,48,176,234,246,126,247,44,120,0,1,180,194,176,46,44,186,160,246,196,2,2,132,130,1,1,131,129,157,111,126,126,157,111,126,126,255,2,31,31,7,15,31,31,39,40,138,108,25,26,126,99,5,2,85,85,5,2,85,85,1,0,7,6,5,0,3,2,168,150,143,107,71,59,39,3,0,0,4,3,0,243,7,0,0,0,0,36,65,17,170,255,7,255,68,73,85,0,1,7,16,1,11,0,255,72,14,244,170,242,125,13,247,15,247,12,247,14,247,10,247,0,0,0,224,6,2,0,128,48,176,234,246,126,247,43,120,0,1,92,194,176,46,44,186,160,246,196,2,2,132,130,1,1,131,129,157,111,126,126,157,111,126,126,255,255,31,31,7,15,31,31,39,40,138,108,25,26,126,99,5,2,85,85,5,2,85,85,1,0,7,6,5,0,3,2,172,152,147,111,75,63,43,7,0,0,4,0,0,243,7,0,0,0,0,36,72,17,170,255,8,255,68,73,85,0,1,7,16,1,11,0,255,72,14,244,170,242
2026-08-07_09-50-59,1,367,0,0.0,0,0.0,-1,-1,125,13,247,15,247,12,247,14,247,10,247,0,0,0,224,6,2,0,128,48,176,234,246,126,247,43,120,0,1,92,194,176,46,44,186,160,246,196,2,2,132,130,1,1,131,129,157,111,126,126,157,111,126,126,255,255,31,31,7,15,31,31,39,40,138,108,25,26,126,99,5,2,85,85,5,2,85,85,1,0,7,6,5,0,3,2,172,152,147,111,75,63,43,7,0,0,4,0,0,243,7,0,0,0,0,36,72,17,170,255,8,255,68,73,85,0,1,7,16,1,11,0,255,72,14,244,170,242,129,13,247,15,247,12,247,14,247,10,247,0,0,0,224,6,2,0,128,48,176,234,246,126,247,42,120,0,1,4,194,176,46,44,186,160,246,196,2,2,132,130,1,1,131,129,157,111,126,126,157,111,126,126,255,255,30,31,7,15,31,31,39,40,138,108,25,26,126,99,5,2,85,85,5,2,85,85,1,0,7,6,5,0,3,2,176,156,150,115,79,67,47,11,0,0,4,0,0,243,7,0,0,0,0,36,85,17,170,255,8,255,68,73,85,0,1,7,16,1,11,0,255,72,14,244,170,242
2026-08-07_09-50-59,1,368,0,0.0,0,0.0,-1,-1,129,13,247,15,247,12,247,14,247,10,247,0,0,0,224,6,2,0,128,48,176,234,246,126,247,42,120,0,1,4,194,176,46,44,186,160,246,196,2,2,132,130,1,1,131,129,157,111,126,126,157,111,126,126,255,255,30,31,7,15,31,31,39,40,138,108,25,26,126,99,5,2,85,85,5,2,85,85,1,0,7,6,5,0,3,2,176,156,150,115,79,67,47,11,0,0,4,0,0,243,7,0,0,0,0,36,85,17,170,255,8,255,68,73,85,0,1,7,16,1,11,0,255,72,14,244,170,242,133,13,247,15,247,12,247,14,247,10,247,0,0,0,224,6,2,0,128,48,176,234,246,126,247,41,120,0,1,172,194,176,46,44,186,160,246,196,2,2,132,130,1,1,131,129,157,111,126,126,157,111,126,126,255,255,26,31,7,15,31,31,39,40,138,108,25,26,126,99,5,2,85,85,5,2,85,85,1,0,7,6,5,0,3,2,180,160,150,119,83,71,51,15,0,0,4,0,0,243,7,0,0,0,0,36,97,17,170,255,8,255,68,73,85,0,1,7,16,1,11,0,255,72,14,244,170,242
2026-08-07_09-50-59,1,369,0,0.0,0,0.0,-1,-1,133,13,247,15,247,12,247,14,247,10,247,0,0,0,224,6,2,0,128,48,176,234,246,126,247,41,120,0,1,172,194,176,46,44,186,160,246,196,2,2,132,130,1,1,131,129,157,111,126,126,157,111,126,126,255,255,26,31,7,15,31,31,39,40,138,108,25,26,126,99,5,2,85,85,5,2,85,85,1,0,7,6,5,0,3,2,180,160,150,119,83,71,51,15,0,0,4,0,0,243,7,0,0,0,0,36,97,17,170,255,8,255,68,73,85,0,1,7,16,1,11,0,255,72,14,244,170,242,137,13,247,15,247,12,247,14,247,10,247,0,0,0,224,6,2,0,128,48,176,234,246,126,247,40,120,0,1,84,194,176,46,44,186,160,246,196,2,2,132,130,1,1,131,129,157,111,126,126,157,111,126,126,255,255,22,31,7,15,31,31,39,40,138,108,25,26,126,99,5,2,85,85,5,2,85,85,1,0,7,6,5,0,3,2,184,164,150,123,87,75,55,19,0,0,4,0,0,243,7,0,0,0,0,36,104,17,170,255,8,255,68,73,85,0,1,7,16,1,11,0,255,72,14,244,170,242
2026-08-07_09-50-59,1,370,0,0.0,0,0.0,-1,-1,137,13,247,15,247,12,247,14,247,10,247,0,0,0,224,6,2,0,128,48,176,234,246,126,247,40,120,0,1,84,194,176,46,44,186,160,246,196,2,2,132,130,1,1,131,129,157,111,126,126,157,111,126,126,255,255,22,31,7,15,31,31,39,40,138,108,25,26,126,99,5,2,85,85,5,2,85,85,1,0,7,6,5,0,3,2,184,164,150,123,87,75,55,19,0,0,4,0,0,243,7,0,0,0,0,36,104,17,170,255,8,255,68,73,85,0,1,7,16,1,11,0,255,72,14,244,170,242,141,13,247,15,247,12,247,14,247,10,247,0,0,0,224,7,2,0,128,49,177,234,246,126,247,39,120,0,1,252,194,176,46,44,186,160,246,196,2,2,132,130,1,1,131,129,157,111,126,126,157,111,126,126,255,255,18,31,7,15,31,31,39,40,138,108,25,26,126,99,5,2,85,85,5,2,85,85,1,0,7,6,5,0,3,2,188,168,150,127,91,79,59,23,0,0,4,0,8,243,7,9,0,0,0,36,116,17,170,255,8,255,68,73,85,0,1,7,16,1,11,0,255,72,14,244,170,242
2026-08-07_09-50-59,1,371,1,0.0,0,0.0,-1,-1,141,13,247,15,247,12,247,14,247,10,247,0,0,0,224,7,2,0,128,49,177,234,246,126,247,39,120,0,1,252,194,176,46,44,186,160,246,196,2,2,132,130,1,1,131,129,157,111,126,126,157,111,126,126,255,255,18,31,7,15,31,31,39,40,138,108,25,26,126,99,5,2,85,85,5,2,85,85,1,0,7,6,5,0,3,2,188,168,150,127,91,79,59,23,0,0,4,0,8,243,7,9,0,0,0,36,116,17,170,255,8,255,68,73,85,0,1,7,16,1,11,0,255,72,14,244,170,242,145,13,247,15,247,12,247,14,247,10,247,0,0,0,224,7,2,0,128,53,181,234,246,126,247,38,120,0,1,164,194,176,126,44,186,160,246,196,2,2,132,130,1,1,131,129,157,111,126,126,157,111,126,126,255,255,14,31,7,15,31,31,39,40,133,108,25,26,126,99,5,2,85,85,5,2,85,85,1,0,7,6,5,0,3,2,192,172,150,131,95,83,63,27,0,0,4,0,4,243,7,5,0,0,0,36,129,17,170,255,8,255,68,73,85,0,1,7,16,1,11,0,255,72,14,244,170,242
2026-08-07_09-50-59,1,372,1,0.0,0,0.0,-1,-1,145,13,247,15,247,12,247,14,247,10,247,0,0,0,224,7,2,0,128,53,181,234,246,126,247,38,120,0,1,164,194,176,126,44,186,160,246,196,2,2,132,130,1,1,131,129,157,111,126,126,157,111,126,126,255,255,14,31,7,15,31,31,39,40,133,108,25,26,126,99,5,2,85,85,5,2,85,85,1,0,7,6,5,0,3,2,192,172,150,131,95,83,63,27,0,0,4,0,4,243,7,5,0,0,0,36,129,17,170,255,8,255,68,73,85,0,1,7,16,1,11,0,255,72,14,244,170,242,149,13,247,15,247,12,247,14,247,10,247,0,0,0,224,7,2,0,128,57,185,234,246,126,247,37,120,0,1,76,194,176,126,44,186,160,246,196,2,2,132,130,1,1,131,129,157,111,126,126,157,111,126,126,255,255,10,31,7,15,31,31,39,40,133,108,25,26,126,99,5,2,85,85,5,2,85,85,1,0,7,6,5,0,3,2,196,176,150,135,99,87,67,31,0,0,4,0,0,243,7,1,0,0,0,36,136,17,170,255,8,255,68,73,85,0,1,7,16,1,11,0,255,72,14,244,170,242
2026-08-07_09-50-59,1,373,1,0.0,0,0.0,-1,-1,149,13,247,15,247,12,247,14,247,10,247,0,0,0,224,7,2,0,128,57,185,234,246,126,247,37,120,0,1,76,194,176,126,44,186,160,246,196,2,2,132,130,1,1,131,129,157,111,126,126,157,111,126,126,255,255,10,31,7,15,31,31,39,40,133,108,25,26,126,99,5,2,85,85,5,2,85,85,1,0,7,6,5,0,3,2,196,176,150,135,99,87,67,31,0,0,4,0,0,243,7,1,0,0,0,36,136,17,170,255,8,255,68,73,85,0,1,7,16,1,11,0,255,72,14,244,170,242,153,13,247,15,247,12,247,14,247,10,247,0,0,0,224,8,2,0,128,61,189,234,246,126,247,36,120,0,1,244,194,176,126,44,186,160,246,196,2,2,132,130,1,1,131,129,157,111,126,126,157,111,126,126,255,255,6,31,7,15,31,31,39,40,133,108,25,26,126,99,5,2,85,85,5,2,85,85,1,0,7,6,5,0,3,2,200,180,150,139,103,91,71,35,0,0,4,0,5,243,7,6,0,0,0,36,148,17,170,255,8,255,68,73,85,0,1,7,16,1,11,0,255,72,14,244,170,242
2026-08-07_09-50-59,1,374,0,0.0,0,0.0,-1,-1,153,13,247,15,247,12,247,14,247,10,247,0,0,0,224,8,2,0,128,61,189,234,246,126,247,36,120,0,1,244,194,176,126,44,186,160,246,196,2,2,132,130,1,1,131,129,157,111,126,126,157,111,126,126,255,255,6,31,7,15,31,31,39,40,133,108,25,26,126,99,5,2,85,85,5,2,85,85,1,0,7,6,5,0,3,2,200,180,150,139,103,91,71,35,0,0,4,0,5,243,7,6,0,0,0,36,148,17,170,255,8,255,68,73,85,0,1,7,16,1,11,0,255,72,14,244,170,242,157,13,247,15,247,12,247,14,247,10,247,0,0,0,224,8,1,0,128,64,192,234,246,157,247,36,120,0,1,156,176,126,44,186,160,246,196,242,2,132,130,1,1,131,129,1,111,126,126,157,111,126,126,157,255,2,31,7,15,31,31,7,40,133,108,25,26,126,99,21,2,85,85,5,2,85,85,5,0,7,6,5,0,3,2,1,184,150,143,107,95,75,39,3,0,0,4,0,0,227,15,0,0,0,0,37,1,17,170,255,7,255,136,147,5,0,1,7,16,1,11,0,255,72,14,244,170,242
2026-08-07_09-50-59,1,375,0,0.0,0,0.0,-1,-1,157,13,247,15,247,12,247,14,247,10,247,0,0,0,224,8,1,0,128,64,192,234,246,157,247,36,120,0,1,156,176,126,44,186,160,246,196,242,2,132,130,1,1,131,129,1,111,126,126,157,111,126,126,157,255,2,31,7,15,31,31,7,40,133,108,25,26,126,99,21,2,85,85,5,2,85,85,5,0,7,6,5,0,3,2,1,184,150,143,107,95,75,39,3,0,0,4,0,0,227,15,0,0,0,0,37,1,17,170,255,7,255,136,147,5,0,1,7,16,1,11,0,255,72,14,244,170,242,161,13,247,15,247,12,247,14,247,10,247,0,0,0,224,8,1,0,128,64,192,234,246,157,247,36,120,0,1,68,176,126,44,186,160,246,196,242,2,132,130,1,1,131,129,1,111,126,126,157,111,126,126,157,255,255,31,7,15,31,31,7,40,133,108,25,26,126,99,21,2,85,85,5,2,85,85,5,0,7,6,5,0,3,2,1,188,152,147,111,99,79,43,7,0,0,4,0,0,227,31,0,0,0,0,37,8,17,170,255,8,255,136,147,5,0,1,7,16,1,11,0,255,72,14,244,170,242
2026-08-07_09-50-59,1,376,0,0.0,0,0.0,-1,-1,161,13,247,15,247,12,247,14,247,10,247,0,0,0,224,8,1,0,128,64,192,234,246,157,247,36,120,0,1,68,176,126,44,186,160,246,196,242,2,132,130,1,1,131,129,1,111,126,126,157,111,126,126,157,255,255,31,7,15,31,31,7,40,133,108,25,26,126,99,21,2,85,85,5,2,85,85,5,0,7,6,5,0,3,2,1,188,152,147,111,99,79,43,7,0,0,4,0,0,227,31,0,0,0,0,37,8,17,170,255,8,255,136,147,5,0,1,7,16,1,11,0,255,72,14,244,170,242,165,13,247,15,247,12,247,14,247,10,247,0,0,0,224,8,1,0,128,64,192,234,246,157,247,36,120,0,1,236,176,126,44,186,160,246,196,242,2,132,130,1,1,131,129,1,111,126,126,157,111,126,126,157,255,255,29,7,15,31,31,7,40,133,108,25,26,126,99,21,2,85,85,5,2,85,85,5,0,7,6,5,0,3,2,1,193,157,150,116,104,84,48,12,0,0,4,0,0,227,15,0,0,0,0,37,20,17,170,255,8,255,136,147,5,0,1,7,16,1,11,0,255,72,14,244,170,242
2026-08-07_09-50-59,1,377,0,0.0,0,0.0,-1,-1,165,13,247,15,247,12,247,14,247,10,247,0,0,0,224,8,1,0,128,64,192,234,246,157,247,36,120,0,1,236,176,126,44,186,160,246,196,242,2,132,130,1,1,131,129,1,111,126,126,157,111,126,126,157,255,255,29,7,15,31,31,7,40,133,108,25,26,126,99,21,2,85,85,5,2,85,85,5,0,7,6,5,0,3,2,1,193,157,150,116,104,84,48,12,0,0,4,0,0,227,15,0,0,0,0,37,20,17,170,255,8,255,136,147,5,0,1,7,16,1,11,0,255,72,14,244,170,242,169,13,247,15,247,12,247,14,247,10,247,0,0,0,224,8,0,0,128,64,192,234,246,111,247,36,120,0,1,148,126,44,186,160,246,196,242,48,132,130,1,1,131,129,1,2,126,126,157,111,126,126,157,111,255,25,7,15,31,31,7,15,133,108,25,26,126,99,21,32,85,85,5,2,85,85,5,2,7,6,5,0,3,2,1,0,161,150,120,108,88,52,16,4,0,0,4,0,0,227,31,0,0,0,0,37,33,17,170,255,8,255,17,38,2,0,1,7,16,1,11,0,255,72,14,244,170,242
2026-08-07_09-50-59,1,378,0,0.0,0,0.0,-1,-1,169,13,247,15,247,12,247,14,247,10,247,0,0,0,224,8,0,0,128,64,192,234,246,111,247,36,120,0,1,148,126,44,186,160,246,196,242,48,132,130,1,1,131,129,1,2,126,126,157,111,126,126,157,111,255,25,7,15,31,31,7,15,133,108,25,26,126,99,21,32,85,85,5,2,85,85,5,2,7,6,5,0,3,2,1,0,161,150,120,108,88,52,16,4,0,0,4,0,0,227,31,0,0,0,0,37,33,17,170,255,8,255,17,38,2,0,1,7,16,1,11,0,255,72,14,244,170,242,173,13,247,15,247,12,247,14,247,10,247,0,0,0,224,8,0,0,128,64,192,234,246,111,247,36,120,0,1,60,126,44,186,160,246,196,242,48,132,130,1,1,131,129,1,2,126,126,157,111,126,126,157,111,255,20,7,15,31,31,7,15,133,108,25,26,126,99,21,32,85,85,5,2,85,85,5,2,7,6,5,0,3,2,1,0,166,150,125,113,93,57,21,9,0,0,4,0,0,227,15,0,0,0,0,37,40,17,170,255,8,255,17,38,2,0,1,7,16,1,11,0,255,72,14,244,170,242
2026-08-07_09-50-59,1,379,0,0.0,0,0.0,-1,-1,173,13,247,15,247,12,247,14,247,10,247,0,0,0,224,8,0,0,128,64,192,234,246,111,247,36,120,0,1,60,126,44,186,160,246,196,242,48,132,130,1,1,131,129,1,2,126,126,157,111,126,126,157,111,255,20,7,15,31,31,7,15,133,108,25,26,126,99,21,32,85,85,5,2,85,85,5,2,7,6,5,0,3,2,1,0,166,150,125,113,93,57,21,9,0,0,4,0,0,227,15,0,0,0,0,37,40,17,170,255,8,255,17,38,2,0,1,7,16,1,11,0,255,72,14,244,170,242,177,13,247,15,247,12,247,14,247,10,247,0,0,0,224,8,0,0,128,64,192,234,246,111,247,36,120,0,1,228,126,44,186,160,246,196,242,48,132,130,1,1,131,129,1,2,126,126,157,111,126,126,157,111,255,16,7,15,31,31,7,15,133,108,25,26,126,99,21,32,85,85,5,2,85,85,5,2,7,6,5,0,3,2,1,0,170,150,129,117,97,61,25,13,0,0,4,0,0,227,31,0,0,0,0,37,52,17,170,255,8,255,17,38,2,0,1,135,16,1,11,0,0,72,14,244,170,242
2026-08-07_09-50-59,1,380,0,0.0,0,0.0,-1,-1,177,13,247,15,247,12,247,14,247,10,247,0,0,0,224,8,0,0,128,64,192,234,246,111,247,36,120,0,1,228,126,44,186,160,246,196,242,48,132,130,1,1,131,129,1,2,126,126,157,111,126,126,157,111,255,16,7,15,31,31,7,15,133,108,25,26,126,99,21,32,85,85,5,2,85,85,5,2,7,6,5,0,3,2,1,0,170,150,129,117,97,61,25,13,0,0,4,0,0,227,31,0,0,0,0,37,52,17,170,255,8,255,17,38,2,0,1,135,16,1,11,0,0,72,14,244,170,242,181,13,247,15,247,12,247,14,247,10,247,0,0,0,224,8,0,0,128,64,192,234,246,111,247,36,120,0,1,140,126,124,186,160,246,196,242,48,132,130,1,1,131,129,1,2,126,126,157,111,126,126,157,111,255,11,7,15,31,31,7,15,133,103,25,26,126,99,21,32,85,85,5,2,85,85,5,2,7,6,5,0,3,2,1,0,175,150,134,122,102,66,30,18,0,0,4,0,0,227,15,0,0,0,0,37,65,17,170,255,8,255,17,38,2,0,1,135,16,1,11,0,0,72,14,244,170,242
2026-08-07_09-50-59,1,381,0,0.0,0,0.0,-1,-1,181,13,247,15,247,12,247,14,247,10,247,0,0,0,224,8,0,0,128,64,192,234,246,111,247,36,120,0,1,140,126,124,186,160,246,196,242,48,132,130,1,1,131,129,1,2,126,126,157,111,126,126,157,111,255,11,7,15,31,31,7,15,133,103,25,26,126,99,21,32,85,85,5,2,85,85,5,2,7,6,5,0,3,2,1,0,175,150,134,122,102,66,30,18,0,0,4,0,0,227,15,0,0,0,0,37,65,17,170,255,8,255,17,38,2,0,1,135,16,1,11,0,0,72,14,244,170,242,185,13,247,15,247,12,247,14,247,10,247,0,0,0,224,8,7,0,128,64,192,234,246,126,247,36,120,0,1,52,124,186,160,246,196,242,48,46,130,1,1,131,129,1,2,130,126,157,111,126,126,157,111,126,7,7,15,31,31,7,15,31,103,25,26,126,99,21,32,108,85,5,2,85,85,5,2,85,6,5,0,3,2,1,0,7,150,138,126,106,70,34,22,2,0,0,4,0,0,227,31,0,0,0,0,37,72,17,170,255,7,255,34,76,85,0,1,135,16,1,11,0,255,72,14,244,170,242
2026-08-07_09-50-59,1,382,0,0.0,0,0.0,-1,-1,185,13,247,15,247,12,247,14,247,10,247,0,0,0,224,8,7,0,128,64,192,234,246,126,247,36,120,0,1,52,124,186,160,246,196,242,48,46,130,1,1,131,129,1,2,130,126,157,111,126,126,157,111,126,7,7,15,31,31,7,15,31,103,25,26,126,99,21,32,108,85,5,2,85,85,5,2,85,6,5,0,3,2,1,0,7,150,138,126,106,70,34,22,2,0,0,4,0,0,227,31,0,0,0,0,37,72,17,170,255,7,255,34,76,85,0,1,135,16,1,11,0,255,72,14,244,170,242,189,13,247,15,247,12,247,14,247,10,247,0,0,0,224,8,7,0,128,64,192,234,246,126,247,36,120,0,1,220,124,186,160,246,196,242,48,46,130,1,1,131,129,1,2,130,126,157,111,126,126,157,111,126,2,7,15,31,31,7,15,31,103,25,26,126,99,21,32,108,85,5,2,85,85,5,2,85,6,5,0,3,2,1,0,7,150,143,131,111,75,39,27,7,0,0,4,0,0,227,15,0,0,0,0,37,84,17,170,255,8,255,34,76,85,0,1,135,16,1,11,0,255,72,14,244,170,242
2026-08-07_09-50-59,1,383,0,0.0,0,0.0,-1,-1,189,13,247,15,247,12,247,14,247,10,247,0,0,0,224,8,7,0,128,64,192,234,246,126,247,36,120,0,1,220,124,186,160,246,196,242,48,46,130,1,1,131,129,1,2,130,126,157,111,126,126,157,111,126,2,7,15,31,31,7,15,31,103,25,26,126,99,21,32,108,85,5,2,85,85,5,2,85,6,5,0,3,2,1,0,7,150,143,131,111,75,39,27,7,0,0,4,0,0,227,15,0,0,0,0,37,84,17,170,255,8,255,34,76,85,0,1,135,16,1,11,0,255,72,14,244,170,242,193,13,247,15,247,12,247,14,247,10,247,0,0,0,224,8,7,0,128,64,192,234,246,126,247,36,120,0,1,132,124,186,160,246,196,242,48,46,130,1,1,131,129,1,2,130,126,157,111,126,126,157,111,126,255,7,15,31,31,7,15,31,103,25,26,126,99,21,32,108,85,5,2,85,85,5,2,85,6,5,0,3,2,1,0,7,152,147,135,115,79,43,31,11,0,0,4,0,0,227,31,0,0,0,0,37,97,17,170,255,8,255,34,76,85,0,1,7,16,1,11,0,255,72,14,244,170,242
2026-08-07_09-50-59,1,384,0,0.0,0,0.0,-1,-1,193,13,247,15,247,12,247,14,247,10,247,0,0,0,224,8,7,0,128,64,192,234,246,126,247,36,120,0,1,132,124,186,160,246,196,242,48,46,130,1,1,131,129,1,2,130,126,157,111,126,126,157,111,126,255,7,15,31,31,7,15,31,103,25,26,126,99,21,32,108,85,5,2,85,85,5,2,85,6,5,0,3,2,1,0,7,152,147,135,115,79,43,31,11,0,0,4,0,0,227,31,0,0,0,0,37,97,17,170,255,8,255,34,76,85,0,1,7,16,1,11,0,255,72,14,244,170,242,197,13,247,15,247,12,247,14,247,10,247,0,0,0,224,8,7,0,128,64,192,234,246,126,247,36,120,0,1,44,124,186,160,246,196,242,48,46,130,1,1,131,129,1,2,130,126,157,111,126,126,157,111,126,255,5,15,31,31,7,15,31,103,25,26,126,99,21,32,108,85,5,2,85,85,5,2,85,6,5,0,3,2,1,0,7,157,150,140,120,84,48,36,16,0,0,4,0,0,227,15,0,0,0,0,37,104,17,170,255,8,255,34,76,85,0,1,7,16,1,11,0,255,72,14,244,170,242
2026-08-07_09-50-59,1,385,0,0.0,0,0.0,-1,-1,197,13,247,15,247,12,247,14,247,10,247,0,0,0,224,8,7,0,128,64,192,234,246,126,247,36,120,0,1,44,124,186,160,246,196,242,48,46,130,1,1,131,129,1,2,130,126,157,111,126,126,157,111,126,255,5,15,31,31,7,15,31,103,25,26,126,99,21,32,108,85,5,2,85,85,5,2,85,6,5,0,3,2,1,0,7,157,150,140,120,84,48,36,16,0,0,4,0,0,227,15,0,0,0,0,37,104,17,170,255,8,255,34,76,85,0,1,7,16,1,11,0,255,72,14,244,170,242,201,13,247,15,247,12,247,14,247,10,247,0,0,0,224,8,7,0,118,64,192,234,246,126,247,36,120,0,1,212,124,186,160,246,196,242,48,46,130,1,1,131,129,1,2,130,126,157,111,126,126,157,111,126,255,1,15,31,31,7,15,31,103,25,26,126,99,21,32,108,85,5,2,85,85,5,2,85,6,5,0,3,2,1,0,7,161,150,144,124,88,52,40,20,0,0,4,226,0,227,31,0,0,0,0,37,116,16,170,255,8,255,34,76,85,0,1,7,16,1,11,0,255,72,14,244,170,242
2026-08-07_09-50-59,1,386,0,0.0,0,0.0,-1,-1,201,13,247,15,247,12,247,14,247,10,247,0,0,0,224,8,7,0,118,64,192,234,246,126,247,36,120,0,1,212,124,186,160,246,196,242,48,46,130,1,1,131,129,1,2,130,126,157,111,126,126,157,111,126,255,1,15,31,31,7,15,31,103,25,26,126,99,21,32,108,85,5,2,85,85,5,2,85,6,5,0,3,2,1,0,7,161,150,144,124,88,52,40,20,0,0,4,226,0,227,31,0,0,0,0,37,116,16,170,255,8,255,34,76,85,0,1,7,16,1,11,0,255,72,14,244,170,242,205,13,247,15,247,12,247,14,247,10,247,0,0,0,224,8,7,0,123,64,192,234,246,126,247,36,120,0,1,124,124,186,160,246,196,242,48,46,130,1,1,131,129,1,2,130,126,157,111,126,126,157,111,126,255,255,15,31,31,7,15,31,103,25,26,126,99,21,32,108,85,5,2,85,85,5,2,85,6,5,0,3,2,1,0,7,166,154,149,129,93,57,45,25,0,0,4,234,0,227,15,0,0,0,0,37,129,16,170,255,8,255,34,76,85,0,1,7,16,1,11,0,255,72,14,244,170,242
2026-08-07_09-50-59,1,387,0,0.0,0,0.0,-1,-1,205,13,247,15,247,12,247,14,247,10,247,0,0,0,224,8,7,0,123,64,192,234,246,126,247,36,120,0,1,124,124,186,160,246,196,242,48,46,130,1,1,131,129,1,2,130,126,157,111,126,126,157,111,126,255,255,15,31,31,7,15,31,103,25,26,126,99,21,32,108,85,5,2,85,85,5,2,85,6,5,0,3,2,1,0,7,166,154,149,129,93,57,45,25,0,0,4,234,0,227,15,0,0,0,0,37,129,16,170,255,8,255,34,76,85,0,1,7,16,1,11,0,255,72,14,244,170,242,209,13,247,15,247,12,247,14,247,10,247,0,0,0,224,8,7,0,127,64,192,234,246,126,247,36,120,0,1,36,124,186,160,246,196,242,48,46,130,1,1,131,129,1,2,130,126,157,111,126,126,157,111,126,255,255,12,31,31,7,15,31,103,25,26,126,99,21,32,108,85,5,2,85,85,5,2,85,6,5,0,3,2,1,0,7,170,158,150,133,97,61,49,29,0,0,4,242,0,227,31,0,0,0,0,37,136,16,170,255,8,255,34,76,85,0,1,7,16,1,11,0,255,72,14,244,170,242
2026-08-07_09-50-59,1,388,0,0.0,0,0.0,-1,-1,209,13,247,15,247,12,247,14,247,10,247,0,0,0,224,8,7,0,127,64,192,234,246,126,247,36,120,0,1,36,124,186,160,246,196,242,48,46,130,1,1,131,129,1,2,130,126,157,111,126,126,157,111,126,255,255,12,31,31,7,15,31,103,25,26,126,99,21,32,108,85,5,2,85,85,5,2,85,6,5,0,3,2,1,0,7,170,158,150,133,97,61,49,29,0,0,4,242,0,227,31,0,0,0,0,37,136,16,170,255,8,255,34,76,85,0,1,7,16,1,11,0,255,72,14,244,170,242,213,13,247,15,247,12,247,14,247,10,247,0,0,0,224,8,7,0,129,64,192,234,246,126,247,36,120,0,1,204,124,186,160,246,196,242,48,46,130,1,1,131,129,1,2,130,126,157,111,126,126,157,111,126,255,255,7,31,31,7,15,31,103,25,26,126,99,21,32,108,85,5,2,85,85,5,2,85,6,5,0,3,2,1,0,7,175,163,150,138,102,66,54,34,0,0,4,250,0,227,15,0,0,0,0,37,148,16,170,255,8,255,34,76,85,0,1,7,16,1,11,0,255,72,14,244,170,242
2026-08-07_09-50-59,1,389,0,0.0,0,0.0,-1,-1,213,13,247,15,247,12,247,14,247,10,247,0,0,0,224,8,7,0,129,64,192,234,246,126,247,36,120,0,1,204,124,186,160,246,196,242,48,46,130,1,1,131,129,1,2,130,126,157,111,126,126,157,111,126,255,255,7,31,31,7,15,31,103,25,26,126,99,21,32,108,85,5,2,85,85,5,2,85,6,5,0,3,2,1,0,7,175,163,150,138,102,66,54,34,0,0,4,250,0,227,15,0,0,0,0,37,148,16,170,255,8,255,34,76,85,0,1,7,16,1,11,0,255,72,14,244,170,242,217,13,247,15,247,12,247,14,247,10,247,0,0,0,224,9,6,0,129,66,190,234,246,126,247,36,120,0,1,116,186,160,246,196,242,48,46,76,1,1,131,129,1,2,130,131,157,111,126,126,157,111,126,126,255,3,31,31,7,15,31,31,25,26,126,99,21,32,108,121,5,2,85,85,5,2,85,85,5,0,3,2,1,0,7,6,167,150,142,106,70,58,38,2,0,0,4,10,6,227,23,7,0,0,0,38,1,16,170,255,7,255,68,153,85,0,1,7,8,1,11,0,255,72,14,244,170,242
2026-08-07_09-50-59,1,390,1,0.0,0,0.0,-1,-1,217,13,247,15,247,12,247,14,247,10,247,0,0,0,224,9,6,0,129,66,190,234,246,126,247,36,120,0,1,116,186,160,246,196,242,48,46,76,1,1,131,129,1,2,130,131,157,111,126,126,157,111,126,126,255,3,31,31,7,15,31,31,25,26,126,99,21,32,108,121,5,2,85,85,5,2,85,85,5,0,3,2,1,0,7,6,167,150,142,106,70,58,38,2,0,0,4,10,6,227,23,7,0,0,0,38,1,16,170,255,7,255,68,153,85,0,1,7,8,1,11,0,255,72,14,244,170,242,221,13,247,15,247,12,247,14,247,10,247,0,0,0,224,9,6,0,129,70,186,234,246,126,247,36,120,0,1,28,186,160,246,196,242,48,46,76,1,1,131,129,1,2,130,131,157,111,126,126,157,111,126,126,255,255,31,31,7,15,31,31,25,26,126,99,21,32,108,121,5,2,85,85,5,2,85,85,5,0,3,2,1,0,7,6,171,151,146,110,74,62,42,6,0,0,4,6,2,227,23,3,0,0,0,38,8,16,170,255,8,255,68,153,85,0,1,7,8,1,11,0,255,72,14,244,170,242
2026-08-07_09-50-59,1,391,1,0.0,0,0.0,-1,-1,221,13,247,15,247,12,247,14,247,10,247,0,0,0,224,9,6,0,129,70,186,234,246,126,247,36,120,0,1,28,186,160,246,196,242,48,46,76,1,1,131,129,1,2,130,131,157,111,126,126,157,111,126,126,255,255,31,31,7,15,31,31,25,26,126,99,21,32,108,121,5,2,85,85,5,2,85,85,5,0,3,2,1,0,7,6,171,151,146,110,74,62,42,6,0,0,4,6,2,227,23,3,0,0,0,38,8,16,170,255,8,255,68,153,85,0,1,7,8,1,11,0,255,72,14,244,170,242,225,13,247,15,247,12,247,14,247,10,247,0,0,0,224,10,6,0,129,74,182,195,246,126,247,36,120,0,1,196,186,160,246,196,242,48,46,76,1,1,131,129,1,2,130,131,157,111,126,126,157,111,126,126,255,255,31,31,7,15,31,31,25,26,126,99,21,32,108,121,5,2,85,85,5,2,85,85,5,0,3,2,1,0,7,6,175,155,150,114,78,66,46,10,0,0,4,2,5,227,23,6,0,0,0,38,20,16,170,255,8,255,68,153,85,0,1,7,8,1,11,0,255,72,14,244,170,242
2026-08-07_09-50-59,1,392,0,0.0,0,0.0,-1,-1,225,13,247,15,247,12,247,14,247,10,247,0,0,0,224,10,6,0,129,74,182,195,246,126,247,36,120,0,1,196,186,160,246,196,242,48,46,76,1,1,131,129,1,2,130,131,157,111,126,126,157,111,126,126,255,255,31,31,7,15,31,31,25,26,126,99,21,32,108,121,5,2,85,85,5,2,85,85,5,0,3,2,1,0,7,6,175,155,150,114,78,66,46,10,0,0,4,2,5,227,23,6,0,0,0,38,20,16,170,255,8,255,68,153,85,0,1,7,8,1,11,0,255,72,14,244,170,242,229,13,247,15,247,12,247,14,247,10,247,0,0,0,224,10,6,0,129,78,178,195,246,126,247,36,120,0,1,108,186,160,246,196,242,48,46,76,1,1,131,129,1,2,130,131,157,111,126,126,157,111,126,126,255,255,27,31,7,15,31,31,25,26,126,99,21,32,108,121,5,2,85,85,5,2,85,85,5,0,3,2,1,0,7,6,179,159,150,118,82,70,50,14,0,0,4,0,0,227,23,0,0,0,0,38,33,16,170,255,8,255,68,153,85,0,1,7,8,1,11,0,255,72,14,244,170,242
2026-08-07_09-50-59,1,393,0,0.0,0,0.0,-1,-1,229,13,247,15,247,12,247,14,247,10,247,0,0,0,224,10,6,0,129,78,178,195,246,126,247,36,120,0,1,108,186,160,246,196,242,48,46,76,1,1,131,129,1,2,130,131,157,111,126,126,157,111,126,126,255,255,27,31,7,15,31,31,25,26,126,99,21,32,108,121,5,2,85,85,5,2,85,85,5,0,3,2,1,0,7,6,179,159,150,118,82,70,50,14,0,0,4,0,0,227,23,0,0,0,0,38,33,16,170,255,8,255,68,153,85,0,1,7,8,1,11,0,255,72,14,244,170,242,233,13,247,15,247,12,247,14,247,10,247,0,0,0,224,10,6,0,129,80,174,195,246,126,247,36,120,0,1,20,186,160,246,196,242,48,46,76,1,1,131,129,1,2,130,131,157,111,126,126,157,111,126,126,255,255,23,31,7,15,31,31,25,26,126,99,21,32,108,121,5,2,85,85,5,2,85,85,5,0,3,2,1,0,7,6,183,163,150,122,86,74,54,18,0,0,4,0,0,251,15,0,0,0,0,38,40,16,170,255,8,255,68,153,85,0,1,7,8,1,11,0,255,72,14,244,170,242
2026-08-07_09-50-59,1,394,0,0.0,0,0.0,-1,-1,233,13,247,15,247,12,247,14,247,10,247,0,0,0,224,10,6,0,129,80,174,195,246,126,247,36,120,0,1,20,186,160,246,196,242,48,46,76,1,1,131,129,1,2,130,131,157,111,126,126,157,111,126,126,255,255,23,31,7,15,31,31,25,26,126,99,21,32,108,121,5,2,85,85,5,2,85,85,5,0,3,2,1,0,7,6,183,163,150,122,86,74,54,18,0,0,4,0,0,251,15,0,0,0,0,38,40,16,170,255,8,255,68,153,85,0,1,7,8,1,11,0,255,72,14,244,170,242,237,13,247,15,247,12,247,14,247,10,247,0,0,0,224,10,6,0,129,80,170,195,246,126,247,36,120,0,1,188,186,160,246,196,242,48,46,76,1,1,131,129,1,2,130,131,157,111,126,126,157,111,126,126,255,255,19,31,7,15,31,31,25,26,126,99,21,32,108,121,5,2,85,85,5,2,85,85,5,0,3,2,1,0,7,6,186,166,149,125,89,77,57,21,0,0,4,0,0,27,31,0,0,0,0,38,52,16,170,255,8,255,68,153,85,0,0,7,8,1,11,0,255,72,14,244,170,242
2026-08-07_09-50-59,1,395,0,0.0,0,0.0,-1,-1,237,13,247,15,247,12,247,14,247,10,247,0,0,0,224,10,6,0,129,80,170,195,246,126,247,36,120,0,1,188,186,160,246,196,242,48,46,76,1,1,131,129,1,2,130,131,157,111,126,126,157,111,126,126,255,255,19,31,7,15,31,31,25,26,126,99,21,32,108,121,5,2,85,85,5,2,85,85,5,0,3,2,1,0,7,6,186,166,149,125,89,77,57,21,0,0,4,0,0,27,31,0,0,0,0,38,52,16,170,255,8,255,68,153,85,0,0,7,8,1,11,0,255,72,14,244,170,242,241,13,247,15,247,12,247,14,247,10,247,0,0,0,224,10,6,0,129,80,166,195,246,126,247,37,120,0,1,100,186,160,246,196,242,48,46,76,1,1,131,129,1,2,130,131,157,111,126,126,157,111,126,126,255,255,16,31,7,15,31,31,25,26,126,99,21,32,108,121,5,2,85,85,5,2,85,85,5,0,3,2,1,0,7,6,190,170,150,129,93,81,61,25,0,0,4,0,0,27,15,0,0,0,0,38,65,16,170,255,8,255,68,153,85,0,1,7,8,1,11,0,255,72,14,244,170,242
2026-08-07_09-50-59,1,396,0,0.0,0,0.0,-1,-1,241,13,247,15,247,12,247,14,247,10,247,0,0,0,224,10,6,0,129,80,166,195,246,126,247,37,120,0,1,100,186,160,246,196,242,48,46,76,1,1,131,129,1,2,130,131,157,111,126,126,157,111,126,126,255,255,16,31,7,15,31,31,25,26,126,99,21,32,108,121,5,2,85,85,5,2,85,85,5,0,3,2,1,0,7,6,190,170,150,129,93,81,61,25,0,0,4,0,0,27,15,0,0,0,0,38,65,16,170,255,8,255,68,153,85,0,1,7,8,1,11,0,255,72,14,244,170,242,245,13,247,15,247,12,247,14,247,10,247,0,0,0,224,10,6,0,129,80,162,195,246,126,247,38,120,0,1,12,186,160,70,196,242,48,46,76,1,1,131,129,1,2,130,131,157,111,126,126,157,111,126,126,255,255,12,31,7,15,31,31,25,26,121,99,21,32,108,121,5,2,85,85,5,2,85,85,5,0,3,2,1,0,7,6,193,173,149,132,96,84,64,28,0,0,4,0,0,27,31,0,0,0,0,38,72,16,170,255,8,255,68,153,85,0,0,7,8,1,11,0,255,72,14,244,170,242
2026-08-07_09-50-59,1,397,0,0.0,0,0.0,-1,-1,245,13,247,15,247,12,247,14,247,10,247,0,0,0,224,10,6,0,129,80,162,195,246,126,247,38,120,0,1,12,186,160,70,196,242,48,46,76,1,1,131,129,1,2,130,131,157,111,126,126,157,111,126,126,255,255,12,31,7,15,31,31,25,26,121,99,21,32,108,121,5,2,85,85,5,2,85,85,5,0,3,2,1,0,7,6,193,173,149,132,96,84,64,28,0,0,4,0,0,27,31,0,0,0,0,38,72,16,170,255,8,255,68,153,85,0,0,7,8,1,11,0,255,72,14,244,170,242,249,13,247,15,247,12,247,14,247,10,247,0,0,0,224,10,6,0,129,80,160,195,246,126,247,39,120,0,1,180,186,160,70,196,242,48,46,76,1,1,131,129,1,2,130,131,157,111,126,126,157,111,126,126,255,255,9,31,7,15,31,31,25,26,121,99,21,32,108,121,5,2,85,85,5,2,85,85,5,0,3,2,1,0,7,6,197,177,150,136,100,88,68,32,0,0,4,0,0,27,15,0,0,0,0,38,84,16,170,255,8,255,68,153,85,0,1,7,8,1,11,0,255,72,14,244,170,242
2026-08-07_09-50-59,1,398,0,0.0,0,0.0,-1,-1,249,13,247,15,247,12,247,14,247,10,247,0,0,0,224,10,6,0,129,80,160,195,246,126,247,39,120,0,1,180,186,160,70,196,242,48,46,76,1,1,131,129,1,2,130,131,157,111,126,126,157,111,126,126,255,255,9,31,7,15,31,31,25,26,121,99,21,32,108,121,5,2,85,85,5,2,85,85,5,0,3,2,1,0,7,6,197,177,150,136,100,88,68,32,0,0,4,0,0,27,15,0,0,0,0,38,84,16,170,255,8,255,68,153,85,0,1,7,8,1,11,0,255,72,14,244,170,242,253,13,247,15,247,12,247,14,247,10,247,0,0,0,224,10,6,0,129,80,160,195,246,126,247,40,120,0,1,92,186,160,70,196,242,48,46,76,1,1,131,129,1,2,130,131,157,111,126,126,157,111,126,126,255,255,5,31,7,15,31,31,25,26,121,99,21,32,108,121,5,2,85,85,5,2,85,85,5,0,3,2,1,0,7,6,200,180,149,139,103,91,71,35,0,0,4,0,0,27,31,0,0,0,0,38,97,16,170,255,8,255,68,153,85,0,0,7,8,1,11,0,255,72,14,244,170,242
2026-08-07_09-50-59,1,399,0,0.0,0,0.0,-1,-1,253,13,247,15,247,12,247,14,247,10,247,0,0,0,224,10,6,0,129,80,160,195,246,126,247,40,120,0,1,92,186,160,70,196,242,48,46,76,1,1,131,129,1,2,130,131,157,111,126,126,157,111,126,126,255,255,5,31,7,15,31,31,25,26,121,99,21,32,108,121,5,2,85,85,5,2,85,85,5,0,3,2,1,0,7,6,200,180,149,139,103,91,71,35,0,0,4,0,0,27,31,0,0,0,0,38,97,16,170,255,8,255,68,153,85,0,0,7,8,1,11,0,255,72,14,244,170,242,1,13,247,15,247,12,247,14,247,10,247,0,0,0,224,10,5,0,129,80,160,195,246,157,247,41,120,0,1,4,160,70,196,242,48,46,76,106,1,131,129,1,2,130,131,4,111,126,126,157,111,126,126,157,255,2,31,7,15,31,31,7,26,121,99,21,32,108,121,59,2,85,85,5,2,85,85,5,0,3,2,1,0,7,6,5,184,150,143,107,95,75,39,3,0,0,4,0,0,27,15,0,0,0,0,38,104,16,170,255,7,255,137,51,5,0,1,7,8,1,11,0,255,72,14,244,170,242
2026-08-07_09-50-59,1,400,0,0.0,0,0.0,-1,-1,1,13,247,15,247,12,247,14,247,10,247,0,0,0,224,10,5,0,129,80,160,195,246,157,247,41,120,0,1,4,160,70,196,242,48,46,76,106,1,131,129,1,2,130,131,4,111,126,126,157,111,126,126,157,255,2,31,7,15,31,31,7,26,121,99,21,32,108,121,59,2,85,85,5,2,85,85,5,0,3,2,1,0,7,6,5,184,150,143,107,95,75,39,3,0,0,4,0,0,27,15,0,0,0,0,38,104,16,170,255,7,255,137,51,5,0,1,7,8,1,11,0,255,72,14,244,170,242,5,13,247,15,247,12,247,14,247,10,247,0,0,0,224,10,5,0,129,80,160,195,246,157,247,42,120,0,1,172,160,70,196,242,48,46,76,106,1,131,129,1,2,130,131,4,111,126,126,157,111,126,126,157,255,255,31,7,15,31,31,7,26,121,99,21,32,108,121,59,2,85,85,5,2,85,85,5,0,3,2,1,0,7,6,5,187,151,146,110,98,78,42,6,0,0,4,0,0,27,31,0,0,0,0,38,116,16,170,255,8,255,137,51,5,0,0,7,8,1,11,0,255,72,14,244,170,242
2026-08-07_09-50-59,1,401,0,0.0,0,0.0,-1,-1,5,13,247,15,247,12,247,14,247,10,247,0,0,0,224,10,5,0,129,80,160,195,246,157,247,42,120,0,1,172,160,70,196,242,48,46,76,106,1,131,129,1,2,130,131,4,111,126,126,157,111,126,126,157,255,255,31,7,15,31,31,7,26,121,99,21,32,108,121,59,2,85,85,5,2,85,85,5,0,3,2,1,0,7,6,5,187,151,146,110,98,78,42,6,0,0,4,0,0,27,31,0,0,0,0,38,116,16,170,255,8,255,137,51,5,0,0,7,8,1,11,0,255,72,14,244,170,242,9,13,247,15,247,12,247,14,247,10,247,0,0,0,224,10,5,0,129,80,160,195,246,157,247,43,120,0,1,84,160,70,196,242,48,46,76,106,1,131,129,1,2,130,131,4,111,126,126,157,111,126,126,157,255,255,31,7,15,31,31,7,26,121,99,21,32,108,121,59,2,85,85,5,2,85,85,5,0,3,2,1,0,7,6,5,191,155,150,114,102,82,46,10,0,0,4,0,0,27,15,0,0,0,0,38,129,16,170,255,8,255,137,51,5,0,1,7,8,1,11,0,255,72,14,244,170,242
2026-08-07_09-50-59,1,402,0,0.0,0,0.0,-1,-1,9,13,247,15,247,12,247,14,247,10,247,0,0,0,224,10,5,0,129,80,160,195,246,157,247,43,120,0,1,84,160,70,196,242,48,46,76,106,1,131,129,1,2,130,131,4,111,126,126,157,111,126,126,157,255,255,31,7,15,31,31,7,26,121,99,21,32,108,121,59,2,85,85,5,2,85,85,5,0,3,2,1,0,7,6,5,191,155,150,114,102,82,46,10,0,0,4,0,0,27,15,0,0,0,0,38,129,16,170,255,8,255,137,51,5,0,1,7,8,1,11,0,255,72,14,244,170,242,13,13,247,15,247,12,247,14,247,10,247,0,0,0,224,10,4,0,129,80,160,195,246,111,247,44,120,0,1,252,70,196,242,48,46,76,106,208,131,129,1,2,130,131,4,2,126,126,157,111,126,126,157,111,255,27,7,15,31,31,7,15,121,99,21,32,108,121,59,38,85,85,5,2,85,85,5,2,3,2,1,0,7,6,5,0,158,149,117,105,85,49,13,1,0,0,4,0,0,27,31,0,0,0,0,38,135,16,170,255,7,255,18,102,2,0,0,7,8,1,11,0,255,72,14,244,170,242
2026-08-07_09-50-59,1,403,0,0.0,0,0.0,-1,-1,13,13,247,15,247,12,247,14,247,10,247,0,0,0,224,10,4,0,129,80,160,195,246,111,247,44,120,0,1,252,70,196,242,48,46,76,106,208,131,129,1,2,130,131,4,2,126,126,157,111,126,126,157,111,255,27,7,15,31,31,7,15,121,99,21,32,108,121,59,38,85,85,5,2,85,85,5,2,3,2,1,0,7,6,5,0,158,149,117,105,85,49,13,1,0,0,4,0,0,27,31,0,0,0,0,38,135,16,170,255,7,255,18,102,2,0,0,7,8,1,11,0,255,72,14,244,170,242,17,13,247,15,247,12,247,14,247,10,247,0,0,0,224,10,4,0,129,80,160,195,246,111,247,45,120,0,1,164,70,196,242,48,46,76,106,208,131,129,1,2,130,131,4,2,126,126,157,111,126,126,157,111,255,24,7,15,31,31,7,15,121,99,21,32,108,121,59,38,85,85,5,2,85,85,5,2,3,2,1,0,7,6,5,0,162,150,121,109,89,53,17,5,0,0,4,0,0,27,15,0,0,0,0,38,148,16,170,255,8,255,18,102,2,0,1,7,8,1,11,0,255,72,14,244,170,242
2026-08-07_09-50-59,1,404,0,0.0,0,0.0,-1,-1,17,13,247,15,247,12,247,14,247,10,247,0,0,0,224,10,4,0,129,80,160,195,246,111,247,45,120,0,1,164,70,196,242,48,46,76,106,208,131,129,1,2,130,131,4,2,126,126,157,111,126,126,157,111,255,24,7,15,31,31,7,15,121,99,21,32,108,121,59,38,85,85,5,2,85,85,5,2,3,2,1,0,7,6,5,0,162,150,121,109,89,53,17,5,0,0,4,0,0,27,15,0,0,0,0,38,148,16,170,255,8,255,18,102,2,0,1,7,8,1,11,0,255,72,14,244,170,242,21,13,247,15,247,12,247,14,247,10,247,0,0,0,224,10,4,0,129,80,160,195,246,111,247,46,120,0,1,76,70,196,242,48,46,76,106,208,131,129,1,2,130,131,4,2,126,126,157,111,126,126,157,111,255,20,7,15,31,31,7,15,121,99,21,32,108,121,59,38,85,85,5,2,85,85,5,2,3,2,1,0,7,6,5,0,165,149,124,112,92,56,20,8,0,0,4,0,0,27,31,0,0,0,0,39,1,16,170,255,8,255,18,102,2,0,0,7,8,1,11,0,255,72,14,244,170,242
2026-08-07_09-50-59,1,405,0,0.0,0,0.0,-1,-1,21,13,247,15,247,12,247,14,247,10,247,0,0,0,224,10,4,0,129,80,160,195,246,111,247,46,120,0,1,76,70,196,242,48,46,76,106,208,131,129,1,2,130,131,4,2,126,126,157,111,126,126,157,111,255,20,7,15,31,31,7,15,121,99,21,32,108,121,59,38,85,85,5,2,85,85,5,2,3,2,1,0,7,6,5,0,165,149,124,112,92,56,20,8,0,0,4,0,0,27,31,0,0,0,0,39,1,16,170,255,8,255,18,102,2,0,0,7,8,1,11,0,255,72,14,244,170,242,25,13,247,15,247,12,247,14,247,10,247,0,0,0,224,10,4,0,129,80,160,195,246,111,247,47,120,0,1,244,70,196,242,48,46,76,106,208,131,129,1,2,130,131,4,2,126,126,157,111,126,126,157,111,255,17,7,15,31,31,7,15,121,99,21,32,108,121,59,38,85,85,5,2,85,85,5,2,3,2,1,0,7,6,5,0,169,150,128,116,96,60,24,12,0,0,4,0,0,27,15,0,0,0,0,39,7,16,170,255,8,255,18,102,2,0,1,7,8,1,11,0,255,72,14,244,170,242
2026-08-07_09-50-59,1,406,0,0.0,0,0.0,-1,-1,25,13,247,15,247,12,247,14,247,10,247,0,0,0,224,10,4,0,129,80,160,195,246,111,247,47,120,0,1,244,70,196,242,48,46,76,106,208,131,129,1,2,130,131,4,2,126,126,157,111,126,126,157,111,255,17,7,15,31,31,7,15,121,99,21,32,108,121,59,38,85,85,5,2,85,85,5,2,3,2,1,0,7,6,5,0,169,150,128,116,96,60,24,12,0,0,4,0,0,27,15,0,0,0,0,39,7,16,170,255,8,255,18,102,2,0,1,7,8,1,11,0,255,72,14,244,170,242,29,13,247,15,247,12,247,14,247,10,247,0,0,0,224,10,4,0,129,80,160,195,246,111,247,48,120,0,1,156,70,20,242,48,46,76,106,208,131,129,1,2,130,131,4,2,126,126,157,111,126,126,157,111,255,13,7,15,31,31,7,15,121,94,21,32,108,121,59,38,85,85,5,2,85,85,5,2,3,2,1,0,7,6,5,0,172,149,131,119,99,63,27,15,0,0,4,0,0,27,31,0,0,0,0,39,20,16,170,255,8,255,18,102,2,0,0,7,8,1,11,0,255,72,14,244,170,242
2026-08-07_09-50-59,1,407,0,0.0,0,0.0,-1,-1,29,13,247,15,247,12,247,14,247,10,247,0,0,0,224,10,4,0,129,80,160,195,246,111,247,48,120,0,1,156,70,20,242,48,46,76,106,208,131,129,1,2,130,131,4,2,126,126,157,111,126,126,157,111,255,13,7,15,31,31,7,15,121,94,21,32,108,121,59,38,85,85,5,2,85,85,5,2,3,2,1,0,7,6,5,0,172,149,131,119,99,63,27,15,0,0,4,0,0,27,31,0,0,0,0,39,20,16,170,255,8,255,18,102,2,0,0,7,8,1,11,0,255,72,14,244,170,242,33,13,247,15,247,12,247,14,247,10,247,0,0,0,224,10,4,0,129,80,160,195,246,111,247,49,120,0,1,68,70,20,242,48,46,76,106,208,131,129,1,2,130,131,4,2,126,126,157,111,126,126,157,111,255,10,7,15,31,31,7,15,121,94,21,32,108,121,59,38,85,85,5,2,85,85,5,2,3,2,1,0,7,6,5,0,176,150,135,123,103,67,31,19,0,0,4,0,0,27,15,0,0,0,0,39,33,16,170,255,8,255,18,102,2,0,1,7,8,1,11,0,255,72,14,244,170,242
2026-08-07_09-50-59,1,408,0,0.0,0,0.0,-1,-1,33,13,247,15,247,12,247,14,247,10,247,0,0,0,224,10,4,0,129,80,160,195,246,111,247,49,120,0,1,68,70,20,242,48,46,76,106,208,131,129,1,2,130,131,4,2,126,126,157,111,126,126,157,111,255,10,7,15,31,31,7,15,121,94,21,32,108,121,59,38,85,85,5,2,85,85,5,2,3,2,1,0,7,6,5,0,176,150,135,123,103,67,31,19,0,0,4,0,0,27,15,0,0,0,0,39,33,16,170,255,8,255,18,102,2,0,1,7,8,1,11,0,255,72,14,244,170,242,37,13,247,15,247,12,247,14,247,10,247,0,0,0,224,10,3,0,129,80,160,195,246,126,247,50,120,0,1,236,20,242,48,46,76,106,208,198,129,1,2,130,131,4,2,130,126,157,111,126,126,157,111,126,6,7,15,31,31,7,15,31,94,21,32,108,121,59,38,114,85,5,2,85,85,5,2,85,2,1,0,7,6,5,0,3,149,138,126,106,70,34,22,2,0,0,4,0,0,27,31,0,0,0,0,39,39,16,170,255,7,255,36,204,85,0,0,7,8,1,11,0,255,72,14,244,170,242
2026-08-07_09-50-59,1,409,0,0.0,0,0.0,-1,-1,37,13,247,15,247,12,247,14,247,10,247,0,0,0,224,10,3,0,129,80,160,195,246,126,247,50,120,0,1,236,20,242,48,46,76,106,208,198,129,1,2,130,131,4,2,130,126,157,111,126,126,157,111,126,6,7,15,31,31,7,15,31,94,21,32,108,121,59,38,114,85,5,2,85,85,5,2,85,2,1,0,7,6,5,0,3,149,138,126,106,70,34,22,2,0,0,4,0,0,27,31,0,0,0,0,39,39,16,170,255,7,255,36,204,85,0,0,7,8,1,11,0,255,72,14,244,170,242,41,13,247,15,247,12,247,14,247,10,247,0,0,0,224,10,3,0,129,80,160,195,246,126,247,51,120,0,1,148,20,242,48,46,76,106,208,198,129,1,2,130,131,4,2,130,126,157,111,126,126,157,111,126,3,7,15,31,31,7,15,31,94,21,32,108,121,59,38,114,85,5,2,85,85,5,2,85,2,1,0,7,6,5,0,3,150,142,130,110,74,38,26,6,0,0,4,0,0,27,15,0,0,0,0,39,52,16,170,255,8,255,36,204,85,0,1,7,8,1,11,0,255,72,14,244,170,242
2026-08-07_09-50-59,1,410,0,0.0,0,0.0,-1,-1,41,13,247,15,247,12,247,14,247,10,247,0,0,0,224,10,3,0,129,80,160,195,246,126,247,51,120,0,1,148,20,242,48,46,76,106,208,198,129,1,2,130,131,4,2,130,126,157,111,126,126,157,111,126,3,7,15,31,31,7,15,31,94,21,32,108,121,59,38,114,85,5,2,85,85,5,2,85,2,1,0,7,6,5,0,3,150,142,130,110,74,38,26,6,0,0,4,0,0,27,15,0,0,0,0,39,52,16,170,255,8,255,36,204,85,0,1,7,8,1,11,0,255,72,14,244,170,242,45,13,247,15,247,12,247,14,247,10,247,0,0,0,224,10,3,0,129,80,160,195,246,126,247,52,120,0,1,60,20,242,48,46,76,106,208,198,129,1,2,130,131,4,2,130,126,157,111,126,126,157,111,126,255,7,15,31,31,7,15,31,94,21,32,108,121,59,38,114,85,5,2,85,85,5,2,85,2,1,0,7,6,5,0,3,150,145,133,113,77,41,29,9,0,0,4,0,0,27,31,0,0,0,0,39,65,16,170,255,8,255,36,204,85,0,0,7,8,1,11,0,255,72,14,244,170,242
2026-08-07_09-50-59,1,411,2,0.0,0,0.0,-1,-1,45,13,247,15,247,12,247,14,247,10,247,0,0,0,224,10,3,0,129,80,160,195,246,126,247,52,120,0,1,60,20,242,48,46,76,106,208,198,129,1,2,130,131,4,2,130,126,157,111,126,126,157,111,126,255,7,15,31,31,7,15,31,94,21,32,108,121,59,38,114,85,5,2,85,85,5,2,85,2,1,0,7,6,5,0,3,150,145,133,113,77,41,29,9,0,0,4,0,0,27,31,0,0,0,0,39,65,16,170,255,8,255,36,204,85,0,0,7,8,1,11,0,255,72,14,244,170,242,49,13,247,15,247,12,247,14,247,10,247,0,0,0,224,9,3,0,129,80,163,234,246,126,247,53,120,0,1,228,20,242,48,46,76,106,208,198,129,1,2,130,131,4,2,130,126,157,111,126,126,157,111,126,255,7,15,31,31,7,15,31,94,21,32,108,121,59,38,114,85,5,2,85,85,5,2,85,2,1,0,7,6,5,0,3,154,149,137,117,81,45,33,13,0,0,4,0,5,27,15,6,0,0,0,39,71,16,170,255,8,255,36,204,85,0,1,7,8,1,11,0,255,72,14,244,170,242
2026-08-07_09-50-59,1,412,2,0.0,0,0.0,-1,-1,49,13,247,15,247,12,247,14,247,10,247,0,0,0,224,9,3,0,129,80,163,234,246,126,247,53,120,0,1,228,20,242,48,46,76,106,208,198,129,1,2,130,131,4,2,130,126,157,111,126,126,157,111,126,255,7,15,31,31,7,15,31,94,21,32,108,121,59,38,114,85,5,2,85,85,5,2,85,2,1,0,7,6,5,0,3,154,149,137,117,81,45,33,13,0,0,4,0,5,27,15,6,0,0,0,39,71,16,170,255,8,255,36,204,85,0,1,7,8,1,11,0,255,72,14,244,170,242,53,13,247,15,247,12,247,14,247,10,247,0,0,0,224,9,3,0,129,80,167,234,246,126,247,54,120,0,1,140,20,242,48,46,76,106,208,198,129,1,2,130,131,4,2,130,126,157,111,126,126,157,111,126,255,4,15,31,31,7,15,31,94,21,32,108,121,59,38,114,85,5,2,85,85,5,2,85,2,1,0,7,6,5,0,3,157,149,140,120,84,48,36,16,0,0,4,0,1,27,31,2,0,0,0,39,84,16,170,255,8,255,36,204,85,0,0,7,8,1,11,0,255,72,14,244,170,242
2026-08-07_09-50-59,1,413,2,0.0,0,0.0,-1,-1,53,13,247,15,247,12,247,14,247,10,247,0,0,0,224,9,3,0,129,80,167,234,246,126,247,54,120,0,1,140,20,242,48,46,76,106,208,198,129,1,2,130,131,4,2,130,126,157,111,126,126,157,111,126,255,4,15,31,31,7,15,31,94,21,32,108,121,59,38,114,85,5,2,85,85,5,2,85,2,1,0,7,6,5,0,3,157,149,140,120,84,48,36,16,0,0,4,0,1,27,31,2,0,0,0,39,84,16,170,255,8,255,36,204,85,0,0,7,8,1,11,0,255,72,14,244,170,242,57,13,247,15,247,12,247,14,247,10,247,0,0,0,224,8,3,0,118,77,171,234,246,126,247,55,120,0,1,52,20,242,48,46,76,106,208,198,129,1,2,130,131,4,2,130,126,157,111,126,126,157,111,126,255,1,15,31,31,7,15,31,94,21,32,108,121,59,38,114,85,5,2,85,85,5,2,85,2,1,0,7,6,5,0,3,161,150,144,124,88,52,40,20,0,0,4,226,6,3,15,7,0,0,0,39,97,9,170,255,8,255,36,204,85,0,1,7,8,1,11,0,255,72,14,244,170,242
2026-08-07_09-50-59,1,414,0,0.0,0,0.0,-1,-1,57,13,247,15,247,12,247,14,247,10,247,0,0,0,224,8,3,0,118,77,171,234,246,126,247,55,120,0,1,52,20,242,48,46,76,106,208,198,129,1,2,130,131,4,2,130,126,157,111,126,126,157,111,126,255,1,15,31,31,7,15,31,94,21,32,108,121,59,38,114,85,5,2,85,85,5,2,85,2,1,0,7,6,5,0,3,161,150,144,124,88,52,40,20,0,0,4,226,6,3,15,7,0,0,0,39,97,9,170,255,8,255,36,204,85,0,1,7,8,1,11,0,255,72,14,244,170,242,61,13,247,15,247,12,247,14,247,10,247,0,0,0,224,8,3,0,121,73,175,234,246,126,247,55,120,0,1,220,20,242,48,46,76,106,208,198,129,1,2,130,131,4,2,130,126,157,111,126,126,157,111,126,255,255,15,31,31,7,15,31,94,21,32,108,121,59,38,114,85,5,2,85,85,5,2,85,2,1,0,7,6,5,0,3,164,152,147,127,91,55,43,23,0,0,4,234,0,3,31,0,0,0,0,39,103,9,170,255,8,255,36,204,85,0,0,7,8,1,11,0,255,72,14,244,170,242
2026-08-07_09-50-59,1,415,0,0.0,0,0.0,-1,-1,61,13,247,15,247,12,247,14,247,10,247,0,0,0,224,8,3,0,121,73,175,234,246,126,247,55,120,0,1,220,20,242,48,46,76,106,208,198,129,1,2,130,131,4,2,130,126,157,111,126,126,157,111,126,255,255,15,31,31,7,15,31,94,21,32,108,121,59,38,114,85,5,2,85,85,5,2,85,2,1,0,7,6,5,0,3,164,152,147,127,91,55,43,23,0,0,4,234,0,3,31,0,0,0,0,39,103,9,170,255,8,255,36,204,85,0,0,7,8,1,11,0,255,72,14,244,170,242,65,13,247,15,247,12,247,14,247,10,247,0,0,0,224,8,3,0,125,69,179,234,246,126,247,55,120,0,1,132,20,242,48,46,76,106,208,198,129,1,2,130,131,4,2,130,126,157,111,126,126,157,111,126,255,255,14,31,31,7,15,31,94,21,32,108,121,59,38,114,85,5,2,85,85,5,2,85,2,1,0,7,6,5,0,3,168,156,150,131,95,59,47,27,0,0,4,242,0,3,31,0,0,0,0,39,116,9,170,255,8,255,36,204,85,0,1,7,8,1,11,0,255,72,14,244,170,242
2026-08-07_09-50-59,1,416,0,0.0,0,0.0,-1,-1,65,13,247,15,247,12,247,14,247,10,247,0,0,0,224,8,3,0,125,69,179,234,246,126,247,55,120,0,1,132,20,242,48,46,76,106,208,198,129,1,2,130,131,4,2,130,126,157,111,126,126,157,111,126,255,255,14,31,31,7,15,31,94,21,32,108,121,59,38,114,85,5,2,85,85,5,2,85,2,1,0,7,6,5,0,3,168,156,150,131,95,59,47,27,0,0,4,242,0,3,31,0,0,0,0,39,116,9,170,255,8,255,36,204,85,0,1,7,8,1,11,0,255,72,14,244,170,242,69,13,247,15,247,12,247,14,247,10,247,0,0,0,224,8,3,0,128,65,183,234,246,126,247,55,120,0,1,44,20,242,48,46,76,106,208,198,129,1,2,130,131,4,2,130,126,157,111,126,126,157,111,126,255,255,10,31,31,7,15,31,94,21,32,108,121,59,38,114,85,5,2,85,85,5,2,85,2,1,0,7,6,5,0,3,172,160,150,135,99,63,51,31,0,0,4,250,0,3,31,0,0,0,0,39,129,9,170,255,8,255,36,204,85,0,1,7,8,1,11,0,255,72,14,244,170,242
2026-08-07_09-50-59,1,417,0,0.0,0,0.0,-1,-1,69,13,247,15,247,12,247,14,247,10,247,0,0,0,224,8,3,0,128,65,183,234,246,126,247,55,120,0,1,44,20,242,48,46,76,106,208,198,129,1,2,130,131,4,2,130,126,157,111,126,126,157,111,126,255,255,10,31,31,7,15,31,94,21,32,108,121,59,38,114,85,5,2,85,85,5,2,85,2,1,0,7,6,5,0,3,172,160,150,135,99,63,51,31,0,0,4,250,0,3,31,0,0,0,0,39,129,9,170,255,8,255,36,204,85,0,1,7,8,1,11,0,255,72,14,244,170,242,73,13,247,15,247,12,247,14,247,10,247,0,0,0,224,8,3,0,128,64,187,234,246,126,247,55,120,0,1,212,20,242,48,46,76,106,208,198,129,1,2,130,131,4,2,130,126,157,111,126,126,157,111,126,255,255,6,31,31,7,15,31,94,21,32,108,121,59,38,114,85,5,2,85,85,5,2,85,2,1,0,7,6,5,0,3,176,164,150,139,103,67,55,35,0,0,4,10,0,3,31,0,0,0,0,39,135,9,170,255,8,255,36,204,85,0,1,7,8,1,11,0,255,72,14,244,170,242
2026-08-07_09-50-59,1,418,0,0.0,0,0.0,-1,-1,73,13,247,15,247,12,247,14,247,10,247,0,0,0,224,8,3,0,128,64,187,234,246,126,247,55,120,0,1,212,20,242,48,46,76,106,208,198,129,1,2,130,131,4,2,130,126,157,111,126,126,157,111,126,255,255,6,31,31,7,15,31,94,21,32,108,121,59,38,114,85,5,2,85,85,5,2,85,2,1,0,7,6,5,0,3,176,164,150,139,103,67,55,35,0,0,4,10,0,3,31,0,0,0,0,39,135,9,170,255,8,255,36,204,85,0,1,7,8,1,11,0,255,72,14,244,170,242,77,13,247,15,247,12,247,14,247,10,247,0,0,0,224,8,2,0,128,64,191,234,246,126,247,55,120,0,1,124,242,48,46,76,106,208,198,228,1,2,130,131,4,2,130,131,157,111,126,126,157,111,126,126,255,2,31,31,7,15,31,31,21,32,108,121,59,38,114,127,5,2,85,85,5,2,85,85,1,0,7,6,5,0,3,2,168,150,143,107,71,59,39,3,0,0,4,6,0,3,31,0,0,0,0,39,148,9,170,255,7,255,73,153,85,0,1,7,8,1,11,0,255,72,14,244,170,242
2026-08-07_09-50-59,1,419,0,0.0,0,0.0,-1,-1,77,13,247,15,247,12,247,14,247,10,247,0,0,0,224,8,2,0,128,64,191,234,246,126,247,55,120,0,1,124,242,48,46,76,106,208,198,228,1,2,130,131,4,2,130,131,157,111,126,126,157,111,126,126,255,2,31,31,7,15,31,31,21,32,108,121,59,38,114,127,5,2,85,85,5,2,85,85,1,0,7,6,5,0,3,2,168,150,143,107,71,59,39,3,0,0,4,6,0,3,31,0,0,0,0,39,148,9,170,255,7,255,73,153,85,0,1,7,8,1,11,0,255,72,14,244,170,242,81,13,247,15,247,12,247,14,247,10,247,0,0,0,224,8,2,0,128,64,192,234,246,126,247,55,120,0,1,36,242,48,46,76,106,208,198,228,1,2,130,131,4,2,130,131,157,111,126,126,157,111,126,126,255,255,31,31,7,15,31,31,21,32,108,121,59,38,114,127,5,2,85,85,5,2,85,85,1,0,7,6,5,0,3,2,173,154,148,112,76,64,44,8,0,0,4,2,0,3,15,0,0,0,0,40,1,9,170,255,8,255,73,153,85,0,1,7,8,1,11,0,255,72,14,244,170,242
2026-08-07_09-50-59,1,420,0,0.0,0,0.0,-1,-1,81,13,247,15,247,12,247,14,247,10,247,0,0,0,224,8,2,0,128,64,192,234,246,126,247,55,120,0,1,36,242,48,46,76,106,208,198,228,1,2,130,131,4,2,130,131,157,111,126,126,157,111,126,126,255,255,31,31,7,15,31,31,21,32,108,121,59,38,114,127,5,2,85,85,5,2,85,85,1,0,7,6,5,0,3,2,173,154,148,112,76,64,44,8,0,0,4,2,0,3,15,0,0,0,0,40,1,9,170,255,8,255,73,153,85,0,1,7,8,1,11,0,255,72,14,244,170,242,85,13,247,15,247,12,247,14,247,10,247,0,0,0,224,8,2,0,128,64,192,234,246,126,247,55,120,0,1,204,242,48,46,76,106,208,198,228,1,2,130,131,4,2,130,131,157,111,126,126,157,111,126,126,255,255,29,31,7,15,31,31,21,32,108,121,59,38,114,127,5,2,85,85,5,2,85,85,1,0,7,6,5,0,3,2,177,158,150,116,80,68,48,12,0,0,4,0,0,3,31,0,0,0,0,40,7,9,170,255,8,255,73,153,85,0,1,7,8,1,11,0,255,72,14,244,170,242
2026-08-07_09-50-59,1,421,0,0.0,0,0.0,-1,-1,85,13,247,15,247,12,247,14,247,10,247,0,0,0,224,8,2,0,128,64,192,234,246,126,247,55,120,0,1,204,242,48,46,76,106,208,198,228,1,2,130,131,4,2,130,131,157,111,126,126,157,111,126,126,255,255,29,31,7,15,31,31,21,32,108,121,59,38,114,127,5,2,85,85,5,2,85,85,1,0,7,6,5,0,3,2,177,158,150,116,80,68,48,12,0,0,4,0,0,3,31,0,0,0,0,40,7,9,170,255,8,255,73,153,85,0,1,7,8,1,11,0,255,72,14,244,170,242,89,13,247,15,247,12,247,14,247,10,247,0,0,0,224,8,2,0,128,64,192,234,246,126,247,55,120,0,1,116,242,48,46,76,106,208,198,228,1,2,130,131,4,2,130,131,157,111,126,126,157,111,126,126,255,255,24,31,7,15,31,31,21,32,108,121,59,38,114,127,5,2,85,85,5,2,85,85,1,0,7,6,5,0,3,2,182,163,150,121,85,73,53,17,0,0,4,0,0,3,15,0,0,0,0,40,20,9,170,255,8,255,73,153,85,0,1,7,8,1,11,0,255,72,14,244,170,242
2026-08-07_09-50-59,1,422,0,0.0,0,0.0,-1,-1,89,13,247,15,247,12,247,14,247,10,247,0,0,0,224,8,2,0,128,64,192,234,246,126,247,55,120,0,1,116,242,48,46,76,106,208,198,228,1,2,130,131,4,2,130,131,157,111,126,126,157,111,126,126,255,255,24,31,7,15,31,31,21,32,108,121,59,38,114,127,5,2,85,85,5,2,85,85,1,0,7,6,5,0,3,2,182,163,150,121,85,73,53,17,0,0,4,0,0,3,15,0,0,0,0,40,20,9,170,255,8,255,73,153,85,0,1,7,8,1,11,0,255,72,14,244,170,242,93,13,247,15,247,12,247,14,247,10,247,0,0,0,224,8,2,0,128,64,192,234,246,126,247,55,120,0,1,28,242,48,46,76,106,208,198,228,1,2,130,131,4,2,130,131,157,111,126,126,157,111,126,126,255,255,20,31,7,15,31,31,21,32,108,121,59,38,114,127,5,2,85,85,5,2,85,85,1,0,7,6,5,0,3,2,186,167,150,125,89,77,57,21,0,0,4,0,0,3,31,0,0,0,0,40,33,9,170,255,8,255,73,153,85,0,1,7,8,1,11,0,255,72,14,244,170,242
2026-08-07_09-50-59,1,423,0,0.0,0,0.0,-1,-1,93,13,247,15,247,12,247,14,247,10,247,0,0,0,224,8,2,0,128,64,192,234,246,126,247,55,120,0,1,28,242,48,46,76,106,208,198,228,1,2,130,131,4,2,130,131,157,111,126,126,157,111,126,126,255,255,20,31,7,15,31,31,21,32,108,121,59,38,114,127,5,2,85,85,5,2,85,85,1,0,7,6,5,0,3,2,186,167,150,125,89,77,57,21,0,0,4,0,0,3,31,0,0,0,0,40,33,9,170,255,8,255,73,153,85,0,1,7,8,1,11,0,255,72,14,244,170,242,97,13,247,15,247,12,247,14,247,10,247,0,0,0,224,8,2,0,128,64,192,234,246,126,247,55,120,0,1,196,242,48,126,76,106,208,198,228,1,2,130,131,4,2,130,131,157,111,126,126,157,111,126,126,255,255,15,31,7,15,31,31,21,32,103,121,59,38,114,127,5,2,85,85,5,2,85,85,1,0,7,6,5,0,3,2,191,172,150,130,94,82,62,26,0,0,4,0,0,3,15,0,0,0,0,40,39,9,170,255,8,255,73,153,85,0,1,7,8,1,11,0,255,72,14,244,170,242
2026-08-07_09-50-59,1,424,0,0.0,0,0.0,-1,-1,97,13,247,15,247,12,247,14,247,10,247,0,0,0,224,8,2,0,128,64,192,234,246,126,247,55,120,0,1,196,242,48,126,76,106,208,198,228,1,2,130,131,4,2,130,131,157,111,126,126,157,111,126,126,255,255,15,31,7,15,31,31,21,32,103,121,59,38,114,127,5,2,85,85,5,2,85,85,1,0,7,6,5,0,3,2,191,172,150,130,94,82,62,26,0,0,4,0,0,3,15,0,0,0,0,40,39,9,170,255,8,255,73,153,85,0,1,7,8,1,11,0,255,72,14,244,170,242,101,13,247,15,247,12,247,14,247,10,247,0,0,0,224,8,2,0,128,64,192,234,246,126,247,55,120,0,1,108,242,48,126,76,106,208,198,228,1,2,130,131,4,2,130,131,157,111,126,126,157,111,126,126,255,255,11,31,7,15,31,31,21,32,103,121,59,38,114,127,5,2,85,85,5,2,85,85,1,0,7,6,5,0,3,2,195,176,150,134,98,86,66,30,0,0,4,0,0,3,31,0,0,0,0,40,52,9,170,255,8,255,73,153,85,0,1,7,8,1,11,0,255,72,14,244,170,242
2026-08-07_09-50-59,1,425,0,0.0,0,0.0,-1,-1,101,13,247,15,247,12,247,14,247,10,247,0,0,0,224,8,2,0,128,64,192,234,246,126,247,55,120,0,1,108,242,48,126,76,106,208,198,228,1,2,130,131,4,2,130,131,157,111,126,126,157,111,126,126,255,255,11,31,7,15,31,31,21,32,103,121,59,38,114,127,5,2,85,85,5,2,85,85,1,0,7,6,5,0,3,2,195,176,150,134,98,86,66,30,0,0,4,0,0,3,31,0,0,0,0,40,52,9,170,255,8,255,73,153,85,0,1,7,8,1,11,0,255,72,14,244,170,242,105,13,247,15,247,12,247,14,247,10,247,0,0,0,224,8,2,0,128,64,192,234,246,126,247,55,120,0,1,20,242,48,126,76,106,208,198,228,1,2,130,131,4,2,130,131,157,111,126,126,157,111,126,126,255,255,6,31,7,15,31,31,21,32,103,121,59,38,114,127,5,2,85,85,5,2,85,85,1,0,7,6,5,0,3,2,200,181,150,139,103,91,71,35,0,0,4,0,0,3,15,0,0,0,0,40,65,9,170,255,8,255,73,153,85,0,1,7,8,1,11,0,255,72,14,244,170,242
2026-08-07_09-50-59,1,426,0,0.0,0,0.0,-1,-1,105,13,247,15,247,12,247,14,247,10,247,0,0,0,224,8,2,0,128,64,192,234,246,126,247,55,120,0,1,20,242,48,126,76,106,208,198,228,1,2,130,131,4,2,130,131,157,111,126,126,157,111,126,126,255,255,6,31,7,15,31,31,21,32,103,121,59,38,114,127,5,2,85,85,5,2,85,85,1,0,7,6,5,0,3,2,200,181,150,139,103,91,71,35,0,0,4,0,0,3,15,0,0,0,0,40,65,9,170,255,8,255,73,153,85,0,1,7,8,1,11,0,255,72,14,244,170,242,109,13,247,15,247,12,247,14,247,10,247,0,0,0,224,8,1,0,128,64,192,234,246,157,247,55,120,0,1,188,48,126,76,106,208,198,228,2,2,130,131,4,2,130,131,4,111,126,126,157,111,126,126,157,255,2,31,7,15,31,31,7,32,103,121,59,38,114,127,65,2,85,85,5,2,85,85,5,0,7,6,5,0,3,2,1,185,150,143,107,95,75,39,3,0,0,4,0,0,3,31,0,0,0,0,40,71,9,170,255,7,255,147,51,5,0,1,7,8,1,11,0,255,72,14,244,170,242
2026-08-07_09-50-59,1,427,0,0.0,0,0.0,-1,-1,109,13,247,15,247,12,247,14,247,10,247,0,0,0,224,8,1,0,128,64,192,234,246,157,247,55,120,0,1,188,48,126,76,106,208,198,228,2,2,130,131,4,2,130,131,4,111,126,126,157,111,126,126,157,255,2,31,7,15,31,31,7,32,103,121,59,38,114,127,65,2,85,85,5,2,85,85,5,0,7,6,5,0,3,2,1,185,150,143,107,95,75,39,3,0,0,4,0,0,3,31,0,0,0,0,40,71,9,170,255,7,255,147,51,5,0,1,7,8,1,11,0,255,72,14,244,170,242,113,13,247,15,247,12,247,14,247,10,247,0,0,0,224,8,1,0,128,64,192,234,246,157,247,55,120,0,1,100,48,126,76,106,208,198,228,2,2,130,131,4,2,130,131,4,111,126,126,157,111,126,126,157,255,255,31,7,15,31,31,7,32,103,121,59,38,114,127,65,2,85,85,5,2,85,85,5,0,7,6,5,0,3,2,1,190,154,148,112,100,80,44,8,0,0,4,0,0,3,15,0,0,0,0,40,84,9,170,255,8,255,147,51,5,0,1,7,8,1,11,0,255,72,14,244,170,242
2026-08-07_09-50-59,1,428,0,0.0,0,0.0,-1,-1,113,13,247,15,247,12,247,14,247,10,247,0,0,0,224,8,1,0,128,64,192,234,246,157,247,55,120,0,1,100,48,126,76,106,208,198,228,2,2,130,131,4,2,130,131,4,111,126,126,157,111,126,126,157,255,255,31,7,15,31,31,7,32,103,121,59,38,114,127,65,2,85,85,5,2,85,85,5,0,7,6,5,0,3,2,1,190,154,148,112,100,80,44,8,0,0,4,0,0,3,15,0,0,0,0,40,84,9,170,255,8,255,147,51,5,0,1,7,8,1,11,0,255,72,14,244,170,242,117,13,247,15,247,12,247,14,247,10,247,0,0,0,224,8,1,0,128,64,192,234,246,157,247,55,120,0,1,12,48,126,76,106,208,198,228,2,2,130,131,4,2,130,131,4,111,126,126,157,111,126,126,157,255,255,29,7,15,31,31,7,32,103,121,59,38,114,127,65,2,85,85,5,2,85,85,5,0,7,6,5,0,3,2,1,194,158,150,116,104,84,48,12,0,0,4,0,0,3,31,0,0,0,0,40,97,9,170,255,8,255,147,51,5,0,1,7,8,1,11,0,255,72,14,244,170,242
2026-08-07_09-50-59,1,429,0,0.0,0,0.0,-1,-1,117,13,247,15,247,12,247,14,247,10,247,0,0,0,224,8,1,0,128,64,192,234,246,157,247,55,120,0,1,12,48,126,76,106,208,198,228,2,2,130,131,4,2,130,131,4,111,126,126,157,111,126,126,157,255,255,29,7,15,31,31,7,32,103,121,59,38,114,127,65,2,85,85,5,2,85,85,5,0,7,6,5,0,3,2,1,194,158,150,116,104,84,48,12,0,0,4,0,0,3,31,0,0,0,0,40,97,9,170,255,8,255,147,51,5,0,1,7,8,1,11,0,255,72,14,244,170,242,121,13,247,15,247,12,247,14,247,10,247,0,0,0,224,8,0,0,128,64,192,234,246,111,247,55,120,0,1,180,126,76,106,208,198,228,2,96,130,131,4,2,130,131,4,3,126,126,157,111,126,126,157,111,255,24,7,15,31,31,7,15,103,121,59,38,114,127,65,44,85,85,5,2,85,85,5,2,7,6,5,0,3,2,1,0,163,150,121,109,89,53,17,5,0,0,4,0,0,3,15,0,0,0,0,40,103,9,170,255,8,255,38,102,2,0,1,7,8,1,11,0,255,72,14,244,170,242
2026-08-07_09-50-59,1,430,0,0.0,0,0.0,-1,-1,121,13,247,15,247,12,247,14,247,10,247,0,0,0,224,8,0,0,128,64,192,234,246,111,247,55,120,0,1,180,126,76,106,208,198,228,2,96,130,131,4,2,130,131,4,3,126,126,157,111,126,126,157,111,255,24,7,15,31,31,7,15,103,121,59,38,114,127,65,44,85,85,5,2,85,85,5,2,7,6,5,0,3,2,1,0,163,150,121,109,89,53,17,5,0,0,4,0,0,3,15,0,0,0,0,40,103,9,170,255,8,255,38,102,2,0,1,7,8,1,11,0,255,72,14,244,170,242,125,13,247,15,247,12,247,14,247,10,247,0,0,0,224,8,0,0,128,64,192,234,246,111,247,55,120,0,1,92,126,76,106,208,198,228,2,96,130,131,4,2,130,131,4,3,126,126,157,111,126,126,157,111,255,20,7,15,31,31,7,15,103,121,59,38,114,127,65,44,85,85,5,2,85,85,5,2,7,6,5,0,3,2,1,0,167,150,125,113,93,57,21,9,0,0,4,0,0,3,31,0,0,0,0,40,116,9,170,255,8,255,38,102,2,0,1,7,8,1,11,0,255,72,14,244,170,242
2026-08-07_09-50-59,1,431,0,0.0,0,0.0,-1,-1,125,13,247,15,247,12,247,14,247,10,247,0,0,0,224,8,0,0,128,64,192,234,246,111,247,55,120,0,1,92,126,76,106,208,198,228,2,96,130,131,4,2,130,131,4,3,126,126,157,111,126,126,157,111,255,20,7,15,31,31,7,15,103,121,59,38,114,127,65,44,85,85,5,2,85,85,5,2,7,6,5,0,3,2,1,0,167,150,125,113,93,57,21,9,0,0,4,0,0,3,31,0,0,0,0,40,116,9,170,255,8,255,38,102,2,0,1,7,8,1,11,0,255,72,14,244,170,242,129,13,247,15,247,12,247,14,247,10,247,0,0,0,224,8,0,0,128,64,192,234,246,111,247,55,120,0,1,4,126,172,106,208,198,228,2,96,130,130,4,2,130,131,4,3,126,126,157,111,126,126,157,111,255,15,7,15,31,31,7,15,103,116,59,38,114,127,65,44,85,85,5,2,85,85,5,2,7,6,5,0,3,2,1,0,172,150,130,118,98,62,26,14,0,0,4,0,0,3,15,0,0,0,0,40,129,9,170,255,8,255,38,102,2,0,1,7,8,1,11,0,255,72,14,244,170,242
2026-08-07_09-50-59,1,432,0,0.0,0,0.0,-1,-1,129,13,247,15,247,12,247,14,247,10,247,0,0,0,224,8,0,0,128,64,192,234,246,111,247,55,120,0,1,4,126,172,106,208,198,228,2,96,130,130,4,2,130,131,4,3,126,126,157,111,126,126,157,111,255,15,7,15,31,31,7,15,103,116,59,38,114,127,65,44,85,85,5,2,85,85,5,2,7,6,5,0,3,2,1,0,172,150,130,118,98,62,26,14,0,0,4,0,0,3,15,0,0,0,0,40,129,9,170,255,8,255,38,102,2,0,1,7,8,1,11,0,255,72,14,244,170,242,133,13,247,15,247,12,247,14,247,10,247,0,0,0,224,8,0,0,128,64,192,234,246,111,247,55,120,0,1,172,126,172,106,208,198,228,2,96,130,130,4,2,130,131,4,3,126,126,157,111,126,126,157,111,255,11,7,15,31,31,7,15,103,116,59,38,114,127,65,44,85,85,5,2,85,85,5,2,7,6,5,0,3,2,1,0,176,150,134,122,102,66,30,18,0,0,4,0,0,3,31,0,0,0,0,40,135,9,170,255,8,255,38,102,2,0,1,0,8,1,11,0,0,72,14,244,170,242
2026-08-07_09-50-59,1,433,0,0.0,0,0.0,-1,-1,133,13,247,15,247,12,247,14,247,10,247,0,0,0,224,8,0,0,128,64,192,234,246,111,247,55,120,0,1,172,126,172,106,208,198,228,2,96,130,130,4,2,130,131,4,3,126,126,157,111,126,126,157,111,255,11,7,15,31,31,7,15,103,116,59,38,114,127,65,44,85,85,5,2,85,85,5,2,7,6,5,0,3,2,1,0,176,150,134,122,102,66,30,18,0,0,4,0,0,3,31,0,0,0,0,40,135,9,170,255,8,255,38,102,2,0,1,0,8,1,11,0,0,72,14,244,170,242,137,13,247,15,247,12,247,14,247,10,247,0,0,0,224,8,7,0,128,64,192,234,246,126,247,55,120,0,1,84,172,106,208,198,228,2,96,78,130,4,2,130,131,4,3,131,126,157,111,126,126,157,111,126,6,7,15,31,31,7,15,31,116,59,38,114,127,65,44,121,85,5,2,85,85,5,2,85,6,5,0,3,2,1,0,7,150,139,127,107,71,35,23,3,0,0,4,0,0,3,15,0,0,0,0,40,148,9,170,255,7,255,76,205,85,0,1,135,8,1,11,0,255,72,14,244,170,242
2026-08-07_09-50-59,1,434,0,0.0,0,0.0,-1,-1,137,13,247,15,247,12,247,14,247,10,247,0,0,0,224,8,7,0,128,64,192,234,246,126,247,55,120,0,1,84,172,106,208,198,228,2,96,78,130,4,2,130,131,4,3,131,126,157,111,126,126,157,111,126,6,7,15,31,31,7,15,31,116,59,38,114,127,65,44,121,85,5,2,85,85,5,2,85,6,5,0,3,2,1,0,7,150,139,127,107,71,35,23,3,0,0,4,0,0,3,15,0,0,0,0,40,148,9,170,255,7,255,76,205,85,0,1,135,8,1,11,0,255,72,14,244,170,242,141,13,247,15,247,12,247,14,247,10,247,0,0,0,224,9,7,0,128,66,190,234,246,126,247,55,120,0,1,252,172,106,208,198,228,2,96,78,130,4,2,130,131,4,3,131,126,157,111,126,126,157,111,126,2,7,15,31,31,7,15,31,116,59,38,114,127,65,44,121,85,5,2,85,85,5,2,85,6,5,0,3,2,1,0,7,150,143,131,111,75,39,27,7,0,0,4,0,6,3,23,7,0,0,0,41,0,9,170,255,8,255,76,205,85,0,1,135,8,1,11,0,255,72,14,244,170,242
2026-08-07_09-50-59,1,435,1,0.0,0,0.0,-1,-1,141,13,247,15,247,12,247,14,247,10,247,0,0,0,224,9,7,0,128,66,190,234,246,126,247,55,120,0,1,252,172,106,208,198,228,2,96,78,130,4,2,130,131,4,3,131,126,157,111,126,126,157,111,126,2,7,15,31,31,7,15,31,116,59,38,114,127,65,44,121,85,5,2,85,85,5,2,85,6,5,0,3,2,1,0,7,150,143,131,111,75,39,27,7,0,0,4,0,6,3,23,7,0,0,0,41,0,9,170,255,8,255,76,205,85,0,1,135,8,1,11,0,255,72,14,244,170,242,145,13,247,15,247,12,247,14,247,10,247,0,0,0,224,9,7,0,128,70,186,234,246,126,247,55,120,0,1,164,172,106,208,198,228,2,96,78,130,4,2,130,131,4,3,131,126,157,111,126,126,157,111,126,255,7,15,31,31,7,15,31,116,59,38,114,127,65,44,121,85,5,2,85,85,5,2,85,6,5,0,3,2,1,0,7,152,147,135,115,79,43,31,11,0,0,4,0,2,3,23,3,0,0,0,41,7,9,170,255,8,255,76,205,85,0,1,7,8,1,11,0,255,72,14,244,170,242
2026-08-07_09-50-59,1,436,1,0.0,0,0.0,-1,-1,145,13,247,15,247,12,247,14,247,10,247,0,0,0,224,9,7,0,128,70,186,234,246,126,247,55,120,0,1,164,172,106,208,198,228,2,96,78,130,4,2,130,131,4,3,131,126,157,111,126,126,157,111,126,255,7,15,31,31,7,15,31,116,59,38,114,127,65,44,121,85,5,2,85,85,5,2,85,6,5,0,3,2,1,0,7,152,147,135,115,79,43,31,11,0,0,4,0,2,3,23,3,0,0,0,41,7,9,170,255,8,255,76,205,85,0,1,7,8,1,11,0,255,72,14,244,170,242,149,13,247,15,247,12,247,14,247,10,247,0,0,0,224,10,7,0,128,74,182,195,246,126,247,55,120,0,1,76,172,106,208,198,228,2,96,78,130,4,2,130,131,4,3,131,126,157,111,126,126,157,111,126,255,6,15,31,31,7,15,31,116,59,38,114,127,65,44,121,85,5,2,85,85,5,2,85,6,5,0,3,2,1,0,7,156,150,139,119,83,47,35,15,0,0,4,0,5,3,23,6,0,0,0,41,20,9,170,255,8,255,76,205,85,0,1,7,8,1,11,0,255,72,14,244,170,242
2026-08-07_09-50-59,1,437,1,0.0,0,0.0,-1,-1,149,13,247,15,247,12,247,14,247,10,247,0,0,0,224,10,7,0,128,74,182,195,246,126,247,55,120,0,1,76,172,106,208,198,228,2,96,78,130,4,2,130,131,4,3,131,126,157,111,126,126,157,111,126,255,6,15,31,31,7,15,31,116,59,38,114,127,65,44,121,85,5,2,85,85,5,2,85,6,5,0,3,2,1,0,7,156,150,139,119,83,47,35,15,0,0,4,0,5,3,23,6,0,0,0,41,20,9,170,255,8,255,76,205,85,0,1,7,8,1,11,0,255,72,14,244,170,242,153,13,247,15,247,12,247,14,247,10,247,0,0,0,224,10,7,0,117,78,178,195,246,126,247,55,120,0,1,244,172,106,208,198,228,2,96,78,130,4,2,130,131,4,3,131,126,157,111,126,126,157,111,126,255,2,15,31,31,7,15,31,116,59,38,114,127,65,44,121,85,5,2,85,85,5,2,85,6,5,0,3,2,1,0,7,160,150,143,123,87,51,39,19,0,0,4,224,0,3,23,0,0,0,0,41,32,8,170,255,8,255,76,205,85,0,1,7,8,1,11,0,255,72,14,244,170,242
2026-08-07_09-50-59,1,438,0,0.0,0,0.0,-1,-1,153,13,247,15,247,12,247,14,247,10,247,0,0,0,224,10,7,0,117,78,178,195,246,126,247,55,120,0,1,244,172,106,208,198,228,2,96,78,130,4,2,130,131,4,3,131,126,157,111,126,126,157,111,126,255,2,15,31,31,7,15,31,116,59,38,114,127,65,44,121,85,5,2,85,85,5,2,85,6,5,0,3,2,1,0,7,160,150,143,123,87,51,39,19,0,0,4,224,0,3,23,0,0,0,0,41,32,8,170,255,8,255,76,205,85,0,1,7,8,1,11,0,255,72,14,244,170,242,157,13,247,15,247,12,247,14,247,10,247,0,0,0,224,10,7,0,121,80,174,195,246,126,247,55,120,0,1,156,172,106,208,198,228,2,96,78,130,4,2,130,131,4,3,131,126,157,111,126,126,157,111,126,255,255,15,31,31,7,15,31,116,59,38,114,127,65,44,121,85,5,2,85,85,5,2,85,6,5,0,3,2,1,0,7,164,152,147,127,91,55,43,23,0,0,4,232,0,27,15,0,0,0,0,41,39,8,170,255,8,255,76,205,85,0,1,7,8,1,11,0,255,72,14,244,170,242
2026-08-07_09-50-59,1,439,0,0.0,0,0.0,-1,-1,157,13,247,15,247,12,247,14,247,10,247,0,0,0,224,10,7,0,121,80,174,195,246,126,247,55,120,0,1,156,172,106,208,198,228,2,96,78,130,4,2,130,131,4,3,131,126,157,111,126,126,157,111,126,255,255,15,31,31,7,15,31,116,59,38,114,127,65,44,121,85,5,2,85,85,5,2,85,6,5,0,3,2,1,0,7,164,152,147,127,91,55,43,23,0,0,4,232,0,27,15,0,0,0,0,41,39,8,170,255,8,255,76,205,85,0,1,7,8,1,11,0,255,72,14,244,170,242,161,13,247,15,247,12,247,14,247,10,247,0,0,0,224,10,7,0,124,80,170,195,246,126,247,56,120,0,1,68,172,106,208,198,228,2,96,78,130,4,2,130,131,4,3,131,126,157,111,126,126,157,111,126,255,255,14,31,31,7,15,31,116,59,38,114,127,65,44,121,85,5,2,85,85,5,2,85,6,5,0,3,2,1,0,7,167,155,149,130,94,58,46,26,0,0,4,240,0,27,31,0,0,0,0,41,52,8,170,255,8,255,76,205,85,0,0,7,8,1,11,0,255,72,14,244,170,242
2026-08-07_09-50-59,1,440,0,0.0,0,0.0,-1,-1,161,13,247,15,247,12,247,14,247,10,247,0,0,0,224,10,7,0,124,80,170,195,246,126,247,56,120,0,1,68,172,106,208,198,228,2,96,78,130,4,2,130,131,4,3,131,126,157,111,126,126,157,111,126,255,255,14,31,31,7,15,31,116,59,38,114,127,65,44,121,85,5,2,85,85,5,2,85,6,5,0,3,2,1,0,7,167,155,149,130,94,58,46,26,0,0,4,240,0,27,31,0,0,0,0,41,52,8,170,255,8,255,76,205,85,0,0,7,8,1,11,0,255,72,14,244,170,242,165,13,247,15,247,12,247,14,247,10,247,0,0,0,224,10,7,0,128,80,166,195,246,126,247,57,120,0,1,236,172,106,208,198,228,2,96,78,130,4,2,130,131,4,3,131,126,157,111,126,126,157,111,126,255,255,11,31,31,7,15,31,116,59,38,114,127,65,44,121,85,5,2,85,85,5,2,85,6,5,0,3,2,1,0,7,171,159,150,134,98,62,50,30,0,0,4,248,0,27,15,0,0,0,0,41,64,8,170,255,8,255,76,205,85,0,1,7,8,1,11,0,255,72,14,244,170,242
2026-08-07_09-50-59,1,441,0,0.0,0,0.0,-1,-1,165,13,247,15,247,12,247,14,247,10,247,0,0,0,224,10,7,0,128,80,166,195,246,126,247,57,120,0,1,236,172,106,208,198,228,2,96,78,130,4,2,130,131,4,3,131,126,157,111,126,126,157,111,126,255,255,11,31,31,7,15,31,116,59,38,114,127,65,44,121,85,5,2,85,85,5,2,85,6,5,0,3,2,1,0,7,171,159,150,134,98,62,50,30,0,0,4,248,0,27,15,0,0,0,0,41,64,8,170,255,8,255,76,205,85,0,1,7,8,1,11,0,255,72,14,244,170,242,169,13,247,15,247,12,247,14,247,10,247,0,0,0,224,10,7,0,128,80,162,195,246,126,247,58,120,0,1,148,172,106,208,198,228,2,96,78,130,4,2,130,131,4,3,131,126,157,111,126,126,157,111,126,255,255,7,31,31,7,15,31,116,59,38,114,127,65,44,121,85,5,2,85,85,5,2,85,6,5,0,3,2,1,0,7,174,162,149,137,101,65,53,33,0,0,4,11,0,27,31,0,0,0,0,41,71,8,170,255,8,255,76,205,85,0,0,7,8,1,11,0,255,72,14,244,170,242
2026-08-07_09-50-59,1,442,0,0.0,0,0.0,-1,-1,169,13,247,15,247,12,247,14,247,10,247,0,0,0,224,10,7,0,128,80,162,195,246,126,247,58,120,0,1,148,172,106,208,198,228,2,96,78,130,4,2,130,131,4,3,131,126,157,111,126,126,157,111,126,255,255,7,31,31,7,15,31,116,59,38,114,127,65,44,121,85,5,2,85,85,5,2,85,6,5,0,3,2,1,0,7,174,162,149,137,101,65,53,33,0,0,4,11,0,27,31,0,0,0,0,41,71,8,170,255,8,255,76,205,85,0,0,7,8,1,11,0,255,72,14,244,170,242,173,13,247,15,247,12,247,14,247,10,247,0,0,0,224,10,6,0,128,80,160,195,246,126,247,59,120,0,1,60,106,208,198,228,2,96,78,92,4,2,130,131,4,3,131,132,157,111,126,126,157,111,126,126,255,4,31,31,7,15,31,31,59,38,114,127,65,44,121,135,5,2,85,85,5,2,85,85,5,0,3,2,1,0,7,6,166,150,141,105,69,57,37,1,0,0,4,7,0,27,15,0,0,0,0,41,84,8,170,255,7,255,153,155,85,0,1,7,6,1,11,0,255,72,14,244,170,242
2026-08-07_09-50-59,1,443,0,0.0,0,0.0,-1,-1,173,13,247,15,247,12,247,14,247,10,247,0,0,0,224,10,6,0,128,80,160,195,246,126,247,59,120,0,1,60,106,208,198,228,2,96,78,92,4,2,130,131,4,3,131,132,157,111,126,126,157,111,126,126,255,4,31,31,7,15,31,31,59,38,114,127,65,44,121,135,5,2,85,85,5,2,85,85,5,0,3,2,1,0,7,6,166,150,141,105,69,57,37,1,0,0,4,7,0,27,15,0,0,0,0,41,84,8,170,255,7,255,153,155,85,0,1,7,6,1,11,0,255,72,14,244,170,242,177,13,247,15,247,12,247,14,247,10,247,0,0,0,224,10,6,0,128,80,160,195,246,126,247,60,120,0,1,228,106,208,198,228,2,96,78,92,4,2,130,131,4,3,131,132,157,111,126,126,157,111,126,126,255,0,31,31,7,15,31,31,59,38,114,127,65,44,121,135,5,2,85,85,5,2,85,85,5,0,3,2,1,0,7,6,169,149,144,108,72,60,40,4,0,0,4,3,0,27,31,0,0,0,0,41,96,8,170,255,8,255,153,155,85,0,0,7,6,1,11,0,255,72,14,244,170,242
2026-08-07_09-50-59,1,444,0,0.0,0,0.0,-1,-1,177,13,247,15,247,12,247,14,247,10,247,0,0,0,224,10,6,0,128,80,160,195,246,126,247,60,120,0,1,228,106,208,198,228,2,96,78,92,4,2,130,131,4,3,131,132,157,111,126,126,157,111,126,126,255,0,31,31,7,15,31,31,59,38,114,127,65,44,121,135,5,2,85,85,5,2,85,85,5,0,3,2,1,0,7,6,169,149,144,108,72,60,40,4,0,0,4,3,0,27,31,0,0,0,0,41,96,8,170,255,8,255,153,155,85,0,0,7,6,1,11,0,255,72,14,244,170,242,181,13,247,15,247,12,247,14,247,10,247,0,0,0,224,10,6,0,128,80,160,195,246,126,247,61,120,0,1,140,106,208,198,228,2,96,78,92,4,2,130,131,4,3,131,132,157,111,126,126,157,111,126,126,255,255,31,31,7,15,31,31,59,38,114,127,65,44,121,135,5,2,85,85,5,2,85,85,5,0,3,2,1,0,7,6,173,153,148,112,76,64,44,8,0,0,4,0,0,27,15,0,0,0,0,41,103,8,170,255,8,255,153,155,85,0,1,7,6,1,11,0,255,72,14,244,170,242
2026-08-07_09-50-59,1,445,0,0.0,0,0.0,-1,-1,181,13,247,15,247,12,247,14,247,10,247,0,0,0,224,10,6,0,128,80,160,195,246,126,247,61,120,0,1,140,106,208,198,228,2,96,78,92,4,2,130,131,4,3,131,132,157,111,126,126,157,111,126,126,255,255,31,31,7,15,31,31,59,38,114,127,65,44,121,135,5,2,85,85,5,2,85,85,5,0,3,2,1,0,7,6,173,153,148,112,76,64,44,8,0,0,4,0,0,27,15,0,0,0,0,41,103,8,170,255,8,255,153,155,85,0,1,7,6,1,11,0,255,72,14,244,170,242,185,13,247,15,247,12,247,14,247,10,247,0,0,0,224,9,6,0,128,80,161,234,246,126,247,62,120,0,1,52,106,208,198,228,2,96,78,92,4,2,130,131,4,3,131,132,157,111,126,126,157,111,126,126,255,255,29,31,7,15,31,31,59,38,114,127,65,44,121,135,5,2,85,85,5,2,85,85,5,0,3,2,1,0,7,6,176,156,149,115,79,67,47,11,0,0,4,0,7,27,31,8,0,0,0,41,116,8,170,255,8,255,153,155,85,0,0,7,6,1,11,0,255,72,14,244,170,242
2026-08-07_09-50-59,1,446,2,0.0,0,0.0,-1,-1,185,13,247,15,247,12,247,14,247,10,247,0,0,0,224,9,6,0,128,80,161,234,246,126,247,62,120,0,1,52,106,208,198,228,2,96,78,92,4,2,130,131,4,3,131,132,157,111,126,126,157,111,126,126,255,255,29,31,7,15,31,31,59,38,114,127,65,44,121,135,5,2,85,85,5,2,85,85,5,0,3,2,1,0,7,6,176,156,149,115,79,67,47,11,0,0,4,0,7,27,31,8,0,0,0,41,116,8,170,255,8,255,153,155,85,0,0,7,6,1,11,0,255,72,14,244,170,242,189,13,247,15,247,12,247,14,247,10,247,0,0,0,224,9,6,0,128,80,165,234,246,126,247,63,120,0,1,220,106,208,198,228,2,96,78,92,4,2,130,131,4,3,131,132,157,111,126,126,157,111,126,126,255,255,26,31,7,15,31,31,59,38,114,127,65,44,121,135,5,2,85,85,5,2,85,85,5,0,3,2,1,0,7,6,180,160,150,119,83,71,51,15,0,0,4,0,3,27,15,4,0,0,0,41,128,8,170,255,8,255,153,155,85,0,1,7,6,1,11,0,255,72,14,244,170,242
2026-08-07_09-50-59,1,447,2,0.0,0,0.0,-1,-1,189,13,247,15,247,12,247,14,247,10,247,0,0,0,224,9,6,0,128,80,165,234,246,126,247,63,120,0,1,220,106,208,198,228,2,96,78,92,4,2,130,131,4,3,131,132,157,111,126,126,157,111,126,126,255,255,26,31,7,15,31,31,59,38,114,127,65,44,121,135,5,2,85,85,5,2,85,85,5,0,3,2,1,0,7,6,180,160,150,119,83,71,51,15,0,0,4,0,3,27,15,4,0,0,0,41,128,8,170,255,8,255,153,155,85,0,1,7,6,1,11,0,255,72,14,244,170,242,193,13,247,15,247,12,247,14,247,10,247,0,0,0,224,8,6,0,128,79,169,234,246,126,247,64,120,0,1,132,106,208,198,228,2,96,78,92,4,2,130,131,4,3,131,132,157,111,126,126,157,111,126,126,255,255,22,31,7,15,31,31,59,38,114,127,65,44,121,135,5,2,85,85,5,2,85,85,5,0,3,2,1,0,7,6,183,163,149,122,86,74,54,18,0,0,4,0,8,19,31,9,0,0,0,41,135,8,170,255,8,255,153,155,85,0,0,7,6,1,11,0,255,72,14,244,170,242
2026-08-07_09-50-59,1,448,2,0.0,0,0.0,-1,-1,193,13,247,15,247,12,247,14,247,10,247,0,0,0,224,8,6,0,128,79,169,234,246,126,247,64,120,0,1,132,106,208,198,228,2,96,78,92,4,2,130,131,4,3,131,132,157,111,126,126,157,111,126,126,255,255,22,31,7,15,31,31,59,38,114,127,65,44,121,135,5,2,85,85,5,2,85,85,5,0,3,2,1,0,7,6,183,163,149,122,86,74,54,18,0,0,4,0,8,19,31,9,0,0,0,41,135,8,170,255,8,255,153,155,85,0,0,7,6,1,11,0,255,72,14,244,170,242,197,13,247,15,247,12,247,14,247,10,247,0,0,0,224,8,6,0,128,75,173,234,246,126,247,64,120,0,1,44,106,208,198,228,2,96,78,92,4,2,130,131,4,3,131,132,157,111,126,126,157,111,126,126,255,255,19,31,7,15,31,31,59,38,114,127,65,44,121,135,5,2,85,85,5,2,85,85,5,0,3,2,1,0,7,6,187,167,150,126,90,78,58,22,0,0,4,0,0,19,15,0,0,0,0,41,148,8,170,255,8,255,153,155,85,0,1,7,6,1,11,0,255,72,14,244,170,242
2026-08-07_09-50-59,1,449,0,0.0,0,0.0,-1,-1,197,13,247,15,247,12,247,14,247,10,247,0,0,0,224,8,6,0,128,75,173,234,246,126,247,64,120,0,1,44,106,208,198,228,2,96,78,92,4,2,130,131,4,3,131,132,157,111,126,126,157,111,126,126,255,255,19,31,7,15,31,31,59,38,114,127,65,44,121,135,5,2,85,85,5,2,85,85,5,0,3,2,1,0,7,6,187,167,150,126,90,78,58,22,0,0,4,0,0,19,15,0,0,0,0,41,148,8,170,255,8,255,153,155,85,0,1,7,6,1,11,0,255,72,14,244,170,242,201,13,247,15,247,12,247,14,247,10,247,0,0,0,224,8,6,0,128,71,177,234,246,126,247,64,120,0,1,212,106,208,22,228,2,96,78,92,4,2,130,131,4,3,131,132,157,111,126,126,157,111,126,126,255,255,15,31,7,15,31,31,59,38,109,127,65,44,121,135,5,2,85,85,5,2,85,85,5,0,3,2,1,0,7,6,191,171,150,130,94,82,62,26,0,0,4,0,0,19,7,0,0,0,0,48,0,8,170,255,8,255,153,155,85,0,1,7,6,1,11,0,255,72,14,244,170,242
2026-08-07_09-50-59,1,450,0,0.0,0,0.0,-1,-1,201,13,247,15,247,12,247,14,247,10,247,0,0,0,224,8,6,0,128,71,177,234,246,126,247,64,120,0,1,212,106,208,22,228,2,96,78,92,4,2,130,131,4,3,131,132,157,111,126,126,157,111,126,126,255,255,15,31,7,15,31,31,59,38,109,127,65,44,121,135,5,2,85,85,5,2,85,85,5,0,3,2,1,0,7,6,191,171,150,130,94,82,62,26,0,0,4,0,0,19,7,0,0,0,0,48,0,8,170,255,8,255,153,155,85,0,1,7,6,1,11,0,255,72,14,244,170,242,205,13,247,15,247,12,247,14,247,10,247,0,0,0,224,8,6,0,128,67,181,234,246,126,247,64,120,0,1,124,106,208,22,228,2,96,78,92,4,2,130,131,4,3,131,132,157,111,126,126,157,111,126,126,255,255,11,31,7,15,31,31,59,38,109,127,65,44,121,135,5,2,85,85,5,2,85,85,5,0,3,2,1,0,7,6,195,175,150,134,98,86,66,30,0,0,4,0,0,19,7,0,0,0,0,48,7,8,170,255,8,255,153,155,85,0,1,7,6,1,11,0,255,72,14,244,170,242
2026-08-07_09-50-59,1,451,0,0.0,0,0.0,-1,-1,205,13,247,15,247,12,247,14,247,10,247,0,0,0,224,8,6,0,128,67,181,234,246,126,247,64,120,0,1,124,106,208,22,228,2,96,78,92,4,2,130,131,4,3,131,132,157,111,126,126,157,111,126,126,255,255,11,31,7,15,31,31,59,38,109,127,65,44,121,135,5,2,85,85,5,2,85,85,5,0,3,2,1,0,7,6,195,175,150,134,98,86,66,30,0,0,4,0,0,19,7,0,0,0,0,48,7,8,170,255,8,255,153,155,85,0,1,7,6,1,11,0,255,72,14,244,170,242,209,13,247,15,247,12,247,14,247,10,247,0,0,0,224,8,6,0,128,64,185,234,246,126,247,64,120,0,1,36,106,208,22,228,2,96,78,92,4,2,130,131,4,3,131,132,157,111,126,126,157,111,126,126,255,255,7,31,7,15,31,31,59,38,109,127,65,44,121,135,5,2,85,85,5,2,85,85,5,0,3,2,1,0,7,6,199,179,150,138,102,90,70,34,0,0,4,0,0,19,7,0,0,0,0,48,20,8,170,255,8,255,153,155,85,0,1,7,6,1,11,0,255,72,14,244,170,242
2026-08-07_09-50-59,1,452,0,0.0,0,0.0,-1,-1,209,13,247,15,247,12,247,14,247,10,247,0,0,0,224,8,6,0,128,64,185,234,246,126,247,64,120,0,1,36,106,208,22,228,2,96,78,92,4,2,130,131,4,3,131,132,157,111,126,126,157,111,126,126,255,255,7,31,7,15,31,31,59,38,109,127,65,44,121,135,5,2,85,85,5,2,85,85,5,0,3,2,1,0,7,6,199,179,150,138,102,90,70,34,0,0,4,0,0,19,7,0,0,0,0,48,20,8,170,255,8,255,153,155,85,0,1,7,6,1,11,0,255,72,14,244,170,242,213,13,247,15,247,12,247,14,247,10,247,0,0,0,224,8,5,0,128,64,189,234,246,157,247,64,120,0,1,204,208,22,228,2,96,78,92,106,2,130,131,4,3,131,132,128,111,126,126,157,111,126,126,157,255,3,31,7,15,31,31,7,38,109,127,65,44,121,135,74,2,85,85,5,2,85,85,5,0,3,2,1,0,7,6,5,183,150,142,106,94,74,38,2,0,0,4,0,0,19,7,0,0,0,0,48,32,8,170,255,7,255,51,54,5,0,1,7,6,1,11,0,255,72,14,244,170,242
2026-08-07_09-50-59,1,453,0,0.0,0,0.0,-1,-1,213,13,247,15,247,12,247,14,247,10,247,0,0,0,224,8,5,0,128,64,189,234,246,157,247,64,120,0,1,204,208,22,228,2,96,78,92,106,2,130,131,4,3,131,132,128,111,126,126,157,111,126,126,157,255,3,31,7,15,31,31,7,38,109,127,65,44,121,135,74,2,85,85,5,2,85,85,5,0,3,2,1,0,7,6,5,183,150,142,106,94,74,38,2,0,0,4,0,0,19,7,0,0,0,0,48,32,8,170,255,7,255,51,54,5,0,1,7,6,1,11,0,255,72,14,244,170,242,217,13,247,15,247,12,247,14,247,10,247,0,0,0,224,8,5,0,128,64,192,234,246,157,247,64,120,0,1,116,208,22,228,2,96,78,92,106,2,130,131,4,3,131,132,128,111,126,126,157,111,126,126,157,255,255,31,7,15,31,31,7,38,109,127,65,44,121,135,74,2,85,85,5,2,85,85,5,0,3,2,1,0,7,6,5,187,151,146,110,98,78,42,6,0,0,4,0,0,19,15,0,0,0,0,48,39,8,170,255,8,255,51,54,5,0,1,7,6,1,11,0,255,72,14,244,170,242
2026-08-07_09-50-59,1,454,0,0.0,0,0.0,-1,-1,217,13,247,15,247,12,247,14,247,10,247,0,0,0,224,8,5,0,128,64,192,234,246,157,247,64,120,0,1,116,208,22,228,2,96,78,92,106,2,130,131,4,3,131,132,128,111,126,126,157,111,126,126,157,255,255,31,7,15,31,31,7,38,109,127,65,44,121,135,74,2,85,85,5,2,85,85,5,0,3,2,1,0,7,6,5,187,151,146,110,98,78,42,6,0,0,4,0,0,19,15,0,0,0,0,48,39,8,170,255,8,255,51,54,5,0,1,7,6,1,11,0,255,72,14,244,170,242,221,13,247,15,247,12,247,14,247,10,247,0,0,0,224,8,5,0,128,64,192,234,246,157,247,64,120,0,1,28,208,22,228,2,96,78,92,106,2,130,131,4,3,131,132,128,111,126,126,157,111,126,126,157,255,255,31,7,15,31,31,7,38,109,127,65,44,121,135,74,2,85,85,5,2,85,85,5,0,3,2,1,0,7,6,5,191,155,150,114,102,82,46,10,0,0,4,0,0,19,31,0,0,0,0,48,52,8,170,255,8,255,51,54,5,0,1,7,6,1,11,0,255,72,14,244,170,242
2026-08-07_09-50-59,1,455,0,0.0,0,0.0,-1,-1,221,13,247,15,247,12,247,14,247,10,247,0,0,0,224,8,5,0,128,64,192,234,246,157,247,64,120,0,1,28,208,22,228,2,96,78,92,106,2,130,131,4,3,131,132,128,111,126,126,157,111,126,126,157,255,255,31,7,15,31,31,7,38,109,127,65,44,121,135,74,2,85,85,5,2,85,85,5,0,3,2,1,0,7,6,5,191,155,150,114,102,82,46,10,0,0,4,0,0,19,31,0,0,0,0,48,52,8,170,255,8,255,51,54,5,0,1,7,6,1,11,0,255,72,14,244,170,242,225,13,247,15,247,12,247,14,247,10,247,0,0,0,224,8,4,0,128,64,192,234,246,111,247,64,120,0,1,196,22,228,2,96,78,92,106,144,130,131,4,3,131,132,128,3,126,126,157,111,126,126,157,111,255,26,7,15,31,31,7,15,109,127,65,44,121,135,74,57,85,85,5,2,85,85,5,2,3,2,1,0,7,6,5,0,160,150,119,107,87,51,15,3,0,0,4,0,0,19,15,0,0,0,0,48,64,8,170,255,7,255,102,109,2,0,1,7,6,1,11,0,255,72,14,244,170,242
2026-08-07_09-50-59,1,456,0,0.0,0,0.0,-1,-1,225,13,247,15,247,12,247,14,247,10,247,0,0,0,224,8,4,0,128,64,192,234,246,111,247,64,120,0,1,196,22,228,2,96,78,92,106,144,130,131,4,3,131,132,128,3,126,126,157,111,126,126,157,111,255,26,7,15,31,31,7,15,109,127,65,44,121,135,74,57,85,85,5,2,85,85,5,2,3,2,1,0,7,6,5,0,160,150,119,107,87,51,15,3,0,0,4,0,0,19,15,0,0,0,0,48,64,8,170,255,7,255,102,109,2,0,1,7,6,1,11,0,255,72,14,244,170,242,229,13,247,15,247,12,247,14,247,10,247,0,0,0,224,8,4,0,128,64,192,234,246,111,247,64,120,0,1,108,22,228,2,96,78,92,106,144,130,131,4,3,131,132,128,3,126,126,157,111,126,126,157,111,255,22,7,15,31,31,7,15,109,127,65,44,121,135,74,57,85,85,5,2,85,85,5,2,3,2,1,0,7,6,5,0,164,150,123,111,91,55,19,7,0,0,4,0,0,19,31,0,0,0,0,48,71,8,170,255,8,255,102,109,2,0,1,7,6,1,11,0,255,72,14,244,170,242
2026-08-07_09-50-59,1,457,0,0.0,0,0.0,-1,-1,229,13,247,15,247,12,247,14,247,10,247,0,0,0,224,8,4,0,128,64,192,234,246,111,247,64,120,0,1,108,22,228,2,96,78,92,106,144,130,131,4,3,131,132,128,3,126,126,157,111,126,126,157,111,255,22,7,15,31,31,7,15,109,127,65,44,121,135,74,57,85,85,5,2,85,85,5,2,3,2,1,0,7,6,5,0,164,150,123,111,91,55,19,7,0,0,4,0,0,19,31,0,0,0,0,48,71,8,170,255,8,255,102,109,2,0,1,7,6,1,11,0,255,72,14,244,170,242,233,13,247,15,247,12,247,14,247,10,247,0,0,0,224,8,4,0,128,64,192,234,246,111,247,64,120,0,1,20,22,228,2,96,78,92,106,144,130,131,4,3,131,132,128,3,126,126,157,111,126,126,157,111,255,17,7,15,31,31,7,15,109,127,65,44,121,135,74,57,85,85,5,2,85,85,5,2,3,2,1,0,7,6,5,0,169,150,128,116,96,60,24,12,0,0,4,0,0,19,15,0,0,0,0,48,84,8,170,255,8,255,102,109,2,0,1,0,6,1,11,0,0,72,14,244,170,242
2026-08-07_09-50-59,1,458,0,0.0,0,0.0,-1,-1,233,13,247,15,247,12,247,14,247,10,247,0,0,0,224,8,4,0,128,64,192,234,246,111,247,64,120,0,1,20,22,228,2,96,78,92,106,144,130,131,4,3,131,132,128,3,126,126,157,111,126,126,157,111,255,17,7,15,31,31,7,15,109,127,65,44,121,135,74,57,85,85,5,2,85,85,5,2,3,2,1,0,7,6,5,0,169,150,128,116,96,60,24,12,0,0,4,0,0,19,15,0,0,0,0,48,84,8,170,255,8,255,102,109,2,0,1,0,6,1,11,0,0,72,14,244,170,242,237,13,247,15,247,12,247,14,247,10,247,0,0,0,224,8,4,0,128,64,192,234,246,111,247,64,120,0,1,188,22,52,2,96,78,92,106,144,130,131,4,3,131,132,128,3,126,126,157,111,126,126,157,111,255,13,7,15,31,31,7,15,109,122,65,44,121,135,74,57,85,85,5,2,85,85,5,2,3,2,1,0,7,6,5,0,173,150,132,120,100,64,28,16,0,0,4,0,0,19,31,0,0,0,0,48,96,8,170,255,8,255,102,109,2,0,1,0,6,1,11,0,0,72,14,244,170,242
2026-08-07_09-50-59,1,459,0,0.0,0,0.0,-1,-1,237,13,247,15,247,12,247,14,247,10,247,0,0,0,224,8,4,0,128,64,192,234,246,111,247,64,120,0,1,188,22,52,2,96,78,92,106,144,130,131,4,3,131,132,128,3,126,126,157,111,126,126,157,111,255,13,7,15,31,31,7,15,109,122,65,44,121,135,74,57,85,85,5,2,85,85,5,2,3,2,1,0,7,6,5,0,173,150,132,120,100,64,28,16,0,0,4,0,0,19,31,0,0,0,0,48,96,8,170,255,8,255,102,109,2,0,1,0,6,1,11,0,0,72,14,244,170,242,241,13,247,15,247,12,247,14,247,10,247,0,0,0,224,8,3,0,128,64,192,234,246,126,247,64,120,0,1,100,52,2,96,78,92,106,144,150,131,4,3,131,132,128,3,132,126,157,111,126,126,157,111,126,8,7,15,31,31,7,15,31,122,65,44,121,135,74,57,147,85,5,2,85,85,5,2,85,2,1,0,7,6,5,0,3,150,137,125,105,69,33,21,1,0,0,4,0,0,19,15,0,0,0,0,48,103,8,170,255,7,255,204,218,85,0,1,135,6,1,11,0,255,72,14,244,170,242
2026-08-07_09-50-59,1,460,0,0.0,0,0.0,-1,-1,241,13,247,15,247,12,247,14,247,10,247,0,0,0,224,8,3,0,128,64,192,234,246,126,247,64,120,0,1,100,52,2,96,78,92,106,144,150,131,4,3,131,132,128,3,132,126,157,111,126,126,157,111,126,8,7,15,31,31,7,15,31,122,65,44,121,135,74,57,147,85,5,2,85,85,5,2,85,2,1,0,7,6,5,0,3,150,137,125,105,69,33,21,1,0,0,4,0,0,19,15,0,0,0,0,48,103,8,170,255,7,255,204,218,85,0,1,135,6,1,11,0,255,72,14,244,170,242,245,13,247,15,247,12,247,14,247,10,247,0,0,0,224,8,3,0,128,64,192,234,246,126,247,64,120,0,1,12,52,2,96,78,92,106,144,150,131,4,3,131,132,128,3,132,126,157,111,126,126,157,111,126,4,7,15,31,31,7,15,31,122,65,44,121,135,74,57,147,85,5,2,85,85,5,2,85,2,1,0,7,6,5,0,3,150,141,129,109,73,37,25,5,0,0,4,0,0,19,31,0,0,0,0,48,116,8,170,255,8,255,204,218,85,0,1,135,6,1,11,0,255,72,14,244,170,242
2026-08-07_09-50-59,1,461,0,0.0,0,0.0,-1,-1,245,13,247,15,247,12,247,14,247,10,247,0,0,0,224,8,3,0,128,64,192,234,246,126,247,64,120,0,1,12,52,2,96,78,92,106,144,150,131,4,3,131,132,128,3,132,126,157,111,126,126,157,111,126,4,7,15,31,31,7,15,31,122,65,44,121,135,74,57,147,85,5,2,85,85,5,2,85,2,1,0,7,6,5,0,3,150,141,129,109,73,37,25,5,0,0,4,0,0,19,31,0,0,0,0,48,116,8,170,255,8,255,204,218,85,0,1,135,6,1,11,0,255,72,14,244,170,242,249,13,247,15,247,12,247,14,247,10,247,0,0,0,224,8,3,0,128,64,192,234,246,126,247,64,120,0,1,180,52,2,96,78,92,106,144,150,131,4,3,131,132,128,3,132,126,157,111,126,126,157,111,126,255,7,15,31,31,7,15,31,122,65,44,121,135,74,57,147,85,5,2,85,85,5,2,85,2,1,0,7,6,5,0,3,151,146,134,114,78,42,30,10,0,0,4,0,0,19,15,0,0,0,0,48,128,8,170,255,8,255,204,218,85,0,1,135,6,1,11,0,255,72,14,244,170,242
2026-08-07_09-50-59,1,462,0,0.0,0,0.0,-1,-1,249,13,247,15,247,12,247,14,247,10,247,0,0,0,224,8,3,0,128,64,192,234,246,126,247,64,120,0,1,180,52,2,96,78,92,106,144,150,131,4,3,131,132,128,3,132,126,157,111,126,126,157,111,126,255,7,15,31,31,7,15,31,122,65,44,121,135,74,57,147,85,5,2,85,85,5,2,85,2,1,0,7,6,5,0,3,151,146,134,114,78,42,30,10,0,0,4,0,0,19,15,0,0,0,0,48,128,8,170,255,8,255,204,218,85,0,1,135,6,1,11,0,255,72,14,244,170,242,253,13,247,15,247,12,247,14,247,10,247,0,0,0,224,8,3,0,128,64,192,234,246,126,247,64,120,0,1,92,52,2,96,78,92,106,144,150,131,4,3,131,132,128,3,132,126,157,111,126,126,157,111,126,255,7,15,31,31,7,15,31,122,65,44,121,135,74,57,147,85,5,2,85,85,5,2,85,2,1,0,7,6,5,0,3,155,150,138,118,82,46,34,14,0,0,4,0,0,19,31,0,0,0,0,48,135,8,170,255,8,255,204,218,85,0,1,7,6,1,11,0,255,72,14,244,170,242
2026-08-07_09-50-59,1,463,0,0.0,0,0.0,-1,-1,253,13,247,15,247,12,247,14,247,10,247,0,0,0,224,8,3,0,128,64,192,234,246,126,247,64,120,0,1,92,52,2,96,78,92,106,144,150,131,4,3,131,132,128,3,132,126,157,111,126,126,157,111,126,255,7,15,31,31,7,15,31,122,65,44,121,135,74,57,147,85,5,2,85,85,5,2,85,2,1,0,7,6,5,0,3,155,150,138,118,82,46,34,14,0,0,4,0,0,19,31,0,0,0,0,48,135,8,170,255,8,255,204,218,85,0,1,7,6,1,11,0,255,72,14,244,170,242,1,13,247,15,247,12,247,14,247,10,247,0,0,0,224,8,3,0,117,64,192,234,246,126,247,64,120,0,1,4,52,2,96,78,92,106,144,150,131,4,3,131,132,128,3,132,126,157,111,126,126,157,111,126,255,2,15,31,31,7,15,31,122,65,44,121,135,74,57,147,85,5,2,85,85,5,2,85,2,1,0,7,6,5,0,3,160,150,143,123,87,51,39,19,0,0,4,224,0,19,15,0,0,0,0,48,148,7,170,255,8,255,204,218,85,0,1,7,6,1,11,0,255,72,14,244,170,242
2026-08-07_09-50-59,1,464,0,0.0,0,0.0,-1,-1,1,13,247,15,247,12,247,14,247,10,247,0,0,0,224,8,3,0,117,64,192,234,246,126,247,64,120,0,1,4,52,2,96,78,92,106,144,150,131,4,3,131,132,128,3,132,126,157,111,126,126,157,111,126,255,2,15,31,31,7,15,31,122,65,44,121,135,74,57,147,85,5,2,85,85,5,2,85,2,1,0,7,6,5,0,3,160,150,143,123,87,51,39,19,0,0,4,224,0,19,15,0,0,0,0,48,148,7,170,255,8,255,204,218,85,0,1,7,6,1,11,0,255,72,14,244,170,242,5,13,247,15,247,12,247,14,247,10,247,0,0,0,224,8,3,0,121,64,192,234,246,126,247,64,120,0,1,172,52,2,96,78,92,106,144,150,131,4,3,131,132,128,3,132,126,157,111,126,126,157,111,126,255,255,15,31,31,7,15,31,122,65,44,121,135,74,57,147,85,5,2,85,85,5,2,85,2,1,0,7,6,5,0,3,164,152,147,127,91,55,43,23,0,0,4,232,0,19,31,0,0,0,0,49,0,7,170,255,8,255,204,218,85,0,1,7,6,1,11,0,255,72,14,244,170,242
2026-08-07_09-50-59,1,465,1,0.0,0,0.0,-1,-1,5,13,247,15,247,12,247,14,247,10,247,0,0,0,224,8,3,0,121,64,192,234,246,126,247,64,120,0,1,172,52,2,96,78,92,106,144,150,131,4,3,131,132,128,3,132,126,157,111,126,126,157,111,126,255,255,15,31,31,7,15,31,122,65,44,121,135,74,57,147,85,5,2,85,85,5,2,85,2,1,0,7,6,5,0,3,164,152,147,127,91,55,43,23,0,0,4,232,0,19,31,0,0,0,0,49,0,7,170,255,8,255,204,218,85,0,1,7,6,1,11,0,255,72,14,244,170,242,9,13,247,15,247,12,247,14,247,10,247,0,0,0,224,9,3,0,126,67,189,234,246,126,247,64,120,0,1,84,52,2,96,78,92,106,144,150,131,4,3,131,132,128,3,132,126,157,111,126,126,157,111,126,255,255,13,31,31,7,15,31,122,65,44,121,135,74,57,147,85,5,2,85,85,5,2,85,2,1,0,7,6,5,0,3,169,157,150,132,96,60,48,28,0,0,4,240,5,19,3,6,0,0,0,49,7,7,170,255,8,255,204,218,85,0,1,7,6,1,11,0,255,72,14,244,170,242
2026-08-07_09-50-59,1,466,1,0.0,0,0.0,-1,-1,9,13,247,15,247,12,247,14,247,10,247,0,0,0,224,9,3,0,126,67,189,234,246,126,247,64,120,0,1,84,52,2,96,78,92,106,144,150,131,4,3,131,132,128,3,132,126,157,111,126,126,157,111,126,255,255,13,31,31,7,15,31,122,65,44,121,135,74,57,147,85,5,2,85,85,5,2,85,2,1,0,7,6,5,0,3,169,157,150,132,96,60,48,28,0,0,4,240,5,19,3,6,0,0,0,49,7,7,170,255,8,255,204,218,85,0,1,7,6,1,11,0,255,72,14,244,170,242,13,13,247,15,247,12,247,14,247,10,247,0,0,0,224,9,3,0,128,71,185,234,246,126,247,64,120,0,1,252,52,2,96,78,92,106,144,150,131,4,3,131,132,128,3,132,126,157,111,126,126,157,111,126,255,255,9,31,31,7,15,31,122,65,44,121,135,74,57,147,85,5,2,85,85,5,2,85,2,1,0,7,6,5,0,3,173,161,150,136,100,64,52,32,0,0,4,248,1,19,3,2,0,0,0,49,19,7,170,255,8,255,204,218,85,0,1,7,6,1,11,0,255,72,14,244,170,242
2026-08-07_09-50-59,1,467,1,0.0,0,0.0,-1,-1,13,13,247,15,247,12,247,14,247,10,247,0,0,0,224,9,3,0,128,71,185,234,246,126,247,64,120,0,1,252,52,2,96,78,92,106,144,150,131,4,3,131,132,128,3,132,126,157,111,126,126,157,111,126,255,255,9,31,31,7,15,31,122,65,44,121,135,74,57,147,85,5,2,85,85,5,2,85,2,1,0,7,6,5,0,3,173,161,150,136,100,64,52,32,0,0,4,248,1,19,3,2,0,0,0,49,19,7,170,255,8,255,204,218,85,0,1,7,6,1,11,0,255,72,14,244,170,242,17,13,247,15,247,12,247,14,247,10,247,0,0,0,224,10,3,0,128,75,181,195,246,126,247,64,120,0,1,164,52,2,96,78,92,106,144,150,131,4,3,131,132,128,3,132,126,157,111,126,126,157,111,126,255,255,5,31,31,7,15,31,122,65,44,121,135,74,57,147,85,5,2,85,85,5,2,85,2,1,0,7,6,5,0,3,177,165,150,140,104,68,56,36,0,0,4,11,4,19,3,5,0,0,0,49,32,7,170,255,8,255,204,218,85,0,1,7,6,1,11,0,255,72,14,244,170,242
2026-08-07_09-50-59,1,468,0,0.0,0,0.0,-1,-1,17,13,247,15,247,12,247,14,247,10,247,0,0,0,224,10,3,0,128,75,181,195,246,126,247,64,120,0,1,164,52,2,96,78,92,106,144,150,131,4,3,131,132,128,3,132,126,157,111,126,126,157,111,126,255,255,5,31,31,7,15,31,122,65,44,121,135,74,57,147,85,5,2,85,85,5,2,85,2,1,0,7,6,5,0,3,177,165,150,140,104,68,56,36,0,0,4,11,4,19,3,5,0,0,0,49,32,7,170,255,8,255,204,218,85,0,1,7,6,1,11,0,255,72,14,244,170,242,21,13,247,15,247,12,247,14,247,10,247,0,0,0,224,10,2,0,128,79,177,195,246,126,247,64,120,0,1,76,2,96,78,92,106,144,150,100,4,3,131,132,128,3,132,1,157,111,126,126,157,111,126,126,255,1,31,31,7,15,31,31,65,44,121,135,74,57,147,14,5,2,85,85,5,2,85,85,1,0,7,6,5,0,3,2,169,150,144,108,72,60,40,4,0,0,4,7,0,19,3,0,0,0,0,49,39,7,170,255,8,255,153,181,85,0,1,7,6,1,11,0,255,72,14,244,170,242
2026-08-07_09-50-59,1,469,0,0.0,0,0.0,-1,-1,21,13,247,15,247,12,247,14,247,10,247,0,0,0,224,10,2,0,128,79,177,195,246,126,247,64,120,0,1,76,2,96,78,92,106,144,150,100,4,3,131,132,128,3,132,1,157,111,126,126,157,111,126,126,255,1,31,31,7,15,31,31,65,44,121,135,74,57,147,14,5,2,85,85,5,2,85,85,1,0,7,6,5,0,3,2,169,150,144,108,72,60,40,4,0,0,4,7,0,19,3,0,0,0,0,49,39,7,170,255,8,255,153,181,85,0,1,7,6,1,11,0,255,72,14,244,170,242,25,13,247,15,247,12,247,14,247,10,247,0,0,0,224,10,2,0,128,80,173,195,246,126,247,65,120,0,1,244,2,96,78,92,106,144,150,100,4,3,131,132,128,3,132,1,157,111,126,126,157,111,126,126,255,255,31,31,7,15,31,31,65,44,121,135,74,57,147,14,5,2,85,85,5,2,85,85,1,0,7,6,5,0,3,2,172,152,147,111,75,63,43,7,0,0,4,3,0,19,23,0,0,0,0,49,51,7,170,255,8,255,153,181,85,0,1,7,6,1,11,0,255,72,14,244,170,242
2026-08-07_09-50-59,1,470,0,0.0,0,0.0,-1,-1,25,13,247,15,247,12,247,14,247,10,247,0,0,0,224,10,2,0,128,80,173,195,246,126,247,65,120,0,1,244,2,96,78,92,106,144,150,100,4,3,131,132,128,3,132,1,157,111,126,126,157,111,126,126,255,255,31,31,7,15,31,31,65,44,121,135,74,57,147,14,5,2,85,85,5,2,85,85,1,0,7,6,5,0,3,2,172,152,147,111,75,63,43,7,0,0,4,3,0,19,23,0,0,0,0,49,51,7,170,255,8,255,153,181,85,0,1,7,6,1,11,0,255,72,14,244,170,242,29,13,247,15,247,12,247,14,247,10,247,0,0,0,224,10,2,0,128,80,169,195,246,126,247,66,120,0,1,156,2,96,78,92,106,144,150,100,4,3,131,132,128,3,132,1,157,111,126,126,157,111,126,126,255,255,30,31,7,15,31,31,65,44,121,135,74,57,147,14,5,2,85,85,5,2,85,85,1,0,7,6,5,0,3,2,176,156,150,115,79,67,47,11,0,0,4,0,0,19,7,0,0,0,0,49,64,7,170,255,8,255,153,181,85,0,1,7,6,1,11,0,255,72,14,244,170,242
2026-08-07_09-50-59,1,471,0,0.0,0,0.0,-1,-1,29,13,247,15,247,12,247,14,247,10,247,0,0,0,224,10,2,0,128,80,169,195,246,126,247,66,120,0,1,156,2,96,78,92,106,144,150,100,4,3,131,132,128,3,132,1,157,111,126,126,157,111,126,126,255,255,30,31,7,15,31,31,65,44,121,135,74,57,147,14,5,2,85,85,5,2,85,85,1,0,7,6,5,0,3,2,176,156,150,115,79,67,47,11,0,0,4,0,0,19,7,0,0,0,0,49,64,7,170,255,8,255,153,181,85,0,1,7,6,1,11,0,255,72,14,244,170,242,33,13,247,15,247,12,247,14,247,10,247,0,0,0,224,10,2,0,128,80,165,195,246,126,247,67,120,0,1,68,2,96,78,92,106,144,150,100,4,3,131,132,128,3,132,1,157,111,126,126,157,111,126,126,255,255,27,31,7,15,31,31,65,44,121,135,74,57,147,14,5,2,85,85,5,2,85,85,1,0,7,6,5,0,3,2,179,159,150,118,82,70,50,14,0,0,4,0,0,19,23,0,0,0,0,49,71,7,170,255,8,255,153,181,85,0,1,7,6,1,11,0,255,72,14,244,170,242
2026-08-07_09-50-59,1,472,0,0.0,0,0.0,-1,-1,33,13,247,15,247,12,247,14,247,10,247,0,0,0,224,10,2,0,128,80,165,195,246,126,247,67,120,0,1,68,2,96,78,92,106,144,150,100,4,3,131,132,128,3,132,1,157,111,126,126,157,111,126,126,255,255,27,31,7,15,31,31,65,44,121,135,74,57,147,14,5,2,85,85,5,2,85,85,1,0,7,6,5,0,3,2,179,159,150,118,82,70,50,14,0,0,4,0,0,19,23,0,0,0,0,49,71,7,170,255,8,255,153,181,85,0,1,7,6,1,11,0,255,72,14,244,170,242,37,13,247,15,247,12,247,14,247,10,247,0,0,0,224,10,2,0,128,80,161,195,246,126,247,68,120,0,1,236,2,96,78,92,106,144,150,100,4,3,131,132,128,3,132,1,157,111,126,126,157,111,126,126,255,255,23,31,7,15,31,31,65,44,121,135,74,57,147,14,5,2,85,85,5,2,85,85,1,0,7,6,5,0,3,2,183,163,150,122,86,74,54,18,0,0,4,0,0,19,7,0,0,0,0,49,83,7,170,255,8,255,153,181,85,0,1,7,6,1,11,0,255,72,14,244,170,242
2026-08-07_09-50-59,1,473,0,0.0,0,0.0,-1,-1,37,13,247,15,247,12,247,14,247,10,247,0,0,0,224,10,2,0,128,80,161,195,246,126,247,68,120,0,1,236,2,96,78,92,106,144,150,100,4,3,131,132,128,3,132,1,157,111,126,126,157,111,126,126,255,255,23,31,7,15,31,31,65,44,121,135,74,57,147,14,5,2,85,85,5,2,85,85,1,0,7,6,5,0,3,2,183,163,150,122,86,74,54,18,0,0,4,0,0,19,7,0,0,0,0,49,83,7,170,255,8,255,153,181,85,0,1,7,6,1,11,0,255,72,14,244,170,242,41,13,247,15,247,12,247,14,247,10,247,0,0,0,224,10,2,0,128,80,160,195,246,126,247,69,120,0,1,148,2,96,78,92,106,144,150,100,4,3,131,132,128,3,132,1,157,111,126,126,157,111,126,126,255,255,20,31,7,15,31,31,65,44,121,135,74,57,147,14,5,2,85,85,5,2,85,85,1,0,7,6,5,0,3,2,186,166,150,125,89,77,57,21,0,0,4,0,0,19,23,0,0,0,0,49,96,7,170,255,8,255,153,181,85,0,1,7,6,1,11,0,255,72,14,244,170,242
2026-08-07_09-50-59,1,474,0,0.0,0,0.0,-1,-1,41,13,247,15,247,12,247,14,247,10,247,0,0,0,224,10,2,0,128,80,160,195,246,126,247,69,120,0,1,148,2,96,78,92,106,144,150,100,4,3,131,132,128,3,132,1,157,111,126,126,157,111,126,126,255,255,20,31,7,15,31,31,65,44,121,135,74,57,147,14,5,2,85,85,5,2,85,85,1,0,7,6,5,0,3,2,186,166,150,125,89,77,57,21,0,0,4,0,0,19,23,0,0,0,0,49,96,7,170,255,8,255,153,181,85,0,1,7,6,1,11,0,255,72,14,244,170,242,45,13,247,15,247,12,247,14,247,10,247,0,0,0,224,10,2,0,128,80,160,195,246,126,247,70,120,0,1,60,2,96,78,92,106,144,150,100,4,3,131,132,128,3,132,1,157,111,126,126,157,111,126,126,255,255,16,31,7,15,31,31,65,44,121,135,74,57,147,14,5,2,85,85,5,2,85,85,1,0,7,6,5,0,3,2,190,170,150,129,93,81,61,25,0,0,4,0,0,19,7,0,0,0,0,49,103,7,170,255,8,255,153,181,85,0,1,7,6,1,11,0,255,72,14,244,170,242
2026-08-07_09-50-59,1,475,0,0.0,0,0.0,-1,-1,45,13,247,15,247,12,247,14,247,10,247,0,0,0,224,10,2,0,128,80,160,195,246,126,247,70,120,0,1,60,2,96,78,92,106,144,150,100,4,3,131,132,128,3,132,1,157,111,126,126,157,111,126,126,255,255,16,31,7,15,31,31,65,44,121,135,74,57,147,14,5,2,85,85,5,2,85,85,1,0,7,6,5,0,3,2,190,170,150,129,93,81,61,25,0,0,4,0,0,19,7,0,0,0,0,49,103,7,170,255,8,255,153,181,85,0,1,7,6,1,11,0,255,72,14,244,170,242,49,13,247,15,247,12,247,14,247,10,247,0,0,0,224,10,2,0,128,80,160,195,246,126,247,71,120,0,1,228,2,96,174,92,106,144,150,100,4,3,130,132,128,3,132,1,157,111,126,126,157,111,126,126,255,255,13,31,7,15,31,31,65,44,116,135,74,57,147,14,5,2,85,85,5,2,85,85,1,0,7,6,5,0,3,2,193,173,150,132,96,84,64,28,0,0,4,0,0,19,23,0,0,0,0,49,115,7,170,255,8,255,153,181,85,0,1,7,6,1,11,0,255,72,14,244,170,242
2026-08-07_09-50-59,1,476,0,0.0,0,0.0,-1,-1,49,13,247,15,247,12,247,14,247,10,247,0,0,0,224,10,2,0,128,80,160,195,246,126,247,71,120,0,1,228,2,96,174,92,106,144,150,100,4,3,130,132,128,3,132,1,157,111,126,126,157,111,126,126,255,255,13,31,7,15,31,31,65,44,116,135,74,57,147,14,5,2,85,85,5,2,85,85,1,0,7,6,5,0,3,2,193,173,150,132,96,84,64,28,0,0,4,0,0,19,23,0,0,0,0,49,115,7,170,255,8,255,153,181,85,0,1,7,6,1,11,0,255,72,14,244,170,242,53,13,247,15,247,12,247,14,247,10,247,0,0,0,224,10,2,0,128,80,160,195,246,126,247,72,120,0,1,140,2,96,174,92,106,144,150,100,4,3,130,132,128,3,132,1,157,111,126,126,157,111,126,126,255,255,9,31,7,15,31,31,65,44,116,135,74,57,147,14,5,2,85,85,5,2,85,85,1,0,7,6,5,0,3,2,197,177,150,136,100,88,68,32,0,0,4,0,0,19,7,0,0,0,0,49,128,7,170,255,8,255,153,181,85,0,1,7,6,1,11,0,255,72,14,244,170,242
2026-08-07_09-50-59,1,477,2,0.0,0,0.0,-1,-1,53,13,247,15,247,12,247,14,247,10,247,0,0,0,224,10,2,0,128,80,160,195,246,126,247,72,120,0,1,140,2,96,174,92,106,144,150,100,4,3,130,132,128,3,132,1,157,111,126,126,157,111,126,126,255,255,9,31,7,15,31,31,65,44,116,135,74,57,147,14,5,2,85,85,5,2,85,85,1,0,7,6,5,0,3,2,197,177,150,136,100,88,68,32,0,0,4,0,0,19,7,0,0,0,0,49,128,7,170,255,8,255,153,181,85,0,1,7,6,1,11,0,255,72,14,244,170,242,57,13,247,15,247,12,247,14,247,10,247,0,0,0,224,9,2,0,128,80,164,234,246,126,247,73,120,0,1,52,2,96,174,92,106,144,150,100,4,3,130,132,128,3,132,1,157,111,126,126,157,111,126,126,255,255,6,31,7,15,31,31,65,44,116,135,74,57,147,14,5,2,85,85,5,2,85,85,1,0,7,6,5,0,3,2,200,180,150,139,103,91,71,35,0,0,4,0,4,19,23,5,0,0,0,49,135,7,170,255,8,255,153,181,85,0,1,7,6,1,11,0,255,72,14,244,170,242
2026-08-07_09-50-59,1,478,2,0.0,0,0.0,-1,-1,57,13,247,15,247,12,247,14,247,10,247,0,0,0,224,9,2,0,128,80,164,234,246,126,247,73,120,0,1,52,2,96,174,92,106,144,150,100,4,3,130,132,128,3,132,1,157,111,126,126,157,111,126,126,255,255,6,31,7,15,31,31,65,44,116,135,74,57,147,14,5,2,85,85,5,2,85,85,1,0,7,6,5,0,3,2,200,180,150,139,103,91,71,35,0,0,4,0,4,19,23,5,0,0,0,49,135,7,170,255,8,255,153,181,85,0,1,7,6,1,11,0,255,72,14,244,170,242,61,13,247,15,247,12,247,14,247,10,247,0,0,0,224,9,1,0,128,80,168,234,246,157,247,74,120,0,1,220,96,174,92,106,144,150,100,82,3,130,132,128,3,132,1,128,111,126,126,157,111,126,126,157,255,2,31,7,15,31,31,7,44,116,135,74,57,147,14,75,2,85,85,5,2,85,85,5,0,7,6,5,0,3,2,1,184,150,143,107,95,75,39,3,0,0,4,0,0,19,7,1,0,0,0,49,147,7,170,255,7,255,51,106,5,0,1,7,6,1,11,0,255,72,14,244,170,242
2026-08-07_09-50-59,1,479,0,0.0,0,0.0,-1,-1,61,13,247,15,247,12,247,14,247,10,247,0,0,0,224,9,1,0,128,80,168,234,246,157,247,74,120,0,1,220,96,174,92,106,144,150,100,82,3,130,132,128,3,132,1,128,111,126,126,157,111,126,126,157,255,2,31,7,15,31,31,7,44,116,135,74,57,147,14,75,2,85,85,5,2,85,85,5,0,7,6,5,0,3,2,1,184,150,143,107,95,75,39,3,0,0,4,0,0,19,7,1,0,0,0,49,147,7,170,255,7,255,51,106,5,0,1,7,6,1,11,0,255,72,14,244,170,242,65,13,247,15,247,12,247,14,247,10,247,0,0,0,224,9,1,0,128,80,172,234,246,157,247,75,120,0,1,132,96,174,92,106,144,150,100,82,3,130,132,128,3,132,1,128,111,126,126,157,111,126,126,157,255,255,31,7,15,31,31,7,44,116,135,74,57,147,14,75,2,85,85,5,2,85,85,5,0,7,6,5,0,3,2,1,187,151,146,110,98,78,42,6,0,0,4,0,0,19,23,0,0,0,0,50,0,7,170,255,8,255,51,106,5,0,1,7,6,1,11,0,255,72,14,244,170,242
2026-08-07_09-50-59,1,480,0,0.0,0,0.0,-1,-1,65,13,247,15,247,12,247,14,247,10,247,0,0,0,224,9,1,0,128,80,172,234,246,157,247,75,120,0,1,132,96,174,92,106,144,150,100,82,3,130,132,128,3,132,1,128,111,126,126,157,111,126,126,157,255,255,31,7,15,31,31,7,44,116,135,74,57,147,14,75,2,85,85,5,2,85,85,5,0,7,6,5,0,3,2,1,187,151,146,110,98,78,42,6,0,0,4,0,0,19,23,0,0,0,0,50,0,7,170,255,8,255,51,106,5,0,1,7,6,1,11,0,255,72,14,244,170,242,69,13,247,15,247,12,247,14,247,10,247,0,0,0,224,9,1,0,128,80,176,234,246,157,247,76,120,0,1,44,96,174,92,106,144,150,100,82,3,130,132,128,3,132,1,128,111,126,126,157,111,126,126,157,255,255,31,7,15,31,31,7,44,116,135,74,57,147,14,75,2,85,85,5,2,85,85,5,0,7,6,5,0,3,2,1,191,155,150,114,102,82,46,10,0,0,4,0,0,19,11,0,0,0,0,50,7,7,170,255,8,255,51,106,5,0,1,7,6,1,11,0,255,72,14,244,170,242
2026-08-07_09-50-59,1,481,0,0.0,0,0.0,-1,-1,69,13,247,15,247,12,247,14,247,10,247,0,0,0,224,9,1,0,128,80,176,234,246,157,247,76,120,0,1,44,96,174,92,106,144,150,100,82,3,130,132,128,3,132,1,128,111,126,126,157,111,126,126,157,255,255,31,7,15,31,31,7,44,116,135,74,57,147,14,75,2,85,85,5,2,85,85,5,0,7,6,5,0,3,2,1,191,155,150,114,102,82,46,10,0,0,4,0,0,19,11,0,0,0,0,50,7,7,170,255,8,255,51,106,5,0,1,7,6,1,11,0,255,72,14,244,170,242,73,13,247,15,247,12,247,14,247,10,247,0,0,0,224,9,0,0,128,80,176,234,246,111,247,77,120,0,1,212,174,92,106,144,150,100,82,64,130,132,128,3,132,1,128,3,126,126,157,111,126,126,157,111,255,27,7,15,31,31,7,15,116,135,74,57,147,14,75,46,85,85,5,2,85,85,5,2,7,6,5,0,3,2,1,0,159,150,118,106,86,50,14,2,0,0,4,0,0,19,11,0,0,0,0,50,19,7,170,255,7,255,102,213,2,0,1,7,6,1,11,0,255,72,14,244,170,242
2026-08-07_09-50-59,1,482,0,0.0,0,0.0,-1,-1,73,13,247,15,247,12,247,14,247,10,247,0,0,0,224,9,0,0,128,80,176,234,246,111,247,77,120,0,1,212,174,92,106,144,150,100,82,64,130,132,128,3,132,1,128,3,126,126,157,111,126,126,157,111,255,27,7,15,31,31,7,15,116,135,74,57,147,14,75,46,85,85,5,2,85,85,5,2,7,6,5,0,3,2,1,0,159,150,118,106,86,50,14,2,0,0,4,0,0,19,11,0,0,0,0,50,19,7,170,255,7,255,102,213,2,0,1,7,6,1,11,0,255,72,14,244,170,242,77,13,247,15,247,12,247,14,247,10,247,0,0,0,224,9,0,0,128,80,176,234,246,111,247,78,120,0,1,124,174,92,106,144,150,100,82,64,130,132,128,3,132,1,128,3,126,126,157,111,126,126,157,111,255,23,7,15,31,31,7,15,116,135,74,57,147,14,75,46,85,85,5,2,85,85,5,2,7,6,5,0,3,2,1,0,163,150,122,110,90,54,18,6,0,0,4,0,0,19,11,0,0,0,0,50,32,7,170,255,8,255,102,213,2,0,1,7,6,1,11,0,255,72,14,244,170,242
2026-08-07_09-50-59,1,483,0,0.0,0,0.0,-1,-1,77,13,247,15,247,12,247,14,247,10,247,0,0,0,224,9,0,0,128,80,176,234,246,111,247,78,120,0,1,124,174,92,106,144,150,100,82,64,130,132,128,3,132,1,128,3,126,126,157,111,126,126,157,111,255,23,7,15,31,31,7,15,116,135,74,57,147,14,75,46,85,85,5,2,85,85,5,2,7,6,5,0,3,2,1,0,163,150,122,110,90,54,18,6,0,0,4,0,0,19,11,0,0,0,0,50,32,7,170,255,8,255,102,213,2,0,1,7,6,1,11,0,255,72,14,244,170,242,81,13,247,15,247,12,247,14,247,10,247,0,0,0,224,9,0,0,128,80,176,234,246,111,247,79,120,0,1,36,174,92,106,144,150,100,82,64,130,132,128,3,132,1,128,3,126,126,157,111,126,126,157,111,255,19,7,15,31,31,7,15,116,135,74,57,147,14,75,46,85,85,5,2,85,85,5,2,7,6,5,0,3,2,1,0,167,150,126,114,94,58,22,10,0,0,4,0,0,19,11,0,0,0,0,50,39,7,170,255,8,255,102,213,2,0,1,135,6,1,11,0,255,72,14,244,170,242
2026-08-07_09-50-59,1,484,0,0.0,0,0.0,-1,-1,81,13,247,15,247,12,247,14,247,10,247,0,0,0,224,9,0,0,128,80,176,234,246,111,247,79,120,0,1,36,174,92,106,144,150,100,82,64,130,132,128,3,132,1,128,3,126,126,157,111,126,126,157,111,255,19,7,15,31,31,7,15,116,135,74,57,147,14,75,46,85,85,5,2,85,85,5,2,7,6,5,0,3,2,1,0,167,150,126,114,94,58,22,10,0,0,4,0,0,19,11,0,0,0,0,50,39,7,170,255,8,255,102,213,2,0,1,135,6,1,11,0,255,72,14,244,170,242,85,13,247,15,247,12,247,14,247,10,247,0,0,0,224,9,0,0,128,80,176,234,246,111,247,80,120,0,1,204,174,188,106,144,150,100,82,64,130,131,128,3,132,1,128,3,126,126,157,111,126,126,157,111,255,15,7,15,31,31,7,15,116,130,74,57,147,14,75,46,85,85,5,2,85,85,5,2,7,6,5,0,3,2,1,0,171,150,130,118,98,62,26,14,0,0,4,0,0,19,11,0,0,0,0,50,51,7,170,255,8,255,102,213,2,0,1,0,6,1,11,0,0,72,14,244,170,242
2026-08-07_09-50-59,1,485,0,0.0,0,0.0,-1,-1,85,13,247,15,247,12,247,14,247,10,247,0,0,0,224,9,0,0,128,80,176,234,246,111,247,80,120,0,1,204,174,188,106,144,150,100,82,64,130,131,128,3,132,1,128,3,126,126,157,111,126,126,157,111,255,15,7,15,31,31,7,15,116,130,74,57,147,14,75,46,85,85,5,2,85,85,5,2,7,6,5,0,3,2,1,0,171,150,130,118,98,62,26,14,0,0,4,0,0,19,11,0,0,0,0,50,51,7,170,255,8,255,102,213,2,0,1,0,6,1,11,0,0,72,14,244,170,242,89,13,247,15,247,12,247,14,247,10,247,0,0,0,224,9,0,0,128,80,176,234,246,111,247,81,120,0,1,116,174,188,106,144,150,100,82,64,130,131,128,3,132,1,128,3,126,126,157,111,126,126,157,111,255,11,7,15,31,31,7,15,116,130,74,57,147,14,75,46,85,85,5,2,85,85,5,2,7,6,5,0,3,2,1,0,175,150,134,122,102,66,30,18,0,0,4,0,0,19,11,0,0,0,0,50,64,7,170,255,8,255,102,213,2,0,1,0,6,1,11,0,0,72,14,244,170,242
2026-08-07_09-50-59,1,486,0,0.0,0,0.0,-1,-1,89,13,247,15,247,12,247,14,247,10,247,0,0,0,224,9,0,0,128,80,176,234,246,111,247,81,120,0,1,116,174,188,106,144,150,100,82,64,130,131,128,3,132,1,128,3,126,126,157,111,126,126,157,111,255,11,7,15,31,31,7,15,116,130,74,57,147,14,75,46,85,85,5,2,85,85,5,2,7,6,5,0,3,2,1,0,175,150,134,122,102,66,30,18,0,0,4,0,0,19,11,0,0,0,0,50,64,7,170,255,8,255,102,213,2,0,1,0,6,1,11,0,0,72,14,244,170,242,93,13,247,15,247,12,247,14,247,10,247,0,0,0,224,9,7,0,128,80,176,234,246,126,247,82,120,0,1,28,188,106,144,150,100,82,64,62,131,128,3,132,1,128,3,133,126,157,111,126,126,157,111,126,7,7,15,31,31,7,15,31,130,74,57,147,14,75,46,152,85,5,2,85,85,5,2,85,6,5,0,3,2,1,0,7,150,138,126,106,70,34,22,2,0,0,4,0,0,19,11,0,0,0,0,50,71,7,170,255,7,255,205,170,85,0,1,135,6,1,11,0,255,72,14,244,170,242
2026-08-07_09-50-59,1,487,0,0.0,0,0.0,-1,-1,93,13,247,15,247,12,247,14,247,10,247,0,0,0,224,9,7,0,128,80,176,234,246,126,247,82,120,0,1,28,188,106,144,150,100,82,64,62,131,128,3,132,1,128,3,133,126,157,111,126,126,157,111,126,7,7,15,31,31,7,15,31,130,74,57,147,14,75,46,152,85,5,2,85,85,5,2,85,6,5,0,3,2,1,0,7,150,138,126,106,70,34,22,2,0,0,4,0,0,19,11,0,0,0,0,50,71,7,170,255,7,255,205,170,85,0,1,135,6,1,11,0,255,72,14,244,170,242,97,13,247,15,247,12,247,14,247,10,247,0,0,0,224,9,7,0,128,80,176,234,246,126,247,83,120,0,1,196,188,106,144,150,100,82,64,62,131,128,3,132,1,128,3,133,126,157,111,126,126,157,111,126,3,7,15,31,31,7,15,31,130,74,57,147,14,75,46,152,85,5,2,85,85,5,2,85,6,5,0,3,2,1,0,7,150,142,130,110,74,38,26,6,0,0,4,0,0,19,11,0,0,0,0,50,83,7,170,255,8,255,205,170,85,0,1,135,6,1,11,0,255,72,14,244,170,242
2026-08-07_09-50-59,1,488,0,0.0,0,0.0,-1,-1,97,13,247,15,247,12,247,14,247,10,247,0,0,0,224,9,7,0,128,80,176,234,246,126,247,83,120,0,1,196,188,106,144,150,100,82,64,62,131,128,3,132,1,128,3,133,126,157,111,126,126,157,111,126,3,7,15,31,31,7,15,31,130,74,57,147,14,75,46,152,85,5,2,85,85,5,2,85,6,5,0,3,2,1,0,7,150,142,130,110,74,38,26,6,0,0,4,0,0,19,11,0,0,0,0,50,83,7,170,255,8,255,205,170,85,0,1,135,6,1,11,0,255,72,14,244,170,242,101,13,247,15,247,12,247,14,247,10,247,0,0,0,224,8,7,0,128,79,177,234,246,126,247,84,120,0,1,108,188,106,144,150,100,82,64,62,131,128,3,132,1,128,3,133,126,157,111,126,126,157,111,126,255,7,15,31,31,7,15,31,130,74,57,147,14,75,46,152,85,5,2,85,85,5,2,85,6,5,0,3,2,1,0,7,151,146,134,114,78,42,30,10,0,0,4,0,8,11,11,9,0,0,0,50,96,7,170,255,8,255,205,170,85,0,1,135,6,1,11,0,255,72,14,244,170,242
2026-08-07_09-50-59,1,489,2,0.0,0,0.0,-1,-1,101,13,247,15,247,12,247,14,247,10,247,0,0,0,224,8,7,0,128,79,177,234,246,126,247,84,120,0,1,108,188,106,144,150,100,82,64,62,131,128,3,132,1,128,3,133,126,157,111,126,126,157,111,126,255,7,15,31,31,7,15,31,130,74,57,147,14,75,46,152,85,5,2,85,85,5,2,85,6,5,0,3,2,1,0,7,151,146,134,114,78,42,30,10,0,0,4,0,8,11,11,9,0,0,0,50,96,7,170,255,8,255,205,170,85,0,1,135,6,1,11,0,255,72,14,244,170,242,105,13,247,15,247,12,247,14,247,10,247,0,0,0,224,8,7,0,128,75,181,234,246,126,247,84,120,1,0,20,188,106,144,150,100,82,64,62,131,128,3,132,1,128,3,133,126,157,111,126,126,157,111,126,255,7,15,31,31,7,15,31,130,74,57,147,14,75,46,152,85,5,2,85,85,5,2,85,6,5,0,3,2,1,0,7,155,150,138,118,82,46,34,14,0,0,4,0,4,11,11,5,0,0,0,50,103,7,170,255,8,255,205,170,85,0,1,135,6,1,11,0,255,72,14,244,170,242
2026-08-07_09-50-59,1,490,2,0.0,0,0.0,-1,-1,105,13,247,15,247,12,247,14,247,10,247,0,0,0,224,8,7,0,128,75,181,234,246,126,247,84,120,1,0,20,188,106,144,150,100,82,64,62,131,128,3,132,1,128,3,133,126,157,111,126,126,157,111,126,255,7,15,31,31,7,15,31,130,74,57,147,14,75,46,152,85,5,2,85,85,5,2,85,6,5,0,3,2,1,0,7,155,150,138,118,82,46,34,14,0,0,4,0,4,11,11,5,0,0,0,50,103,7,170,255,8,255,205,170,85,0,1,135,6,1,11,0,255,72,14,244,170,242,109,13,247,15,247,12,247,14,247,10,247,0,0,0,224,8,7,0,128,71,185,234,246,126,247,84,120,1,0,188,188,106,144,150,100,82,64,62,131,128,3,132,1,128,3,133,126,157,111,126,126,157,111,126,255,3,15,31,31,7,15,31,130,74,57,147,14,75,46,152,85,5,2,85,85,5,2,85,6,5,0,3,2,1,0,7,159,150,142,122,86,50,38,18,0,0,4,0,0,11,11,1,0,0,0,50,115,7,170,255,8,255,205,170,85,0,1,135,6,1,11,0,255,72,14,244,170,242
2026-08-07_09-50-59,1,491,2,0.0,0,0.0,-1,-1,109,13,247,15,247,12,247,14,247,10,247,0,0,0,224,8,7,0,128,71,185,234,246,126,247,84,120,1,0,188,188,106,144,150,100,82,64,62,131,128,3,132,1,128,3,133,126,157,111,126,126,157,111,126,255,3,15,31,31,7,15,31,130,74,57,147,14,75,46,152,85,5,2,85,85,5,2,85,6,5,0,3,2,1,0,7,159,150,142,122,86,50,38,18,0,0,4,0,0,11,11,1,0,0,0,50,115,7,170,255,8,255,205,170,85,0,1,135,6,1,11,0,255,72,14,244,170,242,113,13,247,15,247,12,247,14,247,10,247,0,0,0,224,7,7,0,120,67,189,234,246,126,247,84,120,0,1,100,188,106,144,150,100,82,64,62,131,128,3,132,1,128,3,133,126,157,111,126,126,157,111,126,255,255,15,31,31,7,15,31,130,74,57,147,14,75,46,152,85,5,2,85,85,5,2,85,6,5,0,3,2,1,0,7,163,151,146,126,90,54,42,22,0,0,4,230,5,11,11,6,0,0,0,50,128,6,170,255,8,255,205,170,85,0,1,7,6,1,11,0,255,72,14,244,170,242
2026-08-07_09-50-59,1,492,0,0.0,0,0.0,-1,-1,113,13,247,15,247,12,247,14,247,10,247,0,0,0,224,7,7,0,120,67,189,234,246,126,247,84,120,0,1,100,188,106,144,150,100,82,64,62,131,128,3,132,1,128,3,133,126,157,111,126,126,157,111,126,255,255,15,31,31,7,15,31,130,74,57,147,14,75,46,152,85,5,2,85,85,5,2,85,6,5,0,3,2,1,0,7,163,151,146,126,90,54,42,22,0,0,4,230,5,11,11,6,0,0,0,50,128,6,170,255,8,255,205,170,85,0,1,7,6,1,11,0,255,72,14,244,170,242,117,13,247,15,247,12,247,14,247,10,247,0,0,0,224,7,7,0,124,64,192,234,246,126,247,84,120,0,1,12,188,106,144,150,100,82,64,62,131,128,3,132,1,128,3,133,126,157,111,126,126,157,111,126,255,255,15,31,31,7,15,31,130,74,57,147,14,75,46,152,85,5,2,85,85,5,2,85,6,5,0,3,2,1,0,7,167,155,150,130,94,58,46,26,0,0,4,238,0,11,19,0,0,0,0,50,135,6,170,255,8,255,205,170,85,0,1,7,6,1,11,0,255,72,14,244,170,242
2026-08-07_09-50-59,1,493,0,0.0,0,0.0,-1,-1,117,13,247,15,247,12,247,14,247,10,247,0,0,0,224,7,7,0,124,64,192,234,246,126,247,84,120,0,1,12,188,106,144,150,100,82,64,62,131,128,3,132,1,128,3,133,126,157,111,126,126,157,111,126,255,255,15,31,31,7,15,31,130,74,57,147,14,75,46,152,85,5,2,85,85,5,2,85,6,5,0,3,2,1,0,7,167,155,150,130,94,58,46,26,0,0,4,238,0,11,19,0,0,0,0,50,135,6,170,255,8,255,205,170,85,0,1,7,6,1,11,0,255,72,14,244,170,242,121,13,247,15,247,12,247,14,247,10,247,0,0,0,224,7,7,0,129,64,192,234,246,126,247,84,120,0,1,180,188,106,144,150,100,82,64,62,131,128,3,132,1,128,3,133,126,157,111,126,126,157,111,126,255,255,11,31,31,7,15,31,130,74,57,147,14,75,46,152,85,5,2,85,85,5,2,85,6,5,0,3,2,1,0,7,172,160,151,135,99,63,51,31,0,0,4,246,0,11,3,0,0,0,0,50,147,6,170,255,8,255,205,170,85,0,2,7,6,1,11,0,255,72,14,244,170,242
2026-08-07_09-50-59,1,494,0,0.0,0,0.0,-1,-1,121,13,247,15,247,12,247,14,247,10,247,0,0,0,224,7,7,0,129,64,192,234,246,126,247,84,120,0,1,180,188,106,144,150,100,82,64,62,131,128,3,132,1,128,3,133,126,157,111,126,126,157,111,126,255,255,11,31,31,7,15,31,130,74,57,147,14,75,46,152,85,5,2,85,85,5,2,85,6,5,0,3,2,1,0,7,172,160,151,135,99,63,51,31,0,0,4,246,0,11,3,0,0,0,0,50,147,6,170,255,8,255,205,170,85,0,2,7,6,1,11,0,255,72,14,244,170,242,125,13,247,15,247,12,247,14,247,10,247,0,0,0,224,7,7,0,129,64,192,234,246,126,247,84,120,0,1,92,188,106,144,150,100,82,64,62,131,128,3,132,1,128,3,133,126,157,111,126,126,157,111,126,255,255,6,31,31,7,15,31,130,74,57,147,14,75,46,152,85,5,2,85,85,5,2,85,6,5,0,3,2,1,0,7,176,164,150,139,103,67,55,35,0,0,4,254,0,11,19,0,0,0,0,51,0,6,170,255,8,255,205,170,85,0,1,7,6,1,11,0,255,72,14,244,170,242
2026-08-07_09-50-59,1,495,0,0.0,0,0.0,-1,-1,125,13,247,15,247,12,247,14,247,10,247,0,0,0,224,7,7,0,129,64,192,234,246,126,247,84,120,0,1,92,188,106,144,150,100,82,64,62,131,128,3,132,1,128,3,133,126,157,111,126,126,157,111,126,255,255,6,31,31,7,15,31,130,74,57,147,14,75,46,152,85,5,2,85,85,5,2,85,6,5,0,3,2,1,0,7,176,164,150,139,103,67,55,35,0,0,4,254,0,11,19,0,0,0,0,51,0,6,170,255,8,255,205,170,85,0,1,7,6,1,11,0,255,72,14,244,170,242,129,13,247,15,247,12,247,14,247,10,247,0,0,0,224,7,6,0,129,64,192,234,246,126,247,84,120,0,1,4,106,144,150,100,82,64,62,172,128,3,132,1,128,3,133,131,157,111,126,126,157,111,126,126,255,2,31,31,7,15,31,31,74,57,147,14,75,46,152,131,5,2,85,85,5,2,85,85,5,0,3,2,1,0,7,6,169,151,144,108,72,60,40,4,0,0,4,8,0,11,3,0,0,0,0,51,7,6,170,255,7,255,155,85,85,0,2,7,4,1,11,0,255,72,14,244,170,242
2026-08-07_09-50-59,1,496,0,0.0,0,0.0,-1,-1,129,13,247,15,247,12,247,14,247,10,247,0,0,0,224,7,6,0,129,64,192,234,246,126,247,84,120,0,1,4,106,144,150,100,82,64,62,172,128,3,132,1,128,3,133,131,157,111,126,126,157,111,126,126,255,2,31,31,7,15,31,31,74,57,147,14,75,46,152,131,5,2,85,85,5,2,85,85,5,0,3,2,1,0,7,6,169,151,144,108,72,60,40,4,0,0,4,8,0,11,3,0,0,0,0,51,7,6,170,255,7,255,155,85,85,0,2,7,4,1,11,0,255,72,14,244,170,242,133,13,247,15,247,12,247,14,247,10,247,0,0,0,224,7,6,0,129,64,192,234,246,126,247,84,120,0,1,172,106,144,150,100,82,64,62,172,128,3,132,1,128,3,133,131,157,111,126,126,157,111,126,126,255,255,31,31,7,15,31,31,74,57,147,14,75,46,152,131,5,2,85,85,5,2,85,85,5,0,3,2,1,0,7,6,173,153,148,112,76,64,44,8,0,0,4,4,0,11,19,0,0,0,0,51,19,6,170,255,8,255,155,85,85,0,1,7,4,1,11,0,255,72,14,244,170,242
2026-08-07_09-50-59,1,497,0,0.0,0,0.0,-1,-1,133,13,247,15,247,12,247,14,247,10,247,0,0,0,224,7,6,0,129,64,192,234,246,126,247,84,120,0,1,172,106,144,150,100,82,64,62,172,128,3,132,1,128,3,133,131,157,111,126,126,157,111,126,126,255,255,31,31,7,15,31,31,74,57,147,14,75,46,152,131,5,2,85,85,5,2,85,85,5,0,3,2,1,0,7,6,173,153,148,112,76,64,44,8,0,0,4,4,0,11,19,0,0,0,0,51,19,6,170,255,8,255,155,85,85,0,1,7,4,1,11,0,255,72,14,244,170,242,137,13,247,15,247,12,247,14,247,10,247,0,0,0,224,7,6,0,129,64,192,234,246,126,247,84,120,0,1,84,106,144,150,100,82,64,62,172,128,3,132,1,128,3,133,131,157,111,126,126,157,111,126,126,255,255,29,31,7,15,31,31,74,57,147,14,75,46,152,131,5,2,85,85,5,2,85,85,5,0,3,2,1,0,7,6,178,158,151,117,81,69,49,13,0,0,4,0,0,11,3,0,0,0,0,51,32,6,170,255,8,255,155,85,85,0,2,7,4,1,11,0,255,72,14,244,170,242
2026-08-07_09-50-59,1,498,0,0.0,0,0.0,-1,-1,137,13,247,15,247,12,247,14,247,10,247,0,0,0,224,7,6,0,129,64,192,234,246,126,247,84,120,0,1,84,106,144,150,100,82,64,62,172,128,3,132,1,128,3,133,131,157,111,126,126,157,111,126,126,255,255,29,31,7,15,31,31,74,57,147,14,75,46,152,131,5,2,85,85,5,2,85,85,5,0,3,2,1,0,7,6,178,158,151,117,81,69,49,13,0,0,4,0,0,11,3,0,0,0,0,51,32,6,170,255,8,255,155,85,85,0,2,7,4,1,11,0,255,72,14,244,170,242,141,13,247,15,247,12,247,14,247,10,247,0,0,0,224,7,6,0,129,64,192,234,246,126,247,84,120,0,1,252,106,144,150,100,82,64,62,172,128,3,132,1,128,3,133,131,157,111,126,126,157,111,126,126,255,255,24,31,7,15,31,31,74,57,147,14,75,46,152,131,5,2,85,85,5,2,85,85,5,0,3,2,1,0,7,6,182,162,150,121,85,73,53,17,0,0,4,0,0,11,19,0,0,0,0,51,38,6,170,255,8,255,155,85,85,0,1,7,4,1,11,0,255,72,14,244,170,242
2026-08-07_09-50-59,1,499,0,0.0,0,0.0,-1,-1,141,13,247,15,247,12,247,14,247,10,247,0,0,0,224,7,6,0,129,64,192,234,246,126,247,84,120,0,1,252,106,144,150,100,82,64,62,172,128,3,132,1,128,3,133,131,157,111,126,126,157,111,126,126,255,255,24,31,7,15,31,31,74,57,147,14,75,46,152,131,5,2,85,85,5,2,85,85,5,0,3,2,1,0,7,6,182,162,150,121,85,73,53,17,0,0,4,0,0,11,19,0,0,0,0,51,38,6,170,255,8,255,155,85,85,0,1,7,4,1,11,0,255,72,14,244,170,242,145,13,247,15,247,12,247,14,247,10,247,0,0,0,224,7,6,0,129,64,192,234,246,126,247,84,120,0,1,164,106,144,150,100,82,64,62,172,128,3,132,1,128,3,133,131,157,111,126,126,157,111,126,126,255,255,20,31,7,15,31,31,74,57,147,14,75,46,152,131,5,2,85,85,5,2,85,85,5,0,3,2,1,0,7,6,187,167,151,126,90,78,58,22,0,0,4,0,0,11,3,0,0,0,0,51,51,6,170,255,8,255,155,85,85,0,2,7,4,1,11,0,255,72,14,244,170,242
2026-08-07_09-50-59,1,500,0,0.0,0,0.0,-1,-1,145,13,247,15,247,12,247,14,247,10,247,0,0,0,224,7,6,0,129,64,192,234,246,126,247,84,120,0,1,164,106,144,150,100,82,64,62,172,128,3,132,1,128,3,133,131,157,111,126,126,157,111,126,126,255,255,20,31,7,15,31,31,74,57,147,14,75,46,152,131,5,2,85,85,5,2,85,85,5,0,3,2,1,0,7,6,187,167,151,126,90,78,58,22,0,0,4,0,0,11,3,0,0,0,0,51,51,6,170,255,8,255,155,85,85,0,2,7,4,1,11,0,255,72,14,244,170,242,149,13,247,15,247,12,247,14,247,10,247,0,0,0,224,7,6,0,129,64,192,234,246,126,247,84,120,0,1,76,106,144,230,100,82,64,62,172,128,3,132,1,128,3,133,131,157,111,126,126,157,111,126,126,255,255,15,31,7,15,31,31,74,57,142,14,75,46,152,131,5,2,85,85,5,2,85,85,5,0,3,2,1,0,7,6,191,171,150,130,94,82,62,26,0,0,4,0,0,11,19,0,0,0,0,51,64,6,170,255,8,255,155,85,85,0,1,7,4,1,11,0,255,72,14,244,170,242
2026-08-07_09-50-59,1,501,0,0.0,0,0.0,-1,-1,149,13,247,15,247,12,247,14,247,10,247,0,0,0,224,7,6,0,129,64,192,234,246,126,247,84,120,0,1,76,106,144,230,100,82,64,62,172,128,3,132,1,128,3,133,131,157,111,126,126,157,111,126,126,255,255,15,31,7,15,31,31,74,57,142,14,75,46,152,131,5,2,85,85,5,2,85,85,5,0,3,2,1,0,7,6,191,171,150,130,94,82,62,26,0,0,4,0,0,11,19,0,0,0,0,51,64,6,170,255,8,255,155,85,85,0,1,7,4,1,11,0,255,72,14,244,170,242,153,13,247,15,247,12,247,14,247,10,247,0,0,0,224,6,6,0,129,63,191,234,246,126,247,84,120,0,1,244,106,144,230,100,82,64,62,172,128,3,132,1,128,3,133,131,157,111,126,126,157,111,126,126,255,255,11,31,7,15,31,31,74,57,142,14,75,46,152,131,5,2,85,85,5,2,85,85,5,0,3,2,1,0,7,6,195,175,150,134,98,86,66,30,0,0,4,0,7,3,31,8,0,0,0,51,70,6,170,255,8,255,155,85,85,0,1,7,4,1,11,0,255,72,14,244,170,242
2026-08-07_09-50-59,1,502,2,0.0,0,0.0,-1,-1,153,13,247,15,247,12,247,14,247,10,247,0,0,0,224,6,6,0,129,63,191,234,246,126,247,84,120,0,1,244,106,144,230,100,82,64,62,172,128,3,132,1,128,3,133,131,157,111,126,126,157,111,126,126,255,255,11,31,7,15,31,31,74,57,142,14,75,46,152,131,5,2,85,85,5,2,85,85,5,0,3,2,1,0,7,6,195,175,150,134,98,86,66,30,0,0,4,0,7,3,31,8,0,0,0,51,70,6,170,255,8,255,155,85,85,0,1,7,4,1,11,0,255,72,14,244,170,242,157,13,247,15,247,12,247,14,247,10,247,0,0,0,224,6,6,0,129,59,187,234,246,126,247,84,120,0,1,156,106,144,230,100,82,64,62,172,128,3,132,1,128,3,133,131,157,111,126,126,157,111,126,126,255,255,7,31,7,15,31,31,74,57,142,14,75,46,152,131,5,2,85,85,5,2,85,85,5,0,3,2,1,0,7,6,199,179,150,138,102,90,70,34,0,0,4,0,3,227,31,4,0,0,0,51,83,6,170,255,8,255,155,85,85,0,1,7,4,1,11,0,255,72,14,244,170,242
2026-08-07_09-50-59,1,503,2,0.0,0,0.0,-1,-1,157,13,247,15,247,12,247,14,247,10,247,0,0,0,224,6,6,0,129,59,187,234,246,126,247,84,120,0,1,156,106,144,230,100,82,64,62,172,128,3,132,1,128,3,133,131,157,111,126,126,157,111,126,126,255,255,7,31,7,15,31,31,74,57,142,14,75,46,152,131,5,2,85,85,5,2,85,85,5,0,3,2,1,0,7,6,199,179,150,138,102,90,70,34,0,0,4,0,3,227,31,4,0,0,0,51,83,6,170,255,8,255,155,85,85,0,1,7,4,1,11,0,255,72,14,244,170,242,161,13,247,15,247,12,247,14,247,10,247,0,0,0,224,5,5,0,129,55,183,195,246,157,247,83,120,0,1,68,144,230,100,82,64,62,172,26,3,132,1,128,3,133,131,4,111,126,126,157,111,126,126,157,255,3,31,7,15,31,31,7,57,142,14,75,46,152,131,64,2,85,85,5,2,85,85,5,0,3,2,1,0,7,6,5,183,150,142,106,94,74,38,2,0,0,4,0,6,227,31,7,0,0,0,51,96,6,170,255,7,255,54,170,5,0,1,7,4,1,11,0,255,72,14,244,170,242
2026-08-07_09-50-59,1,504,2,0.0,0,0.0,-1,-1,161,13,247,15,247,12,247,14,247,10,247,0,0,0,224,5,5,0,129,55,183,195,246,157,247,83,120,0,1,68,144,230,100,82,64,62,172,26,3,132,1,128,3,133,131,4,111,126,126,157,111,126,126,157,255,3,31,7,15,31,31,7,57,142,14,75,46,152,131,64,2,85,85,5,2,85,85,5,0,3,2,1,0,7,6,5,183,150,142,106,94,74,38,2,0,0,4,0,6,227,31,7,0,0,0,51,96,6,170,255,7,255,54,170,5,0,1,7,4,1,11,0,255,72,14,244,170,242,165,13,247,15,247,12,247,14,247,10,247,0,0,0,224,5,5,0,129,51,179,195,246,157,247,82,120,0,1,236,144,230,100,82,64,62,172,26,3,132,1,128,3,133,131,4,111,126,126,157,111,126,126,157,255,255,31,7,15,31,31,7,57,142,14,75,46,152,131,64,2,85,85,5,2,85,85,5,0,3,2,1,0,7,6,5,187,151,146,110,98,78,42,6,0,0,4,0,2,227,31,3,0,0,0,51,102,6,170,255,8,255,54,170,5,0,1,7,4,1,11,0,255,72,14,244,170,242
2026-08-07_09-50-59,1,505,0,0.0,0,0.0,-1,-1,165,13,247,15,247,12,247,14,247,10,247,0,0,0,224,5,5,0,129,51,179,195,246,157,247,82,120,0,1,236,144,230,100,82,64,62,172,26,3,132,1,128,3,133,131,4,111,126,126,157,111,126,126,157,255,255,31,7,15,31,31,7,57,142,14,75,46,152,131,64,2,85,85,5,2,85,85,5,0,3,2,1,0,7,6,5,187,151,146,110,98,78,42,6,0,0,4,0,2,227,31,3,0,0,0,51,102,6,170,255,8,255,54,170,5,0,1,7,4,1,11,0,255,72,14,244,170,242,169,13,247,15,247,12,247,14,247,10,247,0,0,0,224,5,5,0,129,48,175,195,246,157,247,81,120,0,1,148,144,230,100,82,64,62,172,26,3,132,1,128,3,133,131,4,111,126,126,157,111,126,126,157,255,255,31,7,15,31,31,7,57,142,14,75,46,152,131,64,2,85,85,5,2,85,85,5,0,3,2,1,0,7,6,5,191,155,150,114,102,82,46,10,0,0,4,0,0,227,27,0,0,0,0,51,115,6,170,255,8,255,54,170,5,0,1,7,4,1,11,0,255,72,14,244,170,242
2026-08-07_09-50-59,1,506,0,0.0,0,0.0,-1,-1,169,13,247,15,247,12,247,14,247,10,247,0,0,0,224,5,5,0,129,48,175,195,246,157,247,81,120,0,1,148,144,230,100,82,64,62,172,26,3,132,1,128,3,133,131,4,111,126,126,157,111,126,126,157,255,255,31,7,15,31,31,7,57,142,14,75,46,152,131,64,2,85,85,5,2,85,85,5,0,3,2,1,0,7,6,5,191,155,150,114,102,82,46,10,0,0,4,0,0,227,27,0,0,0,0,51,115,6,170,255,8,255,54,170,5,0,1,7,4,1,11,0,255,72,14,244,170,242,173,13,247,15,247,12,247,14,247,10,247,0,0,0,224,5,4,0,129,48,171,195,246,111,247,80,120,0,1,60,230,100,82,64,62,172,26,0,132,1,128,3,133,131,4,2,126,126,157,111,126,126,157,111,255,27,7,15,31,31,7,15,142,14,75,46,152,131,64,35,85,85,5,2,85,85,5,2,3,2,1,0,7,6,5,0,159,150,118,106,86,50,14,2,0,0,4,0,0,227,11,0,0,0,0,51,128,6,170,255,7,255,109,85,2,0,1,7,4,1,11,0,255,72,14,244,170,242
2026-08-07_09-50-59,1,507,0,0.0,0,0.0,-1,-1,173,13,247,15,247,12,247,14,247,10,247,0,0,0,224,5,4,0,129,48,171,195,246,111,247,80,120,0,1,60,230,100,82,64,62,172,26,0,132,1,128,3,133,131,4,2,126,126,157,111,126,126,157,111,255,27,7,15,31,31,7,15,142,14,75,46,152,131,64,35,85,85,5,2,85,85,5,2,3,2,1,0,7,6,5,0,159,150,118,106,86,50,14,2,0,0,4,0,0,227,11,0,0,0,0,51,128,6,170,255,7,255,109,85,2,0,1,7,4,1,11,0,255,72,14,244,170,242,177,13,247,15,247,12,247,14,247,10,247,0,0,0,224,5,4,0,129,48,167,195,246,111,247,79,120,0,1,228,230,100,82,64,62,172,26,0,132,1,128,3,133,131,4,2,126,126,157,111,126,126,157,111,255,24,7,15,31,31,7,15,142,14,75,46,152,131,64,35,85,85,5,2,85,85,5,2,3,2,1,0,7,6,5,0,162,150,121,109,89,53,17,5,0,0,4,0,0,227,27,0,0,0,0,51,134,6,170,255,8,255,109,85,2,0,1,7,4,1,11,0,255,72,14,244,170,242
2026-08-07_09-50-59,1,508,0,0.0,0,0.0,-1,-1,177,13,247,15,247,12,247,14,247,10,247,0,0,0,224,5,4,0,129,48,167,195,246,111,247,79,120,0,1,228,230,100,82,64,62,172,26,0,132,1,128,3,133,131,4,2,126,126,157,111,126,126,157,111,255,24,7,15,31,31,7,15,142,14,75,46,152,131,64,35,85,85,5,2,85,85,5,2,3,2,1,0,7,6,5,0,162,150,121,109,89,53,17,5,0,0,4,0,0,227,27,0,0,0,0,51,134,6,170,255,8,255,109,85,2,0,1,7,4,1,11,0,255,72,14,244,170,242,181,13,247,15,247,12,247,14,247,10,247,0,0,0,224,5,4,0,129,48,163,195,246,111,247,78,120,0,1,140,230,100,82,64,62,172,26,0,132,1,128,3,133,131,4,2,126,126,157,111,126,126,157,111,255,20,7,15,31,31,7,15,142,14,75,46,152,131,64,35,85,85,5,2,85,85,5,2,3,2,1,0,7,6,5,0,166,150,125,113,93,57,21,9,0,0,4,0,0,227,11,0,0,0,0,51,147,6,170,255,8,255,109,85,2,0,1,7,4,1,11,0,255,72,14,244,170,242
2026-08-07_09-50-59,1,509,0,0.0,0,0.0,-1,-1,181,13,247,15,247,12,247,14,247,10,247,0,0,0,224,5,4,0,129,48,163,195,246,111,247,78,120,0,1,140,230,100,82,64,62,172,26,0,132,1,128,3,133,131,4,2,126,126,157,111,126,126,157,111,255,20,7,15,31,31,7,15,142,14,75,46,152,131,64,35,85,85,5,2,85,85,5,2,3,2,1,0,7,6,5,0,166,150,125,113,93,57,21,9,0,0,4,0,0,227,11,0,0,0,0,51,147,6,170,255,8,255,109,85,2,0,1,7,4,1,11,0,255,72,14,244,170,242,185,13,247,15,247,12,247,14,247,10,247,0,0,0,224,5,4,0,129,48,160,195,246,111,247,77,120,0,1,52,230,100,82,64,62,172,26,0,132,1,128,3,133,131,4,2,126,126,157,111,126,126,157,111,255,17,7,15,31,31,7,15,142,14,75,46,152,131,64,35,85,85,5,2,85,85,5,2,3,2,1,0,7,6,5,0,169,150,128,116,96,60,24,12,0,0,4,0,0,227,27,0,0,0,0,52,0,6,170,255,8,255,109,85,2,0,1,135,4,1,11,0,0,72,14,244,170,242
2026-08-07_09-50-59,1,510,0,0.0,0,0.0,-1,-1,185,13,247,15,247,12,247,14,247,10,247,0,0,0,224,5,4,0,129,48,160,195,246,111,247,77,120,0,1,52,230,100,82,64,62,172,26,0,132,1,128,3,133,131,4,2,126,126,157,111,126,126,157,111,255,17,7,15,31,31,7,15,142,14,75,46,152,131,64,35,85,85,5,2,85,85,5,2,3,2,1,0,7,6,5,0,169,150,128,116,96,60,24,12,0,0,4,0,0,227,27,0,0,0,0,52,0,6,170,255,8,255,109,85,2,0,1,135,4,1,11,0,0,72,14,244,170,242,189,13,247,15,247,12,247,14,247,10,247,0,0,0,224,5,4,0,129,48,160,195,246,111,247,76,120,0,1,220,230,196,82,64,62,172,26,0,132,0,128,3,133,131,4,2,126,126,157,111,126,126,157,111,255,13,7,15,31,31,7,15,142,9,75,46,152,131,64,35,85,85,5,2,85,85,5,2,3,2,1,0,7,6,5,0,173,150,132,120,100,64,28,16,0,0,4,0,0,227,11,0,0,0,0,52,6,6,170,255,8,255,109,85,2,0,1,135,4,1,11,0,0,72,14,244,170,242
2026-08-07_09-50-59,1,511,0,0.0,0,0.0,-1,-1,189,13,247,15,247,12,247,14,247,10,247,0,0,0,224,5,4,0,129,48,160,195,246,111,247,76,120,0,1,220,230,196,82,64,62,172,26,0,132,0,128,3,133,131,4,2,126,126,157,111,126,126,157,111,255,13,7,15,31,31,7,15,142,9,75,46,152,131,64,35,85,85,5,2,85,85,5,2,3,2,1,0,7,6,5,0,173,150,132,120,100,64,28,16,0,0,4,0,0,227,11,0,0,0,0,52,6,6,170,255,8,255,109,85,2,0,1,135,4,1,11,0,0,72,14,244,170,242,193,13,247,15,247,12,247,14,247,10,247,0,0,0,224,5,4,0,129,48,160,195,246,111,247,75,120,0,1,132,230,196,82,64,62,172,26,0,132,0,128,3,133,131,4,2,126,126,157,111,126,126,157,111,255,10,7,15,31,31,7,15,142,9,75,46,152,131,64,35,85,85,5,2,85,85,5,2,3,2,1,0,7,6,5,0,176,150,135,123,103,67,31,19,0,0,4,0,0,227,27,0,0,0,0,52,19,6,170,255,8,255,109,85,2,0,1,135,4,1,11,0,0,72,14,244,170,242
2026-08-07_09-50-59,1,512,0,0.0,0,0.0,-1,-1,193,13,247,15,247,12,247,14,247,10,247,0,0,0,224,5,4,0,129,48,160,195,246,111,247,75,120,0,1,132,230,196,82,64,62,172,26,0,132,0,128,3,133,131,4,2,126,126,157,111,126,126,157,111,255,10,7,15,31,31,7,15,142,9,75,46,152,131,64,35,85,85,5,2,85,85,5,2,3,2,1,0,7,6,5,0,176,150,135,123,103,67,31,19,0,0,4,0,0,227,27,0,0,0,0,52,19,6,170,255,8,255,109,85,2,0,1,135,4,1,11,0,0,72,14,244,170,242,197,13,247,15,247,12,247,14,247,10,247,0,0,0,224,5,3,0,129,48,160,195,246,126,247,74,120,0,1,44,196,82,64,62,172,26,0,246,0,128,3,133,131,4,2,132,126,157,111,126,126,157,111,126,6,7,15,31,31,7,15,31,9,75,46,152,131,64,35,141,85,5,2,85,85,5,2,85,2,1,0,7,6,5,0,3,150,139,127,107,71,35,23,3,0,0,4,0,0,227,11,0,0,0,0,52,32,6,170,255,7,255,218,170,85,0,1,135,4,1,11,0,255,72,14,244,170,242
2026-08-07_09-50-59,1,513,0,0.0,0,0.0,-1,-1,197,13,247,15,247,12,247,14,247,10,247,0,0,0,224,5,3,0,129,48,160,195,246,126,247,74,120,0,1,44,196,82,64,62,172,26,0,246,0,128,3,133,131,4,2,132,126,157,111,126,126,157,111,126,6,7,15,31,31,7,15,31,9,75,46,152,131,64,35,141,85,5,2,85,85,5,2,85,2,1,0,7,6,5,0,3,150,139,127,107,71,35,23,3,0,0,4,0,0,227,11,0,0,0,0,52,32,6,170,255,7,255,218,170,85,0,1,135,4,1,11,0,255,72,14,244,170,242,201,13,247,15,247,12,247,14,247,10,247,0,0,0,224,5,3,0,129,48,160,195,246,126,247,73,120,0,1,212,196,82,64,62,172,26,0,246,0,128,3,133,131,4,2,132,126,157,111,126,126,157,111,126,3,7,15,31,31,7,15,31,9,75,46,152,131,64,35,141,85,5,2,85,85,5,2,85,2,1,0,7,6,5,0,3,150,142,130,110,74,38,26,6,0,0,4,0,0,227,27,0,0,0,0,52,38,6,170,255,8,255,218,170,85,0,1,135,4,1,11,0,255,72,14,244,170,242
2026-08-07_09-50-59,1,514,0,0.0,0,0.0,-1,-1,201,13,247,15,247,12,247,14,247,10,247,0,0,0,224,5,3,0,129,48,160,195,246,126,247,73,120,0,1,212,196,82,64,62,172,26,0,246,0,128,3,133,131,4,2,132,126,157,111,126,126,157,111,126,3,7,15,31,31,7,15,31,9,75,46,152,131,64,35,141,85,5,2,85,85,5,2,85,2,1,0,7,6,5,0,3,150,142,130,110,74,38,26,6,0,0,4,0,0,227,27,0,0,0,0,52,38,6,170,255,8,255,218,170,85,0,1,135,4,1,11,0,255,72,14,244,170,242,205,13,247,15,247,12,247,14,247,10,247,0,0,0,224,5,3,0,129,48,160,195,246,126,247,72,120,1,0,124,196,82,64,62,172,26,0,246,0,128,3,133,131,4,2,132,126,157,111,126,126,157,111,126,255,7,15,31,31,7,15,31,9,75,46,152,131,64,35,141,85,5,2,85,85,5,2,85,2,1,0,7,6,5,0,3,151,146,134,114,78,42,30,10,0,0,4,0,0,227,11,0,0,0,0,52,51,6,170,255,8,255,218,170,85,0,1,135,4,1,11,0,255,72,14,244,170,242
2026-08-07_09-50-59,1,515,0,0.0,0,0.0,-1,-1,205,13,247,15,247,12,247,14,247,10,247,0,0,0,224,5,3,0,129,48,160,195,246,126,247,72,120,1,0,124,196,82,64,62,172,26,0,246,0,128,3,133,131,4,2,132,126,157,111,126,126,157,111,126,255,7,15,31,31,7,15,31,9,75,46,152,131,64,35,141,85,5,2,85,85,5,2,85,2,1,0,7,6,5,0,3,151,146,134,114,78,42,30,10,0,0,4,0,0,227,11,0,0,0,0,52,51,6,170,255,8,255,218,170,85,0,1,135,4,1,11,0,255,72,14,244,170,242,209,13,247,15,247,12,247,14,247,10,247,0,0,0,224,5,3,0,129,48,160,195,246,126,247,71,120,1,0,36,196,82,64,62,172,26,0,246,0,128,3,133,131,4,2,132,126,157,111,126,126,157,111,126,255,7,15,31,31,7,15,31,9,75,46,152,131,64,35,141,85,5,2,85,85,5,2,85,2,1,0,7,6,5,0,3,154,149,137,117,81,45,33,13,0,0,4,0,0,227,27,0,0,0,0,52,64,6,170,255,8,255,218,170,85,0,1,7,4,1,11,0,255,72,14,244,170,242
2026-08-07_09-50-59,1,516,0,0.0,0,0.0,-1,-1,209,13,247,15,247,12,247,14,247,10,247,0,0,0,224,5,3,0,129,48,160,195,246,126,247,71,120,1,0,36,196,82,64,62,172,26,0,246,0,128,3,133,131,4,2,132,126,157,111,126,126,157,111,126,255,7,15,31,31,7,15,31,9,75,46,152,131,64,35,141,85,5,2,85,85,5,2,85,2,1,0,7,6,5,0,3,154,149,137,117,81,45,33,13,0,0,4,0,0,227,27,0,0,0,0,52,64,6,170,255,8,255,218,170,85,0,1,7,4,1,11,0,255,72,14,244,170,242,213,13,247,15,247,12,247,14,247,10,247,0,0,0,224,5,3,0,129,48,160,195,246,126,247,70,120,1,0,204,196,82,64,62,172,26,0,246,0,128,3,133,131,4,2,132,126,157,111,126,126,157,111,126,255,4,15,31,31,7,15,31,9,75,46,152,131,64,35,141,85,5,2,85,85,5,2,85,2,1,0,7,6,5,0,3,158,150,141,121,85,49,37,17,0,0,4,0,0,227,11,0,0,0,0,52,70,6,170,255,8,255,218,170,85,0,1,7,4,1,11,0,255,72,14,244,170,242
2026-08-07_09-50-59,1,517,0,0.0,0,0.0,-1,-1,213,13,247,15,247,12,247,14,247,10,247,0,0,0,224,5,3,0,129,48,160,195,246,126,247,70,120,1,0,204,196,82,64,62,172,26,0,246,0,128,3,133,131,4,2,132,126,157,111,126,126,157,111,126,255,4,15,31,31,7,15,31,9,75,46,152,131,64,35,141,85,5,2,85,85,5,2,85,2,1,0,7,6,5,0,3,158,150,141,121,85,49,37,17,0,0,4,0,0,227,11,0,0,0,0,52,70,6,170,255,8,255,218,170,85,0,1,7,4,1,11,0,255,72,14,244,170,242,217,13,247,15,247,12,247,14,247,10,247,0,0,0,224,5,3,0,118,48,160,195,246,126,247,69,120,1,0,116,196,82,64,62,172,26,0,246,0,128,3,133,131,4,2,132,126,157,111,126,126,157,111,126,255,1,15,31,31,7,15,31,9,75,46,152,131,64,35,141,85,5,2,85,85,5,2,85,2,1,0,7,6,5,0,3,161,150,144,124,88,52,40,20,0,0,4,228,0,227,27,0,0,0,0,52,83,5,170,255,8,255,218,170,85,0,1,7,4,1,11,0,255,72,14,244,170,242
2026-08-07_09-50-59,1,518,0,0.0,0,0.0,-1,-1,217,13,247,15,247,12,247,14,247,10,247,0,0,0,224,5,3,0,118,48,160,195,246,126,247,69,120,1,0,116,196,82,64,62,172,26,0,246,0,128,3,133,131,4,2,132,126,157,111,126,126,157,111,126,255,1,15,31,31,7,15,31,9,75,46,152,131,64,35,141,85,5,2,85,85,5,2,85,2,1,0,7,6,5,0,3,161,150,144,124,88,52,40,20,0,0,4,228,0,227,27,0,0,0,0,52,83,5,170,255,8,255,218,170,85,0,1,7,4,1,11,0,255,72,14,244,170,242,221,13,247,15,247,12,247,14,247,10,247,0,0,0,224,5,3,0,122,48,160,195,246,126,247,68,120,1,0,28,196,82,64,62,172,26,0,246,0,128,3,133,131,4,2,132,126,157,111,126,126,157,111,126,255,255,15,31,31,7,15,31,9,75,46,152,131,64,35,141,85,5,2,85,85,5,2,85,2,1,0,7,6,5,0,3,165,153,148,128,92,56,44,24,0,0,4,236,0,227,11,0,0,0,0,52,96,5,170,255,8,255,218,170,85,0,1,7,4,1,11,0,255,72,14,244,170,242
2026-08-07_09-50-59,1,519,0,0.0,0,0.0,-1,-1,221,13,247,15,247,12,247,14,247,10,247,0,0,0,224,5,3,0,122,48,160,195,246,126,247,68,120,1,0,28,196,82,64,62,172,26,0,246,0,128,3,133,131,4,2,132,126,157,111,126,126,157,111,126,255,255,15,31,31,7,15,31,9,75,46,152,131,64,35,141,85,5,2,85,85,5,2,85,2,1,0,7,6,5,0,3,165,153,148,128,92,56,44,24,0,0,4,236,0,227,11,0,0,0,0,52,96,5,170,255,8,255,218,170,85,0,1,7,4,1,11,0,255,72,14,244,170,242,225,13,247,15,247,12,247,14,247,10,247,0,0,0,224,5,3,0,125,48,160,195,246,126,247,67,120,1,0,196,196,82,64,62,172,26,0,246,0,128,3,133,131,4,2,132,126,157,111,126,126,157,111,126,255,255,14,31,31,7,15,31,9,75,46,152,131,64,35,141,85,5,2,85,85,5,2,85,2,1,0,7,6,5,0,3,168,156,150,131,95,59,47,27,0,0,4,244,0,227,27,0,0,0,0,52,102,5,170,255,8,255,218,170,85,0,1,7,4,1,11,0,255,72,14,244,170,242
2026-08-07_09-50-59,1,520,0,0.0,0,0.0,-1,-1,225,13,247,15,247,12,247,14,247,10,247,0,0,0,224,5,3,0,125,48,160,195,246,126,247,67,120,1,0,196,196,82,64,62,172,26,0,246,0,128,3,133,131,4,2,132,126,157,111,126,126,157,111,126,255,255,14,31,31,7,15,31,9,75,46,152,131,64,35,141,85,5,2,85,85,5,2,85,2,1,0,7,6,5,0,3,168,156,150,131,95,59,47,27,0,0,4,244,0,227,27,0,0,0,0,52,102,5,170,255,8,255,218,170,85,0,1,7,4,1,11,0,255,72,14,244,170,242,229,13,247,15,247,12,247,14,247,10,247,0,0,0,224,5,3,0,128,48,160,195,246,126,247,66,120,1,0,108,196,82,64,62,172,26,0,246,0,128,3,133,131,4,2,132,126,157,111,126,126,157,111,126,255,255,10,31,31,7,15,31,9,75,46,152,131,64,35,141,85,5,2,85,85,5,2,85,2,1,0,7,6,5,0,3,172,160,150,135,99,63,51,31,0,0,4,252,0,227,11,0,0,0,0,52,115,5,170,255,8,255,218,170,85,0,1,7,4,1,11,0,255,72,14,244,170,242
2026-08-07_09-50-59,1,521,0,0.0,0,0.0,-1,-1,229,13,247,15,247,12,247,14,247,10,247,0,0,0,224,5,3,0,128,48,160,195,246,126,247,66,120,1,0,108,196,82,64,62,172,26,0,246,0,128,3,133,131,4,2,132,126,157,111,126,126,157,111,126,255,255,10,31,31,7,15,31,9,75,46,152,131,64,35,141,85,5,2,85,85,5,2,85,2,1,0,7,6,5,0,3,172,160,150,135,99,63,51,31,0,0,4,252,0,227,11,0,0,0,0,52,115,5,170,255,8,255,218,170,85,0,1,7,4,1,11,0,255,72,14,244,170,242,233,13,247,15,247,12,247,14,247,10,247,0,0,0,224,5,3,0,128,48,160,195,246,126,247,65,120,1,0,20,196,82,64,62,172,26,0,246,0,128,3,133,131,4,2,132,126,157,111,126,126,157,111,126,255,255,7,31,31,7,15,31,9,75,46,152,131,64,35,141,85,5,2,85,85,5,2,85,2,1,0,7,6,5,0,3,175,163,150,138,102,66,54,34,0,0,4,9,0,227,27,0,0,0,0,52,128,5,170,255,8,255,218,170,85,0,1,7,4,1,11,0,255,72,14,244,170,242
2026-08-07_09-50-59,1,522,0,0.0,0,0.0,-1,-1,233,13,247,15,247,12,247,14,247,10,247,0,0,0,224,5,3,0,128,48,160,195,246,126,247,65,120,1,0,20,196,82,64,62,172,26,0,246,0,128,3,133,131,4,2,132,126,157,111,126,126,157,111,126,255,255,7,31,31,7,15,31,9,75,46,152,131,64,35,141,85,5,2,85,85,5,2,85,2,1,0,7,6,5,0,3,175,163,150,138,102,66,54,34,0,0,4,9,0,227,27,0,0,0,0,52,128,5,170,255,8,255,218,170,85,0,1,7,4,1,11,0,255,72,14,244,170,242,237,13,247,15,247,12,247,14,247,10,247,0,0,0,224,5,2,0,128,48,160,195,246,126,247,64,120,1,0,188,82,64,62,172,26,0,246,84,128,3,133,131,4,2,132,131,157,111,126,126,157,111,126,126,255,3,31,31,7,15,31,31,75,46,152,131,64,35,141,120,5,2,85,85,5,2,85,85,1,0,7,6,5,0,3,2,167,150,142,106,70,58,38,2,0,0,4,5,0,227,11,0,0,0,0,52,134,5,170,255,7,255,181,85,85,0,1,7,4,1,11,0,255,72,14,244,170,242
2026-08-07_09-50-59,1,523,0,0.0,0,0.0,-1,-1,237,13,247,15,247,12,247,14,247,10,247,0,0,0,224,5,2,0,128,48,160,195,246,126,247,64,120,1,0,188,82,64,62,172,26,0,246,84,128,3,133,131,4,2,132,131,157,111,126,126,157,111,126,126,255,3,31,31,7,15,31,31,75,46,152,131,64,35,141,120,5,2,85,85,5,2,85,85,1,0,7,6,5,0,3,2,167,150,142,106,70,58,38,2,0,0,4,5,0,227,11,0,0,0,0,52,134,5,170,255,7,255,181,85,85,0,1,7,4,1,11,0,255,72,14,244,170,242,241,13,247,15,247,12,247,14,247,10,247,0,0,0,224,5,2,0,128,48,160,195,246,126,247,63,120,1,0,100,82,64,62,172,26,0,246,84,128,3,133,131,4,2,132,131,157,111,126,126,157,111,126,126,255,0,31,31,7,15,31,31,75,46,152,131,64,35,141,120,5,2,85,85,5,2,85,85,1,0,7,6,5,0,3,2,170,150,145,109,73,61,41,5,0,0,4,1,0,227,27,0,0,0,0,52,147,5,170,255,8,255,181,85,85,0,1,7,4,1,11,0,255,72,14,244,170,242
2026-08-07_09-50-59,1,524,0,0.0,0,0.0,-1,-1,241,13,247,15,247,12,247,14,247,10,247,0,0,0,224,5,2,0,128,48,160,195,246,126,247,63,120,1,0,100,82,64,62,172,26,0,246,84,128,3,133,131,4,2,132,131,157,111,126,126,157,111,126,126,255,0,31,31,7,15,31,31,75,46,152,131,64,35,141,120,5,2,85,85,5,2,85,85,1,0,7,6,5,0,3,2,170,150,145,109,73,61,41,5,0,0,4,1,0,227,27,0,0,0,0,52,147,5,170,255,8,255,181,85,85,0,1,7,4,1,11,0,255,72,14,244,170,242,245,13,247,15,247,12,247,14,247,10,247,0,0,0,224,5,2,0,128,48,160,195,246,126,247,62,120,1,0,12,82,64,62,172,26,0,246,84,128,3,133,131,4,2,132,131,157,111,126,126,157,111,126,126,255,255,31,31,7,15,31,31,75,46,152,131,64,35,141,120,5,2,85,85,5,2,85,85,1,0,7,6,5,0,3,2,174,154,149,113,77,65,45,9,0,0,4,0,0,227,11,0,0,0,0,53,0,5,170,255,8,255,181,85,85,0,1,7,4,1,11,0,255,72,14,244,170,242
2026-08-07_09-50-59,1,525,0,0.0,0,0.0,-1,-1,245,13,247,15,247,12,247,14,247,10,247,0,0,0,224,5,2,0,128,48,160,195,246,126,247,62,120,1,0,12,82,64,62,172,26,0,246,84,128,3,133,131,4,2,132,131,157,111,126,126,157,111,126,126,255,255,31,31,7,15,31,31,75,46,152,131,64,35,141,120,5,2,85,85,5,2,85,85,1,0,7,6,5,0,3,2,174,154,149,113,77,65,45,9,0,0,4,0,0,227,11,0,0,0,0,53,0,5,170,255,8,255,181,85,85,0,1,7,4,1,11,0,255,72,14,244,170,242,249,13,247,15,247,12,247,14,247,10,247,0,0,0,224,5,2,0,128,48,160,195,246,126,247,61,120,1,0,180,82,64,62,172,26,0,246,84,128,3,133,131,4,2,132,131,157,111,126,126,157,111,126,126,255,255,29,31,7,15,31,31,75,46,152,131,64,35,141,120,5,2,85,85,5,2,85,85,1,0,7,6,5,0,3,2,177,157,150,116,80,68,48,12,0,0,4,0,0,227,27,0,0,0,0,53,6,5,170,255,8,255,181,85,85,0,1,7,4,1,11,0,255,72,14,244,170,242
2026-08-07_09-50-59,1,526,0,0.0,0,0.0,-1,-1,249,13,247,15,247,12,247,14,247,10,247,0,0,0,224,5,2,0,128,48,160,195,246,126,247,61,120,1,0,180,82,64,62,172,26,0,246,84,128,3,133,131,4,2,132,131,157,111,126,126,157,111,126,126,255,255,29,31,7,15,31,31,75,46,152,131,64,35,141,120,5,2,85,85,5,2,85,85,1,0,7,6,5,0,3,2,177,157,150,116,80,68,48,12,0,0,4,0,0,227,27,0,0,0,0,53,6,5,170,255,8,255,181,85,85,0,1,7,4,1,11,0,255,72,14,244,170,242,253,13,247,15,247,12,247,14,247,10,247,0,0,0,224,5,2,0,128,48,160,195,246,126,247,60,120,1,0,92,82,64,62,172,26,0,246,84,128,3,133,131,4,2,132,131,157,111,126,126,157,111,126,126,255,255,25,31,7,15,31,31,75,46,152,131,64,35,141,120,5,2,85,85,5,2,85,85,1,0,7,6,5,0,3,2,181,161,150,120,84,72,52,16,0,0,4,0,0,227,11,0,0,0,0,53,19,5,170,255,8,255,181,85,85,0,1,7,4,1,11,0,255,72,14,244,170,242
2026-08-07_09-50-59,1,527,0,0.0,0,0.0,-1,-1,253,13,247,15,247,12,247,14,247,10,247,0,0,0,224,5,2,0,128,48,160,195,246,126,247,60,120,1,0,92,82,64,62,172,26,0,246,84,128,3,133,131,4,2,132,131,157,111,126,126,157,111,126,126,255,255,25,31,7,15,31,31,75,46,152,131,64,35,141,120,5,2,85,85,5,2,85,85,1,0,7,6,5,0,3,2,181,161,150,120,84,72,52,16,0,0,4,0,0,227,11,0,0,0,0,53,19,5,170,255,8,255,181,85,85,0,1,7,4,1,11,0,255,72,14,244,170,242,1,13,247,15,247,12,247,14,247,10,247,0,0,0,224,5,2,0,128,48,160,195,246,126,247,59,120,1,0,4,82,64,62,172,26,0,246,84,128,3,133,131,4,2,132,131,157,111,126,126,157,111,126,126,255,255,22,31,7,15,31,31,75,46,152,131,64,35,141,120,5,2,85,85,5,2,85,85,1,0,7,6,5,0,3,2,184,164,150,123,87,75,55,19,0,0,4,0,0,227,27,0,0,0,0,53,32,5,170,255,8,255,181,85,85,0,1,7,4,1,11,0,255,72,14,244,170,242
2026-08-07_09-50-59,1,528,0,0.0,0,0.0,-1,-1,1,13,247,15,247,12,247,14,247,10,247,0,0,0,224,5,2,0,128,48,160,195,246,126,247,59,120,1,0,4,82,64,62,172,26,0,246,84,128,3,133,131,4,2,132,131,157,111,126,126,157,111,126,126,255,255,22,31,7,15,31,31,75,46,152,131,64,35,141,120,5,2,85,85,5,2,85,85,1,0,7,6,5,0,3,2,184,164,150,123,87,75,55,19,0,0,4,0,0,227,27,0,0,0,0,53,32,5,170,255,8,255,181,85,85,0,1,7,4,1,11,0,255,72,14,244,170,242,5,13,247,15,247,12,247,14,247,10,247,0,0,0,224,5,2,0,128,48,160,195,246,126,247,58,120,1,0,172,82,64,62,172,26,0,246,84,128,3,133,131,4,2,132,131,157,111,126,126,157,111,126,126,255,255,18,31,7,15,31,31,75,46,152,131,64,35,141,120,5,2,85,85,5,2,85,85,1,0,7,6,5,0,3,2,188,168,150,127,91,79,59,23,0,0,4,0,0,227,11,0,0,0,0,53,38,5,170,255,8,255,181,85,85,0,1,7,4,1,11,0,255,72,14,244,170,242
2026-08-07_09-50-59,1,529,0,0.0,0,0.0,-1,-1,5,13,247,15,247,12,247,14,247,10,247,0,0,0,224,5,2,0,128,48,160,195,246,126,247,58,120,1,0,172,82,64,62,172,26,0,246,84,128,3,133,131,4,2,132,131,157,111,126,126,157,111,126,126,255,255,18,31,7,15,31,31,75,46,152,131,64,35,141,120,5,2,85,85,5,2,85,85,1,0,7,6,5,0,3,2,188,168,150,127,91,79,59,23,0,0,4,0,0,227,11,0,0,0,0,53,38,5,170,255,8,255,181,85,85,0,1,7,4,1,11,0,255,72,14,244,170,242,9,13,247,15,247,12,247,14,247,10,247,0,0,0,224,5,2,0,128,48,160,195,246,126,247,57,120,1,0,84,82,64,158,172,26,0,246,84,128,3,132,131,4,2,132,131,157,111,126,126,157,111,126,126,255,255,15,31,7,15,31,31,75,46,147,131,64,35,141,120,5,2,85,85,5,2,85,85,1,0,7,6,5,0,3,2,191,171,150,130,94,82,62,26,0,0,4,0,0,227,27,0,0,0,0,53,51,5,170,255,8,255,181,85,85,0,1,7,4,1,11,0,255,72,14,244,170,242
2026-08-07_09-50-59,1,530,0,0.0,0,0.0,-1,-1,9,13,247,15,247,12,247,14,247,10,247,0,0,0,224,5,2,0,128,48,160,195,246,126,247,57,120,1,0,84,82,64,158,172,26,0,246,84,128,3,132,131,4,2,132,131,157,111,126,126,157,111,126,126,255,255,15,31,7,15,31,31,75,46,147,131,64,35,141,120,5,2,85,85,5,2,85,85,1,0,7,6,5,0,3,2,191,171,150,130,94,82,62,26,0,0,4,0,0,227,27,0,0,0,0,53,51,5,170,255,8,255,181,85,85,0,1,7,4,1,11,0,255,72,14,244,170,242,13,13,247,15,247,12,247,14,247,10,247,0,0,0,224,5,2,0,128,48,160,195,246,126,247,56,120,1,0,252,82,64,158,172,26,0,246,84,128,3,132,131,4,2,132,131,157,111,126,126,157,111,126,126,255,255,11,31,7,15,31,31,75,46,147,131,64,35,141,120,5,2,85,85,5,2,85,85,1,0,7,6,5,0,3,2,195,175,150,134,98,86,66,30,0,0,4,0,0,227,11,0,0,0,0,53,57,5,170,255,8,255,181,85,85,0,1,7,4,1,11,0,255,72,14,244,170,242
2026-08-07_09-50-59,1,531,1,0.0,0,0.0,-1,-1,13,13,247,15,247,12,247,14,247,10,247,0,0,0,224,5,2,0,128,48,160,195,246,126,247,56,120,1,0,252,82,64,158,172,26,0,246,84,128,3,132,131,4,2,132,131,157,111,126,126,157,111,126,126,255,255,11,31,7,15,31,31,75,46,147,131,64,35,141,120,5,2,85,85,5,2,85,85,1,0,7,6,5,0,3,2,195,175,150,134,98,86,66,30,0,0,4,0,0,227,11,0,0,0,0,53,57,5,170,255,8,255,181,85,85,0,1,7,4,1,11,0,255,72,14,244,170,242,17,13,247,15,247,12,247,14,247,10,247,0,0,0,224,6,2,0,128,48,164,234,246,126,247,55,120,1,0,164,82,64,158,172,26,0,246,84,128,3,132,131,4,2,132,131,157,111,126,126,157,111,126,126,255,255,8,31,7,15,31,31,75,46,147,131,64,35,141,120,5,2,85,85,5,2,85,85,1,0,7,6,5,0,3,2,198,178,150,137,101,89,69,33,0,0,4,0,4,227,27,5,0,0,0,53,70,5,170,255,8,255,181,85,85,0,1,7,4,1,11,0,255,72,14,244,170,242
2026-08-07_09-50-59,1,532,1,0.0,0,0.0,-1,-1,17,13,247,15,247,12,247,14,247,10,247,0,0,0,224,6,2,0,128,48,164,234,246,126,247,55,120,1,0,164,82,64,158,172,26,0,246,84,128,3,132,131,4,2,132,131,157,111,126,126,157,111,126,126,255,255,8,31,7,15,31,31,75,46,147,131,64,35,141,120,5,2,85,85,5,2,85,85,1,0,7,6,5,0,3,2,198,178,150,137,101,89,69,33,0,0,4,0,4,227,27,5,0,0,0,53,70,5,170,255,8,255,181,85,85,0,1,7,4,1,11,0,255,72,14,244,170,242,21,13,247,15,247,12,247,14,247,10,247,0,0,0,224,6,1,0,128,48,168,234,246,157,247,54,120,1,0,76,64,158,172,26,0,246,84,194,3,132,131,4,2,132,131,3,111,126,126,157,111,126,126,157,255,4,31,7,15,31,31,7,46,147,131,64,35,141,120,54,2,85,85,5,2,85,85,5,0,7,6,5,0,3,2,1,182,150,141,105,93,73,37,1,0,0,4,0,0,227,11,1,0,0,0,53,83,5,170,255,7,255,106,171,5,0,1,7,4,1,11,0,255,72,14,244,170,242
2026-08-07_09-50-59,1,533,0,0.0,0,0.0,-1,-1,21,13,247,15,247,12,247,14,247,10,247,0,0,0,224,6,1,0,128,48,168,234,246,157,247,54,120,1,0,76,64,158,172,26,0,246,84,194,3,132,131,4,2,132,131,3,111,126,126,157,111,126,126,157,255,4,31,7,15,31,31,7,46,147,131,64,35,141,120,54,2,85,85,5,2,85,85,5,0,7,6,5,0,3,2,1,182,150,141,105,93,73,37,1,0,0,4,0,0,227,11,1,0,0,0,53,83,5,170,255,7,255,106,171,5,0,1,7,4,1,11,0,255,72,14,244,170,242,25,13,247,15,247,12,247,14,247,10,247,0,0,0,224,7,1,0,128,52,172,234,246,157,247,53,120,1,0,244,64,158,172,26,0,246,84,194,3,132,131,4,2,132,131,3,111,126,126,157,111,126,126,157,255,1,31,7,15,31,31,7,46,147,131,64,35,141,120,54,2,85,85,5,2,85,85,5,0,7,6,5,0,3,2,1,185,150,144,108,96,76,40,4,0,0,4,0,0,227,27,0,0,0,0,53,89,5,170,255,8,255,106,171,5,0,1,7,4,1,11,0,255,72,14,244,170,242
2026-08-07_09-50-59,1,534,0,0.0,0,0.0,-1,-1,25,13,247,15,247,12,247,14,247,10,247,0,0,0,224,7,1,0,128,52,172,234,246,157,247,53,120,1,0,244,64,158,172,26,0,246,84,194,3,132,131,4,2,132,131,3,111,126,126,157,111,126,126,157,255,1,31,7,15,31,31,7,46,147,131,64,35,141,120,54,2,85,85,5,2,85,85,5,0,7,6,5,0,3,2,1,185,150,144,108,96,76,40,4,0,0,4,0,0,227,27,0,0,0,0,53,89,5,170,255,8,255,106,171,5,0,1,7,4,1,11,0,255,72,14,244,170,242,29,13,247,15,247,12,247,14,247,10,247,0,0,0,224,7,1,0,128,56,176,234,246,157,247,52,120,1,0,156,64,158,172,26,0,246,84,194,3,132,131,4,2,132,131,3,111,126,126,157,111,126,126,157,255,255,31,7,15,31,31,7,46,147,131,64,35,141,120,54,2,85,85,5,2,85,85,5,0,7,6,5,0,3,2,1,189,153,148,112,100,80,44,8,0,0,4,0,0,227,15,0,0,0,0,53,102,5,170,255,8,255,106,171,5,0,1,7,4,1,11,0,255,72,14,244,170,242
2026-08-07_09-50-59,1,535,0,0.0,0,0.0,-1,-1,29,13,247,15,247,12,247,14,247,10,247,0,0,0,224,7,1,0,128,56,176,234,246,157,247,52,120,1,0,156,64,158,172,26,0,246,84,194,3,132,131,4,2,132,131,3,111,126,126,157,111,126,126,157,255,255,31,7,15,31,31,7,46,147,131,64,35,141,120,54,2,85,85,5,2,85,85,5,0,7,6,5,0,3,2,1,189,153,148,112,100,80,44,8,0,0,4,0,0,227,15,0,0,0,0,53,102,5,170,255,8,255,106,171,5,0,1,7,4,1,11,0,255,72,14,244,170,242,33,13,247,15,247,12,247,14,247,10,247,0,0,0,224,7,1,0,128,60,180,234,246,157,247,51,120,1,0,68,64,158,172,26,0,246,84,194,3,132,131,4,2,132,131,3,111,126,126,157,111,126,126,157,255,255,29,7,15,31,31,7,46,147,131,64,35,141,120,54,2,85,85,5,2,85,85,5,0,7,6,5,0,3,2,1,193,157,150,116,104,84,48,12,0,0,4,0,0,227,15,0,0,0,0,53,115,5,170,255,8,255,106,171,5,0,1,7,4,1,11,0,255,72,14,244,170,242
2026-08-07_09-50-59,1,536,0,0.0,0,0.0,-1,-1,33,13,247,15,247,12,247,14,247,10,247,0,0,0,224,7,1,0,128,60,180,234,246,157,247,51,120,1,0,68,64,158,172,26,0,246,84,194,3,132,131,4,2,132,131,3,111,126,126,157,111,126,126,157,255,255,29,7,15,31,31,7,46,147,131,64,35,141,120,54,2,85,85,5,2,85,85,5,0,7,6,5,0,3,2,1,193,157,150,116,104,84,48,12,0,0,4,0,0,227,15,0,0,0,0,53,115,5,170,255,8,255,106,171,5,0,1,7,4,1,11,0,255,72,14,244,170,242,37,13,247,15,247,12,247,14,247,10,247,0,0,0,224,7,0,0,128,64,184,234,246,111,247,50,120,1,0,236,158,172,26,0,246,84,194,176,132,131,4,2,132,131,3,1,126,126,157,111,126,126,157,111,255,25,7,15,31,31,7,15,147,131,64,35,141,120,54,25,85,85,5,2,85,85,5,2,7,6,5,0,3,2,1,0,161,150,120,108,88,52,16,4,0,0,4,0,0,235,15,0,0,0,0,53,121,5,170,255,8,255,213,86,2,0,1,7,4,1,11,0,255,72,14,244,170,242
2026-08-07_09-50-59,1,537,0,0.0,0,0.0,-1,-1,37,13,247,15,247,12,247,14,247,10,247,0,0,0,224,7,0,0,128,64,184,234,246,111,247,50,120,1,0,236,158,172,26,0,246,84,194,176,132,131,4,2,132,131,3,1,126,126,157,111,126,126,157,111,255,25,7,15,31,31,7,15,147,131,64,35,141,120,54,25,85,85,5,2,85,85,5,2,7,6,5,0,3,2,1,0,161,150,120,108,88,52,16,4,0,0,4,0,0,235,15,0,0,0,0,53,121,5,170,255,8,255,213,86,2,0,1,7,4,1,11,0,255,72,14,244,170,242,41,13,247,15,247,12,247,14,247,10,247,0,0,0,224,7,0,0,128,64,188,234,246,111,247,50,120,1,0,148,158,172,26,0,246,84,194,176,132,131,4,2,132,131,3,1,126,126,157,111,126,126,157,111,255,21,7,15,31,31,7,15,147,131,64,35,141,120,54,25,85,85,5,2,85,85,5,2,7,6,5,0,3,2,1,0,165,150,124,112,92,56,20,8,0,0,4,0,0,235,15,0,0,0,0,53,134,5,170,255,8,255,213,86,2,0,1,7,4,1,11,0,255,72,14,244,170,242
2026-08-07_09-50-59,1,538,0,0.0,0,0.0,-1,-1,41,13,247,15,247,12,247,14,247,10,247,0,0,0,224,7,0,0,128,64,188,234,246,111,247,50,120,1,0,148,158,172,26,0,246,84,194,176,132,131,4,2,132,131,3,1,126,126,157,111,126,126,157,111,255,21,7,15,31,31,7,15,147,131,64,35,141,120,54,25,85,85,5,2,85,85,5,2,7,6,5,0,3,2,1,0,165,150,124,112,92,56,20,8,0,0,4,0,0,235,15,0,0,0,0,53,134,5,170,255,8,255,213,86,2,0,1,7,4,1,11,0,255,72,14,244,170,242,45,13,247,15,247,12,247,14,247,10,247,0,0,0,224,7,0,0,128,64,192,234,246,111,247,50,120,1,0,60,158,172,26,0,246,84,194,176,132,131,4,2,132,131,3,1,126,126,157,111,126,126,157,111,255,17,7,15,31,31,7,15,147,131,64,35,141,120,54,25,85,85,5,2,85,85,5,2,7,6,5,0,3,2,1,0,169,150,128,116,96,60,24,12,0,0,4,0,0,235,19,0,0,0,0,53,147,5,170,255,8,255,213,86,2,0,1,7,4,1,11,0,255,72,14,244,170,242
2026-08-07_09-50-59,1,539,0,0.0,0,0.0,-1,-1,45,13,247,15,247,12,247,14,247,10,247,0,0,0,224,7,0,0,128,64,192,234,246,111,247,50,120,1,0,60,158,172,26,0,246,84,194,176,132,131,4,2,132,131,3,1,126,126,157,111,126,126,157,111,255,17,7,15,31,31,7,15,147,131,64,35,141,120,54,25,85,85,5,2,85,85,5,2,7,6,5,0,3,2,1,0,169,150,128,116,96,60,24,12,0,0,4,0,0,235,19,0,0,0,0,53,147,5,170,255,8,255,213,86,2,0,1,7,4,1,11,0,255,72,14,244,170,242,49,13,247,15,247,12,247,14,247,10,247,0,0,0,224,7,0,0,128,64,192,234,246,111,247,50,120,1,0,228,158,252,26,0,246,84,194,176,132,131,4,2,132,131,3,1,126,126,157,111,126,126,157,111,255,13,7,15,31,31,7,15,147,126,64,35,141,120,54,25,85,85,5,2,85,85,5,2,7,6,5,0,3,2,1,0,174,151,133,121,101,65,29,17,0,0,4,0,0,235,3,0,0,0,0,53,153,5,170,255,8,255,213,86,2,0,2,7,4,1,11,0,255,72,14,244,170,242
2026-08-07_09-50-59,1,540,0,0.0,0,0.0,-1,-1,49,13,247,15,247,12,247,14,247,10,247,0,0,0,224,7,0,0,128,64,192,234,246,111,247,50,120,1,0,228,158,252,26,0,246,84,194,176,132,131,4,2,132,131,3,1,126,126,157,111,126,126,157,111,255,13,7,15,31,31,7,15,147,126,64,35,141,120,54,25,85,85,5,2,85,85,5,2,7,6,5,0,3,2,1,0,174,151,133,121,101,65,29,17,0,0,4,0,0,235,3,0,0,0,0,53,153,5,170,255,8,255,213,86,2,0,2,7,4,1,11,0,255,72,14,244,170,242,53,13,247,15,247,12,247,14,247,10,247,0,0,0,224,7,7,0,128,64,192,234,246,126,247,50,120,1,0,140,252,26,0,246,84,194,176,110,131,4,2,132,131,3,1,132,126,157,111,126,126,157,111,126,8,7,15,31,31,7,15,31,126,64,35,141,120,54,25,134,85,5,2,85,85,5,2,85,6,5,0,3,2,1,0,7,150,137,125,105,69,33,21,1,0,0,4,0,0,235,19,0,0,0,0,54,6,5,170,255,7,255,170,173,85,0,1,7,4,1,11,0,255,72,14,244,170,242
2026-08-07_09-50-59,1,541,0,0.0,0,0.0,-1,-1,53,13,247,15,247,12,247,14,247,10,247,0,0,0,224,7,7,0,128,64,192,234,246,126,247,50,120,1,0,140,252,26,0,246,84,194,176,110,131,4,2,132,131,3,1,132,126,157,111,126,126,157,111,126,8,7,15,31,31,7,15,31,126,64,35,141,120,54,25,134,85,5,2,85,85,5,2,85,6,5,0,3,2,1,0,7,150,137,125,105,69,33,21,1,0,0,4,0,0,235,19,0,0,0,0,54,6,5,170,255,7,255,170,173,85,0,1,7,4,1,11,0,255,72,14,244,170,242,57,13,247,15,247,12,247,14,247,10,247,0,0,0,224,7,7,0,128,64,192,234,246,126,247,50,120,1,0,52,252,26,0,246,84,194,176,110,131,4,2,132,131,3,1,132,126,157,111,126,126,157,111,126,4,7,15,31,31,7,15,31,126,64,35,141,120,54,25,134,85,5,2,85,85,5,2,85,6,5,0,3,2,1,0,7,151,142,130,110,74,38,26,6,0,0,4,0,0,235,3,0,0,0,0,54,19,5,170,255,8,255,170,173,85,0,2,7,4,1,11,0,255,72,14,244,170,242
2026-08-07_09-50-59,1,542,0,0.0,0,0.0,-1,-1,57,13,247,15,247,12,247,14,247,10,247,0,0,0,224,7,7,0,128,64,192,234,246,126,247,50,120,1,0,52,252,26,0,246,84,194,176,110,131,4,2,132,131,3,1,132,126,157,111,126,126,157,111,126,4,7,15,31,31,7,15,31,126,64,35,141,120,54,25,134,85,5,2,85,85,5,2,85,6,5,0,3,2,1,0,7,151,142,130,110,74,38,26,6,0,0,4,0,0,235,3,0,0,0,0,54,19,5,170,255,8,255,170,173,85,0,2,7,4,1,11,0,255,72,14,244,170,242,61,13,247,15,247,12,247,14,247,10,247,0,0,0,224,8,7,0,128,64,192,234,246,126,247,50,120,1,0,220,252,26,0,246,84,194,176,110,131,4,2,132,131,3,1,132,126,157,111,126,126,157,111,126,255,7,15,31,31,7,15,31,126,64,35,141,120,54,25,134,85,5,2,85,85,5,2,85,6,5,0,3,2,1,0,7,151,146,134,114,78,42,30,10,0,0,4,0,7,235,19,8,0,0,0,54,25,5,170,255,8,255,170,173,85,0,1,7,4,1,11,0,255,72,14,244,170,242
2026-08-07_09-50-59,1,543,1,0.0,0,0.0,-1,-1,61,13,247,15,247,12,247,14,247,10,247,0,0,0,224,8,7,0,128,64,192,234,246,126,247,50,120,1,0,220,252,26,0,246,84,194,176,110,131,4,2,132,131,3,1,132,126,157,111,126,126,157,111,126,255,7,15,31,31,7,15,31,126,64,35,141,120,54,25,134,85,5,2,85,85,5,2,85,6,5,0,3,2,1,0,7,151,146,134,114,78,42,30,10,0,0,4,0,7,235,19,8,0,0,0,54,25,5,170,255,8,255,170,173,85,0,1,7,4,1,11,0,255,72,14,244,170,242,65,13,247,15,247,12,247,14,247,10,247,0,0,0,224,8,7,0,128,64,192,234,246,126,247,50,120,1,0,132,252,26,0,246,84,194,176,110,131,4,2,132,131,3,1,132,126,157,111,126,126,157,111,126,255,7,15,31,31,7,15,31,126,64,35,141,120,54,25,134,85,5,2,85,85,5,2,85,6,5,0,3,2,1,0,7,156,151,139,119,83,47,35,15,0,0,4,0,3,235,3,4,0,0,0,54,38,5,170,255,8,255,170,173,85,0,2,7,4,1,11,0,255,72,14,244,170,242
2026-08-07_09-50-59,1,544,1,0.0,0,0.0,-1,-1,65,13,247,15,247,12,247,14,247,10,247,0,0,0,224,8,7,0,128,64,192,234,246,126,247,50,120,1,0,132,252,26,0,246,84,194,176,110,131,4,2,132,131,3,1,132,126,157,111,126,126,157,111,126,255,7,15,31,31,7,15,31,126,64,35,141,120,54,25,134,85,5,2,85,85,5,2,85,6,5,0,3,2,1,0,7,156,151,139,119,83,47,35,15,0,0,4,0,3,235,3,4,0,0,0,54,38,5,170,255,8,255,170,173,85,0,2,7,4,1,11,0,255,72,14,244,170,242,69,13,247,15,247,12,247,14,247,10,247,0,0,0,224,8,7,0,117,64,192,234,246,126,247,50,120,1,0,44,252,26,0,246,84,194,176,110,131,4,2,132,131,3,1,132,126,157,111,126,126,157,111,126,255,2,15,31,31,7,15,31,126,64,35,141,120,54,25,134,85,5,2,85,85,5,2,85,6,5,0,3,2,1,0,7,160,150,143,123,87,51,39,19,0,0,4,224,0,235,19,0,0,0,0,54,51,4,170,255,8,255,170,173,85,0,1,7,4,1,11,0,255,72,14,244,170,242
2026-08-07_09-50-59,1,545,0,0.0,0,0.0,-1,-1,69,13,247,15,247,12,247,14,247,10,247,0,0,0,224,8,7,0,117,64,192,234,246,126,247,50,120,1,0,44,252,26,0,246,84,194,176,110,131,4,2,132,131,3,1,132,126,157,111,126,126,157,111,126,255,2,15,31,31,7,15,31,126,64,35,141,120,54,25,134,85,5,2,85,85,5,2,85,6,5,0,3,2,1,0,7,160,150,143,123,87,51,39,19,0,0,4,224,0,235,19,0,0,0,0,54,51,4,170,255,8,255,170,173,85,0,1,7,4,1,11,0,255,72,14,244,170,242,73,13,247,15,247,12,247,14,247,10,247,0,0,0,224,8,7,0,122,64,192,234,246,126,247,50,120,1,0,212,252,26,0,246,84,194,176,110,131,4,2,132,131,3,1,132,126,157,111,126,126,157,111,126,255,255,15,31,31,7,15,31,126,64,35,141,120,54,25,134,85,5,2,85,85,5,2,85,6,5,0,3,2,1,0,7,165,153,148,128,92,56,44,24,0,0,4,232,0,235,3,0,0,0,0,54,57,4,170,255,8,255,170,173,85,0,2,7,4,1,11,0,255,72,14,244,170,242
2026-08-07_09-50-59,1,546,0,0.0,0,0.0,-1,-1,73,13,247,15,247,12,247,14,247,10,247,0,0,0,224,8,7,0,122,64,192,234,246,126,247,50,120,1,0,212,252,26,0,246,84,194,176,110,131,4,2,132,131,3,1,132,126,157,111,126,126,157,111,126,255,255,15,31,31,7,15,31,126,64,35,141,120,54,25,134,85,5,2,85,85,5,2,85,6,5,0,3,2,1,0,7,165,153,148,128,92,56,44,24,0,0,4,232,0,235,3,0,0,0,0,54,57,4,170,255,8,255,170,173,85,0,2,7,4,1,11,0,255,72,14,244,170,242,77,13,247,15,247,12,247,14,247,10,247,0,0,0,224,8,7,0,126,64,192,234,246,126,247,50,120,1,0,124,252,26,0,246,84,194,176,110,131,4,2,132,131,3,1,132,126,157,111,126,126,157,111,126,255,255,13,31,31,7,15,31,126,64,35,141,120,54,25,134,85,5,2,85,85,5,2,85,6,5,0,3,2,1,0,7,169,157,150,132,96,60,48,28,0,0,4,240,0,235,19,0,0,0,0,54,70,4,170,255,8,255,170,173,85,0,1,7,4,1,11,0,255,72,14,244,170,242
2026-08-07_09-50-59,1,547,0,0.0,0,0.0,-1,-1,77,13,247,15,247,12,247,14,247,10,247,0,0,0,224,8,7,0,126,64,192,234,246,126,247,50,120,1,0,124,252,26,0,246,84,194,176,110,131,4,2,132,131,3,1,132,126,157,111,126,126,157,111,126,255,255,13,31,31,7,15,31,126,64,35,141,120,54,25,134,85,5,2,85,85,5,2,85,6,5,0,3,2,1,0,7,169,157,150,132,96,60,48,28,0,0,4,240,0,235,19,0,0,0,0,54,70,4,170,255,8,255,170,173,85,0,1,7,4,1,11,0,255,72,14,244,170,242,81,13,247,15,247,12,247,14,247,10,247,0,0,0,224,8,7,0,128,64,192,234,246,126,247,50,120,1,0,36,252,26,0,246,84,194,176,110,131,4,2,132,131,3,1,132,126,157,111,126,126,157,111,126,255,255,9,31,31,7,15,31,126,64,35,141,120,54,25,134,85,5,2,85,85,5,2,85,6,5,0,3,2,1,0,7,174,162,151,137,101,65,53,33,0,0,4,248,0,235,3,0,0,0,0,54,83,4,170,255,8,255,170,173,85,0,2,7,4,1,11,0,255,72,14,244,170,242
2026-08-07_09-50-59,1,548,0,0.0,0,0.0,-1,-1,81,13,247,15,247,12,247,14,247,10,247,0,0,0,224,8,7,0,128,64,192,234,246,126,247,50,120,1,0,36,252,26,0,246,84,194,176,110,131,4,2,132,131,3,1,132,126,157,111,126,126,157,111,126,255,255,9,31,31,7,15,31,126,64,35,141,120,54,25,134,85,5,2,85,85,5,2,85,6,5,0,3,2,1,0,7,174,162,151,137,101,65,53,33,0,0,4,248,0,235,3,0,0,0,0,54,83,4,170,255,8,255,170,173,85,0,2,7,4,1,11,0,255,72,14,244,170,242,85,13,247,15,247,12,247,14,247,10,247,0,0,0,224,8,6,0,128,64,192,234,246,126,247,50,120,1,0,204,26,0,246,84,194,176,110,172,4,2,132,131,3,1,132,130,157,111,126,126,157,111,126,126,255,4,31,31,7,15,31,31,64,35,141,120,54,25,134,116,5,2,85,85,5,2,85,85,5,0,3,2,1,0,7,6,166,150,141,105,69,57,37,1,0,0,4,11,0,235,19,0,0,0,0,54,89,4,170,255,7,255,85,91,85,0,1,7,2,1,11,0,255,72,14,244,170,242
2026-08-07_09-50-59,1,549,0,0.0,0,0.0,-1,-1,85,13,247,15,247,12,247,14,247,10,247,0,0,0,224,8,6,0,128,64,192,234,246,126,247,50,120,1,0,204,26,0,246,84,194,176,110,172,4,2,132,131,3,1,132,130,157,111,126,126,157,111,126,126,255,4,31,31,7,15,31,31,64,35,141,120,54,25,134,116,5,2,85,85,5,2,85,85,5,0,3,2,1,0,7,6,166,150,141,105,69,57,37,1,0,0,4,11,0,235,19,0,0,0,0,54,89,4,170,255,7,255,85,91,85,0,1,7,2,1,11,0,255,72,14,244,170,242,89,13,247,15,247,12,247,14,247,10,247,0,0,0,224,8,6,0,128,64,192,234,246,126,247,50,120,1,0,116,26,0,246,84,194,176,110,172,4,2,132,131,3,1,132,130,157,111,126,126,157,111,126,126,255,0,31,31,7,15,31,31,64,35,141,120,54,25,134,116,5,2,85,85,5,2,85,85,5,0,3,2,1,0,7,6,171,151,146,110,74,62,42,6,0,0,4,7,0,235,3,0,0,0,0,54,102,4,170,255,8,255,85,91,85,0,2,7,2,1,11,0,255,72,14,244,170,242
2026-08-07_09-50-59,1,550,0,0.0,0,0.0,-1,-1,89,13,247,15,247,12,247,14,247,10,247,0,0,0,224,8,6,0,128,64,192,234,246,126,247,50,120,1,0,116,26,0,246,84,194,176,110,172,4,2,132,131,3,1,132,130,157,111,126,126,157,111,126,126,255,0,31,31,7,15,31,31,64,35,141,120,54,25,134,116,5,2,85,85,5,2,85,85,5,0,3,2,1,0,7,6,171,151,146,110,74,62,42,6,0,0,4,7,0,235,3,0,0,0,0,54,102,4,170,255,8,255,85,91,85,0,2,7,2,1,11,0,255,72,14,244,170,242,93,13,247,15,247,12,247,14,247,10,247,0,0,0,224,8,6,0,128,64,192,234,246,126,247,50,120,1,0,28,26,0,246,84,194,176,110,172,4,2,132,131,3,1,132,130,157,111,126,126,157,111,126,126,255,255,31,31,7,15,31,31,64,35,141,120,54,25,134,116,5,2,85,85,5,2,85,85,5,0,3,2,1,0,7,6,175,155,150,114,78,66,46,10,0,0,4,3,0,235,19,0,0,0,0,54,115,4,170,255,8,255,85,91,85,0,1,7,2,1,11,0,255,72,14,244,170,242
2026-08-07_09-50-59,1,551,0,0.0,0,0.0,-1,-1,93,13,247,15,247,12,247,14,247,10,247,0,0,0,224,8,6,0,128,64,192,234,246,126,247,50,120,1,0,28,26,0,246,84,194,176,110,172,4,2,132,131,3,1,132,130,157,111,126,126,157,111,126,126,255,255,31,31,7,15,31,31,64,35,141,120,54,25,134,116,5,2,85,85,5,2,85,85,5,0,3,2,1,0,7,6,175,155,150,114,78,66,46,10,0,0,4,3,0,235,19,0,0,0,0,54,115,4,170,255,8,255,85,91,85,0,1,7,2,1,11,0,255,72,14,244,170,242,97,13,247,15,247,12,247,14,247,10,247,0,0,0,224,8,6,0,128,64,192,234,246,126,247,50,120,1,0,196,26,0,246,84,194,176,110,172,4,2,132,131,3,1,132,130,157,111,126,126,157,111,126,126,255,255,27,31,7,15,31,31,64,35,141,120,54,25,134,116,5,2,85,85,5,2,85,85,5,0,3,2,1,0,7,6,180,160,151,119,83,71,51,15,0,0,4,0,0,235,3,0,0,0,0,54,121,4,170,255,8,255,85,91,85,0,2,7,2,1,11,0,255,72,14,244,170,242
2026-08-07_09-50-59,1,552,0,0.0,0,0.0,-1,-1,97,13,247,15,247,12,247,14,247,10,247,0,0,0,224,8,6,0,128,64,192,234,246,126,247,50,120,1,0,196,26,0,246,84,194,176,110,172,4,2,132,131,3,1,132,130,157,111,126,126,157,111,126,126,255,255,27,31,7,15,31,31,64,35,141,120,54,25,134,116,5,2,85,85,5,2,85,85,5,0,3,2,1,0,7,6,180,160,151,119,83,71,51,15,0,0,4,0,0,235,3,0,0,0,0,54,121,4,170,255,8,255,85,91,85,0,2,7,2,1,11,0,255,72,14,244,170,242,101,13,247,15,247,12,247,14,247,10,247,0,0,0,224,8,6,0,128,64,192,234,246,126,247,50,120,1,0,108,26,0,246,84,194,176,110,172,4,2,132,131,3,1,132,130,157,111,126,126,157,111,126,126,255,255,22,31,7,15,31,31,64,35,141,120,54,25,134,116,5,2,85,85,5,2,85,85,5,0,3,2,1,0,7,6,184,164,150,123,87,75,55,19,0,0,4,0,0,235,19,0,0,0,0,54,134,4,170,255,8,255,85,91,85,0,1,7,2,1,11,0,255,72,14,244,170,242
2026-08-07_09-50-59,1,553,0,0.0,0,0.0,-1,-1,101,13,247,15,247,12,247,14,247,10,247,0,0,0,224,8,6,0,128,64,192,234,246,126,247,50,120,1,0,108,26,0,246,84,194,176,110,172,4,2,132,131,3,1,132,130,157,111,126,126,157,111,126,126,255,255,22,31,7,15,31,31,64,35,141,120,54,25,134,116,5,2,85,85,5,2,85,85,5,0,3,2,1,0,7,6,184,164,150,123,87,75,55,19,0,0,4,0,0,235,19,0,0,0,0,54,134,4,170,255,8,255,85,91,85,0,1,7,2,1,11,0,255,72,14,244,170,242,105,13,247,15,247,12,247,14,247,10,247,0,0,0,224,8,6,0,128,64,192,234,246,126,247,50,120,1,0,20,26,0,246,84,194,176,110,172,4,2,132,131,3,1,132,130,157,111,126,126,157,111,126,126,255,255,18,31,7,15,31,31,64,35,141,120,54,25,134,116,5,2,85,85,5,2,85,85,5,0,3,2,1,0,7,6,189,169,151,128,92,80,60,24,0,0,4,0,0,235,3,0,0,0,0,54,147,4,170,255,8,255,85,91,85,0,2,7,2,1,11,0,255,72,14,244,170,242
2026-08-07_09-50-59,1,554,0,0.0,0,0.0,-1,-1,105,13,247,15,247,12,247,14,247,10,247,0,0,0,224,8,6,0,128,64,192,234,246,126,247,50,120,1,0,20,26,0,246,84,194,176,110,172,4,2,132,131,3,1,132,130,157,111,126,126,157,111,126,126,255,255,18,31,7,15,31,31,64,35,141,120,54,25,134,116,5,2,85,85,5,2,85,85,5,0,3,2,1,0,7,6,189,169,151,128,92,80,60,24,0,0,4,0,0,235,3,0,0,0,0,54,147,4,170,255,8,255,85,91,85,0,2,7,2,1,11,0,255,72,14,244,170,242,109,13,247,15,247,12,247,14,247,10,247,0,0,0,224,8,6,0,128,64,192,234,246,126,247,50,120,1,0,188,26,0,70,84,194,176,110,172,4,2,132,131,3,1,132,130,157,111,126,126,157,111,126,126,255,255,13,31,7,15,31,31,64,35,136,120,54,25,134,116,5,2,85,85,5,2,85,85,5,0,3,2,1,0,7,6,193,173,150,132,96,84,64,28,0,0,4,0,0,235,19,0,0,0,0,54,153,4,170,255,8,255,85,91,85,0,1,7,2,1,11,0,255,72,14,244,170,242
2026-08-07_09-50-59,1,555,0,0.0,0,0.0,-1,-1,109,13,247,15,247,12,247,14,247,10,247,0,0,0,224,8,6,0,128,64,192,234,246,126,247,50,120,1,0,188,26,0,70,84,194,176,110,172,4,2,132,131,3,1,132,130,157,111,126,126,157,111,126,126,255,255,13,31,7,15,31,31,64,35,136,120,54,25,134,116,5,2,85,85,5,2,85,85,5,0,3,2,1,0,7,6,193,173,150,132,96,84,64,28,0,0,4,0,0,235,19,0,0,0,0,54,153,4,170,255,8,255,85,91,85,0,1,7,2,1,11,0,255,72,14,244,170,242,113,13,247,15,247,12,247,14,247,10,247,0,0,0,224,8,6,0,128,64,192,234,246,126,247,50,120,1,0,100,26,0,70,84,194,176,110,172,4,2,132,131,3,1,132,130,157,111,126,126,157,111,126,126,255,255,9,31,7,15,31,31,64,35,136,120,54,25,134,116,5,2,85,85,5,2,85,85,5,0,3,2,1,0,7,6,198,178,151,137,101,89,69,33,0,0,4,0,0,235,3,0,0,0,0,55,6,4,170,255,8,255,85,91,85,0,2,7,2,1,11,0,255,72,14,244,170,242
2026-08-07_09-50-59,1,556,0,0.0,0,0.0,-1,-1,113,13,247,15,247,12,247,14,247,10,247,0,0,0,224,8,6,0,128,64,192,234,246,126,247,50,120,1,0,100,26,0,70,84,194,176,110,172,4,2,132,131,3,1,132,130,157,111,126,126,157,111,126,126,255,255,9,31,7,15,31,31,64,35,136,120,54,25,134,116,5,2,85,85,5,2,85,85,5,0,3,2,1,0,7,6,198,178,151,137,101,89,69,33,0,0,4,0,0,235,3,0,0,0,0,55,6,4,170,255,8,255,85,91,85,0,2,7,2,1,11,0,255,72,14,244,170,242,117,13,247,15,247,12,247,14,247,10,247,0,0,0,224,8,5,0,128,64,192,234,246,157,247,50,120,1,0,12,0,70,84,194,176,110,172,170,2,132,131,3,1,132,130,3,111,126,126,157,111,126,126,157,255,4,31,7,15,31,31,7,35,136,120,54,25,134,116,56,2,85,85,5,2,85,85,5,0,3,2,1,0,7,6,5,182,150,141,105,93,73,37,1,0,0,4,0,0,235,19,0,0,0,0,55,19,4,170,255,7,255,170,183,5,0,1,7,2,1,11,0,255,72,14,244,170,242
2026-08-07_09-50-59,1,557,0,0.0,0,0.0,-1,-1,117,13,247,15,247,12,247,14,247,10,247,0,0,0,224,8,5,0,128,64,192,234,246,157,247,50,120,1,0,12,0,70,84,194,176,110,172,170,2,132,131,3,1,132,130,3,111,126,126,157,111,126,126,157,255,4,31,7,15,31,31,7,35,136,120,54,25,134,116,56,2,85,85,5,2,85,85,5,0,3,2,1,0,7,6,5,182,150,141,105,93,73,37,1,0,0,4,0,0,235,19,0,0,0,0,55,19,4,170,255,7,255,170,183,5,0,1,7,2,1,11,0,255,72,14,244,170,242,121,13,247,15,247,12,247,14,247,10,247,0,0,0,224,8,5,0,128,64,192,234,246,157,247,50,120,1,0,180,0,70,84,194,176,110,172,170,2,132,131,3,1,132,130,3,111,126,126,157,111,126,126,157,255,0,31,7,15,31,31,7,35,136,120,54,25,134,116,56,2,85,85,5,2,85,85,5,0,3,2,1,0,7,6,5,187,151,146,110,98,78,42,6,0,0,4,0,0,235,3,0,0,0,0,55,25,4,170,255,8,255,170,183,5,0,2,7,2,1,11,0,255,72,14,244,170,242
2026-08-07_09-50-59,1,558,0,0.0,0,0.0,-1,-1,121,13,247,15,247,12,247,14,247,10,247,0,0,0,224,8,5,0,128,64,192,234,246,157,247,50,120,1,0,180,0,70,84,194,176,110,172,170,2,132,131,3,1,132,130,3,111,126,126,157,111,126,126,157,255,0,31,7,15,31,31,7,35,136,120,54,25,134,116,56,2,85,85,5,2,85,85,5,0,3,2,1,0,7,6,5,187,151,146,110,98,78,42,6,0,0,4,0,0,235,3,0,0,0,0,55,25,4,170,255,8,255,170,183,5,0,2,7,2,1,11,0,255,72,14,244,170,242,125,13,247,15,247,12,247,14,247,10,247,0,0,0,224,8,5,0,128,64,192,234,246,157,247,50,120,1,0,92,0,70,84,194,176,110,172,170,2,132,131,3,1,132,130,3,111,126,126,157,111,126,126,157,255,255,31,7,15,31,31,7,35,136,120,54,25,134,116,56,2,85,85,5,2,85,85,5,0,3,2,1,0,7,6,5,191,155,150,114,102,82,46,10,0,0,4,0,0,235,19,0,0,0,0,55,38,4,170,255,8,255,170,183,5,0,1,7,2,1,11,0,255,72,14,244,170,242
2026-08-07_09-50-59,1,559,0,0.0,0,0.0,-1,-1,125,13,247,15,247,12,247,14,247,10,247,0,0,0,224,8,5,0,128,64,192,234,246,157,247,50,120,1,0,92,0,70,84,194,176,110,172,170,2,132,131,3,1,132,130,3,111,126,126,157,111,126,126,157,255,255,31,7,15,31,31,7,35,136,120,54,25,134,116,56,2,85,85,5,2,85,85,5,0,3,2,1,0,7,6,5,191,155,150,114,102,82,46,10,0,0,4,0,0,235,19,0,0,0,0,55,38,4,170,255,8,255,170,183,5,0,1,7,2,1,11,0,255,72,14,244,170,242,129,13,247,15,247,12,247,14,247,10,247,0,0,0,224,8,4,0,128,64,192,234,246,111,247,50,120,1,0,4,70,84,194,176,110,172,170,176,132,131,3,1,132,130,3,2,126,126,157,111,126,126,157,111,255,27,7,15,31,31,7,15,136,120,54,25,134,116,56,40,85,85,5,2,85,85,5,2,3,2,1,0,7,6,5,0,160,151,119,107,87,51,15,3,0,0,4,0,0,235,3,0,0,0,0,55,51,4,170,255,7,255,85,111,2,0,2,7,2,1,11,0,255,72,14,244,170,242
2026-08-07_09-50-59,1,560,0,0.0,0,0.0,-1,-1,129,13,247,15,247,12,247,14,247,10,247,0,0,0,224,8,4,0,128,64,192,234,246,111,247,50,120,1,0,4,70,84,194,176,110,172,170,176,132,131,3,1,132,130,3,2,126,126,157,111,126,126,157,111,255,27,7,15,31,31,7,15,136,120,54,25,134,116,56,40,85,85,5,2,85,85,5,2,3,2,1,0,7,6,5,0,160,151,119,107,87,51,15,3,0,0,4,0,0,235,3,0,0,0,0,55,51,4,170,255,7,255,85,111,2,0,2,7,2,1,11,0,255,72,14,244,170,242,133,13,247,15,247,12,247,14,247,10,247,0,0,0,224,8,4,0,128,64,192,234,246,111,247,50,120,1,0,172,70,84,194,176,110,172,170,176,132,131,3,1,132,130,3,2,126,126,157,111,126,126,157,111,255,22,7,15,31,31,7,15,136,120,54,25,134,116,56,40,85,85,5,2,85,85,5,2,3,2,1,0,7,6,5,0,164,150,123,111,91,55,19,7,0,0,4,0,0,235,19,0,0,0,0,55,57,4,170,255,8,255,85,111,2,0,1,7,2,1,11,0,255,72,14,244,170,242
2026-08-07_09-50-59,1,561,0,0.0,0,0.0,-1,-1,133,13,247,15,247,12,247,14,247,10,247,0,0,0,224,8,4,0,128,64,192,234,246,111,247,50,120,1,0,172,70,84,194,176,110,172,170,176,132,131,3,1,132,130,3,2,126,126,157,111,126,126,157,111,255,22,7,15,31,31,7,15,136,120,54,25,134,116,56,40,85,85,5,2,85,85,5,2,3,2,1,0,7,6,5,0,164,150,123,111,91,55,19,7,0,0,4,0,0,235,19,0,0,0,0,55,57,4,170,255,8,255,85,111,2,0,1,7,2,1,11,0,255,72,14,244,170,242,137,13,247,15,247,12,247,14,247,10,247,0,0,0,224,8,4,0,128,64,192,234,246,111,247,50,120,1,0,84,70,84,194,176,110,172,170,176,132,131,3,1,132,130,3,2,126,126,157,111,126,126,157,111,255,18,7,15,31,31,7,15,136,120,54,25,134,116,56,40,85,85,5,2,85,85,5,2,3,2,1,0,7,6,5,0,169,151,128,116,96,60,24,12,0,0,4,0,0,235,3,0,0,0,0,55,70,4,170,255,8,255,85,111,2,0,2,7,2,1,11,0,255,72,14,244,170,242
2026-08-07_09-50-59,1,562,0,0.0,0,0.0,-1,-1,137,13,247,15,247,12,247,14,247,10,247,0,0,0,224,8,4,0,128,64,192,234,246,111,247,50,120,1,0,84,70,84,194,176,110,172,170,176,132,131,3,1,132,130,3,2,126,126,157,111,126,126,157,111,255,18,7,15,31,31,7,15,136,120,54,25,134,116,56,40,85,85,5,2,85,85,5,2,3,2,1,0,7,6,5,0,169,151,128,116,96,60,24,12,0,0,4,0,0,235,3,0,0,0,0,55,70,4,170,255,8,255,85,111,2,0,2,7,2,1,11,0,255,72,14,244,170,242,141,13,247,15,247,12,247,14,247,10,247,0,0,0,224,8,4,0,128,64,192,234,246,111,247,50,120,1,0,252,70,180,194,176,110,172,170,176,132,130,3,1,132,130,3,2,126,126,157,111,126,126,157,111,255,13,7,15,31,31,7,15,136,115,54,25,134,116,56,40,85,85,5,2,85,85,5,2,3,2,1,0,7,6,5,0,173,150,132,120,100,64,28,16,0,0,4,0,0,235,19,0,0,0,0,55,82,4,170,255,8,255,85,111,2,0,1,7,2,1,11,0,255,72,14,244,170,242
2026-08-07_09-50-59,1,563,0,0.0,0,0.0,-1,-1,141,13,247,15,247,12,247,14,247,10,247,0,0,0,224,8,4,0,128,64,192,234,246,111,247,50,120,1,0,252,70,180,194,176,110,172,170,176,132,130,3,1,132,130,3,2,126,126,157,111,126,126,157,111,255,13,7,15,31,31,7,15,136,115,54,25,134,116,56,40,85,85,5,2,85,85,5,2,3,2,1,0,7,6,5,0,173,150,132,120,100,64,28,16,0,0,4,0,0,235,19,0,0,0,0,55,82,4,170,255,8,255,85,111,2,0,1,7,2,1,11,0,255,72,14,244,170,242,145,13,247,15,247,12,247,14,247,10,247,0,0,0,224,8,4,0,128,64,192,234,246,111,247,50,120,0,1,164,70,180,194,176,110,172,170,176,132,130,3,1,132,130,3,2,126,126,157,111,126,126,157,111,255,9,7,15,31,31,7,15,136,115,54,25,134,116,56,40,85,85,5,2,85,85,5,2,3,2,1,0,7,6,5,0,178,151,137,125,105,69,33,21,0,0,4,0,0,235,3,0,0,0,0,55,89,4,170,255,8,255,85,111,2,0,2,135,2,1,11,0,255,72,14,244,170,242
2026-08-07_09-50-59,1,564,0,0.0,0,0.0,-1,-1,145,13,247,15,247,12,247,14,247,10,247,0,0,0,224,8,4,0,128,64,192,234,246,111,247,50,120,0,1,164,70,180,194,176,110,172,170,176,132,130,3,1,132,130,3,2,126,126,157,111,126,126,157,111,255,9,7,15,31,31,7,15,136,115,54,25,134,116,56,40,85,85,5,2,85,85,5,2,3,2,1,0,7,6,5,0,178,151,137,125,105,69,33,21,0,0,4,0,0,235,3,0,0,0,0,55,89,4,170,255,8,255,85,111,2,0,2,135,2,1,11,0,255,72,14,244,170,242,149,13,247,15,247,12,247,14,247,10,247,0,0,0,224,8,3,0,128,64,192,234,246,126,247,50,120,0,1,76,180,194,176,110,172,170,176,86,130,3,1,132,130,3,2,132,126,157,111,126,126,157,111,126,4,7,15,31,31,7,15,31,115,54,25,134,116,56,40,135,85,5,2,85,85,5,2,85,2,1,0,7,6,5,0,3,150,141,129,109,73,37,25,5,1,0,4,0,0,235,19,0,0,0,0,55,102,4,170,255,8,255,170,223,85,0,1,135,2,1,11,0,255,72,14,244,170,242
2026-08-07_09-50-59,1,565,0,0.0,0,0.0,-1,-1,149,13,247,15,247,12,247,14,247,10,247,0,0,0,224,8,3,0,128,64,192,234,246,126,247,50,120,0,1,76,180,194,176,110,172,170,176,86,130,3,1,132,130,3,2,132,126,157,111,126,126,157,111,126,4,7,15,31,31,7,15,31,115,54,25,134,116,56,40,135,85,5,2,85,85,5,2,85,2,1,0,7,6,5,0,3,150,141,129,109,73,37,25,5,1,0,4,0,0,235,19,0,0,0,0,55,102,4,170,255,8,255,170,223,85,0,1,135,2,1,11,0,255,72,14,244,170,242,153,13,247,15,247,12,247,14,247,10,247,0,0,0,224,8,3,0,128,64,192,234,246,126,247,50,120,0,1,244,180,194,176,110,172,170,176,86,130,3,1,132,130,3,2,132,126,157,111,126,126,157,111,126,0,7,15,31,31,7,15,31,115,54,25,134,116,56,40,135,85,5,2,85,85,5,2,85,2,1,0,7,6,5,0,3,151,146,134,114,78,42,30,10,1,0,4,0,0,235,3,0,0,0,0,55,114,4,170,255,8,255,170,223,85,0,2,135,2,1,11,0,255,72,14,244,170,242
2026-08-07_09-50-59,1,566,0,0.0,0,0.0,-1,-1,153,13,247,15,247,12,247,14,247,10,247,0,0,0,224,8,3,0,128,64,192,234,246,126,247,50,120,0,1,244,180,194,176,110,172,170,176,86,130,3,1,132,130,3,2,132,126,157,111,126,126,157,111,126,0,7,15,31,31,7,15,31,115,54,25,134,116,56,40,135,85,5,2,85,85,5,2,85,2,1,0,7,6,5,0,3,151,146,134,114,78,42,30,10,1,0,4,0,0,235,3,0,0,0,0,55,114,4,170,255,8,255,170,223,85,0,2,135,2,1,11,0,255,72,14,244,170,242,157,13,247,15,247,12,247,14,247,10,247,0,0,0,224,8,3,0,128,64,192,234,246,126,247,50,120,1,0,156,180,194,176,110,172,170,176,86,130,3,1,132,130,3,2,132,126,157,111,126,126,157,111,126,255,7,15,31,31,7,15,31,115,54,25,134,116,56,40,135,85,5,2,85,85,5,2,85,2,1,0,7,6,5,0,3,155,150,138,118,82,46,34,14,1,0,4,0,0,235,19,0,0,0,0,55,121,4,170,255,8,255,170,223,85,0,1,135,2,1,11,0,255,72,14,244,170,242
2026-08-07_09-50-59,1,567,0,0.0,0,0.0,-1,-1,157,13,247,15,247,12,247,14,247,10,247,0,0,0,224,8,3,0,128,64,192,234,246,126,247,50,120,1,0,156,180,194,176,110,172,170,176,86,130,3,1,132,130,3,2,132,126,157,111,126,126,157,111,126,255,7,15,31,31,7,15,31,115,54,25,134,116,56,40,135,85,5,2,85,85,5,2,85,2,1,0,7,6,5,0,3,155,150,138,118,82,46,34,14,1,0,4,0,0,235,19,0,0,0,0,55,121,4,170,255,8,255,170,223,85,0,1,135,2,1,11,0,255,72,14,244,170,242,161,13,247,15,247,12,247,14,247,10,247,0,0,0,224,8,3,0,128,64,192,234,246,126,247,50,120,1,0,68,180,194,176,110,172,170,176,86,130,3,1,132,130,3,2,132,126,157,111,126,126,157,111,126,255,3,15,31,31,7,15,31,115,54,25,134,116,56,40,135,85,5,2,85,85,5,2,85,2,1,0,7,6,5,0,3,160,151,143,123,87,51,39,19,1,0,4,0,0,235,3,0,0,0,0,55,134,4,170,255,8,255,170,223,85,0,2,7,2,1,11,0,255,72,14,244,170,242
2026-08-07_09-50-59,1,568,0,0.0,0,0.0,-1,-1,161,13,247,15,247,12,247,14,247,10,247,0,0,0,224,8,3,0,128,64,192,234,246,126,247,50,120,1,0,68,180,194,176,110,172,170,176,86,130,3,1,132,130,3,2,132,126,157,111,126,126,157,111,126,255,3,15,31,31,7,15,31,115,54,25,134,116,56,40,135,85,5,2,85,85,5,2,85,2,1,0,7,6,5,0,3,160,151,143,123,87,51,39,19,1,0,4,0,0,235,3,0,0,0,0,55,134,4,170,255,8,255,170,223,85,0,2,7,2,1,11,0,255,72,14,244,170,242,165,13,247,15,247,12,247,14,247,10,247,0,0,0,224,8,3,0,120,64,192,234,246,126,247,50,120,1,0,236,180,194,176,110,172,170,176,86,130,3,1,132,130,3,2,132,126,157,111,126,126,157,111,126,255,255,15,31,31,7,15,31,115,54,25,134,116,56,40,135,85,5,2,85,85,5,2,85,2,1,0,7,6,5,0,3,164,152,147,127,91,55,43,23,1,0,4,230,0,235,19,0,0,0,0,55,146,3,170,255,8,255,170,223,85,0,1,7,2,1,11,0,255,72,14,244,170,242
2026-08-07_09-50-59,1,569,0,0.0,0,0.0,-1,-1,165,13,247,15,247,12,247,14,247,10,247,0,0,0,224,8,3,0,120,64,192,234,246,126,247,50,120,1,0,236,180,194,176,110,172,170,176,86,130,3,1,132,130,3,2,132,126,157,111,126,126,157,111,126,255,255,15,31,31,7,15,31,115,54,25,134,116,56,40,135,85,5,2,85,85,5,2,85,2,1,0,7,6,5,0,3,164,152,147,127,91,55,43,23,1,0,4,230,0,235,19,0,0,0,0,55,146,3,170,255,8,255,170,223,85,0,1,7,2,1,11,0,255,72,14,244,170,242,169,13,247,15,247,12,247,14,247,10,247,0,0,0,224,8,3,0,125,64,192,234,246,126,247,50,120,1,0,148,180,194,176,110,172,170,176,86,130,3,1,132,130,3,2,132,126,157,111,126,126,157,111,126,255,255,14,31,31,7,15,31,115,54,25,134,116,56,40,135,85,5,2,85,85,5,2,85,2,1,0,7,6,5,0,3,169,157,151,132,96,60,48,28,1,0,4,238,0,235,3,0,0,0,0,55,153,3,170,255,8,255,170,223,85,0,2,7,2,1,11,0,255,72,14,244,170,242
2026-08-07_09-50-59,1,570,0,0.0,0,0.0,-1,-1,169,13,247,15,247,12,247,14,247,10,247,0,0,0,224,8,3,0,125,64,192,234,246,126,247,50,120,1,0,148,180,194,176,110,172,170,176,86,130,3,1,132,130,3,2,132,126,157,111,126,126,157,111,126,255,255,14,31,31,7,15,31,115,54,25,134,116,56,40,135,85,5,2,85,85,5,2,85,2,1,0,7,6,5,0,3,169,157,151,132,96,60,48,28,1,0,4,238,0,235,3,0,0,0,0,55,153,3,170,255,8,255,170,223,85,0,2,7,2,1,11,0,255,72,14,244,170,242,173,13,247,15,247,12,247,14,247,10,247,0,0,0,224,8,3,0,128,64,192,234,246,126,247,50,120,1,0,60,180,194,176,110,172,170,176,86,130,3,1,132,130,3,2,132,126,157,111,126,126,157,111,126,255,255,9,31,31,7,15,31,115,54,25,134,116,56,40,135,85,5,2,85,85,5,2,85,2,1,0,7,6,5,0,3,173,161,150,136,100,64,52,32,1,0,4,246,0,235,19,0,0,0,0,56,6,3,170,255,8,255,170,223,85,0,1,7,2,1,11,0,255,72,14,244,170,242
2026-08-07_09-50-59,1,571,0,0.0,0,0.0,-1,-1,173,13,247,15,247,12,247,14,247,10,247,0,0,0,224,8,3,0,128,64,192,234,246,126,247,50,120,1,0,60,180,194,176,110,172,170,176,86,130,3,1,132,130,3,2,132,126,157,111,126,126,157,111,126,255,255,9,31,31,7,15,31,115,54,25,134,116,56,40,135,85,5,2,85,85,5,2,85,2,1,0,7,6,5,0,3,173,161,150,136,100,64,52,32,1,0,4,246,0,235,19,0,0,0,0,56,6,3,170,255,8,255,170,223,85,0,1,7,2,1,11,0,255,72,14,244,170,242,177,13,247,15,247,12,247,14,247,10,247,0,0,0,224,8,3,0,128,64,192,234,246,126,247,50,120,1,0,228,180,194,176,110,172,170,176,86,130,3,1,132,130,3,2,132,126,157,111,126,126,157,111,126,255,255,5,31,31,7,15,31,115,54,25,134,116,56,40,135,85,5,2,85,85,5,2,85,2,1,0,7,6,5,0,3,178,166,151,141,105,69,57,37,1,0,4,254,0,235,3,0,0,0,0,56,18,3,170,255,8,255,170,223,85,0,2,7,2,1,11,0,255,72,14,244,170,242
2026-08-07_09-50-59,1,572,0,0.0,0,0.0,-1,-1,177,13,247,15,247,12,247,14,247,10,247,0,0,0,224,8,3,0,128,64,192,234,246,126,247,50,120,1,0,228,180,194,176,110,172,170,176,86,130,3,1,132,130,3,2,132,126,157,111,126,126,157,111,126,255,255,5,31,31,7,15,31,115,54,25,134,116,56,40,135,85,5,2,85,85,5,2,85,2,1,0,7,6,5,0,3,178,166,151,141,105,69,57,37,1,0,4,254,0,235,3,0,0,0,0,56,18,3,170,255,8,255,170,223,85,0,2,7,2,1,11,0,255,72,14,244,170,242,181,13,247,15,247,12,247,14,247,10,247,0,0,0,224,8,2,0,128,64,192,234,246,126,247,50,120,1,0,140,194,176,110,172,170,176,86,228,3,1,132,130,3,2,132,0,157,111,126,126,157,111,126,126,255,0,31,31,7,15,31,31,54,25,134,116,56,40,135,7,5,2,85,85,5,2,85,85,1,0,7,6,5,0,3,2,170,150,145,109,73,61,41,5,1,0,4,8,0,235,19,0,0,0,0,56,25,3,170,255,8,255,85,191,85,0,1,7,2,1,11,0,255,72,14,244,170,242
2026-08-07_09-50-59,1,573,0,0.0,0,0.0,-1,-1,181,13,247,15,247,12,247,14,247,10,247,0,0,0,224,8,2,0,128,64,192,234,246,126,247,50,120,1,0,140,194,176,110,172,170,176,86,228,3,1,132,130,3,2,132,0,157,111,126,126,157,111,126,126,255,0,31,31,7,15,31,31,54,25,134,116,56,40,135,7,5,2,85,85,5,2,85,85,1,0,7,6,5,0,3,2,170,150,145,109,73,61,41,5,1,0,4,8,0,235,19,0,0,0,0,56,25,3,170,255,8,255,85,191,85,0,1,7,2,1,11,0,255,72,14,244,170,242,185,13,247,15,247,12,247,14,247,10,247,0,0,0,224,8,2,0,128,64,192,234,246,126,247,50,120,1,0,52,194,176,110,172,170,176,86,228,3,1,132,130,3,2,132,0,157,111,126,126,157,111,126,126,255,255,31,31,7,15,31,31,54,25,134,116,56,40,135,7,5,2,85,85,5,2,85,85,1,0,7,6,5,0,3,2,175,155,150,114,78,66,46,10,1,0,4,4,0,235,3,0,0,0,0,56,38,3,170,255,8,255,85,191,85,0,2,7,2,1,11,0,255,72,14,244,170,242
2026-08-07_09-50-59,1,574,0,0.0,0,0.0,-1,-1,185,13,247,15,247,12,247,14,247,10,247,0,0,0,224,8,2,0,128,64,192,234,246,126,247,50,120,1,0,52,194,176,110,172,170,176,86,228,3,1,132,130,3,2,132,0,157,111,126,126,157,111,126,126,255,255,31,31,7,15,31,31,54,25,134,116,56,40,135,7,5,2,85,85,5,2,85,85,1,0,7,6,5,0,3,2,175,155,150,114,78,66,46,10,1,0,4,4,0,235,3,0,0,0,0,56,38,3,170,255,8,255,85,191,85,0,2,7,2,1,11,0,255,72,14,244,170,242,189,13,247,15,247,12,247,14,247,10,247,0,0,0,224,8,2,0,128,64,192,234,246,126,247,50,120,1,0,220,194,176,110,172,170,176,86,228,3,1,132,130,3,2,132,0,157,111,126,126,157,111,126,126,255,255,27,31,7,15,31,31,54,25,134,116,56,40,135,7,5,2,85,85,5,2,85,85,1,0,7,6,5,0,3,2,179,159,150,118,82,70,50,14,1,0,4,0,0,235,19,0,0,0,0,56,50,3,170,255,8,255,85,191,85,0,1,7,2,1,11,0,255,72,14,244,170,242
2026-08-07_09-50-59,1,575,0,0.0,0,0.0,-1,-1,189,13,247,15,247,12,247,14,247,10,247,0,0,0,224,8,2,0,128,64,192,234,246,126,247,50,120,1,0,220,194,176,110,172,170,176,86,228,3,1,132,130,3,2,132,0,157,111,126,126,157,111,126,126,255,255,27,31,7,15,31,31,54,25,134,116,56,40,135,7,5,2,85,85,5,2,85,85,1,0,7,6,5,0,3,2,179,159,150,118,82,70,50,14,1,0,4,0,0,235,19,0,0,0,0,56,50,3,170,255,8,255,85,191,85,0,1,7,2,1,11,0,255,72,14,244,170,242,193,13,247,15,247,12,247,14,247,10,247,0,0,0,224,8,2,0,128,64,192,234,246,126,247,50,120,1,0,132,194,176,110,172,170,176,86,228,3,1,132,130,3,2,132,0,157,111,126,126,157,111,126,126,255,255,23,31,7,15,31,31,54,25,134,116,56,40,135,7,5,2,85,85,5,2,85,85,1,0,7,6,5,0,3,2,184,164,151,123,87,75,55,19,1,0,4,0,0,235,3,0,0,0,0,56,57,3,170,255,8,255,85,191,85,0,2,7,2,1,11,0,255,72,14,244,170,242
2026-08-07_09-50-59,1,576,0,0.0,0,0.0,-1,-1,193,13,247,15,247,12,247,14,247,10,247,0,0,0,224,8,2,0,128,64,192,234,246,126,247,50,120,1,0,132,194,176,110,172,170,176,86,228,3,1,132,130,3,2,132,0,157,111,126,126,157,111,126,126,255,255,23,31,7,15,31,31,54,25,134,116,56,40,135,7,5,2,85,85,5,2,85,85,1,0,7,6,5,0,3,2,184,164,151,123,87,75,55,19,1,0,4,0,0,235,3,0,0,0,0,56,57,3,170,255,8,255,85,191,85,0,2,7,2,1,11,0,255,72,14,244,170,242,197,13,247,15,247,12,247,14,247,10,247,0,0,0,224,8,2,0,128,64,192,234,246,126,247,50,120,1,0,44,194,176,110,172,170,176,86,228,3,1,132,130,3,2,132,0,157,111,126,126,157,111,126,126,255,255,18,31,7,15,31,31,54,25,134,116,56,40,135,7,5,2,85,85,5,2,85,85,1,0,7,6,5,0,3,2,188,168,150,127,91,79,59,23,1,0,4,0,0,235,19,0,0,0,0,56,70,3,170,255,8,255,85,191,85,0,1,7,2,1,11,0,255,72,14,244,170,242
2026-08-07_09-50-59,1,577,0,0.0,0,0.0,-1,-1,197,13,247,15,247,12,247,14,247,10,247,0,0,0,224,8,2,0,128,64,192,234,246,126,247,50,120,1,0,44,194,176,110,172,170,176,86,228,3,1,132,130,3,2,132,0,157,111,126,126,157,111,126,126,255,255,18,31,7,15,31,31,54,25,134,116,56,40,135,7,5,2,85,85,5,2,85,85,1,0,7,6,5,0,3,2,188,168,150,127,91,79,59,23,1,0,4,0,0,235,19,0,0,0,0,56,70,3,170,255,8,255,85,191,85,0,1,7,2,1,11,0,255,72,14,244,170,242,201,13,247,15,247,12,247,14,247,10,247,0,0,0,224,8,2,0,128,64,192,234,246,126,247,50,120,1,0,212,194,176,206,172,170,176,86,228,3,1,131,130,3,2,132,0,157,111,126,126,157,111,126,126,255,255,14,31,7,15,31,31,54,25,129,116,56,40,135,7,5,2,85,85,5,2,85,85,1,0,7,6,5,0,3,2,193,173,151,132,96,84,64,28,1,0,4,0,0,235,3,0,0,0,0,56,82,3,170,255,8,255,85,191,85,0,2,7,2,1,11,0,255,72,14,244,170,242
2026-08-07_09-50-59,1,578,0,0.0,0,0.0,-1,-1,201,13,247,15,247,12,247,14,247,10,247,0,0,0,224,8,2,0,128,64,192,234,246,126,247,50,120,1,0,212,194,176,206,172,170,176,86,228,3,1,131,130,3,2,132,0,157,111,126,126,157,111,126,126,255,255,14,31,7,15,31,31,54,25,129,116,56,40,135,7,5,2,85,85,5,2,85,85,1,0,7,6,5,0,3,2,193,173,151,132,96,84,64,28,1,0,4,0,0,235,3,0,0,0,0,56,82,3,170,255,8,255,85,191,85,0,2,7,2,1,11,0,255,72,14,244,170,242,205,13,247,15,247,12,247,14,247,10,247,0,0,0,224,8,2,0,128,64,192,234,246,126,247,50,120,1,0,124,194,176,206,172,170,176,86,228,3,1,131,130,3,2,132,0,157,111,126,126,157,111,126,126,255,255,9,31,7,15,31,31,54,25,129,116,56,40,135,7,5,2,85,85,5,2,85,85,1,0,7,6,5,0,3,2,197,177,150,136,100,88,68,32,1,0,4,0,0,235,19,0,0,0,0,56,89,3,170,255,8,255,85,191,85,0,1,7,2,1,11,0,255,72,14,244,170,242
2026-08-07_09-50-59,1,579,0,0.0,0,0.0,-1,-1,205,13,247,15,247,12,247,14,247,10,247,0,0,0,224,8,2,0,128,64,192,234,246,126,247,50,120,1,0,124,194,176,206,172,170,176,86,228,3,1,131,130,3,2,132,0,157,111,126,126,157,111,126,126,255,255,9,31,7,15,31,31,54,25,129,116,56,40,135,7,5,2,85,85,5,2,85,85,1,0,7,6,5,0,3,2,197,177,150,136,100,88,68,32,1,0,4,0,0,235,19,0,0,0,0,56,89,3,170,255,8,255,85,191,85,0,1,7,2,1,11,0,255,72,14,244,170,242,209,13,247,15,247,12,247,14,247,10,247,0,0,0,224,8,2,0,128,64,192,234,246,126,247,50,120,1,0,36,194,176,206,172,170,176,86,228,3,1,131,130,3,2,132,0,157,111,126,126,157,111,126,126,255,255,5,31,7,15,31,31,54,25,129,116,56,40,135,7,5,2,85,85,5,2,85,85,1,0,7,6,5,0,3,2,202,182,151,141,105,93,73,37,1,0,4,0,0,235,3,0,0,0,0,56,102,3,170,255,8,255,85,191,85,0,2,7,2,1,11,0,255,72,14,244,170,242
2026-08-07_09-50-59,1,580,0,0.0,0,0.0,-1,-1,209,13,247,15,247,12,247,14,247,10,247,0,0,0,224,8,2,0,128,64,192,234,246,126,247,50,120,1,0,36,194,176,206,172,170,176,86,228,3,1,131,130,3,2,132,0,157,111,126,126,157,111,126,126,255,255,5,31,7,15,31,31,54,25,129,116,56,40,135,7,5,2,85,85,5,2,85,85,1,0,7,6,5,0,3,2,202,182,151,141,105,93,73,37,1,0,4,0,0,235,3,0,0,0,0,56,102,3,170,255,8,255,85,191,85,0,2,7,2,1,11,0,255,72,14,244,170,242,213,13,247,15,247,12,247,14,247,10,247,0,0,0,224,8,1,0,128,64,192,234,246,157,247,50,120,1,0,204,176,206,172,170,176,86,228,18,1,131,130,3,2,132,0,128,111,126,126,157,111,126,126,157,255,0,31,7,15,31,31,7,25,129,116,56,40,135,7,79,2,85,85,5,2,85,85,5,0,7,6,5,0,3,2,1,186,150,145,109,97,77,41,5,1,0,4,0,0,235,19,0,0,0,0,56,114,3,170,255,8,255,171,127,5,0,1,7,2,1,11,0,255,72,14,244,170,242
2026-08-07_09-50-59,1,581,0,0.0,0,0.0,-1,-1,213,13,247,15,247,12,247,14,247,10,247,0,0,0,224,8,1,0,128,64,192,234,246,157,247,50,120,1,0,204,176,206,172,170,176,86,228,18,1,131,130,3,2,132,0,128,111,126,126,157,111,126,126,157,255,0,31,7,15,31,31,7,25,129,116,56,40,135,7,79,2,85,85,5,2,85,85,5,0,7,6,5,0,3,2,1,186,150,145,109,97,77,41,5,1,0,4,0,0,235,19,0,0,0,0,56,114,3,170,255,8,255,171,127,5,0,1,7,2,1,11,0,255,72,14,244,170,242,217,13,247,15,247,12,247,14,247,10,247,0,0,0,224,8,1,0,128,64,192,234,246,157,247,50,120,1,0,116,176,206,172,170,176,86,228,18,1,131,130,3,2,132,0,128,111,126,126,157,111,126,126,157,255,255,31,7,15,31,31,7,25,129,116,56,40,135,7,79,2,85,85,5,2,85,85,5,0,7,6,5,0,3,2,1,191,155,150,114,102,82,46,10,1,0,4,0,0,235,3,0,0,0,0,56,121,3,170,255,8,255,171,127,5,0,2,7,2,1,11,0,255,72,14,244,170,242
2026-08-07_09-50-59,1,582,0,0.0,0,0.0,-1,-1,217,13,247,15,247,12,247,14,247,10,247,0,0,0,224,8,1,0,128,64,192,234,246,157,247,50,120,1,0,116,176,206,172,170,176,86,228,18,1,131,130,3,2,132,0,128,111,126,126,157,111,126,126,157,255,255,31,7,15,31,31,7,25,129,116,56,40,135,7,79,2,85,85,5,2,85,85,5,0,7,6,5,0,3,2,1,191,155,150,114,102,82,46,10,1,0,4,0,0,235,3,0,0,0,0,56,121,3,170,255,8,255,171,127,5,0,2,7,2,1,11,0,255,72,14,244,170,242,221,13,247,15,247,12,247,14,247,10,247,0,0,0,224,8,0,0,128,64,192,234,246,111,247,50,120,1,0,28,206,172,170,176,86,228,18,160,131,130,3,2,132,0,128,4,126,126,157,111,126,126,157,111,255,27,7,15,31,31,7,15,129,116,56,40,135,7,79,71,85,85,5,2,85,85,5,2,7,6,5,0,3,2,1,0,159,150,118,106,86,50,14,2,0,0,4,0,0,235,19,0,0,0,0,56,134,3,170,255,7,255,86,255,2,0,1,7,2,1,11,0,255,72,14,244,170,242
2026-08-07_09-50-59,1,583,0,0.0,0,0.0,-1,-1,221,13,247,15,247,12,247,14,247,10,247,0,0,0,224,8,0,0,128,64,192,234,246,111,247,50,120,1,0,28,206,172,170,176,86,228,18,160,131,130,3,2,132,0,128,4,126,126,157,111,126,126,157,111,255,27,7,15,31,31,7,15,129,116,56,40,135,7,79,71,85,85,5,2,85,85,5,2,7,6,5,0,3,2,1,0,159,150,118,106,86,50,14,2,0,0,4,0,0,235,19,0,0,0,0,56,134,3,170,255,7,255,86,255,2,0,1,7,2,1,11,0,255,72,14,244,170,242,225,13,247,15,247,12,247,14,247,10,247,0,0,0,224,8,0,0,128,64,192,234,246,111,247,50,120,1,0,196,206,172,170,176,86,228,18,160,131,130,3,2,132,0,128,4,126,126,157,111,126,126,157,111,255,23,7,15,31,31,7,15,129,116,56,40,135,7,79,71,85,85,5,2,85,85,5,2,7,6,5,0,3,2,1,0,164,151,123,111,91,55,19,7,0,0,4,0,0,235,3,0,0,0,0,56,146,3,170,255,8,255,86,255,2,0,2,7,2,1,11,0,255,72,14,244,170,242
2026-08-07_09-50-59,1,584,0,0.0,0,0.0,-1,-1,225,13,247,15,247,12,247,14,247,10,247,0,0,0,224,8,0,0,128,64,192,234,246,111,247,50,120,1,0,196,206,172,170,176,86,228,18,160,131,130,3,2,132,0,128,4,126,126,157,111,126,126,157,111,255,23,7,15,31,31,7,15,129,116,56,40,135,7,79,71,85,85,5,2,85,85,5,2,7,6,5,0,3,2,1,0,164,151,123,111,91,55,19,7,0,0,4,0,0,235,3,0,0,0,0,56,146,3,170,255,8,255,86,255,2,0,2,7,2,1,11,0,255,72,14,244,170,242,229,13,247,15,247,12,247,14,247,10,247,0,0,0,224,8,0,0,128,64,192,234,246,111,247,50,120,1,0,108,206,172,170,176,86,228,18,160,131,130,3,2,132,0,128,4,126,126,157,111,126,126,157,111,255,18,7,15,31,31,7,15,129,116,56,40,135,7,79,71,85,85,5,2,85,85,5,2,7,6,5,0,3,2,1,0,168,150,127,115,95,59,23,11,0,0,4,0,0,235,19,0,0,0,0,56,153,3,170,255,8,255,86,255,2,0,1,7,2,1,11,0,255,72,14,244,170,242
2026-08-07_09-50-59,1,585,0,0.0,0,0.0,-1,-1,229,13,247,15,247,12,247,14,247,10,247,0,0,0,224,8,0,0,128,64,192,234,246,111,247,50,120,1,0,108,206,172,170,176,86,228,18,160,131,130,3,2,132,0,128,4,126,126,157,111,126,126,157,111,255,18,7,15,31,31,7,15,129,116,56,40,135,7,79,71,85,85,5,2,85,85,5,2,7,6,5,0,3,2,1,0,168,150,127,115,95,59,23,11,0,0,4,0,0,235,19,0,0,0,0,56,153,3,170,255,8,255,86,255,2,0,1,7,2,1,11,0,255,72,14,244,170,242,233,13,247,15,247,12,247,14,247,10,247,0,0,0,224,8,0,0,128,64,192,234,246,111,247,50,120,1,0,20,206,252,170,176,86,228,18,160,131,130,3,2,132,0,128,4,126,126,157,111,126,126,157,111,255,14,7,15,31,31,7,15,129,111,56,40,135,7,79,71,85,85,5,2,85,85,5,2,7,6,5,0,3,2,1,0,173,151,132,120,100,64,28,16,0,0,4,0,0,235,3,0,0,0,0,57,6,3,170,255,8,255,86,255,2,0,2,7,2,1,11,0,255,72,14,244,170,242
2026-08-07_09-50-59,1,586,0,0.0,0,0.0,-1,-1,233,13,247,15,247,12,247,14,247,10,247,0,0,0,224,8,0,0,128,64,192,234,246,111,247,50,120,1,0,20,206,252,170,176,86,228,18,160,131,130,3,2,132,0,128,4,126,126,157,111,126,126,157,111,255,14,7,15,31,31,7,15,129,111,56,40,135,7,79,71,85,85,5,2,85,85,5,2,7,6,5,0,3,2,1,0,173,151,132,120,100,64,28,16,0,0,4,0,0,235,3,0,0,0,0,57,6,3,170,255,8,255,86,255,2,0,2,7,2,1,11,0,255,72,14,244,170,242,237,13,247,15,247,12,247,14,247,10,247,0,0,0,224,9,0,0,128,66,190,234,246,111,247,50,120,1,0,188,206,252,170,176,86,228,18,160,131,130,3,2,132,0,128,4,126,126,157,111,126,126,157,111,255,9,7,15,31,31,7,15,129,111,56,40,135,7,79,71,85,85,5,2,85,85,5,2,7,6,5,0,3,2,1,0,177,150,136,124,104,68,32,20,0,0,4,0,6,235,11,7,0,0,0,57,18,3,170,255,8,255,86,255,2,0,1,7,2,1,11,0,255,72,14,244,170,242
2026-08-07_09-50-59,1,587,1,0.0,0,0.0,-1,-1,237,13,247,15,247,12,247,14,247,10,247,0,0,0,224,9,0,0,128,66,190,234,246,111,247,50,120,1,0,188,206,252,170,176,86,228,18,160,131,130,3,2,132,0,128,4,126,126,157,111,126,126,157,111,255,9,7,15,31,31,7,15,129,111,56,40,135,7,79,71,85,85,5,2,85,85,5,2,7,6,5,0,3,2,1,0,177,150,136,124,104,68,32,20,0,0,4,0,6,235,11,7,0,0,0,57,18,3,170,255,8,255,86,255,2,0,1,7,2,1,11,0,255,72,14,244,170,242,241,13,247,15,247,12,247,14,247,10,247,0,0,0,224,9,7,0,128,70,186,234,246,126,247,50,120,0,1,100,252,170,176,86,228,18,160,222,130,3,2,132,0,128,4,2,126,157,111,126,126,157,111,126,5,7,15,31,31,7,15,31,111,56,40,135,7,79,71,38,85,5,2,85,85,5,2,85,6,5,0,3,2,1,0,7,150,140,128,108,72,36,24,4,0,0,4,0,2,235,11,3,0,0,0,57,25,3,170,255,8,255,173,255,85,0,1,135,2,1,11,0,255,72,14,244,170,242
2026-08-07_09-50-59,1,588,1,0.0,0,0.0,-1,-1,241,13,247,15,247,12,247,14,247,10,247,0,0,0,224,9,7,0,128,70,186,234,246,126,247,50,120,0,1,100,252,170,176,86,228,18,160,222,130,3,2,132,0,128,4,2,126,157,111,126,126,157,111,126,5,7,15,31,31,7,15,31,111,56,40,135,7,79,71,38,85,5,2,85,85,5,2,85,6,5,0,3,2,1,0,7,150,140,128,108,72,36,24,4,0,0,4,0,2,235,11,3,0,0,0,57,25,3,170,255,8,255,173,255,85,0,1,135,2,1,11,0,255,72,14,244,170,242,245,13,247,15,247,12,247,14,247,10,247,0,0,0,224,10,7,0,128,74,182,195,246,126,247,50,120,0,1,12,252,170,176,86,228,18,160,222,130,3,2,132,0,128,4,2,126,157,111,126,126,157,111,126,1,7,15,31,31,7,15,31,111,56,40,135,7,79,71,38,85,5,2,85,85,5,2,85,6,5,0,3,2,1,0,7,150,144,132,112,76,40,28,8,0,0,4,0,5,235,11,6,0,0,0,57,38,3,170,255,8,255,173,255,85,0,1,7,2,1,11,0,255,72,14,244,170,242
2026-08-07_09-50-59,1,589,1,0.0,0,0.0,-1,-1,245,13,247,15,247,12,247,14,247,10,247,0,0,0,224,10,7,0,128,74,182,195,246,126,247,50,120,0,1,12,252,170,176,86,228,18,160,222,130,3,2,132,0,128,4,2,126,157,111,126,126,157,111,126,1,7,15,31,31,7,15,31,111,56,40,135,7,79,71,38,85,5,2,85,85,5,2,85,6,5,0,3,2,1,0,7,150,144,132,112,76,40,28,8,0,0,4,0,5,235,11,6,0,0,0,57,38,3,170,255,8,255,173,255,85,0,1,7,2,1,11,0,255,72,14,244,170,242,249,13,247,15,247,12,247,14,247,10,247,0,0,0,224,10,7,0,128,78,178,195,246,126,247,50,120,0,1,180,252,170,176,86,228,18,160,222,130,3,2,132,0,128,4,2,126,157,111,126,126,157,111,126,255,7,15,31,31,7,15,31,111,56,40,135,7,79,71,38,85,5,2,85,85,5,2,85,6,5,0,3,2,1,0,7,153,148,136,116,80,44,32,12,0,0,4,0,0,235,11,0,0,0,0,57,50,3,170,255,8,255,173,255,85,0,1,7,2,1,11,0,255,72,14,244,170,242
2026-08-07_09-50-59,1,590,0,0.0,0,0.0,-1,-1,249,13,247,15,247,12,247,14,247,10,247,0,0,0,224,10,7,0,128,78,178,195,246,126,247,50,120,0,1,180,252,170,176,86,228,18,160,222,130,3,2,132,0,128,4,2,126,157,111,126,126,157,111,126,255,7,15,31,31,7,15,31,111,56,40,135,7,79,71,38,85,5,2,85,85,5,2,85,6,5,0,3,2,1,0,7,153,148,136,116,80,44,32,12,0,0,4,0,0,235,11,0,0,0,0,57,50,3,170,255,8,255,173,255,85,0,1,7,2,1,11,0,255,72,14,244,170,242,253,13,247,15,247,12,247,14,247,10,247,0,0,0,224,10,7,0,128,80,174,195,246,126,247,50,120,0,1,92,252,170,176,86,228,18,160,222,130,3,2,132,0,128,4,2,126,157,111,126,126,157,111,126,255,5,15,31,31,7,15,31,111,56,40,135,7,79,71,38,85,5,2,85,85,5,2,85,6,5,0,3,2,1,0,7,157,150,140,120,84,48,36,16,0,0,4,0,0,3,3,0,0,0,0,57,57,3,170,255,8,255,173,255,85,0,1,7,2,1,11,0,255,72,14,244,170,242
2026-08-07_09-50-59,1,591,0,0.0,0,0.0,-1,-1,253,13,247,15,247,12,247,14,247,10,247,0,0,0,224,10,7,0,128,80,174,195,246,126,247,50,120,0,1,92,252,170,176,86,228,18,160,222,130,3,2,132,0,128,4,2,126,157,111,126,126,157,111,126,255,5,15,31,31,7,15,31,111,56,40,135,7,79,71,38,85,5,2,85,85,5,2,85,6,5,0,3,2,1,0,7,157,150,140,120,84,48,36,16,0,0,4,0,0,3,3,0,0,0,0,57,57,3,170,255,8,255,173,255,85,0,1,7,2,1,11,0,255,72,14,244,170,242,1,13,247,15,247,12,247,14,247,10,247,0,0,0,224,10,7,0,117,80,170,195,246,126,247,51,120,0,1,4,252,170,176,86,228,18,160,222,130,3,2,132,0,128,4,2,126,157,111,126,126,157,111,126,255,2,15,31,31,7,15,31,111,56,40,135,7,79,71,38,85,5,2,85,85,5,2,85,6,5,0,3,2,1,0,7,160,150,143,123,87,51,39,19,0,0,4,224,0,3,19,0,0,0,0,57,70,2,170,255,8,255,173,255,85,1,1,7,2,1,11,0,255,72,14,244,170,242
2026-08-07_09-50-59,1,592,0,0.0,0,0.0,-1,-1,1,13,247,15,247,12,247,14,247,10,247,0,0,0,224,10,7,0,117,80,170,195,246,126,247,51,120,0,1,4,252,170,176,86,228,18,160,222,130,3,2,132,0,128,4,2,126,157,111,126,126,157,111,126,255,2,15,31,31,7,15,31,111,56,40,135,7,79,71,38,85,5,2,85,85,5,2,85,6,5,0,3,2,1,0,7,160,150,143,123,87,51,39,19,0,0,4,224,0,3,19,0,0,0,0,57,70,2,170,255,8,255,173,255,85,1,1,7,2,1,11,0,255,72,14,244,170,242,5,13,247,15,247,12,247,14,247,10,247,0,0,0,224,10,7,0,121,80,166,195,246,126,247,52,120,0,1,172,252,170,176,86,228,18,160,222,130,3,2,132,0,128,4,2,126,157,111,126,126,157,111,126,255,255,15,31,31,7,15,31,111,56,40,135,7,79,71,38,85,5,2,85,85,5,2,85,6,5,0,3,2,1,0,7,164,152,147,127,91,55,43,23,0,0,4,232,0,3,3,0,0,0,0,57,82,2,170,255,8,255,173,255,85,1,1,7,2,1,11,0,255,72,14,244,170,242
2026-08-07_09-50-59,1,593,0,0.0,0,0.0,-1,-1,5,13,247,15,247,12,247,14,247,10,247,0,0,0,224,10,7,0,121,80,166,195,246,126,247,52,120,0,1,172,252,170,176,86,228,18,160,222,130,3,2,132,0,128,4,2,126,157,111,126,126,157,111,126,255,255,15,31,31,7,15,31,111,56,40,135,7,79,71,38,85,5,2,85,85,5,2,85,6,5,0,3,2,1,0,7,164,152,147,127,91,55,43,23,0,0,4,232,0,3,3,0,0,0,0,57,82,2,170,255,8,255,173,255,85,1,1,7,2,1,11,0,255,72,14,244,170,242,9,13,247,15,247,12,247,14,247,10,247,0,0,0,224,10,7,0,124,80,162,195,246,126,247,53,120,0,1,84,252,170,176,86,228,18,160,222,130,3,2,132,0,128,4,2,126,157,111,126,126,157,111,126,255,255,15,31,31,7,15,31,111,56,40,135,7,79,71,38,85,5,2,85,85,5,2,85,6,5,0,3,2,1,0,7,167,155,150,130,94,58,46,26,0,0,4,240,0,3,19,0,0,0,0,57,89,2,170,255,8,255,173,255,85,1,1,7,2,1,11,0,255,72,14,244,170,242
2026-08-07_09-50-59,1,594,0,0.0,0,0.0,-1,-1,9,13,247,15,247,12,247,14,247,10,247,0,0,0,224,10,7,0,124,80,162,195,246,126,247,53,120,0,1,84,252,170,176,86,228,18,160,222,130,3,2,132,0,128,4,2,126,157,111,126,126,157,111,126,255,255,15,31,31,7,15,31,111,56,40,135,7,79,71,38,85,5,2,85,85,5,2,85,6,5,0,3,2,1,0,7,167,155,150,130,94,58,46,26,0,0,4,240,0,3,19,0,0,0,0,57,89,2,170,255,8,255,173,255,85,1,1,7,2,1,11,0,255,72,14,244,170,242,13,13,247,15,247,12,247,14,247,10,247,0,0,0,224,10,7,0,128,80,160,195,246,126,247,54,120,0,1,252,252,170,176,86,228,18,160,222,130,3,2,132,0,128,4,2,126,157,111,126,126,157,111,126,255,255,11,31,31,7,15,31,111,56,40,135,7,79,71,38,85,5,2,85,85,5,2,85,6,5,0,3,2,1,0,7,171,159,150,134,98,62,50,30,0,0,4,248,0,3,3,0,0,0,0,57,101,2,170,255,8,255,173,255,85,1,1,7,2,1,11,0,255,72,14,244,170,242
2026-08-07_09-50-59,1,595,0,0.0,0,0.0,-1,-1,13,13,247,15,247,12,247,14,247,10,247,0,0,0,224,10,7,0,128,80,160,195,246,126,247,54,120,0,1,252,252,170,176,86,228,18,160,222,130,3,2,132,0,128,4,2,126,157,111,126,126,157,111,126,255,255,11,31,31,7,15,31,111,56,40,135,7,79,71,38,85,5,2,85,85,5,2,85,6,5,0,3,2,1,0,7,171,159,150,134,98,62,50,30,0,0,4,248,0,3,3,0,0,0,0,57,101,2,170,255,8,255,173,255,85,1,1,7,2,1,11,0,255,72,14,244,170,242,17,13,247,15,247,12,247,14,247,10,247,0,0,0,224,10,7,0,128,80,160,195,246,126,247,55,120,0,1,164,252,170,176,86,228,18,160,222,130,3,2,132,0,128,4,2,126,157,111,126,126,157,111,126,255,255,8,31,31,7,15,31,111,56,40,135,7,79,71,38,85,5,2,85,85,5,2,85,6,5,0,3,2,1,0,7,174,162,150,137,101,65,53,33,0,0,4,11,0,3,19,0,0,0,0,57,114,2,170,255,8,255,173,255,85,1,1,7,2,1,11,0,255,72,14,244,170,242
2026-08-07_09-50-59,1,596,0,0.0,0,0.0,-1,-1,17,13,247,15,247,12,247,14,247,10,247,0,0,0,224,10,7,0,128,80,160,195,246,126,247,55,120,0,1,164,252,170,176,86,228,18,160,222,130,3,2,132,0,128,4,2,126,157,111,126,126,157,111,126,255,255,8,31,31,7,15,31,111,56,40,135,7,79,71,38,85,5,2,85,85,5,2,85,6,5,0,3,2,1,0,7,174,162,150,137,101,65,53,33,0,0,4,11,0,3,19,0,0,0,0,57,114,2,170,255,8,255,173,255,85,1,1,7,2,1,11,0,255,72,14,244,170,242,21,13,247,15,247,12,247,14,247,10,247,0,0,0,224,10,6,0,128,80,160,195,246,126,247,56,120,0,1,76,170,176,86,228,18,160,222,220,3,2,132,0,128,4,2,2,157,111,126,126,157,111,126,126,255,4,31,31,7,15,31,31,56,40,135,7,79,71,38,38,5,2,85,85,5,2,85,85,5,0,3,2,1,0,7,6,166,150,141,105,69,57,37,1,0,0,4,7,0,3,3,0,0,0,0,57,121,2,170,255,7,255,91,255,85,1,1,7,0,1,11,0,255,72,14,244,170,242
2026-08-07_09-50-59,1,597,0,0.0,0,0.0,-1,-1,21,13,247,15,247,12,247,14,247,10,247,0,0,0,224,10,6,0,128,80,160,195,246,126,247,56,120,0,1,76,170,176,86,228,18,160,222,220,3,2,132,0,128,4,2,2,157,111,126,126,157,111,126,126,255,4,31,31,7,15,31,31,56,40,135,7,79,71,38,38,5,2,85,85,5,2,85,85,5,0,3,2,1,0,7,6,166,150,141,105,69,57,37,1,0,0,4,7,0,3,3,0,0,0,0,57,121,2,170,255,7,255,91,255,85,1,1,7,0,1,11,0,255,72,14,244,170,242,25,13,247,15,247,12,247,14,247,10,247,0,0,0,224,10,6,0,128,80,160,195,246,126,247,57,120,0,1,244,170,176,86,228,18,160,222,220,3,2,132,0,128,4,2,2,157,111,126,126,157,111,126,126,255,1,31,31,7,15,31,31,56,40,135,7,79,71,38,38,5,2,85,85,5,2,85,85,5,0,3,2,1,0,7,6,169,150,144,108,72,60,40,4,0,0,4,3,0,3,19,0,0,0,0,57,133,2,170,255,8,255,91,255,85,1,1,7,0,1,11,0,255,72,14,244,170,242
2026-08-07_09-50-59,1,598,0,0.0,0,0.0,-1,-1,25,13,247,15,247,12,247,14,247,10,247,0,0,0,224,10,6,0,128,80,160,195,246,126,247,57,120,0,1,244,170,176,86,228,18,160,222,220,3,2,132,0,128,4,2,2,157,111,126,126,157,111,126,126,255,1,31,31,7,15,31,31,56,40,135,7,79,71,38,38,5,2,85,85,5,2,85,85,5,0,3,2,1,0,7,6,169,150,144,108,72,60,40,4,0,0,4,3,0,3,19,0,0,0,0,57,133,2,170,255,8,255,91,255,85,1,1,7,0,1,11,0,255,72,14,244,170,242,29,13,247,15,247,12,247,14,247,10,247,0,0,0,224,10,6,0,128,80,160,195,246,126,247,58,120,0,1,156,170,176,86,228,18,160,222,220,3,2,132,0,128,4,2,2,157,111,126,126,157,111,126,126,255,255,31,31,7,15,31,31,56,40,135,7,79,71,38,38,5,2,85,85,5,2,85,85,5,0,3,2,1,0,7,6,173,153,148,112,76,64,44,8,0,0,4,0,0,3,3,0,0,0,0,57,146,2,170,255,8,255,91,255,85,1,1,7,0,1,11,0,255,72,14,244,170,242
2026-08-07_09-50-59,1,599,0,0.0,0,0.0,-1,-1,29,13,247,15,247,12,247,14,247,10,247,0,0,0,224,10,6,0,128,80,160,195,246,126,247,58,120,0,1,156,170,176,86,228,18,160,222,220,3,2,132,0,128,4,2,2,157,111,126,126,157,111,126,126,255,255,31,31,7,15,31,31,56,40,135,7,79,71,38,38,5,2,85,85,5,2,85,85,5,0,3,2,1,0,7,6,173,153,148,112,76,64,44,8,0,0,4,0,0,3,3,0,0,0,0,57,146,2,170,255,8,255,91,255,85,1,1,7,0,1,11,0,255,72,14,244,170,242,33,13,247,15,247,12,247,14,247,10,247,0,0,0,224,10,6,0,128,80,160,195,246,126,247,59,120,0,1,68,170,176,86,228,18,160,222,220,3,2,132,0,128,4,2,2,157,111,126,126,157,111,126,126,255,255,30,31,7,15,31,31,56,40,135,7,79,71,38,38,5,2,85,85,5,2,85,85,5,0,3,2,1,0,7,6,176,156,150,115,79,67,47,11,0,0,4,0,0,3,19,0,0,0,0,57,153,2,170,255,8,255,91,255,85,1,1,7,0,1,11,0,255,72,14,244,170,242
2026-08-07_09-50-59,1,600,0,0.0,0,0.0,-1,-1,33,13,247,15,247,12,247,14,247,10,247,0,0,0,224,10,6,0,128,80,160,195,246,126,247,59,120,0,1,68,170,176,86,228,18,160,222,220,3,2,132,0,128,4,2,2,157,111,126,126,157,111,126,126,255,255,30,31,7,15,31,31,56,40,135,7,79,71,38,38,5,2,85,85,5,2,85,85,5,0,3,2,1,0,7,6,176,156,150,115,79,67,47,11,0,0,4,0,0,3,19,0,0,0,0,57,153,2,170,255,8,255,91,255,85,1,1,7,0,1,11,0,255,72,14,244,170,242,37,13,247,15,247,12,247,14,247,10,247,0,0,0,224,10,6,0,128,80,160,195,246,126,247,60,120,0,1,236,170,176,86,228,18,160,222,220,3,2,132,0,128,4,2,2,157,111,126,126,157,111,126,126,255,255,26,31,7,15,31,31,56,40,135,7,79,71,38,38,5,2,85,85,5,2,85,85,5,0,3,2,1,0,7,6,180,160,150,119,83,71,51,15,0,0,4,0,0,3,3,0,0,0,0,64,5,2,170,255,8,255,91,255,85,1,1,7,0,1,11,0,255,72,14,244,170,242
2026-08-07_09-50-59,1,601,0,0.0,0,0.0,-1,-1,37,13,247,15,247,12,247,14,247,10,247,0,0,0,224,10,6,0,128,80,160,195,246,126,247,60,120,0,1,236,170,176,86,228,18,160,222,220,3,2,132,0,128,4,2,2,157,111,126,126,157,111,126,126,255,255,26,31,7,15,31,31,56,40,135,7,79,71,38,38,5,2,85,85,5,2,85,85,5,0,3,2,1,0,7,6,180,160,150,119,83,71,51,15,0,0,4,0,0,3,3,0,0,0,0,64,5,2,170,255,8,255,91,255,85,1,1,7,0,1,11,0,255,72,14,244,170,242,41,13,247,15,247,12,247,14,247,10,247,0,0,0,224,10,6,0,128,80,160,195,246,126,247,61,120,0,1,148,170,176,86,228,18,160,222,220,3,2,132,0,128,4,2,2,157,111,126,126,157,111,126,126,255,255,23,31,7,15,31,31,56,40,135,7,79,71,38,38,5,2,85,85,5,2,85,85,5,0,3,2,1,0,7,6,183,163,150,122,86,74,54,18,0,0,4,0,0,3,19,0,0,0,0,64,18,2,170,255,8,255,91,255,85,1,1,7,0,1,11,0,255,72,14,244,170,242
2026-08-07_09-50-59,1,602,0,0.0,0,0.0,-1,-1,41,13,247,15,247,12,247,14,247,10,247,0,0,0,224,10,6,0,128,80,160,195,246,126,247,61,120,0,1,148,170,176,86,228,18,160,222,220,3,2,132,0,128,4,2,2,157,111,126,126,157,111,126,126,255,255,23,31,7,15,31,31,56,40,135,7,79,71,38,38,5,2,85,85,5,2,85,85,5,0,3,2,1,0,7,6,183,163,150,122,86,74,54,18,0,0,4,0,0,3,19,0,0,0,0,64,18,2,170,255,8,255,91,255,85,1,1,7,0,1,11,0,255,72,14,244,170,242,45,13,247,15,247,12,247,14,247,10,247,0,0,0,224,10,6,0,128,80,160,195,246,126,247,62,120,0,1,60,170,176,86,228,18,160,222,220,3,2,132,0,128,4,2,2,157,111,126,126,157,111,126,126,255,255,19,31,7,15,31,31,56,40,135,7,79,71,38,38,5,2,85,85,5,2,85,85,5,0,3,2,1,0,7,6,187,167,150,126,90,78,58,22,0,0,4,0,0,3,3,0,0,0,0,64,25,2,170,255,8,255,91,255,85,1,1,7,0,1,11,0,255,72,14,244,170,242
2026-08-07_09-50-59,1,603,0,0.0,0,0.0,-1,-1,45,13,247,15,247,12,247,14,247,10,247,0,0,0,224,10,6,0,128,80,160,195,246,126,247,62,120,0,1,60,170,176,86,228,18,160,222,220,3,2,132,0,128,4,2,2,157,111,126,126,157,111,126,126,255,255,19,31,7,15,31,31,56,40,135,7,79,71,38,38,5,2,85,85,5,2,85,85,5,0,3,2,1,0,7,6,187,167,150,126,90,78,58,22,0,0,4,0,0,3,3,0,0,0,0,64,25,2,170,255,8,255,91,255,85,1,1,7,0,1,11,0,255,72,14,244,170,242,49,13,247,15,247,12,247,14,247,10,247,0,0,0,224,10,6,0,128,80,160,195,246,126,247,63,120,0,1,228,170,176,86,228,18,160,222,220,3,2,132,0,128,4,2,2,157,111,126,126,157,111,126,126,255,255,16,31,7,15,31,31,56,40,135,7,79,71,38,38,5,2,85,85,5,2,85,85,5,0,3,2,1,0,7,6,190,170,150,129,93,81,61,25,0,0,4,0,0,3,19,0,0,0,0,64,37,2,170,255,8,255,91,255,85,1,1,7,0,1,11,0,255,72,14,244,170,242
2026-08-07_09-50-59,1,604,0,0.0,0,0.0,-1,-1,49,13,247,15,247,12,247,14,247,10,247,0,0,0,224,10,6,0,128,80,160,195,246,126,247,63,120,0,1,228,170,176,86,228,18,160,222,220,3,2,132,0,128,4,2,2,157,111,126,126,157,111,126,126,255,255,16,31,7,15,31,31,56,40,135,7,79,71,38,38,5,2,85,85,5,2,85,85,5,0,3,2,1,0,7,6,190,170,150,129,93,81,61,25,0,0,4,0,0,3,19,0,0,0,0,64,37,2,170,255,8,255,91,255,85,1,1,7,0,1,11,0,255,72,14,244,170,242,53,13,247,15,247,12,247,14,247,10,247,0,0,0,224,10,6,0,128,80,160,195,246,126,247,64,120,0,1,140,170,176,182,228,18,160,222,220,3,2,131,0,128,4,2,2,157,111,126,126,157,111,126,126,255,255,12,31,7,15,31,31,56,40,130,7,79,71,38,38,5,2,85,85,5,2,85,85,5,0,3,2,1,0,7,6,194,174,150,133,97,85,65,29,0,0,4,0,0,3,3,0,0,0,0,64,50,2,170,255,8,255,91,255,85,1,1,7,0,1,11,0,255,72,14,244,170,242
2026-08-07_09-50-59,1,605,0,0.0,0,0.0,-1,-1,53,13,247,15,247,12,247,14,247,10,247,0,0,0,224,10,6,0,128,80,160,195,246,126,247,64,120,0,1,140,170,176,182,228,18,160,222,220,3,2,131,0,128,4,2,2,157,111,126,126,157,111,126,126,255,255,12,31,7,15,31,31,56,40,130,7,79,71,38,38,5,2,85,85,5,2,85,85,5,0,3,2,1,0,7,6,194,174,150,133,97,85,65,29,0,0,4,0,0,3,3,0,0,0,0,64,50,2,170,255,8,255,91,255,85,1,1,7,0,1,11,0,255,72,14,244,170,242,57,13,247,15,247,12,247,14,247,10,247,0,0,0,224,10,6,0,128,80,160,195,246,126,247,65,120,0,1,52,170,176,182,228,18,160,222,220,3,2,131,0,128,4,2,2,157,111,126,126,157,111,126,126,255,255,9,31,7,15,31,31,56,40,130,7,79,71,38,38,5,2,85,85,5,2,85,85,5,0,3,2,1,0,7,6,197,177,150,136,100,88,68,32,0,0,4,0,0,3,19,0,0,0,0,64,57,2,170,255,8,255,91,255,85,1,1,7,0,1,11,0,255,72,14,244,170,242
2026-08-07_09-50-59,1,606,0,0.0,0,0.0,-1,-1,57,13,247,15,247,12,247,14,247,10,247,0,0,0,224,10,6,0,128,80,160,195,246,126,247,65,120,0,1,52,170,176,182,228,18,160,222,220,3,2,131,0,128,4,2,2,157,111,126,126,157,111,126,126,255,255,9,31,7,15,31,31,56,40,130,7,79,71,38,38,5,2,85,85,5,2,85,85,5,0,3,2,1,0,7,6,197,177,150,136,100,88,68,32,0,0,4,0,0,3,19,0,0,0,0,64,57,2,170,255,8,255,91,255,85,1,1,7,0,1,11,0,255,72,14,244,170,242,61,13,247,15,247,12,247,14,247,10,247,0,0,0,224,10,6,0,128,80,160,195,246,126,247,66,120,0,1,220,170,176,182,228,18,160,222,220,3,2,131,0,128,4,2,2,157,111,126,126,157,111,126,126,255,255,5,31,7,15,31,31,56,40,130,7,79,71,38,38,5,2,85,85,5,2,85,85,5,0,3,2,1,0,7,6,201,181,150,140,104,92,72,36,0,0,4,0,0,3,3,0,0,0,0,64,69,2,170,255,8,255,91,255,85,1,1,7,0,1,11,0,255,72,14,244,170,242
2026-08-07_09-50-59,1,607,0,0.0,0,0.0,-1,-1,61,13,247,15,247,12,247,14,247,10,247,0,0,0,224,10,6,0,128,80,160,195,246,126,247,66,120,0,1,220,170,176,182,228,18,160,222,220,3,2,131,0,128,4,2,2,157,111,126,126,157,111,126,126,255,255,5,31,7,15,31,31,56,40,130,7,79,71,38,38,5,2,85,85,5,2,85,85,5,0,3,2,1,0,7,6,201,181,150,140,104,92,72,36,0,0,4,0,0,3,3,0,0,0,0,64,69,2,170,255,8,255,91,255,85,1,1,7,0,1,11,0,255,72,14,244,170,242,65,13,247,15,247,12,247,14,247,10,247,0,0,0,224,10,5,0,128,80,160,195,246,157,247,67,120,0,1,132,176,182,228,18,160,222,220,10,2,131,0,128,4,2,2,130,111,126,126,157,111,126,126,157,255,2,31,7,15,31,31,7,40,130,7,79,71,38,38,110,2,85,85,5,2,85,85,5,0,3,2,1,0,7,6,5,184,150,143,107,95,75,39,3,0,0,4,0,0,3,19,0,0,0,0,64,82,2,170,255,7,255,183,255,5,1,1,7,0,1,11,0,255,72,14,244,170,242
2026-08-07_09-50-59,1,608,0,0.0,0,0.0,-1,-1,65,13,247,15,247,12,247,14,247,10,247,0,0,0,224,10,5,0,128,80,160,195,246,157,247,67,120,0,1,132,176,182,228,18,160,222,220,10,2,131,0,128,4,2,2,130,111,126,126,157,111,126,126,157,255,2,31,7,15,31,31,7,40,130,7,79,71,38,38,110,2,85,85,5,2,85,85,5,0,3,2,1,0,7,6,5,184,150,143,107,95,75,39,3,0,0,4,0,0,3,19,0,0,0,0,64,82,2,170,255,7,255,183,255,5,1,1,7,0,1,11,0,255,72,14,244,170,242,69,13,247,15,247,12,247,14,247,10,247,0,0,0,224,10,5,0,128,80,160,195,246,157,247,68,120,0,1,44,176,182,228,18,160,222,220,10,2,131,0,128,4,2,2,130,111,126,126,157,111,126,126,157,255,255,31,7,15,31,31,7,40,130,7,79,71,38,38,110,2,85,85,5,2,85,85,5,0,3,2,1,0,7,6,5,188,152,147,111,99,79,43,7,0,0,4,0,0,3,3,0,0,0,0,64,89,2,170,255,8,255,183,255,5,1,1,7,0,1,11,0,255,72,14,244,170,242
2026-08-07_09-50-59,1,609,0,0.0,0,0.0,-1,-1,69,13,247,15,247,12,247,14,247,10,247,0,0,0,224,10,5,0,128,80,160,195,246,157,247,68,120,0,1,44,176,182,228,18,160,222,220,10,2,131,0,128,4,2,2,130,111,126,126,157,111,126,126,157,255,255,31,7,15,31,31,7,40,130,7,79,71,38,38,110,2,85,85,5,2,85,85,5,0,3,2,1,0,7,6,5,188,152,147,111,99,79,43,7,0,0,4,0,0,3,3,0,0,0,0,64,89,2,170,255,8,255,183,255,5,1,1,7,0,1,11,0,255,72,14,244,170,242,73,13,247,15,247,12,247,14,247,10,247,0,0,0,224,10,5,0,128,80,160,195,246,157,247,69,120,0,1,212,176,182,228,18,160,222,220,10,2,131,0,128,4,2,2,130,111,126,126,157,111,126,126,157,255,255,31,7,15,31,31,7,40,130,7,79,71,38,38,110,2,85,85,5,2,85,85,5,0,3,2,1,0,7,6,5,191,155,150,114,102,82,46,10,0,0,4,0,0,3,19,0,0,0,0,64,101,2,170,255,8,255,183,255,5,1,1,7,0,1,11,0,255,72,14,244,170,242
2026-08-07_09-50-59,1,610,0,0.0,0,0.0,-1,-1,73,13,247,15,247,12,247,14,247,10,247,0,0,0,224,10,5,0,128,80,160,195,246,157,247,69,120,0,1,212,176,182,228,18,160,222,220,10,2,131,0,128,4,2,2,130,111,126,126,157,111,126,126,157,255,255,31,7,15,31,31,7,40,130,7,79,71,38,38,110,2,85,85,5,2,85,85,5,0,3,2,1,0,7,6,5,191,155,150,114,102,82,46,10,0,0,4,0,0,3,19,0,0,0,0,64,101,2,170,255,8,255,183,255,5,1,1,7,0,1,11,0,255,72,14,244,170,242,77,13,247,15,247,12,247,14,247,10,247,0,0,0,224,10,4,0,128,80,160,195,246,111,247,70,120,0,1,124,182,228,18,160,222,220,10,152,131,0,128,4,2,2,130,129,126,126,157,111,126,126,157,111,255,27,7,15,31,31,7,15,130,7,79,71,38,38,110,102,85,85,5,2,85,85,5,2,3,2,1,0,7,6,5,4,159,150,118,106,86,50,14,2,0,0,4,0,0,3,3,0,0,0,0,64,114,2,170,255,7,255,111,255,2,1,1,7,0,1,11,0,255,72,14,244,170,242
2026-08-07_09-50-59,1,611,0,0.0,0,0.0,-1,-1,77,13,247,15,247,12,247,14,247,10,247,0,0,0,224,10,4,0,128,80,160,195,246,111,247,70,120,0,1,124,182,228,18,160,222,220,10,152,131,0,128,4,2,2,130,129,126,126,157,111,126,126,157,111,255,27,7,15,31,31,7,15,130,7,79,71,38,38,110,102,85,85,5,2,85,85,5,2,3,2,1,0,7,6,5,4,159,150,118,106,86,50,14,2,0,0,4,0,0,3,3,0,0,0,0,64,114,2,170,255,7,255,111,255,2,1,1,7,0,1,11,0,255,72,14,244,170,242,81,13,247,15,247,12,247,14,247,10,247,0,0,0,224,10,4,0,128,80,160,195,246,111,247,71,120,0,1,36,182,228,18,160,222,220,10,152,131,0,128,4,2,2,130,129,126,126,157,111,126,126,157,111,255,24,7,15,31,31,7,15,130,7,79,71,38,38,110,102,85,85,5,2,85,85,5,2,3,2,1,0,7,6,5,4,162,150,121,109,89,53,17,5,0,0,4,0,0,3,19,0,0,0,0,64,121,2,170,255,8,255,111,255,2,1,1,7,0,1,11,0,255,72,14,244,170,242
2026-08-07_09-50-59,1,612,0,0.0,0,0.0,-1,-1,81,13,247,15,247,12,247,14,247,10,247,0,0,0,224,10,4,0,128,80,160,195,246,111,247,71,120,0,1,36,182,228,18,160,222,220,10,152,131,0,128,4,2,2,130,129,126,126,157,111,126,126,157,111,255,24,7,15,31,31,7,15,130,7,79,71,38,38,110,102,85,85,5,2,85,85,5,2,3,2,1,0,7,6,5,4,162,150,121,109,89,53,17,5,0,0,4,0,0,3,19,0,0,0,0,64,121,2,170,255,8,255,111,255,2,1,1,7,0,1,11,0,255,72,14,244,170,242,85,13,247,15,247,12,247,14,247,10,247,0,0,0,224,10,4,0,128,80,160,195,246,111,247,72,120,0,1,204,182,228,18,160,222,220,10,152,131,0,128,4,2,2,130,129,126,126,157,111,126,126,157,111,255,20,7,15,31,31,7,15,130,7,79,71,38,38,110,102,85,85,5,2,85,85,5,2,3,2,1,0,7,6,5,4,166,150,125,113,93,57,21,9,0,0,4,0,0,3,3,0,0,0,0,64,133,2,170,255,8,255,111,255,2,1,1,7,0,1,11,0,255,72,14,244,170,242
2026-08-07_09-50-59,1,613,0,0.0,0,0.0,-1,-1,85,13,247,15,247,12,247,14,247,10,247,0,0,0,224,10,4,0,128,80,160,195,246,111,247,72,120,0,1,204,182,228,18,160,222,220,10,152,131,0,128,4,2,2,130,129,126,126,157,111,126,126,157,111,255,20,7,15,31,31,7,15,130,7,79,71,38,38,110,102,85,85,5,2,85,85,5,2,3,2,1,0,7,6,5,4,166,150,125,113,93,57,21,9,0,0,4,0,0,3,3,0,0,0,0,64,133,2,170,255,8,255,111,255,2,1,1,7,0,1,11,0,255,72,14,244,170,242,89,13,247,15,247,12,247,14,247,10,247,0,0,0,224,10,4,0,128,80,160,195,246,111,247,73,120,0,1,116,182,228,18,160,222,220,10,152,131,0,128,4,2,2,130,129,126,126,157,111,126,126,157,111,255,17,7,15,31,31,7,15,130,7,79,71,38,38,110,102,85,85,5,2,85,85,5,2,3,2,1,0,7,6,5,4,169,150,128,116,96,60,24,12,0,0,4,0,0,3,19,0,0,0,0,64,146,2,170,255,8,255,111,255,2,1,1,7,0,1,11,0,255,72,14,244,170,242
2026-08-07_09-50-59,1,614,0,0.0,0,0.0,-1,-1,89,13,247,15,247,12,247,14,247,10,247,0,0,0,224,10,4,0,128,80,160,195,246,111,247,73,120,0,1,116,182,228,18,160,222,220,10,152,131,0,128,4,2,2,130,129,126,126,157,111,126,126,157,111,255,17,7,15,31,31,7,15,130,7,79,71,38,38,110,102,85,85,5,2,85,85,5,2,3,2,1,0,7,6,5,4,169,150,128,116,96,60,24,12,0,0,4,0,0,3,19,0,0,0,0,64,146,2,170,255,8,255,111,255,2,1,1,7,0,1,11,0,255,72,14,244,170,242,93,13,247,15,247,12,247,14,247,10,247,0,0,0,224,10,4,0,128,80,160,195,246,111,247,74,120,0,1,28,182,52,18,160,222,220,10,152,131,0,128,4,2,2,130,129,126,126,157,111,126,126,157,111,255,13,7,15,31,31,7,15,130,2,79,71,38,38,110,102,85,85,5,2,85,85,5,2,3,2,1,0,7,6,5,4,173,150,132,120,100,64,28,16,0,0,4,0,0,3,3,0,0,0,0,64,153,2,170,255,8,255,111,255,2,1,1,7,0,1,11,0,255,72,14,244,170,242
2026-08-07_09-50-59,1,615,0,0.0,0,0.0,-1,-1,93,13,247,15,247,12,247,14,247,10,247,0,0,0,224,10,4,0,128,80,160,195,246,111,247,74,120,0,1,28,182,52,18,160,222,220,10,152,131,0,128,4,2,2,130,129,126,126,157,111,126,126,157,111,255,13,7,15,31,31,7,15,130,2,79,71,38,38,110,102,85,85,5,2,85,85,5,2,3,2,1,0,7,6,5,4,173,150,132,120,100,64,28,16,0,0,4,0,0,3,3,0,0,0,0,64,153,2,170,255,8,255,111,255,2,1,1,7,0,1,11,0,255,72,14,244,170,242,97,13,247,15,247,12,247,14,247,10,247,0,0,0,224,10,4,0,128,80,160,195,246,111,247,75,120,0,1,196,182,52,18,160,222,220,10,152,131,0,128,4,2,2,130,129,126,126,157,111,126,126,157,111,255,10,7,15,31,31,7,15,130,2,79,71,38,38,110,102,85,85,5,2,85,85,5,2,3,2,1,0,7,6,5,4,176,150,135,123,103,67,31,19,0,0,4,0,0,3,19,0,0,0,0,65,5,2,170,255,8,255,111,255,2,1,1,7,0,1,11,0,255,72,14,244,170,242
2026-08-07_09-50-59,1,616,0,0.0,0,0.0,-1,-1,97,13,247,15,247,12,247,14,247,10,247,0,0,0,224,10,4,0,128,80,160,195,246,111,247,75,120,0,1,196,182,52,18,160,222,220,10,152,131,0,128,4,2,2,130,129,126,126,157,111,126,126,157,111,255,10,7,15,31,31,7,15,130,2,79,71,38,38,110,102,85,85,5,2,85,85,5,2,3,2,1,0,7,6,5,4,176,150,135,123,103,67,31,19,0,0,4,0,0,3,19,0,0,0,0,65,5,2,170,255,8,255,111,255,2,1,1,7,0,1,11,0,255,72,14,244,170,242,101,13,247,15,247,12,247,14,247,10,247,0,0,0,224,10,3,0,128,80,160,195,246,126,247,76,120,0,1,108,52,18,160,222,220,10,152,214,0,128,4,2,2,130,129,4,126,157,111,126,126,157,111,126,6,7,15,31,31,7,15,31,2,79,71,38,38,110,102,68,85,5,2,85,85,5,2,85,2,1,0,7,6,5,4,3,150,139,127,107,71,35,23,3,0,0,4,0,0,3,3,0,0,0,0,65,18,2,170,255,7,255,223,254,85,1,1,135,0,1,11,0,255,72,14,244,170,242
2026-08-07_09-50-59,1,617,0,0.0,0,0.0,-1,-1,101,13,247,15,247,12,247,14,247,10,247,0,0,0,224,10,3,0,128,80,160,195,246,126,247,76,120,0,1,108,52,18,160,222,220,10,152,214,0,128,4,2,2,130,129,4,126,157,111,126,126,157,111,126,6,7,15,31,31,7,15,31,2,79,71,38,38,110,102,68,85,5,2,85,85,5,2,85,2,1,0,7,6,5,4,3,150,139,127,107,71,35,23,3,0,0,4,0,0,3,3,0,0,0,0,65,18,2,170,255,7,255,223,254,85,1,1,135,0,1,11,0,255,72,14,244,170,242,105,13,247,15,247,12,247,14,247,10,247,0,0,0,224,10,3,0,128,80,160,195,246,126,247,77,120,0,1,20,52,18,160,222,220,10,152,214,0,128,4,2,2,130,129,4,126,157,111,126,126,157,111,126,3,7,15,31,31,7,15,31,2,79,71,38,38,110,102,68,85,5,2,85,85,5,2,85,2,1,0,7,6,5,4,3,150,142,130,110,74,38,26,6,0,0,4,0,0,3,19,0,0,0,0,65,25,2,170,255,8,255,223,254,85,1,1,135,0,1,11,0,255,72,14,244,170,242
2026-08-07_09-50-59,1,618,0,0.0,0,0.0,-1,-1,105,13,247,15,247,12,247,14,247,10,247,0,0,0,224,10,3,0,128,80,160,195,246,126,247,77,120,0,1,20,52,18,160,222,220,10,152,214,0,128,4,2,2,130,129,4,126,157,111,126,126,157,111,126,3,7,15,31,31,7,15,31,2,79,71,38,38,110,102,68,85,5,2,85,85,5,2,85,2,1,0,7,6,5,4,3,150,142,130,110,74,38,26,6,0,0,4,0,0,3,19,0,0,0,0,65,25,2,170,255,8,255,223,254,85,1,1,135,0,1,11,0,255,72,14,244,170,242,109,13,247,15,247,12,247,14,247,10,247,0,0,0,224,10,3,0,128,80,160,195,246,126,247,78,120,0,1,188,52,18,160,222,220,10,152,214,0,128,4,2,2,130,129,4,126,157,111,126,126,157,111,126,255,7,15,31,31,7,15,31,2,79,71,38,38,110,102,68,85,5,2,85,85,5,2,85,2,1,0,7,6,5,4,3,151,146,134,114,78,42,30,10,0,0,4,0,0,3,3,0,0,0,0,65,37,2,170,255,8,255,223,254,85,1,1,135,0,1,11,0,255,72,14,244,170,242
2026-08-07_09-50-59,1,619,0,0.0,0,0.0,-1,-1,109,13,247,15,247,12,247,14,247,10,247,0,0,0,224,10,3,0,128,80,160,195,246,126,247,78,120,0,1,188,52,18,160,222,220,10,152,214,0,128,4,2,2,130,129,4,126,157,111,126,126,157,111,126,255,7,15,31,31,7,15,31,2,79,71,38,38,110,102,68,85,5,2,85,85,5,2,85,2,1,0,7,6,5,4,3,151,146,134,114,78,42,30,10,0,0,4,0,0,3,3,0,0,0,0,65,37,2,170,255,8,255,223,254,85,1,1,135,0,1,11,0,255,72,14,244,170,242,113,13,247,15,247,12,247,14,247,10,247,0,0,0,224,10,3,0,128,80,160,195,246,126,247,79,120,0,1,100,52,18,160,222,220,10,152,214,0,128,4,2,2,130,129,4,126,157,111,126,126,157,111,126,255,7,15,31,31,7,15,31,2,79,71,38,38,110,102,68,85,5,2,85,85,5,2,85,2,1,0,7,6,5,4,3,154,149,137,117,81,45,33,13,0,0,4,0,0,3,19,0,0,0,0,65,50,2,170,255,8,255,223,254,85,1,1,7,0,1,11,0,255,72,14,244,170,242
2026-08-07_09-50-59,1,620,0,0.0,0,0.0,-1,-1,113,13,247,15,247,12,247,14,247,10,247,0,0,0,224,10,3,0,128,80,160,195,246,126,247,79,120,0,1,100,52,18,160,222,220,10,152,214,0,128,4,2,2,130,129,4,126,157,111,126,126,157,111,126,255,7,15,31,31,7,15,31,2,79,71,38,38,110,102,68,85,5,2,85,85,5,2,85,2,1,0,7,6,5,4,3,154,149,137,117,81,45,33,13,0,0,4,0,0,3,19,0,0,0,0,65,50,2,170,255,8,255,223,254,85,1,1,7,0,1,11,0,255,72,14,244,170,242,117,13,247,15,247,12,247,14,247,10,247,0,0,0,224,10,3,0,128,80,160,195,246,126,247,80,120,0,1,12,52,18,160,222,220,10,152,214,0,128,4,2,2,130,129,4,126,157,111,126,126,157,111,126,255,4,15,31,31,7,15,31,2,79,71,38,38,110,102,68,85,5,2,85,85,5,2,85,2,1,0,7,6,5,4,3,158,150,141,121,85,49,37,17,0,0,4,0,0,3,3,0,0,0,0,65,57,2,170,255,8,255,223,254,85,1,1,7,0,1,11,0,255,72,14,244,170,242
2026-08-07_09-50-59,1,621,0,0.0,0,0.0,-1,-1,117,13,247,15,247,12,247,14,247,10,247,0,0,0,224,10,3,0,128,80,160,195,246,126,247,80,120,0,1,12,52,18,160,222,220,10,152,214,0,128,4,2,2,130,129,4,126,157,111,126,126,157,111,126,255,4,15,31,31,7,15,31,2,79,71,38,38,110,102,68,85,5,2,85,85,5,2,85,2,1,0,7,6,5,4,3,158,150,141,121,85,49,37,17,0,0,4,0,0,3,3,0,0,0,0,65,57,2,170,255,8,255,223,254,85,1,1,7,0,1,11,0,255,72,14,244,170,242,121,13,247,15,247,12,247,14,247,10,247,0,0,0,224,10,3,0,118,80,160,195,246,126,247,81,120,0,1,180,52,18,160,222,220,10,152,214,0,128,4,2,2,130,129,4,126,157,111,126,126,157,111,126,255,1,15,31,31,7,15,31,2,79,71,38,38,110,102,68,85,5,2,85,85,5,2,85,2,1,0,7,6,5,4,3,161,150,144,124,88,52,40,20,0,0,4,226,0,3,19,0,0,0,0,65,69,1,170,255,8,255,223,254,85,1,1,7,0,1,11,0,255,72,14,244,170,242
2026-08-07_09-50-59,1,622,0,0.0,0,0.0,-1,-1,121,13,247,15,247,12,247,14,247,10,247,0,0,0,224,10,3,0,118,80,160,195,246,126,247,81,120,0,1,180,52,18,160,222,220,10,152,214,0,128,4,2,2,130,129,4,126,157,111,126,126,157,111,126,255,1,15,31,31,7,15,31,2,79,71,38,38,110,102,68,85,5,2,85,85,5,2,85,2,1,0,7,6,5,4,3,161,150,144,124,88,52,40,20,0,0,4,226,0,3,19,0,0,0,0,65,69,1,170,255,8,255,223,254,85,1,1,7,0,1,11,0,255,72,14,244,170,242,125,13,247,15,247,12,247,14,247,10,247,0,0,0,224,10,3,0,122,80,160,195,246,126,247,82,120,0,1,92,52,18,160,222,220,10,152,214,0,128,4,2,2,130,129,4,126,157,111,126,126,157,111,126,255,255,15,31,31,7,15,31,2,79,71,38,38,110,102,68,85,5,2,85,85,5,2,85,2,1,0,7,6,5,4,3,165,153,148,128,92,56,44,24,0,0,4,234,0,3,3,0,0,0,0,65,82,1,170,255,8,255,223,254,85,1,1,7,0,1,11,0,255,72,14,244,170,242
2026-08-07_09-50-59,1,623,0,0.0,0,0.0,-1,-1,125,13,247,15,247,12,247,14,247,10,247,0,0,0,224,10,3,0,122,80,160,195,246,126,247,82,120,0,1,92,52,18,160,222,220,10,152,214,0,128,4,2,2,130,129,4,126,157,111,126,126,157,111,126,255,255,15,31,31,7,15,31,2,79,71,38,38,110,102,68,85,5,2,85,85,5,2,85,2,1,0,7,6,5,4,3,165,153,148,128,92,56,44,24,0,0,4,234,0,3,3,0,0,0,0,65,82,1,170,255,8,255,223,254,85,1,1,7,0,1,11,0,255,72,14,244,170,242,129,13,247,15,247,12,247,14,247,10,247,0,0,0,224,10,3,0,125,80,160,195,246,126,247,83,120,0,1,4,52,18,160,222,220,10,152,214,0,128,4,2,2,130,129,4,126,157,111,126,126,157,111,126,255,255,14,31,31,7,15,31,2,79,71,38,38,110,102,68,85,5,2,85,85,5,2,85,2,1,0,7,6,5,4,3,168,156,150,131,95,59,47,27,0,0,4,242,0,3,19,0,0,0,0,65,89,1,170,255,8,255,223,254,85,1,1,7,0,1,11,0,255,72,14,244,170,242
2026-08-07_09-50-59,1,624,0,0.0,0,0.0,-1,-1,129,13,247,15,247,12,247,14,247,10,247,0,0,0,224,10,3,0,125,80,160,195,246,126,247,83,120,0,1,4,52,18,160,222,220,10,152,214,0,128,4,2,2,130,129,4,126,157,111,126,126,157,111,126,255,255,14,31,31,7,15,31,2,79,71,38,38,110,102,68,85,5,2,85,85,5,2,85,2,1,0,7,6,5,4,3,168,156,150,131,95,59,47,27,0,0,4,242,0,3,19,0,0,0,0,65,89,1,170,255,8,255,223,254,85,1,1,7,0,1,11,0,255,72,14,244,170,242,133,13,247,15,247,12,247,14,247,10,247,0,0,0,224,10,3,0,128,80,160,195,246,126,247,84,120,0,1,172,52,18,160,222,220,10,152,214,0,128,4,2,2,130,129,4,126,157,111,126,126,157,111,126,255,255,10,31,31,7,15,31,2,79,71,38,38,110,102,68,85,5,2,85,85,5,2,85,2,1,0,7,6,5,4,3,172,160,150,135,99,63,51,31,0,0,4,250,0,3,3,0,0,0,0,65,101,1,170,255,8,255,223,254,85,1,1,7,0,1,11,0,255,72,14,244,170,242
2026-08-07_09-50-59,1,625,0,0.0,0,0.0,-1,-1,133,13,247,15,247,12,247,14,247,10,247,0,0,0,224,10,3,0,128,80,160,195,246,126,247,84,120,0,1,172,52,18,160,222,220,10,152,214,0,128,4,2,2,130,129,4,126,157,111,126,126,157,111,126,255,255,10,31,31,7,15,31,2,79,71,38,38,110,102,68,85,5,2,85,85,5,2,85,2,1,0,7,6,5,4,3,172,160,150,135,99,63,51,31,0,0,4,250,0,3,3,0,0,0,0,65,101,1,170,255,8,255,223,254,85,1,1,7,0,1,11,0,255,72,14,244,170,242,137,13,247,15,247,12,247,14,247,10,247,0,0,0,224,10,3,0,128,80,160,195,246,126,247,85,120,0,1,84,52,18,160,222,220,10,152,214,0,128,4,2,2,130,129,4,126,157,111,126,126,157,111,126,255,255,7,31,31,7,15,31,2,79,71,38,38,110,102,68,85,5,2,85,85,5,2,85,2,1,0,7,6,5,4,3,175,163,150,138,102,66,54,34,0,0,4,10,0,3,19,0,0,0,0,65,114,1,170,255,8,255,223,254,85,1,1,7,0,1,11,0,255,72,14,244,170,242
2026-08-07_09-50-59,1,626,0,0.0,0,0.0,-1,-1,137,13,247,15,247,12,247,14,247,10,247,0,0,0,224,10,3,0,128,80,160,195,246,126,247,85,120,0,1,84,52,18,160,222,220,10,152,214,0,128,4,2,2,130,129,4,126,157,111,126,126,157,111,126,255,255,7,31,31,7,15,31,2,79,71,38,38,110,102,68,85,5,2,85,85,5,2,85,2,1,0,7,6,5,4,3,175,163,150,138,102,66,54,34,0,0,4,10,0,3,19,0,0,0,0,65,114,1,170,255,8,255,223,254,85,1,1,7,0,1,11,0,255,72,14,244,170,242,141,13,247,15,247,12,247,14,247,10,247,0,0,0,224,10,2,0,128,80,160,195,246,126,247,86,120,0,1,252,18,160,222,220,10,152,214,228,128,4,2,2,130,129,4,4,157,111,126,126,157,111,126,126,255,3,31,31,7,15,31,31,79,71,38,38,110,102,68,67,5,2,85,85,5,2,85,85,1,0,7,6,5,4,3,2,167,150,142,106,70,58,38,2,0,0,4,6,0,3,3,0,0,0,0,65,120,1,170,255,7,255,191,253,85,1,1,7,0,1,11,0,255,72,14,244,170,242
2026-08-07_09-50-59,1,627,0,0.0,0,0.0,-1,-1,141,13,247,15,247,12,247,14,247,10,247,0,0,0,224,10,2,0,128,80,160,195,246,126,247,86,120,0,1,252,18,160,222,220,10,152,214,228,128,4,2,2,130,129,4,4,157,111,126,126,157,111,126,126,255,3,31,31,7,15,31,31,79,71,38,38,110,102,68,67,5,2,85,85,5,2,85,85,1,0,7,6,5,4,3,2,167,150,142,106,70,58,38,2,0,0,4,6,0,3,3,0,0,0,0,65,120,1,170,255,7,255,191,253,85,1,1,7,0,1,11,0,255,72,14,244,170,242,145,13,247,15,247,12,247,14,247,10,247,0,0,0,224,10,2,0,128,80,160,195,246,126,247,87,120,0,1,164,18,160,222,220,10,152,214,228,128,4,2,2,130,129,4,4,157,111,126,126,157,111,126,126,255,0,31,31,7,15,31,31,79,71,38,38,110,102,68,67,5,2,85,85,5,2,85,85,1,0,7,6,5,4,3,2,170,150,145,109,73,61,41,5,0,0,4,2,0,3,19,0,0,0,0,65,133,1,170,255,8,255,191,253,85,1,1,7,0,1,11,0,255,72,14,244,170,242
2026-08-07_09-50-59,1,628,0,0.0,0,0.0,-1,-1,145,13,247,15,247,12,247,14,247,10,247,0,0,0,224,10,2,0,128,80,160,195,246,126,247,87,120,0,1,164,18,160,222,220,10,152,214,228,128,4,2,2,130,129,4,4,157,111,126,126,157,111,126,126,255,0,31,31,7,15,31,31,79,71,38,38,110,102,68,67,5,2,85,85,5,2,85,85,1,0,7,6,5,4,3,2,170,150,145,109,73,61,41,5,0,0,4,2,0,3,19,0,0,0,0,65,133,1,170,255,8,255,191,253,85,1,1,7,0,1,11,0,255,72,14,244,170,242,149,13,247,15,247,12,247,14,247,10,247,0,0,0,224,10,2,0,128,80,160,195,246,126,247,88,120,0,1,76,18,160,222,220,10,152,214,228,128,4,2,2,130,129,4,4,157,111,126,126,157,111,126,126,255,255,31,31,7,15,31,31,79,71,38,38,110,102,68,67,5,2,85,85,5,2,85,85,1,0,7,6,5,4,3,2,174,154,149,113,77,65,45,9,0,0,4,0,0,3,3,0,0,0,0,65,146,1,170,255,8,255,191,253,85,1,1,7,0,1,11,0,255,72,14,244,170,242
2026-08-07_09-50-59,1,629,0,0.0,0,0.0,-1,-1,149,13,247,15,247,12,247,14,247,10,247,0,0,0,224,10,2,0,128,80,160,195,246,126,247,88,120,0,1,76,18,160,222,220,10,152,214,228,128,4,2,2,130,129,4,4,157,111,126,126,157,111,126,126,255,255,31,31,7,15,31,31,79,71,38,38,110,102,68,67,5,2,85,85,5,2,85,85,1,0,7,6,5,4,3,2,174,154,149,113,77,65,45,9,0,0,4,0,0,3,3,0,0,0,0,65,146,1,170,255,8,255,191,253,85,1,1,7,0,1,11,0,255,72,14,244,170,242,153,13,247,15,247,12,247,14,247,10,247,0,0,0,224,10,2,0,128,80,160,195,246,126,247,89,120,0,1,244,18,160,222,220,10,152,214,228,128,4,2,2,130,129,4,4,157,111,126,126,157,111,126,126,255,255,29,31,7,15,31,31,79,71,38,38,110,102,68,67,5,2,85,85,5,2,85,85,1,0,7,6,5,4,3,2,177,157,150,116,80,68,48,12,0,0,4,0,0,3,19,0,0,0,0,65,152,1,170,255,8,255,191,253,85,1,1,7,0,1,11,0,255,72,14,244,170,242
2026-08-07_09-50-59,1,630,0,0.0,0,0.0,-1,-1,153,13,247,15,247,12,247,14,247,10,247,0,0,0,224,10,2,0,128,80,160,195,246,126,247,89,120,0,1,244,18,160,222,220,10,152,214,228,128,4,2,2,130,129,4,4,157,111,126,126,157,111,126,126,255,255,29,31,7,15,31,31,79,71,38,38,110,102,68,67,5,2,85,85,5,2,85,85,1,0,7,6,5,4,3,2,177,157,150,116,80,68,48,12,0,0,4,0,0,3,19,0,0,0,0,65,152,1,170,255,8,255,191,253,85,1,1,7,0,1,11,0,255,72,14,244,170,242,157,13,247,15,247,12,247,14,247,10,247,0,0,0,224,10,2,0,128,80,160,195,246,126,247,90,120,0,1,156,18,160,222,220,10,152,214,228,128,4,2,2,130,129,4,4,157,111,126,126,157,111,126,126,255,255,25,31,7,15,31,31,79,71,38,38,110,102,68,67,5,2,85,85,5,2,85,85,1,0,7,6,5,4,3,2,181,161,150,120,84,72,52,16,0,0,4,0,0,3,3,0,0,0,0,66,5,1,170,255,8,255,191,253,85,1,1,7,0,1,11,0,255,72,14,244,170,242
2026-08-07_09-50-59,1,631,0,0.0,0,0.0,-1,-1,157,13,247,15,247,12,247,14,247,10,247,0,0,0,224,10,2,0,128,80,160,195,246,126,247,90,120,0,1,156,18,160,222,220,10,152,214,228,128,4,2,2,130,129,4,4,157,111,126,126,157,111,126,126,255,255,25,31,7,15,31,31,79,71,38,38,110,102,68,67,5,2,85,85,5,2,85,85,1,0,7,6,5,4,3,2,181,161,150,120,84,72,52,16,0,0,4,0,0,3,3,0,0,0,0,66,5,1,170,255,8,255,191,253,85,1,1,7,0,1,11,0,255,72,14,244,170,242,161,13,247,15,247,12,247,14,247,10,247,0,0,0,224,10,2,0,128,80,160,195,246,126,247,91,120,0,1,68,18,160,222,220,10,152,214,228,128,4,2,2,130,129,4,4,157,111,126,126,157,111,126,126,255,255,22,31,7,15,31,31,79,71,38,38,110,102,68,67,5,2,85,85,5,2,85,85,1,0,7,6,5,4,3,2,184,164,150,123,87,75,55,19,0,0,4,0,0,3,19,0,0,0,0,66,18,1,170,255,8,255,191,253,85,1,1,7,0,1,11,0,255,72,14,244,170,242
2026-08-07_09-50-59,1,632,0,0.0,0,0.0,-1,-1,161,13,247,15,247,12,247,14,247,10,247,0,0,0,224,10,2,0,128,80,160,195,246,126,247,91,120,0,1,68,18,160,222,220,10,152,214,228,128,4,2,2,130,129,4,4,157,111,126,126,157,111,126,126,255,255,22,31,7,15,31,31,79,71,38,38,110,102,68,67,5,2,85,85,5,2,85,85,1,0,7,6,5,4,3,2,184,164,150,123,87,75,55,19,0,0,4,0,0,3,19,0,0,0,0,66,18,1,170,255,8,255,191,253,85,1,1,7,0,1,11,0,255,72,14,244,170,242,165,13,247,15,247,12,247,14,247,10,247,0,0,0,224,10,2,0,128,80,160,195,246,126,247,92,120,0,1,236,18,160,222,220,10,152,214,228,128,4,2,2,130,129,4,4,157,111,126,126,157,111,126,126,255,255,18,31,7,15,31,31,79,71,38,38,110,102,68,67,5,2,85,85,5,2,85,85,1,0,7,6,5,4,3,2,188,168,150,127,91,79,59,23,0,0,4,0,0,3,3,0,0,0,0,66,24,1,170,255,8,255,191,253,85,1,1,7,0,1,11,0,255,72,14,244,170,242
2026-08-07_09-50-59,1,633,0,0.0,0,0.0,-1,-1,165,13,247,15,247,12,247,14,247,10,247,0,0,0,224,10,2,0,128,80,160,195,246,126,247,92,120,0,1,236,18,160,222,220,10,152,214,228,128,4,2,2,130,129,4,4,157,111,126,126,157,111,126,126,255,255,18,31,7,15,31,31,79,71,38,38,110,102,68,67,5,2,85,85,5,2,85,85,1,0,7,6,5,4,3,2,188,168,150,127,91,79,59,23,0,0,4,0,0,3,3,0,0,0,0,66,24,1,170,255,8,255,191,253,85,1,1,7,0,1,11,0,255,72,14,244,170,242,169,13,247,15,247,12,247,14,247,10,247,0,0,0,224,10,2,0,128,80,160,195,246,126,247,93,120,0,1,148,18,160,46,220,10,152,214,228,128,4,2,2,130,129,4,4,157,111,126,126,157,111,126,126,255,255,15,31,7,15,31,31,79,71,33,38,110,102,68,67,5,2,85,85,5,2,85,85,1,0,7,6,5,4,3,2,191,171,150,130,94,82,62,26,0,0,4,0,0,3,19,0,0,0,0,66,37,1,170,255,8,255,191,253,85,1,1,7,0,1,11,0,255,72,14,244,170,242
2026-08-07_09-50-59,1,634,0,0.0,0,0.0,-1,-1,169,13,247,15,247,12,247,14,247,10,247,0,0,0,224,10,2,0,128,80,160,195,246,126,247,93,120,0,1,148,18,160,46,220,10,152,214,228,128,4,2,2,130,129,4,4,157,111,126,126,157,111,126,126,255,255,15,31,7,15,31,31,79,71,33,38,110,102,68,67,5,2,85,85,5,2,85,85,1,0,7,6,5,4,3,2,191,171,150,130,94,82,62,26,0,0,4,0,0,3,19,0,0,0,0,66,37,1,170,255,8,255,191,253,85,1,1,7,0,1,11,0,255,72,14,244,170,242,173,13,247,15,247,12,247,14,247,10,247,0,0,0,224,10,2,0,128,80,160,195,246,126,247,94,120,0,1,60,18,160,46,220,10,152,214,228,128,4,2,2,130,129,4,4,157,111,126,126,157,111,126,126,255,255,11,31,7,15,31,31,79,71,33,38,110,102,68,67,5,2,85,85,5,2,85,85,1,0,7,6,5,4,3,2,195,175,150,134,98,86,66,30,0,0,4,0,0,3,3,0,0,0,0,66,50,1,170,255,8,255,191,253,85,1,1,7,0,1,11,0,255,72,14,244,170,242
2026-08-07_09-50-59,1,635,0,0.0,0,0.0,-1,-1,173,13,247,15,247,12,247,14,247,10,247,0,0,0,224,10,2,0,128,80,160,195,246,126,247,94,120,0,1,60,18,160,46,220,10,152,214,228,128,4,2,2,130,129,4,4,157,111,126,126,157,111,126,126,255,255,11,31,7,15,31,31,79,71,33,38,110,102,68,67,5,2,85,85,5,2,85,85,1,0,7,6,5,4,3,2,195,175,150,134,98,86,66,30,0,0,4,0,0,3,3,0,0,0,0,66,50,1,170,255,8,255,191,253,85,1,1,7,0,1,11,0,255,72,14,244,170,242,177,13,247,15,247,12,247,14,247,10,247,0,0,0,224,10,2,0,128,80,160,195,246,126,247,95,120,0,1,228,18,160,46,220,10,152,214,228,128,4,2,2,130,129,4,4,157,111,126,126,157,111,126,126,255,255,8,31,7,15,31,31,79,71,33,38,110,102,68,67,5,2,85,85,5,2,85,85,1,0,7,6,5,4,3,2,198,178,150,137,101,89,69,33,0,0,4,0,0,3,19,0,0,0,0,66,56,1,170,255,8,255,191,253,85,1,1,7,0,1,11,0,255,72,14,244,170,242
2026-08-07_09-50-59,1,636,0,0.0,0,0.0,-1,-1,177,13,247,15,247,12,247,14,247,10,247,0,0,0,224,10,2,0,128,80,160,195,246,126,247,95,120,0,1,228,18,160,46,220,10,152,214,228,128,4,2,2,130,129,4,4,157,111,126,126,157,111,126,126,255,255,8,31,7,15,31,31,79,71,33,38,110,102,68,67,5,2,85,85,5,2,85,85,1,0,7,6,5,4,3,2,198,178,150,137,101,89,69,33,0,0,4,0,0,3,19,0,0,0,0,66,56,1,170,255,8,255,191,253,85,1,1,7,0,1,11,0,255,72,14,244,170,242,181,13,247,15,247,12,247,14,247,10,247,0,0,0,224,10,1,0,128,80,160,195,246,157,247,96,120,0,1,140,160,46,220,10,152,214,228,50,4,2,2,130,129,4,4,132,111,126,126,157,111,126,126,157,255,4,31,7,15,31,31,7,71,33,38,110,102,68,67,137,2,85,85,5,2,85,85,5,0,7,6,5,4,3,2,1,182,150,141,105,93,73,37,1,0,0,4,0,0,3,3,0,0,0,0,66,69,1,170,255,7,255,127,251,5,1,1,7,0,1,11,0,255,72,14,244,170,242
2026-08-07_09-50-59,1,637,0,0.0,0,0.0,-1,-1,181,13,247,15,247,12,247,14,247,10,247,0,0,0,224,10,1,0,128,80,160,195,246,157,247,96,120,0,1,140,160,46,220,10,152,214,228,50,4,2,2,130,129,4,4,132,111,126,126,157,111,126,126,157,255,4,31,7,15,31,31,7,71,33,38,110,102,68,67,137,2,85,85,5,2,85,85,5,0,7,6,5,4,3,2,1,182,150,141,105,93,73,37,1,0,0,4,0,0,3,3,0,0,0,0,66,69,1,170,255,7,255,127,251,5,1,1,7,0,1,11,0,255,72,14,244,170,242,185,13,247,15,247,12,247,14,247,10,247,0,0,0,224,10,1,0,128,80,160,195,246,157,247,97,120,0,1,52,160,46,220,10,152,214,228,50,4,2,2,130,129,4,4,132,111,126,126,157,111,126,126,157,255,1,31,7,15,31,31,7,71,33,38,110,102,68,67,137,2,85,85,5,2,85,85,5,0,7,6,5,4,3,2,1,185,150,144,108,96,76,40,4,0,0,4,0,0,3,19,0,0,0,0,66,82,1,170,255,8,255,127,251,5,1,1,7,0,1,11,0,255,72,14,244,170,242
2026-08-07_09-50-59,1,638,0,0.0,0,0.0,-1,-1,185,13,247,15,247,12,247,14,247,10,247,0,0,0,224,10,1,0,128,80,160,195,246,157,247,97,120,0,1,52,160,46,220,10,152,214,228,50,4,2,2,130,129,4,4,132,111,126,126,157,111,126,126,157,255,1,31,7,15,31,31,7,71,33,38,110,102,68,67,137,2,85,85,5,2,85,85,5,0,7,6,5,4,3,2,1,185,150,144,108,96,76,40,4,0,0,4,0,0,3,19,0,0,0,0,66,82,1,170,255,8,255,127,251,5,1,1,7,0,1,11,0,255,72,14,244,170,242,189,13,247,15,247,12,247,14,247,10,247,0,0,0,224,10,1,0,128,80,160,195,246,157,247,98,120,0,1,220,160,46,220,10,152,214,228,50,4,2,2,130,129,4,4,132,111,126,126,157,111,126,126,157,255,255,31,7,15,31,31,7,71,33,38,110,102,68,67,137,2,85,85,5,2,85,85,5,0,7,6,5,4,3,2,1,189,153,148,112,100,80,44,8,0,0,4,0,0,3,3,0,0,0,0,66,88,1,170,255,8,255,127,251,5,1,1,7,0,1,11,0,255,72,14,244,170,242
2026-08-07_09-50-59,1,639,0,0.0,0,0.0,-1,-1,189,13,247,15,247,12,247,14,247,10,247,0,0,0,224,10,1,0,128,80,160,195,246,157,247,98,120,0,1,220,160,46,220,10,152,214,228,50,4,2,2,130,129,4,4,132,111,126,126,157,111,126,126,157,255,255,31,7,15,31,31,7,71,33,38,110,102,68,67,137,2,85,85,5,2,85,85,5,0,7,6,5,4,3,2,1,189,153,148,112,100,80,44,8,0,0,4,0,0,3,3,0,0,0,0,66,88,1,170,255,8,255,127,251,5,1,1,7,0,1,11,0,255,72,14,244,170,242,193,13,247,15,247,12,247,14,247,10,247,0,0,0,224,10,1,0,128,80,160,195,246,157,247,99,120,0,1,132,160,46,220,10,152,214,228,50,4,2,2,130,129,4,4,132,111,126,126,157,111,126,126,157,255,255,30,7,15,31,31,7,71,33,38,110,102,68,67,137,2,85,85,5,2,85,85,5,0,7,6,5,4,3,2,1,192,156,150,115,103,83,47,11,0,0,4,0,0,3,19,0,0,0,0,66,101,1,170,255,8,255,127,251,5,1,1,7,0,1,11,0,255,72,14,244,170,242
2026-08-07_09-50-59,1,640,0,0.0,0,0.0,-1,-1,193,13,247,15,247,12,247,14,247,10,247,0,0,0,224,10,1,0,128,80,160,195,246,157,247,99,120,0,1,132,160,46,220,10,152,214,228,50,4,2,2,130,129,4,4,132,111,126,126,157,111,126,126,157,255,255,30,7,15,31,31,7,71,33,38,110,102,68,67,137,2,85,85,5,2,85,85,5,0,7,6,5,4,3,2,1,192,156,150,115,103,83,47,11,0,0,4,0,0,3,19,0,0,0,0,66,101,1,170,255,8,255,127,251,5,1,1,7,0,1,11,0,255,72,14,244,170,242,197,13,247,15,247,12,247,14,247,10,247,0,0,0,224,10,0,0,128,80,160,195,246,157,247,100,120,0,1,44,46,220,10,152,214,228,50,218,2,2,130,129,4,4,132,129,126,126,157,111,126,126,157,157,255,26,7,15,31,31,7,7,33,38,110,102,68,67,137,98,85,85,5,2,85,85,5,5,7,6,5,4,3,2,1,5,160,150,119,107,87,51,15,3,0,0,4,0,0,3,3,0,0,0,0,66,114,1,170,255,7,255,255,246,5,1,1,7,0,1,11,0,255,72,14,244,170,242
2026-08-07_09-50-59,1,641,0,0.0,0,0.0,-1,-1,197,13,247,15,247,12,247,14,247,10,247,0,0,0,224,10,0,0,128,80,160,195,246,157,247,100,120,0,1,44,46,220,10,152,214,228,50,218,2,2,130,129,4,4,132,129,126,126,157,111,126,126,157,157,255,26,7,15,31,31,7,7,33,38,110,102,68,67,137,98,85,85,5,2,85,85,5,5,7,6,5,4,3,2,1,5,160,150,119,107,87,51,15,3,0,0,4,0,0,3,3,0,0,0,0,66,114,1,170,255,7,255,255,246,5,1,1,7,0,1,11,0,255,72,14,244,170,242,201,13,247,15,247,12,247,14,247,10,247,0,0,0,224,10,0,0,128,80,160,195,246,157,247,101,120,0,1,212,46,220,10,152,214,228,50,218,2,2,130,129,4,4,132,129,126,126,157,111,126,126,157,157,255,23,7,15,31,31,7,7,33,38,110,102,68,67,137,98,85,85,5,2,85,85,5,5,7,6,5,4,3,2,1,5,163,150,122,110,90,54,18,6,0,0,4,0,0,3,19,0,0,0,0,66,120,1,170,255,8,255,255,246,5,1,1,7,0,1,11,0,255,72,14,244,170,242
2026-08-07_09-50-59,1,642,0,0.0,0,0.0,-1,-1,201,13,247,15,247,12,247,14,247,10,247,0,0,0,224,10,0,0,128,80,160,195,246,157,247,101,120,0,1,212,46,220,10,152,214,228,50,218,2,2,130,129,4,4,132,129,126,126,157,111,126,126,157,157,255,23,7,15,31,31,7,7,33,38,110,102,68,67,137,98,85,85,5,2,85,85,5,5,7,6,5,4,3,2,1,5,163,150,122,110,90,54,18,6,0,0,4,0,0,3,19,0,0,0,0,66,120,1,170,255,8,255,255,246,5,1,1,7,0,1,11,0,255,72,14,244,170,242,205,13,247,15,247,12,247,14,247,10,247,0,0,0,224,10,0,0,128,80,160,195,246,157,247,102,120,0,1,124,46,220,10,152,214,228,50,218,2,2,130,129,4,4,132,129,126,126,157,111,126,126,157,157,255,19,7,15,31,31,7,7,33,38,110,102,68,67,137,98,85,85,5,2,85,85,5,5,7,6,5,4,3,2,1,5,167,150,126,114,94,58,22,10,0,0,4,0,0,3,3,0,0,0,0,66,133,1,170,255,8,255,255,246,5,1,1,7,0,1,11,0,255,72,14,244,170,242
2026-08-07_09-50-59,1,643,0,0.0,0,0.0,-1,-1,205,13,247,15,247,12,247,14,247,10,247,0,0,0,224,10,0,0,128,80,160,195,246,157,247,102,120,0,1,124,46,220,10,152,214,228,50,218,2,2,130,129,4,4,132,129,126,126,157,111,126,126,157,157,255,19,7,15,31,31,7,7,33,38,110,102,68,67,137,98,85,85,5,2,85,85,5,5,7,6,5,4,3,2,1,5,167,150,126,114,94,58,22,10,0,0,4,0,0,3,3,0,0,0,0,66,133,1,170,255,8,255,255,246,5,1,1,7,0,1,11,0,255,72,14,244,170,242,209,13,247,15,247,12,247,14,247,10,247,0,0,0,224,10,7,0,128,80,160,195,246,126,247,103,120,0,1,36,220,10,152,214,228,50,218,78,2,130,129,4,4,132,129,3,126,157,111,126,126,157,157,126,16,7,15,31,31,7,7,31,38,110,102,68,67,137,98,46,85,5,2,85,85,5,5,85,6,5,4,3,2,1,5,7,150,129,117,97,61,25,13,1,0,0,4,0,0,3,19,0,0,0,0,66,146,1,170,255,7,255,255,236,85,1,1,7,0,1,11,0,255,72,14,244,170,242
2026-08-07_09-50-59,1,644,0,0.0,0,0.0,-1,-1,209,13,247,15,247,12,247,14,247,10,247,0,0,0,224,10,7,0,128,80,160,195,246,126,247,103,120,0,1,36,220,10,152,214,228,50,218,78,2,130,129,4,4,132,129,3,126,157,111,126,126,157,157,126,16,7,15,31,31,7,7,31,38,110,102,68,67,137,98,46,85,5,2,85,85,5,5,85,6,5,4,3,2,1,5,7,150,129,117,97,61,25,13,1,0,0,4,0,0,3,19,0,0,0,0,66,146,1,170,255,7,255,255,236,85,1,1,7,0,1,11,0,255,72,14,244,170,242,213,13,247,15,247,12,247,14,247,10,247,0,0,0,224,10,7,0,128,80,160,195,246,126,247,104,120,0,1,204,44,10,152,214,228,50,218,78,2,130,129,4,4,132,129,3,126,157,111,126,126,157,157,126,12,7,15,31,31,7,7,31,33,110,102,68,67,137,98,46,85,5,2,85,85,5,5,85,6,5,4,3,2,1,5,7,150,133,121,101,65,29,17,5,0,0,4,0,0,3,3,0,0,0,0,66,152,1,170,255,8,255,255,236,85,1,1,7,0,1,11,0,255,72,14,244,170,242
2026-08-07_09-50-59,1,645,0,0.0,0,0.0,-1,-1,213,13,247,15,247,12,247,14,247,10,247,0,0,0,224,10,7,0,128,80,160,195,246,126,247,104,120,0,1,204,44,10,152,214,228,50,218,78,2,130,129,4,4,132,129,3,126,157,111,126,126,157,157,126,12,7,15,31,31,7,7,31,33,110,102,68,67,137,98,46,85,5,2,85,85,5,5,85,6,5,4,3,2,1,5,7,150,133,121,101,65,29,17,5,0,0,4,0,0,3,3,0,0,0,0,66,152,1,170,255,8,255,255,236,85,1,1,7,0,1,11,0,255,72,14,244,170,242,217,13,247,15,247,12,247,14,247,10,247,0,0,0,224,10,7,0,128,80,160,195,246,126,247,105,120,0,1,116,44,10,152,214,228,50,218,78,2,130,129,4,4,132,129,3,126,157,111,126,126,157,157,126,9,7,15,31,31,7,7,31,33,110,102,68,67,137,98,46,85,5,2,85,85,5,5,85,6,5,4,3,2,1,5,7,150,136,124,104,68,32,20,8,0,0,4,0,0,3,19,0,0,0,0,67,5,1,170,255,8,255,255,236,85,1,1,7,0,1,11,0,255,72,14,244,170,242
2026-08-07_09-50-59,1,646,0,0.0,0,0.0,-1,-1,217,13,247,15,247,12,247,14,247,10,247,0,0,0,224,10,7,0,128,80,160,195,246,126,247,105,120,0,1,116,44,10,152,214,228,50,218,78,2,130,129,4,4,132,129,3,126,157,111,126,126,157,157,126,9,7,15,31,31,7,7,31,33,110,102,68,67,137,98,46,85,5,2,85,85,5,5,85,6,5,4,3,2,1,5,7,150,136,124,104,68,32,20,8,0,0,4,0,0,3,19,0,0,0,0,67,5,1,170,255,8,255,255,236,85,1,1,7,0,1,11,0,255,72,14,244,170,242,221,13,247,15,247,12,247,14,247,10,247,0,0,0,224,10,7,0,128,80,160,195,246,126,247,106,120,0,1,28,44,10,152,214,228,50,218,78,2,130,129,4,4,132,129,3,126,157,111,126,126,157,157,126,5,7,15,31,31,7,7,31,33,110,102,68,67,137,98,46,85,5,2,85,85,5,5,85,6,5,4,3,2,1,5,7,150,140,128,108,72,36,24,12,0,0,4,0,0,3,3,0,0,0,0,67,18,1,170,255,8,255,255,236,85,1,1,135,0,1,11,0,255,72,14,244,170,242
2026-08-07_09-50-59,1,647,0,0.0,0,0.0,-1,-1,221,13,247,15,247,12,247,14,247,10,247,0,0,0,224,10,7,0,128,80,160,195,246,126,247,106,120,0,1,28,44,10,152,214,228,50,218,78,2,130,129,4,4,132,129,3,126,157,111,126,126,157,157,126,5,7,15,31,31,7,7,31,33,110,102,68,67,137,98,46,85,5,2,85,85,5,5,85,6,5,4,3,2,1,5,7,150,140,128,108,72,36,24,12,0,0,4,0,0,3,3,0,0,0,0,67,18,1,170,255,8,255,255,236,85,1,1,135,0,1,11,0,255,72,14,244,170,242,225,13,247,15,247,12,247,14,247,10,247,0,0,0,224,10,7,0,128,80,160,195,246,126,247,107,120,0,1,196,44,10,152,214,228,50,218,78,2,130,129,4,4,132,129,3,126,157,111,126,126,157,157,126,2,7,15,31,31,7,7,31,33,110,102,68,67,137,98,46,85,5,2,85,85,5,5,85,6,5,4,3,2,1,5,7,150,143,131,111,75,39,27,15,0,0,4,0,0,3,19,0,0,0,0,67,24,1,170,255,8,255,255,236,85,1,1,135,0,1,11,0,255,72,14,244,170,242
2026-08-07_09-50-59,1,648,0,0.0,0,0.0,-1,-1,225,13,247,15,247,12,247,14,247,10,247,0,0,0,224,10,7,0,128,80,160,195,246,126,247,107,120,0,1,196,44,10,152,214,228,50,218,78,2,130,129,4,4,132,129,3,126,157,111,126,126,157,157,126,2,7,15,31,31,7,7,31,33,110,102,68,67,137,98,46,85,5,2,85,85,5,5,85,6,5,4,3,2,1,5,7,150,143,131,111,75,39,27,15,0,0,4,0,0,3,19,0,0,0,0,67,24,1,170,255,8,255,255,236,85,1,1,135,0,1,11,0,255,72,14,244,170,242,229,13,247,15,247,12,247,14,247,10,247,0,0,0,224,10,7,0,128,80,160,195,246,126,247,108,120,1,0,108,44,10,152,214,228,50,218,78,2,130,129,4,4,132,129,3,126,157,111,126,126,157,157,126,255,7,15,31,31,7,7,31,33,110,102,68,67,137,98,46,85,5,2,85,85,5,5,85,6,5,4,3,2,1,5,7,152,147,135,115,79,43,31,19,0,0,4,0,0,3,3,0,0,0,0,67,37,1,170,255,8,255,255,236,85,1,1,135,0,1,11,0,255,72,14,244,170,242
2026-08-07_09-50-59,1,649,0,0.0,0,0.0,-1,-1,229,13,247,15,247,12,247,14,247,10,247,0,0,0,224,10,7,0,128,80,160,195,246,126,247,108,120,1,0,108,44,10,152,214,228,50,218,78,2,130,129,4,4,132,129,3,126,157,111,126,126,157,157,126,255,7,15,31,31,7,7,31,33,110,102,68,67,137,98,46,85,5,2,85,85,5,5,85,6,5,4,3,2,1,5,7,152,147,135,115,79,43,31,19,0,0,4,0,0,3,3,0,0,0,0,67,37,1,170,255,8,255,255,236,85,1,1,135,0,1,11,0,255,72,14,244,170,242,233,13,247,15,247,12,247,14,247,10,247,0,0,0,224,10,7,0,128,80,160,195,246,126,247,109,120,1,0,20,44,10,152,214,228,50,218,78,2,130,129,4,4,132,129,3,126,157,111,126,126,157,157,126,255,7,15,31,31,7,7,31,33,110,102,68,67,137,98,46,85,5,2,85,85,5,5,85,6,5,4,3,2,1,5,7,155,150,138,118,82,46,34,22,0,0,4,0,0,3,19,0,0,0,0,67,50,1,170,255,8,255,255,236,85,1,1,7,0,1,11,0,255,72,14,244,170,242
2026-08-07_09-50-59,1,650,0,0.0,0,0.0,-1,-1,233,13,247,15,247,12,247,14,247,10,247,0,0,0,224,10,7,0,128,80,160,195,246,126,247,109,120,1,0,20,44,10,152,214,228,50,218,78,2,130,129,4,4,132,129,3,126,157,111,126,126,157,157,126,255,7,15,31,31,7,7,31,33,110,102,68,67,137,98,46,85,5,2,85,85,5,5,85,6,5,4,3,2,1,5,7,155,150,138,118,82,46,34,22,0,0,4,0,0,3,19,0,0,0,0,67,50,1,170,255,8,255,255,236,85,1,1,7,0,1,11,0,255,72,14,244,170,242,237,13,247,15,247,12,247,14,247,10,247,0,0,0,224,10,7,0,128,80,160,195,246,126,247,110,120,1,0,188,44,10,152,214,228,50,218,78,2,130,129,4,4,132,129,3,126,157,111,126,126,157,157,126,255,3,15,31,31,7,7,31,33,110,102,68,67,137,98,46,85,5,2,85,85,5,5,85,6,5,4,3,2,1,5,7,159,150,142,122,86,50,38,26,0,0,4,0,0,3,3,0,0,0,0,67,56,1,170,255,8,255,255,236,85,1,1,7,0,1,11,0,255,72,14,244,170,242
2026-08-07_09-50-59,1,651,0,0.0,0,0.0,-1,-1,237,13,247,15,247,12,247,14,247,10,247,0,0,0,224,10,7,0,128,80,160,195,246,126,247,110,120,1,0,188,44,10,152,214,228,50,218,78,2,130,129,4,4,132,129,3,126,157,111,126,126,157,157,126,255,3,15,31,31,7,7,31,33,110,102,68,67,137,98,46,85,5,2,85,85,5,5,85,6,5,4,3,2,1,5,7,159,150,142,122,86,50,38,26,0,0,4,0,0,3,3,0,0,0,0,67,56,1,170,255,8,255,255,236,85,1,1,7,0,1,11,0,255,72,14,244,170,242,241,13,247,15,247,12,247,14,247,10,247,0,0,0,224,10,7,0,119,80,160,195,246,126,247,111,120,1,0,100,44,10,152,214,228,50,218,78,2,130,129,4,4,132,129,3,126,157,111,126,126,157,157,126,255,0,15,31,31,7,7,31,33,110,102,68,67,137,98,46,85,5,2,85,85,5,5,85,6,5,4,3,2,1,5,7,162,150,145,125,89,53,41,29,0,0,4,230,0,3,19,0,0,0,0,67,69,0,170,255,8,255,255,236,85,1,1,7,0,1,11,0,255,72,14,244,170,242
2026-08-07_09-50-59,1,652,0,0.0,0,0.0,-1,-1,241,13,247,15,247,12,247,14,247,10,247,0,0,0,224,10,7,0,119,80,160,195,246,126,247,111,120,1,0,100,44,10,152,214,228,50,218,78,2,130,129,4,4,132,129,3,126,157,111,126,126,157,157,126,255,0,15,31,31,7,7,31,33,110,102,68,67,137,98,46,85,5,2,85,85,5,5,85,6,5,4,3,2,1,5,7,162,150,145,125,89,53,41,29,0,0,4,230,0,3,19,0,0,0,0,67,69,0,170,255,8,255,255,236,85,1,1,7,0,1,11,0,255,72,14,244,170,242,245,13,247,15,247,12,247,14,247,10,247,0,0,0,224,10,7,0,123,80,160,195,246,126,247,112,120,1,0,12,44,10,152,214,228,50,218,78,2,130,129,4,4,132,129,3,126,157,111,126,126,157,157,126,255,255,15,31,31,7,7,31,33,110,102,68,67,137,98,46,85,5,2,85,85,5,5,85,6,5,4,3,2,1,5,7,166,154,149,129,93,57,45,33,0,0,4,238,0,3,3,0,0,0,0,67,82,0,170,255,8,255,255,236,85,1,1,7,0,1,11,0,255,72,14,244,170,242
2026-08-07_09-50-59,1,653,0,0.0,0,0.0,-1,-1,245,13,247,15,247,12,247,14,247,10,247,0,0,0,224,10,7,0,123,80,160,195,246,126,247,112,120,1,0,12,44,10,152,214,228,50,218,78,2,130,129,4,4,132,129,3,126,157,111,126,126,157,157,126,255,255,15,31,31,7,7,31,33,110,102,68,67,137,98,46,85,5,2,85,85,5,5,85,6,5,4,3,2,1,5,7,166,154,149,129,93,57,45,33,0,0,4,238,0,3,3,0,0,0,0,67,82,0,170,255,8,255,255,236,85,1,1,7,0,1,11,0,255,72,14,244,170,242,249,13,247,15,247,12,247,14,247,10,247,0,0,0,224,10,7,0,126,80,160,195,246,126,247,113,120,1,0,180,44,10,152,214,228,50,218,78,2,130,129,4,4,132,129,3,126,157,111,126,126,157,157,126,255,255,13,31,31,7,7,31,33,110,102,68,67,137,98,46,85,5,2,85,85,5,5,85,6,5,4,3,2,1,5,7,169,157,150,132,96,60,48,36,0,0,4,246,0,3,19,0,0,0,0,67,88,0,170,255,8,255,255,236,85,1,1,7,0,1,11,0,255,72,14,244,170,242
2026-08-07_09-50-59,1,654,0,0.0,1,0.0,-1,-1,249,13,247,15,247,12,247,14,247,10,247,0,0,0,224,10,7,0,126,80,160,195,246,126,247,113,120,1,0,180,44,10,152,214,228,50,218,78,2,130,129,4,4,132,129,3,126,157,111,126,126,157,157,126,255,255,13,31,31,7,7,31,33,110,102,68,67,137,98,46,85,5,2,85,85,5,5,85,6,5,4,3,2,1,5,7,169,157,150,132,96,60,48,36,0,0,4,246,0,3,19,0,0,0,0,67,88,0,170,255,8,255,255,236,85,1,1,7,0,1,11,0,255,72,14,244,170,242,253,13,247,15,247,12,247,14,247,10,247,0,0,0,224,10,5,255,126,80,160,195,246,157,247,113,120,1,0,180,10,152,214,228,50,218,78,58,130,129,4,4,132,129,3,132,157,111,126,126,157,157,126,157,255,12,31,31,7,7,31,7,110,102,68,67,137,98,46,137,5,2,85,85,5,5,85,5,5,4,3,2,1,5,7,5,157,149,132,96,60,48,36,0,0,0,4,254,0,3,19,0,0,0,0,67,88,0,170,255,7,255,255,216,5,136,0,7,152,1,11,0,255,72,14,244,44,241
