run_ts,episode,step,action,reward,done,episode_return,lives_pre,lives_post,ram_pre_0,ram_pre_1,ram_pre_2,ram_pre_3,ram_pre_4,ram_pre_5,ram_pre_6,ram_pre_7,ram_pre_8,ram_pre_9,ram_pre_10,ram_pre_11,ram_pre_12,ram_pre_13,ram_pre_14,ram_pre_15,ram_pre_16,ram_pre_17,ram_pre_18,ram_pre_19,ram_pre_20,ram_pre_21,ram_pre_22,ram_pre_23,ram_pre_24,ram_pre_25,ram_pre_26,ram_pre_27,ram_pre_28,ram_pre_29,ram_pre_30,ram_pre_31,ram_pre_32,ram_pre_33,ram_pre_34,ram_pre_35,ram_pre_36,ram_pre_37,ram_pre_38,ram_pre_39,ram_pre_40,ram_pre_41,ram_pre_42,ram_pre_43,ram_pre_44,ram_pre_45,ram_pre_46,ram_pre_47,ram_pre_48,ram_pre_49,ram_pre_50,ram_pre_51,ram_pre_52,ram_pre_53,ram_pre_54,ram_pre_55,ram_pre_56,ram_pre_57,ram_pre_58,ram_pre_59,ram_pre_60,ram_pre_61,ram_pre_62,ram_pre_63,ram_pre_64,ram_pre_65,ram_pre_66,ram_pre_67,ram_pre_68,ram_pre_69,ram_pre_70,ram_pre_71,ram_pre_72,ram_pre_73,ram_pre_74,ram_pre_75,ram_pre_76,ram_pre_77,ram_pre_78,ram_pre_79,ram_pre_80,ram_pre_81,ram_pre_82,ram_pre_83,ram_pre_84,ram_pre_85,ram_pre_86,ram_pre_87,ram_pre_88,ram_pre_89,ram_pre_90,ram_pre_91,ram_pre_92,ram_pre_93,ram_pre_94,ram_pre_95,ram_pre_96,ram_pre_97,ram_pre_98,ram_pre_99,ram_pre_100,ram_pre_101,ram_pre_102,ram_pre_103,ram_pre_104,ram_pre_105,ram_pre_106,ram_pre_107,ram_pre_108,ram_pre_109,ram_pre_110,ram_pre_111,ram_pre_112,ram_pre_113,ram_pre_114,ram_pre_115,ram_pre_116,ram_pre_117,ram_pre_118,ram_pre_119,ram_pre_120,ram_pre_121,ram_pre_122,ram_pre_123,ram_pre_124,ram_pre_125,ram_pre_126,ram_pre_127,ram_post_0,ram_post_1,ram_post_2,ram_post_3,ram_post_4,ram_post_5,ram_post_6,ram_post_7,ram_post_8,ram_post_9,ram_post_10,ram_post_11,ram_post_12,ram_post_13,ram_post_14,ram_post_15,ram_post_16,ram_post_17,ram_post_18,ram_post_19,ram_post_20,ram_post_21,ram_post_22,ram_post_23,ram_post_24,ram_post_25,ram_post_26,ram_post_27,ram_post_28,ram_post_29,ram_post_30,ram_post_31,ram_post_32,ram_post_33,ram_post_34,ram_post_35,ram_post_36,ram_post_37,ram_post_38,ram_post_39,ram_post_40,ram_post_41,ram_post_42,ram_post_43,ram_post_44,ram_post_45,ram_post_46,ram_post_47,ram_post_48,ram_post_49,ram_post_50,ram_post_51,ram_post_52,ram_post_53,ram_post_54,ram_post_55,ram_post_56,ram_post_57,ram_post_58,ram_post_59,ram_post_60,ram_post_61,ram_post_62,ram_post_63,ram_post_64,ram_post_65,ram_post_66,ram_post_67,ram_post_68,ram_post_69,ram_post_70,ram_post_71,ram_post_72,ram_post_73,ram_post_74,ram_post_75,ram_post_76,ram_post_77,ram_post_78,ram_post_79,ram_post_80,ram_post_81,ram_post_82,ram_post_83,ram_post_84,ram_post_85,ram_post_86,ram_post_87,ram_post_88,ram_post_89,ram_post_90,ram_post_91,ram_post_92,ram_post_93,ram_post_94,ram_post_95,ram_post_96,ram_post_97,ram_post_98,ram_post_99,ram_post_100,ram_post_101,ram_post_102,ram_post_103,ram_post_104,ram_post_105,ram_post_106,ram_post_107,ram_post_108,ram_post_109,ram_post_110,ram_post_111,ram_post_112,ram_post_113,ram_post_114,ram_post_115,ram_post_116,ram_post_117,ram_post_118,ram_post_119,ram_post_120,ram_post_121,ram_post_122,ram_post_123,ram_post_124,ram_post_125,ram_post_126,ram_post_127
2026-08-03_15-49-30,1,0,0,0.0,0,0.0,4,4,0,0,181,255,0,0,20,0,41,57,97,129,0,255,129,0,0,0,0,147,73,33,1,254,253,253,253,0,12,68,76,84,0,160,228,85,213,33,253,1,253,255,255,255,255,255,60,0,0,0,0,0,0,0,0,128,112,104,96,0,0,0,0,0,0,0,254,4,254,0,0,0,0,0,36,6,6,6,0,0,0,0,0,0,3,4,0,0,0,0,0,0,0,0,56,255,0,0,0,0,0,0,0,0,0,0,0,0,0,0,0,0,0,0,0,0,150,255,150,255,150,255,150,255,81,249,38,255,0,0,89,255,0,0,24,0,41,57,97,129,0,255,129,0,0,0,0,171,73,33,1,254,253,253,253,0,12,68,76,84,0,160,228,85,213,33,253,1,253,255,255,255,255,255,60,0,0,0,0,0,0,0,0,128,112,104,96,0,0,0,0,0,0,0,254,4,254,0,0,0,0,0,36,6,6,6,0,0,0,0,0,0,3,4,0,0,0,0,0,0,0,0,56,255,0,0,0,0,0,0,0,0,0,0,0,0,0,0,0,0,0,0,0,0,150,255,150,255,150,255,150,255,81,249,38,255
2026-08-03_15-49-30,1,1,0,0.0,0,0.0,4,4,0,0,89,255,0,0,24,0,41,57,97,129,0,255,129,0,0,0,0,171,73,33,1,254,253,253,253,0,12,68,76,84,0,160,228,85,213,33,253,1,253,255,255,255,255,255,60,0,0,0,0,0,0,0,0,128,112,104,96,0,0,0,0,0,0,0,254,4,254,0,0,0,0,0,36,6,6,6,0,0,0,0,0,0,3,4,0,0,0,0,0,0,0,0,56,255,0,0,0,0,0,0,0,0,0,0,0,0,0,0,0,0,0,0,0,0,150,255,150,255,150,255,150,255,81,249,38,255,0,0,150,255,0,0,28,0,41,57,97,129,0,255,129,0,0,0,0,147,73,33,1,254,253,253,253,0,12,68,76,84,0,160,228,85,213,33,253,1,253,255,255,255,255,255,60,0,0,0,0,0,0,0,0,128,112,104,96,0,0,0,0,0,0,0,254,4,254,0,0,0,0,0,36,6,6,6,0,0,0,0,0,0,3,4,0,0,0,0,0,0,0,0,56,255,0,0,0,0,0,0,0,0,0,0,0,0,0,0,0,0,0,0,0,0,150,255,150,255,150,255,150,255,81,249,38,255
2026-08-03_15-49-30,1,2,0,0.0,0,0.0,4,4,0,0,150,255,0,0,28,0,41,57,97,129,0,255,129,0,0,0,0,147,73,33,1,254,253,253,253,0,12,68,76,84,0,160,228,85,213,33,253,1,253,255,255,255,255,255,60,0,0,0,0,0,0,0,0,128,112,104,96,0,0,0,0,0,0,0,254,4,254,0,0,0,0,0,36,6,6,6,0,0,0,0,0,0,3,4,0,0,0,0,0,0,0,0,56,255,0,0,0,0,0,0,0,0,0,0,0,0,0,0,0,0,0,0,0,0,150,255,150,255,150,255,150,255,81,249,38,255,0,0,97,255,0,0,32,0,41,57,97,129,0,255,129,0,0,0,0,171,73,33,1,254,253,253,253,0,12,68,76,84,0,160,228,85,213,33,253,1,253,255,255,255,255,255,60,0,0,0,0,0,0,0,0,128,112,104,96,0,0,0,0,0,0,0,254,4,254,0,0,0,0,0,36,6,6,6,0,0,0,0,0,0,3,4,0,0,0,0,0,0,0,0,56,255,0,0,0,0,0,0,0,0,0,0,0,0,0,0,0,0,0,0,0,0,150,255,150,255,150,255,150,255,81,249,38,255
2026-08-03_15-49-30,1,3,0,0.0,0,0.0,4,4,0,0,97,255,0,0,32,0,41,57,97,129,0,255,129,0,0,0,0,171,73,33,1,254,253,253,253,0,12,68,76,84,0,160,228,85,213,33,253,1,253,255,255,255,255,255,60,0,0,0,0,0,0,0,0,128,112,104,96,0,0,0,0,0,0,0,254,4,254,0,0,0,0,0,36,6,6,6,0,0,0,0,0,0,3,4,0,0,0,0,0,0,0,0,56,255,0,0,0,0,0,0,0,0,0,0,0,0,0,0,0,0,0,0,0,0,150,255,150,255,150,255,150,255,81,249,38,255,0,0,31,255,0,0,36,0,41,57,97,129,0,255,129,0,0,0,0,147,73,33,1,254,253,253,253,0,12,68,76,84,0,160,228,85,213,33,253,1,253,255,255,255,255,255,60,0,0,0,0,0,0,0,0,128,112,104,96,0,0,0,0,0,0,0,254,4,254,0,0,0,0,0,36,6,6,6,0,0,0,0,0,0,3,4,0,0,0,0,0,0,0,0,56,255,0,0,0,0,0,0,0,0,0,0,0,0,0,0,0,0,0,0,0,0,150,255,150,255,150,255,150,255,81,249,38,255
2026-08-03_15-49-30,1,4,0,0.0,0,0.0,4,4,0,0,31,255,0,0,36,0,41,57,97,129,0,255,129,0,0,0,0,147,73,33,1,254,253,253,253,0,12,68,76,84,0,160,228,85,213,33,253,1,253,255,255,255,255,255,60,0,0,0,0,0,0,0,0,128,112,104,96,0,0,0,0,0,0,0,254,4,254,0,0,0,0,0,36,6,6,6,0,0,0,0,0,0,3,4,0,0,0,0,0,0,0,0,56,255,0,0,0,0,0,0,0,0,0,0,0,0,0,0,0,0,0,0,0,0,150,255,150,255,150,255,150,255,81,249,38,255,0,0,246,255,0,0,40,0,41,57,97,129,0,255,129,0,0,0,0,171,73,33,1,254,253,253,253,0,12,68,76,84,0,160,228,85,213,33,253,1,253,255,255,255,255,255,60,0,0,0,0,0,0,0,0,128,112,104,96,0,0,0,0,0,0,0,254,4,254,0,0,0,0,0,36,6,6,6,0,0,0,0,0,0,3,4,0,0,0,0,0,0,0,0,56,255,0,0,0,0,0,0,0,0,0,0,0,0,0,0,0,0,0,0,0,0,150,255,150,255,150,255,150,255,81,249,38,255
2026-08-03_15-49-30,1,5,0,0.0,0,0.0,4,4,0,0,246,255,0,0,40,0,41,57,97,129,0,255,129,0,0,0,0,171,73,33,1,254,253,253,253,0,12,68,76,84,0,160,228,85,213,33,253,1,253,255,255,255,255,255,60,0,0,0,0,0,0,0,0,128,112,104,96,0,0,0,0,0,0,0,254,4,254,0,0,0,0,0,36,6,6,6,0,0,0,0,0,0,3,4,0,0,0,0,0,0,0,0,56,255,0,0,0,0,0,0,0,0,0,0,0,0,0,0,0,0,0,0,0,0,150,255,150,255,150,255,150,255,81,249,38,255,0,0,111,255,0,0,44,0,41,57,97,129,0,255,129,0,0,0,0,147,73,33,1,254,253,253,253,0,12,68,76,84,0,160,228,85,213,33,253,1,253,255,255,255,255,255,60,0,0,0,0,0,0,0,0,128,112,104,96,0,0,0,0,0,0,0,254,4,254,0,0,0,0,0,36,6,6,6,0,0,0,0,0,0,3,4,0,0,0,0,0,0,0,0,56,255,0,0,0,0,0,0,0,0,0,0,0,0,0,0,0,0,0,0,0,0,150,255,150,255,150,255,150,255,81,249,38,255
2026-08-03_15-49-30,1,6,0,0.0,0,0.0,4,4,0,0,111,255,0,0,44,0,41,57,97,129,0,255,129,0,0,0,0,147,73,33,1,254,253,253,253,0,12,68,76,84,0,160,228,85,213,33,253,1,253,255,255,255,255,255,60,0,0,0,0,0,0,0,0,128,112,104,96,0,0,0,0,0,0,0,254,4,254,0,0,0,0,0,36,6,6,6,0,0,0,0,0,0,3,4,0,0,0,0,0,0,0,0,56,255,0,0,0,0,0,0,0,0,0,0,0,0,0,0,0,0,0,0,0,0,150,255,150,255,150,255,150,255,81,249,38,255,0,0,245,255,0,0,48,0,41,57,97,129,0,255,129,0,0,0,0,171,73,33,1,254,253,253,253,0,12,68,76,84,0,160,228,85,213,33,253,1,253,255,255,255,255,255,60,0,0,0,0,0,0,0,0,128,112,104,96,0,0,0,0,0,0,0,254,4,254,0,0,0,0,0,36,6,6,6,0,0,0,0,0,0,3,4,0,0,0,0,0,0,0,0,56,255,0,0,0,0,0,0,0,0,0,0,0,0,0,0,0,0,0,0,0,0,150,255,150,255,150,255,150,255,81,249,38,255
2026-08-03_15-49-30,1,7,0,0.0,0,0.0,4,4,0,0,245,255,0,0,48,0,41,57,97,129,0,255,129,0,0,0,0,171,73,33,1,254,253,253,253,0,12,68,76,84,0,160,228,85,213,33,253,1,253,255,255,255,255,255,60,0,0,0,0,0,0,0,0,128,112,104,96,0,0,0,0,0,0,0,254,4,254,0,0,0,0,0,36,6,6,6,0,0,0,0,0,0,3,4,0,0,0,0,0,0,0,0,56,255,0,0,0,0,0,0,0,0,0,0,0,0,0,0,0,0,0,0,0,0,150,255,150,255,150,255,150,255,81,249,38,255,0,0,93,255,0,0,52,0,41,57,97,129,0,255,129,0,0,0,0,147,73,33,1,254,253,253,253,0,12,68,76,84,0,160,228,85,213,33,253,1,253,255,255,255,255,255,60,0,0,0,0,0,0,0,0,128,112,104,96,0,0,0,0,0,0,0,254,4,254,0,0,0,0,0,36,6,6,6,0,0,0,0,0,0,3,4,0,0,0,0,0,0,0,0,56,255,0,0,0,0,0,0,0,0,0,0,0,0,0,0,0,0,0,0,0,0,150,255,150,255,150,255,150,255,81,249,38,255
2026-08-03_15-49-30,1,8,0,0.0,0,0.0,4,4,0,0,93,255,0,0,52,0,41,57,97,129,0,255,129,0,0,0,0,147,73,33,1,254,253,253,253,0,12,68,76,84,0,160,228,85,213,33,253,1,253,255,255,255,255,255,60,0,0,0,0,0,0,0,0,128,112,104,96,0,0,0,0,0,0,0,254,4,254,0,0,0,0,0,36,6,6,6,0,0,0,0,0,0,3,4,0,0,0,0,0,0,0,0,56,255,0,0,0,0,0,0,0,0,0,0,0,0,0,0,0,0,0,0,0,0,150,255,150,255,150,255,150,255,81,249,38,255,0,0,209,255,0,0,56,0,41,57,97,129,0,255,129,0,0,0,0,171,73,33,1,254,253,253,253,0,12,68,76,84,0,160,228,85,213,33,253,1,253,255,255,255,255,255,60,0,0,0,0,0,0,0,0,128,112,104,96,0,0,0,0,0,0,0,254,4,254,0,0,0,0,0,36,6,6,6,0,0,0,0,0,0,3,4,0,0,0,0,0,0,0,0,56,255,0,0,0,0,0,0,0,0,0,0,0,0,0,0,0,0,0,0,0,0,150,255,150,255,150,255,150,255,81,249,38,255
2026-08-03_15-49-30,1,9,0,0.0,0,0.0,4,4,0,0,209,255,0,0,56,0,41,57,97,129,0,255,129,0,0,0,0,171,73,33,1,254,253,253,253,0,12,68,76,84,0,160,228,85,213,33,253,1,253,255,255,255,255,255,60,0,0,0,0,0,0,0,0,128,112,104,96,0,0,0,0,0,0,0,254,4,254,0,0,0,0,0,36,6,6,6,0,0,0,0,0,0,3,4,0,0,0,0,0,0,0,0,56,255,0,0,0,0,0,0,0,0,0,0,0,0,0,0,0,0,0,0,0,0,150,255,150,255,150,255,150,255,81,249,38,255,0,0,16,255,0,0,60,0,41,57,97,129,0,255,129,0,0,0,0,147,73,33,1,254,253,253,253,0,12,68,76,84,0,160,228,85,213,33,253,1,253,255,255,255,255,255,60,0,0,0,0,0,0,0,0,128,112,104,96,0,0,0,0,0,0,0,254,4,254,0,0,0,0,0,36,6,6,6,0,0,0,0,0,0,3,4,0,0,0,0,0,0,0,0,56,255,0,0,0,0,0,0,0,0,0,0,0,0,0,0,0,0,0,0,0,0,150,255,150,255,150,255,150,255,81,249,38,255
2026-08-03_15-49-30,1,10,0,0.0,0,0.0,4,4,0,0,16,255,0,0,60,0,41,57,97,129,0,255,129,0,0,0,0,147,73,33,1,254,253,253,253,0,12,68,76,84,0,160,228,85,213,33,253,1,253,255,255,255,255,255,60,0,0,0,0,0,0,0,0,128,112,104,96,0,0,0,0,0,0,0,254,4,254,0,0,0,0,0,36,6,6,6,0,0,0,0,0,0,3,4,0,0,0,0,0,0,0,0,56,255,0,0,0,0,0,0,0,0,0,0,0,0,0,0,0,0,0,0,0,0,150,255,150,255,150,255,150,255,81,249,38,255,0,0,13,255,0,0,64,0,41,57,97,129,0,255,129,0,0,0,0,171,73,33,1,254,253,253,253,0,12,68,76,84,0,160,228,85,213,33,253,1,253,255,255,255,255,255,60,0,0,0,0,0,0,0,0,128,112,104,96,0,0,0,0,0,0,0,254,4,254,0,0,0,0,0,36,6,6,6,0,0,0,0,0,0,3,4,0,0,0,0,0,0,0,0,56,255,0,0,0,0,0,0,0,0,0,0,0,0,0,0,0,0,0,0,0,0,150,255,150,255,150,255,150,255,81,249,38,255
2026-08-03_15-49-30,1,11,0,0.0,0,0.0,4,4,0,0,13,255,0,0,64,0,41,57,97,129,0,255,129,0,0,0,0,171,73,33,1,254,253,253,253,0,12,68,76,84,0,160,228,85,213,33,253,1,253,255,255,255,255,255,60,0,0,0,0,0,0,0,0,128,112,104,96,0,0,0,0,0,0,0,254,4,254,0,0,0,0,0,36,6,6,6,0,0,0,0,0,0,3,4,0,0,0,0,0,0,0,0,56,255,0,0,0,0,0,0,0,0,0,0,0,0,0,0,0,0,0,0,0,0,150,255,150,255,150,255,150,255,81,249,38,255,0,0,216,255,0,0,68,0,41,57,97,129,0,255,129,0,0,0,0,147,73,33,1,254,253,253,253,0,12,68,76,84,0,160,228,85,213,33,253,1,253,255,255,255,255,255,60,0,0,0,0,0,0,0,0,128,112,104,96,0,0,0,0,0,0,0,254,4,254,0,0,0,0,0,36,6,6,6,0,0,0,0,0,0,3,4,0,0,0,0,0,0,0,0,56,255,0,0,0,0,0,0,0,0,0,0,0,0,0,0,0,0,0,0,0,0,150,255,150,255,150,255,150,255,81,249,38,255
2026-08-03_15-49-30,1,12,0,0.0,0,0.0,4,4,0,0,216,255,0,0,68,0,41,57,97,129,0,255,129,0,0,0,0,147,73,33,1,254,253,253,253,0,12,68,76,84,0,160,228,85,213,33,253,1,253,255,255,255,255,255,60,0,0,0,0,0,0,0,0,128,112,104,96,0,0,0,0,0,0,0,254,4,254,0,0,0,0,0,36,6,6,6,0,0,0,0,0,0,3,4,0,0,0,0,0,0,0,0,56,255,0,0,0,0,0,0,0,0,0,0,0,0,0,0,0,0,0,0,0,0,150,255,150,255,150,255,150,255,81,249,38,255,0,0,143,255,0,0,72,0,41,57,97,129,0,255,129,0,0,0,0,171,73,33,1,254,253,253,253,0,12,68,76,84,0,160,228,85,213,33,253,1,253,255,255,255,255,255,60,0,0,0,0,0,0,0,0,128,112,104,96,0,0,0,0,0,0,0,254,4,254,0,0,0,0,0,36,6,6,6,0,0,0,0,0,0,3,4,0,0,0,0,0,0,0,0,56,255,0,0,0,0,0,0,0,0,0,0,0,0,0,0,0,0,0,0,0,0,150,255,150,255,150,255,150,255,81,249,38,255
2026-08-03_15-49-30,1,13,0,0.0,0,0.0,4,4,0,0,143,255,0,0,72,0,41,57,97,129,0,255,129,0,0,0,0,171,73,33,1,254,253,253,253,0,12,68,76,84,0,160,228,85,213,33,253,1,253,255,255,255,255,255,60,0,0,0,0,0,0,0,0,128,112,104,96,0,0,0,0,0,0,0,254,4,254,0,0,0,0,0,36,6,6,6,0,0,0,0,0,0,3,4,0,0,0,0,0,0,0,0,56,255,0,0,0,0,0,0,0,0,0,0,0,0,0,0,0,0,0,0,0,0,150,255,150,255,150,255,150,255,81,249,38,255,0,0,243,255,0,0,76,0,41,57,97,129,0,255,129,0,0,0,0,147,73,33,1,254,253,253,253,0,12,68,76,84,0,160,228,85,213,33,253,1,253,255,255,255,255,255,60,0,0,0,0,0,0,0,0,128,112,104,96,0,0,0,0,0,0,0,254,4,254,0,0,0,0,0,36,6,6,6,0,0,0,0,0,0,3,4,0,0,0,0,0,0,0,0,56,255,0,0,0,0,0,0,0,0,0,0,0,0,0,0,0,0,0,0,0,0,150,255,150,255,150,255,150,255,81,249,38,255
2026-08-03_15-49-30,1,14,0,0.0,0,0.0,4,4,0,0,243,255,0,0,76,0,41,57,97,129,0,255,129,0,0,0,0,147,73,33,1,254,253,253,253,0,12,68,76,84,0,160,228,85,213,33,253,1,253,255,255,255,255,255,60,0,0,0,0,0,0,0,0,128,112,104,96,0,0,0,0,0,0,0,254,4,254,0,0,0,0,0,36,6,6,6,0,0,0,0,0,0,3,4,0,0,0,0,0,0,0,0,56,255,0,0,0,0,0,0,0,0,0,0,0,0,0,0,0,0,0,0,0,0,150,255,150,255,150,255,150,255,81,249,38,255,0,0,57,255,0,0,80,0,41,57,97,129,0,255,129,0,0,0,0,171,73,33,1,254,253,253,253,0,12,68,76,84,0,160,228,85,213,33,253,1,253,255,255,255,255,255,60,0,0,0,0,0,0,0,0,128,112,104,96,0,0,0,0,0,0,0,254,4,254,0,0,0,0,0,36,6,6,6,0,0,0,0,0,0,3,4,0,0,0,0,0,0,0,0,56,255,0,0,0,0,0,0,0,0,0,0,0,0,0,0,0,0,0,0,0,0,150,255,150,255,150,255,150,255,81,249,38,255
2026-08-03_15-49-30,1,15,0,0.0,0,0.0,4,4,0,0,57,255,0,0,80,0,41,57,97,129,0,255,129,0,0,0,0,171,73,33,1,254,253,253,253,0,12,68,76,84,0,160,228,85,213,33,253,1,253,255,255,255,255,255,60,0,0,0,0,0,0,0,0,128,112,104,96,0,0,0,0,0,0,0,254,4,254,0,0,0,0,0,36,6,6,6,0,0,0,0,0,0,3,4,0,0,0,0,0,0,0,0,56,255,0,0,0,0,0,0,0,0,0,0,0,0,0,0,0,0,0,0,0,0,150,255,150,255,150,255,150,255,81,249,38,255,0,0,152,255,0,0,84,0,41,57,97,129,0,255,129,0,0,0,0,147,73,33,1,254,253,253,253,0,12,68,76,84,0,160,228,85,213,33,253,1,253,255,255,255,255,255,60,0,0,0,0,0,0,0,0,128,112,104,96,0,0,0,0,0,0,0,254,4,254,0,0,0,0,0,36,6,6,6,0,0,0,0,0,0,3,4,0,0,0,0,0,0,0,0,56,255,0,0,0,0,0,0,0,0,0,0,0,0,0,0,0,0,0,0,0,0,150,255,150,255,150,255,150,255,81,249,38,255
2026-08-03_15-49-30,1,16,0,0.0,0,0.0,4,4,0,0,152,255,0,0,84,0,41,57,97,129,0,255,129,0,0,0,0,147,73,33,1,254,253,253,253,0,12,68,76,84,0,160,228,85,213,33,253,1,253,255,255,255,255,255,60,0,0,0,0,0,0,0,0,128,112,104,96,0,0,0,0,0,0,0,254,4,254,0,0,0,0,0,36,6,6,6,0,0,0,0,0,0,3,4,0,0,0,0,0,0,0,0,56,255,0,0,0,0,0,0,0,0,0,0,0,0,0,0,0,0,0,0,0,0,150,255,150,255,150,255,150,255,81,249,38,255,0,0,139,255,0,0,88,0,41,57,97,129,0,255,129,0,0,0,0,171,73,33,1,254,253,253,253,0,12,68,76,84,0,160,228,85,213,33,253,1,253,255,255,255,255,255,60,0,0,0,0,0,0,0,0,128,112,104,96,0,0,0,0,0,0,0,254,4,254,0,0,0,0,0,36,6,6,6,0,0,0,0,0,0,3,4,0,0,0,0,0,0,0,0,56,255,0,0,0,0,0,0,0,0,0,0,0,0,0,0,0,0,0,0,0,0,150,255,150,255,150,255,150,255,81,249,38,255
2026-08-03_15-49-30,1,17,0,0.0,0,0.0,4,4,0,0,139,255,0,0,88,0,41,57,97,129,0,255,129,0,0,0,0,171,73,33,1,254,253,253,253,0,12,68,76,84,0,160,228,85,213,33,253,1,253,255,255,255,255,255,60,0,0,0,0,0,0,0,0,128,112,104,96,0,0,0,0,0,0,0,254,4,254,0,0,0,0,0,36,6,6,6,0,0,0,0,0,0,3,4,0,0,0,0,0,0,0,0,56,255,0,0,0,0,0,0,0,0,0,0,0,0,0,0,0,0,0,0,0,0,150,255,150,255,150,255,150,255,81,249,38,255,0,0,180,255,0,0,92,0,41,57,97,129,0,255,129,0,0,0,0,147,73,33,1,254,253,253,253,0,12,68,76,84,0,160,228,85,213,33,253,1,253,255,255,255,255,255,60,0,0,0,0,0,0,0,0,128,112,104,96,0,0,0,0,0,0,0,254,4,254,0,0,0,0,0,36,6,6,6,0,0,0,0,0,0,3,4,0,0,0,0,0,0,0,0,56,255,0,0,0,0,0,0,0,0,0,0,0,0,0,0,0,0,0,0,0,0,150,255,150,255,150,255,150,255,81,249,38,255
2026-08-03_15-49-30,1,18,0,0.0,0,0.0,4,4,0,0,180,255,0,0,92,0,41,57,97,129,0,255,129,0,0,0,0,147,73,33,1,254,253,253,253,0,12,68,76,84,0,160,228,85,213,33,253,1,253,255,255,255,255,255,60,0,0,0,0,0,0,0,0,128,112,104,96,0,0,0,0,0,0,0,254,4,254,0,0,0,0,0,36,6,6,6,0,0,0,0,0,0,3,4,0,0,0,0,0,0,0,0,56,255,0,0,0,0,0,0,0,0,0,0,0,0,0,0,0,0,0,0,0,0,150,255,150,255,150,255,150,255,81,249,38,255,0,0,72,255,0,0,96,0,41,57,97,129,0,255,129,0,0,0,0,171,73,33,1,254,253,253,253,0,12,68,76,84,0,160,228,85,213,33,253,1,253,255,255,255,255,255,60,0,0,0,0,0,0,0,0,128,112,104,96,0,0,0,0,0,0,0,254,4,254,0,0,0,0,0,36,6,6,6,0,0,0,0,0,0,3,4,0,0,0,0,0,0,0,0,56,255,0,0,0,0,0,0,0,0,0,0,0,0,0,0,0,0,0,0,0,0,150,255,150,255,150,255,150,255,81,249,38,255
2026-08-03_15-49-30,1,19,0,0.0,0,0.0,4,4,0,0,72,255,0,0,96,0,41,57,97,129,0,255,129,0,0,0,0,171,73,33,1,254,253,253,253,0,12,68,76,84,0,160,228,85,213,33,253,1,253,255,255,255,255,255,60,0,0,0,0,0,0,0,0,128,112,104,96,0,0,0,0,0,0,0,254,4,254,0,0,0,0,0,36,6,6,6,0,0,0,0,0,0,3,4,0,0,0,0,0,0,0,0,56,255,0,0,0,0,0,0,0,0,0,0,0,0,0,0,0,0,0,0,0,0,150,255,150,255,150,255,150,255,81,249,38,255,0,0,138,255,0,0,100,0,41,57,97,129,0,255,129,0,0,0,0,147,73,33,1,254,253,253,253,0,12,68,76,84,0,160,228,85,213,33,253,1,253,255,255,255,255,255,60,0,0,0,0,0,0,0,0,128,112,104,96,0,0,0,0,0,0,0,254,4,254,0,0,0,0,0,36,6,6,6,0,0,0,0,0,0,3,4,0,0,0,0,0,0,0,0,56,255,0,0,0,0,0,0,0,0,0,0,0,0,0,0,0,0,0,0,0,0,150,255,150,255,150,255,150,255,81,249,38,255
2026-08-03_15-49-30,1,20,0,0.0,0,0.0,4,4,0,0,138,255,0,0,100,0,41,57,97,129,0,255,129,0,0,0,0,147,73,33,1,254,253,253,253,0,12,68,76,84,0,160,228,85,213,33,253,1,253,255,255,255,255,255,60,0,0,0,0,0,0,0,0,128,112,104,96,0,0,0,0,0,0,0,254,4,254,0,0,0,0,0,36,6,6,6,0,0,0,0,0,0,3,4,0,0,0,0,0,0,0,0,56,255,0,0,0,0,0,0,0,0,0,0,0,0,0,0,0,0,0,0,0,0,150,255,150,255,150,255,150,255,81,249,38,255,0,0,165,255,0,0,104,0,41,57,97,129,0,255,129,0,0,0,0,171,73,33,1,254,253,253,253,0,12,68,76,84,0,160,228,85,213,33,253,1,253,255,255,255,255,255,60,0,0,0,0,0,0,0,0,128,112,104,96,0,0,0,0,0,0,0,254,4,254,0,0,0,0,0,36,6,6,6,0,0,0,0,0,0,3,4,0,0,0,0,0,0,0,0,56,255,0,0,0,0,0,0,0,0,0,0,0,0,0,0,0,0,0,0,0,0,150,255,150,255,150,255,150,255,81,249,38,255
2026-08-03_15-49-30,1,21,0,0.0,0,0.0,4,4,0,0,165,255,0,0,104,0,41,57,97,129,0,255,129,0,0,0,0,171,73,33,1,254,253,253,253,0,12,68,76,84,0,160,228,85,213,33,253,1,253,255,255,255,255,255,60,0,0,0,0,0,0,0,0,128,112,104,96,0,0,0,0,0,0,0,254,4,254,0,0,0,0,0,36,6,6,6,0,0,0,0,0,0,3,4,0,0,0,0,0,0,0,0,56,255,0,0,0,0,0,0,0,0,0,0,0,0,0,0,0,0,0,0,0,0,150,255,150,255,150,255,150,255,81,249,38,255,0,0,84,255,0,0,108,0,41,57,97,129,0,255,129,0,0,0,0,147,73,33,1,254,253,253,253,0,12,68,76,84,0,160,228,85,213,33,253,1,253,255,255,255,255,255,60,0,0,0,0,0,0,0,0,128,112,104,96,0,0,0,0,0,0,0,254,4,254,0,0,0,0,0,36,6,6,6,0,0,0,0,0,0,3,4,0,0,0,0,0,0,0,0,56,255,0,0,0,0,0,0,0,0,0,0,0,0,0,0,0,0,0,0,0,0,150,255,150,255,150,255,150,255,81,249,38,255
2026-08-03_15-49-30,1,22,0,0.0,0,0.0,4,4,0,0,84,255,0,0,108,0,41,57,97,129,0,255,129,0,0,0,0,147,73,33,1,254,253,253,253,0,12,68,76,84,0,160,228,85,213,33,253,1,253,255,255,255,255,255,60,0,0,0,0,0,0,0,0,128,112,104,96,0,0,0,0,0,0,0,254,4,254,0,0,0,0,0,36,6,6,6,0,0,0,0,0,0,3,4,0,0,0,0,0,0,0,0,56,255,0,0,0,0,0,0,0,0,0,0,0,0,0,0,0,0,0,0,0,0,150,255,150,255,150,255,150,255,81,249,38,255,0,0,78,255,0,0,112,0,41,57,97,129,0,255,129,0,0,0,0,171,73,33,1,254,253,253,253,0,12,68,76,84,0,160,228,85,213,33,253,1,253,255,255,255,255,255,60,0,0,0,0,0,0,0,0,128,112,104,96,0,0,0,0,0,0,0,254,4,254,0,0,0,0,0,36,6,6,6,0,0,0,0,0,0,3,4,0,0,0,0,0,0,0,0,56,255,0,0,0,0,0,0,0,0,0,0,0,0,0,0,0,0,0,0,0,0,150,255,150,255,150,255,150,255,81,249,38,255
2026-08-03_15-49-30,1,23,0,0.0,0,0.0,4,4,0,0,78,255,0,0,112,0,41,57,97,129,0,255,129,0,0,0,0,171,73,33,1,254,253,253,253,0,12,68,76,84,0,160,228,85,213,33,253,1,253,255,255,255,255,255,60,0,0,0,0,0,0,0,0,128,112,104,96,0,0,0,0,0,0,0,254,4,254,0,0,0,0,0,36,6,6,6,0,0,0,0,0,0,3,4,0,0,0,0,0,0,0,0,56,255,0,0,0,0,0,0,0,0,0,0,0,0,0,0,0,0,0,0,0,0,150,255,150,255,150,255,150,255,81,249,38,255,0,0,238,255,0,0,116,0,41,57,97,129,0,255,129,0,0,0,0,147,73,33,1,254,253,253,253,0,12,68,76,84,0,160,228,85,213,33,253,1,253,255,255,255,255,255,60,0,0,0,0,0,0,0,0,128,112,104,96,0,0,0,0,0,0,0,254,4,254,0,0,0,0,0,36,6,6,6,0,0,0,0,0,0,3,4,0,0,0,0,0,0,0,0,56,255,0,0,0,0,0,0,0,0,0,0,0,0,0,0,0,0,0,0,0,0,150,255,150,255,150,255,150,255,81,249,38,255
2026-08-03_15-49-30,1,24,0,0.0,0,0.0,4,4,0,0,238,255,0,0,116,0,41,57,97,129,0,255,129,0,0,0,0,147,73,33,1,254,253,253,253,0,12,68,76,84,0,160,228,85,213,33,253,1,253,255,255,255,255,255,60,0,0,0,0,0,0,0,0,128,112,104,96,0,0,0,0,0,0,0,254,4,254,0,0,0,0,0,36,6,6,6,0,0,0,0,0,0,3,4,0,0,0,0,0,0,0,0,56,255,0,0,0,0,0,0,0,0,0,0,0,0,0,0,0,0,0,0,0,0,150,255,150,255,150,255,150,255,81,249,38,255,0,0,236,255,0,0,120,0,41,57,97,129,0,255,129,0,0,0,0,171,73,33,1,254,253,253,253,0,12,68,76,84,0,160,228,85,213,33,253,1,253,255,255,255,255,255,60,0,0,0,0,0,0,0,0,128,112,104,96,0,0,0,0,0,0,0,254,4,254,0,0,0,0,0,36,6,6,6,0,0,0,0,0,0,3,4,0,0,0,0,0,0,0,0,56,255,0,0,0,0,0,0,0,0,0,0,0,0,0,0,0,0,0,0,0,0,150,255,150,255,150,255,150,255,81,249,38,255
2026-08-03_15-49-30,1,25,0,0.0,0,0.0,4,4,0,0,236,255,0,0,120,0,41,57,97,129,0,255,129,0,0,0,0,171,73,33,1,254,253,253,253,0,12,68,76,84,0,160,228,85,213,33,253,1,253,255,255,255,255,255,60,0,0,0,0,0,0,0,0,128,112,104,96,0,0,0,0,0,0,0,254,4,254,0,0,0,0,0,36,6,6,6,0,0,0,0,0,0,3,4,0,0,0,0,0,0,0,0,56,255,0,0,0,0,0,0,0,0,0,0,0,0,0,0,0,0,0,0,0,0,150,255,150,255,150,255,150,255,81,249,38,255,0,0,207,255,0,0,124,0,41,57,97,129,0,255,129,0,0,0,0,147,73,33,1,254,253,253,253,0,12,68,76,84,0,160,228,85,213,33,253,1,253,255,255,255,255,255,60,0,0,0,0,0,0,0,0,128,112,104,96,0,0,0,0,0,0,0,254,4,254,0,0,0,0,0,36,6,6,6,0,0,0,0,0,0,3,4,0,0,0,0,0,0,0,0,56,255,0,0,0,0,0,0,0,0,0,0,0,0,0,0,0,0,0,0,0,0,150,255,150,255,150,255,150,255,81,249,38,255
2026-08-03_15-49-30,1,26,0,0.0,0,0.0,4,4,0,0,207,255,0,0,124,0,41,57,97,129,0,255,129,0,0,0,0,147,73,33,1,254,253,253,253,0,12,68,76,84,0,160,228,85,213,33,253,1,253,255,255,255,255,255,60,0,0,0,0,0,0,0,0,128,112,104,96,0,0,0,0,0,0,0,254,4,254,0,0,0,0,0,36,6,6,6,0,0,0,0,0,0,3,4,0,0,0,0,0,0,0,0,56,255,0,0,0,0,0,0,0,0,0,0,0,0,0,0,0,0,0,0,0,0,150,255,150,255,150,255,150,255,81,249,38,255,0,0,247,255,0,0,128,0,41,57,97,129,0,255,129,0,0,0,0,171,73,33,1,254,253,253,253,0,12,68,76,84,0,160,228,85,213,33,253,1,253,255,255,255,255,255,60,0,0,0,0,0,0,0,0,128,112,104,96,0,0,0,0,0,0,0,254,4,254,0,0,0,0,0,36,6,6,6,0,0,0,0,0,0,3,4,0,0,0,0,0,0,0,0,56,255,0,0,0,0,0,0,0,0,0,0,0,0,0,0,0,0,0,0,0,0,150,255,150,255,150,255,150,255,81,249,38,255
2026-08-03_15-49-30,1,27,0,0.0,0,0.0,4,4,0,0,247,255,0,0,128,0,41,57,97,129,0,255,129,0,0,0,0,171,73,33,1,254,253,253,253,0,12,68,76,84,0,160,228,85,213,33,253,1,253,255,255,255,255,255,60,0,0,0,0,0,0,0,0,128,112,104,96,0,0,0,0,0,0,0,254,4,254,0,0,0,0,0,36,6,6,6,0,0,0,0,0,0,3,4,0,0,0,0,0,0,0,0,56,255,0,0,0,0,0,0,0,0,0,0,0,0,0,0,0,0,0,0,0,0,150,255,150,255,150,255,150,255,81,249,38,255,0,0,126,255,0,0,132,0,41,57,97,129,0,255,129,0,0,0,0,147,73,33,1,254,253,253,253,0,12,68,76,84,0,160,228,85,213,33,253,1,253,255,255,255,255,255,60,0,0,0,0,0,0,0,0,128,112,104,96,0,0,0,0,0,0,0,254,4,254,0,0,0,0,0,36,6,6,6,0,0,0,0,0,0,3,4,0,0,0,0,0,0,0,0,56,255,0,0,0,0,0,0,0,0,0,0,0,0,0,0,0,0,0,0,0,0,150,255,150,255,150,255,150,255,81,249,38,255
2026-08-03_15-49-30,1,28,0,0.0,0,0.0,4,4,0,0,126,255,0,0,132,0,41,57,97,129,0,255,129,0,0,0,0,147,73,33,1,254,253,253,253,0,12,68,76,84,0,160,228,85,213,33,253,1,253,255,255,255,255,255,60,0,0,0,0,0,0,0,0,128,112,104,96,0,0,0,0,0,0,0,254,4,254,0,0,0,0,0,36,6,6,6,0,0,0,0,0,0,3,4,0,0,0,0,0,0,0,0,56,255,0,0,0,0,0,0,0,0,0,0,0,0,0,0,0,0,0,0,0,0,150,255,150,255,150,255,150,255,81,249,38,255,0,0,233,255,0,0,136,0,41,57,97,129,0,255,129,0,0,0,0,171,73,33,1,254,253,253,253,0,12,68,76,84,0,160,228,85,213,33,253,1,253,255,255,255,255,255,60,0,0,0,0,0,0,0,0,128,112,104,96,0,0,0,0,0,0,0,254,4,254,0,0,0,0,0,36,6,6,6,0,0,0,0,0,0,3,4,0,0,0,0,0,0,0,0,56,255,0,0,0,0,0,0,0,0,0,0,0,0,0,0,0,0,0,0,0,0,150,255,150,255,150,255,150,255,81,249,38,255
2026-08-03_15-49-30,1,29,0,0.0,0,0.0,4,4,0,0,233,255,0,0,136,0,41,57,97,129,0,255,129,0,0,0,0,171,73,33,1,254,253,253,253,0,12,68,76,84,0,160,228,85,213,33,253,1,253,255,255,255,255,255,60,0,0,0,0,0,0,0,0,128,112,104,96,0,0,0,0,0,0,0,254,4,254,0,0,0,0,0,36,6,6,6,0,0,0,0,0,0,3,4,0,0,0,0,0,0,0,0,56,255,0,0,0,0,0,0,0,0,0,0,0,0,0,0,0,0,0,0,0,0,150,255,150,255,150,255,150,255,81,249,38,255,0,0,153,255,0,0,140,0,41,57,97,129,0,255,129,0,0,0,0,147,73,33,1,254,253,253,253,0,12,68,76,84,0,160,228,85,213,33,253,1,253,255,255,255,255,255,60,0,0,0,0,0,0,0,0,128,112,104,96,0,0,0,0,0,0,0,254,4,254,0,0,0,0,0,36,6,6,6,0,0,0,0,0,0,3,4,0,0,0,0,0,0,0,0,56,255,0,0,0,0,0,0,0,0,0,0,0,0,0,0,0,0,0,0,0,0,150,255,150,255,150,255,150,255,81,249,38,255
2026-08-03_15-49-30,1,30,0,0.0,0,0.0,4,4,0,0,153,255,0,0,140,0,41,57,97,129,0,255,129,0,0,0,0,147,73,33,1,254,253,253,253,0,12,68,76,84,0,160,228,85,213,33,253,1,253,255,255,255,255,255,60,0,0,0,0,0,0,0,0,128,112,104,96,0,0,0,0,0,0,0,254,4,254,0,0,0,0,0,36,6,6,6,0,0,0,0,0,0,3,4,0,0,0,0,0,0,0,0,56,255,0,0,0,0,0,0,0,0,0,0,0,0,0,0,0,0,0,0,0,0,150,255,150,255,150,255,150,255,81,249,38,255,0,0,154,255,0,0,144,0,41,57,97,129,0,255,129,0,0,0,0,171,73,33,1,254,253,253,253,0,12,68,76,84,0,160,228,85,213,33,253,1,253,255,255,255,255,255,60,0,0,0,0,0,0,0,0,128,112,104,96,0,0,0,0,0,0,0,254,4,254,0,0,0,0,0,36,6,6,6,0,0,0,0,0,0,3,4,0,0,0,0,0,0,0,0,56,255,0,0,0,0,0,0,0,0,0,0,0,0,0,0,0,0,0,0,0,0,150,255,150,255,150,255,150,255,81,249,38,255
2026-08-03_15-49-30,1,31,0,0.0,0,0.0,4,4,0,0,154,255,0,0,144,0,41,57,97,129,0,255,129,0,0,0,0,171,73,33,1,254,253,253,253,0,12,68,76,84,0,160,228,85,213,33,253,1,253,255,255,255,255,255,60,0,0,0,0,0,0,0,0,128,112,104,96,0,0,0,0,0,0,0,254,4,254,0,0,0,0,0,36,6,6,6,0,0,0,0,0,0,3,4,0,0,0,0,0,0,0,0,56,255,0,0,0,0,0,0,0,0,0,0,0,0,0,0,0,0,0,0,0,0,150,255,150,255,150,255,150,255,81,249,38,255,0,0,168,255,0,0,148,0,41,57,97,129,0,255,129,0,0,0,0,147,73,33,1,254,253,253,253,0,12,68,76,84,0,160,228,85,213,33,253,1,253,255,255,255,255,255,60,0,0,0,0,0,0,0,0,128,112,104,96,0,0,0,0,0,0,0,254,4,254,0,0,0,0,0,36,6,6,6,0,0,0,0,0,0,3,4,0,0,0,0,0,0,0,0,56,255,0,0,0,0,0,0,0,0,0,0,0,0,0,0,0,0,0,0,0,0,150,255,150,255,150,255,150,255,81,249,38,255
2026-08-03_15-49-30,1,32,0,0.0,0,0.0,4,4,0,0,168,255,0,0,148,0,41,57,97,129,0,255,129,0,0,0,0,147,73,33,1,254,253,253,253,0,12,68,76,84,0,160,228,85,213,33,253,1,253,255,255,255,255,255,60,0,0,0,0,0,0,0,0,128,112,104,96,0,0,0,0,0,0,0,254,4,254,0,0,0,0,0,36,6,6,6,0,0,0,0,0,0,3,4,0,0,0,0,0,0,0,0,56,255,0,0,0,0,0,0,0,0,0,0,0,0,0,0,0,0,0,0,0,0,150,255,150,255,150,255,150,255,81,249,38,255,0,0,140,255,0,0,152,0,41,57,97,129,0,255,129,0,0,0,0,171,73,33,1,254,253,253,253,0,12,68,76,84,0,160,228,85,213,33,253,1,253,255,255,255,255,255,60,0,0,0,0,0,0,0,0,128,112,104,96,0,0,0,0,0,0,0,254,4,254,0,0,0,0,0,36,6,6,6,0,0,0,0,0,0,3,4,0,0,0,0,0,0,0,0,56,255,0,0,0,0,0,0,0,0,0,0,0,0,0,0,0,0,0,0,0,0,150,255,150,255,150,255,150,255,81,249,38,255
2026-08-03_15-49-30,1,33,0,0.0,0,0.0,4,4,0,0,140,255,0,0,152,0,41,57,97,129,0,255,129,0,0,0,0,171,73,33,1,254,253,253,253,0,12,68,76,84,0,160,228,85,213,33,253,1,253,255,255,255,255,255,60,0,0,0,0,0,0,0,0,128,112,104,96,0,0,0,0,0,0,0,254,4,254,0,0,0,0,0,36,6,6,6,0,0,0,0,0,0,3,4,0,0,0,0,0,0,0,0,56,255,0,0,0,0,0,0,0,0,0,0,0,0,0,0,0,0,0,0,0,0,150,255,150,255,150,255,150,255,81,249,38,255,0,0,193,255,0,0,156,0,41,57,97,129,0,255,129,0,0,0,0,147,73,33,1,254,253,253,253,0,12,68,76,84,0,160,228,85,213,33,253,1,253,255,255,255,255,255,60,0,0,0,0,0,0,0,0,128,112,104,96,0,0,0,0,0,0,0,254,4,254,0,0,0,0,0,36,6,6,6,0,0,0,0,0,0,3,4,0,0,0,0,0,0,0,0,56,255,0,0,0,0,0,0,0,0,0,0,0,0,0,0,0,0,0,0,0,0,150,255,150,255,150,255,150,255,81,249,38,255
2026-08-03_15-49-30,1,34,0,0.0,0,0.0,4,4,0,0,193,255,0,0,156,0,41,57,97,129,0,255,129,0,0,0,0,147,73,33,1,254,253,253,253,0,12,68,76,84,0,160,228,85,213,33,253,1,253,255,255,255,255,255,60,0,0,0,0,0,0,0,0,128,112,104,96,0,0,0,0,0,0,0,254,4,254,0,0,0,0,0,36,6,6,6,0,0,0,0,0,0,3,4,0,0,0,0,0,0,0,0,56,255,0,0,0,0,0,0,0,0,0,0,0,0,0,0,0,0,0,0,0,0,150,255,150,255,150,255,150,255,81,249,38,255,0,0,29,255,0,0,160,0,41,57,97,129,0,255,129,0,0,0,0,171,73,33,1,254,253,253,253,0,12,68,76,84,0,160,228,85,213,33,253,1,253,255,255,255,255,255,60,0,0,0,0,0,0,0,0,128,112,104,96,0,0,0,0,0,0,0,254,4,254,0,0,0,0,0,36,6,6,6,0,0,0,0,0,0,3,4,0,0,0,0,0,0,0,0,56,255,0,0,0,0,0,0,0,0,0,0,0,0,0,0,0,0,0,0,0,0,150,255,150,255,150,255,150,255,81,249,38,255
2026-08-03_15-49-30,1,35,0,0.0,0,0.0,4,4,0,0,29,255,0,0,160,0,41,57,97,129,0,255,129,0,0,0,0,171,73,33,1,254,253,253,253,0,12,68,76,84,0,160,228,85,213,33,253,1,253,255,255,255,255,255,60,0,0,0,0,0,0,0,0,128,112,104,96,0,0,0,0,0,0,0,254,4,254,0,0,0,0,0,36,6,6,6,0,0,0,0,0,0,3,4,0,0,0,0,0,0,0,0,56,255,0,0,0,0,0,0,0,0,0,0,0,0,0,0,0,0,0,0,0,0,150,255,150,255,150,255,150,255,81,249,38,255,0,0,213,255,0,0,164,0,41,57,97,129,0,255,129,0,0,0,0,147,73,33,1,254,253,253,253,0,12,68,76,84,0,160,228,85,213,33,253,1,253,255,255,255,255,255,60,0,0,0,0,0,0,0,0,128,112,104,96,0,0,0,0,0,0,0,254,4,254,0,0,0,0,0,36,6,6,6,0,0,0,0,0,0,3,4,0,0,0,0,0,0,0,0,56,255,0,0,0,0,0,0,0,0,0,0,0,0,0,0,0,0,0,0,0,0,150,255,150,255,150,255,150,255,81,249,38,255
2026-08-03_15-49-30,1,36,0,0.0,0,0.0,4,4,0,0,213,255,0,0,164,0,41,57,97,129,0,255,129,0,0,0,0,147,73,33,1,254,253,253,253,0,12,68,76,84,0,160,228,85,213,33,253,1,253,255,255,255,255,255,60,0,0,0,0,0,0,0,0,128,112,104,96,0,0,0,0,0,0,0,254,4,254,0,0,0,0,0,36,6,6,6,0,0,0,0,0,0,3,4,0,0,0,0,0,0,0,0,56,255,0,0,0,0,0,0,0,0,0,0,0,0,0,0,0,0,0,0,0,0,150,255,150,255,150,255,150,255,81,249,38,255,0,0,87,255,0,0,168,0,41,57,97,129,0,255,129,0,0,0,0,171,73,33,1,254,253,253,253,0,12,68,76,84,0,160,228,85,213,33,253,1,253,255,255,255,255,255,60,0,0,0,0,0,0,0,0,128,112,104,96,0,0,0,0,0,0,0,254,4,254,0,0,0,0,0,36,6,6,6,0,0,0,0,0,0,3,4,0,0,0,0,0,0,0,0,56,255,0,0,0,0,0,0,0,0,0,0,0,0,0,0,0,0,0,0,0,0,150,255,150,255,150,255,150,255,81,249,38,255
2026-08-03_15-49-30,1,37,0,0.0,0,0.0,4,4,0,0,87,255,0,0,168,0,41,57,97,129,0,255,129,0,0,0,0,171,73,33,1,254,253,253,253,0,12,68,76,84,0,160,228,85,213,33,253,1,253,255,255,255,255,255,60,0,0,0,0,0,0,0,0,128,112,104,96,0,0,0,0,0,0,0,254,4,254,0,0,0,0,0,36,6,6,6,0,0,0,0,0,0,3,4,0,0,0,0,0,0,0,0,56,255,0,0,0,0,0,0,0,0,0,0,0,0,0,0,0,0,0,0,0,0,150,255,150,255,150,255,150,255,81,249,38,255,0,0,124,255,0,0,172,0,41,57,97,129,0,255,129,0,0,0,0,147,73,33,1,254,253,253,253,0,12,68,76,84,0,160,228,85,213,33,253,1,253,255,255,255,255,255,60,0,0,0,0,0,0,0,0,128,112,104,96,0,0,0,0,0,0,0,254,4,254,0,0,0,0,0,36,6,6,6,0,0,0,0,0,0,3,4,0,0,0,0,0,0,0,0,56,255,0,0,0,0,0,0,0,0,0,0,0,0,0,0,0,0,0,0,0,0,150,255,150,255,150,255,150,255,81,249,38,255
2026-08-03_15-49-30,1,38,0,0.0,0,0.0,4,4,0,0,124,255,0,0,172,0,41,57,97,129,0,255,129,0,0,0,0,147,73,33,1,254,253,253,253,0,12,68,76,84,0,160,228,85,213,33,253,1,253,255,255,255,255,255,60,0,0,0,0,0,0,0,0,128,112,104,96,0,0,0,0,0,0,0,254,4,254,0,0,0,0,0,36,6,6,6,0,0,0,0,0,0,3,4,0,0,0,0,0,0,0,0,56,255,0,0,0,0,0,0,0,0,0,0,0,0,0,0,0,0,0,0,0,0,150,255,150,255,150,255,150,255,81,249,38,255,0,0,202,255,0,0,176,0,41,57,97,129,0,255,129,0,0,0,0,171,73,33,1,254,253,253,253,0,12,68,76,84,0,160,228,85,213,33,253,1,253,255,255,255,255,255,60,0,0,0,0,0,0,0,0,128,112,104,96,0,0,0,0,0,0,0,254,4,254,0,0,0,0,0,36,6,6,6,0,0,0,0,0,0,3,4,0,0,0,0,0,0,0,0,56,255,0,0,0,0,0,0,0,0,0,0,0,0,0,0,0,0,0,0,0,0,150,255,150,255,150,255,150,255,81,249,38,255
2026-08-03_15-49-30,1,39,0,0.0,0,0.0,4,4,0,0,202,255,0,0,176,0,41,57,97,129,0,255,129,0,0,0,0,171,73,33,1,254,253,253,253,0,12,68,76,84,0,160,228,85,213,33,253,1,253,255,255,255,255,255,60,0,0,0,0,0,0,0,0,128,112,104,96,0,0,0,0,0,0,0,254,4,254,0,0,0,0,0,36,6,6,6,0,0,0,0,0,0,3,4,0,0,0,0,0,0,0,0,56,255,0,0,0,0,0,0,0,0,0,0,0,0,0,0,0,0,0,0,0,0,150,255,150,255,150,255,150,255,81,249,38,255,0,0,161,255,0,0,180,0,41,57,97,129,0,255,129,0,0,0,0,147,73,33,1,254,253,253,253,0,12,68,76,84,0,160,228,85,213,33,253,1,253,255,255,255,255,255,60,0,0,0,0,0,0,0,0,128,112,104,96,0,0,0,0,0,0,0,254,4,254,0,0,0,0,0,36,6,6,6,0,0,0,0,0,0,3,4,0,0,0,0,0,0,0,0,56,255,0,0,0,0,0,0,0,0,0,0,0,0,0,0,0,0,0,0,0,0,150,255,150,255,150,255,150,255,81,249,38,255
2026-08-03_15-49-30,1,40,0,0.0,0,0.0,4,4,0,0,161,255,0,0,180,0,41,57,97,129,0,255,129,0,0,0,0,147,73,33,1,254,253,253,253,0,12,68,76,84,0,160,228,85,213,33,253,1,253,255,255,255,255,255,60,0,0,0,0,0,0,0,0,128,112,104,96,0,0,0,0,0,0,0,254,4,254,0,0,0,0,0,36,6,6,6,0,0,0,0,0,0,3,4,0,0,0,0,0,0,0,0,56,255,0,0,0,0,0,0,0,0,0,0,0,0,0,0,0,0,0,0,0,0,150,255,150,255,150,255,150,255,81,249,38,255,0,0,19,255,0,0,184,0,41,57,97,129,0,255,129,0,0,0,0,171,73,33,1,254,253,253,253,0,12,68,76,84,0,160,228,85,213,33,253,1,253,255,255,255,255,255,60,0,0,0,0,0,0,0,0,128,112,104,96,0,0,0,0,0,0,0,254,4,254,0,0,0,0,0,36,6,6,6,0,0,0,0,0,0,3,4,0,0,0,0,0,0,0,0,56,255,0,0,0,0,0,0,0,0,0,0,0,0,0,0,0,0,0,0,0,0,150,255,150,255,150,255,150,255,81,249,38,255
2026-08-03_15-49-30,1,41,0,0.0,0,0.0,4,4,0,0,19,255,0,0,184,0,41,57,97,129,0,255,129,0,0,0,0,171,73,33,1,254,253,253,253,0,12,68,76,84,0,160,228,85,213,33,253,1,253,255,255,255,255,255,60,0,0,0,0,0,0,0,0,128,112,104,96,0,0,0,0,0,0,0,254,4,254,0,0,0,0,0,36,6,6,6,0,0,0,0,0,0,3,4,0,0,0,0,0,0,0,0,56,255,0,0,0,0,0,0,0,0,0,0,0,0,0,0,0,0,0,0,0,0,150,255,150,255,150,255,150,255,81,249,38,255,0,0,63,255,0,0,188,0,41,57,97,129,0,255,129,0,0,0,0,147,73,33,1,254,253,253,253,0,12,68,76,84,0,160,228,85,213,33,253,1,253,255,255,255,255,255,60,0,0,0,0,0,0,0,0,128,112,104,96,0,0,0,0,0,0,0,254,4,254,0,0,0,0,0,36,6,6,6,0,0,0,0,0,0,3,4,0,0,0,0,0,0,0,0,56,255,0,0,0,0,0,0,0,0,0,0,0,0,0,0,0,0,0,0,0,0,150,255,150,255,150,255,150,255,81,249,38,255
2026-08-03_15-49-30,1,42,0,0.0,0,0.0,4,4,0,0,63,255,0,0,188,0,41,57,97,129,0,255,129,0,0,0,0,147,73,33,1,254,253,253,253,0,12,68,76,84,0,160,228,85,213,33,253,1,253,255,255,255,255,255,60,0,0,0,0,0,0,0,0,128,112,104,96,0,0,0,0,0,0,0,254,4,254,0,0,0,0,0,36,6,6,6,0,0,0,0,0,0,3,4,0,0,0,0,0,0,0,0,56,255,0,0,0,0,0,0,0,0,0,0,0,0,0,0,0,0,0,0,0,0,150,255,150,255,150,255,150,255,81,249,38,255,0,0,252,255,0,0,192,0,41,57,97,129,0,255,129,0,0,0,0,171,73,33,1,254,253,253,253,0,12,68,76,84,0,160,228,85,213,33,253,1,253,255,255,255,255,255,60,0,0,0,0,0,0,0,0,128,112,104,96,0,0,0,0,0,0,0,254,4,254,0,0,0,0,0,36,6,6,6,0,0,0,0,0,0,3,4,0,0,0,0,0,0,0,0,56,255,0,0,0,0,0,0,0,0,0,0,0,0,0,0,0,0,0,0,0,0,150,255,150,255,150,255,150,255,81,249,38,255
2026-08-03_15-49-30,1,43,0,0.0,0,0.0,4,4,0,0,252,255,0,0,192,0,41,57,97,129,0,255,129,0,0,0,0,171,73,33,1,254,253,253,253,0,12,68,76,84,0,160,228,85,213,33,253,1,253,255,255,255,255,255,60,0,0,0,0,0,0,0,0,128,112,104,96,0,0,0,0,0,0,0,254,4,254,0,0,0,0,0,36,6,6,6,0,0,0,0,0,0,3,4,0,0,0,0,0,0,0,0,56,255,0,0,0,0,0,0,0,0,0,0,0,0,0,0,0,0,0,0,0,0,150,255,150,255,150,255,150,255,81,249,38,255,0,0,194,255,0,0,196,0,41,57,97,129,0,255,129,0,0,0,0,147,73,33,1,254,253,253,253,0,12,68,76,84,0,160,228,85,213,33,253,1,253,255,255,255,255,255,60,0,0,0,0,0,0,0,0,128,112,104,96,0,0,0,0,0,0,0,254,4,254,0,0,0,0,0,36,6,6,6,0,0,0,0,0,0,3,4,0,0,0,0,0,0,0,0,56,255,0,0,0,0,0,0,0,0,0,0,0,0,0,0,0,0,0,0,0,0,150,255,150,255,150,255,150,255,81,249,38,255
2026-08-03_15-49-30,1,44,0,0.0,0,0.0,4,4,0,0,194,255,0,0,196,0,41,57,97,129,0,255,129,0,0,0,0,147,73,33,1,254,253,253,253,0,12,68,76,84,0,160,228,85,213,33,253,1,253,255,255,255,255,255,60,0,0,0,0,0,0,0,0,128,112,104,96,0,0,0,0,0,0,0,254,4,254,0,0,0,0,0,36,6,6,6,0,0,0,0,0,0,3,4,0,0,0,0,0,0,0,0,56,255,0,0,0,0,0,0,0,0,0,0,0,0,0,0,0,0,0,0,0,0,150,255,150,255,150,255,150,255,81,249,38,255,0,0,47,255,0,0,200,0,41,57,97,129,0,255,129,0,0,0,0,171,73,33,1,254,253,253,253,0,12,68,76,84,0,160,228,85,213,33,253,1,253,255,255,255,255,255,60,0,0,0,0,0,0,0,0,128,112,104,96,0,0,0,0,0,0,0,254,4,254,0,0,0,0,0,36,6,6,6,0,0,0,0,0,0,3,4,0,0,0,0,0,0,0,0,56,255,0,0,0,0,0,0,0,0,0,0,0,0,0,0,0,0,0,0,0,0,150,255,150,255,150,255,150,255,81,249,38,255
2026-08-03_15-49-30,1,45,0,0.0,0,0.0,4,4,0,0,47,255,0,0,200,0,41,57,97,129,0,255,129,0,0,0,0,171,73,33,1,254,253,253,253,0,12,68,76,84,0,160,228,85,213,33,253,1,253,255,255,255,255,255,60,0,0,0,0,0,0,0,0,128,112,104,96,0,0,0,0,0,0,0,254,4,254,0,0,0,0,0,36,6,6,6,0,0,0,0,0,0,3,4,0,0,0,0,0,0,0,0,56,255,0,0,0,0,0,0,0,0,0,0,0,0,0,0,0,0,0,0,0,0,150,255,150,255,150,255,150,255,81,249,38,255,0,0,241,255,0,0,204,0,41,57,97,129,0,255,129,0,0,0,0,147,73,33,1,254,253,253,253,0,12,68,76,84,0,160,228,85,213,33,253,1,253,255,255,255,255,255,60,0,0,0,0,0,0,0,0,128,112,104,96,0,0,0,0,0,0,0,254,4,254,0,0,0,0,0,36,6,6,6,0,0,0,0,0,0,3,4,0,0,0,0,0,0,0,0,56,255,0,0,0,0,0,0,0,0,0,0,0,0,0,0,0,0,0,0,0,0,150,255,150,255,150,255,150,255,81,249,38,255
2026-08-03_15-49-30,1,46,0,0.0,0,0.0,4,4,0,0,241,255,0,0,204,0,41,57,97,129,0,255,129,0,0,0,0,147,73,33,1,254,253,253,253,0,12,68,76,84,0,160,228,85,213,33,253,1,253,255,255,255,255,255,60,0,0,0,0,0,0,0,0,128,112,104,96,0,0,0,0,0,0,0,254,4,254,0,0,0,0,0,36,6,6,6,0,0,0,0,0,0,3,4,0,0,0,0,0,0,0,0,56,255,0,0,0,0,0,0,0,0,0,0,0,0,0,0,0,0,0,0,0,0,150,255,150,255,150,255,150,255,81,249,38,255,0,0,26,255,0,0,208,0,41,57,97,129,0,255,129,0,0,0,0,171,73,33,1,254,253,253,253,0,12,68,76,84,0,160,228,85,213,33,253,1,253,255,255,255,255,255,60,0,0,0,0,0,0,0,0,128,112,104,96,0,0,0,0,0,0,0,254,4,254,0,0,0,0,0,36,6,6,6,0,0,0,0,0,0,3,4,0,0,0,0,0,0,0,0,56,255,0,0,0,0,0,0,0,0,0,0,0,0,0,0,0,0,0,0,0,0,150,255,150,255,150,255,150,255,81,249,38,255
2026-08-03_15-49-30,1,47,0,0.0,0,0.0,4,4,0,0,26,255,0,0,208,0,41,57,97,129,0,255,129,0,0,0,0,171,73,33,1,254,253,253,253,0,12,68,76,84,0,160,228,85,213,33,253,1,253,255,255,255,255,255,60,0,0,0,0,0,0,0,0,128,112,104,96,0,0,0,0,0,0,0,254,4,254,0,0,0,0,0,36,6,6,6,0,0,0,0,0,0,3,4,0,0,0,0,0,0,0,0,56,255,0,0,0,0,0,0,0,0,0,0,0,0,0,0,0,0,0,0,0,0,150,255,150,255,150,255,150,255,81,249,38,255,0,0,160,255,0,0,212,0,41,57,97,129,0,255,129,0,0,0,0,147,73,33,1,254,253,253,253,0,12,68,76,84,0,160,228,85,213,33,253,1,253,255,255,255,255,255,60,0,0,0,0,0,0,0,0,128,112,104,96,0,0,0,0,0,0,0,254,4,254,0,0,0,0,0,36,6,6,6,0,0,0,0,0,0,3,4,0,0,0,0,0,0,0,0,56,255,0,0,0,0,0,0,0,0,0,0,0,0,0,0,0,0,0,0,0,0,150,255,150,255,150,255,150,255,81,249,38,255
2026-08-03_15-49-30,1,48,0,0.0,0,0.0,4,4,0,0,160,255,0,0,212,0,41,57,97,129,0,255,129,0,0,0,0,147,73,33,1,254,253,253,253,0,12,68,76,84,0,160,228,85,213,33,253,1,253,255,255,255,255,255,60,0,0,0,0,0,0,0,0,128,112,104,96,0,0,0,0,0,0,0,254,4,254,0,0,0,0,0,36,6,6,6,0,0,0,0,0,0,3,4,0,0,0,0,0,0,0,0,56,255,0,0,0,0,0,0,0,0,0,0,0,0,0,0,0,0,0,0,0,0,150,255,150,255,150,255,150,255,81,249,38,255,0,0,2,255,0,0,216,0,41,57,97,129,0,255,129,0,0,0,0,171,73,33,1,254,253,253,253,0,12,68,76,84,0,160,228,85,213,33,253,1,253,255,255,255,255,255,60,0,0,0,0,0,0,0,0,128,112,104,96,0,0,0,0,0,0,0,254,4,254,0,0,0,0,0,36,6,6,6,0,0,0,0,0,0,3,4,0,0,0,0,0,0,0,0,56,255,0,0,0,0,0,0,0,0,0,0,0,0,0,0,0,0,0,0,0,0,150,255,150,255,150,255,150,255,81,249,38,255
2026-08-03_15-49-30,1,49,0,0.0,0,0.0,4,4,0,0,2,255,0,0,216,0,41,57,97,129,0,255,129,0,0,0,0,171,73,33,1,254,253,253,253,0,12,68,76,84,0,160,228,85,213,33,253,1,253,255,255,255,255,255,60,0,0,0,0,0,0,0,0,128,112,104,96,0,0,0,0,0,0,0,254,4,254,0,0,0,0,0,36,6,6,6,0,0,0,0,0,0,3,4,0,0,0,0,0,0,0,0,56,255,0,0,0,0,0,0,0,0,0,0,0,0,0,0,0,0,0,0,0,0,150,255,150,255,150,255,150,255,81,249,38,255,0,0,35,255,0,0,220,0,41,57,97,129,0,255,129,0,0,0,0,147,73,33,1,254,253,253,253,0,12,68,76,84,0,160,228,85,213,33,253,1,253,255,255,255,255,255,60,0,0,0,0,0,0,0,0,128,112,104,96,0,0,0,0,0,0,0,254,4,254,0,0,0,0,0,36,6,6,6,0,0,0,0,0,0,3,4,0,0,0,0,0,0,0,0,56,255,0,0,0,0,0,0,0,0,0,0,0,0,0,0,0,0,0,0,0,0,150,255,150,255,150,255,150,255,81,249,38,255
2026-08-03_15-49-30,1,50,0,0.0,0,0.0,4,4,0,0,35,255,0,0,220,0,41,57,97,129,0,255,129,0,0,0,0,147,73,33,1,254,253,253,253,0,12,68,76,84,0,160,228,85,213,33,253,1,253,255,255,255,255,255,60,0,0,0,0,0,0,0,0,128,112,104,96,0,0,0,0,0,0,0,254,4,254,0,0,0,0,0,36,6,6,6,0,0,0,0,0,0,3,4,0,0,0,0,0,0,0,0,56,255,0,0,0,0,0,0,0,0,0,0,0,0,0,0,0,0,0,0,0,0,150,255,150,255,150,255,150,255,81,249,38,255,0,0,56,255,0,0,224,0,41,57,97,129,0,255,129,0,0,0,0,171,73,33,1,254,253,253,253,0,12,68,76,84,0,160,228,85,213,33,253,1,253,255,255,255,255,255,60,0,0,0,0,0,0,0,0,128,112,104,96,0,0,0,0,0,0,0,254,4,254,0,0,0,0,0,36,6,6,6,0,0,0,0,0,0,3,4,0,0,0,0,0,0,0,0,56,255,0,0,0,0,0,0,0,0,0,0,0,0,0,0,0,0,0,0,0,0,150,255,150,255,150,255,150,255,81,249,38,255
2026-08-03_15-49-30,1,51,0,0.0,0,0.0,4,4,0,0,56,255,0,0,224,0,41,57,97,129,0,255,129,0,0,0,0,171,73,33,1,254,253,253,253,0,12,68,76,84,0,160,228,85,213,33,253,1,253,255,255,255,255,255,60,0,0,0,0,0,0,0,0,128,112,104,96,0,0,0,0,0,0,0,254,4,254,0,0,0,0,0,36,6,6,6,0,0,0,0,0,0,3,4,0,0,0,0,0,0,0,0,56,255,0,0,0,0,0,0,0,0,0,0,0,0,0,0,0,0,0,0,0,0,150,255,150,255,150,255,150,255,81,249,38,255,0,0,137,255,0,0,228,0,41,57,97,129,0,255,129,0,0,0,0,147,73,33,1,254,253,253,253,0,12,68,76,84,0,160,228,85,213,33,253,1,253,255,255,255,255,255,60,0,0,0,0,0,0,0,0,128,112,104,96,0,0,0,0,0,0,0,254,4,254,0,0,0,0,0,36,6,6,6,0,0,0,0,0,0,3,4,0,0,0,0,0,0,0,0,56,255,0,0,0,0,0,0,0,0,0,0,0,0,0,0,0,0,0,0,0,0,150,255,150,255,150,255,150,255,81,249,38,255
2026-08-03_15-49-30,1,52,0,0.0,0,0.0,4,4,0,0,137,255,0,0,228,0,41,57,97,129,0,255,129,0,0,0,0,147,73,33,1,254,253,253,253,0,12,68,76,84,0,160,228,85,213,33,253,1,253,255,255,255,255,255,60,0,0,0,0,0,0,0,0,128,112,104,96,0,0,0,0,0,0,0,254,4,254,0,0,0,0,0,36,6,6,6,0,0,0,0,0,0,3,4,0,0,0,0,0,0,0,0,56,255,0,0,0,0,0,0,0,0,0,0,0,0,0,0,0,0,0,0,0,0,150,255,150,255,150,255,150,255,81,249,38,255,0,0,151,255,0,0,232,0,41,57,97,129,0,255,129,0,0,0,0,171,73,33,1,254,253,253,253,0,12,68,76,84,0,160,228,85,213,33,253,1,253,255,255,255,255,255,60,0,0,0,0,0,0,0,0,128,112,104,96,0,0,0,0,0,0,0,254,4,254,0,0,0,0,0,36,6,6,6,0,0,0,0,0,0,3,4,0,0,0,0,0,0,0,0,56,255,0,0,0,0,0,0,0,0,0,0,0,0,0,0,0,0,0,0,0,0,150,255,150,255,150,255,150,255,81,249,38,255
2026-08-03_15-49-30,1,53,0,0.0,0,0.0,4,4,0,0,151,255,0,0,232,0,41,57,97,129,0,255,129,0,0,0,0,171,73,33,1,254,253,253,253,0,12,68,76,84,0,160,228,85,213,33,253,1,253,255,255,255,255,255,60,0,0,0,0,0,0,0,0,128,112,104,96,0,0,0,0,0,0,0,254,4,254,0,0,0,0,0,36,6,6,6,0,0,0,0,0,0,3,4,0,0,0,0,0,0,0,0,56,255,0,0,0,0,0,0,0,0,0,0,0,0,0,0,0,0,0,0,0,0,150,255,150,255,150,255,150,255,81,249,38,255,0,0,112,255,0,0,236,0,41,57,97,129,0,255,129,0,0,0,0,147,73,33,1,254,253,253,253,0,12,68,76,84,0,160,228,85,213,33,253,1,253,255,255,255,255,255,60,0,0,0,0,0,0,0,0,128,112,104,96,0,0,0,0,0,0,0,254,4,254,0,0,0,0,0,36,6,6,6,0,0,0,0,0,0,3,4,0,0,0,0,0,0,0,0,56,255,0,0,0,0,0,0,0,0,0,0,0,0,0,0,0,0,0,0,0,0,150,255,150,255,150,255,150,255,81,249,38,255
2026-08-03_15-49-30,1,54,0,0.0,0,0.0,4,4,0,0,112,255,0,0,236,0,41,57,97,129,0,255,129,0,0,0,0,147,73,33,1,254,253,253,253,0,12,68,76,84,0,160,228,85,213,33,253,1,253,255,255,255,255,255,60,0,0,0,0,0,0,0,0,128,112,104,96,0,0,0,0,0,0,0,254,4,254,0,0,0,0,0,36,6,6,6,0,0,0,0,0,0,3,4,0,0,0,0,0,0,0,0,56,255,0,0,0,0,0,0,0,0,0,0,0,0,0,0,0,0,0,0,0,0,150,255,150,255,150,255,150,255,81,249,38,255,0,0,3,255,0,0,240,0,41,57,97,129,0,255,129,0,0,0,0,171,73,33,1,254,253,253,253,0,12,68,76,84,0,160,228,85,213,33,253,1,253,255,255,255,255,255,60,0,0,0,0,0,0,0,0,128,112,104,96,0,0,0,0,0,0,0,254,4,254,0,0,0,0,0,36,6,6,6,0,0,0,0,0,0,3,4,0,0,0,0,0,0,0,0,56,255,0,0,0,0,0,0,0,0,0,0,0,0,0,0,0,0,0,0,0,0,150,255,150,255,150,255,150,255,81,249,38,255
2026-08-03_15-49-30,1,55,0,0.0,0,0.0,4,4,0,0,3,255,0,0,240,0,41,57,97,129,0,255,129,0,0,0,0,171,73,33,1,254,253,253,253,0,12,68,76,84,0,160,228,85,213,33,253,1,253,255,255,255,255,255,60,0,0,0,0,0,0,0,0,128,112,104,96,0,0,0,0,0,0,0,254,4,254,0,0,0,0,0,36,6,6,6,0,0,0,0,0,0,3,4,0,0,0,0,0,0,0,0,56,255,0,0,0,0,0,0,0,0,0,0,0,0,0,0,0,0,0,0,0,0,150,255,150,255,150,255,150,255,81,249,38,255,0,0,50,255,0,0,244,0,41,57,97,129,0,255,129,0,0,0,0,147,73,33,1,254,253,253,253,0,12,68,76,84,0,160,228,85,213,33,253,1,253,255,255,255,255,255,60,0,0,0,0,0,0,0,0,128,112,104,96,0,0,0,0,0,0,0,254,4,254,0,0,0,0,0,36,6,6,6,0,0,0,0,0,0,3,4,0,0,0,0,0,0,0,0,56,255,0,0,0,0,0,0,0,0,0,0,0,0,0,0,0,0,0,0,0,0,150,255,150,255,150,255,150,255,81,249,38,255
2026-08-03_15-49-30,1,56,0,0.0,0,0.0,4,4,0,0,50,255,0,0,244,0,41,57,97,129,0,255,129,0,0,0,0,147,73,33,1,254,253,253,253,0,12,68,76,84,0,160,228,85,213,33,253,1,253,255,255,255,255,255,60,0,0,0,0,0,0,0,0,128,112,104,96,0,0,0,0,0,0,0,254,4,254,0,0,0,0,0,36,6,6,6,0,0,0,0,0,0,3,4,0,0,0,0,0,0,0,0,56,255,0,0,0,0,0,0,0,0,0,0,0,0,0,0,0,0,0,0,0,0,150,255,150,255,150,255,150,255,81,249,38,255,0,0,36,255,0,0,248,0,41,57,97,129,0,255,129,0,0,0,0,171,73,33,1,254,253,253,253,0,12,68,76,84,0,160,228,85,213,33,253,1,253,255,255,255,255,255,60,0,0,0,0,0,0,0,0,128,112,104,96,0,0,0,0,0,0,0,254,4,254,0,0,0,0,0,36,6,6,6,0,0,0,0,0,0,3,4,0,0,0,0,0,0,0,0,56,255,0,0,0,0,0,0,0,0,0,0,0,0,0,0,0,0,0,0,0,0,150,255,150,255,150,255,150,255,81,249,38,255
2026-08-03_15-49-30,1,57,0,0.0,0,0.0,4,4,0,0,36,255,0,0,248,0,41,57,97,129,0,255,129,0,0,0,0,171,73,33,1,254,253,253,253,0,12,68,76,84,0,160,228,85,213,33,253,1,253,255,255,255,255,255,60,0,0,0,0,0,0,0,0,128,112,104,96,0,0,0,0,0,0,0,254,4,254,0,0,0,0,0,36,6,6,6,0,0,0,0,0,0,3,4,0,0,0,0,0,0,0,0,56,255,0,0,0,0,0,0,0,0,0,0,0,0,0,0,0,0,0,0,0,0,150,255,150,255,150,255,150,255,81,249,38,255,0,0,77,255,0,0,252,0,41,57,97,129,0,255,129,0,0,0,0,147,73,33,1,254,253,253,253,0,12,68,76,84,0,160,228,85,213,33,253,1,253,255,255,255,255,255,60,0,0,0,0,0,0,0,0,128,112,104,96,0,0,0,0,0,0,0,254,4,254,0,0,0,0,0,36,6,6,6,0,0,0,0,0,0,3,4,0,0,0,0,0,0,0,0,56,255,0,0,0,0,0,0,0,0,0,0,0,0,0,0,0,0,0,0,0,0,150,255,150,255,150,255,150,255,81,249,38,255
2026-08-03_15-49-30,1,58,0,0.0,0,0.0,4,4,0,0,77,255,0,0,252,0,41,57,97,129,0,255,129,0,0,0,0,147,73,33,1,254,253,253,253,0,12,68,76,84,0,160,228,85,213,33,253,1,253,255,255,255,255,255,60,0,0,0,0,0,0,0,0,128,112,104,96,0,0,0,0,0,0,0,254,4,254,0,0,0,0,0,36,6,6,6,0,0,0,0,0,0,3,4,0,0,0,0,0,0,0,0,56,255,0,0,0,0,0,0,0,0,0,0,0,0,0,0,0,0,0,0,0,0,150,255,150,255,150,255,150,255,81,249,38,255,0,0,220,255,0,0,0,1,41,57,97,129,0,255,129,0,0,0,0,171,73,33,1,254,253,253,253,0,12,68,76,84,0,160,228,85,213,33,253,1,253,255,255,255,255,255,60,0,0,0,0,0,0,0,0,128,112,104,96,0,0,0,0,0,0,0,254,4,254,0,0,0,0,0,36,6,6,6,0,0,0,0,0,0,3,4,0,0,0,0,0,0,0,0,56,255,0,0,0,0,0,0,0,0,0,0,0,0,0,0,0,0,0,0,0,0,150,255,150,255,150,255,150,255,81,249,38,255
2026-08-03_15-49-30,1,59,0,0.0,0,0.0,4,4,0,0,220,255,0,0,0,1,41,57,97,129,0,255,129,0,0,0,0,171,73,33,1,254,253,253,253,0,12,68,76,84,0,160,228,85,213,33,253,1,253,255,255,255,255,255,60,0,0,0,0,0,0,0,0,128,112,104,96,0,0,0,0,0,0,0,254,4,254,0,0,0,0,0,36,6,6,6,0,0,0,0,0,0,3,4,0,0,0,0,0,0,0,0,56,255,0,0,0,0,0,0,0,0,0,0,0,0,0,0,0,0,0,0,0,0,150,255,150,255,150,255,150,255,81,249,38,255,0,0,200,255,0,0,4,1,41,57,97,129,0,255,129,0,0,0,0,147,73,33,1,254,253,253,253,0,12,68,76,84,0,160,228,85,213,33,253,1,253,255,255,255,255,255,60,0,0,0,0,0,0,0,0,128,112,104,96,0,0,0,0,0,0,0,254,4,254,0,0,0,0,0,36,6,6,6,0,0,0,0,0,0,3,4,0,0,0,0,0,0,0,0,56,255,0,0,0,0,0,0,0,0,0,0,0,0,0,0,0,0,0,0,0,0,150,255,150,255,150,255,150,255,81,249,38,255
2026-08-03_15-49-30,1,60,0,0.0,0,0.0,4,4,0,0,200,255,0,0,4,1,41,57,97,129,0,255,129,0,0,0,0,147,73,33,1,254,253,253,253,0,12,68,76,84,0,160,228,85,213,33,253,1,253,255,255,255,255,255,60,0,0,0,0,0,0,0,0,128,112,104,96,0,0,0,0,0,0,0,254,4,254,0,0,0,0,0,36,6,6,6,0,0,0,0,0,0,3,4,0,0,0,0,0,0,0,0,56,255,0,0,0,0,0,0,0,0,0,0,0,0,0,0,0,0,0,0,0,0,150,255,150,255,150,255,150,255,81,249,38,255,0,0,130,255,0,0,8,1,41,57,97,129,0,255,129,0,0,0,0,171,73,33,1,254,253,253,253,0,12,68,76,84,0,160,228,85,213,33,253,1,253,255,255,255,255,255,60,0,0,0,0,0,0,0,0,128,112,104,96,0,0,0,0,0,0,0,254,4,254,0,0,0,0,0,36,6,6,6,0,0,0,0,0,0,3,4,0,0,0,0,0,0,0,0,56,255,0,0,0,0,0,0,0,0,0,0,0,0,0,0,0,0,0,0,0,0,150,255,150,255,150,255,150,255,81,249,38,255
2026-08-03_15-49-30,1,61,0,0.0,0,0.0,4,4,0,0,130,255,0,0,8,1,41,57,97,129,0,255,129,0,0,0,0,171,73,33,1,254,253,253,253,0,12,68,76,84,0,160,228,85,213,33,253,1,253,255,255,255,255,255,60,0,0,0,0,0,0,0,0,128,112,104,96,0,0,0,0,0,0,0,254,4,254,0,0,0,0,0,36,6,6,6,0,0,0,0,0,0,3,4,0,0,0,0,0,0,0,0,56,255,0,0,0,0,0,0,0,0,0,0,0,0,0,0,0,0,0,0,0,0,150,255,150,255,150,255,150,255,81,249,38,255,0,0,43,255,0,0,12,1,41,57,97,129,0,255,129,0,0,0,0,147,73,33,1,254,253,253,253,0,12,68,76,84,0,160,228,85,213,33,253,1,253,255,255,255,255,255,60,0,0,0,0,0,0,0,0,128,112,104,96,0,0,0,0,0,0,0,254,4,254,0,0,0,0,0,36,6,6,6,0,0,0,0,0,0,3,4,0,0,0,0,0,0,0,0,56,255,0,0,0,0,0,0,0,0,0,0,0,0,0,0,0,0,0,0,0,0,150,255,150,255,150,255,150,255,81,249,38,255
2026-08-03_15-49-30,1,62,0,0.0,0,0.0,4,4,0,0,43,255,0,0,12,1,41,57,97,129,0,255,129,0,0,0,0,147,73,33,1,254,253,253,253,0,12,68,76,84,0,160,228,85,213,33,253,1,253,255,255,255,255,255,60,0,0,0,0,0,0,0,0,128,112,104,96,0,0,0,0,0,0,0,254,4,254,0,0,0,0,0,36,6,6,6,0,0,0,0,0,0,3,4,0,0,0,0,0,0,0,0,56,255,0,0,0,0,0,0,0,0,0,0,0,0,0,0,0,0,0,0,0,0,150,255,150,255,150,255,150,255,81,249,38,255,0,0,182,255,0,0,16,1,41,57,97,129,0,255,129,0,0,0,0,171,73,33,1,254,253,253,253,0,12,68,76,84,0,160,228,85,213,33,253,1,253,255,255,255,255,255,60,0,0,0,0,0,0,0,0,128,112,104,96,0,0,0,0,0,0,0,254,4,254,0,0,0,0,0,36,6,6,6,0,0,0,0,0,0,3,4,0,0,0,0,0,0,0,0,56,255,0,0,0,0,0,0,0,0,0,0,0,0,0,0,0,0,0,0,0,0,150,255,150,255,150,255,150,255,81,249,38,255
2026-08-03_15-49-30,1,63,0,0.0,0,0.0,4,4,0,0,182,255,0,0,16,1,41,57,97,129,0,255,129,0,0,0,0,171,73,33,1,254,253,253,253,0,12,68,76,84,0,160,228,85,213,33,253,1,253,255,255,255,255,255,60,0,0,0,0,0,0,0,0,128,112,104,96,0,0,0,0,0,0,0,254,4,254,0,0,0,0,0,36,6,6,6,0,0,0,0,0,0,3,4,0,0,0,0,0,0,0,0,56,255,0,0,0,0,0,0,0,0,0,0,0,0,0,0,0,0,0,0,0,0,150,255,150,255,150,255,150,255,81,249,38,255,0,0,107,255,0,0,20,1,41,57,97,129,0,255,129,0,0,0,0,147,73,33,1,254,253,253,253,0,12,68,76,84,0,160,228,85,213,33,253,1,253,255,255,255,255,255,60,0,0,0,0,0,0,0,0,128,112,104,96,0,0,0,0,0,0,0,254,4,254,0,0,0,0,0,36,6,6,6,0,0,0,0,0,0,3,4,0,0,0,0,0,0,0,0,56,255,0,0,0,0,0,0,0,0,0,0,0,0,0,0,0,0,0,0,0,0,150,255,150,255,150,255,150,255,81,249,38,255
2026-08-03_15-49-30,1,64,0,0.0,0,0.0,4,4,0,0,107,255,0,0,20,1,41,57,97,129,0,255,129,0,0,0,0,147,73,33,1,254,253,253,253,0,12,68,76,84,0,160,228,85,213,33,253,1,253,255,255,255,255,255,60,0,0,0,0,0,0,0,0,128,112,104,96,0,0,0,0,0,0,0,254,4,254,0,0,0,0,0,36,6,6,6,0,0,0,0,0,0,3,4,0,0,0,0,0,0,0,0,56,255,0,0,0,0,0,0,0,0,0,0,0,0,0,0,0,0,0,0,0,0,150,255,150,255,150,255,150,255,81,249,38,255,0,0,178,255,0,0,24,1,41,57,97,129,0,255,129,0,0,0,0,171,73,33,1,254,253,253,253,0,12,68,76,84,0,160,228,85,213,33,253,1,253,255,255,255,255,255,60,0,0,0,0,0,0,0,0,128,112,104,96,0,0,0,0,0,0,0,254,4,254,0,0,0,0,0,36,6,6,6,0,0,0,0,0,0,3,4,0,0,0,0,0,0,0,0,56,255,0,0,0,0,0,0,0,0,0,0,0,0,0,0,0,0,0,0,0,0,150,255,150,255,150,255,150,255,81,249,38,255
2026-08-03_15-49-30,1,65,0,0.0,0,0.0,4,4,0,0,178,255,0,0,24,1,41,57,97,129,0,255,129,0,0,0,0,171,73,33,1,254,253,253,253,0,12,68,76,84,0,160,228,85,213,33,253,1,253,255,255,255,255,255,60,0,0,0,0,0,0,0,0,128,112,104,96,0,0,0,0,0,0,0,254,4,254,0,0,0,0,0,36,6,6,6,0,0,0,0,0,0,3,4,0,0,0,0,0,0,0,0,56,255,0,0,0,0,0,0,0,0,0,0,0,0,0,0,0,0,0,0,0,0,150,255,150,255,150,255,150,255,81,249,38,255,0,0,44,255,0,0,28,1,41,57,97,129,0,255,129,0,0,0,0,147,73,33,1,254,253,253,253,0,12,68,76,84,0,160,228,85,213,33,253,1,253,255,255,255,255,255,60,0,0,0,0,0,0,0,0,128,112,104,96,0,0,0,0,0,0,0,254,4,254,0,0,0,0,0,36,6,6,6,0,0,0,0,0,0,3,4,0,0,0,0,0,0,0,0,56,255,0,0,0,0,0,0,0,0,0,0,0,0,0,0,0,0,0,0,0,0,150,255,150,255,150,255,150,255,81,249,38,255
2026-08-03_15-49-30,1,66,4,0.0,0,0.0,4,4,0,0,44,255,0,0,28,1,41,57,97,129,0,255,129,0,0,0,0,147,73,33,1,254,253,253,253,0,12,68,76,84,0,160,228,85,213,33,253,1,253,255,255,255,255,255,60,0,0,0,0,0,0,0,0,128,112,104,96,0,0,0,0,0,0,0,254,4,254,0,0,0,0,0,36,6,6,6,0,0,0,0,0,0,3,4,0,0,0,0,0,0,0,0,56,255,0,0,0,0,0,0,0,0,0,0,0,0,0,0,0,0,0,0,0,0,150,255,150,255,150,255,150,255,81,249,38,255,0,0,195,255,0,0,32,0,41,57,97,129,0,255,129,255,0,0,0,171,73,33,1,254,253,253,253,255,11,68,76,84,0,176,228,85,213,33,253,1,253,191,255,255,255,191,60,0,0,0,3,0,0,0,0,128,112,104,96,128,0,0,0,0,0,0,254,4,254,0,0,0,0,0,36,6,6,6,0,0,0,0,0,0,3,4,0,0,0,0,0,0,0,0,56,255,0,0,0,0,0,0,0,0,0,0,0,0,0,0,0,0,0,0,0,0,150,255,150,255,150,255,155,251,70,249,38,255
2026-08-03_15-49-30,1,67,4,0.0,0,0.0,4,4,0,0,195,255,0,0,32,0,41,57,97,129,0,255,129,255,0,0,0,171,73,33,1,254,253,253,253,255,11,68,76,84,0,176,228,85,213,33,253,1,253,191,255,255,255,191,60,0,0,0,3,0,0,0,0,128,112,104,96,128,0,0,0,0,0,0,254,4,254,0,0,0,0,0,36,6,6,6,0,0,0,0,0,0,3,4,0,0,0,0,0,0,0,0,56,255,0,0,0,0,0,0,0,0,0,0,0,0,0,0,0,0,0,0,0,0,150,255,150,255,150,255,155,251,70,249,38,255,0,0,62,255,0,0,36,0,41,57,97,129,0,255,129,255,0,0,0,147,73,33,1,254,253,253,253,255,139,68,76,84,0,41,228,85,213,33,253,1,253,191,255,255,255,191,60,0,0,0,3,0,0,0,0,128,112,104,96,128,0,0,0,0,0,0,254,4,254,0,0,0,0,0,36,6,6,6,0,0,0,0,0,0,3,4,0,0,0,0,0,0,0,0,56,255,0,0,0,0,0,0,0,0,0,0,0,0,0,0,0,0,0,0,0,0,150,255,150,255,150,255,155,251,70,249,38,255
2026-08-03_15-49-30,1,68,4,0.0,0,0.0,4,4,0,0,62,255,0,0,36,0,41,57,97,129,0,255,129,255,0,0,0,147,73,33,1,254,253,253,253,255,139,68,76,84,0,41,228,85,213,33,253,1,253,191,255,255,255,191,60,0,0,0,3,0,0,0,0,128,112,104,96,128,0,0,0,0,0,0,254,4,254,0,0,0,0,0,36,6,6,6,0,0,0,0,0,0,3,4,0,0,0,0,0,0,0,0,56,255,0,0,0,0,0,0,0,0,0,0,0,0,0,0,0,0,0,0,0,0,150,255,150,255,150,255,155,251,70,249,38,255,0,0,237,255,0,0,40,0,41,57,97,129,0,255,129,255,0,0,0,171,73,33,1,254,253,253,253,255,137,68,76,84,0,73,228,85,213,33,253,1,253,191,255,255,255,191,60,0,0,0,3,0,0,0,0,128,112,104,96,128,0,0,0,0,0,0,254,4,254,0,0,0,0,0,36,6,6,6,0,0,0,0,0,0,3,4,0,0,0,0,0,0,0,0,56,255,0,0,0,0,0,0,0,0,0,0,0,0,0,0,0,0,0,0,0,0,150,255,150,255,150,255,155,251,70,249,38,255
2026-08-03_15-49-30,1,69,0,0.0,0,0.0,4,4,0,0,237,255,0,0,40,0,41,57,97,129,0,255,129,255,0,0,0,171,73,33,1,254,253,253,253,255,137,68,76,84,0,73,228,85,213,33,253,1,253,191,255,255,255,191,60,0,0,0,3,0,0,0,0,128,112,104,96,128,0,0,0,0,0,0,254,4,254,0,0,0,0,0,36,6,6,6,0,0,0,0,0,0,3,4,0,0,0,0,0,0,0,0,56,255,0,0,0,0,0,0,0,0,0,0,0,0,0,0,0,0,0,0,0,0,150,255,150,255,150,255,155,251,70,249,38,255,0,0,222,255,0,0,44,0,41,57,97,129,0,255,129,255,0,0,0,147,73,33,1,254,253,253,253,255,135,68,76,84,0,105,228,85,213,33,253,1,253,191,255,255,255,191,60,0,0,0,3,0,0,0,0,128,112,104,96,128,0,0,0,0,0,0,254,4,254,0,0,0,0,0,36,6,6,6,0,0,0,0,0,0,3,4,0,0,0,0,0,0,0,0,56,255,0,0,0,0,0,0,0,0,0,0,0,0,0,0,0,0,0,0,0,0,150,255,150,255,150,255,155,251,81,249,38,255
2026-08-03_15-49-30,1,70,0,0.0,0,0.0,4,4,0,0,222,255,0,0,44,0,41,57,97,129,0,255,129,255,0,0,0,147,73,33,1,254,253,253,253,255,135,68,76,84,0,105,228,85,213,33,253,1,253,191,255,255,255,191,60,0,0,0,3,0,0,0,0,128,112,104,96,128,0,0,0,0,0,0,254,4,254,0,0,0,0,0,36,6,6,6,0,0,0,0,0,0,3,4,0,0,0,0,0,0,0,0,56,255,0,0,0,0,0,0,0,0,0,0,0,0,0,0,0,0,0,0,0,0,150,255,150,255,150,255,155,251,81,249,38,255,0,0,235,255,0,0,48,0,41,57,97,129,0,255,129,255,0,0,0,171,73,33,1,254,253,253,253,255,133,68,76,84,0,152,228,85,213,33,253,1,253,191,255,255,255,191,60,0,0,0,3,0,0,0,0,128,112,104,96,128,0,0,0,0,0,0,254,4,254,0,0,0,0,0,36,6,6,6,0,0,0,0,0,0,3,4,0,0,0,0,0,0,0,0,56,255,0,0,0,0,0,0,0,0,0,0,0,0,0,0,0,0,0,0,0,0,150,255,150,255,150,255,155,251,81,249,38,255
2026-08-03_15-49-30,1,71,0,0.0,0,0.0,4,4,0,0,235,255,0,0,48,0,41,57,97,129,0,255,129,255,0,0,0,171,73,33,1,254,253,253,253,255,133,68,76,84,0,152,228,85,213,33,253,1,253,191,255,255,255,191,60,0,0,0,3,0,0,0,0,128,112,104,96,128,0,0,0,0,0,0,254,4,254,0,0,0,0,0,36,6,6,6,0,0,0,0,0,0,3,4,0,0,0,0,0,0,0,0,56,255,0,0,0,0,0,0,0,0,0,0,0,0,0,0,0,0,0,0,0,0,150,255,150,255,150,255,155,251,81,249,38,255,0,0,186,255,0,0,52,0,41,57,97,129,0,255,129,255,0,0,0,147,73,33,1,254,253,253,253,255,131,68,76,84,0,184,228,85,213,33,253,1,253,191,255,255,255,191,60,0,0,0,3,0,0,0,0,128,112,104,96,128,0,0,0,0,0,0,254,4,254,0,0,0,0,0,36,6,6,6,0,0,0,0,0,0,3,4,0,0,0,0,0,0,0,0,56,255,0,0,0,0,0,0,0,0,0,0,0,0,0,0,0,0,0,0,0,0,150,255,150,255,150,255,155,251,81,249,38,255
2026-08-03_15-49-30,1,72,0,0.0,0,0.0,4,4,0,0,186,255,0,0,52,0,41,57,97,129,0,255,129,255,0,0,0,147,73,33,1,254,253,253,253,255,131,68,76,84,0,184,228,85,213,33,253,1,253,191,255,255,255,191,60,0,0,0,3,0,0,0,0,128,112,104,96,128,0,0,0,0,0,0,254,4,254,0,0,0,0,0,36,6,6,6,0,0,0,0,0,0,3,4,0,0,0,0,0,0,0,0,56,255,0,0,0,0,0,0,0,0,0,0,0,0,0,0,0,0,0,0,0,0,150,255,150,255,150,255,155,251,81,249,38,255,0,0,162,255,0,0,56,0,41,57,97,129,0,255,129,255,0,0,0,171,73,33,1,254,253,253,253,255,129,68,76,84,0,216,228,85,213,33,253,1,253,191,255,255,255,191,60,0,0,0,3,0,0,0,0,128,112,104,96,128,0,0,0,0,0,0,254,4,254,0,0,0,0,0,36,6,6,6,0,0,0,0,0,0,3,4,0,0,0,0,0,0,0,0,56,255,0,0,0,0,0,0,0,0,0,0,0,0,0,0,0,0,0,0,0,0,150,255,150,255,150,255,155,251,81,249,38,255
2026-08-03_15-49-30,1,73,0,0.0,0,0.0,4,4,0,0,162,255,0,0,56,0,41,57,97,129,0,255,129,255,0,0,0,171,73,33,1,254,253,253,253,255,129,68,76,84,0,216,228,85,213,33,253,1,253,191,255,255,255,191,60,0,0,0,3,0,0,0,0,128,112,104,96,128,0,0,0,0,0,0,254,4,254,0,0,0,0,0,36,6,6,6,0,0,0,0,0,0,3,4,0,0,0,0,0,0,0,0,56,255,0,0,0,0,0,0,0,0,0,0,0,0,0,0,0,0,0,0,0,0,150,255,150,255,150,255,155,251,81,249,38,255,0,0,33,255,0,0,60,0,41,57,97,129,0,255,129,255,0,0,0,147,73,33,1,254,253,253,253,255,127,68,76,84,0,248,228,85,213,33,253,1,253,191,255,255,255,191,60,0,0,0,3,0,0,0,0,128,112,104,96,128,0,0,0,0,0,0,254,4,254,0,0,0,0,0,36,6,6,6,0,0,0,0,0,0,3,4,0,0,0,0,0,0,0,0,56,255,0,0,0,0,0,0,0,0,0,0,0,0,0,0,0,0,0,0,0,0,150,255,150,255,150,255,155,251,81,249,38,255
2026-08-03_15-49-30,1,74,0,0.0,0,0.0,4,4,0,0,33,255,0,0,60,0,41,57,97,129,0,255,129,255,0,0,0,147,73,33,1,254,253,253,253,255,127,68,76,84,0,248,228,85,213,33,253,1,253,191,255,255,255,191,60,0,0,0,3,0,0,0,0,128,112,104,96,128,0,0,0,0,0,0,254,4,254,0,0,0,0,0,36,6,6,6,0,0,0,0,0,0,3,4,0,0,0,0,0,0,0,0,56,255,0,0,0,0,0,0,0,0,0,0,0,0,0,0,0,0,0,0,0,0,150,255,150,255,150,255,155,251,81,249,38,255,0,0,27,255,0,0,64,0,41,57,97,129,0,255,129,255,0,0,0,171,73,33,1,254,253,253,253,255,125,68,76,84,0,24,228,85,213,33,253,1,253,191,255,255,255,191,60,0,0,0,3,0,0,0,0,128,112,104,96,128,0,0,0,0,0,0,254,4,254,0,0,0,0,0,36,6,6,6,0,0,0,0,0,0,3,4,0,0,0,0,0,0,0,0,56,255,0,0,0,0,0,0,0,0,0,0,0,0,0,0,0,0,0,0,0,0,150,255,150,255,150,255,155,251,81,249,38,255
2026-08-03_15-49-30,1,75,0,0.0,0,0.0,4,4,0,0,27,255,0,0,64,0,41,57,97,129,0,255,129,255,0,0,0,171,73,33,1,254,253,253,253,255,125,68,76,84,0,24,228,85,213,33,253,1,253,191,255,255,255,191,60,0,0,0,3,0,0,0,0,128,112,104,96,128,0,0,0,0,0,0,254,4,254,0,0,0,0,0,36,6,6,6,0,0,0,0,0,0,3,4,0,0,0,0,0,0,0,0,56,255,0,0,0,0,0,0,0,0,0,0,0,0,0,0,0,0,0,0,0,0,150,255,150,255,150,255,155,251,81,249,38,255,0,0,177,255,0,0,68,0,41,57,97,129,0,255,129,255,0,0,0,147,73,33,1,254,253,253,253,255,123,68,76,84,0,56,228,85,213,33,253,1,253,191,255,255,255,191,60,0,0,0,3,0,0,0,0,128,112,104,96,128,0,0,0,0,0,0,254,4,254,0,0,0,0,0,36,6,6,6,0,0,0,0,0,0,3,4,0,0,0,0,0,0,0,0,56,255,0,0,0,0,0,0,0,0,0,0,0,0,0,0,0,0,0,0,0,0,150,255,150,255,150,255,155,251,81,249,38,255
2026-08-03_15-49-30,1,76,0,0.0,0,0.0,4,4,0,0,177,255,0,0,68,0,41,57,97,129,0,255,129,255,0,0,0,147,73,33,1,254,253,253,253,255,123,68,76,84,0,56,228,85,213,33,253,1,253,191,255,255,255,191,60,0,0,0,3,0,0,0,0,128,112,104,96,128,0,0,0,0,0,0,254,4,254,0,0,0,0,0,36,6,6,6,0,0,0,0,0,0,3,4,0,0,0,0,0,0,0,0,56,255,0,0,0,0,0,0,0,0,0,0,0,0,0,0,0,0,0,0,0,0,150,255,150,255,150,255,155,251,81,249,38,255,0,0,30,255,0,0,72,0,41,57,97,129,0,255,129,255,0,0,0,171,73,33,1,254,253,253,253,255,121,68,76,84,0,88,228,85,213,33,253,1,253,191,255,255,255,191,60,0,0,0,3,0,0,0,0,128,112,104,96,128,0,0,0,0,0,0,254,4,254,0,0,0,0,0,36,6,6,6,0,0,0,0,0,0,3,4,0,0,0,0,0,0,0,0,56,255,0,0,0,0,0,0,0,0,0,0,0,0,0,0,0,0,0,0,0,0,150,255,150,255,150,255,155,251,81,249,38,255
2026-08-03_15-49-30,1,77,0,0.0,0,0.0,4,4,0,0,30,255,0,0,72,0,41,57,97,129,0,255,129,255,0,0,0,171,73,33,1,254,253,253,253,255,121,68,76,84,0,88,228,85,213,33,253,1,253,191,255,255,255,191,60,0,0,0,3,0,0,0,0,128,112,104,96,128,0,0,0,0,0,0,254,4,254,0,0,0,0,0,36,6,6,6,0,0,0,0,0,0,3,4,0,0,0,0,0,0,0,0,56,255,0,0,0,0,0,0,0,0,0,0,0,0,0,0,0,0,0,0,0,0,150,255,150,255,150,255,155,251,81,249,38,255,0,0,231,255,0,0,76,0,41,57,97,129,0,255,129,255,0,0,0,147,73,33,1,254,253,253,253,255,119,68,76,84,0,120,228,85,213,33,253,1,253,191,255,255,255,191,60,0,0,0,3,0,0,0,0,128,112,104,96,128,0,0,0,0,0,0,254,4,254,0,0,0,0,0,36,6,6,6,0,0,0,0,0,0,3,4,0,0,0,0,0,0,0,0,56,255,0,0,0,0,0,0,0,0,0,0,0,0,0,0,0,0,0,0,0,0,150,255,150,255,150,255,155,251,81,249,38,255
2026-08-03_15-49-30,1,78,0,0.0,0,0.0,4,4,0,0,231,255,0,0,76,0,41,57,97,129,0,255,129,255,0,0,0,147,73,33,1,254,253,253,253,255,119,68,76,84,0,120,228,85,213,33,253,1,253,191,255,255,255,191,60,0,0,0,3,0,0,0,0,128,112,104,96,128,0,0,0,0,0,0,254,4,254,0,0,0,0,0,36,6,6,6,0,0,0,0,0,0,3,4,0,0,0,0,0,0,0,0,56,255,0,0,0,0,0,0,0,0,0,0,0,0,0,0,0,0,0,0,0,0,150,255,150,255,150,255,155,251,81,249,38,255,0,0,115,255,0,0,80,0,41,57,97,129,0,255,129,255,0,0,0,171,73,33,1,254,253,253,253,255,117,68,76,84,0,167,228,85,213,33,253,1,253,191,255,255,255,191,60,0,0,0,3,0,0,0,0,128,112,104,96,128,0,0,0,0,0,0,254,4,254,0,0,0,0,0,36,6,6,6,0,0,0,0,0,0,3,4,0,0,0,0,0,0,0,0,56,255,0,0,0,0,0,0,0,0,0,0,0,0,0,0,0,0,0,0,0,0,150,255,150,255,150,255,155,251,81,249,38,255
2026-08-03_15-49-30,1,79,0,0.0,0,0.0,4,4,0,0,115,255,0,0,80,0,41,57,97,129,0,255,129,255,0,0,0,171,73,33,1,254,253,253,253,255,117,68,76,84,0,167,228,85,213,33,253,1,253,191,255,255,255,191,60,0,0,0,3,0,0,0,0,128,112,104,96,128,0,0,0,0,0,0,254,4,254,0,0,0,0,0,36,6,6,6,0,0,0,0,0,0,3,4,0,0,0,0,0,0,0,0,56,255,0,0,0,0,0,0,0,0,0,0,0,0,0,0,0,0,0,0,0,0,150,255,150,255,150,255,155,251,81,249,38,255,0,0,49,255,0,0,84,0,41,57,97,129,0,255,129,255,0,0,0,147,73,33,1,254,253,253,253,255,115,68,76,84,0,199,228,85,213,33,253,1,253,191,255,255,255,191,60,0,0,0,3,0,0,0,0,128,112,104,96,128,0,0,0,0,0,0,254,4,254,0,0,0,0,0,36,6,6,6,0,0,0,0,0,0,3,4,0,0,0,0,0,0,0,0,56,255,0,0,0,0,0,0,0,0,0,0,0,0,0,0,0,0,0,0,0,0,150,255,150,255,150,255,155,251,81,249,38,255
2026-08-03_15-49-30,1,80,0,0.0,0,0.0,4,4,0,0,49,255,0,0,84,0,41,57,97,129,0,255,129,255,0,0,0,147,73,33,1,254,253,253,253,255,115,68,76,84,0,199,228,85,213,33,253,1,253,191,255,255,255,191,60,0,0,0,3,0,0,0,0,128,112,104,96,128,0,0,0,0,0,0,254,4,254,0,0,0,0,0,36,6,6,6,0,0,0,0,0,0,3,4,0,0,0,0,0,0,0,0,56,255,0,0,0,0,0,0,0,0,0,0,0,0,0,0,0,0,0,0,0,0,150,255,150,255,150,255,155,251,81,249,38,255,0,0,22,255,0,0,88,0,41,57,97,129,0,255,129,255,0,0,0,171,73,33,1,254,253,253,253,255,113,68,76,84,0,231,228,85,213,33,253,1,253,191,255,255,255,191,60,0,0,0,3,0,0,0,0,128,112,104,96,128,0,0,0,0,0,0,254,4,254,0,0,0,0,0,36,6,6,6,0,0,0,0,0,0,3,4,0,0,0,0,0,0,0,0,56,255,0,0,0,0,0,0,0,0,0,0,0,0,0,0,0,0,0,0,0,0,150,255,150,255,150,255,155,251,81,249,38,255
2026-08-03_15-49-30,1,81,3,0.0,0,0.0,4,4,0,0,22,255,0,0,88,0,41,57,97,129,0,255,129,255,0,0,0,171,73,33,1,254,253,253,253,255,113,68,76,84,0,231,228,85,213,33,253,1,253,191,255,255,255,191,60,0,0,0,3,0,0,0,0,128,112,104,96,128,0,0,0,0,0,0,254,4,254,0,0,0,0,0,36,6,6,6,0,0,0,0,0,0,3,4,0,0,0,0,0,0,0,0,56,255,0,0,0,0,0,0,0,0,0,0,0,0,0,0,0,0,0,0,0,0,150,255,150,255,150,255,155,251,81,249,38,255,0,0,105,255,0,0,92,0,41,57,97,129,0,255,129,0,0,0,0,147,73,33,1,254,253,253,253,255,115,68,76,84,0,199,228,85,213,33,253,1,253,127,255,255,255,127,60,0,0,0,3,0,0,0,0,128,112,104,96,128,0,0,0,0,0,0,254,4,254,0,0,0,0,0,36,6,6,6,0,0,0,0,0,0,3,4,0,0,0,0,0,0,0,0,56,255,0,0,0,0,0,0,0,0,0,0,0,0,0,0,0,0,0,0,0,0,150,255,150,255,150,255,163,251,70,249,38,255
2026-08-03_15-49-30,1,82,3,0.0,0,0.0,4,4,0,0,105,255,0,0,92,0,41,57,97,129,0,255,129,0,0,0,0,147,73,33,1,254,253,253,253,255,115,68,76,84,0,199,228,85,213,33,253,1,253,127,255,255,255,127,60,0,0,0,3,0,0,0,0,128,112,104,96,128,0,0,0,0,0,0,254,4,254,0,0,0,0,0,36,6,6,6,0,0,0,0,0,0,3,4,0,0,0,0,0,0,0,0,56,255,0,0,0,0,0,0,0,0,0,0,0,0,0,0,0,0,0,0,0,0,150,255,150,255,150,255,163,251,70,249,38,255,0,0,145,255,0,0,96,0,41,57,97,129,0,255,129,0,0,0,0,171,73,33,1,254,253,253,253,255,117,68,76,84,0,167,228,85,213,33,253,1,253,127,255,255,255,127,60,0,0,0,3,0,0,0,0,128,112,104,96,128,0,0,0,0,0,0,254,4,254,0,0,0,0,0,36,6,6,6,0,0,0,0,0,0,3,4,0,0,0,0,0,0,0,0,56,255,0,0,0,0,0,0,0,0,0,0,0,0,0,0,0,0,0,0,0,0,150,255,150,255,150,255,163,251,70,249,38,255
2026-08-03_15-49-30,1,83,3,0.0,0,0.0,4,4,0,0,145,255,0,0,96,0,41,57,97,129,0,255,129,0,0,0,0,171,73,33,1,254,253,253,253,255,117,68,76,84,0,167,228,85,213,33,253,1,253,127,255,255,255,127,60,0,0,0,3,0,0,0,0,128,112,104,96,128,0,0,0,0,0,0,254,4,254,0,0,0,0,0,36,6,6,6,0,0,0,0,0,0,3,4,0,0,0,0,0,0,0,0,56,255,0,0,0,0,0,0,0,0,0,0,0,0,0,0,0,0,0,0,0,0,150,255,150,255,150,255,163,251,70,249,38,255,0,0,20,255,0,0,100,0,41,57,97,129,0,255,129,0,0,0,0,147,73,33,1,254,253,253,253,255,119,68,76,84,0,120,228,85,213,33,253,1,253,127,255,255,255,127,60,0,0,0,3,0,0,0,0,128,112,104,96,128,0,0,0,0,0,0,254,4,254,0,0,0,0,0,36,6,6,6,0,0,0,0,0,0,3,4,0,0,0,0,0,0,0,0,56,255,0,0,0,0,0,0,0,0,0,0,0,0,0,0,0,0,0,0,0,0,150,255,150,255,150,255,163,251,70,249,38,255
2026-08-03_15-49-30,1,84,0,0.0,0,0.0,4,4,0,0,20,255,0,0,100,0,41,57,97,129,0,255,129,0,0,0,0,147,73,33,1,254,253,253,253,255,119,68,76,84,0,120,228,85,213,33,253,1,253,127,255,255,255,127,60,0,0,0,3,0,0,0,0,128,112,104,96,128,0,0,0,0,0,0,254,4,254,0,0,0,0,0,36,6,6,6,0,0,0,0,0,0,3,4,0,0,0,0,0,0,0,0,56,255,0,0,0,0,0,0,0,0,0,0,0,0,0,0,0,0,0,0,0,0,150,255,150,255,150,255,163,251,70,249,38,255,0,0,74,255,0,0,104,0,41,57,97,129,0,255,129,0,0,0,0,171,73,33,1,254,253,253,253,255,121,68,76,84,0,88,228,85,213,33,253,1,253,127,255,255,255,127,60,0,0,0,3,0,0,0,0,128,112,104,96,128,0,0,0,0,0,0,254,4,254,0,0,0,0,0,36,6,6,6,0,0,0,0,0,0,3,4,0,0,0,0,0,0,0,0,56,255,0,0,0,0,0,0,0,0,0,0,0,0,0,0,0,0,0,0,0,0,150,255,150,255,150,255,163,251,81,249,38,255
2026-08-03_15-49-30,1,85,0,0.0,0,0.0,4,4,0,0,74,255,0,0,104,0,41,57,97,129,0,255,129,0,0,0,0,171,73,33,1,254,253,253,253,255,121,68,76,84,0,88,228,85,213,33,253,1,253,127,255,255,255,127,60,0,0,0,3,0,0,0,0,128,112,104,96,128,0,0,0,0,0,0,254,4,254,0,0,0,0,0,36,6,6,6,0,0,0,0,0,0,3,4,0,0,0,0,0,0,0,0,56,255,0,0,0,0,0,0,0,0,0,0,0,0,0,0,0,0,0,0,0,0,150,255,150,255,150,255,163,251,81,249,38,255,0,0,169,255,0,0,108,0,41,57,97,129,0,255,129,0,0,0,0,147,73,33,1,254,253,253,253,255,123,68,76,84,0,56,228,85,213,33,253,1,253,127,255,255,255,127,60,0,0,0,3,0,0,0,0,128,112,104,96,128,0,0,0,0,0,0,254,4,254,0,0,0,0,0,36,6,6,6,0,0,0,0,0,0,3,4,0,0,0,0,0,0,0,0,56,255,0,0,0,0,0,0,0,0,0,0,0,0,0,0,0,0,0,0,0,0,150,255,150,255,150,255,163,251,81,249,38,255
2026-08-03_15-49-30,1,86,0,0.0,0,0.0,4,4,0,0,169,255,0,0,108,0,41,57,97,129,0,255,129,0,0,0,0,147,73,33,1,254,253,253,253,255,123,68,76,84,0,56,228,85,213,33,253,1,253,127,255,255,255,127,60,0,0,0,3,0,0,0,0,128,112,104,96,128,0,0,0,0,0,0,254,4,254,0,0,0,0,0,36,6,6,6,0,0,0,0,0,0,3,4,0,0,0,0,0,0,0,0,56,255,0,0,0,0,0,0,0,0,0,0,0,0,0,0,0,0,0,0,0,0,150,255,150,255,150,255,163,251,81,249,38,255,0,0,157,255,0,0,112,0,41,57,97,129,0,255,129,0,0,0,0,171,73,33,1,254,253,253,253,255,125,68,76,84,0,24,228,85,213,33,253,1,253,127,255,255,255,127,60,0,0,0,3,0,0,0,0,128,112,104,96,128,0,0,0,0,0,0,254,4,254,0,0,0,0,0,36,6,6,6,0,0,0,0,0,0,3,4,0,0,0,0,0,0,0,0,56,255,0,0,0,0,0,0,0,0,0,0,0,0,0,0,0,0,0,0,0,0,150,255,150,255,150,255,163,251,81,249,38,255
2026-08-03_15-49-30,1,87,0,0.0,0,0.0,4,4,0,0,157,255,0,0,112,0,41,57,97,129,0,255,129,0,0,0,0,171,73,33,1,254,253,253,253,255,125,68,76,84,0,24,228,85,213,33,253,1,253,127,255,255,255,127,60,0,0,0,3,0,0,0,0,128,112,104,96,128,0,0,0,0,0,0,254,4,254,0,0,0,0,0,36,6,6,6,0,0,0,0,0,0,3,4,0,0,0,0,0,0,0,0,56,255,0,0,0,0,0,0,0,0,0,0,0,0,0,0,0,0,0,0,0,0,150,255,150,255,150,255,163,251,81,249,38,255,0,0,221,255,0,0,116,0,41,57,97,129,0,255,129,0,0,0,0,147,73,33,1,254,253,253,253,255,127,68,76,84,0,248,228,85,213,33,253,1,253,127,255,255,255,127,60,0,0,0,3,0,0,0,0,128,112,104,96,128,0,0,0,0,0,0,254,4,254,0,0,0,0,0,36,6,6,6,0,0,0,0,0,0,3,4,0,0,0,0,0,0,0,0,56,255,0,0,0,0,0,0,0,0,0,0,0,0,0,0,0,0,0,0,0,0,150,255,150,255,150,255,163,251,81,249,38,255
2026-08-03_15-49-30,1,88,0,0.0,0,0.0,4,4,0,0,221,255,0,0,116,0,41,57,97,129,0,255,129,0,0,0,0,147,73,33,1,254,253,253,253,255,127,68,76,84,0,248,228,85,213,33,253,1,253,127,255,255,255,127,60,0,0,0,3,0,0,0,0,128,112,104,96,128,0,0,0,0,0,0,254,4,254,0,0,0,0,0,36,6,6,6,0,0,0,0,0,0,3,4,0,0,0,0,0,0,0,0,56,255,0,0,0,0,0,0,0,0,0,0,0,0,0,0,0,0,0,0,0,0,150,255,150,255,150,255,163,251,81,249,38,255,0,0,217,255,0,0,120,0,41,57,97,129,0,255,129,0,0,0,0,171,73,33,1,254,253,253,253,255,129,68,76,84,0,216,228,85,213,33,253,1,253,127,255,255,255,127,60,0,0,0,3,0,0,0,0,128,112,104,96,128,0,0,0,0,0,0,254,4,254,0,0,0,0,0,36,6,6,6,0,0,0,0,0,0,3,4,0,0,0,0,0,0,0,0,56,255,0,0,0,0,0,0,0,0,0,0,0,0,0,0,0,0,0,0,0,0,150,255,150,255,150,255,163,251,81,249,38,255
2026-08-03_15-49-30,1,89,0,0.0,0,0.0,4,4,0,0,217,255,0,0,120,0,41,57,97,129,0,255,129,0,0,0,0,171,73,33,1,254,253,253,253,255,129,68,76,84,0,216,228,85,213,33,253,1,253,127,255,255,255,127,60,0,0,0,3,0,0,0,0,128,112,104,96,128,0,0,0,0,0,0,254,4,254,0,0,0,0,0,36,6,6,6,0,0,0,0,0,0,3,4,0,0,0,0,0,0,0,0,56,255,0,0,0,0,0,0,0,0,0,0,0,0,0,0,0,0,0,0,0,0,150,255,150,255,150,255,163,251,81,249,38,255,0,0,158,255,0,0,124,0,41,57,97,129,0,255,129,0,0,0,0,147,73,33,1,254,253,253,253,255,131,68,76,84,0,184,228,85,213,33,253,1,253,127,255,255,255,127,60,0,0,0,3,0,0,0,0,128,112,104,96,128,0,0,0,0,0,0,254,4,254,0,0,0,0,0,36,6,6,6,0,0,0,0,0,0,3,4,0,0,0,0,0,0,0,0,56,255,0,0,0,0,0,0,0,0,0,0,0,0,0,0,0,0,0,0,0,0,150,255,150,255,150,255,163,251,81,249,38,255
2026-08-03_15-49-30,1,90,0,0.0,0,0.0,4,4,0,0,158,255,0,0,124,0,41,57,97,129,0,255,129,0,0,0,0,147,73,33,1,254,253,253,253,255,131,68,76,84,0,184,228,85,213,33,253,1,253,127,255,255,255,127,60,0,0,0,3,0,0,0,0,128,112,104,96,128,0,0,0,0,0,0,254,4,254,0,0,0,0,0,36,6,6,6,0,0,0,0,0,0,3,4,0,0,0,0,0,0,0,0,56,255,0,0,0,0,0,0,0,0,0,0,0,0,0,0,0,0,0,0,0,0,150,255,150,255,150,255,163,251,81,249,38,255,0,0,239,255,0,0,128,0,41,57,97,129,0,255,129,0,0,0,0,171,73,33,1,254,253,253,253,255,133,68,76,84,0,152,228,85,213,33,253,1,253,127,255,255,255,127,60,0,0,0,3,0,0,0,0,128,112,104,96,128,0,0,0,0,0,0,254,4,254,0,0,0,0,0,36,6,6,6,0,0,0,0,0,0,3,4,0,80,0,0,0,0,0,0,56,255,0,0,0,0,0,0,0,0,0,0,0,0,0,0,0,0,0,0,0,0,150,255,150,255,150,255,163,251,81,249,38,255
2026-08-03_15-49-30,1,91,0,0.0,0,0.0,4,4,0,0,239,255,0,0,128,0,41,57,97,129,0,255,129,0,0,0,0,171,73,33,1,254,253,253,253,255,133,68,76,84,0,152,228,85,213,33,253,1,253,127,255,255,255,127,60,0,0,0,3,0,0,0,0,128,112,104,96,128,0,0,0,0,0,0,254,4,254,0,0,0,0,0,36,6,6,6,0,0,0,0,0,0,3,4,0,80,0,0,0,0,0,0,56,255,0,0,0,0,0,0,0,0,0,0,0,0,0,0,0,0,0,0,0,0,150,255,150,255,150,255,163,251,81,249,38,255,0,0,253,255,0,0,132,0,41,57,97,129,0,255,129,0,0,0,0,147,73,33,1,254,253,253,253,255,135,68,76,84,0,105,228,85,213,33,253,1,253,127,255,255,255,127,60,0,0,0,3,0,0,0,0,128,112,104,96,128,0,0,0,0,0,0,254,4,254,0,0,0,0,0,36,6,6,6,0,0,0,0,0,0,3,4,0,80,0,0,0,0,0,0,56,255,0,0,0,0,0,0,0,0,0,0,0,0,0,0,0,0,0,0,0,0,150,255,150,255,150,255,163,251,81,249,38,255
2026-08-03_15-49-30,1,92,0,0.0,0,0.0,4,4,0,0,253,255,0,0,132,0,41,57,97,129,0,255,129,0,0,0,0,147,73,33,1,254,253,253,253,255,135,68,76,84,0,105,228,85,213,33,253,1,253,127,255,255,255,127,60,0,0,0,3,0,0,0,0,128,112,104,96,128,0,0,0,0,0,0,254,4,254,0,0,0,0,0,36,6,6,6,0,0,0,0,0,0,3,4,0,80,0,0,0,0,0,0,56,255,0,0,0,0,0,0,0,0,0,0,0,0,0,0,0,0,0,0,0,0,150,255,150,255,150,255,163,251,81,249,38,255,0,0,211,255,0,0,136,0,41,57,97,129,0,255,129,0,0,0,0,171,73,33,1,254,253,253,253,255,137,68,76,84,0,73,228,85,213,33,253,1,253,127,255,255,255,127,60,0,0,0,4,0,0,0,0,128,112,104,96,128,0,0,0,0,0,0,254,4,254,0,0,0,0,0,36,6,6,6,0,0,0,0,0,0,3,4,0,80,0,0,0,0,0,0,56,255,0,0,0,0,0,0,0,0,0,0,0,0,0,0,0,0,0,0,0,0,150,255,150,255,150,255,163,251,81,249,38,255
2026-08-03_15-49-30,1,93,0,0.0,0,0.0,4,4,0,0,211,255,0,0,136,0,41,57,97,129,0,255,129,0,0,0,0,171,73,33,1,254,253,253,253,255,137,68,76,84,0,73,228,85,213,33,253,1,253,127,255,255,255,127,60,0,0,0,4,0,0,0,0,128,112,104,96,128,0,0,0,0,0,0,254,4,254,0,0,0,0,0,36,6,6,6,0,0,0,0,0,0,3,4,0,80,0,0,0,0,0,0,56,255,0,0,0,0,0,0,0,0,0,0,0,0,0,0,0,0,0,0,0,0,150,255,150,255,150,255,163,251,81,249,38,255,0,0,51,255,0,0,140,0,41,57,97,129,0,255,129,0,0,0,0,147,73,33,1,254,253,253,253,255,139,68,76,84,0,41,228,85,213,33,253,1,253,127,255,255,255,127,60,0,0,0,4,0,0,0,0,128,112,104,96,128,0,0,0,0,0,0,254,4,254,0,0,0,0,0,36,6,6,6,0,0,0,0,0,0,3,4,0,80,0,0,0,0,0,0,56,255,0,0,0,0,0,0,0,0,0,0,0,0,0,0,0,0,0,0,0,0,150,255,150,255,150,255,163,251,70,249,38,255
2026-08-03_15-49-30,1,94,3,0.0,0,0.0,4,4,0,0,51,255,0,0,140,0,41,57,97,129,0,255,129,0,0,0,0,147,73,33,1,254,253,253,253,255,139,68,76,84,0,41,228,85,213,33,253,1,253,127,255,255,255,127,60,0,0,0,4,0,0,0,0,128,112,104,96,128,0,0,0,0,0,0,254,4,254,0,0,0,0,0,36,6,6,6,0,0,0,0,0,0,3,4,0,80,0,0,0,0,0,0,56,255,0,0,0,0,0,0,0,0,0,0,0,0,0,0,0,0,0,0,0,0,150,255,150,255,150,255,163,251,70,249,38,255,1,0,53,255,0,0,144,0,41,65,25,9,0,255,255,0,0,0,0,171,65,105,121,254,253,253,253,255,13,16,116,84,0,144,81,183,213,171,254,157,254,127,255,255,255,127,0,0,0,0,3,0,0,0,0,128,112,104,96,128,0,0,0,0,0,1,254,5,254,0,0,0,0,0,36,6,6,6,0,0,0,0,0,0,6,4,0,80,0,0,0,0,0,0,56,255,0,0,0,0,0,0,0,0,0,0,0,0,0,0,0,0,0,0,0,0,150,255,150,255,150,255,163,251,70,249,38,255
2026-08-03_15-49-30,1,95,3,0.0,0,0.0,4,4,1,0,53,255,0,0,144,0,41,65,25,9,0,255,255,0,0,0,0,171,65,105,121,254,253,253,253,255,13,16,116,84,0,144,81,183,213,171,254,157,254,127,255,255,255,127,0,0,0,0,3,0,0,0,0,128,112,104,96,128,0,0,0,0,0,1,254,5,254,0,0,0,0,0,36,6,6,6,0,0,0,0,0,0,6,4,0,80,0,0,0,0,0,0,56,255,0,0,0,0,0,0,0,0,0,0,0,0,0,0,0,0,0,0,0,0,150,255,150,255,150,255,163,251,70,249,38,255,1,0,81,255,0,0,148,0,41,65,25,9,0,255,255,0,0,0,0,147,65,105,121,254,253,253,253,255,15,16,116,84,0,97,81,183,213,147,254,157,254,127,255,255,255,127,0,0,0,0,3,0,0,0,0,128,112,104,96,128,0,0,0,0,0,1,254,5,254,0,0,0,0,0,36,6,6,6,0,0,0,0,0,0,6,4,0,80,0,0,0,0,0,0,56,255,0,0,0,0,0,0,0,0,0,0,0,0,0,0,0,0,0,0,0,0,150,255,150,255,150,255,163,251,70,249,38,255
2026-08-03_15-49-30,1,96,3,0.0,0,0.0,4,4,1,0,81,255,0,0,148,0,41,65,25,9,0,255,255,0,0,0,0,147,65,105,121,254,253,253,253,255,15,16,116,84,0,97,81,183,213,147,254,157,254,127,255,255,255,127,0,0,0,0,3,0,0,0,0,128,112,104,96,128,0,0,0,0,0,1,254,5,254,0,0,0,0,0,36,6,6,6,0,0,0,0,0,0,6,4,0,80,0,0,0,0,0,0,56,255,0,0,0,0,0,0,0,0,0,0,0,0,0,0,0,0,0,0,0,0,150,255,150,255,150,255,163,251,70,249,38,255,1,0,24,255,0,0,152,0,41,65,25,9,0,255,255,0,0,0,0,171,65,105,121,254,253,253,253,255,17,16,116,84,0,65,81,183,213,171,254,157,254,127,255,255,255,127,0,0,0,0,3,0,0,0,0,128,112,104,96,128,0,0,0,0,0,1,254,5,254,0,0,0,0,0,36,6,6,6,0,0,0,0,0,0,6,4,0,80,0,0,0,0,0,0,56,255,0,0,0,0,0,0,0,0,0,0,0,0,0,0,0,0,0,0,0,0,150,255,150,255,150,255,163,251,81,249,38,255
2026-08-03_15-49-30,1,97,0,0.0,0,0.0,4,4,1,0,24,255,0,0,152,0,41,65,25,9,0,255,255,0,0,0,0,171,65,105,121,254,253,253,253,255,17,16,116,84,0,65,81,183,213,171,254,157,254,127,255,255,255,127,0,0,0,0,3,0,0,0,0,128,112,104,96,128,0,0,0,0,0,1,254,5,254,0,0,0,0,0,36,6,6,6,0,0,0,0,0,0,6,4,0,80,0,0,0,0,0,0,56,255,0,0,0,0,0,0,0,0,0,0,0,0,0,0,0,0,0,0,0,0,150,255,150,255,150,255,163,251,81,249,38,255,1,0,131,255,0,0,156,0,41,65,25,9,0,255,255,0,0,0,0,147,65,105,121,254,253,253,253,255,19,16,116,84,0,33,81,183,213,147,254,157,254,127,255,255,255,127,0,0,0,0,3,0,0,0,0,128,112,104,96,128,0,0,0,0,0,1,254,5,254,0,0,0,0,0,36,6,6,6,0,0,0,0,0,0,6,4,0,80,0,0,0,0,0,0,56,255,0,0,0,0,0,0,0,0,0,0,0,0,0,0,0,0,0,0,0,0,150,255,150,255,150,255,163,251,81,249,38,255
2026-08-03_15-49-30,1,98,0,0.0,0,0.0,4,4,1,0,131,255,0,0,156,0,41,65,25,9,0,255,255,0,0,0,0,147,65,105,121,254,253,253,253,255,19,16,116,84,0,33,81,183,213,147,254,157,254,127,255,255,255,127,0,0,0,0,3,0,0,0,0,128,112,104,96,128,0,0,0,0,0,1,254,5,254,0,0,0,0,0,36,6,6,6,0,0,0,0,0,0,6,4,0,80,0,0,0,0,0,0,56,255,0,0,0,0,0,0,0,0,0,0,0,0,0,0,0,0,0,0,0,0,150,255,150,255,150,255,163,251,81,249,38,255,1,0,58,255,0,0,160,0,41,65,25,9,0,255,255,0,0,0,0,171,65,105,121,254,253,253,253,255,21,16,116,84,0,1,81,183,213,171,254,157,254,127,255,255,255,127,0,0,0,0,3,0,0,0,0,128,112,104,96,128,0,0,0,0,0,1,254,5,254,0,0,0,0,0,36,6,6,6,0,0,0,0,0,0,6,4,0,80,0,0,0,0,0,0,56,255,0,0,0,0,0,0,0,0,0,0,0,0,0,0,0,0,0,0,0,0,150,255,150,255,150,255,163,251,81,249,38,255
2026-08-03_15-49-30,1,99,0,0.0,0,0.0,4,4,1,0,58,255,0,0,160,0,41,65,25,9,0,255,255,0,0,0,0,171,65,105,121,254,253,253,253,255,21,16,116,84,0,1,81,183,213,171,254,157,254,127,255,255,255,127,0,0,0,0,3,0,0,0,0,128,112,104,96,128,0,0,0,0,0,1,254,5,254,0,0,0,0,0,36,6,6,6,0,0,0,0,0,0,6,4,0,80,0,0,0,0,0,0,56,255,0,0,0,0,0,0,0,0,0,0,0,0,0,0,0,0,0,0,0,0,150,255,150,255,150,255,163,251,81,249,38,255,1,0,170,255,0,0,164,0,41,65,25,9,0,255,255,0,0,0,0,147,65,105,121,254,253,253,253,255,23,16,116,84,0,225,81,183,213,147,254,157,254,127,255,255,255,127,0,0,0,0,3,0,0,0,0,128,112,104,96,128,0,0,0,0,0,1,254,5,254,0,0,0,0,0,36,6,6,6,0,0,0,0,0,0,6,4,0,80,0,0,0,0,0,0,56,255,0,0,0,0,0,0,0,0,0,0,0,0,0,0,0,0,0,0,0,0,150,255,150,255,150,255,163,251,81,249,38,255
2026-08-03_15-49-30,1,100,0,0.0,0,0.0,4,4,1,0,170,255,0,0,164,0,41,65,25,9,0,255,255,0,0,0,0,147,65,105,121,254,253,253,253,255,23,16,116,84,0,225,81,183,213,147,254,157,254,127,255,255,255,127,0,0,0,0,3,0,0,0,0,128,112,104,96,128,0,0,0,0,0,1,254,5,254,0,0,0,0,0,36,6,6,6,0,0,0,0,0,0,6,4,0,80,0,0,0,0,0,0,56,255,0,0,0,0,0,0,0,0,0,0,0,0,0,0,0,0,0,0,0,0,150,255,150,255,150,255,163,251,81,249,38,255,1,0,175,255,0,0,168,0,41,65,25,9,0,255,255,0,0,0,0,171,65,105,121,254,253,253,253,0,24,16,116,84,0,209,81,183,213,171,254,157,254,127,255,255,255,127,0,0,0,0,3,0,0,0,0,128,112,104,96,0,0,0,0,0,0,1,254,5,254,0,0,0,0,0,36,6,6,6,0,0,0,0,0,0,6,4,0,80,0,0,0,0,0,0,56,255,0,0,0,0,0,0,0,0,0,0,0,0,0,0,0,0,0,0,0,0,150,255,150,255,229,251,163,251,81,249,38,255
2026-08-03_15-49-30,1,101,0,0.0,0,0.0,4,4,1,0,175,255,0,0,168,0,41,65,25,9,0,255,255,0,0,0,0,171,65,105,121,254,253,253,253,0,24,16,116,84,0,209,81,183,213,171,254,157,254,127,255,255,255,127,0,0,0,0,3,0,0,0,0,128,112,104,96,0,0,0,0,0,0,1,254,5,254,0,0,0,0,0,36,6,6,6,0,0,0,0,0,0,6,4,0,80,0,0,0,0,0,0,56,255,0,0,0,0,0,0,0,0,0,0,0,0,0,0,0,0,0,0,0,0,150,255,150,255,229,251,163,251,81,249,38,255,1,0,249,255,0,0,172,0,41,65,25,9,0,255,255,0,0,0,0,147,65,105,121,254,253,253,253,0,24,16,116,84,0,209,81,183,213,147,254,157,254,127,255,255,255,127,0,0,0,0,3,0,0,0,0,128,112,104,96,0,0,0,0,0,0,1,254,5,254,0,0,0,0,0,36,6,6,6,0,0,0,0,0,0,6,4,0,80,0,0,0,0,0,0,56,255,0,0,0,0,0,0,0,0,0,0,0,0,0,0,0,0,0,0,0,0,150,255,150,255,229,251,163,251,81,249,38,255
2026-08-03_15-49-30,1,102,0,0.0,0,0.0,4,4,1,0,249,255,0,0,172,0,41,65,25,9,0,255,255,0,0,0,0,147,65,105,121,254,253,253,253,0,24,16,116,84,0,209,81,183,213,147,254,157,254,127,255,255,255,127,0,0,0,0,3,0,0,0,0,128,112,104,96,0,0,0,0,0,0,1,254,5,254,0,0,0,0,0,36,6,6,6,0,0,0,0,0,0,6,4,0,80,0,0,0,0,0,0,56,255,0,0,0,0,0,0,0,0,0,0,0,0,0,0,0,0,0,0,0,0,150,255,150,255,229,251,163,251,81,249,38,255,1,0,148,255,0,0,176,0,41,65,25,9,0,255,255,0,0,0,0,171,65,105,121,254,253,253,253,0,24,16,116,84,0,209,81,183,213,171,254,157,254,127,255,255,255,127,0,0,0,0,3,0,0,0,0,128,112,104,96,0,0,0,0,0,0,1,254,5,254,0,0,0,0,0,36,6,6,6,0,0,0,0,0,0,6,4,0,80,0,0,0,0,0,0,56,255,0,0,0,0,0,0,0,0,0,0,0,0,0,0,0,0,0,0,0,0,150,255,150,255,229,251,163,251,81,249,38,255
2026-08-03_15-49-30,1,103,0,0.0,0,0.0,4,4,1,0,148,255,0,0,176,0,41,65,25,9,0,255,255,0,0,0,0,171,65,105,121,254,253,253,253,0,24,16,116,84,0,209,81,183,213,171,254,157,254,127,255,255,255,127,0,0,0,0,3,0,0,0,0,128,112,104,96,0,0,0,0,0,0,1,254,5,254,0,0,0,0,0,36,6,6,6,0,0,0,0,0,0,6,4,0,80,0,0,0,0,0,0,56,255,0,0,0,0,0,0,0,0,0,0,0,0,0,0,0,0,0,0,0,0,150,255,150,255,229,251,163,251,81,249,38,255,1,0,66,255,0,0,180,0,41,65,25,9,0,255,255,0,0,0,0,147,65,105,121,254,253,253,253,0,24,16,116,84,0,209,81,183,213,147,254,157,254,127,255,255,255,127,0,0,0,0,3,0,0,0,0,128,112,104,96,0,0,0,0,0,0,1,254,5,254,0,0,0,0,0,36,6,6,6,0,0,0,0,0,0,6,4,0,80,0,0,0,0,0,0,56,255,0,0,0,0,0,0,0,0,0,0,0,0,0,0,0,0,0,0,0,0,150,255,150,255,229,251,163,251,81,249,38,255
2026-08-03_15-49-30,1,104,0,0.0,0,0.0,4,4,1,0,66,255,0,0,180,0,41,65,25,9,0,255,255,0,0,0,0,147,65,105,121,254,253,253,253,0,24,16,116,84,0,209,81,183,213,147,254,157,254,127,255,255,255,127,0,0,0,0,3,0,0,0,0,128,112,104,96,0,0,0,0,0,0,1,254,5,254,0,0,0,0,0,36,6,6,6,0,0,0,0,0,0,6,4,0,80,0,0,0,0,0,0,56,255,0,0,0,0,0,0,0,0,0,0,0,0,0,0,0,0,0,0,0,0,150,255,150,255,229,251,163,251,81,249,38,255,1,0,39,255,0,0,184,0,41,65,25,9,0,255,255,0,0,0,0,171,65,105,121,254,253,253,253,0,24,16,116,84,0,209,81,183,213,171,254,157,254,127,255,255,255,127,0,0,0,0,3,0,0,0,0,128,112,104,96,0,0,0,0,0,0,1,254,5,254,0,0,0,0,0,36,6,6,6,0,0,0,0,0,0,6,4,0,80,0,0,0,0,0,0,56,255,0,0,0,0,0,0,0,0,0,0,0,0,0,0,0,0,0,0,0,0,150,255,150,255,229,251,163,251,81,249,38,255
2026-08-03_15-49-30,1,105,0,0.0,0,0.0,4,4,1,0,39,255,0,0,184,0,41,65,25,9,0,255,255,0,0,0,0,171,65,105,121,254,253,253,253,0,24,16,116,84,0,209,81,183,213,171,254,157,254,127,255,255,255,127,0,0,0,0,3,0,0,0,0,128,112,104,96,0,0,0,0,0,0,1,254,5,254,0,0,0,0,0,36,6,6,6,0,0,0,0,0,0,6,4,0,80,0,0,0,0,0,0,56,255,0,0,0,0,0,0,0,0,0,0,0,0,0,0,0,0,0,0,0,0,150,255,150,255,229,251,163,251,81,249,38,255,1,0,127,255,0,0,188,0,41,65,25,9,0,255,255,0,0,0,0,147,65,105,121,254,253,253,253,0,24,16,116,84,0,209,81,183,213,147,254,157,254,127,255,255,255,127,0,0,0,0,3,0,0,0,0,128,112,104,96,0,0,0,0,0,0,1,254,5,254,0,0,0,0,0,36,6,6,6,0,0,0,0,0,0,6,4,0,80,0,0,0,0,0,0,56,255,0,0,0,0,0,0,0,0,0,0,0,0,0,0,0,0,0,0,0,0,150,255,150,255,229,251,163,251,81,249,38,255
2026-08-03_15-49-30,1,106,0,0.0,0,0.0,4,4,1,0,127,255,0,0,188,0,41,65,25,9,0,255,255,0,0,0,0,147,65,105,121,254,253,253,253,0,24,16,116,84,0,209,81,183,213,147,254,157,254,127,255,255,255,127,0,0,0,0,3,0,0,0,0,128,112,104,96,0,0,0,0,0,0,1,254,5,254,0,0,0,0,0,36,6,6,6,0,0,0,0,0,0,6,4,0,80,0,0,0,0,0,0,56,255,0,0,0,0,0,0,0,0,0,0,0,0,0,0,0,0,0,0,0,0,150,255,150,255,229,251,163,251,81,249,38,255,1,0,248,255,0,0,192,0,41,65,25,9,0,255,255,255,0,0,0,171,65,105,121,254,253,253,253,255,23,16,116,84,0,209,81,183,213,171,254,157,254,191,255,255,255,191,0,0,0,0,3,0,0,0,0,128,112,104,96,0,0,0,0,0,0,1,254,5,254,0,0,0,0,0,36,6,6,6,0,0,0,0,0,0,6,4,0,80,0,0,0,0,0,0,56,255,0,0,0,0,0,0,0,0,0,0,0,0,0,0,0,0,0,0,0,0,150,255,150,255,42,252,155,251,70,249,38,255
2026-08-03_15-49-30,1,107,4,0.0,0,0.0,4,4,1,0,248,255,0,0,192,0,41,65,25,9,0,255,255,255,0,0,0,171,65,105,121,254,253,253,253,255,23,16,116,84,0,209,81,183,213,171,254,157,254,191,255,255,255,191,0,0,0,0,3,0,0,0,0,128,112,104,96,0,0,0,0,0,0,1,254,5,254,0,0,0,0,0,36,6,6,6,0,0,0,0,0,0,6,4,0,80,0,0,0,0,0,0,56,255,0,0,0,0,0,0,0,0,0,0,0,0,0,0,0,0,0,0,0,0,150,255,150,255,42,252,155,251,70,249,38,255,1,0,133,255,0,0,196,0,41,65,25,9,0,255,255,255,0,0,0,147,65,105,121,254,253,253,253,255,21,16,116,84,0,241,81,183,213,147,254,157,254,191,255,255,255,191,0,0,0,0,3,0,0,0,0,128,112,104,96,0,0,0,0,0,0,1,254,5,254,0,0,0,0,0,36,6,6,6,0,0,0,0,0,0,6,4,0,80,0,0,0,0,0,0,56,255,0,0,0,0,0,0,0,0,0,0,0,0,0,0,0,0,0,0,0,0,150,255,150,255,150,255,155,251,70,249,38,255
2026-08-03_15-49-30,1,108,4,0.0,0,0.0,4,4,1,0,133,255,0,0,196,0,41,65,25,9,0,255,255,255,0,0,0,147,65,105,121,254,253,253,253,255,21,16,116,84,0,241,81,183,213,147,254,157,254,191,255,255,255,191,0,0,0,0,3,0,0,0,0,128,112,104,96,0,0,0,0,0,0,1,254,5,254,0,0,0,0,0,36,6,6,6,0,0,0,0,0,0,6,4,0,80,0,0,0,0,0,0,56,255,0,0,0,0,0,0,0,0,0,0,0,0,0,0,0,0,0,0,0,0,150,255,150,255,150,255,155,251,70,249,38,255,1,0,94,255,0,0,200,0,41,65,25,9,0,255,255,255,0,0,0,171,65,105,121,254,253,253,253,255,19,16,116,84,0,17,81,183,213,171,254,157,254,191,255,255,255,191,0,0,0,0,3,0,0,0,0,128,112,104,96,0,0,0,0,0,0,1,254,5,254,0,0,0,0,0,36,6,6,6,0,0,0,0,0,0,6,4,0,80,0,0,0,0,0,0,56,255,0,0,0,0,0,0,0,0,0,0,0,0,0,0,0,0,0,0,0,0,150,255,150,255,42,252,155,251,70,249,38,255
2026-08-03_15-49-30,1,109,4,0.0,0,0.0,4,4,1,0,94,255,0,0,200,0,41,65,25,9,0,255,255,255,0,0,0,171,65,105,121,254,253,253,253,255,19,16,116,84,0,17,81,183,213,171,254,157,254,191,255,255,255,191,0,0,0,0,3,0,0,0,0,128,112,104,96,0,0,0,0,0,0,1,254,5,254,0,0,0,0,0,36,6,6,6,0,0,0,0,0,0,6,4,0,80,0,0,0,0,0,0,56,255,0,0,0,0,0,0,0,0,0,0,0,0,0,0,0,0,0,0,0,0,150,255,150,255,42,252,155,251,70,249,38,255,1,0,227,255,0,0,204,0,41,65,25,9,0,255,255,255,0,0,0,147,65,105,121,254,253,253,253,255,17,16,116,84,0,49,81,183,213,147,254,157,254,191,255,255,255,191,0,0,0,0,3,0,0,0,0,128,112,104,96,0,0,0,0,0,0,1,254,5,254,0,0,0,0,0,36,6,6,6,0,0,0,0,0,0,6,4,0,80,0,0,0,0,0,0,56,255,0,0,0,0,0,0,0,0,0,0,0,0,0,0,0,0,0,0,0,0,150,255,150,255,150,255,155,251,81,249,38,255
2026-08-03_15-49-30,1,110,0,0.0,0,0.0,4,4,1,0,227,255,0,0,204,0,41,65,25,9,0,255,255,255,0,0,0,147,65,105,121,254,253,253,253,255,17,16,116,84,0,49,81,183,213,147,254,157,254,191,255,255,255,191,0,0,0,0,3,0,0,0,0,128,112,104,96,0,0,0,0,0,0,1,254,5,254,0,0,0,0,0,36,6,6,6,0,0,0,0,0,0,6,4,0,80,0,0,0,0,0,0,56,255,0,0,0,0,0,0,0,0,0,0,0,0,0,0,0,0,0,0,0,0,150,255,150,255,150,255,155,251,81,249,38,255,1,0,52,255,0,0,208,0,41,65,25,9,0,255,255,255,0,0,0,171,65,105,121,254,253,253,253,255,15,16,116,84,0,81,81,183,213,171,254,157,254,191,255,255,255,191,0,0,0,0,4,0,0,0,0,128,112,104,96,0,0,0,0,0,0,1,254,5,254,0,0,0,0,0,36,6,6,6,0,0,0,0,0,0,6,4,0,80,0,0,0,0,0,0,56,255,0,0,0,0,0,0,0,0,0,0,0,0,0,0,0,0,0,0,0,0,150,255,150,255,42,252,155,251,81,249,38,255
2026-08-03_15-49-30,1,111,0,0.0,0,0.0,4,4,1,0,52,255,0,0,208,0,41,65,25,9,0,255,255,255,0,0,0,171,65,105,121,254,253,253,253,255,15,16,116,84,0,81,81,183,213,171,254,157,254,191,255,255,255,191,0,0,0,0,4,0,0,0,0,128,112,104,96,0,0,0,0,0,0,1,254,5,254,0,0,0,0,0,36,6,6,6,0,0,0,0,0,0,6,4,0,80,0,0,0,0,0,0,56,255,0,0,0,0,0,0,0,0,0,0,0,0,0,0,0,0,0,0,0,0,150,255,150,255,42,252,155,251,81,249,38,255,1,0,64,255,0,0,212,0,41,65,25,9,0,255,255,255,0,0,0,147,65,105,121,254,253,253,253,255,13,16,116,84,0,113,81,183,213,147,254,157,254,191,255,255,255,191,0,0,0,0,4,0,0,0,0,128,112,104,96,0,0,0,0,0,0,1,254,5,254,0,0,0,0,0,36,6,6,6,0,0,0,0,0,0,6,4,0,80,0,0,0,0,0,0,56,255,0,0,0,0,0,0,0,0,0,0,0,0,0,0,0,0,0,0,0,0,150,255,150,255,150,255,155,251,81,249,38,255
2026-08-03_15-49-30,1,112,0,0.0,0,0.0,4,4,1,0,64,255,0,0,212,0,41,65,25,9,0,255,255,255,0,0,0,147,65,105,121,254,253,253,253,255,13,16,116,84,0,113,81,183,213,147,254,157,254,191,255,255,255,191,0,0,0,0,4,0,0,0,0,128,112,104,96,0,0,0,0,0,0,1,254,5,254,0,0,0,0,0,36,6,6,6,0,0,0,0,0,0,6,4,0,80,0,0,0,0,0,0,56,255,0,0,0,0,0,0,0,0,0,0,0,0,0,0,0,0,0,0,0,0,150,255,150,255,150,255,155,251,81,249,38,255,1,0,4,255,0,0,216,0,41,65,25,9,0,255,255,255,0,0,0,171,65,105,121,254,253,253,253,255,11,16,116,84,0,160,81,183,213,171,254,157,254,191,255,255,255,191,0,0,0,0,3,0,0,0,0,128,112,104,96,0,0,0,0,0,0,1,254,5,254,0,0,0,0,0,36,6,6,6,0,0,0,0,0,0,6,4,0,80,0,0,0,0,0,0,56,255,0,0,0,0,0,0,0,0,0,0,0,0,0,0,0,0,0,0,0,0,150,255,150,255,42,252,155,251,81,249,38,255
2026-08-03_15-49-30,1,113,0,0.0,0,0.0,4,4,1,0,4,255,0,0,216,0,41,65,25,9,0,255,255,255,0,0,0,171,65,105,121,254,253,253,253,255,11,16,116,84,0,160,81,183,213,171,254,157,254,191,255,255,255,191,0,0,0,0,3,0,0,0,0,128,112,104,96,0,0,0,0,0,0,1,254,5,254,0,0,0,0,0,36,6,6,6,0,0,0,0,0,0,6,4,0,80,0,0,0,0,0,0,56,255,0,0,0,0,0,0,0,0,0,0,0,0,0,0,0,0,0,0,0,0,150,255,150,255,42,252,155,251,81,249,38,255,1,0,71,255,0,0,220,0,41,65,25,9,0,255,255,255,0,0,0,147,65,105,121,254,253,253,253,255,139,16,116,84,0,25,81,183,213,147,254,157,254,191,255,255,255,191,0,0,0,0,3,0,0,0,0,128,112,104,96,0,0,0,0,0,0,1,254,5,254,0,0,0,0,0,36,6,6,6,0,0,0,0,0,0,6,4,0,80,0,0,0,0,0,0,56,255,0,0,0,0,0,0,0,0,0,0,0,0,0,0,0,0,0,0,0,0,150,255,150,255,42,252,155,251,81,249,38,255
2026-08-03_15-49-30,1,114,0,0.0,0,0.0,4,4,1,0,71,255,0,0,220,0,41,65,25,9,0,255,255,255,0,0,0,147,65,105,121,254,253,253,253,255,139,16,116,84,0,25,81,183,213,147,254,157,254,191,255,255,255,191,0,0,0,0,3,0,0,0,0,128,112,104,96,0,0,0,0,0,0,1,254,5,254,0,0,0,0,0,36,6,6,6,0,0,0,0,0,0,6,4,0,80,0,0,0,0,0,0,56,255,0,0,0,0,0,0,0,0,0,0,0,0,0,0,0,0,0,0,0,0,150,255,150,255,42,252,155,251,81,249,38,255,1,0,113,255,0,0,224,0,41,65,25,9,0,255,255,0,0,0,0,171,65,105,121,254,253,253,253,255,139,16,116,84,0,57,81,183,213,171,254,157,254,127,255,255,255,127,0,0,0,0,3,0,0,0,0,128,112,104,96,0,0,0,0,0,0,1,254,5,254,0,0,0,0,0,36,6,6,6,0,0,0,0,0,0,6,4,0,80,0,0,0,0,0,0,56,255,0,0,0,0,0,0,0,0,0,0,0,0,0,0,0,0,0,0,0,0,150,255,150,255,150,255,163,251,70,249,38,255
2026-08-03_15-49-30,1,115,3,0.0,0,0.0,4,4,1,0,113,255,0,0,224,0,41,65,25,9,0,255,255,0,0,0,0,171,65,105,121,254,253,253,253,255,139,16,116,84,0,57,81,183,213,171,254,157,254,127,255,255,255,127,0,0,0,0,3,0,0,0,0,128,112,104,96,0,0,0,0,0,0,1,254,5,254,0,0,0,0,0,36,6,6,6,0,0,0,0,0,0,6,4,0,80,0,0,0,0,0,0,56,255,0,0,0,0,0,0,0,0,0,0,0,0,0,0,0,0,0,0,0,0,150,255,150,255,150,255,163,251,70,249,38,255,1,0,18,255,0,0,228,0,41,65,25,9,0,255,255,0,0,0,0,147,65,105,121,254,253,253,253,255,12,16,116,84,0,25,81,183,213,147,254,157,254,127,255,255,255,127,0,0,0,0,3,0,0,0,0,128,112,104,96,0,0,0,0,0,0,1,254,5,254,0,0,0,0,0,36,6,6,6,0,0,0,0,0,0,6,4,0,80,0,0,0,0,0,0,56,255,0,0,0,0,0,0,0,0,0,0,0,0,0,0,0,0,0,0,0,0,150,255,150,255,229,251,163,251,70,249,38,255
2026-08-03_15-49-30,1,116,3,0.0,0,0.0,4,4,1,0,18,255,0,0,228,0,41,65,25,9,0,255,255,0,0,0,0,147,65,105,121,254,253,253,253,255,12,16,116,84,0,25,81,183,213,147,254,157,254,127,255,255,255,127,0,0,0,0,3,0,0,0,0,128,112,104,96,0,0,0,0,0,0,1,254,5,254,0,0,0,0,0,36,6,6,6,0,0,0,0,0,0,6,4,0,80,0,0,0,0,0,0,56,255,0,0,0,0,0,0,0,0,0,0,0,0,0,0,0,0,0,0,0,0,150,255,150,255,229,251,163,251,70,249,38,255,2,0,46,255,0,0,232,0,41,41,129,9,0,129,255,0,0,0,0,171,89,1,121,254,253,253,253,255,15,136,16,32,0,113,89,81,66,1,253,181,254,127,255,255,255,127,3,0,0,0,3,0,0,0,0,136,128,112,104,32,0,0,0,0,0,2,254,6,254,0,0,0,0,0,36,6,6,6,0,0,0,0,0,0,9,4,0,80,0,0,0,0,0,0,56,255,0,0,0,0,0,0,0,0,0,0,0,0,0,0,0,0,0,0,0,0,150,255,150,255,150,255,163,251,70,249,38,255
2026-08-03_15-49-30,1,117,0,0.0,0,0.0,4,4,2,0,46,255,0,0,232,0,41,41,129,9,0,129,255,0,0,0,0,171,89,1,121,254,253,253,253,255,15,136,16,32,0,113,89,81,66,1,253,181,254,127,255,255,255,127,3,0,0,0,3,0,0,0,0,136,128,112,104,32,0,0,0,0,0,2,254,6,254,0,0,0,0,0,36,6,6,6,0,0,0,0,0,0,9,4,0,80,0,0,0,0,0,0,56,255,0,0,0,0,0,0,0,0,0,0,0,0,0,0,0,0,0,0,0,0,150,255,150,255,150,255,163,251,70,249,38,255,2,0,224,255,0,0,236,0,41,41,129,9,0,129,255,0,0,0,0,147,89,1,121,254,253,253,253,255,17,136,16,32,0,81,89,81,66,1,253,181,254,127,255,255,255,127,3,0,0,0,3,0,0,0,0,136,128,112,104,64,0,0,0,0,0,2,254,6,254,0,0,0,0,0,36,6,6,6,0,0,0,0,0,0,9,4,0,80,0,0,0,0,0,0,56,255,0,0,0,0,0,0,0,0,0,0,0,0,0,0,0,0,0,0,0,0,150,255,150,255,229,251,163,251,81,249,38,255
2026-08-03_15-49-30,1,118,0,0.0,0,0.0,4,4,2,0,224,255,0,0,236,0,41,41,129,9,0,129,255,0,0,0,0,147,89,1,121,254,253,253,253,255,17,136,16,32,0,81,89,81,66,1,253,181,254,127,255,255,255,127,3,0,0,0,3,0,0,0,0,136,128,112,104,64,0,0,0,0,0,2,254,6,254,0,0,0,0,0,36,6,6,6,0,0,0,0,0,0,9,4,0,80,0,0,0,0,0,0,56,255,0,0,0,0,0,0,0,0,0,0,0,0,0,0,0,0,0,0,0,0,150,255,150,255,229,251,163,251,81,249,38,255,2,0,6,255,0,0,240,0,41,41,129,9,0,129,255,0,0,0,0,171,89,1,121,254,253,253,253,255,19,136,16,32,0,49,89,81,66,1,253,181,254,127,255,255,255,127,3,0,0,0,3,0,0,0,0,136,128,112,104,96,0,0,0,0,0,2,254,6,254,0,0,0,0,0,36,6,6,6,0,0,0,0,0,0,9,4,0,80,0,0,0,0,0,0,56,255,0,0,0,0,0,0,0,0,0,0,0,0,0,0,0,0,0,0,0,0,150,255,150,255,150,255,163,251,81,249,38,255
2026-08-03_15-49-30,1,119,0,0.0,0,0.0,4,4,2,0,6,255,0,0,240,0,41,41,129,9,0,129,255,0,0,0,0,171,89,1,121,254,253,253,253,255,19,136,16,32,0,49,89,81,66,1,253,181,254,127,255,255,255,127,3,0,0,0,3,0,0,0,0,136,128,112,104,96,0,0,0,0,0,2,254,6,254,0,0,0,0,0,36,6,6,6,0,0,0,0,0,0,9,4,0,80,0,0,0,0,0,0,56,255,0,0,0,0,0,0,0,0,0,0,0,0,0,0,0,0,0,0,0,0,150,255,150,255,150,255,163,251,81,249,38,255,2,0,100,255,0,0,244,0,41,41,129,9,0,129,255,0,0,0,0,147,89,1,121,254,253,253,253,255,21,136,16,32,0,17,89,81,66,1,253,181,254,127,255,255,255,127,3,0,0,0,3,0,0,0,0,136,128,112,104,128,0,0,0,0,0,2,254,6,254,0,0,0,0,0,36,6,6,6,0,0,0,0,0,0,9,4,0,80,0,0,0,0,0,0,56,255,0,0,0,0,0,0,0,0,0,0,0,0,0,0,0,0,0,0,0,0,150,255,150,255,229,251,163,251,81,249,38,255
2026-08-03_15-49-30,1,120,0,0.0,0,0.0,4,4,2,0,100,255,0,0,244,0,41,41,129,9,0,129,255,0,0,0,0,147,89,1,121,254,253,253,253,255,21,136,16,32,0,17,89,81,66,1,253,181,254,127,255,255,255,127,3,0,0,0,3,0,0,0,0,136,128,112,104,128,0,0,0,0,0,2,254,6,254,0,0,0,0,0,36,6,6,6,0,0,0,0,0,0,9,4,0,80,0,0,0,0,0,0,56,255,0,0,0,0,0,0,0,0,0,0,0,0,0,0,0,0,0,0,0,0,150,255,150,255,229,251,163,251,81,249,38,255,2,0,73,255,0,0,248,0,41,41,129,9,0,129,255,0,0,0,0,171,89,1,121,254,253,253,253,255,23,136,16,32,0,225,89,81,66,1,253,181,254,127,255,255,255,127,3,0,0,0,3,0,0,0,0,136,128,112,104,160,0,0,0,0,0,2,254,6,254,0,0,0,0,0,36,6,6,6,0,0,0,0,0,0,9,4,0,80,0,0,0,0,0,0,56,255,0,0,0,0,0,0,0,0,0,0,0,0,0,0,0,0,0,0,0,0,150,255,150,255,150,255,163,251,81,249,38,255
2026-08-03_15-49-30,1,121,0,0.0,0,0.0,4,4,2,0,73,255,0,0,248,0,41,41,129,9,0,129,255,0,0,0,0,171,89,1,121,254,253,253,253,255,23,136,16,32,0,225,89,81,66,1,253,181,254,127,255,255,255,127,3,0,0,0,3,0,0,0,0,136,128,112,104,160,0,0,0,0,0,2,254,6,254,0,0,0,0,0,36,6,6,6,0,0,0,0,0,0,9,4,0,80,0,0,0,0,0,0,56,255,0,0,0,0,0,0,0,0,0,0,0,0,0,0,0,0,0,0,0,0,150,255,150,255,150,255,163,251,81,249,38,255,2,0,155,255,0,0,252,0,41,41,129,9,0,129,255,0,0,0,0,147,89,1,121,254,253,253,253,0,24,136,16,32,0,209,89,81,66,1,253,181,254,127,255,255,255,127,3,0,0,0,3,0,0,0,0,136,128,112,104,40,0,0,0,0,0,2,254,6,254,0,0,0,0,0,36,6,6,6,0,0,0,0,0,0,9,4,0,80,0,0,0,0,0,0,56,255,0,0,0,0,0,0,0,0,0,0,0,0,0,0,0,0,0,0,0,0,150,255,150,255,229,251,163,251,81,249,38,255
2026-08-03_15-49-30,1,122,0,0.0,0,0.0,4,4,2,0,155,255,0,0,252,0,41,41,129,9,0,129,255,0,0,0,0,147,89,1,121,254,253,253,253,0,24,136,16,32,0,209,89,81,66,1,253,181,254,127,255,255,255,127,3,0,0,0,3,0,0,0,0,136,128,112,104,40,0,0,0,0,0,2,254,6,254,0,0,0,0,0,36,6,6,6,0,0,0,0,0,0,9,4,0,80,0,0,0,0,0,0,56,255,0,0,0,0,0,0,0,0,0,0,0,0,0,0,0,0,0,0,0,0,150,255,150,255,229,251,163,251,81,249,38,255,2,0,185,255,0,0,0,1,41,41,129,9,0,129,255,0,0,0,0,171,89,1,121,254,253,253,253,0,24,136,16,32,0,209,89,81,66,1,253,181,254,127,255,255,255,127,3,0,0,0,3,0,0,0,0,136,128,112,104,40,0,0,0,0,0,2,254,6,254,0,0,0,0,0,36,6,6,6,0,0,0,0,0,0,9,4,0,168,0,0,0,0,0,0,56,255,0,0,0,0,0,0,0,0,0,0,0,0,0,0,0,0,0,0,0,0,150,255,150,255,229,251,163,251,81,249,38,255
2026-08-03_15-49-30,1,123,0,0.0,0,0.0,4,4,2,0,185,255,0,0,0,1,41,41,129,9,0,129,255,0,0,0,0,171,89,1,121,254,253,253,253,0,24,136,16,32,0,209,89,81,66,1,253,181,254,127,255,255,255,127,3,0,0,0,3,0,0,0,0,136,128,112,104,40,0,0,0,0,0,2,254,6,254,0,0,0,0,0,36,6,6,6,0,0,0,0,0,0,9,4,0,168,0,0,0,0,0,0,56,255,0,0,0,0,0,0,0,0,0,0,0,0,0,0,0,0,0,0,0,0,150,255,150,255,229,251,163,251,81,249,38,255,2,0,144,255,0,0,4,1,41,41,129,9,0,129,255,0,0,0,0,147,89,1,121,254,253,253,253,0,24,136,16,32,0,209,89,81,66,1,253,181,254,127,255,255,255,127,3,0,0,0,3,0,0,0,0,136,128,112,104,40,0,0,0,0,0,2,254,6,254,0,0,0,0,0,36,6,6,6,0,0,0,0,0,0,9,4,0,168,0,0,0,0,0,0,56,255,0,0,0,0,0,0,0,0,0,0,0,0,0,0,0,0,0,0,0,0,150,255,150,255,229,251,163,251,81,249,38,255
2026-08-03_15-49-30,1,124,5,0.0,0,0.0,4,4,2,0,144,255,0,0,4,1,41,41,129,9,0,129,255,0,0,0,0,147,89,1,121,254,253,253,253,0,24,136,16,32,0,209,89,81,66,1,253,181,254,127,255,255,255,127,3,0,0,0,3,0,0,0,0,136,128,112,104,40,0,0,0,0,0,2,254,6,254,0,0,0,0,0,36,6,6,6,0,0,0,0,0,0,9,4,0,168,0,0,0,0,0,0,56,255,0,0,0,0,0,0,0,0,0,0,0,0,0,0,0,0,0,0,0,0,150,255,150,255,229,251,163,251,81,249,38,255,2,0,5,255,0,0,8,0,42,41,129,9,0,129,255,0,0,0,0,182,89,1,121,254,253,253,253,255,24,136,16,32,0,209,89,81,66,1,253,181,254,223,255,255,255,223,3,0,8,0,3,12,0,0,0,136,128,112,104,192,0,0,0,0,0,2,254,6,254,0,0,0,0,0,36,6,6,6,0,0,0,0,0,0,9,4,0,168,0,0,0,0,0,0,56,255,0,0,0,0,0,0,0,0,0,0,0,0,0,0,0,0,0,0,0,0,150,255,150,255,150,255,175,251,70,249,38,255
2026-08-03_15-49-30,1,125,5,0.0,0,0.0,4,4,2,0,5,255,0,0,8,0,42,41,129,9,0,129,255,0,0,0,0,182,89,1,121,254,253,253,253,255,24,136,16,32,0,209,89,81,66,1,253,181,254,223,255,255,255,223,3,0,8,0,3,12,0,0,0,136,128,112,104,192,0,0,0,0,0,2,254,6,254,0,0,0,0,0,36,6,6,6,0,0,0,0,0,0,9,4,0,168,0,0,0,0,0,0,56,255,0,0,0,0,0,0,0,0,0,0,0,0,0,0,0,0,0,0,0,0,150,255,150,255,150,255,175,251,70,249,38,255,2,0,86,255,0,0,12,0,44,41,129,9,0,255,129,0,0,0,0,156,89,1,121,254,253,253,253,255,24,136,16,32,0,209,89,81,66,176,254,1,253,223,255,255,255,223,60,0,8,0,3,12,0,0,0,136,128,112,104,224,0,0,0,0,0,2,254,6,254,0,0,0,0,0,36,6,6,6,0,0,0,0,0,0,9,4,0,168,0,0,0,0,0,0,56,255,0,0,0,0,0,0,0,0,0,0,0,0,0,0,0,0,0,0,0,0,150,255,150,255,150,255,175,251,70,249,38,255
2026-08-03_15-49-30,1,126,5,0.0,0,0.0,4,4,2,0,86,255,0,0,12,0,44,41,129,9,0,255,129,0,0,0,0,156,89,1,121,254,253,253,253,255,24,136,16,32,0,209,89,81,66,176,254,1,253,223,255,255,255,223,60,0,8,0,3,12,0,0,0,136,128,112,104,224,0,0,0,0,0,2,254,6,254,0,0,0,0,0,36,6,6,6,0,0,0,0,0,0,9,4,0,168,0,0,0,0,0,0,56,255,0,0,0,0,0,0,0,0,0,0,0,0,0,0,0,0,0,0,0,0,150,255,150,255,150,255,175,251,70,249,38,255,2,0,109,255,0,0,16,0,47,41,129,9,0,255,129,0,0,0,0,178,89,1,121,254,253,253,253,255,24,136,16,32,0,209,89,81,66,176,254,1,253,223,255,255,255,223,60,0,8,0,3,12,0,0,0,136,128,112,104,0,0,0,0,0,0,2,254,6,254,0,0,0,0,0,36,6,6,6,0,0,0,0,0,0,9,4,0,168,0,0,0,0,0,0,56,255,0,0,0,0,0,0,0,0,0,0,0,0,0,0,0,0,0,0,0,0,150,255,150,255,150,255,175,251,70,249,38,255
2026-08-03_15-49-30,1,127,0,0.0,0,0.0,4,4,2,0,109,255,0,0,16,0,47,41,129,9,0,255,129,0,0,0,0,178,89,1,121,254,253,253,253,255,24,136,16,32,0,209,89,81,66,176,254,1,253,223,255,255,255,223,60,0,8,0,3,12,0,0,0,136,128,112,104,0,0,0,0,0,0,2,254,6,254,0,0,0,0,0,36,6,6,6,0,0,0,0,0,0,9,4,0,168,0,0,0,0,0,0,56,255,0,0,0,0,0,0,0,0,0,0,0,0,0,0,0,0,0,0,0,0,150,255,150,255,150,255,175,251,70,249,38,255,2,0,214,255,0,0,20,0,49,41,129,9,0,255,129,0,0,0,0,152,89,1,121,254,253,253,253,255,24,136,16,32,0,209,89,81,66,152,254,1,253,223,255,255,255,223,60,0,8,0,3,12,0,0,0,136,128,112,104,32,0,0,0,0,0,2,254,6,254,0,0,0,0,0,36,6,6,6,0,0,0,0,0,0,9,4,0,168,0,0,0,0,0,0,56,255,0,0,0,0,0,0,0,0,0,0,0,0,0,0,0,0,0,0,0,0,150,255,150,255,150,255,175,251,81,249,38,255
2026-08-03_15-49-30,1,128,0,0.0,0,0.0,4,4,2,0,214,255,0,0,20,0,49,41,129,9,0,255,129,0,0,0,0,152,89,1,121,254,253,253,253,255,24,136,16,32,0,209,89,81,66,152,254,1,253,223,255,255,255,223,60,0,8,0,3,12,0,0,0,136,128,112,104,32,0,0,0,0,0,2,254,6,254,0,0,0,0,0,36,6,6,6,0,0,0,0,0,0,9,4,0,168,0,0,0,0,0,0,56,255,0,0,0,0,0,0,0,0,0,0,0,0,0,0,0,0,0,0,0,0,150,255,150,255,150,255,175,251,81,249,38,255,2,0,101,255,0,0,24,0,51,41,129,9,0,255,129,0,0,0,0,174,89,1,121,254,253,253,253,255,24,136,16,32,0,209,89,81,66,174,254,1,253,223,255,255,255,223,60,0,8,0,3,12,0,0,0,136,128,112,104,64,0,0,0,0,0,2,254,6,254,0,0,0,0,0,36,6,6,6,0,0,0,0,0,0,9,4,0,168,0,0,0,0,0,0,56,255,0,0,0,0,0,0,0,0,0,0,0,0,0,0,0,0,0,0,0,0,150,255,150,255,150,255,175,251,81,249,38,255
2026-08-03_15-49-30,1,129,0,0.0,0,0.0,4,4,2,0,101,255,0,0,24,0,51,41,129,9,0,255,129,0,0,0,0,174,89,1,121,254,253,253,253,255,24,136,16,32,0,209,89,81,66,174,254,1,253,223,255,255,255,223,60,0,8,0,3,12,0,0,0,136,128,112,104,64,0,0,0,0,0,2,254,6,254,0,0,0,0,0,36,6,6,6,0,0,0,0,0,0,9,4,0,168,0,0,0,0,0,0,56,255,0,0,0,0,0,0,0,0,0,0,0,0,0,0,0,0,0,0,0,0,150,255,150,255,150,255,175,251,81,249,38,255,2,0,88,255,0,0,28,0,53,41,129,9,0,255,129,0,0,0,0,148,89,1,121,254,253,253,253,255,24,136,16,32,0,209,89,81,66,168,254,1,253,223,255,255,255,223,60,0,8,0,3,12,0,0,0,136,128,112,104,96,0,0,0,0,0,2,254,6,254,0,0,0,0,0,36,6,6,6,0,0,0,0,0,0,9,4,0,168,0,0,0,0,0,0,56,255,0,0,0,0,0,0,0,0,0,0,0,0,0,0,0,0,0,0,0,0,150,255,150,255,150,255,175,251,81,249,38,255
2026-08-03_15-49-30,1,130,0,0.0,0,0.0,4,4,2,0,88,255,0,0,28,0,53,41,129,9,0,255,129,0,0,0,0,148,89,1,121,254,253,253,253,255,24,136,16,32,0,209,89,81,66,168,254,1,253,223,255,255,255,223,60,0,8,0,3,12,0,0,0,136,128,112,104,96,0,0,0,0,0,2,254,6,254,0,0,0,0,0,36,6,6,6,0,0,0,0,0,0,9,4,0,168,0,0,0,0,0,0,56,255,0,0,0,0,0,0,0,0,0,0,0,0,0,0,0,0,0,0,0,0,150,255,150,255,150,255,175,251,81,249,38,255,2,0,135,255,0,0,32,0,55,41,129,9,0,255,129,0,0,0,0,170,89,1,121,254,253,253,253,255,24,136,16,32,0,209,89,81,66,168,254,1,253,223,255,255,255,223,60,0,8,0,3,12,0,0,0,136,128,112,104,128,0,0,0,0,0,2,254,6,254,0,0,0,0,0,36,6,6,6,0,0,0,0,0,0,9,4,0,168,0,0,0,0,0,0,56,255,0,0,0,0,0,0,0,0,0,0,0,0,0,0,0,0,0,0,0,0,150,255,150,255,150,255,175,251,81,249,38,255
2026-08-03_15-49-30,1,131,0,0.0,0,0.0,4,4,2,0,135,255,0,0,32,0,55,41,129,9,0,255,129,0,0,0,0,170,89,1,121,254,253,253,253,255,24,136,16,32,0,209,89,81,66,168,254,1,253,223,255,255,255,223,60,0,8,0,3,12,0,0,0,136,128,112,104,128,0,0,0,0,0,2,254,6,254,0,0,0,0,0,36,6,6,6,0,0,0,0,0,0,9,4,0,168,0,0,0,0,0,0,56,255,0,0,0,0,0,0,0,0,0,0,0,0,0,0,0,0,0,0,0,0,150,255,150,255,150,255,175,251,81,249,38,255,2,0,125,255,0,0,36,0,57,41,129,9,0,255,129,0,0,0,0,143,89,1,121,254,253,253,253,0,24,136,16,32,0,209,89,81,66,143,254,1,253,223,255,255,255,223,60,0,7,0,3,12,0,0,0,136,128,112,104,24,0,0,0,0,0,2,254,6,254,0,0,0,0,0,36,6,6,6,0,0,0,0,0,0,9,4,0,168,0,0,0,0,0,0,56,255,0,0,0,0,0,0,0,0,0,0,0,0,0,0,0,0,0,0,0,0,150,255,150,255,189,252,175,251,81,249,38,255
2026-08-03_15-49-30,1,132,0,0.0,0,0.0,4,4,2,0,125,255,0,0,36,0,57,41,129,9,0,255,129,0,0,0,0,143,89,1,121,254,253,253,253,0,24,136,16,32,0,209,89,81,66,143,254,1,253,223,255,255,255,223,60,0,7,0,3,12,0,0,0,136,128,112,104,24,0,0,0,0,0,2,254,6,254,0,0,0,0,0,36,6,6,6,0,0,0,0,0,0,9,4,0,168,0,0,0,0,0,0,56,255,0,0,0,0,0,0,0,0,0,0,0,0,0,0,0,0,0,0,0,0,150,255,150,255,189,252,175,251,81,249,38,255,2,0,219,255,0,0,40,0,57,41,129,9,0,255,129,0,0,0,0,167,89,1,121,254,253,253,253,0,24,136,16,32,0,209,89,81,66,167,254,1,253,223,255,255,255,223,60,0,7,0,3,12,0,0,0,136,128,112,104,24,0,0,0,0,0,2,254,6,254,0,0,0,0,0,36,6,6,6,0,0,0,0,0,0,9,4,0,168,0,0,0,0,0,0,56,255,0,0,0,0,0,0,0,0,0,0,0,0,0,0,0,0,0,0,0,0,150,255,150,255,189,252,175,251,81,249,38,255
2026-08-03_15-49-30,1,133,0,0.0,0,0.0,4,4,2,0,219,255,0,0,40,0,57,41,129,9,0,255,129,0,0,0,0,167,89,1,121,254,253,253,253,0,24,136,16,32,0,209,89,81,66,167,254,1,253,223,255,255,255,223,60,0,7,0,3,12,0,0,0,136,128,112,104,24,0,0,0,0,0,2,254,6,254,0,0,0,0,0,36,6,6,6,0,0,0,0,0,0,9,4,0,168,0,0,0,0,0,0,56,255,0,0,0,0,0,0,0,0,0,0,0,0,0,0,0,0,0,0,0,0,150,255,150,255,189,252,175,251,81,249,38,255,2,0,189,255,0,0,44,0,57,41,129,9,0,255,129,0,0,0,0,143,89,1,121,254,253,253,253,0,24,136,16,32,0,209,89,81,66,143,254,1,253,223,255,255,255,223,60,0,7,0,3,12,0,0,0,136,128,112,104,24,0,0,0,0,0,2,254,6,254,0,0,0,0,0,36,6,6,6,0,0,0,0,0,0,9,4,0,168,0,0,0,0,0,0,56,255,0,0,0,0,0,0,0,0,0,0,0,0,0,0,0,0,0,0,0,0,150,255,150,255,189,252,175,251,81,249,38,255
2026-08-03_15-49-30,1,134,0,0.0,0,0.0,4,4,2,0,189,255,0,0,44,0,57,41,129,9,0,255,129,0,0,0,0,143,89,1,121,254,253,253,253,0,24,136,16,32,0,209,89,81,66,143,254,1,253,223,255,255,255,223,60,0,7,0,3,12,0,0,0,136,128,112,104,24,0,0,0,0,0,2,254,6,254,0,0,0,0,0,36,6,6,6,0,0,0,0,0,0,9,4,0,168,0,0,0,0,0,0,56,255,0,0,0,0,0,0,0,0,0,0,0,0,0,0,0,0,0,0,0,0,150,255,150,255,189,252,175,251,81,249,38,255,2,0,215,255,0,0,48,0,57,41,129,9,0,255,129,0,0,0,0,167,89,1,121,254,253,253,253,0,24,136,16,32,0,209,89,81,66,167,254,1,253,223,255,255,255,223,60,0,7,0,3,12,0,0,0,136,128,112,104,24,0,0,0,0,0,2,254,6,254,0,0,0,0,0,36,6,6,6,0,0,0,0,0,0,9,4,0,168,0,0,0,0,0,0,56,255,0,0,0,0,0,0,0,0,0,0,0,0,0,0,0,0,0,0,0,0,150,255,150,255,189,252,175,251,81,249,38,255
2026-08-03_15-49-30,1,135,0,0.0,0,0.0,4,4,2,0,215,255,0,0,48,0,57,41,129,9,0,255,129,0,0,0,0,167,89,1,121,254,253,253,253,0,24,136,16,32,0,209,89,81,66,167,254,1,253,223,255,255,255,223,60,0,7,0,3,12,0,0,0,136,128,112,104,24,0,0,0,0,0,2,254,6,254,0,0,0,0,0,36,6,6,6,0,0,0,0,0,0,9,4,0,168,0,0,0,0,0,0,56,255,0,0,0,0,0,0,0,0,0,0,0,0,0,0,0,0,0,0,0,0,150,255,150,255,189,252,175,251,81,249,38,255,2,0,116,255,0,0,52,0,57,41,129,9,0,255,129,0,0,0,0,143,89,1,121,254,253,253,253,0,24,136,16,32,0,209,89,81,66,143,254,1,253,223,255,255,255,223,60,0,7,0,3,12,0,0,0,136,128,112,104,24,0,0,0,0,0,2,254,6,254,0,0,0,0,0,36,6,6,6,0,0,0,0,0,0,9,4,0,168,0,0,0,0,0,0,56,255,0,0,0,0,0,0,0,0,0,0,0,0,0,0,0,0,0,0,0,0,150,255,150,255,189,252,175,251,81,249,38,255
2026-08-03_15-49-30,1,136,0,0.0,0,0.0,4,4,2,0,116,255,0,0,52,0,57,41,129,9,0,255,129,0,0,0,0,143,89,1,121,254,253,253,253,0,24,136,16,32,0,209,89,81,66,143,254,1,253,223,255,255,255,223,60,0,7,0,3,12,0,0,0,136,128,112,104,24,0,0,0,0,0,2,254,6,254,0,0,0,0,0,36,6,6,6,0,0,0,0,0,0,9,4,0,168,0,0,0,0,0,0,56,255,0,0,0,0,0,0,0,0,0,0,0,0,0,0,0,0,0,0,0,0,150,255,150,255,189,252,175,251,81,249,38,255,2,0,68,255,0,0,56,0,57,41,129,9,0,255,129,255,0,0,0,155,89,1,121,254,253,253,253,255,23,136,16,32,0,225,89,81,66,155,254,1,253,191,255,255,255,191,60,0,7,0,3,0,0,0,0,136,128,112,104,160,0,0,0,0,0,2,254,6,254,0,0,0,0,0,36,6,6,6,0,0,0,0,0,0,9,4,0,168,0,0,0,0,0,0,56,255,0,0,0,0,0,0,0,0,0,0,0,0,0,0,0,0,0,0,0,0,150,255,150,255,150,255,155,251,70,249,38,255
2026-08-03_15-49-30,1,137,4,0.0,0,0.0,4,4,2,0,68,255,0,0,56,0,57,41,129,9,0,255,129,255,0,0,0,155,89,1,121,254,253,253,253,255,23,136,16,32,0,225,89,81,66,155,254,1,253,191,255,255,255,191,60,0,7,0,3,0,0,0,0,136,128,112,104,160,0,0,0,0,0,2,254,6,254,0,0,0,0,0,36,6,6,6,0,0,0,0,0,0,9,4,0,168,0,0,0,0,0,0,56,255,0,0,0,0,0,0,0,0,0,0,0,0,0,0,0,0,0,0,0,0,150,255,150,255,150,255,155,251,70,249,38,255,2,0,67,255,0,0,60,0,57,41,129,9,0,255,129,255,0,0,0,131,89,1,121,254,253,253,253,255,21,136,16,32,0,1,89,81,66,131,254,1,253,191,255,255,255,191,60,0,7,0,3,0,0,0,0,136,128,112,104,192,0,0,0,0,0,2,254,6,254,0,0,0,0,0,36,6,6,6,0,0,0,0,0,0,9,4,0,168,0,0,0,0,0,0,56,255,0,0,0,0,0,0,0,0,0,0,0,0,0,0,0,0,0,0,0,0,150,255,150,255,150,255,155,251,70,249,38,255
2026-08-03_15-49-30,1,138,4,0.0,0,0.0,4,4,2,0,67,255,0,0,60,0,57,41,129,9,0,255,129,255,0,0,0,131,89,1,121,254,253,253,253,255,21,136,16,32,0,1,89,81,66,131,254,1,253,191,255,255,255,191,60,0,7,0,3,0,0,0,0,136,128,112,104,192,0,0,0,0,0,2,254,6,254,0,0,0,0,0,36,6,6,6,0,0,0,0,0,0,9,4,0,168,0,0,0,0,0,0,56,255,0,0,0,0,0,0,0,0,0,0,0,0,0,0,0,0,0,0,0,0,150,255,150,255,150,255,155,251,70,249,38,255,2,0,54,255,0,0,64,0,57,41,129,9,0,255,129,255,0,0,0,155,89,1,121,254,253,253,253,255,19,136,16,32,0,33,89,81,66,155,254,1,253,191,255,255,255,191,60,0,7,0,3,0,0,0,0,136,128,112,104,224,0,0,0,0,0,2,254,6,254,0,0,0,0,0,36,6,6,6,0,0,0,0,0,0,9,4,0,168,0,0,0,0,0,0,56,255,0,0,0,0,0,0,0,0,0,0,0,0,0,0,0,0,0,0,0,0,150,255,150,255,150,255,155,251,70,249,38,255
2026-08-03_15-49-30,1,139,0,0.0,0,0.0,4,4,2,0,54,255,0,0,64,0,57,41,129,9,0,255,129,255,0,0,0,155,89,1,121,254,253,253,253,255,19,136,16,32,0,33,89,81,66,155,254,1,253,191,255,255,255,191,60,0,7,0,3,0,0,0,0,136,128,112,104,224,0,0,0,0,0,2,254,6,254,0,0,0,0,0,36,6,6,6,0,0,0,0,0,0,9,4,0,168,0,0,0,0,0,0,56,255,0,0,0,0,0,0,0,0,0,0,0,0,0,0,0,0,0,0,0,0,150,255,150,255,150,255,155,251,70,249,38,255,2,0,99,255,0,0,68,0,57,41,129,9,0,255,129,255,0,0,0,131,89,1,121,254,253,253,253,255,16,136,16,32,0,65,89,81,66,131,254,1,253,191,255,255,255,191,60,0,7,0,3,0,0,0,0,136,128,112,104,0,0,0,0,0,0,2,254,6,254,0,0,0,0,0,36,6,6,6,0,0,0,0,0,0,9,4,0,168,0,0,0,0,0,0,56,255,0,0,0,0,0,0,0,0,0,0,0,0,0,0,0,0,0,0,0,0,150,255,150,255,150,255,155,251,81,249,38,255
2026-08-03_15-49-30,1,140,0,0.0,0,0.0,4,4,2,0,99,255,0,0,68,0,57,41,129,9,0,255,129,255,0,0,0,131,89,1,121,254,253,253,253,255,16,136,16,32,0,65,89,81,66,131,254,1,253,191,255,255,255,191,60,0,7,0,3,0,0,0,0,136,128,112,104,0,0,0,0,0,0,2,254,6,254,0,0,0,0,0,36,6,6,6,0,0,0,0,0,0,9,4,0,168,0,0,0,0,0,0,56,255,0,0,0,0,0,0,0,0,0,0,0,0,0,0,0,0,0,0,0,0,150,255,150,255,150,255,155,251,81,249,38,255,2,0,60,255,0,0,72,0,57,41,129,9,0,255,129,255,0,0,0,155,89,1,121,254,253,253,253,0,16,136,16,32,0,81,89,81,66,155,254,1,253,191,255,255,255,191,60,0,7,0,4,0,0,0,0,136,128,112,104,0,0,0,0,0,0,2,254,6,254,0,0,0,0,0,36,6,6,6,0,0,0,0,0,0,9,4,0,168,0,0,0,0,0,0,56,255,0,0,0,0,0,0,0,0,0,0,0,0,0,0,0,0,0,0,0,0,150,255,150,255,42,252,155,251,81,249,38,255
2026-08-03_15-49-30,1,141,0,0.0,0,0.0,4,4,2,0,60,255,0,0,72,0,57,41,129,9,0,255,129,255,0,0,0,155,89,1,121,254,253,253,253,0,16,136,16,32,0,81,89,81,66,155,254,1,253,191,255,255,255,191,60,0,7,0,4,0,0,0,0,136,128,112,104,0,0,0,0,0,0,2,254,6,254,0,0,0,0,0,36,6,6,6,0,0,0,0,0,0,9,4,0,168,0,0,0,0,0,0,56,255,0,0,0,0,0,0,0,0,0,0,0,0,0,0,0,0,0,0,0,0,150,255,150,255,42,252,155,251,81,249,38,255,2,0,206,255,0,0,76,0,57,41,129,9,0,255,129,255,0,0,0,131,89,1,121,254,253,253,253,0,16,136,16,32,0,81,89,81,66,131,254,1,253,191,255,255,255,191,60,0,7,0,4,0,0,0,0,136,128,112,104,0,0,0,0,0,0,2,254,6,254,0,0,0,0,0,36,6,6,6,0,0,0,0,0,0,9,4,0,168,0,0,0,0,0,0,56,255,0,0,0,0,0,0,0,0,0,0,0,0,0,0,0,0,0,0,0,0,150,255,150,255,42,252,155,251,81,249,38,255
2026-08-03_15-49-30,1,142,0,0.0,0,0.0,4,4,2,0,206,255,0,0,76,0,57,41,129,9,0,255,129,255,0,0,0,131,89,1,121,254,253,253,253,0,16,136,16,32,0,81,89,81,66,131,254,1,253,191,255,255,255,191,60,0,7,0,4,0,0,0,0,136,128,112,104,0,0,0,0,0,0,2,254,6,254,0,0,0,0,0,36,6,6,6,0,0,0,0,0,0,9,4,0,168,0,0,0,0,0,0,56,255,0,0,0,0,0,0,0,0,0,0,0,0,0,0,0,0,0,0,0,0,150,255,150,255,42,252,155,251,81,249,38,255,2,0,230,255,0,0,80,0,57,41,129,9,0,255,129,255,0,0,0,155,89,1,121,254,253,253,253,0,16,136,16,32,0,81,89,81,66,155,254,1,253,191,255,255,255,191,60,0,7,0,4,0,0,0,0,136,128,112,104,0,0,0,0,0,0,2,254,6,254,0,0,0,0,0,36,6,6,6,0,0,0,0,0,0,9,4,0,168,0,0,0,0,0,0,56,255,0,0,0,0,0,0,0,0,0,0,0,0,0,0,0,0,0,0,0,0,150,255,150,255,42,252,155,251,81,249,38,255
2026-08-03_15-49-30,1,143,0,0.0,0,0.0,4,4,2,0,230,255,0,0,80,0,57,41,129,9,0,255,129,255,0,0,0,155,89,1,121,254,253,253,253,0,16,136,16,32,0,81,89,81,66,155,254,1,253,191,255,255,255,191,60,0,7,0,4,0,0,0,0,136,128,112,104,0,0,0,0,0,0,2,254,6,254,0,0,0,0,0,36,6,6,6,0,0,0,0,0,0,9,4,0,168,0,0,0,0,0,0,56,255,0,0,0,0,0,0,0,0,0,0,0,0,0,0,0,0,0,0,0,0,150,255,150,255,42,252,155,251,81,249,38,255,2,0,98,255,0,0,84,0,57,41,129,9,0,255,129,255,0,0,0,131,89,1,121,254,253,253,253,0,16,136,16,32,0,81,89,81,66,131,254,1,253,191,255,255,255,191,60,0,7,0,4,0,0,0,0,136,128,112,104,0,0,0,0,0,0,2,254,6,254,0,0,0,0,0,36,6,6,6,0,0,0,0,0,0,9,4,0,168,0,0,0,0,0,0,56,255,0,0,0,0,0,0,0,0,0,0,0,0,0,0,0,0,0,0,0,0,150,255,150,255,42,252,155,251,81,249,38,255
2026-08-03_15-49-30,1,144,0,0.0,0,0.0,4,4,2,0,98,255,0,0,84,0,57,41,129,9,0,255,129,255,0,0,0,131,89,1,121,254,253,253,253,0,16,136,16,32,0,81,89,81,66,131,254,1,253,191,255,255,255,191,60,0,7,0,4,0,0,0,0,136,128,112,104,0,0,0,0,0,0,2,254,6,254,0,0,0,0,0,36,6,6,6,0,0,0,0,0,0,9,4,0,168,0,0,0,0,0,0,56,255,0,0,0,0,0,0,0,0,0,0,0,0,0,0,0,0,0,0,0,0,150,255,150,255,42,252,155,251,81,249,38,255,2,0,45,255,0,0,88,0,58,41,129,9,0,255,129,255,0,0,0,167,89,1,121,254,253,253,253,255,16,136,16,32,0,81,89,81,66,167,254,1,253,223,255,255,255,223,60,0,6,0,4,12,0,0,0,136,128,112,104,16,0,0,0,0,0,2,254,6,254,0,0,0,0,0,36,6,6,6,0,0,0,0,0,0,9,4,0,168,0,0,0,0,0,0,56,255,0,0,0,0,0,0,0,0,0,0,0,0,0,0,0,0,0,0,0,0,150,255,150,255,198,252,175,251,70,249,38,255
2026-08-03_15-49-30,1,145,5,0.0,0,0.0,4,4,2,0,45,255,0,0,88,0,58,41,129,9,0,255,129,255,0,0,0,167,89,1,121,254,253,253,253,255,16,136,16,32,0,81,89,81,66,167,254,1,253,223,255,255,255,223,60,0,6,0,4,12,0,0,0,136,128,112,104,16,0,0,0,0,0,2,254,6,254,0,0,0,0,0,36,6,6,6,0,0,0,0,0,0,9,4,0,168,0,0,0,0,0,0,56,255,0,0,0,0,0,0,0,0,0,0,0,0,0,0,0,0,0,0,0,0,150,255,150,255,198,252,175,251,70,249,38,255,2,0,210,255,0,0,92,0,60,41,129,9,0,255,129,255,0,0,0,141,89,1,121,254,253,253,253,255,16,136,16,32,0,81,89,81,66,160,254,1,253,223,255,255,255,223,60,0,6,0,4,12,0,0,0,136,128,112,104,48,0,0,0,0,0,2,254,6,254,0,0,0,0,0,36,6,6,6,0,0,0,0,0,0,9,4,0,168,0,0,0,0,0,0,56,255,0,0,0,0,0,0,0,0,0,0,0,0,0,0,0,0,0,0,0,0,150,255,150,255,150,255,175,251,70,249,38,255
2026-08-03_15-49-30,1,146,5,0.0,0,0.0,4,4,2,0,210,255,0,0,92,0,60,41,129,9,0,255,129,255,0,0,0,141,89,1,121,254,253,253,253,255,16,136,16,32,0,81,89,81,66,160,254,1,253,223,255,255,255,223,60,0,6,0,4,12,0,0,0,136,128,112,104,48,0,0,0,0,0,2,254,6,254,0,0,0,0,0,36,6,6,6,0,0,0,0,0,0,9,4,0,168,0,0,0,0,0,0,56,255,0,0,0,0,0,0,0,0,0,0,0,0,0,0,0,0,0,0,0,0,150,255,150,255,150,255,175,251,70,249,38,255,2,0,34,255,0,0,96,0,62,41,129,9,0,255,129,255,0,0,0,163,89,1,121,254,253,253,253,255,16,136,16,32,0,81,89,81,66,160,254,1,253,223,255,255,255,223,60,0,6,0,4,12,0,0,0,136,128,112,104,80,0,0,0,0,0,2,254,6,254,0,0,0,0,0,36,6,6,6,0,0,0,0,0,0,9,4,0,168,0,0,0,0,0,0,56,255,0,0,0,0,0,0,0,0,0,0,0,0,0,0,0,0,0,0,0,0,150,255,150,255,150,255,175,251,81,249,38,255
2026-08-03_15-49-30,1,147,0,0.0,0,0.0,4,4,2,0,34,255,0,0,96,0,62,41,129,9,0,255,129,255,0,0,0,163,89,1,121,254,253,253,253,255,16,136,16,32,0,81,89,81,66,160,254,1,253,223,255,255,255,223,60,0,6,0,4,12,0,0,0,136,128,112,104,80,0,0,0,0,0,2,254,6,254,0,0,0,0,0,36,6,6,6,0,0,0,0,0,0,9,4,0,168,0,0,0,0,0,0,56,255,0,0,0,0,0,0,0,0,0,0,0,0,0,0,0,0,0,0,0,0,150,255,150,255,150,255,175,251,81,249,38,255,2,0,41,255,0,0,100,0,64,41,129,9,0,255,129,255,0,0,0,137,89,1,121,254,253,253,253,255,16,136,16,32,0,81,89,81,66,160,254,1,253,223,255,255,255,223,60,0,6,0,4,12,0,0,0,136,128,112,104,112,0,0,0,0,0,2,254,6,254,0,0,0,0,0,36,6,6,6,0,0,0,0,0,0,9,4,0,168,0,0,0,0,0,0,56,255,0,0,0,0,0,0,0,0,0,0,0,0,0,0,0,0,0,0,0,0,150,255,150,255,150,255,175,251,81,249,38,255
2026-08-03_15-49-30,1,148,0,0.0,0,0.0,4,4,2,0,41,255,0,0,100,0,64,41,129,9,0,255,129,255,0,0,0,137,89,1,121,254,253,253,253,255,16,136,16,32,0,81,89,81,66,160,254,1,253,223,255,255,255,223,60,0,6,0,4,12,0,0,0,136,128,112,104,112,0,0,0,0,0,2,254,6,254,0,0,0,0,0,36,6,6,6,0,0,0,0,0,0,9,4,0,168,0,0,0,0,0,0,56,255,0,0,0,0,0,0,0,0,0,0,0,0,0,0,0,0,0,0,0,0,150,255,150,255,150,255,175,251,81,249,38,255,2,0,149,255,0,0,104,0,66,41,129,9,0,255,129,255,0,0,0,158,89,1,121,254,253,253,253,255,16,136,16,32,0,81,89,81,66,158,254,1,253,223,255,255,255,223,60,0,6,0,4,12,0,0,0,136,128,112,104,144,0,0,0,0,0,2,254,6,254,0,0,0,0,0,36,6,6,6,0,0,0,0,0,0,9,4,0,168,0,0,0,0,0,0,56,255,0,0,0,0,0,0,0,0,0,0,0,0,0,0,0,0,0,0,0,0,150,255,150,255,150,255,175,251,81,249,38,255
2026-08-03_15-49-30,1,149,0,0.0,0,0.0,4,4,2,0,149,255,0,0,104,0,66,41,129,9,0,255,129,255,0,0,0,158,89,1,121,254,253,253,253,255,16,136,16,32,0,81,89,81,66,158,254,1,253,223,255,255,255,223,60,0,6,0,4,12,0,0,0,136,128,112,104,144,0,0,0,0,0,2,254,6,254,0,0,0,0,0,36,6,6,6,0,0,0,0,0,0,9,4,0,168,0,0,0,0,0,0,56,255,0,0,0,0,0,0,0,0,0,0,0,0,0,0,0,0,0,0,0,0,150,255,150,255,150,255,175,251,81,249,38,255,2,0,83,255,0,0,108,0,68,41,129,9,0,255,129,255,0,0,0,132,89,1,121,254,253,253,253,255,16,136,16,32,0,81,89,81,66,152,254,1,253,223,255,255,255,223,60,0,6,0,4,12,0,0,0,136,128,112,104,176,0,0,0,0,0,2,254,6,254,0,0,0,0,0,36,6,6,6,0,0,0,0,0,0,9,4,0,168,0,0,0,0,0,0,56,255,0,0,0,0,0,0,0,0,0,0,0,0,0,0,0,0,0,0,0,0,150,255,150,255,150,255,175,251,81,249,38,255
2026-08-03_15-49-30,1,150,0,0.0,0,0.0,4,4,2,0,83,255,0,0,108,0,68,41,129,9,0,255,129,255,0,0,0,132,89,1,121,254,253,253,253,255,16,136,16,32,0,81,89,81,66,152,254,1,253,223,255,255,255,223,60,0,6,0,4,12,0,0,0,136,128,112,104,176,0,0,0,0,0,2,254,6,254,0,0,0,0,0,36,6,6,6,0,0,0,0,0,0,9,4,0,168,0,0,0,0,0,0,56,255,0,0,0,0,0,0,0,0,0,0,0,0,0,0,0,0,0,0,0,0,150,255,150,255,150,255,175,251,81,249,38,255,2,0,59,255,0,0,112,0,70,41,129,9,0,255,129,255,0,0,0,154,89,1,121,254,253,253,253,255,16,136,16,32,0,81,89,81,66,152,254,1,253,223,255,255,255,223,60,0,6,0,4,12,0,0,0,136,128,112,104,208,0,0,0,0,0,2,254,6,254,0,0,0,0,0,36,6,6,6,0,0,0,0,0,0,9,4,0,168,0,0,0,0,0,0,56,255,0,0,0,0,0,0,0,0,0,0,0,0,0,0,0,0,0,0,0,0,150,255,150,255,150,255,175,251,81,249,38,255
2026-08-03_15-49-30,1,151,0,0.0,0,0.0,4,4,2,0,59,255,0,0,112,0,70,41,129,9,0,255,129,255,0,0,0,154,89,1,121,254,253,253,253,255,16,136,16,32,0,81,89,81,66,152,254,1,253,223,255,255,255,223,60,0,6,0,4,12,0,0,0,136,128,112,104,208,0,0,0,0,0,2,254,6,254,0,0,0,0,0,36,6,6,6,0,0,0,0,0,0,9,4,0,168,0,0,0,0,0,0,56,255,0,0,0,0,0,0,0,0,0,0,0,0,0,0,0,0,0,0,0,0,150,255,150,255,150,255,175,251,81,249,38,255,2,0,187,255,0,0,116,0,72,41,129,9,0,255,129,255,0,0,0,128,89,1,121,254,253,253,253,255,16,136,16,32,0,81,89,81,66,128,254,1,253,223,255,255,255,223,60,0,6,0,4,12,0,0,0,136,128,112,104,240,0,0,0,0,0,2,254,6,254,0,0,0,0,0,36,6,6,6,0,0,0,0,0,0,9,4,0,168,0,0,0,0,0,0,56,255,0,0,0,0,0,0,0,0,0,0,0,0,0,0,0,0,0,0,0,0,150,255,150,255,150,255,175,251,81,249,38,255
2026-08-03_15-49-30,1,152,0,0.0,0,0.0,4,4,2,0,187,255,0,0,116,0,72,41,129,9,0,255,129,255,0,0,0,128,89,1,121,254,253,253,253,255,16,136,16,32,0,81,89,81,66,128,254,1,253,223,255,255,255,223,60,0,6,0,4,12,0,0,0,136,128,112,104,240,0,0,0,0,0,2,254,6,254,0,0,0,0,0,36,6,6,6,0,0,0,0,0,0,9,4,0,168,0,0,0,0,0,0,56,255,0,0,0,0,0,0,0,0,0,0,0,0,0,0,0,0,0,0,0,0,150,255,150,255,150,255,175,251,81,249,38,255,2,0,179,255,0,0,120,0,75,41,129,9,0,255,129,255,0,0,0,150,89,1,121,254,253,253,253,255,16,136,16,32,0,81,89,81,66,150,254,1,253,223,255,255,255,223,60,0,6,0,4,12,0,0,0,136,128,112,104,16,0,0,0,0,0,2,254,6,254,0,0,0,0,0,36,6,6,6,0,0,0,0,0,0,9,4,0,168,0,0,0,0,0,0,56,255,0,0,0,0,0,0,0,0,0,0,0,0,0,0,0,0,0,0,0,0,150,255,150,255,150,255,175,251,81,249,38,255
2026-08-03_15-49-30,1,153,0,0.0,0,0.0,4,4,2,0,179,255,0,0,120,0,75,41,129,9,0,255,129,255,0,0,0,150,89,1,121,254,253,253,253,255,16,136,16,32,0,81,89,81,66,150,254,1,253,223,255,255,255,223,60,0,6,0,4,12,0,0,0,136,128,112,104,16,0,0,0,0,0,2,254,6,254,0,0,0,0,0,36,6,6,6,0,0,0,0,0,0,9,4,0,168,0,0,0,0,0,0,56,255,0,0,0,0,0,0,0,0,0,0,0,0,0,0,0,0,0,0,0,0,150,255,150,255,150,255,175,251,81,249,38,255,2,0,61,255,0,0,124,0,77,41,129,9,0,255,129,255,0,0,0,124,89,1,121,254,253,253,253,255,16,136,16,32,0,81,89,81,66,144,254,1,253,223,255,255,255,223,60,0,6,0,4,12,0,0,0,136,128,112,104,48,0,0,0,0,0,2,254,6,254,0,0,0,0,0,36,6,6,6,0,0,0,0,0,0,9,4,0,168,0,0,0,0,0,0,56,255,0,0,0,0,0,0,0,0,0,0,0,0,0,0,0,0,0,0,0,0,150,255,150,255,150,255,175,251,81,249,38,255
2026-08-03_15-49-30,1,154,0,0.0,0,0.0,4,4,2,0,61,255,0,0,124,0,77,41,129,9,0,255,129,255,0,0,0,124,89,1,121,254,253,253,253,255,16,136,16,32,0,81,89,81,66,144,254,1,253,223,255,255,255,223,60,0,6,0,4,12,0,0,0,136,128,112,104,48,0,0,0,0,0,2,254,6,254,0,0,0,0,0,36,6,6,6,0,0,0,0,0,0,9,4,0,168,0,0,0,0,0,0,56,255,0,0,0,0,0,0,0,0,0,0,0,0,0,0,0,0,0,0,0,0,150,255,150,255,150,255,175,251,81,249,38,255,2,0,223,255,0,0,128,0,79,41,129,9,0,255,129,255,0,0,0,146,89,1,121,254,253,253,253,255,16,136,16,32,0,81,89,81,66,144,254,1,253,223,255,255,255,223,60,0,6,0,4,12,0,0,0,136,128,112,104,80,0,0,0,0,0,2,254,6,254,0,0,0,0,0,36,6,6,6,0,0,0,0,0,0,9,4,1,0,0,0,0,0,0,0,56,255,0,0,0,0,0,0,0,0,0,0,0,0,0,0,0,0,0,0,0,0,150,255,150,255,150,255,175,251,81,249,38,255
2026-08-03_15-49-30,1,155,0,0.0,0,0.0,4,4,2,0,223,255,0,0,128,0,79,41,129,9,0,255,129,255,0,0,0,146,89,1,121,254,253,253,253,255,16,136,16,32,0,81,89,81,66,144,254,1,253,223,255,255,255,223,60,0,6,0,4,12,0,0,0,136,128,112,104,80,0,0,0,0,0,2,254,6,254,0,0,0,0,0,36,6,6,6,0,0,0,0,0,0,9,4,1,0,0,0,0,0,0,0,56,255,0,0,0,0,0,0,0,0,0,0,0,0,0,0,0,0,0,0,0,0,150,255,150,255,150,255,175,251,81,249,38,255,2,0,250,255,0,0,132,0,81,41,129,9,0,255,129,255,0,0,0,120,89,1,121,254,253,253,253,255,16,136,16,32,0,81,89,81,66,120,254,1,253,223,255,255,255,223,60,0,6,0,4,12,0,0,0,136,128,112,104,112,0,0,0,0,0,2,254,6,254,0,0,0,0,0,36,6,6,6,0,0,0,0,0,0,9,4,1,0,0,0,0,0,0,0,56,255,0,0,0,0,0,0,0,0,0,0,0,0,0,0,0,0,0,0,0,0,150,255,150,255,150,255,175,251,81,249,38,255
2026-08-03_15-49-30,1,156,0,0.0,0,0.0,4,4,2,0,250,255,0,0,132,0,81,41,129,9,0,255,129,255,0,0,0,120,89,1,121,254,253,253,253,255,16,136,16,32,0,81,89,81,66,120,254,1,253,223,255,255,255,223,60,0,6,0,4,12,0,0,0,136,128,112,104,112,0,0,0,0,0,2,254,6,254,0,0,0,0,0,36,6,6,6,0,0,0,0,0,0,9,4,1,0,0,0,0,0,0,0,56,255,0,0,0,0,0,0,0,0,0,0,0,0,0,0,0,0,0,0,0,0,150,255,150,255,150,255,175,251,81,249,38,255,2,0,166,255,0,0,136,0,83,41,129,9,0,255,129,255,0,0,0,141,89,1,121,254,253,253,253,255,16,136,16,32,0,81,89,81,66,141,254,1,253,223,255,255,255,223,60,0,6,0,4,12,0,0,0,136,128,112,104,144,0,0,0,0,0,2,254,6,254,0,0,0,0,0,36,6,6,6,0,0,0,0,0,0,9,4,1,0,0,0,0,0,0,0,56,255,0,0,0,0,0,0,0,0,0,0,0,0,0,0,0,0,0,0,0,0,150,255,150,255,150,255,175,251,81,249,38,255
2026-08-03_15-49-30,1,157,0,0.0,0,0.0,4,4,2,0,166,255,0,0,136,0,83,41,129,9,0,255,129,255,0,0,0,141,89,1,121,254,253,253,253,255,16,136,16,32,0,81,89,81,66,141,254,1,253,223,255,255,255,223,60,0,6,0,4,12,0,0,0,136,128,112,104,144,0,0,0,0,0,2,254,6,254,0,0,0,0,0,36,6,6,6,0,0,0,0,0,0,9,4,1,0,0,0,0,0,0,0,56,255,0,0,0,0,0,0,0,0,0,0,0,0,0,0,0,0,0,0,0,0,150,255,150,255,150,255,175,251,81,249,38,255,2,0,102,255,0,0,140,0,85,41,129,9,0,255,129,255,0,0,0,115,89,1,121,254,253,253,253,255,16,136,16,32,0,81,89,81,66,136,254,1,253,223,255,255,255,223,60,0,6,0,4,12,0,0,0,136,128,112,104,176,0,0,0,0,0,2,254,6,254,0,0,0,0,0,36,6,6,6,0,0,0,0,0,0,9,4,1,0,0,0,0,0,0,0,56,255,0,0,0,0,0,0,0,0,0,0,0,0,0,0,0,0,0,0,0,0,150,255,150,255,150,255,175,251,81,249,38,255
2026-08-03_15-49-30,1,158,0,0.0,0,0.0,4,4,2,0,102,255,0,0,140,0,85,41,129,9,0,255,129,255,0,0,0,115,89,1,121,254,253,253,253,255,16,136,16,32,0,81,89,81,66,136,254,1,253,223,255,255,255,223,60,0,6,0,4,12,0,0,0,136,128,112,104,176,0,0,0,0,0,2,254,6,254,0,0,0,0,0,36,6,6,6,0,0,0,0,0,0,9,4,1,0,0,0,0,0,0,0,56,255,0,0,0,0,0,0,0,0,0,0,0,0,0,0,0,0,0,0,0,0,150,255,150,255,150,255,175,251,81,249,38,255,2,0,106,255,0,0,144,0,87,41,129,9,0,255,129,255,0,0,0,137,89,1,121,254,253,253,253,255,16,136,16,32,0,81,89,81,66,136,254,1,253,223,255,255,255,223,60,0,6,0,4,12,0,0,0,136,128,112,104,208,0,0,0,0,0,2,254,6,254,0,0,0,0,0,36,6,6,6,0,0,0,0,0,0,9,4,1,0,0,0,0,0,0,0,56,255,0,0,0,0,0,0,0,0,0,0,0,0,0,0,0,0,0,0,0,0,150,255,150,255,150,255,175,251,81,249,38,255
2026-08-03_15-49-30,1,159,0,0.0,0,0.0,4,4,2,0,106,255,0,0,144,0,87,41,129,9,0,255,129,255,0,0,0,137,89,1,121,254,253,253,253,255,16,136,16,32,0,81,89,81,66,136,254,1,253,223,255,255,255,223,60,0,6,0,4,12,0,0,0,136,128,112,104,208,0,0,0,0,0,2,254,6,254,0,0,0,0,0,36,6,6,6,0,0,0,0,0,0,9,4,1,0,0,0,0,0,0,0,56,255,0,0,0,0,0,0,0,0,0,0,0,0,0,0,0,0,0,0,0,0,150,255,150,255,150,255,175,251,81,249,38,255,2,0,163,255,0,0,148,0,89,41,129,9,0,255,129,255,0,0,0,111,89,1,121,254,253,253,253,255,16,136,16,32,0,81,89,81,66,111,254,1,253,223,255,255,255,223,60,0,6,0,4,12,0,0,0,136,128,112,104,240,0,0,0,0,0,2,254,6,254,0,0,0,0,0,36,6,6,6,0,0,0,0,0,0,9,4,1,0,0,0,0,0,0,0,56,255,0,0,0,0,0,0,0,0,0,0,0,0,0,0,0,0,0,0,0,0,150,255,150,255,198,252,175,251,81,249,38,255
2026-08-03_15-49-30,1,160,0,0.0,0,0.0,4,4,2,0,163,255,0,0,148,0,89,41,129,9,0,255,129,255,0,0,0,111,89,1,121,254,253,253,253,255,16,136,16,32,0,81,89,81,66,111,254,1,253,223,255,255,255,223,60,0,6,0,4,12,0,0,0,136,128,112,104,240,0,0,0,0,0,2,254,6,254,0,0,0,0,0,36,6,6,6,0,0,0,0,0,0,9,4,1,0,0,0,0,0,0,0,56,255,0,0,0,0,0,0,0,0,0,0,0,0,0,0,0,0,0,0,0,0,150,255,150,255,198,252,175,251,81,249,38,255,2,0,48,255,0,0,152,0,92,41,129,9,0,255,129,255,0,0,0,133,89,1,121,254,253,253,253,255,16,136,16,32,0,81,89,81,66,133,254,1,253,223,255,255,255,223,60,0,6,0,4,12,0,0,0,136,128,112,104,16,0,0,0,0,0,2,254,6,254,0,0,0,0,0,36,6,6,6,0,0,0,0,0,0,9,4,1,0,0,0,0,0,0,0,56,255,0,0,0,0,0,0,0,0,0,0,0,0,0,0,0,0,0,0,0,0,150,255,150,255,150,255,175,251,81,249,38,255
2026-08-03_15-49-30,1,161,0,0.0,0,0.0,4,4,2,0,48,255,0,0,152,0,92,41,129,9,0,255,129,255,0,0,0,133,89,1,121,254,253,253,253,255,16,136,16,32,0,81,89,81,66,133,254,1,253,223,255,255,255,223,60,0,6,0,4,12,0,0,0,136,128,112,104,16,0,0,0,0,0,2,254,6,254,0,0,0,0,0,36,6,6,6,0,0,0,0,0,0,9,4,1,0,0,0,0,0,0,0,56,255,0,0,0,0,0,0,0,0,0,0,0,0,0,0,0,0,0,0,0,0,150,255,150,255,150,255,175,251,81,249,38,255,2,0,7,255,0,0,156,0,94,41,129,9,0,255,129,255,0,0,0,107,89,1,121,254,253,253,253,255,16,136,16,32,0,81,89,81,66,128,254,1,253,223,255,255,255,223,60,0,6,0,4,12,0,0,0,136,128,112,104,48,0,0,0,0,0,2,254,6,254,0,0,0,0,0,36,6,6,6,0,0,0,0,0,0,9,4,1,0,0,0,0,0,0,0,56,255,0,0,0,0,0,0,0,0,0,0,0,0,0,0,0,0,0,0,0,0,150,255,150,255,150,255,175,251,81,249,38,255
2026-08-03_15-49-30,1,162,0,0.0,0,0.0,4,4,2,0,7,255,0,0,156,0,94,41,129,9,0,255,129,255,0,0,0,107,89,1,121,254,253,253,253,255,16,136,16,32,0,81,89,81,66,128,254,1,253,223,255,255,255,223,60,0,6,0,4,12,0,0,0,136,128,112,104,48,0,0,0,0,0,2,254,6,254,0,0,0,0,0,36,6,6,6,0,0,0,0,0,0,9,4,1,0,0,0,0,0,0,0,56,255,0,0,0,0,0,0,0,0,0,0,0,0,0,0,0,0,0,0,0,0,150,255,150,255,150,255,175,251,81,249,38,255,2,0,117,255,0,0,160,0,96,41,129,9,0,255,129,255,0,0,0,129,89,1,121,254,253,253,253,255,16,136,16,32,0,81,89,81,66,128,254,1,253,223,255,255,255,223,60,0,6,0,4,12,0,0,0,136,128,112,104,80,0,0,0,0,0,2,254,6,254,0,0,0,0,0,36,6,6,6,0,0,0,0,0,0,9,4,1,0,0,0,0,0,0,0,56,255,0,0,0,0,0,0,0,0,0,0,0,0,0,0,0,0,0,0,0,0,150,255,150,255,150,255,175,251,81,249,38,255
2026-08-03_15-49-30,1,163,0,0.0,0,0.0,4,4,2,0,117,255,0,0,160,0,96,41,129,9,0,255,129,255,0,0,0,129,89,1,121,254,253,253,253,255,16,136,16,32,0,81,89,81,66,128,254,1,253,223,255,255,255,223,60,0,6,0,4,12,0,0,0,136,128,112,104,80,0,0,0,0,0,2,254,6,254,0,0,0,0,0,36,6,6,6,0,0,0,0,0,0,9,4,1,0,0,0,0,0,0,0,56,255,0,0,0,0,0,0,0,0,0,0,0,0,0,0,0,0,0,0,0,0,150,255,150,255,150,255,175,251,81,249,38,255,2,0,85,255,0,0,164,0,97,41,129,9,0,255,129,255,0,0,0,103,89,1,121,254,253,253,253,0,16,136,16,32,0,81,89,81,66,103,254,1,253,223,255,255,255,223,60,0,5,0,4,12,0,0,0,136,128,112,104,96,0,0,0,0,0,2,254,6,254,0,0,0,0,0,36,6,6,6,0,0,0,0,0,0,9,4,1,0,0,0,0,0,0,0,56,255,0,0,0,0,0,0,0,0,0,0,0,0,0,0,0,0,0,0,0,0,150,255,150,255,189,252,175,251,81,249,38,255
2026-08-03_15-49-30,1,164,0,0.0,0,0.0,4,4,2,0,85,255,0,0,164,0,97,41,129,9,0,255,129,255,0,0,0,103,89,1,121,254,253,253,253,0,16,136,16,32,0,81,89,81,66,103,254,1,253,223,255,255,255,223,60,0,5,0,4,12,0,0,0,136,128,112,104,96,0,0,0,0,0,2,254,6,254,0,0,0,0,0,36,6,6,6,0,0,0,0,0,0,9,4,1,0,0,0,0,0,0,0,56,255,0,0,0,0,0,0,0,0,0,0,0,0,0,0,0,0,0,0,0,0,150,255,150,255,189,252,175,251,81,249,38,255,2,0,95,255,0,0,168,0,97,41,129,9,0,255,129,255,0,0,0,127,89,1,121,254,253,253,253,0,16,136,16,32,0,81,89,81,66,127,254,1,253,223,255,255,255,223,60,0,5,0,4,12,0,0,0,136,128,112,104,96,0,0,0,0,0,2,254,6,254,0,0,0,0,0,36,6,6,6,0,0,0,0,0,0,9,4,1,0,0,0,0,0,0,0,56,255,0,0,0,0,0,0,0,0,0,0,0,0,0,0,0,0,0,0,0,0,150,255,150,255,189,252,175,251,81,249,38,255
2026-08-03_15-49-30,1,165,3,0.0,0,0.0,4,4,2,0,95,255,0,0,168,0,97,41,129,9,0,255,129,255,0,0,0,127,89,1,121,254,253,253,253,0,16,136,16,32,0,81,89,81,66,127,254,1,253,223,255,255,255,223,60,0,5,0,4,12,0,0,0,136,128,112,104,96,0,0,0,0,0,2,254,6,254,0,0,0,0,0,36,6,6,6,0,0,0,0,0,0,9,4,1,0,0,0,0,0,0,0,56,255,0,0,0,0,0,0,0,0,0,0,0,0,0,0,0,0,0,0,0,0,150,255,150,255,189,252,175,251,81,249,38,255,2,0,242,255,0,0,172,0,97,41,129,9,0,255,129,0,0,0,0,91,89,1,121,254,253,253,253,255,18,136,16,32,0,65,89,81,66,91,254,1,253,127,255,255,255,127,60,0,5,0,4,0,0,0,0,136,128,112,104,112,0,0,0,0,0,2,254,6,254,0,0,0,0,0,36,6,6,6,0,0,0,0,0,0,9,4,1,0,0,0,0,0,0,0,56,255,0,0,0,0,0,0,0,0,0,0,0,0,0,0,0,0,0,0,0,0,150,255,150,255,150,255,163,251,70,249,38,255
2026-08-03_15-49-30,1,166,3,0.0,0,0.0,4,4,2,0,242,255,0,0,172,0,97,41,129,9,0,255,129,0,0,0,0,91,89,1,121,254,253,253,253,255,18,136,16,32,0,65,89,81,66,91,254,1,253,127,255,255,255,127,60,0,5,0,4,0,0,0,0,136,128,112,104,112,0,0,0,0,0,2,254,6,254,0,0,0,0,0,36,6,6,6,0,0,0,0,0,0,9,4,1,0,0,0,0,0,0,0,56,255,0,0,0,0,0,0,0,0,0,0,0,0,0,0,0,0,0,0,0,0,150,255,150,255,150,255,163,251,70,249,38,255,2,0,40,255,0,0,176,0,97,41,129,9,0,255,129,0,0,0,0,115,89,1,121,254,253,253,253,255,20,136,16,32,0,17,89,81,66,115,254,1,253,127,255,255,255,127,60,0,5,0,4,0,0,0,0,136,128,112,104,144,0,0,0,0,0,2,254,6,254,0,0,0,0,0,36,6,6,6,0,0,0,0,0,0,9,4,1,0,0,0,0,0,0,0,56,255,0,0,0,0,0,0,0,0,0,0,0,0,0,0,0,0,0,0,0,0,150,255,150,255,229,251,163,251,70,249,38,255
2026-08-03_15-49-30,1,167,3,0.0,0,0.0,4,4,2,0,40,255,0,0,176,0,97,41,129,9,0,255,129,0,0,0,0,115,89,1,121,254,253,253,253,255,20,136,16,32,0,17,89,81,66,115,254,1,253,127,255,255,255,127,60,0,5,0,4,0,0,0,0,136,128,112,104,144,0,0,0,0,0,2,254,6,254,0,0,0,0,0,36,6,6,6,0,0,0,0,0,0,9,4,1,0,0,0,0,0,0,0,56,255,0,0,0,0,0,0,0,0,0,0,0,0,0,0,0,0,0,0,0,0,150,255,150,255,229,251,163,251,70,249,38,255,2,0,132,255,0,0,180,0,97,41,129,9,0,255,129,0,0,0,0,91,89,1,121,254,253,253,253,255,22,136,16,32,0,241,89,81,66,91,254,1,253,127,255,255,255,127,60,0,5,0,4,0,0,0,0,136,128,112,104,176,0,0,0,0,0,2,254,6,254,0,0,0,0,0,36,6,6,6,0,0,0,0,0,0,9,4,1,0,0,0,0,0,0,0,56,255,0,0,0,0,0,0,0,0,0,0,0,0,0,0,0,0,0,0,0,0,150,255,150,255,150,255,163,251,81,249,38,255
2026-08-03_15-49-30,1,168,0,0.0,0,0.0,4,4,2,0,132,255,0,0,180,0,97,41,129,9,0,255,129,0,0,0,0,91,89,1,121,254,253,253,253,255,22,136,16,32,0,241,89,81,66,91,254,1,253,127,255,255,255,127,60,0,5,0,4,0,0,0,0,136,128,112,104,176,0,0,0,0,0,2,254,6,254,0,0,0,0,0,36,6,6,6,0,0,0,0,0,0,9,4,1,0,0,0,0,0,0,0,56,255,0,0,0,0,0,0,0,0,0,0,0,0,0,0,0,0,0,0,0,0,150,255,150,255,150,255,163,251,81,249,38,255,2,0,79,255,0,0,184,0,97,41,129,9,0,255,129,0,0,0,0,115,89,1,121,254,253,253,253,255,24,136,16,32,0,209,89,81,66,115,254,1,253,127,255,255,255,127,60,0,5,0,4,0,0,0,0,136,128,112,104,208,0,0,0,0,0,2,254,6,254,0,0,0,0,0,36,6,6,6,0,0,0,0,0,0,9,4,1,0,0,0,0,0,0,0,56,255,0,0,0,0,0,0,0,0,0,0,0,0,0,0,0,0,0,0,0,0,150,255,150,255,229,251,163,251,81,249,38,255
2026-08-03_15-49-30,1,169,0,0.0,0,0.0,4,4,2,0,79,255,0,0,184,0,97,41,129,9,0,255,129,0,0,0,0,115,89,1,121,254,253,253,253,255,24,136,16,32,0,209,89,81,66,115,254,1,253,127,255,255,255,127,60,0,5,0,4,0,0,0,0,136,128,112,104,208,0,0,0,0,0,2,254,6,254,0,0,0,0,0,36,6,6,6,0,0,0,0,0,0,9,4,1,0,0,0,0,0,0,0,56,255,0,0,0,0,0,0,0,0,0,0,0,0,0,0,0,0,0,0,0,0,150,255,150,255,229,251,163,251,81,249,38,255,2,0,255,255,0,0,188,0,97,41,129,9,0,255,129,0,0,0,0,91,89,1,121,254,253,253,253,255,26,136,16,32,0,177,89,81,66,91,254,1,253,127,255,255,255,127,60,0,5,0,4,0,0,0,0,136,128,112,104,240,0,0,0,0,0,2,254,6,254,0,0,0,0,0,36,6,6,6,0,0,0,0,0,0,9,4,1,0,0,0,0,0,0,0,56,255,0,0,0,0,0,0,0,0,0,0,0,0,0,0,0,0,0,0,0,0,150,255,150,255,150,255,163,251,81,249,38,255
2026-08-03_15-49-30,1,170,0,0.0,0,0.0,4,4,2,0,255,255,0,0,188,0,97,41,129,9,0,255,129,0,0,0,0,91,89,1,121,254,253,253,253,255,26,136,16,32,0,177,89,81,66,91,254,1,253,127,255,255,255,127,60,0,5,0,4,0,0,0,0,136,128,112,104,240,0,0,0,0,0,2,254,6,254,0,0,0,0,0,36,6,6,6,0,0,0,0,0,0,9,4,1,0,0,0,0,0,0,0,56,255,0,0,0,0,0,0,0,0,0,0,0,0,0,0,0,0,0,0,0,0,150,255,150,255,150,255,163,251,81,249,38,255,2,0,240,255,0,0,192,0,97,41,129,9,0,255,129,0,0,0,0,115,89,1,121,254,253,253,253,0,28,136,16,32,0,145,89,81,66,115,254,1,253,127,255,255,255,127,60,0,5,0,4,0,0,0,0,136,128,112,104,0,0,0,0,0,0,2,254,6,254,0,0,0,0,0,36,6,6,6,0,0,0,0,0,0,9,4,1,0,0,0,0,0,0,0,56,255,0,0,0,0,0,0,0,0,0,0,0,0,0,0,0,0,0,0,0,0,150,255,150,255,229,251,163,251,81,249,38,255
2026-08-03_15-49-30,1,171,0,0.0,0,0.0,4,4,2,0,240,255,0,0,192,0,97,41,129,9,0,255,129,0,0,0,0,115,89,1,121,254,253,253,253,0,28,136,16,32,0,145,89,81,66,115,254,1,253,127,255,255,255,127,60,0,5,0,4,0,0,0,0,136,128,112,104,0,0,0,0,0,0,2,254,6,254,0,0,0,0,0,36,6,6,6,0,0,0,0,0,0,9,4,1,0,0,0,0,0,0,0,56,255,0,0,0,0,0,0,0,0,0,0,0,0,0,0,0,0,0,0,0,0,150,255,150,255,229,251,163,251,81,249,38,255,2,0,11,255,0,0,196,0,97,41,129,9,0,255,129,0,0,0,0,91,89,1,121,254,253,253,253,0,28,136,16,32,0,145,89,81,66,91,254,1,253,127,255,255,255,127,60,0,5,0,4,0,0,0,0,136,128,112,104,0,0,0,0,0,0,2,254,6,254,0,0,0,0,0,36,6,6,6,0,0,0,0,0,0,9,4,1,0,0,0,0,0,0,0,56,255,0,0,0,0,0,0,0,0,0,0,0,0,0,0,0,0,0,0,0,0,150,255,150,255,229,251,163,251,81,249,38,255
2026-08-03_15-49-30,1,172,0,0.0,0,0.0,4,4,2,0,11,255,0,0,196,0,97,41,129,9,0,255,129,0,0,0,0,91,89,1,121,254,253,253,253,0,28,136,16,32,0,145,89,81,66,91,254,1,253,127,255,255,255,127,60,0,5,0,4,0,0,0,0,136,128,112,104,0,0,0,0,0,0,2,254,6,254,0,0,0,0,0,36,6,6,6,0,0,0,0,0,0,9,4,1,0,0,0,0,0,0,0,56,255,0,0,0,0,0,0,0,0,0,0,0,0,0,0,0,0,0,0,0,0,150,255,150,255,229,251,163,251,81,249,38,255,2,0,188,255,0,0,200,0,97,41,129,9,0,255,129,0,0,0,0,115,89,1,121,254,253,253,253,0,28,136,16,32,0,145,89,81,66,115,254,1,253,127,255,255,255,127,60,0,5,0,4,0,0,0,0,136,128,112,104,0,0,0,0,0,0,2,254,6,254,0,0,0,0,0,36,6,6,6,0,0,0,0,0,0,9,4,1,0,0,0,0,0,0,0,56,255,0,0,0,0,0,0,0,0,0,0,0,0,0,0,0,0,0,0,0,0,150,255,150,255,229,251,163,251,81,249,38,255
2026-08-03_15-49-30,1,173,0,0.0,0,0.0,4,4,2,0,188,255,0,0,200,0,97,41,129,9,0,255,129,0,0,0,0,115,89,1,121,254,253,253,253,0,28,136,16,32,0,145,89,81,66,115,254,1,253,127,255,255,255,127,60,0,5,0,4,0,0,0,0,136,128,112,104,0,0,0,0,0,0,2,254,6,254,0,0,0,0,0,36,6,6,6,0,0,0,0,0,0,9,4,1,0,0,0,0,0,0,0,56,255,0,0,0,0,0,0,0,0,0,0,0,0,0,0,0,0,0,0,0,0,150,255,150,255,229,251,163,251,81,249,38,255,2,0,198,255,0,0,204,0,97,41,129,9,0,255,129,0,0,0,0,91,89,1,121,254,253,253,253,0,28,136,16,32,0,145,89,81,66,91,254,1,253,127,255,255,255,127,60,0,5,0,4,0,0,0,0,136,128,112,104,0,0,0,0,0,0,2,254,6,254,0,0,0,0,0,36,6,6,6,0,0,0,0,0,0,9,4,1,0,0,0,0,0,0,0,56,255,0,0,0,0,0,0,0,0,0,0,0,0,0,0,0,0,0,0,0,0,150,255,150,255,229,251,163,251,81,249,38,255
2026-08-03_15-49-30,1,174,0,0.0,0,0.0,4,4,2,0,198,255,0,0,204,0,97,41,129,9,0,255,129,0,0,0,0,91,89,1,121,254,253,253,253,0,28,136,16,32,0,145,89,81,66,91,254,1,253,127,255,255,255,127,60,0,5,0,4,0,0,0,0,136,128,112,104,0,0,0,0,0,0,2,254,6,254,0,0,0,0,0,36,6,6,6,0,0,0,0,0,0,9,4,1,0,0,0,0,0,0,0,56,255,0,0,0,0,0,0,0,0,0,0,0,0,0,0,0,0,0,0,0,0,150,255,150,255,229,251,163,251,81,249,38,255,2,0,104,255,0,0,208,0,97,41,129,9,0,255,129,0,0,0,0,115,89,1,121,254,253,253,253,0,28,136,16,32,0,145,89,81,66,115,254,1,253,127,255,255,255,127,60,0,5,0,4,0,0,0,0,136,128,112,104,0,0,0,0,0,0,2,254,6,254,0,0,0,0,0,36,6,6,6,0,0,0,0,0,0,9,4,1,0,0,0,0,0,0,0,56,255,0,0,0,0,0,0,0,0,0,0,0,0,0,0,0,0,0,0,0,0,150,255,150,255,229,251,163,251,81,249,38,255
2026-08-03_15-49-30,1,175,0,0.0,0,0.0,4,4,2,0,104,255,0,0,208,0,97,41,129,9,0,255,129,0,0,0,0,115,89,1,121,254,253,253,253,0,28,136,16,32,0,145,89,81,66,115,254,1,253,127,255,255,255,127,60,0,5,0,4,0,0,0,0,136,128,112,104,0,0,0,0,0,0,2,254,6,254,0,0,0,0,0,36,6,6,6,0,0,0,0,0,0,9,4,1,0,0,0,0,0,0,0,56,255,0,0,0,0,0,0,0,0,0,0,0,0,0,0,0,0,0,0,0,0,150,255,150,255,229,251,163,251,81,249,38,255,2,0,128,255,0,0,212,0,97,41,129,9,0,255,129,0,0,0,0,91,89,1,121,254,253,253,253,0,28,136,16,32,0,145,89,81,66,91,254,1,253,127,255,255,255,127,60,0,5,0,4,0,0,0,0,136,128,112,104,0,0,0,0,0,0,2,254,6,254,0,0,0,0,0,36,6,6,6,0,0,0,0,0,0,9,4,1,0,0,0,0,0,0,0,56,255,0,0,0,0,0,0,0,0,0,0,0,0,0,0,0,0,0,0,0,0,150,255,150,255,229,251,163,251,81,249,38,255
2026-08-03_15-49-30,1,176,0,0.0,0,0.0,4,4,2,0,128,255,0,0,212,0,97,41,129,9,0,255,129,0,0,0,0,91,89,1,121,254,253,253,253,0,28,136,16,32,0,145,89,81,66,91,254,1,253,127,255,255,255,127,60,0,5,0,4,0,0,0,0,136,128,112,104,0,0,0,0,0,0,2,254,6,254,0,0,0,0,0,36,6,6,6,0,0,0,0,0,0,9,4,1,0,0,0,0,0,0,0,56,255,0,0,0,0,0,0,0,0,0,0,0,0,0,0,0,0,0,0,0,0,150,255,150,255,229,251,163,251,81,249,38,255,2,0,8,255,0,0,216,0,97,41,129,9,0,255,129,0,0,0,0,115,89,1,121,254,253,253,253,0,28,136,16,32,0,145,89,81,66,115,254,1,253,127,255,255,255,127,60,0,5,0,4,0,0,0,0,136,128,112,104,0,0,0,0,0,0,2,254,6,254,0,0,0,0,0,36,6,6,6,0,0,0,0,0,0,9,4,1,0,0,0,0,0,0,0,56,255,0,0,0,0,0,0,0,0,0,0,0,0,0,0,0,0,0,0,0,0,150,255,150,255,229,251,163,251,81,249,38,255
2026-08-03_15-49-30,1,177,0,0.0,0,0.0,4,4,2,0,8,255,0,0,216,0,97,41,129,9,0,255,129,0,0,0,0,115,89,1,121,254,253,253,253,0,28,136,16,32,0,145,89,81,66,115,254,1,253,127,255,255,255,127,60,0,5,0,4,0,0,0,0,136,128,112,104,0,0,0,0,0,0,2,254,6,254,0,0,0,0,0,36,6,6,6,0,0,0,0,0,0,9,4,1,0,0,0,0,0,0,0,56,255,0,0,0,0,0,0,0,0,0,0,0,0,0,0,0,0,0,0,0,0,150,255,150,255,229,251,163,251,81,249,38,255,2,0,142,255,0,0,220,0,97,41,129,9,0,255,129,0,0,0,0,91,89,1,121,254,253,253,253,0,28,136,16,32,0,145,89,81,66,91,254,1,253,127,255,255,255,127,60,0,5,0,4,0,0,0,0,136,128,112,104,0,0,0,0,0,0,2,254,6,254,0,0,0,0,0,36,6,6,6,0,0,0,0,0,0,9,4,1,0,0,0,0,0,0,0,56,255,0,0,0,0,0,0,0,0,0,0,0,0,0,0,0,0,0,0,0,0,150,255,150,255,229,251,163,251,81,249,38,255
2026-08-03_15-49-30,1,178,0,0.0,0,0.0,4,4,2,0,142,255,0,0,220,0,97,41,129,9,0,255,129,0,0,0,0,91,89,1,121,254,253,253,253,0,28,136,16,32,0,145,89,81,66,91,254,1,253,127,255,255,255,127,60,0,5,0,4,0,0,0,0,136,128,112,104,0,0,0,0,0,0,2,254,6,254,0,0,0,0,0,36,6,6,6,0,0,0,0,0,0,9,4,1,0,0,0,0,0,0,0,56,255,0,0,0,0,0,0,0,0,0,0,0,0,0,0,0,0,0,0,0,0,150,255,150,255,229,251,163,251,81,249,38,255,2,0,226,255,0,0,224,0,97,41,129,9,0,255,129,0,0,0,0,115,89,1,121,254,253,253,253,0,28,136,16,32,0,145,89,81,66,115,254,1,253,127,255,255,255,127,60,0,5,0,4,0,0,0,0,136,128,112,104,0,0,0,0,0,0,2,254,6,254,0,0,0,0,0,36,6,6,6,0,0,0,0,0,0,9,4,1,0,0,0,0,0,0,0,56,255,0,0,0,0,0,0,0,0,0,0,0,0,0,0,0,0,0,0,0,0,150,255,150,255,229,251,163,251,81,249,38,255
2026-08-03_15-49-30,1,179,0,0.0,0,0.0,4,4,2,0,226,255,0,0,224,0,97,41,129,9,0,255,129,0,0,0,0,115,89,1,121,254,253,253,253,0,28,136,16,32,0,145,89,81,66,115,254,1,253,127,255,255,255,127,60,0,5,0,4,0,0,0,0,136,128,112,104,0,0,0,0,0,0,2,254,6,254,0,0,0,0,0,36,6,6,6,0,0,0,0,0,0,9,4,1,0,0,0,0,0,0,0,56,255,0,0,0,0,0,0,0,0,0,0,0,0,0,0,0,0,0,0,0,0,150,255,150,255,229,251,163,251,81,249,38,255,2,0,37,255,0,0,228,0,97,41,129,9,0,255,129,0,0,0,0,91,89,1,121,254,253,253,253,0,28,136,16,32,0,145,89,81,66,91,254,1,253,127,255,255,255,127,60,0,5,0,4,0,0,0,0,136,128,112,104,0,0,0,0,0,0,2,254,6,254,0,0,0,0,0,36,6,6,6,0,0,0,0,0,0,9,4,1,0,0,0,0,0,0,0,56,255,0,0,0,0,0,0,0,0,0,0,0,0,0,0,0,0,0,0,0,0,150,255,150,255,229,251,163,251,81,249,38,255
2026-08-03_15-49-30,1,180,0,0.0,0,0.0,4,4,2,0,37,255,0,0,228,0,97,41,129,9,0,255,129,0,0,0,0,91,89,1,121,254,253,253,253,0,28,136,16,32,0,145,89,81,66,91,254,1,253,127,255,255,255,127,60,0,5,0,4,0,0,0,0,136,128,112,104,0,0,0,0,0,0,2,254,6,254,0,0,0,0,0,36,6,6,6,0,0,0,0,0,0,9,4,1,0,0,0,0,0,0,0,56,255,0,0,0,0,0,0,0,0,0,0,0,0,0,0,0,0,0,0,0,0,150,255,150,255,229,251,163,251,81,249,38,255,2,0,92,255,0,0,232,0,97,41,129,9,0,255,129,0,0,0,0,115,89,1,121,254,253,253,253,0,28,136,16,32,0,145,89,81,66,115,254,1,253,127,255,255,255,127,60,0,5,0,4,0,0,0,0,136,128,112,104,0,0,0,0,0,0,2,254,6,254,0,0,0,0,0,36,6,6,6,0,0,0,0,0,0,9,4,1,0,0,0,0,0,0,0,56,255,0,0,0,0,0,0,0,0,0,0,0,0,0,0,0,0,0,0,0,0,150,255,150,255,229,251,163,251,81,249,38,255
2026-08-03_15-49-30,1,181,0,0.0,0,0.0,4,4,2,0,92,255,0,0,232,0,97,41,129,9,0,255,129,0,0,0,0,115,89,1,121,254,253,253,253,0,28,136,16,32,0,145,89,81,66,115,254,1,253,127,255,255,255,127,60,0,5,0,4,0,0,0,0,136,128,112,104,0,0,0,0,0,0,2,254,6,254,0,0,0,0,0,36,6,6,6,0,0,0,0,0,0,9,4,1,0,0,0,0,0,0,0,56,255,0,0,0,0,0,0,0,0,0,0,0,0,0,0,0,0,0,0,0,0,150,255,150,255,229,251,163,251,81,249,38,255,2,0,192,255,0,0,236,0,97,41,129,9,0,255,129,0,0,0,0,91,89,1,121,254,253,253,253,0,28,136,16,32,0,145,89,81,66,91,254,1,253,127,255,255,255,127,60,0,5,0,4,0,0,0,0,136,128,112,104,0,0,0,0,0,0,2,254,6,254,0,0,0,0,0,36,6,6,6,0,0,0,0,0,0,9,4,1,0,0,0,0,0,0,0,56,255,0,0,0,0,0,0,0,0,0,0,0,0,0,0,0,0,0,0,0,0,150,255,150,255,229,251,163,251,81,249,38,255
2026-08-03_15-49-30,1,182,5,0.0,0,0.0,4,4,2,0,192,255,0,0,236,0,97,41,129,9,0,255,129,0,0,0,0,91,89,1,121,254,253,253,253,0,28,136,16,32,0,145,89,81,66,91,254,1,253,127,255,255,255,127,60,0,5,0,4,0,0,0,0,136,128,112,104,0,0,0,0,0,0,2,254,6,254,0,0,0,0,0,36,6,6,6,0,0,0,0,0,0,9,4,1,0,0,0,0,0,0,0,56,255,0,0,0,0,0,0,0,0,0,0,0,0,0,0,0,0,0,0,0,0,150,255,150,255,229,251,163,251,81,249,38,255,2,0,12,255,0,0,240,0,99,41,129,9,0,255,129,0,0,0,0,126,89,1,121,254,253,253,253,255,28,136,16,32,0,145,89,81,66,126,254,1,253,223,255,255,255,223,60,0,9,0,4,12,0,0,0,136,128,112,104,32,0,0,0,0,0,2,254,6,254,0,0,0,0,0,36,6,6,6,0,0,0,0,0,0,9,4,1,0,0,0,0,0,0,0,56,255,0,0,0,0,0,0,0,0,0,0,0,0,0,0,0,0,0,0,0,0,150,255,150,255,150,255,175,251,70,249,38,255
2026-08-03_15-49-30,1,183,5,0.0,0,0.0,4,4,2,0,12,255,0,0,240,0,99,41,129,9,0,255,129,0,0,0,0,126,89,1,121,254,253,253,253,255,28,136,16,32,0,145,89,81,66,126,254,1,253,223,255,255,255,223,60,0,9,0,4,12,0,0,0,136,128,112,104,32,0,0,0,0,0,2,254,6,254,0,0,0,0,0,36,6,6,6,0,0,0,0,0,0,9,4,1,0,0,0,0,0,0,0,56,255,0,0,0,0,0,0,0,0,0,0,0,0,0,0,0,0,0,0,0,0,150,255,150,255,150,255,175,251,70,249,38,255,2,0,201,255,0,0,244,0,101,41,129,9,0,255,129,0,0,0,0,100,89,1,121,254,253,253,253,255,28,136,16,32,0,145,89,81,66,120,254,1,253,223,255,255,255,223,60,0,9,0,4,12,0,0,0,136,128,112,104,64,0,0,0,0,0,2,254,6,254,0,0,0,0,0,36,6,6,6,0,0,0,0,0,0,9,4,1,0,0,0,0,0,0,0,56,255,0,0,0,0,0,0,0,0,0,0,0,0,0,0,0,0,0,0,0,0,150,255,150,255,150,255,175,251,70,249,38,255
2026-08-03_15-49-30,1,184,0,0.0,0,0.0,4,4,2,0,201,255,0,0,244,0,101,41,129,9,0,255,129,0,0,0,0,100,89,1,121,254,253,253,253,255,28,136,16,32,0,145,89,81,66,120,254,1,253,223,255,255,255,223,60,0,9,0,4,12,0,0,0,136,128,112,104,64,0,0,0,0,0,2,254,6,254,0,0,0,0,0,36,6,6,6,0,0,0,0,0,0,9,4,1,0,0,0,0,0,0,0,56,255,0,0,0,0,0,0,0,0,0,0,0,0,0,0,0,0,0,0,0,0,150,255,150,255,150,255,175,251,70,249,38,255,2,0,147,255,0,0,248,0,103,41,129,9,0,255,129,0,0,0,0,122,89,1,121,254,253,253,253,255,28,136,16,32,0,145,89,81,66,120,254,1,253,223,255,255,255,223,60,0,9,0,4,12,0,0,0,136,128,112,104,96,0,0,0,0,0,2,254,6,254,0,0,0,0,0,36,6,6,6,0,0,0,0,0,0,9,4,1,0,0,0,0,0,0,0,56,255,0,0,0,0,0,0,0,0,0,0,0,0,0,0,0,0,0,0,0,0,150,255,150,255,150,255,175,251,81,249,38,255
2026-08-03_15-49-30,1,185,0,0.0,0,0.0,4,4,2,0,147,255,0,0,248,0,103,41,129,9,0,255,129,0,0,0,0,122,89,1,121,254,253,253,253,255,28,136,16,32,0,145,89,81,66,120,254,1,253,223,255,255,255,223,60,0,9,0,4,12,0,0,0,136,128,112,104,96,0,0,0,0,0,2,254,6,254,0,0,0,0,0,36,6,6,6,0,0,0,0,0,0,9,4,1,0,0,0,0,0,0,0,56,255,0,0,0,0,0,0,0,0,0,0,0,0,0,0,0,0,0,0,0,0,150,255,150,255,150,255,175,251,81,249,38,255,2,0,55,255,0,0,252,0,105,41,129,9,0,255,129,0,0,0,0,96,89,1,121,254,253,253,253,255,28,136,16,32,0,145,89,81,66,96,254,1,253,223,255,255,255,223,60,0,9,0,4,12,0,0,0,136,128,112,104,128,0,0,0,0,0,2,254,6,254,0,0,0,0,0,36,6,6,6,0,0,0,0,0,0,9,4,1,0,0,0,0,0,0,0,56,255,0,0,0,0,0,0,0,0,0,0,0,0,0,0,0,0,0,0,0,0,150,255,150,255,150,255,175,251,81,249,38,255
2026-08-03_15-49-30,1,186,0,0.0,0,0.0,4,4,2,0,55,255,0,0,252,0,105,41,129,9,0,255,129,0,0,0,0,96,89,1,121,254,253,253,253,255,28,136,16,32,0,145,89,81,66,96,254,1,253,223,255,255,255,223,60,0,9,0,4,12,0,0,0,136,128,112,104,128,0,0,0,0,0,2,254,6,254,0,0,0,0,0,36,6,6,6,0,0,0,0,0,0,9,4,1,0,0,0,0,0,0,0,56,255,0,0,0,0,0,0,0,0,0,0,0,0,0,0,0,0,0,0,0,0,150,255,150,255,150,255,175,251,81,249,38,255,2,0,114,255,0,0,0,1,107,41,129,9,0,255,129,0,0,0,0,117,89,1,121,254,253,253,253,255,28,136,16,32,0,145,89,81,66,117,254,1,253,223,255,255,255,223,60,0,9,0,4,12,0,0,0,136,128,112,104,160,0,0,0,0,0,2,254,6,254,0,0,0,0,0,36,6,6,6,0,0,0,0,0,0,9,4,1,88,0,0,0,0,0,0,56,255,0,0,0,0,0,0,0,0,0,0,0,0,0,0,0,0,0,0,0,0,150,255,150,255,150,255,175,251,81,249,38,255
2026-08-03_15-49-30,1,187,0,0.0,0,0.0,4,4,2,0,114,255,0,0,0,1,107,41,129,9,0,255,129,0,0,0,0,117,89,1,121,254,253,253,253,255,28,136,16,32,0,145,89,81,66,117,254,1,253,223,255,255,255,223,60,0,9,0,4,12,0,0,0,136,128,112,104,160,0,0,0,0,0,2,254,6,254,0,0,0,0,0,36,6,6,6,0,0,0,0,0,0,9,4,1,88,0,0,0,0,0,0,56,255,0,0,0,0,0,0,0,0,0,0,0,0,0,0,0,0,0,0,0,0,150,255,150,255,150,255,175,251,81,249,38,255,2,0,32,255,0,0,4,1,109,41,129,9,0,255,129,0,0,0,0,91,89,1,121,254,253,253,253,255,28,136,16,32,0,145,89,81,66,112,254,1,253,223,255,255,255,223,60,0,9,0,4,12,0,0,0,136,128,112,104,192,0,0,0,0,0,2,254,6,254,0,0,0,0,0,36,6,6,6,0,0,0,0,0,0,9,4,1,88,0,0,0,0,0,0,56,255,0,0,0,0,0,0,0,0,0,0,0,0,0,0,0,0,0,0,0,0,150,255,150,255,150,255,175,251,81,249,38,255
2026-08-03_15-49-30,1,188,0,0.0,0,0.0,4,4,2,0,32,255,0,0,4,1,109,41,129,9,0,255,129,0,0,0,0,91,89,1,121,254,253,253,253,255,28,136,16,32,0,145,89,81,66,112,254,1,253,223,255,255,255,223,60,0,9,0,4,12,0,0,0,136,128,112,104,192,0,0,0,0,0,2,254,6,254,0,0,0,0,0,36,6,6,6,0,0,0,0,0,0,9,4,1,88,0,0,0,0,0,0,56,255,0,0,0,0,0,0,0,0,0,0,0,0,0,0,0,0,0,0,0,0,150,255,150,255,150,255,175,251,81,249,38,255,2,0,10,255,0,0,8,1,111,41,129,9,0,255,129,0,0,0,0,113,89,1,121,254,253,253,253,255,28,136,16,32,0,145,89,81,66,112,254,1,253,223,255,255,255,223,60,0,9,0,4,12,0,0,0,136,128,112,104,224,0,0,0,0,0,2,254,6,254,0,0,0,0,0,36,6,6,6,0,0,0,0,0,0,9,4,1,88,0,0,0,0,0,0,56,255,0,0,0,0,0,0,0,0,0,0,0,0,0,0,0,0,0,0,0,0,150,255,150,255,150,255,175,251,81,249,38,255
2026-08-03_15-49-30,1,189,0,0.0,0,0.0,4,4,2,0,10,255,0,0,8,1,111,41,129,9,0,255,129,0,0,0,0,113,89,1,121,254,253,253,253,255,28,136,16,32,0,145,89,81,66,112,254,1,253,223,255,255,255,223,60,0,9,0,4,12,0,0,0,136,128,112,104,224,0,0,0,0,0,2,254,6,254,0,0,0,0,0,36,6,6,6,0,0,0,0,0,0,9,4,1,88,0,0,0,0,0,0,56,255,0,0,0,0,0,0,0,0,0,0,0,0,0,0,0,0,0,0,0,0,150,255,150,255,150,255,175,251,81,249,38,255,2,0,173,255,0,0,12,1,113,41,129,9,0,255,129,0,0,0,0,87,89,1,121,254,253,253,253,0,28,136,16,32,0,145,89,81,66,87,254,1,253,223,255,255,255,223,60,0,8,0,4,12,0,0,0,136,128,112,104,120,0,0,0,0,0,2,254,6,254,0,0,0,0,0,36,6,6,6,0,0,0,0,0,0,9,4,1,88,0,0,0,0,0,0,56,255,0,0,0,0,0,0,0,0,0,0,0,0,0,0,0,0,0,0,0,0,150,255,150,255,189,252,175,251,81,249,38,255
2026-08-03_15-49-30,1,190,0,0.0,0,0.0,4,4,2,0,173,255,0,0,12,1,113,41,129,9,0,255,129,0,0,0,0,87,89,1,121,254,253,253,253,0,28,136,16,32,0,145,89,81,66,87,254,1,253,223,255,255,255,223,60,0,8,0,4,12,0,0,0,136,128,112,104,120,0,0,0,0,0,2,254,6,254,0,0,0,0,0,36,6,6,6,0,0,0,0,0,0,9,4,1,88,0,0,0,0,0,0,56,255,0,0,0,0,0,0,0,0,0,0,0,0,0,0,0,0,0,0,0,0,150,255,150,255,189,252,175,251,81,249,38,255,2,0,218,255,0,0,16,1,113,41,129,9,0,255,129,0,0,0,0,111,89,1,121,254,253,253,253,0,28,136,16,32,0,145,89,81,66,111,254,1,253,223,255,255,255,223,60,0,8,0,4,12,0,0,0,136,128,112,104,120,0,0,0,0,0,2,254,6,254,0,0,0,0,0,36,6,6,6,0,0,0,0,0,0,9,4,1,88,0,0,0,0,0,0,56,255,0,0,0,0,0,0,0,0,0,0,0,0,0,0,0,0,0,0,0,0,150,255,150,255,189,252,175,251,81,249,38,255
2026-08-03_15-49-30,1,191,0,0.0,0,0.0,4,4,2,0,218,255,0,0,16,1,113,41,129,9,0,255,129,0,0,0,0,111,89,1,121,254,253,253,253,0,28,136,16,32,0,145,89,81,66,111,254,1,253,223,255,255,255,223,60,0,8,0,4,12,0,0,0,136,128,112,104,120,0,0,0,0,0,2,254,6,254,0,0,0,0,0,36,6,6,6,0,0,0,0,0,0,9,4,1,88,0,0,0,0,0,0,56,255,0,0,0,0,0,0,0,0,0,0,0,0,0,0,0,0,0,0,0,0,150,255,150,255,189,252,175,251,81,249,38,255,2,0,172,255,0,0,20,1,113,41,129,9,0,255,129,0,0,0,0,87,89,1,121,254,253,253,253,0,28,136,16,32,0,145,89,81,66,87,254,1,253,223,255,255,255,223,60,0,8,0,4,12,0,0,0,136,128,112,104,120,0,0,0,0,0,2,254,6,254,0,0,0,0,0,36,6,6,6,0,0,0,0,0,0,9,4,1,88,0,0,0,0,0,0,56,255,0,0,0,0,0,0,0,0,0,0,0,0,0,0,0,0,0,0,0,0,150,255,150,255,189,252,175,251,81,249,38,255
2026-08-03_15-49-30,1,192,4,0.0,0,0.0,4,4,2,0,172,255,0,0,20,1,113,41,129,9,0,255,129,0,0,0,0,87,89,1,121,254,253,253,253,0,28,136,16,32,0,145,89,81,66,87,254,1,253,223,255,255,255,223,60,0,8,0,4,12,0,0,0,136,128,112,104,120,0,0,0,0,0,2,254,6,254,0,0,0,0,0,36,6,6,6,0,0,0,0,0,0,9,4,1,88,0,0,0,0,0,0,56,255,0,0,0,0,0,0,0,0,0,0,0,0,0,0,0,0,0,0,0,0,150,255,150,255,189,252,175,251,81,249,38,255,2,0,203,255,0,0,24,0,113,41,129,9,0,255,129,255,0,0,0,99,89,1,121,254,253,253,253,255,26,136,16,32,0,177,89,81,66,99,254,1,253,191,255,255,255,191,60,0,8,0,4,0,0,0,0,136,128,112,104,136,0,0,0,0,0,2,254,6,254,0,0,0,0,0,36,6,6,6,0,0,0,0,0,0,9,4,1,88,0,0,0,0,0,0,56,255,0,0,0,0,0,0,0,0,0,0,0,0,0,0,0,0,0,0,0,0,150,255,150,255,150,255,155,251,70,249,38,255
2026-08-03_15-49-30,1,193,4,0.0,0,0.0,4,4,2,0,203,255,0,0,24,0,113,41,129,9,0,255,129,255,0,0,0,99,89,1,121,254,253,253,253,255,26,136,16,32,0,177,89,81,66,99,254,1,253,191,255,255,255,191,60,0,8,0,4,0,0,0,0,136,128,112,104,136,0,0,0,0,0,2,254,6,254,0,0,0,0,0,36,6,6,6,0,0,0,0,0,0,9,4,1,88,0,0,0,0,0,0,56,255,0,0,0,0,0,0,0,0,0,0,0,0,0,0,0,0,0,0,0,0,150,255,150,255,150,255,155,251,70,249,38,255,2,0,176,255,0,0,28,0,113,41,129,9,0,255,129,255,0,0,0,75,89,1,121,254,253,253,253,255,24,136,16,32,0,209,89,81,66,75,254,1,253,191,255,255,255,191,60,0,8,0,4,0,0,0,0,136,128,112,104,168,0,0,0,0,0,2,254,6,254,0,0,0,0,0,36,6,6,6,0,0,0,0,0,0,9,4,1,88,0,0,0,0,0,0,56,255,0,0,0,0,0,0,0,0,0,0,0,0,0,0,0,0,0,0,0,0,150,255,150,255,42,252,155,251,70,249,38,255
2026-08-03_15-49-30,1,194,4,0.0,0,0.0,4,4,2,0,176,255,0,0,28,0,113,41,129,9,0,255,129,255,0,0,0,75,89,1,121,254,253,253,253,255,24,136,16,32,0,209,89,81,66,75,254,1,253,191,255,255,255,191,60,0,8,0,4,0,0,0,0,136,128,112,104,168,0,0,0,0,0,2,254,6,254,0,0,0,0,0,36,6,6,6,0,0,0,0,0,0,9,4,1,88,0,0,0,0,0,0,56,255,0,0,0,0,0,0,0,0,0,0,0,0,0,0,0,0,0,0,0,0,150,255,150,255,42,252,155,251,70,249,38,255,2,0,15,255,0,0,32,0,113,41,129,9,0,255,129,255,0,0,0,99,89,1,121,254,253,253,253,255,22,136,16,32,0,241,89,81,66,99,254,1,253,191,255,255,255,191,60,0,8,0,4,0,0,0,0,136,128,112,104,200,0,0,0,0,0,2,254,6,254,0,0,0,0,0,36,6,6,6,0,0,0,0,0,0,9,4,1,88,0,0,0,0,0,0,56,255,0,0,0,0,0,0,0,0,0,0,0,0,0,0,0,0,0,0,0,0,150,255,150,255,150,255,155,251,70,249,38,255
2026-08-03_15-49-30,1,195,0,0.0,0,0.0,4,4,2,0,15,255,0,0,32,0,113,41,129,9,0,255,129,255,0,0,0,99,89,1,121,254,253,253,253,255,22,136,16,32,0,241,89,81,66,99,254,1,253,191,255,255,255,191,60,0,8,0,4,0,0,0,0,136,128,112,104,200,0,0,0,0,0,2,254,6,254,0,0,0,0,0,36,6,6,6,0,0,0,0,0,0,9,4,1,88,0,0,0,0,0,0,56,255,0,0,0,0,0,0,0,0,0,0,0,0,0,0,0,0,0,0,0,0,150,255,150,255,150,255,155,251,70,249,38,255,2,0,251,255,0,0,36,0,113,41,129,9,0,255,129,255,0,0,0,75,89,1,121,254,253,253,253,255,20,136,16,32,0,17,89,81,66,75,254,1,253,191,255,255,255,191,60,0,8,0,4,0,0,0,0,136,128,112,104,232,0,0,0,0,0,2,254,6,254,0,0,0,0,0,36,6,6,6,0,0,0,0,0,0,9,4,1,88,0,0,0,0,0,0,56,255,0,0,0,0,0,0,0,0,0,0,0,0,0,0,0,0,0,0,0,0,150,255,150,255,42,252,155,251,81,249,38,255
2026-08-03_15-49-30,1,196,0,0.0,0,0.0,4,4,2,0,251,255,0,0,36,0,113,41,129,9,0,255,129,255,0,0,0,75,89,1,121,254,253,253,253,255,20,136,16,32,0,17,89,81,66,75,254,1,253,191,255,255,255,191,60,0,8,0,4,0,0,0,0,136,128,112,104,232,0,0,0,0,0,2,254,6,254,0,0,0,0,0,36,6,6,6,0,0,0,0,0,0,9,4,1,88,0,0,0,0,0,0,56,255,0,0,0,0,0,0,0,0,0,0,0,0,0,0,0,0,0,0,0,0,150,255,150,255,42,252,155,251,81,249,38,255,2,0,183,255,0,0,40,0,113,41,129,9,0,255,129,255,0,0,0,99,89,1,121,254,253,253,253,255,17,136,16,32,0,49,89,81,66,99,254,1,253,191,255,255,255,191,60,0,8,0,4,0,0,0,0,136,128,112,104,8,0,0,0,0,0,2,254,6,254,0,0,0,0,0,36,6,6,6,0,0,0,0,0,0,9,4,1,88,0,0,0,0,0,0,56,255,0,0,0,0,0,0,0,0,0,0,0,0,0,0,0,0,0,0,0,0,150,255,150,255,150,255,155,251,81,249,38,255
2026-08-03_15-49-30,1,197,0,0.0,0,0.0,4,4,2,0,183,255,0,0,40,0,113,41,129,9,0,255,129,255,0,0,0,99,89,1,121,254,253,253,253,255,17,136,16,32,0,49,89,81,66,99,254,1,253,191,255,255,255,191,60,0,8,0,4,0,0,0,0,136,128,112,104,8,0,0,0,0,0,2,254,6,254,0,0,0,0,0,36,6,6,6,0,0,0,0,0,0,9,4,1,88,0,0,0,0,0,0,56,255,0,0,0,0,0,0,0,0,0,0,0,0,0,0,0,0,0,0,0,0,150,255,150,255,150,255,155,251,81,249,38,255,2,0,122,255,0,0,44,0,113,41,129,9,0,255,129,255,0,0,0,75,89,1,121,254,253,253,253,0,16,136,16,32,0,81,89,81,66,75,254,1,253,191,255,255,255,191,60,0,8,0,4,0,0,0,0,136,128,112,104,24,0,0,0,0,0,2,254,6,254,0,0,0,0,0,36,6,6,6,0,0,0,0,0,0,9,4,1,88,0,0,0,0,0,0,56,255,0,0,0,0,0,0,0,0,0,0,0,0,0,0,0,0,0,0,0,0,150,255,150,255,42,252,155,251,81,249,38,255
2026-08-03_15-49-30,1,198,0,0.0,0,0.0,4,4,2,0,122,255,0,0,44,0,113,41,129,9,0,255,129,255,0,0,0,75,89,1,121,254,253,253,253,0,16,136,16,32,0,81,89,81,66,75,254,1,253,191,255,255,255,191,60,0,8,0,4,0,0,0,0,136,128,112,104,24,0,0,0,0,0,2,254,6,254,0,0,0,0,0,36,6,6,6,0,0,0,0,0,0,9,4,1,88,0,0,0,0,0,0,56,255,0,0,0,0,0,0,0,0,0,0,0,0,0,0,0,0,0,0,0,0,150,255,150,255,42,252,155,251,81,249,38,255,2,0,174,255,0,0,48,0,113,41,129,9,0,255,129,255,0,0,0,99,89,1,121,254,253,253,253,0,16,136,16,32,0,81,89,81,66,99,254,1,253,191,255,255,255,191,60,0,8,0,4,0,0,0,0,136,128,112,104,24,0,0,0,0,0,2,254,6,254,0,0,0,0,0,36,6,6,6,0,0,0,0,0,0,9,4,1,88,0,0,0,0,0,0,56,255,0,0,0,0,0,0,0,0,0,0,0,0,0,0,0,0,0,0,0,0,150,255,150,255,42,252,155,251,81,249,38,255
2026-08-03_15-49-30,1,199,0,0.0,0,0.0,4,4,2,0,174,255,0,0,48,0,113,41,129,9,0,255,129,255,0,0,0,99,89,1,121,254,253,253,253,0,16,136,16,32,0,81,89,81,66,99,254,1,253,191,255,255,255,191,60,0,8,0,4,0,0,0,0,136,128,112,104,24,0,0,0,0,0,2,254,6,254,0,0,0,0,0,36,6,6,6,0,0,0,0,0,0,9,4,1,88,0,0,0,0,0,0,56,255,0,0,0,0,0,0,0,0,0,0,0,0,0,0,0,0,0,0,0,0,150,255,150,255,42,252,155,251,81,249,38,255,2,0,232,255,0,0,52,0,113,41,129,9,0,255,129,255,0,0,0,75,89,1,121,254,253,253,253,0,16,136,16,32,0,81,89,81,66,75,254,1,253,191,255,255,255,191,60,0,8,0,4,0,0,0,0,136,128,112,104,24,0,0,0,0,0,2,254,6,254,0,0,0,0,0,36,6,6,6,0,0,0,0,0,0,9,4,1,88,0,0,0,0,0,0,56,255,0,0,0,0,0,0,0,0,0,0,0,0,0,0,0,0,0,0,0,0,150,255,150,255,42,252,155,251,81,249,38,255
2026-08-03_15-49-30,1,200,0,0.0,0,0.0,4,4,2,0,232,255,0,0,52,0,113,41,129,9,0,255,129,255,0,0,0,75,89,1,121,254,253,253,253,0,16,136,16,32,0,81,89,81,66,75,254,1,253,191,255,255,255,191,60,0,8,0,4,0,0,0,0,136,128,112,104,24,0,0,0,0,0,2,254,6,254,0,0,0,0,0,36,6,6,6,0,0,0,0,0,0,9,4,1,88,0,0,0,0,0,0,56,255,0,0,0,0,0,0,0,0,0,0,0,0,0,0,0,0,0,0,0,0,150,255,150,255,42,252,155,251,81,249,38,255,2,0,136,255,0,0,56,0,113,41,129,9,0,255,129,0,0,0,0,99,89,1,121,254,253,253,253,255,17,136,16,32,0,81,89,81,66,99,254,1,253,127,255,255,255,127,60,0,8,0,4,0,0,0,0,136,128,112,104,40,0,0,0,0,0,2,254,6,254,0,0,0,0,0,36,6,6,6,0,0,0,0,0,0,9,4,1,88,0,0,0,0,0,0,56,255,0,0,0,0,0,0,0,0,0,0,0,0,0,0,0,0,0,0,0,0,150,255,150,255,229,251,163,251,70,249,38,255
2026-08-03_15-49-30,1,201,3,0.0,0,0.0,4,4,2,0,136,255,0,0,56,0,113,41,129,9,0,255,129,0,0,0,0,99,89,1,121,254,253,253,253,255,17,136,16,32,0,81,89,81,66,99,254,1,253,127,255,255,255,127,60,0,8,0,4,0,0,0,0,136,128,112,104,40,0,0,0,0,0,2,254,6,254,0,0,0,0,0,36,6,6,6,0,0,0,0,0,0,9,4,1,88,0,0,0,0,0,0,56,255,0,0,0,0,0,0,0,0,0,0,0,0,0,0,0,0,0,0,0,0,150,255,150,255,229,251,163,251,70,249,38,255,2,0,134,255,0,0,60,0,113,41,129,9,0,255,129,0,0,0,0,75,89,1,121,254,253,253,253,255,19,136,16,32,0,49,89,81,66,75,254,1,253,127,255,255,255,127,60,0,8,0,4,0,0,0,0,136,128,112,104,72,0,0,0,0,0,2,254,6,254,0,0,0,0,0,36,6,6,6,0,0,0,0,0,0,9,4,1,88,0,0,0,0,0,0,56,255,0,0,0,0,0,0,0,0,0,0,0,0,0,0,0,0,0,0,0,0,150,255,150,255,150,255,163,251,70,249,38,255
2026-08-03_15-49-30,1,202,3,0.0,0,0.0,4,4,2,0,134,255,0,0,60,0,113,41,129,9,0,255,129,0,0,0,0,75,89,1,121,254,253,253,253,255,19,136,16,32,0,49,89,81,66,75,254,1,253,127,255,255,255,127,60,0,8,0,4,0,0,0,0,136,128,112,104,72,0,0,0,0,0,2,254,6,254,0,0,0,0,0,36,6,6,6,0,0,0,0,0,0,9,4,1,88,0,0,0,0,0,0,56,255,0,0,0,0,0,0,0,0,0,0,0,0,0,0,0,0,0,0,0,0,150,255,150,255,150,255,163,251,70,249,38,255,2,0,108,255,0,0,64,0,113,41,129,9,0,255,129,0,0,0,0,99,89,1,121,254,253,253,253,255,21,136,16,32,0,17,89,81,66,99,254,1,253,127,255,255,255,127,60,0,8,0,4,0,0,0,0,136,128,112,104,104,0,0,0,0,0,2,254,6,254,0,0,0,0,0,36,6,6,6,0,0,0,0,0,0,9,4,1,88,0,0,0,0,0,0,56,255,0,0,0,0,0,0,0,0,0,0,0,0,0,0,0,0,0,0,0,0,150,255,150,255,229,251,163,251,70,249,38,255
2026-08-03_15-49-30,1,203,0,0.0,0,0.0,4,4,2,0,108,255,0,0,64,0,113,41,129,9,0,255,129,0,0,0,0,99,89,1,121,254,253,253,253,255,21,136,16,32,0,17,89,81,66,99,254,1,253,127,255,255,255,127,60,0,8,0,4,0,0,0,0,136,128,112,104,104,0,0,0,0,0,2,254,6,254,0,0,0,0,0,36,6,6,6,0,0,0,0,0,0,9,4,1,88,0,0,0,0,0,0,56,255,0,0,0,0,0,0,0,0,0,0,0,0,0,0,0,0,0,0,0,0,150,255,150,255,229,251,163,251,70,249,38,255,2,0,199,255,0,0,68,0,113,41,129,9,0,255,129,0,0,0,0,75,89,1,121,254,253,253,253,255,23,136,16,32,0,225,89,81,66,75,254,1,253,127,255,255,255,127,60,0,8,0,4,0,0,0,0,136,128,112,104,136,0,0,0,0,0,2,254,6,254,0,0,0,0,0,36,6,6,6,0,0,0,0,0,0,9,4,1,88,0,0,0,0,0,0,56,255,0,0,0,0,0,0,0,0,0,0,0,0,0,0,0,0,0,0,0,0,150,255,150,255,150,255,163,251,81,249,38,255
2026-08-03_15-49-30,1,204,0,0.0,0,0.0,4,4,2,0,199,255,0,0,68,0,113,41,129,9,0,255,129,0,0,0,0,75,89,1,121,254,253,253,253,255,23,136,16,32,0,225,89,81,66,75,254,1,253,127,255,255,255,127,60,0,8,0,4,0,0,0,0,136,128,112,104,136,0,0,0,0,0,2,254,6,254,0,0,0,0,0,36,6,6,6,0,0,0,0,0,0,9,4,1,88,0,0,0,0,0,0,56,255,0,0,0,0,0,0,0,0,0,0,0,0,0,0,0,0,0,0,0,0,150,255,150,255,150,255,163,251,81,249,38,255,2,0,121,255,0,0,72,0,113,41,129,9,0,255,129,0,0,0,0,99,89,1,121,254,253,253,253,255,25,136,16,32,0,193,89,81,66,99,254,1,253,127,255,255,255,127,60,0,8,0,4,0,0,0,0,136,128,112,104,168,0,0,0,0,0,2,254,6,254,0,0,0,0,0,36,6,6,6,0,0,0,0,0,0,9,4,1,88,0,0,0,0,0,0,56,255,0,0,0,0,0,0,0,0,0,0,0,0,0,0,0,0,0,0,0,0,150,255,150,255,150,255,163,251,81,249,38,255
2026-08-03_15-49-30,1,205,0,0.0,0,0.0,4,4,2,0,121,255,0,0,72,0,113,41,129,9,0,255,129,0,0,0,0,99,89,1,121,254,253,253,253,255,25,136,16,32,0,193,89,81,66,99,254,1,253,127,255,255,255,127,60,0,8,0,4,0,0,0,0,136,128,112,104,168,0,0,0,0,0,2,254,6,254,0,0,0,0,0,36,6,6,6,0,0,0,0,0,0,9,4,1,88,0,0,0,0,0,0,56,255,0,0,0,0,0,0,0,0,0,0,0,0,0,0,0,0,0,0,0,0,150,255,150,255,150,255,163,251,81,249,38,255,2,0,156,255,0,0,76,0,113,41,129,9,0,255,129,0,0,0,0,75,89,1,121,254,253,253,253,255,27,136,16,32,0,161,89,81,66,75,254,1,253,127,255,255,255,127,60,0,8,0,4,0,0,0,0,136,128,112,104,200,0,0,0,0,0,2,254,6,254,0,0,0,0,0,36,6,6,6,0,0,0,0,0,0,9,4,1,88,0,0,0,0,0,0,56,255,0,0,0,0,0,0,0,0,0,0,0,0,0,0,0,0,0,0,0,0,150,255,150,255,150,255,163,251,81,249,38,255
2026-08-03_15-49-30,1,206,0,0.0,0,0.0,4,4,2,0,156,255,0,0,76,0,113,41,129,9,0,255,129,0,0,0,0,75,89,1,121,254,253,253,253,255,27,136,16,32,0,161,89,81,66,75,254,1,253,127,255,255,255,127,60,0,8,0,4,0,0,0,0,136,128,112,104,200,0,0,0,0,0,2,254,6,254,0,0,0,0,0,36,6,6,6,0,0,0,0,0,0,9,4,1,88,0,0,0,0,0,0,56,255,0,0,0,0,0,0,0,0,0,0,0,0,0,0,0,0,0,0,0,0,150,255,150,255,150,255,163,251,81,249,38,255,2,0,204,255,0,0,80,0,113,41,129,9,0,255,129,0,0,0,0,99,89,1,121,254,253,253,253,0,28,136,16,32,0,145,89,81,66,99,254,1,253,127,255,255,255,127,60,0,8,0,4,0,0,0,0,136,128,112,104,80,0,0,0,0,0,2,254,6,254,0,0,0,0,0,36,6,6,6,0,0,0,0,0,0,9,4,1,88,0,0,0,0,0,0,56,255,0,0,0,0,0,0,0,0,0,0,0,0,0,0,0,0,0,0,0,0,150,255,150,255,229,251,163,251,81,249,38,255
2026-08-03_15-49-30,1,207,0,0.0,0,0.0,4,4,2,0,204,255,0,0,80,0,113,41,129,9,0,255,129,0,0,0,0,99,89,1,121,254,253,253,253,0,28,136,16,32,0,145,89,81,66,99,254,1,253,127,255,255,255,127,60,0,8,0,4,0,0,0,0,136,128,112,104,80,0,0,0,0,0,2,254,6,254,0,0,0,0,0,36,6,6,6,0,0,0,0,0,0,9,4,1,88,0,0,0,0,0,0,56,255,0,0,0,0,0,0,0,0,0,0,0,0,0,0,0,0,0,0,0,0,150,255,150,255,229,251,163,251,81,249,38,255,2,0,197,255,0,0,84,0,113,41,129,9,0,255,129,0,0,0,0,75,89,1,121,254,253,253,253,0,28,136,16,32,0,145,89,81,66,75,254,1,253,127,255,255,255,127,60,0,8,0,4,0,0,0,0,136,128,112,104,80,0,0,0,0,0,2,254,6,254,0,0,0,0,0,36,6,6,6,0,0,0,0,0,0,9,4,1,88,0,0,0,0,0,0,56,255,0,0,0,0,0,0,0,0,0,0,0,0,0,0,0,0,0,0,0,0,150,255,150,255,229,251,163,251,81,249,38,255
2026-08-03_15-49-30,1,208,0,0.0,0,0.0,4,4,2,0,197,255,0,0,84,0,113,41,129,9,0,255,129,0,0,0,0,75,89,1,121,254,253,253,253,0,28,136,16,32,0,145,89,81,66,75,254,1,253,127,255,255,255,127,60,0,8,0,4,0,0,0,0,136,128,112,104,80,0,0,0,0,0,2,254,6,254,0,0,0,0,0,36,6,6,6,0,0,0,0,0,0,9,4,1,88,0,0,0,0,0,0,56,255,0,0,0,0,0,0,0,0,0,0,0,0,0,0,0,0,0,0,0,0,150,255,150,255,229,251,163,251,81,249,38,255,2,0,90,255,0,0,88,0,113,41,129,9,0,255,129,0,0,0,0,99,89,1,121,254,253,253,253,0,28,136,16,32,0,145,89,81,66,99,254,1,253,127,255,255,255,127,60,0,8,0,4,0,0,0,0,136,128,112,104,80,0,0,0,0,0,2,254,6,254,0,0,0,0,0,36,6,6,6,0,0,0,0,0,0,9,4,1,88,0,0,0,0,0,0,56,255,0,0,0,0,0,0,0,0,0,0,0,0,0,0,0,0,0,0,0,0,150,255,150,255,229,251,163,251,81,249,38,255
2026-08-03_15-49-30,1,209,0,0.0,0,0.0,4,4,2,0,90,255,0,0,88,0,113,41,129,9,0,255,129,0,0,0,0,99,89,1,121,254,253,253,253,0,28,136,16,32,0,145,89,81,66,99,254,1,253,127,255,255,255,127,60,0,8,0,4,0,0,0,0,136,128,112,104,80,0,0,0,0,0,2,254,6,254,0,0,0,0,0,36,6,6,6,0,0,0,0,0,0,9,4,1,88,0,0,0,0,0,0,56,255,0,0,0,0,0,0,0,0,0,0,0,0,0,0,0,0,0,0,0,0,150,255,150,255,229,251,163,251,81,249,38,255,2,0,164,255,0,0,92,0,113,41,129,9,0,255,129,0,0,0,0,75,89,1,121,254,253,253,253,0,28,136,16,32,0,145,89,81,66,75,254,1,253,127,255,255,255,127,60,0,8,0,4,0,0,0,0,136,128,112,104,80,0,0,0,0,0,2,254,6,254,0,0,0,0,0,36,6,6,6,0,0,0,0,0,0,9,4,1,88,0,0,0,0,0,0,56,255,0,0,0,0,0,0,0,0,0,0,0,0,0,0,0,0,0,0,0,0,150,255,150,255,229,251,163,251,81,249,38,255
2026-08-03_15-49-30,1,210,4,0.0,0,0.0,4,4,2,0,164,255,0,0,92,0,113,41,129,9,0,255,129,0,0,0,0,75,89,1,121,254,253,253,253,0,28,136,16,32,0,145,89,81,66,75,254,1,253,127,255,255,255,127,60,0,8,0,4,0,0,0,0,136,128,112,104,80,0,0,0,0,0,2,254,6,254,0,0,0,0,0,36,6,6,6,0,0,0,0,0,0,9,4,1,88,0,0,0,0,0,0,56,255,0,0,0,0,0,0,0,0,0,0,0,0,0,0,0,0,0,0,0,0,150,255,150,255,229,251,163,251,81,249,38,255,2,0,69,255,0,0,96,0,113,41,129,9,0,255,129,255,0,0,0,99,89,1,121,254,253,253,253,255,26,136,16,32,0,161,89,81,66,99,254,1,253,191,255,255,255,191,60,0,8,0,4,0,0,0,0,136,128,112,104,112,0,0,0,0,0,2,254,6,254,0,0,0,0,0,36,6,6,6,0,0,0,0,0,0,9,4,1,88,0,0,0,0,0,0,56,255,0,0,0,0,0,0,0,0,0,0,0,0,0,0,0,0,0,0,0,0,150,255,150,255,150,255,155,251,70,249,38,255
2026-08-03_15-49-30,1,211,4,0.0,0,0.0,4,4,2,0,69,255,0,0,96,0,113,41,129,9,0,255,129,255,0,0,0,99,89,1,121,254,253,253,253,255,26,136,16,32,0,161,89,81,66,99,254,1,253,191,255,255,255,191,60,0,8,0,4,0,0,0,0,136,128,112,104,112,0,0,0,0,0,2,254,6,254,0,0,0,0,0,36,6,6,6,0,0,0,0,0,0,9,4,1,88,0,0,0,0,0,0,56,255,0,0,0,0,0,0,0,0,0,0,0,0,0,0,0,0,0,0,0,0,150,255,150,255,150,255,155,251,70,249,38,255,2,0,82,255,0,0,100,0,113,41,129,9,0,255,129,255,0,0,0,75,89,1,121,254,253,253,253,255,24,136,16,32,0,209,89,81,66,75,254,1,253,191,255,255,255,191,60,0,8,0,4,0,0,0,0,136,128,112,104,144,0,0,0,0,0,2,254,6,254,0,0,0,0,0,36,6,6,6,0,0,0,0,0,0,9,4,1,88,0,0,0,0,0,0,56,255,0,0,0,0,0,0,0,0,0,0,0,0,0,0,0,0,0,0,0,0,150,255,150,255,42,252,155,251,70,249,38,255
2026-08-03_15-49-30,1,212,4,0.0,0,0.0,4,4,2,0,82,255,0,0,100,0,113,41,129,9,0,255,129,255,0,0,0,75,89,1,121,254,253,253,253,255,24,136,16,32,0,209,89,81,66,75,254,1,253,191,255,255,255,191,60,0,8,0,4,0,0,0,0,136,128,112,104,144,0,0,0,0,0,2,254,6,254,0,0,0,0,0,36,6,6,6,0,0,0,0,0,0,9,4,1,88,0,0,0,0,0,0,56,255,0,0,0,0,0,0,0,0,0,0,0,0,0,0,0,0,0,0,0,0,150,255,150,255,42,252,155,251,70,249,38,255,2,0,42,255,0,0,104,0,113,41,129,9,0,255,129,255,0,0,0,99,89,1,121,254,253,253,253,255,22,136,16,32,0,241,89,81,66,99,254,1,253,191,255,255,255,191,60,0,8,0,4,0,0,0,0,136,128,112,104,176,0,0,0,0,0,2,254,6,254,0,0,0,0,0,36,6,6,6,0,0,0,0,0,0,9,4,1,88,0,0,0,0,0,0,56,255,0,0,0,0,0,0,0,0,0,0,0,0,0,0,0,0,0,0,0,0,150,255,150,255,150,255,155,251,81,249,38,255
2026-08-03_15-49-30,1,213,0,0.0,0,0.0,4,4,2,0,42,255,0,0,104,0,113,41,129,9,0,255,129,255,0,0,0,99,89,1,121,254,253,253,253,255,22,136,16,32,0,241,89,81,66,99,254,1,253,191,255,255,255,191,60,0,8,0,4,0,0,0,0,136,128,112,104,176,0,0,0,0,0,2,254,6,254,0,0,0,0,0,36,6,6,6,0,0,0,0,0,0,9,4,1,88,0,0,0,0,0,0,56,255,0,0,0,0,0,0,0,0,0,0,0,0,0,0,0,0,0,0,0,0,150,255,150,255,150,255,155,251,81,249,38,255,2,0,167,255,0,0,108,0,113,41,129,9,0,255,129,255,0,0,0,75,89,1,121,254,253,253,253,255,20,136,16,32,0,17,89,81,66,75,254,1,253,191,255,255,255,191,60,0,8,0,4,0,0,0,0,136,128,112,104,208,0,0,0,0,0,2,254,6,254,0,0,0,0,0,36,6,6,6,0,0,0,0,0,0,9,4,1,88,0,0,0,0,0,0,56,255,0,0,0,0,0,0,0,0,0,0,0,0,0,0,0,0,0,0,0,0,150,255,150,255,42,252,155,251,81,249,38,255
2026-08-03_15-49-30,1,214,0,0.0,0,0.0,4,4,2,0,167,255,0,0,108,0,113,41,129,9,0,255,129,255,0,0,0,75,89,1,121,254,253,253,253,255,20,136,16,32,0,17,89,81,66,75,254,1,253,191,255,255,255,191,60,0,8,0,4,0,0,0,0,136,128,112,104,208,0,0,0,0,0,2,254,6,254,0,0,0,0,0,36,6,6,6,0,0,0,0,0,0,9,4,1,88,0,0,0,0,0,0,56,255,0,0,0,0,0,0,0,0,0,0,0,0,0,0,0,0,0,0,0,0,150,255,150,255,42,252,155,251,81,249,38,255,2,0,119,255,0,0,112,0,113,41,129,9,0,255,129,255,0,0,0,99,89,1,121,254,253,253,253,255,18,136,16,32,0,49,89,81,66,99,254,1,253,191,255,255,255,191,60,0,8,0,4,0,0,0,0,136,128,112,104,240,0,0,0,0,0,2,254,6,254,0,0,0,0,0,36,6,6,6,0,0,0,0,0,0,9,4,1,88,0,0,0,0,0,0,56,255,0,0,0,0,0,0,0,0,0,0,0,0,0,0,0,0,0,0,0,0,150,255,150,255,150,255,155,251,81,249,38,255
2026-08-03_15-49-30,1,215,0,0.0,0,0.0,4,4,2,0,119,255,0,0,112,0,113,41,129,9,0,255,129,255,0,0,0,99,89,1,121,254,253,253,253,255,18,136,16,32,0,49,89,81,66,99,254,1,253,191,255,255,255,191,60,0,8,0,4,0,0,0,0,136,128,112,104,240,0,0,0,0,0,2,254,6,254,0,0,0,0,0,36,6,6,6,0,0,0,0,0,0,9,4,1,88,0,0,0,0,0,0,56,255,0,0,0,0,0,0,0,0,0,0,0,0,0,0,0,0,0,0,0,0,150,255,150,255,150,255,155,251,81,249,38,255,2,0,118,255,0,0,116,0,113,41,129,9,0,255,129,255,0,0,0,75,89,1,121,254,253,253,253,0,16,136,16,32,0,81,89,81,66,75,254,1,253,191,255,255,255,191,60,0,8,0,4,0,0,0,0,136,128,112,104,0,0,0,0,0,0,2,254,6,254,0,0,0,0,0,36,6,6,6,0,0,0,0,0,0,9,4,1,88,0,0,0,0,0,0,56,255,0,0,0,0,0,0,0,0,0,0,0,0,0,0,0,0,0,0,0,0,150,255,150,255,42,252,155,251,81,249,38,255
2026-08-03_15-49-30,1,216,0,0.0,0,0.0,4,4,2,0,118,255,0,0,116,0,113,41,129,9,0,255,129,255,0,0,0,75,89,1,121,254,253,253,253,0,16,136,16,32,0,81,89,81,66,75,254,1,253,191,255,255,255,191,60,0,8,0,4,0,0,0,0,136,128,112,104,0,0,0,0,0,0,2,254,6,254,0,0,0,0,0,36,6,6,6,0,0,0,0,0,0,9,4,1,88,0,0,0,0,0,0,56,255,0,0,0,0,0,0,0,0,0,0,0,0,0,0,0,0,0,0,0,0,150,255,150,255,42,252,155,251,81,249,38,255,2,0,103,255,0,0,120,0,113,41,129,9,0,255,129,255,0,0,0,99,89,1,121,254,253,253,253,0,16,136,16,32,0,81,89,81,66,99,254,1,253,191,255,255,255,191,60,0,8,0,4,0,0,0,0,136,128,112,104,0,0,0,0,0,0,2,254,6,254,0,0,0,0,0,36,6,6,6,0,0,0,0,0,0,9,4,1,88,0,0,0,0,0,0,56,255,0,0,0,0,0,0,0,0,0,0,0,0,0,0,0,0,0,0,0,0,150,255,150,255,42,252,155,251,81,249,38,255
2026-08-03_15-49-30,1,217,0,0.0,0,0.0,4,4,2,0,103,255,0,0,120,0,113,41,129,9,0,255,129,255,0,0,0,99,89,1,121,254,253,253,253,0,16,136,16,32,0,81,89,81,66,99,254,1,253,191,255,255,255,191,60,0,8,0,4,0,0,0,0,136,128,112,104,0,0,0,0,0,0,2,254,6,254,0,0,0,0,0,36,6,6,6,0,0,0,0,0,0,9,4,1,88,0,0,0,0,0,0,56,255,0,0,0,0,0,0,0,0,0,0,0,0,0,0,0,0,0,0,0,0,150,255,150,255,42,252,155,251,81,249,38,255,2,0,123,255,0,0,124,0,113,41,129,9,0,255,129,255,0,0,0,75,89,1,121,254,253,253,253,255,16,136,16,32,0,81,89,81,66,75,254,1,253,191,255,255,255,223,60,0,6,0,4,12,0,0,0,136,128,112,104,136,0,0,0,0,0,2,254,6,254,0,0,0,0,0,36,6,6,6,0,0,0,0,0,0,9,4,1,88,0,0,0,0,0,0,56,255,0,0,0,0,0,0,0,0,0,0,0,0,0,0,0,0,0,0,0,0,150,255,150,255,198,252,175,251,70,249,38,255
2026-08-03_15-49-30,1,218,5,0.0,0,0.0,4,4,2,0,123,255,0,0,124,0,113,41,129,9,0,255,129,255,0,0,0,75,89,1,121,254,253,253,253,255,16,136,16,32,0,81,89,81,66,75,254,1,253,191,255,255,255,223,60,0,6,0,4,12,0,0,0,136,128,112,104,136,0,0,0,0,0,2,254,6,254,0,0,0,0,0,36,6,6,6,0,0,0,0,0,0,9,4,1,88,0,0,0,0,0,0,56,255,0,0,0,0,0,0,0,0,0,0,0,0,0,0,0,0,0,0,0,0,150,255,150,255,198,252,175,251,70,249,38,255,2,0,191,255,0,0,128,0,115,41,129,9,0,255,129,255,0,0,0,109,89,1,121,254,253,253,253,255,16,136,16,32,0,81,89,81,66,109,254,1,253,223,255,255,255,223,60,0,6,0,4,12,0,0,0,136,128,112,104,168,0,0,0,0,0,2,254,6,254,0,0,0,0,0,36,6,6,6,0,0,0,0,0,0,9,4,1,176,0,0,0,0,0,0,56,255,0,0,0,0,0,0,0,0,0,0,0,0,0,0,0,0,0,0,0,0,150,255,150,255,150,255,175,251,70,249,38,255
2026-08-03_15-49-30,1,219,5,0.0,0,0.0,4,4,2,0,191,255,0,0,128,0,115,41,129,9,0,255,129,255,0,0,0,109,89,1,121,254,253,253,253,255,16,136,16,32,0,81,89,81,66,109,254,1,253,223,255,255,255,223,60,0,6,0,4,12,0,0,0,136,128,112,104,168,0,0,0,0,0,2,254,6,254,0,0,0,0,0,36,6,6,6,0,0,0,0,0,0,9,4,1,176,0,0,0,0,0,0,56,255,0,0,0,0,0,0,0,0,0,0,0,0,0,0,0,0,0,0,0,0,150,255,150,255,150,255,175,251,70,249,38,255,2,0,244,255,0,0,132,0,117,41,129,9,0,255,129,255,0,0,0,83,89,1,121,254,253,253,253,255,16,136,16,32,0,81,89,81,66,104,254,1,253,223,255,255,255,223,60,0,6,0,4,12,0,0,0,136,128,112,104,200,0,0,0,0,0,2,254,6,254,0,0,0,0,0,36,6,6,6,0,0,0,0,0,0,9,4,1,176,0,0,0,0,0,0,56,255,0,0,0,0,0,0,0,0,0,0,0,0,0,0,0,0,0,0,0,0,150,255,150,255,150,255,175,251,81,249,38,255
2026-08-03_15-49-30,1,220,0,0.0,0,0.0,4,4,2,0,244,255,0,0,132,0,117,41,129,9,0,255,129,255,0,0,0,83,89,1,121,254,253,253,253,255,16,136,16,32,0,81,89,81,66,104,254,1,253,223,255,255,255,223,60,0,6,0,4,12,0,0,0,136,128,112,104,200,0,0,0,0,0,2,254,6,254,0,0,0,0,0,36,6,6,6,0,0,0,0,0,0,9,4,1,176,0,0,0,0,0,0,56,255,0,0,0,0,0,0,0,0,0,0,0,0,0,0,0,0,0,0,0,0,150,255,150,255,150,255,175,251,81,249,38,255,2,0,76,255,0,0,136,0,119,41,129,9,0,255,129,255,0,0,0,105,89,1,121,254,253,253,253,255,16,136,16,32,0,81,89,81,66,104,254,1,253,223,255,255,255,223,60,0,6,0,4,12,0,0,0,136,128,112,104,232,0,0,0,0,0,2,254,6,254,0,0,0,0,0,36,6,6,6,0,0,0,0,0,0,9,4,1,176,0,0,0,0,0,0,56,255,0,0,0,0,0,0,0,0,0,0,0,0,0,0,0,0,0,0,0,0,150,255,150,255,150,255,175,251,81,249,38,255
2026-08-03_15-49-30,1,221,0,0.0,0,0.0,4,4,2,0,76,255,0,0,136,0,119,41,129,9,0,255,129,255,0,0,0,105,89,1,121,254,253,253,253,255,16,136,16,32,0,81,89,81,66,104,254,1,253,223,255,255,255,223,60,0,6,0,4,12,0,0,0,136,128,112,104,232,0,0,0,0,0,2,254,6,254,0,0,0,0,0,36,6,6,6,0,0,0,0,0,0,9,4,1,176,0,0,0,0,0,0,56,255,0,0,0,0,0,0,0,0,0,0,0,0,0,0,0,0,0,0,0,0,150,255,150,255,150,255,175,251,81,249,38,255,2,0,205,255,0,0,140,0,122,41,129,9,0,255,129,255,0,0,0,79,89,1,121,254,253,253,253,255,16,136,16,32,0,81,89,81,66,79,254,1,253,223,255,255,255,223,60,0,6,0,4,12,0,0,0,136,128,112,104,8,0,0,0,0,0,2,254,6,254,0,0,0,0,0,36,6,6,6,0,0,0,0,0,0,9,4,1,176,0,0,0,0,0,0,56,255,0,0,0,0,0,0,0,0,0,0,0,0,0,0,0,0,0,0,0,0,150,255,150,255,198,252,175,251,81,249,38,255
2026-08-03_15-49-30,1,222,0,0.0,0,0.0,4,4,2,0,205,255,0,0,140,0,122,41,129,9,0,255,129,255,0,0,0,79,89,1,121,254,253,253,253,255,16,136,16,32,0,81,89,81,66,79,254,1,253,223,255,255,255,223,60,0,6,0,4,12,0,0,0,136,128,112,104,8,0,0,0,0,0,2,254,6,254,0,0,0,0,0,36,6,6,6,0,0,0,0,0,0,9,4,1,176,0,0,0,0,0,0,56,255,0,0,0,0,0,0,0,0,0,0,0,0,0,0,0,0,0,0,0,0,150,255,150,255,198,252,175,251,81,249,38,255,2,0,212,255,0,0,144,0,124,41,129,9,0,255,129,255,0,0,0,101,89,1,121,254,253,253,253,255,16,136,16,32,0,81,89,81,66,101,254,1,253,223,255,255,255,223,60,0,6,0,4,12,0,0,0,136,128,112,104,40,0,0,0,0,0,2,254,6,254,0,0,0,0,0,36,6,6,6,0,0,0,0,0,0,9,4,1,176,0,0,0,0,0,0,56,255,0,0,0,0,0,0,0,0,0,0,0,0,0,0,0,0,0,0,0,0,150,255,150,255,150,255,175,251,81,249,38,255
2026-08-03_15-49-30,1,223,0,10.0,0,10.0,4,4,2,0,212,255,0,0,144,0,124,41,129,9,0,255,129,255,0,0,0,101,89,1,121,254,253,253,253,255,16,136,16,32,0,81,89,81,66,101,254,1,253,223,255,255,255,223,60,0,6,0,4,12,0,0,0,136,128,112,104,40,0,0,0,0,0,2,254,6,254,0,0,0,0,0,36,6,6,6,0,0,0,0,0,0,9,4,1,176,0,0,0,0,0,0,56,255,0,0,0,0,0,0,0,0,0,0,0,0,0,0,0,0,0,0,0,0,150,255,150,255,150,255,175,251,81,249,38,255,2,0,70,255,0,0,148,0,126,41,129,9,0,125,129,255,0,0,0,75,89,14,121,254,253,255,253,255,16,136,16,32,0,81,89,81,66,96,254,14,255,223,255,255,255,223,134,0,6,0,4,12,0,0,0,136,128,112,104,72,0,0,0,0,0,2,254,6,254,0,0,0,0,0,36,6,6,6,0,0,147,0,26,1,9,4,1,176,0,0,16,0,0,16,60,255,0,0,0,0,0,0,0,0,0,0,0,0,0,0,0,0,0,0,0,0,150,255,175,251,81,249,38,255,32,255,70,255
2026-08-03_15-49-30,1,224,0,0.0,0,10.0,4,4,2,0,70,255,0,0,148,0,126,41,129,9,0,125,129,255,0,0,0,75,89,14,121,254,253,255,253,255,16,136,16,32,0,81,89,81,66,96,254,14,255,223,255,255,255,223,134,0,6,0,4,12,0,0,0,136,128,112,104,72,0,0,0,0,0,2,254,6,254,0,0,0,0,0,36,6,6,6,0,0,147,0,26,1,9,4,1,176,0,0,16,0,0,16,60,255,0,0,0,0,0,0,0,0,0,0,0,0,0,0,0,0,0,0,0,0,150,255,175,251,81,249,38,255,32,255,70,255,2,0,96,255,0,0,152,0,128,41,129,9,0,127,129,255,0,0,0,97,89,14,121,254,253,255,253,255,16,136,16,32,0,81,89,81,66,96,254,14,255,223,255,255,255,223,134,0,6,0,4,12,0,0,0,136,128,112,104,104,0,0,0,0,0,2,254,6,254,0,0,0,0,0,36,6,6,6,0,0,143,0,22,1,9,4,1,176,0,0,16,0,0,16,60,255,0,0,0,0,0,0,0,0,0,0,0,0,0,0,0,0,0,0,0,0,150,255,175,251,81,249,38,255,32,255,70,255
2026-08-03_15-49-30,1,225,0,0.0,0,10.0,4,4,2,0,96,255,0,0,152,0,128,41,129,9,0,127,129,255,0,0,0,97,89,14,121,254,253,255,253,255,16,136,16,32,0,81,89,81,66,96,254,14,255,223,255,255,255,223,134,0,6,0,4,12,0,0,0,136,128,112,104,104,0,0,0,0,0,2,254,6,254,0,0,0,0,0,36,6,6,6,0,0,143,0,22,1,9,4,1,176,0,0,16,0,0,16,60,255,0,0,0,0,0,0,0,0,0,0,0,0,0,0,0,0,0,0,0,0,150,255,175,251,81,249,38,255,32,255,70,255,2,0,14,255,0,0,156,0,129,41,129,9,0,129,129,255,0,0,0,71,89,14,121,254,253,255,253,0,16,136,16,32,0,81,89,81,66,14,255,71,254,223,255,255,255,223,60,0,5,0,4,12,0,0,0,136,128,112,104,120,0,0,0,0,0,2,254,6,254,0,0,0,0,0,36,6,6,6,0,0,139,0,18,1,9,4,1,176,0,0,16,0,0,16,60,255,0,0,0,0,0,0,0,0,0,0,0,0,0,0,0,0,0,0,0,0,189,252,175,251,81,249,38,255,32,255,70,255
2026-08-03_15-49-30,1,226,0,0.0,0,10.0,4,4,2,0,14,255,0,0,156,0,129,41,129,9,0,129,129,255,0,0,0,71,89,14,121,254,253,255,253,0,16,136,16,32,0,81,89,81,66,14,255,71,254,223,255,255,255,223,60,0,5,0,4,12,0,0,0,136,128,112,104,120,0,0,0,0,0,2,254,6,254,0,0,0,0,0,36,6,6,6,0,0,139,0,18,1,9,4,1,176,0,0,16,0,0,16,60,255,0,0,0,0,0,0,0,0,0,0,0,0,0,0,0,0,0,0,0,0,189,252,175,251,81,249,38,255,32,255,70,255,2,0,234,255,0,0,160,0,129,41,129,9,0,129,129,255,0,0,0,95,89,14,121,254,253,255,253,0,16,136,16,32,0,81,89,81,66,14,255,95,254,223,255,255,255,223,60,0,5,0,4,12,0,0,0,136,128,112,104,120,0,0,0,0,0,2,254,6,254,0,0,0,0,0,36,6,6,6,0,0,135,0,14,1,9,4,1,176,0,0,16,0,0,16,60,255,0,0,0,0,0,0,0,0,0,0,0,0,0,0,0,0,0,0,0,0,189,252,175,251,81,249,38,255,32,255,70,255
2026-08-03_15-49-30,1,227,0,0.0,0,10.0,4,4,2,0,234,255,0,0,160,0,129,41,129,9,0,129,129,255,0,0,0,95,89,14,121,254,253,255,253,0,16,136,16,32,0,81,89,81,66,14,255,95,254,223,255,255,255,223,60,0,5,0,4,12,0,0,0,136,128,112,104,120,0,0,0,0,0,2,254,6,254,0,0,0,0,0,36,6,6,6,0,0,135,0,14,1,9,4,1,176,0,0,16,0,0,16,60,255,0,0,0,0,0,0,0,0,0,0,0,0,0,0,0,0,0,0,0,0,189,252,175,251,81,249,38,255,32,255,70,255,2,0,171,255,0,0,164,0,129,41,129,9,0,129,129,255,0,0,0,71,89,14,121,254,253,255,253,0,16,136,16,32,0,81,89,81,66,14,255,71,254,223,255,255,255,223,60,0,5,0,4,12,0,0,0,136,128,112,104,120,0,0,0,0,0,2,254,6,254,0,0,0,0,0,36,6,6,6,0,0,131,0,10,1,9,4,1,176,0,0,16,0,0,16,60,255,0,0,0,0,0,0,0,0,0,0,0,0,0,0,0,0,0,0,0,0,189,252,175,251,81,249,38,255,32,255,70,255
2026-08-03_15-49-30,1,228,0,0.0,0,10.0,4,4,2,0,171,255,0,0,164,0,129,41,129,9,0,129,129,255,0,0,0,71,89,14,121,254,253,255,253,0,16,136,16,32,0,81,89,81,66,14,255,71,254,223,255,255,255,223,60,0,5,0,4,12,0,0,0,136,128,112,104,120,0,0,0,0,0,2,254,6,254,0,0,0,0,0,36,6,6,6,0,0,131,0,10,1,9,4,1,176,0,0,16,0,0,16,60,255,0,0,0,0,0,0,0,0,0,0,0,0,0,0,0,0,0,0,0,0,189,252,175,251,81,249,38,255,32,255,70,255,2,0,190,255,0,0,168,0,129,41,129,9,0,129,129,255,0,0,0,95,89,14,121,254,253,255,253,0,16,136,16,32,0,81,89,81,66,14,255,95,254,223,255,255,255,223,60,0,5,0,4,12,0,0,0,136,128,112,104,120,0,0,0,0,0,2,254,6,254,0,0,0,0,0,36,6,6,6,0,0,127,0,6,1,9,4,1,176,0,0,16,0,0,16,60,255,0,0,0,0,0,0,0,0,0,0,0,0,0,0,0,0,0,0,0,0,189,252,175,251,81,249,38,255,32,255,70,255
2026-08-03_15-49-30,1,229,0,0.0,0,10.0,4,4,2,0,190,255,0,0,168,0,129,41,129,9,0,129,129,255,0,0,0,95,89,14,121,254,253,255,253,0,16,136,16,32,0,81,89,81,66,14,255,95,254,223,255,255,255,223,60,0,5,0,4,12,0,0,0,136,128,112,104,120,0,0,0,0,0,2,254,6,254,0,0,0,0,0,36,6,6,6,0,0,127,0,6,1,9,4,1,176,0,0,16,0,0,16,60,255,0,0,0,0,0,0,0,0,0,0,0,0,0,0,0,0,0,0,0,0,189,252,175,251,81,249,38,255,32,255,70,255,2,0,229,255,0,0,172,0,129,41,129,9,0,129,129,255,0,0,0,71,89,14,121,254,253,255,253,0,16,136,16,32,0,81,89,81,66,14,255,71,254,223,255,255,255,223,60,0,5,0,4,12,0,0,0,136,128,112,104,120,0,0,0,0,0,2,254,6,254,0,0,0,0,0,36,6,6,6,0,0,123,0,2,1,9,4,1,176,0,0,16,0,0,16,60,255,0,0,0,0,0,0,0,0,0,0,0,0,0,0,0,0,0,0,0,0,189,252,175,251,81,249,38,255,32,255,70,255
2026-08-03_15-49-30,1,230,0,0.0,0,10.0,4,4,2,0,229,255,0,0,172,0,129,41,129,9,0,129,129,255,0,0,0,71,89,14,121,254,253,255,253,0,16,136,16,32,0,81,89,81,66,14,255,71,254,223,255,255,255,223,60,0,5,0,4,12,0,0,0,136,128,112,104,120,0,0,0,0,0,2,254,6,254,0,0,0,0,0,36,6,6,6,0,0,123,0,2,1,9,4,1,176,0,0,16,0,0,16,60,255,0,0,0,0,0,0,0,0,0,0,0,0,0,0,0,0,0,0,0,0,189,252,175,251,81,249,38,255,32,255,70,255,2,0,80,255,0,0,176,0,129,41,129,9,0,129,129,255,0,0,0,95,89,14,121,254,253,255,253,0,16,136,16,32,0,81,89,81,66,14,255,95,254,223,255,255,255,223,60,0,5,0,4,12,0,0,0,136,128,112,104,120,0,0,0,0,0,2,254,6,254,0,0,0,0,0,36,6,6,6,0,0,119,0,0,1,9,4,1,176,0,0,16,0,0,16,60,255,0,0,0,0,0,0,0,0,0,0,0,0,0,0,0,0,0,0,0,0,189,252,175,251,81,249,38,255,32,255,70,255
2026-08-03_15-49-30,1,231,0,0.0,0,10.0,4,4,2,0,80,255,0,0,176,0,129,41,129,9,0,129,129,255,0,0,0,95,89,14,121,254,253,255,253,0,16,136,16,32,0,81,89,81,66,14,255,95,254,223,255,255,255,223,60,0,5,0,4,12,0,0,0,136,128,112,104,120,0,0,0,0,0,2,254,6,254,0,0,0,0,0,36,6,6,6,0,0,119,0,0,1,9,4,1,176,0,0,16,0,0,16,60,255,0,0,0,0,0,0,0,0,0,0,0,0,0,0,0,0,0,0,0,0,189,252,175,251,81,249,38,255,32,255,70,255,2,0,9,255,0,0,180,0,129,41,129,9,0,129,129,255,0,0,0,71,89,14,121,254,253,255,253,0,16,136,16,32,0,81,89,81,66,14,255,71,254,223,255,255,255,223,60,0,5,0,4,12,0,0,0,136,128,112,104,120,0,0,0,0,0,2,254,6,254,0,0,0,0,0,36,6,6,6,0,0,115,0,0,1,9,4,1,176,0,0,16,0,0,16,60,255,0,0,0,0,0,0,0,0,0,0,0,0,0,0,0,0,0,0,0,0,189,252,175,251,81,249,38,255,32,255,70,255
2026-08-03_15-49-30,1,232,0,0.0,0,10.0,4,4,2,0,9,255,0,0,180,0,129,41,129,9,0,129,129,255,0,0,0,71,89,14,121,254,253,255,253,0,16,136,16,32,0,81,89,81,66,14,255,71,254,223,255,255,255,223,60,0,5,0,4,12,0,0,0,136,128,112,104,120,0,0,0,0,0,2,254,6,254,0,0,0,0,0,36,6,6,6,0,0,115,0,0,1,9,4,1,176,0,0,16,0,0,16,60,255,0,0,0,0,0,0,0,0,0,0,0,0,0,0,0,0,0,0,0,0,189,252,175,251,81,249,38,255,32,255,70,255,2,0,159,255,0,0,184,0,129,41,129,9,0,129,129,255,0,0,0,95,89,14,121,254,253,255,253,0,16,136,16,32,0,81,89,81,66,14,255,95,254,223,255,255,255,223,60,0,5,0,4,12,0,0,0,136,128,112,104,120,0,0,0,0,0,2,254,6,254,0,0,0,0,0,36,6,6,6,0,0,111,0,0,1,9,4,1,176,0,0,16,0,0,16,60,255,0,0,0,0,0,0,0,0,0,0,0,0,0,0,0,0,0,0,0,0,189,252,175,251,81,249,38,255,32,255,70,255
2026-08-03_15-49-30,1,233,0,0.0,0,10.0,4,4,2,0,159,255,0,0,184,0,129,41,129,9,0,129,129,255,0,0,0,95,89,14,121,254,253,255,253,0,16,136,16,32,0,81,89,81,66,14,255,95,254,223,255,255,255,223,60,0,5,0,4,12,0,0,0,136,128,112,104,120,0,0,0,0,0,2,254,6,254,0,0,0,0,0,36,6,6,6,0,0,111,0,0,1,9,4,1,176,0,0,16,0,0,16,60,255,0,0,0,0,0,0,0,0,0,0,0,0,0,0,0,0,0,0,0,0,189,252,175,251,81,249,38,255,32,255,70,255,2,0,254,255,0,0,188,0,129,41,129,9,0,129,129,255,0,0,0,71,89,14,121,254,253,255,253,0,16,136,16,32,0,81,89,81,66,14,255,71,254,223,255,255,255,223,60,0,5,0,4,12,0,0,0,136,128,112,104,120,0,0,0,0,0,2,254,6,254,0,0,0,0,0,36,6,6,6,0,0,107,0,0,1,9,4,1,176,0,0,16,0,0,16,60,255,0,0,0,0,0,0,0,0,0,0,0,0,0,0,0,0,0,0,0,0,189,252,175,251,81,249,38,255,32,255,70,255
2026-08-03_15-49-30,1,234,0,0.0,0,10.0,4,4,2,0,254,255,0,0,188,0,129,41,129,9,0,129,129,255,0,0,0,71,89,14,121,254,253,255,253,0,16,136,16,32,0,81,89,81,66,14,255,71,254,223,255,255,255,223,60,0,5,0,4,12,0,0,0,136,128,112,104,120,0,0,0,0,0,2,254,6,254,0,0,0,0,0,36,6,6,6,0,0,107,0,0,1,9,4,1,176,0,0,16,0,0,16,60,255,0,0,0,0,0,0,0,0,0,0,0,0,0,0,0,0,0,0,0,0,189,252,175,251,81,249,38,255,32,255,70,255,2,0,225,255,0,0,192,0,129,41,129,9,0,129,129,255,0,0,0,95,89,14,121,254,253,255,253,0,16,136,16,32,0,81,89,81,66,14,255,95,254,223,255,255,255,223,60,0,5,0,4,12,0,0,0,136,128,112,104,120,0,0,0,0,0,2,254,6,254,0,0,0,0,0,36,6,6,6,0,0,103,0,0,1,9,4,1,176,0,0,16,0,0,16,60,255,0,0,0,0,0,0,0,0,0,0,0,0,0,0,0,0,0,0,0,0,189,252,175,251,81,249,38,255,32,255,70,255
2026-08-03_15-49-30,1,235,0,0.0,0,10.0,4,4,2,0,225,255,0,0,192,0,129,41,129,9,0,129,129,255,0,0,0,95,89,14,121,254,253,255,253,0,16,136,16,32,0,81,89,81,66,14,255,95,254,223,255,255,255,223,60,0,5,0,4,12,0,0,0,136,128,112,104,120,0,0,0,0,0,2,254,6,254,0,0,0,0,0,36,6,6,6,0,0,103,0,0,1,9,4,1,176,0,0,16,0,0,16,60,255,0,0,0,0,0,0,0,0,0,0,0,0,0,0,0,0,0,0,0,0,189,252,175,251,81,249,38,255,32,255,70,255,2,0,23,255,0,0,196,0,129,41,129,9,0,129,129,255,0,0,0,71,89,14,121,254,253,255,253,0,16,136,16,32,0,81,89,81,66,14,255,71,254,223,255,255,255,223,60,0,5,0,4,12,0,0,0,136,128,112,104,120,0,0,0,0,0,2,254,6,254,0,0,0,0,0,36,6,6,6,0,0,99,0,0,1,9,4,1,176,0,0,16,0,0,16,60,255,0,0,0,0,0,0,0,0,0,0,0,0,0,0,0,0,0,0,0,0,189,252,175,251,81,249,38,255,32,255,70,255
2026-08-03_15-49-30,1,236,0,0.0,0,10.0,4,4,2,0,23,255,0,0,196,0,129,41,129,9,0,129,129,255,0,0,0,71,89,14,121,254,253,255,253,0,16,136,16,32,0,81,89,81,66,14,255,71,254,223,255,255,255,223,60,0,5,0,4,12,0,0,0,136,128,112,104,120,0,0,0,0,0,2,254,6,254,0,0,0,0,0,36,6,6,6,0,0,99,0,0,1,9,4,1,176,0,0,16,0,0,16,60,255,0,0,0,0,0,0,0,0,0,0,0,0,0,0,0,0,0,0,0,0,189,252,175,251,81,249,38,255,32,255,70,255,2,0,120,255,0,0,200,0,129,41,129,9,0,129,129,255,0,0,0,95,89,14,121,254,253,255,253,0,16,136,16,32,0,81,89,81,66,14,255,95,254,223,255,255,255,223,60,0,5,0,4,12,0,0,0,136,128,112,104,120,0,0,0,0,0,2,254,6,254,0,0,0,0,0,36,6,6,6,0,0,95,0,0,1,9,4,1,176,0,0,16,0,0,16,60,255,0,0,0,0,0,0,0,0,0,0,0,0,0,0,0,0,0,0,0,0,189,252,175,251,81,249,38,255,32,255,70,255
2026-08-03_15-49-30,1,237,0,0.0,0,10.0,4,4,2,0,120,255,0,0,200,0,129,41,129,9,0,129,129,255,0,0,0,95,89,14,121,254,253,255,253,0,16,136,16,32,0,81,89,81,66,14,255,95,254,223,255,255,255,223,60,0,5,0,4,12,0,0,0,136,128,112,104,120,0,0,0,0,0,2,254,6,254,0,0,0,0,0,36,6,6,6,0,0,95,0,0,1,9,4,1,176,0,0,16,0,0,16,60,255,0,0,0,0,0,0,0,0,0,0,0,0,0,0,0,0,0,0,0,0,189,252,175,251,81,249,38,255,32,255,70,255,2,0,141,255,0,0,204,0,129,41,129,9,0,129,129,255,0,0,0,71,89,14,121,254,253,255,253,0,16,136,16,32,0,81,89,81,66,14,255,71,254,223,255,255,255,223,60,0,5,0,4,12,0,0,0,136,128,112,104,120,0,0,0,0,0,2,254,6,254,0,0,0,0,0,36,6,6,6,0,0,91,0,0,1,9,4,1,176,0,0,16,0,0,16,60,255,0,0,0,0,0,0,0,0,0,0,0,0,0,0,0,0,0,0,0,0,189,252,175,251,81,249,38,255,32,255,70,255
2026-08-03_15-49-30,1,238,0,0.0,0,10.0,4,4,2,0,141,255,0,0,204,0,129,41,129,9,0,129,129,255,0,0,0,71,89,14,121,254,253,255,253,0,16,136,16,32,0,81,89,81,66,14,255,71,254,223,255,255,255,223,60,0,5,0,4,12,0,0,0,136,128,112,104,120,0,0,0,0,0,2,254,6,254,0,0,0,0,0,36,6,6,6,0,0,91,0,0,1,9,4,1,176,0,0,16,0,0,16,60,255,0,0,0,0,0,0,0,0,0,0,0,0,0,0,0,0,0,0,0,0,189,252,175,251,81,249,38,255,32,255,70,255,2,0,208,255,0,0,208,0,129,41,129,9,0,129,129,255,0,0,0,95,89,14,121,254,253,255,253,0,16,136,16,32,0,81,89,81,66,14,255,95,254,223,255,255,255,223,60,0,5,0,4,12,0,0,0,136,128,112,104,120,0,0,0,0,0,2,254,6,254,0,0,0,0,0,36,6,6,6,0,0,87,0,0,1,9,4,1,176,0,0,16,0,0,16,60,255,0,0,0,0,0,0,0,0,0,0,0,0,0,0,0,0,0,0,0,0,189,252,175,251,81,249,38,255,32,255,70,255
2026-08-03_15-49-30,1,239,0,0.0,0,10.0,4,4,2,0,208,255,0,0,208,0,129,41,129,9,0,129,129,255,0,0,0,95,89,14,121,254,253,255,253,0,16,136,16,32,0,81,89,81,66,14,255,95,254,223,255,255,255,223,60,0,5,0,4,12,0,0,0,136,128,112,104,120,0,0,0,0,0,2,254,6,254,0,0,0,0,0,36,6,6,6,0,0,87,0,0,1,9,4,1,176,0,0,16,0,0,16,60,255,0,0,0,0,0,0,0,0,0,0,0,0,0,0,0,0,0,0,0,0,189,252,175,251,81,249,38,255,32,255,70,255,2,0,1,255,0,0,212,0,129,41,129,9,0,129,129,0,0,0,0,59,89,14,121,254,253,255,253,255,18,136,16,32,0,65,89,81,66,14,255,59,254,127,255,255,255,127,120,0,5,0,4,0,0,0,0,136,128,112,104,0,0,0,0,0,0,2,254,6,254,0,0,0,0,0,36,6,6,6,0,0,83,0,0,1,9,4,1,176,0,0,16,0,0,16,60,255,0,0,0,0,0,0,0,0,0,0,0,0,0,0,0,0,0,0,0,0,150,255,163,251,70,249,38,255,32,255,70,255
2026-08-03_15-49-30,1,240,3,0.0,0,10.0,4,4,2,0,1,255,0,0,212,0,129,41,129,9,0,129,129,0,0,0,0,59,89,14,121,254,253,255,253,255,18,136,16,32,0,65,89,81,66,14,255,59,254,127,255,255,255,127,120,0,5,0,4,0,0,0,0,136,128,112,104,0,0,0,0,0,0,2,254,6,254,0,0,0,0,0,36,6,6,6,0,0,83,0,0,1,9,4,1,176,0,0,16,0,0,16,60,255,0,0,0,0,0,0,0,0,0,0,0,0,0,0,0,0,0,0,0,0,150,255,163,251,70,249,38,255,32,255,70,255,2,0,17,255,0,0,216,0,129,41,129,9,0,129,129,0,0,0,0,83,89,14,121,254,253,255,253,255,20,136,16,32,0,33,89,81,66,14,255,83,254,127,255,255,255,127,120,0,5,0,4,0,0,0,0,136,128,112,104,32,0,0,0,0,0,2,254,6,254,0,0,0,0,0,36,6,6,6,0,0,79,0,0,1,9,4,1,176,0,0,16,0,0,16,60,255,0,0,0,0,0,0,0,0,0,0,0,0,0,0,0,0,0,0,0,0,150,255,163,251,70,249,38,255,32,255,70,255
2026-08-03_15-49-30,1,241,3,0.0,0,10.0,4,4,2,0,17,255,0,0,216,0,129,41,129,9,0,129,129,0,0,0,0,83,89,14,121,254,253,255,253,255,20,136,16,32,0,33,89,81,66,14,255,83,254,127,255,255,255,127,120,0,5,0,4,0,0,0,0,136,128,112,104,32,0,0,0,0,0,2,254,6,254,0,0,0,0,0,36,6,6,6,0,0,79,0,0,1,9,4,1,176,0,0,16,0,0,16,60,255,0,0,0,0,0,0,0,0,0,0,0,0,0,0,0,0,0,0,0,0,150,255,163,251,70,249,38,255,32,255,70,255,2,0,28,255,0,0,220,0,129,41,129,9,0,129,129,0,0,0,0,59,89,14,121,254,253,255,253,255,22,136,16,32,0,1,89,81,66,14,255,59,254,127,255,255,255,127,120,0,5,0,4,0,0,0,0,136,128,112,104,64,0,0,0,0,0,2,254,6,254,0,0,0,0,0,36,6,6,6,0,0,75,0,0,1,9,4,1,176,0,0,16,0,0,16,60,255,0,0,0,0,0,0,0,0,0,0,0,0,0,0,0,0,0,0,0,0,150,255,163,251,70,249,38,255,32,255,70,255
2026-08-03_15-49-30,1,242,3,0.0,0,10.0,4,4,2,0,28,255,0,0,220,0,129,41,129,9,0,129,129,0,0,0,0,59,89,14,121,254,253,255,253,255,22,136,16,32,0,1,89,81,66,14,255,59,254,127,255,255,255,127,120,0,5,0,4,0,0,0,0,136,128,112,104,64,0,0,0,0,0,2,254,6,254,0,0,0,0,0,36,6,6,6,0,0,75,0,0,1,9,4,1,176,0,0,16,0,0,16,60,255,0,0,0,0,0,0,0,0,0,0,0,0,0,0,0,0,0,0,0,0,150,255,163,251,70,249,38,255,32,255,70,255,2,0,196,255,0,0,224,0,129,41,129,9,0,129,129,0,0,0,0,83,89,14,121,254,253,255,253,255,24,136,16,32,0,225,89,81,66,14,255,83,254,127,255,255,255,127,120,0,5,0,4,0,0,0,0,136,128,112,104,96,0,0,0,0,0,2,254,6,254,0,0,0,0,0,36,6,6,6,0,0,71,0,0,1,9,4,1,176,0,0,16,0,0,16,60,255,0,0,0,0,0,0,0,0,0,0,0,0,0,0,0,0,0,0,0,0,150,255,163,251,70,249,38,255,32,255,70,255
2026-08-03_15-49-30,1,243,0,0.0,0,10.0,4,4,2,0,196,255,0,0,224,0,129,41,129,9,0,129,129,0,0,0,0,83,89,14,121,254,253,255,253,255,24,136,16,32,0,225,89,81,66,14,255,83,254,127,255,255,255,127,120,0,5,0,4,0,0,0,0,136,128,112,104,96,0,0,0,0,0,2,254,6,254,0,0,0,0,0,36,6,6,6,0,0,71,0,0,1,9,4,1,176,0,0,16,0,0,16,60,255,0,0,0,0,0,0,0,0,0,0,0,0,0,0,0,0,0,0,0,0,150,255,163,251,70,249,38,255,32,255,70,255,2,0,75,255,0,0,228,0,129,41,129,9,0,129,129,0,0,0,0,59,89,14,121,254,253,255,253,255,26,136,16,32,0,193,89,81,66,14,255,59,254,127,255,255,255,127,120,0,5,0,4,0,0,0,0,136,128,112,104,128,0,0,0,0,0,2,254,6,254,0,0,0,0,0,36,6,6,6,0,0,67,0,0,1,9,4,1,176,0,0,16,0,0,16,60,255,0,0,0,0,0,0,0,0,0,0,0,0,0,0,0,0,0,0,0,0,150,255,163,251,81,249,38,255,32,255,70,255
2026-08-03_15-49-30,1,244,0,0.0,0,10.0,4,4,2,0,75,255,0,0,228,0,129,41,129,9,0,129,129,0,0,0,0,59,89,14,121,254,253,255,253,255,26,136,16,32,0,193,89,81,66,14,255,59,254,127,255,255,255,127,120,0,5,0,4,0,0,0,0,136,128,112,104,128,0,0,0,0,0,2,254,6,254,0,0,0,0,0,36,6,6,6,0,0,67,0,0,1,9,4,1,176,0,0,16,0,0,16,60,255,0,0,0,0,0,0,0,0,0,0,0,0,0,0,0,0,0,0,0,0,150,255,163,251,81,249,38,255,32,255,70,255,2,0,184,255,0,0,232,0,129,41,129,9,0,129,129,0,0,0,0,83,89,14,121,254,253,255,253,255,28,136,16,32,0,145,89,81,66,14,255,83,254,127,255,255,255,127,120,0,5,0,4,0,0,0,0,136,128,112,104,160,0,0,0,0,0,2,254,6,254,0,0,0,0,0,36,6,6,6,0,0,63,0,0,1,9,4,1,176,0,0,16,0,0,16,60,255,0,0,0,0,0,0,0,0,0,0,0,0,0,0,0,0,0,0,0,0,229,251,163,251,81,249,38,255,32,255,70,255
2026-08-03_15-49-30,1,245,0,0.0,0,10.0,4,4,2,0,184,255,0,0,232,0,129,41,129,9,0,129,129,0,0,0,0,83,89,14,121,254,253,255,253,255,28,136,16,32,0,145,89,81,66,14,255,83,254,127,255,255,255,127,120,0,5,0,4,0,0,0,0,136,128,112,104,160,0,0,0,0,0,2,254,6,254,0,0,0,0,0,36,6,6,6,0,0,63,0,0,1,9,4,1,176,0,0,16,0,0,16,60,255,0,0,0,0,0,0,0,0,0,0,0,0,0,0,0,0,0,0,0,0,229,251,163,251,81,249,38,255,32,255,70,255,2,0,129,255,0,0,236,0,129,41,129,9,0,129,129,0,0,0,0,59,89,14,121,254,253,255,253,255,30,136,16,32,0,98,89,81,66,14,255,59,254,127,255,255,255,127,120,0,5,0,4,0,0,0,0,136,128,112,104,192,0,0,0,0,0,2,254,6,254,0,0,0,0,0,36,6,6,6,0,0,59,0,0,1,9,4,1,176,0,0,16,0,0,16,60,255,0,0,0,0,0,0,0,0,0,0,0,0,0,0,0,0,0,0,0,0,150,255,163,251,81,249,38,255,32,255,70,255
2026-08-03_15-49-30,1,246,0,0.0,0,10.0,4,4,2,0,129,255,0,0,236,0,129,41,129,9,0,129,129,0,0,0,0,59,89,14,121,254,253,255,253,255,30,136,16,32,0,98,89,81,66,14,255,59,254,127,255,255,255,127,120,0,5,0,4,0,0,0,0,136,128,112,104,192,0,0,0,0,0,2,254,6,254,0,0,0,0,0,36,6,6,6,0,0,59,0,0,1,9,4,1,176,0,0,16,0,0,16,60,255,0,0,0,0,0,0,0,0,0,0,0,0,0,0,0,0,0,0,0,0,150,255,163,251,81,249,38,255,32,255,70,255,2,0,25,255,0,0,240,0,129,41,129,9,0,129,129,0,0,0,0,83,89,14,121,254,253,255,253,255,32,136,16,32,0,66,89,81,66,14,255,83,254,127,255,255,255,127,120,0,5,0,4,0,0,0,0,136,128,112,104,224,0,0,0,0,0,2,254,6,254,0,0,0,0,0,36,6,6,6,0,0,55,0,0,1,9,4,1,176,0,0,16,0,0,16,60,255,0,0,0,0,0,0,0,0,0,0,0,0,0,0,0,0,0,0,0,0,229,251,163,251,81,249,38,255,32,255,70,255
2026-08-03_15-49-30,1,247,0,0.0,0,10.0,4,4,2,0,25,255,0,0,240,0,129,41,129,9,0,129,129,0,0,0,0,83,89,14,121,254,253,255,253,255,32,136,16,32,0,66,89,81,66,14,255,83,254,127,255,255,255,127,120,0,5,0,4,0,0,0,0,136,128,112,104,224,0,0,0,0,0,2,254,6,254,0,0,0,0,0,36,6,6,6,0,0,55,0,0,1,9,4,1,176,0,0,16,0,0,16,60,255,0,0,0,0,0,0,0,0,0,0,0,0,0,0,0,0,0,0,0,0,229,251,163,251,81,249,38,255,32,255,70,255,2,0,146,255,0,0,244,0,129,41,129,9,0,129,129,0,0,0,0,59,89,14,121,254,253,255,253,255,35,136,16,32,0,34,89,81,66,14,255,59,254,127,255,255,255,127,120,0,5,0,4,0,0,0,0,136,128,112,104,0,0,0,0,0,0,2,254,6,254,0,0,0,0,0,36,6,6,6,0,0,51,0,0,1,9,4,1,176,0,0,16,0,0,16,60,255,0,0,0,0,0,0,0,0,0,0,0,0,0,0,0,0,0,0,0,0,150,255,163,251,81,249,38,255,32,255,70,255
2026-08-03_15-49-30,1,248,0,0.0,0,10.0,4,4,2,0,146,255,0,0,244,0,129,41,129,9,0,129,129,0,0,0,0,59,89,14,121,254,253,255,253,255,35,136,16,32,0,34,89,81,66,14,255,59,254,127,255,255,255,127,120,0,5,0,4,0,0,0,0,136,128,112,104,0,0,0,0,0,0,2,254,6,254,0,0,0,0,0,36,6,6,6,0,0,51,0,0,1,9,4,1,176,0,0,16,0,0,16,60,255,0,0,0,0,0,0,0,0,0,0,0,0,0,0,0,0,0,0,0,0,150,255,163,251,81,249,38,255,32,255,70,255,2,0,38,255,0,0,248,0,129,41,129,9,0,129,129,0,0,0,0,83,89,14,121,254,253,255,253,255,37,136,16,32,0,2,89,81,66,14,255,83,254,127,255,255,255,127,120,0,5,0,4,0,0,0,0,136,128,112,104,32,0,0,0,0,0,2,254,6,254,0,0,0,0,0,36,6,6,6,0,0,47,0,0,1,9,4,1,176,0,0,16,0,0,16,60,255,0,0,0,0,0,0,0,0,0,0,0,0,0,0,0,0,0,0,0,0,229,251,163,251,81,249,38,255,32,255,70,255
2026-08-03_15-49-30,1,249,0,0.0,0,10.0,4,4,2,0,38,255,0,0,248,0,129,41,129,9,0,129,129,0,0,0,0,83,89,14,121,254,253,255,253,255,37,136,16,32,0,2,89,81,66,14,255,83,254,127,255,255,255,127,120,0,5,0,4,0,0,0,0,136,128,112,104,32,0,0,0,0,0,2,254,6,254,0,0,0,0,0,36,6,6,6,0,0,47,0,0,1,9,4,1,176,0,0,16,0,0,16,60,255,0,0,0,0,0,0,0,0,0,0,0,0,0,0,0,0,0,0,0,0,229,251,163,251,81,249,38,255,32,255,70,255,2,0,110,255,0,0,252,0,129,41,129,9,0,129,129,0,0,0,0,59,89,14,121,254,253,255,253,255,39,136,16,32,0,226,89,81,66,14,255,59,254,127,255,255,255,127,120,0,5,0,4,0,0,0,0,136,128,112,104,64,0,0,0,0,0,2,254,6,254,0,0,0,0,0,36,6,6,6,0,0,43,0,0,1,9,4,1,176,0,0,16,0,0,16,60,255,0,0,0,0,0,0,0,0,0,0,0,0,0,0,0,0,0,0,0,0,150,255,163,251,81,249,38,255,32,255,70,255
2026-08-03_15-49-30,1,250,0,0.0,0,10.0,4,4,2,0,110,255,0,0,252,0,129,41,129,9,0,129,129,0,0,0,0,59,89,14,121,254,253,255,253,255,39,136,16,32,0,226,89,81,66,14,255,59,254,127,255,255,255,127,120,0,5,0,4,0,0,0,0,136,128,112,104,64,0,0,0,0,0,2,254,6,254,0,0,0,0,0,36,6,6,6,0,0,43,0,0,1,9,4,1,176,0,0,16,0,0,16,60,255,0,0,0,0,0,0,0,0,0,0,0,0,0,0,0,0,0,0,0,0,150,255,163,251,81,249,38,255,32,255,70,255,2,0,228,255,0,0,0,0,129,41,129,9,0,129,129,0,0,0,0,83,89,14,121,254,253,255,253,0,40,136,16,32,0,194,89,81,66,14,255,83,254,127,255,255,255,127,120,0,5,0,4,0,0,0,0,136,128,112,104,80,0,0,0,0,0,2,254,6,254,0,0,0,0,0,36,6,6,6,0,0,39,0,0,1,9,4,2,8,0,0,16,0,0,16,60,255,0,0,0,0,0,0,0,0,0,0,0,0,0,0,0,0,0,0,0,0,229,251,163,251,81,249,38,255,32,255,70,255
2026-08-03_15-49-30,1,251,3,0.0,0,10.0,4,4,2,0,228,255,0,0,0,0,129,41,129,9,0,129,129,0,0,0,0,83,89,14,121,254,253,255,253,0,40,136,16,32,0,194,89,81,66,14,255,83,254,127,255,255,255,127,120,0,5,0,4,0,0,0,0,136,128,112,104,80,0,0,0,0,0,2,254,6,254,0,0,0,0,0,36,6,6,6,0,0,39,0,0,1,9,4,2,8,0,0,16,0,0,16,60,255,0,0,0,0,0,0,0,0,0,0,0,0,0,0,0,0,0,0,0,0,229,251,163,251,81,249,38,255,32,255,70,255,2,0,65,255,0,0,4,0,129,41,129,9,0,129,129,0,0,0,0,59,89,14,121,254,253,255,253,0,40,136,16,32,0,194,89,81,66,14,255,59,254,127,255,255,255,127,120,0,5,0,4,0,0,0,0,136,128,112,104,80,0,0,0,0,0,2,254,6,254,0,0,0,0,0,36,6,6,6,0,0,35,0,0,1,9,4,2,8,0,0,16,0,0,16,60,255,0,0,0,0,0,0,0,0,0,0,0,0,0,0,0,0,0,0,0,0,229,251,163,251,81,249,38,255,32,255,70,255
2026-08-03_15-49-30,1,252,3,0.0,0,10.0,4,4,2,0,65,255,0,0,4,0,129,41,129,9,0,129,129,0,0,0,0,59,89,14,121,254,253,255,253,0,40,136,16,32,0,194,89,81,66,14,255,59,254,127,255,255,255,127,120,0,5,0,4,0,0,0,0,136,128,112,104,80,0,0,0,0,0,2,254,6,254,0,0,0,0,0,36,6,6,6,0,0,35,0,0,1,9,4,2,8,0,0,16,0,0,16,60,255,0,0,0,0,0,0,0,0,0,0,0,0,0,0,0,0,0,0,0,0,229,251,163,251,81,249,38,255,32,255,70,255,2,0,21,255,0,0,8,0,129,41,129,9,0,129,129,0,0,0,0,83,89,14,121,254,253,255,253,0,40,136,16,32,0,194,89,81,66,14,255,83,254,127,255,255,255,127,120,0,5,0,4,0,0,0,0,136,128,112,104,80,0,0,0,0,0,2,254,6,254,0,0,0,0,0,36,6,6,6,0,0,31,0,0,1,9,4,2,8,0,0,16,0,0,16,60,255,0,0,0,0,0,0,0,0,0,0,0,0,0,0,0,0,0,0,0,0,229,251,163,251,81,249,38,255,32,255,70,255
2026-08-03_15-49-30,1,253,3,0.0,0,10.0,4,4,2,0,21,255,0,0,8,0,129,41,129,9,0,129,129,0,0,0,0,83,89,14,121,254,253,255,253,0,40,136,16,32,0,194,89,81,66,14,255,83,254,127,255,255,255,127,120,0,5,0,4,0,0,0,0,136,128,112,104,80,0,0,0,0,0,2,254,6,254,0,0,0,0,0,36,6,6,6,0,0,31,0,0,1,9,4,2,8,0,0,16,0,0,16,60,255,0,0,0,0,0,0,0,0,0,0,0,0,0,0,0,0,0,0,0,0,229,251,163,251,81,249,38,255,32,255,70,255,2,0,91,255,0,0,12,0,129,41,129,9,0,129,129,0,0,0,0,59,89,14,121,254,253,255,253,0,40,136,16,32,0,194,89,81,66,14,255,59,254,127,255,255,255,127,120,0,5,0,4,0,0,0,0,136,128,112,104,80,0,0,0,0,0,2,254,6,254,0,0,0,0,0,36,6,6,6,0,0,27,0,0,1,9,4,2,8,0,0,16,0,0,16,60,255,0,0,0,0,0,0,0,0,0,0,0,0,0,0,0,0,0,0,0,0,229,251,163,251,81,249,38,255,32,255,70,255
2026-08-03_15-49-30,1,254,0,0.0,0,10.0,4,4,2,0,91,255,0,0,12,0,129,41,129,9,0,129,129,0,0,0,0,59,89,14,121,254,253,255,253,0,40,136,16,32,0,194,89,81,66,14,255,59,254,127,255,255,255,127,120,0,5,0,4,0,0,0,0,136,128,112,104,80,0,0,0,0,0,2,254,6,254,0,0,0,0,0,36,6,6,6,0,0,27,0,0,1,9,4,2,8,0,0,16,0,0,16,60,255,0,0,0,0,0,0,0,0,0,0,0,0,0,0,0,0,0,0,0,0,229,251,163,251,81,249,38,255,32,255,70,255,2,0,181,255,0,0,16,0,129,41,129,9,0,129,129,0,0,0,0,83,89,14,121,254,253,255,253,0,40,136,16,32,0,194,89,81,66,14,255,83,254,127,255,255,255,127,120,0,5,0,4,0,0,0,0,136,128,112,104,80,0,0,0,0,0,2,254,6,254,0,0,0,0,0,36,6,6,6,0,0,23,0,0,1,9,4,2,8,0,0,16,0,0,16,60,255,0,0,0,0,0,0,0,0,0,0,0,0,0,0,0,0,0,0,0,0,229,251,163,251,81,249,38,255,32,255,70,255
2026-08-03_15-49-30,1,255,0,0.0,0,10.0,4,4,2,0,181,255,0,0,16,0,129,41,129,9,0,129,129,0,0,0,0,83,89,14,121,254,253,255,253,0,40,136,16,32,0,194,89,81,66,14,255,83,254,127,255,255,255,127,120,0,5,0,4,0,0,0,0,136,128,112,104,80,0,0,0,0,0,2,254,6,254,0,0,0,0,0,36,6,6,6,0,0,23,0,0,1,9,4,2,8,0,0,16,0,0,16,60,255,0,0,0,0,0,0,0,0,0,0,0,0,0,0,0,0,0,0,0,0,229,251,163,251,81,249,38,255,32,255,70,255,2,0,89,255,0,0,20,0,129,41,129,9,0,129,129,0,0,0,0,59,89,14,121,254,253,255,253,0,40,136,16,32,0,194,89,81,66,14,255,59,254,127,255,255,255,127,120,0,5,0,4,0,0,0,0,136,128,112,104,80,0,0,0,0,0,2,254,6,254,0,0,0,0,0,36,6,6,6,0,0,19,0,0,1,9,4,2,8,0,0,16,0,0,16,60,255,0,0,0,0,0,0,0,0,0,0,0,0,0,0,0,0,0,0,0,0,229,251,163,251,81,249,38,255,32,255,70,255
2026-08-03_15-49-30,1,256,0,0.0,0,10.0,4,4,2,0,89,255,0,0,20,0,129,41,129,9,0,129,129,0,0,0,0,59,89,14,121,254,253,255,253,0,40,136,16,32,0,194,89,81,66,14,255,59,254,127,255,255,255,127,120,0,5,0,4,0,0,0,0,136,128,112,104,80,0,0,0,0,0,2,254,6,254,0,0,0,0,0,36,6,6,6,0,0,19,0,0,1,9,4,2,8,0,0,16,0,0,16,60,255,0,0,0,0,0,0,0,0,0,0,0,0,0,0,0,0,0,0,0,0,229,251,163,251,81,249,38,255,32,255,70,255,2,0,150,255,0,0,24,0,129,41,129,9,0,129,129,0,0,0,0,83,89,14,121,254,253,255,253,0,40,136,16,32,0,194,89,81,66,14,255,83,254,127,255,255,255,127,120,0,5,0,4,0,0,0,0,136,128,112,104,80,0,0,0,0,0,2,254,6,254,0,0,0,0,0,36,6,6,6,0,0,15,0,0,1,9,4,2,8,0,0,16,0,0,16,60,255,0,0,0,0,0,0,0,0,0,0,0,0,0,0,0,0,0,0,0,0,229,251,163,251,81,249,38,255,32,255,70,255
2026-08-03_15-49-30,1,257,0,0.0,0,10.0,4,4,2,0,150,255,0,0,24,0,129,41,129,9,0,129,129,0,0,0,0,83,89,14,121,254,253,255,253,0,40,136,16,32,0,194,89,81,66,14,255,83,254,127,255,255,255,127,120,0,5,0,4,0,0,0,0,136,128,112,104,80,0,0,0,0,0,2,254,6,254,0,0,0,0,0,36,6,6,6,0,0,15,0,0,1,9,4,2,8,0,0,16,0,0,16,60,255,0,0,0,0,0,0,0,0,0,0,0,0,0,0,0,0,0,0,0,0,229,251,163,251,81,249,38,255,32,255,70,255,2,0,97,255,0,0,28,0,129,41,129,9,0,129,129,0,0,0,0,59,89,14,121,254,253,255,253,0,40,136,16,32,0,194,89,81,66,14,255,59,254,127,255,255,255,127,120,0,5,0,4,0,0,0,0,136,128,112,104,80,0,0,0,0,0,2,254,6,254,0,0,0,0,0,36,6,6,6,0,0,11,0,0,1,9,4,2,8,0,0,16,0,0,16,60,255,0,0,0,0,0,0,0,0,0,0,0,0,0,0,0,0,0,0,0,0,229,251,163,251,81,249,38,255,32,255,70,255
2026-08-03_15-49-30,1,258,0,0.0,0,10.0,4,4,2,0,97,255,0,0,28,0,129,41,129,9,0,129,129,0,0,0,0,59,89,14,121,254,253,255,253,0,40,136,16,32,0,194,89,81,66,14,255,59,254,127,255,255,255,127,120,0,5,0,4,0,0,0,0,136,128,112,104,80,0,0,0,0,0,2,254,6,254,0,0,0,0,0,36,6,6,6,0,0,11,0,0,1,9,4,2,8,0,0,16,0,0,16,60,255,0,0,0,0,0,0,0,0,0,0,0,0,0,0,0,0,0,0,0,0,229,251,163,251,81,249,38,255,32,255,70,255,2,0,31,255,0,0,32,0,129,41,129,9,0,129,129,0,0,0,0,83,89,14,121,254,253,255,253,0,40,136,16,32,0,194,89,81,66,14,255,83,254,127,255,255,255,127,120,0,5,0,4,0,0,0,0,136,128,112,104,80,0,0,0,0,0,2,254,6,254,0,0,0,0,0,36,6,6,6,0,0,7,0,0,1,9,4,2,8,0,0,16,0,0,16,60,255,0,0,0,0,0,0,0,0,0,0,0,0,0,0,0,0,0,0,0,0,229,251,163,251,81,249,38,255,32,255,70,255
2026-08-03_15-49-30,1,259,3,0.0,0,10.0,4,4,2,0,31,255,0,0,32,0,129,41,129,9,0,129,129,0,0,0,0,83,89,14,121,254,253,255,253,0,40,136,16,32,0,194,89,81,66,14,255,83,254,127,255,255,255,127,120,0,5,0,4,0,0,0,0,136,128,112,104,80,0,0,0,0,0,2,254,6,254,0,0,0,0,0,36,6,6,6,0,0,7,0,0,1,9,4,2,8,0,0,16,0,0,16,60,255,0,0,0,0,0,0,0,0,0,0,0,0,0,0,0,0,0,0,0,0,229,251,163,251,81,249,38,255,32,255,70,255,2,0,246,255,0,0,36,0,129,41,129,9,0,129,129,0,0,0,0,59,89,14,121,254,253,255,253,0,40,136,16,32,0,194,89,81,66,14,255,59,254,127,255,255,255,127,120,0,5,0,4,0,0,0,0,136,128,112,104,80,0,0,0,0,0,2,254,6,254,0,0,0,0,0,36,6,6,6,0,0,3,0,0,1,9,4,2,8,0,0,16,0,0,16,60,255,0,0,0,0,0,0,0,0,0,0,0,0,0,0,0,0,0,0,0,0,229,251,163,251,81,249,38,255,32,255,70,255
2026-08-03_15-49-30,1,260,3,0.0,0,10.0,4,4,2,0,246,255,0,0,36,0,129,41,129,9,0,129,129,0,0,0,0,59,89,14,121,254,253,255,253,0,40,136,16,32,0,194,89,81,66,14,255,59,254,127,255,255,255,127,120,0,5,0,4,0,0,0,0,136,128,112,104,80,0,0,0,0,0,2,254,6,254,0,0,0,0,0,36,6,6,6,0,0,3,0,0,1,9,4,2,8,0,0,16,0,0,16,60,255,0,0,0,0,0,0,0,0,0,0,0,0,0,0,0,0,0,0,0,0,229,251,163,251,81,249,38,255,32,255,70,255,2,0,111,255,0,0,40,0,129,41,129,9,0,129,129,0,0,0,0,83,89,95,121,254,253,254,253,255,40,136,16,32,0,194,89,81,66,95,254,83,254,127,255,255,255,111,255,111,6,2,4,0,0,12,0,136,128,112,104,80,0,224,0,0,0,2,254,6,254,0,0,0,0,0,36,6,130,6,0,0,0,0,0,1,9,4,2,8,0,0,16,0,0,16,60,255,0,0,0,0,0,0,0,0,0,0,0,0,0,0,0,0,126,252,128,251,54,251,250,250,98,249,38,255,32,255,70,255
2026-08-03_15-49-30,1,261,3,0.0,0,10.0,4,4,2,0,111,255,0,0,40,0,129,41,129,9,0,129,129,0,0,0,0,83,89,95,121,254,253,254,253,255,40,136,16,32,0,194,89,81,66,95,254,83,254,127,255,255,255,111,255,111,6,2,4,0,0,12,0,136,128,112,104,80,0,224,0,0,0,2,254,6,254,0,0,0,0,0,36,6,130,6,0,0,0,0,0,1,9,4,2,8,0,0,16,0,0,16,60,255,0,0,0,0,0,0,0,0,0,0,0,0,0,0,0,0,126,252,128,251,54,251,250,250,98,249,38,255,32,255,70,255,2,0,245,255,0,0,44,0,129,41,127,9,0,127,129,0,0,0,0,59,89,73,121,254,253,254,253,255,40,136,16,32,0,194,89,81,66,96,254,59,254,127,255,239,255,175,222,95,6,0,4,0,0,12,0,136,128,112,104,80,0,160,0,0,0,2,254,6,254,0,0,0,0,0,36,6,130,6,0,0,0,0,0,1,9,4,2,8,0,0,16,0,0,16,60,255,0,0,0,0,0,0,0,0,0,0,0,0,0,0,0,0,126,252,128,251,54,251,13,251,98,249,38,255,32,255,70,255
2026-08-03_15-49-30,1,262,0,0.0,0,10.0,4,4,2,0,245,255,0,0,44,0,129,41,127,9,0,127,129,0,0,0,0,59,89,73,121,254,253,254,253,255,40,136,16,32,0,194,89,81,66,96,254,59,254,127,255,239,255,175,222,95,6,0,4,0,0,12,0,136,128,112,104,80,0,160,0,0,0,2,254,6,254,0,0,0,0,0,36,6,130,6,0,0,0,0,0,1,9,4,2,8,0,0,16,0,0,16,60,255,0,0,0,0,0,0,0,0,0,0,0,0,0,0,0,0,126,252,128,251,54,251,13,251,98,249,38,255,32,255,70,255,2,0,93,255,0,0,48,0,129,41,125,9,0,126,129,0,0,0,0,83,89,98,121,254,253,254,253,255,40,136,16,32,0,194,89,81,66,96,254,83,254,127,255,239,255,175,222,95,6,0,4,0,0,12,0,136,128,112,104,80,0,96,0,0,0,2,254,6,254,0,0,0,0,0,36,6,130,6,0,0,0,0,0,1,9,4,2,8,0,0,16,0,0,16,60,255,0,0,0,0,0,0,0,0,0,0,0,0,0,0,0,0,126,252,128,251,54,251,13,251,98,249,38,255,32,255,70,255
2026-08-03_15-49-30,1,263,0,0.0,0,10.0,4,4,2,0,93,255,0,0,48,0,129,41,125,9,0,126,129,0,0,0,0,83,89,98,121,254,253,254,253,255,40,136,16,32,0,194,89,81,66,96,254,83,254,127,255,239,255,175,222,95,6,0,4,0,0,12,0,136,128,112,104,80,0,96,0,0,0,2,254,6,254,0,0,0,0,0,36,6,130,6,0,0,0,0,0,1,9,4,2,8,0,0,16,0,0,16,60,255,0,0,0,0,0,0,0,0,0,0,0,0,0,0,0,0,126,252,128,251,54,251,13,251,98,249,38,255,32,255,70,255,2,0,209,255,0,0,52,0,129,41,123,9,0,124,129,0,0,0,0,59,89,76,121,254,253,254,253,255,40,136,16,32,0,194,89,81,66,96,254,59,254,127,255,239,255,175,222,95,6,0,4,0,0,12,0,136,128,112,104,80,0,32,0,0,0,2,254,6,254,0,0,0,0,0,36,6,130,6,0,0,0,0,0,1,9,4,2,8,0,0,16,0,0,16,60,255,0,0,0,0,0,0,0,0,0,0,0,0,0,0,0,0,126,252,128,251,54,251,13,251,98,249,38,255,32,255,70,255
2026-08-03_15-49-30,1,264,0,0.0,0,10.0,4,4,2,0,209,255,0,0,52,0,129,41,123,9,0,124,129,0,0,0,0,59,89,76,121,254,253,254,253,255,40,136,16,32,0,194,89,81,66,96,254,59,254,127,255,239,255,175,222,95,6,0,4,0,0,12,0,136,128,112,104,80,0,32,0,0,0,2,254,6,254,0,0,0,0,0,36,6,130,6,0,0,0,0,0,1,9,4,2,8,0,0,16,0,0,16,60,255,0,0,0,0,0,0,0,0,0,0,0,0,0,0,0,0,126,252,128,251,54,251,13,251,98,249,38,255,32,255,70,255,2,0,16,255,0,0,56,0,129,41,122,9,0,255,129,0,0,0,0,83,89,102,121,254,253,254,253,255,40,136,16,32,0,194,89,81,66,102,254,83,254,127,255,239,255,175,222,95,6,0,4,0,0,12,0,136,128,112,104,80,0,224,0,0,0,2,254,6,254,0,0,0,0,0,36,6,130,6,0,0,0,0,0,1,9,4,2,8,0,0,16,0,0,16,60,255,0,0,0,0,0,0,0,0,0,0,0,0,0,0,0,0,126,252,128,251,54,251,13,251,98,249,38,255,32,255,70,255
2026-08-03_15-49-30,1,265,0,0.0,0,10.0,4,4,2,0,16,255,0,0,56,0,129,41,122,9,0,255,129,0,0,0,0,83,89,102,121,254,253,254,253,255,40,136,16,32,0,194,89,81,66,102,254,83,254,127,255,239,255,175,222,95,6,0,4,0,0,12,0,136,128,112,104,80,0,224,0,0,0,2,254,6,254,0,0,0,0,0,36,6,130,6,0,0,0,0,0,1,9,4,2,8,0,0,16,0,0,16,60,255,0,0,0,0,0,0,0,0,0,0,0,0,0,0,0,0,126,252,128,251,54,251,13,251,98,249,38,255,32,255,70,255,2,0,13,255,0,0,60,0,129,41,120,9,0,255,129,0,0,0,0,59,89,80,121,254,253,254,253,255,40,136,16,32,0,194,89,81,66,80,254,59,254,127,255,239,255,175,222,95,6,0,4,0,0,12,0,136,128,112,104,80,0,160,0,0,0,2,254,6,254,0,0,0,0,0,36,6,130,6,0,0,0,0,0,1,9,4,2,8,0,0,16,0,0,16,60,255,0,0,0,0,0,0,0,0,0,0,0,0,0,0,0,0,126,252,128,251,54,251,13,251,98,249,38,255,32,255,70,255
2026-08-03_15-49-30,1,266,0,0.0,0,10.0,4,4,2,0,13,255,0,0,60,0,129,41,120,9,0,255,129,0,0,0,0,59,89,80,121,254,253,254,253,255,40,136,16,32,0,194,89,81,66,80,254,59,254,127,255,239,255,175,222,95,6,0,4,0,0,12,0,136,128,112,104,80,0,160,0,0,0,2,254,6,254,0,0,0,0,0,36,6,130,6,0,0,0,0,0,1,9,4,2,8,0,0,16,0,0,16,60,255,0,0,0,0,0,0,0,0,0,0,0,0,0,0,0,0,126,252,128,251,54,251,13,251,98,249,38,255,32,255,70,255,2,0,216,255,0,0,64,0,129,41,118,9,0,255,129,0,0,0,0,83,89,105,121,254,253,254,253,255,40,136,16,32,0,194,89,81,66,104,254,83,254,127,255,239,255,175,222,95,6,0,4,0,0,12,0,136,128,112,104,80,0,96,0,0,0,2,254,6,254,0,0,0,0,0,36,6,130,6,0,0,0,0,0,1,9,4,2,8,0,0,16,0,0,16,60,255,0,0,0,0,0,0,0,0,0,0,0,0,0,0,0,0,126,252,128,251,54,251,13,251,98,249,38,255,32,255,70,255
2026-08-03_15-49-30,1,267,0,0.0,0,10.0,4,4,2,0,216,255,0,0,64,0,129,41,118,9,0,255,129,0,0,0,0,83,89,105,121,254,253,254,253,255,40,136,16,32,0,194,89,81,66,104,254,83,254,127,255,239,255,175,222,95,6,0,4,0,0,12,0,136,128,112,104,80,0,96,0,0,0,2,254,6,254,0,0,0,0,0,36,6,130,6,0,0,0,0,0,1,9,4,2,8,0,0,16,0,0,16,60,255,0,0,0,0,0,0,0,0,0,0,0,0,0,0,0,0,126,252,128,251,54,251,13,251,98,249,38,255,32,255,70,255,2,0,143,255,0,0,68,0,129,41,116,9,0,255,129,0,0,0,0,59,89,83,121,254,253,254,253,255,40,136,16,32,0,194,89,81,66,104,254,59,254,127,255,239,255,175,222,95,6,0,4,0,0,12,0,136,128,112,104,80,0,32,0,0,0,2,254,6,254,0,0,0,0,0,36,6,130,6,0,0,0,0,0,1,9,4,2,8,0,0,16,0,0,16,60,255,0,0,0,0,0,0,0,0,0,0,0,0,0,0,0,0,126,252,128,251,54,251,13,251,98,249,38,255,32,255,70,255
2026-08-03_15-49-30,1,268,0,0.0,0,10.0,4,4,2,0,143,255,0,0,68,0,129,41,116,9,0,255,129,0,0,0,0,59,89,83,121,254,253,254,253,255,40,136,16,32,0,194,89,81,66,104,254,59,254,127,255,239,255,175,222,95,6,0,4,0,0,12,0,136,128,112,104,80,0,32,0,0,0,2,254,6,254,0,0,0,0,0,36,6,130,6,0,0,0,0,0,1,9,4,2,8,0,0,16,0,0,16,60,255,0,0,0,0,0,0,0,0,0,0,0,0,0,0,0,0,126,252,128,251,54,251,13,251,98,249,38,255,32,255,70,255,2,0,243,255,0,0,72,0,129,41,115,9,0,255,129,0,0,0,0,83,89,109,121,254,253,254,253,255,40,136,16,32,0,194,89,81,66,109,254,83,254,127,255,239,255,175,222,95,6,0,4,0,0,12,0,136,128,112,104,80,0,224,0,0,0,2,254,6,254,0,0,0,0,0,36,6,130,6,0,0,0,0,0,1,9,4,2,8,0,0,16,0,0,16,60,255,0,0,0,0,0,0,0,0,0,0,0,0,0,0,0,0,126,252,128,251,54,251,13,251,98,249,38,255,32,255,70,255
2026-08-03_15-49-30,1,269,0,0.0,0,10.0,4,4,2,0,243,255,0,0,72,0,129,41,115,9,0,255,129,0,0,0,0,83,89,109,121,254,253,254,253,255,40,136,16,32,0,194,89,81,66,109,254,83,254,127,255,239,255,175,222,95,6,0,4,0,0,12,0,136,128,112,104,80,0,224,0,0,0,2,254,6,254,0,0,0,0,0,36,6,130,6,0,0,0,0,0,1,9,4,2,8,0,0,16,0,0,16,60,255,0,0,0,0,0,0,0,0,0,0,0,0,0,0,0,0,126,252,128,251,54,251,13,251,98,249,38,255,32,255,70,255,2,0,57,255,0,0,76,0,129,41,113,9,0,255,129,0,0,0,0,59,89,87,121,254,253,254,253,255,40,136,17,32,0,194,89,81,66,87,254,59,254,127,255,127,255,127,222,95,6,2,4,0,0,0,0,136,128,112,104,80,0,48,0,0,0,2,254,6,254,0,0,0,0,0,36,6,130,6,0,0,0,0,0,1,9,4,2,8,0,0,16,0,0,16,60,255,0,0,0,0,0,0,0,0,0,0,0,0,0,0,0,0,229,251,146,251,54,251,250,250,98,249,38,255,32,255,70,255
2026-08-03_15-49-30,1,270,0,0.0,0,10.0,4,4,2,0,57,255,0,0,76,0,129,41,113,9,0,255,129,0,0,0,0,59,89,87,121,254,253,254,253,255,40,136,17,32,0,194,89,81,66,87,254,59,254,127,255,127,255,127,222,95,6,2,4,0,0,0,0,136,128,112,104,80,0,48,0,0,0,2,254,6,254,0,0,0,0,0,36,6,130,6,0,0,0,0,0,1,9,4,2,8,0,0,16,0,0,16,60,255,0,0,0,0,0,0,0,0,0,0,0,0,0,0,0,0,229,251,146,251,54,251,250,250,98,249,38,255,32,255,70,255,2,0,152,255,0,0,80,0,129,41,113,9,0,255,129,0,0,0,0,83,89,99,121,254,253,254,253,255,40,136,18,32,0,194,89,49,66,99,254,83,254,127,255,127,255,95,191,95,6,0,4,0,0,0,0,136,128,112,104,80,0,240,0,0,0,2,254,6,254,0,0,0,0,0,36,6,130,6,0,0,0,0,0,1,9,4,2,8,0,0,16,0,0,16,60,255,0,0,0,0,0,0,0,0,0,0,0,0,0,0,0,0,229,251,146,251,54,251,250,250,98,249,38,255,32,255,70,255
2026-08-03_15-49-30,1,271,0,0.0,0,10.0,4,4,2,0,152,255,0,0,80,0,129,41,113,9,0,255,129,0,0,0,0,83,89,99,121,254,253,254,253,255,40,136,18,32,0,194,89,49,66,99,254,83,254,127,255,127,255,95,191,95,6,0,4,0,0,0,0,136,128,112,104,80,0,240,0,0,0,2,254,6,254,0,0,0,0,0,36,6,130,6,0,0,0,0,0,1,9,4,2,8,0,0,16,0,0,16,60,255,0,0,0,0,0,0,0,0,0,0,0,0,0,0,0,0,229,251,146,251,54,251,250,250,98,249,38,255,32,255,70,255,2,0,139,255,0,0,84,0,129,41,113,9,0,255,129,0,0,0,0,59,89,75,121,254,253,254,253,255,40,136,20,32,0,194,89,17,66,75,254,59,254,127,255,127,255,95,191,95,7,2,4,0,0,0,0,136,128,112,104,80,0,176,0,0,0,2,254,6,254,0,0,0,0,0,36,6,130,6,0,0,0,0,0,1,9,4,2,8,0,0,16,0,0,16,60,255,0,0,0,0,0,0,0,0,0,0,0,0,0,0,0,0,229,251,146,251,54,251,250,250,98,249,38,255,32,255,70,255
2026-08-03_15-49-30,1,272,0,0.0,0,10.0,4,4,2,0,139,255,0,0,84,0,129,41,113,9,0,255,129,0,0,0,0,59,89,75,121,254,253,254,253,255,40,136,20,32,0,194,89,17,66,75,254,59,254,127,255,127,255,95,191,95,7,2,4,0,0,0,0,136,128,112,104,80,0,176,0,0,0,2,254,6,254,0,0,0,0,0,36,6,130,6,0,0,0,0,0,1,9,4,2,8,0,0,16,0,0,16,60,255,0,0,0,0,0,0,0,0,0,0,0,0,0,0,0,0,229,251,146,251,54,251,250,250,98,249,38,255,32,255,70,255,2,0,180,255,0,0,88,0,129,41,113,9,0,255,129,0,0,0,0,83,89,99,121,254,253,254,253,255,40,136,22,32,0,194,89,241,66,99,254,83,254,127,255,127,255,95,191,95,7,0,4,0,0,0,0,136,128,112,104,80,0,112,0,0,0,2,254,6,254,0,0,0,0,0,36,6,130,6,0,0,0,0,0,1,9,4,2,8,0,0,16,0,0,16,60,255,0,0,0,0,0,0,0,0,0,0,0,0,0,0,0,0,229,251,146,251,54,251,250,250,98,249,38,255,32,255,70,255
2026-08-03_15-49-30,1,273,0,0.0,0,10.0,4,4,2,0,180,255,0,0,88,0,129,41,113,9,0,255,129,0,0,0,0,83,89,99,121,254,253,254,253,255,40,136,22,32,0,194,89,241,66,99,254,83,254,127,255,127,255,95,191,95,7,0,4,0,0,0,0,136,128,112,104,80,0,112,0,0,0,2,254,6,254,0,0,0,0,0,36,6,130,6,0,0,0,0,0,1,9,4,2,8,0,0,16,0,0,16,60,255,0,0,0,0,0,0,0,0,0,0,0,0,0,0,0,0,229,251,146,251,54,251,250,250,98,249,38,255,32,255,70,255,2,0,72,255,0,0,92,0,129,41,113,9,0,255,129,0,0,0,0,59,89,75,121,254,253,254,253,255,40,136,24,32,0,194,89,225,66,75,254,59,254,127,255,127,255,95,191,95,7,0,4,0,0,0,0,136,128,112,104,80,0,48,0,0,0,2,254,6,254,0,0,0,0,0,36,6,130,6,0,0,0,0,0,1,9,4,2,8,0,0,16,0,0,16,60,255,0,0,0,0,0,0,0,0,0,0,0,0,0,0,0,0,229,251,146,251,54,251,250,250,98,249,38,255,32,255,70,255
2026-08-03_15-49-30,1,274,0,0.0,0,10.0,4,4,2,0,72,255,0,0,92,0,129,41,113,9,0,255,129,0,0,0,0,59,89,75,121,254,253,254,253,255,40,136,24,32,0,194,89,225,66,75,254,59,254,127,255,127,255,95,191,95,7,0,4,0,0,0,0,136,128,112,104,80,0,48,0,0,0,2,254,6,254,0,0,0,0,0,36,6,130,6,0,0,0,0,0,1,9,4,2,8,0,0,16,0,0,16,60,255,0,0,0,0,0,0,0,0,0,0,0,0,0,0,0,0,229,251,146,251,54,251,250,250,98,249,38,255,32,255,70,255,2,0,138,255,0,0,96,0,128,41,113,9,0,255,129,0,0,0,0,95,89,99,121,254,253,254,253,255,40,136,25,32,0,194,89,193,66,99,254,95,254,239,255,127,255,95,191,95,12,0,4,12,0,0,0,136,128,112,104,96,0,240,0,0,0,2,254,6,254,0,0,0,0,0,36,6,130,6,0,0,0,0,0,1,9,4,2,8,0,0,16,0,0,16,60,255,0,0,0,0,0,0,0,0,0,0,0,0,0,0,0,0,229,251,146,251,54,251,250,250,98,249,38,255,32,255,70,255
2026-08-03_15-49-30,1,275,2,0.0,0,10.0,4,4,2,0,138,255,0,0,96,0,128,41,113,9,0,255,129,0,0,0,0,95,89,99,121,254,253,254,253,255,40,136,25,32,0,194,89,193,66,99,254,95,254,239,255,127,255,95,191,95,12,0,4,12,0,0,0,136,128,112,104,96,0,240,0,0,0,2,254,6,254,0,0,0,0,0,36,6,130,6,0,0,0,0,0,1,9,4,2,8,0,0,16,0,0,16,60,255,0,0,0,0,0,0,0,0,0,0,0,0,0,0,0,0,229,251,146,251,54,251,250,250,98,249,38,255,32,255,70,255,2,0,165,255,0,0,100,0,126,41,113,9,0,255,127,0,0,0,0,73,89,75,121,254,253,254,253,255,40,136,27,32,0,194,89,161,66,75,254,73,254,239,255,127,255,95,191,95,12,0,4,12,0,0,0,136,128,112,104,128,0,176,0,0,0,2,254,6,254,0,0,0,0,0,36,6,130,6,0,0,0,0,0,1,9,4,2,8,0,0,16,0,0,16,60,255,0,0,0,0,0,0,0,0,0,0,0,0,0,0,0,0,229,251,146,251,54,251,250,250,98,249,38,255,32,255,70,255
2026-08-03_15-49-30,1,276,0,0.0,0,10.0,4,4,2,0,165,255,0,0,100,0,126,41,113,9,0,255,127,0,0,0,0,73,89,75,121,254,253,254,253,255,40,136,27,32,0,194,89,161,66,75,254,73,254,239,255,127,255,95,191,95,12,0,4,12,0,0,0,136,128,112,104,128,0,176,0,0,0,2,254,6,254,0,0,0,0,0,36,6,130,6,0,0,0,0,0,1,9,4,2,8,0,0,16,0,0,16,60,255,0,0,0,0,0,0,0,0,0,0,0,0,0,0,0,0,229,251,146,251,54,251,250,250,98,249,38,255,32,255,70,255,2,0,84,255,0,0,104,0,124,41,112,9,0,255,255,0,0,0,0,100,89,112,121,254,253,254,253,255,40,136,28,32,0,194,89,145,66,112,254,100,254,239,255,239,255,175,222,95,9,2,4,12,0,12,0,136,128,112,104,160,0,112,0,0,0,2,254,6,254,0,0,0,0,0,36,6,130,6,0,0,0,0,0,1,9,4,2,8,0,0,16,0,0,16,60,255,0,0,0,0,0,0,0,0,0,0,0,0,0,0,0,0,126,252,128,251,54,251,13,251,98,249,38,255,32,255,70,255
2026-08-03_15-49-30,1,277,0,0.0,0,10.0,4,4,2,0,84,255,0,0,104,0,124,41,112,9,0,255,255,0,0,0,0,100,89,112,121,254,253,254,253,255,40,136,28,32,0,194,89,145,66,112,254,100,254,239,255,239,255,175,222,95,9,2,4,12,0,12,0,136,128,112,104,160,0,112,0,0,0,2,254,6,254,0,0,0,0,0,36,6,130,6,0,0,0,0,0,1,9,4,2,8,0,0,16,0,0,16,60,255,0,0,0,0,0,0,0,0,0,0,0,0,0,0,0,0,126,252,128,251,54,251,13,251,98,249,38,255,32,255,70,255,2,0,78,255,0,0,108,0,122,41,110,9,0,255,255,0,0,0,0,78,89,89,121,254,253,254,253,255,40,136,28,32,0,194,89,145,66,112,254,101,254,239,255,239,255,175,222,95,9,2,4,12,0,12,0,136,128,112,104,192,0,48,0,0,0,2,254,6,254,0,0,0,0,0,36,6,130,6,0,0,0,0,0,1,9,4,2,8,0,0,16,0,0,16,60,255,0,0,0,0,0,0,0,0,0,0,0,0,0,0,0,0,126,252,128,251,54,251,13,251,98,249,38,255,32,255,70,255
2026-08-03_15-49-30,1,278,0,0.0,0,10.0,4,4,2,0,78,255,0,0,108,0,122,41,110,9,0,255,255,0,0,0,0,78,89,89,121,254,253,254,253,255,40,136,28,32,0,194,89,145,66,112,254,101,254,239,255,239,255,175,222,95,9,2,4,12,0,12,0,136,128,112,104,192,0,48,0,0,0,2,254,6,254,0,0,0,0,0,36,6,130,6,0,0,0,0,0,1,9,4,2,8,0,0,16,0,0,16,60,255,0,0,0,0,0,0,0,0,0,0,0,0,0,0,0,0,126,252,128,251,54,251,13,251,98,249,38,255,32,255,70,255,2,0,238,255,0,0,112,0,120,41,109,9,0,255,255,0,0,0,0,104,89,115,121,254,253,254,253,255,40,136,28,32,0,194,89,145,66,112,254,101,254,239,255,239,255,175,222,95,12,0,4,12,0,12,0,136,128,112,104,224,0,240,0,0,0,2,254,6,254,0,0,0,0,0,36,6,130,6,0,0,0,0,0,1,9,4,2,8,0,0,16,0,0,16,60,255,0,0,0,0,0,0,0,0,0,0,0,0,0,0,0,0,126,252,128,251,54,251,13,251,98,249,38,255,32,255,70,255
2026-08-03_15-49-30,1,279,0,0.0,0,10.0,4,4,2,0,238,255,0,0,112,0,120,41,109,9,0,255,255,0,0,0,0,104,89,115,121,254,253,254,253,255,40,136,28,32,0,194,89,145,66,112,254,101,254,239,255,239,255,175,222,95,12,0,4,12,0,12,0,136,128,112,104,224,0,240,0,0,0,2,254,6,254,0,0,0,0,0,36,6,130,6,0,0,0,0,0,1,9,4,2,8,0,0,16,0,0,16,60,255,0,0,0,0,0,0,0,0,0,0,0,0,0,0,0,0,126,252,128,251,54,251,13,251,98,249,38,255,32,255,70,255,2,0,236,255,0,0,116,0,117,41,107,9,0,255,255,0,0,0,0,82,89,93,121,254,253,254,253,255,40,136,28,32,0,194,89,145,66,112,254,101,254,239,255,239,255,175,222,95,12,0,4,12,0,12,0,136,128,112,104,0,0,176,0,0,0,2,254,6,254,0,0,0,0,0,36,6,130,6,0,0,0,0,0,1,9,4,2,8,0,0,16,0,0,16,60,255,0,0,0,0,0,0,0,0,0,0,0,0,0,0,0,0,126,252,128,251,54,251,13,251,98,249,38,255,32,255,70,255
2026-08-03_15-49-30,1,280,0,0.0,0,10.0,4,4,2,0,236,255,0,0,116,0,117,41,107,9,0,255,255,0,0,0,0,82,89,93,121,254,253,254,253,255,40,136,28,32,0,194,89,145,66,112,254,101,254,239,255,239,255,175,222,95,12,0,4,12,0,12,0,136,128,112,104,0,0,176,0,0,0,2,254,6,254,0,0,0,0,0,36,6,130,6,0,0,0,0,0,1,9,4,2,8,0,0,16,0,0,16,60,255,0,0,0,0,0,0,0,0,0,0,0,0,0,0,0,0,126,252,128,251,54,251,13,251,98,249,38,255,32,255,70,255,2,0,207,255,0,0,120,0,115,41,105,9,0,255,255,0,0,0,0,108,89,119,121,254,253,254,253,255,40,136,28,32,0,194,89,145,66,119,254,108,254,239,255,239,255,175,222,95,9,2,4,12,0,12,0,136,128,112,104,32,0,112,0,0,0,2,254,6,254,0,0,0,0,0,36,6,130,6,0,0,0,0,0,1,9,4,2,8,0,0,16,0,0,16,60,255,0,0,0,0,0,0,0,0,0,0,0,0,0,0,0,0,126,252,128,251,54,251,13,251,98,249,38,255,32,255,70,255
2026-08-03_15-49-30,1,281,0,0.0,0,10.0,4,4,2,0,207,255,0,0,120,0,115,41,105,9,0,255,255,0,0,0,0,108,89,119,121,254,253,254,253,255,40,136,28,32,0,194,89,145,66,119,254,108,254,239,255,239,255,175,222,95,9,2,4,12,0,12,0,136,128,112,104,32,0,112,0,0,0,2,254,6,254,0,0,0,0,0,36,6,130,6,0,0,0,0,0,1,9,4,2,8,0,0,16,0,0,16,60,255,0,0,0,0,0,0,0,0,0,0,0,0,0,0,0,0,126,252,128,251,54,251,13,251,98,249,38,255,32,255,70,255,2,0,247,255,0,0,124,0,113,41,103,9,0,255,255,0,0,0,0,86,89,96,121,254,253,254,253,255,40,136,28,32,0,194,89,145,66,96,254,109,254,239,255,239,255,175,222,95,9,2,4,12,0,12,0,136,128,112,104,64,0,48,0,0,0,2,254,6,254,0,0,0,0,0,36,6,130,6,0,0,0,0,0,1,9,4,2,8,0,0,16,0,0,16,60,255,0,0,0,0,0,0,0,0,0,0,0,0,0,0,0,0,126,252,128,251,54,251,13,251,98,249,38,255,32,255,70,255
2026-08-03_15-49-30,1,282,0,0.0,0,10.0,4,4,2,0,247,255,0,0,124,0,113,41,103,9,0,255,255,0,0,0,0,86,89,96,121,254,253,254,253,255,40,136,28,32,0,194,89,145,66,96,254,109,254,239,255,239,255,175,222,95,9,2,4,12,0,12,0,136,128,112,104,64,0,48,0,0,0,2,254,6,254,0,0,0,0,0,36,6,130,6,0,0,0,0,0,1,9,4,2,8,0,0,16,0,0,16,60,255,0,0,0,0,0,0,0,0,0,0,0,0,0,0,0,0,126,252,128,251,54,251,13,251,98,249,38,255,32,255,70,255,2,0,126,255,0,0,128,0,111,41,102,9,0,255,255,0,0,0,0,112,89,122,121,254,253,254,253,255,40,136,28,32,0,194,89,145,66,120,254,109,254,239,255,239,255,175,222,95,12,0,4,12,0,12,0,136,128,112,104,96,0,240,0,0,0,2,254,6,254,0,0,0,0,0,36,6,130,6,0,0,0,0,0,1,9,4,2,96,0,0,16,0,0,16,60,255,0,0,0,0,0,0,0,0,0,0,0,0,0,0,0,0,126,252,128,251,54,251,13,251,98,249,38,255,32,255,70,255
2026-08-03_15-49-30,1,283,0,0.0,0,10.0,4,4,2,0,126,255,0,0,128,0,111,41,102,9,0,255,255,0,0,0,0,112,89,122,121,254,253,254,253,255,40,136,28,32,0,194,89,145,66,120,254,109,254,239,255,239,255,175,222,95,12,0,4,12,0,12,0,136,128,112,104,96,0,240,0,0,0,2,254,6,254,0,0,0,0,0,36,6,130,6,0,0,0,0,0,1,9,4,2,96,0,0,16,0,0,16,60,255,0,0,0,0,0,0,0,0,0,0,0,0,0,0,0,0,126,252,128,251,54,251,13,251,98,249,38,255,32,255,70,255,2,0,233,255,0,0,132,0,109,41,100,9,0,255,255,0,0,0,0,90,89,100,121,254,253,254,253,255,40,136,28,32,0,194,89,145,66,120,254,109,254,239,255,239,255,175,222,95,12,0,4,12,0,12,0,136,128,112,104,128,0,176,0,0,0,2,254,6,254,0,0,0,0,0,36,6,130,6,0,0,0,0,0,1,9,4,2,96,0,0,16,0,0,16,60,255,0,0,0,0,0,0,0,0,0,0,0,0,0,0,0,0,126,252,128,251,54,251,13,251,98,249,38,255,32,255,70,255
2026-08-03_15-49-30,1,284,0,0.0,0,10.0,4,4,2,0,233,255,0,0,132,0,109,41,100,9,0,255,255,0,0,0,0,90,89,100,121,254,253,254,253,255,40,136,28,32,0,194,89,145,66,120,254,109,254,239,255,239,255,175,222,95,12,0,4,12,0,12,0,136,128,112,104,128,0,176,0,0,0,2,254,6,254,0,0,0,0,0,36,6,130,6,0,0,0,0,0,1,9,4,2,96,0,0,16,0,0,16,60,255,0,0,0,0,0,0,0,0,0,0,0,0,0,0,0,0,126,252,128,251,54,251,13,251,98,249,38,255,32,255,70,255,2,0,153,255,0,0,136,0,107,41,98,9,0,255,255,0,0,0,0,117,89,126,121,254,253,254,253,255,40,136,28,32,0,194,89,145,66,126,254,117,254,239,255,239,255,175,222,95,12,0,4,12,0,12,0,136,128,112,104,160,0,112,0,0,0,2,254,6,254,0,0,0,0,0,36,6,130,6,0,0,0,0,0,1,9,4,2,96,0,0,16,0,0,16,60,255,0,0,0,0,0,0,0,0,0,0,0,0,0,0,0,0,126,252,128,251,54,251,13,251,98,249,38,255,32,255,70,255
2026-08-03_15-49-30,1,285,0,0.0,0,10.0,4,4,2,0,153,255,0,0,136,0,107,41,98,9,0,255,255,0,0,0,0,117,89,126,121,254,253,254,253,255,40,136,28,32,0,194,89,145,66,126,254,117,254,239,255,239,255,175,222,95,12,0,4,12,0,12,0,136,128,112,104,160,0,112,0,0,0,2,254,6,254,0,0,0,0,0,36,6,130,6,0,0,0,0,0,1,9,4,2,96,0,0,16,0,0,16,60,255,0,0,0,0,0,0,0,0,0,0,0,0,0,0,0,0,126,252,128,251,54,251,13,251,98,249,38,255,32,255,70,255,2,0,154,255,0,0,140,0,105,41,96,9,0,255,255,0,0,0,0,95,89,103,121,254,253,254,253,255,40,136,28,32,0,194,89,145,66,103,254,117,254,239,255,239,255,175,222,95,9,2,4,12,0,12,0,136,128,112,104,192,0,48,0,0,0,2,254,6,254,0,0,0,0,0,36,6,130,6,0,0,0,0,0,1,9,4,2,96,0,0,16,0,0,16,60,255,0,0,0,0,0,0,0,0,0,0,0,0,0,0,0,0,126,252,128,251,54,251,13,251,98,249,38,255,32,255,70,255
2026-08-03_15-49-30,1,286,0,0.0,0,10.0,4,4,2,0,154,255,0,0,140,0,105,41,96,9,0,255,255,0,0,0,0,95,89,103,121,254,253,254,253,255,40,136,28,32,0,194,89,145,66,103,254,117,254,239,255,239,255,175,222,95,9,2,4,12,0,12,0,136,128,112,104,192,0,48,0,0,0,2,254,6,254,0,0,0,0,0,36,6,130,6,0,0,0,0,0,1,9,4,2,96,0,0,16,0,0,16,60,255,0,0,0,0,0,0,0,0,0,0,0,0,0,0,0,0,126,252,128,251,54,251,13,251,98,249,38,255,32,255,70,255,2,0,168,255,0,0,144,0,103,41,95,9,0,255,255,0,0,0,0,121,89,129,121,254,253,254,253,255,40,136,28,32,0,194,89,145,66,128,254,117,254,239,255,239,255,175,222,95,12,0,4,12,0,12,0,136,128,112,104,224,0,240,0,0,0,2,254,6,254,0,0,0,0,0,36,6,130,6,0,0,0,0,0,1,9,4,2,96,0,0,16,0,0,16,60,255,0,0,0,0,0,0,0,0,0,0,0,0,0,0,0,0,126,252,128,251,54,251,13,251,98,249,38,255,32,255,70,255
2026-08-03_15-49-30,1,287,0,0.0,0,10.0,4,4,2,0,168,255,0,0,144,0,103,41,95,9,0,255,255,0,0,0,0,121,89,129,121,254,253,254,253,255,40,136,28,32,0,194,89,145,66,128,254,117,254,239,255,239,255,175,222,95,12,0,4,12,0,12,0,136,128,112,104,224,0,240,0,0,0,2,254,6,254,0,0,0,0,0,36,6,130,6,0,0,0,0,0,1,9,4,2,96,0,0,16,0,0,16,60,255,0,0,0,0,0,0,0,0,0,0,0,0,0,0,0,0,126,252,128,251,54,251,13,251,98,249,38,255,32,255,70,255,2,0,140,255,0,0,148,0,100,41,93,9,0,255,255,0,0,0,0,99,89,107,121,254,253,254,253,255,40,136,28,32,0,194,89,145,66,128,254,99,254,239,255,239,255,175,222,95,12,0,4,12,0,12,0,136,128,112,104,0,0,176,0,0,0,2,254,6,254,0,0,0,0,0,36,6,130,6,0,0,0,0,0,1,9,4,2,96,0,0,16,0,0,16,60,255,0,0,0,0,0,0,0,0,0,0,0,0,0,0,0,0,126,252,128,251,54,251,13,251,98,249,38,255,32,255,70,255
2026-08-03_15-49-30,1,288,0,0.0,0,10.0,4,4,2,0,140,255,0,0,148,0,100,41,93,9,0,255,255,0,0,0,0,99,89,107,121,254,253,254,253,255,40,136,28,32,0,194,89,145,66,128,254,99,254,239,255,239,255,175,222,95,12,0,4,12,0,12,0,136,128,112,104,0,0,176,0,0,0,2,254,6,254,0,0,0,0,0,36,6,130,6,0,0,0,0,0,1,9,4,2,96,0,0,16,0,0,16,60,255,0,0,0,0,0,0,0,0,0,0,0,0,0,0,0,0,126,252,128,251,54,251,13,251,98,249,38,255,32,255,70,255,2,0,193,255,0,0,152,0,98,41,91,9,0,255,255,0,0,0,0,125,89,133,121,254,253,254,253,255,40,136,28,32,0,194,89,145,66,133,254,125,254,239,255,239,255,175,222,95,12,0,4,12,0,12,0,136,128,112,104,32,0,112,0,0,0,2,254,6,254,0,0,0,0,0,36,6,130,6,0,0,0,0,0,1,9,4,2,96,0,0,16,0,0,16,60,255,0,0,0,0,0,0,0,0,0,0,0,0,0,0,0,0,126,252,128,251,54,251,13,251,98,249,38,255,32,255,70,255
2026-08-03_15-49-30,1,289,0,0.0,0,10.0,4,4,2,0,193,255,0,0,152,0,98,41,91,9,0,255,255,0,0,0,0,125,89,133,121,254,253,254,253,255,40,136,28,32,0,194,89,145,66,133,254,125,254,239,255,239,255,175,222,95,12,0,4,12,0,12,0,136,128,112,104,32,0,112,0,0,0,2,254,6,254,0,0,0,0,0,36,6,130,6,0,0,0,0,0,1,9,4,2,96,0,0,16,0,0,16,60,255,0,0,0,0,0,0,0,0,0,0,0,0,0,0,0,0,126,252,128,251,54,251,13,251,98,249,38,255,32,255,70,255,2,0,29,255,0,0,156,0,96,41,89,9,0,255,255,0,0,0,0,103,89,110,121,254,253,254,253,255,40,136,28,32,0,194,89,145,66,110,254,125,254,239,255,239,255,175,222,95,12,0,4,12,0,12,0,136,128,112,104,64,0,48,0,0,0,2,254,6,254,0,0,0,0,0,36,6,130,6,0,0,0,0,0,1,9,4,2,96,0,0,16,0,0,16,60,255,0,0,0,0,0,0,0,0,0,0,0,0,0,0,0,0,126,252,128,251,54,251,13,251,98,249,38,255,32,255,70,255
2026-08-03_15-49-30,1,290,0,0.0,0,10.0,4,4,2,0,29,255,0,0,156,0,96,41,89,9,0,255,255,0,0,0,0,103,89,110,121,254,253,254,253,255,40,136,28,32,0,194,89,145,66,110,254,125,254,239,255,239,255,175,222,95,12,0,4,12,0,12,0,136,128,112,104,64,0,48,0,0,0,2,254,6,254,0,0,0,0,0,36,6,130,6,0,0,0,0,0,1,9,4,2,96,0,0,16,0,0,16,60,255,0,0,0,0,0,0,0,0,0,0,0,0,0,0,0,0,126,252,128,251,54,251,13,251,98,249,38,255,32,255,70,255,2,0,213,255,0,0,160,0,94,41,89,9,0,255,255,0,0,0,0,129,89,123,121,254,253,254,253,255,40,136,30,32,0,194,89,98,66,123,254,125,254,239,255,127,255,95,191,95,12,2,4,12,0,0,0,136,128,112,104,96,0,128,0,0,0,2,254,6,254,0,0,0,0,0,36,6,130,6,0,0,0,0,0,1,9,4,2,96,0,0,16,0,0,16,60,255,0,0,0,0,0,0,0,0,0,0,0,0,0,0,0,0,229,251,146,251,54,251,250,250,98,249,38,255,32,255,70,255
2026-08-03_15-49-30,1,291,0,0.0,0,10.0,4,4,2,0,213,255,0,0,160,0,94,41,89,9,0,255,255,0,0,0,0,129,89,123,121,254,253,254,253,255,40,136,30,32,0,194,89,98,66,123,254,125,254,239,255,127,255,95,191,95,12,2,4,12,0,0,0,136,128,112,104,96,0,128,0,0,0,2,254,6,254,0,0,0,0,0,36,6,130,6,0,0,0,0,0,1,9,4,2,96,0,0,16,0,0,16,60,255,0,0,0,0,0,0,0,0,0,0,0,0,0,0,0,0,229,251,146,251,54,251,250,250,98,249,38,255,32,255,70,255,2,0,87,255,0,0,164,0,92,41,89,9,0,255,255,0,0,0,0,107,89,99,121,254,253,254,253,255,40,136,32,32,0,194,89,82,66,99,254,107,254,239,255,127,255,95,191,95,12,2,4,12,0,0,0,136,128,112,104,128,0,64,0,0,0,2,254,6,254,0,0,0,0,0,36,6,130,6,0,0,0,0,0,1,9,4,2,96,0,0,16,0,0,16,60,255,0,0,0,0,0,0,0,0,0,0,0,0,0,0,0,0,229,251,146,251,54,251,250,250,98,249,38,255,32,255,70,255
2026-08-03_15-49-30,1,292,0,0.0,0,10.0,4,4,2,0,87,255,0,0,164,0,92,41,89,9,0,255,255,0,0,0,0,107,89,99,121,254,253,254,253,255,40,136,32,32,0,194,89,82,66,99,254,107,254,239,255,127,255,95,191,95,12,2,4,12,0,0,0,136,128,112,104,128,0,64,0,0,0,2,254,6,254,0,0,0,0,0,36,6,130,6,0,0,0,0,0,1,9,4,2,96,0,0,16,0,0,16,60,255,0,0,0,0,0,0,0,0,0,0,0,0,0,0,0,0,229,251,146,251,54,251,250,250,98,249,38,255,32,255,70,255,2,0,124,255,0,0,168,0,90,41,89,9,0,255,255,0,0,0,0,134,89,123,121,254,253,254,253,255,40,136,34,32,0,194,89,50,66,123,254,133,254,239,255,127,255,95,191,95,10,2,4,12,0,0,0,136,128,112,104,160,0,0,0,0,0,2,254,6,254,0,0,0,0,0,36,6,130,6,0,0,0,0,0,1,9,4,2,96,0,0,16,0,0,16,60,255,0,0,0,0,0,0,0,0,0,0,0,0,0,0,0,0,229,251,146,251,54,251,250,250,98,249,38,255,32,255,70,255
2026-08-03_15-49-30,1,293,3,0.0,0,10.0,4,4,2,0,124,255,0,0,168,0,90,41,89,9,0,255,255,0,0,0,0,134,89,123,121,254,253,254,253,255,40,136,34,32,0,194,89,50,66,123,254,133,254,239,255,127,255,95,191,95,10,2,4,12,0,0,0,136,128,112,104,160,0,0,0,0,0,2,254,6,254,0,0,0,0,0,36,6,130,6,0,0,0,0,0,1,9,4,2,96,0,0,16,0,0,16,60,255,0,0,0,0,0,0,0,0,0,0,0,0,0,0,0,0,229,251,146,251,54,251,250,250,98,249,38,255,32,255,70,255,2,0,202,255,0,0,172,0,89,41,89,9,0,255,255,0,0,0,0,99,89,99,121,254,253,254,253,255,42,136,35,32,0,178,89,18,66,99,254,133,254,127,255,127,255,111,191,111,10,0,4,0,0,0,0,136,128,112,104,56,0,192,0,0,0,2,254,6,254,0,0,0,0,0,36,6,130,6,0,0,0,0,0,1,9,4,2,96,0,0,16,0,0,16,60,255,0,0,0,0,0,0,0,0,0,0,0,0,0,0,0,0,229,251,146,251,54,251,250,250,98,249,38,255,32,255,70,255
2026-08-03_15-49-30,1,294,3,0.0,0,10.0,4,4,2,0,202,255,0,0,172,0,89,41,89,9,0,255,255,0,0,0,0,99,89,99,121,254,253,254,253,255,42,136,35,32,0,178,89,18,66,99,254,133,254,127,255,127,255,111,191,111,10,0,4,0,0,0,0,136,128,112,104,56,0,192,0,0,0,2,254,6,254,0,0,0,0,0,36,6,130,6,0,0,0,0,0,1,9,4,2,96,0,0,16,0,0,16,60,255,0,0,0,0,0,0,0,0,0,0,0,0,0,0,0,0,229,251,146,251,54,251,250,250,98,249,38,255,32,255,70,255,2,0,161,255,0,0,176,0,89,41,89,9,0,255,255,0,0,0,0,123,89,123,121,254,253,254,253,255,44,136,37,32,0,146,89,242,66,123,254,133,254,127,255,127,255,111,191,111,10,2,4,0,0,0,0,136,128,112,104,88,0,128,0,0,0,2,254,6,254,0,0,0,0,0,36,6,130,6,0,0,0,0,0,1,9,4,2,96,0,0,16,0,0,16,60,255,0,0,0,0,0,0,0,0,0,0,0,0,0,0,0,0,229,251,146,251,54,251,250,250,98,249,38,255,32,255,70,255
2026-08-03_15-49-30,1,295,3,0.0,0,10.0,4,4,2,0,161,255,0,0,176,0,89,41,89,9,0,255,255,0,0,0,0,123,89,123,121,254,253,254,253,255,44,136,37,32,0,146,89,242,66,123,254,133,254,127,255,127,255,111,191,111,10,2,4,0,0,0,0,136,128,112,104,88,0,128,0,0,0,2,254,6,254,0,0,0,0,0,36,6,130,6,0,0,0,0,0,1,9,4,2,96,0,0,16,0,0,16,60,255,0,0,0,0,0,0,0,0,0,0,0,0,0,0,0,0,229,251,146,251,54,251,250,250,98,249,38,255,32,255,70,255,2,0,19,255,0,0,180,0,89,41,89,9,0,255,255,0,0,0,0,99,89,99,121,254,253,254,253,255,46,136,39,32,0,99,89,226,66,99,254,133,254,127,255,127,255,111,191,111,10,0,4,0,0,0,0,136,128,112,104,120,0,64,0,0,0,2,254,6,254,0,0,0,0,0,36,6,130,6,0,0,0,0,0,1,9,4,2,96,0,0,16,0,0,16,60,255,0,0,0,0,0,0,0,0,0,0,0,0,0,0,0,0,229,251,146,251,54,251,250,250,98,249,38,255,32,255,70,255
2026-08-03_15-49-30,1,296,3,0.0,0,10.0,4,4,2,0,19,255,0,0,180,0,89,41,89,9,0,255,255,0,0,0,0,99,89,99,121,254,253,254,253,255,46,136,39,32,0,99,89,226,66,99,254,133,254,127,255,127,255,111,191,111,10,0,4,0,0,0,0,136,128,112,104,120,0,64,0,0,0,2,254,6,254,0,0,0,0,0,36,6,130,6,0,0,0,0,0,1,9,4,2,96,0,0,16,0,0,16,60,255,0,0,0,0,0,0,0,0,0,0,0,0,0,0,0,0,229,251,146,251,54,251,250,250,98,249,38,255,32,255,70,255,2,0,63,255,0,0,184,0,89,41,89,9,0,255,255,0,0,0,0,123,89,123,121,254,253,254,253,255,48,136,41,32,0,51,89,194,66,123,254,133,254,127,255,127,255,111,191,111,11,2,4,0,0,0,0,136,128,112,104,152,0,0,0,0,0,2,254,6,254,0,0,0,0,0,36,6,130,6,0,0,0,0,0,1,9,4,2,96,0,0,16,0,0,16,60,255,0,0,0,0,0,0,0,0,0,0,0,0,0,0,0,0,229,251,146,251,54,251,250,250,98,249,38,255,32,255,70,255
2026-08-03_15-49-30,1,297,0,0.0,0,10.0,4,4,2,0,63,255,0,0,184,0,89,41,89,9,0,255,255,0,0,0,0,123,89,123,121,254,253,254,253,255,48,136,41,32,0,51,89,194,66,123,254,133,254,127,255,127,255,111,191,111,11,2,4,0,0,0,0,136,128,112,104,152,0,0,0,0,0,2,254,6,254,0,0,0,0,0,36,6,130,6,0,0,0,0,0,1,9,4,2,96,0,0,16,0,0,16,60,255,0,0,0,0,0,0,0,0,0,0,0,0,0,0,0,0,229,251,146,251,54,251,250,250,98,249,38,255,32,255,70,255,2,0,252,255,0,0,188,0,89,41,89,9,0,255,255,0,0,0,0,99,89,99,121,254,253,254,253,255,50,136,42,32,0,19,89,162,66,99,254,133,254,127,255,127,255,111,191,111,11,0,4,0,0,0,0,136,128,112,104,184,0,192,0,0,0,2,254,6,254,0,0,0,0,0,36,6,130,6,0,0,0,0,0,1,9,4,2,96,0,0,16,0,0,16,60,255,0,0,0,0,0,0,0,0,0,0,0,0,0,0,0,0,229,251,146,251,54,251,250,250,98,249,38,255,32,255,70,255
2026-08-03_15-49-30,1,298,0,0.0,0,10.0,4,4,2,0,252,255,0,0,188,0,89,41,89,9,0,255,255,0,0,0,0,99,89,99,121,254,253,254,253,255,50,136,42,32,0,19,89,162,66,99,254,133,254,127,255,127,255,111,191,111,11,0,4,0,0,0,0,136,128,112,104,184,0,192,0,0,0,2,254,6,254,0,0,0,0,0,36,6,130,6,0,0,0,0,0,1,9,4,2,96,0,0,16,0,0,16,60,255,0,0,0,0,0,0,0,0,0,0,0,0,0,0,0,0,229,251,146,251,54,251,250,250,98,249,38,255,32,255,70,255,2,0,194,255,0,0,192,0,89,41,89,9,0,255,255,0,0,0,0,123,89,123,121,254,253,254,253,255,52,136,44,32,0,243,89,115,66,123,254,133,254,127,255,127,255,111,191,111,12,2,4,0,0,0,0,136,128,112,104,216,0,128,0,0,0,2,254,6,254,0,0,0,0,0,36,6,130,6,0,0,0,0,0,1,9,4,2,96,0,0,16,0,0,16,60,255,0,0,0,0,0,0,0,0,0,0,0,0,0,0,0,0,229,251,146,251,54,251,250,250,98,249,38,255,32,255,70,255
2026-08-03_15-49-30,1,299,0,0.0,0,10.0,4,4,2,0,194,255,0,0,192,0,89,41,89,9,0,255,255,0,0,0,0,123,89,123,121,254,253,254,253,255,52,136,44,32,0,243,89,115,66,123,254,133,254,127,255,127,255,111,191,111,12,2,4,0,0,0,0,136,128,112,104,216,0,128,0,0,0,2,254,6,254,0,0,0,0,0,36,6,130,6,0,0,0,0,0,1,9,4,2,96,0,0,16,0,0,16,60,255,0,0,0,0,0,0,0,0,0,0,0,0,0,0,0,0,229,251,146,251,54,251,250,250,98,249,38,255,32,255,70,255,2,0,47,255,0,0,196,0,89,41,89,9,0,255,255,0,0,0,0,99,89,99,121,254,253,254,253,255,54,136,46,32,0,211,89,99,66,99,254,133,254,127,255,127,255,111,191,111,12,2,4,0,0,0,0,136,128,112,104,248,0,64,0,0,0,2,254,6,254,0,0,0,0,0,36,6,130,6,0,0,0,0,0,1,9,4,2,96,0,0,16,0,0,16,60,255,0,0,0,0,0,0,0,0,0,0,0,0,0,0,0,0,229,251,146,251,54,251,250,250,98,249,38,255,32,255,70,255
2026-08-03_15-49-30,1,300,0,0.0,0,10.0,4,4,2,0,47,255,0,0,196,0,89,41,89,9,0,255,255,0,0,0,0,99,89,99,121,254,253,254,253,255,54,136,46,32,0,211,89,99,66,99,254,133,254,127,255,127,255,111,191,111,12,2,4,0,0,0,0,136,128,112,104,248,0,64,0,0,0,2,254,6,254,0,0,0,0,0,36,6,130,6,0,0,0,0,0,1,9,4,2,96,0,0,16,0,0,16,60,255,0,0,0,0,0,0,0,0,0,0,0,0,0,0,0,0,229,251,146,251,54,251,250,250,98,249,38,255,32,255,70,255,2,0,241,255,0,0,200,0,89,41,89,9,0,255,255,0,0,0,0,123,89,123,121,254,253,254,253,255,57,136,48,32,0,179,89,67,66,123,254,133,254,127,255,127,255,111,191,111,12,0,4,0,0,0,0,136,128,112,104,24,0,0,0,0,0,2,254,6,254,0,0,0,0,0,36,6,130,6,0,0,0,0,0,1,9,4,2,96,0,0,16,0,0,16,60,255,0,0,0,0,0,0,0,0,0,0,0,0,0,0,0,0,229,251,146,251,54,251,250,250,98,249,38,255,32,255,70,255
2026-08-03_15-49-30,1,301,0,0.0,0,10.0,4,4,2,0,241,255,0,0,200,0,89,41,89,9,0,255,255,0,0,0,0,123,89,123,121,254,253,254,253,255,57,136,48,32,0,179,89,67,66,123,254,133,254,127,255,127,255,111,191,111,12,0,4,0,0,0,0,136,128,112,104,24,0,0,0,0,0,2,254,6,254,0,0,0,0,0,36,6,130,6,0,0,0,0,0,1,9,4,2,96,0,0,16,0,0,16,60,255,0,0,0,0,0,0,0,0,0,0,0,0,0,0,0,0,229,251,146,251,54,251,250,250,98,249,38,255,32,255,70,255,2,0,26,255,0,0,204,0,89,41,89,9,0,255,255,0,0,0,0,99,89,99,121,254,253,254,253,255,59,136,49,32,0,147,89,35,66,99,254,133,254,127,255,127,255,111,191,111,13,2,4,0,0,0,0,136,128,112,104,56,0,192,0,0,0,2,254,6,254,0,0,0,0,0,36,6,130,6,0,0,0,0,0,1,9,4,2,96,0,0,16,0,0,16,60,255,0,0,0,0,0,0,0,0,0,0,0,0,0,0,0,0,229,251,146,251,54,251,250,250,98,249,38,255,32,255,70,255
2026-08-03_15-49-30,1,302,0,0.0,0,10.0,4,4,2,0,26,255,0,0,204,0,89,41,89,9,0,255,255,0,0,0,0,99,89,99,121,254,253,254,253,255,59,136,49,32,0,147,89,35,66,99,254,133,254,127,255,127,255,111,191,111,13,2,4,0,0,0,0,136,128,112,104,56,0,192,0,0,0,2,254,6,254,0,0,0,0,0,36,6,130,6,0,0,0,0,0,1,9,4,2,96,0,0,16,0,0,16,60,255,0,0,0,0,0,0,0,0,0,0,0,0,0,0,0,0,229,251,146,251,54,251,250,250,98,249,38,255,32,255,70,255,2,0,160,255,0,0,208,0,89,41,89,9,0,255,255,0,0,0,0,123,89,123,121,254,253,254,253,255,61,136,51,32,0,100,89,3,66,123,254,133,254,127,255,127,255,111,191,111,13,0,4,0,0,0,0,136,128,112,104,88,0,128,0,0,0,2,254,6,254,0,0,0,0,0,36,6,130,6,0,0,0,0,0,1,9,4,2,96,0,0,16,0,0,16,60,255,0,0,0,0,0,0,0,0,0,0,0,0,0,0,0,0,229,251,146,251,54,251,250,250,98,249,38,255,32,255,70,255
2026-08-03_15-49-30,1,303,0,0.0,0,10.0,4,4,2,0,160,255,0,0,208,0,89,41,89,9,0,255,255,0,0,0,0,123,89,123,121,254,253,254,253,255,61,136,51,32,0,100,89,3,66,123,254,133,254,127,255,127,255,111,191,111,13,0,4,0,0,0,0,136,128,112,104,88,0,128,0,0,0,2,254,6,254,0,0,0,0,0,36,6,130,6,0,0,0,0,0,1,9,4,2,96,0,0,16,0,0,16,60,255,0,0,0,0,0,0,0,0,0,0,0,0,0,0,0,0,229,251,146,251,54,251,250,250,98,249,38,255,32,255,70,255,2,0,2,255,0,0,212,0,89,41,89,9,0,255,255,0,0,0,0,99,89,99,121,254,253,254,253,255,63,136,53,32,0,68,89,243,66,99,254,133,254,127,255,127,255,111,191,111,14,2,4,0,0,0,0,136,128,112,104,120,0,64,0,0,0,2,254,6,254,0,0,0,0,0,36,6,130,6,0,0,0,0,0,1,9,4,2,96,0,0,16,0,0,16,60,255,0,0,0,0,0,0,0,0,0,0,0,0,0,0,0,0,229,251,146,251,54,251,250,250,98,249,38,255,32,255,70,255
2026-08-03_15-49-30,1,304,0,0.0,0,10.0,4,4,2,0,2,255,0,0,212,0,89,41,89,9,0,255,255,0,0,0,0,99,89,99,121,254,253,254,253,255,63,136,53,32,0,68,89,243,66,99,254,133,254,127,255,127,255,111,191,111,14,2,4,0,0,0,0,136,128,112,104,120,0,64,0,0,0,2,254,6,254,0,0,0,0,0,36,6,130,6,0,0,0,0,0,1,9,4,2,96,0,0,16,0,0,16,60,255,0,0,0,0,0,0,0,0,0,0,0,0,0,0,0,0,229,251,146,251,54,251,250,250,98,249,38,255,32,255,70,255,2,0,35,255,0,0,216,0,89,41,89,9,0,255,255,0,0,0,0,123,89,123,121,254,253,254,253,255,65,136,55,32,0,20,89,211,66,123,254,133,254,127,255,127,255,111,191,111,14,0,4,0,0,0,0,136,128,112,104,152,0,0,0,0,0,2,254,6,254,0,0,0,0,0,36,6,130,6,0,0,0,0,0,1,9,4,2,96,0,0,16,0,0,16,60,255,0,0,0,0,0,0,0,0,0,0,0,0,0,0,0,0,229,251,146,251,54,251,250,250,98,249,38,255,32,255,70,255
2026-08-03_15-49-30,1,305,0,0.0,0,10.0,4,4,2,0,35,255,0,0,216,0,89,41,89,9,0,255,255,0,0,0,0,123,89,123,121,254,253,254,253,255,65,136,55,32,0,20,89,211,66,123,254,133,254,127,255,127,255,111,191,111,14,0,4,0,0,0,0,136,128,112,104,152,0,0,0,0,0,2,254,6,254,0,0,0,0,0,36,6,130,6,0,0,0,0,0,1,9,4,2,96,0,0,16,0,0,16,60,255,0,0,0,0,0,0,0,0,0,0,0,0,0,0,0,0,229,251,146,251,54,251,250,250,98,249,38,255,32,255,70,255,2,0,56,255,0,0,220,0,89,41,89,9,0,255,255,0,0,0,0,99,89,99,121,254,253,254,253,255,67,136,56,32,0,244,89,179,66,99,254,133,254,127,255,127,255,111,191,111,16,2,4,0,0,12,0,136,128,112,104,184,0,192,0,0,0,2,254,6,254,0,0,0,0,0,36,6,130,6,0,0,0,0,0,1,9,4,2,96,0,0,16,0,0,16,60,255,0,0,0,0,0,0,0,0,0,0,0,0,0,0,0,0,126,252,128,251,54,251,250,250,98,249,38,255,32,255,70,255
2026-08-03_15-49-30,1,306,0,0.0,0,10.0,4,4,2,0,56,255,0,0,220,0,89,41,89,9,0,255,255,0,0,0,0,99,89,99,121,254,253,254,253,255,67,136,56,32,0,244,89,179,66,99,254,133,254,127,255,127,255,111,191,111,16,2,4,0,0,12,0,136,128,112,104,184,0,192,0,0,0,2,254,6,254,0,0,0,0,0,36,6,130,6,0,0,0,0,0,1,9,4,2,96,0,0,16,0,0,16,60,255,0,0,0,0,0,0,0,0,0,0,0,0,0,0,0,0,126,252,128,251,54,251,250,250,98,249,38,255,32,255,70,255,2,0,137,255,0,0,224,0,89,41,87,9,0,255,255,0,0,0,0,123,89,137,121,254,253,254,253,255,68,136,56,32,0,228,89,179,66,136,254,133,254,127,255,239,255,175,222,95,16,0,4,0,0,12,0,136,128,112,104,64,0,128,0,0,0,2,254,6,254,0,0,0,0,0,36,6,130,6,0,0,0,0,0,1,9,4,2,96,0,0,16,0,0,16,60,255,0,0,0,0,0,0,0,0,0,0,0,0,0,0,0,0,126,252,128,251,54,251,13,251,98,249,38,255,32,255,70,255
2026-08-03_15-49-30,1,307,0,0.0,0,10.0,4,4,2,0,137,255,0,0,224,0,89,41,87,9,0,255,255,0,0,0,0,123,89,137,121,254,253,254,253,255,68,136,56,32,0,228,89,179,66,136,254,133,254,127,255,239,255,175,222,95,16,0,4,0,0,12,0,136,128,112,104,64,0,128,0,0,0,2,254,6,254,0,0,0,0,0,36,6,130,6,0,0,0,0,0,1,9,4,2,96,0,0,16,0,0,16,60,255,0,0,0,0,0,0,0,0,0,0,0,0,0,0,0,0,126,252,128,251,54,251,13,251,98,249,38,255,32,255,70,255,2,0,151,255,0,0,228,0,89,41,85,9,0,255,255,0,0,0,0,99,89,114,121,254,253,254,253,255,68,136,56,32,0,228,89,179,66,136,254,133,254,127,255,239,255,175,222,95,16,0,4,0,0,12,0,136,128,112,104,64,0,64,0,0,0,2,254,6,254,0,0,0,0,0,36,6,130,6,0,0,0,0,0,1,9,4,2,96,0,0,16,0,0,16,60,255,0,0,0,0,0,0,0,0,0,0,0,0,0,0,0,0,126,252,128,251,54,251,13,251,98,249,38,255,32,255,70,255
2026-08-03_15-49-30,1,308,0,0.0,0,10.0,4,4,2,0,151,255,0,0,228,0,89,41,85,9,0,255,255,0,0,0,0,99,89,114,121,254,253,254,253,255,68,136,56,32,0,228,89,179,66,136,254,133,254,127,255,239,255,175,222,95,16,0,4,0,0,12,0,136,128,112,104,64,0,64,0,0,0,2,254,6,254,0,0,0,0,0,36,6,130,6,0,0,0,0,0,1,9,4,2,96,0,0,16,0,0,16,60,255,0,0,0,0,0,0,0,0,0,0,0,0,0,0,0,0,126,252,128,251,54,251,13,251,98,249,38,255,32,255,70,255,2,0,112,255,0,0,232,0,89,41,83,9,0,255,255,0,0,0,0,123,89,140,121,254,253,254,253,255,68,136,56,32,0,228,89,179,66,136,254,133,254,127,255,239,255,175,222,95,16,0,4,0,0,12,0,136,128,112,104,64,0,0,0,0,0,2,254,6,254,0,0,0,0,0,36,6,130,6,0,0,0,0,0,1,9,4,2,96,0,0,16,0,0,16,60,255,0,0,0,0,0,0,0,0,0,0,0,0,0,0,0,0,126,252,128,251,54,251,13,251,98,249,38,255,32,255,70,255
2026-08-03_15-49-30,1,309,0,0.0,0,10.0,4,4,2,0,112,255,0,0,232,0,89,41,83,9,0,255,255,0,0,0,0,123,89,140,121,254,253,254,253,255,68,136,56,32,0,228,89,179,66,136,254,133,254,127,255,239,255,175,222,95,16,0,4,0,0,12,0,136,128,112,104,64,0,0,0,0,0,2,254,6,254,0,0,0,0,0,36,6,130,6,0,0,0,0,0,1,9,4,2,96,0,0,16,0,0,16,60,255,0,0,0,0,0,0,0,0,0,0,0,0,0,0,0,0,126,252,128,251,54,251,13,251,98,249,38,255,32,255,70,255,2,0,3,255,0,0,236,0,89,41,82,9,0,255,255,0,0,0,0,99,89,118,121,254,253,254,253,255,68,136,56,32,0,228,89,179,66,118,254,133,254,127,255,239,255,175,222,95,16,0,4,0,0,12,0,136,128,112,104,64,0,192,0,0,0,2,254,6,254,0,0,0,0,0,36,6,130,6,0,0,0,0,0,1,9,4,2,96,0,0,16,0,0,16,60,255,0,0,0,0,0,0,0,0,0,0,0,0,0,0,0,0,126,252,128,251,54,251,13,251,98,249,38,255,32,255,70,255
2026-08-03_15-49-30,1,310,0,0.0,0,10.0,4,4,2,0,3,255,0,0,236,0,89,41,82,9,0,255,255,0,0,0,0,99,89,118,121,254,253,254,253,255,68,136,56,32,0,228,89,179,66,118,254,133,254,127,255,239,255,175,222,95,16,0,4,0,0,12,0,136,128,112,104,64,0,192,0,0,0,2,254,6,254,0,0,0,0,0,36,6,130,6,0,0,0,0,0,1,9,4,2,96,0,0,16,0,0,16,60,255,0,0,0,0,0,0,0,0,0,0,0,0,0,0,0,0,126,252,128,251,54,251,13,251,98,249,38,255,32,255,70,255,2,0,50,255,0,0,240,0,89,41,80,9,0,255,255,0,0,0,0,123,89,144,121,254,253,254,253,255,68,136,56,32,0,228,89,179,66,144,254,133,254,127,255,239,255,175,222,95,16,0,4,0,0,12,0,136,128,112,104,64,0,128,0,0,0,2,254,6,254,0,0,0,0,0,36,6,130,6,0,0,0,0,0,1,9,4,2,96,0,0,16,0,0,16,60,255,0,0,0,0,0,0,0,0,0,0,0,0,0,0,0,0,126,252,128,251,54,251,13,251,98,249,38,255,32,255,70,255
2026-08-03_15-49-30,1,311,0,0.0,0,10.0,4,4,2,0,50,255,0,0,240,0,89,41,80,9,0,255,255,0,0,0,0,123,89,144,121,254,253,254,253,255,68,136,56,32,0,228,89,179,66,144,254,133,254,127,255,239,255,175,222,95,16,0,4,0,0,12,0,136,128,112,104,64,0,128,0,0,0,2,254,6,254,0,0,0,0,0,36,6,130,6,0,0,0,0,0,1,9,4,2,96,0,0,16,0,0,16,60,255,0,0,0,0,0,0,0,0,0,0,0,0,0,0,0,0,126,252,128,251,54,251,13,251,98,249,38,255,32,255,70,255,2,0,36,255,0,0,244,0,89,41,78,9,0,255,255,0,0,0,0,99,89,121,121,254,253,254,253,255,68,136,56,32,0,228,89,179,66,144,254,133,254,127,255,239,255,175,222,95,16,0,4,0,0,12,0,136,128,112,104,64,0,64,0,0,0,2,254,6,254,0,0,0,0,0,36,6,130,6,0,0,0,0,0,1,9,4,2,96,0,0,16,0,0,16,60,255,0,0,0,0,0,0,0,0,0,0,0,0,0,0,0,0,126,252,128,251,54,251,13,251,98,249,38,255,32,255,70,255
2026-08-03_15-49-30,1,312,0,0.0,0,10.0,4,4,2,0,36,255,0,0,244,0,89,41,78,9,0,255,255,0,0,0,0,99,89,121,121,254,253,254,253,255,68,136,56,32,0,228,89,179,66,144,254,133,254,127,255,239,255,175,222,95,16,0,4,0,0,12,0,136,128,112,104,64,0,64,0,0,0,2,254,6,254,0,0,0,0,0,36,6,130,6,0,0,0,0,0,1,9,4,2,96,0,0,16,0,0,16,60,255,0,0,0,0,0,0,0,0,0,0,0,0,0,0,0,0,126,252,128,251,54,251,13,251,98,249,38,255,32,255,70,255,2,0,77,255,0,0,248,0,89,41,76,9,0,255,255,0,0,0,0,123,89,147,121,254,253,254,253,255,68,136,56,32,0,228,89,179,66,144,254,133,254,127,255,239,255,175,222,95,16,0,4,0,0,12,0,136,128,112,104,64,0,0,0,0,0,2,254,6,254,0,0,0,0,0,36,6,130,6,0,0,0,0,0,1,9,4,2,96,0,0,16,0,0,16,60,255,0,0,0,0,0,0,0,0,0,0,0,0,0,0,0,0,126,252,128,251,54,251,13,251,98,249,38,255,32,255,70,255
2026-08-03_15-49-30,1,313,0,0.0,0,10.0,4,4,2,0,77,255,0,0,248,0,89,41,76,9,0,255,255,0,0,0,0,123,89,147,121,254,253,254,253,255,68,136,56,32,0,228,89,179,66,144,254,133,254,127,255,239,255,175,222,95,16,0,4,0,0,12,0,136,128,112,104,64,0,0,0,0,0,2,254,6,254,0,0,0,0,0,36,6,130,6,0,0,0,0,0,1,9,4,2,96,0,0,16,0,0,16,60,255,0,0,0,0,0,0,0,0,0,0,0,0,0,0,0,0,126,252,128,251,54,251,13,251,98,249,38,255,32,255,70,255,2,0,220,255,0,0,252,0,89,41,75,9,0,255,255,0,0,0,0,99,89,125,121,254,253,254,253,255,68,136,56,32,0,228,89,179,66,144,254,133,254,127,255,239,255,175,222,95,16,0,4,0,0,12,0,136,128,112,104,64,0,192,0,0,0,2,254,6,254,0,0,0,0,0,36,6,130,6,0,0,0,0,0,1,9,4,2,96,0,0,16,0,0,16,60,255,0,0,0,0,0,0,0,0,0,0,0,0,0,0,0,0,126,252,128,251,54,251,13,251,98,249,38,255,32,255,70,255
2026-08-03_15-49-30,1,314,0,0.0,0,10.0,4,4,2,0,220,255,0,0,252,0,89,41,75,9,0,255,255,0,0,0,0,99,89,125,121,254,253,254,253,255,68,136,56,32,0,228,89,179,66,144,254,133,254,127,255,239,255,175,222,95,16,0,4,0,0,12,0,136,128,112,104,64,0,192,0,0,0,2,254,6,254,0,0,0,0,0,36,6,130,6,0,0,0,0,0,1,9,4,2,96,0,0,16,0,0,16,60,255,0,0,0,0,0,0,0,0,0,0,0,0,0,0,0,0,126,252,128,251,54,251,13,251,98,249,38,255,32,255,70,255,2,0,200,255,0,0,0,1,89,41,73,9,0,255,255,0,0,0,0,123,89,151,121,254,253,254,253,255,68,136,56,32,0,228,89,179,66,151,254,133,254,127,255,239,255,175,222,95,16,2,4,0,0,12,0,136,128,112,104,64,0,128,0,0,0,2,254,6,254,0,0,0,0,0,36,6,130,6,0,0,0,0,0,1,9,4,2,184,0,0,16,0,0,16,60,255,0,0,0,0,0,0,0,0,0,0,0,0,0,0,0,0,126,252,128,251,54,251,13,251,98,249,38,255,32,255,70,255
2026-08-03_15-49-30,1,315,0,0.0,0,10.0,4,4,2,0,200,255,0,0,0,1,89,41,73,9,0,255,255,0,0,0,0,123,89,151,121,254,253,254,253,255,68,136,56,32,0,228,89,179,66,151,254,133,254,127,255,239,255,175,222,95,16,2,4,0,0,12,0,136,128,112,104,64,0,128,0,0,0,2,254,6,254,0,0,0,0,0,36,6,130,6,0,0,0,0,0,1,9,4,2,184,0,0,16,0,0,16,60,255,0,0,0,0,0,0,0,0,0,0,0,0,0,0,0,0,126,252,128,251,54,251,13,251,98,249,38,255,32,255,70,255,2,0,130,255,0,0,4,1,89,41,71,9,0,255,255,0,0,0,0,99,89,128,121,254,253,254,253,255,68,136,56,32,0,228,89,179,66,128,254,133,254,127,255,239,255,175,222,95,16,0,4,0,0,12,0,136,128,112,104,64,0,64,0,0,0,2,254,6,254,0,0,0,0,0,36,6,130,6,0,0,0,0,0,1,9,4,2,184,0,0,16,0,0,16,60,255,0,0,0,0,0,0,0,0,0,0,0,0,0,0,0,0,126,252,128,251,54,251,13,251,98,249,38,255,32,255,70,255
2026-08-03_15-49-30,1,316,0,0.0,0,10.0,4,4,2,0,130,255,0,0,4,1,89,41,71,9,0,255,255,0,0,0,0,99,89,128,121,254,253,254,253,255,68,136,56,32,0,228,89,179,66,128,254,133,254,127,255,239,255,175,222,95,16,0,4,0,0,12,0,136,128,112,104,64,0,64,0,0,0,2,254,6,254,0,0,0,0,0,36,6,130,6,0,0,0,0,0,1,9,4,2,184,0,0,16,0,0,16,60,255,0,0,0,0,0,0,0,0,0,0,0,0,0,0,0,0,126,252,128,251,54,251,13,251,98,249,38,255,32,255,70,255,2,0,43,255,0,0,8,1,89,41,69,9,0,255,255,0,0,0,0,123,89,154,121,254,253,254,253,255,68,136,56,32,0,228,89,179,66,152,254,133,254,127,255,239,255,175,222,95,16,0,4,0,0,12,0,136,128,112,104,64,0,0,0,0,0,2,254,6,254,0,0,0,0,0,36,6,130,6,0,0,0,0,0,1,9,4,2,184,0,0,16,0,0,16,60,255,0,0,0,0,0,0,0,0,0,0,0,0,0,0,0,0,126,252,128,251,54,251,13,251,98,249,38,255,32,255,70,255
2026-08-03_15-49-30,1,317,5,0.0,0,10.0,4,4,2,0,43,255,0,0,8,1,89,41,69,9,0,255,255,0,0,0,0,123,89,154,121,254,253,254,253,255,68,136,56,32,0,228,89,179,66,152,254,133,254,127,255,239,255,175,222,95,16,0,4,0,0,12,0,136,128,112,104,64,0,0,0,0,0,2,254,6,254,0,0,0,0,0,36,6,130,6,0,0,0,0,0,1,9,4,2,184,0,0,16,0,0,16,60,255,0,0,0,0,0,0,0,0,0,0,0,0,0,0,0,0,126,252,128,251,54,251,13,251,98,249,38,255,32,255,70,255,2,0,182,255,0,0,12,0,91,41,68,9,0,255,255,0,0,0,0,110,89,132,121,254,253,254,253,255,68,136,56,32,0,228,89,179,66,152,254,133,254,223,255,239,255,175,222,95,19,0,4,12,0,12,0,136,128,112,104,96,0,192,0,0,0,2,254,6,254,0,0,0,0,0,36,6,130,6,0,0,0,0,0,1,9,4,2,184,0,0,16,0,0,16,60,255,0,0,0,0,0,0,0,0,0,0,0,0,0,0,0,0,126,252,128,251,54,251,13,251,98,249,38,255,32,255,70,255
2026-08-03_15-49-30,1,318,5,0.0,0,10.0,4,4,2,0,182,255,0,0,12,0,91,41,68,9,0,255,255,0,0,0,0,110,89,132,121,254,253,254,253,255,68,136,56,32,0,228,89,179,66,152,254,133,254,223,255,239,255,175,222,95,19,0,4,12,0,12,0,136,128,112,104,96,0,192,0,0,0,2,254,6,254,0,0,0,0,0,36,6,130,6,0,0,0,0,0,1,9,4,2,184,0,0,16,0,0,16,60,255,0,0,0,0,0,0,0,0,0,0,0,0,0,0,0,0,126,252,128,251,54,251,13,251,98,249,38,255,32,255,70,255,2,0,107,255,0,0,16,0,93,41,66,9,0,255,255,0,0,0,0,132,89,158,121,254,253,254,253,255,68,136,56,32,0,228,89,179,66,158,254,132,254,223,255,239,255,175,222,95,19,0,4,12,0,12,0,136,128,112,104,128,0,128,0,0,0,2,254,6,254,0,0,0,0,0,36,6,130,6,0,0,0,0,0,1,9,4,2,184,0,0,16,0,0,16,60,255,0,0,0,0,0,0,0,0,0,0,0,0,0,0,0,0,126,252,128,251,54,251,13,251,98,249,38,255,32,255,70,255
2026-08-03_15-49-30,1,319,5,0.0,0,10.0,4,4,2,0,107,255,0,0,16,0,93,41,66,9,0,255,255,0,0,0,0,132,89,158,121,254,253,254,253,255,68,136,56,32,0,228,89,179,66,158,254,132,254,223,255,239,255,175,222,95,19,0,4,12,0,12,0,136,128,112,104,128,0,128,0,0,0,2,254,6,254,0,0,0,0,0,36,6,130,6,0,0,0,0,0,1,9,4,2,184,0,0,16,0,0,16,60,255,0,0,0,0,0,0,0,0,0,0,0,0,0,0,0,0,126,252,128,251,54,251,13,251,98,249,38,255,32,255,70,255,2,0,178,255,0,0,20,0,95,41,64,9,0,255,255,0,0,0,0,105,89,135,121,254,253,254,253,255,68,136,56,32,0,228,89,179,66,135,254,125,254,223,255,239,255,175,222,95,16,2,4,12,0,12,0,136,128,112,104,160,0,64,0,0,0,2,254,6,254,0,0,0,0,0,36,6,130,6,0,0,0,0,0,1,9,4,2,184,0,0,16,0,0,16,60,255,0,0,0,0,0,0,0,0,0,0,0,0,0,0,0,0,126,252,128,251,54,251,13,251,98,249,38,255,32,255,70,255
2026-08-03_15-49-30,1,320,0,0.0,0,10.0,4,4,2,0,178,255,0,0,20,0,95,41,64,9,0,255,255,0,0,0,0,105,89,135,121,254,253,254,253,255,68,136,56,32,0,228,89,179,66,135,254,125,254,223,255,239,255,175,222,95,16,2,4,12,0,12,0,136,128,112,104,160,0,64,0,0,0,2,254,6,254,0,0,0,0,0,36,6,130,6,0,0,0,0,0,1,9,4,2,184,0,0,16,0,0,16,60,255,0,0,0,0,0,0,0,0,0,0,0,0,0,0,0,0,126,252,128,251,54,251,13,251,98,249,38,255,32,255,70,255,2,0,44,255,0,0,24,0,97,41,62,9,0,255,255,0,0,0,0,127,89,161,121,254,253,254,253,255,68,136,56,32,0,228,89,179,66,160,254,125,254,223,255,239,255,175,222,95,18,0,4,12,0,12,0,136,128,112,104,56,0,0,0,0,0,2,254,6,254,0,0,0,0,0,36,6,130,6,0,0,0,0,0,1,9,4,2,184,0,0,16,0,0,16,60,255,0,0,0,0,0,0,0,0,0,0,0,0,0,0,0,0,126,252,128,251,54,251,13,251,98,249,38,255,32,255,70,255
2026-08-03_15-49-30,1,321,0,0.0,0,10.0,4,4,2,0,44,255,0,0,24,0,97,41,62,9,0,255,255,0,0,0,0,127,89,161,121,254,253,254,253,255,68,136,56,32,0,228,89,179,66,160,254,125,254,223,255,239,255,175,222,95,18,0,4,12,0,12,0,136,128,112,104,56,0,0,0,0,0,2,254,6,254,0,0,0,0,0,36,6,130,6,0,0,0,0,0,1,9,4,2,184,0,0,16,0,0,16,60,255,0,0,0,0,0,0,0,0,0,0,0,0,0,0,0,0,126,252,128,251,54,251,13,251,98,249,38,255,32,255,70,255,2,0,195,255,0,0,28,0,97,41,61,9,0,255,255,0,0,0,0,103,89,139,121,254,253,254,253,255,68,136,56,32,0,228,89,179,66,160,254,125,254,223,255,239,255,175,222,95,18,0,4,12,0,12,0,136,128,112,104,56,0,192,0,0,0,2,254,6,254,0,0,0,0,0,36,6,130,6,0,0,0,0,0,1,9,4,2,184,0,0,16,0,0,16,60,255,0,0,0,0,0,0,0,0,0,0,0,0,0,0,0,0,126,252,128,251,54,251,13,251,98,249,38,255,32,255,70,255
2026-08-03_15-49-30,1,322,0,0.0,0,10.0,4,4,2,0,195,255,0,0,28,0,97,41,61,9,0,255,255,0,0,0,0,103,89,139,121,254,253,254,253,255,68,136,56,32,0,228,89,179,66,160,254,125,254,223,255,239,255,175,222,95,18,0,4,12,0,12,0,136,128,112,104,56,0,192,0,0,0,2,254,6,254,0,0,0,0,0,36,6,130,6,0,0,0,0,0,1,9,4,2,184,0,0,16,0,0,16,60,255,0,0,0,0,0,0,0,0,0,0,0,0,0,0,0,0,126,252,128,251,54,251,13,251,98,249,38,255,32,255,70,255,2,0,62,255,0,0,32,0,97,41,59,9,0,255,255,0,0,0,0,127,89,165,121,254,253,254,253,255,68,136,56,32,0,228,89,179,66,165,254,125,254,223,255,239,255,175,222,95,18,0,4,12,0,12,0,136,128,112,104,56,0,128,0,0,0,2,254,6,254,0,0,0,0,0,36,6,130,6,0,0,0,0,0,1,9,4,2,184,0,0,16,0,0,16,60,255,0,0,0,0,0,0,0,0,0,0,0,0,0,0,0,0,126,252,128,251,54,251,13,251,98,249,38,255,32,255,70,255
2026-08-03_15-49-30,1,323,3,0.0,0,10.0,4,4,2,0,62,255,0,0,32,0,97,41,59,9,0,255,255,0,0,0,0,127,89,165,121,254,253,254,253,255,68,136,56,32,0,228,89,179,66,165,254,125,254,223,255,239,255,175,222,95,18,0,4,12,0,12,0,136,128,112,104,56,0,128,0,0,0,2,254,6,254,0,0,0,0,0,36,6,130,6,0,0,0,0,0,1,9,4,2,184,0,0,16,0,0,16,60,255,0,0,0,0,0,0,0,0,0,0,0,0,0,0,0,0,126,252,128,251,54,251,13,251,98,249,38,255,32,255,70,255,2,0,237,255,0,0,36,0,97,41,57,9,0,255,255,0,0,0,0,91,89,142,121,254,253,254,253,255,70,136,56,32,0,196,89,179,66,142,254,125,254,127,255,239,255,175,222,95,18,0,4,0,0,12,0,136,128,112,104,208,0,64,0,0,0,2,254,6,254,0,0,0,0,0,36,6,130,6,0,0,0,0,0,1,9,4,2,184,0,0,16,0,0,16,60,255,0,0,0,0,0,0,0,0,0,0,0,0,0,0,0,0,126,252,128,251,54,251,13,251,98,249,38,255,32,255,70,255
2026-08-03_15-49-30,1,324,3,0.0,0,10.0,4,4,2,0,237,255,0,0,36,0,97,41,57,9,0,255,255,0,0,0,0,91,89,142,121,254,253,254,253,255,70,136,56,32,0,196,89,179,66,142,254,125,254,127,255,239,255,175,222,95,18,0,4,0,0,12,0,136,128,112,104,208,0,64,0,0,0,2,254,6,254,0,0,0,0,0,36,6,130,6,0,0,0,0,0,1,9,4,2,184,0,0,16,0,0,16,60,255,0,0,0,0,0,0,0,0,0,0,0,0,0,0,0,0,126,252,128,251,54,251,13,251,98,249,38,255,32,255,70,255,2,0,222,255,0,0,40,0,97,41,57,9,0,255,255,0,0,0,0,115,89,155,121,254,253,254,253,255,72,136,58,32,0,164,89,147,66,155,254,125,254,127,255,127,255,95,191,95,18,0,4,0,0,0,0,136,128,112,104,240,0,144,0,0,0,2,254,6,254,0,0,0,0,0,36,6,130,6,0,0,0,0,0,1,9,4,2,184,0,0,16,0,0,16,60,255,0,0,0,0,0,0,0,0,0,0,0,0,0,0,0,0,229,251,146,251,54,251,250,250,98,249,38,255,32,255,70,255
2026-08-03_15-49-30,1,325,3,0.0,0,10.0,4,4,2,0,222,255,0,0,40,0,97,41,57,9,0,255,255,0,0,0,0,115,89,155,121,254,253,254,253,255,72,136,58,32,0,164,89,147,66,155,254,125,254,127,255,127,255,95,191,95,18,0,4,0,0,0,0,136,128,112,104,240,0,144,0,0,0,2,254,6,254,0,0,0,0,0,36,6,130,6,0,0,0,0,0,1,9,4,2,184,0,0,16,0,0,16,60,255,0,0,0,0,0,0,0,0,0,0,0,0,0,0,0,0,229,251,146,251,54,251,250,250,98,249,38,255,32,255,70,255,2,0,235,255,0,0,44,0,97,41,57,9,0,255,255,0,0,0,0,91,89,131,121,254,253,254,253,255,75,136,60,32,0,117,89,116,66,131,254,125,254,127,255,127,255,95,191,95,18,0,4,0,0,0,0,136,128,112,104,16,0,80,0,0,0,2,254,6,254,0,0,0,0,0,36,6,130,6,0,0,0,0,0,1,9,4,2,184,0,0,16,0,0,16,60,255,0,0,0,0,0,0,0,0,0,0,0,0,0,0,0,0,229,251,146,251,54,251,250,250,98,249,38,255,32,255,70,255
2026-08-03_15-49-30,1,326,0,0.0,0,10.0,4,4,2,0,235,255,0,0,44,0,97,41,57,9,0,255,255,0,0,0,0,91,89,131,121,254,253,254,253,255,75,136,60,32,0,117,89,116,66,131,254,125,254,127,255,127,255,95,191,95,18,0,4,0,0,0,0,136,128,112,104,16,0,80,0,0,0,2,254,6,254,0,0,0,0,0,36,6,130,6,0,0,0,0,0,1,9,4,2,184,0,0,16,0,0,16,60,255,0,0,0,0,0,0,0,0,0,0,0,0,0,0,0,0,229,251,146,251,54,251,250,250,98,249,38,255,32,255,70,255,2,0,186,255,0,0,48,0,97,41,57,9,0,255,255,0,0,0,0,115,89,155,121,254,253,254,253,255,77,136,62,32,0,85,89,84,66,155,254,125,254,127,255,127,255,95,191,95,17,0,4,0,0,0,0,136,128,112,104,48,0,16,0,0,0,2,254,6,254,0,0,0,0,0,36,6,130,6,0,0,0,0,0,1,9,4,2,184,0,0,16,0,0,16,60,255,0,0,0,0,0,0,0,0,0,0,0,0,0,0,0,0,229,251,146,251,54,251,250,250,98,249,38,255,32,255,70,255
2026-08-03_15-49-30,1,327,0,0.0,0,10.0,4,4,2,0,186,255,0,0,48,0,97,41,57,9,0,255,255,0,0,0,0,115,89,155,121,254,253,254,253,255,77,136,62,32,0,85,89,84,66,155,254,125,254,127,255,127,255,95,191,95,17,0,4,0,0,0,0,136,128,112,104,48,0,16,0,0,0,2,254,6,254,0,0,0,0,0,36,6,130,6,0,0,0,0,0,1,9,4,2,184,0,0,16,0,0,16,60,255,0,0,0,0,0,0,0,0,0,0,0,0,0,0,0,0,229,251,146,251,54,251,250,250,98,249,38,255,32,255,70,255,2,0,162,255,0,0,52,0,97,41,57,9,0,255,255,0,0,0,0,91,89,131,121,254,253,254,253,255,79,136,63,32,0,53,89,52,66,131,254,125,254,127,255,127,255,95,191,95,17,0,4,0,0,0,0,136,128,112,104,80,0,208,0,0,0,2,254,6,254,0,0,0,0,0,36,6,130,6,0,0,0,0,0,1,9,4,2,184,0,0,16,0,0,16,60,255,0,0,0,0,0,0,0,0,0,0,0,0,0,0,0,0,229,251,146,251,54,251,250,250,98,249,38,255,32,255,70,255
2026-08-03_15-49-30,1,328,0,0.0,0,10.0,4,4,2,0,162,255,0,0,52,0,97,41,57,9,0,255,255,0,0,0,0,91,89,131,121,254,253,254,253,255,79,136,63,32,0,53,89,52,66,131,254,125,254,127,255,127,255,95,191,95,17,0,4,0,0,0,0,136,128,112,104,80,0,208,0,0,0,2,254,6,254,0,0,0,0,0,36,6,130,6,0,0,0,0,0,1,9,4,2,184,0,0,16,0,0,16,60,255,0,0,0,0,0,0,0,0,0,0,0,0,0,0,0,0,229,251,146,251,54,251,250,250,98,249,38,255,32,255,70,255,2,0,33,255,0,0,56,0,97,41,57,9,0,255,255,0,0,0,0,115,89,155,121,254,253,254,253,255,81,136,65,32,0,21,89,20,66,155,254,125,254,127,255,127,255,95,191,95,17,0,4,0,0,0,0,136,128,112,104,112,0,144,0,0,0,2,254,6,254,0,0,0,0,0,36,6,130,6,0,0,0,0,0,1,9,4,2,184,0,0,16,0,0,16,60,255,0,0,0,0,0,0,0,0,0,0,0,0,0,0,0,0,229,251,146,251,54,251,250,250,98,249,38,255,32,255,70,255
2026-08-03_15-49-30,1,329,0,0.0,0,10.0,4,4,2,0,33,255,0,0,56,0,97,41,57,9,0,255,255,0,0,0,0,115,89,155,121,254,253,254,253,255,81,136,65,32,0,21,89,20,66,155,254,125,254,127,255,127,255,95,191,95,17,0,4,0,0,0,0,136,128,112,104,112,0,144,0,0,0,2,254,6,254,0,0,0,0,0,36,6,130,6,0,0,0,0,0,1,9,4,2,184,0,0,16,0,0,16,60,255,0,0,0,0,0,0,0,0,0,0,0,0,0,0,0,0,229,251,146,251,54,251,250,250,98,249,38,255,32,255,70,255,2,0,27,255,0,0,60,0,97,41,57,9,0,255,255,0,0,0,0,91,89,131,121,254,253,254,253,255,83,136,67,32,0,229,89,4,66,131,254,125,254,127,255,127,255,95,191,95,17,0,4,0,0,0,0,136,128,112,104,144,0,80,0,0,0,2,254,6,254,0,0,0,0,0,36,6,130,6,0,0,0,0,0,1,9,4,2,184,0,0,16,0,0,16,60,255,0,0,0,0,0,0,0,0,0,0,0,0,0,0,0,0,229,251,146,251,54,251,250,250,98,249,38,255,32,255,70,255
2026-08-03_15-49-30,1,330,0,0.0,0,10.0,4,4,2,0,27,255,0,0,60,0,97,41,57,9,0,255,255,0,0,0,0,91,89,131,121,254,253,254,253,255,83,136,67,32,0,229,89,4,66,131,254,125,254,127,255,127,255,95,191,95,17,0,4,0,0,0,0,136,128,112,104,144,0,80,0,0,0,2,254,6,254,0,0,0,0,0,36,6,130,6,0,0,0,0,0,1,9,4,2,184,0,0,16,0,0,16,60,255,0,0,0,0,0,0,0,0,0,0,0,0,0,0,0,0,229,251,146,251,54,251,250,250,98,249,38,255,32,255,70,255,2,0,177,255,0,0,64,0,97,41,57,9,0,255,255,0,0,0,0,115,89,155,121,254,253,254,253,255,84,136,69,32,0,213,89,228,66,155,254,125,254,127,255,127,255,95,191,95,18,2,4,0,0,0,0,136,128,112,104,24,0,16,0,0,0,2,254,6,254,0,0,0,0,0,36,6,130,6,0,0,0,0,0,1,9,4,2,184,0,0,16,0,0,16,60,255,0,0,0,0,0,0,0,0,0,0,0,0,0,0,0,0,229,251,146,251,54,251,250,250,98,249,38,255,32,255,70,255
2026-08-03_15-49-30,1,331,0,0.0,0,10.0,4,4,2,0,177,255,0,0,64,0,97,41,57,9,0,255,255,0,0,0,0,115,89,155,121,254,253,254,253,255,84,136,69,32,0,213,89,228,66,155,254,125,254,127,255,127,255,95,191,95,18,2,4,0,0,0,0,136,128,112,104,24,0,16,0,0,0,2,254,6,254,0,0,0,0,0,36,6,130,6,0,0,0,0,0,1,9,4,2,184,0,0,16,0,0,16,60,255,0,0,0,0,0,0,0,0,0,0,0,0,0,0,0,0,229,251,146,251,54,251,250,250,98,249,38,255,32,255,70,255,2,0,30,255,0,0,68,0,97,41,57,9,0,255,255,0,0,0,0,91,89,131,121,254,253,254,253,255,84,136,70,32,0,213,89,196,66,131,254,125,254,127,255,127,255,95,191,95,18,0,4,0,0,0,0,136,128,112,104,24,0,208,0,0,0,2,254,6,254,0,0,0,0,0,36,6,130,6,0,0,0,0,0,1,9,4,2,184,0,0,16,0,0,16,60,255,0,0,0,0,0,0,0,0,0,0,0,0,0,0,0,0,229,251,146,251,54,251,250,250,98,249,38,255,32,255,70,255
2026-08-03_15-49-30,1,332,0,0.0,0,10.0,4,4,2,0,30,255,0,0,68,0,97,41,57,9,0,255,255,0,0,0,0,91,89,131,121,254,253,254,253,255,84,136,70,32,0,213,89,196,66,131,254,125,254,127,255,127,255,95,191,95,18,0,4,0,0,0,0,136,128,112,104,24,0,208,0,0,0,2,254,6,254,0,0,0,0,0,36,6,130,6,0,0,0,0,0,1,9,4,2,184,0,0,16,0,0,16,60,255,0,0,0,0,0,0,0,0,0,0,0,0,0,0,0,0,229,251,146,251,54,251,250,250,98,249,38,255,32,255,70,255,2,0,231,255,0,0,72,0,97,41,57,9,0,255,255,0,0,0,0,115,89,155,121,254,253,254,253,255,84,136,72,32,0,213,89,164,66,155,254,125,254,127,255,127,255,95,191,95,19,2,4,0,0,0,0,136,128,112,104,24,0,144,0,0,0,2,254,6,254,0,0,0,0,0,36,6,130,6,0,0,0,0,0,1,9,4,2,184,0,0,16,0,0,16,60,255,0,0,0,0,0,0,0,0,0,0,0,0,0,0,0,0,229,251,146,251,54,251,250,250,98,249,38,255,32,255,70,255
2026-08-03_15-49-30,1,333,0,0.0,0,10.0,4,4,2,0,231,255,0,0,72,0,97,41,57,9,0,255,255,0,0,0,0,115,89,155,121,254,253,254,253,255,84,136,72,32,0,213,89,164,66,155,254,125,254,127,255,127,255,95,191,95,19,2,4,0,0,0,0,136,128,112,104,24,0,144,0,0,0,2,254,6,254,0,0,0,0,0,36,6,130,6,0,0,0,0,0,1,9,4,2,184,0,0,16,0,0,16,60,255,0,0,0,0,0,0,0,0,0,0,0,0,0,0,0,0,229,251,146,251,54,251,250,250,98,249,38,255,32,255,70,255,2,0,115,255,0,0,76,0,97,41,57,9,0,255,255,0,0,0,0,91,89,131,121,254,253,254,253,255,84,136,74,32,0,213,89,148,66,131,254,125,254,127,255,127,255,95,191,95,19,0,4,0,0,0,0,136,128,112,104,24,0,80,0,0,0,2,254,6,254,0,0,0,0,0,36,6,130,6,0,0,0,0,0,1,9,4,2,184,0,0,16,0,0,16,60,255,0,0,0,0,0,0,0,0,0,0,0,0,0,0,0,0,229,251,146,251,54,251,250,250,98,249,38,255,32,255,70,255
2026-08-03_15-49-30,1,334,0,0.0,0,10.0,4,4,2,0,115,255,0,0,76,0,97,41,57,9,0,255,255,0,0,0,0,91,89,131,121,254,253,254,253,255,84,136,74,32,0,213,89,148,66,131,254,125,254,127,255,127,255,95,191,95,19,0,4,0,0,0,0,136,128,112,104,24,0,80,0,0,0,2,254,6,254,0,0,0,0,0,36,6,130,6,0,0,0,0,0,1,9,4,2,184,0,0,16,0,0,16,60,255,0,0,0,0,0,0,0,0,0,0,0,0,0,0,0,0,229,251,146,251,54,251,250,250,98,249,38,255,32,255,70,255,2,0,49,255,0,0,80,0,97,41,57,9,0,255,255,0,0,0,0,115,89,155,121,254,253,254,253,255,84,136,76,32,0,213,89,101,66,155,254,125,254,127,255,127,255,95,191,95,19,0,4,0,0,0,0,136,128,112,104,24,0,16,0,0,0,2,254,6,254,0,0,0,0,0,36,6,130,6,0,0,0,0,0,1,9,4,2,184,0,0,16,0,0,16,60,255,0,0,0,0,0,0,0,0,0,0,0,0,0,0,0,0,229,251,146,251,54,251,250,250,98,249,38,255,32,255,70,255
2026-08-03_15-49-30,1,335,0,0.0,0,10.0,4,4,2,0,49,255,0,0,80,0,97,41,57,9,0,255,255,0,0,0,0,115,89,155,121,254,253,254,253,255,84,136,76,32,0,213,89,101,66,155,254,125,254,127,255,127,255,95,191,95,19,0,4,0,0,0,0,136,128,112,104,24,0,16,0,0,0,2,254,6,254,0,0,0,0,0,36,6,130,6,0,0,0,0,0,1,9,4,2,184,0,0,16,0,0,16,60,255,0,0,0,0,0,0,0,0,0,0,0,0,0,0,0,0,229,251,146,251,54,251,250,250,98,249,38,255,32,255,70,255,2,0,22,255,0,0,84,0,97,41,57,9,0,255,255,0,0,0,0,91,89,131,121,254,253,254,253,255,84,136,77,32,0,213,89,69,66,131,254,125,254,127,255,127,255,95,191,95,20,0,4,0,0,0,0,136,128,112,104,24,0,208,0,0,0,2,254,6,254,0,0,0,0,0,36,6,130,6,0,0,0,0,0,1,9,4,2,184,0,0,16,0,0,16,60,255,0,0,0,0,0,0,0,0,0,0,0,0,0,0,0,0,229,251,146,251,54,251,250,250,98,249,38,255,32,255,70,255
2026-08-03_15-49-30,1,336,0,0.0,0,10.0,4,4,2,0,22,255,0,0,84,0,97,41,57,9,0,255,255,0,0,0,0,91,89,131,121,254,253,254,253,255,84,136,77,32,0,213,89,69,66,131,254,125,254,127,255,127,255,95,191,95,20,0,4,0,0,0,0,136,128,112,104,24,0,208,0,0,0,2,254,6,254,0,0,0,0,0,36,6,130,6,0,0,0,0,0,1,9,4,2,184,0,0,16,0,0,16,60,255,0,0,0,0,0,0,0,0,0,0,0,0,0,0,0,0,229,251,146,251,54,251,250,250,98,249,38,255,32,255,70,255,2,0,105,255,0,0,88,0,97,41,57,9,0,255,255,0,0,0,0,115,89,155,121,254,253,254,253,255,84,136,79,32,0,213,89,37,66,155,254,125,254,127,255,127,255,95,191,95,20,0,4,0,0,0,0,136,128,112,104,24,0,144,0,0,0,2,254,6,254,0,0,0,0,0,36,6,130,6,0,0,0,0,0,1,9,4,2,184,0,0,16,0,0,16,60,255,0,0,0,0,0,0,0,0,0,0,0,0,0,0,0,0,229,251,146,251,54,251,250,250,98,249,38,255,32,255,70,255
2026-08-03_15-49-30,1,337,0,0.0,0,10.0,4,4,2,0,105,255,0,0,88,0,97,41,57,9,0,255,255,0,0,0,0,115,89,155,121,254,253,254,253,255,84,136,79,32,0,213,89,37,66,155,254,125,254,127,255,127,255,95,191,95,20,0,4,0,0,0,0,136,128,112,104,24,0,144,0,0,0,2,254,6,254,0,0,0,0,0,36,6,130,6,0,0,0,0,0,1,9,4,2,184,0,0,16,0,0,16,60,255,0,0,0,0,0,0,0,0,0,0,0,0,0,0,0,0,229,251,146,251,54,251,250,250,98,249,38,255,32,255,70,255,2,0,145,255,0,0,92,0,97,41,57,9,0,255,255,0,0,0,0,91,89,131,121,254,253,254,253,255,84,136,81,32,0,213,89,21,66,131,254,125,254,127,255,127,255,95,191,95,21,2,4,0,0,0,0,136,128,112,104,24,0,80,0,0,0,2,254,6,254,0,0,0,0,0,36,6,130,6,0,0,0,0,0,1,9,4,2,184,0,0,16,0,0,16,60,255,0,0,0,0,0,0,0,0,0,0,0,0,0,0,0,0,229,251,146,251,54,251,250,250,98,249,38,255,32,255,70,255
2026-08-03_15-49-30,1,338,0,0.0,0,10.0,4,4,2,0,145,255,0,0,92,0,97,41,57,9,0,255,255,0,0,0,0,91,89,131,121,254,253,254,253,255,84,136,81,32,0,213,89,21,66,131,254,125,254,127,255,127,255,95,191,95,21,2,4,0,0,0,0,136,128,112,104,24,0,80,0,0,0,2,254,6,254,0,0,0,0,0,36,6,130,6,0,0,0,0,0,1,9,4,2,184,0,0,16,0,0,16,60,255,0,0,0,0,0,0,0,0,0,0,0,0,0,0,0,0,229,251,146,251,54,251,250,250,98,249,38,255,32,255,70,255,2,0,20,255,0,0,96,0,97,41,57,9,0,255,255,0,0,0,0,115,89,155,121,254,253,254,253,255,84,136,83,32,0,213,89,245,66,155,254,125,254,127,255,127,255,95,191,95,21,0,4,0,0,0,0,136,128,112,104,24,0,16,0,0,0,2,254,6,254,0,0,0,0,0,36,6,130,6,0,0,0,0,0,1,9,4,2,184,0,0,16,0,0,16,60,255,0,0,0,0,0,0,0,0,0,0,0,0,0,0,0,0,229,251,146,251,54,251,250,250,98,249,38,255,32,255,70,255
2026-08-03_15-49-30,1,339,0,0.0,0,10.0,4,4,2,0,20,255,0,0,96,0,97,41,57,9,0,255,255,0,0,0,0,115,89,155,121,254,253,254,253,255,84,136,83,32,0,213,89,245,66,155,254,125,254,127,255,127,255,95,191,95,21,0,4,0,0,0,0,136,128,112,104,24,0,16,0,0,0,2,254,6,254,0,0,0,0,0,36,6,130,6,0,0,0,0,0,1,9,4,2,184,0,0,16,0,0,16,60,255,0,0,0,0,0,0,0,0,0,0,0,0,0,0,0,0,229,251,146,251,54,251,250,250,98,249,38,255,32,255,70,255,2,0,74,255,0,0,100,0,97,41,57,9,0,255,255,0,0,0,0,91,89,131,121,254,253,254,253,255,84,136,84,32,0,213,89,213,66,131,254,125,254,127,255,127,255,111,191,159,22,2,4,0,0,0,0,136,128,112,104,24,0,208,0,0,0,2,254,6,254,0,0,0,0,0,36,6,130,6,0,0,0,0,0,1,9,4,2,184,0,0,16,0,0,16,60,255,0,0,0,0,0,0,0,0,0,0,0,0,0,0,0,0,229,251,146,251,54,251,13,251,98,249,38,255,32,255,70,255
2026-08-03_15-49-30,1,340,0,0.0,0,10.0,4,4,2,0,74,255,0,0,100,0,97,41,57,9,0,255,255,0,0,0,0,91,89,131,121,254,253,254,253,255,84,136,84,32,0,213,89,213,66,131,254,125,254,127,255,127,255,111,191,159,22,2,4,0,0,0,0,136,128,112,104,24,0,208,0,0,0,2,254,6,254,0,0,0,0,0,36,6,130,6,0,0,0,0,0,1,9,4,2,184,0,0,16,0,0,16,60,255,0,0,0,0,0,0,0,0,0,0,0,0,0,0,0,0,229,251,146,251,54,251,13,251,98,249,38,255,32,255,70,255,2,0,169,255,0,0,104,0,97,41,57,9,0,255,255,0,0,0,0,115,89,155,121,254,253,254,253,255,84,136,86,32,0,213,89,181,66,155,254,125,254,127,255,127,255,111,191,159,22,0,4,0,0,0,0,136,128,112,104,24,0,144,0,0,0,2,254,6,254,0,0,0,0,0,36,6,130,6,0,0,0,0,0,1,9,4,2,184,0,0,16,0,0,16,60,255,0,0,0,0,0,0,0,0,0,0,0,0,0,0,0,0,229,251,146,251,54,251,13,251,98,249,38,255,32,255,70,255
2026-08-03_15-49-30,1,341,0,0.0,0,10.0,4,4,2,0,169,255,0,0,104,0,97,41,57,9,0,255,255,0,0,0,0,115,89,155,121,254,253,254,253,255,84,136,86,32,0,213,89,181,66,155,254,125,254,127,255,127,255,111,191,159,22,0,4,0,0,0,0,136,128,112,104,24,0,144,0,0,0,2,254,6,254,0,0,0,0,0,36,6,130,6,0,0,0,0,0,1,9,4,2,184,0,0,16,0,0,16,60,255,0,0,0,0,0,0,0,0,0,0,0,0,0,0,0,0,229,251,146,251,54,251,13,251,98,249,38,255,32,255,70,255,2,0,157,255,0,0,108,0,97,41,57,9,0,255,255,0,0,0,0,91,89,131,121,254,253,254,253,255,84,136,88,32,0,213,89,165,66,131,254,125,254,127,255,127,255,111,191,159,22,0,4,0,0,0,0,136,128,112,104,24,0,80,0,0,0,2,254,6,254,0,0,0,0,0,36,6,130,6,0,0,0,0,0,1,9,4,2,184,0,0,16,0,0,16,60,255,0,0,0,0,0,0,0,0,0,0,0,0,0,0,0,0,229,251,146,251,54,251,13,251,98,249,38,255,32,255,70,255
2026-08-03_15-49-30,1,342,0,0.0,0,10.0,4,4,2,0,157,255,0,0,108,0,97,41,57,9,0,255,255,0,0,0,0,91,89,131,121,254,253,254,253,255,84,136,88,32,0,213,89,165,66,131,254,125,254,127,255,127,255,111,191,159,22,0,4,0,0,0,0,136,128,112,104,24,0,80,0,0,0,2,254,6,254,0,0,0,0,0,36,6,130,6,0,0,0,0,0,1,9,4,2,184,0,0,16,0,0,16,60,255,0,0,0,0,0,0,0,0,0,0,0,0,0,0,0,0,229,251,146,251,54,251,13,251,98,249,38,255,32,255,70,255,2,0,221,255,0,0,112,0,97,41,57,9,0,255,255,0,0,0,0,115,89,155,121,254,253,254,253,255,84,136,90,32,0,213,89,118,66,155,254,125,254,127,255,127,255,111,191,159,23,0,4,0,0,0,0,136,128,112,104,24,0,16,0,0,0,2,254,6,254,0,0,0,0,0,36,6,130,6,0,0,0,0,0,1,9,4,2,184,0,0,16,0,0,16,60,255,0,0,0,0,0,0,0,0,0,0,0,0,0,0,0,0,229,251,146,251,54,251,13,251,98,249,38,255,32,255,70,255
2026-08-03_15-49-30,1,343,0,0.0,0,10.0,4,4,2,0,221,255,0,0,112,0,97,41,57,9,0,255,255,0,0,0,0,115,89,155,121,254,253,254,253,255,84,136,90,32,0,213,89,118,66,155,254,125,254,127,255,127,255,111,191,159,23,0,4,0,0,0,0,136,128,112,104,24,0,16,0,0,0,2,254,6,254,0,0,0,0,0,36,6,130,6,0,0,0,0,0,1,9,4,2,184,0,0,16,0,0,16,60,255,0,0,0,0,0,0,0,0,0,0,0,0,0,0,0,0,229,251,146,251,54,251,13,251,98,249,38,255,32,255,70,255,2,0,217,255,0,0,116,0,97,41,57,9,0,255,255,0,0,0,0,91,89,131,121,254,253,254,253,255,84,136,91,32,0,213,89,86,66,131,254,125,254,127,255,127,255,111,191,159,23,0,4,0,0,0,0,136,128,112,104,24,0,208,0,0,0,2,254,6,254,0,0,0,0,0,36,6,130,6,0,0,0,0,0,1,9,4,2,184,0,0,16,0,0,16,60,255,0,0,0,0,0,0,0,0,0,0,0,0,0,0,0,0,229,251,146,251,54,251,13,251,98,249,38,255,32,255,70,255
2026-08-03_15-49-30,1,344,0,0.0,0,10.0,4,4,2,0,217,255,0,0,116,0,97,41,57,9,0,255,255,0,0,0,0,91,89,131,121,254,253,254,253,255,84,136,91,32,0,213,89,86,66,131,254,125,254,127,255,127,255,111,191,159,23,0,4,0,0,0,0,136,128,112,104,24,0,208,0,0,0,2,254,6,254,0,0,0,0,0,36,6,130,6,0,0,0,0,0,1,9,4,2,184,0,0,16,0,0,16,60,255,0,0,0,0,0,0,0,0,0,0,0,0,0,0,0,0,229,251,146,251,54,251,13,251,98,249,38,255,32,255,70,255,2,0,158,255,0,0,120,0,97,41,57,9,0,255,255,0,0,0,0,115,89,155,121,254,253,254,253,255,84,136,93,32,0,213,89,54,66,155,254,125,254,127,255,127,255,111,191,159,24,0,4,0,0,0,0,136,128,112,104,24,0,144,0,0,0,2,254,6,254,0,0,0,0,0,36,6,130,6,0,0,0,0,0,1,9,4,2,184,0,0,16,0,0,16,60,255,0,0,0,0,0,0,0,0,0,0,0,0,0,0,0,0,229,251,146,251,54,251,13,251,98,249,38,255,32,255,70,255
2026-08-03_15-49-30,1,345,0,0.0,0,10.0,4,4,2,0,158,255,0,0,120,0,97,41,57,9,0,255,255,0,0,0,0,115,89,155,121,254,253,254,253,255,84,136,93,32,0,213,89,54,66,155,254,125,254,127,255,127,255,111,191,159,24,0,4,0,0,0,0,136,128,112,104,24,0,144,0,0,0,2,254,6,254,0,0,0,0,0,36,6,130,6,0,0,0,0,0,1,9,4,2,184,0,0,16,0,0,16,60,255,0,0,0,0,0,0,0,0,0,0,0,0,0,0,0,0,229,251,146,251,54,251,13,251,98,249,38,255,32,255,70,255,2,0,239,255,0,0,124,0,97,41,57,9,0,255,255,0,0,0,0,91,89,131,121,254,253,254,253,255,84,136,95,32,0,213,89,38,66,131,254,125,254,127,255,127,255,111,191,159,24,0,4,0,0,0,0,136,128,112,104,24,0,80,0,0,0,2,254,6,254,0,0,0,0,0,36,6,130,6,0,0,0,0,0,1,9,4,2,184,0,0,16,0,0,16,60,255,0,0,0,0,0,0,0,0,0,0,0,0,0,0,0,0,229,251,146,251,54,251,13,251,98,249,38,255,32,255,70,255
2026-08-03_15-49-30,1,346,0,0.0,0,10.0,4,4,2,0,239,255,0,0,124,0,97,41,57,9,0,255,255,0,0,0,0,91,89,131,121,254,253,254,253,255,84,136,95,32,0,213,89,38,66,131,254,125,254,127,255,127,255,111,191,159,24,0,4,0,0,0,0,136,128,112,104,24,0,80,0,0,0,2,254,6,254,0,0,0,0,0,36,6,130,6,0,0,0,0,0,1,9,4,2,184,0,0,16,0,0,16,60,255,0,0,0,0,0,0,0,0,0,0,0,0,0,0,0,0,229,251,146,251,54,251,13,251,98,249,38,255,32,255,70,255,2,0,253,255,0,0,128,0,97,41,58,9,0,255,255,0,0,0,0,115,89,167,121,254,253,254,253,255,84,136,96,32,0,213,89,6,66,167,254,125,254,127,255,223,255,223,191,159,26,2,4,0,0,12,0,136,128,112,104,24,0,16,0,0,0,2,254,6,254,0,0,0,0,0,36,6,130,6,0,0,0,0,0,1,9,4,3,16,0,0,16,0,0,16,60,255,0,0,0,0,0,0,0,0,0,0,0,0,0,0,0,0,198,252,118,251,54,251,250,250,98,249,38,255,32,255,70,255
2026-08-03_15-49-30,1,347,0,0.0,0,10.0,4,4,2,0,253,255,0,0,128,0,97,41,58,9,0,255,255,0,0,0,0,115,89,167,121,254,253,254,253,255,84,136,96,32,0,213,89,6,66,167,254,125,254,127,255,223,255,223,191,159,26,2,4,0,0,12,0,136,128,112,104,24,0,16,0,0,0,2,254,6,254,0,0,0,0,0,36,6,130,6,0,0,0,0,0,1,9,4,3,16,0,0,16,0,0,16,60,255,0,0,0,0,0,0,0,0,0,0,0,0,0,0,0,0,198,252,118,251,54,251,250,250,98,249,38,255,32,255,70,255,2,0,211,255,0,0,132,0,97,41,59,9,0,255,255,0,0,0,0,91,89,141,121,254,253,254,253,255,84,136,96,32,0,213,89,6,66,160,254,125,254,127,255,223,255,159,239,159,26,0,4,0,0,12,0,136,128,112,104,24,0,208,0,0,0,2,254,6,254,0,0,0,0,0,36,6,130,6,0,0,0,0,0,1,9,4,3,16,0,0,16,0,0,16,60,255,0,0,0,0,0,0,0,0,0,0,0,0,0,0,0,0,198,252,118,251,54,251,250,250,98,249,38,255,32,255,70,255
2026-08-03_15-49-30,1,348,0,0.0,0,10.0,4,4,2,0,211,255,0,0,132,0,97,41,59,9,0,255,255,0,0,0,0,91,89,141,121,254,253,254,253,255,84,136,96,32,0,213,89,6,66,160,254,125,254,127,255,223,255,159,239,159,26,0,4,0,0,12,0,136,128,112,104,24,0,208,0,0,0,2,254,6,254,0,0,0,0,0,36,6,130,6,0,0,0,0,0,1,9,4,3,16,0,0,16,0,0,16,60,255,0,0,0,0,0,0,0,0,0,0,0,0,0,0,0,0,198,252,118,251,54,251,250,250,98,249,38,255,32,255,70,255,2,0,51,255,0,0,136,0,97,41,61,9,0,255,255,0,0,0,0,115,89,163,121,254,253,254,253,255,84,136,96,32,0,213,89,6,66,160,254,125,254,127,255,223,255,159,239,159,26,0,4,0,0,12,0,136,128,112,104,24,0,144,0,0,0,2,254,6,254,0,0,0,0,0,36,6,130,6,0,0,0,0,0,1,9,4,3,16,0,0,16,0,0,16,60,255,0,0,0,0,0,0,0,0,0,0,0,0,0,0,0,0,198,252,118,251,54,251,250,250,98,249,38,255,32,255,70,255
2026-08-03_15-49-30,1,349,0,0.0,0,10.0,4,4,2,0,51,255,0,0,136,0,97,41,61,9,0,255,255,0,0,0,0,115,89,163,121,254,253,254,253,255,84,136,96,32,0,213,89,6,66,160,254,125,254,127,255,223,255,159,239,159,26,0,4,0,0,12,0,136,128,112,104,24,0,144,0,0,0,2,254,6,254,0,0,0,0,0,36,6,130,6,0,0,0,0,0,1,9,4,3,16,0,0,16,0,0,16,60,255,0,0,0,0,0,0,0,0,0,0,0,0,0,0,0,0,198,252,118,251,54,251,250,250,98,249,38,255,32,255,70,255,2,0,53,255,0,0,140,0,97,41,63,9,0,255,255,0,0,0,0,91,89,138,121,254,253,254,253,255,84,136,96,32,0,213,89,6,66,160,254,125,254,127,255,223,255,159,239,159,26,0,4,0,0,12,0,136,128,112,104,24,0,80,0,0,0,2,254,6,254,0,0,0,0,0,36,6,130,6,0,0,0,0,0,1,9,4,3,16,0,0,16,0,0,16,60,255,0,0,0,0,0,0,0,0,0,0,0,0,0,0,0,0,198,252,118,251,54,251,250,250,98,249,38,255,32,255,70,255
2026-08-03_15-49-30,1,350,0,0.0,0,10.0,4,4,2,0,53,255,0,0,140,0,97,41,63,9,0,255,255,0,0,0,0,91,89,138,121,254,253,254,253,255,84,136,96,32,0,213,89,6,66,160,254,125,254,127,255,223,255,159,239,159,26,0,4,0,0,12,0,136,128,112,104,24,0,80,0,0,0,2,254,6,254,0,0,0,0,0,36,6,130,6,0,0,0,0,0,1,9,4,3,16,0,0,16,0,0,16,60,255,0,0,0,0,0,0,0,0,0,0,0,0,0,0,0,0,198,252,118,251,54,251,250,250,98,249,38,255,32,255,70,255,2,0,81,255,0,0,144,0,97,41,65,9,0,255,255,0,0,0,0,115,89,160,121,254,253,254,253,255,84,136,96,32,0,213,89,6,66,160,254,125,254,127,255,223,255,159,239,159,26,0,4,0,0,12,0,136,128,112,104,24,0,16,0,0,0,2,254,6,254,0,0,0,0,0,36,6,130,6,0,0,0,0,0,1,9,4,3,16,0,0,16,0,0,16,60,255,0,0,0,0,0,0,0,0,0,0,0,0,0,0,0,0,198,252,118,251,54,251,250,250,98,249,38,255,32,255,70,255
2026-08-03_15-49-30,1,351,0,0.0,0,10.0,4,4,2,0,81,255,0,0,144,0,97,41,65,9,0,255,255,0,0,0,0,115,89,160,121,254,253,254,253,255,84,136,96,32,0,213,89,6,66,160,254,125,254,127,255,223,255,159,239,159,26,0,4,0,0,12,0,136,128,112,104,24,0,16,0,0,0,2,254,6,254,0,0,0,0,0,36,6,130,6,0,0,0,0,0,1,9,4,3,16,0,0,16,0,0,16,60,255,0,0,0,0,0,0,0,0,0,0,0,0,0,0,0,0,198,252,118,251,54,251,250,250,98,249,38,255,32,255,70,255,2,0,24,255,0,0,148,0,97,41,66,9,0,255,255,0,0,0,0,91,89,134,121,254,253,254,253,255,84,136,96,32,0,213,89,6,66,134,254,125,254,127,255,223,255,159,239,159,26,0,4,0,0,12,0,136,128,112,104,24,0,208,0,0,0,2,254,6,254,0,0,0,0,0,36,6,130,6,0,0,0,0,0,1,9,4,3,16,0,0,16,0,0,16,60,255,0,0,0,0,0,0,0,0,0,0,0,0,0,0,0,0,198,252,118,251,54,251,250,250,98,249,38,255,32,255,70,255
2026-08-03_15-49-30,1,352,0,0.0,0,10.0,4,4,2,0,24,255,0,0,148,0,97,41,66,9,0,255,255,0,0,0,0,91,89,134,121,254,253,254,253,255,84,136,96,32,0,213,89,6,66,134,254,125,254,127,255,223,255,159,239,159,26,0,4,0,0,12,0,136,128,112,104,24,0,208,0,0,0,2,254,6,254,0,0,0,0,0,36,6,130,6,0,0,0,0,0,1,9,4,3,16,0,0,16,0,0,16,60,255,0,0,0,0,0,0,0,0,0,0,0,0,0,0,0,0,198,252,118,251,54,251,250,250,98,249,38,255,32,255,70,255,2,0,131,255,0,0,152,0,97,41,68,9,0,255,255,0,0,0,0,115,89,156,121,254,253,254,253,255,84,136,96,32,0,213,89,6,66,152,254,125,254,127,255,223,255,159,239,159,26,0,4,0,0,12,0,136,128,112,104,24,0,144,0,0,0,2,254,6,254,0,0,0,0,0,36,6,130,6,0,0,0,0,0,1,9,4,3,16,0,0,16,0,0,16,60,255,0,0,0,0,0,0,0,0,0,0,0,0,0,0,0,0,198,252,118,251,54,251,250,250,98,249,38,255,32,255,70,255
2026-08-03_15-49-30,1,353,0,0.0,0,10.0,4,4,2,0,131,255,0,0,152,0,97,41,68,9,0,255,255,0,0,0,0,115,89,156,121,254,253,254,253,255,84,136,96,32,0,213,89,6,66,152,254,125,254,127,255,223,255,159,239,159,26,0,4,0,0,12,0,136,128,112,104,24,0,144,0,0,0,2,254,6,254,0,0,0,0,0,36,6,130,6,0,0,0,0,0,1,9,4,3,16,0,0,16,0,0,16,60,255,0,0,0,0,0,0,0,0,0,0,0,0,0,0,0,0,198,252,118,251,54,251,250,250,98,249,38,255,32,255,70,255,2,0,58,255,0,0,156,0,97,41,70,9,0,255,255,0,0,0,0,91,89,131,121,254,253,254,253,255,84,136,96,32,0,213,89,6,66,152,254,125,254,127,255,223,255,159,239,159,26,0,4,0,0,12,0,136,128,112,104,24,0,80,0,0,0,2,254,6,254,0,0,0,0,0,36,6,130,6,0,0,0,0,0,1,9,4,3,16,0,0,16,0,0,16,60,255,0,0,0,0,0,0,0,0,0,0,0,0,0,0,0,0,198,252,118,251,54,251,250,250,98,249,38,255,32,255,70,255
2026-08-03_15-49-30,1,354,0,0.0,0,10.0,4,4,2,0,58,255,0,0,156,0,97,41,70,9,0,255,255,0,0,0,0,91,89,131,121,254,253,254,253,255,84,136,96,32,0,213,89,6,66,152,254,125,254,127,255,223,255,159,239,159,26,0,4,0,0,12,0,136,128,112,104,24,0,80,0,0,0,2,254,6,254,0,0,0,0,0,36,6,130,6,0,0,0,0,0,1,9,4,3,16,0,0,16,0,0,16,60,255,0,0,0,0,0,0,0,0,0,0,0,0,0,0,0,0,198,252,118,251,54,251,250,250,98,249,38,255,32,255,70,255,2,0,170,255,0,0,160,0,97,41,72,9,0,255,255,0,0,0,0,115,89,153,121,254,253,254,253,255,84,136,96,32,0,213,89,6,66,152,254,125,254,127,255,223,255,159,239,159,26,0,4,0,0,12,0,136,128,112,104,24,0,16,0,0,0,2,254,6,254,0,0,0,0,0,36,6,130,6,0,0,0,0,0,1,9,4,3,16,0,0,16,0,0,16,60,255,0,0,0,0,0,0,0,0,0,0,0,0,0,0,0,0,198,252,118,251,54,251,250,250,98,249,38,255,32,255,70,255
2026-08-03_15-49-30,1,355,0,0.0,0,10.0,4,4,2,0,170,255,0,0,160,0,97,41,72,9,0,255,255,0,0,0,0,115,89,153,121,254,253,254,253,255,84,136,96,32,0,213,89,6,66,152,254,125,254,127,255,223,255,159,239,159,26,0,4,0,0,12,0,136,128,112,104,24,0,16,0,0,0,2,254,6,254,0,0,0,0,0,36,6,130,6,0,0,0,0,0,1,9,4,3,16,0,0,16,0,0,16,60,255,0,0,0,0,0,0,0,0,0,0,0,0,0,0,0,0,198,252,118,251,54,251,250,250,98,249,38,255,32,255,70,255,2,0,175,255,0,0,164,0,97,41,73,9,0,255,255,0,0,0,0,91,89,127,121,254,253,254,253,255,84,136,96,32,0,213,89,6,66,127,254,125,254,127,255,223,255,159,239,159,26,2,4,0,0,12,0,136,128,112,104,24,0,208,0,0,0,2,254,6,254,0,0,0,0,0,36,6,130,6,0,0,0,0,0,1,9,4,3,16,0,0,16,0,0,16,60,255,0,0,0,0,0,0,0,0,0,0,0,0,0,0,0,0,198,252,118,251,54,251,250,250,98,249,38,255,32,255,70,255
2026-08-03_15-49-30,1,356,0,0.0,0,10.0,4,4,2,0,175,255,0,0,164,0,97,41,73,9,0,255,255,0,0,0,0,91,89,127,121,254,253,254,253,255,84,136,96,32,0,213,89,6,66,127,254,125,254,127,255,223,255,159,239,159,26,2,4,0,0,12,0,136,128,112,104,24,0,208,0,0,0,2,254,6,254,0,0,0,0,0,36,6,130,6,0,0,0,0,0,1,9,4,3,16,0,0,16,0,0,16,60,255,0,0,0,0,0,0,0,0,0,0,0,0,0,0,0,0,198,252,118,251,54,251,250,250,98,249,38,255,32,255,70,255,2,0,249,255,0,0,168,0,97,41,75,9,0,255,255,0,0,0,0,115,89,149,121,254,253,254,253,255,84,136,96,32,0,213,89,6,66,149,254,125,254,127,255,223,255,159,239,159,26,0,4,0,0,12,0,136,128,112,104,24,0,144,0,0,0,2,254,6,254,0,0,0,0,0,36,6,130,6,0,0,0,0,0,1,9,4,3,16,0,0,16,0,0,16,60,255,0,0,0,0,0,0,0,0,0,0,0,0,0,0,0,0,198,252,118,251,54,251,250,250,98,249,38,255,32,255,70,255
2026-08-03_15-49-30,1,357,0,0.0,0,10.0,4,4,2,0,249,255,0,0,168,0,97,41,75,9,0,255,255,0,0,0,0,115,89,149,121,254,253,254,253,255,84,136,96,32,0,213,89,6,66,149,254,125,254,127,255,223,255,159,239,159,26,0,4,0,0,12,0,136,128,112,104,24,0,144,0,0,0,2,254,6,254,0,0,0,0,0,36,6,130,6,0,0,0,0,0,1,9,4,3,16,0,0,16,0,0,16,60,255,0,0,0,0,0,0,0,0,0,0,0,0,0,0,0,0,198,252,118,251,54,251,250,250,98,249,38,255,32,255,70,255,2,0,148,255,0,0,172,0,97,41,77,9,0,255,255,0,0,0,0,91,89,124,121,254,253,254,253,255,84,136,96,32,0,213,89,6,66,144,254,125,254,127,255,223,255,159,239,159,26,0,4,0,0,12,0,136,128,112,104,24,0,80,0,0,0,2,254,6,254,0,0,0,0,0,36,6,130,6,0,0,0,0,0,1,9,4,3,16,0,0,16,0,0,16,60,255,0,0,0,0,0,0,0,0,0,0,0,0,0,0,0,0,198,252,118,251,54,251,250,250,98,249,38,255,32,255,70,255
2026-08-03_15-49-30,1,358,0,0.0,0,10.0,4,4,2,0,148,255,0,0,172,0,97,41,77,9,0,255,255,0,0,0,0,91,89,124,121,254,253,254,253,255,84,136,96,32,0,213,89,6,66,144,254,125,254,127,255,223,255,159,239,159,26,0,4,0,0,12,0,136,128,112,104,24,0,80,0,0,0,2,254,6,254,0,0,0,0,0,36,6,130,6,0,0,0,0,0,1,9,4,3,16,0,0,16,0,0,16,60,255,0,0,0,0,0,0,0,0,0,0,0,0,0,0,0,0,198,252,118,251,54,251,250,250,98,249,38,255,32,255,70,255,2,0,66,255,0,0,176,0,97,41,79,9,0,255,255,0,0,0,0,115,89,146,121,254,253,254,253,255,84,136,96,32,0,213,89,6,66,144,254,125,254,127,255,223,255,159,239,159,26,0,4,0,0,12,0,136,128,112,104,24,0,16,0,0,0,2,254,6,254,0,0,0,0,0,36,6,130,6,0,0,0,0,0,1,9,4,3,16,0,0,16,0,0,16,60,255,0,0,0,0,0,0,0,0,0,0,0,0,0,0,0,0,198,252,118,251,54,251,250,250,98,249,38,255,32,255,70,255
2026-08-03_15-49-30,1,359,0,0.0,0,10.0,4,4,2,0,66,255,0,0,176,0,97,41,79,9,0,255,255,0,0,0,0,115,89,146,121,254,253,254,253,255,84,136,96,32,0,213,89,6,66,144,254,125,254,127,255,223,255,159,239,159,26,0,4,0,0,12,0,136,128,112,104,24,0,16,0,0,0,2,254,6,254,0,0,0,0,0,36,6,130,6,0,0,0,0,0,1,9,4,3,16,0,0,16,0,0,16,60,255,0,0,0,0,0,0,0,0,0,0,0,0,0,0,0,0,198,252,118,251,54,251,250,250,98,249,38,255,32,255,70,255,2,0,39,255,0,0,180,0,97,41,80,9,0,255,255,0,0,0,0,91,89,120,121,254,253,254,253,255,84,136,96,32,0,213,89,6,66,120,254,125,254,127,255,223,255,159,239,159,26,0,4,0,0,12,0,136,128,112,104,24,0,208,0,0,0,2,254,6,254,0,0,0,0,0,36,6,130,6,0,0,0,0,0,1,9,4,3,16,0,0,16,0,0,16,60,255,0,0,0,0,0,0,0,0,0,0,0,0,0,0,0,0,198,252,118,251,54,251,250,250,98,249,38,255,32,255,70,255
2026-08-03_15-49-30,1,360,0,0.0,0,10.0,4,4,2,0,39,255,0,0,180,0,97,41,80,9,0,255,255,0,0,0,0,91,89,120,121,254,253,254,253,255,84,136,96,32,0,213,89,6,66,120,254,125,254,127,255,223,255,159,239,159,26,0,4,0,0,12,0,136,128,112,104,24,0,208,0,0,0,2,254,6,254,0,0,0,0,0,36,6,130,6,0,0,0,0,0,1,9,4,3,16,0,0,16,0,0,16,60,255,0,0,0,0,0,0,0,0,0,0,0,0,0,0,0,0,198,252,118,251,54,251,250,250,98,249,38,255,32,255,70,255,2,0,127,255,0,0,184,0,97,41,82,9,0,255,255,0,0,0,0,115,89,142,121,254,253,254,253,255,84,136,96,32,0,213,89,6,66,142,254,125,254,127,255,223,255,159,239,159,26,0,4,0,0,12,0,136,128,112,104,24,0,144,0,0,0,2,254,6,254,0,0,0,0,0,36,6,130,6,0,0,0,0,0,1,9,4,3,16,0,0,16,0,0,16,60,255,0,0,0,0,0,0,0,0,0,0,0,0,0,0,0,0,198,252,118,251,54,251,250,250,98,249,38,255,32,255,70,255
2026-08-03_15-49-30,1,361,0,0.0,0,10.0,4,4,2,0,127,255,0,0,184,0,97,41,82,9,0,255,255,0,0,0,0,115,89,142,121,254,253,254,253,255,84,136,96,32,0,213,89,6,66,142,254,125,254,127,255,223,255,159,239,159,26,0,4,0,0,12,0,136,128,112,104,24,0,144,0,0,0,2,254,6,254,0,0,0,0,0,36,6,130,6,0,0,0,0,0,1,9,4,3,16,0,0,16,0,0,16,60,255,0,0,0,0,0,0,0,0,0,0,0,0,0,0,0,0,198,252,118,251,54,251,250,250,98,249,38,255,32,255,70,255,2,0,248,255,0,0,188,0,97,41,84,9,0,255,255,0,0,0,0,91,89,117,121,254,253,254,253,255,84,136,96,32,0,213,89,6,66,136,254,125,254,127,255,223,255,159,239,159,26,0,4,0,0,12,0,136,128,112,104,24,0,80,0,0,0,2,254,6,254,0,0,0,0,0,36,6,130,6,0,0,0,0,0,1,9,4,3,16,0,0,16,0,0,16,60,255,0,0,0,0,0,0,0,0,0,0,0,0,0,0,0,0,198,252,118,251,54,251,250,250,98,249,38,255,32,255,70,255
2026-08-03_15-49-30,1,362,0,0.0,0,10.0,4,4,2,0,248,255,0,0,188,0,97,41,84,9,0,255,255,0,0,0,0,91,89,117,121,254,253,254,253,255,84,136,96,32,0,213,89,6,66,136,254,125,254,127,255,223,255,159,239,159,26,0,4,0,0,12,0,136,128,112,104,24,0,80,0,0,0,2,254,6,254,0,0,0,0,0,36,6,130,6,0,0,0,0,0,1,9,4,3,16,0,0,16,0,0,16,60,255,0,0,0,0,0,0,0,0,0,0,0,0,0,0,0,0,198,252,118,251,54,251,250,250,98,249,38,255,32,255,70,255,2,0,133,255,0,0,192,0,97,41,86,9,0,255,255,0,0,0,0,115,89,139,121,254,253,254,253,255,84,136,96,32,0,213,89,6,66,136,254,125,254,127,255,223,255,159,239,159,26,0,4,0,0,12,0,136,128,112,104,24,0,16,0,0,0,2,254,6,254,0,0,0,0,0,36,6,130,6,0,0,0,0,0,1,9,4,3,16,0,0,16,0,0,16,60,255,0,0,0,0,0,0,0,0,0,0,0,0,0,0,0,0,198,252,118,251,54,251,250,250,98,249,38,255,32,255,70,255
2026-08-03_15-49-30,1,363,0,0.0,0,10.0,4,4,2,0,133,255,0,0,192,0,97,41,86,9,0,255,255,0,0,0,0,115,89,139,121,254,253,254,253,255,84,136,96,32,0,213,89,6,66,136,254,125,254,127,255,223,255,159,239,159,26,0,4,0,0,12,0,136,128,112,104,24,0,16,0,0,0,2,254,6,254,0,0,0,0,0,36,6,130,6,0,0,0,0,0,1,9,4,3,16,0,0,16,0,0,16,60,255,0,0,0,0,0,0,0,0,0,0,0,0,0,0,0,0,198,252,118,251,54,251,250,250,98,249,38,255,32,255,70,255,2,0,94,255,0,0,196,0,97,41,87,9,0,255,255,0,0,0,0,91,89,113,121,254,253,254,253,255,84,136,96,32,0,213,89,6,66,136,254,125,254,127,255,223,255,159,239,159,26,0,4,0,0,12,0,136,128,112,104,24,0,208,0,0,0,2,254,6,254,0,0,0,0,0,36,6,130,6,0,0,0,0,0,1,9,4,3,16,0,0,16,0,0,16,60,255,0,0,0,0,0,0,0,0,0,0,0,0,0,0,0,0,198,252,118,251,54,251,250,250,98,249,38,255,32,255,70,255
2026-08-03_15-49-30,1,364,0,0.0,0,10.0,4,4,2,0,94,255,0,0,196,0,97,41,87,9,0,255,255,0,0,0,0,91,89,113,121,254,253,254,253,255,84,136,96,32,0,213,89,6,66,136,254,125,254,127,255,223,255,159,239,159,26,0,4,0,0,12,0,136,128,112,104,24,0,208,0,0,0,2,254,6,254,0,0,0,0,0,36,6,130,6,0,0,0,0,0,1,9,4,3,16,0,0,16,0,0,16,60,255,0,0,0,0,0,0,0,0,0,0,0,0,0,0,0,0,198,252,118,251,54,251,250,250,98,249,38,255,32,255,70,255,2,0,227,255,0,0,200,0,97,41,89,9,0,255,255,0,0,0,0,115,89,135,121,254,253,254,253,255,84,136,96,32,0,213,89,6,66,135,254,125,254,127,255,223,255,159,239,159,26,2,4,0,0,12,0,136,128,112,104,24,0,144,0,0,0,2,254,6,254,0,0,0,0,0,36,6,130,6,0,0,0,0,0,1,9,4,3,16,0,0,16,0,0,16,60,255,0,0,0,0,0,0,0,0,0,0,0,0,0,0,0,0,198,252,118,251,54,251,250,250,98,249,38,255,32,255,70,255
2026-08-03_15-49-30,1,365,0,0.0,0,10.0,4,4,2,0,227,255,0,0,200,0,97,41,89,9,0,255,255,0,0,0,0,115,89,135,121,254,253,254,253,255,84,136,96,32,0,213,89,6,66,135,254,125,254,127,255,223,255,159,239,159,26,2,4,0,0,12,0,136,128,112,104,24,0,144,0,0,0,2,254,6,254,0,0,0,0,0,36,6,130,6,0,0,0,0,0,1,9,4,3,16,0,0,16,0,0,16,60,255,0,0,0,0,0,0,0,0,0,0,0,0,0,0,0,0,198,252,118,251,54,251,250,250,98,249,38,255,32,255,70,255,2,0,52,255,0,0,204,0,97,41,91,9,0,255,255,0,0,0,0,91,89,110,121,254,253,254,253,255,84,136,96,32,0,213,89,6,66,110,254,125,254,127,255,223,255,159,239,159,26,0,4,0,0,12,0,136,128,112,104,24,0,80,0,0,0,2,254,6,254,0,0,0,0,0,36,6,130,6,0,0,0,0,0,1,9,4,3,16,0,0,16,0,0,16,60,255,0,0,0,0,0,0,0,0,0,0,0,0,0,0,0,0,198,252,118,251,54,251,250,250,98,249,38,255,32,255,70,255
2026-08-03_15-49-30,1,366,0,0.0,0,10.0,4,4,2,0,52,255,0,0,204,0,97,41,91,9,0,255,255,0,0,0,0,91,89,110,121,254,253,254,253,255,84,136,96,32,0,213,89,6,66,110,254,125,254,127,255,223,255,159,239,159,26,0,4,0,0,12,0,136,128,112,104,24,0,80,0,0,0,2,254,6,254,0,0,0,0,0,36,6,130,6,0,0,0,0,0,1,9,4,3,16,0,0,16,0,0,16,60,255,0,0,0,0,0,0,0,0,0,0,0,0,0,0,0,0,198,252,118,251,54,251,250,250,98,249,38,255,32,255,70,255,2,0,64,255,0,0,208,0,97,41,93,9,0,255,255,0,0,0,0,115,89,132,121,254,253,254,253,255,84,136,96,32,0,213,89,6,66,128,254,125,254,127,255,223,255,159,239,159,26,0,4,0,0,12,0,136,128,112,104,24,0,16,0,0,0,2,254,6,254,0,0,0,0,0,36,6,130,6,0,0,0,0,0,1,9,4,3,16,0,0,16,0,0,16,60,255,0,0,0,0,0,0,0,0,0,0,0,0,0,0,0,0,198,252,118,251,54,251,250,250,98,249,38,255,32,255,70,255
2026-08-03_15-49-30,1,367,0,0.0,0,10.0,4,4,2,0,64,255,0,0,208,0,97,41,93,9,0,255,255,0,0,0,0,115,89,132,121,254,253,254,253,255,84,136,96,32,0,213,89,6,66,128,254,125,254,127,255,223,255,159,239,159,26,0,4,0,0,12,0,136,128,112,104,24,0,16,0,0,0,2,254,6,254,0,0,0,0,0,36,6,130,6,0,0,0,0,0,1,9,4,3,16,0,0,16,0,0,16,60,255,0,0,0,0,0,0,0,0,0,0,0,0,0,0,0,0,198,252,118,251,54,251,250,250,98,249,38,255,32,255,70,255,2,0,4,255,0,0,212,0,97,41,94,9,0,255,255,0,0,0,0,91,89,106,121,254,253,254,253,255,84,136,96,32,0,213,89,6,66,128,254,125,254,127,255,223,255,159,239,159,26,0,4,0,0,12,0,136,128,112,104,24,0,208,0,0,0,2,254,6,254,0,0,0,0,0,36,6,130,6,0,0,0,0,0,1,9,4,3,16,0,0,16,0,0,16,60,255,0,0,0,0,0,0,0,0,0,0,0,0,0,0,0,0,198,252,118,251,54,251,250,250,98,249,38,255,32,255,70,255
2026-08-03_15-49-30,1,368,0,0.0,0,10.0,4,4,2,0,4,255,0,0,212,0,97,41,94,9,0,255,255,0,0,0,0,91,89,106,121,254,253,254,253,255,84,136,96,32,0,213,89,6,66,128,254,125,254,127,255,223,255,159,239,159,26,0,4,0,0,12,0,136,128,112,104,24,0,208,0,0,0,2,254,6,254,0,0,0,0,0,36,6,130,6,0,0,0,0,0,1,9,4,3,16,0,0,16,0,0,16,60,255,0,0,0,0,0,0,0,0,0,0,0,0,0,0,0,0,198,252,118,251,54,251,250,250,98,249,38,255,32,255,70,255,2,0,71,255,0,0,216,0,97,41,96,9,0,255,255,0,0,0,0,115,89,128,121,254,253,254,253,255,84,136,96,32,0,213,89,6,66,128,254,125,254,127,255,223,255,159,239,159,26,0,4,0,0,12,0,136,128,112,104,24,0,144,0,0,0,2,254,6,254,0,0,0,0,0,36,6,130,6,0,0,0,0,0,1,9,4,3,16,0,0,16,0,0,16,60,255,0,0,0,0,0,0,0,0,0,0,0,0,0,0,0,0,198,252,118,251,54,251,250,250,98,249,38,255,32,255,70,255
2026-08-03_15-49-30,1,369,0,0.0,0,10.0,4,4,2,0,71,255,0,0,216,0,97,41,96,9,0,255,255,0,0,0,0,115,89,128,121,254,253,254,253,255,84,136,96,32,0,213,89,6,66,128,254,125,254,127,255,223,255,159,239,159,26,0,4,0,0,12,0,136,128,112,104,24,0,144,0,0,0,2,254,6,254,0,0,0,0,0,36,6,130,6,0,0,0,0,0,1,9,4,3,16,0,0,16,0,0,16,60,255,0,0,0,0,0,0,0,0,0,0,0,0,0,0,0,0,198,252,118,251,54,251,250,250,98,249,38,255,32,255,70,255,2,0,113,255,0,0,220,0,97,41,98,9,0,255,255,0,0,0,0,91,89,103,121,254,253,254,253,255,84,136,96,32,0,213,89,6,66,103,254,125,254,127,255,223,255,95,239,175,26,2,4,0,0,12,0,136,128,112,104,24,0,80,0,0,0,2,254,6,254,0,0,0,0,0,36,6,130,6,0,0,0,0,0,1,9,4,3,16,0,0,16,0,0,16,60,255,0,0,0,0,0,0,0,0,0,0,0,0,0,0,0,0,198,252,118,251,54,251,13,251,98,249,38,255,32,255,70,255
2026-08-03_15-49-30,1,370,0,0.0,0,10.0,4,4,2,0,113,255,0,0,220,0,97,41,98,9,0,255,255,0,0,0,0,91,89,103,121,254,253,254,253,255,84,136,96,32,0,213,89,6,66,103,254,125,254,127,255,223,255,95,239,175,26,2,4,0,0,12,0,136,128,112,104,24,0,80,0,0,0,2,254,6,254,0,0,0,0,0,36,6,130,6,0,0,0,0,0,1,9,4,3,16,0,0,16,0,0,16,60,255,0,0,0,0,0,0,0,0,0,0,0,0,0,0,0,0,198,252,118,251,54,251,13,251,98,249,38,255,32,255,70,255,2,0,18,255,0,0,224,0,97,41,100,9,0,255,255,0,0,0,0,115,89,125,121,254,253,254,253,255,84,136,96,32,0,213,89,6,66,115,254,125,254,127,255,223,255,95,239,175,26,0,4,0,0,12,0,136,128,112,104,24,0,16,0,0,0,2,254,6,254,0,0,0,0,0,36,6,130,6,0,0,0,0,0,1,9,4,3,16,0,0,16,0,0,16,60,255,0,0,0,0,0,0,0,0,0,0,0,0,0,0,0,0,198,252,118,251,54,251,13,251,98,249,38,255,32,255,70,255
2026-08-03_15-49-30,1,371,0,0.0,0,10.0,4,4,2,0,18,255,0,0,224,0,97,41,100,9,0,255,255,0,0,0,0,115,89,125,121,254,253,254,253,255,84,136,96,32,0,213,89,6,66,115,254,125,254,127,255,223,255,95,239,175,26,0,4,0,0,12,0,136,128,112,104,24,0,16,0,0,0,2,254,6,254,0,0,0,0,0,36,6,130,6,0,0,0,0,0,1,9,4,3,16,0,0,16,0,0,16,60,255,0,0,0,0,0,0,0,0,0,0,0,0,0,0,0,0,198,252,118,251,54,251,13,251,98,249,38,255,32,255,70,255,2,0,46,255,0,0,228,0,97,41,101,9,0,255,255,0,0,0,0,91,89,99,121,254,253,254,253,255,84,136,96,32,0,213,89,6,66,91,254,99,254,127,255,223,255,95,239,175,26,0,4,0,0,12,0,136,128,112,104,24,0,208,0,0,0,2,254,6,254,0,0,0,0,0,36,6,130,6,0,0,0,0,0,1,9,4,3,16,0,0,16,0,0,16,60,255,0,0,0,0,0,0,0,0,0,0,0,0,0,0,0,0,198,252,118,251,54,251,13,251,98,249,38,255,32,255,70,255
2026-08-03_15-49-30,1,372,0,0.0,0,10.0,4,4,2,0,46,255,0,0,228,0,97,41,101,9,0,255,255,0,0,0,0,91,89,99,121,254,253,254,253,255,84,136,96,32,0,213,89,6,66,91,254,99,254,127,255,223,255,95,239,175,26,0,4,0,0,12,0,136,128,112,104,24,0,208,0,0,0,2,254,6,254,0,0,0,0,0,36,6,130,6,0,0,0,0,0,1,9,4,3,16,0,0,16,0,0,16,60,255,0,0,0,0,0,0,0,0,0,0,0,0,0,0,0,0,198,252,118,251,54,251,13,251,98,249,38,255,32,255,70,255,2,0,224,255,0,0,232,0,97,41,103,9,0,255,255,0,0,0,0,115,89,121,121,254,253,254,253,255,84,136,96,32,0,213,89,6,66,115,254,117,254,127,255,223,255,95,239,175,26,0,4,0,0,12,0,136,128,112,104,24,0,144,0,0,0,2,254,6,254,0,0,0,0,0,36,6,130,6,0,0,0,0,0,1,9,4,3,16,0,0,16,0,0,16,60,255,0,0,0,0,0,0,0,0,0,0,0,0,0,0,0,0,198,252,118,251,54,251,13,251,98,249,38,255,32,255,70,255
2026-08-03_15-49-30,1,373,0,0.0,0,10.0,4,4,2,0,224,255,0,0,232,0,97,41,103,9,0,255,255,0,0,0,0,115,89,121,121,254,253,254,253,255,84,136,96,32,0,213,89,6,66,115,254,117,254,127,255,223,255,95,239,175,26,0,4,0,0,12,0,136,128,112,104,24,0,144,0,0,0,2,254,6,254,0,0,0,0,0,36,6,130,6,0,0,0,0,0,1,9,4,3,16,0,0,16,0,0,16,60,255,0,0,0,0,0,0,0,0,0,0,0,0,0,0,0,0,198,252,118,251,54,251,13,251,98,249,38,255,32,255,70,255,2,0,6,255,0,0,236,0,97,41,105,9,0,255,255,0,0,0,0,91,89,96,121,254,253,254,253,255,84,136,96,32,0,213,89,6,66,91,254,117,254,127,255,223,255,95,239,175,26,0,4,0,0,12,0,136,128,112,104,24,0,80,0,0,0,2,254,6,254,0,0,0,0,0,36,6,130,6,0,0,0,0,0,1,9,4,3,16,0,0,16,0,0,16,60,255,0,0,0,0,0,0,0,0,0,0,0,0,0,0,0,0,198,252,118,251,54,251,13,251,98,249,38,255,32,255,70,255
2026-08-03_15-49-30,1,374,0,0.0,0,10.0,4,4,2,0,6,255,0,0,236,0,97,41,105,9,0,255,255,0,0,0,0,91,89,96,121,254,253,254,253,255,84,136,96,32,0,213,89,6,66,91,254,117,254,127,255,223,255,95,239,175,26,0,4,0,0,12,0,136,128,112,104,24,0,80,0,0,0,2,254,6,254,0,0,0,0,0,36,6,130,6,0,0,0,0,0,1,9,4,3,16,0,0,16,0,0,16,60,255,0,0,0,0,0,0,0,0,0,0,0,0,0,0,0,0,198,252,118,251,54,251,13,251,98,249,38,255,32,255,70,255,2,0,100,255,0,0,240,0,97,41,107,9,0,255,255,0,0,0,0,115,89,118,121,254,253,254,253,255,84,136,96,32,0,213,89,6,66,115,254,117,254,127,255,223,255,95,239,175,26,0,4,0,0,12,0,136,128,112,104,24,0,16,0,0,0,2,254,6,254,0,0,0,0,0,36,6,130,6,0,0,0,0,0,1,9,4,3,16,0,0,16,0,0,16,60,255,0,0,0,0,0,0,0,0,0,0,0,0,0,0,0,0,198,252,118,251,54,251,13,251,98,249,38,255,32,255,70,255
2026-08-03_15-49-30,1,375,0,0.0,0,10.0,4,4,2,0,100,255,0,0,240,0,97,41,107,9,0,255,255,0,0,0,0,115,89,118,121,254,253,254,253,255,84,136,96,32,0,213,89,6,66,115,254,117,254,127,255,223,255,95,239,175,26,0,4,0,0,12,0,136,128,112,104,24,0,16,0,0,0,2,254,6,254,0,0,0,0,0,36,6,130,6,0,0,0,0,0,1,9,4,3,16,0,0,16,0,0,16,60,255,0,0,0,0,0,0,0,0,0,0,0,0,0,0,0,0,198,252,118,251,54,251,13,251,98,249,38,255,32,255,70,255,2,0,73,255,0,0,244,0,97,41,108,9,0,255,255,0,0,0,0,91,89,92,121,254,253,254,253,255,84,136,96,32,0,213,89,6,66,91,254,92,254,127,255,223,255,95,239,175,26,0,4,0,0,12,0,136,128,112,104,24,0,208,0,0,0,2,254,6,254,0,0,0,0,0,36,6,130,6,0,0,0,0,0,1,9,4,3,16,0,0,16,0,0,16,60,255,0,0,0,0,0,0,0,0,0,0,0,0,0,0,0,0,198,252,118,251,54,251,13,251,98,249,38,255,32,255,70,255
2026-08-03_15-49-30,1,376,0,0.0,0,10.0,4,4,2,0,73,255,0,0,244,0,97,41,108,9,0,255,255,0,0,0,0,91,89,92,121,254,253,254,253,255,84,136,96,32,0,213,89,6,66,91,254,92,254,127,255,223,255,95,239,175,26,0,4,0,0,12,0,136,128,112,104,24,0,208,0,0,0,2,254,6,254,0,0,0,0,0,36,6,130,6,0,0,0,0,0,1,9,4,3,16,0,0,16,0,0,16,60,255,0,0,0,0,0,0,0,0,0,0,0,0,0,0,0,0,198,252,118,251,54,251,13,251,98,249,38,255,32,255,70,255,2,0,155,255,0,0,248,0,97,41,110,9,0,255,255,0,0,0,0,115,89,114,121,254,253,254,253,255,84,136,96,32,0,213,89,6,66,115,254,114,254,127,255,223,255,95,239,175,23,0,4,12,0,12,0,136,128,112,104,160,0,144,0,0,0,2,254,6,254,0,0,0,0,0,36,6,130,6,0,0,0,0,0,1,9,4,3,16,0,0,16,0,0,16,60,255,0,0,0,0,0,0,0,0,0,0,0,0,0,0,0,0,198,252,118,251,54,251,13,251,98,249,38,255,32,255,70,255
2026-08-03_15-49-30,1,377,2,0.0,0,10.0,4,4,2,0,155,255,0,0,248,0,97,41,110,9,0,255,255,0,0,0,0,115,89,114,121,254,253,254,253,255,84,136,96,32,0,213,89,6,66,115,254,114,254,127,255,223,255,95,239,175,23,0,4,12,0,12,0,136,128,112,104,160,0,144,0,0,0,2,254,6,254,0,0,0,0,0,36,6,130,6,0,0,0,0,0,1,9,4,3,16,0,0,16,0,0,16,60,255,0,0,0,0,0,0,0,0,0,0,0,0,0,0,0,0,198,252,118,251,54,251,13,251,98,249,38,255,32,255,70,255,2,0,185,255,0,0,252,0,95,41,112,9,0,255,255,0,0,0,0,105,89,89,121,254,253,254,253,255,84,136,96,32,0,213,89,6,66,128,254,109,254,239,255,223,255,95,239,175,23,0,4,12,0,12,0,136,128,112,104,192,0,80,0,0,0,2,254,6,254,0,0,0,0,0,36,6,130,6,0,0,0,0,0,1,9,4,3,16,0,0,16,0,0,16,60,255,0,0,0,0,0,0,0,0,0,0,0,0,0,0,0,0,198,252,118,251,54,251,13,251,98,249,38,255,32,255,70,255
2026-08-03_15-49-30,1,378,2,0.0,0,10.0,4,4,2,0,185,255,0,0,252,0,95,41,112,9,0,255,255,0,0,0,0,105,89,89,121,254,253,254,253,255,84,136,96,32,0,213,89,6,66,128,254,109,254,239,255,223,255,95,239,175,23,0,4,12,0,12,0,136,128,112,104,192,0,80,0,0,0,2,254,6,254,0,0,0,0,0,36,6,130,6,0,0,0,0,0,1,9,4,3,16,0,0,16,0,0,16,60,255,0,0,0,0,0,0,0,0,0,0,0,0,0,0,0,0,198,252,118,251,54,251,13,251,98,249,38,255,32,255,70,255,2,0,144,255,0,0,0,0,93,41,113,9,0,255,255,0,0,255,0,131,89,99,121,254,253,254,253,255,84,136,95,32,0,213,89,22,66,128,254,109,254,239,255,191,255,175,126,175,23,2,4,12,0,0,0,136,128,112,104,224,0,160,0,0,0,2,254,6,254,0,0,0,0,0,36,6,130,6,0,0,0,0,0,1,9,4,3,104,0,0,16,0,0,16,60,255,0,0,0,0,0,0,0,0,0,0,0,0,0,0,0,0,42,252,140,251,54,251,250,250,98,249,38,255,32,255,70,255
2026-08-03_15-49-30,1,379,0,0.0,0,10.0,4,4,2,0,144,255,0,0,0,0,93,41,113,9,0,255,255,0,0,255,0,131,89,99,121,254,253,254,253,255,84,136,95,32,0,213,89,22,66,128,254,109,254,239,255,191,255,175,126,175,23,2,4,12,0,0,0,136,128,112,104,224,0,160,0,0,0,2,254,6,254,0,0,0,0,0,36,6,130,6,0,0,0,0,0,1,9,4,3,104,0,0,16,0,0,16,60,255,0,0,0,0,0,0,0,0,0,0,0,0,0,0,0,0,42,252,140,251,54,251,250,250,98,249,38,255,32,255,70,255,2,0,5,255,0,0,4,0,90,41,113,9,0,255,255,0,0,255,0,109,89,75,121,254,253,254,253,255,84,136,93,32,0,213,89,38,66,128,254,109,254,239,255,191,255,175,126,175,23,2,4,12,0,0,0,136,128,112,104,0,0,96,0,0,0,2,254,6,254,0,0,0,0,0,36,6,130,6,0,0,0,0,0,1,9,4,3,104,0,0,16,0,0,16,60,255,0,0,0,0,0,0,0,0,0,0,0,0,0,0,0,0,42,252,140,251,54,251,250,250,98,249,38,255,32,255,70,255
2026-08-03_15-49-30,1,380,0,0.0,0,10.0,4,4,2,0,5,255,0,0,4,0,90,41,113,9,0,255,255,0,0,255,0,109,89,75,121,254,253,254,253,255,84,136,93,32,0,213,89,38,66,128,254,109,254,239,255,191,255,175,126,175,23,2,4,12,0,0,0,136,128,112,104,0,0,96,0,0,0,2,254,6,254,0,0,0,0,0,36,6,130,6,0,0,0,0,0,1,9,4,3,104,0,0,16,0,0,16,60,255,0,0,0,0,0,0,0,0,0,0,0,0,0,0,0,0,42,252,140,251,54,251,250,250,98,249,38,255,32,255,70,255,2,0,86,255,0,0,8,0,88,41,113,9,0,255,255,0,0,255,0,135,89,99,121,254,253,254,253,255,84,136,91,32,0,213,89,70,66,135,254,109,254,239,255,191,255,175,126,175,24,2,4,12,0,0,0,136,128,112,104,32,0,32,0,0,0,2,254,6,254,0,0,0,0,0,36,6,130,6,0,0,0,0,0,1,9,4,3,104,0,0,16,0,0,16,60,255,0,0,0,0,0,0,0,0,0,0,0,0,0,0,0,0,42,252,140,251,54,251,250,250,98,249,38,255,32,255,70,255
2026-08-03_15-49-30,1,381,0,0.0,0,10.0,4,4,2,0,86,255,0,0,8,0,88,41,113,9,0,255,255,0,0,255,0,135,89,99,121,254,253,254,253,255,84,136,91,32,0,213,89,70,66,135,254,109,254,239,255,191,255,175,126,175,24,2,4,12,0,0,0,136,128,112,104,32,0,32,0,0,0,2,254,6,254,0,0,0,0,0,36,6,130,6,0,0,0,0,0,1,9,4,3,104,0,0,16,0,0,16,60,255,0,0,0,0,0,0,0,0,0,0,0,0,0,0,0,0,42,252,140,251,54,251,250,250,98,249,38,255,32,255,70,255,2,0,109,255,0,0,12,0,86,41,113,9,0,255,255,0,0,255,0,113,89,75,121,254,253,254,253,255,84,136,90,32,0,213,89,102,66,136,254,109,254,239,255,191,255,175,126,175,24,2,4,12,0,0,0,136,128,112,104,64,0,224,0,0,0,2,254,6,254,0,0,0,0,0,36,6,130,6,0,0,0,0,0,1,9,4,3,104,0,0,16,0,0,16,60,255,0,0,0,0,0,0,0,0,0,0,0,0,0,0,0,0,42,252,140,251,54,251,250,250,98,249,38,255,32,255,70,255
2026-08-03_15-49-30,1,382,0,0.0,0,10.0,4,4,2,0,109,255,0,0,12,0,86,41,113,9,0,255,255,0,0,255,0,113,89,75,121,254,253,254,253,255,84,136,90,32,0,213,89,102,66,136,254,109,254,239,255,191,255,175,126,175,24,2,4,12,0,0,0,136,128,112,104,64,0,224,0,0,0,2,254,6,254,0,0,0,0,0,36,6,130,6,0,0,0,0,0,1,9,4,3,104,0,0,16,0,0,16,60,255,0,0,0,0,0,0,0,0,0,0,0,0,0,0,0,0,42,252,140,251,54,251,250,250,98,249,38,255,32,255,70,255,2,0,214,255,0,0,16,0,84,41,113,9,0,255,255,0,0,255,0,139,89,99,121,254,253,254,253,255,84,136,88,32,0,213,89,149,66,136,254,109,254,239,255,191,255,175,126,175,23,2,4,12,0,0,0,136,128,112,104,96,0,160,0,0,0,2,254,6,254,0,0,0,0,0,36,6,130,6,0,0,0,0,0,1,9,4,3,104,0,0,16,0,0,16,60,255,0,0,0,0,0,0,0,0,0,0,0,0,0,0,0,0,42,252,140,251,54,251,250,250,98,249,38,255,32,255,70,255
2026-08-03_15-49-30,1,383,0,0.0,0,10.0,4,4,2,0,214,255,0,0,16,0,84,41,113,9,0,255,255,0,0,255,0,139,89,99,121,254,253,254,253,255,84,136,88,32,0,213,89,149,66,136,254,109,254,239,255,191,255,175,126,175,23,2,4,12,0,0,0,136,128,112,104,96,0,160,0,0,0,2,254,6,254,0,0,0,0,0,36,6,130,6,0,0,0,0,0,1,9,4,3,104,0,0,16,0,0,16,60,255,0,0,0,0,0,0,0,0,0,0,0,0,0,0,0,0,42,252,140,251,54,251,250,250,98,249,38,255,32,255,70,255,2,0,101,255,0,0,20,0,82,41,113,9,0,255,255,0,0,255,0,117,89,75,121,254,253,254,253,255,84,136,86,32,0,213,89,165,66,136,254,109,254,239,255,191,255,175,126,175,23,2,4,12,0,0,0,136,128,112,104,128,0,96,0,0,0,2,254,6,254,0,0,0,0,0,36,6,130,6,0,0,0,0,0,1,9,4,3,104,0,0,16,0,0,16,60,255,0,0,0,0,0,0,0,0,0,0,0,0,0,0,0,0,42,252,140,251,54,251,250,250,98,249,38,255,32,255,70,255
2026-08-03_15-49-30,1,384,0,0.0,0,10.0,4,4,2,0,101,255,0,0,20,0,82,41,113,9,0,255,255,0,0,255,0,117,89,75,121,254,253,254,253,255,84,136,86,32,0,213,89,165,66,136,254,109,254,239,255,191,255,175,126,175,23,2,4,12,0,0,0,136,128,112,104,128,0,96,0,0,0,2,254,6,254,0,0,0,0,0,36,6,130,6,0,0,0,0,0,1,9,4,3,104,0,0,16,0,0,16,60,255,0,0,0,0,0,0,0,0,0,0,0,0,0,0,0,0,42,252,140,251,54,251,250,250,98,249,38,255,32,255,70,255,2,0,88,255,0,0,24,0,80,41,113,9,0,255,255,0,0,255,0,144,89,99,121,254,253,254,253,255,84,136,84,32,0,213,89,197,66,144,254,109,254,239,255,191,255,175,126,175,23,0,4,12,0,0,0,136,128,112,104,160,0,32,0,0,0,2,254,6,254,0,0,0,0,0,36,6,130,6,0,0,0,0,0,1,9,4,3,104,0,0,16,0,0,16,60,255,0,0,0,0,0,0,0,0,0,0,0,0,0,0,0,0,42,252,140,251,54,251,250,250,98,249,38,255,32,255,70,255
2026-08-03_15-49-30,1,385,0,0.0,0,10.0,4,4,2,0,88,255,0,0,24,0,80,41,113,9,0,255,255,0,0,255,0,144,89,99,121,254,253,254,253,255,84,136,84,32,0,213,89,197,66,144,254,109,254,239,255,191,255,175,126,175,23,0,4,12,0,0,0,136,128,112,104,160,0,32,0,0,0,2,254,6,254,0,0,0,0,0,36,6,130,6,0,0,0,0,0,1,9,4,3,104,0,0,16,0,0,16,60,255,0,0,0,0,0,0,0,0,0,0,0,0,0,0,0,0,42,252,140,251,54,251,250,250,98,249,38,255,32,255,70,255,2,0,135,255,0,0,28,0,78,41,113,9,0,255,255,0,0,255,0,122,89,75,121,254,253,254,253,255,84,136,83,32,0,213,89,229,66,144,254,109,254,239,255,191,255,159,126,111,22,2,4,12,0,0,0,136,128,112,104,192,0,224,0,0,0,2,254,6,254,0,0,0,0,0,36,6,130,6,0,0,0,0,0,1,9,4,3,104,0,0,16,0,0,16,60,255,0,0,0,0,0,0,0,0,0,0,0,0,0,0,0,0,42,252,140,251,54,251,13,251,98,249,38,255,32,255,70,255
2026-08-03_15-49-30,1,386,0,0.0,0,10.0,4,4,2,0,135,255,0,0,28,0,78,41,113,9,0,255,255,0,0,255,0,122,89,75,121,254,253,254,253,255,84,136,83,32,0,213,89,229,66,144,254,109,254,239,255,191,255,159,126,111,22,2,4,12,0,0,0,136,128,112,104,192,0,224,0,0,0,2,254,6,254,0,0,0,0,0,36,6,130,6,0,0,0,0,0,1,9,4,3,104,0,0,16,0,0,16,60,255,0,0,0,0,0,0,0,0,0,0,0,0,0,0,0,0,42,252,140,251,54,251,13,251,98,249,38,255,32,255,70,255,2,0,125,255,0,0,32,0,76,41,113,9,0,255,255,0,0,255,0,148,89,99,121,254,253,254,253,255,84,136,81,32,0,213,89,5,66,144,254,109,254,239,255,191,255,159,126,111,22,2,4,12,0,0,0,136,128,112,104,224,0,160,0,0,0,2,254,6,254,0,0,0,0,0,36,6,130,6,0,0,0,0,0,1,9,4,3,104,0,0,16,0,0,16,60,255,0,0,0,0,0,0,0,0,0,0,0,0,0,0,0,0,42,252,140,251,54,251,13,251,98,249,38,255,32,255,70,255
2026-08-03_15-49-30,1,387,0,0.0,0,10.0,4,4,2,0,125,255,0,0,32,0,76,41,113,9,0,255,255,0,0,255,0,148,89,99,121,254,253,254,253,255,84,136,81,32,0,213,89,5,66,144,254,109,254,239,255,191,255,159,126,111,22,2,4,12,0,0,0,136,128,112,104,224,0,160,0,0,0,2,254,6,254,0,0,0,0,0,36,6,130,6,0,0,0,0,0,1,9,4,3,104,0,0,16,0,0,16,60,255,0,0,0,0,0,0,0,0,0,0,0,0,0,0,0,0,42,252,140,251,54,251,13,251,98,249,38,255,32,255,70,255,2,0,219,255,0,0,36,0,73,41,113,9,0,255,255,0,0,255,0,126,89,75,121,254,253,254,253,255,84,136,79,32,0,213,89,21,66,126,254,109,254,239,255,191,255,159,126,111,22,2,4,12,0,0,0,136,128,112,104,0,0,96,0,0,0,2,254,6,254,0,0,0,0,0,36,6,130,6,0,0,0,0,0,1,9,4,3,104,0,0,16,0,0,16,60,255,0,0,0,0,0,0,0,0,0,0,0,0,0,0,0,0,42,252,140,251,54,251,13,251,98,249,38,255,32,255,70,255
2026-08-03_15-49-30,1,388,0,0.0,0,10.0,4,4,2,0,219,255,0,0,36,0,73,41,113,9,0,255,255,0,0,255,0,126,89,75,121,254,253,254,253,255,84,136,79,32,0,213,89,21,66,126,254,109,254,239,255,191,255,159,126,111,22,2,4,12,0,0,0,136,128,112,104,0,0,96,0,0,0,2,254,6,254,0,0,0,0,0,36,6,130,6,0,0,0,0,0,1,9,4,3,104,0,0,16,0,0,16,60,255,0,0,0,0,0,0,0,0,0,0,0,0,0,0,0,0,42,252,140,251,54,251,13,251,98,249,38,255,32,255,70,255,2,0,189,255,0,0,40,0,73,41,113,9,0,255,255,0,0,255,0,151,89,99,121,254,253,254,253,255,84,136,77,32,0,213,89,53,66,151,254,109,254,239,255,191,255,159,126,111,22,0,4,12,0,0,0,136,128,112,104,0,0,32,0,0,0,2,254,6,254,0,0,0,0,0,36,6,130,6,0,0,0,0,0,1,9,4,3,104,0,0,16,0,0,16,60,255,0,0,0,0,0,0,0,0,0,0,0,0,0,0,0,0,42,252,140,251,54,251,13,251,98,249,38,255,32,255,70,255
2026-08-03_15-49-30,1,389,0,0.0,0,10.0,4,4,2,0,189,255,0,0,40,0,73,41,113,9,0,255,255,0,0,255,0,151,89,99,121,254,253,254,253,255,84,136,77,32,0,213,89,53,66,151,254,109,254,239,255,191,255,159,126,111,22,0,4,12,0,0,0,136,128,112,104,0,0,32,0,0,0,2,254,6,254,0,0,0,0,0,36,6,130,6,0,0,0,0,0,1,9,4,3,104,0,0,16,0,0,16,60,255,0,0,0,0,0,0,0,0,0,0,0,0,0,0,0,0,42,252,140,251,54,251,13,251,98,249,38,255,32,255,70,255,2,0,215,255,0,0,44,0,73,41,113,9,0,255,255,0,0,255,0,127,89,87,121,254,253,254,253,255,84,136,76,32,0,213,89,85,66,127,254,109,254,239,255,191,255,159,126,111,21,2,4,12,0,12,0,136,128,112,104,0,0,224,0,0,0,2,254,6,254,0,0,0,0,0,36,6,130,6,0,0,0,0,0,1,9,4,3,104,0,0,16,0,0,16,60,255,0,0,0,0,0,0,0,0,0,0,0,0,0,0,0,0,198,252,118,251,54,251,13,251,98,249,38,255,32,255,70,255
2026-08-03_15-49-30,1,390,0,0.0,0,10.0,4,4,2,0,215,255,0,0,44,0,73,41,113,9,0,255,255,0,0,255,0,127,89,87,121,254,253,254,253,255,84,136,76,32,0,213,89,85,66,127,254,109,254,239,255,191,255,159,126,111,21,2,4,12,0,12,0,136,128,112,104,0,0,224,0,0,0,2,254,6,254,0,0,0,0,0,36,6,130,6,0,0,0,0,0,1,9,4,3,104,0,0,16,0,0,16,60,255,0,0,0,0,0,0,0,0,0,0,0,0,0,0,0,0,198,252,118,251,54,251,13,251,98,249,38,255,32,255,70,255,2,0,116,255,0,0,48,0,73,41,115,9,0,255,255,0,0,255,0,151,89,109,121,254,253,254,253,255,84,136,76,32,0,213,89,85,66,151,254,109,254,239,255,223,255,159,239,111,22,0,4,12,0,12,0,136,128,112,104,0,0,160,0,0,0,2,254,6,254,0,0,0,0,0,36,6,130,6,0,0,0,0,0,1,9,4,3,104,0,0,16,0,0,16,60,255,0,0,0,0,0,0,0,0,0,0,0,0,0,0,0,0,198,252,118,251,54,251,13,251,98,249,38,255,32,255,70,255
2026-08-03_15-49-30,1,391,0,0.0,0,10.0,4,4,2,0,116,255,0,0,48,0,73,41,115,9,0,255,255,0,0,255,0,151,89,109,121,254,253,254,253,255,84,136,76,32,0,213,89,85,66,151,254,109,254,239,255,223,255,159,239,111,22,0,4,12,0,12,0,136,128,112,104,0,0,160,0,0,0,2,254,6,254,0,0,0,0,0,36,6,130,6,0,0,0,0,0,1,9,4,3,104,0,0,16,0,0,16,60,255,0,0,0,0,0,0,0,0,0,0,0,0,0,0,0,0,198,252,118,251,54,251,13,251,98,249,38,255,32,255,70,255,2,0,68,255,0,0,52,0,73,41,117,9,0,255,255,0,0,255,0,127,89,84,121,254,253,254,253,255,84,136,76,32,0,213,89,85,66,127,254,84,254,239,255,223,255,159,239,111,22,0,4,12,0,12,0,136,128,112,104,0,0,96,0,0,0,2,254,6,254,0,0,0,0,0,36,6,130,6,0,0,0,0,0,1,9,4,3,104,0,0,16,0,0,16,60,255,0,0,0,0,0,0,0,0,0,0,0,0,0,0,0,0,198,252,118,251,54,251,13,251,98,249,38,255,32,255,70,255
2026-08-03_15-49-30,1,392,0,0.0,0,10.0,4,4,2,0,68,255,0,0,52,0,73,41,117,9,0,255,255,0,0,255,0,127,89,84,121,254,253,254,253,255,84,136,76,32,0,213,89,85,66,127,254,84,254,239,255,223,255,159,239,111,22,0,4,12,0,12,0,136,128,112,104,0,0,96,0,0,0,2,254,6,254,0,0,0,0,0,36,6,130,6,0,0,0,0,0,1,9,4,3,104,0,0,16,0,0,16,60,255,0,0,0,0,0,0,0,0,0,0,0,0,0,0,0,0,198,252,118,251,54,251,13,251,98,249,38,255,32,255,70,255,2,0,67,255,0,0,56,0,73,41,119,9,0,255,255,0,0,255,0,151,89,106,121,254,253,254,253,255,84,136,76,32,0,213,89,85,66,151,254,106,254,239,255,223,255,159,239,111,22,0,4,12,0,12,0,136,128,112,104,0,0,32,0,0,0,2,254,6,254,0,0,0,0,0,36,6,130,6,0,0,0,0,0,1,9,4,3,104,0,0,16,0,0,16,60,255,0,0,0,0,0,0,0,0,0,0,0,0,0,0,0,0,198,252,118,251,54,251,13,251,98,249,38,255,32,255,70,255
2026-08-03_15-49-30,1,393,0,0.0,0,10.0,4,4,2,0,67,255,0,0,56,0,73,41,119,9,0,255,255,0,0,255,0,151,89,106,121,254,253,254,253,255,84,136,76,32,0,213,89,85,66,151,254,106,254,239,255,223,255,159,239,111,22,0,4,12,0,12,0,136,128,112,104,0,0,32,0,0,0,2,254,6,254,0,0,0,0,0,36,6,130,6,0,0,0,0,0,1,9,4,3,104,0,0,16,0,0,16,60,255,0,0,0,0,0,0,0,0,0,0,0,0,0,0,0,0,198,252,118,251,54,251,13,251,98,249,38,255,32,255,70,255,2,0,54,255,0,0,60,0,73,41,120,9,0,255,255,0,0,255,0,127,89,80,121,254,253,254,253,255,84,136,76,32,0,213,89,85,66,127,254,101,254,239,255,223,255,159,239,111,22,0,4,12,0,12,0,136,128,112,104,0,0,224,0,0,0,2,254,6,254,0,0,0,0,0,36,6,130,6,0,0,0,0,0,1,9,4,3,104,0,0,16,0,0,16,60,255,0,0,0,0,0,0,0,0,0,0,0,0,0,0,0,0,198,252,118,251,54,251,13,251,98,249,38,255,32,255,70,255
2026-08-03_15-49-30,1,394,0,0.0,0,10.0,4,4,2,0,54,255,0,0,60,0,73,41,120,9,0,255,255,0,0,255,0,127,89,80,121,254,253,254,253,255,84,136,76,32,0,213,89,85,66,127,254,101,254,239,255,223,255,159,239,111,22,0,4,12,0,12,0,136,128,112,104,0,0,224,0,0,0,2,254,6,254,0,0,0,0,0,36,6,130,6,0,0,0,0,0,1,9,4,3,104,0,0,16,0,0,16,60,255,0,0,0,0,0,0,0,0,0,0,0,0,0,0,0,0,198,252,118,251,54,251,13,251,98,249,38,255,32,255,70,255,2,0,99,255,0,0,64,0,73,41,122,9,0,255,255,0,0,255,0,151,89,102,121,254,253,254,253,255,84,136,76,32,0,213,89,85,66,151,254,101,254,239,255,223,255,159,239,111,22,0,4,12,0,12,0,136,128,112,104,0,0,160,0,0,0,2,254,6,254,0,0,0,0,0,36,6,130,6,0,0,0,0,0,1,9,4,3,104,0,0,16,0,0,16,60,255,0,0,0,0,0,0,0,0,0,0,0,0,0,0,0,0,198,252,118,251,54,251,13,251,98,249,38,255,32,255,70,255
2026-08-03_15-49-30,1,395,5,0.0,0,10.0,4,4,2,0,99,255,0,0,64,0,73,41,122,9,0,255,255,0,0,255,0,151,89,102,121,254,253,254,253,255,84,136,76,32,0,213,89,85,66,151,254,101,254,239,255,223,255,159,239,111,22,0,4,12,0,12,0,136,128,112,104,0,0,160,0,0,0,2,254,6,254,0,0,0,0,0,36,6,130,6,0,0,0,0,0,1,9,4,3,104,0,0,16,0,0,16,60,255,0,0,0,0,0,0,0,0,0,0,0,0,0,0,0,0,198,252,118,251,54,251,13,251,98,249,38,255,32,255,70,255,2,0,60,255,0,0,68,0,75,41,124,9,0,255,255,0,0,255,0,126,89,77,121,254,253,254,253,255,84,136,76,32,0,213,89,85,66,126,254,77,254,223,255,223,255,159,239,111,23,0,4,12,0,12,0,136,128,112,104,32,0,96,0,0,0,2,254,6,254,0,0,0,0,0,36,6,130,6,0,0,0,0,0,1,9,4,3,104,0,0,16,0,0,16,60,255,0,0,0,0,0,0,0,0,0,0,0,0,0,0,0,0,198,252,118,251,54,251,13,251,98,249,38,255,32,255,70,255
2026-08-03_15-49-30,1,396,5,0.0,0,10.0,4,4,2,0,60,255,0,0,68,0,75,41,124,9,0,255,255,0,0,255,0,126,89,77,121,254,253,254,253,255,84,136,76,32,0,213,89,85,66,126,254,77,254,223,255,223,255,159,239,111,23,0,4,12,0,12,0,136,128,112,104,32,0,96,0,0,0,2,254,6,254,0,0,0,0,0,36,6,130,6,0,0,0,0,0,1,9,4,3,104,0,0,16,0,0,16,60,255,0,0,0,0,0,0,0,0,0,0,0,0,0,0,0,0,198,252,118,251,54,251,13,251,98,249,38,255,32,255,70,255,2,0,206,255,0,0,72,0,77,41,126,9,0,255,255,0,0,255,0,148,89,99,121,254,253,254,253,255,84,136,76,32,0,213,89,85,66,144,254,99,254,223,255,223,255,159,239,111,23,0,4,12,0,12,0,136,128,112,104,64,0,32,0,0,0,2,254,6,254,0,0,0,0,0,36,6,130,6,0,0,0,0,0,1,9,4,3,104,0,0,16,0,0,16,60,255,0,0,0,0,0,0,0,0,0,0,0,0,0,0,0,0,198,252,118,251,54,251,13,251,98,249,38,255,32,255,70,255
2026-08-03_15-49-30,1,397,0,0.0,0,10.0,4,4,2,0,206,255,0,0,72,0,77,41,126,9,0,255,255,0,0,255,0,148,89,99,121,254,253,254,253,255,84,136,76,32,0,213,89,85,66,144,254,99,254,223,255,223,255,159,239,111,23,0,4,12,0,12,0,136,128,112,104,64,0,32,0,0,0,2,254,6,254,0,0,0,0,0,36,6,130,6,0,0,0,0,0,1,9,4,3,104,0,0,16,0,0,16,60,255,0,0,0,0,0,0,0,0,0,0,0,0,0,0,0,0,198,252,118,251,54,251,13,251,98,249,38,255,32,255,70,255,2,0,230,255,0,0,76,0,79,41,127,9,0,255,127,0,0,255,0,122,89,73,121,254,253,254,253,255,84,136,76,32,0,213,89,85,66,144,254,73,254,223,255,223,255,159,239,111,23,0,4,12,0,12,0,136,128,112,104,96,0,224,0,0,0,2,254,6,254,0,0,0,0,0,36,6,130,6,0,0,0,0,0,1,9,4,3,104,0,0,16,0,0,16,60,255,0,0,0,0,0,0,0,0,0,0,0,0,0,0,0,0,198,252,118,251,54,251,13,251,98,249,38,255,32,255,70,255
2026-08-03_15-49-30,1,398,0,0.0,0,10.0,4,4,2,0,230,255,0,0,76,0,79,41,127,9,0,255,127,0,0,255,0,122,89,73,121,254,253,254,253,255,84,136,76,32,0,213,89,85,66,144,254,73,254,223,255,223,255,159,239,111,23,0,4,12,0,12,0,136,128,112,104,96,0,224,0,0,0,2,254,6,254,0,0,0,0,0,36,6,130,6,0,0,0,0,0,1,9,4,3,104,0,0,16,0,0,16,60,255,0,0,0,0,0,0,0,0,0,0,0,0,0,0,0,0,198,252,118,251,54,251,13,251,98,249,38,255,32,255,70,255,2,0,98,255,0,0,80,0,81,41,129,9,0,255,129,0,0,0,0,144,89,95,121,254,253,254,253,255,84,136,77,32,0,213,89,85,66,144,254,95,254,223,255,127,255,127,239,111,23,2,4,12,0,0,0,136,128,112,104,128,0,48,0,0,0,2,254,6,254,0,0,0,0,0,36,6,130,6,0,0,0,0,0,1,9,4,3,104,0,0,16,0,0,16,60,255,0,0,0,0,0,0,0,0,0,0,0,0,0,0,0,0,229,251,146,251,54,251,250,250,98,249,38,255,32,255,70,255
2026-08-03_15-49-30,1,399,0,0.0,0,10.0,4,4,2,0,98,255,0,0,80,0,81,41,129,9,0,255,129,0,0,0,0,144,89,95,121,254,253,254,253,255,84,136,77,32,0,213,89,85,66,144,254,95,254,223,255,127,255,127,239,111,23,2,4,12,0,0,0,136,128,112,104,128,0,48,0,0,0,2,254,6,254,0,0,0,0,0,36,6,130,6,0,0,0,0,0,1,9,4,3,104,0,0,16,0,0,16,60,255,0,0,0,0,0,0,0,0,0,0,0,0,0,0,0,0,229,251,146,251,54,251,250,250,98,249,38,255,32,255,70,255,2,0,45,255,0,0,84,0,83,41,129,9,0,255,129,0,0,0,0,117,89,59,121,254,253,254,253,255,84,136,78,32,0,213,89,53,66,136,254,59,254,223,255,127,255,111,191,111,23,0,4,12,0,0,0,136,128,112,104,160,0,240,0,0,0,2,254,6,254,0,0,0,0,0,36,6,130,6,0,0,0,0,0,1,9,4,3,104,0,0,16,0,0,16,60,255,0,0,0,0,0,0,0,0,0,0,0,0,0,0,0,0,229,251,146,251,54,251,250,250,98,249,38,255,32,255,70,255
2026-08-03_15-49-30,1,400,3,0.0,0,10.0,4,4,2,0,45,255,0,0,84,0,83,41,129,9,0,255,129,0,0,0,0,117,89,59,121,254,253,254,253,255,84,136,78,32,0,213,89,53,66,136,254,59,254,223,255,127,255,111,191,111,23,0,4,12,0,0,0,136,128,112,104,160,0,240,0,0,0,2,254,6,254,0,0,0,0,0,36,6,130,6,0,0,0,0,0,1,9,4,3,104,0,0,16,0,0,16,60,255,0,0,0,0,0,0,0,0,0,0,0,0,0,0,0,0,229,251,146,251,54,251,250,250,98,249,38,255,32,255,70,255,2,0,210,255,0,0,88,0,85,41,129,9,0,255,129,0,0,0,0,139,89,83,121,254,253,254,253,255,84,136,80,32,0,213,89,21,66,136,254,83,254,223,255,127,255,111,191,111,22,2,4,12,0,0,0,136,128,112,104,192,0,176,0,0,0,2,254,6,254,0,0,0,0,0,36,6,130,6,0,0,0,0,0,1,9,4,3,104,0,0,16,0,0,16,60,255,0,0,0,0,0,0,0,0,0,0,0,0,0,0,0,0,229,251,146,251,54,251,250,250,98,249,38,255,32,255,70,255
2026-08-03_15-49-30,1,401,3,0.0,0,10.0,4,4,2,0,210,255,0,0,88,0,85,41,129,9,0,255,129,0,0,0,0,139,89,83,121,254,253,254,253,255,84,136,80,32,0,213,89,21,66,136,254,83,254,223,255,127,255,111,191,111,22,2,4,12,0,0,0,136,128,112,104,192,0,176,0,0,0,2,254,6,254,0,0,0,0,0,36,6,130,6,0,0,0,0,0,1,9,4,3,104,0,0,16,0,0,16,60,255,0,0,0,0,0,0,0,0,0,0,0,0,0,0,0,0,229,251,146,251,54,251,250,250,98,249,38,255,32,255,70,255,2,0,34,255,0,0,92,0,87,41,129,9,0,255,129,0,0,0,0,113,89,59,121,254,253,254,253,255,84,136,82,32,0,213,89,245,66,136,254,59,254,223,255,127,255,111,191,111,22,2,4,12,0,0,0,136,128,112,104,224,0,112,0,0,0,2,254,6,254,0,0,0,0,0,36,6,130,6,0,0,0,0,0,1,9,4,3,104,0,0,16,0,0,16,60,255,0,0,0,0,0,0,0,0,0,0,0,0,0,0,0,0,229,251,146,251,54,251,250,250,98,249,38,255,32,255,70,255
2026-08-03_15-49-30,1,402,3,0.0,0,10.0,4,4,2,0,34,255,0,0,92,0,87,41,129,9,0,255,129,0,0,0,0,113,89,59,121,254,253,254,253,255,84,136,82,32,0,213,89,245,66,136,254,59,254,223,255,127,255,111,191,111,22,2,4,12,0,0,0,136,128,112,104,224,0,112,0,0,0,2,254,6,254,0,0,0,0,0,36,6,130,6,0,0,0,0,0,1,9,4,3,104,0,0,16,0,0,16,60,255,0,0,0,0,0,0,0,0,0,0,0,0,0,0,0,0,229,251,146,251,54,251,250,250,98,249,38,255,32,255,70,255,2,0,41,255,0,0,96,0,90,41,129,9,0,255,129,0,0,0,0,135,89,83,121,254,253,254,253,255,84,136,84,32,0,213,89,229,66,135,254,83,254,223,255,127,255,111,191,111,23,0,4,12,0,0,0,136,128,112,104,0,0,48,0,0,0,2,254,6,254,0,0,0,0,0,36,6,130,6,0,0,0,0,0,1,9,4,3,104,0,0,16,0,0,16,60,255,0,0,0,0,0,0,0,0,0,0,0,0,0,0,0,0,229,251,146,251,54,251,250,250,98,249,38,255,32,255,70,255
2026-08-03_15-49-30,1,403,0,0.0,0,10.0,4,4,2,0,41,255,0,0,96,0,90,41,129,9,0,255,129,0,0,0,0,135,89,83,121,254,253,254,253,255,84,136,84,32,0,213,89,229,66,135,254,83,254,223,255,127,255,111,191,111,23,0,4,12,0,0,0,136,128,112,104,0,0,48,0,0,0,2,254,6,254,0,0,0,0,0,36,6,130,6,0,0,0,0,0,1,9,4,3,104,0,0,16,0,0,16,60,255,0,0,0,0,0,0,0,0,0,0,0,0,0,0,0,0,229,251,146,251,54,251,250,250,98,249,38,255,32,255,70,255,2,0,149,255,0,0,100,0,92,41,129,9,0,255,129,0,0,0,0,109,89,59,121,254,253,254,253,255,84,136,85,32,0,213,89,197,66,128,254,59,254,223,255,127,255,95,191,175,22,2,4,12,0,0,0,136,128,112,104,32,0,240,0,0,0,2,254,6,254,0,0,0,0,0,36,6,130,6,0,0,0,0,0,1,9,4,3,104,0,0,16,0,0,16,60,255,0,0,0,0,0,0,0,0,0,0,0,0,0,0,0,0,229,251,146,251,54,251,13,251,98,249,38,255,32,255,70,255
2026-08-03_15-49-30,1,404,0,0.0,0,10.0,4,4,2,0,149,255,0,0,100,0,92,41,129,9,0,255,129,0,0,0,0,109,89,59,121,254,253,254,253,255,84,136,85,32,0,213,89,197,66,128,254,59,254,223,255,127,255,95,191,175,22,2,4,12,0,0,0,136,128,112,104,32,0,240,0,0,0,2,254,6,254,0,0,0,0,0,36,6,130,6,0,0,0,0,0,1,9,4,3,104,0,0,16,0,0,16,60,255,0,0,0,0,0,0,0,0,0,0,0,0,0,0,0,0,229,251,146,251,54,251,13,251,98,249,38,255,32,255,70,255,2,0,83,255,0,0,104,0,94,41,129,9,0,255,129,0,0,0,0,131,89,83,121,254,253,254,253,255,84,136,87,32,0,213,89,165,66,128,254,83,254,223,255,127,255,95,191,175,22,2,4,12,0,0,0,136,128,112,104,64,0,176,0,0,0,2,254,6,254,0,0,0,0,0,36,6,130,6,0,0,0,0,0,1,9,4,3,104,0,0,16,0,0,16,60,255,0,0,0,0,0,0,0,0,0,0,0,0,0,0,0,0,229,251,146,251,54,251,13,251,98,249,38,255,32,255,70,255
2026-08-03_15-49-30,1,405,0,0.0,0,10.0,4,4,2,0,83,255,0,0,104,0,94,41,129,9,0,255,129,0,0,0,0,131,89,83,121,254,253,254,253,255,84,136,87,32,0,213,89,165,66,128,254,83,254,223,255,127,255,95,191,175,22,2,4,12,0,0,0,136,128,112,104,64,0,176,0,0,0,2,254,6,254,0,0,0,0,0,36,6,130,6,0,0,0,0,0,1,9,4,3,104,0,0,16,0,0,16,60,255,0,0,0,0,0,0,0,0,0,0,0,0,0,0,0,0,229,251,146,251,54,251,13,251,98,249,38,255,32,255,70,255,2,0,59,255,0,0,108,0,96,41,129,9,0,255,129,0,0,0,0,105,89,59,121,254,253,254,253,255,84,136,89,32,0,213,89,118,66,128,254,59,254,223,255,127,255,95,191,175,23,2,4,12,0,0,0,136,128,112,104,96,0,112,0,0,0,2,254,6,254,0,0,0,0,0,36,6,130,6,0,0,0,0,0,1,9,4,3,104,0,0,16,0,0,16,60,255,0,0,0,0,0,0,0,0,0,0,0,0,0,0,0,0,229,251,146,251,54,251,13,251,98,249,38,255,32,255,70,255
2026-08-03_15-49-30,1,406,0,0.0,0,10.0,4,4,2,0,59,255,0,0,108,0,96,41,129,9,0,255,129,0,0,0,0,105,89,59,121,254,253,254,253,255,84,136,89,32,0,213,89,118,66,128,254,59,254,223,255,127,255,95,191,175,23,2,4,12,0,0,0,136,128,112,104,96,0,112,0,0,0,2,254,6,254,0,0,0,0,0,36,6,130,6,0,0,0,0,0,1,9,4,3,104,0,0,16,0,0,16,60,255,0,0,0,0,0,0,0,0,0,0,0,0,0,0,0,0,229,251,146,251,54,251,13,251,98,249,38,255,32,255,70,255,2,0,187,255,0,0,112,0,97,41,129,9,0,255,129,0,0,0,0,127,89,83,121,254,253,254,253,255,84,136,91,32,0,213,89,102,66,127,254,83,254,223,255,127,255,95,191,175,22,0,4,12,0,0,0,136,128,112,104,112,0,48,0,0,0,2,254,6,254,0,0,0,0,0,36,6,130,6,0,0,0,0,0,1,9,4,3,104,0,0,16,0,0,16,60,255,0,0,0,0,0,0,0,0,0,0,0,0,0,0,0,0,229,251,146,251,54,251,13,251,98,249,38,255,32,255,70,255
2026-08-03_15-49-30,1,407,3,0.0,0,10.0,4,4,2,0,187,255,0,0,112,0,97,41,129,9,0,255,129,0,0,0,0,127,89,83,121,254,253,254,253,255,84,136,91,32,0,213,89,102,66,127,254,83,254,223,255,127,255,95,191,175,22,0,4,12,0,0,0,136,128,112,104,112,0,48,0,0,0,2,254,6,254,0,0,0,0,0,36,6,130,6,0,0,0,0,0,1,9,4,3,104,0,0,16,0,0,16,60,255,0,0,0,0,0,0,0,0,0,0,0,0,0,0,0,0,229,251,146,251,54,251,13,251,98,249,38,255,32,255,70,255,2,0,179,255,0,0,116,0,97,41,129,9,0,255,129,0,0,0,0,103,89,59,121,254,253,254,253,255,84,136,92,32,0,213,89,70,66,103,254,59,254,223,255,127,255,95,191,175,24,2,4,12,0,0,0,136,128,112,104,112,0,240,0,0,0,2,254,6,254,0,0,0,0,0,36,6,130,6,0,0,0,0,0,1,9,4,3,104,0,0,16,0,0,16,60,255,0,0,0,0,0,0,0,0,0,0,0,0,0,0,0,0,229,251,146,251,54,251,13,251,98,249,38,255,32,255,70,255
2026-08-03_15-49-30,1,408,3,0.0,0,10.0,4,4,2,0,179,255,0,0,116,0,97,41,129,9,0,255,129,0,0,0,0,103,89,59,121,254,253,254,253,255,84,136,92,32,0,213,89,70,66,103,254,59,254,223,255,127,255,95,191,175,24,2,4,12,0,0,0,136,128,112,104,112,0,240,0,0,0,2,254,6,254,0,0,0,0,0,36,6,130,6,0,0,0,0,0,1,9,4,3,104,0,0,16,0,0,16,60,255,0,0,0,0,0,0,0,0,0,0,0,0,0,0,0,0,229,251,146,251,54,251,13,251,98,249,38,255,32,255,70,255,2,0,61,255,0,0,120,0,97,41,129,9,0,255,129,0,0,0,0,127,89,83,121,254,253,254,253,255,84,136,94,32,0,213,89,38,66,127,254,83,254,223,255,127,255,95,191,175,22,0,4,12,0,0,0,136,128,112,104,112,0,176,0,0,0,2,254,6,254,0,0,0,0,0,36,6,130,6,0,0,0,0,0,1,9,4,3,104,0,0,16,0,0,16,60,255,0,0,0,0,0,0,0,0,0,0,0,0,0,0,0,0,229,251,146,251,54,251,13,251,98,249,38,255,32,255,70,255
2026-08-03_15-49-30,1,409,0,0.0,0,10.0,4,4,2,0,61,255,0,0,120,0,97,41,129,9,0,255,129,0,0,0,0,127,89,83,121,254,253,254,253,255,84,136,94,32,0,213,89,38,66,127,254,83,254,223,255,127,255,95,191,175,22,0,4,12,0,0,0,136,128,112,104,112,0,176,0,0,0,2,254,6,254,0,0,0,0,0,36,6,130,6,0,0,0,0,0,1,9,4,3,104,0,0,16,0,0,16,60,255,0,0,0,0,0,0,0,0,0,0,0,0,0,0,0,0,229,251,146,251,54,251,13,251,98,249,38,255,32,255,70,255,2,0,223,255,0,0,124,0,97,41,129,9,0,255,129,0,0,0,0,103,89,59,121,254,253,254,253,255,84,136,96,32,0,213,89,6,66,103,254,59,254,223,255,127,255,239,191,175,26,2,4,12,0,12,0,136,128,112,104,112,0,112,0,0,0,2,254,6,254,0,0,0,0,0,36,6,130,6,0,0,0,0,0,1,9,4,3,104,0,0,16,0,0,16,60,255,0,0,0,0,0,0,0,0,0,0,0,0,0,0,0,0,126,252,128,251,54,251,250,250,98,249,38,255,32,255,70,255
2026-08-03_15-49-30,1,410,0,0.0,0,10.0,4,4,2,0,223,255,0,0,124,0,97,41,129,9,0,255,129,0,0,0,0,103,89,59,121,254,253,254,253,255,84,136,96,32,0,213,89,6,66,103,254,59,254,223,255,127,255,239,191,175,26,2,4,12,0,12,0,136,128,112,104,112,0,112,0,0,0,2,254,6,254,0,0,0,0,0,36,6,130,6,0,0,0,0,0,1,9,4,3,104,0,0,16,0,0,16,60,255,0,0,0,0,0,0,0,0,0,0,0,0,0,0,0,0,126,252,128,251,54,251,250,250,98,249,38,255,32,255,70,255,2,0,250,255,0,0,128,0,97,41,127,9,0,255,128,0,0,0,0,127,89,96,121,254,253,254,253,255,84,136,96,32,0,213,89,6,66,127,254,96,254,223,255,239,255,175,222,175,22,0,4,12,0,12,0,136,128,112,104,112,0,48,0,0,0,2,254,6,254,0,0,0,0,0,36,6,130,6,0,0,0,0,0,1,9,4,3,192,0,0,16,0,0,16,60,255,0,0,0,0,0,0,0,0,0,0,0,0,0,0,0,0,126,252,128,251,54,251,250,250,98,249,38,255,32,255,70,255
2026-08-03_15-49-30,1,411,0,0.0,0,10.0,4,4,2,0,250,255,0,0,128,0,97,41,127,9,0,255,128,0,0,0,0,127,89,96,121,254,253,254,253,255,84,136,96,32,0,213,89,6,66,127,254,96,254,223,255,239,255,175,222,175,22,0,4,12,0,12,0,136,128,112,104,112,0,48,0,0,0,2,254,6,254,0,0,0,0,0,36,6,130,6,0,0,0,0,0,1,9,4,3,192,0,0,16,0,0,16,60,255,0,0,0,0,0,0,0,0,0,0,0,0,0,0,0,0,126,252,128,251,54,251,250,250,98,249,38,255,32,255,70,255,2,0,166,255,0,0,132,0,97,41,126,9,0,255,126,0,0,0,0,103,89,74,121,254,253,254,253,255,84,136,96,32,0,213,89,6,66,103,254,74,254,223,255,239,255,175,222,175,22,0,4,12,0,12,0,136,128,112,104,112,0,240,0,0,0,2,254,6,254,0,0,0,0,0,36,6,130,6,0,0,0,0,0,1,9,4,3,192,0,0,16,0,0,16,60,255,0,0,0,0,0,0,0,0,0,0,0,0,0,0,0,0,126,252,128,251,54,251,250,250,98,249,38,255,32,255,70,255
2026-08-03_15-49-30,1,412,0,0.0,0,10.0,4,4,2,0,166,255,0,0,132,0,97,41,126,9,0,255,126,0,0,0,0,103,89,74,121,254,253,254,253,255,84,136,96,32,0,213,89,6,66,103,254,74,254,223,255,239,255,175,222,175,22,0,4,12,0,12,0,136,128,112,104,112,0,240,0,0,0,2,254,6,254,0,0,0,0,0,36,6,130,6,0,0,0,0,0,1,9,4,3,192,0,0,16,0,0,16,60,255,0,0,0,0,0,0,0,0,0,0,0,0,0,0,0,0,126,252,128,251,54,251,250,250,98,249,38,255,32,255,70,255,2,0,102,255,0,0,136,0,97,41,124,9,0,255,255,0,0,0,0,127,89,100,121,254,253,254,253,255,84,136,96,32,0,213,89,6,66,127,254,100,254,223,255,239,255,175,222,175,22,0,4,12,0,12,0,136,128,112,104,112,0,176,0,0,0,2,254,6,254,0,0,0,0,0,36,6,130,6,0,0,0,0,0,1,9,4,3,192,0,0,16,0,0,16,60,255,0,0,0,0,0,0,0,0,0,0,0,0,0,0,0,0,126,252,128,251,54,251,250,250,98,249,38,255,32,255,70,255
2026-08-03_15-49-30,1,413,0,0.0,0,10.0,4,4,2,0,102,255,0,0,136,0,97,41,124,9,0,255,255,0,0,0,0,127,89,100,121,254,253,254,253,255,84,136,96,32,0,213,89,6,66,127,254,100,254,223,255,239,255,175,222,175,22,0,4,12,0,12,0,136,128,112,104,112,0,176,0,0,0,2,254,6,254,0,0,0,0,0,36,6,130,6,0,0,0,0,0,1,9,4,3,192,0,0,16,0,0,16,60,255,0,0,0,0,0,0,0,0,0,0,0,0,0,0,0,0,126,252,128,251,54,251,250,250,98,249,38,255,32,255,70,255,2,0,106,255,0,0,140,0,97,41,122,9,0,255,255,0,0,0,0,103,89,78,121,254,253,254,253,255,84,136,96,32,0,213,89,6,66,103,254,101,254,223,255,239,255,175,222,175,22,0,4,12,0,12,0,136,128,112,104,112,0,112,0,0,0,2,254,6,254,0,0,0,0,0,36,6,130,6,0,0,0,0,0,1,9,4,3,192,0,0,16,0,0,16,60,255,0,0,0,0,0,0,0,0,0,0,0,0,0,0,0,0,126,252,128,251,54,251,250,250,98,249,38,255,32,255,70,255
2026-08-03_15-49-30,1,414,0,0.0,0,10.0,4,4,2,0,106,255,0,0,140,0,97,41,122,9,0,255,255,0,0,0,0,103,89,78,121,254,253,254,253,255,84,136,96,32,0,213,89,6,66,103,254,101,254,223,255,239,255,175,222,175,22,0,4,12,0,12,0,136,128,112,104,112,0,112,0,0,0,2,254,6,254,0,0,0,0,0,36,6,130,6,0,0,0,0,0,1,9,4,3,192,0,0,16,0,0,16,60,255,0,0,0,0,0,0,0,0,0,0,0,0,0,0,0,0,126,252,128,251,54,251,250,250,98,249,38,255,32,255,70,255,2,0,163,255,0,0,144,0,97,41,120,9,0,255,255,0,0,0,0,127,89,103,121,254,253,254,253,255,84,136,96,32,0,213,89,6,66,127,254,101,254,223,255,239,255,175,222,175,26,2,4,12,0,12,0,136,128,112,104,112,0,48,0,0,0,2,254,6,254,0,0,0,0,0,36,6,130,6,0,0,0,0,0,1,9,4,3,192,0,0,16,0,0,16,60,255,0,0,0,0,0,0,0,0,0,0,0,0,0,0,0,0,126,252,128,251,54,251,250,250,98,249,38,255,32,255,70,255
2026-08-03_15-49-30,1,415,0,0.0,0,10.0,4,4,2,0,163,255,0,0,144,0,97,41,120,9,0,255,255,0,0,0,0,127,89,103,121,254,253,254,253,255,84,136,96,32,0,213,89,6,66,127,254,101,254,223,255,239,255,175,222,175,26,2,4,12,0,12,0,136,128,112,104,112,0,48,0,0,0,2,254,6,254,0,0,0,0,0,36,6,130,6,0,0,0,0,0,1,9,4,3,192,0,0,16,0,0,16,60,255,0,0,0,0,0,0,0,0,0,0,0,0,0,0,0,0,126,252,128,251,54,251,250,250,98,249,38,255,32,255,70,255,2,0,48,255,0,0,148,0,97,41,119,9,0,255,255,0,0,0,0,103,89,81,121,254,253,254,253,255,84,136,96,32,0,213,89,6,66,103,254,101,254,223,255,239,255,175,222,175,22,0,4,12,0,12,0,136,128,112,104,112,0,240,0,0,0,2,254,6,254,0,0,0,0,0,36,6,130,6,0,0,0,0,0,1,9,4,3,192,0,0,16,0,0,16,60,255,0,0,0,0,0,0,0,0,0,0,0,0,0,0,0,0,126,252,128,251,54,251,250,250,98,249,38,255,32,255,70,255
2026-08-03_15-49-30,1,416,0,0.0,0,10.0,4,4,2,0,48,255,0,0,148,0,97,41,119,9,0,255,255,0,0,0,0,103,89,81,121,254,253,254,253,255,84,136,96,32,0,213,89,6,66,103,254,101,254,223,255,239,255,175,222,175,22,0,4,12,0,12,0,136,128,112,104,112,0,240,0,0,0,2,254,6,254,0,0,0,0,0,36,6,130,6,0,0,0,0,0,1,9,4,3,192,0,0,16,0,0,16,60,255,0,0,0,0,0,0,0,0,0,0,0,0,0,0,0,0,126,252,128,251,54,251,250,250,98,249,38,255,32,255,70,255,2,0,7,255,0,0,152,0,97,41,117,9,0,255,255,0,0,0,0,127,89,107,121,254,253,254,253,255,84,136,96,32,0,213,89,6,66,127,254,107,254,223,255,239,255,175,222,175,22,0,4,12,0,12,0,136,128,112,104,112,0,176,0,0,0,2,254,6,254,0,0,0,0,0,36,6,130,6,0,0,0,0,0,1,9,4,3,192,0,0,16,0,0,16,60,255,0,0,0,0,0,0,0,0,0,0,0,0,0,0,0,0,126,252,128,251,54,251,250,250,98,249,38,255,32,255,70,255
2026-08-03_15-49-30,1,417,3,0.0,0,10.0,4,4,2,0,7,255,0,0,152,0,97,41,117,9,0,255,255,0,0,0,0,127,89,107,121,254,253,254,253,255,84,136,96,32,0,213,89,6,66,127,254,107,254,223,255,239,255,175,222,175,22,0,4,12,0,12,0,136,128,112,104,112,0,176,0,0,0,2,254,6,254,0,0,0,0,0,36,6,130,6,0,0,0,0,0,1,9,4,3,192,0,0,16,0,0,16,60,255,0,0,0,0,0,0,0,0,0,0,0,0,0,0,0,0,126,252,128,251,54,251,250,250,98,249,38,255,32,255,70,255,2,0,117,255,0,0,156,0,97,41,115,9,0,255,255,0,0,0,0,103,89,85,121,254,253,254,253,255,84,136,96,32,0,213,89,6,66,103,254,85,254,223,255,239,255,175,222,175,22,0,4,12,0,12,0,136,128,112,104,112,0,112,0,0,0,2,254,6,254,0,0,0,0,0,36,6,130,6,0,0,0,0,0,1,9,4,3,192,0,0,16,0,0,16,60,255,0,0,0,0,0,0,0,0,0,0,0,0,0,0,0,0,126,252,128,251,54,251,250,250,98,249,38,255,32,255,70,255
2026-08-03_15-49-30,1,418,3,0.0,0,10.0,4,4,2,0,117,255,0,0,156,0,97,41,115,9,0,255,255,0,0,0,0,103,89,85,121,254,253,254,253,255,84,136,96,32,0,213,89,6,66,103,254,85,254,223,255,239,255,175,222,175,22,0,4,12,0,12,0,136,128,112,104,112,0,112,0,0,0,2,254,6,254,0,0,0,0,0,36,6,130,6,0,0,0,0,0,1,9,4,3,192,0,0,16,0,0,16,60,255,0,0,0,0,0,0,0,0,0,0,0,0,0,0,0,0,126,252,128,251,54,251,250,250,98,249,38,255,32,255,70,255,2,0,85,255,0,0,160,0,97,41,113,9,0,255,255,0,0,0,0,127,89,110,121,254,253,254,253,255,84,136,96,32,0,213,89,6,66,127,254,109,254,223,255,239,255,175,222,175,22,0,4,12,0,12,0,136,128,112,104,112,0,48,0,0,0,2,254,6,254,0,0,0,0,0,36,6,130,6,0,0,0,0,0,1,9,4,3,192,0,0,16,0,0,16,60,255,0,0,0,0,0,0,0,0,0,0,0,0,0,0,0,0,126,252,128,251,54,251,250,250,98,249,38,255,32,255,70,255
2026-08-03_15-49-30,1,419,0,0.0,0,10.0,4,4,2,0,85,255,0,0,160,0,97,41,113,9,0,255,255,0,0,0,0,127,89,110,121,254,253,254,253,255,84,136,96,32,0,213,89,6,66,127,254,109,254,223,255,239,255,175,222,175,22,0,4,12,0,12,0,136,128,112,104,112,0,48,0,0,0,2,254,6,254,0,0,0,0,0,36,6,130,6,0,0,0,0,0,1,9,4,3,192,0,0,16,0,0,16,60,255,0,0,0,0,0,0,0,0,0,0,0,0,0,0,0,0,126,252,128,251,54,251,250,250,98,249,38,255,32,255,70,255,2,0,95,255,0,0,164,0,97,41,112,9,0,255,255,0,0,0,0,103,89,88,121,254,253,254,253,255,84,136,96,32,0,213,89,6,66,103,254,109,254,223,255,239,255,175,222,175,22,0,4,12,0,12,0,136,128,112,104,112,0,240,0,0,0,2,254,6,254,0,0,0,0,0,36,6,130,6,0,0,0,0,0,1,9,4,3,192,0,0,16,0,0,16,60,255,0,0,0,0,0,0,0,0,0,0,0,0,0,0,0,0,126,252,128,251,54,251,250,250,98,249,38,255,32,255,70,255
2026-08-03_15-49-30,1,420,0,0.0,0,10.0,4,4,2,0,95,255,0,0,164,0,97,41,112,9,0,255,255,0,0,0,0,103,89,88,121,254,253,254,253,255,84,136,96,32,0,213,89,6,66,103,254,109,254,223,255,239,255,175,222,175,22,0,4,12,0,12,0,136,128,112,104,112,0,240,0,0,0,2,254,6,254,0,0,0,0,0,36,6,130,6,0,0,0,0,0,1,9,4,3,192,0,0,16,0,0,16,60,255,0,0,0,0,0,0,0,0,0,0,0,0,0,0,0,0,126,252,128,251,54,251,250,250,98,249,38,255,32,255,70,255,2,0,242,255,0,0,168,0,97,41,110,9,0,255,255,0,0,0,0,127,89,114,121,254,253,254,253,255,84,136,96,32,0,213,89,6,66,127,254,114,254,223,255,239,255,175,222,175,22,0,4,12,0,12,0,136,128,112,104,112,0,176,0,0,0,2,254,6,254,0,0,0,0,0,36,6,130,6,0,0,0,0,0,1,9,4,3,192,0,0,16,0,0,16,60,255,0,0,0,0,0,0,0,0,0,0,0,0,0,0,0,0,126,252,128,251,54,251,250,250,98,249,38,255,32,255,70,255
2026-08-03_15-49-30,1,421,0,0.0,0,10.0,4,4,2,0,242,255,0,0,168,0,97,41,110,9,0,255,255,0,0,0,0,127,89,114,121,254,253,254,253,255,84,136,96,32,0,213,89,6,66,127,254,114,254,223,255,239,255,175,222,175,22,0,4,12,0,12,0,136,128,112,104,112,0,176,0,0,0,2,254,6,254,0,0,0,0,0,36,6,130,6,0,0,0,0,0,1,9,4,3,192,0,0,16,0,0,16,60,255,0,0,0,0,0,0,0,0,0,0,0,0,0,0,0,0,126,252,128,251,54,251,250,250,98,249,38,255,32,255,70,255,2,0,40,255,0,0,172,0,97,41,108,9,0,255,255,0,0,0,0,103,89,92,121,254,253,254,253,255,84,136,96,32,0,213,89,6,66,103,254,92,254,223,255,239,255,175,222,175,22,0,4,12,0,12,0,136,128,112,104,112,0,112,0,0,0,2,254,6,254,0,0,0,0,0,36,6,130,6,0,0,0,0,0,1,9,4,3,192,0,0,16,0,0,16,60,255,0,0,0,0,0,0,0,0,0,0,0,0,0,0,0,0,126,252,128,251,54,251,250,250,98,249,38,255,32,255,70,255
2026-08-03_15-49-30,1,422,0,0.0,0,10.0,4,4,2,0,40,255,0,0,172,0,97,41,108,9,0,255,255,0,0,0,0,103,89,92,121,254,253,254,253,255,84,136,96,32,0,213,89,6,66,103,254,92,254,223,255,239,255,175,222,175,22,0,4,12,0,12,0,136,128,112,104,112,0,112,0,0,0,2,254,6,254,0,0,0,0,0,36,6,130,6,0,0,0,0,0,1,9,4,3,192,0,0,16,0,0,16,60,255,0,0,0,0,0,0,0,0,0,0,0,0,0,0,0,0,126,252,128,251,54,251,250,250,98,249,38,255,32,255,70,255,2,0,132,255,0,0,176,0,97,41,106,9,0,255,255,0,0,0,0,127,89,117,121,254,253,254,253,255,84,136,96,32,0,213,89,6,66,127,254,117,254,223,255,239,255,175,222,175,22,0,4,12,0,12,0,136,128,112,104,112,0,48,0,0,0,2,254,6,254,0,0,0,0,0,36,6,130,6,0,0,0,0,0,1,9,4,3,192,0,0,16,0,0,16,60,255,0,0,0,0,0,0,0,0,0,0,0,0,0,0,0,0,126,252,128,251,54,251,250,250,98,249,38,255,32,255,70,255
2026-08-03_15-49-30,1,423,2,0.0,0,10.0,4,4,2,0,132,255,0,0,176,0,97,41,106,9,0,255,255,0,0,0,0,127,89,117,121,254,253,254,253,255,84,136,96,32,0,213,89,6,66,127,254,117,254,223,255,239,255,175,222,175,22,0,4,12,0,12,0,136,128,112,104,112,0,48,0,0,0,2,254,6,254,0,0,0,0,0,36,6,130,6,0,0,0,0,0,1,9,4,3,192,0,0,16,0,0,16,60,255,0,0,0,0,0,0,0,0,0,0,0,0,0,0,0,0,126,252,128,251,54,251,250,250,98,249,38,255,32,255,70,255,2,0,79,255,0,0,180,0,95,41,105,9,0,255,255,0,0,0,0,104,89,95,121,254,253,254,253,255,84,136,96,32,0,213,89,6,66,104,254,117,254,239,255,239,255,175,222,175,26,2,4,12,0,12,0,136,128,112,104,8,0,240,0,0,0,2,254,6,254,0,0,0,0,0,36,6,130,6,0,0,0,0,0,1,9,4,3,192,0,0,16,0,0,16,60,255,0,0,0,0,0,0,0,0,0,0,0,0,0,0,0,0,126,252,128,251,54,251,250,250,98,249,38,255,32,255,70,255
2026-08-03_15-49-30,1,424,2,0.0,0,10.0,4,4,2,0,79,255,0,0,180,0,95,41,105,9,0,255,255,0,0,0,0,104,89,95,121,254,253,254,253,255,84,136,96,32,0,213,89,6,66,104,254,117,254,239,255,239,255,175,222,175,26,2,4,12,0,12,0,136,128,112,104,8,0,240,0,0,0,2,254,6,254,0,0,0,0,0,36,6,130,6,0,0,0,0,0,1,9,4,3,192,0,0,16,0,0,16,60,255,0,0,0,0,0,0,0,0,0,0,0,0,0,0,0,0,126,252,128,251,54,251,250,250,98,249,38,255,32,255,70,255,2,0,255,255,0,0,184,0,93,41,103,9,0,255,255,0,0,0,0,130,89,121,121,254,253,254,253,255,84,136,96,32,0,213,89,6,66,128,254,117,254,239,255,239,255,175,222,175,26,2,4,12,0,12,0,136,128,112,104,40,0,176,0,0,0,2,254,6,254,0,0,0,0,0,36,6,130,6,0,0,0,0,0,1,9,4,3,192,0,0,16,0,0,16,60,255,0,0,0,0,0,0,0,0,0,0,0,0,0,0,0,0,126,252,128,251,54,251,250,250,98,249,38,255,32,255,70,255
2026-08-03_15-49-30,1,425,2,0.0,0,10.0,4,4,2,0,255,255,0,0,184,0,93,41,103,9,0,255,255,0,0,0,0,130,89,121,121,254,253,254,253,255,84,136,96,32,0,213,89,6,66,128,254,117,254,239,255,239,255,175,222,175,26,2,4,12,0,12,0,136,128,112,104,40,0,176,0,0,0,2,254,6,254,0,0,0,0,0,36,6,130,6,0,0,0,0,0,1,9,4,3,192,0,0,16,0,0,16,60,255,0,0,0,0,0,0,0,0,0,0,0,0,0,0,0,0,126,252,128,251,54,251,250,250,98,249,38,255,32,255,70,255,2,0,240,255,0,0,188,0,91,41,101,9,0,255,255,0,0,0,0,108,89,99,121,254,253,254,253,255,84,136,96,32,0,213,89,6,66,128,254,99,254,239,255,239,255,175,222,175,26,2,4,12,0,12,0,136,128,112,104,72,0,112,0,0,0,2,254,6,254,0,0,0,0,0,36,6,130,6,0,0,0,0,0,1,9,4,3,192,0,0,16,0,0,16,60,255,0,0,0,0,0,0,0,0,0,0,0,0,0,0,0,0,126,252,128,251,54,251,250,250,98,249,38,255,32,255,70,255
2026-08-03_15-49-30,1,426,0,0.0,0,10.0,4,4,2,0,240,255,0,0,188,0,91,41,101,9,0,255,255,0,0,0,0,108,89,99,121,254,253,254,253,255,84,136,96,32,0,213,89,6,66,128,254,99,254,239,255,239,255,175,222,175,26,2,4,12,0,12,0,136,128,112,104,72,0,112,0,0,0,2,254,6,254,0,0,0,0,0,36,6,130,6,0,0,0,0,0,1,9,4,3,192,0,0,16,0,0,16,60,255,0,0,0,0,0,0,0,0,0,0,0,0,0,0,0,0,126,252,128,251,54,251,250,250,98,249,38,255,32,255,70,255,2,0,11,255,0,0,192,0,89,41,99,9,0,255,255,0,0,0,0,134,89,124,121,254,253,254,253,255,84,136,96,32,0,213,89,6,66,134,254,124,254,239,255,239,255,175,222,175,26,2,4,12,0,12,0,136,128,112,104,104,0,48,0,0,0,2,254,6,254,0,0,0,0,0,36,6,130,6,0,0,0,0,0,1,9,4,3,192,0,0,16,0,0,16,60,255,0,0,0,0,0,0,0,0,0,0,0,0,0,0,0,0,126,252,128,251,54,251,250,250,98,249,38,255,32,255,70,255
2026-08-03_15-49-30,1,427,3,0.0,0,10.0,4,4,2,0,11,255,0,0,192,0,89,41,99,9,0,255,255,0,0,0,0,134,89,124,121,254,253,254,253,255,84,136,96,32,0,213,89,6,66,134,254,124,254,239,255,239,255,175,222,175,26,2,4,12,0,12,0,136,128,112,104,104,0,48,0,0,0,2,254,6,254,0,0,0,0,0,36,6,130,6,0,0,0,0,0,1,9,4,3,192,0,0,16,0,0,16,60,255,0,0,0,0,0,0,0,0,0,0,0,0,0,0,0,0,126,252,128,251,54,251,250,250,98,249,38,255,32,255,70,255,2,0,188,255,0,0,196,0,89,41,98,9,0,255,255,0,0,0,0,99,89,102,121,254,253,254,253,255,87,136,96,32,0,181,89,6,66,99,254,125,254,127,255,239,255,175,222,175,23,0,4,0,0,12,0,136,128,112,104,0,0,240,0,0,0,2,254,6,254,0,0,0,0,0,36,6,130,6,0,0,0,0,0,1,9,4,3,192,0,0,16,0,0,16,60,255,0,0,0,0,0,0,0,0,0,0,0,0,0,0,0,0,126,252,128,251,54,251,250,250,98,249,38,255,32,255,70,255
2026-08-03_15-49-30,1,428,3,0.0,0,10.0,4,4,2,0,188,255,0,0,196,0,89,41,98,9,0,255,255,0,0,0,0,99,89,102,121,254,253,254,253,255,87,136,96,32,0,181,89,6,66,99,254,125,254,127,255,239,255,175,222,175,23,0,4,0,0,12,0,136,128,112,104,0,0,240,0,0,0,2,254,6,254,0,0,0,0,0,36,6,130,6,0,0,0,0,0,1,9,4,3,192,0,0,16,0,0,16,60,255,0,0,0,0,0,0,0,0,0,0,0,0,0,0,0,0,126,252,128,251,54,251,250,250,98,249,38,255,32,255,70,255,2,0,198,255,0,0,200,0,89,41,96,9,0,255,255,0,0,0,0,123,89,128,121,254,253,254,253,255,89,136,96,32,0,149,89,6,66,123,254,125,254,127,255,239,255,175,222,175,26,0,4,0,0,12,0,136,128,112,104,32,0,176,0,0,0,2,254,6,254,0,0,0,0,0,36,6,130,6,0,0,0,0,0,1,9,4,3,192,0,0,16,0,0,16,60,255,0,0,0,0,0,0,0,0,0,0,0,0,0,0,0,0,126,252,128,251,54,251,250,250,98,249,38,255,32,255,70,255
2026-08-03_15-49-30,1,429,3,0.0,0,10.0,4,4,2,0,198,255,0,0,200,0,89,41,96,9,0,255,255,0,0,0,0,123,89,128,121,254,253,254,253,255,89,136,96,32,0,149,89,6,66,123,254,125,254,127,255,239,255,175,222,175,26,0,4,0,0,12,0,136,128,112,104,32,0,176,0,0,0,2,254,6,254,0,0,0,0,0,36,6,130,6,0,0,0,0,0,1,9,4,3,192,0,0,16,0,0,16,60,255,0,0,0,0,0,0,0,0,0,0,0,0,0,0,0,0,126,252,128,251,54,251,250,250,98,249,38,255,32,255,70,255,2,0,104,255,0,0,204,0,89,41,94,9,0,255,255,0,0,0,0,99,89,106,121,254,253,254,253,255,91,136,96,32,0,102,89,6,66,99,254,125,254,127,255,239,255,175,222,175,26,0,4,0,0,12,0,136,128,112,104,64,0,112,0,0,0,2,254,6,254,0,0,0,0,0,36,6,130,6,0,0,0,0,0,1,9,4,3,192,0,0,16,0,0,16,60,255,0,0,0,0,0,0,0,0,0,0,0,0,0,0,0,0,126,252,128,251,54,251,250,250,98,249,38,255,32,255,70,255
2026-08-03_15-49-30,1,430,0,0.0,0,10.0,4,4,2,0,104,255,0,0,204,0,89,41,94,9,0,255,255,0,0,0,0,99,89,106,121,254,253,254,253,255,91,136,96,32,0,102,89,6,66,99,254,125,254,127,255,239,255,175,222,175,26,0,4,0,0,12,0,136,128,112,104,64,0,112,0,0,0,2,254,6,254,0,0,0,0,0,36,6,130,6,0,0,0,0,0,1,9,4,3,192,0,0,16,0,0,16,60,255,0,0,0,0,0,0,0,0,0,0,0,0,0,0,0,0,126,252,128,251,54,251,250,250,98,249,38,255,32,255,70,255,2,0,128,255,0,0,208,0,90,41,93,9,0,255,255,0,0,0,0,52,89,131,121,253,253,254,253,255,92,136,96,32,0,70,89,6,66,52,253,131,254,255,255,239,255,175,3,175,26,0,4,0,0,12,0,136,128,112,104,80,0,80,0,0,0,2,254,6,254,0,0,0,0,0,36,6,130,6,198,0,0,0,0,1,9,4,3,192,0,0,16,0,0,16,60,255,200,0,0,0,0,0,0,0,0,0,0,0,0,0,0,0,126,252,128,251,150,255,150,255,150,255,38,255,32,255,70,255
2026-08-03_15-49-30,1,431,0,0.0,0,10.0,4,4,2,0,128,255,0,0,208,0,90,41,93,9,0,255,255,0,0,0,0,52,89,131,121,253,253,254,253,255,92,136,96,32,0,70,89,6,66,52,253,131,254,255,255,239,255,175,3,175,26,0,4,0,0,12,0,136,128,112,104,80,0,80,0,0,0,2,254,6,254,0,0,0,0,0,36,6,130,6,198,0,0,0,0,1,9,4,3,192,0,0,16,0,0,16,60,255,200,0,0,0,0,0,0,0,0,0,0,0,0,0,0,0,126,252,128,251,150,255,150,255,150,255,38,255,32,255,70,255,2,0,8,255,0,0,212,0,90,41,93,9,0,255,255,0,0,0,0,52,89,107,121,253,253,254,253,255,92,136,96,32,0,70,89,6,66,52,253,107,254,255,255,239,255,175,3,175,26,0,4,0,0,12,0,136,128,112,104,80,0,80,0,0,0,2,254,6,254,0,0,0,0,0,36,6,130,6,194,0,0,0,0,1,9,4,3,192,0,0,16,0,0,16,60,255,200,0,0,0,0,0,0,0,0,0,0,0,0,0,0,0,126,252,128,251,150,255,150,255,150,255,38,255,32,255,70,255
2026-08-03_15-49-30,1,432,0,0.0,0,10.0,4,4,2,0,8,255,0,0,212,0,90,41,93,9,0,255,255,0,0,0,0,52,89,107,121,253,253,254,253,255,92,136,96,32,0,70,89,6,66,52,253,107,254,255,255,239,255,175,3,175,26,0,4,0,0,12,0,136,128,112,104,80,0,80,0,0,0,2,254,6,254,0,0,0,0,0,36,6,130,6,194,0,0,0,0,1,9,4,3,192,0,0,16,0,0,16,60,255,200,0,0,0,0,0,0,0,0,0,0,0,0,0,0,0,126,252,128,251,150,255,150,255,150,255,38,255,32,255,70,255,2,0,142,255,0,0,216,0,90,41,93,9,0,255,255,0,0,0,0,52,89,131,121,253,253,254,253,255,92,136,96,32,0,70,89,6,66,52,253,131,254,255,255,239,255,175,3,175,26,0,4,0,0,12,0,136,128,112,104,80,0,80,0,0,0,2,254,6,254,0,0,0,0,0,36,6,130,6,190,0,0,0,0,1,9,4,3,192,0,0,16,0,0,16,60,255,200,0,0,0,0,0,0,0,0,0,0,0,0,0,0,0,126,252,128,251,150,255,150,255,150,255,38,255,32,255,70,255
2026-08-03_15-49-30,1,433,0,0.0,0,10.0,4,4,2,0,142,255,0,0,216,0,90,41,93,9,0,255,255,0,0,0,0,52,89,131,121,253,253,254,253,255,92,136,96,32,0,70,89,6,66,52,253,131,254,255,255,239,255,175,3,175,26,0,4,0,0,12,0,136,128,112,104,80,0,80,0,0,0,2,254,6,254,0,0,0,0,0,36,6,130,6,190,0,0,0,0,1,9,4,3,192,0,0,16,0,0,16,60,255,200,0,0,0,0,0,0,0,0,0,0,0,0,0,0,0,126,252,128,251,150,255,150,255,150,255,38,255,32,255,70,255,2,0,226,255,0,0,220,0,90,41,93,9,0,255,255,0,0,0,0,52,89,107,121,253,253,254,253,255,92,136,96,32,0,70,89,6,66,52,253,107,254,255,255,239,255,175,3,175,26,0,4,0,0,12,0,136,128,112,104,80,0,80,0,0,0,2,254,6,254,0,0,0,0,0,36,6,130,6,186,0,0,0,0,1,9,4,3,192,0,0,16,0,0,16,60,255,200,0,0,0,0,0,0,0,0,0,0,0,0,0,0,0,126,252,128,251,150,255,150,255,150,255,38,255,32,255,70,255
2026-08-03_15-49-30,1,434,0,0.0,0,10.0,4,4,2,0,226,255,0,0,220,0,90,41,93,9,0,255,255,0,0,0,0,52,89,107,121,253,253,254,253,255,92,136,96,32,0,70,89,6,66,52,253,107,254,255,255,239,255,175,3,175,26,0,4,0,0,12,0,136,128,112,104,80,0,80,0,0,0,2,254,6,254,0,0,0,0,0,36,6,130,6,186,0,0,0,0,1,9,4,3,192,0,0,16,0,0,16,60,255,200,0,0,0,0,0,0,0,0,0,0,0,0,0,0,0,126,252,128,251,150,255,150,255,150,255,38,255,32,255,70,255,2,0,37,255,0,0,224,0,90,41,93,9,0,255,255,0,0,0,0,52,89,131,121,253,253,254,253,255,92,136,96,32,0,70,89,6,66,52,253,131,254,255,255,239,255,175,3,175,26,0,4,0,0,12,0,136,128,112,104,80,0,80,0,0,0,2,254,6,254,0,0,0,0,0,36,6,130,6,182,0,0,0,0,1,9,4,3,192,0,0,16,0,0,16,60,255,200,0,0,0,0,0,0,0,0,0,0,0,0,0,0,0,126,252,128,251,150,255,150,255,150,255,38,255,32,255,70,255
2026-08-03_15-49-30,1,435,0,0.0,0,10.0,4,4,2,0,37,255,0,0,224,0,90,41,93,9,0,255,255,0,0,0,0,52,89,131,121,253,253,254,253,255,92,136,96,32,0,70,89,6,66,52,253,131,254,255,255,239,255,175,3,175,26,0,4,0,0,12,0,136,128,112,104,80,0,80,0,0,0,2,254,6,254,0,0,0,0,0,36,6,130,6,182,0,0,0,0,1,9,4,3,192,0,0,16,0,0,16,60,255,200,0,0,0,0,0,0,0,0,0,0,0,0,0,0,0,126,252,128,251,150,255,150,255,150,255,38,255,32,255,70,255,2,0,92,255,0,0,228,0,90,41,93,9,0,255,255,0,0,0,0,52,89,107,121,253,253,254,253,255,92,136,96,32,0,70,89,6,66,52,253,107,254,255,255,239,255,175,3,175,26,0,4,0,0,12,0,136,128,112,104,80,0,80,0,0,0,2,254,6,254,0,0,0,0,0,36,6,130,6,178,0,0,0,0,1,9,4,3,192,0,0,16,0,0,16,60,255,200,0,0,0,0,0,0,0,0,0,0,0,0,0,0,0,126,252,128,251,150,255,150,255,150,255,38,255,32,255,70,255
2026-08-03_15-49-30,1,436,0,0.0,0,10.0,4,4,2,0,92,255,0,0,228,0,90,41,93,9,0,255,255,0,0,0,0,52,89,107,121,253,253,254,253,255,92,136,96,32,0,70,89,6,66,52,253,107,254,255,255,239,255,175,3,175,26,0,4,0,0,12,0,136,128,112,104,80,0,80,0,0,0,2,254,6,254,0,0,0,0,0,36,6,130,6,178,0,0,0,0,1,9,4,3,192,0,0,16,0,0,16,60,255,200,0,0,0,0,0,0,0,0,0,0,0,0,0,0,0,126,252,128,251,150,255,150,255,150,255,38,255,32,255,70,255,2,0,192,255,0,0,232,0,90,41,93,9,0,255,255,0,0,0,0,52,89,131,121,253,253,254,253,255,92,136,96,32,0,70,89,6,66,52,253,131,254,255,255,239,255,175,3,175,26,0,4,0,0,12,0,136,128,112,104,80,0,80,0,0,0,2,254,6,254,0,0,0,0,0,36,6,130,6,174,0,0,0,0,1,9,4,3,192,0,0,16,0,0,16,60,255,200,0,0,0,0,0,0,0,0,0,0,0,0,0,0,0,126,252,128,251,150,255,150,255,150,255,38,255,32,255,70,255
2026-08-03_15-49-30,1,437,0,0.0,0,10.0,4,4,2,0,192,255,0,0,232,0,90,41,93,9,0,255,255,0,0,0,0,52,89,131,121,253,253,254,253,255,92,136,96,32,0,70,89,6,66,52,253,131,254,255,255,239,255,175,3,175,26,0,4,0,0,12,0,136,128,112,104,80,0,80,0,0,0,2,254,6,254,0,0,0,0,0,36,6,130,6,174,0,0,0,0,1,9,4,3,192,0,0,16,0,0,16,60,255,200,0,0,0,0,0,0,0,0,0,0,0,0,0,0,0,126,252,128,251,150,255,150,255,150,255,38,255,32,255,70,255,2,0,12,255,0,0,236,0,90,41,93,9,0,255,255,0,0,0,0,52,89,107,121,253,253,254,253,255,92,136,96,32,0,70,89,6,66,52,253,107,254,255,255,239,255,175,3,175,26,0,4,0,0,12,0,136,128,112,104,80,0,80,0,0,0,2,254,6,254,0,0,0,0,0,36,6,130,6,170,0,0,0,0,1,9,4,3,192,0,0,16,0,0,16,60,255,200,0,0,0,0,0,0,0,0,0,0,0,0,0,0,0,126,252,128,251,150,255,150,255,150,255,38,255,32,255,70,255
2026-08-03_15-49-30,1,438,0,0.0,0,10.0,4,4,2,0,12,255,0,0,236,0,90,41,93,9,0,255,255,0,0,0,0,52,89,107,121,253,253,254,253,255,92,136,96,32,0,70,89,6,66,52,253,107,254,255,255,239,255,175,3,175,26,0,4,0,0,12,0,136,128,112,104,80,0,80,0,0,0,2,254,6,254,0,0,0,0,0,36,6,130,6,170,0,0,0,0,1,9,4,3,192,0,0,16,0,0,16,60,255,200,0,0,0,0,0,0,0,0,0,0,0,0,0,0,0,126,252,128,251,150,255,150,255,150,255,38,255,32,255,70,255,2,0,201,255,0,0,240,0,90,41,93,9,0,255,255,0,0,0,0,52,89,131,121,253,253,254,253,255,92,136,96,32,0,70,89,6,66,52,253,131,254,255,255,239,255,175,3,175,26,0,4,0,0,12,0,136,128,112,104,80,0,80,0,0,0,2,254,6,254,0,0,0,0,0,36,6,130,6,166,0,0,0,0,1,9,4,3,192,0,0,16,0,0,16,60,255,200,0,0,0,0,0,0,0,0,0,0,0,0,0,0,0,126,252,128,251,150,255,150,255,150,255,38,255,32,255,70,255
2026-08-03_15-49-30,1,439,0,0.0,0,10.0,4,4,2,0,201,255,0,0,240,0,90,41,93,9,0,255,255,0,0,0,0,52,89,131,121,253,253,254,253,255,92,136,96,32,0,70,89,6,66,52,253,131,254,255,255,239,255,175,3,175,26,0,4,0,0,12,0,136,128,112,104,80,0,80,0,0,0,2,254,6,254,0,0,0,0,0,36,6,130,6,166,0,0,0,0,1,9,4,3,192,0,0,16,0,0,16,60,255,200,0,0,0,0,0,0,0,0,0,0,0,0,0,0,0,126,252,128,251,150,255,150,255,150,255,38,255,32,255,70,255,2,0,147,255,0,0,244,0,90,41,93,9,0,255,255,0,0,0,0,52,89,107,121,253,253,254,253,255,92,136,96,32,0,70,89,6,66,52,253,107,254,255,255,239,255,175,3,175,26,0,4,0,0,12,0,136,128,112,104,80,0,80,0,0,0,2,254,6,254,0,0,0,0,0,36,6,130,6,162,0,0,0,0,1,9,4,3,192,0,0,16,0,0,16,60,255,200,0,0,0,0,0,0,0,0,0,0,0,0,0,0,0,126,252,128,251,150,255,150,255,150,255,38,255,32,255,70,255
2026-08-03_15-49-30,1,440,0,0.0,0,10.0,4,4,2,0,147,255,0,0,244,0,90,41,93,9,0,255,255,0,0,0,0,52,89,107,121,253,253,254,253,255,92,136,96,32,0,70,89,6,66,52,253,107,254,255,255,239,255,175,3,175,26,0,4,0,0,12,0,136,128,112,104,80,0,80,0,0,0,2,254,6,254,0,0,0,0,0,36,6,130,6,162,0,0,0,0,1,9,4,3,192,0,0,16,0,0,16,60,255,200,0,0,0,0,0,0,0,0,0,0,0,0,0,0,0,126,252,128,251,150,255,150,255,150,255,38,255,32,255,70,255,2,0,55,255,0,0,248,0,90,41,93,9,0,255,255,0,0,0,0,52,89,131,121,253,253,254,253,255,92,136,96,32,0,70,89,6,66,52,253,131,254,255,255,239,255,175,3,175,26,0,4,0,0,12,0,136,128,112,104,80,0,80,0,0,0,2,254,6,254,0,0,0,0,0,36,6,130,6,158,0,0,0,0,1,9,4,3,192,0,0,16,0,0,16,60,255,200,0,0,0,0,0,0,0,0,0,0,0,0,0,0,0,126,252,128,251,150,255,150,255,150,255,38,255,32,255,70,255
2026-08-03_15-49-30,1,441,0,0.0,0,10.0,4,4,2,0,55,255,0,0,248,0,90,41,93,9,0,255,255,0,0,0,0,52,89,131,121,253,253,254,253,255,92,136,96,32,0,70,89,6,66,52,253,131,254,255,255,239,255,175,3,175,26,0,4,0,0,12,0,136,128,112,104,80,0,80,0,0,0,2,254,6,254,0,0,0,0,0,36,6,130,6,158,0,0,0,0,1,9,4,3,192,0,0,16,0,0,16,60,255,200,0,0,0,0,0,0,0,0,0,0,0,0,0,0,0,126,252,128,251,150,255,150,255,150,255,38,255,32,255,70,255,2,0,114,255,0,0,252,0,90,41,93,9,0,255,255,0,0,0,0,52,89,107,121,253,253,254,253,255,92,136,96,32,0,70,89,6,66,52,253,107,254,255,255,239,255,175,3,175,26,0,4,0,0,12,0,136,128,112,104,80,0,80,0,0,0,2,254,6,254,0,0,0,0,0,36,6,130,6,154,0,0,0,0,1,9,4,3,192,0,0,16,0,0,16,60,255,200,0,0,0,0,0,0,0,0,0,0,0,0,0,0,0,126,252,128,251,150,255,150,255,150,255,38,255,32,255,70,255
2026-08-03_15-49-30,1,442,0,0.0,0,10.0,4,4,2,0,114,255,0,0,252,0,90,41,93,9,0,255,255,0,0,0,0,52,89,107,121,253,253,254,253,255,92,136,96,32,0,70,89,6,66,52,253,107,254,255,255,239,255,175,3,175,26,0,4,0,0,12,0,136,128,112,104,80,0,80,0,0,0,2,254,6,254,0,0,0,0,0,36,6,130,6,154,0,0,0,0,1,9,4,3,192,0,0,16,0,0,16,60,255,200,0,0,0,0,0,0,0,0,0,0,0,0,0,0,0,126,252,128,251,150,255,150,255,150,255,38,255,32,255,70,255,2,0,32,255,0,0,0,1,90,41,93,9,0,255,255,0,0,0,0,52,89,131,121,253,253,254,253,255,92,136,96,32,0,70,89,6,66,52,253,131,254,255,255,239,255,175,3,175,26,0,4,0,0,12,0,136,128,112,104,80,0,80,0,0,0,2,254,6,254,0,0,0,0,0,36,6,130,6,150,0,0,0,0,1,9,4,3,192,0,0,16,0,0,16,60,255,200,0,0,0,0,0,0,0,0,0,0,0,0,0,0,0,126,252,128,251,150,255,150,255,150,255,38,255,32,255,70,255
2026-08-03_15-49-30,1,443,0,0.0,0,10.0,4,4,2,0,32,255,0,0,0,1,90,41,93,9,0,255,255,0,0,0,0,52,89,131,121,253,253,254,253,255,92,136,96,32,0,70,89,6,66,52,253,131,254,255,255,239,255,175,3,175,26,0,4,0,0,12,0,136,128,112,104,80,0,80,0,0,0,2,254,6,254,0,0,0,0,0,36,6,130,6,150,0,0,0,0,1,9,4,3,192,0,0,16,0,0,16,60,255,200,0,0,0,0,0,0,0,0,0,0,0,0,0,0,0,126,252,128,251,150,255,150,255,150,255,38,255,32,255,70,255,2,0,10,255,0,0,4,1,90,41,93,9,0,255,255,0,0,0,0,52,89,107,121,253,253,254,253,255,92,136,96,32,0,70,89,6,66,52,253,107,254,255,255,239,255,175,3,175,26,0,4,0,0,12,0,136,128,112,104,80,0,80,0,0,0,2,254,6,254,0,0,0,0,0,36,6,130,6,146,0,0,0,0,1,9,4,3,192,0,0,16,0,0,16,60,255,200,0,0,0,0,0,0,0,0,0,0,0,0,0,0,0,126,252,128,251,150,255,150,255,150,255,38,255,32,255,70,255
2026-08-03_15-49-30,1,444,0,0.0,0,10.0,4,4,2,0,10,255,0,0,4,1,90,41,93,9,0,255,255,0,0,0,0,52,89,107,121,253,253,254,253,255,92,136,96,32,0,70,89,6,66,52,253,107,254,255,255,239,255,175,3,175,26,0,4,0,0,12,0,136,128,112,104,80,0,80,0,0,0,2,254,6,254,0,0,0,0,0,36,6,130,6,146,0,0,0,0,1,9,4,3,192,0,0,16,0,0,16,60,255,200,0,0,0,0,0,0,0,0,0,0,0,0,0,0,0,126,252,128,251,150,255,150,255,150,255,38,255,32,255,70,255,2,0,173,255,0,0,8,1,90,41,93,9,0,255,255,0,0,0,0,52,89,131,121,253,253,254,253,255,92,136,96,32,0,70,89,6,66,52,253,131,254,255,255,239,255,175,3,175,26,0,4,0,0,12,0,136,128,112,104,80,0,80,0,0,0,2,254,6,254,0,0,0,0,0,36,6,130,6,142,0,0,0,0,1,9,4,3,192,0,0,16,0,0,16,60,255,200,0,0,0,0,0,0,0,0,0,0,0,0,0,0,0,126,252,128,251,150,255,150,255,150,255,38,255,32,255,70,255
2026-08-03_15-49-30,1,445,0,0.0,0,10.0,4,4,2,0,173,255,0,0,8,1,90,41,93,9,0,255,255,0,0,0,0,52,89,131,121,253,253,254,253,255,92,136,96,32,0,70,89,6,66,52,253,131,254,255,255,239,255,175,3,175,26,0,4,0,0,12,0,136,128,112,104,80,0,80,0,0,0,2,254,6,254,0,0,0,0,0,36,6,130,6,142,0,0,0,0,1,9,4,3,192,0,0,16,0,0,16,60,255,200,0,0,0,0,0,0,0,0,0,0,0,0,0,0,0,126,252,128,251,150,255,150,255,150,255,38,255,32,255,70,255,2,0,218,255,0,0,12,1,90,41,93,9,0,255,255,0,0,0,0,52,89,107,121,253,253,254,253,255,92,136,96,32,0,70,89,6,66,52,253,107,254,255,255,239,255,175,3,175,26,0,4,0,0,12,0,136,128,112,104,80,0,80,0,0,0,2,254,6,254,0,0,0,0,0,36,6,130,6,138,0,0,0,0,1,9,4,3,192,0,0,16,0,0,16,60,255,200,0,0,0,0,0,0,0,0,0,0,0,0,0,0,0,126,252,128,251,150,255,150,255,150,255,38,255,32,255,70,255
2026-08-03_15-49-30,1,446,0,0.0,0,10.0,4,4,2,0,218,255,0,0,12,1,90,41,93,9,0,255,255,0,0,0,0,52,89,107,121,253,253,254,253,255,92,136,96,32,0,70,89,6,66,52,253,107,254,255,255,239,255,175,3,175,26,0,4,0,0,12,0,136,128,112,104,80,0,80,0,0,0,2,254,6,254,0,0,0,0,0,36,6,130,6,138,0,0,0,0,1,9,4,3,192,0,0,16,0,0,16,60,255,200,0,0,0,0,0,0,0,0,0,0,0,0,0,0,0,126,252,128,251,150,255,150,255,150,255,38,255,32,255,70,255,2,0,172,255,0,0,16,1,90,41,93,9,0,255,255,0,0,0,0,52,89,131,121,253,253,254,253,255,92,136,96,32,0,70,89,6,66,52,253,131,254,255,255,239,255,175,3,175,26,0,4,0,0,12,0,136,128,112,104,80,0,80,0,0,0,2,254,6,254,0,0,0,0,0,36,6,130,6,134,0,0,0,0,1,9,4,3,192,0,0,16,0,0,16,60,255,200,0,0,0,0,0,0,0,0,0,0,0,0,0,0,0,126,252,128,251,150,255,150,255,150,255,38,255,32,255,70,255
2026-08-03_15-49-30,1,447,0,0.0,0,10.0,4,4,2,0,172,255,0,0,16,1,90,41,93,9,0,255,255,0,0,0,0,52,89,131,121,253,253,254,253,255,92,136,96,32,0,70,89,6,66,52,253,131,254,255,255,239,255,175,3,175,26,0,4,0,0,12,0,136,128,112,104,80,0,80,0,0,0,2,254,6,254,0,0,0,0,0,36,6,130,6,134,0,0,0,0,1,9,4,3,192,0,0,16,0,0,16,60,255,200,0,0,0,0,0,0,0,0,0,0,0,0,0,0,0,126,252,128,251,150,255,150,255,150,255,38,255,32,255,70,255,2,0,203,255,0,0,20,1,90,41,93,9,0,255,255,0,0,0,0,52,89,107,121,253,253,254,253,255,92,136,96,32,0,70,89,6,66,52,253,107,254,255,255,239,255,175,3,175,26,0,4,0,0,12,0,136,128,112,104,80,0,80,0,0,0,2,254,6,254,0,0,0,0,0,36,6,130,6,130,0,0,0,0,1,9,4,3,192,0,0,16,0,0,16,60,255,200,0,0,0,0,0,0,0,0,0,0,0,0,0,0,0,126,252,128,251,150,255,150,255,150,255,38,255,32,255,70,255
2026-08-03_15-49-30,1,448,0,0.0,0,10.0,4,4,2,0,203,255,0,0,20,1,90,41,93,9,0,255,255,0,0,0,0,52,89,107,121,253,253,254,253,255,92,136,96,32,0,70,89,6,66,52,253,107,254,255,255,239,255,175,3,175,26,0,4,0,0,12,0,136,128,112,104,80,0,80,0,0,0,2,254,6,254,0,0,0,0,0,36,6,130,6,130,0,0,0,0,1,9,4,3,192,0,0,16,0,0,16,60,255,200,0,0,0,0,0,0,0,0,0,0,0,0,0,0,0,126,252,128,251,150,255,150,255,150,255,38,255,32,255,70,255,2,0,176,255,0,0,24,1,90,41,93,9,0,255,255,0,0,0,0,52,89,131,121,253,253,254,253,255,92,136,96,32,0,70,89,6,66,52,253,131,254,255,255,239,255,175,3,175,26,0,4,0,0,12,0,136,128,112,104,80,0,80,0,0,0,2,254,6,254,0,0,0,0,0,36,6,130,6,126,0,0,0,0,1,9,4,3,192,0,0,16,0,0,16,60,255,200,0,0,0,0,0,0,0,0,0,0,0,0,0,0,0,126,252,128,251,150,255,150,255,150,255,38,255,32,255,70,255
2026-08-03_15-49-30,1,449,0,0.0,0,10.0,4,4,2,0,176,255,0,0,24,1,90,41,93,9,0,255,255,0,0,0,0,52,89,131,121,253,253,254,253,255,92,136,96,32,0,70,89,6,66,52,253,131,254,255,255,239,255,175,3,175,26,0,4,0,0,12,0,136,128,112,104,80,0,80,0,0,0,2,254,6,254,0,0,0,0,0,36,6,130,6,126,0,0,0,0,1,9,4,3,192,0,0,16,0,0,16,60,255,200,0,0,0,0,0,0,0,0,0,0,0,0,0,0,0,126,252,128,251,150,255,150,255,150,255,38,255,32,255,70,255,2,0,15,255,0,0,28,1,90,41,93,9,0,255,255,0,0,0,0,52,89,107,121,253,253,254,253,255,92,136,96,32,0,70,89,6,66,52,253,107,254,255,255,239,255,175,3,175,26,0,4,0,0,12,0,136,128,112,104,80,0,80,0,0,0,2,254,6,254,0,0,0,0,0,36,6,130,6,122,0,0,0,0,1,9,4,3,192,0,0,16,0,0,16,60,255,200,0,0,0,0,0,0,0,0,0,0,0,0,0,0,0,126,252,128,251,150,255,150,255,150,255,38,255,32,255,70,255
2026-08-03_15-49-30,1,450,0,0.0,0,10.0,4,4,2,0,15,255,0,0,28,1,90,41,93,9,0,255,255,0,0,0,0,52,89,107,121,253,253,254,253,255,92,136,96,32,0,70,89,6,66,52,253,107,254,255,255,239,255,175,3,175,26,0,4,0,0,12,0,136,128,112,104,80,0,80,0,0,0,2,254,6,254,0,0,0,0,0,36,6,130,6,122,0,0,0,0,1,9,4,3,192,0,0,16,0,0,16,60,255,200,0,0,0,0,0,0,0,0,0,0,0,0,0,0,0,126,252,128,251,150,255,150,255,150,255,38,255,32,255,70,255,2,0,251,255,0,0,32,1,90,41,93,9,0,255,255,0,0,0,0,52,89,131,121,253,253,254,253,255,92,136,96,32,0,70,89,6,66,52,253,131,254,255,255,239,255,175,3,175,26,0,4,0,0,12,0,136,128,112,104,80,0,80,0,0,0,2,254,6,254,0,0,0,0,0,36,6,130,6,118,0,0,0,0,1,9,4,3,192,0,0,16,0,0,16,60,255,200,0,0,0,0,0,0,0,0,0,0,0,0,0,0,0,126,252,128,251,150,255,150,255,150,255,38,255,32,255,70,255
2026-08-03_15-49-30,1,451,0,0.0,0,10.0,4,4,2,0,251,255,0,0,32,1,90,41,93,9,0,255,255,0,0,0,0,52,89,131,121,253,253,254,253,255,92,136,96,32,0,70,89,6,66,52,253,131,254,255,255,239,255,175,3,175,26,0,4,0,0,12,0,136,128,112,104,80,0,80,0,0,0,2,254,6,254,0,0,0,0,0,36,6,130,6,118,0,0,0,0,1,9,4,3,192,0,0,16,0,0,16,60,255,200,0,0,0,0,0,0,0,0,0,0,0,0,0,0,0,126,252,128,251,150,255,150,255,150,255,38,255,32,255,70,255,2,0,183,255,0,0,36,1,90,41,93,9,0,255,255,0,0,0,0,52,89,107,121,253,253,254,253,255,92,136,96,32,0,70,89,6,66,52,253,107,254,255,255,239,255,175,3,175,26,0,4,0,0,12,0,136,128,112,104,80,0,80,0,0,0,2,254,6,254,0,0,0,0,0,36,6,130,6,114,0,0,0,0,1,9,4,3,192,0,0,16,0,0,16,60,255,200,0,0,0,0,0,0,0,0,0,0,0,0,0,0,0,126,252,128,251,150,255,150,255,150,255,38,255,32,255,70,255
2026-08-03_15-49-30,1,452,0,0.0,0,10.0,4,4,2,0,183,255,0,0,36,1,90,41,93,9,0,255,255,0,0,0,0,52,89,107,121,253,253,254,253,255,92,136,96,32,0,70,89,6,66,52,253,107,254,255,255,239,255,175,3,175,26,0,4,0,0,12,0,136,128,112,104,80,0,80,0,0,0,2,254,6,254,0,0,0,0,0,36,6,130,6,114,0,0,0,0,1,9,4,3,192,0,0,16,0,0,16,60,255,200,0,0,0,0,0,0,0,0,0,0,0,0,0,0,0,126,252,128,251,150,255,150,255,150,255,38,255,32,255,70,255,2,0,122,255,0,0,40,1,90,41,93,9,0,255,255,0,0,0,0,52,89,131,121,253,253,254,253,255,92,136,96,32,0,70,89,6,66,52,253,131,254,255,255,239,255,175,3,175,26,0,4,0,0,12,0,136,128,112,104,80,0,80,0,0,0,2,254,6,254,0,0,0,0,0,36,6,130,6,110,0,0,0,0,1,9,4,3,192,0,0,16,0,0,16,60,255,200,0,0,0,0,0,0,0,0,0,0,0,0,0,0,0,126,252,128,251,150,255,150,255,150,255,38,255,32,255,70,255
2026-08-03_15-49-30,1,453,0,0.0,0,10.0,4,4,2,0,122,255,0,0,40,1,90,41,93,9,0,255,255,0,0,0,0,52,89,131,121,253,253,254,253,255,92,136,96,32,0,70,89,6,66,52,253,131,254,255,255,239,255,175,3,175,26,0,4,0,0,12,0,136,128,112,104,80,0,80,0,0,0,2,254,6,254,0,0,0,0,0,36,6,130,6,110,0,0,0,0,1,9,4,3,192,0,0,16,0,0,16,60,255,200,0,0,0,0,0,0,0,0,0,0,0,0,0,0,0,126,252,128,251,150,255,150,255,150,255,38,255,32,255,70,255,2,0,174,255,0,0,44,1,90,41,93,9,0,255,255,0,0,0,0,52,89,107,121,253,253,254,253,255,92,136,96,32,0,70,89,6,66,52,253,107,254,255,255,239,255,175,3,175,26,0,4,0,0,12,0,136,128,112,104,80,0,80,0,0,0,2,254,6,254,0,0,0,0,0,36,6,130,6,106,0,0,0,0,1,9,4,3,192,0,0,16,0,0,16,60,255,200,0,0,0,0,0,0,0,0,0,0,0,0,0,0,0,126,252,128,251,150,255,150,255,150,255,38,255,32,255,70,255
2026-08-03_15-49-30,1,454,0,0.0,0,10.0,4,4,2,0,174,255,0,0,44,1,90,41,93,9,0,255,255,0,0,0,0,52,89,107,121,253,253,254,253,255,92,136,96,32,0,70,89,6,66,52,253,107,254,255,255,239,255,175,3,175,26,0,4,0,0,12,0,136,128,112,104,80,0,80,0,0,0,2,254,6,254,0,0,0,0,0,36,6,130,6,106,0,0,0,0,1,9,4,3,192,0,0,16,0,0,16,60,255,200,0,0,0,0,0,0,0,0,0,0,0,0,0,0,0,126,252,128,251,150,255,150,255,150,255,38,255,32,255,70,255,2,0,232,255,0,0,48,1,90,41,93,9,0,255,255,0,0,0,0,52,89,131,121,253,253,254,253,255,92,136,96,32,0,70,89,6,66,52,253,131,254,255,255,239,255,175,3,175,26,0,4,0,0,12,0,136,128,112,104,80,0,80,0,0,0,2,254,6,254,0,0,0,0,0,36,6,130,6,102,0,0,0,0,1,9,4,3,192,0,0,16,0,0,16,60,255,200,0,0,0,0,0,0,0,0,0,0,0,0,0,0,0,126,252,128,251,150,255,150,255,150,255,38,255,32,255,70,255
2026-08-03_15-49-30,1,455,0,0.0,0,10.0,4,4,2,0,232,255,0,0,48,1,90,41,93,9,0,255,255,0,0,0,0,52,89,131,121,253,253,254,253,255,92,136,96,32,0,70,89,6,66,52,253,131,254,255,255,239,255,175,3,175,26,0,4,0,0,12,0,136,128,112,104,80,0,80,0,0,0,2,254,6,254,0,0,0,0,0,36,6,130,6,102,0,0,0,0,1,9,4,3,192,0,0,16,0,0,16,60,255,200,0,0,0,0,0,0,0,0,0,0,0,0,0,0,0,126,252,128,251,150,255,150,255,150,255,38,255,32,255,70,255,2,0,136,255,0,0,52,1,90,41,93,9,0,255,255,0,0,0,0,52,89,107,121,253,253,254,253,255,92,136,96,32,0,70,89,6,66,52,253,107,254,255,255,239,255,175,3,175,26,0,4,0,0,12,0,136,128,112,104,80,0,80,0,0,0,2,254,6,254,0,0,0,0,0,36,6,130,6,98,0,0,0,0,1,9,4,3,192,0,0,16,0,0,16,60,255,200,0,0,0,0,0,0,0,0,0,0,0,0,0,0,0,126,252,128,251,150,255,150,255,150,255,38,255,32,255,70,255
2026-08-03_15-49-30,1,456,0,0.0,0,10.0,4,4,2,0,136,255,0,0,52,1,90,41,93,9,0,255,255,0,0,0,0,52,89,107,121,253,253,254,253,255,92,136,96,32,0,70,89,6,66,52,253,107,254,255,255,239,255,175,3,175,26,0,4,0,0,12,0,136,128,112,104,80,0,80,0,0,0,2,254,6,254,0,0,0,0,0,36,6,130,6,98,0,0,0,0,1,9,4,3,192,0,0,16,0,0,16,60,255,200,0,0,0,0,0,0,0,0,0,0,0,0,0,0,0,126,252,128,251,150,255,150,255,150,255,38,255,32,255,70,255,2,0,134,255,0,0,56,1,90,41,93,9,0,255,255,0,0,0,0,52,89,131,121,253,253,254,253,255,92,136,96,32,0,70,89,6,66,52,253,131,254,255,255,239,255,175,3,175,26,0,4,0,0,12,0,136,128,112,104,80,0,80,0,0,0,2,254,6,254,0,0,0,0,0,36,6,130,6,94,0,0,0,0,1,9,4,3,192,0,0,16,0,0,16,60,255,200,0,0,0,0,0,0,0,0,0,0,0,0,0,0,0,126,252,128,251,150,255,150,255,150,255,38,255,32,255,70,255
2026-08-03_15-49-30,1,457,0,0.0,0,10.0,4,4,2,0,134,255,0,0,56,1,90,41,93,9,0,255,255,0,0,0,0,52,89,131,121,253,253,254,253,255,92,136,96,32,0,70,89,6,66,52,253,131,254,255,255,239,255,175,3,175,26,0,4,0,0,12,0,136,128,112,104,80,0,80,0,0,0,2,254,6,254,0,0,0,0,0,36,6,130,6,94,0,0,0,0,1,9,4,3,192,0,0,16,0,0,16,60,255,200,0,0,0,0,0,0,0,0,0,0,0,0,0,0,0,126,252,128,251,150,255,150,255,150,255,38,255,32,255,70,255,2,0,108,255,0,0,60,1,90,41,93,9,0,255,255,0,0,0,0,52,89,107,121,253,253,254,253,255,92,136,96,32,0,70,89,6,66,52,253,107,254,255,255,239,255,175,3,175,26,0,4,0,0,12,0,136,128,112,104,80,0,80,0,0,0,2,254,6,254,0,0,0,0,0,36,6,130,6,90,0,0,0,0,1,9,4,3,192,0,0,16,0,0,16,60,255,200,0,0,0,0,0,0,0,0,0,0,0,0,0,0,0,126,252,128,251,150,255,150,255,150,255,38,255,32,255,70,255
2026-08-03_15-49-30,1,458,0,0.0,0,10.0,4,4,2,0,108,255,0,0,60,1,90,41,93,9,0,255,255,0,0,0,0,52,89,107,121,253,253,254,253,255,92,136,96,32,0,70,89,6,66,52,253,107,254,255,255,239,255,175,3,175,26,0,4,0,0,12,0,136,128,112,104,80,0,80,0,0,0,2,254,6,254,0,0,0,0,0,36,6,130,6,90,0,0,0,0,1,9,4,3,192,0,0,16,0,0,16,60,255,200,0,0,0,0,0,0,0,0,0,0,0,0,0,0,0,126,252,128,251,150,255,150,255,150,255,38,255,32,255,70,255,2,0,199,255,0,0,64,1,90,41,93,9,0,255,255,0,0,0,0,52,89,131,121,253,253,254,253,255,92,136,96,32,0,70,89,6,66,52,253,131,254,255,255,239,255,175,3,175,26,0,4,0,0,12,0,136,128,112,104,80,0,80,0,0,0,2,254,6,254,0,0,0,0,0,36,6,130,6,86,0,0,0,0,1,9,4,3,192,0,0,16,0,0,16,60,255,200,0,0,0,0,0,0,0,0,0,0,0,0,0,0,0,126,252,128,251,150,255,150,255,150,255,38,255,32,255,70,255
2026-08-03_15-49-30,1,459,0,0.0,0,10.0,4,4,2,0,199,255,0,0,64,1,90,41,93,9,0,255,255,0,0,0,0,52,89,131,121,253,253,254,253,255,92,136,96,32,0,70,89,6,66,52,253,131,254,255,255,239,255,175,3,175,26,0,4,0,0,12,0,136,128,112,104,80,0,80,0,0,0,2,254,6,254,0,0,0,0,0,36,6,130,6,86,0,0,0,0,1,9,4,3,192,0,0,16,0,0,16,60,255,200,0,0,0,0,0,0,0,0,0,0,0,0,0,0,0,126,252,128,251,150,255,150,255,150,255,38,255,32,255,70,255,2,0,121,255,0,0,68,1,90,41,93,9,0,255,255,0,0,0,0,52,89,107,121,253,253,254,253,255,92,136,96,32,0,70,89,6,66,52,253,107,254,255,255,239,255,175,3,175,26,0,4,0,0,12,0,136,128,112,104,80,0,80,0,0,0,2,254,6,254,0,0,0,0,0,36,6,130,6,82,0,0,0,0,1,9,4,3,192,0,0,16,0,0,16,60,255,200,0,0,0,0,0,0,0,0,0,0,0,0,0,0,0,126,252,128,251,150,255,150,255,150,255,38,255,32,255,70,255
2026-08-03_15-49-30,1,460,0,0.0,0,10.0,4,4,2,0,121,255,0,0,68,1,90,41,93,9,0,255,255,0,0,0,0,52,89,107,121,253,253,254,253,255,92,136,96,32,0,70,89,6,66,52,253,107,254,255,255,239,255,175,3,175,26,0,4,0,0,12,0,136,128,112,104,80,0,80,0,0,0,2,254,6,254,0,0,0,0,0,36,6,130,6,82,0,0,0,0,1,9,4,3,192,0,0,16,0,0,16,60,255,200,0,0,0,0,0,0,0,0,0,0,0,0,0,0,0,126,252,128,251,150,255,150,255,150,255,38,255,32,255,70,255,2,0,156,255,0,0,72,1,90,41,93,9,0,255,255,0,0,0,0,52,89,131,121,253,253,254,253,255,92,136,96,32,0,70,89,6,66,52,253,131,254,255,255,239,255,175,3,175,26,0,4,0,0,12,0,136,128,112,104,80,0,80,0,0,0,2,254,6,254,0,0,0,0,0,36,6,130,6,78,0,0,0,0,1,9,4,3,192,0,0,16,0,0,16,60,255,200,0,0,0,0,0,0,0,0,0,0,0,0,0,0,0,126,252,128,251,150,255,150,255,150,255,38,255,32,255,70,255
2026-08-03_15-49-30,1,461,0,0.0,0,10.0,4,4,2,0,156,255,0,0,72,1,90,41,93,9,0,255,255,0,0,0,0,52,89,131,121,253,253,254,253,255,92,136,96,32,0,70,89,6,66,52,253,131,254,255,255,239,255,175,3,175,26,0,4,0,0,12,0,136,128,112,104,80,0,80,0,0,0,2,254,6,254,0,0,0,0,0,36,6,130,6,78,0,0,0,0,1,9,4,3,192,0,0,16,0,0,16,60,255,200,0,0,0,0,0,0,0,0,0,0,0,0,0,0,0,126,252,128,251,150,255,150,255,150,255,38,255,32,255,70,255,2,0,204,255,0,0,76,1,90,41,93,9,0,255,255,0,0,0,0,52,89,107,121,253,253,254,253,255,92,136,96,32,0,70,89,6,66,52,253,107,254,255,255,239,255,175,3,175,26,0,4,0,0,12,0,136,128,112,104,80,0,80,0,0,0,2,254,6,254,0,0,0,0,0,36,6,130,6,74,0,0,0,0,1,9,4,3,192,0,0,16,0,0,16,60,255,200,0,0,0,0,0,0,0,0,0,0,0,0,0,0,0,126,252,128,251,150,255,150,255,150,255,38,255,32,255,70,255
2026-08-03_15-49-30,1,462,0,0.0,0,10.0,4,4,2,0,204,255,0,0,76,1,90,41,93,9,0,255,255,0,0,0,0,52,89,107,121,253,253,254,253,255,92,136,96,32,0,70,89,6,66,52,253,107,254,255,255,239,255,175,3,175,26,0,4,0,0,12,0,136,128,112,104,80,0,80,0,0,0,2,254,6,254,0,0,0,0,0,36,6,130,6,74,0,0,0,0,1,9,4,3,192,0,0,16,0,0,16,60,255,200,0,0,0,0,0,0,0,0,0,0,0,0,0,0,0,126,252,128,251,150,255,150,255,150,255,38,255,32,255,70,255,2,0,197,255,0,0,80,1,90,41,93,9,0,255,255,0,0,0,0,52,89,131,121,253,253,254,253,255,92,136,96,32,0,70,89,6,66,52,253,131,254,255,255,239,255,175,3,175,26,0,4,0,0,12,0,136,128,112,104,80,0,80,0,0,0,2,254,6,254,0,0,0,0,0,36,6,130,6,70,0,0,0,0,1,9,4,3,192,0,0,16,0,0,16,60,255,200,0,0,0,0,0,0,0,0,0,0,0,0,0,0,0,126,252,128,251,150,255,150,255,150,255,38,255,32,255,70,255
2026-08-03_15-49-30,1,463,0,0.0,0,10.0,4,4,2,0,197,255,0,0,80,1,90,41,93,9,0,255,255,0,0,0,0,52,89,131,121,253,253,254,253,255,92,136,96,32,0,70,89,6,66,52,253,131,254,255,255,239,255,175,3,175,26,0,4,0,0,12,0,136,128,112,104,80,0,80,0,0,0,2,254,6,254,0,0,0,0,0,36,6,130,6,70,0,0,0,0,1,9,4,3,192,0,0,16,0,0,16,60,255,200,0,0,0,0,0,0,0,0,0,0,0,0,0,0,0,126,252,128,251,150,255,150,255,150,255,38,255,32,255,70,255,2,0,90,255,0,0,84,1,90,41,93,9,0,255,255,0,0,0,0,52,89,107,121,253,253,254,253,255,92,136,96,32,0,70,89,6,66,52,253,107,254,255,255,239,255,175,3,175,26,0,4,0,0,12,0,136,128,112,104,80,0,80,0,0,0,2,254,6,254,0,0,0,0,0,36,6,130,6,66,0,0,0,0,1,9,4,3,192,0,0,16,0,0,16,60,255,200,0,0,0,0,0,0,0,0,0,0,0,0,0,0,0,126,252,128,251,150,255,150,255,150,255,38,255,32,255,70,255
2026-08-03_15-49-30,1,464,0,0.0,0,10.0,4,4,2,0,90,255,0,0,84,1,90,41,93,9,0,255,255,0,0,0,0,52,89,107,121,253,253,254,253,255,92,136,96,32,0,70,89,6,66,52,253,107,254,255,255,239,255,175,3,175,26,0,4,0,0,12,0,136,128,112,104,80,0,80,0,0,0,2,254,6,254,0,0,0,0,0,36,6,130,6,66,0,0,0,0,1,9,4,3,192,0,0,16,0,0,16,60,255,200,0,0,0,0,0,0,0,0,0,0,0,0,0,0,0,126,252,128,251,150,255,150,255,150,255,38,255,32,255,70,255,2,0,164,255,0,0,88,1,90,41,93,9,0,255,255,0,0,0,0,52,89,131,121,253,253,254,253,255,92,136,96,32,0,70,89,6,66,52,253,131,254,255,255,239,255,175,3,175,26,0,4,0,0,12,0,136,128,112,104,80,0,80,0,0,0,2,254,6,254,0,0,0,0,0,36,6,130,6,62,0,0,0,0,1,9,4,3,192,0,0,16,0,0,16,60,255,200,0,0,0,0,0,0,0,0,0,0,0,0,0,0,0,126,252,128,251,150,255,150,255,150,255,38,255,32,255,70,255
2026-08-03_15-49-30,1,465,0,0.0,0,10.0,4,4,2,0,164,255,0,0,88,1,90,41,93,9,0,255,255,0,0,0,0,52,89,131,121,253,253,254,253,255,92,136,96,32,0,70,89,6,66,52,253,131,254,255,255,239,255,175,3,175,26,0,4,0,0,12,0,136,128,112,104,80,0,80,0,0,0,2,254,6,254,0,0,0,0,0,36,6,130,6,62,0,0,0,0,1,9,4,3,192,0,0,16,0,0,16,60,255,200,0,0,0,0,0,0,0,0,0,0,0,0,0,0,0,126,252,128,251,150,255,150,255,150,255,38,255,32,255,70,255,2,0,69,255,0,0,92,1,136,41,97,9,0,255,136,0,0,0,0,52,89,91,121,253,253,254,253,255,92,136,76,32,0,70,89,85,66,91,254,52,253,255,255,239,255,175,3,175,26,0,4,0,0,0,0,136,128,112,104,80,0,80,0,0,0,2,254,6,254,0,0,0,0,0,36,6,130,6,58,0,0,0,0,1,9,4,3,192,0,0,16,0,0,16,60,255,200,0,0,0,0,0,0,0,0,0,0,0,0,0,0,0,126,252,128,251,150,255,150,255,150,255,38,255,32,255,70,255
2026-08-03_15-49-30,1,466,0,0.0,0,10.0,4,4,2,0,69,255,0,0,92,1,136,41,97,9,0,255,136,0,0,0,0,52,89,91,121,253,253,254,253,255,92,136,76,32,0,70,89,85,66,91,254,52,253,255,255,239,255,175,3,175,26,0,4,0,0,0,0,136,128,112,104,80,0,80,0,0,0,2,254,6,254,0,0,0,0,0,36,6,130,6,58,0,0,0,0,1,9,4,3,192,0,0,16,0,0,16,60,255,200,0,0,0,0,0,0,0,0,0,0,0,0,0,0,0,126,252,128,251,150,255,150,255,150,255,38,255,32,255,70,255,2,0,82,255,0,0,96,1,136,41,97,9,0,255,136,0,0,0,0,52,89,115,121,253,253,254,253,255,92,136,76,32,0,70,89,85,66,115,254,52,253,255,255,239,255,175,3,175,26,0,4,0,0,0,0,136,128,112,104,80,0,80,0,0,0,2,254,6,254,0,0,0,0,0,36,6,130,6,54,0,0,0,0,1,9,4,3,192,0,0,16,0,0,16,60,255,200,0,0,0,0,0,0,0,0,0,0,0,0,0,0,0,126,252,128,251,150,255,150,255,150,255,38,255,32,255,70,255
2026-08-03_15-49-30,1,467,0,0.0,0,10.0,4,4,2,0,82,255,0,0,96,1,136,41,97,9,0,255,136,0,0,0,0,52,89,115,121,253,253,254,253,255,92,136,76,32,0,70,89,85,66,115,254,52,253,255,255,239,255,175,3,175,26,0,4,0,0,0,0,136,128,112,104,80,0,80,0,0,0,2,254,6,254,0,0,0,0,0,36,6,130,6,54,0,0,0,0,1,9,4,3,192,0,0,16,0,0,16,60,255,200,0,0,0,0,0,0,0,0,0,0,0,0,0,0,0,126,252,128,251,150,255,150,255,150,255,38,255,32,255,70,255,2,0,42,255,0,0,100,1,136,41,97,9,0,255,136,0,0,0,0,52,89,91,121,253,253,254,253,255,92,136,76,32,0,70,89,85,66,91,254,52,253,255,255,239,255,175,3,175,26,0,4,0,0,0,0,136,128,112,104,80,0,80,0,0,0,2,254,6,254,0,0,0,0,0,36,6,130,6,50,0,0,0,0,1,9,4,3,192,0,0,16,0,0,16,60,255,200,0,0,0,0,0,0,0,0,0,0,0,0,0,0,0,126,252,128,251,150,255,150,255,150,255,38,255,32,255,70,255
2026-08-03_15-49-30,1,468,0,0.0,0,10.0,4,4,2,0,42,255,0,0,100,1,136,41,97,9,0,255,136,0,0,0,0,52,89,91,121,253,253,254,253,255,92,136,76,32,0,70,89,85,66,91,254,52,253,255,255,239,255,175,3,175,26,0,4,0,0,0,0,136,128,112,104,80,0,80,0,0,0,2,254,6,254,0,0,0,0,0,36,6,130,6,50,0,0,0,0,1,9,4,3,192,0,0,16,0,0,16,60,255,200,0,0,0,0,0,0,0,0,0,0,0,0,0,0,0,126,252,128,251,150,255,150,255,150,255,38,255,32,255,70,255,2,0,167,255,0,0,104,1,136,41,97,9,0,255,136,0,0,0,0,52,89,115,121,253,253,254,253,255,92,136,76,32,0,70,89,85,66,115,254,52,253,255,255,239,255,175,3,175,26,0,4,0,0,0,0,136,128,112,104,80,0,80,0,0,0,2,254,6,254,0,0,0,0,0,36,6,130,6,46,0,0,0,0,1,9,4,3,192,0,0,16,0,0,16,60,255,200,0,0,0,0,0,0,0,0,0,0,0,0,0,0,0,126,252,128,251,150,255,150,255,150,255,38,255,32,255,70,255
2026-08-03_15-49-30,1,469,0,0.0,0,10.0,4,4,2,0,167,255,0,0,104,1,136,41,97,9,0,255,136,0,0,0,0,52,89,115,121,253,253,254,253,255,92,136,76,32,0,70,89,85,66,115,254,52,253,255,255,239,255,175,3,175,26,0,4,0,0,0,0,136,128,112,104,80,0,80,0,0,0,2,254,6,254,0,0,0,0,0,36,6,130,6,46,0,0,0,0,1,9,4,3,192,0,0,16,0,0,16,60,255,200,0,0,0,0,0,0,0,0,0,0,0,0,0,0,0,126,252,128,251,150,255,150,255,150,255,38,255,32,255,70,255,2,0,119,255,0,0,108,1,136,41,97,9,0,255,136,0,0,0,0,52,89,91,121,253,253,254,253,255,92,136,76,32,0,70,89,85,66,91,254,52,253,255,255,239,255,175,3,175,26,0,4,0,0,0,0,136,128,112,104,80,0,80,0,0,0,2,254,6,254,0,0,0,0,0,36,6,130,6,42,0,0,0,0,1,9,4,3,192,0,0,16,0,0,16,60,255,200,0,0,0,0,0,0,0,0,0,0,0,0,0,0,0,126,252,128,251,150,255,150,255,150,255,38,255,32,255,70,255
2026-08-03_15-49-30,1,470,0,0.0,0,10.0,4,4,2,0,119,255,0,0,108,1,136,41,97,9,0,255,136,0,0,0,0,52,89,91,121,253,253,254,253,255,92,136,76,32,0,70,89,85,66,91,254,52,253,255,255,239,255,175,3,175,26,0,4,0,0,0,0,136,128,112,104,80,0,80,0,0,0,2,254,6,254,0,0,0,0,0,36,6,130,6,42,0,0,0,0,1,9,4,3,192,0,0,16,0,0,16,60,255,200,0,0,0,0,0,0,0,0,0,0,0,0,0,0,0,126,252,128,251,150,255,150,255,150,255,38,255,32,255,70,255,2,0,118,255,0,0,112,1,136,41,97,9,0,255,136,0,0,0,0,52,89,115,121,253,253,254,253,255,92,136,76,32,0,70,89,85,66,115,254,52,253,255,255,239,255,175,3,175,26,0,4,0,0,0,0,136,128,112,104,80,0,80,0,0,0,2,254,6,254,0,0,0,0,0,36,6,130,6,38,0,0,0,0,1,9,4,3,192,0,0,16,0,0,16,60,255,200,0,0,0,0,0,0,0,0,0,0,0,0,0,0,0,126,252,128,251,150,255,150,255,150,255,38,255,32,255,70,255
2026-08-03_15-49-30,1,471,0,0.0,0,10.0,4,4,2,0,118,255,0,0,112,1,136,41,97,9,0,255,136,0,0,0,0,52,89,115,121,253,253,254,253,255,92,136,76,32,0,70,89,85,66,115,254,52,253,255,255,239,255,175,3,175,26,0,4,0,0,0,0,136,128,112,104,80,0,80,0,0,0,2,254,6,254,0,0,0,0,0,36,6,130,6,38,0,0,0,0,1,9,4,3,192,0,0,16,0,0,16,60,255,200,0,0,0,0,0,0,0,0,0,0,0,0,0,0,0,126,252,128,251,150,255,150,255,150,255,38,255,32,255,70,255,2,0,103,255,0,0,116,1,136,41,97,9,0,255,136,0,0,0,0,52,89,91,121,253,253,254,253,255,92,136,76,32,0,70,89,85,66,91,254,52,253,255,255,239,255,175,3,175,26,0,4,0,0,0,0,136,128,112,104,80,0,80,0,0,0,2,254,6,254,0,0,0,0,0,36,6,130,6,34,0,0,0,0,1,9,4,3,192,0,0,16,0,0,16,60,255,200,0,0,0,0,0,0,0,0,0,0,0,0,0,0,0,126,252,128,251,150,255,150,255,150,255,38,255,32,255,70,255
2026-08-03_15-49-30,1,472,0,0.0,0,10.0,4,4,2,0,103,255,0,0,116,1,136,41,97,9,0,255,136,0,0,0,0,52,89,91,121,253,253,254,253,255,92,136,76,32,0,70,89,85,66,91,254,52,253,255,255,239,255,175,3,175,26,0,4,0,0,0,0,136,128,112,104,80,0,80,0,0,0,2,254,6,254,0,0,0,0,0,36,6,130,6,34,0,0,0,0,1,9,4,3,192,0,0,16,0,0,16,60,255,200,0,0,0,0,0,0,0,0,0,0,0,0,0,0,0,126,252,128,251,150,255,150,255,150,255,38,255,32,255,70,255,2,0,123,255,0,0,120,1,136,41,97,9,0,255,136,0,0,0,0,52,89,115,121,253,253,254,253,255,92,136,76,32,0,70,89,85,66,115,254,52,253,255,255,239,255,175,3,175,26,0,4,0,0,0,0,136,128,112,104,80,0,80,0,0,0,2,254,6,254,0,0,0,0,0,36,6,130,6,30,0,0,0,0,1,9,4,3,192,0,0,16,0,0,16,60,255,200,0,0,0,0,0,0,0,0,0,0,0,0,0,0,0,126,252,128,251,150,255,150,255,150,255,38,255,32,255,70,255
2026-08-03_15-49-30,1,473,0,0.0,0,10.0,4,4,2,0,123,255,0,0,120,1,136,41,97,9,0,255,136,0,0,0,0,52,89,115,121,253,253,254,253,255,92,136,76,32,0,70,89,85,66,115,254,52,253,255,255,239,255,175,3,175,26,0,4,0,0,0,0,136,128,112,104,80,0,80,0,0,0,2,254,6,254,0,0,0,0,0,36,6,130,6,30,0,0,0,0,1,9,4,3,192,0,0,16,0,0,16,60,255,200,0,0,0,0,0,0,0,0,0,0,0,0,0,0,0,126,252,128,251,150,255,150,255,150,255,38,255,32,255,70,255,2,0,191,255,0,0,124,1,136,41,97,9,0,255,136,0,0,0,0,52,89,91,121,253,253,254,253,255,92,136,76,32,0,70,89,85,66,91,254,52,253,255,255,239,255,175,3,175,26,0,4,0,0,0,0,136,128,112,104,80,0,80,0,0,0,2,254,6,254,0,0,0,0,0,36,6,130,6,26,0,0,0,0,1,9,4,3,192,0,0,16,0,0,16,60,255,200,0,0,0,0,0,0,0,0,0,0,0,0,0,0,0,126,252,128,251,150,255,150,255,150,255,38,255,32,255,70,255
2026-08-03_15-49-30,1,474,0,0.0,0,10.0,4,4,2,0,191,255,0,0,124,1,136,41,97,9,0,255,136,0,0,0,0,52,89,91,121,253,253,254,253,255,92,136,76,32,0,70,89,85,66,91,254,52,253,255,255,239,255,175,3,175,26,0,4,0,0,0,0,136,128,112,104,80,0,80,0,0,0,2,254,6,254,0,0,0,0,0,36,6,130,6,26,0,0,0,0,1,9,4,3,192,0,0,16,0,0,16,60,255,200,0,0,0,0,0,0,0,0,0,0,0,0,0,0,0,126,252,128,251,150,255,150,255,150,255,38,255,32,255,70,255,2,0,244,255,0,0,128,1,136,41,97,9,0,255,136,0,0,0,0,52,89,115,121,253,253,254,253,255,92,136,76,32,0,70,89,85,66,115,254,52,253,255,255,239,255,175,3,175,26,0,4,0,0,0,0,136,128,112,104,80,0,80,0,0,0,2,254,6,254,0,0,0,0,0,36,6,130,6,22,0,0,0,0,1,9,4,3,192,0,0,16,0,0,16,60,255,200,0,0,0,0,0,0,0,0,0,0,0,0,0,0,0,126,252,128,251,150,255,150,255,150,255,38,255,32,255,70,255
2026-08-03_15-49-30,1,475,0,0.0,0,10.0,4,4,2,0,244,255,0,0,128,1,136,41,97,9,0,255,136,0,0,0,0,52,89,115,121,253,253,254,253,255,92,136,76,32,0,70,89,85,66,115,254,52,253,255,255,239,255,175,3,175,26,0,4,0,0,0,0,136,128,112,104,80,0,80,0,0,0,2,254,6,254,0,0,0,0,0,36,6,130,6,22,0,0,0,0,1,9,4,3,192,0,0,16,0,0,16,60,255,200,0,0,0,0,0,0,0,0,0,0,0,0,0,0,0,126,252,128,251,150,255,150,255,150,255,38,255,32,255,70,255,2,0,76,255,0,0,132,1,136,41,97,9,0,255,136,0,0,0,0,52,89,91,121,253,253,254,253,255,92,136,76,32,0,70,89,85,66,91,254,52,253,255,255,239,255,175,3,175,26,0,4,0,0,0,0,136,128,112,104,80,0,80,0,0,0,2,254,6,254,0,0,0,0,0,36,6,130,6,18,0,0,0,0,1,9,4,3,192,0,0,16,0,0,16,60,255,200,0,0,0,0,0,0,0,0,0,0,0,0,0,0,0,126,252,128,251,150,255,150,255,150,255,38,255,32,255,70,255
2026-08-03_15-49-30,1,476,0,0.0,0,10.0,4,4,2,0,76,255,0,0,132,1,136,41,97,9,0,255,136,0,0,0,0,52,89,91,121,253,253,254,253,255,92,136,76,32,0,70,89,85,66,91,254,52,253,255,255,239,255,175,3,175,26,0,4,0,0,0,0,136,128,112,104,80,0,80,0,0,0,2,254,6,254,0,0,0,0,0,36,6,130,6,18,0,0,0,0,1,9,4,3,192,0,0,16,0,0,16,60,255,200,0,0,0,0,0,0,0,0,0,0,0,0,0,0,0,126,252,128,251,150,255,150,255,150,255,38,255,32,255,70,255,2,0,205,255,0,0,136,1,136,41,97,9,0,255,136,0,0,0,0,52,89,115,121,253,253,254,253,255,92,136,76,32,0,70,89,85,66,115,254,52,253,255,255,239,255,175,3,175,26,0,4,0,0,0,0,136,128,112,104,80,0,80,0,0,0,2,254,6,254,0,0,0,0,0,36,6,130,6,14,0,0,0,0,1,9,4,3,192,0,0,16,0,0,16,60,255,200,0,0,0,0,0,0,0,0,0,0,0,0,0,0,0,126,252,128,251,150,255,150,255,150,255,38,255,32,255,70,255
2026-08-03_15-49-30,1,477,0,0.0,0,10.0,4,4,2,0,205,255,0,0,136,1,136,41,97,9,0,255,136,0,0,0,0,52,89,115,121,253,253,254,253,255,92,136,76,32,0,70,89,85,66,115,254,52,253,255,255,239,255,175,3,175,26,0,4,0,0,0,0,136,128,112,104,80,0,80,0,0,0,2,254,6,254,0,0,0,0,0,36,6,130,6,14,0,0,0,0,1,9,4,3,192,0,0,16,0,0,16,60,255,200,0,0,0,0,0,0,0,0,0,0,0,0,0,0,0,126,252,128,251,150,255,150,255,150,255,38,255,32,255,70,255,2,0,212,255,0,0,140,1,136,41,97,9,0,255,136,0,0,0,0,52,89,91,121,253,253,254,253,255,92,136,76,32,0,70,89,85,66,91,254,52,253,255,255,239,255,175,3,175,26,0,4,0,0,0,0,136,128,112,104,80,0,80,0,0,0,2,254,6,254,0,0,0,0,0,36,6,130,6,10,0,0,0,0,1,9,4,3,192,0,0,16,0,0,16,60,255,200,0,0,0,0,0,0,0,0,0,0,0,0,0,0,0,126,252,128,251,150,255,150,255,150,255,38,255,32,255,70,255
2026-08-03_15-49-30,1,478,0,0.0,0,10.0,4,4,2,0,212,255,0,0,140,1,136,41,97,9,0,255,136,0,0,0,0,52,89,91,121,253,253,254,253,255,92,136,76,32,0,70,89,85,66,91,254,52,253,255,255,239,255,175,3,175,26,0,4,0,0,0,0,136,128,112,104,80,0,80,0,0,0,2,254,6,254,0,0,0,0,0,36,6,130,6,10,0,0,0,0,1,9,4,3,192,0,0,16,0,0,16,60,255,200,0,0,0,0,0,0,0,0,0,0,0,0,0,0,0,126,252,128,251,150,255,150,255,150,255,38,255,32,255,70,255,2,0,70,255,0,0,144,1,136,41,97,9,0,255,136,0,0,0,0,52,89,115,121,253,253,254,253,255,92,136,76,32,0,70,89,85,66,115,254,52,253,255,255,239,255,175,3,175,26,0,4,0,0,0,0,136,128,112,104,80,0,80,0,0,0,2,254,6,254,0,0,0,0,0,36,6,130,6,6,0,0,0,0,1,9,4,3,192,0,0,16,0,0,16,60,255,200,0,0,0,0,0,0,0,0,0,0,0,0,0,0,0,126,252,128,251,150,255,150,255,150,255,38,255,32,255,70,255
2026-08-03_15-49-30,1,479,0,0.0,0,10.0,4,4,2,0,70,255,0,0,144,1,136,41,97,9,0,255,136,0,0,0,0,52,89,115,121,253,253,254,253,255,92,136,76,32,0,70,89,85,66,115,254,52,253,255,255,239,255,175,3,175,26,0,4,0,0,0,0,136,128,112,104,80,0,80,0,0,0,2,254,6,254,0,0,0,0,0,36,6,130,6,6,0,0,0,0,1,9,4,3,192,0,0,16,0,0,16,60,255,200,0,0,0,0,0,0,0,0,0,0,0,0,0,0,0,126,252,128,251,150,255,150,255,150,255,38,255,32,255,70,255,2,0,96,255,0,0,148,1,136,41,97,9,0,255,136,0,0,0,0,52,89,91,121,253,253,254,253,255,92,136,76,32,0,70,89,85,66,91,254,52,253,255,255,239,255,175,3,175,26,0,4,0,0,0,0,136,128,112,104,80,0,80,0,0,0,2,254,6,254,0,0,0,0,0,36,6,130,6,2,0,0,0,0,1,9,4,3,192,0,0,16,0,0,16,60,255,200,0,0,0,0,0,0,0,0,0,0,0,0,0,0,0,126,252,128,251,150,255,150,255,150,255,38,255,32,255,70,255
2026-08-03_15-49-30,1,480,0,0.0,0,10.0,4,3,2,0,96,255,0,0,148,1,136,41,97,9,0,255,136,0,0,0,0,52,89,91,121,253,253,254,253,255,92,136,76,32,0,70,89,85,66,91,254,52,253,255,255,239,255,175,3,175,26,0,4,0,0,0,0,136,128,112,104,80,0,80,0,0,0,2,254,6,254,0,0,0,0,0,36,6,130,6,2,0,0,0,0,1,9,4,3,192,0,0,16,0,0,16,60,255,200,0,0,0,0,0,0,0,0,0,0,0,0,0,0,0,126,252,128,251,150,255,150,255,150,255,38,255,32,255,70,255,2,0,14,255,0,0,152,1,41,41,97,9,0,255,255,0,0,0,0,171,89,115,121,254,253,254,253,0,12,136,76,32,0,160,89,85,66,115,254,181,254,255,255,239,255,255,3,175,26,0,4,0,0,0,0,136,128,112,104,80,0,80,0,0,0,2,254,6,254,0,0,0,0,0,36,6,130,6,0,0,0,0,0,1,9,3,3,192,0,0,16,0,0,16,60,255,0,0,0,0,0,0,0,0,0,0,0,0,0,0,0,0,126,252,128,251,150,255,150,255,81,249,38,255,32,255,70,255
2026-08-03_15-49-30,1,481,0,0.0,0,10.0,3,3,2,0,14,255,0,0,152,1,41,41,97,9,0,255,255,0,0,0,0,171,89,115,121,254,253,254,253,0,12,136,76,32,0,160,89,85,66,115,254,181,254,255,255,239,255,255,3,175,26,0,4,0,0,0,0,136,128,112,104,80,0,80,0,0,0,2,254,6,254,0,0,0,0,0,36,6,130,6,0,0,0,0,0,1,9,3,3,192,0,0,16,0,0,16,60,255,0,0,0,0,0,0,0,0,0,0,0,0,0,0,0,0,126,252,128,251,150,255,150,255,81,249,38,255,32,255,70,255,2,0,234,255,0,0,156,1,41,41,97,9,0,255,255,0,0,0,0,147,89,91,121,254,253,254,253,0,12,136,76,32,0,160,89,85,66,91,254,181,254,255,255,239,255,255,3,175,26,0,4,0,0,0,0,136,128,112,104,80,0,80,0,0,0,2,254,6,254,0,0,0,0,0,36,6,130,6,0,0,0,0,0,1,9,3,3,192,0,0,16,0,0,16,60,255,0,0,0,0,0,0,0,0,0,0,0,0,0,0,0,0,126,252,128,251,150,255,150,255,81,249,38,255,32,255,70,255
2026-08-03_15-49-30,1,482,0,0.0,0,10.0,3,3,2,0,234,255,0,0,156,1,41,41,97,9,0,255,255,0,0,0,0,147,89,91,121,254,253,254,253,0,12,136,76,32,0,160,89,85,66,91,254,181,254,255,255,239,255,255,3,175,26,0,4,0,0,0,0,136,128,112,104,80,0,80,0,0,0,2,254,6,254,0,0,0,0,0,36,6,130,6,0,0,0,0,0,1,9,3,3,192,0,0,16,0,0,16,60,255,0,0,0,0,0,0,0,0,0,0,0,0,0,0,0,0,126,252,128,251,150,255,150,255,81,249,38,255,32,255,70,255,2,0,171,255,0,0,160,1,41,41,97,9,0,255,255,0,0,0,0,171,89,115,121,254,253,254,253,0,12,136,76,32,0,160,89,85,66,115,254,181,254,255,255,239,255,255,3,175,26,0,4,0,0,0,0,136,128,112,104,80,0,80,0,0,0,2,254,6,254,0,0,0,0,0,36,6,130,6,0,0,0,0,0,1,9,3,3,192,0,0,16,0,0,16,60,255,0,0,0,0,0,0,0,0,0,0,0,0,0,0,0,0,126,252,128,251,150,255,150,255,81,249,38,255,32,255,70,255
2026-08-03_15-49-30,1,483,0,0.0,0,10.0,3,3,2,0,171,255,0,0,160,1,41,41,97,9,0,255,255,0,0,0,0,171,89,115,121,254,253,254,253,0,12,136,76,32,0,160,89,85,66,115,254,181,254,255,255,239,255,255,3,175,26,0,4,0,0,0,0,136,128,112,104,80,0,80,0,0,0,2,254,6,254,0,0,0,0,0,36,6,130,6,0,0,0,0,0,1,9,3,3,192,0,0,16,0,0,16,60,255,0,0,0,0,0,0,0,0,0,0,0,0,0,0,0,0,126,252,128,251,150,255,150,255,81,249,38,255,32,255,70,255,2,0,190,255,0,0,164,1,41,41,97,9,0,255,255,0,0,0,0,147,89,91,121,254,253,254,253,0,12,136,76,32,0,160,89,85,66,91,254,181,254,255,255,239,255,255,3,175,26,0,4,0,0,0,0,136,128,112,104,80,0,80,0,0,0,2,254,6,254,0,0,0,0,0,36,6,130,6,0,0,0,0,0,1,9,3,3,192,0,0,16,0,0,16,60,255,0,0,0,0,0,0,0,0,0,0,0,0,0,0,0,0,126,252,128,251,150,255,150,255,81,249,38,255,32,255,70,255
2026-08-03_15-49-30,1,484,0,0.0,0,10.0,3,3,2,0,190,255,0,0,164,1,41,41,97,9,0,255,255,0,0,0,0,147,89,91,121,254,253,254,253,0,12,136,76,32,0,160,89,85,66,91,254,181,254,255,255,239,255,255,3,175,26,0,4,0,0,0,0,136,128,112,104,80,0,80,0,0,0,2,254,6,254,0,0,0,0,0,36,6,130,6,0,0,0,0,0,1,9,3,3,192,0,0,16,0,0,16,60,255,0,0,0,0,0,0,0,0,0,0,0,0,0,0,0,0,126,252,128,251,150,255,150,255,81,249,38,255,32,255,70,255,2,0,229,255,0,0,168,1,41,41,97,9,0,255,255,0,0,0,0,171,89,115,121,254,253,254,253,0,12,136,76,32,0,160,89,85,66,115,254,181,254,255,255,239,255,255,3,175,26,0,4,0,0,0,0,136,128,112,104,80,0,80,0,0,0,2,254,6,254,0,0,0,0,0,36,6,130,6,0,0,0,0,0,1,9,3,3,192,0,0,16,0,0,16,60,255,0,0,0,0,0,0,0,0,0,0,0,0,0,0,0,0,126,252,128,251,150,255,150,255,81,249,38,255,32,255,70,255
2026-08-03_15-49-30,1,485,0,0.0,0,10.0,3,3,2,0,229,255,0,0,168,1,41,41,97,9,0,255,255,0,0,0,0,171,89,115,121,254,253,254,253,0,12,136,76,32,0,160,89,85,66,115,254,181,254,255,255,239,255,255,3,175,26,0,4,0,0,0,0,136,128,112,104,80,0,80,0,0,0,2,254,6,254,0,0,0,0,0,36,6,130,6,0,0,0,0,0,1,9,3,3,192,0,0,16,0,0,16,60,255,0,0,0,0,0,0,0,0,0,0,0,0,0,0,0,0,126,252,128,251,150,255,150,255,81,249,38,255,32,255,70,255,2,0,80,255,0,0,172,1,41,41,97,9,0,255,255,0,0,0,0,147,89,91,121,254,253,254,253,0,12,136,76,32,0,160,89,85,66,91,254,181,254,255,255,239,255,255,3,175,26,0,4,0,0,0,0,136,128,112,104,80,0,80,0,0,0,2,254,6,254,0,0,0,0,0,36,6,130,6,0,0,0,0,0,1,9,3,3,192,0,0,16,0,0,16,60,255,0,0,0,0,0,0,0,0,0,0,0,0,0,0,0,0,126,252,128,251,150,255,150,255,81,249,38,255,32,255,70,255
2026-08-03_15-49-30,1,486,0,0.0,0,10.0,3,3,2,0,80,255,0,0,172,1,41,41,97,9,0,255,255,0,0,0,0,147,89,91,121,254,253,254,253,0,12,136,76,32,0,160,89,85,66,91,254,181,254,255,255,239,255,255,3,175,26,0,4,0,0,0,0,136,128,112,104,80,0,80,0,0,0,2,254,6,254,0,0,0,0,0,36,6,130,6,0,0,0,0,0,1,9,3,3,192,0,0,16,0,0,16,60,255,0,0,0,0,0,0,0,0,0,0,0,0,0,0,0,0,126,252,128,251,150,255,150,255,81,249,38,255,32,255,70,255,2,0,9,255,0,0,176,1,41,41,97,9,0,255,255,0,0,0,0,171,89,115,121,254,253,254,253,0,12,136,76,32,0,160,89,85,66,115,254,181,254,255,255,239,255,255,3,175,26,0,4,0,0,0,0,136,128,112,104,80,0,80,0,0,0,2,254,6,254,0,0,0,0,0,36,6,130,6,0,0,0,0,0,1,9,3,3,192,0,0,16,0,0,16,60,255,0,0,0,0,0,0,0,0,0,0,0,0,0,0,0,0,126,252,128,251,150,255,150,255,81,249,38,255,32,255,70,255
2026-08-03_15-49-30,1,487,0,0.0,0,10.0,3,3,2,0,9,255,0,0,176,1,41,41,97,9,0,255,255,0,0,0,0,171,89,115,121,254,253,254,253,0,12,136,76,32,0,160,89,85,66,115,254,181,254,255,255,239,255,255,3,175,26,0,4,0,0,0,0,136,128,112,104,80,0,80,0,0,0,2,254,6,254,0,0,0,0,0,36,6,130,6,0,0,0,0,0,1,9,3,3,192,0,0,16,0,0,16,60,255,0,0,0,0,0,0,0,0,0,0,0,0,0,0,0,0,126,252,128,251,150,255,150,255,81,249,38,255,32,255,70,255,2,0,159,255,0,0,180,1,41,41,97,9,0,255,255,0,0,0,0,147,89,91,121,254,253,254,253,0,12,136,76,32,0,160,89,85,66,91,254,181,254,255,255,239,255,255,3,175,26,0,4,0,0,0,0,136,128,112,104,80,0,80,0,0,0,2,254,6,254,0,0,0,0,0,36,6,130,6,0,0,0,0,0,1,9,3,3,192,0,0,16,0,0,16,60,255,0,0,0,0,0,0,0,0,0,0,0,0,0,0,0,0,126,252,128,251,150,255,150,255,81,249,38,255,32,255,70,255
2026-08-03_15-49-30,1,488,0,0.0,0,10.0,3,3,2,0,159,255,0,0,180,1,41,41,97,9,0,255,255,0,0,0,0,147,89,91,121,254,253,254,253,0,12,136,76,32,0,160,89,85,66,91,254,181,254,255,255,239,255,255,3,175,26,0,4,0,0,0,0,136,128,112,104,80,0,80,0,0,0,2,254,6,254,0,0,0,0,0,36,6,130,6,0,0,0,0,0,1,9,3,3,192,0,0,16,0,0,16,60,255,0,0,0,0,0,0,0,0,0,0,0,0,0,0,0,0,126,252,128,251,150,255,150,255,81,249,38,255,32,255,70,255,2,0,254,255,0,0,184,1,41,41,97,9,0,255,255,0,0,0,0,171,89,115,121,254,253,254,253,0,12,136,76,32,0,160,89,85,66,115,254,181,254,255,255,239,255,255,3,175,26,0,4,0,0,0,0,136,128,112,104,80,0,80,0,0,0,2,254,6,254,0,0,0,0,0,36,6,130,6,0,0,0,0,0,1,9,3,3,192,0,0,16,0,0,16,60,255,0,0,0,0,0,0,0,0,0,0,0,0,0,0,0,0,126,252,128,251,150,255,150,255,81,249,38,255,32,255,70,255
2026-08-03_15-49-30,1,489,0,0.0,0,10.0,3,3,2,0,254,255,0,0,184,1,41,41,97,9,0,255,255,0,0,0,0,171,89,115,121,254,253,254,253,0,12,136,76,32,0,160,89,85,66,115,254,181,254,255,255,239,255,255,3,175,26,0,4,0,0,0,0,136,128,112,104,80,0,80,0,0,0,2,254,6,254,0,0,0,0,0,36,6,130,6,0,0,0,0,0,1,9,3,3,192,0,0,16,0,0,16,60,255,0,0,0,0,0,0,0,0,0,0,0,0,0,0,0,0,126,252,128,251,150,255,150,255,81,249,38,255,32,255,70,255,2,0,225,255,0,0,188,1,41,41,97,9,0,255,255,0,0,0,0,147,89,91,121,254,253,254,253,0,12,136,76,32,0,160,89,85,66,91,254,181,254,255,255,239,255,255,3,175,26,0,4,0,0,0,0,136,128,112,104,80,0,80,0,0,0,2,254,6,254,0,0,0,0,0,36,6,130,6,0,0,0,0,0,1,9,3,3,192,0,0,16,0,0,16,60,255,0,0,0,0,0,0,0,0,0,0,0,0,0,0,0,0,126,252,128,251,150,255,150,255,81,249,38,255,32,255,70,255
2026-08-03_15-49-30,1,490,0,0.0,0,10.0,3,3,2,0,225,255,0,0,188,1,41,41,97,9,0,255,255,0,0,0,0,147,89,91,121,254,253,254,253,0,12,136,76,32,0,160,89,85,66,91,254,181,254,255,255,239,255,255,3,175,26,0,4,0,0,0,0,136,128,112,104,80,0,80,0,0,0,2,254,6,254,0,0,0,0,0,36,6,130,6,0,0,0,0,0,1,9,3,3,192,0,0,16,0,0,16,60,255,0,0,0,0,0,0,0,0,0,0,0,0,0,0,0,0,126,252,128,251,150,255,150,255,81,249,38,255,32,255,70,255,2,0,23,255,0,0,192,1,41,41,97,9,0,255,255,0,0,0,0,171,89,115,121,254,253,254,253,0,12,136,76,32,0,160,89,85,66,115,254,181,254,255,255,239,255,255,3,175,26,0,4,0,0,0,0,136,128,112,104,80,0,80,0,0,0,2,254,6,254,0,0,0,0,0,36,6,130,6,0,0,0,0,0,1,9,3,3,192,0,0,16,0,0,16,60,255,0,0,0,0,0,0,0,0,0,0,0,0,0,0,0,0,126,252,128,251,150,255,150,255,81,249,38,255,32,255,70,255
2026-08-03_15-49-30,1,491,0,0.0,0,10.0,3,3,2,0,23,255,0,0,192,1,41,41,97,9,0,255,255,0,0,0,0,171,89,115,121,254,253,254,253,0,12,136,76,32,0,160,89,85,66,115,254,181,254,255,255,239,255,255,3,175,26,0,4,0,0,0,0,136,128,112,104,80,0,80,0,0,0,2,254,6,254,0,0,0,0,0,36,6,130,6,0,0,0,0,0,1,9,3,3,192,0,0,16,0,0,16,60,255,0,0,0,0,0,0,0,0,0,0,0,0,0,0,0,0,126,252,128,251,150,255,150,255,81,249,38,255,32,255,70,255,2,0,120,255,0,0,196,1,41,41,97,9,0,255,255,0,0,0,0,147,89,91,121,254,253,254,253,0,12,136,76,32,0,160,89,85,66,91,254,181,254,255,255,239,255,255,3,175,26,0,4,0,0,0,0,136,128,112,104,80,0,80,0,0,0,2,254,6,254,0,0,0,0,0,36,6,130,6,0,0,0,0,0,1,9,3,3,192,0,0,16,0,0,16,60,255,0,0,0,0,0,0,0,0,0,0,0,0,0,0,0,0,126,252,128,251,150,255,150,255,81,249,38,255,32,255,70,255
2026-08-03_15-49-30,1,492,0,0.0,0,10.0,3,3,2,0,120,255,0,0,196,1,41,41,97,9,0,255,255,0,0,0,0,147,89,91,121,254,253,254,253,0,12,136,76,32,0,160,89,85,66,91,254,181,254,255,255,239,255,255,3,175,26,0,4,0,0,0,0,136,128,112,104,80,0,80,0,0,0,2,254,6,254,0,0,0,0,0,36,6,130,6,0,0,0,0,0,1,9,3,3,192,0,0,16,0,0,16,60,255,0,0,0,0,0,0,0,0,0,0,0,0,0,0,0,0,126,252,128,251,150,255,150,255,81,249,38,255,32,255,70,255,2,0,141,255,0,0,200,1,41,41,97,9,0,255,255,0,0,0,0,171,89,115,121,254,253,254,253,0,12,136,76,32,0,160,89,85,66,115,254,181,254,255,255,239,255,255,3,175,26,0,4,0,0,0,0,136,128,112,104,80,0,80,0,0,0,2,254,6,254,0,0,0,0,0,36,6,130,6,0,0,0,0,0,1,9,3,3,192,0,0,16,0,0,16,60,255,0,0,0,0,0,0,0,0,0,0,0,0,0,0,0,0,126,252,128,251,150,255,150,255,81,249,38,255,32,255,70,255
2026-08-03_15-49-30,1,493,0,0.0,0,10.0,3,3,2,0,141,255,0,0,200,1,41,41,97,9,0,255,255,0,0,0,0,171,89,115,121,254,253,254,253,0,12,136,76,32,0,160,89,85,66,115,254,181,254,255,255,239,255,255,3,175,26,0,4,0,0,0,0,136,128,112,104,80,0,80,0,0,0,2,254,6,254,0,0,0,0,0,36,6,130,6,0,0,0,0,0,1,9,3,3,192,0,0,16,0,0,16,60,255,0,0,0,0,0,0,0,0,0,0,0,0,0,0,0,0,126,252,128,251,150,255,150,255,81,249,38,255,32,255,70,255,2,0,208,255,0,0,204,1,41,41,97,9,0,255,255,0,0,0,0,147,89,91,121,254,253,254,253,0,12,136,76,32,0,160,89,85,66,91,254,181,254,255,255,239,255,255,3,175,26,0,4,0,0,0,0,136,128,112,104,80,0,80,0,0,0,2,254,6,254,0,0,0,0,0,36,6,130,6,0,0,0,0,0,1,9,3,3,192,0,0,16,0,0,16,60,255,0,0,0,0,0,0,0,0,0,0,0,0,0,0,0,0,126,252,128,251,150,255,150,255,81,249,38,255,32,255,70,255
2026-08-03_15-49-30,1,494,0,0.0,0,10.0,3,3,2,0,208,255,0,0,204,1,41,41,97,9,0,255,255,0,0,0,0,147,89,91,121,254,253,254,253,0,12,136,76,32,0,160,89,85,66,91,254,181,254,255,255,239,255,255,3,175,26,0,4,0,0,0,0,136,128,112,104,80,0,80,0,0,0,2,254,6,254,0,0,0,0,0,36,6,130,6,0,0,0,0,0,1,9,3,3,192,0,0,16,0,0,16,60,255,0,0,0,0,0,0,0,0,0,0,0,0,0,0,0,0,126,252,128,251,150,255,150,255,81,249,38,255,32,255,70,255,2,0,1,255,0,0,208,1,41,41,97,9,0,255,255,0,0,0,0,171,89,115,121,254,253,254,253,0,12,136,76,32,0,160,89,85,66,115,254,181,254,255,255,239,255,255,3,175,26,0,4,0,0,0,0,136,128,112,104,80,0,80,0,0,0,2,254,6,254,0,0,0,0,0,36,6,130,6,0,0,0,0,0,1,9,3,3,192,0,0,16,0,0,16,60,255,0,0,0,0,0,0,0,0,0,0,0,0,0,0,0,0,126,252,128,251,150,255,150,255,81,249,38,255,32,255,70,255
2026-08-03_15-49-30,1,495,0,0.0,0,10.0,3,3,2,0,1,255,0,0,208,1,41,41,97,9,0,255,255,0,0,0,0,171,89,115,121,254,253,254,253,0,12,136,76,32,0,160,89,85,66,115,254,181,254,255,255,239,255,255,3,175,26,0,4,0,0,0,0,136,128,112,104,80,0,80,0,0,0,2,254,6,254,0,0,0,0,0,36,6,130,6,0,0,0,0,0,1,9,3,3,192,0,0,16,0,0,16,60,255,0,0,0,0,0,0,0,0,0,0,0,0,0,0,0,0,126,252,128,251,150,255,150,255,81,249,38,255,32,255,70,255,2,0,17,255,0,0,212,1,41,41,97,9,0,255,255,0,0,0,0,147,89,91,121,254,253,254,253,0,12,136,76,32,0,160,89,85,66,91,254,181,254,255,255,239,255,255,3,175,26,0,4,0,0,0,0,136,128,112,104,80,0,80,0,0,0,2,254,6,254,0,0,0,0,0,36,6,130,6,0,0,0,0,0,1,9,3,3,192,0,0,16,0,0,16,60,255,0,0,0,0,0,0,0,0,0,0,0,0,0,0,0,0,126,252,128,251,150,255,150,255,81,249,38,255,32,255,70,255
2026-08-03_15-49-30,1,496,0,0.0,0,10.0,3,3,2,0,17,255,0,0,212,1,41,41,97,9,0,255,255,0,0,0,0,147,89,91,121,254,253,254,253,0,12,136,76,32,0,160,89,85,66,91,254,181,254,255,255,239,255,255,3,175,26,0,4,0,0,0,0,136,128,112,104,80,0,80,0,0,0,2,254,6,254,0,0,0,0,0,36,6,130,6,0,0,0,0,0,1,9,3,3,192,0,0,16,0,0,16,60,255,0,0,0,0,0,0,0,0,0,0,0,0,0,0,0,0,126,252,128,251,150,255,150,255,81,249,38,255,32,255,70,255,2,0,28,255,0,0,216,1,41,41,97,9,0,255,255,0,0,0,0,171,89,115,121,254,253,254,253,0,12,136,76,32,0,160,89,85,66,115,254,181,254,255,255,239,255,255,3,175,26,0,4,0,0,0,0,136,128,112,104,80,0,80,0,0,0,2,254,6,254,0,0,0,0,0,36,6,130,6,0,0,0,0,0,1,9,3,3,192,0,0,16,0,0,16,60,255,0,0,0,0,0,0,0,0,0,0,0,0,0,0,0,0,126,252,128,251,150,255,150,255,81,249,38,255,32,255,70,255
2026-08-03_15-49-30,1,497,0,0.0,0,10.0,3,3,2,0,28,255,0,0,216,1,41,41,97,9,0,255,255,0,0,0,0,171,89,115,121,254,253,254,253,0,12,136,76,32,0,160,89,85,66,115,254,181,254,255,255,239,255,255,3,175,26,0,4,0,0,0,0,136,128,112,104,80,0,80,0,0,0,2,254,6,254,0,0,0,0,0,36,6,130,6,0,0,0,0,0,1,9,3,3,192,0,0,16,0,0,16,60,255,0,0,0,0,0,0,0,0,0,0,0,0,0,0,0,0,126,252,128,251,150,255,150,255,81,249,38,255,32,255,70,255,2,0,196,255,0,0,220,1,41,41,97,9,0,255,255,0,0,0,0,147,89,91,121,254,253,254,253,0,12,136,76,32,0,160,89,85,66,91,254,181,254,255,255,239,255,255,3,175,26,0,4,0,0,0,0,136,128,112,104,80,0,80,0,0,0,2,254,6,254,0,0,0,0,0,36,6,130,6,0,0,0,0,0,1,9,3,3,192,0,0,16,0,0,16,60,255,0,0,0,0,0,0,0,0,0,0,0,0,0,0,0,0,126,252,128,251,150,255,150,255,81,249,38,255,32,255,70,255
2026-08-03_15-49-30,1,498,0,0.0,0,10.0,3,3,2,0,196,255,0,0,220,1,41,41,97,9,0,255,255,0,0,0,0,147,89,91,121,254,253,254,253,0,12,136,76,32,0,160,89,85,66,91,254,181,254,255,255,239,255,255,3,175,26,0,4,0,0,0,0,136,128,112,104,80,0,80,0,0,0,2,254,6,254,0,0,0,0,0,36,6,130,6,0,0,0,0,0,1,9,3,3,192,0,0,16,0,0,16,60,255,0,0,0,0,0,0,0,0,0,0,0,0,0,0,0,0,126,252,128,251,150,255,150,255,81,249,38,255,32,255,70,255,2,0,75,255,0,0,224,0,41,41,97,9,0,255,255,0,0,0,0,171,89,115,121,254,253,254,253,255,12,136,76,32,0,160,89,85,66,115,254,181,254,255,255,239,255,127,3,175,26,0,4,0,0,0,0,136,128,112,104,216,0,80,0,0,0,2,254,6,254,0,0,0,0,0,36,6,130,6,0,0,0,0,0,1,9,3,3,192,0,0,16,0,0,16,60,255,0,0,0,0,0,0,0,0,0,0,0,0,0,0,0,0,126,252,128,251,229,251,163,251,70,249,38,255,32,255,70,255
2026-08-03_15-49-30,1,499,3,0.0,0,10.0,3,3,2,0,75,255,0,0,224,0,41,41,97,9,0,255,255,0,0,0,0,171,89,115,121,254,253,254,253,255,12,136,76,32,0,160,89,85,66,115,254,181,254,255,255,239,255,127,3,175,26,0,4,0,0,0,0,136,128,112,104,216,0,80,0,0,0,2,254,6,254,0,0,0,0,0,36,6,130,6,0,0,0,0,0,1,9,3,3,192,0,0,16,0,0,16,60,255,0,0,0,0,0,0,0,0,0,0,0,0,0,0,0,0,126,252,128,251,229,251,163,251,70,249,38,255,32,255,70,255,2,0,184,255,0,0,228,0,41,41,97,9,0,255,255,0,0,255,0,147,89,91,121,254,253,254,253,255,14,136,74,32,0,113,89,101,66,91,254,181,254,127,255,191,255,175,126,175,20,2,4,0,0,0,0,136,128,112,104,248,0,16,0,0,0,2,254,6,254,0,0,0,0,0,36,6,130,6,0,0,0,0,0,1,9,3,3,192,0,0,16,0,0,16,60,255,0,0,0,0,0,0,0,0,0,0,0,0,0,0,0,0,42,252,140,251,54,251,250,250,98,249,38,255,32,255,70,255
2026-08-03_15-49-30,1,500,3,0.0,0,10.0,3,3,2,0,184,255,0,0,228,0,41,41,97,9,0,255,255,0,0,255,0,147,89,91,121,254,253,254,253,255,14,136,74,32,0,113,89,101,66,91,254,181,254,127,255,191,255,175,126,175,20,2,4,0,0,0,0,136,128,112,104,248,0,16,0,0,0,2,254,6,254,0,0,0,0,0,36,6,130,6,0,0,0,0,0,1,9,3,3,192,0,0,16,0,0,16,60,255,0,0,0,0,0,0,0,0,0,0,0,0,0,0,0,0,42,252,140,251,54,251,250,250,98,249,38,255,32,255,70,255,2,0,129,255,0,0,232,0,41,41,97,9,0,255,255,0,0,255,0,171,89,115,121,254,253,254,253,255,17,136,73,32,0,81,89,148,66,115,254,181,254,127,255,191,255,175,126,175,20,0,4,0,0,0,0,136,128,112,104,24,0,208,0,0,0,2,254,6,254,0,0,0,0,0,36,6,130,6,0,0,0,0,0,1,9,3,3,192,0,0,16,0,0,16,60,255,0,0,0,0,0,0,0,0,0,0,0,0,0,0,0,0,42,252,140,251,54,251,250,250,98,249,38,255,32,255,70,255
2026-08-03_15-49-30,1,501,0,0.0,0,10.0,3,3,2,0,129,255,0,0,232,0,41,41,97,9,0,255,255,0,0,255,0,171,89,115,121,254,253,254,253,255,17,136,73,32,0,81,89,148,66,115,254,181,254,127,255,191,255,175,126,175,20,0,4,0,0,0,0,136,128,112,104,24,0,208,0,0,0,2,254,6,254,0,0,0,0,0,36,6,130,6,0,0,0,0,0,1,9,3,3,192,0,0,16,0,0,16,60,255,0,0,0,0,0,0,0,0,0,0,0,0,0,0,0,0,42,252,140,251,54,251,250,250,98,249,38,255,32,255,70,255,2,0,25,255,0,0,236,0,41,41,97,9,0,255,255,0,0,255,0,147,89,91,121,254,253,254,253,255,19,136,71,32,0,49,89,180,66,91,254,181,254,127,255,191,255,175,126,175,20,2,4,0,0,0,0,136,128,112,104,56,0,144,0,0,0,2,254,6,254,0,0,0,0,0,36,6,130,6,0,0,0,0,0,1,9,3,3,192,0,0,16,0,0,16,60,255,0,0,0,0,0,0,0,0,0,0,0,0,0,0,0,0,42,252,140,251,54,251,250,250,98,249,38,255,32,255,70,255
2026-08-03_15-49-30,1,502,0,0.0,0,10.0,3,3,2,0,25,255,0,0,236,0,41,41,97,9,0,255,255,0,0,255,0,147,89,91,121,254,253,254,253,255,19,136,71,32,0,49,89,180,66,91,254,181,254,127,255,191,255,175,126,175,20,2,4,0,0,0,0,136,128,112,104,56,0,144,0,0,0,2,254,6,254,0,0,0,0,0,36,6,130,6,0,0,0,0,0,1,9,3,3,192,0,0,16,0,0,16,60,255,0,0,0,0,0,0,0,0,0,0,0,0,0,0,0,0,42,252,140,251,54,251,250,250,98,249,38,255,32,255,70,255,2,0,146,255,0,0,240,0,41,41,97,9,0,255,255,0,0,255,0,171,89,115,121,254,253,254,253,255,21,136,69,32,0,17,89,196,66,115,254,181,254,127,255,191,255,175,126,175,20,0,4,0,0,0,0,136,128,112,104,88,0,80,0,0,0,2,254,6,254,0,0,0,0,0,36,6,130,6,0,0,0,0,0,1,9,3,3,192,0,0,16,0,0,16,60,255,0,0,0,0,0,0,0,0,0,0,0,0,0,0,0,0,42,252,140,251,54,251,250,250,98,249,38,255,32,255,70,255
2026-08-03_15-49-30,1,503,0,0.0,0,10.0,3,3,2,0,146,255,0,0,240,0,41,41,97,9,0,255,255,0,0,255,0,171,89,115,121,254,253,254,253,255,21,136,69,32,0,17,89,196,66,115,254,181,254,127,255,191,255,175,126,175,20,0,4,0,0,0,0,136,128,112,104,88,0,80,0,0,0,2,254,6,254,0,0,0,0,0,36,6,130,6,0,0,0,0,0,1,9,3,3,192,0,0,16,0,0,16,60,255,0,0,0,0,0,0,0,0,0,0,0,0,0,0,0,0,42,252,140,251,54,251,250,250,98,249,38,255,32,255,70,255,2,0,38,255,0,0,244,0,41,41,96,9,0,255,255,0,0,255,0,147,89,103,121,254,253,254,253,255,23,136,68,32,0,241,89,228,66,103,254,181,254,127,255,239,255,175,126,175,19,2,4,0,0,12,0,136,128,112,104,120,0,16,0,0,0,2,254,6,254,0,0,0,0,0,36,6,130,6,0,0,0,0,0,1,9,3,3,192,0,0,16,0,0,16,60,255,0,0,0,0,0,0,0,0,0,0,0,0,0,0,0,0,126,252,128,251,54,251,250,250,98,249,38,255,32,255,70,255
2026-08-03_15-49-30,1,504,0,0.0,0,10.0,3,3,2,0,38,255,0,0,244,0,41,41,96,9,0,255,255,0,0,255,0,147,89,103,121,254,253,254,253,255,23,136,68,32,0,241,89,228,66,103,254,181,254,127,255,239,255,175,126,175,19,2,4,0,0,12,0,136,128,112,104,120,0,16,0,0,0,2,254,6,254,0,0,0,0,0,36,6,130,6,0,0,0,0,0,1,9,3,3,192,0,0,16,0,0,16,60,255,0,0,0,0,0,0,0,0,0,0,0,0,0,0,0,0,126,252,128,251,54,251,250,250,98,249,38,255,32,255,70,255,2,0,110,255,0,0,248,0,41,41,95,9,0,255,255,0,0,255,0,171,89,129,121,254,253,254,253,255,24,136,68,32,0,209,89,228,66,128,254,181,254,127,255,239,255,175,222,175,19,0,4,0,0,12,0,136,128,112,104,0,0,208,0,0,0,2,254,6,254,0,0,0,0,0,36,6,130,6,0,0,0,0,0,1,9,3,3,192,0,0,16,0,0,16,60,255,0,0,0,0,0,0,0,0,0,0,0,0,0,0,0,0,126,252,128,251,54,251,250,250,98,249,38,255,32,255,70,255
2026-08-03_15-49-30,1,505,0,0.0,0,10.0,3,3,2,0,110,255,0,0,248,0,41,41,95,9,0,255,255,0,0,255,0,171,89,129,121,254,253,254,253,255,24,136,68,32,0,209,89,228,66,128,254,181,254,127,255,239,255,175,222,175,19,0,4,0,0,12,0,136,128,112,104,0,0,208,0,0,0,2,254,6,254,0,0,0,0,0,36,6,130,6,0,0,0,0,0,1,9,3,3,192,0,0,16,0,0,16,60,255,0,0,0,0,0,0,0,0,0,0,0,0,0,0,0,0,126,252,128,251,54,251,250,250,98,249,38,255,32,255,70,255,2,0,228,255,0,0,252,0,41,41,93,9,0,255,255,0,0,255,0,147,89,107,121,254,253,254,253,255,24,136,68,32,0,209,89,228,66,128,254,181,254,127,255,239,255,175,222,175,19,0,4,0,0,12,0,136,128,112,104,0,0,144,0,0,0,2,254,6,254,0,0,0,0,0,36,6,130,6,0,0,0,0,0,1,9,3,3,192,0,0,16,0,0,16,60,255,0,0,0,0,0,0,0,0,0,0,0,0,0,0,0,0,126,252,128,251,54,251,250,250,98,249,38,255,32,255,70,255
2026-08-03_15-49-30,1,506,0,0.0,0,10.0,3,3,2,0,228,255,0,0,252,0,41,41,93,9,0,255,255,0,0,255,0,147,89,107,121,254,253,254,253,255,24,136,68,32,0,209,89,228,66,128,254,181,254,127,255,239,255,175,222,175,19,0,4,0,0,12,0,136,128,112,104,0,0,144,0,0,0,2,254,6,254,0,0,0,0,0,36,6,130,6,0,0,0,0,0,1,9,3,3,192,0,0,16,0,0,16,60,255,0,0,0,0,0,0,0,0,0,0,0,0,0,0,0,0,126,252,128,251,54,251,250,250,98,249,38,255,32,255,70,255,2,0,65,255,0,0,0,1,41,41,91,9,0,255,255,0,0,255,0,171,89,132,121,254,253,254,253,255,24,136,68,32,0,209,89,228,66,128,254,181,254,127,255,239,255,175,222,175,19,0,4,0,0,12,0,136,128,112,104,0,0,80,0,0,0,2,254,6,254,0,0,0,0,0,36,6,130,6,0,0,0,0,0,1,9,3,4,24,0,0,16,0,0,16,60,255,0,0,0,0,0,0,0,0,0,0,0,0,0,0,0,0,126,252,128,251,54,251,250,250,98,249,38,255,32,255,70,255
2026-08-03_15-49-30,1,507,0,0.0,0,10.0,3,3,2,0,65,255,0,0,0,1,41,41,91,9,0,255,255,0,0,255,0,171,89,132,121,254,253,254,253,255,24,136,68,32,0,209,89,228,66,128,254,181,254,127,255,239,255,175,222,175,19,0,4,0,0,12,0,136,128,112,104,0,0,80,0,0,0,2,254,6,254,0,0,0,0,0,36,6,130,6,0,0,0,0,0,1,9,3,4,24,0,0,16,0,0,16,60,255,0,0,0,0,0,0,0,0,0,0,0,0,0,0,0,0,126,252,128,251,54,251,250,250,98,249,38,255,32,255,70,255,2,0,21,255,0,0,4,1,41,41,89,9,0,255,255,0,0,255,0,147,89,110,121,254,253,254,253,255,24,136,68,32,0,209,89,228,66,110,254,181,254,127,255,239,255,175,222,175,19,0,4,0,0,12,0,136,128,112,104,0,0,16,0,0,0,2,254,6,254,0,0,0,0,0,36,6,130,6,0,0,0,0,0,1,9,3,4,24,0,0,16,0,0,16,60,255,0,0,0,0,0,0,0,0,0,0,0,0,0,0,0,0,126,252,128,251,54,251,250,250,98,249,38,255,32,255,70,255
2026-08-03_15-49-30,1,508,0,0.0,0,10.0,3,3,2,0,21,255,0,0,4,1,41,41,89,9,0,255,255,0,0,255,0,147,89,110,121,254,253,254,253,255,24,136,68,32,0,209,89,228,66,110,254,181,254,127,255,239,255,175,222,175,19,0,4,0,0,12,0,136,128,112,104,0,0,16,0,0,0,2,254,6,254,0,0,0,0,0,36,6,130,6,0,0,0,0,0,1,9,3,4,24,0,0,16,0,0,16,60,255,0,0,0,0,0,0,0,0,0,0,0,0,0,0,0,0,126,252,128,251,54,251,250,250,98,249,38,255,32,255,70,255,2,0,91,255,0,0,8,1,41,41,88,9,0,255,255,0,0,255,0,171,89,136,121,254,253,254,253,255,24,136,68,32,0,209,89,228,66,136,254,181,254,127,255,239,255,175,222,175,19,0,4,0,0,12,0,136,128,112,104,0,0,208,0,0,0,2,254,6,254,0,0,0,0,0,36,6,130,6,0,0,0,0,0,1,9,3,4,24,0,0,16,0,0,16,60,255,0,0,0,0,0,0,0,0,0,0,0,0,0,0,0,0,126,252,128,251,54,251,250,250,98,249,38,255,32,255,70,255
2026-08-03_15-49-30,1,509,0,0.0,0,10.0,3,3,2,0,91,255,0,0,8,1,41,41,88,9,0,255,255,0,0,255,0,171,89,136,121,254,253,254,253,255,24,136,68,32,0,209,89,228,66,136,254,181,254,127,255,239,255,175,222,175,19,0,4,0,0,12,0,136,128,112,104,0,0,208,0,0,0,2,254,6,254,0,0,0,0,0,36,6,130,6,0,0,0,0,0,1,9,3,4,24,0,0,16,0,0,16,60,255,0,0,0,0,0,0,0,0,0,0,0,0,0,0,0,0,126,252,128,251,54,251,250,250,98,249,38,255,32,255,70,255,2,0,181,255,0,0,12,1,41,41,86,9,0,255,255,0,0,255,0,147,89,114,121,254,253,254,253,255,24,136,68,32,0,209,89,228,66,136,254,181,254,127,255,239,255,175,222,175,19,0,4,0,0,12,0,136,128,112,104,0,0,144,0,0,0,2,254,6,254,0,0,0,0,0,36,6,130,6,0,0,0,0,0,1,9,3,4,24,0,0,16,0,0,16,60,255,0,0,0,0,0,0,0,0,0,0,0,0,0,0,0,0,126,252,128,251,54,251,250,250,98,249,38,255,32,255,70,255
2026-08-03_15-49-30,1,510,0,0.0,0,10.0,3,3,2,0,181,255,0,0,12,1,41,41,86,9,0,255,255,0,0,255,0,147,89,114,121,254,253,254,253,255,24,136,68,32,0,209,89,228,66,136,254,181,254,127,255,239,255,175,222,175,19,0,4,0,0,12,0,136,128,112,104,0,0,144,0,0,0,2,254,6,254,0,0,0,0,0,36,6,130,6,0,0,0,0,0,1,9,3,4,24,0,0,16,0,0,16,60,255,0,0,0,0,0,0,0,0,0,0,0,0,0,0,0,0,126,252,128,251,54,251,250,250,98,249,38,255,32,255,70,255,2,0,89,255,0,0,16,1,41,41,84,9,0,255,255,0,0,255,0,171,89,139,121,254,253,254,253,255,24,136,68,32,0,209,89,228,66,136,254,181,254,127,255,239,255,175,222,175,19,0,4,0,0,12,0,136,128,112,104,0,0,80,0,0,0,2,254,6,254,0,0,0,0,0,36,6,130,6,0,0,0,0,0,1,9,3,4,24,0,0,16,0,0,16,60,255,0,0,0,0,0,0,0,0,0,0,0,0,0,0,0,0,126,252,128,251,54,251,250,250,98,249,38,255,32,255,70,255
2026-08-03_15-49-30,1,511,0,0.0,0,10.0,3,3,2,0,89,255,0,0,16,1,41,41,84,9,0,255,255,0,0,255,0,171,89,139,121,254,253,254,253,255,24,136,68,32,0,209,89,228,66,136,254,181,254,127,255,239,255,175,222,175,19,0,4,0,0,12,0,136,128,112,104,0,0,80,0,0,0,2,254,6,254,0,0,0,0,0,36,6,130,6,0,0,0,0,0,1,9,3,4,24,0,0,16,0,0,16,60,255,0,0,0,0,0,0,0,0,0,0,0,0,0,0,0,0,126,252,128,251,54,251,250,250,98,249,38,255,32,255,70,255,2,0,150,255,0,0,20,1,41,41,82,9,0,255,255,0,0,255,0,147,89,117,121,254,253,254,253,255,24,136,68,32,0,209,89,228,66,136,254,181,254,127,255,239,255,175,222,175,19,0,4,0,0,12,0,136,128,112,104,0,0,16,0,0,0,2,254,6,254,0,0,0,0,0,36,6,130,6,0,0,0,0,0,1,9,3,4,24,0,0,16,0,0,16,60,255,0,0,0,0,0,0,0,0,0,0,0,0,0,0,0,0,126,252,128,251,54,251,250,250,98,249,38,255,32,255,70,255
2026-08-03_15-49-30,1,512,0,0.0,0,10.0,3,3,2,0,150,255,0,0,20,1,41,41,82,9,0,255,255,0,0,255,0,147,89,117,121,254,253,254,253,255,24,136,68,32,0,209,89,228,66,136,254,181,254,127,255,239,255,175,222,175,19,0,4,0,0,12,0,136,128,112,104,0,0,16,0,0,0,2,254,6,254,0,0,0,0,0,36,6,130,6,0,0,0,0,0,1,9,3,4,24,0,0,16,0,0,16,60,255,0,0,0,0,0,0,0,0,0,0,0,0,0,0,0,0,126,252,128,251,54,251,250,250,98,249,38,255,32,255,70,255,2,0,97,255,0,0,24,1,41,41,81,9,0,255,255,0,0,255,0,171,89,143,121,254,253,254,253,255,24,136,68,32,0,209,89,228,66,143,254,181,254,127,255,239,255,175,222,175,19,2,4,0,0,12,0,136,128,112,104,0,0,208,0,0,0,2,254,6,254,0,0,0,0,0,36,6,130,6,0,0,0,0,0,1,9,3,4,24,0,0,16,0,0,16,60,255,0,0,0,0,0,0,0,0,0,0,0,0,0,0,0,0,126,252,128,251,54,251,250,250,98,249,38,255,32,255,70,255
2026-08-03_15-49-30,1,513,0,0.0,0,10.0,3,3,2,0,97,255,0,0,24,1,41,41,81,9,0,255,255,0,0,255,0,171,89,143,121,254,253,254,253,255,24,136,68,32,0,209,89,228,66,143,254,181,254,127,255,239,255,175,222,175,19,2,4,0,0,12,0,136,128,112,104,0,0,208,0,0,0,2,254,6,254,0,0,0,0,0,36,6,130,6,0,0,0,0,0,1,9,3,4,24,0,0,16,0,0,16,60,255,0,0,0,0,0,0,0,0,0,0,0,0,0,0,0,0,126,252,128,251,54,251,250,250,98,249,38,255,32,255,70,255,2,0,31,255,0,0,28,1,41,41,79,9,0,255,255,0,0,255,0,147,89,121,121,254,253,254,253,255,24,136,68,32,0,209,89,228,66,144,254,181,254,127,255,239,255,175,222,175,19,0,4,0,0,12,0,136,128,112,104,0,0,144,0,0,0,2,254,6,254,0,0,0,0,0,36,6,130,6,0,0,0,0,0,1,9,3,4,24,0,0,16,0,0,16,60,255,0,0,0,0,0,0,0,0,0,0,0,0,0,0,0,0,126,252,128,251,54,251,250,250,98,249,38,255,32,255,70,255
2026-08-03_15-49-30,1,514,0,0.0,0,10.0,3,3,2,0,31,255,0,0,28,1,41,41,79,9,0,255,255,0,0,255,0,147,89,121,121,254,253,254,253,255,24,136,68,32,0,209,89,228,66,144,254,181,254,127,255,239,255,175,222,175,19,0,4,0,0,12,0,136,128,112,104,0,0,144,0,0,0,2,254,6,254,0,0,0,0,0,36,6,130,6,0,0,0,0,0,1,9,3,4,24,0,0,16,0,0,16,60,255,0,0,0,0,0,0,0,0,0,0,0,0,0,0,0,0,126,252,128,251,54,251,250,250,98,249,38,255,32,255,70,255,2,0,246,255,0,0,32,1,41,41,77,9,0,255,255,0,0,255,0,171,89,146,121,254,253,254,253,255,24,136,68,32,0,209,89,228,66,144,254,181,254,127,255,239,255,175,222,175,19,0,4,0,0,12,0,136,128,112,104,0,0,80,0,0,0,2,254,6,254,0,0,0,0,0,36,6,130,6,0,0,0,0,0,1,9,3,4,24,0,0,16,0,0,16,60,255,0,0,0,0,0,0,0,0,0,0,0,0,0,0,0,0,126,252,128,251,54,251,250,250,98,249,38,255,32,255,70,255
2026-08-03_15-49-30,1,515,0,0.0,0,10.0,3,3,2,0,246,255,0,0,32,1,41,41,77,9,0,255,255,0,0,255,0,171,89,146,121,254,253,254,253,255,24,136,68,32,0,209,89,228,66,144,254,181,254,127,255,239,255,175,222,175,19,0,4,0,0,12,0,136,128,112,104,0,0,80,0,0,0,2,254,6,254,0,0,0,0,0,36,6,130,6,0,0,0,0,0,1,9,3,4,24,0,0,16,0,0,16,60,255,0,0,0,0,0,0,0,0,0,0,0,0,0,0,0,0,126,252,128,251,54,251,250,250,98,249,38,255,32,255,70,255,2,0,111,255,0,0,36,0,41,41,75,9,0,255,255,0,0,255,0,147,89,124,121,254,253,254,253,255,24,136,68,32,0,209,89,228,66,144,254,181,254,127,255,239,255,175,222,175,8,0,4,12,0,12,0,136,128,112,104,136,0,16,0,0,0,2,254,6,254,0,0,0,0,0,36,6,130,6,0,0,0,0,0,1,9,3,4,24,0,0,16,0,0,16,60,255,0,0,0,0,0,0,0,0,0,0,0,0,0,0,0,0,126,252,128,251,54,251,250,250,98,249,38,255,32,255,70,255
2026-08-03_15-49-30,1,516,2,0.0,0,10.0,3,3,2,0,111,255,0,0,36,0,41,41,75,9,0,255,255,0,0,255,0,147,89,124,121,254,253,254,253,255,24,136,68,32,0,209,89,228,66,144,254,181,254,127,255,239,255,175,222,175,8,0,4,12,0,12,0,136,128,112,104,136,0,16,0,0,0,2,254,6,254,0,0,0,0,0,36,6,130,6,0,0,0,0,0,1,9,3,4,24,0,0,16,0,0,16,60,255,0,0,0,0,0,0,0,0,0,0,0,0,0,0,0,0,126,252,128,251,54,251,250,250,98,249,38,255,32,255,70,255,2,0,245,255,0,0,40,0,39,41,74,9,0,255,255,0,0,255,0,185,89,150,121,254,253,254,253,255,24,136,68,32,0,209,89,228,66,150,254,181,254,239,255,239,255,175,222,175,8,0,4,12,0,12,0,136,128,112,104,168,0,208,0,0,0,2,254,6,254,0,0,0,0,0,36,6,130,6,0,0,0,0,0,1,9,3,4,24,0,0,16,0,0,16,60,255,0,0,0,0,0,0,0,0,0,0,0,0,0,0,0,0,126,252,128,251,54,251,250,250,98,249,38,255,32,255,70,255
2026-08-03_15-49-30,1,517,2,0.0,0,10.0,3,3,2,0,245,255,0,0,40,0,39,41,74,9,0,255,255,0,0,255,0,185,89,150,121,254,253,254,253,255,24,136,68,32,0,209,89,228,66,150,254,181,254,239,255,239,255,175,222,175,8,0,4,12,0,12,0,136,128,112,104,168,0,208,0,0,0,2,254,6,254,0,0,0,0,0,36,6,130,6,0,0,0,0,0,1,9,3,4,24,0,0,16,0,0,16,60,255,0,0,0,0,0,0,0,0,0,0,0,0,0,0,0,0,126,252,128,251,54,251,250,250,98,249,38,255,32,255,70,255,2,0,93,255,0,0,44,0,37,41,73,9,0,255,255,0,0,0,0,163,89,115,121,254,253,254,253,255,24,136,70,32,0,209,89,212,66,89,253,149,254,239,255,127,255,95,191,175,18,2,4,12,0,0,0,136,128,112,104,200,0,32,0,0,0,2,254,6,254,0,0,0,0,0,36,6,130,6,0,0,0,0,0,1,9,3,4,24,0,0,16,0,0,16,60,255,0,0,0,0,0,0,0,0,0,0,0,0,0,0,0,0,229,251,146,251,54,251,13,251,98,249,38,255,32,255,70,255
2026-08-03_15-49-30,1,518,0,0.0,0,10.0,3,3,2,0,93,255,0,0,44,0,37,41,73,9,0,255,255,0,0,0,0,163,89,115,121,254,253,254,253,255,24,136,70,32,0,209,89,212,66,89,253,149,254,239,255,127,255,95,191,175,18,2,4,12,0,0,0,136,128,112,104,200,0,32,0,0,0,2,254,6,254,0,0,0,0,0,36,6,130,6,0,0,0,0,0,1,9,3,4,24,0,0,16,0,0,16,60,255,0,0,0,0,0,0,0,0,0,0,0,0,0,0,0,0,229,251,146,251,54,251,13,251,98,249,38,255,32,255,70,255,2,0,209,255,0,0,48,0,35,41,73,9,0,255,255,0,0,0,0,189,89,139,121,254,253,254,253,255,24,136,71,32,0,209,89,180,66,89,253,149,254,239,255,127,255,95,191,175,18,2,4,12,0,0,0,136,128,112,104,232,0,224,0,0,0,2,254,6,254,0,0,0,0,0,36,6,130,6,0,0,0,0,0,1,9,3,4,24,0,0,16,0,0,16,60,255,0,0,0,0,0,0,0,0,0,0,0,0,0,0,0,0,229,251,146,251,54,251,13,251,98,249,38,255,32,255,70,255
2026-08-03_15-49-30,1,519,0,0.0,0,10.0,3,3,2,0,209,255,0,0,48,0,35,41,73,9,0,255,255,0,0,0,0,189,89,139,121,254,253,254,253,255,24,136,71,32,0,209,89,180,66,89,253,149,254,239,255,127,255,95,191,175,18,2,4,12,0,0,0,136,128,112,104,232,0,224,0,0,0,2,254,6,254,0,0,0,0,0,36,6,130,6,0,0,0,0,0,1,9,3,4,24,0,0,16,0,0,16,60,255,0,0,0,0,0,0,0,0,0,0,0,0,0,0,0,0,229,251,146,251,54,251,13,251,98,249,38,255,32,255,70,255,2,0,16,255,0,0,52,0,32,41,73,9,0,255,255,0,0,0,0,167,89,115,121,254,253,254,253,255,24,136,73,32,0,209,89,148,66,89,253,149,254,239,255,127,255,95,191,175,8,0,4,12,0,0,0,136,128,112,104,8,0,160,0,0,0,2,254,6,254,0,0,0,0,0,36,6,130,6,0,0,0,0,0,1,9,3,4,24,0,0,16,0,0,16,60,255,0,0,0,0,0,0,0,0,0,0,0,0,0,0,0,0,229,251,146,251,54,251,13,251,98,249,38,255,32,255,70,255
2026-08-03_15-49-30,1,520,0,0.0,0,10.0,3,3,2,0,16,255,0,0,52,0,32,41,73,9,0,255,255,0,0,0,0,167,89,115,121,254,253,254,253,255,24,136,73,32,0,209,89,148,66,89,253,149,254,239,255,127,255,95,191,175,8,0,4,12,0,0,0,136,128,112,104,8,0,160,0,0,0,2,254,6,254,0,0,0,0,0,36,6,130,6,0,0,0,0,0,1,9,3,4,24,0,0,16,0,0,16,60,255,0,0,0,0,0,0,0,0,0,0,0,0,0,0,0,0,229,251,146,251,54,251,13,251,98,249,38,255,32,255,70,255,2,0,13,255,0,0,56,0,30,41,73,9,0,255,255,0,0,0,0,193,89,139,121,254,253,254,253,255,24,136,75,32,0,209,89,117,66,89,253,149,254,239,255,127,255,95,191,175,8,0,4,12,0,0,0,136,128,112,104,40,0,96,0,0,0,2,254,6,254,0,0,0,0,0,36,6,130,6,0,0,0,0,0,1,9,3,4,24,0,0,16,0,0,16,60,255,0,0,0,0,0,0,0,0,0,0,0,0,0,0,0,0,229,251,146,251,54,251,13,251,98,249,38,255,32,255,70,255
2026-08-03_15-49-30,1,521,0,0.0,0,10.0,3,3,2,0,13,255,0,0,56,0,30,41,73,9,0,255,255,0,0,0,0,193,89,139,121,254,253,254,253,255,24,136,75,32,0,209,89,117,66,89,253,149,254,239,255,127,255,95,191,175,8,0,4,12,0,0,0,136,128,112,104,40,0,96,0,0,0,2,254,6,254,0,0,0,0,0,36,6,130,6,0,0,0,0,0,1,9,3,4,24,0,0,16,0,0,16,60,255,0,0,0,0,0,0,0,0,0,0,0,0,0,0,0,0,229,251,146,251,54,251,13,251,98,249,38,255,32,255,70,255,2,0,216,255,0,0,60,0,28,41,73,9,0,255,255,0,0,0,0,171,89,115,121,254,253,254,253,255,24,136,77,32,0,209,89,85,66,89,253,149,254,239,255,127,255,95,191,175,20,2,4,12,0,0,0,136,128,112,104,72,0,32,0,0,0,2,254,6,254,0,0,0,0,0,36,6,130,6,0,0,0,0,0,1,9,3,4,24,0,0,16,0,0,16,60,255,0,0,0,0,0,0,0,0,0,0,0,0,0,0,0,0,229,251,146,251,54,251,13,251,98,249,38,255,32,255,70,255
2026-08-03_15-49-30,1,522,0,0.0,0,10.0,3,3,2,0,216,255,0,0,60,0,28,41,73,9,0,255,255,0,0,0,0,171,89,115,121,254,253,254,253,255,24,136,77,32,0,209,89,85,66,89,253,149,254,239,255,127,255,95,191,175,20,2,4,12,0,0,0,136,128,112,104,72,0,32,0,0,0,2,254,6,254,0,0,0,0,0,36,6,130,6,0,0,0,0,0,1,9,3,4,24,0,0,16,0,0,16,60,255,0,0,0,0,0,0,0,0,0,0,0,0,0,0,0,0,229,251,146,251,54,251,13,251,98,249,38,255,32,255,70,255,2,0,143,255,0,0,64,0,26,41,73,9,0,255,255,0,0,0,0,197,89,139,121,254,253,254,253,255,24,136,78,32,0,209,89,53,66,89,253,149,254,239,255,127,255,95,191,175,20,2,4,12,0,0,0,136,128,112,104,104,0,224,0,0,0,2,254,6,254,0,0,0,0,0,36,6,130,6,0,0,0,0,0,1,9,3,4,24,0,0,16,0,0,16,60,255,0,0,0,0,0,0,0,0,0,0,0,0,0,0,0,0,229,251,146,251,54,251,13,251,98,249,38,255,32,255,70,255
2026-08-03_15-49-30,1,523,0,0.0,0,10.0,3,3,2,0,143,255,0,0,64,0,26,41,73,9,0,255,255,0,0,0,0,197,89,139,121,254,253,254,253,255,24,136,78,32,0,209,89,53,66,89,253,149,254,239,255,127,255,95,191,175,20,2,4,12,0,0,0,136,128,112,104,104,0,224,0,0,0,2,254,6,254,0,0,0,0,0,36,6,130,6,0,0,0,0,0,1,9,3,4,24,0,0,16,0,0,16,60,255,0,0,0,0,0,0,0,0,0,0,0,0,0,0,0,0,229,251,146,251,54,251,13,251,98,249,38,255,32,255,70,255,2,0,243,255,0,0,68,0,25,41,73,9,0,255,255,0,0,0,0,175,89,115,121,254,253,254,253,255,24,136,80,32,0,209,89,21,66,89,253,149,254,239,255,127,255,95,191,175,21,2,4,12,0,0,0,136,128,112,104,120,0,160,0,0,0,2,254,6,254,0,0,0,0,0,36,6,130,6,0,0,0,0,0,1,9,3,4,24,0,0,16,0,0,16,60,255,0,0,0,0,0,0,0,0,0,0,0,0,0,0,0,0,229,251,146,251,54,251,13,251,98,249,38,255,32,255,70,255
2026-08-03_15-49-30,1,524,0,0.0,0,10.0,3,3,2,0,243,255,0,0,68,0,25,41,73,9,0,255,255,0,0,0,0,175,89,115,121,254,253,254,253,255,24,136,80,32,0,209,89,21,66,89,253,149,254,239,255,127,255,95,191,175,21,2,4,12,0,0,0,136,128,112,104,120,0,160,0,0,0,2,254,6,254,0,0,0,0,0,36,6,130,6,0,0,0,0,0,1,9,3,4,24,0,0,16,0,0,16,60,255,0,0,0,0,0,0,0,0,0,0,0,0,0,0,0,0,229,251,146,251,54,251,13,251,98,249,38,255,32,255,70,255,2,0,57,255,0,0,72,0,25,41,73,9,0,255,255,0,0,0,0,199,89,139,121,254,253,254,253,255,24,136,82,32,0,209,89,5,66,89,253,149,254,239,255,127,255,95,191,175,7,0,4,12,0,0,0,136,128,112,104,120,0,96,0,0,0,2,254,6,254,0,0,0,0,0,36,6,130,6,0,0,0,0,0,1,9,3,4,24,0,0,16,0,0,16,60,255,0,0,0,0,0,0,0,0,0,0,0,0,0,0,0,0,229,251,146,251,54,251,13,251,98,249,38,255,32,255,70,255
2026-08-03_15-49-30,1,525,3,0.0,0,10.0,3,3,2,0,57,255,0,0,72,0,25,41,73,9,0,255,255,0,0,0,0,199,89,139,121,254,253,254,253,255,24,136,82,32,0,209,89,5,66,89,253,149,254,239,255,127,255,95,191,175,7,0,4,12,0,0,0,136,128,112,104,120,0,96,0,0,0,2,254,6,254,0,0,0,0,0,36,6,130,6,0,0,0,0,0,1,9,3,4,24,0,0,16,0,0,16,60,255,0,0,0,0,0,0,0,0,0,0,0,0,0,0,0,0,229,251,146,251,54,251,13,251,98,249,38,255,32,255,70,255,2,0,152,255,0,0,76,0,25,41,73,9,0,255,255,0,0,0,0,163,89,115,121,254,253,254,253,255,26,136,84,32,0,177,89,229,66,89,253,149,254,127,255,127,255,95,191,175,7,0,4,0,0,0,0,136,128,112,104,136,0,32,0,0,0,2,254,6,254,0,0,0,0,0,36,6,130,6,0,0,0,0,0,1,9,3,4,24,0,0,16,0,0,16,60,255,0,0,0,0,0,0,0,0,0,0,0,0,0,0,0,0,229,251,146,251,54,251,13,251,98,249,38,255,32,255,70,255
2026-08-03_15-49-30,1,526,3,0.0,0,10.0,3,3,2,0,152,255,0,0,76,0,25,41,73,9,0,255,255,0,0,0,0,163,89,115,121,254,253,254,253,255,26,136,84,32,0,177,89,229,66,89,253,149,254,127,255,127,255,95,191,175,7,0,4,0,0,0,0,136,128,112,104,136,0,32,0,0,0,2,254,6,254,0,0,0,0,0,36,6,130,6,0,0,0,0,0,1,9,3,4,24,0,0,16,0,0,16,60,255,0,0,0,0,0,0,0,0,0,0,0,0,0,0,0,0,229,251,146,251,54,251,13,251,98,249,38,255,32,255,70,255,2,0,139,255,0,0,80,0,25,41,74,9,0,255,255,0,0,0,0,187,89,150,121,254,253,254,253,255,28,136,84,32,0,145,89,213,66,89,253,149,254,127,255,223,255,95,239,175,23,0,4,0,0,12,0,136,128,112,104,168,0,224,0,0,0,2,254,6,254,0,0,0,0,0,36,6,130,6,0,0,0,0,0,1,9,3,4,24,0,0,16,0,0,16,60,255,0,0,0,0,0,0,0,0,0,0,0,0,0,0,0,0,198,252,118,251,54,251,13,251,98,249,38,255,32,255,70,255
2026-08-03_15-49-30,1,527,3,0.0,0,10.0,3,3,2,0,139,255,0,0,80,0,25,41,74,9,0,255,255,0,0,0,0,187,89,150,121,254,253,254,253,255,28,136,84,32,0,145,89,213,66,89,253,149,254,127,255,223,255,95,239,175,23,0,4,0,0,12,0,136,128,112,104,168,0,224,0,0,0,2,254,6,254,0,0,0,0,0,36,6,130,6,0,0,0,0,0,1,9,3,4,24,0,0,16,0,0,16,60,255,0,0,0,0,0,0,0,0,0,0,0,0,0,0,0,0,198,252,118,251,54,251,13,251,98,249,38,255,32,255,70,255,2,0,180,255,0,0,84,0,25,41,76,9,0,255,255,0,0,0,0,163,89,124,121,254,253,254,253,255,30,136,84,32,0,98,89,213,66,89,253,124,254,127,255,223,255,95,239,175,23,0,4,0,0,12,0,136,128,112,104,200,0,160,0,0,0,2,254,6,254,0,0,0,0,0,36,6,130,6,0,0,0,0,0,1,9,3,4,24,0,0,16,0,0,16,60,255,0,0,0,0,0,0,0,0,0,0,0,0,0,0,0,0,198,252,118,251,54,251,13,251,98,249,38,255,32,255,70,255
2026-08-03_15-49-30,1,528,0,0.0,0,10.0,3,3,2,0,180,255,0,0,84,0,25,41,76,9,0,255,255,0,0,0,0,163,89,124,121,254,253,254,253,255,30,136,84,32,0,98,89,213,66,89,253,124,254,127,255,223,255,95,239,175,23,0,4,0,0,12,0,136,128,112,104,200,0,160,0,0,0,2,254,6,254,0,0,0,0,0,36,6,130,6,0,0,0,0,0,1,9,3,4,24,0,0,16,0,0,16,60,255,0,0,0,0,0,0,0,0,0,0,0,0,0,0,0,0,198,252,118,251,54,251,13,251,98,249,38,255,32,255,70,255,2,0,72,255,0,0,88,0,25,41,78,9,0,255,255,0,0,0,0,187,89,147,121,254,253,254,253,255,32,136,84,32,0,66,89,213,66,89,253,147,254,127,255,223,255,95,239,175,23,0,4,0,0,12,0,136,128,112,104,232,0,96,0,0,0,2,254,6,254,0,0,0,0,0,36,6,130,6,0,0,0,0,0,1,9,3,4,24,0,0,16,0,0,16,60,255,0,0,0,0,0,0,0,0,0,0,0,0,0,0,0,0,198,252,118,251,54,251,13,251,98,249,38,255,32,255,70,255
2026-08-03_15-49-30,1,529,0,0.0,0,10.0,3,3,2,0,72,255,0,0,88,0,25,41,78,9,0,255,255,0,0,0,0,187,89,147,121,254,253,254,253,255,32,136,84,32,0,66,89,213,66,89,253,147,254,127,255,223,255,95,239,175,23,0,4,0,0,12,0,136,128,112,104,232,0,96,0,0,0,2,254,6,254,0,0,0,0,0,36,6,130,6,0,0,0,0,0,1,9,3,4,24,0,0,16,0,0,16,60,255,0,0,0,0,0,0,0,0,0,0,0,0,0,0,0,0,198,252,118,251,54,251,13,251,98,249,38,255,32,255,70,255,2,0,138,255,0,0,92,0,25,41,80,9,0,255,255,0,0,0,0,163,89,121,121,254,253,254,253,255,35,136,84,32,0,34,89,213,66,89,253,141,254,127,255,223,255,95,239,175,23,0,4,0,0,12,0,136,128,112,104,8,0,32,0,0,0,2,254,6,254,0,0,0,0,0,36,6,130,6,0,0,0,0,0,1,9,3,4,24,0,0,16,0,0,16,60,255,0,0,0,0,0,0,0,0,0,0,0,0,0,0,0,0,198,252,118,251,54,251,13,251,98,249,38,255,32,255,70,255
2026-08-03_15-49-30,1,530,0,0.0,0,10.0,3,3,2,0,138,255,0,0,92,0,25,41,80,9,0,255,255,0,0,0,0,163,89,121,121,254,253,254,253,255,35,136,84,32,0,34,89,213,66,89,253,141,254,127,255,223,255,95,239,175,23,0,4,0,0,12,0,136,128,112,104,8,0,32,0,0,0,2,254,6,254,0,0,0,0,0,36,6,130,6,0,0,0,0,0,1,9,3,4,24,0,0,16,0,0,16,60,255,0,0,0,0,0,0,0,0,0,0,0,0,0,0,0,0,198,252,118,251,54,251,13,251,98,249,38,255,32,255,70,255,2,0,165,255,0,0,96,0,25,41,81,9,0,255,255,0,0,0,0,187,89,143,121,254,253,254,253,255,37,136,84,32,0,2,89,213,66,89,253,141,254,127,255,223,255,95,239,175,23,2,4,0,0,12,0,136,128,112,104,40,0,224,0,0,0,2,254,6,254,0,0,0,0,0,36,6,130,6,0,0,0,0,0,1,9,3,4,24,0,0,16,0,0,16,60,255,0,0,0,0,0,0,0,0,0,0,0,0,0,0,0,0,198,252,118,251,54,251,13,251,98,249,38,255,32,255,70,255
2026-08-03_15-49-30,1,531,0,0.0,0,10.0,3,3,2,0,165,255,0,0,96,0,25,41,81,9,0,255,255,0,0,0,0,187,89,143,121,254,253,254,253,255,37,136,84,32,0,2,89,213,66,89,253,141,254,127,255,223,255,95,239,175,23,2,4,0,0,12,0,136,128,112,104,40,0,224,0,0,0,2,254,6,254,0,0,0,0,0,36,6,130,6,0,0,0,0,0,1,9,3,4,24,0,0,16,0,0,16,60,255,0,0,0,0,0,0,0,0,0,0,0,0,0,0,0,0,198,252,118,251,54,251,13,251,98,249,38,255,32,255,70,255,2,0,84,255,0,0,100,0,25,41,83,9,0,255,255,0,0,0,0,163,89,117,121,254,253,254,253,255,39,136,84,32,0,226,89,213,66,89,253,117,254,127,255,223,255,95,239,175,23,2,4,0,0,12,0,136,128,112,104,72,0,160,0,0,0,2,254,6,254,0,0,0,0,0,36,6,130,6,0,0,0,0,0,1,9,3,4,24,0,0,16,0,0,16,60,255,0,0,0,0,0,0,0,0,0,0,0,0,0,0,0,0,198,252,118,251,54,251,13,251,98,249,38,255,32,255,70,255
2026-08-03_15-49-30,1,532,0,0.0,0,10.0,3,3,2,0,84,255,0,0,100,0,25,41,83,9,0,255,255,0,0,0,0,163,89,117,121,254,253,254,253,255,39,136,84,32,0,226,89,213,66,89,253,117,254,127,255,223,255,95,239,175,23,2,4,0,0,12,0,136,128,112,104,72,0,160,0,0,0,2,254,6,254,0,0,0,0,0,36,6,130,6,0,0,0,0,0,1,9,3,4,24,0,0,16,0,0,16,60,255,0,0,0,0,0,0,0,0,0,0,0,0,0,0,0,0,198,252,118,251,54,251,13,251,98,249,38,255,32,255,70,255,2,0,78,255,0,0,104,0,25,41,85,9,0,255,255,0,0,0,0,187,89,140,121,254,253,254,253,255,41,136,84,32,0,194,89,213,66,89,253,140,254,127,255,223,255,95,239,175,23,0,4,0,0,12,0,136,128,112,104,104,0,96,0,0,0,2,254,6,254,0,0,0,0,0,36,6,130,6,0,0,0,0,0,1,9,3,4,24,0,0,16,0,0,16,60,255,0,0,0,0,0,0,0,0,0,0,0,0,0,0,0,0,198,252,118,251,54,251,13,251,98,249,38,255,32,255,70,255
2026-08-03_15-49-30,1,533,0,0.0,0,10.0,3,3,2,0,78,255,0,0,104,0,25,41,85,9,0,255,255,0,0,0,0,187,89,140,121,254,253,254,253,255,41,136,84,32,0,194,89,213,66,89,253,140,254,127,255,223,255,95,239,175,23,0,4,0,0,12,0,136,128,112,104,104,0,96,0,0,0,2,254,6,254,0,0,0,0,0,36,6,130,6,0,0,0,0,0,1,9,3,4,24,0,0,16,0,0,16,60,255,0,0,0,0,0,0,0,0,0,0,0,0,0,0,0,0,198,252,118,251,54,251,13,251,98,249,38,255,32,255,70,255,2,0,238,255,0,0,108,0,25,41,87,9,0,255,255,0,0,0,0,163,89,114,121,254,253,254,253,255,43,136,84,32,0,146,89,213,66,89,253,133,254,127,255,223,255,95,239,175,23,0,4,0,0,12,0,136,128,112,104,136,0,32,0,0,0,2,254,6,254,0,0,0,0,0,36,6,130,6,0,0,0,0,0,1,9,3,4,24,0,0,16,0,0,16,60,255,0,0,0,0,0,0,0,0,0,0,0,0,0,0,0,0,198,252,118,251,54,251,13,251,98,249,38,255,32,255,70,255
2026-08-03_15-49-30,1,534,0,0.0,0,10.0,3,3,2,0,238,255,0,0,108,0,25,41,87,9,0,255,255,0,0,0,0,163,89,114,121,254,253,254,253,255,43,136,84,32,0,146,89,213,66,89,253,133,254,127,255,223,255,95,239,175,23,0,4,0,0,12,0,136,128,112,104,136,0,32,0,0,0,2,254,6,254,0,0,0,0,0,36,6,130,6,0,0,0,0,0,1,9,3,4,24,0,0,16,0,0,16,60,255,0,0,0,0,0,0,0,0,0,0,0,0,0,0,0,0,198,252,118,251,54,251,13,251,98,249,38,255,32,255,70,255,2,0,236,255,0,0,112,0,25,41,88,9,0,255,255,0,0,0,0,187,89,136,121,254,253,254,253,255,45,136,84,32,0,99,89,213,66,89,253,133,254,127,255,223,255,95,239,175,23,0,4,0,0,12,0,136,128,112,104,168,0,224,0,0,0,2,254,6,254,0,0,0,0,0,36,6,130,6,0,0,0,0,0,1,9,3,4,24,0,0,16,0,0,16,60,255,0,0,0,0,0,0,0,0,0,0,0,0,0,0,0,0,198,252,118,251,54,251,13,251,98,249,38,255,32,255,70,255
2026-08-03_15-49-30,1,535,0,0.0,0,10.0,3,3,2,0,236,255,0,0,112,0,25,41,88,9,0,255,255,0,0,0,0,187,89,136,121,254,253,254,253,255,45,136,84,32,0,99,89,213,66,89,253,133,254,127,255,223,255,95,239,175,23,0,4,0,0,12,0,136,128,112,104,168,0,224,0,0,0,2,254,6,254,0,0,0,0,0,36,6,130,6,0,0,0,0,0,1,9,3,4,24,0,0,16,0,0,16,60,255,0,0,0,0,0,0,0,0,0,0,0,0,0,0,0,0,198,252,118,251,54,251,13,251,98,249,38,255,32,255,70,255,2,0,207,255,0,0,116,0,25,41,90,9,0,255,255,0,0,0,0,163,89,110,121,254,253,254,253,255,47,136,84,32,0,67,89,213,66,89,253,133,254,127,255,223,255,95,239,175,23,2,4,0,0,12,0,136,128,112,104,200,0,160,0,0,0,2,254,6,254,0,0,0,0,0,36,6,130,6,0,0,0,0,0,1,9,3,4,24,0,0,16,0,0,16,60,255,0,0,0,0,0,0,0,0,0,0,0,0,0,0,0,0,198,252,118,251,54,251,13,251,98,249,38,255,32,255,70,255
2026-08-03_15-49-30,1,536,0,0.0,0,10.0,3,3,2,0,207,255,0,0,116,0,25,41,90,9,0,255,255,0,0,0,0,163,89,110,121,254,253,254,253,255,47,136,84,32,0,67,89,213,66,89,253,133,254,127,255,223,255,95,239,175,23,2,4,0,0,12,0,136,128,112,104,200,0,160,0,0,0,2,254,6,254,0,0,0,0,0,36,6,130,6,0,0,0,0,0,1,9,3,4,24,0,0,16,0,0,16,60,255,0,0,0,0,0,0,0,0,0,0,0,0,0,0,0,0,198,252,118,251,54,251,13,251,98,249,38,255,32,255,70,255,2,0,247,255,0,0,120,0,25,41,92,9,0,255,255,0,0,0,0,187,89,133,121,254,253,254,253,255,49,136,84,32,0,35,89,213,66,89,253,133,254,127,255,223,255,95,239,175,23,0,4,0,0,12,0,136,128,112,104,232,0,96,0,0,0,2,254,6,254,0,0,0,0,0,36,6,130,6,0,0,0,0,0,1,9,3,4,24,0,0,16,0,0,16,60,255,0,0,0,0,0,0,0,0,0,0,0,0,0,0,0,0,198,252,118,251,54,251,13,251,98,249,38,255,32,255,70,255
2026-08-03_15-49-30,1,537,0,0.0,0,10.0,3,3,2,0,247,255,0,0,120,0,25,41,92,9,0,255,255,0,0,0,0,187,89,133,121,254,253,254,253,255,49,136,84,32,0,35,89,213,66,89,253,133,254,127,255,223,255,95,239,175,23,0,4,0,0,12,0,136,128,112,104,232,0,96,0,0,0,2,254,6,254,0,0,0,0,0,36,6,130,6,0,0,0,0,0,1,9,3,4,24,0,0,16,0,0,16,60,255,0,0,0,0,0,0,0,0,0,0,0,0,0,0,0,0,198,252,118,251,54,251,13,251,98,249,38,255,32,255,70,255,2,0,126,255,0,0,124,0,25,41,94,9,0,255,255,0,0,0,0,163,89,107,121,254,253,254,253,255,52,136,84,32,0,3,89,213,66,89,253,107,254,127,255,223,255,95,239,175,23,0,4,0,0,12,0,136,128,112,104,8,0,32,0,0,0,2,254,6,254,0,0,0,0,0,36,6,130,6,0,0,0,0,0,1,9,3,4,24,0,0,16,0,0,16,60,255,0,0,0,0,0,0,0,0,0,0,0,0,0,0,0,0,198,252,118,251,54,251,13,251,98,249,38,255,32,255,70,255
2026-08-03_15-49-30,1,538,0,0.0,0,10.0,3,3,2,0,126,255,0,0,124,0,25,41,94,9,0,255,255,0,0,0,0,163,89,107,121,254,253,254,253,255,52,136,84,32,0,3,89,213,66,89,253,107,254,127,255,223,255,95,239,175,23,0,4,0,0,12,0,136,128,112,104,8,0,32,0,0,0,2,254,6,254,0,0,0,0,0,36,6,130,6,0,0,0,0,0,1,9,3,4,24,0,0,16,0,0,16,60,255,0,0,0,0,0,0,0,0,0,0,0,0,0,0,0,0,198,252,118,251,54,251,13,251,98,249,38,255,32,255,70,255,2,0,233,255,0,0,128,0,25,41,95,9,0,255,255,0,0,0,0,187,89,129,121,254,253,254,253,255,54,136,84,32,0,227,89,213,66,89,253,125,254,127,255,223,255,95,239,175,23,0,4,0,0,12,0,136,128,112,104,40,0,224,0,0,0,2,254,6,254,0,0,0,0,0,36,6,130,6,0,0,0,0,0,1,9,3,4,112,0,0,16,0,0,16,60,255,0,0,0,0,0,0,0,0,0,0,0,0,0,0,0,0,198,252,118,251,54,251,13,251,98,249,38,255,32,255,70,255
2026-08-03_15-49-30,1,539,0,0.0,0,10.0,3,3,2,0,233,255,0,0,128,0,25,41,95,9,0,255,255,0,0,0,0,187,89,129,121,254,253,254,253,255,54,136,84,32,0,227,89,213,66,89,253,125,254,127,255,223,255,95,239,175,23,0,4,0,0,12,0,136,128,112,104,40,0,224,0,0,0,2,254,6,254,0,0,0,0,0,36,6,130,6,0,0,0,0,0,1,9,3,4,112,0,0,16,0,0,16,60,255,0,0,0,0,0,0,0,0,0,0,0,0,0,0,0,0,198,252,118,251,54,251,13,251,98,249,38,255,32,255,70,255,2,0,153,255,0,0,132,0,25,41,97,9,0,255,255,0,0,255,0,163,89,103,121,254,253,254,253,255,56,136,83,32,0,195,89,213,66,89,253,125,254,127,255,191,255,191,239,175,23,2,4,0,0,0,0,136,128,112,104,72,0,48,0,0,0,2,254,6,254,0,0,0,0,0,36,6,130,6,0,0,0,0,0,1,9,3,4,112,0,0,16,0,0,16,60,255,0,0,0,0,0,0,0,0,0,0,0,0,0,0,0,0,42,252,140,251,54,251,250,250,98,249,38,255,32,255,70,255
2026-08-03_15-49-30,1,540,0,0.0,0,10.0,3,3,2,0,153,255,0,0,132,0,25,41,97,9,0,255,255,0,0,255,0,163,89,103,121,254,253,254,253,255,56,136,83,32,0,195,89,213,66,89,253,125,254,127,255,191,255,191,239,175,23,2,4,0,0,0,0,136,128,112,104,72,0,48,0,0,0,2,254,6,254,0,0,0,0,0,36,6,130,6,0,0,0,0,0,1,9,3,4,112,0,0,16,0,0,16,60,255,0,0,0,0,0,0,0,0,0,0,0,0,0,0,0,0,42,252,140,251,54,251,250,250,98,249,38,255,32,255,70,255,2,0,154,255,0,0,136,0,25,41,97,9,0,255,255,0,0,255,0,187,89,115,121,254,253,254,253,255,58,136,82,32,0,163,89,245,66,89,253,125,254,127,255,191,255,175,126,175,23,0,4,0,0,0,0,136,128,112,104,104,0,240,0,0,0,2,254,6,254,0,0,0,0,0,36,6,130,6,0,0,0,0,0,1,9,3,4,112,0,0,16,0,0,16,60,255,0,0,0,0,0,0,0,0,0,0,0,0,0,0,0,0,42,252,140,251,54,251,250,250,98,249,38,255,32,255,70,255
2026-08-03_15-49-30,1,541,0,0.0,0,10.0,3,3,2,0,154,255,0,0,136,0,25,41,97,9,0,255,255,0,0,255,0,187,89,115,121,254,253,254,253,255,58,136,82,32,0,163,89,245,66,89,253,125,254,127,255,191,255,175,126,175,23,0,4,0,0,0,0,136,128,112,104,104,0,240,0,0,0,2,254,6,254,0,0,0,0,0,36,6,130,6,0,0,0,0,0,1,9,3,4,112,0,0,16,0,0,16,60,255,0,0,0,0,0,0,0,0,0,0,0,0,0,0,0,0,42,252,140,251,54,251,250,250,98,249,38,255,32,255,70,255,2,0,168,255,0,0,140,0,25,41,97,9,0,255,255,0,0,255,0,163,89,91,121,254,253,254,253,255,60,136,80,32,0,100,89,21,66,89,253,125,254,127,255,191,255,175,126,175,21,2,4,0,0,0,0,136,128,112,104,136,0,176,0,0,0,2,254,6,254,0,0,0,0,0,36,6,130,6,0,0,0,0,0,1,9,3,4,112,0,0,16,0,0,16,60,255,0,0,0,0,0,0,0,0,0,0,0,0,0,0,0,0,42,252,140,251,54,251,250,250,98,249,38,255,32,255,70,255
2026-08-03_15-49-30,1,542,0,0.0,0,10.0,3,3,2,0,168,255,0,0,140,0,25,41,97,9,0,255,255,0,0,255,0,163,89,91,121,254,253,254,253,255,60,136,80,32,0,100,89,21,66,89,253,125,254,127,255,191,255,175,126,175,21,2,4,0,0,0,0,136,128,112,104,136,0,176,0,0,0,2,254,6,254,0,0,0,0,0,36,6,130,6,0,0,0,0,0,1,9,3,4,112,0,0,16,0,0,16,60,255,0,0,0,0,0,0,0,0,0,0,0,0,0,0,0,0,42,252,140,251,54,251,250,250,98,249,38,255,32,255,70,255,2,0,140,255,0,0,144,0,25,41,97,9,0,255,255,0,0,255,0,187,89,115,121,254,253,254,253,255,62,136,78,32,0,68,89,53,66,89,253,125,254,127,255,191,255,175,126,175,21,2,4,0,0,0,0,136,128,112,104,168,0,112,0,0,0,2,254,6,254,0,0,0,0,0,36,6,130,6,0,0,0,0,0,1,9,3,4,112,0,0,16,0,0,16,60,255,0,0,0,0,0,0,0,0,0,0,0,0,0,0,0,0,42,252,140,251,54,251,250,250,98,249,38,255,32,255,70,255
2026-08-03_15-49-30,1,543,0,0.0,0,10.0,3,3,2,0,140,255,0,0,144,0,25,41,97,9,0,255,255,0,0,255,0,187,89,115,121,254,253,254,253,255,62,136,78,32,0,68,89,53,66,89,253,125,254,127,255,191,255,175,126,175,21,2,4,0,0,0,0,136,128,112,104,168,0,112,0,0,0,2,254,6,254,0,0,0,0,0,36,6,130,6,0,0,0,0,0,1,9,3,4,112,0,0,16,0,0,16,60,255,0,0,0,0,0,0,0,0,0,0,0,0,0,0,0,0,42,252,140,251,54,251,250,250,98,249,38,255,32,255,70,255,2,0,193,255,0,0,148,0,25,41,97,9,0,255,255,0,0,255,0,163,89,91,121,254,253,254,253,255,64,136,76,32,0,36,89,69,66,89,253,125,254,127,255,191,255,175,126,175,21,0,4,0,0,0,0,136,128,112,104,200,0,48,0,0,0,2,254,6,254,0,0,0,0,0,36,6,130,6,0,0,0,0,0,1,9,3,4,112,0,0,16,0,0,16,60,255,0,0,0,0,0,0,0,0,0,0,0,0,0,0,0,0,42,252,140,251,54,251,250,250,98,249,38,255,32,255,70,255
2026-08-03_15-49-30,1,544,0,0.0,0,10.0,3,3,2,0,193,255,0,0,148,0,25,41,97,9,0,255,255,0,0,255,0,163,89,91,121,254,253,254,253,255,64,136,76,32,0,36,89,69,66,89,253,125,254,127,255,191,255,175,126,175,21,0,4,0,0,0,0,136,128,112,104,200,0,48,0,0,0,2,254,6,254,0,0,0,0,0,36,6,130,6,0,0,0,0,0,1,9,3,4,112,0,0,16,0,0,16,60,255,0,0,0,0,0,0,0,0,0,0,0,0,0,0,0,0,42,252,140,251,54,251,250,250,98,249,38,255,32,255,70,255,2,0,29,255,0,0,152,0,25,41,97,9,0,255,255,0,0,255,0,187,89,115,121,254,253,254,253,255,66,136,75,32,0,4,89,101,66,89,253,125,254,127,255,191,255,175,126,175,20,2,4,0,0,0,0,136,128,112,104,232,0,240,0,0,0,2,254,6,254,0,0,0,0,0,36,6,130,6,0,0,0,0,0,1,9,3,4,112,0,0,16,0,0,16,60,255,0,0,0,0,0,0,0,0,0,0,0,0,0,0,0,0,42,252,140,251,54,251,250,250,98,249,38,255,32,255,70,255
2026-08-03_15-49-30,1,545,0,0.0,0,10.0,3,3,2,0,29,255,0,0,152,0,25,41,97,9,0,255,255,0,0,255,0,187,89,115,121,254,253,254,253,255,66,136,75,32,0,4,89,101,66,89,253,125,254,127,255,191,255,175,126,175,20,2,4,0,0,0,0,136,128,112,104,232,0,240,0,0,0,2,254,6,254,0,0,0,0,0,36,6,130,6,0,0,0,0,0,1,9,3,4,112,0,0,16,0,0,16,60,255,0,0,0,0,0,0,0,0,0,0,0,0,0,0,0,0,42,252,140,251,54,251,250,250,98,249,38,255,32,255,70,255,2,0,213,255,0,0,156,0,25,41,97,9,0,255,255,0,0,255,0,163,89,91,121,254,253,254,253,255,68,136,73,32,0,228,89,148,66,89,253,125,254,127,255,191,255,175,126,175,20,0,4,0,0,0,0,136,128,112,104,128,0,176,0,0,0,2,254,6,254,0,0,0,0,0,36,6,130,6,0,0,0,0,0,1,9,3,4,112,0,0,16,0,0,16,60,255,0,0,0,0,0,0,0,0,0,0,0,0,0,0,0,0,42,252,140,251,54,251,250,250,98,249,38,255,32,255,70,255
2026-08-03_15-49-30,1,546,0,0.0,0,10.0,3,3,2,0,213,255,0,0,156,0,25,41,97,9,0,255,255,0,0,255,0,163,89,91,121,254,253,254,253,255,68,136,73,32,0,228,89,148,66,89,253,125,254,127,255,191,255,175,126,175,20,0,4,0,0,0,0,136,128,112,104,128,0,176,0,0,0,2,254,6,254,0,0,0,0,0,36,6,130,6,0,0,0,0,0,1,9,3,4,112,0,0,16,0,0,16,60,255,0,0,0,0,0,0,0,0,0,0,0,0,0,0,0,0,42,252,140,251,54,251,250,250,98,249,38,255,32,255,70,255,2,0,87,255,0,0,160,0,25,41,97,9,0,255,255,0,0,255,0,187,89,115,121,254,253,254,253,255,68,136,71,32,0,228,89,180,66,89,253,125,254,127,255,191,255,175,126,175,20,0,4,0,0,0,0,136,128,112,104,128,0,112,0,0,0,2,254,6,254,0,0,0,0,0,36,6,130,6,0,0,0,0,0,1,9,3,4,112,0,0,16,0,0,16,60,255,0,0,0,0,0,0,0,0,0,0,0,0,0,0,0,0,42,252,140,251,54,251,250,250,98,249,38,255,32,255,70,255
2026-08-03_15-49-30,1,547,0,0.0,0,10.0,3,3,2,0,87,255,0,0,160,0,25,41,97,9,0,255,255,0,0,255,0,187,89,115,121,254,253,254,253,255,68,136,71,32,0,228,89,180,66,89,253,125,254,127,255,191,255,175,126,175,20,0,4,0,0,0,0,136,128,112,104,128,0,112,0,0,0,2,254,6,254,0,0,0,0,0,36,6,130,6,0,0,0,0,0,1,9,3,4,112,0,0,16,0,0,16,60,255,0,0,0,0,0,0,0,0,0,0,0,0,0,0,0,0,42,252,140,251,54,251,250,250,98,249,38,255,32,255,70,255,2,0,124,255,0,0,164,0,25,41,97,9,0,255,255,0,0,255,0,163,89,91,121,254,253,254,253,255,68,136,69,32,0,228,89,196,66,89,253,125,254,127,255,191,255,175,126,175,20,0,4,0,0,0,0,136,128,112,104,128,0,48,0,0,0,2,254,6,254,0,0,0,0,0,36,6,130,6,0,0,0,0,0,1,9,3,4,112,0,0,16,0,0,16,60,255,0,0,0,0,0,0,0,0,0,0,0,0,0,0,0,0,42,252,140,251,54,251,250,250,98,249,38,255,32,255,70,255
2026-08-03_15-49-30,1,548,5,0.0,0,10.0,3,3,2,0,124,255,0,0,164,0,25,41,97,9,0,255,255,0,0,255,0,163,89,91,121,254,253,254,253,255,68,136,69,32,0,228,89,196,66,89,253,125,254,127,255,191,255,175,126,175,20,0,4,0,0,0,0,136,128,112,104,128,0,48,0,0,0,2,254,6,254,0,0,0,0,0,36,6,130,6,0,0,0,0,0,1,9,3,4,112,0,0,16,0,0,16,60,255,0,0,0,0,0,0,0,0,0,0,0,0,0,0,0,0,42,252,140,251,54,251,250,250,98,249,38,255,32,255,70,255,2,0,202,255,0,0,168,0,27,41,97,9,0,255,255,0,0,255,0,198,89,127,121,254,253,254,253,255,68,136,68,32,0,228,89,228,66,89,253,125,254,223,255,191,255,175,126,175,19,2,4,12,0,12,0,136,128,112,104,24,0,240,0,0,0,2,254,6,254,0,0,0,0,0,36,6,130,6,0,0,0,0,0,1,9,3,4,112,0,0,16,0,0,16,60,255,0,0,0,0,0,0,0,0,0,0,0,0,0,0,0,0,126,252,128,251,54,251,250,250,98,249,38,255,32,255,70,255
2026-08-03_15-49-30,1,549,5,0.0,0,10.0,3,3,2,0,202,255,0,0,168,0,27,41,97,9,0,255,255,0,0,255,0,198,89,127,121,254,253,254,253,255,68,136,68,32,0,228,89,228,66,89,253,125,254,223,255,191,255,175,126,175,19,2,4,12,0,12,0,136,128,112,104,24,0,240,0,0,0,2,254,6,254,0,0,0,0,0,36,6,130,6,0,0,0,0,0,1,9,3,4,112,0,0,16,0,0,16,60,255,0,0,0,0,0,0,0,0,0,0,0,0,0,0,0,0,126,252,128,251,54,251,250,250,98,249,38,255,32,255,70,255,2,0,161,255,0,0,172,0,29,41,95,9,0,255,255,0,0,255,0,172,89,105,121,254,253,254,253,255,68,136,68,32,0,228,89,228,66,89,253,125,254,223,255,239,255,175,222,175,19,2,4,12,0,12,0,136,128,112,104,56,0,176,0,0,0,2,254,6,254,0,0,0,0,0,36,6,130,6,0,0,0,0,0,1,9,3,4,112,0,0,16,0,0,16,60,255,0,0,0,0,0,0,0,0,0,0,0,0,0,0,0,0,126,252,128,251,54,251,250,250,98,249,38,255,32,255,70,255
2026-08-03_15-49-30,1,550,0,0.0,0,10.0,3,3,2,0,161,255,0,0,172,0,29,41,95,9,0,255,255,0,0,255,0,172,89,105,121,254,253,254,253,255,68,136,68,32,0,228,89,228,66,89,253,125,254,223,255,239,255,175,222,175,19,2,4,12,0,12,0,136,128,112,104,56,0,176,0,0,0,2,254,6,254,0,0,0,0,0,36,6,130,6,0,0,0,0,0,1,9,3,4,112,0,0,16,0,0,16,60,255,0,0,0,0,0,0,0,0,0,0,0,0,0,0,0,0,126,252,128,251,54,251,250,250,98,249,38,255,32,255,70,255,2,0,19,255,0,0,176,0,31,41,93,9,0,255,255,0,0,255,0,194,89,131,121,254,253,254,253,255,68,136,68,32,0,228,89,228,66,89,253,131,254,223,255,239,255,175,222,175,19,2,4,12,0,12,0,136,128,112,104,88,0,112,0,0,0,2,254,6,254,0,0,0,0,0,36,6,130,6,0,0,0,0,0,1,9,3,4,112,0,0,16,0,0,16,60,255,0,0,0,0,0,0,0,0,0,0,0,0,0,0,0,0,126,252,128,251,54,251,250,250,98,249,38,255,32,255,70,255
2026-08-03_15-49-30,1,551,0,0.0,0,10.0,3,3,2,0,19,255,0,0,176,0,31,41,93,9,0,255,255,0,0,255,0,194,89,131,121,254,253,254,253,255,68,136,68,32,0,228,89,228,66,89,253,131,254,223,255,239,255,175,222,175,19,2,4,12,0,12,0,136,128,112,104,88,0,112,0,0,0,2,254,6,254,0,0,0,0,0,36,6,130,6,0,0,0,0,0,1,9,3,4,112,0,0,16,0,0,16,60,255,0,0,0,0,0,0,0,0,0,0,0,0,0,0,0,0,126,252,128,251,54,251,250,250,98,249,38,255,32,255,70,255,2,0,63,255,0,0,180,0,33,41,91,9,0,255,255,0,0,255,0,168,89,108,121,254,253,254,253,255,68,136,68,32,0,228,89,228,66,89,253,108,254,223,255,239,255,175,222,175,19,2,4,12,0,12,0,136,128,112,104,120,0,48,0,0,0,2,254,6,254,0,0,0,0,0,36,6,130,6,0,0,0,0,0,1,9,3,4,112,0,0,16,0,0,16,60,255,0,0,0,0,0,0,0,0,0,0,0,0,0,0,0,0,126,252,128,251,54,251,250,250,98,249,38,255,32,255,70,255
2026-08-03_15-49-30,1,552,0,0.0,0,10.0,3,3,2,0,63,255,0,0,180,0,33,41,91,9,0,255,255,0,0,255,0,168,89,108,121,254,253,254,253,255,68,136,68,32,0,228,89,228,66,89,253,108,254,223,255,239,255,175,222,175,19,2,4,12,0,12,0,136,128,112,104,120,0,48,0,0,0,2,254,6,254,0,0,0,0,0,36,6,130,6,0,0,0,0,0,1,9,3,4,112,0,0,16,0,0,16,60,255,0,0,0,0,0,0,0,0,0,0,0,0,0,0,0,0,126,252,128,251,54,251,250,250,98,249,38,255,32,255,70,255,2,0,252,255,0,0,184,0,35,41,90,9,0,255,255,0,0,255,0,189,89,134,121,254,253,254,253,255,68,136,68,32,0,228,89,228,66,89,253,133,254,223,255,239,255,175,222,175,19,0,4,12,0,12,0,136,128,112,104,152,0,240,0,0,0,2,254,6,254,0,0,0,0,0,36,6,130,6,0,0,0,0,0,1,9,3,4,112,0,0,16,0,0,16,60,255,0,0,0,0,0,0,0,0,0,0,0,0,0,0,0,0,126,252,128,251,54,251,250,250,98,249,38,255,32,255,70,255
2026-08-03_15-49-30,1,553,0,0.0,0,10.0,3,3,2,0,252,255,0,0,184,0,35,41,90,9,0,255,255,0,0,255,0,189,89,134,121,254,253,254,253,255,68,136,68,32,0,228,89,228,66,89,253,133,254,223,255,239,255,175,222,175,19,0,4,12,0,12,0,136,128,112,104,152,0,240,0,0,0,2,254,6,254,0,0,0,0,0,36,6,130,6,0,0,0,0,0,1,9,3,4,112,0,0,16,0,0,16,60,255,0,0,0,0,0,0,0,0,0,0,0,0,0,0,0,0,126,252,128,251,54,251,250,250,98,249,38,255,32,255,70,255,2,0,194,255,0,0,188,0,37,41,88,9,0,255,255,0,0,255,0,163,89,112,121,254,253,254,253,255,68,136,68,32,0,228,89,228,66,89,253,133,254,223,255,239,255,175,222,175,19,2,4,12,0,12,0,136,128,112,104,184,0,176,0,0,0,2,254,6,254,0,0,0,0,0,36,6,130,6,0,0,0,0,0,1,9,3,4,112,0,0,16,0,0,16,60,255,0,0,0,0,0,0,0,0,0,0,0,0,0,0,0,0,126,252,128,251,54,251,250,250,98,249,38,255,32,255,70,255
2026-08-03_15-49-30,1,554,0,0.0,0,10.0,3,3,2,0,194,255,0,0,188,0,37,41,88,9,0,255,255,0,0,255,0,163,89,112,121,254,253,254,253,255,68,136,68,32,0,228,89,228,66,89,253,133,254,223,255,239,255,175,222,175,19,2,4,12,0,12,0,136,128,112,104,184,0,176,0,0,0,2,254,6,254,0,0,0,0,0,36,6,130,6,0,0,0,0,0,1,9,3,4,112,0,0,16,0,0,16,60,255,0,0,0,0,0,0,0,0,0,0,0,0,0,0,0,0,126,252,128,251,54,251,250,250,98,249,38,255,32,255,70,255,2,0,47,255,0,0,192,0,39,41,86,9,0,255,255,0,0,255,0,185,89,138,121,254,253,254,253,255,68,136,68,32,0,228,89,228,66,136,254,181,254,223,255,239,255,175,222,175,19,2,4,12,0,12,0,136,128,112,104,216,0,112,0,0,0,2,254,6,254,0,0,0,0,0,36,6,130,6,0,0,0,0,0,1,9,3,4,112,0,0,16,0,0,16,60,255,0,0,0,0,0,0,0,0,0,0,0,0,0,0,0,0,126,252,128,251,54,251,250,250,98,249,38,255,32,255,70,255
2026-08-03_15-49-30,1,555,0,0.0,0,10.0,3,3,2,0,47,255,0,0,192,0,39,41,86,9,0,255,255,0,0,255,0,185,89,138,121,254,253,254,253,255,68,136,68,32,0,228,89,228,66,136,254,181,254,223,255,239,255,175,222,175,19,2,4,12,0,12,0,136,128,112,104,216,0,112,0,0,0,2,254,6,254,0,0,0,0,0,36,6,130,6,0,0,0,0,0,1,9,3,4,112,0,0,16,0,0,16,60,255,0,0,0,0,0,0,0,0,0,0,0,0,0,0,0,0,126,252,128,251,54,251,250,250,98,249,38,255,32,255,70,255,2,0,241,255,0,0,196,0,41,41,84,9,0,255,255,0,0,255,0,159,89,115,121,254,253,254,253,255,68,136,68,32,0,228,89,228,66,136,254,181,254,223,255,239,255,175,222,175,18,0,4,12,0,12,0,136,128,112,104,112,0,48,0,0,0,2,254,6,254,0,0,0,0,0,36,6,130,6,0,0,0,0,0,1,9,3,4,112,0,0,16,0,0,16,60,255,0,0,0,0,0,0,0,0,0,0,0,0,0,0,0,0,126,252,128,251,54,251,250,250,98,249,38,255,32,255,70,255
2026-08-03_15-49-30,1,556,3,0.0,0,10.0,3,3,2,0,241,255,0,0,196,0,41,41,84,9,0,255,255,0,0,255,0,159,89,115,121,254,253,254,253,255,68,136,68,32,0,228,89,228,66,136,254,181,254,223,255,239,255,175,222,175,18,0,4,12,0,12,0,136,128,112,104,112,0,48,0,0,0,2,254,6,254,0,0,0,0,0,36,6,130,6,0,0,0,0,0,1,9,3,4,112,0,0,16,0,0,16,60,255,0,0,0,0,0,0,0,0,0,0,0,0,0,0,0,0,126,252,128,251,54,251,250,250,98,249,38,255,32,255,70,255,2,0,26,255,0,0,200,0,41,41,83,9,0,255,255,0,0,255,0,183,89,141,121,254,253,254,253,255,68,136,68,32,0,228,89,228,66,141,254,181,254,223,255,239,255,175,222,175,18,0,4,12,0,12,0,136,128,112,104,112,0,240,0,0,0,2,254,6,254,0,0,0,0,0,36,6,130,6,0,0,0,0,0,1,9,3,4,112,0,0,16,0,0,16,60,255,0,0,0,0,0,0,0,0,0,0,0,0,0,0,0,0,126,252,128,251,54,251,250,250,98,249,38,255,32,255,70,255
2026-08-03_15-49-30,1,557,3,0.0,0,10.0,3,3,2,0,26,255,0,0,200,0,41,41,83,9,0,255,255,0,0,255,0,183,89,141,121,254,253,254,253,255,68,136,68,32,0,228,89,228,66,141,254,181,254,223,255,239,255,175,222,175,18,0,4,12,0,12,0,136,128,112,104,112,0,240,0,0,0,2,254,6,254,0,0,0,0,0,36,6,130,6,0,0,0,0,0,1,9,3,4,112,0,0,16,0,0,16,60,255,0,0,0,0,0,0,0,0,0,0,0,0,0,0,0,0,126,252,128,251,54,251,250,250,98,249,38,255,32,255,70,255,2,0,160,255,0,0,204,0,41,41,81,9,0,255,255,0,0,255,0,159,89,119,121,254,253,254,253,255,68,136,68,32,0,228,89,228,66,119,254,181,254,223,255,239,255,175,222,175,19,2,4,12,0,12,0,136,128,112,104,112,0,176,0,0,0,2,254,6,254,0,0,0,0,0,36,6,130,6,0,0,0,0,0,1,9,3,4,112,0,0,16,0,0,16,60,255,0,0,0,0,0,0,0,0,0,0,0,0,0,0,0,0,126,252,128,251,54,251,250,250,98,249,38,255,32,255,70,255
2026-08-03_15-49-30,1,558,0,0.0,0,10.0,3,3,2,0,160,255,0,0,204,0,41,41,81,9,0,255,255,0,0,255,0,159,89,119,121,254,253,254,253,255,68,136,68,32,0,228,89,228,66,119,254,181,254,223,255,239,255,175,222,175,19,2,4,12,0,12,0,136,128,112,104,112,0,176,0,0,0,2,254,6,254,0,0,0,0,0,36,6,130,6,0,0,0,0,0,1,9,3,4,112,0,0,16,0,0,16,60,255,0,0,0,0,0,0,0,0,0,0,0,0,0,0,0,0,126,252,128,251,54,251,250,250,98,249,38,255,32,255,70,255,2,0,2,255,0,0,208,0,41,41,79,9,0,255,255,0,0,255,0,183,89,145,121,254,253,254,253,255,68,136,68,32,0,228,89,228,66,144,254,181,254,223,255,239,255,175,222,175,18,0,4,12,0,12,0,136,128,112,104,112,0,112,0,0,0,2,254,6,254,0,0,0,0,0,36,6,130,6,0,0,0,0,0,1,9,3,4,112,0,0,16,0,0,16,60,255,0,0,0,0,0,0,0,0,0,0,0,0,0,0,0,0,126,252,128,251,54,251,250,250,98,249,38,255,32,255,70,255
2026-08-03_15-49-30,1,559,0,0.0,0,10.0,3,3,2,0,2,255,0,0,208,0,41,41,79,9,0,255,255,0,0,255,0,183,89,145,121,254,253,254,253,255,68,136,68,32,0,228,89,228,66,144,254,181,254,223,255,239,255,175,222,175,18,0,4,12,0,12,0,136,128,112,104,112,0,112,0,0,0,2,254,6,254,0,0,0,0,0,36,6,130,6,0,0,0,0,0,1,9,3,4,112,0,0,16,0,0,16,60,255,0,0,0,0,0,0,0,0,0,0,0,0,0,0,0,0,126,252,128,251,54,251,250,250,98,249,38,255,32,255,70,255,2,0,35,255,0,0,212,0,41,41,77,9,0,255,255,0,0,255,0,159,89,122,121,254,253,254,253,255,68,136,68,32,0,228,89,228,66,144,254,181,254,223,255,239,255,175,222,175,18,0,4,12,0,12,0,136,128,112,104,112,0,48,0,0,0,2,254,6,254,0,0,0,0,0,36,6,130,6,0,0,0,0,0,1,9,3,4,112,0,0,16,0,0,16,60,255,0,0,0,0,0,0,0,0,0,0,0,0,0,0,0,0,126,252,128,251,54,251,250,250,98,249,38,255,32,255,70,255
2026-08-03_15-49-30,1,560,0,0.0,0,10.0,3,3,2,0,35,255,0,0,212,0,41,41,77,9,0,255,255,0,0,255,0,159,89,122,121,254,253,254,253,255,68,136,68,32,0,228,89,228,66,144,254,181,254,223,255,239,255,175,222,175,18,0,4,12,0,12,0,136,128,112,104,112,0,48,0,0,0,2,254,6,254,0,0,0,0,0,36,6,130,6,0,0,0,0,0,1,9,3,4,112,0,0,16,0,0,16,60,255,0,0,0,0,0,0,0,0,0,0,0,0,0,0,0,0,126,252,128,251,54,251,250,250,98,249,38,255,32,255,70,255,2,0,56,255,0,0,216,0,41,41,76,9,0,255,255,0,0,255,0,183,89,148,121,254,253,254,253,255,68,136,68,32,0,228,89,228,66,144,254,181,254,223,255,239,255,175,222,175,18,0,4,12,0,12,0,136,128,112,104,112,0,240,0,0,0,2,254,6,254,0,0,0,0,0,36,6,130,6,0,0,0,0,0,1,9,3,4,112,0,0,16,0,0,16,60,255,0,0,0,0,0,0,0,0,0,0,0,0,0,0,0,0,126,252,128,251,54,251,250,250,98,249,38,255,32,255,70,255
2026-08-03_15-49-30,1,561,2,0.0,0,10.0,3,3,2,0,56,255,0,0,216,0,41,41,76,9,0,255,255,0,0,255,0,183,89,148,121,254,253,254,253,255,68,136,68,32,0,228,89,228,66,144,254,181,254,223,255,239,255,175,222,175,18,0,4,12,0,12,0,136,128,112,104,112,0,240,0,0,0,2,254,6,254,0,0,0,0,0,36,6,130,6,0,0,0,0,0,1,9,3,4,112,0,0,16,0,0,16,60,255,0,0,0,0,0,0,0,0,0,0,0,0,0,0,0,0,126,252,128,251,54,251,250,250,98,249,38,255,32,255,70,255,2,0,137,255,0,0,220,0,39,41,74,9,0,255,255,0,0,255,0,160,89,126,121,254,253,254,253,255,68,136,68,32,0,228,89,228,66,126,254,181,254,239,255,239,255,175,222,175,19,0,4,12,0,12,0,136,128,112,104,8,0,176,0,0,0,2,254,6,254,0,0,0,0,0,36,6,130,6,0,0,0,0,0,1,9,3,4,112,0,0,16,0,0,16,60,255,0,0,0,0,0,0,0,0,0,0,0,0,0,0,0,0,126,252,128,251,54,251,250,250,98,249,38,255,32,255,70,255
2026-08-03_15-49-30,1,562,2,0.0,0,10.0,3,3,2,0,137,255,0,0,220,0,39,41,74,9,0,255,255,0,0,255,0,160,89,126,121,254,253,254,253,255,68,136,68,32,0,228,89,228,66,126,254,181,254,239,255,239,255,175,222,175,19,0,4,12,0,12,0,136,128,112,104,8,0,176,0,0,0,2,254,6,254,0,0,0,0,0,36,6,130,6,0,0,0,0,0,1,9,3,4,112,0,0,16,0,0,16,60,255,0,0,0,0,0,0,0,0,0,0,0,0,0,0,0,0,126,252,128,251,54,251,250,250,98,249,38,255,32,255,70,255,2,0,151,255,0,0,224,0,37,41,73,9,0,255,255,0,0,0,0,186,89,139,121,254,253,254,253,255,68,136,70,32,0,228,89,212,66,89,253,149,254,239,255,127,255,95,191,175,18,2,4,12,0,0,0,136,128,112,104,40,0,0,0,0,0,2,254,6,254,0,0,0,0,0,36,6,130,6,0,0,0,0,0,1,9,3,4,112,0,0,16,0,0,16,60,255,0,0,0,0,0,0,0,0,0,0,0,0,0,0,0,0,229,251,146,251,54,251,13,251,98,249,38,255,32,255,70,255
2026-08-03_15-49-30,1,563,0,0.0,0,10.0,3,3,2,0,151,255,0,0,224,0,37,41,73,9,0,255,255,0,0,0,0,186,89,139,121,254,253,254,253,255,68,136,70,32,0,228,89,212,66,89,253,149,254,239,255,127,255,95,191,175,18,2,4,12,0,0,0,136,128,112,104,40,0,0,0,0,0,2,254,6,254,0,0,0,0,0,36,6,130,6,0,0,0,0,0,1,9,3,4,112,0,0,16,0,0,16,60,255,0,0,0,0,0,0,0,0,0,0,0,0,0,0,0,0,229,251,146,251,54,251,13,251,98,249,38,255,32,255,70,255,2,0,112,255,0,0,228,0,35,41,73,9,0,255,255,0,0,0,0,164,89,115,121,254,253,254,253,255,68,136,71,32,0,228,89,180,66,89,253,149,254,239,255,127,255,95,191,175,18,2,4,12,0,0,0,136,128,112,104,72,0,192,0,0,0,2,254,6,254,0,0,0,0,0,36,6,130,6,0,0,0,0,0,1,9,3,4,112,0,0,16,0,0,16,60,255,0,0,0,0,0,0,0,0,0,0,0,0,0,0,0,0,229,251,146,251,54,251,13,251,98,249,38,255,32,255,70,255
2026-08-03_15-49-30,1,564,0,0.0,0,10.0,3,3,2,0,112,255,0,0,228,0,35,41,73,9,0,255,255,0,0,0,0,164,89,115,121,254,253,254,253,255,68,136,71,32,0,228,89,180,66,89,253,149,254,239,255,127,255,95,191,175,18,2,4,12,0,0,0,136,128,112,104,72,0,192,0,0,0,2,254,6,254,0,0,0,0,0,36,6,130,6,0,0,0,0,0,1,9,3,4,112,0,0,16,0,0,16,60,255,0,0,0,0,0,0,0,0,0,0,0,0,0,0,0,0,229,251,146,251,54,251,13,251,98,249,38,255,32,255,70,255,2,0,3,255,0,0,232,0,33,41,73,9,0,255,255,0,0,0,0,190,89,139,121,254,253,254,253,255,68,136,73,32,0,228,89,148,66,89,253,149,254,239,255,127,255,95,191,175,20,2,4,12,0,0,0,136,128,112,104,104,0,128,0,0,0,2,254,6,254,0,0,0,0,0,36,6,130,6,0,0,0,0,0,1,9,3,4,112,0,0,16,0,0,16,60,255,0,0,0,0,0,0,0,0,0,0,0,0,0,0,0,0,229,251,146,251,54,251,13,251,98,249,38,255,32,255,70,255
2026-08-03_15-49-30,1,565,0,0.0,0,10.0,3,3,2,0,3,255,0,0,232,0,33,41,73,9,0,255,255,0,0,0,0,190,89,139,121,254,253,254,253,255,68,136,73,32,0,228,89,148,66,89,253,149,254,239,255,127,255,95,191,175,20,2,4,12,0,0,0,136,128,112,104,104,0,128,0,0,0,2,254,6,254,0,0,0,0,0,36,6,130,6,0,0,0,0,0,1,9,3,4,112,0,0,16,0,0,16,60,255,0,0,0,0,0,0,0,0,0,0,0,0,0,0,0,0,229,251,146,251,54,251,13,251,98,249,38,255,32,255,70,255,2,0,50,255,0,0,236,0,31,41,73,9,0,255,255,0,0,0,0,169,89,115,121,254,253,254,253,255,68,136,75,32,0,228,89,117,66,89,253,149,254,239,255,127,255,95,191,175,19,0,4,12,0,0,0,136,128,112,104,136,0,64,0,0,0,2,254,6,254,0,0,0,0,0,36,6,130,6,0,0,0,0,0,1,9,3,4,112,0,0,16,0,0,16,60,255,0,0,0,0,0,0,0,0,0,0,0,0,0,0,0,0,229,251,146,251,54,251,13,251,98,249,38,255,32,255,70,255
2026-08-03_15-49-30,1,566,3,0.0,0,10.0,3,3,2,0,50,255,0,0,236,0,31,41,73,9,0,255,255,0,0,0,0,169,89,115,121,254,253,254,253,255,68,136,75,32,0,228,89,117,66,89,253,149,254,239,255,127,255,95,191,175,19,0,4,12,0,0,0,136,128,112,104,136,0,64,0,0,0,2,254,6,254,0,0,0,0,0,36,6,130,6,0,0,0,0,0,1,9,3,4,112,0,0,16,0,0,16,60,255,0,0,0,0,0,0,0,0,0,0,0,0,0,0,0,0,229,251,146,251,54,251,13,251,98,249,38,255,32,255,70,255,2,0,36,255,0,0,240,0,29,41,73,9,0,255,255,0,0,0,0,195,89,139,121,254,253,254,253,255,68,136,77,32,0,228,89,85,66,89,253,149,254,239,255,127,255,95,191,175,20,2,4,12,0,0,0,136,128,112,104,168,0,0,0,0,0,2,254,6,254,0,0,0,0,0,36,6,130,6,0,0,0,0,0,1,9,3,4,112,0,0,16,0,0,16,60,255,0,0,0,0,0,0,0,0,0,0,0,0,0,0,0,0,229,251,146,251,54,251,13,251,98,249,38,255,32,255,70,255
2026-08-03_15-49-30,1,567,3,0.0,0,10.0,3,3,2,0,36,255,0,0,240,0,29,41,73,9,0,255,255,0,0,0,0,195,89,139,121,254,253,254,253,255,68,136,77,32,0,228,89,85,66,89,253,149,254,239,255,127,255,95,191,175,20,2,4,12,0,0,0,136,128,112,104,168,0,0,0,0,0,2,254,6,254,0,0,0,0,0,36,6,130,6,0,0,0,0,0,1,9,3,4,112,0,0,16,0,0,16,60,255,0,0,0,0,0,0,0,0,0,0,0,0,0,0,0,0,229,251,146,251,54,251,13,251,98,249,38,255,32,255,70,255,2,0,77,255,0,0,244,0,27,41,73,9,0,255,255,0,0,0,0,173,89,115,121,254,253,254,253,255,68,136,78,32,0,228,89,53,66,89,253,149,254,239,255,127,255,95,191,175,20,2,4,12,0,0,0,136,128,112,104,200,0,192,0,0,0,2,254,6,254,0,0,0,0,0,36,6,130,6,0,0,0,0,0,1,9,3,4,112,0,0,16,0,0,16,60,255,0,0,0,0,0,0,0,0,0,0,0,0,0,0,0,0,229,251,146,251,54,251,13,251,98,249,38,255,32,255,70,255
2026-08-03_15-49-30,1,568,0,0.0,0,10.0,3,3,2,0,77,255,0,0,244,0,27,41,73,9,0,255,255,0,0,0,0,173,89,115,121,254,253,254,253,255,68,136,78,32,0,228,89,53,66,89,253,149,254,239,255,127,255,95,191,175,20,2,4,12,0,0,0,136,128,112,104,200,0,192,0,0,0,2,254,6,254,0,0,0,0,0,36,6,130,6,0,0,0,0,0,1,9,3,4,112,0,0,16,0,0,16,60,255,0,0,0,0,0,0,0,0,0,0,0,0,0,0,0,0,229,251,146,251,54,251,13,251,98,249,38,255,32,255,70,255,2,0,220,255,0,0,248,0,25,41,73,9,0,255,255,0,0,0,0,199,89,139,121,254,253,254,253,255,68,136,80,32,0,228,89,21,66,89,253,149,254,239,255,127,255,95,191,175,21,2,4,12,0,0,0,136,128,112,104,96,0,128,0,0,0,2,254,6,254,0,0,0,0,0,36,6,130,6,0,0,0,0,0,1,9,3,4,112,0,0,16,0,0,16,60,255,0,0,0,0,0,0,0,0,0,0,0,0,0,0,0,0,229,251,146,251,54,251,13,251,98,249,38,255,32,255,70,255
2026-08-03_15-49-30,1,569,0,0.0,0,10.0,3,3,2,0,220,255,0,0,248,0,25,41,73,9,0,255,255,0,0,0,0,199,89,139,121,254,253,254,253,255,68,136,80,32,0,228,89,21,66,89,253,149,254,239,255,127,255,95,191,175,21,2,4,12,0,0,0,136,128,112,104,96,0,128,0,0,0,2,254,6,254,0,0,0,0,0,36,6,130,6,0,0,0,0,0,1,9,3,4,112,0,0,16,0,0,16,60,255,0,0,0,0,0,0,0,0,0,0,0,0,0,0,0,0,229,251,146,251,54,251,13,251,98,249,38,255,32,255,70,255,2,0,200,255,0,0,252,0,25,41,73,9,0,255,255,0,0,0,0,175,89,115,121,254,253,254,253,255,68,136,82,32,0,228,89,5,66,89,253,149,254,239,255,127,255,95,191,175,18,0,4,12,0,0,0,136,128,112,104,96,0,64,0,0,0,2,254,6,254,0,0,0,0,0,36,6,130,6,0,0,0,0,0,1,9,3,4,112,0,0,16,0,0,16,60,255,0,0,0,0,0,0,0,0,0,0,0,0,0,0,0,0,229,251,146,251,54,251,13,251,98,249,38,255,32,255,70,255
2026-08-03_15-49-30,1,570,0,0.0,0,10.0,3,3,2,0,200,255,0,0,252,0,25,41,73,9,0,255,255,0,0,0,0,175,89,115,121,254,253,254,253,255,68,136,82,32,0,228,89,5,66,89,253,149,254,239,255,127,255,95,191,175,18,0,4,12,0,0,0,136,128,112,104,96,0,64,0,0,0,2,254,6,254,0,0,0,0,0,36,6,130,6,0,0,0,0,0,1,9,3,4,112,0,0,16,0,0,16,60,255,0,0,0,0,0,0,0,0,0,0,0,0,0,0,0,0,229,251,146,251,54,251,13,251,98,249,38,255,32,255,70,255,2,0,130,255,0,0,0,1,25,41,73,9,0,255,255,0,0,0,0,199,89,139,121,254,253,254,253,255,68,136,84,32,0,228,89,229,66,89,253,149,254,239,255,127,255,95,191,175,18,0,4,12,0,0,0,136,128,112,104,96,0,0,0,0,0,2,254,6,254,0,0,0,0,0,36,6,130,6,0,0,0,0,0,1,9,3,4,200,0,0,16,0,0,16,60,255,0,0,0,0,0,0,0,0,0,0,0,0,0,0,0,0,229,251,146,251,54,251,13,251,98,249,38,255,32,255,70,255
2026-08-03_15-49-30,1,571,0,0.0,0,10.0,3,3,2,0,130,255,0,0,0,1,25,41,73,9,0,255,255,0,0,0,0,199,89,139,121,254,253,254,253,255,68,136,84,32,0,228,89,229,66,89,253,149,254,239,255,127,255,95,191,175,18,0,4,12,0,0,0,136,128,112,104,96,0,0,0,0,0,2,254,6,254,0,0,0,0,0,36,6,130,6,0,0,0,0,0,1,9,3,4,200,0,0,16,0,0,16,60,255,0,0,0,0,0,0,0,0,0,0,0,0,0,0,0,0,229,251,146,251,54,251,13,251,98,249,38,255,32,255,70,255,2,0,43,255,0,0,4,1,25,41,74,9,0,255,255,0,0,0,0,175,89,126,121,254,253,254,253,255,68,136,84,32,0,228,89,213,66,89,253,149,254,239,255,223,255,95,239,175,18,0,4,12,0,12,0,136,128,112,104,96,0,192,0,0,0,2,254,6,254,0,0,0,0,0,36,6,130,6,0,0,0,0,0,1,9,3,4,200,0,0,16,0,0,16,60,255,0,0,0,0,0,0,0,0,0,0,0,0,0,0,0,0,198,252,118,251,54,251,13,251,98,249,38,255,32,255,70,255
2026-08-03_15-49-30,1,572,0,0.0,0,10.0,3,3,2,0,43,255,0,0,4,1,25,41,74,9,0,255,255,0,0,0,0,175,89,126,121,254,253,254,253,255,68,136,84,32,0,228,89,213,66,89,253,149,254,239,255,223,255,95,239,175,18,0,4,12,0,12,0,136,128,112,104,96,0,192,0,0,0,2,254,6,254,0,0,0,0,0,36,6,130,6,0,0,0,0,0,1,9,3,4,200,0,0,16,0,0,16,60,255,0,0,0,0,0,0,0,0,0,0,0,0,0,0,0,0,198,252,118,251,54,251,13,251,98,249,38,255,32,255,70,255,2,0,182,255,0,0,8,1,25,41,76,9,0,255,255,0,0,0,0,199,89,148,121,254,253,254,253,255,68,136,84,32,0,228,89,213,66,89,253,148,254,239,255,223,255,95,239,175,18,0,4,12,0,12,0,136,128,112,104,96,0,128,0,0,0,2,254,6,254,0,0,0,0,0,36,6,130,6,0,0,0,0,0,1,9,3,4,200,0,0,16,0,0,16,60,255,0,0,0,0,0,0,0,0,0,0,0,0,0,0,0,0,198,252,118,251,54,251,13,251,98,249,38,255,32,255,70,255
2026-08-03_15-49-30,1,573,0,0.0,0,10.0,3,3,2,0,182,255,0,0,8,1,25,41,76,9,0,255,255,0,0,0,0,199,89,148,121,254,253,254,253,255,68,136,84,32,0,228,89,213,66,89,253,148,254,239,255,223,255,95,239,175,18,0,4,12,0,12,0,136,128,112,104,96,0,128,0,0,0,2,254,6,254,0,0,0,0,0,36,6,130,6,0,0,0,0,0,1,9,3,4,200,0,0,16,0,0,16,60,255,0,0,0,0,0,0,0,0,0,0,0,0,0,0,0,0,198,252,118,251,54,251,13,251,98,249,38,255,32,255,70,255,2,0,107,255,0,0,12,1,25,41,78,9,0,255,255,0,0,0,0,175,89,123,121,254,253,254,253,255,68,136,84,32,0,228,89,213,66,89,253,123,254,239,255,223,255,95,239,175,18,0,4,12,0,12,0,136,128,112,104,96,0,64,0,0,0,2,254,6,254,0,0,0,0,0,36,6,130,6,0,0,0,0,0,1,9,3,4,200,0,0,16,0,0,16,60,255,0,0,0,0,0,0,0,0,0,0,0,0,0,0,0,0,198,252,118,251,54,251,13,251,98,249,38,255,32,255,70,255
2026-08-03_15-49-30,1,574,0,0.0,0,10.0,3,3,2,0,107,255,0,0,12,1,25,41,78,9,0,255,255,0,0,0,0,175,89,123,121,254,253,254,253,255,68,136,84,32,0,228,89,213,66,89,253,123,254,239,255,223,255,95,239,175,18,0,4,12,0,12,0,136,128,112,104,96,0,64,0,0,0,2,254,6,254,0,0,0,0,0,36,6,130,6,0,0,0,0,0,1,9,3,4,200,0,0,16,0,0,16,60,255,0,0,0,0,0,0,0,0,0,0,0,0,0,0,0,0,198,252,118,251,54,251,13,251,98,249,38,255,32,255,70,255,2,0,178,255,0,0,16,1,25,41,80,9,0,255,255,0,0,0,0,199,89,145,121,254,253,254,253,255,68,136,84,32,0,228,89,213,66,89,253,141,254,239,255,223,255,95,239,175,18,0,4,12,0,12,0,136,128,112,104,96,0,0,0,0,0,2,254,6,254,0,0,0,0,0,36,6,130,6,0,0,0,0,0,1,9,3,4,200,0,0,16,0,0,16,60,255,0,0,0,0,0,0,0,0,0,0,0,0,0,0,0,0,198,252,118,251,54,251,13,251,98,249,38,255,32,255,70,255
2026-08-03_15-49-30,1,575,0,0.0,0,10.0,3,3,2,0,178,255,0,0,16,1,25,41,80,9,0,255,255,0,0,0,0,199,89,145,121,254,253,254,253,255,68,136,84,32,0,228,89,213,66,89,253,141,254,239,255,223,255,95,239,175,18,0,4,12,0,12,0,136,128,112,104,96,0,0,0,0,0,2,254,6,254,0,0,0,0,0,36,6,130,6,0,0,0,0,0,1,9,3,4,200,0,0,16,0,0,16,60,255,0,0,0,0,0,0,0,0,0,0,0,0,0,0,0,0,198,252,118,251,54,251,13,251,98,249,38,255,32,255,70,255,2,0,44,255,0,0,20,1,25,41,81,9,0,255,255,0,0,0,0,175,89,119,121,254,253,254,253,255,68,136,84,32,0,228,89,213,66,89,253,141,254,239,255,223,255,95,239,175,23,2,4,12,0,12,0,136,128,112,104,96,0,192,0,0,0,2,254,6,254,0,0,0,0,0,36,6,130,6,0,0,0,0,0,1,9,3,4,200,0,0,16,0,0,16,60,255,0,0,0,0,0,0,0,0,0,0,0,0,0,0,0,0,198,252,118,251,54,251,13,251,98,249,38,255,32,255,70,255
2026-08-03_15-49-30,1,576,0,0.0,0,10.0,3,3,2,0,44,255,0,0,20,1,25,41,81,9,0,255,255,0,0,0,0,175,89,119,121,254,253,254,253,255,68,136,84,32,0,228,89,213,66,89,253,141,254,239,255,223,255,95,239,175,23,2,4,12,0,12,0,136,128,112,104,96,0,192,0,0,0,2,254,6,254,0,0,0,0,0,36,6,130,6,0,0,0,0,0,1,9,3,4,200,0,0,16,0,0,16,60,255,0,0,0,0,0,0,0,0,0,0,0,0,0,0,0,0,198,252,118,251,54,251,13,251,98,249,38,255,32,255,70,255,2,0,195,255,0,0,24,1,25,41,83,9,0,255,255,0,0,0,0,199,89,141,121,254,253,254,253,255,68,136,84,32,0,228,89,213,66,89,253,141,254,239,255,223,255,95,239,175,18,0,4,12,0,12,0,136,128,112,104,96,0,128,0,0,0,2,254,6,254,0,0,0,0,0,36,6,130,6,0,0,0,0,0,1,9,3,4,200,0,0,16,0,0,16,60,255,0,0,0,0,0,0,0,0,0,0,0,0,0,0,0,0,198,252,118,251,54,251,13,251,98,249,38,255,32,255,70,255
2026-08-03_15-49-30,1,577,0,0.0,0,10.0,3,3,2,0,195,255,0,0,24,1,25,41,83,9,0,255,255,0,0,0,0,199,89,141,121,254,253,254,253,255,68,136,84,32,0,228,89,213,66,89,253,141,254,239,255,223,255,95,239,175,18,0,4,12,0,12,0,136,128,112,104,96,0,128,0,0,0,2,254,6,254,0,0,0,0,0,36,6,130,6,0,0,0,0,0,1,9,3,4,200,0,0,16,0,0,16,60,255,0,0,0,0,0,0,0,0,0,0,0,0,0,0,0,0,198,252,118,251,54,251,13,251,98,249,38,255,32,255,70,255,2,0,62,255,0,0,28,1,25,41,85,9,0,255,255,0,0,0,0,175,89,116,121,254,253,254,253,255,68,136,84,32,0,228,89,213,66,89,253,116,254,239,255,223,255,95,239,175,18,0,4,12,0,12,0,136,128,112,104,96,0,64,0,0,0,2,254,6,254,0,0,0,0,0,36,6,130,6,0,0,0,0,0,1,9,3,4,200,0,0,16,0,0,16,60,255,0,0,0,0,0,0,0,0,0,0,0,0,0,0,0,0,198,252,118,251,54,251,13,251,98,249,38,255,32,255,70,255
2026-08-03_15-49-30,1,578,0,0.0,0,10.0,3,3,2,0,62,255,0,0,28,1,25,41,85,9,0,255,255,0,0,0,0,175,89,116,121,254,253,254,253,255,68,136,84,32,0,228,89,213,66,89,253,116,254,239,255,223,255,95,239,175,18,0,4,12,0,12,0,136,128,112,104,96,0,64,0,0,0,2,254,6,254,0,0,0,0,0,36,6,130,6,0,0,0,0,0,1,9,3,4,200,0,0,16,0,0,16,60,255,0,0,0,0,0,0,0,0,0,0,0,0,0,0,0,0,198,252,118,251,54,251,13,251,98,249,38,255,32,255,70,255,2,0,237,255,0,0,32,1,25,41,87,9,0,255,255,0,0,0,0,199,89,138,121,254,253,254,253,255,68,136,84,32,0,228,89,213,66,89,253,138,254,239,255,223,255,95,239,175,18,0,4,12,0,12,0,136,128,112,104,96,0,0,0,0,0,2,254,6,254,0,0,0,0,0,36,6,130,6,0,0,0,0,0,1,9,3,4,200,0,0,16,0,0,16,60,255,0,0,0,0,0,0,0,0,0,0,0,0,0,0,0,0,198,252,118,251,54,251,13,251,98,249,38,255,32,255,70,255
2026-08-03_15-49-30,1,579,0,0.0,0,10.0,3,3,2,0,237,255,0,0,32,1,25,41,87,9,0,255,255,0,0,0,0,199,89,138,121,254,253,254,253,255,68,136,84,32,0,228,89,213,66,89,253,138,254,239,255,223,255,95,239,175,18,0,4,12,0,12,0,136,128,112,104,96,0,0,0,0,0,2,254,6,254,0,0,0,0,0,36,6,130,6,0,0,0,0,0,1,9,3,4,200,0,0,16,0,0,16,60,255,0,0,0,0,0,0,0,0,0,0,0,0,0,0,0,0,198,252,118,251,54,251,13,251,98,249,38,255,32,255,70,255,2,0,222,255,0,0,36,1,25,41,88,9,0,255,255,0,0,0,0,175,89,112,121,254,253,254,253,255,68,136,84,32,0,228,89,213,66,89,253,133,254,239,255,223,255,95,239,175,18,0,4,12,0,12,0,136,128,112,104,96,0,192,0,0,0,2,254,6,254,0,0,0,0,0,36,6,130,6,0,0,0,0,0,1,9,3,4,200,0,0,16,0,0,16,60,255,0,0,0,0,0,0,0,0,0,0,0,0,0,0,0,0,198,252,118,251,54,251,13,251,98,249,38,255,32,255,70,255
2026-08-03_15-49-30,1,580,0,0.0,0,10.0,3,3,2,0,222,255,0,0,36,1,25,41,88,9,0,255,255,0,0,0,0,175,89,112,121,254,253,254,253,255,68,136,84,32,0,228,89,213,66,89,253,133,254,239,255,223,255,95,239,175,18,0,4,12,0,12,0,136,128,112,104,96,0,192,0,0,0,2,254,6,254,0,0,0,0,0,36,6,130,6,0,0,0,0,0,1,9,3,4,200,0,0,16,0,0,16,60,255,0,0,0,0,0,0,0,0,0,0,0,0,0,0,0,0,198,252,118,251,54,251,13,251,98,249,38,255,32,255,70,255,2,0,235,255,0,0,40,0,26,41,90,9,0,255,255,0,0,0,0,199,89,134,121,254,253,254,253,255,68,136,84,32,0,228,89,213,66,89,253,133,254,223,255,223,255,95,239,175,19,0,4,12,0,12,0,136,128,112,104,112,0,128,0,0,0,2,254,6,254,0,0,0,0,0,36,6,130,6,0,0,0,0,0,1,9,3,4,200,0,0,16,0,0,16,60,255,0,0,0,0,0,0,0,0,0,0,0,0,0,0,0,0,198,252,118,251,54,251,13,251,98,249,38,255,32,255,70,255
2026-08-03_15-49-30,1,581,5,0.0,0,10.0,3,3,2,0,235,255,0,0,40,0,26,41,90,9,0,255,255,0,0,0,0,199,89,134,121,254,253,254,253,255,68,136,84,32,0,228,89,213,66,89,253,133,254,223,255,223,255,95,239,175,19,0,4,12,0,12,0,136,128,112,104,112,0,128,0,0,0,2,254,6,254,0,0,0,0,0,36,6,130,6,0,0,0,0,0,1,9,3,4,200,0,0,16,0,0,16,60,255,0,0,0,0,0,0,0,0,0,0,0,0,0,0,0,0,198,252,118,251,54,251,13,251,98,249,38,255,32,255,70,255,2,0,186,255,0,0,44,0,28,41,92,9,0,255,255,0,0,0,0,172,89,109,121,254,253,254,253,255,68,136,84,32,0,228,89,213,66,89,253,109,254,223,255,223,255,95,239,175,19,0,4,12,0,12,0,136,128,112,104,144,0,64,0,0,0,2,254,6,254,0,0,0,0,0,36,6,130,6,0,0,0,0,0,1,9,3,4,200,0,0,16,0,0,16,60,255,0,0,0,0,0,0,0,0,0,0,0,0,0,0,0,0,198,252,118,251,54,251,13,251,98,249,38,255,32,255,70,255
2026-08-03_15-49-30,1,582,0,0.0,0,10.0,3,3,2,0,186,255,0,0,44,0,28,41,92,9,0,255,255,0,0,0,0,172,89,109,121,254,253,254,253,255,68,136,84,32,0,228,89,213,66,89,253,109,254,223,255,223,255,95,239,175,19,0,4,12,0,12,0,136,128,112,104,144,0,64,0,0,0,2,254,6,254,0,0,0,0,0,36,6,130,6,0,0,0,0,0,1,9,3,4,200,0,0,16,0,0,16,60,255,0,0,0,0,0,0,0,0,0,0,0,0,0,0,0,0,198,252,118,251,54,251,13,251,98,249,38,255,32,255,70,255,2,0,162,255,0,0,48,0,30,41,94,9,0,255,255,0,0,0,0,194,89,131,121,254,253,254,253,255,68,136,84,32,0,228,89,213,66,89,253,131,254,223,255,223,255,95,239,175,19,0,4,12,0,12,0,136,128,112,104,176,0,0,0,0,0,2,254,6,254,0,0,0,0,0,36,6,130,6,0,0,0,0,0,1,9,3,4,200,0,0,16,0,0,16,60,255,0,0,0,0,0,0,0,0,0,0,0,0,0,0,0,0,198,252,118,251,54,251,13,251,98,249,38,255,32,255,70,255
2026-08-03_15-49-30,1,583,0,0.0,0,10.0,3,3,2,0,162,255,0,0,48,0,30,41,94,9,0,255,255,0,0,0,0,194,89,131,121,254,253,254,253,255,68,136,84,32,0,228,89,213,66,89,253,131,254,223,255,223,255,95,239,175,19,0,4,12,0,12,0,136,128,112,104,176,0,0,0,0,0,2,254,6,254,0,0,0,0,0,36,6,130,6,0,0,0,0,0,1,9,3,4,200,0,0,16,0,0,16,60,255,0,0,0,0,0,0,0,0,0,0,0,0,0,0,0,0,198,252,118,251,54,251,13,251,98,249,38,255,32,255,70,255,2,0,33,255,0,0,52,0,32,41,95,9,0,255,255,0,0,0,0,168,89,105,121,254,253,254,253,255,68,136,84,32,0,228,89,213,66,89,253,125,254,223,255,223,255,95,239,175,19,0,4,12,0,12,0,136,128,112,104,208,0,192,0,0,0,2,254,6,254,0,0,0,0,0,36,6,130,6,0,0,0,0,0,1,9,3,4,200,0,0,16,0,0,16,60,255,0,0,0,0,0,0,0,0,0,0,0,0,0,0,0,0,198,252,118,251,54,251,13,251,98,249,38,255,32,255,70,255
2026-08-03_15-49-30,1,584,0,0.0,0,10.0,3,3,2,0,33,255,0,0,52,0,32,41,95,9,0,255,255,0,0,0,0,168,89,105,121,254,253,254,253,255,68,136,84,32,0,228,89,213,66,89,253,125,254,223,255,223,255,95,239,175,19,0,4,12,0,12,0,136,128,112,104,208,0,192,0,0,0,2,254,6,254,0,0,0,0,0,36,6,130,6,0,0,0,0,0,1,9,3,4,200,0,0,16,0,0,16,60,255,0,0,0,0,0,0,0,0,0,0,0,0,0,0,0,0,198,252,118,251,54,251,13,251,98,249,38,255,32,255,70,255,2,0,27,255,0,0,56,0,34,41,97,9,0,255,255,0,0,255,0,190,89,127,121,254,253,254,253,255,68,136,83,32,0,228,89,213,66,89,253,125,254,223,255,191,255,191,239,175,19,2,4,12,0,0,0,136,128,112,104,240,0,16,0,0,0,2,254,6,254,0,0,0,0,0,36,6,130,6,0,0,0,0,0,1,9,3,4,200,0,0,16,0,0,16,60,255,0,0,0,0,0,0,0,0,0,0,0,0,0,0,0,0,42,252,140,251,54,251,250,250,98,249,38,255,32,255,70,255
2026-08-03_15-49-30,1,585,0,0.0,0,10.0,3,3,2,0,27,255,0,0,56,0,34,41,97,9,0,255,255,0,0,255,0,190,89,127,121,254,253,254,253,255,68,136,83,32,0,228,89,213,66,89,253,125,254,223,255,191,255,191,239,175,19,2,4,12,0,0,0,136,128,112,104,240,0,16,0,0,0,2,254,6,254,0,0,0,0,0,36,6,130,6,0,0,0,0,0,1,9,3,4,200,0,0,16,0,0,16,60,255,0,0,0,0,0,0,0,0,0,0,0,0,0,0,0,0,42,252,140,251,54,251,250,250,98,249,38,255,32,255,70,255,2,0,177,255,0,0,60,0,37,41,97,9,0,255,255,0,0,255,0,164,89,91,121,254,253,254,253,255,68,136,82,32,0,228,89,245,66,89,253,125,254,223,255,191,255,175,126,175,19,2,4,12,0,0,0,136,128,112,104,16,0,208,0,0,0,2,254,6,254,0,0,0,0,0,36,6,130,6,0,0,0,0,0,1,9,3,4,200,0,0,16,0,0,16,60,255,0,0,0,0,0,0,0,0,0,0,0,0,0,0,0,0,42,252,140,251,54,251,250,250,98,249,38,255,32,255,70,255
2026-08-03_15-49-30,1,586,0,0.0,0,10.0,3,3,2,0,177,255,0,0,60,0,37,41,97,9,0,255,255,0,0,255,0,164,89,91,121,254,253,254,253,255,68,136,82,32,0,228,89,245,66,89,253,125,254,223,255,191,255,175,126,175,19,2,4,12,0,0,0,136,128,112,104,16,0,208,0,0,0,2,254,6,254,0,0,0,0,0,36,6,130,6,0,0,0,0,0,1,9,3,4,200,0,0,16,0,0,16,60,255,0,0,0,0,0,0,0,0,0,0,0,0,0,0,0,0,42,252,140,251,54,251,250,250,98,249,38,255,32,255,70,255,2,0,30,255,0,0,64,0,39,41,97,9,0,255,255,0,0,255,0,186,89,115,121,254,253,254,253,255,68,136,80,32,0,228,89,21,66,89,253,125,254,223,255,191,255,175,126,175,21,2,4,12,0,0,0,136,128,112,104,48,0,144,0,0,0,2,254,6,254,0,0,0,0,0,36,6,130,6,0,0,0,0,0,1,9,3,4,200,0,0,16,0,0,16,60,255,0,0,0,0,0,0,0,0,0,0,0,0,0,0,0,0,42,252,140,251,54,251,250,250,98,249,38,255,32,255,70,255
2026-08-03_15-49-30,1,587,0,0.0,0,10.0,3,3,2,0,30,255,0,0,64,0,39,41,97,9,0,255,255,0,0,255,0,186,89,115,121,254,253,254,253,255,68,136,80,32,0,228,89,21,66,89,253,125,254,223,255,191,255,175,126,175,21,2,4,12,0,0,0,136,128,112,104,48,0,144,0,0,0,2,254,6,254,0,0,0,0,0,36,6,130,6,0,0,0,0,0,1,9,3,4,200,0,0,16,0,0,16,60,255,0,0,0,0,0,0,0,0,0,0,0,0,0,0,0,0,42,252,140,251,54,251,250,250,98,249,38,255,32,255,70,255,2,0,231,255,0,0,68,0,41,41,97,9,0,255,255,0,0,255,0,160,89,91,121,254,253,254,253,255,68,136,78,32,0,228,89,37,66,91,254,181,254,223,255,191,255,175,126,175,21,2,4,12,0,0,0,136,128,112,104,80,0,80,0,0,0,2,254,6,254,0,0,0,0,0,36,6,130,6,0,0,0,0,0,1,9,3,4,200,0,0,16,0,0,16,60,255,0,0,0,0,0,0,0,0,0,0,0,0,0,0,0,0,42,252,140,251,54,251,250,250,98,249,38,255,32,255,70,255
2026-08-03_15-49-30,1,588,0,0.0,0,10.0,3,3,2,0,231,255,0,0,68,0,41,41,97,9,0,255,255,0,0,255,0,160,89,91,121,254,253,254,253,255,68,136,78,32,0,228,89,37,66,91,254,181,254,223,255,191,255,175,126,175,21,2,4,12,0,0,0,136,128,112,104,80,0,80,0,0,0,2,254,6,254,0,0,0,0,0,36,6,130,6,0,0,0,0,0,1,9,3,4,200,0,0,16,0,0,16,60,255,0,0,0,0,0,0,0,0,0,0,0,0,0,0,0,0,42,252,140,251,54,251,250,250,98,249,38,255,32,255,70,255,2,0,115,255,0,0,72,0,41,41,97,9,0,255,255,0,0,255,0,183,89,115,121,254,253,254,253,255,68,136,76,32,0,228,89,69,66,115,254,181,254,223,255,191,255,175,126,175,18,0,4,12,0,0,0,136,128,112,104,80,0,16,0,0,0,2,254,6,254,0,0,0,0,0,36,6,130,6,0,0,0,0,0,1,9,3,4,200,0,0,16,0,0,16,60,255,0,0,0,0,0,0,0,0,0,0,0,0,0,0,0,0,42,252,140,251,54,251,250,250,98,249,38,255,32,255,70,255
2026-08-03_15-49-30,1,589,0,0.0,0,10.0,3,3,2,0,115,255,0,0,72,0,41,41,97,9,0,255,255,0,0,255,0,183,89,115,121,254,253,254,253,255,68,136,76,32,0,228,89,69,66,115,254,181,254,223,255,191,255,175,126,175,18,0,4,12,0,0,0,136,128,112,104,80,0,16,0,0,0,2,254,6,254,0,0,0,0,0,36,6,130,6,0,0,0,0,0,1,9,3,4,200,0,0,16,0,0,16,60,255,0,0,0,0,0,0,0,0,0,0,0,0,0,0,0,0,42,252,140,251,54,251,250,250,98,249,38,255,32,255,70,255,2,0,49,255,0,0,76,0,41,41,97,9,0,255,255,0,0,255,0,159,89,91,121,254,253,254,253,255,68,136,75,32,0,228,89,101,66,91,254,181,254,223,255,191,255,175,126,175,18,0,4,12,0,0,0,136,128,112,104,80,0,208,0,0,0,2,254,6,254,0,0,0,0,0,36,6,130,6,0,0,0,0,0,1,9,3,4,200,0,0,16,0,0,16,60,255,0,0,0,0,0,0,0,0,0,0,0,0,0,0,0,0,42,252,140,251,54,251,250,250,98,249,38,255,32,255,70,255
2026-08-03_15-49-30,1,590,0,0.0,0,10.0,3,3,2,0,49,255,0,0,76,0,41,41,97,9,0,255,255,0,0,255,0,159,89,91,121,254,253,254,253,255,68,136,75,32,0,228,89,101,66,91,254,181,254,223,255,191,255,175,126,175,18,0,4,12,0,0,0,136,128,112,104,80,0,208,0,0,0,2,254,6,254,0,0,0,0,0,36,6,130,6,0,0,0,0,0,1,9,3,4,200,0,0,16,0,0,16,60,255,0,0,0,0,0,0,0,0,0,0,0,0,0,0,0,0,42,252,140,251,54,251,250,250,98,249,38,255,32,255,70,255,2,0,22,255,0,0,80,0,41,41,97,9,0,255,255,0,0,255,0,183,89,115,121,254,253,254,253,255,68,136,73,32,0,228,89,148,66,115,254,181,254,223,255,191,255,175,126,175,18,0,4,12,0,0,0,136,128,112,104,80,0,144,0,0,0,2,254,6,254,0,0,0,0,0,36,6,130,6,0,0,0,0,0,1,9,3,4,200,0,0,16,0,0,16,60,255,0,0,0,0,0,0,0,0,0,0,0,0,0,0,0,0,42,252,140,251,54,251,250,250,98,249,38,255,32,255,70,255
2026-08-03_15-49-30,1,591,2,0.0,0,10.0,3,3,2,0,22,255,0,0,80,0,41,41,97,9,0,255,255,0,0,255,0,183,89,115,121,254,253,254,253,255,68,136,73,32,0,228,89,148,66,115,254,181,254,223,255,191,255,175,126,175,18,0,4,12,0,0,0,136,128,112,104,80,0,144,0,0,0,2,254,6,254,0,0,0,0,0,36,6,130,6,0,0,0,0,0,1,9,3,4,200,0,0,16,0,0,16,60,255,0,0,0,0,0,0,0,0,0,0,0,0,0,0,0,0,42,252,140,251,54,251,250,250,98,249,38,255,32,255,70,255,2,0,105,255,0,0,84,0,40,41,97,9,0,255,255,0,0,255,0,160,89,91,121,254,253,254,253,255,68,136,71,32,0,228,89,164,66,91,254,181,254,239,255,191,255,175,126,175,20,2,4,12,0,0,0,136,128,112,104,232,0,80,0,0,0,2,254,6,254,0,0,0,0,0,36,6,130,6,0,0,0,0,0,1,9,3,4,200,0,0,16,0,0,16,60,255,0,0,0,0,0,0,0,0,0,0,0,0,0,0,0,0,42,252,140,251,54,251,250,250,98,249,38,255,32,255,70,255
2026-08-03_15-49-30,1,592,2,0.0,0,10.0,3,3,2,0,105,255,0,0,84,0,40,41,97,9,0,255,255,0,0,255,0,160,89,91,121,254,253,254,253,255,68,136,71,32,0,228,89,164,66,91,254,181,254,239,255,191,255,175,126,175,20,2,4,12,0,0,0,136,128,112,104,232,0,80,0,0,0,2,254,6,254,0,0,0,0,0,36,6,130,6,0,0,0,0,0,1,9,3,4,200,0,0,16,0,0,16,60,255,0,0,0,0,0,0,0,0,0,0,0,0,0,0,0,0,42,252,140,251,54,251,250,250,98,249,38,255,32,255,70,255,2,0,145,255,0,0,88,0,37,41,97,9,0,255,255,0,0,255,0,186,89,115,121,254,253,254,253,255,68,136,69,32,0,228,89,196,66,89,253,125,254,239,255,191,255,175,126,175,20,2,4,12,0,0,0,136,128,112,104,8,0,16,0,0,0,2,254,6,254,0,0,0,0,0,36,6,130,6,0,0,0,0,0,1,9,3,4,200,0,0,16,0,0,16,60,255,0,0,0,0,0,0,0,0,0,0,0,0,0,0,0,0,42,252,140,251,54,251,250,250,98,249,38,255,32,255,70,255
2026-08-03_15-49-30,1,593,0,0.0,0,10.0,3,3,2,0,145,255,0,0,88,0,37,41,97,9,0,255,255,0,0,255,0,186,89,115,121,254,253,254,253,255,68,136,69,32,0,228,89,196,66,89,253,125,254,239,255,191,255,175,126,175,20,2,4,12,0,0,0,136,128,112,104,8,0,16,0,0,0,2,254,6,254,0,0,0,0,0,36,6,130,6,0,0,0,0,0,1,9,3,4,200,0,0,16,0,0,16,60,255,0,0,0,0,0,0,0,0,0,0,0,0,0,0,0,0,42,252,140,251,54,251,250,250,98,249,38,255,32,255,70,255,2,0,20,255,0,0,92,0,35,41,97,9,0,255,255,0,0,255,0,164,89,91,121,254,253,254,253,255,68,136,68,32,0,228,89,228,66,89,253,125,254,239,255,191,255,175,126,175,19,2,4,12,0,12,0,136,128,112,104,40,0,208,0,0,0,2,254,6,254,0,0,0,0,0,36,6,130,6,0,0,0,0,0,1,9,3,4,200,0,0,16,0,0,16,60,255,0,0,0,0,0,0,0,0,0,0,0,0,0,0,0,0,126,252,128,251,54,251,250,250,98,249,38,255,32,255,70,255
2026-08-03_15-49-30,1,594,0,0.0,0,10.0,3,3,2,0,20,255,0,0,92,0,35,41,97,9,0,255,255,0,0,255,0,164,89,91,121,254,253,254,253,255,68,136,68,32,0,228,89,228,66,89,253,125,254,239,255,191,255,175,126,175,19,2,4,12,0,12,0,136,128,112,104,40,0,208,0,0,0,2,254,6,254,0,0,0,0,0,36,6,130,6,0,0,0,0,0,1,9,3,4,200,0,0,16,0,0,16,60,255,0,0,0,0,0,0,0,0,0,0,0,0,0,0,0,0,126,252,128,251,54,251,250,250,98,249,38,255,32,255,70,255,2,0,74,255,0,0,96,0,33,41,95,9,0,255,255,0,0,255,0,190,89,129,121,254,253,254,253,255,68,136,68,32,0,228,89,228,66,89,253,125,254,239,255,239,255,175,222,175,19,2,4,12,0,12,0,136,128,112,104,72,0,144,0,0,0,2,254,6,254,0,0,0,0,0,36,6,130,6,0,0,0,0,0,1,9,3,4,200,0,0,16,0,0,16,60,255,0,0,0,0,0,0,0,0,0,0,0,0,0,0,0,0,126,252,128,251,54,251,250,250,98,249,38,255,32,255,70,255
2026-08-03_15-49-30,1,595,3,0.0,0,10.0,3,3,2,0,74,255,0,0,96,0,33,41,95,9,0,255,255,0,0,255,0,190,89,129,121,254,253,254,253,255,68,136,68,32,0,228,89,228,66,89,253,125,254,239,255,239,255,175,222,175,19,2,4,12,0,12,0,136,128,112,104,72,0,144,0,0,0,2,254,6,254,0,0,0,0,0,36,6,130,6,0,0,0,0,0,1,9,3,4,200,0,0,16,0,0,16,60,255,0,0,0,0,0,0,0,0,0,0,0,0,0,0,0,0,126,252,128,251,54,251,250,250,98,249,38,255,32,255,70,255,2,0,169,255,0,0,100,0,33,41,93,9,0,255,255,0,0,255,0,155,89,106,121,254,253,254,253,255,70,136,68,32,0,196,89,228,66,89,253,125,254,127,255,239,255,111,222,111,19,0,4,0,0,12,0,136,128,112,104,224,0,80,0,0,0,2,254,6,254,0,0,0,0,0,36,6,130,6,0,0,0,0,0,1,9,3,4,200,0,0,16,0,0,16,60,255,0,0,0,0,0,0,0,0,0,0,0,0,0,0,0,0,126,252,128,251,54,251,250,250,98,249,38,255,32,255,70,255
2026-08-03_15-49-30,1,596,0,0.0,0,10.0,3,3,2,0,169,255,0,0,100,0,33,41,93,9,0,255,255,0,0,255,0,155,89,106,121,254,253,254,253,255,70,136,68,32,0,196,89,228,66,89,253,125,254,127,255,239,255,111,222,111,19,0,4,0,0,12,0,136,128,112,104,224,0,80,0,0,0,2,254,6,254,0,0,0,0,0,36,6,130,6,0,0,0,0,0,1,9,3,4,200,0,0,16,0,0,16,60,255,0,0,0,0,0,0,0,0,0,0,0,0,0,0,0,0,126,252,128,251,54,251,250,250,98,249,38,255,32,255,70,255,2,0,157,255,0,0,104,0,33,41,91,9,0,255,255,0,0,255,0,179,89,132,121,254,253,254,253,255,73,136,68,32,0,164,89,228,66,89,253,132,254,127,255,239,255,111,222,111,19,0,4,0,0,12,0,136,128,112,104,0,0,16,0,0,0,2,254,6,254,0,0,0,0,0,36,6,130,6,0,0,0,0,0,1,9,3,4,200,0,0,16,0,0,16,60,255,0,0,0,0,0,0,0,0,0,0,0,0,0,0,0,0,126,252,128,251,54,251,250,250,98,249,38,255,32,255,70,255
2026-08-03_15-49-30,1,597,0,0.0,0,10.0,3,3,2,0,157,255,0,0,104,0,33,41,91,9,0,255,255,0,0,255,0,179,89,132,121,254,253,254,253,255,73,136,68,32,0,164,89,228,66,89,253,132,254,127,255,239,255,111,222,111,19,0,4,0,0,12,0,136,128,112,104,0,0,16,0,0,0,2,254,6,254,0,0,0,0,0,36,6,130,6,0,0,0,0,0,1,9,3,4,200,0,0,16,0,0,16,60,255,0,0,0,0,0,0,0,0,0,0,0,0,0,0,0,0,126,252,128,251,54,251,250,250,98,249,38,255,32,255,70,255,2,0,221,255,0,0,108,0,33,41,90,9,0,255,255,0,0,255,0,155,89,110,121,254,253,254,253,255,75,136,68,32,0,117,89,228,66,89,253,133,254,127,255,239,255,111,222,111,19,0,4,0,0,12,0,136,128,112,104,32,0,208,0,0,0,2,254,6,254,0,0,0,0,0,36,6,130,6,0,0,0,0,0,1,9,3,4,200,0,0,16,0,0,16,60,255,0,0,0,0,0,0,0,0,0,0,0,0,0,0,0,0,126,252,128,251,54,251,250,250,98,249,38,255,32,255,70,255
2026-08-03_15-49-30,1,598,3,0.0,0,10.0,3,3,2,0,221,255,0,0,108,0,33,41,90,9,0,255,255,0,0,255,0,155,89,110,121,254,253,254,253,255,75,136,68,32,0,117,89,228,66,89,253,133,254,127,255,239,255,111,222,111,19,0,4,0,0,12,0,136,128,112,104,32,0,208,0,0,0,2,254,6,254,0,0,0,0,0,36,6,130,6,0,0,0,0,0,1,9,3,4,200,0,0,16,0,0,16,60,255,0,0,0,0,0,0,0,0,0,0,0,0,0,0,0,0,126,252,128,251,54,251,250,250,98,249,38,255,32,255,70,255,2,0,217,255,0,0,112,0,33,41,88,9,0,255,255,0,0,255,0,179,89,136,121,254,253,254,253,255,77,136,68,32,0,85,89,228,66,89,253,133,254,127,255,239,255,111,222,111,19,0,4,0,0,12,0,136,128,112,104,64,0,144,0,0,0,2,254,6,254,0,0,0,0,0,36,6,130,6,0,0,0,0,0,1,9,3,4,200,0,0,16,0,0,16,60,255,0,0,0,0,0,0,0,0,0,0,0,0,0,0,0,0,126,252,128,251,54,251,250,250,98,249,38,255,32,255,70,255
2026-08-03_15-49-30,1,599,0,0.0,0,10.0,3,3,2,0,217,255,0,0,112,0,33,41,88,9,0,255,255,0,0,255,0,179,89,136,121,254,253,254,253,255,77,136,68,32,0,85,89,228,66,89,253,133,254,127,255,239,255,111,222,111,19,0,4,0,0,12,0,136,128,112,104,64,0,144,0,0,0,2,254,6,254,0,0,0,0,0,36,6,130,6,0,0,0,0,0,1,9,3,4,200,0,0,16,0,0,16,60,255,0,0,0,0,0,0,0,0,0,0,0,0,0,0,0,0,126,252,128,251,54,251,250,250,98,249,38,255,32,255,70,255,2,0,158,255,0,0,116,0,33,41,86,9,0,255,255,0,0,255,0,155,89,113,121,254,253,254,253,255,79,136,68,32,0,53,89,228,66,89,253,133,254,127,255,239,255,111,222,111,19,0,4,0,0,12,0,136,128,112,104,96,0,80,0,0,0,2,254,6,254,0,0,0,0,0,36,6,130,6,0,0,0,0,0,1,9,3,4,200,0,0,16,0,0,16,60,255,0,0,0,0,0,0,0,0,0,0,0,0,0,0,0,0,126,252,128,251,54,251,250,250,98,249,38,255,32,255,70,255
2026-08-03_15-49-30,1,600,0,0.0,0,10.0,3,3,2,0,158,255,0,0,116,0,33,41,86,9,0,255,255,0,0,255,0,155,89,113,121,254,253,254,253,255,79,136,68,32,0,53,89,228,66,89,253,133,254,127,255,239,255,111,222,111,19,0,4,0,0,12,0,136,128,112,104,96,0,80,0,0,0,2,254,6,254,0,0,0,0,0,36,6,130,6,0,0,0,0,0,1,9,3,4,200,0,0,16,0,0,16,60,255,0,0,0,0,0,0,0,0,0,0,0,0,0,0,0,0,126,252,128,251,54,251,250,250,98,249,38,255,32,255,70,255,2,0,239,255,0,0,120,0,33,41,84,9,0,255,255,0,0,255,0,179,89,139,121,254,253,254,253,255,81,136,68,32,0,21,89,228,66,89,253,139,254,127,255,239,255,111,222,111,19,0,4,0,0,12,0,136,128,112,104,128,0,16,0,0,0,2,254,6,254,0,0,0,0,0,36,6,130,6,0,0,0,0,0,1,9,3,4,200,0,0,16,0,0,16,60,255,0,0,0,0,0,0,0,0,0,0,0,0,0,0,0,0,126,252,128,251,54,251,250,250,98,249,38,255,32,255,70,255
2026-08-03_15-49-30,1,601,0,0.0,0,10.0,3,3,2,0,239,255,0,0,120,0,33,41,84,9,0,255,255,0,0,255,0,179,89,139,121,254,253,254,253,255,81,136,68,32,0,21,89,228,66,89,253,139,254,127,255,239,255,111,222,111,19,0,4,0,0,12,0,136,128,112,104,128,0,16,0,0,0,2,254,6,254,0,0,0,0,0,36,6,130,6,0,0,0,0,0,1,9,3,4,200,0,0,16,0,0,16,60,255,0,0,0,0,0,0,0,0,0,0,0,0,0,0,0,0,126,252,128,251,54,251,250,250,98,249,38,255,32,255,70,255,2,0,253,255,0,0,124,0,33,41,83,9,0,255,255,0,0,255,0,155,89,117,121,254,253,254,253,255,83,136,68,32,0,229,89,228,66,89,253,117,254,127,255,239,255,111,222,111,19,0,4,0,0,12,0,136,128,112,104,160,0,208,0,0,0,2,254,6,254,0,0,0,0,0,36,6,130,6,0,0,0,0,0,1,9,3,4,200,0,0,16,0,0,16,60,255,0,0,0,0,0,0,0,0,0,0,0,0,0,0,0,0,126,252,128,251,54,251,250,250,98,249,38,255,32,255,70,255
2026-08-03_15-49-30,1,602,0,0.0,0,10.0,3,3,2,0,253,255,0,0,124,0,33,41,83,9,0,255,255,0,0,255,0,155,89,117,121,254,253,254,253,255,83,136,68,32,0,229,89,228,66,89,253,117,254,127,255,239,255,111,222,111,19,0,4,0,0,12,0,136,128,112,104,160,0,208,0,0,0,2,254,6,254,0,0,0,0,0,36,6,130,6,0,0,0,0,0,1,9,3,4,200,0,0,16,0,0,16,60,255,0,0,0,0,0,0,0,0,0,0,0,0,0,0,0,0,126,252,128,251,54,251,250,250,98,249,38,255,32,255,70,255,2,0,211,255,0,0,128,0,33,41,81,9,0,255,255,0,0,255,0,179,89,143,121,254,253,254,253,255,84,136,68,32,0,213,89,228,66,89,253,141,254,127,255,239,255,111,222,111,19,2,4,0,0,12,0,136,128,112,104,40,0,144,0,0,0,2,254,6,254,0,0,0,0,0,36,6,130,6,0,0,0,0,0,1,9,3,5,32,0,0,16,0,0,16,60,255,0,0,0,0,0,0,0,0,0,0,0,0,0,0,0,0,126,252,128,251,54,251,250,250,98,249,38,255,32,255,70,255
2026-08-03_15-49-30,1,603,0,0.0,0,10.0,3,3,2,0,211,255,0,0,128,0,33,41,81,9,0,255,255,0,0,255,0,179,89,143,121,254,253,254,253,255,84,136,68,32,0,213,89,228,66,89,253,141,254,127,255,239,255,111,222,111,19,2,4,0,0,12,0,136,128,112,104,40,0,144,0,0,0,2,254,6,254,0,0,0,0,0,36,6,130,6,0,0,0,0,0,1,9,3,5,32,0,0,16,0,0,16,60,255,0,0,0,0,0,0,0,0,0,0,0,0,0,0,0,0,126,252,128,251,54,251,250,250,98,249,38,255,32,255,70,255,2,0,51,255,0,0,132,0,33,41,79,9,0,255,255,0,0,255,0,155,89,120,121,254,253,254,253,255,84,136,68,32,0,213,89,228,66,89,253,141,254,127,255,239,255,111,222,111,19,0,4,0,0,12,0,136,128,112,104,40,0,80,0,0,0,2,254,6,254,0,0,0,0,0,36,6,130,6,0,0,0,0,0,1,9,3,5,32,0,0,16,0,0,16,60,255,0,0,0,0,0,0,0,0,0,0,0,0,0,0,0,0,126,252,128,251,54,251,250,250,98,249,38,255,32,255,70,255
2026-08-03_15-49-30,1,604,0,0.0,0,10.0,3,3,2,0,51,255,0,0,132,0,33,41,79,9,0,255,255,0,0,255,0,155,89,120,121,254,253,254,253,255,84,136,68,32,0,213,89,228,66,89,253,141,254,127,255,239,255,111,222,111,19,0,4,0,0,12,0,136,128,112,104,40,0,80,0,0,0,2,254,6,254,0,0,0,0,0,36,6,130,6,0,0,0,0,0,1,9,3,5,32,0,0,16,0,0,16,60,255,0,0,0,0,0,0,0,0,0,0,0,0,0,0,0,0,126,252,128,251,54,251,250,250,98,249,38,255,32,255,70,255,2,0,53,255,0,0,136,0,33,41,77,9,0,255,255,0,0,255,0,179,89,146,121,254,253,254,253,255,84,136,68,32,0,213,89,228,66,89,253,146,254,127,255,239,255,111,222,111,19,0,4,0,0,12,0,136,128,112,104,40,0,16,0,0,0,2,254,6,254,0,0,0,0,0,36,6,130,6,0,0,0,0,0,1,9,3,5,32,0,0,16,0,0,16,60,255,0,0,0,0,0,0,0,0,0,0,0,0,0,0,0,0,126,252,128,251,54,251,250,250,98,249,38,255,32,255,70,255
2026-08-03_15-49-30,1,605,0,0.0,0,10.0,3,3,2,0,53,255,0,0,136,0,33,41,77,9,0,255,255,0,0,255,0,179,89,146,121,254,253,254,253,255,84,136,68,32,0,213,89,228,66,89,253,146,254,127,255,239,255,111,222,111,19,0,4,0,0,12,0,136,128,112,104,40,0,16,0,0,0,2,254,6,254,0,0,0,0,0,36,6,130,6,0,0,0,0,0,1,9,3,5,32,0,0,16,0,0,16,60,255,0,0,0,0,0,0,0,0,0,0,0,0,0,0,0,0,126,252,128,251,54,251,250,250,98,249,38,255,32,255,70,255,2,0,81,255,0,0,140,0,33,41,76,9,0,255,255,0,0,255,0,155,89,124,121,254,253,254,253,255,84,136,68,32,0,213,89,228,66,89,253,124,254,127,255,239,255,111,222,111,19,0,4,0,0,12,0,136,128,112,104,40,0,208,0,0,0,2,254,6,254,0,0,0,0,0,36,6,130,6,0,0,0,0,0,1,9,3,5,32,0,0,16,0,0,16,60,255,0,0,0,0,0,0,0,0,0,0,0,0,0,0,0,0,126,252,128,251,54,251,250,250,98,249,38,255,32,255,70,255
2026-08-03_15-49-30,1,606,0,0.0,0,10.0,3,3,2,0,81,255,0,0,140,0,33,41,76,9,0,255,255,0,0,255,0,155,89,124,121,254,253,254,253,255,84,136,68,32,0,213,89,228,66,89,253,124,254,127,255,239,255,111,222,111,19,0,4,0,0,12,0,136,128,112,104,40,0,208,0,0,0,2,254,6,254,0,0,0,0,0,36,6,130,6,0,0,0,0,0,1,9,3,5,32,0,0,16,0,0,16,60,255,0,0,0,0,0,0,0,0,0,0,0,0,0,0,0,0,126,252,128,251,54,251,250,250,98,249,38,255,32,255,70,255,2,0,24,255,0,0,144,0,33,41,74,9,0,255,255,0,0,255,0,179,89,150,121,254,253,254,253,255,84,136,68,32,0,213,89,228,66,89,253,149,254,127,255,239,255,111,222,111,19,0,4,0,0,12,0,136,128,112,104,40,0,144,0,0,0,2,254,6,254,0,0,0,0,0,36,6,130,6,0,0,0,0,0,1,9,3,5,32,0,0,16,0,0,16,60,255,0,0,0,0,0,0,0,0,0,0,0,0,0,0,0,0,126,252,128,251,54,251,250,250,98,249,38,255,32,255,70,255
2026-08-03_15-49-30,1,607,0,0.0,0,10.0,3,3,2,0,24,255,0,0,144,0,33,41,74,9,0,255,255,0,0,255,0,179,89,150,121,254,253,254,253,255,84,136,68,32,0,213,89,228,66,89,253,149,254,127,255,239,255,111,222,111,19,0,4,0,0,12,0,136,128,112,104,40,0,144,0,0,0,2,254,6,254,0,0,0,0,0,36,6,130,6,0,0,0,0,0,1,9,3,5,32,0,0,16,0,0,16,60,255,0,0,0,0,0,0,0,0,0,0,0,0,0,0,0,0,126,252,128,251,54,251,250,250,98,249,38,255,32,255,70,255,2,0,131,255,0,0,148,0,33,41,73,9,0,255,255,0,0,0,0,155,89,115,121,254,253,254,253,255,84,136,69,32,0,213,89,212,66,89,253,149,254,127,255,127,255,111,191,111,18,0,4,0,0,0,0,136,128,112,104,40,0,224,0,0,0,2,254,6,254,0,0,0,0,0,36,6,130,6,0,0,0,0,0,1,9,3,5,32,0,0,16,0,0,16,60,255,0,0,0,0,0,0,0,0,0,0,0,0,0,0,0,0,229,251,146,251,54,251,250,250,98,249,38,255,32,255,70,255
2026-08-03_15-49-30,1,608,0,0.0,0,10.0,3,3,2,0,131,255,0,0,148,0,33,41,73,9,0,255,255,0,0,0,0,155,89,115,121,254,253,254,253,255,84,136,69,32,0,213,89,212,66,89,253,149,254,127,255,127,255,111,191,111,18,0,4,0,0,0,0,136,128,112,104,40,0,224,0,0,0,2,254,6,254,0,0,0,0,0,36,6,130,6,0,0,0,0,0,1,9,3,5,32,0,0,16,0,0,16,60,255,0,0,0,0,0,0,0,0,0,0,0,0,0,0,0,0,229,251,146,251,54,251,250,250,98,249,38,255,32,255,70,255,2,0,58,255,0,0,152,0,33,41,73,9,0,255,255,0,0,0,0,179,89,139,121,254,253,254,253,255,84,136,71,32,0,213,89,180,66,89,253,149,254,127,255,127,255,111,191,111,18,0,4,0,0,0,0,136,128,112,104,40,0,160,0,0,0,2,254,6,254,0,0,0,0,0,36,6,130,6,0,0,0,0,0,1,9,3,5,32,0,0,16,0,0,16,60,255,0,0,0,0,0,0,0,0,0,0,0,0,0,0,0,0,229,251,146,251,54,251,250,250,98,249,38,255,32,255,70,255
2026-08-03_15-49-30,1,609,0,0.0,0,10.0,3,3,2,0,58,255,0,0,152,0,33,41,73,9,0,255,255,0,0,0,0,179,89,139,121,254,253,254,253,255,84,136,71,32,0,213,89,180,66,89,253,149,254,127,255,127,255,111,191,111,18,0,4,0,0,0,0,136,128,112,104,40,0,160,0,0,0,2,254,6,254,0,0,0,0,0,36,6,130,6,0,0,0,0,0,1,9,3,5,32,0,0,16,0,0,16,60,255,0,0,0,0,0,0,0,0,0,0,0,0,0,0,0,0,229,251,146,251,54,251,250,250,98,249,38,255,32,255,70,255,2,0,170,255,0,0,156,0,33,41,73,9,0,255,255,0,0,0,0,155,89,115,121,254,253,254,253,255,84,136,73,32,0,213,89,164,66,89,253,149,254,127,255,127,255,111,191,111,19,2,4,0,0,0,0,136,128,112,104,40,0,96,0,0,0,2,254,6,254,0,0,0,0,0,36,6,130,6,0,0,0,0,0,1,9,3,5,32,0,0,16,0,0,16,60,255,0,0,0,0,0,0,0,0,0,0,0,0,0,0,0,0,229,251,146,251,54,251,250,250,98,249,38,255,32,255,70,255
2026-08-03_15-49-30,1,610,5,0.0,0,10.0,3,3,2,0,170,255,0,0,156,0,33,41,73,9,0,255,255,0,0,0,0,155,89,115,121,254,253,254,253,255,84,136,73,32,0,213,89,164,66,89,253,149,254,127,255,127,255,111,191,111,19,2,4,0,0,0,0,136,128,112,104,40,0,96,0,0,0,2,254,6,254,0,0,0,0,0,36,6,130,6,0,0,0,0,0,1,9,3,5,32,0,0,16,0,0,16,60,255,0,0,0,0,0,0,0,0,0,0,0,0,0,0,0,0,229,251,146,251,54,251,250,250,98,249,38,255,32,255,70,255,2,0,175,255,0,0,160,0,34,41,73,9,0,255,255,0,0,0,0,190,89,139,121,254,253,254,253,255,84,136,75,32,0,213,89,117,66,89,253,149,254,223,255,127,255,111,191,111,23,0,4,12,0,0,0,136,128,112,104,192,0,32,0,0,0,2,254,6,254,0,0,0,0,0,36,6,130,6,0,0,0,0,0,1,9,3,5,32,0,0,16,0,0,16,60,255,0,0,0,0,0,0,0,0,0,0,0,0,0,0,0,0,229,251,146,251,54,251,250,250,98,249,38,255,32,255,70,255
2026-08-03_15-49-30,1,611,5,0.0,0,10.0,3,3,2,0,175,255,0,0,160,0,34,41,73,9,0,255,255,0,0,0,0,190,89,139,121,254,253,254,253,255,84,136,75,32,0,213,89,117,66,89,253,149,254,223,255,127,255,111,191,111,23,0,4,12,0,0,0,136,128,112,104,192,0,32,0,0,0,2,254,6,254,0,0,0,0,0,36,6,130,6,0,0,0,0,0,1,9,3,5,32,0,0,16,0,0,16,60,255,0,0,0,0,0,0,0,0,0,0,0,0,0,0,0,0,229,251,146,251,54,251,250,250,98,249,38,255,32,255,70,255,2,0,249,255,0,0,164,0,36,41,73,9,0,255,255,0,0,0,0,164,89,115,121,254,253,254,253,255,84,136,76,32,0,213,89,85,66,89,253,149,254,223,255,127,255,111,191,111,20,2,4,12,0,0,0,136,128,112,104,224,0,224,0,0,0,2,254,6,254,0,0,0,0,0,36,6,130,6,0,0,0,0,0,1,9,3,5,32,0,0,16,0,0,16,60,255,0,0,0,0,0,0,0,0,0,0,0,0,0,0,0,0,229,251,146,251,54,251,250,250,98,249,38,255,32,255,70,255
2026-08-03_15-49-30,1,612,5,0.0,0,10.0,3,3,2,0,249,255,0,0,164,0,36,41,73,9,0,255,255,0,0,0,0,164,89,115,121,254,253,254,253,255,84,136,76,32,0,213,89,85,66,89,253,149,254,223,255,127,255,111,191,111,20,2,4,12,0,0,0,136,128,112,104,224,0,224,0,0,0,2,254,6,254,0,0,0,0,0,36,6,130,6,0,0,0,0,0,1,9,3,5,32,0,0,16,0,0,16,60,255,0,0,0,0,0,0,0,0,0,0,0,0,0,0,0,0,229,251,146,251,54,251,250,250,98,249,38,255,32,255,70,255,2,0,148,255,0,0,168,0,39,41,73,9,0,255,255,0,0,0,0,186,89,139,121,254,253,254,253,255,84,136,78,32,0,213,89,53,66,89,253,149,254,223,255,127,255,111,191,111,20,2,4,12,0,0,0,136,128,112,104,0,0,160,0,0,0,2,254,6,254,0,0,0,0,0,36,6,130,6,0,0,0,0,0,1,9,3,5,32,0,0,16,0,0,16,60,255,0,0,0,0,0,0,0,0,0,0,0,0,0,0,0,0,229,251,146,251,54,251,250,250,98,249,38,255,32,255,70,255
2026-08-03_15-49-30,1,613,0,0.0,0,10.0,3,3,2,0,148,255,0,0,168,0,39,41,73,9,0,255,255,0,0,0,0,186,89,139,121,254,253,254,253,255,84,136,78,32,0,213,89,53,66,89,253,149,254,223,255,127,255,111,191,111,20,2,4,12,0,0,0,136,128,112,104,0,0,160,0,0,0,2,254,6,254,0,0,0,0,0,36,6,130,6,0,0,0,0,0,1,9,3,5,32,0,0,16,0,0,16,60,255,0,0,0,0,0,0,0,0,0,0,0,0,0,0,0,0,229,251,146,251,54,251,250,250,98,249,38,255,32,255,70,255,2,0,66,255,0,0,172,0,41,41,73,9,0,255,255,0,0,0,0,160,89,115,121,254,253,254,253,255,84,136,80,32,0,213,89,37,66,115,254,181,254,223,255,127,255,111,191,111,20,2,4,12,0,0,0,136,128,112,104,32,0,96,0,0,0,2,254,6,254,0,0,0,0,0,36,6,130,6,0,0,0,0,0,1,9,3,5,32,0,0,16,0,0,16,60,255,0,0,0,0,0,0,0,0,0,0,0,0,0,0,0,0,229,251,146,251,54,251,250,250,98,249,38,255,32,255,70,255
2026-08-03_15-49-30,1,614,0,0.0,0,10.0,3,3,2,0,66,255,0,0,172,0,41,41,73,9,0,255,255,0,0,0,0,160,89,115,121,254,253,254,253,255,84,136,80,32,0,213,89,37,66,115,254,181,254,223,255,127,255,111,191,111,20,2,4,12,0,0,0,136,128,112,104,32,0,96,0,0,0,2,254,6,254,0,0,0,0,0,36,6,130,6,0,0,0,0,0,1,9,3,5,32,0,0,16,0,0,16,60,255,0,0,0,0,0,0,0,0,0,0,0,0,0,0,0,0,229,251,146,251,54,251,250,250,98,249,38,255,32,255,70,255,2,0,39,255,0,0,176,0,41,41,73,9,0,255,255,0,0,0,0,183,89,139,121,254,253,254,253,255,84,136,82,32,0,213,89,5,66,139,254,181,254,223,255,127,255,111,191,111,22,0,4,12,0,0,0,136,128,112,104,32,0,32,0,0,0,2,254,6,254,0,0,0,0,0,36,6,130,6,0,0,0,0,0,1,9,3,5,32,0,0,16,0,0,16,60,255,0,0,0,0,0,0,0,0,0,0,0,0,0,0,0,0,229,251,146,251,54,251,250,250,98,249,38,255,32,255,70,255
2026-08-03_15-49-30,1,615,0,0.0,0,10.0,3,3,2,0,39,255,0,0,176,0,41,41,73,9,0,255,255,0,0,0,0,183,89,139,121,254,253,254,253,255,84,136,82,32,0,213,89,5,66,139,254,181,254,223,255,127,255,111,191,111,22,0,4,12,0,0,0,136,128,112,104,32,0,32,0,0,0,2,254,6,254,0,0,0,0,0,36,6,130,6,0,0,0,0,0,1,9,3,5,32,0,0,16,0,0,16,60,255,0,0,0,0,0,0,0,0,0,0,0,0,0,0,0,0,229,251,146,251,54,251,250,250,98,249,38,255,32,255,70,255,2,0,127,255,0,0,180,0,41,41,73,9,0,255,255,0,0,0,0,159,89,115,121,254,253,254,253,255,84,136,83,32,0,213,89,229,66,115,254,181,254,223,255,127,255,111,191,111,22,0,4,12,0,0,0,136,128,112,104,32,0,224,0,0,0,2,254,6,254,0,0,0,0,0,36,6,130,6,0,0,0,0,0,1,9,3,5,32,0,0,16,0,0,16,60,255,0,0,0,0,0,0,0,0,0,0,0,0,0,0,0,0,229,251,146,251,54,251,250,250,98,249,38,255,32,255,70,255
2026-08-03_15-49-30,1,616,3,0.0,0,10.0,3,3,2,0,127,255,0,0,180,0,41,41,73,9,0,255,255,0,0,0,0,159,89,115,121,254,253,254,253,255,84,136,83,32,0,213,89,229,66,115,254,181,254,223,255,127,255,111,191,111,22,0,4,12,0,0,0,136,128,112,104,32,0,224,0,0,0,2,254,6,254,0,0,0,0,0,36,6,130,6,0,0,0,0,0,1,9,3,5,32,0,0,16,0,0,16,60,255,0,0,0,0,0,0,0,0,0,0,0,0,0,0,0,0,229,251,146,251,54,251,250,250,98,249,38,255,32,255,70,255,2,0,248,255,0,0,184,0,41,41,74,9,0,255,255,0,0,0,0,171,89,150,121,254,253,254,253,255,86,136,84,32,0,197,89,213,66,150,254,181,254,127,255,223,255,159,239,111,23,2,4,0,0,12,0,136,128,112,104,48,0,160,0,0,0,2,254,6,254,0,0,0,0,0,36,6,130,6,0,0,0,0,0,1,9,3,5,32,0,0,16,0,0,16,60,255,0,0,0,0,0,0,0,0,0,0,0,0,0,0,0,0,198,252,118,251,54,251,13,251,98,249,38,255,32,255,70,255
2026-08-03_15-49-30,1,617,3,0.0,0,10.0,3,3,2,0,248,255,0,0,184,0,41,41,74,9,0,255,255,0,0,0,0,171,89,150,121,254,253,254,253,255,86,136,84,32,0,197,89,213,66,150,254,181,254,127,255,223,255,159,239,111,23,2,4,0,0,12,0,136,128,112,104,48,0,160,0,0,0,2,254,6,254,0,0,0,0,0,36,6,130,6,0,0,0,0,0,1,9,3,5,32,0,0,16,0,0,16,60,255,0,0,0,0,0,0,0,0,0,0,0,0,0,0,0,0,198,252,118,251,54,251,13,251,98,249,38,255,32,255,70,255,2,0,133,255,0,0,188,0,41,41,76,9,0,255,255,0,0,0,0,147,89,125,121,254,253,254,253,255,88,136,84,32,0,165,89,213,66,144,254,181,254,127,255,223,255,159,239,111,23,2,4,0,0,12,0,136,128,112,104,80,0,96,0,0,0,2,254,6,254,0,0,0,0,0,36,6,130,6,0,0,0,0,0,1,9,3,5,32,0,0,16,0,0,16,60,255,0,0,0,0,0,0,0,0,0,0,0,0,0,0,0,0,198,252,118,251,54,251,13,251,98,249,38,255,32,255,70,255
2026-08-03_15-49-30,1,618,3,0.0,0,10.0,3,3,2,0,133,255,0,0,188,0,41,41,76,9,0,255,255,0,0,0,0,147,89,125,121,254,253,254,253,255,88,136,84,32,0,165,89,213,66,144,254,181,254,127,255,223,255,159,239,111,23,2,4,0,0,12,0,136,128,112,104,80,0,96,0,0,0,2,254,6,254,0,0,0,0,0,36,6,130,6,0,0,0,0,0,1,9,3,5,32,0,0,16,0,0,16,60,255,0,0,0,0,0,0,0,0,0,0,0,0,0,0,0,0,198,252,118,251,54,251,13,251,98,249,38,255,32,255,70,255,2,0,94,255,0,0,192,0,41,41,78,9,0,255,255,0,0,0,0,171,89,147,121,254,253,254,253,255,90,136,84,32,0,118,89,213,66,144,254,181,254,127,255,223,255,159,239,111,23,0,4,0,0,12,0,136,128,112,104,112,0,32,0,0,0,2,254,6,254,0,0,0,0,0,36,6,130,6,0,0,0,0,0,1,9,3,5,32,0,0,16,0,0,16,60,255,0,0,0,0,0,0,0,0,0,0,0,0,0,0,0,0,198,252,118,251,54,251,13,251,98,249,38,255,32,255,70,255
2026-08-03_15-49-30,1,619,0,0.0,0,10.0,3,3,2,0,94,255,0,0,192,0,41,41,78,9,0,255,255,0,0,0,0,171,89,147,121,254,253,254,253,255,90,136,84,32,0,118,89,213,66,144,254,181,254,127,255,223,255,159,239,111,23,0,4,0,0,12,0,136,128,112,104,112,0,32,0,0,0,2,254,6,254,0,0,0,0,0,36,6,130,6,0,0,0,0,0,1,9,3,5,32,0,0,16,0,0,16,60,255,0,0,0,0,0,0,0,0,0,0,0,0,0,0,0,0,198,252,118,251,54,251,13,251,98,249,38,255,32,255,70,255,2,0,227,255,0,0,196,0,41,41,79,9,0,255,255,0,0,0,0,147,89,121,121,254,253,254,253,255,92,136,84,32,0,70,89,213,66,144,254,181,254,127,255,223,255,159,239,111,23,0,4,0,0,12,0,136,128,112,104,144,0,224,0,0,0,2,254,6,254,0,0,0,0,0,36,6,130,6,0,0,0,0,0,1,9,3,5,32,0,0,16,0,0,16,60,255,0,0,0,0,0,0,0,0,0,0,0,0,0,0,0,0,198,252,118,251,54,251,13,251,98,249,38,255,32,255,70,255
2026-08-03_15-49-30,1,620,0,0.0,0,10.0,3,3,2,0,227,255,0,0,196,0,41,41,79,9,0,255,255,0,0,0,0,147,89,121,121,254,253,254,253,255,92,136,84,32,0,70,89,213,66,144,254,181,254,127,255,223,255,159,239,111,23,0,4,0,0,12,0,136,128,112,104,144,0,224,0,0,0,2,254,6,254,0,0,0,0,0,36,6,130,6,0,0,0,0,0,1,9,3,5,32,0,0,16,0,0,16,60,255,0,0,0,0,0,0,0,0,0,0,0,0,0,0,0,0,198,252,118,251,54,251,13,251,98,249,38,255,32,255,70,255,2,0,52,255,0,0,200,0,41,41,81,9,0,255,255,0,0,0,0,171,89,143,121,254,253,254,253,255,94,136,84,32,0,38,89,213,66,143,254,181,254,127,255,223,255,159,239,111,23,2,4,0,0,12,0,136,128,112,104,176,0,160,0,0,0,2,254,6,254,0,0,0,0,0,36,6,130,6,0,0,0,0,0,1,9,3,5,32,0,0,16,0,0,16,60,255,0,0,0,0,0,0,0,0,0,0,0,0,0,0,0,0,198,252,118,251,54,251,13,251,98,249,38,255,32,255,70,255
2026-08-03_15-49-30,1,621,0,0.0,0,10.0,3,3,2,0,52,255,0,0,200,0,41,41,81,9,0,255,255,0,0,0,0,171,89,143,121,254,253,254,253,255,94,136,84,32,0,38,89,213,66,143,254,181,254,127,255,223,255,159,239,111,23,2,4,0,0,12,0,136,128,112,104,176,0,160,0,0,0,2,254,6,254,0,0,0,0,0,36,6,130,6,0,0,0,0,0,1,9,3,5,32,0,0,16,0,0,16,60,255,0,0,0,0,0,0,0,0,0,0,0,0,0,0,0,0,198,252,118,251,54,251,13,251,98,249,38,255,32,255,70,255,2,0,64,255,0,0,204,0,41,41,83,9,0,255,255,0,0,0,0,147,89,118,121,254,253,254,253,255,96,136,84,32,0,6,89,213,66,118,254,181,254,127,255,223,255,159,239,111,23,0,4,0,0,12,0,136,128,112,104,208,0,96,0,0,0,2,254,6,254,0,0,0,0,0,36,6,130,6,0,0,0,0,0,1,9,3,5,32,0,0,16,0,0,16,60,255,0,0,0,0,0,0,0,0,0,0,0,0,0,0,0,0,198,252,118,251,54,251,13,251,98,249,38,255,32,255,70,255
2026-08-03_15-49-30,1,622,0,0.0,0,10.0,3,3,2,0,64,255,0,0,204,0,41,41,83,9,0,255,255,0,0,0,0,147,89,118,121,254,253,254,253,255,96,136,84,32,0,6,89,213,66,118,254,181,254,127,255,223,255,159,239,111,23,0,4,0,0,12,0,136,128,112,104,208,0,96,0,0,0,2,254,6,254,0,0,0,0,0,36,6,130,6,0,0,0,0,0,1,9,3,5,32,0,0,16,0,0,16,60,255,0,0,0,0,0,0,0,0,0,0,0,0,0,0,0,0,198,252,118,251,54,251,13,251,98,249,38,255,32,255,70,255,2,0,4,255,0,0,208,0,41,41,85,9,0,255,255,0,0,0,0,171,89,140,121,254,253,254,253,255,98,136,84,32,0,230,89,213,66,136,254,181,254,127,255,223,255,159,239,111,23,0,4,0,0,12,0,136,128,112,104,240,0,32,0,0,0,2,254,6,254,0,0,0,0,0,36,6,130,6,0,0,0,0,0,1,9,3,5,32,0,0,16,0,0,16,60,255,0,0,0,0,0,0,0,0,0,0,0,0,0,0,0,0,198,252,118,251,54,251,13,251,98,249,38,255,32,255,70,255
2026-08-03_15-49-30,1,623,0,0.0,0,10.0,3,3,2,0,4,255,0,0,208,0,41,41,85,9,0,255,255,0,0,0,0,171,89,140,121,254,253,254,253,255,98,136,84,32,0,230,89,213,66,136,254,181,254,127,255,223,255,159,239,111,23,0,4,0,0,12,0,136,128,112,104,240,0,32,0,0,0,2,254,6,254,0,0,0,0,0,36,6,130,6,0,0,0,0,0,1,9,3,5,32,0,0,16,0,0,16,60,255,0,0,0,0,0,0,0,0,0,0,0,0,0,0,0,0,198,252,118,251,54,251,13,251,98,249,38,255,32,255,70,255,2,0,71,255,0,0,212,0,41,41,86,9,0,255,255,0,0,0,0,147,89,114,121,254,253,254,253,255,101,136,84,32,0,198,89,213,66,136,254,181,254,127,255,223,255,159,239,111,23,0,4,0,0,12,0,136,128,112,104,16,0,224,0,0,0,2,254,6,254,0,0,0,0,0,36,6,130,6,0,0,0,0,0,1,9,3,5,32,0,0,16,0,0,16,60,255,0,0,0,0,0,0,0,0,0,0,0,0,0,0,0,0,198,252,118,251,54,251,13,251,98,249,38,255,32,255,70,255
2026-08-03_15-49-30,1,624,0,0.0,0,10.0,3,3,2,0,71,255,0,0,212,0,41,41,86,9,0,255,255,0,0,0,0,147,89,114,121,254,253,254,253,255,101,136,84,32,0,198,89,213,66,136,254,181,254,127,255,223,255,159,239,111,23,0,4,0,0,12,0,136,128,112,104,16,0,224,0,0,0,2,254,6,254,0,0,0,0,0,36,6,130,6,0,0,0,0,0,1,9,3,5,32,0,0,16,0,0,16,60,255,0,0,0,0,0,0,0,0,0,0,0,0,0,0,0,0,198,252,118,251,54,251,13,251,98,249,38,255,32,255,70,255,2,0,113,255,0,0,216,0,41,41,88,9,0,255,255,0,0,0,0,171,89,136,121,254,253,254,253,255,103,136,84,32,0,166,89,213,66,136,254,181,254,127,255,223,255,159,239,111,23,0,4,0,0,12,0,136,128,112,104,48,0,160,0,0,0,2,254,6,254,0,0,0,0,0,36,6,130,6,0,0,0,0,0,1,9,3,5,32,0,0,16,0,0,16,60,255,0,0,0,0,0,0,0,0,0,0,0,0,0,0,0,0,198,252,118,251,54,251,13,251,98,249,38,255,32,255,70,255
2026-08-03_15-49-30,1,625,0,0.0,0,10.0,3,3,2,0,113,255,0,0,216,0,41,41,88,9,0,255,255,0,0,0,0,171,89,136,121,254,253,254,253,255,103,136,84,32,0,166,89,213,66,136,254,181,254,127,255,223,255,159,239,111,23,0,4,0,0,12,0,136,128,112,104,48,0,160,0,0,0,2,254,6,254,0,0,0,0,0,36,6,130,6,0,0,0,0,0,1,9,3,5,32,0,0,16,0,0,16,60,255,0,0,0,0,0,0,0,0,0,0,0,0,0,0,0,0,198,252,118,251,54,251,13,251,98,249,38,255,32,255,70,255,2,0,18,255,0,0,220,0,41,41,89,9,0,255,255,0,0,0,0,147,89,99,121,254,253,254,253,255,105,136,85,32,0,119,89,197,66,99,254,181,254,127,255,127,255,111,191,111,23,0,4,0,0,0,0,136,128,112,104,80,0,240,0,0,0,2,254,6,254,0,0,0,0,0,36,6,130,6,0,0,0,0,0,1,9,3,5,32,0,0,16,0,0,16,60,255,0,0,0,0,0,0,0,0,0,0,0,0,0,0,0,0,229,251,146,251,54,251,250,250,98,249,38,255,32,255,70,255
2026-08-03_15-49-30,1,626,0,0.0,0,10.0,3,3,2,0,18,255,0,0,220,0,41,41,89,9,0,255,255,0,0,0,0,147,89,99,121,254,253,254,253,255,105,136,85,32,0,119,89,197,66,99,254,181,254,127,255,127,255,111,191,111,23,0,4,0,0,0,0,136,128,112,104,80,0,240,0,0,0,2,254,6,254,0,0,0,0,0,36,6,130,6,0,0,0,0,0,1,9,3,5,32,0,0,16,0,0,16,60,255,0,0,0,0,0,0,0,0,0,0,0,0,0,0,0,0,229,251,146,251,54,251,250,250,98,249,38,255,32,255,70,255,2,0,46,255,0,0,224,0,41,41,89,9,0,255,255,0,0,0,0,171,89,123,121,254,253,254,253,255,107,136,87,32,0,87,89,165,66,123,254,181,254,127,255,127,255,111,191,111,23,0,4,0,0,0,0,136,128,112,104,112,0,176,0,0,0,2,254,6,254,0,0,0,0,0,36,6,130,6,0,0,0,0,0,1,9,3,5,32,0,0,16,0,0,16,60,255,0,0,0,0,0,0,0,0,0,0,0,0,0,0,0,0,229,251,146,251,54,251,250,250,98,249,38,255,32,255,70,255
2026-08-03_15-49-30,1,627,0,0.0,0,10.0,3,3,2,0,46,255,0,0,224,0,41,41,89,9,0,255,255,0,0,0,0,171,89,123,121,254,253,254,253,255,107,136,87,32,0,87,89,165,66,123,254,181,254,127,255,127,255,111,191,111,23,0,4,0,0,0,0,136,128,112,104,112,0,176,0,0,0,2,254,6,254,0,0,0,0,0,36,6,130,6,0,0,0,0,0,1,9,3,5,32,0,0,16,0,0,16,60,255,0,0,0,0,0,0,0,0,0,0,0,0,0,0,0,0,229,251,146,251,54,251,250,250,98,249,38,255,32,255,70,255,2,0,224,255,0,0,228,0,41,41,89,9,0,255,255,0,0,0,0,147,89,99,121,254,253,254,253,255,109,136,89,32,0,39,89,118,66,99,254,181,254,127,255,127,255,111,191,111,24,2,4,0,0,0,0,136,128,112,104,144,0,112,0,0,0,2,254,6,254,0,0,0,0,0,36,6,130,6,0,0,0,0,0,1,9,3,5,32,0,0,16,0,0,16,60,255,0,0,0,0,0,0,0,0,0,0,0,0,0,0,0,0,229,251,146,251,54,251,250,250,98,249,38,255,32,255,70,255
2026-08-03_15-49-30,1,628,0,0.0,0,10.0,3,3,2,0,224,255,0,0,228,0,41,41,89,9,0,255,255,0,0,0,0,147,89,99,121,254,253,254,253,255,109,136,89,32,0,39,89,118,66,99,254,181,254,127,255,127,255,111,191,111,24,2,4,0,0,0,0,136,128,112,104,144,0,112,0,0,0,2,254,6,254,0,0,0,0,0,36,6,130,6,0,0,0,0,0,1,9,3,5,32,0,0,16,0,0,16,60,255,0,0,0,0,0,0,0,0,0,0,0,0,0,0,0,0,229,251,146,251,54,251,250,250,98,249,38,255,32,255,70,255,2,0,6,255,0,0,232,0,41,41,89,9,0,255,255,0,0,0,0,171,89,123,121,254,253,254,253,255,111,136,91,32,0,7,89,102,66,123,254,181,254,127,255,127,255,111,191,111,24,2,4,0,0,0,0,136,128,112,104,176,0,48,0,0,0,2,254,6,254,0,0,0,0,0,36,6,130,6,0,0,0,0,0,1,9,3,5,32,0,0,16,0,0,16,60,255,0,0,0,0,0,0,0,0,0,0,0,0,0,0,0,0,229,251,146,251,54,251,250,250,98,249,38,255,32,255,70,255
2026-08-03_15-49-30,1,629,0,0.0,0,10.0,3,3,2,0,6,255,0,0,232,0,41,41,89,9,0,255,255,0,0,0,0,171,89,123,121,254,253,254,253,255,111,136,91,32,0,7,89,102,66,123,254,181,254,127,255,127,255,111,191,111,24,2,4,0,0,0,0,136,128,112,104,176,0,48,0,0,0,2,254,6,254,0,0,0,0,0,36,6,130,6,0,0,0,0,0,1,9,3,5,32,0,0,16,0,0,16,60,255,0,0,0,0,0,0,0,0,0,0,0,0,0,0,0,0,229,251,146,251,54,251,250,250,98,249,38,255,32,255,70,255,2,0,100,255,0,0,236,0,41,41,89,9,0,255,255,0,0,0,0,147,89,99,121,254,253,254,253,255,113,136,92,32,0,231,89,70,66,99,254,181,254,127,255,127,255,111,191,111,24,2,4,0,0,0,0,136,128,112,104,208,0,240,0,0,0,2,254,6,254,0,0,0,0,0,36,6,130,6,0,0,0,0,0,1,9,3,5,32,0,0,16,0,0,16,60,255,0,0,0,0,0,0,0,0,0,0,0,0,0,0,0,0,229,251,146,251,54,251,250,250,98,249,38,255,32,255,70,255
2026-08-03_15-49-30,1,630,0,0.0,0,10.0,3,3,2,0,100,255,0,0,236,0,41,41,89,9,0,255,255,0,0,0,0,147,89,99,121,254,253,254,253,255,113,136,92,32,0,231,89,70,66,99,254,181,254,127,255,127,255,111,191,111,24,2,4,0,0,0,0,136,128,112,104,208,0,240,0,0,0,2,254,6,254,0,0,0,0,0,36,6,130,6,0,0,0,0,0,1,9,3,5,32,0,0,16,0,0,16,60,255,0,0,0,0,0,0,0,0,0,0,0,0,0,0,0,0,229,251,146,251,54,251,250,250,98,249,38,255,32,255,70,255,2,0,73,255,0,0,240,0,41,41,89,9,0,255,255,0,0,0,0,171,89,123,121,254,253,254,253,255,115,136,94,32,0,199,89,38,66,123,254,181,254,127,255,127,255,111,191,111,24,2,4,0,0,0,0,136,128,112,104,240,0,176,0,0,0,2,254,6,254,0,0,0,0,0,36,6,130,6,0,0,0,0,0,1,9,3,5,32,0,0,16,0,0,16,60,255,0,0,0,0,0,0,0,0,0,0,0,0,0,0,0,0,229,251,146,251,54,251,250,250,98,249,38,255,32,255,70,255
2026-08-03_15-49-30,1,631,0,0.0,0,10.0,3,3,2,0,73,255,0,0,240,0,41,41,89,9,0,255,255,0,0,0,0,171,89,123,121,254,253,254,253,255,115,136,94,32,0,199,89,38,66,123,254,181,254,127,255,127,255,111,191,111,24,2,4,0,0,0,0,136,128,112,104,240,0,176,0,0,0,2,254,6,254,0,0,0,0,0,36,6,130,6,0,0,0,0,0,1,9,3,5,32,0,0,16,0,0,16,60,255,0,0,0,0,0,0,0,0,0,0,0,0,0,0,0,0,229,251,146,251,54,251,250,250,98,249,38,255,32,255,70,255,2,0,155,255,0,0,244,0,41,41,89,9,0,255,255,0,0,0,0,147,89,99,121,254,253,254,253,255,116,136,96,32,0,183,89,6,66,99,254,181,254,127,255,127,255,111,191,111,26,2,4,0,0,12,0,136,128,112,104,120,0,112,0,0,0,2,254,6,254,0,0,0,0,0,36,6,130,6,0,0,0,0,0,1,9,3,5,32,0,0,16,0,0,16,60,255,0,0,0,0,0,0,0,0,0,0,0,0,0,0,0,0,126,252,128,251,54,251,250,250,98,249,38,255,32,255,70,255
2026-08-03_15-49-30,1,632,0,0.0,0,10.0,3,3,2,0,155,255,0,0,244,0,41,41,89,9,0,255,255,0,0,0,0,147,89,99,121,254,253,254,253,255,116,136,96,32,0,183,89,6,66,99,254,181,254,127,255,127,255,111,191,111,26,2,4,0,0,12,0,136,128,112,104,120,0,112,0,0,0,2,254,6,254,0,0,0,0,0,36,6,130,6,0,0,0,0,0,1,9,3,5,32,0,0,16,0,0,16,60,255,0,0,0,0,0,0,0,0,0,0,0,0,0,0,0,0,126,252,128,251,54,251,250,250,98,249,38,255,32,255,70,255,2,0,185,255,0,0,248,0,41,41,87,9,0,255,255,0,0,0,0,171,89,136,121,254,253,254,253,255,116,136,96,32,0,183,89,6,66,136,254,181,254,127,255,239,255,111,222,111,26,0,4,0,0,12,0,136,128,112,104,120,0,48,0,0,0,2,254,6,254,0,0,0,0,0,36,6,130,6,0,0,0,0,0,1,9,3,5,32,0,0,16,0,0,16,60,255,0,0,0,0,0,0,0,0,0,0,0,0,0,0,0,0,126,252,128,251,54,251,250,250,98,249,38,255,32,255,70,255
2026-08-03_15-49-30,1,633,0,0.0,0,10.0,3,3,2,0,185,255,0,0,248,0,41,41,87,9,0,255,255,0,0,0,0,171,89,136,121,254,253,254,253,255,116,136,96,32,0,183,89,6,66,136,254,181,254,127,255,239,255,111,222,111,26,0,4,0,0,12,0,136,128,112,104,120,0,48,0,0,0,2,254,6,254,0,0,0,0,0,36,6,130,6,0,0,0,0,0,1,9,3,5,32,0,0,16,0,0,16,60,255,0,0,0,0,0,0,0,0,0,0,0,0,0,0,0,0,126,252,128,251,54,251,250,250,98,249,38,255,32,255,70,255,2,0,144,255,0,0,252,0,41,41,86,9,0,255,255,0,0,0,0,147,89,114,121,254,253,254,253,255,116,136,96,32,0,183,89,6,66,136,254,181,254,127,255,239,255,111,222,111,26,0,4,0,0,12,0,136,128,112,104,120,0,240,0,0,0,2,254,6,254,0,0,0,0,0,36,6,130,6,0,0,0,0,0,1,9,3,5,32,0,0,16,0,0,16,60,255,0,0,0,0,0,0,0,0,0,0,0,0,0,0,0,0,126,252,128,251,54,251,250,250,98,249,38,255,32,255,70,255
2026-08-03_15-49-30,1,634,0,0.0,0,10.0,3,3,2,0,144,255,0,0,252,0,41,41,86,9,0,255,255,0,0,0,0,147,89,114,121,254,253,254,253,255,116,136,96,32,0,183,89,6,66,136,254,181,254,127,255,239,255,111,222,111,26,0,4,0,0,12,0,136,128,112,104,120,0,240,0,0,0,2,254,6,254,0,0,0,0,0,36,6,130,6,0,0,0,0,0,1,9,3,5,32,0,0,16,0,0,16,60,255,0,0,0,0,0,0,0,0,0,0,0,0,0,0,0,0,126,252,128,251,54,251,250,250,98,249,38,255,32,255,70,255,2,0,5,255,0,0,0,1,41,41,84,9,0,255,255,0,0,0,0,171,89,140,121,254,253,254,253,255,116,136,96,32,0,183,89,6,66,136,254,181,254,127,255,239,255,111,222,111,26,0,4,0,0,12,0,136,128,112,104,120,0,176,0,0,0,2,254,6,254,0,0,0,0,0,36,6,130,6,0,0,0,0,0,1,9,3,5,120,0,0,16,0,0,16,60,255,0,0,0,0,0,0,0,0,0,0,0,0,0,0,0,0,126,252,128,251,54,251,250,250,98,249,38,255,32,255,70,255
2026-08-03_15-49-30,1,635,0,0.0,0,10.0,3,3,2,0,5,255,0,0,0,1,41,41,84,9,0,255,255,0,0,0,0,171,89,140,121,254,253,254,253,255,116,136,96,32,0,183,89,6,66,136,254,181,254,127,255,239,255,111,222,111,26,0,4,0,0,12,0,136,128,112,104,120,0,176,0,0,0,2,254,6,254,0,0,0,0,0,36,6,130,6,0,0,0,0,0,1,9,3,5,120,0,0,16,0,0,16,60,255,0,0,0,0,0,0,0,0,0,0,0,0,0,0,0,0,126,252,128,251,54,251,250,250,98,249,38,255,32,255,70,255,2,0,86,255,0,0,4,1,41,41,82,9,0,255,255,0,0,0,0,147,89,118,121,254,253,254,253,255,116,136,96,32,0,183,89,6,66,118,254,181,254,127,255,239,255,111,222,111,26,0,4,0,0,12,0,136,128,112,104,120,0,112,0,0,0,2,254,6,254,0,0,0,0,0,36,6,130,6,0,0,0,0,0,1,9,3,5,120,0,0,16,0,0,16,60,255,0,0,0,0,0,0,0,0,0,0,0,0,0,0,0,0,126,252,128,251,54,251,250,250,98,249,38,255,32,255,70,255
2026-08-03_15-49-30,1,636,0,0.0,0,10.0,3,3,2,0,86,255,0,0,4,1,41,41,82,9,0,255,255,0,0,0,0,147,89,118,121,254,253,254,253,255,116,136,96,32,0,183,89,6,66,118,254,181,254,127,255,239,255,111,222,111,26,0,4,0,0,12,0,136,128,112,104,120,0,112,0,0,0,2,254,6,254,0,0,0,0,0,36,6,130,6,0,0,0,0,0,1,9,3,5,120,0,0,16,0,0,16,60,255,0,0,0,0,0,0,0,0,0,0,0,0,0,0,0,0,126,252,128,251,54,251,250,250,98,249,38,255,32,255,70,255,2,0,109,255,0,0,8,0,42,41,80,9,0,255,255,0,0,0,0,171,89,143,121,254,253,254,253,255,116,136,96,32,0,183,89,6,66,143,254,181,254,223,255,239,255,111,222,111,26,2,4,12,0,12,0,136,128,112,104,0,0,48,0,0,0,2,254,6,254,0,0,0,0,0,36,6,130,6,0,0,0,0,0,1,9,3,5,120,0,0,16,0,0,16,60,255,0,0,0,0,0,0,0,0,0,0,0,0,0,0,0,0,126,252,128,251,54,251,250,250,98,249,38,255,32,255,70,255
2026-08-03_15-49-30,1,637,5,0.0,0,10.0,3,3,2,0,109,255,0,0,8,0,42,41,80,9,0,255,255,0,0,0,0,171,89,143,121,254,253,254,253,255,116,136,96,32,0,183,89,6,66,143,254,181,254,223,255,239,255,111,222,111,26,2,4,12,0,12,0,136,128,112,104,0,0,48,0,0,0,2,254,6,254,0,0,0,0,0,36,6,130,6,0,0,0,0,0,1,9,3,5,120,0,0,16,0,0,16,60,255,0,0,0,0,0,0,0,0,0,0,0,0,0,0,0,0,126,252,128,251,54,251,250,250,98,249,38,255,32,255,70,255,2,0,214,255,0,0,12,0,44,41,79,9,0,255,255,0,0,0,0,157,89,121,121,254,253,254,253,255,116,136,96,32,0,183,89,6,66,176,254,141,254,223,255,239,255,111,222,111,26,2,4,12,0,12,0,136,128,112,104,32,0,240,0,0,0,2,254,6,254,0,0,0,0,0,36,6,130,6,0,0,0,0,0,1,9,3,5,120,0,0,16,0,0,16,60,255,0,0,0,0,0,0,0,0,0,0,0,0,0,0,0,0,126,252,128,251,54,251,250,250,98,249,38,255,32,255,70,255
2026-08-03_15-49-30,1,638,5,0.0,0,10.0,3,3,2,0,214,255,0,0,12,0,44,41,79,9,0,255,255,0,0,0,0,157,89,121,121,254,253,254,253,255,116,136,96,32,0,183,89,6,66,176,254,141,254,223,255,239,255,111,222,111,26,2,4,12,0,12,0,136,128,112,104,32,0,240,0,0,0,2,254,6,254,0,0,0,0,0,36,6,130,6,0,0,0,0,0,1,9,3,5,120,0,0,16,0,0,16,60,255,0,0,0,0,0,0,0,0,0,0,0,0,0,0,0,0,126,252,128,251,54,251,250,250,98,249,38,255,32,255,70,255,2,0,101,255,0,0,16,0,46,41,77,9,0,255,255,0,0,0,0,179,89,147,121,254,253,254,253,255,116,136,96,32,0,183,89,6,66,176,254,147,254,223,255,239,255,111,222,111,26,2,4,12,0,12,0,136,128,112,104,64,0,176,0,0,0,2,254,6,254,0,0,0,0,0,36,6,130,6,0,0,0,0,0,1,9,3,5,120,0,0,16,0,0,16,60,255,0,0,0,0,0,0,0,0,0,0,0,0,0,0,0,0,126,252,128,251,54,251,250,250,98,249,38,255,32,255,70,255
2026-08-03_15-49-30,1,639,0,0.0,0,10.0,3,3,2,0,101,255,0,0,16,0,46,41,77,9,0,255,255,0,0,0,0,179,89,147,121,254,253,254,253,255,116,136,96,32,0,183,89,6,66,176,254,147,254,223,255,239,255,111,222,111,26,2,4,12,0,12,0,136,128,112,104,64,0,176,0,0,0,2,254,6,254,0,0,0,0,0,36,6,130,6,0,0,0,0,0,1,9,3,5,120,0,0,16,0,0,16,60,255,0,0,0,0,0,0,0,0,0,0,0,0,0,0,0,0,126,252,128,251,54,251,250,250,98,249,38,255,32,255,70,255,2,0,88,255,0,0,20,0,48,41,75,9,0,255,255,0,0,0,0,153,89,125,121,254,253,254,253,255,116,136,96,32,0,183,89,6,66,176,254,125,254,223,255,239,255,111,222,111,26,2,4,12,0,12,0,136,128,112,104,96,0,112,0,0,0,2,254,6,254,0,0,0,0,0,36,6,130,6,0,0,0,0,0,1,9,3,5,120,0,0,16,0,0,16,60,255,0,0,0,0,0,0,0,0,0,0,0,0,0,0,0,0,126,252,128,251,54,251,250,250,98,249,38,255,32,255,70,255
2026-08-03_15-49-30,1,640,0,0.0,0,10.0,3,3,2,0,88,255,0,0,20,0,48,41,75,9,0,255,255,0,0,0,0,153,89,125,121,254,253,254,253,255,116,136,96,32,0,183,89,6,66,176,254,125,254,223,255,239,255,111,222,111,26,2,4,12,0,12,0,136,128,112,104,96,0,112,0,0,0,2,254,6,254,0,0,0,0,0,36,6,130,6,0,0,0,0,0,1,9,3,5,120,0,0,16,0,0,16,60,255,0,0,0,0,0,0,0,0,0,0,0,0,0,0,0,0,126,252,128,251,54,251,250,250,98,249,38,255,32,255,70,255,2,0,135,255,0,0,24,0,50,41,73,9,0,255,255,0,0,0,0,175,89,150,121,254,253,254,253,255,116,136,96,32,0,183,89,6,66,175,254,149,254,223,255,239,255,111,222,111,31,0,4,12,0,12,0,136,128,112,104,128,0,48,0,0,0,2,254,6,254,0,0,0,0,0,36,6,130,6,0,0,0,0,0,1,9,3,5,120,0,0,16,0,0,16,60,255,0,0,0,0,0,0,0,0,0,0,0,0,0,0,0,0,126,252,128,251,54,251,250,250,98,249,38,255,32,255,70,255
2026-08-03_15-49-30,1,641,0,0.0,0,10.0,3,3,2,0,135,255,0,0,24,0,50,41,73,9,0,255,255,0,0,0,0,175,89,150,121,254,253,254,253,255,116,136,96,32,0,183,89,6,66,175,254,149,254,223,255,239,255,111,222,111,31,0,4,12,0,12,0,136,128,112,104,128,0,48,0,0,0,2,254,6,254,0,0,0,0,0,36,6,130,6,0,0,0,0,0,1,9,3,5,120,0,0,16,0,0,16,60,255,0,0,0,0,0,0,0,0,0,0,0,0,0,0,0,0,126,252,128,251,54,251,250,250,98,249,38,255,32,255,70,255,2,0,125,255,0,0,28,0,52,41,72,9,0,255,255,0,0,0,0,148,89,128,121,254,253,254,253,255,116,136,96,32,0,183,89,6,66,168,254,149,254,223,255,239,255,111,222,111,26,2,4,12,0,12,0,136,128,112,104,160,0,240,0,0,0,2,254,6,254,0,0,0,0,0,36,6,130,6,0,0,0,0,0,1,9,3,5,120,0,0,16,0,0,16,60,255,0,0,0,0,0,0,0,0,0,0,0,0,0,0,0,0,126,252,128,251,54,251,250,250,98,249,38,255,32,255,70,255
2026-08-03_15-49-30,1,642,3,0.0,0,10.0,3,3,2,0,125,255,0,0,28,0,52,41,72,9,0,255,255,0,0,0,0,148,89,128,121,254,253,254,253,255,116,136,96,32,0,183,89,6,66,168,254,149,254,223,255,239,255,111,222,111,26,2,4,12,0,12,0,136,128,112,104,160,0,240,0,0,0,2,254,6,254,0,0,0,0,0,36,6,130,6,0,0,0,0,0,1,9,3,5,120,0,0,16,0,0,16,60,255,0,0,0,0,0,0,0,0,0,0,0,0,0,0,0,0,126,252,128,251,54,251,250,250,98,249,38,255,32,255,70,255,2,0,219,255,0,0,32,0,54,41,70,9,0,255,255,0,0,0,0,170,89,154,121,254,253,254,253,255,116,136,96,32,0,183,89,6,66,168,254,154,254,223,255,239,255,111,222,111,26,2,4,12,0,12,0,136,128,112,104,192,0,176,0,0,0,2,254,6,254,0,0,0,0,0,36,6,130,6,0,0,0,0,0,1,9,3,5,120,0,0,16,0,0,16,60,255,0,0,0,0,0,0,0,0,0,0,0,0,0,0,0,0,126,252,128,251,54,251,250,250,98,249,38,255,32,255,70,255
2026-08-03_15-49-30,1,643,3,0.0,0,10.0,3,3,2,0,219,255,0,0,32,0,54,41,70,9,0,255,255,0,0,0,0,170,89,154,121,254,253,254,253,255,116,136,96,32,0,183,89,6,66,168,254,154,254,223,255,239,255,111,222,111,26,2,4,12,0,12,0,136,128,112,104,192,0,176,0,0,0,2,254,6,254,0,0,0,0,0,36,6,130,6,0,0,0,0,0,1,9,3,5,120,0,0,16,0,0,16,60,255,0,0,0,0,0,0,0,0,0,0,0,0,0,0,0,0,126,252,128,251,54,251,250,250,98,249,38,255,32,255,70,255,2,0,189,255,0,0,36,0,56,41,68,9,0,255,255,0,0,0,0,144,89,132,121,254,253,254,253,255,116,136,96,32,0,183,89,6,66,144,254,132,254,223,255,239,255,111,222,111,26,2,4,12,0,12,0,136,128,112,104,224,0,112,0,0,0,2,254,6,254,0,0,0,0,0,36,6,130,6,0,0,0,0,0,1,9,3,5,120,0,0,16,0,0,16,60,255,0,0,0,0,0,0,0,0,0,0,0,0,0,0,0,0,126,252,128,251,54,251,250,250,98,249,38,255,32,255,70,255
2026-08-03_15-49-30,1,644,0,0.0,0,10.0,3,3,2,0,189,255,0,0,36,0,56,41,68,9,0,255,255,0,0,0,0,144,89,132,121,254,253,254,253,255,116,136,96,32,0,183,89,6,66,144,254,132,254,223,255,239,255,111,222,111,26,2,4,12,0,12,0,136,128,112,104,224,0,112,0,0,0,2,254,6,254,0,0,0,0,0,36,6,130,6,0,0,0,0,0,1,9,3,5,120,0,0,16,0,0,16,60,255,0,0,0,0,0,0,0,0,0,0,0,0,0,0,0,0,126,252,128,251,54,251,250,250,98,249,38,255,32,255,70,255,2,0,215,255,0,0,40,0,59,41,66,9,0,255,255,0,0,0,0,166,89,157,121,254,253,254,253,255,116,136,96,32,0,183,89,6,66,166,254,157,254,223,255,239,255,111,222,111,31,0,4,12,0,12,0,136,128,112,104,0,0,48,0,0,0,2,254,6,254,0,0,0,0,0,36,6,130,6,0,0,0,0,0,1,9,3,5,120,0,0,16,0,0,16,60,255,0,0,0,0,0,0,0,0,0,0,0,0,0,0,0,0,126,252,128,251,54,251,250,250,98,249,38,255,32,255,70,255
2026-08-03_15-49-30,1,645,0,0.0,0,10.0,3,3,2,0,215,255,0,0,40,0,59,41,66,9,0,255,255,0,0,0,0,166,89,157,121,254,253,254,253,255,116,136,96,32,0,183,89,6,66,166,254,157,254,223,255,239,255,111,222,111,31,0,4,12,0,12,0,136,128,112,104,0,0,48,0,0,0,2,254,6,254,0,0,0,0,0,36,6,130,6,0,0,0,0,0,1,9,3,5,120,0,0,16,0,0,16,60,255,0,0,0,0,0,0,0,0,0,0,0,0,0,0,0,0,126,252,128,251,54,251,250,250,98,249,38,255,32,255,70,255,2,0,116,255,0,0,44,0,61,41,65,9,0,255,255,0,0,0,0,140,89,135,121,254,253,254,253,255,116,136,96,32,0,183,89,6,66,160,254,157,254,223,255,239,255,111,222,111,26,2,4,12,0,12,0,136,128,112,104,32,0,240,0,0,0,2,254,6,254,0,0,0,0,0,36,6,130,6,0,0,0,0,0,1,9,3,5,120,0,0,16,0,0,16,60,255,0,0,0,0,0,0,0,0,0,0,0,0,0,0,0,0,126,252,128,251,54,251,250,250,98,249,38,255,32,255,70,255
2026-08-03_15-49-30,1,646,3,0.0,0,10.0,3,3,2,0,116,255,0,0,44,0,61,41,65,9,0,255,255,0,0,0,0,140,89,135,121,254,253,254,253,255,116,136,96,32,0,183,89,6,66,160,254,157,254,223,255,239,255,111,222,111,26,2,4,12,0,12,0,136,128,112,104,32,0,240,0,0,0,2,254,6,254,0,0,0,0,0,36,6,130,6,0,0,0,0,0,1,9,3,5,120,0,0,16,0,0,16,60,255,0,0,0,0,0,0,0,0,0,0,0,0,0,0,0,0,126,252,128,251,54,251,250,250,98,249,38,255,32,255,70,255,2,0,68,255,0,0,48,0,63,41,63,9,0,255,255,0,0,0,0,162,89,161,121,254,253,254,253,255,116,136,96,32,0,183,89,6,66,160,254,157,254,223,255,239,255,111,222,111,26,2,4,12,0,12,0,136,128,112,104,64,0,176,0,0,0,2,254,6,254,0,0,0,0,0,36,6,130,6,0,0,0,0,0,1,9,3,5,120,0,0,16,0,0,16,60,255,0,0,0,0,0,0,0,0,0,0,0,0,0,0,0,0,126,252,128,251,54,251,250,250,98,249,38,255,32,255,70,255
2026-08-03_15-49-30,1,647,3,0.0,0,10.0,3,3,2,0,68,255,0,0,48,0,63,41,63,9,0,255,255,0,0,0,0,162,89,161,121,254,253,254,253,255,116,136,96,32,0,183,89,6,66,160,254,157,254,223,255,239,255,111,222,111,26,2,4,12,0,12,0,136,128,112,104,64,0,176,0,0,0,2,254,6,254,0,0,0,0,0,36,6,130,6,0,0,0,0,0,1,9,3,5,120,0,0,16,0,0,16,60,255,0,0,0,0,0,0,0,0,0,0,0,0,0,0,0,0,126,252,128,251,54,251,250,250,98,249,38,255,32,255,70,255,2,0,67,255,0,0,52,0,65,41,61,9,0,255,255,0,0,0,0,136,89,139,121,254,253,254,253,255,116,136,96,32,0,183,89,6,66,160,254,157,254,223,255,239,255,175,222,95,26,2,4,12,0,12,0,136,128,112,104,96,0,112,0,0,0,2,254,6,254,0,0,0,0,0,36,6,130,6,0,0,0,0,0,1,9,3,5,120,0,0,16,0,0,16,60,255,0,0,0,0,0,0,0,0,0,0,0,0,0,0,0,0,126,252,128,251,54,251,13,251,98,249,38,255,32,255,70,255
2026-08-03_15-49-30,1,648,3,0.0,0,10.0,3,3,2,0,67,255,0,0,52,0,65,41,61,9,0,255,255,0,0,0,0,136,89,139,121,254,253,254,253,255,116,136,96,32,0,183,89,6,66,160,254,157,254,223,255,239,255,175,222,95,26,2,4,12,0,12,0,136,128,112,104,96,0,112,0,0,0,2,254,6,254,0,0,0,0,0,36,6,130,6,0,0,0,0,0,1,9,3,5,120,0,0,16,0,0,16,60,255,0,0,0,0,0,0,0,0,0,0,0,0,0,0,0,0,126,252,128,251,54,251,13,251,98,249,38,255,32,255,70,255,2,0,54,255,0,0,56,0,67,41,59,9,0,255,255,0,0,0,0,158,89,164,121,254,253,254,253,255,116,136,96,32,0,183,89,6,66,160,254,157,254,223,255,239,255,175,222,95,31,0,4,12,0,12,0,136,128,112,104,128,0,48,0,0,0,2,254,6,254,0,0,0,0,0,36,6,130,6,0,0,0,0,0,1,9,3,5,120,0,0,16,0,0,16,60,255,0,0,0,0,0,0,0,0,0,0,0,0,0,0,0,0,126,252,128,251,54,251,13,251,98,249,38,255,32,255,70,255
2026-08-03_15-49-30,1,649,0,0.0,0,10.0,3,3,2,0,54,255,0,0,56,0,67,41,59,9,0,255,255,0,0,0,0,158,89,164,121,254,253,254,253,255,116,136,96,32,0,183,89,6,66,160,254,157,254,223,255,239,255,175,222,95,31,0,4,12,0,12,0,136,128,112,104,128,0,48,0,0,0,2,254,6,254,0,0,0,0,0,36,6,130,6,0,0,0,0,0,1,9,3,5,120,0,0,16,0,0,16,60,255,0,0,0,0,0,0,0,0,0,0,0,0,0,0,0,0,126,252,128,251,54,251,13,251,98,249,38,255,32,255,70,255,2,0,99,255,0,0,60,0,69,41,58,9,0,255,255,0,0,0,0,131,89,142,121,254,253,254,253,255,116,136,96,32,0,183,89,6,66,142,254,131,254,223,255,239,255,175,222,95,31,0,4,12,0,12,0,136,128,112,104,160,0,240,0,0,0,2,254,6,254,0,0,0,0,0,36,6,130,6,0,0,0,0,0,1,9,3,5,120,0,0,16,0,0,16,60,255,0,0,0,0,0,0,0,0,0,0,0,0,0,0,0,0,126,252,128,251,54,251,13,251,98,249,38,255,32,255,70,255
2026-08-03_15-49-30,1,650,0,0.0,0,10.0,3,3,2,0,99,255,0,0,60,0,69,41,58,9,0,255,255,0,0,0,0,131,89,142,121,254,253,254,253,255,116,136,96,32,0,183,89,6,66,142,254,131,254,223,255,239,255,175,222,95,31,0,4,12,0,12,0,136,128,112,104,160,0,240,0,0,0,2,254,6,254,0,0,0,0,0,36,6,130,6,0,0,0,0,0,1,9,3,5,120,0,0,16,0,0,16,60,255,0,0,0,0,0,0,0,0,0,0,0,0,0,0,0,0,126,252,128,251,54,251,13,251,98,249,38,255,32,255,70,255,2,0,60,255,0,0,64,0,71,41,57,9,0,255,255,0,0,0,0,153,89,155,121,254,253,254,253,255,116,136,98,32,0,183,89,246,66,155,254,149,254,223,255,127,255,95,191,95,31,2,4,12,0,0,0,136,128,112,104,192,0,64,0,0,0,2,254,6,254,0,0,0,0,0,36,6,130,6,0,0,0,0,0,1,9,3,5,120,0,0,16,0,0,16,60,255,0,0,0,0,0,0,0,0,0,0,0,0,0,0,0,0,229,251,146,251,54,251,250,250,98,249,38,255,32,255,70,255
2026-08-03_15-49-30,1,651,0,0.0,0,10.0,3,3,2,0,60,255,0,0,64,0,71,41,57,9,0,255,255,0,0,0,0,153,89,155,121,254,253,254,253,255,116,136,98,32,0,183,89,246,66,155,254,149,254,223,255,127,255,95,191,95,31,2,4,12,0,0,0,136,128,112,104,192,0,64,0,0,0,2,254,6,254,0,0,0,0,0,36,6,130,6,0,0,0,0,0,1,9,3,5,120,0,0,16,0,0,16,60,255,0,0,0,0,0,0,0,0,0,0,0,0,0,0,0,0,229,251,146,251,54,251,250,250,98,249,38,255,32,255,70,255,2,0,206,255,0,0,68,0,73,41,57,9,0,255,255,0,0,0,0,127,89,131,121,254,253,254,253,255,116,136,100,32,0,183,89,214,66,131,254,149,254,223,255,127,255,95,191,95,30,0,4,12,0,0,0,136,128,112,104,88,0,0,0,0,0,2,254,6,254,0,0,0,0,0,36,6,130,6,0,0,0,0,0,1,9,3,5,120,0,0,16,0,0,16,60,255,0,0,0,0,0,0,0,0,0,0,0,0,0,0,0,0,229,251,146,251,54,251,250,250,98,249,38,255,32,255,70,255
2026-08-03_15-49-30,1,652,0,0.0,0,10.0,3,3,2,0,206,255,0,0,68,0,73,41,57,9,0,255,255,0,0,0,0,127,89,131,121,254,253,254,253,255,116,136,100,32,0,183,89,214,66,131,254,149,254,223,255,127,255,95,191,95,30,0,4,12,0,0,0,136,128,112,104,88,0,0,0,0,0,2,254,6,254,0,0,0,0,0,36,6,130,6,0,0,0,0,0,1,9,3,5,120,0,0,16,0,0,16,60,255,0,0,0,0,0,0,0,0,0,0,0,0,0,0,0,0,229,251,146,251,54,251,250,250,98,249,38,255,32,255,70,255,2,0,230,255,0,0,72,0,73,41,57,9,0,255,255,0,0,0,0,151,89,155,121,254,253,254,253,255,116,136,101,32,0,183,89,182,66,155,254,149,254,223,255,127,255,95,191,95,30,0,4,12,0,0,0,136,128,112,104,88,0,192,0,0,0,2,254,6,254,0,0,0,0,0,36,6,130,6,0,0,0,0,0,1,9,3,5,120,0,0,16,0,0,16,60,255,0,0,0,0,0,0,0,0,0,0,0,0,0,0,0,0,229,251,146,251,54,251,250,250,98,249,38,255,32,255,70,255
2026-08-03_15-49-30,1,653,0,0.0,0,10.0,3,3,2,0,230,255,0,0,72,0,73,41,57,9,0,255,255,0,0,0,0,151,89,155,121,254,253,254,253,255,116,136,101,32,0,183,89,182,66,155,254,149,254,223,255,127,255,95,191,95,30,0,4,12,0,0,0,136,128,112,104,88,0,192,0,0,0,2,254,6,254,0,0,0,0,0,36,6,130,6,0,0,0,0,0,1,9,3,5,120,0,0,16,0,0,16,60,255,0,0,0,0,0,0,0,0,0,0,0,0,0,0,0,0,229,251,146,251,54,251,250,250,98,249,38,255,32,255,70,255,2,0,98,255,0,0,76,0,73,41,57,9,0,255,255,0,0,0,0,127,89,131,121,254,253,254,253,255,116,136,103,32,0,183,89,150,66,131,254,149,254,223,255,127,255,95,191,95,30,0,4,12,0,0,0,136,128,112,104,88,0,128,0,0,0,2,254,6,254,0,0,0,0,0,36,6,130,6,0,0,0,0,0,1,9,3,5,120,0,0,16,0,0,16,60,255,0,0,0,0,0,0,0,0,0,0,0,0,0,0,0,0,229,251,146,251,54,251,250,250,98,249,38,255,32,255,70,255
2026-08-03_15-49-30,1,654,0,0.0,0,10.0,3,3,2,0,98,255,0,0,76,0,73,41,57,9,0,255,255,0,0,0,0,127,89,131,121,254,253,254,253,255,116,136,103,32,0,183,89,150,66,131,254,149,254,223,255,127,255,95,191,95,30,0,4,12,0,0,0,136,128,112,104,88,0,128,0,0,0,2,254,6,254,0,0,0,0,0,36,6,130,6,0,0,0,0,0,1,9,3,5,120,0,0,16,0,0,16,60,255,0,0,0,0,0,0,0,0,0,0,0,0,0,0,0,0,229,251,146,251,54,251,250,250,98,249,38,255,32,255,70,255,2,0,45,255,0,0,80,0,73,41,56,9,0,255,255,0,0,0,0,151,89,167,121,254,253,254,253,255,116,136,104,32,0,183,89,119,66,167,254,149,254,223,255,239,255,239,191,95,28,2,4,12,0,12,0,136,128,112,104,88,0,64,0,0,0,2,254,6,254,0,0,0,0,0,36,6,130,6,0,0,0,0,0,1,9,3,5,120,0,0,16,0,0,16,60,255,0,0,0,0,0,0,0,0,0,0,0,0,0,0,0,0,126,252,128,251,54,251,13,251,98,249,38,255,32,255,70,255
2026-08-03_15-49-30,1,655,0,0.0,0,10.0,3,3,2,0,45,255,0,0,80,0,73,41,56,9,0,255,255,0,0,0,0,151,89,167,121,254,253,254,253,255,116,136,104,32,0,183,89,119,66,167,254,149,254,223,255,239,255,239,191,95,28,2,4,12,0,12,0,136,128,112,104,88,0,64,0,0,0,2,254,6,254,0,0,0,0,0,36,6,130,6,0,0,0,0,0,1,9,3,5,120,0,0,16,0,0,16,60,255,0,0,0,0,0,0,0,0,0,0,0,0,0,0,0,0,126,252,128,251,54,251,13,251,98,249,38,255,32,255,70,255,2,0,210,255,0,0,84,0,73,41,54,9,0,255,255,0,0,0,0,127,89,145,121,254,253,254,253,255,116,136,104,32,0,183,89,119,66,168,254,149,254,223,255,239,255,175,222,95,30,0,4,12,0,12,0,136,128,112,104,88,0,0,0,0,0,2,254,6,254,0,0,0,0,0,36,6,130,6,0,0,0,0,0,1,9,3,5,120,0,0,16,0,0,16,60,255,0,0,0,0,0,0,0,0,0,0,0,0,0,0,0,0,126,252,128,251,54,251,13,251,98,249,38,255,32,255,70,255
2026-08-03_15-49-30,1,656,0,0.0,0,10.0,3,3,2,0,210,255,0,0,84,0,73,41,54,9,0,255,255,0,0,0,0,127,89,145,121,254,253,254,253,255,116,136,104,32,0,183,89,119,66,168,254,149,254,223,255,239,255,175,222,95,30,0,4,12,0,12,0,136,128,112,104,88,0,0,0,0,0,2,254,6,254,0,0,0,0,0,36,6,130,6,0,0,0,0,0,1,9,3,5,120,0,0,16,0,0,16,60,255,0,0,0,0,0,0,0,0,0,0,0,0,0,0,0,0,126,252,128,251,54,251,13,251,98,249,38,255,32,255,70,255,2,0,34,255,0,0,88,0,73,41,53,9,0,255,255,0,0,0,0,151,89,171,121,254,253,254,253,255,116,136,104,32,0,183,89,119,66,168,254,149,254,223,255,239,255,175,222,95,30,0,4,12,0,12,0,136,128,112,104,88,0,192,0,0,0,2,254,6,254,0,0,0,0,0,36,6,130,6,0,0,0,0,0,1,9,3,5,120,0,0,16,0,0,16,60,255,0,0,0,0,0,0,0,0,0,0,0,0,0,0,0,0,126,252,128,251,54,251,13,251,98,249,38,255,32,255,70,255
2026-08-03_15-49-30,1,657,0,0.0,0,10.0,3,3,2,0,34,255,0,0,88,0,73,41,53,9,0,255,255,0,0,0,0,151,89,171,121,254,253,254,253,255,116,136,104,32,0,183,89,119,66,168,254,149,254,223,255,239,255,175,222,95,30,0,4,12,0,12,0,136,128,112,104,88,0,192,0,0,0,2,254,6,254,0,0,0,0,0,36,6,130,6,0,0,0,0,0,1,9,3,5,120,0,0,16,0,0,16,60,255,0,0,0,0,0,0,0,0,0,0,0,0,0,0,0,0,126,252,128,251,54,251,13,251,98,249,38,255,32,255,70,255,2,0,41,255,0,0,92,0,73,41,51,9,0,255,255,0,0,0,0,127,89,149,121,254,253,254,253,255,116,136,104,32,0,183,89,119,66,168,254,149,254,223,255,239,255,175,222,95,30,0,4,12,0,12,0,136,128,112,104,88,0,128,0,0,0,2,254,6,254,0,0,0,0,0,36,6,130,6,0,0,0,0,0,1,9,3,5,120,0,0,16,0,0,16,60,255,0,0,0,0,0,0,0,0,0,0,0,0,0,0,0,0,126,252,128,251,54,251,13,251,98,249,38,255,32,255,70,255
2026-08-03_15-49-30,1,658,0,0.0,0,10.0,3,3,2,0,41,255,0,0,92,0,73,41,51,9,0,255,255,0,0,0,0,127,89,149,121,254,253,254,253,255,116,136,104,32,0,183,89,119,66,168,254,149,254,223,255,239,255,175,222,95,30,0,4,12,0,12,0,136,128,112,104,88,0,128,0,0,0,2,254,6,254,0,0,0,0,0,36,6,130,6,0,0,0,0,0,1,9,3,5,120,0,0,16,0,0,16,60,255,0,0,0,0,0,0,0,0,0,0,0,0,0,0,0,0,126,252,128,251,54,251,13,251,98,249,38,255,32,255,70,255,2,0,149,255,0,0,96,0,73,41,49,9,0,255,255,0,0,0,0,151,89,174,121,254,253,254,253,255,116,136,104,32,0,183,89,119,66,174,254,149,254,223,255,239,255,175,222,95,30,0,4,12,0,12,0,136,128,112,104,88,0,64,0,0,0,2,254,6,254,0,0,0,0,0,36,6,130,6,0,0,0,0,0,1,9,3,5,120,0,0,16,0,0,16,60,255,0,0,0,0,0,0,0,0,0,0,0,0,0,0,0,0,126,252,128,251,54,251,13,251,98,249,38,255,32,255,70,255
2026-08-03_15-49-30,1,659,0,0.0,0,10.0,3,3,2,0,149,255,0,0,96,0,73,41,49,9,0,255,255,0,0,0,0,151,89,174,121,254,253,254,253,255,116,136,104,32,0,183,89,119,66,174,254,149,254,223,255,239,255,175,222,95,30,0,4,12,0,12,0,136,128,112,104,88,0,64,0,0,0,2,254,6,254,0,0,0,0,0,36,6,130,6,0,0,0,0,0,1,9,3,5,120,0,0,16,0,0,16,60,255,0,0,0,0,0,0,0,0,0,0,0,0,0,0,0,0,126,252,128,251,54,251,13,251,98,249,38,255,32,255,70,255,2,0,83,255,0,0,100,0,73,41,47,9,0,255,255,0,0,0,0,127,89,152,121,254,253,254,253,255,116,136,104,32,0,183,89,119,66,152,254,149,254,223,255,239,255,175,222,95,30,0,4,12,0,12,0,136,128,112,104,88,0,0,0,0,0,2,254,6,254,0,0,0,0,0,36,6,130,6,0,0,0,0,0,1,9,3,5,120,0,0,16,0,0,16,60,255,0,0,0,0,0,0,0,0,0,0,0,0,0,0,0,0,126,252,128,251,54,251,13,251,98,249,38,255,32,255,70,255
2026-08-03_15-49-30,1,660,0,0.0,0,10.0,3,3,2,0,83,255,0,0,100,0,73,41,47,9,0,255,255,0,0,0,0,127,89,152,121,254,253,254,253,255,116,136,104,32,0,183,89,119,66,152,254,149,254,223,255,239,255,175,222,95,30,0,4,12,0,12,0,136,128,112,104,88,0,0,0,0,0,2,254,6,254,0,0,0,0,0,36,6,130,6,0,0,0,0,0,1,9,3,5,120,0,0,16,0,0,16,60,255,0,0,0,0,0,0,0,0,0,0,0,0,0,0,0,0,126,252,128,251,54,251,13,251,98,249,38,255,32,255,70,255,2,0,59,255,0,0,104,0,73,41,46,9,0,255,255,0,0,0,0,151,89,178,121,254,253,254,253,255,116,136,104,32,0,183,89,119,66,176,254,149,254,223,255,239,255,175,222,95,30,0,4,12,0,12,0,136,128,112,104,88,0,192,0,0,0,2,254,6,254,0,0,0,0,0,36,6,130,6,0,0,0,0,0,1,9,3,5,120,0,0,16,0,0,16,60,255,0,0,0,0,0,0,0,0,0,0,0,0,0,0,0,0,126,252,128,251,54,251,13,251,98,249,38,255,32,255,70,255
2026-08-03_15-49-30,1,661,0,0.0,0,10.0,3,3,2,0,59,255,0,0,104,0,73,41,46,9,0,255,255,0,0,0,0,151,89,178,121,254,253,254,253,255,116,136,104,32,0,183,89,119,66,176,254,149,254,223,255,239,255,175,222,95,30,0,4,12,0,12,0,136,128,112,104,88,0,192,0,0,0,2,254,6,254,0,0,0,0,0,36,6,130,6,0,0,0,0,0,1,9,3,5,120,0,0,16,0,0,16,60,255,0,0,0,0,0,0,0,0,0,0,0,0,0,0,0,0,126,252,128,251,54,251,13,251,98,249,38,255,32,255,70,255,2,0,187,255,0,0,108,0,73,41,44,9,0,255,255,0,0,0,0,127,89,156,121,254,253,254,253,255,116,136,104,32,0,183,89,119,66,176,254,149,254,223,255,239,255,175,222,95,30,0,4,12,0,12,0,136,128,112,104,88,0,128,0,0,0,2,254,6,254,0,0,0,0,0,36,6,130,6,0,0,0,0,0,1,9,3,5,120,0,0,16,0,0,16,60,255,0,0,0,0,0,0,0,0,0,0,0,0,0,0,0,0,126,252,128,251,54,251,13,251,98,249,38,255,32,255,70,255
2026-08-03_15-49-30,1,662,0,0.0,0,10.0,3,3,2,0,187,255,0,0,108,0,73,41,44,9,0,255,255,0,0,0,0,127,89,156,121,254,253,254,253,255,116,136,104,32,0,183,89,119,66,176,254,149,254,223,255,239,255,175,222,95,30,0,4,12,0,12,0,136,128,112,104,88,0,128,0,0,0,2,254,6,254,0,0,0,0,0,36,6,130,6,0,0,0,0,0,1,9,3,5,120,0,0,16,0,0,16,60,255,0,0,0,0,0,0,0,0,0,0,0,0,0,0,0,0,126,252,128,251,54,251,13,251,98,249,38,255,32,255,70,255,2,0,179,255,0,0,112,0,73,41,42,9,0,255,255,0,0,0,0,151,89,181,121,254,253,254,253,255,116,136,104,32,0,183,89,119,66,151,254,181,254,223,255,239,255,175,222,95,30,0,4,12,0,12,0,136,128,112,104,88,0,64,0,0,0,2,254,6,254,0,0,0,0,0,36,6,130,6,0,0,0,0,0,1,9,3,5,120,0,0,16,0,0,16,60,255,0,0,0,0,0,0,0,0,0,0,0,0,0,0,0,0,126,252,128,251,54,251,13,251,98,249,38,255,32,255,70,255
2026-08-03_15-49-30,1,663,3,0.0,0,10.0,3,3,2,0,179,255,0,0,112,0,73,41,42,9,0,255,255,0,0,0,0,151,89,181,121,254,253,254,253,255,116,136,104,32,0,183,89,119,66,151,254,181,254,223,255,239,255,175,222,95,30,0,4,12,0,12,0,136,128,112,104,88,0,64,0,0,0,2,254,6,254,0,0,0,0,0,36,6,130,6,0,0,0,0,0,1,9,3,5,120,0,0,16,0,0,16,60,255,0,0,0,0,0,0,0,0,0,0,0,0,0,0,0,0,126,252,128,251,54,251,13,251,98,249,38,255,32,255,70,255,2,0,61,255,0,0,116,0,73,41,41,9,0,255,255,0,0,0,0,115,89,147,121,254,253,254,253,255,118,136,105,32,0,167,89,103,66,115,254,181,254,127,255,127,255,95,191,95,30,2,4,0,0,0,0,136,128,112,104,104,0,144,0,0,0,2,254,6,254,0,0,0,0,0,36,6,130,6,0,0,0,0,0,1,9,3,5,120,0,0,16,0,0,16,60,255,0,0,0,0,0,0,0,0,0,0,0,0,0,0,0,0,229,251,146,251,54,251,250,250,98,249,38,255,32,255,70,255
2026-08-03_15-49-30,1,664,3,0.0,0,10.0,3,3,2,0,61,255,0,0,116,0,73,41,41,9,0,255,255,0,0,0,0,115,89,147,121,254,253,254,253,255,118,136,105,32,0,167,89,103,66,115,254,181,254,127,255,127,255,95,191,95,30,2,4,0,0,0,0,136,128,112,104,104,0,144,0,0,0,2,254,6,254,0,0,0,0,0,36,6,130,6,0,0,0,0,0,1,9,3,5,120,0,0,16,0,0,16,60,255,0,0,0,0,0,0,0,0,0,0,0,0,0,0,0,0,229,251,146,251,54,251,250,250,98,249,38,255,32,255,70,255,2,0,223,255,0,0,120,0,73,41,41,9,0,255,255,0,0,0,0,139,89,171,121,254,253,254,253,255,120,136,107,32,0,104,89,87,66,139,254,181,254,127,255,127,255,95,191,95,30,0,4,0,0,0,0,136,128,112,104,136,0,80,0,0,0,2,254,6,254,0,0,0,0,0,36,6,130,6,0,0,0,0,0,1,9,3,5,120,0,0,16,0,0,16,60,255,0,0,0,0,0,0,0,0,0,0,0,0,0,0,0,0,229,251,146,251,54,251,250,250,98,249,38,255,32,255,70,255
2026-08-03_15-49-30,1,665,0,0.0,0,10.0,3,3,2,0,223,255,0,0,120,0,73,41,41,9,0,255,255,0,0,0,0,139,89,171,121,254,253,254,253,255,120,136,107,32,0,104,89,87,66,139,254,181,254,127,255,127,255,95,191,95,30,0,4,0,0,0,0,136,128,112,104,136,0,80,0,0,0,2,254,6,254,0,0,0,0,0,36,6,130,6,0,0,0,0,0,1,9,3,5,120,0,0,16,0,0,16,60,255,0,0,0,0,0,0,0,0,0,0,0,0,0,0,0,0,229,251,146,251,54,251,250,250,98,249,38,255,32,255,70,255,2,0,250,255,0,0,124,0,73,41,41,9,0,255,255,0,0,0,0,115,89,147,121,254,253,254,253,255,122,136,109,32,0,72,89,55,66,115,254,181,254,127,255,127,255,95,191,95,29,2,4,0,0,0,0,136,128,112,104,168,0,16,0,0,0,2,254,6,254,0,0,0,0,0,36,6,130,6,0,0,0,0,0,1,9,3,5,120,0,0,16,0,0,16,60,255,0,0,0,0,0,0,0,0,0,0,0,0,0,0,0,0,229,251,146,251,54,251,250,250,98,249,38,255,32,255,70,255
2026-08-03_15-49-30,1,666,0,0.0,0,10.0,3,3,2,0,250,255,0,0,124,0,73,41,41,9,0,255,255,0,0,0,0,115,89,147,121,254,253,254,253,255,122,136,109,32,0,72,89,55,66,115,254,181,254,127,255,127,255,95,191,95,29,2,4,0,0,0,0,136,128,112,104,168,0,16,0,0,0,2,254,6,254,0,0,0,0,0,36,6,130,6,0,0,0,0,0,1,9,3,5,120,0,0,16,0,0,16,60,255,0,0,0,0,0,0,0,0,0,0,0,0,0,0,0,0,229,251,146,251,54,251,250,250,98,249,38,255,32,255,70,255,2,0,166,255,0,0,128,0,73,41,41,9,0,255,255,0,0,0,0,139,89,171,121,254,253,254,253,255,124,136,110,32,0,40,89,23,66,139,254,181,254,127,255,127,255,95,191,95,29,0,4,0,0,0,0,136,128,112,104,64,0,208,0,0,0,2,254,6,254,0,0,0,0,0,36,6,130,6,0,0,0,0,0,1,9,3,5,208,0,0,16,0,0,16,60,255,0,0,0,0,0,0,0,0,0,0,0,0,0,0,0,0,229,251,146,251,54,251,250,250,98,249,38,255,32,255,70,255
2026-08-03_15-49-30,1,667,0,0.0,0,10.0,3,3,2,0,166,255,0,0,128,0,73,41,41,9,0,255,255,0,0,0,0,139,89,171,121,254,253,254,253,255,124,136,110,32,0,40,89,23,66,139,254,181,254,127,255,127,255,95,191,95,29,0,4,0,0,0,0,136,128,112,104,64,0,208,0,0,0,2,254,6,254,0,0,0,0,0,36,6,130,6,0,0,0,0,0,1,9,3,5,208,0,0,16,0,0,16,60,255,0,0,0,0,0,0,0,0,0,0,0,0,0,0,0,0,229,251,146,251,54,251,250,250,98,249,38,255,32,255,70,255,2,0,102,255,0,0,132,0,73,41,41,9,0,255,255,0,0,0,0,115,89,147,121,254,253,254,253,255,124,136,112,32,0,40,89,247,66,115,254,181,254,127,255,127,255,95,191,95,29,2,4,0,0,0,0,136,128,112,104,64,0,144,0,0,0,2,254,6,254,0,0,0,0,0,36,6,130,6,0,0,0,0,0,1,9,3,5,208,0,0,16,0,0,16,60,255,0,0,0,0,0,0,0,0,0,0,0,0,0,0,0,0,229,251,146,251,54,251,250,250,98,249,38,255,32,255,70,255
2026-08-03_15-49-30,1,668,0,0.0,0,10.0,3,3,2,0,102,255,0,0,132,0,73,41,41,9,0,255,255,0,0,0,0,115,89,147,121,254,253,254,253,255,124,136,112,32,0,40,89,247,66,115,254,181,254,127,255,127,255,95,191,95,29,2,4,0,0,0,0,136,128,112,104,64,0,144,0,0,0,2,254,6,254,0,0,0,0,0,36,6,130,6,0,0,0,0,0,1,9,3,5,208,0,0,16,0,0,16,60,255,0,0,0,0,0,0,0,0,0,0,0,0,0,0,0,0,229,251,146,251,54,251,250,250,98,249,38,255,32,255,70,255,2,0,106,255,0,0,136,0,73,41,41,9,0,255,255,0,0,0,0,139,89,171,121,254,253,254,253,255,124,136,114,32,0,40,89,231,66,139,254,181,254,127,255,127,255,95,191,95,29,0,4,0,0,0,0,136,128,112,104,64,0,80,0,0,0,2,254,6,254,0,0,0,0,0,36,6,130,6,0,0,0,0,0,1,9,3,5,208,0,0,16,0,0,16,60,255,0,0,0,0,0,0,0,0,0,0,0,0,0,0,0,0,229,251,146,251,54,251,250,250,98,249,38,255,32,255,70,255
2026-08-03_15-49-30,1,669,0,0.0,0,10.0,3,3,2,0,106,255,0,0,136,0,73,41,41,9,0,255,255,0,0,0,0,139,89,171,121,254,253,254,253,255,124,136,114,32,0,40,89,231,66,139,254,181,254,127,255,127,255,95,191,95,29,0,4,0,0,0,0,136,128,112,104,64,0,80,0,0,0,2,254,6,254,0,0,0,0,0,36,6,130,6,0,0,0,0,0,1,9,3,5,208,0,0,16,0,0,16,60,255,0,0,0,0,0,0,0,0,0,0,0,0,0,0,0,0,229,251,146,251,54,251,250,250,98,249,38,255,32,255,70,255,2,0,163,255,0,0,140,0,73,41,41,9,0,255,255,0,0,0,0,115,89,147,121,254,253,254,253,255,124,136,116,32,0,40,89,199,66,115,254,181,254,127,255,127,255,95,191,95,29,0,4,0,0,0,0,136,128,112,104,64,0,16,0,0,0,2,254,6,254,0,0,0,0,0,36,6,130,6,0,0,0,0,0,1,9,3,5,208,0,0,16,0,0,16,60,255,0,0,0,0,0,0,0,0,0,0,0,0,0,0,0,0,229,251,146,251,54,251,250,250,98,249,38,255,32,255,70,255
2026-08-03_15-49-30,1,670,0,0.0,0,10.0,3,3,2,0,163,255,0,0,140,0,73,41,41,9,0,255,255,0,0,0,0,115,89,147,121,254,253,254,253,255,124,136,116,32,0,40,89,199,66,115,254,181,254,127,255,127,255,95,191,95,29,0,4,0,0,0,0,136,128,112,104,64,0,16,0,0,0,2,254,6,254,0,0,0,0,0,36,6,130,6,0,0,0,0,0,1,9,3,5,208,0,0,16,0,0,16,60,255,0,0,0,0,0,0,0,0,0,0,0,0,0,0,0,0,229,251,146,251,54,251,250,250,98,249,38,255,32,255,70,255,2,0,48,255,0,0,144,0,73,41,42,9,0,255,255,0,0,0,0,139,89,182,121,254,253,254,253,255,124,136,116,32,0,40,89,183,66,139,254,181,254,127,255,223,255,95,239,95,31,0,4,0,0,12,0,136,128,112,104,64,0,208,0,0,0,2,254,6,254,0,0,0,0,0,36,6,130,6,0,0,0,0,0,1,9,3,5,208,0,0,16,0,0,16,60,255,0,0,0,0,0,0,0,0,0,0,0,0,0,0,0,0,198,252,118,251,54,251,250,250,98,249,38,255,32,255,70,255
2026-08-03_15-49-30,1,671,0,0.0,0,10.0,3,3,2,0,48,255,0,0,144,0,73,41,42,9,0,255,255,0,0,0,0,139,89,182,121,254,253,254,253,255,124,136,116,32,0,40,89,183,66,139,254,181,254,127,255,223,255,95,239,95,31,0,4,0,0,12,0,136,128,112,104,64,0,208,0,0,0,2,254,6,254,0,0,0,0,0,36,6,130,6,0,0,0,0,0,1,9,3,5,208,0,0,16,0,0,16,60,255,0,0,0,0,0,0,0,0,0,0,0,0,0,0,0,0,198,252,118,251,54,251,250,250,98,249,38,255,32,255,70,255,2,0,7,255,0,0,148,0,73,41,44,9,0,255,255,0,0,0,0,115,89,156,121,254,253,254,253,255,124,136,116,32,0,40,89,183,66,176,254,149,254,127,255,223,255,95,239,95,31,0,4,0,0,12,0,136,128,112,104,64,0,144,0,0,0,2,254,6,254,0,0,0,0,0,36,6,130,6,0,0,0,0,0,1,9,3,5,208,0,0,16,0,0,16,60,255,0,0,0,0,0,0,0,0,0,0,0,0,0,0,0,0,198,252,118,251,54,251,250,250,98,249,38,255,32,255,70,255
2026-08-03_15-49-30,1,672,0,0.0,0,10.0,3,3,2,0,7,255,0,0,148,0,73,41,44,9,0,255,255,0,0,0,0,115,89,156,121,254,253,254,253,255,124,136,116,32,0,40,89,183,66,176,254,149,254,127,255,223,255,95,239,95,31,0,4,0,0,12,0,136,128,112,104,64,0,144,0,0,0,2,254,6,254,0,0,0,0,0,36,6,130,6,0,0,0,0,0,1,9,3,5,208,0,0,16,0,0,16,60,255,0,0,0,0,0,0,0,0,0,0,0,0,0,0,0,0,198,252,118,251,54,251,250,250,98,249,38,255,32,255,70,255,2,0,117,255,0,0,152,0,73,41,46,9,0,255,255,0,0,0,0,139,89,179,121,254,253,254,253,255,124,136,116,32,0,40,89,183,66,176,254,149,254,127,255,223,255,95,239,95,33,0,4,12,0,12,0,136,128,112,104,200,0,80,0,0,0,2,254,6,254,0,0,0,0,0,36,6,130,6,0,0,0,0,0,1,9,3,5,208,0,0,16,0,0,16,60,255,0,0,0,0,0,0,0,0,0,0,0,0,0,0,0,0,198,252,118,251,54,251,250,250,98,249,38,255,32,255,70,255
2026-08-03_15-49-30,1,673,5,0.0,0,10.0,3,3,2,0,117,255,0,0,152,0,73,41,46,9,0,255,255,0,0,0,0,139,89,179,121,254,253,254,253,255,124,136,116,32,0,40,89,183,66,176,254,149,254,127,255,223,255,95,239,95,33,0,4,12,0,12,0,136,128,112,104,200,0,80,0,0,0,2,254,6,254,0,0,0,0,0,36,6,130,6,0,0,0,0,0,1,9,3,5,208,0,0,16,0,0,16,60,255,0,0,0,0,0,0,0,0,0,0,0,0,0,0,0,0,198,252,118,251,54,251,250,250,98,249,38,255,32,255,70,255,2,0,85,255,0,0,156,0,75,41,48,9,0,255,255,0,0,0,0,125,89,153,121,254,253,254,253,255,124,136,116,32,0,40,89,183,66,176,254,125,254,223,255,223,255,95,239,95,33,0,4,12,0,12,0,136,128,112,104,232,0,16,0,0,0,2,254,6,254,0,0,0,0,0,36,6,130,6,0,0,0,0,0,1,9,3,5,208,0,0,16,0,0,16,60,255,0,0,0,0,0,0,0,0,0,0,0,0,0,0,0,0,198,252,118,251,54,251,250,250,98,249,38,255,32,255,70,255
2026-08-03_15-49-30,1,674,5,0.0,0,10.0,3,3,2,0,85,255,0,0,156,0,75,41,48,9,0,255,255,0,0,0,0,125,89,153,121,254,253,254,253,255,124,136,116,32,0,40,89,183,66,176,254,125,254,223,255,223,255,95,239,95,33,0,4,12,0,12,0,136,128,112,104,232,0,16,0,0,0,2,254,6,254,0,0,0,0,0,36,6,130,6,0,0,0,0,0,1,9,3,5,208,0,0,16,0,0,16,60,255,0,0,0,0,0,0,0,0,0,0,0,0,0,0,0,0,198,252,118,251,54,251,250,250,98,249,38,255,32,255,70,255,2,0,95,255,0,0,160,0,78,41,49,9,0,255,255,0,0,0,0,147,89,175,121,254,253,254,253,255,124,136,116,32,0,40,89,183,66,175,254,147,254,223,255,223,255,95,239,95,31,2,4,12,0,12,0,136,128,112,104,8,0,208,0,0,0,2,254,6,254,0,0,0,0,0,36,6,130,6,0,0,0,0,0,1,9,3,5,208,0,0,16,0,0,16,60,255,0,0,0,0,0,0,0,0,0,0,0,0,0,0,0,0,198,252,118,251,54,251,250,250,98,249,38,255,32,255,70,255
2026-08-03_15-49-30,1,675,0,0.0,0,10.0,3,3,2,0,95,255,0,0,160,0,78,41,49,9,0,255,255,0,0,0,0,147,89,175,121,254,253,254,253,255,124,136,116,32,0,40,89,183,66,175,254,147,254,223,255,223,255,95,239,95,31,2,4,12,0,12,0,136,128,112,104,8,0,208,0,0,0,2,254,6,254,0,0,0,0,0,36,6,130,6,0,0,0,0,0,1,9,3,5,208,0,0,16,0,0,16,60,255,0,0,0,0,0,0,0,0,0,0,0,0,0,0,0,0,198,252,118,251,54,251,250,250,98,249,38,255,32,255,70,255,2,0,242,255,0,0,164,0,80,41,51,9,0,255,255,0,0,0,0,121,89,149,121,254,253,254,253,255,124,136,116,32,0,40,89,183,66,168,254,141,254,223,255,223,255,95,239,95,31,2,4,12,0,12,0,136,128,112,104,40,0,144,0,0,0,2,254,6,254,0,0,0,0,0,36,6,130,6,0,0,0,0,0,1,9,3,5,208,0,0,16,0,0,16,60,255,0,0,0,0,0,0,0,0,0,0,0,0,0,0,0,0,198,252,118,251,54,251,250,250,98,249,38,255,32,255,70,255
2026-08-03_15-49-30,1,676,0,0.0,0,10.0,3,3,2,0,242,255,0,0,164,0,80,41,51,9,0,255,255,0,0,0,0,121,89,149,121,254,253,254,253,255,124,136,116,32,0,40,89,183,66,168,254,141,254,223,255,223,255,95,239,95,31,2,4,12,0,12,0,136,128,112,104,40,0,144,0,0,0,2,254,6,254,0,0,0,0,0,36,6,130,6,0,0,0,0,0,1,9,3,5,208,0,0,16,0,0,16,60,255,0,0,0,0,0,0,0,0,0,0,0,0,0,0,0,0,198,252,118,251,54,251,250,250,98,249,38,255,32,255,70,255,2,0,40,255,0,0,168,0,82,41,53,9,0,255,255,0,0,0,0,143,89,172,121,254,253,254,253,255,124,136,116,32,0,40,89,183,66,168,254,141,254,223,255,223,255,95,239,95,33,0,4,12,0,12,0,136,128,112,104,72,0,80,0,0,0,2,254,6,254,0,0,0,0,0,36,6,130,6,0,0,0,0,0,1,9,3,5,208,0,0,16,0,0,16,60,255,0,0,0,0,0,0,0,0,0,0,0,0,0,0,0,0,198,252,118,251,54,251,250,250,98,249,38,255,32,255,70,255
2026-08-03_15-49-30,1,677,0,0.0,0,10.0,3,3,2,0,40,255,0,0,168,0,82,41,53,9,0,255,255,0,0,0,0,143,89,172,121,254,253,254,253,255,124,136,116,32,0,40,89,183,66,168,254,141,254,223,255,223,255,95,239,95,33,0,4,12,0,12,0,136,128,112,104,72,0,80,0,0,0,2,254,6,254,0,0,0,0,0,36,6,130,6,0,0,0,0,0,1,9,3,5,208,0,0,16,0,0,16,60,255,0,0,0,0,0,0,0,0,0,0,0,0,0,0,0,0,198,252,118,251,54,251,250,250,98,249,38,255,32,255,70,255,2,0,132,255,0,0,172,0,84,41,55,9,0,255,255,0,0,0,0,117,89,146,121,254,253,254,253,255,124,136,116,32,0,40,89,183,66,168,254,117,254,223,255,223,255,95,239,95,33,0,4,12,0,12,0,136,128,112,104,104,0,16,0,0,0,2,254,6,254,0,0,0,0,0,36,6,130,6,0,0,0,0,0,1,9,3,5,208,0,0,16,0,0,16,60,255,0,0,0,0,0,0,0,0,0,0,0,0,0,0,0,0,198,252,118,251,54,251,250,250,98,249,38,255,32,255,70,255
2026-08-03_15-49-30,1,678,0,0.0,0,10.0,3,3,2,0,132,255,0,0,172,0,84,41,55,9,0,255,255,0,0,0,0,117,89,146,121,254,253,254,253,255,124,136,116,32,0,40,89,183,66,168,254,117,254,223,255,223,255,95,239,95,33,0,4,12,0,12,0,136,128,112,104,104,0,16,0,0,0,2,254,6,254,0,0,0,0,0,36,6,130,6,0,0,0,0,0,1,9,3,5,208,0,0,16,0,0,16,60,255,0,0,0,0,0,0,0,0,0,0,0,0,0,0,0,0,198,252,118,251,54,251,250,250,98,249,38,255,32,255,70,255,2,0,79,255,0,0,176,0,86,41,56,9,0,255,255,0,0,0,0,138,89,168,121,254,253,254,253,255,124,136,116,32,0,40,89,183,66,168,254,138,254,223,255,223,255,95,239,95,33,0,4,12,0,12,0,136,128,112,104,136,0,208,0,0,0,2,254,6,254,0,0,0,0,0,36,6,130,6,0,0,0,0,0,1,9,3,5,208,0,0,16,0,0,16,60,255,0,0,0,0,0,0,0,0,0,0,0,0,0,0,0,0,198,252,118,251,54,251,250,250,98,249,38,255,32,255,70,255
2026-08-03_15-49-30,1,679,0,0.0,0,10.0,3,3,2,0,79,255,0,0,176,0,86,41,56,9,0,255,255,0,0,0,0,138,89,168,121,254,253,254,253,255,124,136,116,32,0,40,89,183,66,168,254,138,254,223,255,223,255,95,239,95,33,0,4,12,0,12,0,136,128,112,104,136,0,208,0,0,0,2,254,6,254,0,0,0,0,0,36,6,130,6,0,0,0,0,0,1,9,3,5,208,0,0,16,0,0,16,60,255,0,0,0,0,0,0,0,0,0,0,0,0,0,0,0,0,198,252,118,251,54,251,250,250,98,249,38,255,32,255,70,255,2,0,255,255,0,0,180,0,88,41,58,9,0,255,255,0,0,0,0,112,89,142,121,254,253,254,253,255,124,136,116,32,0,40,89,183,66,142,254,133,254,223,255,223,255,95,239,95,31,2,4,12,0,12,0,136,128,112,104,168,0,144,0,0,0,2,254,6,254,0,0,0,0,0,36,6,130,6,0,0,0,0,0,1,9,3,5,208,0,0,16,0,0,16,60,255,0,0,0,0,0,0,0,0,0,0,0,0,0,0,0,0,198,252,118,251,54,251,250,250,98,249,38,255,32,255,70,255
2026-08-03_15-49-30,1,680,0,0.0,0,10.0,3,3,2,0,255,255,0,0,180,0,88,41,58,9,0,255,255,0,0,0,0,112,89,142,121,254,253,254,253,255,124,136,116,32,0,40,89,183,66,142,254,133,254,223,255,223,255,95,239,95,31,2,4,12,0,12,0,136,128,112,104,168,0,144,0,0,0,2,254,6,254,0,0,0,0,0,36,6,130,6,0,0,0,0,0,1,9,3,5,208,0,0,16,0,0,16,60,255,0,0,0,0,0,0,0,0,0,0,0,0,0,0,0,0,198,252,118,251,54,251,250,250,98,249,38,255,32,255,70,255,2,0,240,255,0,0,184,0,90,41,60,9,0,255,255,0,0,0,0,134,89,165,121,254,253,254,253,255,124,136,116,32,0,40,89,183,66,165,254,133,254,223,255,223,255,95,239,95,33,0,4,12,0,12,0,136,128,112,104,200,0,80,0,0,0,2,254,6,254,0,0,0,0,0,36,6,130,6,0,0,0,0,0,1,9,3,5,208,0,0,16,0,0,16,60,255,0,0,0,0,0,0,0,0,0,0,0,0,0,0,0,0,198,252,118,251,54,251,250,250,98,249,38,255,32,255,70,255
2026-08-03_15-49-30,1,681,0,0.0,0,10.0,3,3,2,0,240,255,0,0,184,0,90,41,60,9,0,255,255,0,0,0,0,134,89,165,121,254,253,254,253,255,124,136,116,32,0,40,89,183,66,165,254,133,254,223,255,223,255,95,239,95,33,0,4,12,0,12,0,136,128,112,104,200,0,80,0,0,0,2,254,6,254,0,0,0,0,0,36,6,130,6,0,0,0,0,0,1,9,3,5,208,0,0,16,0,0,16,60,255,0,0,0,0,0,0,0,0,0,0,0,0,0,0,0,0,198,252,118,251,54,251,250,250,98,249,38,255,32,255,70,255,2,0,11,255,0,0,188,0,92,41,62,9,0,255,255,0,0,0,0,108,89,139,121,254,253,254,253,255,124,136,116,32,0,40,89,183,66,160,254,108,254,223,255,223,255,95,239,95,33,0,4,12,0,12,0,136,128,112,104,232,0,16,0,0,0,2,254,6,254,0,0,0,0,0,36,6,130,6,0,0,0,0,0,1,9,3,5,208,0,0,16,0,0,16,60,255,0,0,0,0,0,0,0,0,0,0,0,0,0,0,0,0,198,252,118,251,54,251,250,250,98,249,38,255,32,255,70,255
2026-08-03_15-49-30,1,682,0,0.0,0,10.0,3,3,2,0,11,255,0,0,188,0,92,41,62,9,0,255,255,0,0,0,0,108,89,139,121,254,253,254,253,255,124,136,116,32,0,40,89,183,66,160,254,108,254,223,255,223,255,95,239,95,33,0,4,12,0,12,0,136,128,112,104,232,0,16,0,0,0,2,254,6,254,0,0,0,0,0,36,6,130,6,0,0,0,0,0,1,9,3,5,208,0,0,16,0,0,16,60,255,0,0,0,0,0,0,0,0,0,0,0,0,0,0,0,0,198,252,118,251,54,251,250,250,98,249,38,255,32,255,70,255,2,0,188,255,0,0,192,0,95,41,63,9,0,255,255,0,0,0,0,130,89,161,121,254,253,254,253,255,124,136,116,32,0,40,89,183,66,160,254,130,254,223,255,223,255,95,239,95,33,0,4,12,0,12,0,136,128,112,104,8,0,208,0,0,0,2,254,6,254,0,0,0,0,0,36,6,130,6,0,0,0,0,0,1,9,3,5,208,0,0,16,0,0,16,60,255,0,0,0,0,0,0,0,0,0,0,0,0,0,0,0,0,198,252,118,251,54,251,250,250,98,249,38,255,32,255,70,255
2026-08-03_15-49-30,1,683,0,0.0,0,10.0,3,3,2,0,188,255,0,0,192,0,95,41,63,9,0,255,255,0,0,0,0,130,89,161,121,254,253,254,253,255,124,136,116,32,0,40,89,183,66,160,254,130,254,223,255,223,255,95,239,95,33,0,4,12,0,12,0,136,128,112,104,8,0,208,0,0,0,2,254,6,254,0,0,0,0,0,36,6,130,6,0,0,0,0,0,1,9,3,5,208,0,0,16,0,0,16,60,255,0,0,0,0,0,0,0,0,0,0,0,0,0,0,0,0,198,252,118,251,54,251,250,250,98,249,38,255,32,255,70,255,2,0,198,255,0,0,196,0,97,41,65,9,0,255,255,0,0,0,0,104,89,135,121,254,253,254,253,255,124,136,116,32,0,40,89,183,66,135,254,125,254,223,255,223,255,95,239,95,31,2,4,12,0,12,0,136,128,112,104,40,0,144,0,0,0,2,254,6,254,0,0,0,0,0,36,6,130,6,0,0,0,0,0,1,9,3,5,208,0,0,16,0,0,16,60,255,0,0,0,0,0,0,0,0,0,0,0,0,0,0,0,0,198,252,118,251,54,251,250,250,98,249,38,255,32,255,70,255
2026-08-03_15-49-30,1,684,0,0.0,0,10.0,3,3,2,0,198,255,0,0,196,0,97,41,65,9,0,255,255,0,0,0,0,104,89,135,121,254,253,254,253,255,124,136,116,32,0,40,89,183,66,135,254,125,254,223,255,223,255,95,239,95,31,2,4,12,0,12,0,136,128,112,104,40,0,144,0,0,0,2,254,6,254,0,0,0,0,0,36,6,130,6,0,0,0,0,0,1,9,3,5,208,0,0,16,0,0,16,60,255,0,0,0,0,0,0,0,0,0,0,0,0,0,0,0,0,198,252,118,251,54,251,250,250,98,249,38,255,32,255,70,255,2,0,104,255,0,0,200,0,99,41,67,9,0,255,255,0,0,0,0,126,89,158,121,254,253,254,253,255,124,136,116,32,0,40,89,183,66,158,254,125,254,223,255,223,255,95,239,95,33,0,4,12,0,12,0,136,128,112,104,72,0,80,0,0,0,2,254,6,254,0,0,0,0,0,36,6,130,6,0,0,0,0,0,1,9,3,5,208,0,0,16,0,0,16,60,255,0,0,0,0,0,0,0,0,0,0,0,0,0,0,0,0,198,252,118,251,54,251,250,250,98,249,38,255,32,255,70,255
2026-08-03_15-49-30,1,685,0,0.0,0,10.0,3,3,2,0,104,255,0,0,200,0,99,41,67,9,0,255,255,0,0,0,0,126,89,158,121,254,253,254,253,255,124,136,116,32,0,40,89,183,66,158,254,125,254,223,255,223,255,95,239,95,33,0,4,12,0,12,0,136,128,112,104,72,0,80,0,0,0,2,254,6,254,0,0,0,0,0,36,6,130,6,0,0,0,0,0,1,9,3,5,208,0,0,16,0,0,16,60,255,0,0,0,0,0,0,0,0,0,0,0,0,0,0,0,0,198,252,118,251,54,251,250,250,98,249,38,255,32,255,70,255,2,0,128,255,0,0,204,0,101,41,69,9,0,255,255,0,0,0,0,100,89,132,121,254,253,254,253,255,124,136,116,32,0,40,89,183,66,152,254,100,254,223,255,223,255,95,239,95,33,0,4,12,0,12,0,136,128,112,104,104,0,16,0,0,0,2,254,6,254,0,0,0,0,0,36,6,130,6,0,0,0,0,0,1,9,3,5,208,0,0,16,0,0,16,60,255,0,0,0,0,0,0,0,0,0,0,0,0,0,0,0,0,198,252,118,251,54,251,250,250,98,249,38,255,32,255,70,255
2026-08-03_15-49-30,1,686,0,0.0,0,10.0,3,3,2,0,128,255,0,0,204,0,101,41,69,9,0,255,255,0,0,0,0,100,89,132,121,254,253,254,253,255,124,136,116,32,0,40,89,183,66,152,254,100,254,223,255,223,255,95,239,95,33,0,4,12,0,12,0,136,128,112,104,104,0,16,0,0,0,2,254,6,254,0,0,0,0,0,36,6,130,6,0,0,0,0,0,1,9,3,5,208,0,0,16,0,0,16,60,255,0,0,0,0,0,0,0,0,0,0,0,0,0,0,0,0,198,252,118,251,54,251,250,250,98,249,38,255,32,255,70,255,2,0,8,255,0,0,208,0,103,41,70,9,0,255,255,0,0,0,0,121,89,154,121,254,253,254,253,255,124,136,116,32,0,40,89,183,66,152,254,117,254,223,255,223,255,95,239,95,33,0,4,12,0,12,0,136,128,112,104,136,0,208,0,0,0,2,254,6,254,0,0,0,0,0,36,6,130,6,0,0,0,0,0,1,9,3,5,208,0,0,16,0,0,16,60,255,0,0,0,0,0,0,0,0,0,0,0,0,0,0,0,0,198,252,118,251,54,251,250,250,98,249,38,255,32,255,70,255
2026-08-03_15-49-30,1,687,0,0.0,0,10.0,3,3,2,0,8,255,0,0,208,0,103,41,70,9,0,255,255,0,0,0,0,121,89,154,121,254,253,254,253,255,124,136,116,32,0,40,89,183,66,152,254,117,254,223,255,223,255,95,239,95,33,0,4,12,0,12,0,136,128,112,104,136,0,208,0,0,0,2,254,6,254,0,0,0,0,0,36,6,130,6,0,0,0,0,0,1,9,3,5,208,0,0,16,0,0,16,60,255,0,0,0,0,0,0,0,0,0,0,0,0,0,0,0,0,198,252,118,251,54,251,250,250,98,249,38,255,32,255,70,255,2,0,142,255,0,0,212,0,105,41,72,9,0,255,255,0,0,0,0,95,89,128,121,254,253,254,253,255,124,136,116,32,0,40,89,183,66,128,254,117,254,223,255,223,255,95,239,95,33,0,4,12,0,12,0,136,128,112,104,168,0,144,0,0,0,2,254,6,254,0,0,0,0,0,36,6,130,6,0,0,0,0,0,1,9,3,5,208,0,0,16,0,0,16,60,255,0,0,0,0,0,0,0,0,0,0,0,0,0,0,0,0,198,252,118,251,54,251,250,250,98,249,38,255,32,255,70,255
2026-08-03_15-49-30,1,688,0,0.0,0,10.0,3,3,2,0,142,255,0,0,212,0,105,41,72,9,0,255,255,0,0,0,0,95,89,128,121,254,253,254,253,255,124,136,116,32,0,40,89,183,66,128,254,117,254,223,255,223,255,95,239,95,33,0,4,12,0,12,0,136,128,112,104,168,0,144,0,0,0,2,254,6,254,0,0,0,0,0,36,6,130,6,0,0,0,0,0,1,9,3,5,208,0,0,16,0,0,16,60,255,0,0,0,0,0,0,0,0,0,0,0,0,0,0,0,0,198,252,118,251,54,251,250,250,98,249,38,255,32,255,70,255,2,0,226,255,0,0,216,0,107,41,73,9,0,255,255,0,0,0,0,117,89,139,121,254,253,254,253,255,124,136,117,32,0,40,89,167,66,139,254,117,254,223,255,127,255,95,191,95,30,2,4,12,0,0,0,136,128,112,104,200,0,224,0,0,0,2,254,6,254,0,0,0,0,0,36,6,130,6,0,0,0,0,0,1,9,3,5,208,0,0,16,0,0,16,60,255,0,0,0,0,0,0,0,0,0,0,0,0,0,0,0,0,229,251,146,251,54,251,250,250,98,249,38,255,32,255,70,255
2026-08-03_15-49-30,1,689,0,0.0,0,10.0,3,3,2,0,226,255,0,0,216,0,107,41,73,9,0,255,255,0,0,0,0,117,89,139,121,254,253,254,253,255,124,136,117,32,0,40,89,167,66,139,254,117,254,223,255,127,255,95,191,95,30,2,4,12,0,0,0,136,128,112,104,200,0,224,0,0,0,2,254,6,254,0,0,0,0,0,36,6,130,6,0,0,0,0,0,1,9,3,5,208,0,0,16,0,0,16,60,255,0,0,0,0,0,0,0,0,0,0,0,0,0,0,0,0,229,251,146,251,54,251,250,250,98,249,38,255,32,255,70,255,2,0,37,255,0,0,220,0,109,41,73,9,0,255,255,0,0,0,0,91,89,115,121,254,253,254,253,255,124,136,119,32,0,40,89,120,66,115,254,91,254,223,255,127,255,95,191,95,30,2,4,12,0,0,0,136,128,112,104,232,0,160,0,0,0,2,254,6,254,0,0,0,0,0,36,6,130,6,0,0,0,0,0,1,9,3,5,208,0,0,16,0,0,16,60,255,0,0,0,0,0,0,0,0,0,0,0,0,0,0,0,0,229,251,146,251,54,251,250,250,98,249,38,255,32,255,70,255
2026-08-03_15-49-30,1,690,0,0.0,0,10.0,3,3,2,0,37,255,0,0,220,0,109,41,73,9,0,255,255,0,0,0,0,91,89,115,121,254,253,254,253,255,124,136,119,32,0,40,89,120,66,115,254,91,254,223,255,127,255,95,191,95,30,2,4,12,0,0,0,136,128,112,104,232,0,160,0,0,0,2,254,6,254,0,0,0,0,0,36,6,130,6,0,0,0,0,0,1,9,3,5,208,0,0,16,0,0,16,60,255,0,0,0,0,0,0,0,0,0,0,0,0,0,0,0,0,229,251,146,251,54,251,250,250,98,249,38,255,32,255,70,255,2,0,92,255,0,0,224,0,112,41,73,9,0,255,255,0,0,0,0,113,89,139,121,254,253,254,253,255,124,136,121,32,0,40,89,104,66,139,254,109,254,223,255,127,255,95,191,95,31,2,4,12,0,0,0,136,128,112,104,8,0,96,0,0,0,2,254,6,254,0,0,0,0,0,36,6,130,6,0,0,0,0,0,1,9,3,5,208,0,0,16,0,0,16,60,255,0,0,0,0,0,0,0,0,0,0,0,0,0,0,0,0,229,251,146,251,54,251,250,250,98,249,38,255,32,255,70,255
2026-08-03_15-49-30,1,691,0,0.0,0,10.0,3,3,2,0,92,255,0,0,224,0,112,41,73,9,0,255,255,0,0,0,0,113,89,139,121,254,253,254,253,255,124,136,121,32,0,40,89,104,66,139,254,109,254,223,255,127,255,95,191,95,31,2,4,12,0,0,0,136,128,112,104,8,0,96,0,0,0,2,254,6,254,0,0,0,0,0,36,6,130,6,0,0,0,0,0,1,9,3,5,208,0,0,16,0,0,16,60,255,0,0,0,0,0,0,0,0,0,0,0,0,0,0,0,0,229,251,146,251,54,251,250,250,98,249,38,255,32,255,70,255,2,0,192,255,0,0,228,0,113,41,73,9,0,255,255,0,0,0,0,87,89,115,121,254,253,254,253,255,124,136,123,32,0,40,89,72,66,115,254,109,254,223,255,127,255,95,191,95,32,0,4,12,0,0,0,136,128,112,104,24,0,32,0,0,0,2,254,6,254,0,0,0,0,0,36,6,130,6,0,0,0,0,0,1,9,3,5,208,0,0,16,0,0,16,60,255,0,0,0,0,0,0,0,0,0,0,0,0,0,0,0,0,229,251,146,251,54,251,250,250,98,249,38,255,32,255,70,255
2026-08-03_15-49-30,1,692,0,0.0,0,10.0,3,3,2,0,192,255,0,0,228,0,113,41,73,9,0,255,255,0,0,0,0,87,89,115,121,254,253,254,253,255,124,136,123,32,0,40,89,72,66,115,254,109,254,223,255,127,255,95,191,95,32,0,4,12,0,0,0,136,128,112,104,24,0,32,0,0,0,2,254,6,254,0,0,0,0,0,36,6,130,6,0,0,0,0,0,1,9,3,5,208,0,0,16,0,0,16,60,255,0,0,0,0,0,0,0,0,0,0,0,0,0,0,0,0,229,251,146,251,54,251,250,250,98,249,38,255,32,255,70,255,2,0,12,255,0,0,232,0,113,41,73,9,0,255,255,0,0,0,0,111,89,151,121,254,253,254,253,255,124,136,124,32,0,40,89,40,66,151,254,109,254,223,255,127,255,223,191,159,33,2,4,12,0,12,0,136,128,112,104,24,0,224,0,0,0,2,254,6,254,0,0,0,0,0,36,6,130,6,0,0,0,0,0,1,9,3,5,208,0,0,16,0,0,16,60,255,0,0,0,0,0,0,0,0,0,0,0,0,0,0,0,0,198,252,118,251,54,251,250,250,98,249,38,255,32,255,70,255
2026-08-03_15-49-30,1,693,0,0.0,0,10.0,3,3,2,0,12,255,0,0,232,0,113,41,73,9,0,255,255,0,0,0,0,111,89,151,121,254,253,254,253,255,124,136,124,32,0,40,89,40,66,151,254,109,254,223,255,127,255,223,191,159,33,2,4,12,0,12,0,136,128,112,104,24,0,224,0,0,0,2,254,6,254,0,0,0,0,0,36,6,130,6,0,0,0,0,0,1,9,3,5,208,0,0,16,0,0,16,60,255,0,0,0,0,0,0,0,0,0,0,0,0,0,0,0,0,198,252,118,251,54,251,250,250,98,249,38,255,32,255,70,255,2,0,201,255,0,0,236,0,113,41,75,9,0,255,255,0,0,0,0,87,89,125,121,254,253,254,253,255,124,136,124,32,0,40,89,40,66,144,254,109,254,223,255,223,255,159,239,159,32,0,4,12,0,12,0,136,128,112,104,24,0,160,0,0,0,2,254,6,254,0,0,0,0,0,36,6,130,6,0,0,0,0,0,1,9,3,5,208,0,0,16,0,0,16,60,255,0,0,0,0,0,0,0,0,0,0,0,0,0,0,0,0,198,252,118,251,54,251,250,250,98,249,38,255,32,255,70,255
2026-08-03_15-49-30,1,694,0,0.0,0,10.0,3,3,2,0,201,255,0,0,236,0,113,41,75,9,0,255,255,0,0,0,0,87,89,125,121,254,253,254,253,255,124,136,124,32,0,40,89,40,66,144,254,109,254,223,255,223,255,159,239,159,32,0,4,12,0,12,0,136,128,112,104,24,0,160,0,0,0,2,254,6,254,0,0,0,0,0,36,6,130,6,0,0,0,0,0,1,9,3,5,208,0,0,16,0,0,16,60,255,0,0,0,0,0,0,0,0,0,0,0,0,0,0,0,0,198,252,118,251,54,251,250,250,98,249,38,255,32,255,70,255,2,0,147,255,0,0,240,0,113,41,77,9,0,255,255,0,0,0,0,111,89,148,121,254,253,254,253,255,124,136,124,32,0,40,89,40,66,144,254,109,254,223,255,223,255,159,239,159,32,0,4,12,0,12,0,136,128,112,104,24,0,96,0,0,0,2,254,6,254,0,0,0,0,0,36,6,130,6,0,0,0,0,0,1,9,3,5,208,0,0,16,0,0,16,60,255,0,0,0,0,0,0,0,0,0,0,0,0,0,0,0,0,198,252,118,251,54,251,250,250,98,249,38,255,32,255,70,255
2026-08-03_15-49-30,1,695,0,0.0,0,10.0,3,3,2,0,147,255,0,0,240,0,113,41,77,9,0,255,255,0,0,0,0,111,89,148,121,254,253,254,253,255,124,136,124,32,0,40,89,40,66,144,254,109,254,223,255,223,255,159,239,159,32,0,4,12,0,12,0,136,128,112,104,24,0,96,0,0,0,2,254,6,254,0,0,0,0,0,36,6,130,6,0,0,0,0,0,1,9,3,5,208,0,0,16,0,0,16,60,255,0,0,0,0,0,0,0,0,0,0,0,0,0,0,0,0,198,252,118,251,54,251,250,250,98,249,38,255,32,255,70,255,2,0,55,255,0,0,244,0,113,41,79,9,0,255,255,0,0,0,0,87,89,122,121,254,253,254,253,255,124,136,124,32,0,40,89,40,66,144,254,109,254,223,255,223,255,159,239,159,32,0,4,12,0,12,0,136,128,112,104,24,0,32,0,0,0,2,254,6,254,0,0,0,0,0,36,6,130,6,0,0,0,0,0,1,9,3,5,208,0,0,16,0,0,16,60,255,0,0,0,0,0,0,0,0,0,0,0,0,0,0,0,0,198,252,118,251,54,251,250,250,98,249,38,255,32,255,70,255
2026-08-03_15-49-30,1,696,3,0.0,0,10.0,3,3,2,0,55,255,0,0,244,0,113,41,79,9,0,255,255,0,0,0,0,87,89,122,121,254,253,254,253,255,124,136,124,32,0,40,89,40,66,144,254,109,254,223,255,223,255,159,239,159,32,0,4,12,0,12,0,136,128,112,104,24,0,32,0,0,0,2,254,6,254,0,0,0,0,0,36,6,130,6,0,0,0,0,0,1,9,3,5,208,0,0,16,0,0,16,60,255,0,0,0,0,0,0,0,0,0,0,0,0,0,0,0,0,198,252,118,251,54,251,250,250,98,249,38,255,32,255,70,255,2,0,114,255,0,0,248,0,113,41,80,9,0,255,255,0,0,0,0,99,89,144,121,254,253,254,253,255,126,136,124,32,0,24,89,40,66,144,254,109,254,127,255,223,255,95,239,95,32,0,4,0,0,12,0,136,128,112,104,40,0,224,0,0,0,2,254,6,254,0,0,0,0,0,36,6,130,6,0,0,0,0,0,1,9,3,5,208,0,0,16,0,0,16,60,255,0,0,0,0,0,0,0,0,0,0,0,0,0,0,0,0,198,252,118,251,54,251,250,250,98,249,38,255,32,255,70,255
2026-08-03_15-49-30,1,697,3,0.0,0,10.0,3,3,2,0,114,255,0,0,248,0,113,41,80,9,0,255,255,0,0,0,0,99,89,144,121,254,253,254,253,255,126,136,124,32,0,24,89,40,66,144,254,109,254,127,255,223,255,95,239,95,32,0,4,0,0,12,0,136,128,112,104,40,0,224,0,0,0,2,254,6,254,0,0,0,0,0,36,6,130,6,0,0,0,0,0,1,9,3,5,208,0,0,16,0,0,16,60,255,0,0,0,0,0,0,0,0,0,0,0,0,0,0,0,0,198,252,118,251,54,251,250,250,98,249,38,255,32,255,70,255,2,0,32,255,0,0,252,0,113,41,82,9,0,255,255,0,0,0,0,75,89,118,121,254,253,254,253,255,128,136,124,32,0,248,89,40,66,118,254,109,254,127,255,223,255,95,239,95,33,2,4,0,0,12,0,136,128,112,104,72,0,160,0,0,0,2,254,6,254,0,0,0,0,0,36,6,130,6,0,0,0,0,0,1,9,3,5,208,0,0,16,0,0,16,60,255,0,0,0,0,0,0,0,0,0,0,0,0,0,0,0,0,198,252,118,251,54,251,250,250,98,249,38,255,32,255,70,255
2026-08-03_15-49-30,1,698,3,0.0,0,10.0,3,3,2,0,32,255,0,0,252,0,113,41,82,9,0,255,255,0,0,0,0,75,89,118,121,254,253,254,253,255,128,136,124,32,0,248,89,40,66,118,254,109,254,127,255,223,255,95,239,95,33,2,4,0,0,12,0,136,128,112,104,72,0,160,0,0,0,2,254,6,254,0,0,0,0,0,36,6,130,6,0,0,0,0,0,1,9,3,5,208,0,0,16,0,0,16,60,255,0,0,0,0,0,0,0,0,0,0,0,0,0,0,0,0,198,252,118,251,54,251,250,250,98,249,38,255,32,255,70,255,2,0,10,255,0,0,0,1,113,41,84,9,0,255,255,0,0,0,0,99,89,141,121,254,253,254,253,255,130,136,124,32,0,216,89,40,66,141,254,109,254,127,255,223,255,95,239,95,33,0,4,0,0,12,0,136,128,112,104,104,0,96,0,0,0,2,254,6,254,0,0,0,0,0,36,6,130,6,0,0,0,0,0,1,9,3,6,40,0,0,16,0,0,16,60,255,0,0,0,0,0,0,0,0,0,0,0,0,0,0,0,0,198,252,118,251,54,251,250,250,98,249,38,255,32,255,70,255
2026-08-03_15-49-30,1,699,0,0.0,0,10.0,3,3,2,0,10,255,0,0,0,1,113,41,84,9,0,255,255,0,0,0,0,99,89,141,121,254,253,254,253,255,130,136,124,32,0,216,89,40,66,141,254,109,254,127,255,223,255,95,239,95,33,0,4,0,0,12,0,136,128,112,104,104,0,96,0,0,0,2,254,6,254,0,0,0,0,0,36,6,130,6,0,0,0,0,0,1,9,3,6,40,0,0,16,0,0,16,60,255,0,0,0,0,0,0,0,0,0,0,0,0,0,0,0,0,198,252,118,251,54,251,250,250,98,249,38,255,32,255,70,255,2,0,173,255,0,0,4,1,113,41,86,9,0,255,255,0,0,0,0,75,89,115,121,254,253,254,253,255,132,136,124,32,0,168,89,40,66,136,254,109,254,127,255,223,255,95,239,95,33,0,4,0,0,12,0,136,128,112,104,136,0,32,0,0,0,2,254,6,254,0,0,0,0,0,36,6,130,6,0,0,0,0,0,1,9,3,6,40,0,0,16,0,0,16,60,255,0,0,0,0,0,0,0,0,0,0,0,0,0,0,0,0,198,252,118,251,54,251,250,250,98,249,38,255,32,255,70,255
2026-08-03_15-49-30,1,700,0,0.0,0,10.0,3,3,2,0,173,255,0,0,4,1,113,41,86,9,0,255,255,0,0,0,0,75,89,115,121,254,253,254,253,255,132,136,124,32,0,168,89,40,66,136,254,109,254,127,255,223,255,95,239,95,33,0,4,0,0,12,0,136,128,112,104,136,0,32,0,0,0,2,254,6,254,0,0,0,0,0,36,6,130,6,0,0,0,0,0,1,9,3,6,40,0,0,16,0,0,16,60,255,0,0,0,0,0,0,0,0,0,0,0,0,0,0,0,0,198,252,118,251,54,251,250,250,98,249,38,255,32,255,70,255,2,0,218,255,0,0,8,1,113,41,87,9,0,255,255,0,0,0,0,99,89,137,121,254,253,254,253,255,134,136,124,32,0,121,89,40,66,136,254,109,254,127,255,223,255,95,239,95,33,0,4,0,0,12,0,136,128,112,104,168,0,224,0,0,0,2,254,6,254,0,0,0,0,0,36,6,130,6,0,0,0,0,0,1,9,3,6,40,0,0,16,0,0,16,60,255,0,0,0,0,0,0,0,0,0,0,0,0,0,0,0,0,198,252,118,251,54,251,250,250,98,249,38,255,32,255,70,255
2026-08-03_15-49-30,1,701,0,0.0,0,10.0,3,3,2,0,218,255,0,0,8,1,113,41,87,9,0,255,255,0,0,0,0,99,89,137,121,254,253,254,253,255,134,136,124,32,0,121,89,40,66,136,254,109,254,127,255,223,255,95,239,95,33,0,4,0,0,12,0,136,128,112,104,168,0,224,0,0,0,2,254,6,254,0,0,0,0,0,36,6,130,6,0,0,0,0,0,1,9,3,6,40,0,0,16,0,0,16,60,255,0,0,0,0,0,0,0,0,0,0,0,0,0,0,0,0,198,252,118,251,54,251,250,250,98,249,38,255,32,255,70,255,2,0,172,255,0,0,12,1,113,41,89,9,0,255,255,0,0,0,0,75,89,111,121,254,253,254,253,255,136,136,124,32,0,89,89,40,66,111,254,109,254,127,255,223,255,95,239,95,33,2,4,0,0,12,0,136,128,112,104,64,0,160,0,0,0,2,254,6,254,0,0,0,0,0,36,6,130,6,0,0,0,0,0,1,9,3,6,40,0,0,16,0,0,16,60,255,0,0,0,0,0,0,0,0,0,0,0,0,0,0,0,0,198,252,118,251,54,251,250,250,98,249,38,255,32,255,70,255
2026-08-03_15-49-30,1,702,0,0.0,0,10.0,3,3,2,0,172,255,0,0,12,1,113,41,89,9,0,255,255,0,0,0,0,75,89,111,121,254,253,254,253,255,136,136,124,32,0,89,89,40,66,111,254,109,254,127,255,223,255,95,239,95,33,2,4,0,0,12,0,136,128,112,104,64,0,160,0,0,0,2,254,6,254,0,0,0,0,0,36,6,130,6,0,0,0,0,0,1,9,3,6,40,0,0,16,0,0,16,60,255,0,0,0,0,0,0,0,0,0,0,0,0,0,0,0,0,198,252,118,251,54,251,250,250,98,249,38,255,32,255,70,255,2,0,203,255,0,0,16,1,113,41,91,9,0,255,255,0,0,0,0,99,89,134,121,254,253,254,253,255,136,136,124,32,0,89,89,40,66,134,254,109,254,127,255,223,255,95,239,95,33,0,4,0,0,12,0,136,128,112,104,64,0,96,0,0,0,2,254,6,254,0,0,0,0,0,36,6,130,6,0,0,0,0,0,1,9,3,6,40,0,0,16,0,0,16,60,255,0,0,0,0,0,0,0,0,0,0,0,0,0,0,0,0,198,252,118,251,54,251,250,250,98,249,38,255,32,255,70,255
2026-08-03_15-49-30,1,703,0,0.0,0,10.0,3,3,2,0,203,255,0,0,16,1,113,41,91,9,0,255,255,0,0,0,0,99,89,134,121,254,253,254,253,255,136,136,124,32,0,89,89,40,66,134,254,109,254,127,255,223,255,95,239,95,33,0,4,0,0,12,0,136,128,112,104,64,0,96,0,0,0,2,254,6,254,0,0,0,0,0,36,6,130,6,0,0,0,0,0,1,9,3,6,40,0,0,16,0,0,16,60,255,0,0,0,0,0,0,0,0,0,0,0,0,0,0,0,0,198,252,118,251,54,251,250,250,98,249,38,255,32,255,70,255,2,0,176,255,0,0,20,0,113,41,93,9,0,255,255,0,0,0,0,75,89,108,121,254,253,254,253,255,136,136,124,32,0,89,89,40,66,128,254,109,254,127,255,223,255,95,239,95,36,0,4,12,0,12,0,136,128,112,104,200,0,32,0,0,0,2,254,6,254,0,0,0,0,0,36,6,130,6,0,0,0,0,0,1,9,3,6,40,0,0,16,0,0,16,60,255,0,0,0,0,0,0,0,0,0,0,0,0,0,0,0,0,198,252,118,251,54,251,250,250,98,249,38,255,32,255,70,255
2026-08-03_15-49-30,1,704,5,0.0,0,10.0,3,3,2,0,176,255,0,0,20,0,113,41,93,9,0,255,255,0,0,0,0,75,89,108,121,254,253,254,253,255,136,136,124,32,0,89,89,40,66,128,254,109,254,127,255,223,255,95,239,95,36,0,4,12,0,12,0,136,128,112,104,200,0,32,0,0,0,2,254,6,254,0,0,0,0,0,36,6,130,6,0,0,0,0,0,1,9,3,6,40,0,0,16,0,0,16,60,255,0,0,0,0,0,0,0,0,0,0,0,0,0,0,0,0,198,252,118,251,54,251,250,250,98,249,38,255,32,255,70,255,2,0,15,255,0,0,24,0,115,41,94,9,0,255,255,0,0,0,0,109,89,130,121,254,253,254,253,255,136,136,124,32,0,89,89,40,66,128,254,109,254,223,255,223,255,95,239,95,36,0,4,12,0,12,0,136,128,112,104,232,0,224,0,0,0,2,254,6,254,0,0,0,0,0,36,6,130,6,0,0,0,0,0,1,9,3,6,40,0,0,16,0,0,16,60,255,0,0,0,0,0,0,0,0,0,0,0,0,0,0,0,0,198,252,118,251,54,251,250,250,98,249,38,255,32,255,70,255
2026-08-03_15-49-30,1,705,5,0.0,0,10.0,3,3,2,0,15,255,0,0,24,0,115,41,94,9,0,255,255,0,0,0,0,109,89,130,121,254,253,254,253,255,136,136,124,32,0,89,89,40,66,128,254,109,254,223,255,223,255,95,239,95,36,0,4,12,0,12,0,136,128,112,104,232,0,224,0,0,0,2,254,6,254,0,0,0,0,0,36,6,130,6,0,0,0,0,0,1,9,3,6,40,0,0,16,0,0,16,60,255,0,0,0,0,0,0,0,0,0,0,0,0,0,0,0,0,198,252,118,251,54,251,250,250,98,249,38,255,32,255,70,255,2,0,251,255,0,0,28,0,118,41,96,9,0,255,255,0,0,0,0,83,89,104,121,254,253,254,253,255,136,136,124,32,0,89,89,40,66,104,254,83,254,223,255,223,255,95,239,95,36,0,4,12,0,12,0,136,128,112,104,8,0,160,0,0,0,2,254,6,254,0,0,0,0,0,36,6,130,6,0,0,0,0,0,1,9,3,6,40,0,0,16,0,0,16,60,255,0,0,0,0,0,0,0,0,0,0,0,0,0,0,0,0,198,252,118,251,54,251,250,250,98,249,38,255,32,255,70,255
2026-08-03_15-49-30,1,706,0,0.0,0,10.0,3,3,2,0,251,255,0,0,28,0,118,41,96,9,0,255,255,0,0,0,0,83,89,104,121,254,253,254,253,255,136,136,124,32,0,89,89,40,66,104,254,83,254,223,255,223,255,95,239,95,36,0,4,12,0,12,0,136,128,112,104,8,0,160,0,0,0,2,254,6,254,0,0,0,0,0,36,6,130,6,0,0,0,0,0,1,9,3,6,40,0,0,16,0,0,16,60,255,0,0,0,0,0,0,0,0,0,0,0,0,0,0,0,0,198,252,118,251,54,251,250,250,98,249,38,255,32,255,70,255,2,0,183,255,0,0,32,0,120,41,98,9,0,255,255,0,0,0,0,105,89,127,121,254,253,254,253,255,136,136,124,32,0,89,89,40,66,127,254,101,254,223,255,223,255,95,239,95,33,2,4,12,0,12,0,136,128,112,104,40,0,96,0,0,0,2,254,6,254,0,0,0,0,0,36,6,130,6,0,0,0,0,0,1,9,3,6,40,0,0,16,0,0,16,60,255,0,0,0,0,0,0,0,0,0,0,0,0,0,0,0,0,198,252,118,251,54,251,250,250,98,249,38,255,32,255,70,255
2026-08-03_15-49-30,1,707,0,0.0,0,10.0,3,3,2,0,183,255,0,0,32,0,120,41,98,9,0,255,255,0,0,0,0,105,89,127,121,254,253,254,253,255,136,136,124,32,0,89,89,40,66,127,254,101,254,223,255,223,255,95,239,95,33,2,4,12,0,12,0,136,128,112,104,40,0,96,0,0,0,2,254,6,254,0,0,0,0,0,36,6,130,6,0,0,0,0,0,1,9,3,6,40,0,0,16,0,0,16,60,255,0,0,0,0,0,0,0,0,0,0,0,0,0,0,0,0,198,252,118,251,54,251,250,250,98,249,38,255,32,255,70,255,2,0,122,255,0,0,36,0,122,41,100,9,0,255,255,0,0,0,0,79,89,101,121,254,253,254,253,255,136,136,124,32,0,89,89,40,66,120,254,101,254,223,255,223,255,95,239,95,36,0,4,12,0,12,0,136,128,112,104,72,0,32,0,0,0,2,254,6,254,0,0,0,0,0,36,6,130,6,0,0,0,0,0,1,9,3,6,40,0,0,16,0,0,16,60,255,0,0,0,0,0,0,0,0,0,0,0,0,0,0,0,0,198,252,118,251,54,251,250,250,98,249,38,255,32,255,70,255
2026-08-03_15-49-30,1,708,0,0.0,0,10.0,3,3,2,0,122,255,0,0,36,0,122,41,100,9,0,255,255,0,0,0,0,79,89,101,121,254,253,254,253,255,136,136,124,32,0,89,89,40,66,120,254,101,254,223,255,223,255,95,239,95,36,0,4,12,0,12,0,136,128,112,104,72,0,32,0,0,0,2,254,6,254,0,0,0,0,0,36,6,130,6,0,0,0,0,0,1,9,3,6,40,0,0,16,0,0,16,60,255,0,0,0,0,0,0,0,0,0,0,0,0,0,0,0,0,198,252,118,251,54,251,250,250,98,249,38,255,32,255,70,255,2,0,174,255,0,0,40,0,124,41,101,9,0,255,255,0,0,0,0,101,89,123,121,254,253,254,253,255,136,136,124,32,0,89,89,40,66,120,254,101,254,223,255,223,255,95,239,95,36,0,4,12,0,12,0,136,128,112,104,104,0,224,0,0,0,2,254,6,254,0,0,0,0,0,36,6,130,6,0,0,0,0,0,1,9,3,6,40,0,0,16,0,0,16,60,255,0,0,0,0,0,0,0,0,0,0,0,0,0,0,0,0,198,252,118,251,54,251,250,250,98,249,38,255,32,255,70,255
2026-08-03_15-49-30,1,709,0,0.0,0,10.0,3,3,2,0,174,255,0,0,40,0,124,41,101,9,0,255,255,0,0,0,0,101,89,123,121,254,253,254,253,255,136,136,124,32,0,89,89,40,66,120,254,101,254,223,255,223,255,95,239,95,36,0,4,12,0,12,0,136,128,112,104,104,0,224,0,0,0,2,254,6,254,0,0,0,0,0,36,6,130,6,0,0,0,0,0,1,9,3,6,40,0,0,16,0,0,16,60,255,0,0,0,0,0,0,0,0,0,0,0,0,0,0,0,0,198,252,118,251,54,251,250,250,98,249,38,255,32,255,70,255,2,0,232,255,0,0,44,0,126,41,103,9,0,255,126,0,0,0,0,74,89,97,121,254,253,254,253,255,136,136,124,32,0,89,89,40,66,120,254,74,254,223,255,223,255,95,239,95,36,0,4,12,0,12,0,136,128,112,104,136,0,160,0,0,0,2,254,6,254,0,0,0,0,0,36,6,130,6,0,0,0,0,0,1,9,3,6,40,0,0,16,0,0,16,60,255,0,0,0,0,0,0,0,0,0,0,0,0,0,0,0,0,198,252,118,251,54,251,250,250,98,249,38,255,32,255,70,255
2026-08-03_15-49-30,1,710,0,0.0,0,10.0,3,3,2,0,232,255,0,0,44,0,126,41,103,9,0,255,126,0,0,0,0,74,89,97,121,254,253,254,253,255,136,136,124,32,0,89,89,40,66,120,254,74,254,223,255,223,255,95,239,95,36,0,4,12,0,12,0,136,128,112,104,136,0,160,0,0,0,2,254,6,254,0,0,0,0,0,36,6,130,6,0,0,0,0,0,1,9,3,6,40,0,0,16,0,0,16,60,255,0,0,0,0,0,0,0,0,0,0,0,0,0,0,0,0,198,252,118,251,54,251,250,250,98,249,38,255,32,255,70,255,2,0,136,255,0,0,48,0,128,41,105,9,0,255,128,0,0,0,0,96,89,120,121,254,253,254,253,255,136,136,124,32,0,89,89,40,66,120,254,96,254,223,255,223,255,95,239,95,36,0,4,12,0,12,0,136,128,112,104,168,0,96,0,0,0,2,254,6,254,0,0,0,0,0,36,6,130,6,0,0,0,0,0,1,9,3,6,40,0,0,16,0,0,16,60,255,0,0,0,0,0,0,0,0,0,0,0,0,0,0,0,0,198,252,118,251,54,251,250,250,98,249,38,255,32,255,70,255
2026-08-03_15-49-30,1,711,0,0.0,0,10.0,3,3,2,0,136,255,0,0,48,0,128,41,105,9,0,255,128,0,0,0,0,96,89,120,121,254,253,254,253,255,136,136,124,32,0,89,89,40,66,120,254,96,254,223,255,223,255,95,239,95,36,0,4,12,0,12,0,136,128,112,104,168,0,96,0,0,0,2,254,6,254,0,0,0,0,0,36,6,130,6,0,0,0,0,0,1,9,3,6,40,0,0,16,0,0,16,60,255,0,0,0,0,0,0,0,0,0,0,0,0,0,0,0,0,198,252,118,251,54,251,250,250,98,249,38,255,32,255,70,255,2,0,134,255,0,0,52,0,129,41,107,9,0,255,129,0,0,0,0,71,89,94,121,254,253,254,253,255,136,136,124,32,0,89,89,40,66,94,254,71,254,223,255,223,255,95,239,95,35,0,4,12,0,12,0,136,128,112,104,48,0,32,0,0,0,2,254,6,254,0,0,0,0,0,36,6,130,6,0,0,0,0,0,1,9,3,6,40,0,0,16,0,0,16,60,255,0,0,0,0,0,0,0,0,0,0,0,0,0,0,0,0,198,252,118,251,54,251,250,250,98,249,38,255,32,255,70,255
2026-08-03_15-49-30,1,712,4,0.0,0,10.0,3,3,2,0,134,255,0,0,52,0,129,41,107,9,0,255,129,0,0,0,0,71,89,94,121,254,253,254,253,255,136,136,124,32,0,89,89,40,66,94,254,71,254,223,255,223,255,95,239,95,35,0,4,12,0,12,0,136,128,112,104,48,0,32,0,0,0,2,254,6,254,0,0,0,0,0,36,6,130,6,0,0,0,0,0,1,9,3,6,40,0,0,16,0,0,16,60,255,0,0,0,0,0,0,0,0,0,0,0,0,0,0,0,0,198,252,118,251,54,251,250,250,98,249,38,255,32,255,70,255,2,0,108,255,0,0,56,0,129,41,108,9,0,255,129,255,0,0,0,83,89,116,121,254,253,254,253,255,134,136,124,32,0,121,89,40,66,112,254,83,254,191,255,223,255,95,239,95,35,0,4,0,0,12,0,136,128,112,104,200,0,224,0,0,0,2,254,6,254,0,0,0,0,0,36,6,130,6,0,0,0,0,0,1,9,3,6,40,0,0,16,0,0,16,60,255,0,0,0,0,0,0,0,0,0,0,0,0,0,0,0,0,198,252,118,251,54,251,250,250,98,249,38,255,32,255,70,255
2026-08-03_15-49-30,1,713,4,0.0,0,10.0,3,3,2,0,108,255,0,0,56,0,129,41,108,9,0,255,129,255,0,0,0,83,89,116,121,254,253,254,253,255,134,136,124,32,0,121,89,40,66,112,254,83,254,191,255,223,255,95,239,95,35,0,4,0,0,12,0,136,128,112,104,200,0,224,0,0,0,2,254,6,254,0,0,0,0,0,36,6,130,6,0,0,0,0,0,1,9,3,6,40,0,0,16,0,0,16,60,255,0,0,0,0,0,0,0,0,0,0,0,0,0,0,0,0,198,252,118,251,54,251,250,250,98,249,38,255,32,255,70,255,2,0,199,255,0,0,60,0,129,41,110,9,0,255,129,255,0,0,0,59,89,90,121,254,253,254,253,255,132,136,124,32,0,168,89,40,66,112,254,59,254,191,255,223,255,95,239,95,35,0,4,0,0,12,0,136,128,112,104,232,0,160,0,0,0,2,254,6,254,0,0,0,0,0,36,6,130,6,0,0,0,0,0,1,9,3,6,40,0,0,16,0,0,16,60,255,0,0,0,0,0,0,0,0,0,0,0,0,0,0,0,0,198,252,118,251,54,251,250,250,98,249,38,255,32,255,70,255
2026-08-03_15-49-30,1,714,4,0.0,0,10.0,3,3,2,0,199,255,0,0,60,0,129,41,110,9,0,255,129,255,0,0,0,59,89,90,121,254,253,254,253,255,132,136,124,32,0,168,89,40,66,112,254,59,254,191,255,223,255,95,239,95,35,0,4,0,0,12,0,136,128,112,104,232,0,160,0,0,0,2,254,6,254,0,0,0,0,0,36,6,130,6,0,0,0,0,0,1,9,3,6,40,0,0,16,0,0,16,60,255,0,0,0,0,0,0,0,0,0,0,0,0,0,0,0,0,198,252,118,251,54,251,250,250,98,249,38,255,32,255,70,255,2,0,121,255,0,0,64,0,129,41,112,9,0,255,129,255,0,0,0,83,89,113,121,254,253,254,253,255,129,136,124,32,0,200,89,40,66,112,254,83,254,191,255,223,255,95,239,95,35,0,4,0,0,12,0,136,128,112,104,8,0,96,0,0,0,2,254,6,254,0,0,0,0,0,36,6,130,6,0,0,0,0,0,1,9,3,6,40,0,0,16,0,0,16,60,255,0,0,0,0,0,0,0,0,0,0,0,0,0,0,0,0,198,252,118,251,54,251,250,250,98,249,38,255,32,255,70,255
2026-08-03_15-49-30,1,715,0,0.0,0,10.0,3,3,2,0,121,255,0,0,64,0,129,41,112,9,0,255,129,255,0,0,0,83,89,113,121,254,253,254,253,255,129,136,124,32,0,200,89,40,66,112,254,83,254,191,255,223,255,95,239,95,35,0,4,0,0,12,0,136,128,112,104,8,0,96,0,0,0,2,254,6,254,0,0,0,0,0,36,6,130,6,0,0,0,0,0,1,9,3,6,40,0,0,16,0,0,16,60,255,0,0,0,0,0,0,0,0,0,0,0,0,0,0,0,0,198,252,118,251,54,251,250,250,98,249,38,255,32,255,70,255,2,0,156,255,0,0,68,0,129,41,113,9,0,255,129,255,0,0,0,59,89,75,121,254,253,254,253,255,127,136,125,32,0,232,89,24,66,75,254,59,254,191,255,127,255,95,191,95,32,0,4,0,0,0,0,136,128,112,104,40,0,176,0,0,0,2,254,6,254,0,0,0,0,0,36,6,130,6,0,0,0,0,0,1,9,3,6,40,0,0,16,0,0,16,60,255,0,0,0,0,0,0,0,0,0,0,0,0,0,0,0,0,229,251,146,251,54,251,250,250,98,249,38,255,32,255,70,255
2026-08-03_15-49-30,1,716,0,0.0,0,10.0,3,3,2,0,156,255,0,0,68,0,129,41,113,9,0,255,129,255,0,0,0,59,89,75,121,254,253,254,253,255,127,136,125,32,0,232,89,24,66,75,254,59,254,191,255,127,255,95,191,95,32,0,4,0,0,0,0,136,128,112,104,40,0,176,0,0,0,2,254,6,254,0,0,0,0,0,36,6,130,6,0,0,0,0,0,1,9,3,6,40,0,0,16,0,0,16,60,255,0,0,0,0,0,0,0,0,0,0,0,0,0,0,0,0,229,251,146,251,54,251,250,250,98,249,38,255,32,255,70,255,2,0,204,255,0,0,72,0,129,41,113,9,0,255,129,255,0,0,0,83,89,99,121,254,253,254,253,255,125,136,127,32,0,8,89,248,66,99,254,83,254,191,255,127,255,111,191,159,32,0,4,0,0,0,0,136,128,112,104,72,0,112,0,0,0,2,254,6,254,0,0,0,0,0,36,6,130,6,0,0,0,0,0,1,9,3,6,40,0,0,16,0,0,16,60,255,0,0,0,0,0,0,0,0,0,0,0,0,0,0,0,0,229,251,146,251,54,251,13,251,98,249,38,255,32,255,70,255
2026-08-03_15-49-30,1,717,0,0.0,0,10.0,3,3,2,0,204,255,0,0,72,0,129,41,113,9,0,255,129,255,0,0,0,83,89,99,121,254,253,254,253,255,125,136,127,32,0,8,89,248,66,99,254,83,254,191,255,127,255,111,191,159,32,0,4,0,0,0,0,136,128,112,104,72,0,112,0,0,0,2,254,6,254,0,0,0,0,0,36,6,130,6,0,0,0,0,0,1,9,3,6,40,0,0,16,0,0,16,60,255,0,0,0,0,0,0,0,0,0,0,0,0,0,0,0,0,229,251,146,251,54,251,13,251,98,249,38,255,32,255,70,255,2,0,197,255,0,0,76,0,129,41,113,9,0,255,129,255,0,0,0,59,89,75,121,254,253,254,253,255,123,136,129,32,0,40,89,232,66,75,254,59,254,191,255,127,255,111,191,159,34,2,4,0,0,0,0,136,128,112,104,104,0,48,0,0,0,2,254,6,254,0,0,0,0,0,36,6,130,6,0,0,0,0,0,1,9,3,6,40,0,0,16,0,0,16,60,255,0,0,0,0,0,0,0,0,0,0,0,0,0,0,0,0,229,251,146,251,54,251,13,251,98,249,38,255,32,255,70,255
2026-08-03_15-49-30,1,718,0,0.0,0,10.0,3,3,2,0,197,255,0,0,76,0,129,41,113,9,0,255,129,255,0,0,0,59,89,75,121,254,253,254,253,255,123,136,129,32,0,40,89,232,66,75,254,59,254,191,255,127,255,111,191,159,34,2,4,0,0,0,0,136,128,112,104,104,0,48,0,0,0,2,254,6,254,0,0,0,0,0,36,6,130,6,0,0,0,0,0,1,9,3,6,40,0,0,16,0,0,16,60,255,0,0,0,0,0,0,0,0,0,0,0,0,0,0,0,0,229,251,146,251,54,251,13,251,98,249,38,255,32,255,70,255,2,0,90,255,0,0,80,0,129,41,113,9,0,255,129,255,0,0,0,83,89,99,121,254,253,254,253,255,121,136,130,32,0,88,89,200,66,99,254,83,254,191,255,127,255,111,191,159,34,2,4,0,0,0,0,136,128,112,104,136,0,240,0,0,0,2,254,6,254,0,0,0,0,0,36,6,130,6,0,0,0,0,0,1,9,3,6,40,0,0,16,0,0,16,60,255,0,0,0,0,0,0,0,0,0,0,0,0,0,0,0,0,229,251,146,251,54,251,13,251,98,249,38,255,32,255,70,255
2026-08-03_15-49-30,1,719,0,0.0,0,10.0,3,3,2,0,90,255,0,0,80,0,129,41,113,9,0,255,129,255,0,0,0,83,89,99,121,254,253,254,253,255,121,136,130,32,0,88,89,200,66,99,254,83,254,191,255,127,255,111,191,159,34,2,4,0,0,0,0,136,128,112,104,136,0,240,0,0,0,2,254,6,254,0,0,0,0,0,36,6,130,6,0,0,0,0,0,1,9,3,6,40,0,0,16,0,0,16,60,255,0,0,0,0,0,0,0,0,0,0,0,0,0,0,0,0,229,251,146,251,54,251,13,251,98,249,38,255,32,255,70,255,2,0,164,255,0,0,84,0,129,41,113,9,0,255,129,255,0,0,0,59,89,75,121,254,253,254,253,255,119,136,132,32,0,120,89,168,66,75,254,59,254,191,255,127,255,111,191,159,34,2,4,0,0,0,0,136,128,112,104,168,0,176,0,0,0,2,254,6,254,0,0,0,0,0,36,6,130,6,0,0,0,0,0,1,9,3,6,40,0,0,16,0,0,16,60,255,0,0,0,0,0,0,0,0,0,0,0,0,0,0,0,0,229,251,146,251,54,251,13,251,98,249,38,255,32,255,70,255
2026-08-03_15-49-30,1,720,0,0.0,0,10.0,3,3,2,0,164,255,0,0,84,0,129,41,113,9,0,255,129,255,0,0,0,59,89,75,121,254,253,254,253,255,119,136,132,32,0,120,89,168,66,75,254,59,254,191,255,127,255,111,191,159,34,2,4,0,0,0,0,136,128,112,104,168,0,176,0,0,0,2,254,6,254,0,0,0,0,0,36,6,130,6,0,0,0,0,0,1,9,3,6,40,0,0,16,0,0,16,60,255,0,0,0,0,0,0,0,0,0,0,0,0,0,0,0,0,229,251,146,251,54,251,13,251,98,249,38,255,32,255,70,255,2,0,69,255,0,0,88,0,129,41,113,9,0,255,129,255,0,0,0,83,89,99,121,254,253,254,253,255,117,136,134,32,0,167,89,121,66,99,254,83,254,191,255,127,255,111,191,159,34,2,4,0,0,0,0,136,128,112,104,200,0,112,0,0,0,2,254,6,254,0,0,0,0,0,36,6,130,6,0,0,0,0,0,1,9,3,6,40,0,0,16,0,0,16,60,255,0,0,0,0,0,0,0,0,0,0,0,0,0,0,0,0,229,251,146,251,54,251,13,251,98,249,38,255,32,255,70,255
2026-08-03_15-49-30,1,721,0,0.0,0,10.0,3,3,2,0,69,255,0,0,88,0,129,41,113,9,0,255,129,255,0,0,0,83,89,99,121,254,253,254,253,255,117,136,134,32,0,167,89,121,66,99,254,83,254,191,255,127,255,111,191,159,34,2,4,0,0,0,0,136,128,112,104,200,0,112,0,0,0,2,254,6,254,0,0,0,0,0,36,6,130,6,0,0,0,0,0,1,9,3,6,40,0,0,16,0,0,16,60,255,0,0,0,0,0,0,0,0,0,0,0,0,0,0,0,0,229,251,146,251,54,251,13,251,98,249,38,255,32,255,70,255,2,0,82,255,0,0,92,0,129,41,113,9,0,255,129,255,0,0,0,59,89,75,121,254,253,254,253,255,115,136,136,32,0,199,89,105,66,75,254,59,254,191,255,127,255,111,191,159,34,0,4,0,0,0,0,136,128,112,104,232,0,48,0,0,0,2,254,6,254,0,0,0,0,0,36,6,130,6,0,0,0,0,0,1,9,3,6,40,0,0,16,0,0,16,60,255,0,0,0,0,0,0,0,0,0,0,0,0,0,0,0,0,229,251,146,251,54,251,13,251,98,249,38,255,32,255,70,255
2026-08-03_15-49-30,1,722,0,0.0,0,10.0,3,3,2,0,82,255,0,0,92,0,129,41,113,9,0,255,129,255,0,0,0,59,89,75,121,254,253,254,253,255,115,136,136,32,0,199,89,105,66,75,254,59,254,191,255,127,255,111,191,159,34,0,4,0,0,0,0,136,128,112,104,232,0,48,0,0,0,2,254,6,254,0,0,0,0,0,36,6,130,6,0,0,0,0,0,1,9,3,6,40,0,0,16,0,0,16,60,255,0,0,0,0,0,0,0,0,0,0,0,0,0,0,0,0,229,251,146,251,54,251,13,251,98,249,38,255,32,255,70,255,2,0,42,255,0,0,96,0,129,41,114,9,0,255,129,255,0,0,0,83,89,110,121,254,253,254,253,255,112,136,136,32,0,231,89,89,66,110,254,83,254,191,255,223,255,159,239,159,36,2,4,0,0,12,0,136,128,112,104,8,0,240,0,0,0,2,254,6,254,0,0,0,0,0,36,6,130,6,0,0,0,0,0,1,9,3,6,40,0,0,16,0,0,16,60,255,0,0,0,0,0,0,0,0,0,0,0,0,0,0,0,0,198,252,118,251,54,251,250,250,98,249,38,255,32,255,70,255
2026-08-03_15-49-30,1,723,0,0.0,0,10.0,3,3,2,0,42,255,0,0,96,0,129,41,114,9,0,255,129,255,0,0,0,83,89,110,121,254,253,254,253,255,112,136,136,32,0,231,89,89,66,110,254,83,254,191,255,223,255,159,239,159,36,2,4,0,0,12,0,136,128,112,104,8,0,240,0,0,0,2,254,6,254,0,0,0,0,0,36,6,130,6,0,0,0,0,0,1,9,3,6,40,0,0,16,0,0,16,60,255,0,0,0,0,0,0,0,0,0,0,0,0,0,0,0,0,198,252,118,251,54,251,250,250,98,249,38,255,32,255,70,255,2,0,167,255,0,0,100,0,129,41,116,9,0,255,129,255,0,0,0,59,89,84,121,254,253,254,253,255,112,136,136,32,0,247,89,89,66,104,254,59,254,191,255,223,255,159,239,159,36,0,4,0,0,12,0,136,128,112,104,8,0,176,0,0,0,2,254,6,254,0,0,0,0,0,36,6,130,6,0,0,0,0,0,1,9,3,6,40,0,0,16,0,0,16,60,255,0,0,0,0,0,0,0,0,0,0,0,0,0,0,0,0,198,252,118,251,54,251,250,250,98,249,38,255,32,255,70,255
2026-08-03_15-49-30,1,724,0,0.0,0,10.0,3,3,2,0,167,255,0,0,100,0,129,41,116,9,0,255,129,255,0,0,0,59,89,84,121,254,253,254,253,255,112,136,136,32,0,247,89,89,66,104,254,59,254,191,255,223,255,159,239,159,36,0,4,0,0,12,0,136,128,112,104,8,0,176,0,0,0,2,254,6,254,0,0,0,0,0,36,6,130,6,0,0,0,0,0,1,9,3,6,40,0,0,16,0,0,16,60,255,0,0,0,0,0,0,0,0,0,0,0,0,0,0,0,0,198,252,118,251,54,251,250,250,98,249,38,255,32,255,70,255,2,0,119,255,0,0,104,0,129,41,118,9,0,255,129,255,0,0,0,83,89,106,121,254,253,254,253,255,112,136,136,32,0,247,89,89,66,104,254,83,254,191,255,223,255,159,239,159,36,0,4,0,0,12,0,136,128,112,104,8,0,112,0,0,0,2,254,6,254,0,0,0,0,0,36,6,130,6,0,0,0,0,0,1,9,3,6,40,0,0,16,0,0,16,60,255,0,0,0,0,0,0,0,0,0,0,0,0,0,0,0,0,198,252,118,251,54,251,250,250,98,249,38,255,32,255,70,255
2026-08-03_15-49-30,1,725,0,0.0,0,10.0,3,3,2,0,119,255,0,0,104,0,129,41,118,9,0,255,129,255,0,0,0,83,89,106,121,254,253,254,253,255,112,136,136,32,0,247,89,89,66,104,254,83,254,191,255,223,255,159,239,159,36,0,4,0,0,12,0,136,128,112,104,8,0,112,0,0,0,2,254,6,254,0,0,0,0,0,36,6,130,6,0,0,0,0,0,1,9,3,6,40,0,0,16,0,0,16,60,255,0,0,0,0,0,0,0,0,0,0,0,0,0,0,0,0,198,252,118,251,54,251,250,250,98,249,38,255,32,255,70,255,2,0,118,255,0,0,108,0,129,41,120,9,0,255,129,255,0,0,0,59,89,81,121,254,253,254,253,255,112,136,136,32,0,247,89,89,66,104,254,59,254,191,255,223,255,159,239,159,36,0,4,0,0,12,0,136,128,112,104,8,0,48,0,0,0,2,254,6,254,0,0,0,0,0,36,6,130,6,0,0,0,0,0,1,9,3,6,40,0,0,16,0,0,16,60,255,0,0,0,0,0,0,0,0,0,0,0,0,0,0,0,0,198,252,118,251,54,251,250,250,98,249,38,255,32,255,70,255
2026-08-03_15-49-30,1,726,2,0.0,0,10.0,3,3,2,0,118,255,0,0,108,0,129,41,120,9,0,255,129,255,0,0,0,59,89,81,121,254,253,254,253,255,112,136,136,32,0,247,89,89,66,104,254,59,254,191,255,223,255,159,239,159,36,0,4,0,0,12,0,136,128,112,104,8,0,48,0,0,0,2,254,6,254,0,0,0,0,0,36,6,130,6,0,0,0,0,0,1,9,3,6,40,0,0,16,0,0,16,60,255,0,0,0,0,0,0,0,0,0,0,0,0,0,0,0,0,198,252,118,251,54,251,250,250,98,249,38,255,32,255,70,255,2,0,103,255,0,0,112,0,128,41,121,9,0,255,128,255,0,0,0,96,89,103,121,254,253,254,253,255,112,136,136,32,0,247,89,89,66,103,254,96,254,239,255,223,255,159,239,159,36,2,4,12,0,12,0,136,128,112,104,160,0,240,0,0,0,2,254,6,254,0,0,0,0,0,36,6,130,6,0,0,0,0,0,1,9,3,6,40,0,0,16,0,0,16,60,255,0,0,0,0,0,0,0,0,0,0,0,0,0,0,0,0,198,252,118,251,54,251,250,250,98,249,38,255,32,255,70,255
2026-08-03_15-49-30,1,727,2,0.0,0,10.0,3,3,2,0,103,255,0,0,112,0,128,41,121,9,0,255,128,255,0,0,0,96,89,103,121,254,253,254,253,255,112,136,136,32,0,247,89,89,66,103,254,96,254,239,255,223,255,159,239,159,36,2,4,12,0,12,0,136,128,112,104,160,0,240,0,0,0,2,254,6,254,0,0,0,0,0,36,6,130,6,0,0,0,0,0,1,9,3,6,40,0,0,16,0,0,16,60,255,0,0,0,0,0,0,0,0,0,0,0,0,0,0,0,0,198,252,118,251,54,251,250,250,98,249,38,255,32,255,70,255,2,0,123,255,0,0,116,0,126,41,123,9,0,123,126,255,0,0,0,74,89,77,121,254,253,254,253,255,112,136,136,32,0,247,89,89,66,96,254,74,254,239,255,223,255,159,239,159,36,2,4,12,0,12,0,136,128,112,104,192,0,176,0,0,0,2,254,6,254,0,0,0,0,0,36,6,130,6,0,0,0,0,0,1,9,3,6,40,0,0,16,0,0,16,60,255,0,0,0,0,0,0,0,0,0,0,0,0,0,0,0,0,198,252,118,251,54,251,250,250,98,249,38,255,32,255,70,255
2026-08-03_15-49-30,1,728,0,0.0,0,10.0,3,3,2,0,123,255,0,0,116,0,126,41,123,9,0,123,126,255,0,0,0,74,89,77,121,254,253,254,253,255,112,136,136,32,0,247,89,89,66,96,254,74,254,239,255,223,255,159,239,159,36,2,4,12,0,12,0,136,128,112,104,192,0,176,0,0,0,2,254,6,254,0,0,0,0,0,36,6,130,6,0,0,0,0,0,1,9,3,6,40,0,0,16,0,0,16,60,255,0,0,0,0,0,0,0,0,0,0,0,0,0,0,0,0,198,252,118,251,54,251,250,250,98,249,38,255,32,255,70,255,2,0,191,255,0,0,120,0,124,41,125,9,0,124,255,255,0,0,0,100,89,99,121,254,253,254,253,255,112,136,136,32,0,247,89,89,66,96,254,99,254,239,255,223,255,95,239,175,36,2,4,12,0,12,0,136,128,112,104,224,0,112,0,0,0,2,254,6,254,0,0,0,0,0,36,6,130,6,0,0,0,0,0,1,9,3,6,40,0,0,16,0,0,16,60,255,0,0,0,0,0,0,0,0,0,0,0,0,0,0,0,0,198,252,118,251,54,251,13,251,98,249,38,255,32,255,70,255
2026-08-03_15-49-30,1,729,0,0.0,0,10.0,3,3,2,0,191,255,0,0,120,0,124,41,125,9,0,124,255,255,0,0,0,100,89,99,121,254,253,254,253,255,112,136,136,32,0,247,89,89,66,96,254,99,254,239,255,223,255,95,239,175,36,2,4,12,0,12,0,136,128,112,104,224,0,112,0,0,0,2,254,6,254,0,0,0,0,0,36,6,130,6,0,0,0,0,0,1,9,3,6,40,0,0,16,0,0,16,60,255,0,0,0,0,0,0,0,0,0,0,0,0,0,0,0,0,198,252,118,251,54,251,13,251,98,249,38,255,32,255,70,255,2,0,244,255,0,0,124,0,121,41,127,9,0,255,126,255,0,0,0,78,89,74,121,254,253,254,253,255,112,136,136,32,0,247,89,89,66,78,254,74,254,239,255,223,255,95,239,175,36,2,4,12,0,12,0,136,128,112,104,0,0,48,0,0,0,2,254,6,254,0,0,0,0,0,36,6,130,6,0,0,0,0,0,1,9,3,6,40,0,0,16,0,0,16,60,255,0,0,0,0,0,0,0,0,0,0,0,0,0,0,0,0,198,252,118,251,54,251,13,251,98,249,38,255,32,255,70,255
2026-08-03_15-49-30,1,730,0,0.0,0,10.0,3,3,2,0,244,255,0,0,124,0,121,41,127,9,0,255,126,255,0,0,0,78,89,74,121,254,253,254,253,255,112,136,136,32,0,247,89,89,66,78,254,74,254,239,255,223,255,95,239,175,36,2,4,12,0,12,0,136,128,112,104,0,0,48,0,0,0,2,254,6,254,0,0,0,0,0,36,6,130,6,0,0,0,0,0,1,9,3,6,40,0,0,16,0,0,16,60,255,0,0,0,0,0,0,0,0,0,0,0,0,0,0,0,0,198,252,118,251,54,251,13,251,98,249,38,255,32,255,70,255,2,0,76,255,0,0,128,0,119,41,128,9,0,255,128,255,0,0,0,104,89,96,121,254,253,254,253,255,112,136,136,32,0,247,89,89,66,104,254,96,254,239,255,223,255,95,239,175,30,0,4,12,0,12,0,136,128,112,104,32,0,240,0,0,0,2,254,6,254,0,0,0,0,0,36,6,130,6,0,0,0,0,0,1,9,3,6,128,0,0,16,0,0,16,60,255,0,0,0,0,0,0,0,0,0,0,0,0,0,0,0,0,198,252,118,251,54,251,13,251,98,249,38,255,32,255,70,255
2026-08-03_15-49-30,1,731,0,0.0,0,10.0,3,3,2,0,76,255,0,0,128,0,119,41,128,9,0,255,128,255,0,0,0,104,89,96,121,254,253,254,253,255,112,136,136,32,0,247,89,89,66,104,254,96,254,239,255,223,255,95,239,175,30,0,4,12,0,12,0,136,128,112,104,32,0,240,0,0,0,2,254,6,254,0,0,0,0,0,36,6,130,6,0,0,0,0,0,1,9,3,6,128,0,0,16,0,0,16,60,255,0,0,0,0,0,0,0,0,0,0,0,0,0,0,0,0,198,252,118,251,54,251,13,251,98,249,38,255,32,255,70,255,2,0,205,255,0,0,132,0,117,41,129,9,0,255,129,255,0,255,0,82,89,59,121,254,253,254,253,255,112,136,134,32,0,247,89,105,66,104,254,59,254,239,255,191,255,175,126,175,30,2,4,12,0,0,0,136,128,112,104,64,0,64,0,0,0,2,254,6,254,0,0,0,0,0,36,6,130,6,0,0,0,0,0,1,9,3,6,128,0,0,16,0,0,16,60,255,0,0,0,0,0,0,0,0,0,0,0,0,0,0,0,0,42,252,140,251,54,251,250,250,98,249,38,255,32,255,70,255
2026-08-03_15-49-30,1,732,0,0.0,0,10.0,3,3,2,0,205,255,0,0,132,0,117,41,129,9,0,255,129,255,0,255,0,82,89,59,121,254,253,254,253,255,112,136,134,32,0,247,89,105,66,104,254,59,254,239,255,191,255,175,126,175,30,2,4,12,0,0,0,136,128,112,104,64,0,64,0,0,0,2,254,6,254,0,0,0,0,0,36,6,130,6,0,0,0,0,0,1,9,3,6,128,0,0,16,0,0,16,60,255,0,0,0,0,0,0,0,0,0,0,0,0,0,0,0,0,42,252,140,251,54,251,250,250,98,249,38,255,32,255,70,255,2,0,212,255,0,0,136,0,115,41,129,9,0,255,129,255,0,255,0,108,89,83,121,254,253,254,253,255,112,136,132,32,0,247,89,152,66,104,254,83,254,239,255,191,255,175,126,175,30,2,4,12,0,0,0,136,128,112,104,96,0,0,0,0,0,2,254,6,254,0,0,0,0,0,36,6,130,6,0,0,0,0,0,1,9,3,6,128,0,0,16,0,0,16,60,255,0,0,0,0,0,0,0,0,0,0,0,0,0,0,0,0,42,252,140,251,54,251,250,250,98,249,38,255,32,255,70,255
2026-08-03_15-49-30,1,733,0,0.0,0,10.0,3,3,2,0,212,255,0,0,136,0,115,41,129,9,0,255,129,255,0,255,0,108,89,83,121,254,253,254,253,255,112,136,132,32,0,247,89,152,66,104,254,83,254,239,255,191,255,175,126,175,30,2,4,12,0,0,0,136,128,112,104,96,0,0,0,0,0,2,254,6,254,0,0,0,0,0,36,6,130,6,0,0,0,0,0,1,9,3,6,128,0,0,16,0,0,16,60,255,0,0,0,0,0,0,0,0,0,0,0,0,0,0,0,0,42,252,140,251,54,251,250,250,98,249,38,255,32,255,70,255,2,0,70,255,0,0,140,0,113,41,129,9,0,255,129,255,0,255,0,86,89,59,121,254,253,254,253,255,112,136,131,32,0,247,89,184,66,86,254,59,254,239,255,191,255,175,126,175,34,2,4,12,0,0,0,136,128,112,104,128,0,192,0,0,0,2,254,6,254,0,0,0,0,0,36,6,130,6,0,0,0,0,0,1,9,3,6,128,0,0,16,0,0,16,60,255,0,0,0,0,0,0,0,0,0,0,0,0,0,0,0,0,42,252,140,251,54,251,250,250,98,249,38,255,32,255,70,255
2026-08-03_15-49-30,1,734,0,0.0,0,10.0,3,3,2,0,70,255,0,0,140,0,113,41,129,9,0,255,129,255,0,255,0,86,89,59,121,254,253,254,253,255,112,136,131,32,0,247,89,184,66,86,254,59,254,239,255,191,255,175,126,175,34,2,4,12,0,0,0,136,128,112,104,128,0,192,0,0,0,2,254,6,254,0,0,0,0,0,36,6,130,6,0,0,0,0,0,1,9,3,6,128,0,0,16,0,0,16,60,255,0,0,0,0,0,0,0,0,0,0,0,0,0,0,0,0,42,252,140,251,54,251,250,250,98,249,38,255,32,255,70,255,2,0,96,255,0,0,144,0,111,41,129,9,0,255,129,255,0,255,0,113,89,83,121,254,253,254,253,255,112,136,129,32,0,247,89,216,66,112,254,83,254,239,255,191,255,175,126,175,30,0,4,12,0,0,0,136,128,112,104,160,0,128,0,0,0,2,254,6,254,0,0,0,0,0,36,6,130,6,0,0,0,0,0,1,9,3,6,128,0,0,16,0,0,16,60,255,0,0,0,0,0,0,0,0,0,0,0,0,0,0,0,0,42,252,140,251,54,251,250,250,98,249,38,255,32,255,70,255
2026-08-03_15-49-30,1,735,0,0.0,0,10.0,3,3,2,0,96,255,0,0,144,0,111,41,129,9,0,255,129,255,0,255,0,113,89,83,121,254,253,254,253,255,112,136,129,32,0,247,89,216,66,112,254,83,254,239,255,191,255,175,126,175,30,0,4,12,0,0,0,136,128,112,104,160,0,128,0,0,0,2,254,6,254,0,0,0,0,0,36,6,130,6,0,0,0,0,0,1,9,3,6,128,0,0,16,0,0,16,60,255,0,0,0,0,0,0,0,0,0,0,0,0,0,0,0,0,42,252,140,251,54,251,250,250,98,249,38,255,32,255,70,255,2,0,14,255,0,0,148,0,109,41,129,9,0,255,129,255,0,255,0,91,89,59,121,254,253,254,253,255,112,136,127,32,0,247,89,232,66,112,254,59,254,239,255,191,255,175,126,175,33,2,4,12,0,0,0,136,128,112,104,192,0,64,0,0,0,2,254,6,254,0,0,0,0,0,36,6,130,6,0,0,0,0,0,1,9,3,6,128,0,0,16,0,0,16,60,255,0,0,0,0,0,0,0,0,0,0,0,0,0,0,0,0,42,252,140,251,54,251,250,250,98,249,38,255,32,255,70,255
2026-08-03_15-49-30,1,736,0,0.0,0,10.0,3,3,2,0,14,255,0,0,148,0,109,41,129,9,0,255,129,255,0,255,0,91,89,59,121,254,253,254,253,255,112,136,127,32,0,247,89,232,66,112,254,59,254,239,255,191,255,175,126,175,33,2,4,12,0,0,0,136,128,112,104,192,0,64,0,0,0,2,254,6,254,0,0,0,0,0,36,6,130,6,0,0,0,0,0,1,9,3,6,128,0,0,16,0,0,16,60,255,0,0,0,0,0,0,0,0,0,0,0,0,0,0,0,0,42,252,140,251,54,251,250,250,98,249,38,255,32,255,70,255,2,0,234,255,0,0,152,0,107,41,129,9,0,255,129,255,0,255,0,117,89,83,121,254,253,254,253,255,112,136,125,32,0,247,89,8,66,117,254,83,254,239,255,191,255,175,126,175,33,2,4,12,0,0,0,136,128,112,104,224,0,0,0,0,0,2,254,6,254,0,0,0,0,0,36,6,130,6,0,0,0,0,0,1,9,3,6,128,0,0,16,0,0,16,60,255,0,0,0,0,0,0,0,0,0,0,0,0,0,0,0,0,42,252,140,251,54,251,250,250,98,249,38,255,32,255,70,255
2026-08-03_15-49-30,1,737,0,0.0,0,10.0,3,3,2,0,234,255,0,0,152,0,107,41,129,9,0,255,129,255,0,255,0,117,89,83,121,254,253,254,253,255,112,136,125,32,0,247,89,8,66,117,254,83,254,239,255,191,255,175,126,175,33,2,4,12,0,0,0,136,128,112,104,224,0,0,0,0,0,2,254,6,254,0,0,0,0,0,36,6,130,6,0,0,0,0,0,1,9,3,6,128,0,0,16,0,0,16,60,255,0,0,0,0,0,0,0,0,0,0,0,0,0,0,0,0,42,252,140,251,54,251,250,250,98,249,38,255,32,255,70,255,2,0,171,255,0,0,156,0,104,41,129,9,0,255,129,255,0,255,0,95,89,59,121,254,253,254,253,255,112,136,124,32,0,247,89,40,66,95,254,59,254,239,255,191,255,175,126,175,32,2,4,12,0,0,0,136,128,112,104,0,0,192,0,0,0,2,254,6,254,0,0,0,0,0,36,6,130,6,0,0,0,0,0,1,9,3,6,128,0,0,16,0,0,16,60,255,0,0,0,0,0,0,0,0,0,0,0,0,0,0,0,0,42,252,140,251,54,251,250,250,98,249,38,255,32,255,70,255
2026-08-03_15-49-30,1,738,0,0.0,0,10.0,3,3,2,0,171,255,0,0,156,0,104,41,129,9,0,255,129,255,0,255,0,95,89,59,121,254,253,254,253,255,112,136,124,32,0,247,89,40,66,95,254,59,254,239,255,191,255,175,126,175,32,2,4,12,0,0,0,136,128,112,104,0,0,192,0,0,0,2,254,6,254,0,0,0,0,0,36,6,130,6,0,0,0,0,0,1,9,3,6,128,0,0,16,0,0,16,60,255,0,0,0,0,0,0,0,0,0,0,0,0,0,0,0,0,42,252,140,251,54,251,250,250,98,249,38,255,32,255,70,255,2,0,190,255,0,0,160,0,102,41,129,9,0,255,129,255,0,255,0,121,89,83,121,254,253,254,253,255,112,136,122,32,0,247,89,72,66,120,254,83,254,239,255,191,255,175,126,175,32,2,4,12,0,0,0,136,128,112,104,32,0,128,0,0,0,2,254,6,254,0,0,0,0,0,36,6,130,6,0,0,0,0,0,1,9,3,6,128,0,0,16,0,0,16,60,255,0,0,0,0,0,0,0,0,0,0,0,0,0,0,0,0,42,252,140,251,54,251,250,250,98,249,38,255,32,255,70,255
2026-08-03_15-49-30,1,739,0,0.0,0,10.0,3,3,2,0,190,255,0,0,160,0,102,41,129,9,0,255,129,255,0,255,0,121,89,83,121,254,253,254,253,255,112,136,122,32,0,247,89,72,66,120,254,83,254,239,255,191,255,175,126,175,32,2,4,12,0,0,0,136,128,112,104,32,0,128,0,0,0,2,254,6,254,0,0,0,0,0,36,6,130,6,0,0,0,0,0,1,9,3,6,128,0,0,16,0,0,16,60,255,0,0,0,0,0,0,0,0,0,0,0,0,0,0,0,0,42,252,140,251,54,251,250,250,98,249,38,255,32,255,70,255,2,0,229,255,0,0,164,0,100,41,129,9,0,255,129,255,0,255,0,99,89,59,121,254,253,254,253,255,112,136,120,32,0,247,89,88,66,120,254,59,254,239,255,191,255,175,126,175,32,2,4,12,0,0,0,136,128,112,104,64,0,64,0,0,0,2,254,6,254,0,0,0,0,0,36,6,130,6,0,0,0,0,0,1,9,3,6,128,0,0,16,0,0,16,60,255,0,0,0,0,0,0,0,0,0,0,0,0,0,0,0,0,42,252,140,251,54,251,250,250,98,249,38,255,32,255,70,255
2026-08-03_15-49-30,1,740,0,0.0,0,10.0,3,3,2,0,229,255,0,0,164,0,100,41,129,9,0,255,129,255,0,255,0,99,89,59,121,254,253,254,253,255,112,136,120,32,0,247,89,88,66,120,254,59,254,239,255,191,255,175,126,175,32,2,4,12,0,0,0,136,128,112,104,64,0,64,0,0,0,2,254,6,254,0,0,0,0,0,36,6,130,6,0,0,0,0,0,1,9,3,6,128,0,0,16,0,0,16,60,255,0,0,0,0,0,0,0,0,0,0,0,0,0,0,0,0,42,252,140,251,54,251,250,250,98,249,38,255,32,255,70,255,2,0,80,255,0,0,168,0,98,41,129,9,0,255,129,255,0,255,0,125,89,83,121,254,253,254,253,255,112,136,118,32,0,247,89,120,66,125,254,83,254,239,255,191,255,175,126,175,31,2,4,12,0,0,0,136,128,112,104,96,0,0,0,0,0,2,254,6,254,0,0,0,0,0,36,6,130,6,0,0,0,0,0,1,9,3,6,128,0,0,16,0,0,16,60,255,0,0,0,0,0,0,0,0,0,0,0,0,0,0,0,0,42,252,140,251,54,251,250,250,98,249,38,255,32,255,70,255
2026-08-03_15-49-30,1,741,0,0.0,0,10.0,3,3,2,0,80,255,0,0,168,0,98,41,129,9,0,255,129,255,0,255,0,125,89,83,121,254,253,254,253,255,112,136,118,32,0,247,89,120,66,125,254,83,254,239,255,191,255,175,126,175,31,2,4,12,0,0,0,136,128,112,104,96,0,0,0,0,0,2,254,6,254,0,0,0,0,0,36,6,130,6,0,0,0,0,0,1,9,3,6,128,0,0,16,0,0,16,60,255,0,0,0,0,0,0,0,0,0,0,0,0,0,0,0,0,42,252,140,251,54,251,250,250,98,249,38,255,32,255,70,255,2,0,9,255,0,0,172,0,96,41,129,9,0,255,129,255,0,255,0,103,89,59,121,254,253,254,253,255,112,136,117,32,0,247,89,167,66,103,254,59,254,239,255,191,255,175,126,175,30,0,4,12,0,0,0,136,128,112,104,128,0,192,0,0,0,2,254,6,254,0,0,0,0,0,36,6,130,6,0,0,0,0,0,1,9,3,6,128,0,0,16,0,0,16,60,255,0,0,0,0,0,0,0,0,0,0,0,0,0,0,0,0,42,252,140,251,54,251,250,250,98,249,38,255,32,255,70,255
2026-08-03_15-49-30,1,742,0,0.0,0,10.0,3,3,2,0,9,255,0,0,172,0,96,41,129,9,0,255,129,255,0,255,0,103,89,59,121,254,253,254,253,255,112,136,117,32,0,247,89,167,66,103,254,59,254,239,255,191,255,175,126,175,30,0,4,12,0,0,0,136,128,112,104,128,0,192,0,0,0,2,254,6,254,0,0,0,0,0,36,6,130,6,0,0,0,0,0,1,9,3,6,128,0,0,16,0,0,16,60,255,0,0,0,0,0,0,0,0,0,0,0,0,0,0,0,0,42,252,140,251,54,251,250,250,98,249,38,255,32,255,70,255,2,0,159,255,0,0,176,0,94,41,129,9,0,255,129,255,0,255,0,130,89,83,121,254,253,254,253,255,112,136,115,32,0,247,89,199,66,128,254,83,254,239,255,191,255,175,126,175,31,2,4,12,0,0,0,136,128,112,104,160,0,128,0,0,0,2,254,6,254,0,0,0,0,0,36,6,130,6,0,0,0,0,0,1,9,3,6,128,0,0,16,0,0,16,60,255,0,0,0,0,0,0,0,0,0,0,0,0,0,0,0,0,42,252,140,251,54,251,250,250,98,249,38,255,32,255,70,255
2026-08-03_15-49-30,1,743,3,0.0,0,10.0,3,3,2,0,159,255,0,0,176,0,94,41,129,9,0,255,129,255,0,255,0,130,89,83,121,254,253,254,253,255,112,136,115,32,0,247,89,199,66,128,254,83,254,239,255,191,255,175,126,175,31,2,4,12,0,0,0,136,128,112,104,160,0,128,0,0,0,2,254,6,254,0,0,0,0,0,36,6,130,6,0,0,0,0,0,1,9,3,6,128,0,0,16,0,0,16,60,255,0,0,0,0,0,0,0,0,0,0,0,0,0,0,0,0,42,252,140,251,54,251,250,250,98,249,38,255,32,255,70,255,2,0,254,255,0,0,180,0,92,41,129,9,0,255,129,255,0,255,0,108,89,59,121,254,253,254,253,255,112,136,113,32,0,247,89,215,66,128,254,59,254,239,255,191,255,175,126,175,31,2,4,12,0,0,0,136,128,112,104,192,0,64,0,0,0,2,254,6,254,0,0,0,0,0,36,6,130,6,0,0,0,0,0,1,9,3,6,128,0,0,16,0,0,16,60,255,0,0,0,0,0,0,0,0,0,0,0,0,0,0,0,0,42,252,140,251,54,251,250,250,98,249,38,255,32,255,70,255
2026-08-03_15-49-30,1,744,3,0.0,0,10.0,3,3,2,0,254,255,0,0,180,0,92,41,129,9,0,255,129,255,0,255,0,108,89,59,121,254,253,254,253,255,112,136,113,32,0,247,89,215,66,128,254,59,254,239,255,191,255,175,126,175,31,2,4,12,0,0,0,136,128,112,104,192,0,64,0,0,0,2,254,6,254,0,0,0,0,0,36,6,130,6,0,0,0,0,0,1,9,3,6,128,0,0,16,0,0,16,60,255,0,0,0,0,0,0,0,0,0,0,0,0,0,0,0,0,42,252,140,251,54,251,250,250,98,249,38,255,32,255,70,255,2,0,225,255,0,0,184,0,90,41,128,9,0,255,129,255,0,255,0,134,89,95,121,254,253,254,253,255,112,136,112,32,0,247,89,247,66,134,254,95,254,239,255,239,255,175,126,175,30,2,4,12,0,12,0,136,128,112,104,224,0,0,0,0,0,2,254,6,254,0,0,0,0,0,36,6,130,6,0,0,0,0,0,1,9,3,6,128,0,0,16,0,0,16,60,255,0,0,0,0,0,0,0,0,0,0,0,0,0,0,0,0,126,252,128,251,54,251,250,250,98,249,38,255,32,255,70,255
2026-08-03_15-49-30,1,745,3,0.0,0,10.0,3,3,2,0,225,255,0,0,184,0,90,41,128,9,0,255,129,255,0,255,0,134,89,95,121,254,253,254,253,255,112,136,112,32,0,247,89,247,66,134,254,95,254,239,255,239,255,175,126,175,30,2,4,12,0,12,0,136,128,112,104,224,0,0,0,0,0,2,254,6,254,0,0,0,0,0,36,6,130,6,0,0,0,0,0,1,9,3,6,128,0,0,16,0,0,16,60,255,0,0,0,0,0,0,0,0,0,0,0,0,0,0,0,0,126,252,128,251,54,251,250,250,98,249,38,255,32,255,70,255,2,0,23,255,0,0,188,0,89,41,127,9,0,255,127,0,0,255,0,99,89,73,121,254,253,254,253,255,114,136,112,32,0,231,89,247,66,99,254,73,254,127,255,239,255,111,222,111,30,0,4,0,0,12,0,136,128,112,104,120,0,192,0,0,0,2,254,6,254,0,0,0,0,0,36,6,130,6,0,0,0,0,0,1,9,3,6,128,0,0,16,0,0,16,60,255,0,0,0,0,0,0,0,0,0,0,0,0,0,0,0,0,126,252,128,251,54,251,250,250,98,249,38,255,32,255,70,255
2026-08-03_15-49-30,1,746,0,0.0,0,10.0,3,3,2,0,23,255,0,0,188,0,89,41,127,9,0,255,127,0,0,255,0,99,89,73,121,254,253,254,253,255,114,136,112,32,0,231,89,247,66,99,254,73,254,127,255,239,255,111,222,111,30,0,4,0,0,12,0,136,128,112,104,120,0,192,0,0,0,2,254,6,254,0,0,0,0,0,36,6,130,6,0,0,0,0,0,1,9,3,6,128,0,0,16,0,0,16,60,255,0,0,0,0,0,0,0,0,0,0,0,0,0,0,0,0,126,252,128,251,54,251,250,250,98,249,38,255,32,255,70,255,2,0,120,255,0,0,192,0,89,41,125,9,0,255,255,0,0,255,0,123,89,99,121,254,253,254,253,255,116,136,112,32,0,183,89,247,66,123,254,99,254,127,255,239,255,111,222,111,30,0,4,0,0,12,0,136,128,112,104,152,0,128,0,0,0,2,254,6,254,0,0,0,0,0,36,6,130,6,0,0,0,0,0,1,9,3,6,128,0,0,16,0,0,16,60,255,0,0,0,0,0,0,0,0,0,0,0,0,0,0,0,0,126,252,128,251,54,251,250,250,98,249,38,255,32,255,70,255
2026-08-03_15-49-30,1,747,0,0.0,0,10.0,3,3,2,0,120,255,0,0,192,0,89,41,125,9,0,255,255,0,0,255,0,123,89,99,121,254,253,254,253,255,116,136,112,32,0,183,89,247,66,123,254,99,254,127,255,239,255,111,222,111,30,0,4,0,0,12,0,136,128,112,104,152,0,128,0,0,0,2,254,6,254,0,0,0,0,0,36,6,130,6,0,0,0,0,0,1,9,3,6,128,0,0,16,0,0,16,60,255,0,0,0,0,0,0,0,0,0,0,0,0,0,0,0,0,126,252,128,251,54,251,250,250,98,249,38,255,32,255,70,255,2,0,141,255,0,0,196,0,89,41,123,9,0,255,255,0,0,255,0,99,89,76,121,254,253,254,253,255,118,136,112,32,0,151,89,247,66,99,254,76,254,127,255,239,255,111,222,111,30,0,4,0,0,12,0,136,128,112,104,184,0,64,0,0,0,2,254,6,254,0,0,0,0,0,36,6,130,6,0,0,0,0,0,1,9,3,6,128,0,0,16,0,0,16,60,255,0,0,0,0,0,0,0,0,0,0,0,0,0,0,0,0,126,252,128,251,54,251,250,250,98,249,38,255,32,255,70,255
2026-08-03_15-49-30,1,748,0,0.0,0,10.0,3,3,2,0,141,255,0,0,196,0,89,41,123,9,0,255,255,0,0,255,0,99,89,76,121,254,253,254,253,255,118,136,112,32,0,151,89,247,66,99,254,76,254,127,255,239,255,111,222,111,30,0,4,0,0,12,0,136,128,112,104,184,0,64,0,0,0,2,254,6,254,0,0,0,0,0,36,6,130,6,0,0,0,0,0,1,9,3,6,128,0,0,16,0,0,16,60,255,0,0,0,0,0,0,0,0,0,0,0,0,0,0,0,0,126,252,128,251,54,251,250,250,98,249,38,255,32,255,70,255,2,0,208,255,0,0,200,0,89,41,121,9,0,255,255,0,0,255,0,123,89,102,121,254,253,254,253,255,120,136,112,32,0,104,89,247,66,123,254,101,254,127,255,239,255,111,222,111,30,0,4,0,0,12,0,136,128,112,104,216,0,0,0,0,0,2,254,6,254,0,0,0,0,0,36,6,130,6,0,0,0,0,0,1,9,3,6,128,0,0,16,0,0,16,60,255,0,0,0,0,0,0,0,0,0,0,0,0,0,0,0,0,126,252,128,251,54,251,250,250,98,249,38,255,32,255,70,255
2026-08-03_15-49-30,1,749,0,0.0,0,10.0,3,3,2,0,208,255,0,0,200,0,89,41,121,9,0,255,255,0,0,255,0,123,89,102,121,254,253,254,253,255,120,136,112,32,0,104,89,247,66,123,254,101,254,127,255,239,255,111,222,111,30,0,4,0,0,12,0,136,128,112,104,216,0,0,0,0,0,2,254,6,254,0,0,0,0,0,36,6,130,6,0,0,0,0,0,1,9,3,6,128,0,0,16,0,0,16,60,255,0,0,0,0,0,0,0,0,0,0,0,0,0,0,0,0,126,252,128,251,54,251,250,250,98,249,38,255,32,255,70,255,2,0,1,255,0,0,204,0,89,41,120,9,0,255,255,0,0,255,0,99,89,80,121,254,253,254,253,255,122,136,112,32,0,72,89,247,66,99,254,101,254,127,255,239,255,111,222,111,30,2,4,0,0,12,0,136,128,112,104,248,0,192,0,0,0,2,254,6,254,0,0,0,0,0,36,6,130,6,0,0,0,0,0,1,9,3,6,128,0,0,16,0,0,16,60,255,0,0,0,0,0,0,0,0,0,0,0,0,0,0,0,0,126,252,128,251,54,251,250,250,98,249,38,255,32,255,70,255
2026-08-03_15-49-30,1,750,0,0.0,0,10.0,3,3,2,0,1,255,0,0,204,0,89,41,120,9,0,255,255,0,0,255,0,99,89,80,121,254,253,254,253,255,122,136,112,32,0,72,89,247,66,99,254,101,254,127,255,239,255,111,222,111,30,2,4,0,0,12,0,136,128,112,104,248,0,192,0,0,0,2,254,6,254,0,0,0,0,0,36,6,130,6,0,0,0,0,0,1,9,3,6,128,0,0,16,0,0,16,60,255,0,0,0,0,0,0,0,0,0,0,0,0,0,0,0,0,126,252,128,251,54,251,250,250,98,249,38,255,32,255,70,255,2,0,17,255,0,0,208,0,89,41,118,9,0,255,255,0,0,255,0,123,89,106,121,254,253,254,253,255,124,136,112,32,0,40,89,247,66,123,254,106,254,127,255,239,255,111,222,111,30,0,4,0,0,12,0,136,128,112,104,8,0,128,0,0,0,2,254,6,254,0,0,0,0,0,36,6,130,6,0,0,0,0,0,1,9,3,6,128,0,0,16,0,0,16,60,255,0,0,0,0,0,0,0,0,0,0,0,0,0,0,0,0,126,252,128,251,54,251,250,250,98,249,38,255,32,255,70,255
2026-08-03_15-49-30,1,751,0,0.0,0,10.0,3,3,2,0,17,255,0,0,208,0,89,41,118,9,0,255,255,0,0,255,0,123,89,106,121,254,253,254,253,255,124,136,112,32,0,40,89,247,66,123,254,106,254,127,255,239,255,111,222,111,30,0,4,0,0,12,0,136,128,112,104,8,0,128,0,0,0,2,254,6,254,0,0,0,0,0,36,6,130,6,0,0,0,0,0,1,9,3,6,128,0,0,16,0,0,16,60,255,0,0,0,0,0,0,0,0,0,0,0,0,0,0,0,0,126,252,128,251,54,251,250,250,98,249,38,255,32,255,70,255,2,0,28,255,0,0,212,0,89,41,116,9,0,255,255,0,0,255,0,99,89,83,121,254,253,254,253,255,124,136,112,32,0,40,89,247,66,99,254,83,254,127,255,239,255,111,222,111,30,0,4,0,0,12,0,136,128,112,104,8,0,64,0,0,0,2,254,6,254,0,0,0,0,0,36,6,130,6,0,0,0,0,0,1,9,3,6,128,0,0,16,0,0,16,60,255,0,0,0,0,0,0,0,0,0,0,0,0,0,0,0,0,126,252,128,251,54,251,250,250,98,249,38,255,32,255,70,255
2026-08-03_15-49-30,1,752,0,0.0,0,10.0,3,3,2,0,28,255,0,0,212,0,89,41,116,9,0,255,255,0,0,255,0,99,89,83,121,254,253,254,253,255,124,136,112,32,0,40,89,247,66,99,254,83,254,127,255,239,255,111,222,111,30,0,4,0,0,12,0,136,128,112,104,8,0,64,0,0,0,2,254,6,254,0,0,0,0,0,36,6,130,6,0,0,0,0,0,1,9,3,6,128,0,0,16,0,0,16,60,255,0,0,0,0,0,0,0,0,0,0,0,0,0,0,0,0,126,252,128,251,54,251,250,250,98,249,38,255,32,255,70,255,2,0,196,255,0,0,216,0,89,41,114,9,0,255,255,0,0,255,0,123,89,109,121,254,253,254,253,255,124,136,112,32,0,40,89,247,66,123,254,109,254,127,255,239,255,111,222,111,30,0,4,0,0,12,0,136,128,112,104,8,0,0,0,0,0,2,254,6,254,0,0,0,0,0,36,6,130,6,0,0,0,0,0,1,9,3,6,128,0,0,16,0,0,16,60,255,0,0,0,0,0,0,0,0,0,0,0,0,0,0,0,0,126,252,128,251,54,251,250,250,98,249,38,255,32,255,70,255
2026-08-03_15-49-30,1,753,0,0.0,0,10.0,3,3,2,0,196,255,0,0,216,0,89,41,114,9,0,255,255,0,0,255,0,123,89,109,121,254,253,254,253,255,124,136,112,32,0,40,89,247,66,123,254,109,254,127,255,239,255,111,222,111,30,0,4,0,0,12,0,136,128,112,104,8,0,0,0,0,0,2,254,6,254,0,0,0,0,0,36,6,130,6,0,0,0,0,0,1,9,3,6,128,0,0,16,0,0,16,60,255,0,0,0,0,0,0,0,0,0,0,0,0,0,0,0,0,126,252,128,251,54,251,250,250,98,249,38,255,32,255,70,255,2,0,75,255,0,0,220,0,89,41,113,9,0,255,255,0,0,255,0,99,89,87,121,254,253,254,253,255,124,136,112,32,0,40,89,247,66,99,254,109,254,127,255,239,255,111,222,111,30,2,4,0,0,12,0,136,128,112,104,8,0,192,0,0,0,2,254,6,254,0,0,0,0,0,36,6,130,6,0,0,0,0,0,1,9,3,6,128,0,0,16,0,0,16,60,255,0,0,0,0,0,0,0,0,0,0,0,0,0,0,0,0,126,252,128,251,54,251,250,250,98,249,38,255,32,255,70,255
2026-08-03_15-49-30,1,754,0,0.0,0,10.0,3,3,2,0,75,255,0,0,220,0,89,41,113,9,0,255,255,0,0,255,0,99,89,87,121,254,253,254,253,255,124,136,112,32,0,40,89,247,66,99,254,109,254,127,255,239,255,111,222,111,30,2,4,0,0,12,0,136,128,112,104,8,0,192,0,0,0,2,254,6,254,0,0,0,0,0,36,6,130,6,0,0,0,0,0,1,9,3,6,128,0,0,16,0,0,16,60,255,0,0,0,0,0,0,0,0,0,0,0,0,0,0,0,0,126,252,128,251,54,251,250,250,98,249,38,255,32,255,70,255,2,0,184,255,0,0,224,0,89,41,111,9,0,255,255,0,0,255,0,123,89,113,121,254,253,254,253,255,124,136,112,32,0,40,89,247,66,123,254,109,254,127,255,239,255,111,222,111,30,0,4,0,0,12,0,136,128,112,104,8,0,128,0,0,0,2,254,6,254,0,0,0,0,0,36,6,130,6,0,0,0,0,0,1,9,3,6,128,0,0,16,0,0,16,60,255,0,0,0,0,0,0,0,0,0,0,0,0,0,0,0,0,126,252,128,251,54,251,250,250,98,249,38,255,32,255,70,255
2026-08-03_15-49-30,1,755,0,0.0,0,10.0,3,3,2,0,184,255,0,0,224,0,89,41,111,9,0,255,255,0,0,255,0,123,89,113,121,254,253,254,253,255,124,136,112,32,0,40,89,247,66,123,254,109,254,127,255,239,255,111,222,111,30,0,4,0,0,12,0,136,128,112,104,8,0,128,0,0,0,2,254,6,254,0,0,0,0,0,36,6,130,6,0,0,0,0,0,1,9,3,6,128,0,0,16,0,0,16,60,255,0,0,0,0,0,0,0,0,0,0,0,0,0,0,0,0,126,252,128,251,54,251,250,250,98,249,38,255,32,255,70,255,2,0,129,255,0,0,228,0,89,41,109,9,0,255,255,0,0,255,0,99,89,90,121,254,253,254,253,255,124,136,112,32,0,40,89,247,66,99,254,109,254,127,255,239,255,111,222,111,30,0,4,0,0,12,0,136,128,112,104,8,0,64,0,0,0,2,254,6,254,0,0,0,0,0,36,6,130,6,0,0,0,0,0,1,9,3,6,128,0,0,16,0,0,16,60,255,0,0,0,0,0,0,0,0,0,0,0,0,0,0,0,0,126,252,128,251,54,251,250,250,98,249,38,255,32,255,70,255
2026-08-03_15-49-30,1,756,0,0.0,0,10.0,3,3,2,0,129,255,0,0,228,0,89,41,109,9,0,255,255,0,0,255,0,99,89,90,121,254,253,254,253,255,124,136,112,32,0,40,89,247,66,99,254,109,254,127,255,239,255,111,222,111,30,0,4,0,0,12,0,136,128,112,104,8,0,64,0,0,0,2,254,6,254,0,0,0,0,0,36,6,130,6,0,0,0,0,0,1,9,3,6,128,0,0,16,0,0,16,60,255,0,0,0,0,0,0,0,0,0,0,0,0,0,0,0,0,126,252,128,251,54,251,250,250,98,249,38,255,32,255,70,255,2,0,25,255,0,0,232,0,89,41,107,9,0,255,255,0,0,255,0,123,89,116,121,254,253,254,253,255,124,136,112,32,0,40,89,247,66,123,254,116,254,127,255,239,255,111,222,111,30,0,4,0,0,12,0,136,128,112,104,8,0,0,0,0,0,2,254,6,254,0,0,0,0,0,36,6,130,6,0,0,0,0,0,1,9,3,6,128,0,0,16,0,0,16,60,255,0,0,0,0,0,0,0,0,0,0,0,0,0,0,0,0,126,252,128,251,54,251,250,250,98,249,38,255,32,255,70,255
2026-08-03_15-49-30,1,757,0,0.0,0,10.0,3,3,2,0,25,255,0,0,232,0,89,41,107,9,0,255,255,0,0,255,0,123,89,116,121,254,253,254,253,255,124,136,112,32,0,40,89,247,66,123,254,116,254,127,255,239,255,111,222,111,30,0,4,0,0,12,0,136,128,112,104,8,0,0,0,0,0,2,254,6,254,0,0,0,0,0,36,6,130,6,0,0,0,0,0,1,9,3,6,128,0,0,16,0,0,16,60,255,0,0,0,0,0,0,0,0,0,0,0,0,0,0,0,0,126,252,128,251,54,251,250,250,98,249,38,255,32,255,70,255,2,0,146,255,0,0,236,0,89,41,106,9,0,255,255,0,0,255,0,99,89,94,121,254,253,254,253,255,124,136,112,32,0,40,89,247,66,99,254,117,254,127,255,239,255,111,222,111,30,0,4,0,0,12,0,136,128,112,104,8,0,192,0,0,0,2,254,6,254,0,0,0,0,0,36,6,130,6,0,0,0,0,0,1,9,3,6,128,0,0,16,0,0,16,60,255,0,0,0,0,0,0,0,0,0,0,0,0,0,0,0,0,126,252,128,251,54,251,250,250,98,249,38,255,32,255,70,255
2026-08-03_15-49-30,1,758,5,0.0,0,10.0,3,3,2,0,146,255,0,0,236,0,89,41,106,9,0,255,255,0,0,255,0,99,89,94,121,254,253,254,253,255,124,136,112,32,0,40,89,247,66,99,254,117,254,127,255,239,255,111,222,111,30,0,4,0,0,12,0,136,128,112,104,8,0,192,0,0,0,2,254,6,254,0,0,0,0,0,36,6,130,6,0,0,0,0,0,1,9,3,6,128,0,0,16,0,0,16,60,255,0,0,0,0,0,0,0,0,0,0,0,0,0,0,0,0,126,252,128,251,54,251,250,250,98,249,38,255,32,255,70,255,2,0,38,255,0,0,240,0,90,41,104,9,0,255,255,0,0,255,0,134,89,120,121,254,253,254,253,255,124,136,112,32,0,40,89,247,66,134,254,117,254,223,255,239,255,111,222,111,30,2,4,12,0,12,0,136,128,112,104,160,0,128,0,0,0,2,254,6,254,0,0,0,0,0,36,6,130,6,0,0,0,0,0,1,9,3,6,128,0,0,16,0,0,16,60,255,0,0,0,0,0,0,0,0,0,0,0,0,0,0,0,0,126,252,128,251,54,251,250,250,98,249,38,255,32,255,70,255
2026-08-03_15-49-30,1,759,5,0.0,0,10.0,3,3,2,0,38,255,0,0,240,0,90,41,104,9,0,255,255,0,0,255,0,134,89,120,121,254,253,254,253,255,124,136,112,32,0,40,89,247,66,134,254,117,254,223,255,239,255,111,222,111,30,2,4,12,0,12,0,136,128,112,104,160,0,128,0,0,0,2,254,6,254,0,0,0,0,0,36,6,130,6,0,0,0,0,0,1,9,3,6,128,0,0,16,0,0,16,60,255,0,0,0,0,0,0,0,0,0,0,0,0,0,0,0,0,126,252,128,251,54,251,250,250,98,249,38,255,32,255,70,255,2,0,110,255,0,0,244,0,92,41,102,9,0,255,255,0,0,255,0,108,89,97,121,254,253,254,253,255,124,136,112,32,0,40,89,247,66,128,254,117,254,223,255,239,255,111,222,111,30,2,4,12,0,12,0,136,128,112,104,192,0,64,0,0,0,2,254,6,254,0,0,0,0,0,36,6,130,6,0,0,0,0,0,1,9,3,6,128,0,0,16,0,0,16,60,255,0,0,0,0,0,0,0,0,0,0,0,0,0,0,0,0,126,252,128,251,54,251,250,250,98,249,38,255,32,255,70,255
2026-08-03_15-49-30,1,760,0,0.0,0,10.0,3,3,2,0,110,255,0,0,244,0,92,41,102,9,0,255,255,0,0,255,0,108,89,97,121,254,253,254,253,255,124,136,112,32,0,40,89,247,66,128,254,117,254,223,255,239,255,111,222,111,30,2,4,12,0,12,0,136,128,112,104,192,0,64,0,0,0,2,254,6,254,0,0,0,0,0,36,6,130,6,0,0,0,0,0,1,9,3,6,128,0,0,16,0,0,16,60,255,0,0,0,0,0,0,0,0,0,0,0,0,0,0,0,0,126,252,128,251,54,251,250,250,98,249,38,255,32,255,70,255,2,0,228,255,0,0,248,0,94,41,100,9,0,255,255,0,0,255,0,130,89,123,121,254,253,254,253,255,124,136,112,32,0,40,89,247,66,128,254,123,254,223,255,239,255,111,222,111,30,2,4,12,0,12,0,136,128,112,104,224,0,0,0,0,0,2,254,6,254,0,0,0,0,0,36,6,130,6,0,0,0,0,0,1,9,3,6,128,0,0,16,0,0,16,60,255,0,0,0,0,0,0,0,0,0,0,0,0,0,0,0,0,126,252,128,251,54,251,250,250,98,249,38,255,32,255,70,255
2026-08-03_15-49-30,1,761,0,0.0,0,10.0,3,3,2,0,228,255,0,0,248,0,94,41,100,9,0,255,255,0,0,255,0,130,89,123,121,254,253,254,253,255,124,136,112,32,0,40,89,247,66,128,254,123,254,223,255,239,255,111,222,111,30,2,4,12,0,12,0,136,128,112,104,224,0,0,0,0,0,2,254,6,254,0,0,0,0,0,36,6,130,6,0,0,0,0,0,1,9,3,6,128,0,0,16,0,0,16,60,255,0,0,0,0,0,0,0,0,0,0,0,0,0,0,0,0,126,252,128,251,54,251,250,250,98,249,38,255,32,255,70,255,2,0,65,255,0,0,252,0,97,41,99,9,0,255,255,0,0,255,0,104,89,101,121,254,253,254,253,255,124,136,112,32,0,40,89,247,66,104,254,101,254,223,255,239,255,111,222,111,30,2,4,12,0,12,0,136,128,112,104,0,0,192,0,0,0,2,254,6,254,0,0,0,0,0,36,6,130,6,0,0,0,0,0,1,9,3,6,128,0,0,16,0,0,16,60,255,0,0,0,0,0,0,0,0,0,0,0,0,0,0,0,0,126,252,128,251,54,251,250,250,98,249,38,255,32,255,70,255
2026-08-03_15-49-30,1,762,0,0.0,0,10.0,3,3,2,0,65,255,0,0,252,0,97,41,99,9,0,255,255,0,0,255,0,104,89,101,121,254,253,254,253,255,124,136,112,32,0,40,89,247,66,104,254,101,254,223,255,239,255,111,222,111,30,2,4,12,0,12,0,136,128,112,104,0,0,192,0,0,0,2,254,6,254,0,0,0,0,0,36,6,130,6,0,0,0,0,0,1,9,3,6,128,0,0,16,0,0,16,60,255,0,0,0,0,0,0,0,0,0,0,0,0,0,0,0,0,126,252,128,251,54,251,250,250,98,249,38,255,32,255,70,255,2,0,21,255,0,0,0,1,99,41,97,9,0,255,255,0,0,255,0,126,89,127,121,254,253,254,253,255,124,136,112,32,0,40,89,247,66,127,254,125,254,223,255,239,255,175,222,95,30,2,4,12,0,12,0,136,128,112,104,32,0,128,0,0,0,2,254,6,254,0,0,0,0,0,36,6,130,6,0,0,0,0,0,1,9,3,6,216,0,0,16,0,0,16,60,255,0,0,0,0,0,0,0,0,0,0,0,0,0,0,0,0,126,252,128,251,54,251,13,251,98,249,38,255,32,255,70,255
2026-08-03_15-49-30,1,763,0,0.0,0,10.0,3,3,2,0,21,255,0,0,0,1,99,41,97,9,0,255,255,0,0,255,0,126,89,127,121,254,253,254,253,255,124,136,112,32,0,40,89,247,66,127,254,125,254,223,255,239,255,175,222,95,30,2,4,12,0,12,0,136,128,112,104,32,0,128,0,0,0,2,254,6,254,0,0,0,0,0,36,6,130,6,0,0,0,0,0,1,9,3,6,216,0,0,16,0,0,16,60,255,0,0,0,0,0,0,0,0,0,0,0,0,0,0,0,0,126,252,128,251,54,251,13,251,98,249,38,255,32,255,70,255,2,0,91,255,0,0,4,1,101,41,95,9,0,255,255,0,0,255,0,100,89,104,121,254,253,254,253,255,124,136,112,32,0,40,89,247,66,104,254,100,254,223,255,239,255,175,222,95,30,2,4,12,0,12,0,136,128,112,104,64,0,64,0,0,0,2,254,6,254,0,0,0,0,0,36,6,130,6,0,0,0,0,0,1,9,3,6,216,0,0,16,0,0,16,60,255,0,0,0,0,0,0,0,0,0,0,0,0,0,0,0,0,126,252,128,251,54,251,13,251,98,249,38,255,32,255,70,255
2026-08-03_15-49-30,1,764,0,0.0,0,10.0,3,3,2,0,91,255,0,0,4,1,101,41,95,9,0,255,255,0,0,255,0,100,89,104,121,254,253,254,253,255,124,136,112,32,0,40,89,247,66,104,254,100,254,223,255,239,255,175,222,95,30,2,4,12,0,12,0,136,128,112,104,64,0,64,0,0,0,2,254,6,254,0,0,0,0,0,36,6,130,6,0,0,0,0,0,1,9,3,6,216,0,0,16,0,0,16,60,255,0,0,0,0,0,0,0,0,0,0,0,0,0,0,0,0,126,252,128,251,54,251,13,251,98,249,38,255,32,255,70,255,2,0,181,255,0,0,8,1,103,41,93,9,0,255,255,0,0,255,0,122,89,130,121,254,253,254,253,255,124,136,112,32,0,40,89,247,66,128,254,122,254,223,255,239,255,175,222,95,30,2,4,12,0,12,0,136,128,112,104,96,0,0,0,0,0,2,254,6,254,0,0,0,0,0,36,6,130,6,0,0,0,0,0,1,9,3,6,216,0,0,16,0,0,16,60,255,0,0,0,0,0,0,0,0,0,0,0,0,0,0,0,0,126,252,128,251,54,251,13,251,98,249,38,255,32,255,70,255
2026-08-03_15-49-30,1,765,3,0.0,0,10.0,3,3,2,0,181,255,0,0,8,1,103,41,93,9,0,255,255,0,0,255,0,122,89,130,121,254,253,254,253,255,124,136,112,32,0,40,89,247,66,128,254,122,254,223,255,239,255,175,222,95,30,2,4,12,0,12,0,136,128,112,104,96,0,0,0,0,0,2,254,6,254,0,0,0,0,0,36,6,130,6,0,0,0,0,0,1,9,3,6,216,0,0,16,0,0,16,60,255,0,0,0,0,0,0,0,0,0,0,0,0,0,0,0,0,126,252,128,251,54,251,13,251,98,249,38,255,32,255,70,255,2,0,89,255,0,0,12,0,105,41,92,9,0,255,255,0,0,255,0,96,89,108,121,254,253,254,253,255,124,136,112,32,0,40,89,247,66,128,254,117,254,223,255,239,255,175,222,95,30,2,4,12,0,12,0,136,128,112,104,128,0,192,0,0,0,2,254,6,254,0,0,0,0,0,36,6,130,6,0,0,0,0,0,1,9,3,6,216,0,0,16,0,0,16,60,255,0,0,0,0,0,0,0,0,0,0,0,0,0,0,0,0,126,252,128,251,54,251,13,251,98,249,38,255,32,255,70,255
2026-08-03_15-49-30,1,766,3,0.0,0,10.0,3,3,2,0,89,255,0,0,12,0,105,41,92,9,0,255,255,0,0,255,0,96,89,108,121,254,253,254,253,255,124,136,112,32,0,40,89,247,66,128,254,117,254,223,255,239,255,175,222,95,30,2,4,12,0,12,0,136,128,112,104,128,0,192,0,0,0,2,254,6,254,0,0,0,0,0,36,6,130,6,0,0,0,0,0,1,9,3,6,216,0,0,16,0,0,16,60,255,0,0,0,0,0,0,0,0,0,0,0,0,0,0,0,0,126,252,128,251,54,251,13,251,98,249,38,255,32,255,70,255,2,0,150,255,0,0,16,0,107,41,90,9,0,255,255,0,0,255,0,117,89,134,121,254,253,254,253,255,124,136,112,32,0,40,89,247,66,134,254,117,254,223,255,239,255,175,222,95,33,0,4,12,0,12,0,136,128,112,104,160,0,128,0,0,0,2,254,6,254,0,0,0,0,0,36,6,130,6,0,0,0,0,0,1,9,3,6,216,0,0,16,0,0,16,60,255,0,0,0,0,0,0,0,0,0,0,0,0,0,0,0,0,126,252,128,251,54,251,13,251,98,249,38,255,32,255,70,255
2026-08-03_15-49-30,1,767,3,0.0,0,10.0,3,3,2,0,150,255,0,0,16,0,107,41,90,9,0,255,255,0,0,255,0,117,89,134,121,254,253,254,253,255,124,136,112,32,0,40,89,247,66,134,254,117,254,223,255,239,255,175,222,95,33,0,4,12,0,12,0,136,128,112,104,160,0,128,0,0,0,2,254,6,254,0,0,0,0,0,36,6,130,6,0,0,0,0,0,1,9,3,6,216,0,0,16,0,0,16,60,255,0,0,0,0,0,0,0,0,0,0,0,0,0,0,0,0,126,252,128,251,54,251,13,251,98,249,38,255,32,255,70,255,2,0,97,255,0,0,20,0,109,41,89,9,0,255,255,0,0,0,0,91,89,99,121,254,253,254,253,255,124,136,113,32,0,40,89,231,66,99,254,91,254,223,255,127,255,95,191,95,33,2,4,12,0,0,0,136,128,112,104,192,0,208,0,0,0,2,254,6,254,0,0,0,0,0,36,6,130,6,0,0,0,0,0,1,9,3,6,216,0,0,16,0,0,16,60,255,0,0,0,0,0,0,0,0,0,0,0,0,0,0,0,0,229,251,146,251,54,251,250,250,98,249,38,255,32,255,70,255
2026-08-03_15-49-30,1,768,0,0.0,0,10.0,3,3,2,0,97,255,0,0,20,0,109,41,89,9,0,255,255,0,0,0,0,91,89,99,121,254,253,254,253,255,124,136,113,32,0,40,89,231,66,99,254,91,254,223,255,127,255,95,191,95,33,2,4,12,0,0,0,136,128,112,104,192,0,208,0,0,0,2,254,6,254,0,0,0,0,0,36,6,130,6,0,0,0,0,0,1,9,3,6,216,0,0,16,0,0,16,60,255,0,0,0,0,0,0,0,0,0,0,0,0,0,0,0,0,229,251,146,251,54,251,250,250,98,249,38,255,32,255,70,255,2,0,31,255,0,0,24,0,111,41,89,9,0,255,255,0,0,0,0,113,89,123,121,254,253,254,253,255,124,136,115,32,0,40,89,199,66,123,254,109,254,223,255,127,255,95,191,95,33,2,4,12,0,0,0,136,128,112,104,224,0,144,0,0,0,2,254,6,254,0,0,0,0,0,36,6,130,6,0,0,0,0,0,1,9,3,6,216,0,0,16,0,0,16,60,255,0,0,0,0,0,0,0,0,0,0,0,0,0,0,0,0,229,251,146,251,54,251,250,250,98,249,38,255,32,255,70,255
2026-08-03_15-49-30,1,769,0,0.0,0,10.0,3,3,2,0,31,255,0,0,24,0,111,41,89,9,0,255,255,0,0,0,0,113,89,123,121,254,253,254,253,255,124,136,115,32,0,40,89,199,66,123,254,109,254,223,255,127,255,95,191,95,33,2,4,12,0,0,0,136,128,112,104,224,0,144,0,0,0,2,254,6,254,0,0,0,0,0,36,6,130,6,0,0,0,0,0,1,9,3,6,216,0,0,16,0,0,16,60,255,0,0,0,0,0,0,0,0,0,0,0,0,0,0,0,0,229,251,146,251,54,251,250,250,98,249,38,255,32,255,70,255,2,0,246,255,0,0,28,0,113,41,89,9,0,255,255,0,0,0,0,87,89,99,121,254,253,254,253,255,124,136,117,32,0,40,89,183,66,99,254,109,254,223,255,127,255,95,191,95,31,2,4,12,0,0,0,136,128,112,104,120,0,80,0,0,0,2,254,6,254,0,0,0,0,0,36,6,130,6,0,0,0,0,0,1,9,3,6,216,0,0,16,0,0,16,60,255,0,0,0,0,0,0,0,0,0,0,0,0,0,0,0,0,229,251,146,251,54,251,250,250,98,249,38,255,32,255,70,255
2026-08-03_15-49-30,1,770,0,0.0,0,10.0,3,3,2,0,246,255,0,0,28,0,113,41,89,9,0,255,255,0,0,0,0,87,89,99,121,254,253,254,253,255,124,136,117,32,0,40,89,183,66,99,254,109,254,223,255,127,255,95,191,95,31,2,4,12,0,0,0,136,128,112,104,120,0,80,0,0,0,2,254,6,254,0,0,0,0,0,36,6,130,6,0,0,0,0,0,1,9,3,6,216,0,0,16,0,0,16,60,255,0,0,0,0,0,0,0,0,0,0,0,0,0,0,0,0,229,251,146,251,54,251,250,250,98,249,38,255,32,255,70,255,2,0,111,255,0,0,32,0,113,41,89,9,0,255,255,0,0,0,0,111,89,123,121,254,253,254,253,255,124,136,119,32,0,40,89,151,66,123,254,109,254,223,255,127,255,95,191,95,32,0,4,12,0,0,0,136,128,112,104,120,0,16,0,0,0,2,254,6,254,0,0,0,0,0,36,6,130,6,0,0,0,0,0,1,9,3,6,216,0,0,16,0,0,16,60,255,0,0,0,0,0,0,0,0,0,0,0,0,0,0,0,0,229,251,146,251,54,251,250,250,98,249,38,255,32,255,70,255
2026-08-03_15-49-30,1,771,0,0.0,0,10.0,3,3,2,0,111,255,0,0,32,0,113,41,89,9,0,255,255,0,0,0,0,111,89,123,121,254,253,254,253,255,124,136,119,32,0,40,89,151,66,123,254,109,254,223,255,127,255,95,191,95,32,0,4,12,0,0,0,136,128,112,104,120,0,16,0,0,0,2,254,6,254,0,0,0,0,0,36,6,130,6,0,0,0,0,0,1,9,3,6,216,0,0,16,0,0,16,60,255,0,0,0,0,0,0,0,0,0,0,0,0,0,0,0,0,229,251,146,251,54,251,250,250,98,249,38,255,32,255,70,255,2,0,245,255,0,0,36,0,113,41,89,9,0,255,255,0,0,0,0,87,89,99,121,254,253,254,253,255,124,136,120,32,0,40,89,104,66,99,254,109,254,223,255,127,255,95,191,95,31,2,4,12,0,0,0,136,128,112,104,120,0,208,0,0,0,2,254,6,254,0,0,0,0,0,36,6,130,6,0,0,0,0,0,1,9,3,6,216,0,0,16,0,0,16,60,255,0,0,0,0,0,0,0,0,0,0,0,0,0,0,0,0,229,251,146,251,54,251,250,250,98,249,38,255,32,255,70,255
2026-08-03_15-49-30,1,772,0,0.0,0,10.0,3,3,2,0,245,255,0,0,36,0,113,41,89,9,0,255,255,0,0,0,0,87,89,99,121,254,253,254,253,255,124,136,120,32,0,40,89,104,66,99,254,109,254,223,255,127,255,95,191,95,31,2,4,12,0,0,0,136,128,112,104,120,0,208,0,0,0,2,254,6,254,0,0,0,0,0,36,6,130,6,0,0,0,0,0,1,9,3,6,216,0,0,16,0,0,16,60,255,0,0,0,0,0,0,0,0,0,0,0,0,0,0,0,0,229,251,146,251,54,251,250,250,98,249,38,255,32,255,70,255,2,0,93,255,0,0,40,0,113,41,89,9,0,255,255,0,0,0,0,111,89,123,121,254,253,254,253,255,124,136,122,32,0,40,89,72,66,123,254,109,254,223,255,127,255,95,191,95,32,0,4,12,0,0,0,136,128,112,104,120,0,144,0,0,0,2,254,6,254,0,0,0,0,0,36,6,130,6,0,0,0,0,0,1,9,3,6,216,0,0,16,0,0,16,60,255,0,0,0,0,0,0,0,0,0,0,0,0,0,0,0,0,229,251,146,251,54,251,250,250,98,249,38,255,32,255,70,255
2026-08-03_15-49-30,1,773,0,0.0,0,10.0,3,3,2,0,93,255,0,0,40,0,113,41,89,9,0,255,255,0,0,0,0,111,89,123,121,254,253,254,253,255,124,136,122,32,0,40,89,72,66,123,254,109,254,223,255,127,255,95,191,95,32,0,4,12,0,0,0,136,128,112,104,120,0,144,0,0,0,2,254,6,254,0,0,0,0,0,36,6,130,6,0,0,0,0,0,1,9,3,6,216,0,0,16,0,0,16,60,255,0,0,0,0,0,0,0,0,0,0,0,0,0,0,0,0,229,251,146,251,54,251,250,250,98,249,38,255,32,255,70,255,2,0,209,255,0,0,44,0,113,41,89,9,0,255,255,0,0,0,0,87,89,99,121,254,253,254,253,255,124,136,124,32,0,40,89,56,66,99,254,109,254,223,255,127,255,95,191,95,32,0,4,12,0,0,0,136,128,112,104,120,0,80,0,0,0,2,254,6,254,0,0,0,0,0,36,6,130,6,0,0,0,0,0,1,9,3,6,216,0,0,16,0,0,16,60,255,0,0,0,0,0,0,0,0,0,0,0,0,0,0,0,0,229,251,146,251,54,251,250,250,98,249,38,255,32,255,70,255
2026-08-03_15-49-30,1,774,0,0.0,0,10.0,3,3,2,0,209,255,0,0,44,0,113,41,89,9,0,255,255,0,0,0,0,87,89,99,121,254,253,254,253,255,124,136,124,32,0,40,89,56,66,99,254,109,254,223,255,127,255,95,191,95,32,0,4,12,0,0,0,136,128,112,104,120,0,80,0,0,0,2,254,6,254,0,0,0,0,0,36,6,130,6,0,0,0,0,0,1,9,3,6,216,0,0,16,0,0,16,60,255,0,0,0,0,0,0,0,0,0,0,0,0,0,0,0,0,229,251,146,251,54,251,250,250,98,249,38,255,32,255,70,255,2,0,16,255,0,0,48,0,113,41,91,9,0,255,255,0,0,0,0,111,89,134,121,254,253,254,253,255,124,136,124,32,0,40,89,40,66,134,254,109,254,223,255,223,255,159,239,159,32,0,4,12,0,12,0,136,128,112,104,120,0,16,0,0,0,2,254,6,254,0,0,0,0,0,36,6,130,6,0,0,0,0,0,1,9,3,6,216,0,0,16,0,0,16,60,255,0,0,0,0,0,0,0,0,0,0,0,0,0,0,0,0,198,252,118,251,54,251,250,250,98,249,38,255,32,255,70,255
2026-08-03_15-49-30,1,775,0,0.0,0,10.0,3,3,2,0,16,255,0,0,48,0,113,41,91,9,0,255,255,0,0,0,0,111,89,134,121,254,253,254,253,255,124,136,124,32,0,40,89,40,66,134,254,109,254,223,255,223,255,159,239,159,32,0,4,12,0,12,0,136,128,112,104,120,0,16,0,0,0,2,254,6,254,0,0,0,0,0,36,6,130,6,0,0,0,0,0,1,9,3,6,216,0,0,16,0,0,16,60,255,0,0,0,0,0,0,0,0,0,0,0,0,0,0,0,0,198,252,118,251,54,251,250,250,98,249,38,255,32,255,70,255,2,0,13,255,0,0,52,0,113,41,92,9,0,255,255,0,0,0,0,87,89,108,121,254,253,254,253,255,124,136,124,32,0,40,89,40,66,128,254,109,254,223,255,223,255,159,239,159,32,0,4,12,0,12,0,136,128,112,104,120,0,208,0,0,0,2,254,6,254,0,0,0,0,0,36,6,130,6,0,0,0,0,0,1,9,3,6,216,0,0,16,0,0,16,60,255,0,0,0,0,0,0,0,0,0,0,0,0,0,0,0,0,198,252,118,251,54,251,250,250,98,249,38,255,32,255,70,255
2026-08-03_15-49-30,1,776,0,0.0,0,10.0,3,3,2,0,13,255,0,0,52,0,113,41,92,9,0,255,255,0,0,0,0,87,89,108,121,254,253,254,253,255,124,136,124,32,0,40,89,40,66,128,254,109,254,223,255,223,255,159,239,159,32,0,4,12,0,12,0,136,128,112,104,120,0,208,0,0,0,2,254,6,254,0,0,0,0,0,36,6,130,6,0,0,0,0,0,1,9,3,6,216,0,0,16,0,0,16,60,255,0,0,0,0,0,0,0,0,0,0,0,0,0,0,0,0,198,252,118,251,54,251,250,250,98,249,38,255,32,255,70,255,2,0,216,255,0,0,56,0,113,41,94,9,0,255,255,0,0,0,0,111,89,130,121,254,253,254,253,255,124,136,124,32,0,40,89,40,66,128,254,109,254,223,255,223,255,159,239,159,32,0,4,12,0,12,0,136,128,112,104,120,0,144,0,0,0,2,254,6,254,0,0,0,0,0,36,6,130,6,0,0,0,0,0,1,9,3,6,216,0,0,16,0,0,16,60,255,0,0,0,0,0,0,0,0,0,0,0,0,0,0,0,0,198,252,118,251,54,251,250,250,98,249,38,255,32,255,70,255
2026-08-03_15-49-30,1,777,0,0.0,0,10.0,3,3,2,0,216,255,0,0,56,0,113,41,94,9,0,255,255,0,0,0,0,111,89,130,121,254,253,254,253,255,124,136,124,32,0,40,89,40,66,128,254,109,254,223,255,223,255,159,239,159,32,0,4,12,0,12,0,136,128,112,104,120,0,144,0,0,0,2,254,6,254,0,0,0,0,0,36,6,130,6,0,0,0,0,0,1,9,3,6,216,0,0,16,0,0,16,60,255,0,0,0,0,0,0,0,0,0,0,0,0,0,0,0,0,198,252,118,251,54,251,250,250,98,249,38,255,32,255,70,255,2,0,143,255,0,0,60,0,113,41,96,9,0,255,255,0,0,0,0,87,89,105,121,254,253,254,253,255,124,136,124,32,0,40,89,40,66,128,254,109,254,223,255,223,255,159,239,159,32,0,4,12,0,12,0,136,128,112,104,120,0,80,0,0,0,2,254,6,254,0,0,0,0,0,36,6,130,6,0,0,0,0,0,1,9,3,6,216,0,0,16,0,0,16,60,255,0,0,0,0,0,0,0,0,0,0,0,0,0,0,0,0,198,252,118,251,54,251,250,250,98,249,38,255,32,255,70,255
2026-08-03_15-49-30,1,778,0,0.0,0,10.0,3,3,2,0,143,255,0,0,60,0,113,41,96,9,0,255,255,0,0,0,0,87,89,105,121,254,253,254,253,255,124,136,124,32,0,40,89,40,66,128,254,109,254,223,255,223,255,159,239,159,32,0,4,12,0,12,0,136,128,112,104,120,0,80,0,0,0,2,254,6,254,0,0,0,0,0,36,6,130,6,0,0,0,0,0,1,9,3,6,216,0,0,16,0,0,16,60,255,0,0,0,0,0,0,0,0,0,0,0,0,0,0,0,0,198,252,118,251,54,251,250,250,98,249,38,255,32,255,70,255,2,0,243,255,0,0,64,0,113,41,98,9,0,255,255,0,0,0,0,111,89,127,121,254,253,254,253,255,124,136,124,32,0,40,89,40,66,127,254,109,254,223,255,223,255,159,239,159,33,2,4,12,0,12,0,136,128,112,104,120,0,16,0,0,0,2,254,6,254,0,0,0,0,0,36,6,130,6,0,0,0,0,0,1,9,3,6,216,0,0,16,0,0,16,60,255,0,0,0,0,0,0,0,0,0,0,0,0,0,0,0,0,198,252,118,251,54,251,250,250,98,249,38,255,32,255,70,255
2026-08-03_15-49-30,1,779,3,0.0,0,10.0,3,3,2,0,243,255,0,0,64,0,113,41,98,9,0,255,255,0,0,0,0,111,89,127,121,254,253,254,253,255,124,136,124,32,0,40,89,40,66,127,254,109,254,223,255,223,255,159,239,159,33,2,4,12,0,12,0,136,128,112,104,120,0,16,0,0,0,2,254,6,254,0,0,0,0,0,36,6,130,6,0,0,0,0,0,1,9,3,6,216,0,0,16,0,0,16,60,255,0,0,0,0,0,0,0,0,0,0,0,0,0,0,0,0,198,252,118,251,54,251,250,250,98,249,38,255,32,255,70,255,2,0,57,255,0,0,68,0,113,41,99,9,0,255,255,0,0,0,0,75,89,101,121,254,253,254,253,255,127,136,124,32,0,8,89,40,66,120,254,109,254,127,255,223,255,95,239,95,33,0,4,0,0,12,0,136,128,112,104,16,0,208,0,0,0,2,254,6,254,0,0,0,0,0,36,6,130,6,0,0,0,0,0,1,9,3,6,216,0,0,16,0,0,16,60,255,0,0,0,0,0,0,0,0,0,0,0,0,0,0,0,0,198,252,118,251,54,251,250,250,98,249,38,255,32,255,70,255
2026-08-03_15-49-30,1,780,3,0.0,0,10.0,3,3,2,0,57,255,0,0,68,0,113,41,99,9,0,255,255,0,0,0,0,75,89,101,121,254,253,254,253,255,127,136,124,32,0,8,89,40,66,120,254,109,254,127,255,223,255,95,239,95,33,0,4,0,0,12,0,136,128,112,104,16,0,208,0,0,0,2,254,6,254,0,0,0,0,0,36,6,130,6,0,0,0,0,0,1,9,3,6,216,0,0,16,0,0,16,60,255,0,0,0,0,0,0,0,0,0,0,0,0,0,0,0,0,198,252,118,251,54,251,250,250,98,249,38,255,32,255,70,255,2,0,152,255,0,0,72,0,113,41,101,9,0,255,255,0,0,0,0,99,89,123,121,254,253,254,253,255,129,136,124,32,0,232,89,40,66,120,254,109,254,127,255,223,255,95,239,95,33,0,4,0,0,12,0,136,128,112,104,48,0,144,0,0,0,2,254,6,254,0,0,0,0,0,36,6,130,6,0,0,0,0,0,1,9,3,6,216,0,0,16,0,0,16,60,255,0,0,0,0,0,0,0,0,0,0,0,0,0,0,0,0,198,252,118,251,54,251,250,250,98,249,38,255,32,255,70,255
2026-08-03_15-49-30,1,781,0,0.0,0,10.0,3,3,2,0,152,255,0,0,72,0,113,41,101,9,0,255,255,0,0,0,0,99,89,123,121,254,253,254,253,255,129,136,124,32,0,232,89,40,66,120,254,109,254,127,255,223,255,95,239,95,33,0,4,0,0,12,0,136,128,112,104,48,0,144,0,0,0,2,254,6,254,0,0,0,0,0,36,6,130,6,0,0,0,0,0,1,9,3,6,216,0,0,16,0,0,16,60,255,0,0,0,0,0,0,0,0,0,0,0,0,0,0,0,0,198,252,118,251,54,251,250,250,98,249,38,255,32,255,70,255,2,0,139,255,0,0,76,0,113,41,103,9,0,255,255,0,0,0,0,75,89,98,121,254,253,254,253,255,131,136,124,32,0,200,89,40,66,120,254,109,254,127,255,223,255,95,239,95,33,0,4,0,0,12,0,136,128,112,104,80,0,80,0,0,0,2,254,6,254,0,0,0,0,0,36,6,130,6,0,0,0,0,0,1,9,3,6,216,0,0,16,0,0,16,60,255,0,0,0,0,0,0,0,0,0,0,0,0,0,0,0,0,198,252,118,251,54,251,250,250,98,249,38,255,32,255,70,255
2026-08-03_15-49-30,1,782,0,0.0,0,10.0,3,3,2,0,139,255,0,0,76,0,113,41,103,9,0,255,255,0,0,0,0,75,89,98,121,254,253,254,253,255,131,136,124,32,0,200,89,40,66,120,254,109,254,127,255,223,255,95,239,95,33,0,4,0,0,12,0,136,128,112,104,80,0,80,0,0,0,2,254,6,254,0,0,0,0,0,36,6,130,6,0,0,0,0,0,1,9,3,6,216,0,0,16,0,0,16,60,255,0,0,0,0,0,0,0,0,0,0,0,0,0,0,0,0,198,252,118,251,54,251,250,250,98,249,38,255,32,255,70,255,2,0,180,255,0,0,80,0,113,41,105,9,0,255,255,0,0,0,0,99,89,120,121,254,253,254,253,255,133,136,124,32,0,168,89,40,66,120,254,109,254,127,255,223,255,95,239,95,33,0,4,0,0,12,0,136,128,112,104,112,0,16,0,0,0,2,254,6,254,0,0,0,0,0,36,6,130,6,0,0,0,0,0,1,9,3,6,216,0,0,16,0,0,16,60,255,0,0,0,0,0,0,0,0,0,0,0,0,0,0,0,0,198,252,118,251,54,251,250,250,98,249,38,255,32,255,70,255
2026-08-03_15-49-30,1,783,0,0.0,0,10.0,3,3,2,0,180,255,0,0,80,0,113,41,105,9,0,255,255,0,0,0,0,99,89,120,121,254,253,254,253,255,133,136,124,32,0,168,89,40,66,120,254,109,254,127,255,223,255,95,239,95,33,0,4,0,0,12,0,136,128,112,104,112,0,16,0,0,0,2,254,6,254,0,0,0,0,0,36,6,130,6,0,0,0,0,0,1,9,3,6,216,0,0,16,0,0,16,60,255,0,0,0,0,0,0,0,0,0,0,0,0,0,0,0,0,198,252,118,251,54,251,250,250,98,249,38,255,32,255,70,255,2,0,72,255,0,0,84,0,113,41,106,9,0,255,255,0,0,0,0,75,89,94,121,254,253,254,253,255,135,136,124,32,0,105,89,40,66,94,254,109,254,127,255,223,255,95,239,95,33,2,4,0,0,12,0,136,128,112,104,144,0,208,0,0,0,2,254,6,254,0,0,0,0,0,36,6,130,6,0,0,0,0,0,1,9,3,6,216,0,0,16,0,0,16,60,255,0,0,0,0,0,0,0,0,0,0,0,0,0,0,0,0,198,252,118,251,54,251,250,250,98,249,38,255,32,255,70,255
2026-08-03_15-49-30,1,784,0,0.0,0,10.0,3,3,2,0,72,255,0,0,84,0,113,41,106,9,0,255,255,0,0,0,0,75,89,94,121,254,253,254,253,255,135,136,124,32,0,105,89,40,66,94,254,109,254,127,255,223,255,95,239,95,33,2,4,0,0,12,0,136,128,112,104,144,0,208,0,0,0,2,254,6,254,0,0,0,0,0,36,6,130,6,0,0,0,0,0,1,9,3,6,216,0,0,16,0,0,16,60,255,0,0,0,0,0,0,0,0,0,0,0,0,0,0,0,0,198,252,118,251,54,251,250,250,98,249,38,255,32,255,70,255,2,0,138,255,0,0,88,0,113,41,108,9,0,255,255,0,0,0,0,99,89,116,121,254,253,254,253,255,136,136,124,32,0,89,89,40,66,112,254,109,254,127,255,223,255,95,239,95,33,0,4,0,0,12,0,136,128,112,104,24,0,144,0,0,0,2,254,6,254,0,0,0,0,0,36,6,130,6,0,0,0,0,0,1,9,3,6,216,0,0,16,0,0,16,60,255,0,0,0,0,0,0,0,0,0,0,0,0,0,0,0,0,198,252,118,251,54,251,250,250,98,249,38,255,32,255,70,255
2026-08-03_15-49-30,1,785,0,0.0,0,10.0,3,3,2,0,138,255,0,0,88,0,113,41,108,9,0,255,255,0,0,0,0,99,89,116,121,254,253,254,253,255,136,136,124,32,0,89,89,40,66,112,254,109,254,127,255,223,255,95,239,95,33,0,4,0,0,12,0,136,128,112,104,24,0,144,0,0,0,2,254,6,254,0,0,0,0,0,36,6,130,6,0,0,0,0,0,1,9,3,6,216,0,0,16,0,0,16,60,255,0,0,0,0,0,0,0,0,0,0,0,0,0,0,0,0,198,252,118,251,54,251,250,250,98,249,38,255,32,255,70,255,2,0,165,255,0,0,92,0,113,41,110,9,0,255,255,0,0,0,0,75,89,91,121,254,253,254,253,255,136,136,124,32,0,89,89,40,66,112,254,109,254,127,255,223,255,95,239,95,33,0,4,0,0,12,0,136,128,112,104,24,0,80,0,0,0,2,254,6,254,0,0,0,0,0,36,6,130,6,0,0,0,0,0,1,9,3,6,216,0,0,16,0,0,16,60,255,0,0,0,0,0,0,0,0,0,0,0,0,0,0,0,0,198,252,118,251,54,251,250,250,98,249,38,255,32,255,70,255
2026-08-03_15-49-30,1,786,0,0.0,0,10.0,3,3,2,0,165,255,0,0,92,0,113,41,110,9,0,255,255,0,0,0,0,75,89,91,121,254,253,254,253,255,136,136,124,32,0,89,89,40,66,112,254,109,254,127,255,223,255,95,239,95,33,0,4,0,0,12,0,136,128,112,104,24,0,80,0,0,0,2,254,6,254,0,0,0,0,0,36,6,130,6,0,0,0,0,0,1,9,3,6,216,0,0,16,0,0,16,60,255,0,0,0,0,0,0,0,0,0,0,0,0,0,0,0,0,198,252,118,251,54,251,250,250,98,249,38,255,32,255,70,255,2,0,84,255,0,0,96,0,113,41,112,9,0,255,255,0,0,0,0,99,89,113,121,254,253,254,253,255,136,136,124,32,0,89,89,40,66,112,254,109,254,127,255,223,255,95,239,95,33,0,4,0,0,12,0,136,128,112,104,24,0,16,0,0,0,2,254,6,254,0,0,0,0,0,36,6,130,6,0,0,0,0,0,1,9,3,6,216,0,0,16,0,0,16,60,255,0,0,0,0,0,0,0,0,0,0,0,0,0,0,0,0,198,252,118,251,54,251,250,250,98,249,38,255,32,255,70,255
2026-08-03_15-49-30,1,787,0,0.0,0,10.0,3,3,2,0,84,255,0,0,96,0,113,41,112,9,0,255,255,0,0,0,0,99,89,113,121,254,253,254,253,255,136,136,124,32,0,89,89,40,66,112,254,109,254,127,255,223,255,95,239,95,33,0,4,0,0,12,0,136,128,112,104,24,0,16,0,0,0,2,254,6,254,0,0,0,0,0,36,6,130,6,0,0,0,0,0,1,9,3,6,216,0,0,16,0,0,16,60,255,0,0,0,0,0,0,0,0,0,0,0,0,0,0,0,0,198,252,118,251,54,251,250,250,98,249,38,255,32,255,70,255,2,0,78,255,0,0,100,0,113,41,113,9,0,255,255,0,0,0,0,75,89,87,121,254,253,254,253,255,136,136,125,32,0,89,89,40,66,87,254,109,254,127,255,127,255,127,239,111,33,2,4,0,0,0,0,136,128,112,104,24,0,96,0,0,0,2,254,6,254,0,0,0,0,0,36,6,130,6,0,0,0,0,0,1,9,3,6,216,0,0,16,0,0,16,60,255,0,0,0,0,0,0,0,0,0,0,0,0,0,0,0,0,229,251,146,251,54,251,250,250,98,249,38,255,32,255,70,255
2026-08-03_15-49-30,1,788,0,0.0,0,10.0,3,3,2,0,78,255,0,0,100,0,113,41,113,9,0,255,255,0,0,0,0,75,89,87,121,254,253,254,253,255,136,136,125,32,0,89,89,40,66,87,254,109,254,127,255,127,255,127,239,111,33,2,4,0,0,0,0,136,128,112,104,24,0,96,0,0,0,2,254,6,254,0,0,0,0,0,36,6,130,6,0,0,0,0,0,1,9,3,6,216,0,0,16,0,0,16,60,255,0,0,0,0,0,0,0,0,0,0,0,0,0,0,0,0,229,251,146,251,54,251,250,250,98,249,38,255,32,255,70,255,2,0,238,255,0,0,104,0,113,41,113,9,0,255,255,0,0,0,0,99,89,99,121,254,253,254,253,255,136,136,127,32,0,89,89,8,66,99,254,109,254,127,255,127,255,111,191,111,33,0,4,0,0,0,0,136,128,112,104,24,0,32,0,0,0,2,254,6,254,0,0,0,0,0,36,6,130,6,0,0,0,0,0,1,9,3,6,216,0,0,16,0,0,16,60,255,0,0,0,0,0,0,0,0,0,0,0,0,0,0,0,0,229,251,146,251,54,251,250,250,98,249,38,255,32,255,70,255
2026-08-03_15-49-30,1,789,0,0.0,0,10.0,3,3,2,0,238,255,0,0,104,0,113,41,113,9,0,255,255,0,0,0,0,99,89,99,121,254,253,254,253,255,136,136,127,32,0,89,89,8,66,99,254,109,254,127,255,127,255,111,191,111,33,0,4,0,0,0,0,136,128,112,104,24,0,32,0,0,0,2,254,6,254,0,0,0,0,0,36,6,130,6,0,0,0,0,0,1,9,3,6,216,0,0,16,0,0,16,60,255,0,0,0,0,0,0,0,0,0,0,0,0,0,0,0,0,229,251,146,251,54,251,250,250,98,249,38,255,32,255,70,255,2,0,236,255,0,0,108,0,113,41,113,9,0,255,255,0,0,0,0,75,89,75,121,254,253,254,253,255,136,136,128,32,0,89,89,232,66,75,254,109,254,127,255,127,255,111,191,111,34,2,4,0,0,0,0,136,128,112,104,24,0,224,0,0,0,2,254,6,254,0,0,0,0,0,36,6,130,6,0,0,0,0,0,1,9,3,6,216,0,0,16,0,0,16,60,255,0,0,0,0,0,0,0,0,0,0,0,0,0,0,0,0,229,251,146,251,54,251,250,250,98,249,38,255,32,255,70,255
2026-08-03_15-49-30,1,790,0,0.0,0,10.0,3,3,2,0,236,255,0,0,108,0,113,41,113,9,0,255,255,0,0,0,0,75,89,75,121,254,253,254,253,255,136,136,128,32,0,89,89,232,66,75,254,109,254,127,255,127,255,111,191,111,34,2,4,0,0,0,0,136,128,112,104,24,0,224,0,0,0,2,254,6,254,0,0,0,0,0,36,6,130,6,0,0,0,0,0,1,9,3,6,216,0,0,16,0,0,16,60,255,0,0,0,0,0,0,0,0,0,0,0,0,0,0,0,0,229,251,146,251,54,251,250,250,98,249,38,255,32,255,70,255,2,0,207,255,0,0,112,0,113,41,113,9,0,255,255,0,0,0,0,99,89,99,121,254,253,254,253,255,136,136,130,32,0,89,89,200,66,99,254,109,254,127,255,127,255,111,191,111,34,0,4,0,0,0,0,136,128,112,104,24,0,160,0,0,0,2,254,6,254,0,0,0,0,0,36,6,130,6,0,0,0,0,0,1,9,3,6,216,0,0,16,0,0,16,60,255,0,0,0,0,0,0,0,0,0,0,0,0,0,0,0,0,229,251,146,251,54,251,250,250,98,249,38,255,32,255,70,255
2026-08-03_15-49-30,1,791,0,0.0,0,10.0,3,3,2,0,207,255,0,0,112,0,113,41,113,9,0,255,255,0,0,0,0,99,89,99,121,254,253,254,253,255,136,136,130,32,0,89,89,200,66,99,254,109,254,127,255,127,255,111,191,111,34,0,4,0,0,0,0,136,128,112,104,24,0,160,0,0,0,2,254,6,254,0,0,0,0,0,36,6,130,6,0,0,0,0,0,1,9,3,6,216,0,0,16,0,0,16,60,255,0,0,0,0,0,0,0,0,0,0,0,0,0,0,0,0,229,251,146,251,54,251,250,250,98,249,38,255,32,255,70,255,2,0,247,255,0,0,116,0,113,41,113,9,0,255,255,0,0,0,0,75,89,75,121,254,253,254,253,255,136,136,132,32,0,89,89,184,66,75,254,109,254,127,255,127,255,111,191,111,34,0,4,0,0,0,0,136,128,112,104,24,0,96,0,0,0,2,254,6,254,0,0,0,0,0,36,6,130,6,0,0,0,0,0,1,9,3,6,216,0,0,16,0,0,16,60,255,0,0,0,0,0,0,0,0,0,0,0,0,0,0,0,0,229,251,146,251,54,251,250,250,98,249,38,255,32,255,70,255
2026-08-03_15-49-30,1,792,0,0.0,0,10.0,3,3,2,0,247,255,0,0,116,0,113,41,113,9,0,255,255,0,0,0,0,75,89,75,121,254,253,254,253,255,136,136,132,32,0,89,89,184,66,75,254,109,254,127,255,127,255,111,191,111,34,0,4,0,0,0,0,136,128,112,104,24,0,96,0,0,0,2,254,6,254,0,0,0,0,0,36,6,130,6,0,0,0,0,0,1,9,3,6,216,0,0,16,0,0,16,60,255,0,0,0,0,0,0,0,0,0,0,0,0,0,0,0,0,229,251,146,251,54,251,250,250,98,249,38,255,32,255,70,255,2,0,126,255,0,0,120,0,114,41,113,9,0,255,255,0,0,0,0,28,89,99,121,253,253,254,253,255,136,136,132,32,0,89,89,168,66,99,254,109,254,255,255,127,255,111,3,111,34,0,4,0,0,0,0,136,128,112,104,24,0,96,0,0,0,2,254,6,254,0,0,0,0,0,36,6,130,6,196,0,0,0,0,1,9,3,6,216,0,0,16,0,0,16,60,255,200,0,0,0,0,0,0,0,0,0,0,0,0,0,0,0,229,251,146,251,150,255,150,255,150,255,38,255,32,255,70,255
2026-08-03_15-49-30,1,793,0,0.0,0,10.0,3,3,2,0,126,255,0,0,120,0,114,41,113,9,0,255,255,0,0,0,0,28,89,99,121,253,253,254,253,255,136,136,132,32,0,89,89,168,66,99,254,109,254,255,255,127,255,111,3,111,34,0,4,0,0,0,0,136,128,112,104,24,0,96,0,0,0,2,254,6,254,0,0,0,0,0,36,6,130,6,196,0,0,0,0,1,9,3,6,216,0,0,16,0,0,16,60,255,200,0,0,0,0,0,0,0,0,0,0,0,0,0,0,0,229,251,146,251,150,255,150,255,150,255,38,255,32,255,70,255,2,0,233,255,0,0,124,0,114,41,113,9,0,255,255,0,0,0,0,28,89,75,121,253,253,254,253,255,136,136,132,32,0,89,89,168,66,75,254,109,254,255,255,127,255,111,3,111,34,0,4,0,0,0,0,136,128,112,104,24,0,96,0,0,0,2,254,6,254,0,0,0,0,0,36,6,130,6,192,0,0,0,0,1,9,3,6,216,0,0,16,0,0,16,60,255,200,0,0,0,0,0,0,0,0,0,0,0,0,0,0,0,229,251,146,251,150,255,150,255,150,255,38,255,32,255,70,255
2026-08-03_15-49-30,1,794,0,0.0,0,10.0,3,3,2,0,233,255,0,0,124,0,114,41,113,9,0,255,255,0,0,0,0,28,89,75,121,253,253,254,253,255,136,136,132,32,0,89,89,168,66,75,254,109,254,255,255,127,255,111,3,111,34,0,4,0,0,0,0,136,128,112,104,24,0,96,0,0,0,2,254,6,254,0,0,0,0,0,36,6,130,6,192,0,0,0,0,1,9,3,6,216,0,0,16,0,0,16,60,255,200,0,0,0,0,0,0,0,0,0,0,0,0,0,0,0,229,251,146,251,150,255,150,255,150,255,38,255,32,255,70,255,2,0,153,255,0,0,128,0,114,41,113,9,0,255,255,0,0,0,0,28,89,99,121,253,253,254,253,255,136,136,132,32,0,89,89,168,66,99,254,109,254,255,255,127,255,111,3,111,34,0,4,0,0,0,0,136,128,112,104,24,0,96,0,0,0,2,254,6,254,0,0,0,0,0,36,6,130,6,188,0,0,0,0,1,9,3,6,216,0,0,16,0,0,16,60,255,200,0,0,0,0,0,0,0,0,0,0,0,0,0,0,0,229,251,146,251,150,255,150,255,150,255,38,255,32,255,70,255
2026-08-03_15-49-30,1,795,0,0.0,0,10.0,3,3,2,0,153,255,0,0,128,0,114,41,113,9,0,255,255,0,0,0,0,28,89,99,121,253,253,254,253,255,136,136,132,32,0,89,89,168,66,99,254,109,254,255,255,127,255,111,3,111,34,0,4,0,0,0,0,136,128,112,104,24,0,96,0,0,0,2,254,6,254,0,0,0,0,0,36,6,130,6,188,0,0,0,0,1,9,3,6,216,0,0,16,0,0,16,60,255,200,0,0,0,0,0,0,0,0,0,0,0,0,0,0,0,229,251,146,251,150,255,150,255,150,255,38,255,32,255,70,255,2,0,154,255,0,0,132,0,114,41,113,9,0,255,255,0,0,0,0,28,89,75,121,253,253,254,253,255,136,136,132,32,0,89,89,168,66,75,254,109,254,255,255,127,255,111,3,111,34,0,4,0,0,0,0,136,128,112,104,24,0,96,0,0,0,2,254,6,254,0,0,0,0,0,36,6,130,6,184,0,0,0,0,1,9,3,6,216,0,0,16,0,0,16,60,255,200,0,0,0,0,0,0,0,0,0,0,0,0,0,0,0,229,251,146,251,150,255,150,255,150,255,38,255,32,255,70,255
2026-08-03_15-49-30,1,796,0,0.0,0,10.0,3,3,2,0,154,255,0,0,132,0,114,41,113,9,0,255,255,0,0,0,0,28,89,75,121,253,253,254,253,255,136,136,132,32,0,89,89,168,66,75,254,109,254,255,255,127,255,111,3,111,34,0,4,0,0,0,0,136,128,112,104,24,0,96,0,0,0,2,254,6,254,0,0,0,0,0,36,6,130,6,184,0,0,0,0,1,9,3,6,216,0,0,16,0,0,16,60,255,200,0,0,0,0,0,0,0,0,0,0,0,0,0,0,0,229,251,146,251,150,255,150,255,150,255,38,255,32,255,70,255,2,0,168,255,0,0,136,0,114,41,113,9,0,255,255,0,0,0,0,28,89,99,121,253,253,254,253,255,136,136,132,32,0,89,89,168,66,99,254,109,254,255,255,127,255,111,3,111,34,0,4,0,0,0,0,136,128,112,104,24,0,96,0,0,0,2,254,6,254,0,0,0,0,0,36,6,130,6,180,0,0,0,0,1,9,3,6,216,0,0,16,0,0,16,60,255,200,0,0,0,0,0,0,0,0,0,0,0,0,0,0,0,229,251,146,251,150,255,150,255,150,255,38,255,32,255,70,255
2026-08-03_15-49-30,1,797,5,0.0,0,10.0,3,3,2,0,168,255,0,0,136,0,114,41,113,9,0,255,255,0,0,0,0,28,89,99,121,253,253,254,253,255,136,136,132,32,0,89,89,168,66,99,254,109,254,255,255,127,255,111,3,111,34,0,4,0,0,0,0,136,128,112,104,24,0,96,0,0,0,2,254,6,254,0,0,0,0,0,36,6,130,6,180,0,0,0,0,1,9,3,6,216,0,0,16,0,0,16,60,255,200,0,0,0,0,0,0,0,0,0,0,0,0,0,0,0,229,251,146,251,150,255,150,255,150,255,38,255,32,255,70,255,2,0,140,255,0,0,140,0,114,41,113,9,0,255,255,0,0,0,0,28,89,75,121,253,253,254,253,255,136,136,132,32,0,89,89,168,66,75,254,109,254,255,255,127,255,111,3,111,34,0,4,0,0,0,0,136,128,112,104,24,0,96,0,0,0,2,254,6,254,0,0,0,0,0,36,6,130,6,176,0,0,0,0,1,9,3,6,216,0,0,16,0,0,16,60,255,200,0,0,0,0,0,0,0,0,0,0,0,0,0,0,0,229,251,146,251,150,255,150,255,150,255,38,255,32,255,70,255
2026-08-03_15-49-30,1,798,0,0.0,0,10.0,3,3,2,0,140,255,0,0,140,0,114,41,113,9,0,255,255,0,0,0,0,28,89,75,121,253,253,254,253,255,136,136,132,32,0,89,89,168,66,75,254,109,254,255,255,127,255,111,3,111,34,0,4,0,0,0,0,136,128,112,104,24,0,96,0,0,0,2,254,6,254,0,0,0,0,0,36,6,130,6,176,0,0,0,0,1,9,3,6,216,0,0,16,0,0,16,60,255,200,0,0,0,0,0,0,0,0,0,0,0,0,0,0,0,229,251,146,251,150,255,150,255,150,255,38,255,32,255,70,255,2,0,193,255,0,0,144,0,114,41,113,9,0,255,255,0,0,0,0,28,89,99,121,253,253,254,253,255,136,136,132,32,0,89,89,168,66,99,254,109,254,255,255,127,255,111,3,111,34,0,4,0,0,0,0,136,128,112,104,24,0,96,0,0,0,2,254,6,254,0,0,0,0,0,36,6,130,6,172,0,0,0,0,1,9,3,6,216,0,0,16,0,0,16,60,255,200,0,0,0,0,0,0,0,0,0,0,0,0,0,0,0,229,251,146,251,150,255,150,255,150,255,38,255,32,255,70,255
2026-08-03_15-49-30,1,799,0,0.0,0,10.0,3,3,2,0,193,255,0,0,144,0,114,41,113,9,0,255,255,0,0,0,0,28,89,99,121,253,253,254,253,255,136,136,132,32,0,89,89,168,66,99,254,109,254,255,255,127,255,111,3,111,34,0,4,0,0,0,0,136,128,112,104,24,0,96,0,0,0,2,254,6,254,0,0,0,0,0,36,6,130,6,172,0,0,0,0,1,9,3,6,216,0,0,16,0,0,16,60,255,200,0,0,0,0,0,0,0,0,0,0,0,0,0,0,0,229,251,146,251,150,255,150,255,150,255,38,255,32,255,70,255,2,0,29,255,0,0,148,0,114,41,113,9,0,255,255,0,0,0,0,28,89,75,121,253,253,254,253,255,136,136,132,32,0,89,89,168,66,75,254,109,254,255,255,127,255,111,3,111,34,0,4,0,0,0,0,136,128,112,104,24,0,96,0,0,0,2,254,6,254,0,0,0,0,0,36,6,130,6,168,0,0,0,0,1,9,3,6,216,0,0,16,0,0,16,60,255,200,0,0,0,0,0,0,0,0,0,0,0,0,0,0,0,229,251,146,251,150,255,150,255,150,255,38,255,32,255,70,255
2026-08-03_15-49-30,1,800,0,0.0,0,10.0,3,3,2,0,29,255,0,0,148,0,114,41,113,9,0,255,255,0,0,0,0,28,89,75,121,253,253,254,253,255,136,136,132,32,0,89,89,168,66,75,254,109,254,255,255,127,255,111,3,111,34,0,4,0,0,0,0,136,128,112,104,24,0,96,0,0,0,2,254,6,254,0,0,0,0,0,36,6,130,6,168,0,0,0,0,1,9,3,6,216,0,0,16,0,0,16,60,255,200,0,0,0,0,0,0,0,0,0,0,0,0,0,0,0,229,251,146,251,150,255,150,255,150,255,38,255,32,255,70,255,2,0,213,255,0,0,152,0,114,41,113,9,0,255,255,0,0,0,0,28,89,99,121,253,253,254,253,255,136,136,132,32,0,89,89,168,66,99,254,109,254,255,255,127,255,111,3,111,34,0,4,0,0,0,0,136,128,112,104,24,0,96,0,0,0,2,254,6,254,0,0,0,0,0,36,6,130,6,164,0,0,0,0,1,9,3,6,216,0,0,16,0,0,16,60,255,200,0,0,0,0,0,0,0,0,0,0,0,0,0,0,0,229,251,146,251,150,255,150,255,150,255,38,255,32,255,70,255
2026-08-03_15-49-30,1,801,0,0.0,0,10.0,3,3,2,0,213,255,0,0,152,0,114,41,113,9,0,255,255,0,0,0,0,28,89,99,121,253,253,254,253,255,136,136,132,32,0,89,89,168,66,99,254,109,254,255,255,127,255,111,3,111,34,0,4,0,0,0,0,136,128,112,104,24,0,96,0,0,0,2,254,6,254,0,0,0,0,0,36,6,130,6,164,0,0,0,0,1,9,3,6,216,0,0,16,0,0,16,60,255,200,0,0,0,0,0,0,0,0,0,0,0,0,0,0,0,229,251,146,251,150,255,150,255,150,255,38,255,32,255,70,255,2,0,87,255,0,0,156,0,114,41,113,9,0,255,255,0,0,0,0,28,89,75,121,253,253,254,253,255,136,136,132,32,0,89,89,168,66,75,254,109,254,255,255,127,255,111,3,111,34,0,4,0,0,0,0,136,128,112,104,24,0,96,0,0,0,2,254,6,254,0,0,0,0,0,36,6,130,6,160,0,0,0,0,1,9,3,6,216,0,0,16,0,0,16,60,255,200,0,0,0,0,0,0,0,0,0,0,0,0,0,0,0,229,251,146,251,150,255,150,255,150,255,38,255,32,255,70,255
2026-08-03_15-49-30,1,802,0,0.0,0,10.0,3,3,2,0,87,255,0,0,156,0,114,41,113,9,0,255,255,0,0,0,0,28,89,75,121,253,253,254,253,255,136,136,132,32,0,89,89,168,66,75,254,109,254,255,255,127,255,111,3,111,34,0,4,0,0,0,0,136,128,112,104,24,0,96,0,0,0,2,254,6,254,0,0,0,0,0,36,6,130,6,160,0,0,0,0,1,9,3,6,216,0,0,16,0,0,16,60,255,200,0,0,0,0,0,0,0,0,0,0,0,0,0,0,0,229,251,146,251,150,255,150,255,150,255,38,255,32,255,70,255,2,0,124,255,0,0,160,0,114,41,113,9,0,255,255,0,0,0,0,28,89,99,121,253,253,254,253,255,136,136,132,32,0,89,89,168,66,99,254,109,254,255,255,127,255,111,3,111,34,0,4,0,0,0,0,136,128,112,104,24,0,96,0,0,0,2,254,6,254,0,0,0,0,0,36,6,130,6,156,0,0,0,0,1,9,3,6,216,0,0,16,0,0,16,60,255,200,0,0,0,0,0,0,0,0,0,0,0,0,0,0,0,229,251,146,251,150,255,150,255,150,255,38,255,32,255,70,255
2026-08-03_15-49-30,1,803,0,0.0,0,10.0,3,3,2,0,124,255,0,0,160,0,114,41,113,9,0,255,255,0,0,0,0,28,89,99,121,253,253,254,253,255,136,136,132,32,0,89,89,168,66,99,254,109,254,255,255,127,255,111,3,111,34,0,4,0,0,0,0,136,128,112,104,24,0,96,0,0,0,2,254,6,254,0,0,0,0,0,36,6,130,6,156,0,0,0,0,1,9,3,6,216,0,0,16,0,0,16,60,255,200,0,0,0,0,0,0,0,0,0,0,0,0,0,0,0,229,251,146,251,150,255,150,255,150,255,38,255,32,255,70,255,2,0,202,255,0,0,164,0,114,41,113,9,0,255,255,0,0,0,0,28,89,75,121,253,253,254,253,255,136,136,132,32,0,89,89,168,66,75,254,109,254,255,255,127,255,111,3,111,34,0,4,0,0,0,0,136,128,112,104,24,0,96,0,0,0,2,254,6,254,0,0,0,0,0,36,6,130,6,152,0,0,0,0,1,9,3,6,216,0,0,16,0,0,16,60,255,200,0,0,0,0,0,0,0,0,0,0,0,0,0,0,0,229,251,146,251,150,255,150,255,150,255,38,255,32,255,70,255
2026-08-03_15-49-30,1,804,0,0.0,0,10.0,3,3,2,0,202,255,0,0,164,0,114,41,113,9,0,255,255,0,0,0,0,28,89,75,121,253,253,254,253,255,136,136,132,32,0,89,89,168,66,75,254,109,254,255,255,127,255,111,3,111,34,0,4,0,0,0,0,136,128,112,104,24,0,96,0,0,0,2,254,6,254,0,0,0,0,0,36,6,130,6,152,0,0,0,0,1,9,3,6,216,0,0,16,0,0,16,60,255,200,0,0,0,0,0,0,0,0,0,0,0,0,0,0,0,229,251,146,251,150,255,150,255,150,255,38,255,32,255,70,255,2,0,161,255,0,0,168,0,114,41,113,9,0,255,255,0,0,0,0,28,89,99,121,253,253,254,253,255,136,136,132,32,0,89,89,168,66,99,254,109,254,255,255,127,255,111,3,111,34,0,4,0,0,0,0,136,128,112,104,24,0,96,0,0,0,2,254,6,254,0,0,0,0,0,36,6,130,6,148,0,0,0,0,1,9,3,6,216,0,0,16,0,0,16,60,255,200,0,0,0,0,0,0,0,0,0,0,0,0,0,0,0,229,251,146,251,150,255,150,255,150,255,38,255,32,255,70,255
2026-08-03_15-49-30,1,805,0,0.0,0,10.0,3,3,2,0,161,255,0,0,168,0,114,41,113,9,0,255,255,0,0,0,0,28,89,99,121,253,253,254,253,255,136,136,132,32,0,89,89,168,66,99,254,109,254,255,255,127,255,111,3,111,34,0,4,0,0,0,0,136,128,112,104,24,0,96,0,0,0,2,254,6,254,0,0,0,0,0,36,6,130,6,148,0,0,0,0,1,9,3,6,216,0,0,16,0,0,16,60,255,200,0,0,0,0,0,0,0,0,0,0,0,0,0,0,0,229,251,146,251,150,255,150,255,150,255,38,255,32,255,70,255,2,0,19,255,0,0,172,0,114,41,113,9,0,255,255,0,0,0,0,28,89,75,121,253,253,254,253,255,136,136,132,32,0,89,89,168,66,75,254,109,254,255,255,127,255,111,3,111,34,0,4,0,0,0,0,136,128,112,104,24,0,96,0,0,0,2,254,6,254,0,0,0,0,0,36,6,130,6,144,0,0,0,0,1,9,3,6,216,0,0,16,0,0,16,60,255,200,0,0,0,0,0,0,0,0,0,0,0,0,0,0,0,229,251,146,251,150,255,150,255,150,255,38,255,32,255,70,255
2026-08-03_15-49-30,1,806,0,0.0,0,10.0,3,3,2,0,19,255,0,0,172,0,114,41,113,9,0,255,255,0,0,0,0,28,89,75,121,253,253,254,253,255,136,136,132,32,0,89,89,168,66,75,254,109,254,255,255,127,255,111,3,111,34,0,4,0,0,0,0,136,128,112,104,24,0,96,0,0,0,2,254,6,254,0,0,0,0,0,36,6,130,6,144,0,0,0,0,1,9,3,6,216,0,0,16,0,0,16,60,255,200,0,0,0,0,0,0,0,0,0,0,0,0,0,0,0,229,251,146,251,150,255,150,255,150,255,38,255,32,255,70,255,2,0,63,255,0,0,176,0,114,41,113,9,0,255,255,0,0,0,0,28,89,99,121,253,253,254,253,255,136,136,132,32,0,89,89,168,66,99,254,109,254,255,255,127,255,111,3,111,34,0,4,0,0,0,0,136,128,112,104,24,0,96,0,0,0,2,254,6,254,0,0,0,0,0,36,6,130,6,140,0,0,0,0,1,9,3,6,216,0,0,16,0,0,16,60,255,200,0,0,0,0,0,0,0,0,0,0,0,0,0,0,0,229,251,146,251,150,255,150,255,150,255,38,255,32,255,70,255
2026-08-03_15-49-30,1,807,0,0.0,0,10.0,3,3,2,0,63,255,0,0,176,0,114,41,113,9,0,255,255,0,0,0,0,28,89,99,121,253,253,254,253,255,136,136,132,32,0,89,89,168,66,99,254,109,254,255,255,127,255,111,3,111,34,0,4,0,0,0,0,136,128,112,104,24,0,96,0,0,0,2,254,6,254,0,0,0,0,0,36,6,130,6,140,0,0,0,0,1,9,3,6,216,0,0,16,0,0,16,60,255,200,0,0,0,0,0,0,0,0,0,0,0,0,0,0,0,229,251,146,251,150,255,150,255,150,255,38,255,32,255,70,255,2,0,252,255,0,0,180,0,114,41,113,9,0,255,255,0,0,0,0,28,89,75,121,253,253,254,253,255,136,136,132,32,0,89,89,168,66,75,254,109,254,255,255,127,255,111,3,111,34,0,4,0,0,0,0,136,128,112,104,24,0,96,0,0,0,2,254,6,254,0,0,0,0,0,36,6,130,6,136,0,0,0,0,1,9,3,6,216,0,0,16,0,0,16,60,255,200,0,0,0,0,0,0,0,0,0,0,0,0,0,0,0,229,251,146,251,150,255,150,255,150,255,38,255,32,255,70,255
2026-08-03_15-49-30,1,808,0,0.0,0,10.0,3,3,2,0,252,255,0,0,180,0,114,41,113,9,0,255,255,0,0,0,0,28,89,75,121,253,253,254,253,255,136,136,132,32,0,89,89,168,66,75,254,109,254,255,255,127,255,111,3,111,34,0,4,0,0,0,0,136,128,112,104,24,0,96,0,0,0,2,254,6,254,0,0,0,0,0,36,6,130,6,136,0,0,0,0,1,9,3,6,216,0,0,16,0,0,16,60,255,200,0,0,0,0,0,0,0,0,0,0,0,0,0,0,0,229,251,146,251,150,255,150,255,150,255,38,255,32,255,70,255,2,0,194,255,0,0,184,0,114,41,113,9,0,255,255,0,0,0,0,28,89,99,121,253,253,254,253,255,136,136,132,32,0,89,89,168,66,99,254,109,254,255,255,127,255,111,3,111,34,0,4,0,0,0,0,136,128,112,104,24,0,96,0,0,0,2,254,6,254,0,0,0,0,0,36,6,130,6,132,0,0,0,0,1,9,3,6,216,0,0,16,0,0,16,60,255,200,0,0,0,0,0,0,0,0,0,0,0,0,0,0,0,229,251,146,251,150,255,150,255,150,255,38,255,32,255,70,255
2026-08-03_15-49-30,1,809,0,0.0,0,10.0,3,3,2,0,194,255,0,0,184,0,114,41,113,9,0,255,255,0,0,0,0,28,89,99,121,253,253,254,253,255,136,136,132,32,0,89,89,168,66,99,254,109,254,255,255,127,255,111,3,111,34,0,4,0,0,0,0,136,128,112,104,24,0,96,0,0,0,2,254,6,254,0,0,0,0,0,36,6,130,6,132,0,0,0,0,1,9,3,6,216,0,0,16,0,0,16,60,255,200,0,0,0,0,0,0,0,0,0,0,0,0,0,0,0,229,251,146,251,150,255,150,255,150,255,38,255,32,255,70,255,2,0,47,255,0,0,188,0,114,41,113,9,0,255,255,0,0,0,0,28,89,75,121,253,253,254,253,255,136,136,132,32,0,89,89,168,66,75,254,109,254,255,255,127,255,111,3,111,34,0,4,0,0,0,0,136,128,112,104,24,0,96,0,0,0,2,254,6,254,0,0,0,0,0,36,6,130,6,128,0,0,0,0,1,9,3,6,216,0,0,16,0,0,16,60,255,200,0,0,0,0,0,0,0,0,0,0,0,0,0,0,0,229,251,146,251,150,255,150,255,150,255,38,255,32,255,70,255
2026-08-03_15-49-30,1,810,0,0.0,0,10.0,3,3,2,0,47,255,0,0,188,0,114,41,113,9,0,255,255,0,0,0,0,28,89,75,121,253,253,254,253,255,136,136,132,32,0,89,89,168,66,75,254,109,254,255,255,127,255,111,3,111,34,0,4,0,0,0,0,136,128,112,104,24,0,96,0,0,0,2,254,6,254,0,0,0,0,0,36,6,130,6,128,0,0,0,0,1,9,3,6,216,0,0,16,0,0,16,60,255,200,0,0,0,0,0,0,0,0,0,0,0,0,0,0,0,229,251,146,251,150,255,150,255,150,255,38,255,32,255,70,255,2,0,241,255,0,0,192,0,114,41,113,9,0,255,255,0,0,0,0,28,89,99,121,253,253,254,253,255,136,136,132,32,0,89,89,168,66,99,254,109,254,255,255,127,255,111,3,111,34,0,4,0,0,0,0,136,128,112,104,24,0,96,0,0,0,2,254,6,254,0,0,0,0,0,36,6,130,6,124,0,0,0,0,1,9,3,6,216,0,0,16,0,0,16,60,255,200,0,0,0,0,0,0,0,0,0,0,0,0,0,0,0,229,251,146,251,150,255,150,255,150,255,38,255,32,255,70,255
2026-08-03_15-49-30,1,811,0,0.0,0,10.0,3,3,2,0,241,255,0,0,192,0,114,41,113,9,0,255,255,0,0,0,0,28,89,99,121,253,253,254,253,255,136,136,132,32,0,89,89,168,66,99,254,109,254,255,255,127,255,111,3,111,34,0,4,0,0,0,0,136,128,112,104,24,0,96,0,0,0,2,254,6,254,0,0,0,0,0,36,6,130,6,124,0,0,0,0,1,9,3,6,216,0,0,16,0,0,16,60,255,200,0,0,0,0,0,0,0,0,0,0,0,0,0,0,0,229,251,146,251,150,255,150,255,150,255,38,255,32,255,70,255,2,0,26,255,0,0,196,0,114,41,113,9,0,255,255,0,0,0,0,28,89,75,121,253,253,254,253,255,136,136,132,32,0,89,89,168,66,75,254,109,254,255,255,127,255,111,3,111,34,0,4,0,0,0,0,136,128,112,104,24,0,96,0,0,0,2,254,6,254,0,0,0,0,0,36,6,130,6,120,0,0,0,0,1,9,3,6,216,0,0,16,0,0,16,60,255,200,0,0,0,0,0,0,0,0,0,0,0,0,0,0,0,229,251,146,251,150,255,150,255,150,255,38,255,32,255,70,255
2026-08-03_15-49-30,1,812,0,0.0,0,10.0,3,3,2,0,26,255,0,0,196,0,114,41,113,9,0,255,255,0,0,0,0,28,89,75,121,253,253,254,253,255,136,136,132,32,0,89,89,168,66,75,254,109,254,255,255,127,255,111,3,111,34,0,4,0,0,0,0,136,128,112,104,24,0,96,0,0,0,2,254,6,254,0,0,0,0,0,36,6,130,6,120,0,0,0,0,1,9,3,6,216,0,0,16,0,0,16,60,255,200,0,0,0,0,0,0,0,0,0,0,0,0,0,0,0,229,251,146,251,150,255,150,255,150,255,38,255,32,255,70,255,2,0,160,255,0,0,200,0,114,41,113,9,0,255,255,0,0,0,0,28,89,99,121,253,253,254,253,255,136,136,132,32,0,89,89,168,66,99,254,109,254,255,255,127,255,111,3,111,34,0,4,0,0,0,0,136,128,112,104,24,0,96,0,0,0,2,254,6,254,0,0,0,0,0,36,6,130,6,116,0,0,0,0,1,9,3,6,216,0,0,16,0,0,16,60,255,200,0,0,0,0,0,0,0,0,0,0,0,0,0,0,0,229,251,146,251,150,255,150,255,150,255,38,255,32,255,70,255
2026-08-03_15-49-30,1,813,0,0.0,0,10.0,3,3,2,0,160,255,0,0,200,0,114,41,113,9,0,255,255,0,0,0,0,28,89,99,121,253,253,254,253,255,136,136,132,32,0,89,89,168,66,99,254,109,254,255,255,127,255,111,3,111,34,0,4,0,0,0,0,136,128,112,104,24,0,96,0,0,0,2,254,6,254,0,0,0,0,0,36,6,130,6,116,0,0,0,0,1,9,3,6,216,0,0,16,0,0,16,60,255,200,0,0,0,0,0,0,0,0,0,0,0,0,0,0,0,229,251,146,251,150,255,150,255,150,255,38,255,32,255,70,255,2,0,2,255,0,0,204,0,114,41,113,9,0,255,255,0,0,0,0,28,89,75,121,253,253,254,253,255,136,136,132,32,0,89,89,168,66,75,254,109,254,255,255,127,255,111,3,111,34,0,4,0,0,0,0,136,128,112,104,24,0,96,0,0,0,2,254,6,254,0,0,0,0,0,36,6,130,6,112,0,0,0,0,1,9,3,6,216,0,0,16,0,0,16,60,255,200,0,0,0,0,0,0,0,0,0,0,0,0,0,0,0,229,251,146,251,150,255,150,255,150,255,38,255,32,255,70,255
2026-08-03_15-49-30,1,814,0,0.0,0,10.0,3,3,2,0,2,255,0,0,204,0,114,41,113,9,0,255,255,0,0,0,0,28,89,75,121,253,253,254,253,255,136,136,132,32,0,89,89,168,66,75,254,109,254,255,255,127,255,111,3,111,34,0,4,0,0,0,0,136,128,112,104,24,0,96,0,0,0,2,254,6,254,0,0,0,0,0,36,6,130,6,112,0,0,0,0,1,9,3,6,216,0,0,16,0,0,16,60,255,200,0,0,0,0,0,0,0,0,0,0,0,0,0,0,0,229,251,146,251,150,255,150,255,150,255,38,255,32,255,70,255,2,0,35,255,0,0,208,0,114,41,113,9,0,255,255,0,0,0,0,28,89,99,121,253,253,254,253,255,136,136,132,32,0,89,89,168,66,99,254,109,254,255,255,127,255,111,3,111,34,0,4,0,0,0,0,136,128,112,104,24,0,96,0,0,0,2,254,6,254,0,0,0,0,0,36,6,130,6,108,0,0,0,0,1,9,3,6,216,0,0,16,0,0,16,60,255,200,0,0,0,0,0,0,0,0,0,0,0,0,0,0,0,229,251,146,251,150,255,150,255,150,255,38,255,32,255,70,255
2026-08-03_15-49-30,1,815,0,0.0,0,10.0,3,3,2,0,35,255,0,0,208,0,114,41,113,9,0,255,255,0,0,0,0,28,89,99,121,253,253,254,253,255,136,136,132,32,0,89,89,168,66,99,254,109,254,255,255,127,255,111,3,111,34,0,4,0,0,0,0,136,128,112,104,24,0,96,0,0,0,2,254,6,254,0,0,0,0,0,36,6,130,6,108,0,0,0,0,1,9,3,6,216,0,0,16,0,0,16,60,255,200,0,0,0,0,0,0,0,0,0,0,0,0,0,0,0,229,251,146,251,150,255,150,255,150,255,38,255,32,255,70,255,2,0,56,255,0,0,212,0,114,41,113,9,0,255,255,0,0,0,0,28,89,75,121,253,253,254,253,255,136,136,132,32,0,89,89,168,66,75,254,109,254,255,255,127,255,111,3,111,34,0,4,0,0,0,0,136,128,112,104,24,0,96,0,0,0,2,254,6,254,0,0,0,0,0,36,6,130,6,104,0,0,0,0,1,9,3,6,216,0,0,16,0,0,16,60,255,200,0,0,0,0,0,0,0,0,0,0,0,0,0,0,0,229,251,146,251,150,255,150,255,150,255,38,255,32,255,70,255
2026-08-03_15-49-30,1,816,0,0.0,0,10.0,3,3,2,0,56,255,0,0,212,0,114,41,113,9,0,255,255,0,0,0,0,28,89,75,121,253,253,254,253,255,136,136,132,32,0,89,89,168,66,75,254,109,254,255,255,127,255,111,3,111,34,0,4,0,0,0,0,136,128,112,104,24,0,96,0,0,0,2,254,6,254,0,0,0,0,0,36,6,130,6,104,0,0,0,0,1,9,3,6,216,0,0,16,0,0,16,60,255,200,0,0,0,0,0,0,0,0,0,0,0,0,0,0,0,229,251,146,251,150,255,150,255,150,255,38,255,32,255,70,255,2,0,137,255,0,0,216,0,114,41,113,9,0,255,255,0,0,0,0,28,89,99,121,253,253,254,253,255,136,136,132,32,0,89,89,168,66,99,254,109,254,255,255,127,255,111,3,111,34,0,4,0,0,0,0,136,128,112,104,24,0,96,0,0,0,2,254,6,254,0,0,0,0,0,36,6,130,6,100,0,0,0,0,1,9,3,6,216,0,0,16,0,0,16,60,255,200,0,0,0,0,0,0,0,0,0,0,0,0,0,0,0,229,251,146,251,150,255,150,255,150,255,38,255,32,255,70,255
2026-08-03_15-49-30,1,817,0,0.0,0,10.0,3,3,2,0,137,255,0,0,216,0,114,41,113,9,0,255,255,0,0,0,0,28,89,99,121,253,253,254,253,255,136,136,132,32,0,89,89,168,66,99,254,109,254,255,255,127,255,111,3,111,34,0,4,0,0,0,0,136,128,112,104,24,0,96,0,0,0,2,254,6,254,0,0,0,0,0,36,6,130,6,100,0,0,0,0,1,9,3,6,216,0,0,16,0,0,16,60,255,200,0,0,0,0,0,0,0,0,0,0,0,0,0,0,0,229,251,146,251,150,255,150,255,150,255,38,255,32,255,70,255,2,0,151,255,0,0,220,0,114,41,113,9,0,255,255,0,0,0,0,28,89,75,121,253,253,254,253,255,136,136,132,32,0,89,89,168,66,75,254,109,254,255,255,127,255,111,3,111,34,0,4,0,0,0,0,136,128,112,104,24,0,96,0,0,0,2,254,6,254,0,0,0,0,0,36,6,130,6,96,0,0,0,0,1,9,3,6,216,0,0,16,0,0,16,60,255,200,0,0,0,0,0,0,0,0,0,0,0,0,0,0,0,229,251,146,251,150,255,150,255,150,255,38,255,32,255,70,255
2026-08-03_15-49-30,1,818,0,0.0,0,10.0,3,3,2,0,151,255,0,0,220,0,114,41,113,9,0,255,255,0,0,0,0,28,89,75,121,253,253,254,253,255,136,136,132,32,0,89,89,168,66,75,254,109,254,255,255,127,255,111,3,111,34,0,4,0,0,0,0,136,128,112,104,24,0,96,0,0,0,2,254,6,254,0,0,0,0,0,36,6,130,6,96,0,0,0,0,1,9,3,6,216,0,0,16,0,0,16,60,255,200,0,0,0,0,0,0,0,0,0,0,0,0,0,0,0,229,251,146,251,150,255,150,255,150,255,38,255,32,255,70,255,2,0,112,255,0,0,224,0,114,41,113,9,0,255,255,0,0,0,0,28,89,99,121,253,253,254,253,255,136,136,132,32,0,89,89,168,66,99,254,109,254,255,255,127,255,111,3,111,34,0,4,0,0,0,0,136,128,112,104,24,0,96,0,0,0,2,254,6,254,0,0,0,0,0,36,6,130,6,92,0,0,0,0,1,9,3,6,216,0,0,16,0,0,16,60,255,200,0,0,0,0,0,0,0,0,0,0,0,0,0,0,0,229,251,146,251,150,255,150,255,150,255,38,255,32,255,70,255
2026-08-03_15-49-30,1,819,0,0.0,0,10.0,3,3,2,0,112,255,0,0,224,0,114,41,113,9,0,255,255,0,0,0,0,28,89,99,121,253,253,254,253,255,136,136,132,32,0,89,89,168,66,99,254,109,254,255,255,127,255,111,3,111,34,0,4,0,0,0,0,136,128,112,104,24,0,96,0,0,0,2,254,6,254,0,0,0,0,0,36,6,130,6,92,0,0,0,0,1,9,3,6,216,0,0,16,0,0,16,60,255,200,0,0,0,0,0,0,0,0,0,0,0,0,0,0,0,229,251,146,251,150,255,150,255,150,255,38,255,32,255,70,255,2,0,3,255,0,0,228,0,114,41,113,9,0,255,255,0,0,0,0,28,89,75,121,253,253,254,253,255,136,136,132,32,0,89,89,168,66,75,254,109,254,255,255,127,255,111,3,111,34,0,4,0,0,0,0,136,128,112,104,24,0,96,0,0,0,2,254,6,254,0,0,0,0,0,36,6,130,6,88,0,0,0,0,1,9,3,6,216,0,0,16,0,0,16,60,255,200,0,0,0,0,0,0,0,0,0,0,0,0,0,0,0,229,251,146,251,150,255,150,255,150,255,38,255,32,255,70,255
2026-08-03_15-49-30,1,820,0,0.0,0,10.0,3,3,2,0,3,255,0,0,228,0,114,41,113,9,0,255,255,0,0,0,0,28,89,75,121,253,253,254,253,255,136,136,132,32,0,89,89,168,66,75,254,109,254,255,255,127,255,111,3,111,34,0,4,0,0,0,0,136,128,112,104,24,0,96,0,0,0,2,254,6,254,0,0,0,0,0,36,6,130,6,88,0,0,0,0,1,9,3,6,216,0,0,16,0,0,16,60,255,200,0,0,0,0,0,0,0,0,0,0,0,0,0,0,0,229,251,146,251,150,255,150,255,150,255,38,255,32,255,70,255,2,0,50,255,0,0,232,0,114,41,113,9,0,255,255,0,0,0,0,28,89,99,121,253,253,254,253,255,136,136,132,32,0,89,89,168,66,99,254,109,254,255,255,127,255,111,3,111,34,0,4,0,0,0,0,136,128,112,104,24,0,96,0,0,0,2,254,6,254,0,0,0,0,0,36,6,130,6,84,0,0,0,0,1,9,3,6,216,0,0,16,0,0,16,60,255,200,0,0,0,0,0,0,0,0,0,0,0,0,0,0,0,229,251,146,251,150,255,150,255,150,255,38,255,32,255,70,255
2026-08-03_15-49-30,1,821,0,0.0,0,10.0,3,3,2,0,50,255,0,0,232,0,114,41,113,9,0,255,255,0,0,0,0,28,89,99,121,253,253,254,253,255,136,136,132,32,0,89,89,168,66,99,254,109,254,255,255,127,255,111,3,111,34,0,4,0,0,0,0,136,128,112,104,24,0,96,0,0,0,2,254,6,254,0,0,0,0,0,36,6,130,6,84,0,0,0,0,1,9,3,6,216,0,0,16,0,0,16,60,255,200,0,0,0,0,0,0,0,0,0,0,0,0,0,0,0,229,251,146,251,150,255,150,255,150,255,38,255,32,255,70,255,2,0,36,255,0,0,236,0,114,41,113,9,0,255,255,0,0,0,0,28,89,75,121,253,253,254,253,255,136,136,132,32,0,89,89,168,66,75,254,109,254,255,255,127,255,111,3,111,34,0,4,0,0,0,0,136,128,112,104,24,0,96,0,0,0,2,254,6,254,0,0,0,0,0,36,6,130,6,80,0,0,0,0,1,9,3,6,216,0,0,16,0,0,16,60,255,200,0,0,0,0,0,0,0,0,0,0,0,0,0,0,0,229,251,146,251,150,255,150,255,150,255,38,255,32,255,70,255
2026-08-03_15-49-30,1,822,0,0.0,0,10.0,3,3,2,0,36,255,0,0,236,0,114,41,113,9,0,255,255,0,0,0,0,28,89,75,121,253,253,254,253,255,136,136,132,32,0,89,89,168,66,75,254,109,254,255,255,127,255,111,3,111,34,0,4,0,0,0,0,136,128,112,104,24,0,96,0,0,0,2,254,6,254,0,0,0,0,0,36,6,130,6,80,0,0,0,0,1,9,3,6,216,0,0,16,0,0,16,60,255,200,0,0,0,0,0,0,0,0,0,0,0,0,0,0,0,229,251,146,251,150,255,150,255,150,255,38,255,32,255,70,255,2,0,77,255,0,0,240,0,114,41,113,9,0,255,255,0,0,0,0,28,89,99,121,253,253,254,253,255,136,136,132,32,0,89,89,168,66,99,254,109,254,255,255,127,255,111,3,111,34,0,4,0,0,0,0,136,128,112,104,24,0,96,0,0,0,2,254,6,254,0,0,0,0,0,36,6,130,6,76,0,0,0,0,1,9,3,6,216,0,0,16,0,0,16,60,255,200,0,0,0,0,0,0,0,0,0,0,0,0,0,0,0,229,251,146,251,150,255,150,255,150,255,38,255,32,255,70,255
2026-08-03_15-49-30,1,823,0,0.0,0,10.0,3,3,2,0,77,255,0,0,240,0,114,41,113,9,0,255,255,0,0,0,0,28,89,99,121,253,253,254,253,255,136,136,132,32,0,89,89,168,66,99,254,109,254,255,255,127,255,111,3,111,34,0,4,0,0,0,0,136,128,112,104,24,0,96,0,0,0,2,254,6,254,0,0,0,0,0,36,6,130,6,76,0,0,0,0,1,9,3,6,216,0,0,16,0,0,16,60,255,200,0,0,0,0,0,0,0,0,0,0,0,0,0,0,0,229,251,146,251,150,255,150,255,150,255,38,255,32,255,70,255,2,0,220,255,0,0,244,0,114,41,113,9,0,255,255,0,0,0,0,28,89,75,121,253,253,254,253,255,136,136,132,32,0,89,89,168,66,75,254,109,254,255,255,127,255,111,3,111,34,0,4,0,0,0,0,136,128,112,104,24,0,96,0,0,0,2,254,6,254,0,0,0,0,0,36,6,130,6,72,0,0,0,0,1,9,3,6,216,0,0,16,0,0,16,60,255,200,0,0,0,0,0,0,0,0,0,0,0,0,0,0,0,229,251,146,251,150,255,150,255,150,255,38,255,32,255,70,255
2026-08-03_15-49-30,1,824,0,0.0,0,10.0,3,3,2,0,220,255,0,0,244,0,114,41,113,9,0,255,255,0,0,0,0,28,89,75,121,253,253,254,253,255,136,136,132,32,0,89,89,168,66,75,254,109,254,255,255,127,255,111,3,111,34,0,4,0,0,0,0,136,128,112,104,24,0,96,0,0,0,2,254,6,254,0,0,0,0,0,36,6,130,6,72,0,0,0,0,1,9,3,6,216,0,0,16,0,0,16,60,255,200,0,0,0,0,0,0,0,0,0,0,0,0,0,0,0,229,251,146,251,150,255,150,255,150,255,38,255,32,255,70,255,2,0,200,255,0,0,248,0,114,41,113,9,0,255,255,0,0,0,0,28,89,99,121,253,253,254,253,255,136,136,132,32,0,89,89,168,66,99,254,109,254,255,255,127,255,111,3,111,34,0,4,0,0,0,0,136,128,112,104,24,0,96,0,0,0,2,254,6,254,0,0,0,0,0,36,6,130,6,68,0,0,0,0,1,9,3,6,216,0,0,16,0,0,16,60,255,200,0,0,0,0,0,0,0,0,0,0,0,0,0,0,0,229,251,146,251,150,255,150,255,150,255,38,255,32,255,70,255
2026-08-03_15-49-30,1,825,0,0.0,0,10.0,3,3,2,0,200,255,0,0,248,0,114,41,113,9,0,255,255,0,0,0,0,28,89,99,121,253,253,254,253,255,136,136,132,32,0,89,89,168,66,99,254,109,254,255,255,127,255,111,3,111,34,0,4,0,0,0,0,136,128,112,104,24,0,96,0,0,0,2,254,6,254,0,0,0,0,0,36,6,130,6,68,0,0,0,0,1,9,3,6,216,0,0,16,0,0,16,60,255,200,0,0,0,0,0,0,0,0,0,0,0,0,0,0,0,229,251,146,251,150,255,150,255,150,255,38,255,32,255,70,255,2,0,130,255,0,0,252,0,114,41,113,9,0,255,255,0,0,0,0,28,89,75,121,253,253,254,253,255,136,136,132,32,0,89,89,168,66,75,254,109,254,255,255,127,255,111,3,111,34,0,4,0,0,0,0,136,128,112,104,24,0,96,0,0,0,2,254,6,254,0,0,0,0,0,36,6,130,6,64,0,0,0,0,1,9,3,6,216,0,0,16,0,0,16,60,255,200,0,0,0,0,0,0,0,0,0,0,0,0,0,0,0,229,251,146,251,150,255,150,255,150,255,38,255,32,255,70,255
2026-08-03_15-49-30,1,826,0,0.0,0,10.0,3,3,2,0,130,255,0,0,252,0,114,41,113,9,0,255,255,0,0,0,0,28,89,75,121,253,253,254,253,255,136,136,132,32,0,89,89,168,66,75,254,109,254,255,255,127,255,111,3,111,34,0,4,0,0,0,0,136,128,112,104,24,0,96,0,0,0,2,254,6,254,0,0,0,0,0,36,6,130,6,64,0,0,0,0,1,9,3,6,216,0,0,16,0,0,16,60,255,200,0,0,0,0,0,0,0,0,0,0,0,0,0,0,0,229,251,146,251,150,255,150,255,150,255,38,255,32,255,70,255,2,0,43,255,0,0,0,1,114,41,113,9,0,255,255,0,0,0,0,28,89,99,121,253,253,254,253,255,136,136,132,32,0,89,89,168,66,99,254,109,254,255,255,127,255,111,3,111,34,0,4,0,0,0,0,136,128,112,104,24,0,96,0,0,0,2,254,6,254,0,0,0,0,0,36,6,130,6,60,0,0,0,0,1,9,3,6,216,0,0,16,0,0,16,60,255,200,0,0,0,0,0,0,0,0,0,0,0,0,0,0,0,229,251,146,251,150,255,150,255,150,255,38,255,32,255,70,255
2026-08-03_15-49-30,1,827,0,0.0,0,10.0,3,3,2,0,43,255,0,0,0,1,114,41,113,9,0,255,255,0,0,0,0,28,89,99,121,253,253,254,253,255,136,136,132,32,0,89,89,168,66,99,254,109,254,255,255,127,255,111,3,111,34,0,4,0,0,0,0,136,128,112,104,24,0,96,0,0,0,2,254,6,254,0,0,0,0,0,36,6,130,6,60,0,0,0,0,1,9,3,6,216,0,0,16,0,0,16,60,255,200,0,0,0,0,0,0,0,0,0,0,0,0,0,0,0,229,251,146,251,150,255,150,255,150,255,38,255,32,255,70,255,2,0,182,255,0,0,4,1,136,41,97,9,0,255,136,0,0,0,0,28,89,91,121,253,253,254,253,255,136,136,76,32,0,89,89,85,66,91,254,28,253,255,255,127,255,111,3,111,34,0,4,0,0,0,0,136,128,112,104,24,0,96,0,0,0,2,254,6,254,0,0,0,0,0,36,6,130,6,56,0,0,0,0,1,9,3,6,216,0,0,16,0,0,16,60,255,200,0,0,0,0,0,0,0,0,0,0,0,0,0,0,0,229,251,146,251,150,255,150,255,150,255,38,255,32,255,70,255
2026-08-03_15-49-30,1,828,0,0.0,0,10.0,3,3,2,0,182,255,0,0,4,1,136,41,97,9,0,255,136,0,0,0,0,28,89,91,121,253,253,254,253,255,136,136,76,32,0,89,89,85,66,91,254,28,253,255,255,127,255,111,3,111,34,0,4,0,0,0,0,136,128,112,104,24,0,96,0,0,0,2,254,6,254,0,0,0,0,0,36,6,130,6,56,0,0,0,0,1,9,3,6,216,0,0,16,0,0,16,60,255,200,0,0,0,0,0,0,0,0,0,0,0,0,0,0,0,229,251,146,251,150,255,150,255,150,255,38,255,32,255,70,255,2,0,107,255,0,0,8,1,136,41,97,9,0,255,136,0,0,0,0,28,89,115,121,253,253,254,253,255,136,136,76,32,0,89,89,85,66,115,254,28,253,255,255,127,255,111,3,111,34,0,4,0,0,0,0,136,128,112,104,24,0,96,0,0,0,2,254,6,254,0,0,0,0,0,36,6,130,6,52,0,0,0,0,1,9,3,6,216,0,0,16,0,0,16,60,255,200,0,0,0,0,0,0,0,0,0,0,0,0,0,0,0,229,251,146,251,150,255,150,255,150,255,38,255,32,255,70,255
2026-08-03_15-49-30,1,829,0,0.0,0,10.0,3,3,2,0,107,255,0,0,8,1,136,41,97,9,0,255,136,0,0,0,0,28,89,115,121,253,253,254,253,255,136,136,76,32,0,89,89,85,66,115,254,28,253,255,255,127,255,111,3,111,34,0,4,0,0,0,0,136,128,112,104,24,0,96,0,0,0,2,254,6,254,0,0,0,0,0,36,6,130,6,52,0,0,0,0,1,9,3,6,216,0,0,16,0,0,16,60,255,200,0,0,0,0,0,0,0,0,0,0,0,0,0,0,0,229,251,146,251,150,255,150,255,150,255,38,255,32,255,70,255,2,0,178,255,0,0,12,1,136,41,97,9,0,255,136,0,0,0,0,28,89,91,121,253,253,254,253,255,136,136,76,32,0,89,89,85,66,91,254,28,253,255,255,127,255,111,3,111,34,0,4,0,0,0,0,136,128,112,104,24,0,96,0,0,0,2,254,6,254,0,0,0,0,0,36,6,130,6,48,0,0,0,0,1,9,3,6,216,0,0,16,0,0,16,60,255,200,0,0,0,0,0,0,0,0,0,0,0,0,0,0,0,229,251,146,251,150,255,150,255,150,255,38,255,32,255,70,255
2026-08-03_15-49-30,1,830,0,0.0,0,10.0,3,3,2,0,178,255,0,0,12,1,136,41,97,9,0,255,136,0,0,0,0,28,89,91,121,253,253,254,253,255,136,136,76,32,0,89,89,85,66,91,254,28,253,255,255,127,255,111,3,111,34,0,4,0,0,0,0,136,128,112,104,24,0,96,0,0,0,2,254,6,254,0,0,0,0,0,36,6,130,6,48,0,0,0,0,1,9,3,6,216,0,0,16,0,0,16,60,255,200,0,0,0,0,0,0,0,0,0,0,0,0,0,0,0,229,251,146,251,150,255,150,255,150,255,38,255,32,255,70,255,2,0,44,255,0,0,16,1,136,41,97,9,0,255,136,0,0,0,0,28,89,115,121,253,253,254,253,255,136,136,76,32,0,89,89,85,66,115,254,28,253,255,255,127,255,111,3,111,34,0,4,0,0,0,0,136,128,112,104,24,0,96,0,0,0,2,254,6,254,0,0,0,0,0,36,6,130,6,44,0,0,0,0,1,9,3,6,216,0,0,16,0,0,16,60,255,200,0,0,0,0,0,0,0,0,0,0,0,0,0,0,0,229,251,146,251,150,255,150,255,150,255,38,255,32,255,70,255
2026-08-03_15-49-30,1,831,0,0.0,0,10.0,3,3,2,0,44,255,0,0,16,1,136,41,97,9,0,255,136,0,0,0,0,28,89,115,121,253,253,254,253,255,136,136,76,32,0,89,89,85,66,115,254,28,253,255,255,127,255,111,3,111,34,0,4,0,0,0,0,136,128,112,104,24,0,96,0,0,0,2,254,6,254,0,0,0,0,0,36,6,130,6,44,0,0,0,0,1,9,3,6,216,0,0,16,0,0,16,60,255,200,0,0,0,0,0,0,0,0,0,0,0,0,0,0,0,229,251,146,251,150,255,150,255,150,255,38,255,32,255,70,255,2,0,195,255,0,0,20,1,136,41,97,9,0,255,136,0,0,0,0,28,89,91,121,253,253,254,253,255,136,136,76,32,0,89,89,85,66,91,254,28,253,255,255,127,255,111,3,111,34,0,4,0,0,0,0,136,128,112,104,24,0,96,0,0,0,2,254,6,254,0,0,0,0,0,36,6,130,6,40,0,0,0,0,1,9,3,6,216,0,0,16,0,0,16,60,255,200,0,0,0,0,0,0,0,0,0,0,0,0,0,0,0,229,251,146,251,150,255,150,255,150,255,38,255,32,255,70,255
2026-08-03_15-49-30,1,832,0,0.0,0,10.0,3,3,2,0,195,255,0,0,20,1,136,41,97,9,0,255,136,0,0,0,0,28,89,91,121,253,253,254,253,255,136,136,76,32,0,89,89,85,66,91,254,28,253,255,255,127,255,111,3,111,34,0,4,0,0,0,0,136,128,112,104,24,0,96,0,0,0,2,254,6,254,0,0,0,0,0,36,6,130,6,40,0,0,0,0,1,9,3,6,216,0,0,16,0,0,16,60,255,200,0,0,0,0,0,0,0,0,0,0,0,0,0,0,0,229,251,146,251,150,255,150,255,150,255,38,255,32,255,70,255,2,0,62,255,0,0,24,1,136,41,97,9,0,255,136,0,0,0,0,28,89,115,121,253,253,254,253,255,136,136,76,32,0,89,89,85,66,115,254,28,253,255,255,127,255,111,3,111,34,0,4,0,0,0,0,136,128,112,104,24,0,96,0,0,0,2,254,6,254,0,0,0,0,0,36,6,130,6,36,0,0,0,0,1,9,3,6,216,0,0,16,0,0,16,60,255,200,0,0,0,0,0,0,0,0,0,0,0,0,0,0,0,229,251,146,251,150,255,150,255,150,255,38,255,32,255,70,255
2026-08-03_15-49-30,1,833,0,0.0,0,10.0,3,3,2,0,62,255,0,0,24,1,136,41,97,9,0,255,136,0,0,0,0,28,89,115,121,253,253,254,253,255,136,136,76,32,0,89,89,85,66,115,254,28,253,255,255,127,255,111,3,111,34,0,4,0,0,0,0,136,128,112,104,24,0,96,0,0,0,2,254,6,254,0,0,0,0,0,36,6,130,6,36,0,0,0,0,1,9,3,6,216,0,0,16,0,0,16,60,255,200,0,0,0,0,0,0,0,0,0,0,0,0,0,0,0,229,251,146,251,150,255,150,255,150,255,38,255,32,255,70,255,2,0,237,255,0,0,28,1,136,41,97,9,0,255,136,0,0,0,0,28,89,91,121,253,253,254,253,255,136,136,76,32,0,89,89,85,66,91,254,28,253,255,255,127,255,111,3,111,34,0,4,0,0,0,0,136,128,112,104,24,0,96,0,0,0,2,254,6,254,0,0,0,0,0,36,6,130,6,32,0,0,0,0,1,9,3,6,216,0,0,16,0,0,16,60,255,200,0,0,0,0,0,0,0,0,0,0,0,0,0,0,0,229,251,146,251,150,255,150,255,150,255,38,255,32,255,70,255
2026-08-03_15-49-30,1,834,0,0.0,0,10.0,3,3,2,0,237,255,0,0,28,1,136,41,97,9,0,255,136,0,0,0,0,28,89,91,121,253,253,254,253,255,136,136,76,32,0,89,89,85,66,91,254,28,253,255,255,127,255,111,3,111,34,0,4,0,0,0,0,136,128,112,104,24,0,96,0,0,0,2,254,6,254,0,0,0,0,0,36,6,130,6,32,0,0,0,0,1,9,3,6,216,0,0,16,0,0,16,60,255,200,0,0,0,0,0,0,0,0,0,0,0,0,0,0,0,229,251,146,251,150,255,150,255,150,255,38,255,32,255,70,255,2,0,222,255,0,0,32,1,136,41,97,9,0,255,136,0,0,0,0,28,89,115,121,253,253,254,253,255,136,136,76,32,0,89,89,85,66,115,254,28,253,255,255,127,255,111,3,111,34,0,4,0,0,0,0,136,128,112,104,24,0,96,0,0,0,2,254,6,254,0,0,0,0,0,36,6,130,6,28,0,0,0,0,1,9,3,6,216,0,0,16,0,0,16,60,255,200,0,0,0,0,0,0,0,0,0,0,0,0,0,0,0,229,251,146,251,150,255,150,255,150,255,38,255,32,255,70,255
2026-08-03_15-49-30,1,835,0,0.0,0,10.0,3,3,2,0,222,255,0,0,32,1,136,41,97,9,0,255,136,0,0,0,0,28,89,115,121,253,253,254,253,255,136,136,76,32,0,89,89,85,66,115,254,28,253,255,255,127,255,111,3,111,34,0,4,0,0,0,0,136,128,112,104,24,0,96,0,0,0,2,254,6,254,0,0,0,0,0,36,6,130,6,28,0,0,0,0,1,9,3,6,216,0,0,16,0,0,16,60,255,200,0,0,0,0,0,0,0,0,0,0,0,0,0,0,0,229,251,146,251,150,255,150,255,150,255,38,255,32,255,70,255,2,0,235,255,0,0,36,1,136,41,97,9,0,255,136,0,0,0,0,28,89,91,121,253,253,254,253,255,136,136,76,32,0,89,89,85,66,91,254,28,253,255,255,127,255,111,3,111,34,0,4,0,0,0,0,136,128,112,104,24,0,96,0,0,0,2,254,6,254,0,0,0,0,0,36,6,130,6,24,0,0,0,0,1,9,3,6,216,0,0,16,0,0,16,60,255,200,0,0,0,0,0,0,0,0,0,0,0,0,0,0,0,229,251,146,251,150,255,150,255,150,255,38,255,32,255,70,255
2026-08-03_15-49-30,1,836,0,0.0,0,10.0,3,3,2,0,235,255,0,0,36,1,136,41,97,9,0,255,136,0,0,0,0,28,89,91,121,253,253,254,253,255,136,136,76,32,0,89,89,85,66,91,254,28,253,255,255,127,255,111,3,111,34,0,4,0,0,0,0,136,128,112,104,24,0,96,0,0,0,2,254,6,254,0,0,0,0,0,36,6,130,6,24,0,0,0,0,1,9,3,6,216,0,0,16,0,0,16,60,255,200,0,0,0,0,0,0,0,0,0,0,0,0,0,0,0,229,251,146,251,150,255,150,255,150,255,38,255,32,255,70,255,2,0,186,255,0,0,40,1,136,41,97,9,0,255,136,0,0,0,0,28,89,115,121,253,253,254,253,255,136,136,76,32,0,89,89,85,66,115,254,28,253,255,255,127,255,111,3,111,34,0,4,0,0,0,0,136,128,112,104,24,0,96,0,0,0,2,254,6,254,0,0,0,0,0,36,6,130,6,20,0,0,0,0,1,9,3,6,216,0,0,16,0,0,16,60,255,200,0,0,0,0,0,0,0,0,0,0,0,0,0,0,0,229,251,146,251,150,255,150,255,150,255,38,255,32,255,70,255
2026-08-03_15-49-30,1,837,0,0.0,0,10.0,3,3,2,0,186,255,0,0,40,1,136,41,97,9,0,255,136,0,0,0,0,28,89,115,121,253,253,254,253,255,136,136,76,32,0,89,89,85,66,115,254,28,253,255,255,127,255,111,3,111,34,0,4,0,0,0,0,136,128,112,104,24,0,96,0,0,0,2,254,6,254,0,0,0,0,0,36,6,130,6,20,0,0,0,0,1,9,3,6,216,0,0,16,0,0,16,60,255,200,0,0,0,0,0,0,0,0,0,0,0,0,0,0,0,229,251,146,251,150,255,150,255,150,255,38,255,32,255,70,255,2,0,162,255,0,0,44,1,136,41,97,9,0,255,136,0,0,0,0,28,89,91,121,253,253,254,253,255,136,136,76,32,0,89,89,85,66,91,254,28,253,255,255,127,255,111,3,111,34,0,4,0,0,0,0,136,128,112,104,24,0,96,0,0,0,2,254,6,254,0,0,0,0,0,36,6,130,6,16,0,0,0,0,1,9,3,6,216,0,0,16,0,0,16,60,255,200,0,0,0,0,0,0,0,0,0,0,0,0,0,0,0,229,251,146,251,150,255,150,255,150,255,38,255,32,255,70,255
2026-08-03_15-49-30,1,838,0,0.0,0,10.0,3,3,2,0,162,255,0,0,44,1,136,41,97,9,0,255,136,0,0,0,0,28,89,91,121,253,253,254,253,255,136,136,76,32,0,89,89,85,66,91,254,28,253,255,255,127,255,111,3,111,34,0,4,0,0,0,0,136,128,112,104,24,0,96,0,0,0,2,254,6,254,0,0,0,0,0,36,6,130,6,16,0,0,0,0,1,9,3,6,216,0,0,16,0,0,16,60,255,200,0,0,0,0,0,0,0,0,0,0,0,0,0,0,0,229,251,146,251,150,255,150,255,150,255,38,255,32,255,70,255,2,0,33,255,0,0,48,1,136,41,97,9,0,255,136,0,0,0,0,28,89,115,121,253,253,254,253,255,136,136,76,32,0,89,89,85,66,115,254,28,253,255,255,127,255,111,3,111,34,0,4,0,0,0,0,136,128,112,104,24,0,96,0,0,0,2,254,6,254,0,0,0,0,0,36,6,130,6,12,0,0,0,0,1,9,3,6,216,0,0,16,0,0,16,60,255,200,0,0,0,0,0,0,0,0,0,0,0,0,0,0,0,229,251,146,251,150,255,150,255,150,255,38,255,32,255,70,255
2026-08-03_15-49-30,1,839,0,0.0,0,10.0,3,3,2,0,33,255,0,0,48,1,136,41,97,9,0,255,136,0,0,0,0,28,89,115,121,253,253,254,253,255,136,136,76,32,0,89,89,85,66,115,254,28,253,255,255,127,255,111,3,111,34,0,4,0,0,0,0,136,128,112,104,24,0,96,0,0,0,2,254,6,254,0,0,0,0,0,36,6,130,6,12,0,0,0,0,1,9,3,6,216,0,0,16,0,0,16,60,255,200,0,0,0,0,0,0,0,0,0,0,0,0,0,0,0,229,251,146,251,150,255,150,255,150,255,38,255,32,255,70,255,2,0,27,255,0,0,52,1,136,41,97,9,0,255,136,0,0,0,0,28,89,91,121,253,253,254,253,255,136,136,76,32,0,89,89,85,66,91,254,28,253,255,255,127,255,111,3,111,34,0,4,0,0,0,0,136,128,112,104,24,0,96,0,0,0,2,254,6,254,0,0,0,0,0,36,6,130,6,8,0,0,0,0,1,9,3,6,216,0,0,16,0,0,16,60,255,200,0,0,0,0,0,0,0,0,0,0,0,0,0,0,0,229,251,146,251,150,255,150,255,150,255,38,255,32,255,70,255
2026-08-03_15-49-30,1,840,0,0.0,0,10.0,3,3,2,0,27,255,0,0,52,1,136,41,97,9,0,255,136,0,0,0,0,28,89,91,121,253,253,254,253,255,136,136,76,32,0,89,89,85,66,91,254,28,253,255,255,127,255,111,3,111,34,0,4,0,0,0,0,136,128,112,104,24,0,96,0,0,0,2,254,6,254,0,0,0,0,0,36,6,130,6,8,0,0,0,0,1,9,3,6,216,0,0,16,0,0,16,60,255,200,0,0,0,0,0,0,0,0,0,0,0,0,0,0,0,229,251,146,251,150,255,150,255,150,255,38,255,32,255,70,255,2,0,177,255,0,0,56,1,136,41,97,9,0,255,136,0,0,0,0,28,89,115,121,253,253,254,253,255,136,136,76,32,0,89,89,85,66,115,254,28,253,255,255,127,255,111,3,111,34,0,4,0,0,0,0,136,128,112,104,24,0,96,0,0,0,2,254,6,254,0,0,0,0,0,36,6,130,6,4,0,0,0,0,1,9,3,6,216,0,0,16,0,0,16,60,255,200,0,0,0,0,0,0,0,0,0,0,0,0,0,0,0,229,251,146,251,150,255,150,255,150,255,38,255,32,255,70,255
2026-08-03_15-49-30,1,841,0,0.0,0,10.0,3,2,2,0,177,255,0,0,56,1,136,41,97,9,0,255,136,0,0,0,0,28,89,115,121,253,253,254,253,255,136,136,76,32,0,89,89,85,66,115,254,28,253,255,255,127,255,111,3,111,34,0,4,0,0,0,0,136,128,112,104,24,0,96,0,0,0,2,254,6,254,0,0,0,0,0,36,6,130,6,4,0,0,0,0,1,9,3,6,216,0,0,16,0,0,16,60,255,200,0,0,0,0,0,0,0,0,0,0,0,0,0,0,0,229,251,146,251,150,255,150,255,150,255,38,255,32,255,70,255,2,0,30,255,0,0,60,1,41,41,97,9,0,255,255,0,0,0,0,147,89,91,121,254,253,254,253,0,12,136,76,32,0,160,89,85,66,91,254,181,254,255,255,127,255,255,3,111,34,0,4,0,0,0,0,136,128,112,104,24,0,96,0,0,0,2,254,6,254,0,0,0,0,0,36,6,130,6,0,0,0,0,0,1,9,2,6,216,0,0,16,0,0,16,60,255,0,0,0,0,0,0,0,0,0,0,0,0,0,0,0,0,229,251,146,251,150,255,150,255,81,249,38,255,32,255,70,255
2026-08-03_15-49-30,1,842,0,0.0,0,10.0,2,2,2,0,30,255,0,0,60,1,41,41,97,9,0,255,255,0,0,0,0,147,89,91,121,254,253,254,253,0,12,136,76,32,0,160,89,85,66,91,254,181,254,255,255,127,255,255,3,111,34,0,4,0,0,0,0,136,128,112,104,24,0,96,0,0,0,2,254,6,254,0,0,0,0,0,36,6,130,6,0,0,0,0,0,1,9,2,6,216,0,0,16,0,0,16,60,255,0,0,0,0,0,0,0,0,0,0,0,0,0,0,0,0,229,251,146,251,150,255,150,255,81,249,38,255,32,255,70,255,2,0,231,255,0,0,64,1,41,41,97,9,0,255,255,0,0,0,0,171,89,115,121,254,253,254,253,0,12,136,76,32,0,160,89,85,66,115,254,181,254,255,255,127,255,255,3,111,34,0,4,0,0,0,0,136,128,112,104,24,0,96,0,0,0,2,254,6,254,0,0,0,0,0,36,6,130,6,0,0,0,0,0,1,9,2,6,216,0,0,16,0,0,16,60,255,0,0,0,0,0,0,0,0,0,0,0,0,0,0,0,0,229,251,146,251,150,255,150,255,81,249,38,255,32,255,70,255
2026-08-03_15-49-30,1,843,0,0.0,0,10.0,2,2,2,0,231,255,0,0,64,1,41,41,97,9,0,255,255,0,0,0,0,171,89,115,121,254,253,254,253,0,12,136,76,32,0,160,89,85,66,115,254,181,254,255,255,127,255,255,3,111,34,0,4,0,0,0,0,136,128,112,104,24,0,96,0,0,0,2,254,6,254,0,0,0,0,0,36,6,130,6,0,0,0,0,0,1,9,2,6,216,0,0,16,0,0,16,60,255,0,0,0,0,0,0,0,0,0,0,0,0,0,0,0,0,229,251,146,251,150,255,150,255,81,249,38,255,32,255,70,255,2,0,115,255,0,0,68,1,41,41,97,9,0,255,255,0,0,0,0,147,89,91,121,254,253,254,253,0,12,136,76,32,0,160,89,85,66,91,254,181,254,255,255,127,255,255,3,111,34,0,4,0,0,0,0,136,128,112,104,24,0,96,0,0,0,2,254,6,254,0,0,0,0,0,36,6,130,6,0,0,0,0,0,1,9,2,6,216,0,0,16,0,0,16,60,255,0,0,0,0,0,0,0,0,0,0,0,0,0,0,0,0,229,251,146,251,150,255,150,255,81,249,38,255,32,255,70,255
2026-08-03_15-49-30,1,844,0,0.0,0,10.0,2,2,2,0,115,255,0,0,68,1,41,41,97,9,0,255,255,0,0,0,0,147,89,91,121,254,253,254,253,0,12,136,76,32,0,160,89,85,66,91,254,181,254,255,255,127,255,255,3,111,34,0,4,0,0,0,0,136,128,112,104,24,0,96,0,0,0,2,254,6,254,0,0,0,0,0,36,6,130,6,0,0,0,0,0,1,9,2,6,216,0,0,16,0,0,16,60,255,0,0,0,0,0,0,0,0,0,0,0,0,0,0,0,0,229,251,146,251,150,255,150,255,81,249,38,255,32,255,70,255,2,0,49,255,0,0,72,1,41,41,97,9,0,255,255,0,0,0,0,171,89,115,121,254,253,254,253,0,12,136,76,32,0,160,89,85,66,115,254,181,254,255,255,127,255,255,3,111,34,0,4,0,0,0,0,136,128,112,104,24,0,96,0,0,0,2,254,6,254,0,0,0,0,0,36,6,130,6,0,0,0,0,0,1,9,2,6,216,0,0,16,0,0,16,60,255,0,0,0,0,0,0,0,0,0,0,0,0,0,0,0,0,229,251,146,251,150,255,150,255,81,249,38,255,32,255,70,255
2026-08-03_15-49-30,1,845,0,0.0,0,10.0,2,2,2,0,49,255,0,0,72,1,41,41,97,9,0,255,255,0,0,0,0,171,89,115,121,254,253,254,253,0,12,136,76,32,0,160,89,85,66,115,254,181,254,255,255,127,255,255,3,111,34,0,4,0,0,0,0,136,128,112,104,24,0,96,0,0,0,2,254,6,254,0,0,0,0,0,36,6,130,6,0,0,0,0,0,1,9,2,6,216,0,0,16,0,0,16,60,255,0,0,0,0,0,0,0,0,0,0,0,0,0,0,0,0,229,251,146,251,150,255,150,255,81,249,38,255,32,255,70,255,2,0,22,255,0,0,76,1,41,41,97,9,0,255,255,0,0,0,0,147,89,91,121,254,253,254,253,0,12,136,76,32,0,160,89,85,66,91,254,181,254,255,255,127,255,255,3,111,34,0,4,0,0,0,0,136,128,112,104,24,0,96,0,0,0,2,254,6,254,0,0,0,0,0,36,6,130,6,0,0,0,0,0,1,9,2,6,216,0,0,16,0,0,16,60,255,0,0,0,0,0,0,0,0,0,0,0,0,0,0,0,0,229,251,146,251,150,255,150,255,81,249,38,255,32,255,70,255
2026-08-03_15-49-30,1,846,0,0.0,0,10.0,2,2,2,0,22,255,0,0,76,1,41,41,97,9,0,255,255,0,0,0,0,147,89,91,121,254,253,254,253,0,12,136,76,32,0,160,89,85,66,91,254,181,254,255,255,127,255,255,3,111,34,0,4,0,0,0,0,136,128,112,104,24,0,96,0,0,0,2,254,6,254,0,0,0,0,0,36,6,130,6,0,0,0,0,0,1,9,2,6,216,0,0,16,0,0,16,60,255,0,0,0,0,0,0,0,0,0,0,0,0,0,0,0,0,229,251,146,251,150,255,150,255,81,249,38,255,32,255,70,255,2,0,105,255,0,0,80,1,41,41,97,9,0,255,255,0,0,0,0,171,89,115,121,254,253,254,253,0,12,136,76,32,0,160,89,85,66,115,254,181,254,255,255,127,255,255,3,111,34,0,4,0,0,0,0,136,128,112,104,24,0,96,0,0,0,2,254,6,254,0,0,0,0,0,36,6,130,6,0,0,0,0,0,1,9,2,6,216,0,0,16,0,0,16,60,255,0,0,0,0,0,0,0,0,0,0,0,0,0,0,0,0,229,251,146,251,150,255,150,255,81,249,38,255,32,255,70,255
2026-08-03_15-49-30,1,847,0,0.0,0,10.0,2,2,2,0,105,255,0,0,80,1,41,41,97,9,0,255,255,0,0,0,0,171,89,115,121,254,253,254,253,0,12,136,76,32,0,160,89,85,66,115,254,181,254,255,255,127,255,255,3,111,34,0,4,0,0,0,0,136,128,112,104,24,0,96,0,0,0,2,254,6,254,0,0,0,0,0,36,6,130,6,0,0,0,0,0,1,9,2,6,216,0,0,16,0,0,16,60,255,0,0,0,0,0,0,0,0,0,0,0,0,0,0,0,0,229,251,146,251,150,255,150,255,81,249,38,255,32,255,70,255,2,0,145,255,0,0,84,1,41,41,97,9,0,255,255,0,0,0,0,147,89,91,121,254,253,254,253,0,12,136,76,32,0,160,89,85,66,91,254,181,254,255,255,127,255,255,3,111,34,0,4,0,0,0,0,136,128,112,104,24,0,96,0,0,0,2,254,6,254,0,0,0,0,0,36,6,130,6,0,0,0,0,0,1,9,2,6,216,0,0,16,0,0,16,60,255,0,0,0,0,0,0,0,0,0,0,0,0,0,0,0,0,229,251,146,251,150,255,150,255,81,249,38,255,32,255,70,255
2026-08-03_15-49-30,1,848,0,0.0,0,10.0,2,2,2,0,145,255,0,0,84,1,41,41,97,9,0,255,255,0,0,0,0,147,89,91,121,254,253,254,253,0,12,136,76,32,0,160,89,85,66,91,254,181,254,255,255,127,255,255,3,111,34,0,4,0,0,0,0,136,128,112,104,24,0,96,0,0,0,2,254,6,254,0,0,0,0,0,36,6,130,6,0,0,0,0,0,1,9,2,6,216,0,0,16,0,0,16,60,255,0,0,0,0,0,0,0,0,0,0,0,0,0,0,0,0,229,251,146,251,150,255,150,255,81,249,38,255,32,255,70,255,2,0,20,255,0,0,88,1,41,41,97,9,0,255,255,0,0,0,0,171,89,115,121,254,253,254,253,0,12,136,76,32,0,160,89,85,66,115,254,181,254,255,255,127,255,255,3,111,34,0,4,0,0,0,0,136,128,112,104,24,0,96,0,0,0,2,254,6,254,0,0,0,0,0,36,6,130,6,0,0,0,0,0,1,9,2,6,216,0,0,16,0,0,16,60,255,0,0,0,0,0,0,0,0,0,0,0,0,0,0,0,0,229,251,146,251,150,255,150,255,81,249,38,255,32,255,70,255
2026-08-03_15-49-30,1,849,0,0.0,0,10.0,2,2,2,0,20,255,0,0,88,1,41,41,97,9,0,255,255,0,0,0,0,171,89,115,121,254,253,254,253,0,12,136,76,32,0,160,89,85,66,115,254,181,254,255,255,127,255,255,3,111,34,0,4,0,0,0,0,136,128,112,104,24,0,96,0,0,0,2,254,6,254,0,0,0,0,0,36,6,130,6,0,0,0,0,0,1,9,2,6,216,0,0,16,0,0,16,60,255,0,0,0,0,0,0,0,0,0,0,0,0,0,0,0,0,229,251,146,251,150,255,150,255,81,249,38,255,32,255,70,255,2,0,74,255,0,0,92,1,41,41,97,9,0,255,255,0,0,0,0,147,89,91,121,254,253,254,253,0,12,136,76,32,0,160,89,85,66,91,254,181,254,255,255,127,255,255,3,111,34,0,4,0,0,0,0,136,128,112,104,24,0,96,0,0,0,2,254,6,254,0,0,0,0,0,36,6,130,6,0,0,0,0,0,1,9,2,6,216,0,0,16,0,0,16,60,255,0,0,0,0,0,0,0,0,0,0,0,0,0,0,0,0,229,251,146,251,150,255,150,255,81,249,38,255,32,255,70,255
2026-08-03_15-49-30,1,850,0,0.0,0,10.0,2,2,2,0,74,255,0,0,92,1,41,41,97,9,0,255,255,0,0,0,0,147,89,91,121,254,253,254,253,0,12,136,76,32,0,160,89,85,66,91,254,181,254,255,255,127,255,255,3,111,34,0,4,0,0,0,0,136,128,112,104,24,0,96,0,0,0,2,254,6,254,0,0,0,0,0,36,6,130,6,0,0,0,0,0,1,9,2,6,216,0,0,16,0,0,16,60,255,0,0,0,0,0,0,0,0,0,0,0,0,0,0,0,0,229,251,146,251,150,255,150,255,81,249,38,255,32,255,70,255,2,0,169,255,0,0,96,1,41,41,97,9,0,255,255,0,0,0,0,171,89,115,121,254,253,254,253,0,12,136,76,32,0,160,89,85,66,115,254,181,254,255,255,127,255,255,3,111,34,0,4,0,0,0,0,136,128,112,104,24,0,96,0,0,0,2,254,6,254,0,0,0,0,0,36,6,130,6,0,0,0,0,0,1,9,2,6,216,0,0,16,0,0,16,60,255,0,0,0,0,0,0,0,0,0,0,0,0,0,0,0,0,229,251,146,251,150,255,150,255,81,249,38,255,32,255,70,255
2026-08-03_15-49-30,1,851,0,0.0,0,10.0,2,2,2,0,169,255,0,0,96,1,41,41,97,9,0,255,255,0,0,0,0,171,89,115,121,254,253,254,253,0,12,136,76,32,0,160,89,85,66,115,254,181,254,255,255,127,255,255,3,111,34,0,4,0,0,0,0,136,128,112,104,24,0,96,0,0,0,2,254,6,254,0,0,0,0,0,36,6,130,6,0,0,0,0,0,1,9,2,6,216,0,0,16,0,0,16,60,255,0,0,0,0,0,0,0,0,0,0,0,0,0,0,0,0,229,251,146,251,150,255,150,255,81,249,38,255,32,255,70,255,2,0,157,255,0,0,100,1,41,41,97,9,0,255,255,0,0,0,0,147,89,91,121,254,253,254,253,0,12,136,76,32,0,160,89,85,66,91,254,181,254,255,255,127,255,255,3,111,34,0,4,0,0,0,0,136,128,112,104,24,0,96,0,0,0,2,254,6,254,0,0,0,0,0,36,6,130,6,0,0,0,0,0,1,9,2,6,216,0,0,16,0,0,16,60,255,0,0,0,0,0,0,0,0,0,0,0,0,0,0,0,0,229,251,146,251,150,255,150,255,81,249,38,255,32,255,70,255
2026-08-03_15-49-30,1,852,0,0.0,0,10.0,2,2,2,0,157,255,0,0,100,1,41,41,97,9,0,255,255,0,0,0,0,147,89,91,121,254,253,254,253,0,12,136,76,32,0,160,89,85,66,91,254,181,254,255,255,127,255,255,3,111,34,0,4,0,0,0,0,136,128,112,104,24,0,96,0,0,0,2,254,6,254,0,0,0,0,0,36,6,130,6,0,0,0,0,0,1,9,2,6,216,0,0,16,0,0,16,60,255,0,0,0,0,0,0,0,0,0,0,0,0,0,0,0,0,229,251,146,251,150,255,150,255,81,249,38,255,32,255,70,255,2,0,221,255,0,0,104,1,41,41,97,9,0,255,255,0,0,0,0,171,89,115,121,254,253,254,253,0,12,136,76,32,0,160,89,85,66,115,254,181,254,255,255,127,255,255,3,111,34,0,4,0,0,0,0,136,128,112,104,24,0,96,0,0,0,2,254,6,254,0,0,0,0,0,36,6,130,6,0,0,0,0,0,1,9,2,6,216,0,0,16,0,0,16,60,255,0,0,0,0,0,0,0,0,0,0,0,0,0,0,0,0,229,251,146,251,150,255,150,255,81,249,38,255,32,255,70,255
2026-08-03_15-49-30,1,853,0,0.0,0,10.0,2,2,2,0,221,255,0,0,104,1,41,41,97,9,0,255,255,0,0,0,0,171,89,115,121,254,253,254,253,0,12,136,76,32,0,160,89,85,66,115,254,181,254,255,255,127,255,255,3,111,34,0,4,0,0,0,0,136,128,112,104,24,0,96,0,0,0,2,254,6,254,0,0,0,0,0,36,6,130,6,0,0,0,0,0,1,9,2,6,216,0,0,16,0,0,16,60,255,0,0,0,0,0,0,0,0,0,0,0,0,0,0,0,0,229,251,146,251,150,255,150,255,81,249,38,255,32,255,70,255,2,0,217,255,0,0,108,1,41,41,97,9,0,255,255,0,0,0,0,147,89,91,121,254,253,254,253,0,12,136,76,32,0,160,89,85,66,91,254,181,254,255,255,127,255,255,3,111,34,0,4,0,0,0,0,136,128,112,104,24,0,96,0,0,0,2,254,6,254,0,0,0,0,0,36,6,130,6,0,0,0,0,0,1,9,2,6,216,0,0,16,0,0,16,60,255,0,0,0,0,0,0,0,0,0,0,0,0,0,0,0,0,229,251,146,251,150,255,150,255,81,249,38,255,32,255,70,255
2026-08-03_15-49-30,1,854,0,0.0,0,10.0,2,2,2,0,217,255,0,0,108,1,41,41,97,9,0,255,255,0,0,0,0,147,89,91,121,254,253,254,253,0,12,136,76,32,0,160,89,85,66,91,254,181,254,255,255,127,255,255,3,111,34,0,4,0,0,0,0,136,128,112,104,24,0,96,0,0,0,2,254,6,254,0,0,0,0,0,36,6,130,6,0,0,0,0,0,1,9,2,6,216,0,0,16,0,0,16,60,255,0,0,0,0,0,0,0,0,0,0,0,0,0,0,0,0,229,251,146,251,150,255,150,255,81,249,38,255,32,255,70,255,2,0,158,255,0,0,112,1,41,41,97,9,0,255,255,0,0,0,0,171,89,115,121,254,253,254,253,0,12,136,76,32,0,160,89,85,66,115,254,181,254,255,255,127,255,255,3,111,34,0,4,0,0,0,0,136,128,112,104,24,0,96,0,0,0,2,254,6,254,0,0,0,0,0,36,6,130,6,0,0,0,0,0,1,9,2,6,216,0,0,16,0,0,16,60,255,0,0,0,0,0,0,0,0,0,0,0,0,0,0,0,0,229,251,146,251,150,255,150,255,81,249,38,255,32,255,70,255
2026-08-03_15-49-30,1,855,0,0.0,0,10.0,2,2,2,0,158,255,0,0,112,1,41,41,97,9,0,255,255,0,0,0,0,171,89,115,121,254,253,254,253,0,12,136,76,32,0,160,89,85,66,115,254,181,254,255,255,127,255,255,3,111,34,0,4,0,0,0,0,136,128,112,104,24,0,96,0,0,0,2,254,6,254,0,0,0,0,0,36,6,130,6,0,0,0,0,0,1,9,2,6,216,0,0,16,0,0,16,60,255,0,0,0,0,0,0,0,0,0,0,0,0,0,0,0,0,229,251,146,251,150,255,150,255,81,249,38,255,32,255,70,255,2,0,239,255,0,0,116,1,41,41,97,9,0,255,255,0,0,0,0,147,89,91,121,254,253,254,253,0,12,136,76,32,0,160,89,85,66,91,254,181,254,255,255,127,255,255,3,111,34,0,4,0,0,0,0,136,128,112,104,24,0,96,0,0,0,2,254,6,254,0,0,0,0,0,36,6,130,6,0,0,0,0,0,1,9,2,6,216,0,0,16,0,0,16,60,255,0,0,0,0,0,0,0,0,0,0,0,0,0,0,0,0,229,251,146,251,150,255,150,255,81,249,38,255,32,255,70,255
2026-08-03_15-49-30,1,856,0,0.0,0,10.0,2,2,2,0,239,255,0,0,116,1,41,41,97,9,0,255,255,0,0,0,0,147,89,91,121,254,253,254,253,0,12,136,76,32,0,160,89,85,66,91,254,181,254,255,255,127,255,255,3,111,34,0,4,0,0,0,0,136,128,112,104,24,0,96,0,0,0,2,254,6,254,0,0,0,0,0,36,6,130,6,0,0,0,0,0,1,9,2,6,216,0,0,16,0,0,16,60,255,0,0,0,0,0,0,0,0,0,0,0,0,0,0,0,0,229,251,146,251,150,255,150,255,81,249,38,255,32,255,70,255,2,0,253,255,0,0,120,1,41,41,97,9,0,255,255,0,0,0,0,171,89,115,121,254,253,254,253,0,12,136,76,32,0,160,89,85,66,115,254,181,254,255,255,127,255,255,3,111,34,0,4,0,0,0,0,136,128,112,104,24,0,96,0,0,0,2,254,6,254,0,0,0,0,0,36,6,130,6,0,0,0,0,0,1,9,2,6,216,0,0,16,0,0,16,60,255,0,0,0,0,0,0,0,0,0,0,0,0,0,0,0,0,229,251,146,251,150,255,150,255,81,249,38,255,32,255,70,255
2026-08-03_15-49-30,1,857,0,0.0,0,10.0,2,2,2,0,253,255,0,0,120,1,41,41,97,9,0,255,255,0,0,0,0,171,89,115,121,254,253,254,253,0,12,136,76,32,0,160,89,85,66,115,254,181,254,255,255,127,255,255,3,111,34,0,4,0,0,0,0,136,128,112,104,24,0,96,0,0,0,2,254,6,254,0,0,0,0,0,36,6,130,6,0,0,0,0,0,1,9,2,6,216,0,0,16,0,0,16,60,255,0,0,0,0,0,0,0,0,0,0,0,0,0,0,0,0,229,251,146,251,150,255,150,255,81,249,38,255,32,255,70,255,2,0,211,255,0,0,124,1,41,41,97,9,0,255,255,0,0,0,0,147,89,91,121,254,253,254,253,0,12,136,76,32,0,160,89,85,66,91,254,181,254,255,255,127,255,255,3,111,34,0,4,0,0,0,0,136,128,112,104,24,0,96,0,0,0,2,254,6,254,0,0,0,0,0,36,6,130,6,0,0,0,0,0,1,9,2,6,216,0,0,16,0,0,16,60,255,0,0,0,0,0,0,0,0,0,0,0,0,0,0,0,0,229,251,146,251,150,255,150,255,81,249,38,255,32,255,70,255
2026-08-03_15-49-30,1,858,0,0.0,0,10.0,2,2,2,0,211,255,0,0,124,1,41,41,97,9,0,255,255,0,0,0,0,147,89,91,121,254,253,254,253,0,12,136,76,32,0,160,89,85,66,91,254,181,254,255,255,127,255,255,3,111,34,0,4,0,0,0,0,136,128,112,104,24,0,96,0,0,0,2,254,6,254,0,0,0,0,0,36,6,130,6,0,0,0,0,0,1,9,2,6,216,0,0,16,0,0,16,60,255,0,0,0,0,0,0,0,0,0,0,0,0,0,0,0,0,229,251,146,251,150,255,150,255,81,249,38,255,32,255,70,255,2,0,51,255,0,0,128,1,41,41,97,9,0,255,255,0,0,0,0,171,89,115,121,254,253,254,253,0,12,136,76,32,0,160,89,85,66,115,254,181,254,255,255,127,255,255,3,111,34,0,4,0,0,0,0,136,128,112,104,24,0,96,0,0,0,2,254,6,254,0,0,0,0,0,36,6,130,6,0,0,0,0,0,1,9,2,6,216,0,0,16,0,0,16,60,255,0,0,0,0,0,0,0,0,0,0,0,0,0,0,0,0,229,251,146,251,150,255,150,255,81,249,38,255,32,255,70,255
2026-08-03_15-49-30,1,859,0,0.0,0,10.0,2,2,2,0,51,255,0,0,128,1,41,41,97,9,0,255,255,0,0,0,0,171,89,115,121,254,253,254,253,0,12,136,76,32,0,160,89,85,66,115,254,181,254,255,255,127,255,255,3,111,34,0,4,0,0,0,0,136,128,112,104,24,0,96,0,0,0,2,254,6,254,0,0,0,0,0,36,6,130,6,0,0,0,0,0,1,9,2,6,216,0,0,16,0,0,16,60,255,0,0,0,0,0,0,0,0,0,0,0,0,0,0,0,0,229,251,146,251,150,255,150,255,81,249,38,255,32,255,70,255,2,0,53,255,0,0,132,1,41,41,97,9,0,255,255,0,0,0,0,147,89,91,121,254,253,254,253,0,12,136,76,32,0,160,89,85,66,91,254,181,254,255,255,127,255,255,3,111,34,0,4,0,0,0,0,136,128,112,104,24,0,96,0,0,0,2,254,6,254,0,0,0,0,0,36,6,130,6,0,0,0,0,0,1,9,2,6,216,0,0,16,0,0,16,60,255,0,0,0,0,0,0,0,0,0,0,0,0,0,0,0,0,229,251,146,251,150,255,150,255,81,249,38,255,32,255,70,255
2026-08-03_15-49-30,1,860,0,0.0,0,10.0,2,2,2,0,53,255,0,0,132,1,41,41,97,9,0,255,255,0,0,0,0,147,89,91,121,254,253,254,253,0,12,136,76,32,0,160,89,85,66,91,254,181,254,255,255,127,255,255,3,111,34,0,4,0,0,0,0,136,128,112,104,24,0,96,0,0,0,2,254,6,254,0,0,0,0,0,36,6,130,6,0,0,0,0,0,1,9,2,6,216,0,0,16,0,0,16,60,255,0,0,0,0,0,0,0,0,0,0,0,0,0,0,0,0,229,251,146,251,150,255,150,255,81,249,38,255,32,255,70,255,2,0,81,255,0,0,136,1,41,41,97,9,0,255,255,0,0,0,0,171,89,115,121,254,253,254,253,0,12,136,76,32,0,160,89,85,66,115,254,181,254,255,255,127,255,255,3,111,34,0,4,0,0,0,0,136,128,112,104,24,0,96,0,0,0,2,254,6,254,0,0,0,0,0,36,6,130,6,0,0,0,0,0,1,9,2,6,216,0,0,16,0,0,16,60,255,0,0,0,0,0,0,0,0,0,0,0,0,0,0,0,0,229,251,146,251,150,255,150,255,81,249,38,255,32,255,70,255
2026-08-03_15-49-30,1,861,0,0.0,0,10.0,2,2,2,0,81,255,0,0,136,1,41,41,97,9,0,255,255,0,0,0,0,171,89,115,121,254,253,254,253,0,12,136,76,32,0,160,89,85,66,115,254,181,254,255,255,127,255,255,3,111,34,0,4,0,0,0,0,136,128,112,104,24,0,96,0,0,0,2,254,6,254,0,0,0,0,0,36,6,130,6,0,0,0,0,0,1,9,2,6,216,0,0,16,0,0,16,60,255,0,0,0,0,0,0,0,0,0,0,0,0,0,0,0,0,229,251,146,251,150,255,150,255,81,249,38,255,32,255,70,255,2,0,24,255,0,0,140,1,41,41,97,9,0,255,255,0,0,0,0,147,89,91,121,254,253,254,253,0,12,136,76,32,0,160,89,85,66,91,254,181,254,255,255,127,255,255,3,111,34,0,4,0,0,0,0,136,128,112,104,24,0,96,0,0,0,2,254,6,254,0,0,0,0,0,36,6,130,6,0,0,0,0,0,1,9,2,6,216,0,0,16,0,0,16,60,255,0,0,0,0,0,0,0,0,0,0,0,0,0,0,0,0,229,251,146,251,150,255,150,255,81,249,38,255,32,255,70,255
2026-08-03_15-49-30,1,862,0,0.0,0,10.0,2,2,2,0,24,255,0,0,140,1,41,41,97,9,0,255,255,0,0,0,0,147,89,91,121,254,253,254,253,0,12,136,76,32,0,160,89,85,66,91,254,181,254,255,255,127,255,255,3,111,34,0,4,0,0,0,0,136,128,112,104,24,0,96,0,0,0,2,254,6,254,0,0,0,0,0,36,6,130,6,0,0,0,0,0,1,9,2,6,216,0,0,16,0,0,16,60,255,0,0,0,0,0,0,0,0,0,0,0,0,0,0,0,0,229,251,146,251,150,255,150,255,81,249,38,255,32,255,70,255,2,0,131,255,0,0,144,1,41,41,97,9,0,255,255,0,0,0,0,171,89,115,121,254,253,254,253,0,12,136,76,32,0,160,89,85,66,115,254,181,254,255,255,127,255,255,3,111,34,0,4,0,0,0,0,136,128,112,104,24,0,96,0,0,0,2,254,6,254,0,0,0,0,0,36,6,130,6,0,0,0,0,0,1,9,2,6,216,0,0,16,0,0,16,60,255,0,0,0,0,0,0,0,0,0,0,0,0,0,0,0,0,229,251,146,251,150,255,150,255,81,249,38,255,32,255,70,255
2026-08-03_15-49-30,1,863,0,0.0,0,10.0,2,2,2,0,131,255,0,0,144,1,41,41,97,9,0,255,255,0,0,0,0,171,89,115,121,254,253,254,253,0,12,136,76,32,0,160,89,85,66,115,254,181,254,255,255,127,255,255,3,111,34,0,4,0,0,0,0,136,128,112,104,24,0,96,0,0,0,2,254,6,254,0,0,0,0,0,36,6,130,6,0,0,0,0,0,1,9,2,6,216,0,0,16,0,0,16,60,255,0,0,0,0,0,0,0,0,0,0,0,0,0,0,0,0,229,251,146,251,150,255,150,255,81,249,38,255,32,255,70,255,2,0,58,255,0,0,148,1,41,41,97,9,0,255,255,0,0,0,0,147,89,91,121,254,253,254,253,0,12,136,76,32,0,160,89,85,66,91,254,181,254,255,255,127,255,255,3,111,34,0,4,0,0,0,0,136,128,112,104,24,0,96,0,0,0,2,254,6,254,0,0,0,0,0,36,6,130,6,0,0,0,0,0,1,9,2,6,216,0,0,16,0,0,16,60,255,0,0,0,0,0,0,0,0,0,0,0,0,0,0,0,0,229,251,146,251,150,255,150,255,81,249,38,255,32,255,70,255
2026-08-03_15-49-30,1,864,0,0.0,0,10.0,2,2,2,0,58,255,0,0,148,1,41,41,97,9,0,255,255,0,0,0,0,147,89,91,121,254,253,254,253,0,12,136,76,32,0,160,89,85,66,91,254,181,254,255,255,127,255,255,3,111,34,0,4,0,0,0,0,136,128,112,104,24,0,96,0,0,0,2,254,6,254,0,0,0,0,0,36,6,130,6,0,0,0,0,0,1,9,2,6,216,0,0,16,0,0,16,60,255,0,0,0,0,0,0,0,0,0,0,0,0,0,0,0,0,229,251,146,251,150,255,150,255,81,249,38,255,32,255,70,255,2,0,170,255,0,0,152,1,41,41,97,9,0,255,255,0,0,0,0,171,89,115,121,254,253,254,253,0,12,136,76,32,0,160,89,85,66,115,254,181,254,255,255,127,255,255,3,111,34,0,4,0,0,0,0,136,128,112,104,24,0,96,0,0,0,2,254,6,254,0,0,0,0,0,36,6,130,6,0,0,0,0,0,1,9,2,6,216,0,0,16,0,0,16,60,255,0,0,0,0,0,0,0,0,0,0,0,0,0,0,0,0,229,251,146,251,150,255,150,255,81,249,38,255,32,255,70,255
2026-08-03_15-49-30,1,865,0,0.0,0,10.0,2,2,2,0,170,255,0,0,152,1,41,41,97,9,0,255,255,0,0,0,0,171,89,115,121,254,253,254,253,0,12,136,76,32,0,160,89,85,66,115,254,181,254,255,255,127,255,255,3,111,34,0,4,0,0,0,0,136,128,112,104,24,0,96,0,0,0,2,254,6,254,0,0,0,0,0,36,6,130,6,0,0,0,0,0,1,9,2,6,216,0,0,16,0,0,16,60,255,0,0,0,0,0,0,0,0,0,0,0,0,0,0,0,0,229,251,146,251,150,255,150,255,81,249,38,255,32,255,70,255,2,0,175,255,0,0,156,1,41,41,97,9,0,255,255,0,0,0,0,147,89,91,121,254,253,254,253,0,12,136,76,32,0,160,89,85,66,91,254,181,254,255,255,127,255,255,3,111,34,0,4,0,0,0,0,136,128,112,104,24,0,96,0,0,0,2,254,6,254,0,0,0,0,0,36,6,130,6,0,0,0,0,0,1,9,2,6,216,0,0,16,0,0,16,60,255,0,0,0,0,0,0,0,0,0,0,0,0,0,0,0,0,229,251,146,251,150,255,150,255,81,249,38,255,32,255,70,255
2026-08-03_15-49-30,1,866,0,0.0,0,10.0,2,2,2,0,175,255,0,0,156,1,41,41,97,9,0,255,255,0,0,0,0,147,89,91,121,254,253,254,253,0,12,136,76,32,0,160,89,85,66,91,254,181,254,255,255,127,255,255,3,111,34,0,4,0,0,0,0,136,128,112,104,24,0,96,0,0,0,2,254,6,254,0,0,0,0,0,36,6,130,6,0,0,0,0,0,1,9,2,6,216,0,0,16,0,0,16,60,255,0,0,0,0,0,0,0,0,0,0,0,0,0,0,0,0,229,251,146,251,150,255,150,255,81,249,38,255,32,255,70,255,2,0,249,255,0,0,160,1,41,41,97,9,0,255,255,0,0,0,0,171,89,115,121,254,253,254,253,0,12,136,76,32,0,160,89,85,66,115,254,181,254,255,255,127,255,255,3,111,34,0,4,0,0,0,0,136,128,112,104,24,0,96,0,0,0,2,254,6,254,0,0,0,0,0,36,6,130,6,0,0,0,0,0,1,9,2,6,216,0,0,16,0,0,16,60,255,0,0,0,0,0,0,0,0,0,0,0,0,0,0,0,0,229,251,146,251,150,255,150,255,81,249,38,255,32,255,70,255
2026-08-03_15-49-30,1,867,0,0.0,0,10.0,2,2,2,0,249,255,0,0,160,1,41,41,97,9,0,255,255,0,0,0,0,171,89,115,121,254,253,254,253,0,12,136,76,32,0,160,89,85,66,115,254,181,254,255,255,127,255,255,3,111,34,0,4,0,0,0,0,136,128,112,104,24,0,96,0,0,0,2,254,6,254,0,0,0,0,0,36,6,130,6,0,0,0,0,0,1,9,2,6,216,0,0,16,0,0,16,60,255,0,0,0,0,0,0,0,0,0,0,0,0,0,0,0,0,229,251,146,251,150,255,150,255,81,249,38,255,32,255,70,255,2,0,148,255,0,0,164,1,41,41,97,9,0,255,255,0,0,0,0,147,89,91,121,254,253,254,253,0,12,136,76,32,0,160,89,85,66,91,254,181,254,255,255,127,255,255,3,111,34,0,4,0,0,0,0,136,128,112,104,24,0,96,0,0,0,2,254,6,254,0,0,0,0,0,36,6,130,6,0,0,0,0,0,1,9,2,6,216,0,0,16,0,0,16,60,255,0,0,0,0,0,0,0,0,0,0,0,0,0,0,0,0,229,251,146,251,150,255,150,255,81,249,38,255,32,255,70,255
2026-08-03_15-49-30,1,868,0,0.0,0,10.0,2,2,2,0,148,255,0,0,164,1,41,41,97,9,0,255,255,0,0,0,0,147,89,91,121,254,253,254,253,0,12,136,76,32,0,160,89,85,66,91,254,181,254,255,255,127,255,255,3,111,34,0,4,0,0,0,0,136,128,112,104,24,0,96,0,0,0,2,254,6,254,0,0,0,0,0,36,6,130,6,0,0,0,0,0,1,9,2,6,216,0,0,16,0,0,16,60,255,0,0,0,0,0,0,0,0,0,0,0,0,0,0,0,0,229,251,146,251,150,255,150,255,81,249,38,255,32,255,70,255,2,0,66,255,0,0,168,1,41,41,97,9,0,255,255,0,0,0,0,171,89,115,121,254,253,254,253,0,12,136,76,32,0,160,89,85,66,115,254,181,254,255,255,127,255,255,3,111,34,0,4,0,0,0,0,136,128,112,104,24,0,96,0,0,0,2,254,6,254,0,0,0,0,0,36,6,130,6,0,0,0,0,0,1,9,2,6,216,0,0,16,0,0,16,60,255,0,0,0,0,0,0,0,0,0,0,0,0,0,0,0,0,229,251,146,251,150,255,150,255,81,249,38,255,32,255,70,255
2026-08-03_15-49-30,1,869,0,0.0,0,10.0,2,2,2,0,66,255,0,0,168,1,41,41,97,9,0,255,255,0,0,0,0,171,89,115,121,254,253,254,253,0,12,136,76,32,0,160,89,85,66,115,254,181,254,255,255,127,255,255,3,111,34,0,4,0,0,0,0,136,128,112,104,24,0,96,0,0,0,2,254,6,254,0,0,0,0,0,36,6,130,6,0,0,0,0,0,1,9,2,6,216,0,0,16,0,0,16,60,255,0,0,0,0,0,0,0,0,0,0,0,0,0,0,0,0,229,251,146,251,150,255,150,255,81,249,38,255,32,255,70,255,2,0,39,255,0,0,172,1,41,41,97,9,0,255,255,0,0,0,0,147,89,91,121,254,253,254,253,0,12,136,76,32,0,160,89,85,66,91,254,181,254,255,255,127,255,255,3,111,34,0,4,0,0,0,0,136,128,112,104,24,0,96,0,0,0,2,254,6,254,0,0,0,0,0,36,6,130,6,0,0,0,0,0,1,9,2,6,216,0,0,16,0,0,16,60,255,0,0,0,0,0,0,0,0,0,0,0,0,0,0,0,0,229,251,146,251,150,255,150,255,81,249,38,255,32,255,70,255
2026-08-03_15-49-30,1,870,0,0.0,0,10.0,2,2,2,0,39,255,0,0,172,1,41,41,97,9,0,255,255,0,0,0,0,147,89,91,121,254,253,254,253,0,12,136,76,32,0,160,89,85,66,91,254,181,254,255,255,127,255,255,3,111,34,0,4,0,0,0,0,136,128,112,104,24,0,96,0,0,0,2,254,6,254,0,0,0,0,0,36,6,130,6,0,0,0,0,0,1,9,2,6,216,0,0,16,0,0,16,60,255,0,0,0,0,0,0,0,0,0,0,0,0,0,0,0,0,229,251,146,251,150,255,150,255,81,249,38,255,32,255,70,255,2,0,127,255,0,0,176,1,41,41,97,9,0,255,255,0,0,0,0,171,89,115,121,254,253,254,253,0,12,136,76,32,0,160,89,85,66,115,254,181,254,255,255,127,255,255,3,111,34,0,4,0,0,0,0,136,128,112,104,24,0,96,0,0,0,2,254,6,254,0,0,0,0,0,36,6,130,6,0,0,0,0,0,1,9,2,6,216,0,0,16,0,0,16,60,255,0,0,0,0,0,0,0,0,0,0,0,0,0,0,0,0,229,251,146,251,150,255,150,255,81,249,38,255,32,255,70,255
2026-08-03_15-49-30,1,871,0,0.0,0,10.0,2,2,2,0,127,255,0,0,176,1,41,41,97,9,0,255,255,0,0,0,0,171,89,115,121,254,253,254,253,0,12,136,76,32,0,160,89,85,66,115,254,181,254,255,255,127,255,255,3,111,34,0,4,0,0,0,0,136,128,112,104,24,0,96,0,0,0,2,254,6,254,0,0,0,0,0,36,6,130,6,0,0,0,0,0,1,9,2,6,216,0,0,16,0,0,16,60,255,0,0,0,0,0,0,0,0,0,0,0,0,0,0,0,0,229,251,146,251,150,255,150,255,81,249,38,255,32,255,70,255,2,0,248,255,0,0,180,0,41,41,97,9,0,255,255,0,0,0,0,147,89,91,121,254,253,254,253,255,13,136,76,32,0,160,89,85,66,91,254,181,254,127,255,127,255,95,191,175,20,2,4,0,0,0,0,136,128,112,104,40,0,208,0,0,0,2,254,6,254,0,0,0,0,0,36,6,130,6,0,0,0,0,0,1,9,2,6,216,0,0,16,0,0,16,60,255,0,0,0,0,0,0,0,0,0,0,0,0,0,0,0,0,229,251,146,251,54,251,13,251,98,249,38,255,32,255,70,255
2026-08-03_15-49-30,1,872,3,0.0,0,10.0,2,2,2,0,248,255,0,0,180,0,41,41,97,9,0,255,255,0,0,0,0,147,89,91,121,254,253,254,253,255,13,136,76,32,0,160,89,85,66,91,254,181,254,127,255,127,255,95,191,175,20,2,4,0,0,0,0,136,128,112,104,40,0,208,0,0,0,2,254,6,254,0,0,0,0,0,36,6,130,6,0,0,0,0,0,1,9,2,6,216,0,0,16,0,0,16,60,255,0,0,0,0,0,0,0,0,0,0,0,0,0,0,0,0,229,251,146,251,54,251,13,251,98,249,38,255,32,255,70,255,2,0,133,255,0,0,184,0,41,41,97,9,0,255,255,0,0,0,0,171,89,115,121,254,253,254,253,255,15,136,78,32,0,113,89,53,66,115,254,181,254,127,255,127,255,95,191,175,20,2,4,0,0,0,0,136,128,112,104,72,0,144,0,0,0,2,254,6,254,0,0,0,0,0,36,6,130,6,0,0,0,0,0,1,9,2,6,216,0,0,16,0,0,16,60,255,0,0,0,0,0,0,0,0,0,0,0,0,0,0,0,0,229,251,146,251,54,251,13,251,98,249,38,255,32,255,70,255
2026-08-03_15-49-30,1,873,0,0.0,0,10.0,2,2,2,0,133,255,0,0,184,0,41,41,97,9,0,255,255,0,0,0,0,171,89,115,121,254,253,254,253,255,15,136,78,32,0,113,89,53,66,115,254,181,254,127,255,127,255,95,191,175,20,2,4,0,0,0,0,136,128,112,104,72,0,144,0,0,0,2,254,6,254,0,0,0,0,0,36,6,130,6,0,0,0,0,0,1,9,2,6,216,0,0,16,0,0,16,60,255,0,0,0,0,0,0,0,0,0,0,0,0,0,0,0,0,229,251,146,251,54,251,13,251,98,249,38,255,32,255,70,255,2,0,94,255,0,0,188,0,41,41,97,9,0,255,255,0,0,0,0,147,89,91,121,254,253,254,253,255,17,136,80,32,0,81,89,37,66,91,254,181,254,127,255,127,255,95,191,175,20,0,4,0,0,0,0,136,128,112,104,104,0,80,0,0,0,2,254,6,254,0,0,0,0,0,36,6,130,6,0,0,0,0,0,1,9,2,6,216,0,0,16,0,0,16,60,255,0,0,0,0,0,0,0,0,0,0,0,0,0,0,0,0,229,251,146,251,54,251,13,251,98,249,38,255,32,255,70,255
2026-08-03_15-49-30,1,874,0,0.0,0,10.0,2,2,2,0,94,255,0,0,188,0,41,41,97,9,0,255,255,0,0,0,0,147,89,91,121,254,253,254,253,255,17,136,80,32,0,81,89,37,66,91,254,181,254,127,255,127,255,95,191,175,20,0,4,0,0,0,0,136,128,112,104,104,0,80,0,0,0,2,254,6,254,0,0,0,0,0,36,6,130,6,0,0,0,0,0,1,9,2,6,216,0,0,16,0,0,16,60,255,0,0,0,0,0,0,0,0,0,0,0,0,0,0,0,0,229,251,146,251,54,251,13,251,98,249,38,255,32,255,70,255,2,0,227,255,0,0,192,0,41,41,97,9,0,255,255,0,0,0,0,171,89,115,121,254,253,254,253,255,19,136,82,32,0,33,89,5,66,115,254,181,254,127,255,127,255,95,191,175,21,2,4,0,0,0,0,136,128,112,104,136,0,16,0,0,0,2,254,6,254,0,0,0,0,0,36,6,130,6,0,0,0,0,0,1,9,2,6,216,0,0,16,0,0,16,60,255,0,0,0,0,0,0,0,0,0,0,0,0,0,0,0,0,229,251,146,251,54,251,13,251,98,249,38,255,32,255,70,255
2026-08-03_15-49-30,1,875,0,0.0,0,10.0,2,2,2,0,227,255,0,0,192,0,41,41,97,9,0,255,255,0,0,0,0,171,89,115,121,254,253,254,253,255,19,136,82,32,0,33,89,5,66,115,254,181,254,127,255,127,255,95,191,175,21,2,4,0,0,0,0,136,128,112,104,136,0,16,0,0,0,2,254,6,254,0,0,0,0,0,36,6,130,6,0,0,0,0,0,1,9,2,6,216,0,0,16,0,0,16,60,255,0,0,0,0,0,0,0,0,0,0,0,0,0,0,0,0,229,251,146,251,54,251,13,251,98,249,38,255,32,255,70,255,2,0,52,255,0,0,196,0,41,41,97,9,0,255,255,0,0,0,0,147,89,91,121,254,253,254,253,255,21,136,83,32,0,1,89,229,66,91,254,181,254,127,255,127,255,95,191,175,21,0,4,0,0,0,0,136,128,112,104,168,0,208,0,0,0,2,254,6,254,0,0,0,0,0,36,6,130,6,0,0,0,0,0,1,9,2,6,216,0,0,16,0,0,16,60,255,0,0,0,0,0,0,0,0,0,0,0,0,0,0,0,0,229,251,146,251,54,251,13,251,98,249,38,255,32,255,70,255
2026-08-03_15-49-30,1,876,0,0.0,0,10.0,2,2,2,0,52,255,0,0,196,0,41,41,97,9,0,255,255,0,0,0,0,147,89,91,121,254,253,254,253,255,21,136,83,32,0,1,89,229,66,91,254,181,254,127,255,127,255,95,191,175,21,0,4,0,0,0,0,136,128,112,104,168,0,208,0,0,0,2,254,6,254,0,0,0,0,0,36,6,130,6,0,0,0,0,0,1,9,2,6,216,0,0,16,0,0,16,60,255,0,0,0,0,0,0,0,0,0,0,0,0,0,0,0,0,229,251,146,251,54,251,13,251,98,249,38,255,32,255,70,255,2,0,64,255,0,0,200,0,41,41,96,9,0,255,255,0,0,0,0,171,89,128,121,254,253,254,253,255,23,136,84,32,0,225,89,213,66,128,254,181,254,127,255,239,255,175,222,175,23,2,4,0,0,12,0,136,128,112,104,200,0,144,0,0,0,2,254,6,254,0,0,0,0,0,36,6,130,6,0,0,0,0,0,1,9,2,6,216,0,0,16,0,0,16,60,255,0,0,0,0,0,0,0,0,0,0,0,0,0,0,0,0,126,252,128,251,54,251,250,250,98,249,38,255,32,255,70,255
2026-08-03_15-49-30,1,877,0,0.0,0,10.0,2,2,2,0,64,255,0,0,200,0,41,41,96,9,0,255,255,0,0,0,0,171,89,128,121,254,253,254,253,255,23,136,84,32,0,225,89,213,66,128,254,181,254,127,255,239,255,175,222,175,23,2,4,0,0,12,0,136,128,112,104,200,0,144,0,0,0,2,254,6,254,0,0,0,0,0,36,6,130,6,0,0,0,0,0,1,9,2,6,216,0,0,16,0,0,16,60,255,0,0,0,0,0,0,0,0,0,0,0,0,0,0,0,0,126,252,128,251,54,251,250,250,98,249,38,255,32,255,70,255,2,0,4,255,0,0,204,0,41,41,94,9,0,255,255,0,0,0,0,147,89,105,121,254,253,254,253,255,24,136,84,32,0,209,89,213,66,128,254,181,254,127,255,239,255,175,222,175,23,0,4,0,0,12,0,136,128,112,104,80,0,80,0,0,0,2,254,6,254,0,0,0,0,0,36,6,130,6,0,0,0,0,0,1,9,2,6,216,0,0,16,0,0,16,60,255,0,0,0,0,0,0,0,0,0,0,0,0,0,0,0,0,126,252,128,251,54,251,250,250,98,249,38,255,32,255,70,255
2026-08-03_15-49-30,1,878,0,0.0,0,10.0,2,2,2,0,4,255,0,0,204,0,41,41,94,9,0,255,255,0,0,0,0,147,89,105,121,254,253,254,253,255,24,136,84,32,0,209,89,213,66,128,254,181,254,127,255,239,255,175,222,175,23,0,4,0,0,12,0,136,128,112,104,80,0,80,0,0,0,2,254,6,254,0,0,0,0,0,36,6,130,6,0,0,0,0,0,1,9,2,6,216,0,0,16,0,0,16,60,255,0,0,0,0,0,0,0,0,0,0,0,0,0,0,0,0,126,252,128,251,54,251,250,250,98,249,38,255,32,255,70,255,2,0,71,255,0,0,208,0,41,41,92,9,0,255,255,0,0,0,0,171,89,131,121,254,253,254,253,255,24,136,84,32,0,209,89,213,66,128,254,181,254,127,255,239,255,175,222,175,23,0,4,0,0,12,0,136,128,112,104,80,0,16,0,0,0,2,254,6,254,0,0,0,0,0,36,6,130,6,0,0,0,0,0,1,9,2,6,216,0,0,16,0,0,16,60,255,0,0,0,0,0,0,0,0,0,0,0,0,0,0,0,0,126,252,128,251,54,251,250,250,98,249,38,255,32,255,70,255
2026-08-03_15-49-30,1,879,0,0.0,0,10.0,2,2,2,0,71,255,0,0,208,0,41,41,92,9,0,255,255,0,0,0,0,171,89,131,121,254,253,254,253,255,24,136,84,32,0,209,89,213,66,128,254,181,254,127,255,239,255,175,222,175,23,0,4,0,0,12,0,136,128,112,104,80,0,16,0,0,0,2,254,6,254,0,0,0,0,0,36,6,130,6,0,0,0,0,0,1,9,2,6,216,0,0,16,0,0,16,60,255,0,0,0,0,0,0,0,0,0,0,0,0,0,0,0,0,126,252,128,251,54,251,250,250,98,249,38,255,32,255,70,255,2,0,113,255,0,0,212,0,41,41,91,9,0,255,255,0,0,0,0,147,89,109,121,254,253,254,253,255,24,136,84,32,0,209,89,213,66,128,254,181,254,127,255,239,255,175,222,175,23,0,4,0,0,12,0,136,128,112,104,80,0,208,0,0,0,2,254,6,254,0,0,0,0,0,36,6,130,6,0,0,0,0,0,1,9,2,6,216,0,0,16,0,0,16,60,255,0,0,0,0,0,0,0,0,0,0,0,0,0,0,0,0,126,252,128,251,54,251,250,250,98,249,38,255,32,255,70,255
2026-08-03_15-49-30,1,880,0,0.0,0,10.0,2,2,2,0,113,255,0,0,212,0,41,41,91,9,0,255,255,0,0,0,0,147,89,109,121,254,253,254,253,255,24,136,84,32,0,209,89,213,66,128,254,181,254,127,255,239,255,175,222,175,23,0,4,0,0,12,0,136,128,112,104,80,0,208,0,0,0,2,254,6,254,0,0,0,0,0,36,6,130,6,0,0,0,0,0,1,9,2,6,216,0,0,16,0,0,16,60,255,0,0,0,0,0,0,0,0,0,0,0,0,0,0,0,0,126,252,128,251,54,251,250,250,98,249,38,255,32,255,70,255,2,0,18,255,0,0,216,0,41,41,89,9,0,255,255,0,0,0,0,171,89,135,121,254,253,254,253,255,24,136,84,32,0,209,89,213,66,135,254,181,254,127,255,239,255,175,222,175,23,2,4,0,0,12,0,136,128,112,104,80,0,144,0,0,0,2,254,6,254,0,0,0,0,0,36,6,130,6,0,0,0,0,0,1,9,2,6,216,0,0,16,0,0,16,60,255,0,0,0,0,0,0,0,0,0,0,0,0,0,0,0,0,126,252,128,251,54,251,250,250,98,249,38,255,32,255,70,255
2026-08-03_15-49-30,1,881,0,0.0,0,10.0,2,2,2,0,18,255,0,0,216,0,41,41,89,9,0,255,255,0,0,0,0,171,89,135,121,254,253,254,253,255,24,136,84,32,0,209,89,213,66,135,254,181,254,127,255,239,255,175,222,175,23,2,4,0,0,12,0,136,128,112,104,80,0,144,0,0,0,2,254,6,254,0,0,0,0,0,36,6,130,6,0,0,0,0,0,1,9,2,6,216,0,0,16,0,0,16,60,255,0,0,0,0,0,0,0,0,0,0,0,0,0,0,0,0,126,252,128,251,54,251,250,250,98,249,38,255,32,255,70,255,2,0,46,255,0,0,220,0,41,41,87,9,0,255,255,0,0,0,0,147,89,112,121,254,253,254,253,255,24,136,84,32,0,209,89,213,66,112,254,181,254,127,255,239,255,175,222,175,23,0,4,0,0,12,0,136,128,112,104,80,0,80,0,0,0,2,254,6,254,0,0,0,0,0,36,6,130,6,0,0,0,0,0,1,9,2,6,216,0,0,16,0,0,16,60,255,0,0,0,0,0,0,0,0,0,0,0,0,0,0,0,0,126,252,128,251,54,251,250,250,98,249,38,255,32,255,70,255
2026-08-03_15-49-30,1,882,0,0.0,0,10.0,2,2,2,0,46,255,0,0,220,0,41,41,87,9,0,255,255,0,0,0,0,147,89,112,121,254,253,254,253,255,24,136,84,32,0,209,89,213,66,112,254,181,254,127,255,239,255,175,222,175,23,0,4,0,0,12,0,136,128,112,104,80,0,80,0,0,0,2,254,6,254,0,0,0,0,0,36,6,130,6,0,0,0,0,0,1,9,2,6,216,0,0,16,0,0,16,60,255,0,0,0,0,0,0,0,0,0,0,0,0,0,0,0,0,126,252,128,251,54,251,250,250,98,249,38,255,32,255,70,255,2,0,224,255,0,0,224,0,41,41,85,9,0,255,255,0,0,0,0,171,89,138,121,254,253,254,253,255,24,136,84,32,0,209,89,213,66,136,254,181,254,127,255,239,255,175,222,175,23,0,4,0,0,12,0,136,128,112,104,80,0,16,0,0,0,2,254,6,254,0,0,0,0,0,36,6,130,6,0,0,0,0,0,1,9,2,6,216,0,0,16,0,0,16,60,255,0,0,0,0,0,0,0,0,0,0,0,0,0,0,0,0,126,252,128,251,54,251,250,250,98,249,38,255,32,255,70,255
2026-08-03_15-49-30,1,883,0,0.0,0,10.0,2,2,2,0,224,255,0,0,224,0,41,41,85,9,0,255,255,0,0,0,0,171,89,138,121,254,253,254,253,255,24,136,84,32,0,209,89,213,66,136,254,181,254,127,255,239,255,175,222,175,23,0,4,0,0,12,0,136,128,112,104,80,0,16,0,0,0,2,254,6,254,0,0,0,0,0,36,6,130,6,0,0,0,0,0,1,9,2,6,216,0,0,16,0,0,16,60,255,0,0,0,0,0,0,0,0,0,0,0,0,0,0,0,0,126,252,128,251,54,251,250,250,98,249,38,255,32,255,70,255,2,0,6,255,0,0,228,0,41,41,84,9,0,255,255,0,0,0,0,147,89,116,121,254,253,254,253,255,24,136,84,32,0,209,89,213,66,136,254,181,254,127,255,239,255,175,222,175,23,0,4,0,0,12,0,136,128,112,104,80,0,208,0,0,0,2,254,6,254,0,0,0,0,0,36,6,130,6,0,0,0,0,0,1,9,2,6,216,0,0,16,0,0,16,60,255,0,0,0,0,0,0,0,0,0,0,0,0,0,0,0,0,126,252,128,251,54,251,250,250,98,249,38,255,32,255,70,255
2026-08-03_15-49-30,1,884,0,0.0,0,10.0,2,2,2,0,6,255,0,0,228,0,41,41,84,9,0,255,255,0,0,0,0,147,89,116,121,254,253,254,253,255,24,136,84,32,0,209,89,213,66,136,254,181,254,127,255,239,255,175,222,175,23,0,4,0,0,12,0,136,128,112,104,80,0,208,0,0,0,2,254,6,254,0,0,0,0,0,36,6,130,6,0,0,0,0,0,1,9,2,6,216,0,0,16,0,0,16,60,255,0,0,0,0,0,0,0,0,0,0,0,0,0,0,0,0,126,252,128,251,54,251,250,250,98,249,38,255,32,255,70,255,2,0,100,255,0,0,232,0,41,41,82,9,0,255,255,0,0,0,0,171,89,142,121,254,253,254,253,255,24,136,84,32,0,209,89,213,66,142,254,181,254,127,255,239,255,175,222,175,23,0,4,0,0,12,0,136,128,112,104,80,0,144,0,0,0,2,254,6,254,0,0,0,0,0,36,6,130,6,0,0,0,0,0,1,9,2,6,216,0,0,16,0,0,16,60,255,0,0,0,0,0,0,0,0,0,0,0,0,0,0,0,0,126,252,128,251,54,251,250,250,98,249,38,255,32,255,70,255
2026-08-03_15-49-30,1,885,0,0.0,0,10.0,2,2,2,0,100,255,0,0,232,0,41,41,82,9,0,255,255,0,0,0,0,171,89,142,121,254,253,254,253,255,24,136,84,32,0,209,89,213,66,142,254,181,254,127,255,239,255,175,222,175,23,0,4,0,0,12,0,136,128,112,104,80,0,144,0,0,0,2,254,6,254,0,0,0,0,0,36,6,130,6,0,0,0,0,0,1,9,2,6,216,0,0,16,0,0,16,60,255,0,0,0,0,0,0,0,0,0,0,0,0,0,0,0,0,126,252,128,251,54,251,250,250,98,249,38,255,32,255,70,255,2,0,73,255,0,0,236,0,41,41,80,9,0,255,255,0,0,0,0,147,89,119,121,254,253,254,253,255,24,136,84,32,0,209,89,213,66,119,254,181,254,127,255,239,255,175,222,175,23,2,4,0,0,12,0,136,128,112,104,80,0,80,0,0,0,2,254,6,254,0,0,0,0,0,36,6,130,6,0,0,0,0,0,1,9,2,6,216,0,0,16,0,0,16,60,255,0,0,0,0,0,0,0,0,0,0,0,0,0,0,0,0,126,252,128,251,54,251,250,250,98,249,38,255,32,255,70,255
2026-08-03_15-49-30,1,886,0,0.0,0,10.0,2,2,2,0,73,255,0,0,236,0,41,41,80,9,0,255,255,0,0,0,0,147,89,119,121,254,253,254,253,255,24,136,84,32,0,209,89,213,66,119,254,181,254,127,255,239,255,175,222,175,23,2,4,0,0,12,0,136,128,112,104,80,0,80,0,0,0,2,254,6,254,0,0,0,0,0,36,6,130,6,0,0,0,0,0,1,9,2,6,216,0,0,16,0,0,16,60,255,0,0,0,0,0,0,0,0,0,0,0,0,0,0,0,0,126,252,128,251,54,251,250,250,98,249,38,255,32,255,70,255,2,0,155,255,0,0,240,0,41,41,78,9,0,255,255,0,0,0,0,171,89,145,121,254,253,254,253,255,24,136,84,32,0,209,89,213,66,144,254,181,254,127,255,239,255,175,222,175,23,0,4,0,0,12,0,136,128,112,104,80,0,16,0,0,0,2,254,6,254,0,0,0,0,0,36,6,130,6,0,0,0,0,0,1,9,2,6,216,0,0,16,0,0,16,60,255,0,0,0,0,0,0,0,0,0,0,0,0,0,0,0,0,126,252,128,251,54,251,250,250,98,249,38,255,32,255,70,255
2026-08-03_15-49-30,1,887,0,0.0,0,10.0,2,2,2,0,155,255,0,0,240,0,41,41,78,9,0,255,255,0,0,0,0,171,89,145,121,254,253,254,253,255,24,136,84,32,0,209,89,213,66,144,254,181,254,127,255,239,255,175,222,175,23,0,4,0,0,12,0,136,128,112,104,80,0,16,0,0,0,2,254,6,254,0,0,0,0,0,36,6,130,6,0,0,0,0,0,1,9,2,6,216,0,0,16,0,0,16,60,255,0,0,0,0,0,0,0,0,0,0,0,0,0,0,0,0,126,252,128,251,54,251,250,250,98,249,38,255,32,255,70,255,2,0,185,255,0,0,244,0,41,41,77,9,0,255,255,0,0,0,0,147,89,123,121,254,253,254,253,255,24,136,84,32,0,209,89,213,66,144,254,181,254,127,255,239,255,175,222,175,23,0,4,0,0,12,0,136,128,112,104,80,0,208,0,0,0,2,254,6,254,0,0,0,0,0,36,6,130,6,0,0,0,0,0,1,9,2,6,216,0,0,16,0,0,16,60,255,0,0,0,0,0,0,0,0,0,0,0,0,0,0,0,0,126,252,128,251,54,251,250,250,98,249,38,255,32,255,70,255
2026-08-03_15-49-30,1,888,0,0.0,0,10.0,2,2,2,0,185,255,0,0,244,0,41,41,77,9,0,255,255,0,0,0,0,147,89,123,121,254,253,254,253,255,24,136,84,32,0,209,89,213,66,144,254,181,254,127,255,239,255,175,222,175,23,0,4,0,0,12,0,136,128,112,104,80,0,208,0,0,0,2,254,6,254,0,0,0,0,0,36,6,130,6,0,0,0,0,0,1,9,2,6,216,0,0,16,0,0,16,60,255,0,0,0,0,0,0,0,0,0,0,0,0,0,0,0,0,126,252,128,251,54,251,250,250,98,249,38,255,32,255,70,255,2,0,144,255,0,0,248,0,41,41,75,9,0,255,255,0,0,0,0,171,89,149,121,254,253,254,253,255,24,136,84,32,0,209,89,213,66,149,254,181,254,127,255,239,255,175,222,175,23,0,4,0,0,12,0,136,128,112,104,80,0,144,0,0,0,2,254,6,254,0,0,0,0,0,36,6,130,6,0,0,0,0,0,1,9,2,6,216,0,0,16,0,0,16,60,255,0,0,0,0,0,0,0,0,0,0,0,0,0,0,0,0,126,252,128,251,54,251,250,250,98,249,38,255,32,255,70,255
2026-08-03_15-49-30,1,889,0,0.0,0,10.0,2,2,2,0,144,255,0,0,248,0,41,41,75,9,0,255,255,0,0,0,0,171,89,149,121,254,253,254,253,255,24,136,84,32,0,209,89,213,66,149,254,181,254,127,255,239,255,175,222,175,23,0,4,0,0,12,0,136,128,112,104,80,0,144,0,0,0,2,254,6,254,0,0,0,0,0,36,6,130,6,0,0,0,0,0,1,9,2,6,216,0,0,16,0,0,16,60,255,0,0,0,0,0,0,0,0,0,0,0,0,0,0,0,0,126,252,128,251,54,251,250,250,98,249,38,255,32,255,70,255,2,0,5,255,0,0,252,0,41,41,73,9,0,255,255,0,0,0,0,147,89,126,121,254,253,254,253,255,24,136,84,32,0,209,89,213,66,126,254,181,254,127,255,239,255,175,222,175,23,0,4,0,0,12,0,136,128,112,104,80,0,80,0,0,0,2,254,6,254,0,0,0,0,0,36,6,130,6,0,0,0,0,0,1,9,2,6,216,0,0,16,0,0,16,60,255,0,0,0,0,0,0,0,0,0,0,0,0,0,0,0,0,126,252,128,251,54,251,250,250,98,249,38,255,32,255,70,255
2026-08-03_15-49-30,1,890,0,0.0,0,10.0,2,2,2,0,5,255,0,0,252,0,41,41,73,9,0,255,255,0,0,0,0,147,89,126,121,254,253,254,253,255,24,136,84,32,0,209,89,213,66,126,254,181,254,127,255,239,255,175,222,175,23,0,4,0,0,12,0,136,128,112,104,80,0,80,0,0,0,2,254,6,254,0,0,0,0,0,36,6,130,6,0,0,0,0,0,1,9,2,6,216,0,0,16,0,0,16,60,255,0,0,0,0,0,0,0,0,0,0,0,0,0,0,0,0,126,252,128,251,54,251,250,250,98,249,38,255,32,255,70,255,2,0,86,255,0,0,0,1,41,41,73,9,0,255,255,0,0,255,0,171,89,139,121,254,253,254,253,255,24,136,82,32,0,209,89,245,66,139,254,181,254,127,255,191,255,175,126,175,22,0,4,0,0,0,0,136,128,112,104,80,0,160,0,0,0,2,254,6,254,0,0,0,0,0,36,6,130,6,0,0,0,0,0,1,9,2,7,48,0,0,16,0,0,16,60,255,0,0,0,0,0,0,0,0,0,0,0,0,0,0,0,0,42,252,140,251,54,251,250,250,98,249,38,255,32,255,70,255
2026-08-03_15-49-30,1,891,0,0.0,0,10.0,2,2,2,0,86,255,0,0,0,1,41,41,73,9,0,255,255,0,0,255,0,171,89,139,121,254,253,254,253,255,24,136,82,32,0,209,89,245,66,139,254,181,254,127,255,191,255,175,126,175,22,0,4,0,0,0,0,136,128,112,104,80,0,160,0,0,0,2,254,6,254,0,0,0,0,0,36,6,130,6,0,0,0,0,0,1,9,2,7,48,0,0,16,0,0,16,60,255,0,0,0,0,0,0,0,0,0,0,0,0,0,0,0,0,42,252,140,251,54,251,250,250,98,249,38,255,32,255,70,255,2,0,109,255,0,0,4,1,41,41,73,9,0,255,255,0,0,255,0,147,89,115,121,254,253,254,253,255,24,136,80,32,0,209,89,5,66,115,254,181,254,127,255,191,255,175,126,175,22,0,4,0,0,0,0,136,128,112,104,80,0,96,0,0,0,2,254,6,254,0,0,0,0,0,36,6,130,6,0,0,0,0,0,1,9,2,7,48,0,0,16,0,0,16,60,255,0,0,0,0,0,0,0,0,0,0,0,0,0,0,0,0,42,252,140,251,54,251,250,250,98,249,38,255,32,255,70,255
2026-08-03_15-49-30,1,892,0,0.0,0,10.0,2,2,2,0,109,255,0,0,4,1,41,41,73,9,0,255,255,0,0,255,0,147,89,115,121,254,253,254,253,255,24,136,80,32,0,209,89,5,66,115,254,181,254,127,255,191,255,175,126,175,22,0,4,0,0,0,0,136,128,112,104,80,0,96,0,0,0,2,254,6,254,0,0,0,0,0,36,6,130,6,0,0,0,0,0,1,9,2,7,48,0,0,16,0,0,16,60,255,0,0,0,0,0,0,0,0,0,0,0,0,0,0,0,0,42,252,140,251,54,251,250,250,98,249,38,255,32,255,70,255,2,0,214,255,0,0,8,1,41,41,73,9,0,255,255,0,0,255,0,171,89,139,121,254,253,254,253,255,24,136,78,32,0,209,89,37,66,139,254,181,254,127,255,191,255,175,126,175,21,0,4,0,0,0,0,136,128,112,104,80,0,32,0,0,0,2,254,6,254,0,0,0,0,0,36,6,130,6,0,0,0,0,0,1,9,2,7,48,0,0,16,0,0,16,60,255,0,0,0,0,0,0,0,0,0,0,0,0,0,0,0,0,42,252,140,251,54,251,250,250,98,249,38,255,32,255,70,255
2026-08-03_15-49-30,1,893,1,0.0,0,10.0,2,2,2,0,214,255,0,0,8,1,41,41,73,9,0,255,255,0,0,255,0,171,89,139,121,254,253,254,253,255,24,136,78,32,0,209,89,37,66,139,254,181,254,127,255,191,255,175,126,175,21,0,4,0,0,0,0,136,128,112,104,80,0,32,0,0,0,2,254,6,254,0,0,0,0,0,36,6,130,6,0,0,0,0,0,1,9,2,7,48,0,0,16,0,0,16,60,255,0,0,0,0,0,0,0,0,0,0,0,0,0,0,0,0,42,252,140,251,54,251,250,250,98,249,38,255,32,255,70,255,2,0,101,255,0,0,12,1,41,41,73,9,44,255,255,0,0,255,0,147,89,115,121,254,253,254,253,255,24,136,77,32,16,209,89,69,66,115,254,181,254,127,255,191,255,175,126,175,21,0,4,0,0,0,0,136,128,112,104,80,0,224,0,81,0,2,254,6,254,0,0,0,0,0,36,6,130,6,0,0,0,0,0,1,9,2,7,176,0,0,16,0,0,16,60,255,0,0,0,0,0,0,0,0,0,0,0,0,0,0,0,0,42,252,140,251,54,251,250,250,98,249,38,255,32,255,70,255
2026-08-03_15-49-30,1,894,1,0.0,0,10.0,2,2,2,0,101,255,0,0,12,1,41,41,73,9,44,255,255,0,0,255,0,147,89,115,121,254,253,254,253,255,24,136,77,32,16,209,89,69,66,115,254,181,254,127,255,191,255,175,126,175,21,0,4,0,0,0,0,136,128,112,104,80,0,224,0,81,0,2,254,6,254,0,0,0,0,0,36,6,130,6,0,0,0,0,0,1,9,2,7,176,0,0,16,0,0,16,60,255,0,0,0,0,0,0,0,0,0,0,0,0,0,0,0,0,42,252,140,251,54,251,250,250,98,249,38,255,32,255,70,255,2,0,88,255,0,0,16,1,41,41,73,9,44,255,255,0,0,255,0,171,89,139,121,254,253,254,253,255,24,136,75,32,16,209,89,101,66,139,254,181,254,127,255,191,255,175,126,175,20,0,4,0,0,0,0,136,128,112,104,80,0,160,0,77,0,2,254,6,254,0,0,0,0,0,36,6,130,6,0,0,0,0,0,1,9,2,7,176,0,0,16,0,0,16,60,255,0,0,0,0,0,0,0,0,0,0,0,0,0,0,0,0,42,252,140,251,54,251,250,250,98,249,38,255,32,255,70,255
2026-08-03_15-49-30,1,895,1,0.0,0,10.0,2,2,2,0,88,255,0,0,16,1,41,41,73,9,44,255,255,0,0,255,0,171,89,139,121,254,253,254,253,255,24,136,75,32,16,209,89,101,66,139,254,181,254,127,255,191,255,175,126,175,20,0,4,0,0,0,0,136,128,112,104,80,0,160,0,77,0,2,254,6,254,0,0,0,0,0,36,6,130,6,0,0,0,0,0,1,9,2,7,176,0,0,16,0,0,16,60,255,0,0,0,0,0,0,0,0,0,0,0,0,0,0,0,0,42,252,140,251,54,251,250,250,98,249,38,255,32,255,70,255,2,0,135,255,0,0,20,1,41,41,73,9,44,255,255,0,0,255,0,147,89,115,121,254,253,254,253,255,24,136,73,32,16,209,89,117,66,115,254,181,254,127,255,191,255,175,126,175,20,0,4,0,0,0,0,136,128,112,104,80,0,96,0,73,0,2,254,6,254,0,0,0,0,0,36,6,130,6,0,0,0,0,0,1,9,2,7,176,0,0,16,0,0,16,60,255,0,0,0,0,0,0,0,0,0,0,0,0,0,0,0,0,42,252,140,251,54,251,250,250,98,249,38,255,32,255,70,255
2026-08-03_15-49-30,1,896,0,0.0,0,10.0,2,2,2,0,135,255,0,0,20,1,41,41,73,9,44,255,255,0,0,255,0,147,89,115,121,254,253,254,253,255,24,136,73,32,16,209,89,117,66,115,254,181,254,127,255,191,255,175,126,175,20,0,4,0,0,0,0,136,128,112,104,80,0,96,0,73,0,2,254,6,254,0,0,0,0,0,36,6,130,6,0,0,0,0,0,1,9,2,7,176,0,0,16,0,0,16,60,255,0,0,0,0,0,0,0,0,0,0,0,0,0,0,0,0,42,252,140,251,54,251,250,250,98,249,38,255,32,255,70,255,2,0,125,255,0,0,24,1,41,41,73,9,44,255,255,0,0,255,0,171,89,139,121,254,253,254,253,255,24,136,71,32,16,209,89,164,66,139,254,181,254,127,255,191,255,175,126,175,19,2,4,0,0,0,0,136,128,112,104,80,0,32,0,69,0,2,254,6,254,0,0,0,0,0,36,6,130,6,0,0,0,0,0,1,9,2,7,176,0,0,16,0,0,16,60,255,0,0,0,0,0,0,0,0,0,0,0,0,0,0,0,0,42,252,140,251,54,251,250,250,98,249,38,255,32,255,70,255
2026-08-03_15-49-30,1,897,0,0.0,0,10.0,2,2,2,0,125,255,0,0,24,1,41,41,73,9,44,255,255,0,0,255,0,171,89,139,121,254,253,254,253,255,24,136,71,32,16,209,89,164,66,139,254,181,254,127,255,191,255,175,126,175,19,2,4,0,0,0,0,136,128,112,104,80,0,32,0,69,0,2,254,6,254,0,0,0,0,0,36,6,130,6,0,0,0,0,0,1,9,2,7,176,0,0,16,0,0,16,60,255,0,0,0,0,0,0,0,0,0,0,0,0,0,0,0,0,42,252,140,251,54,251,250,250,98,249,38,255,32,255,70,255,2,0,219,255,0,0,28,1,41,41,73,9,44,255,255,0,0,255,0,147,89,115,121,254,253,254,253,255,24,136,70,32,16,209,89,196,66,115,254,181,254,127,255,191,255,175,126,175,19,0,4,0,0,0,0,136,128,112,104,80,0,224,0,65,0,2,254,6,254,0,0,0,0,0,36,6,130,6,0,0,0,0,0,1,9,2,7,176,0,0,16,0,0,16,60,255,0,0,0,0,0,0,0,0,0,0,0,0,0,0,0,0,42,252,140,251,54,251,250,250,98,249,38,255,32,255,70,255
2026-08-03_15-49-30,1,898,0,0.0,0,10.0,2,2,2,0,219,255,0,0,28,1,41,41,73,9,44,255,255,0,0,255,0,147,89,115,121,254,253,254,253,255,24,136,70,32,16,209,89,196,66,115,254,181,254,127,255,191,255,175,126,175,19,0,4,0,0,0,0,136,128,112,104,80,0,224,0,65,0,2,254,6,254,0,0,0,0,0,36,6,130,6,0,0,0,0,0,1,9,2,7,176,0,0,16,0,0,16,60,255,0,0,0,0,0,0,0,0,0,0,0,0,0,0,0,0,42,252,140,251,54,251,250,250,98,249,38,255,32,255,70,255,2,0,189,255,0,0,32,1,41,41,73,9,44,255,255,0,0,255,0,171,89,139,121,254,253,254,253,255,24,136,68,32,16,209,89,228,66,139,254,181,254,127,255,191,255,223,126,175,19,2,4,0,0,12,0,136,128,112,104,80,0,160,0,61,0,2,254,6,254,6,0,0,0,0,36,6,130,6,0,0,0,0,0,1,9,2,7,176,0,0,16,0,0,16,60,255,0,0,0,0,0,0,0,0,0,0,0,0,0,0,0,0,198,252,118,251,54,251,13,251,98,249,38,255,32,255,70,255
2026-08-03_15-49-30,1,899,0,0.0,0,10.0,2,2,2,0,189,255,0,0,32,1,41,41,73,9,44,255,255,0,0,255,0,171,89,139,121,254,253,254,253,255,24,136,68,32,16,209,89,228,66,139,254,181,254,127,255,191,255,223,126,175,19,2,4,0,0,12,0,136,128,112,104,80,0,160,0,61,0,2,254,6,254,6,0,0,0,0,36,6,130,6,0,0,0,0,0,1,9,2,7,176,0,0,16,0,0,16,60,255,0,0,0,0,0,0,0,0,0,0,0,0,0,0,0,0,198,252,118,251,54,251,13,251,98,249,38,255,32,255,70,255,2,0,215,255,0,0,36,1,41,41,75,9,44,255,255,0,0,255,0,147,89,126,121,254,253,254,253,255,24,136,68,32,16,209,89,228,66,126,254,181,254,127,255,223,255,95,239,175,19,0,4,0,0,12,0,136,128,112,104,80,0,96,0,57,0,2,254,6,254,4,0,0,0,0,36,6,130,6,0,0,0,0,0,1,9,2,7,176,0,0,16,0,0,16,60,255,0,0,0,0,0,0,0,0,0,0,0,0,0,0,0,0,198,252,118,251,54,251,13,251,98,249,38,255,32,255,70,255
2026-08-03_15-49-30,1,900,0,0.0,0,10.0,2,2,2,0,215,255,0,0,36,1,41,41,75,9,44,255,255,0,0,255,0,147,89,126,121,254,253,254,253,255,24,136,68,32,16,209,89,228,66,126,254,181,254,127,255,223,255,95,239,175,19,0,4,0,0,12,0,136,128,112,104,80,0,96,0,57,0,2,254,6,254,4,0,0,0,0,36,6,130,6,0,0,0,0,0,1,9,2,7,176,0,0,16,0,0,16,60,255,0,0,0,0,0,0,0,0,0,0,0,0,0,0,0,0,198,252,118,251,54,251,13,251,98,249,38,255,32,255,70,255,2,0,116,255,0,0,40,1,41,41,77,9,44,255,255,0,0,255,0,171,89,148,121,254,253,254,253,255,24,136,68,32,16,209,89,228,66,144,254,181,254,127,255,223,255,95,239,175,19,0,4,0,0,12,0,136,128,112,104,80,0,32,0,53,0,2,254,6,254,2,0,0,0,0,36,6,130,6,0,0,0,0,0,1,9,2,7,176,0,0,16,0,0,16,60,255,0,0,0,0,0,0,0,0,0,0,0,0,0,0,0,0,198,252,118,251,54,251,13,251,98,249,38,255,32,255,70,255
2026-08-03_15-49-30,1,901,0,0.0,0,10.0,2,2,2,0,116,255,0,0,40,1,41,41,77,9,44,255,255,0,0,255,0,171,89,148,121,254,253,254,253,255,24,136,68,32,16,209,89,228,66,144,254,181,254,127,255,223,255,95,239,175,19,0,4,0,0,12,0,136,128,112,104,80,0,32,0,53,0,2,254,6,254,2,0,0,0,0,36,6,130,6,0,0,0,0,0,1,9,2,7,176,0,0,16,0,0,16,60,255,0,0,0,0,0,0,0,0,0,0,0,0,0,0,0,0,198,252,118,251,54,251,13,251,98,249,38,255,32,255,70,255,2,0,68,255,0,0,44,1,41,41,78,9,44,255,255,0,0,255,0,147,89,122,121,254,253,254,253,255,24,136,68,32,16,209,89,228,66,144,254,181,254,127,255,223,255,95,239,175,19,0,4,0,0,12,0,136,128,112,104,80,0,224,0,49,0,2,254,6,254,0,0,0,0,0,36,6,130,6,0,0,0,0,0,1,9,2,7,176,0,0,16,0,0,16,60,255,0,0,0,0,0,0,0,0,0,0,0,0,0,0,0,0,198,252,118,251,54,251,13,251,98,249,38,255,32,255,70,255
2026-08-03_15-49-30,1,902,0,0.0,0,10.0,2,2,2,0,68,255,0,0,44,1,41,41,78,9,44,255,255,0,0,255,0,147,89,122,121,254,253,254,253,255,24,136,68,32,16,209,89,228,66,144,254,181,254,127,255,223,255,95,239,175,19,0,4,0,0,12,0,136,128,112,104,80,0,224,0,49,0,2,254,6,254,0,0,0,0,0,36,6,130,6,0,0,0,0,0,1,9,2,7,176,0,0,16,0,0,16,60,255,0,0,0,0,0,0,0,0,0,0,0,0,0,0,0,0,198,252,118,251,54,251,13,251,98,249,38,255,32,255,70,255,2,0,67,255,0,0,48,1,41,41,80,9,44,255,255,0,0,255,0,171,89,144,121,254,253,254,253,255,24,136,68,32,16,209,89,228,66,144,254,181,254,127,255,223,255,95,239,175,19,0,4,0,0,12,0,136,128,112,104,80,0,160,0,45,0,2,254,6,254,6,0,0,0,0,36,6,130,6,0,0,0,0,0,1,9,2,7,176,0,0,16,0,0,16,60,255,0,0,0,0,0,0,0,0,0,0,0,0,0,0,0,0,198,252,118,251,54,251,13,251,98,249,38,255,32,255,70,255
2026-08-03_15-49-30,1,903,0,0.0,0,10.0,2,2,2,0,67,255,0,0,48,1,41,41,80,9,44,255,255,0,0,255,0,171,89,144,121,254,253,254,253,255,24,136,68,32,16,209,89,228,66,144,254,181,254,127,255,223,255,95,239,175,19,0,4,0,0,12,0,136,128,112,104,80,0,160,0,45,0,2,254,6,254,6,0,0,0,0,36,6,130,6,0,0,0,0,0,1,9,2,7,176,0,0,16,0,0,16,60,255,0,0,0,0,0,0,0,0,0,0,0,0,0,0,0,0,198,252,118,251,54,251,13,251,98,249,38,255,32,255,70,255,2,0,54,255,0,0,52,1,41,41,82,9,44,255,255,0,0,255,0,147,89,119,121,254,253,254,253,255,24,136,68,32,16,209,89,228,66,119,254,181,254,127,255,223,255,95,239,175,19,2,4,0,0,12,0,136,128,112,104,80,0,96,0,41,0,2,254,6,254,4,0,0,0,0,36,6,130,6,0,0,0,0,0,1,9,2,7,176,0,0,16,0,0,16,60,255,0,0,0,0,0,0,0,0,0,0,0,0,0,0,0,0,198,252,118,251,54,251,13,251,98,249,38,255,32,255,70,255
2026-08-03_15-49-30,1,904,0,0.0,0,10.0,2,2,2,0,54,255,0,0,52,1,41,41,82,9,44,255,255,0,0,255,0,147,89,119,121,254,253,254,253,255,24,136,68,32,16,209,89,228,66,119,254,181,254,127,255,223,255,95,239,175,19,2,4,0,0,12,0,136,128,112,104,80,0,96,0,41,0,2,254,6,254,4,0,0,0,0,36,6,130,6,0,0,0,0,0,1,9,2,7,176,0,0,16,0,0,16,60,255,0,0,0,0,0,0,0,0,0,0,0,0,0,0,0,0,198,252,118,251,54,251,13,251,98,249,38,255,32,255,70,255,2,0,99,255,0,0,56,1,41,41,84,9,44,255,255,0,0,255,0,171,89,141,121,254,253,254,253,255,24,136,68,32,16,209,89,228,66,141,254,181,254,127,255,223,255,95,239,175,19,0,4,0,0,12,0,136,128,112,104,80,0,32,0,37,0,2,254,6,254,2,0,0,0,0,36,6,130,6,0,0,0,0,0,1,9,2,7,176,0,0,16,0,0,16,60,255,0,0,0,0,0,0,0,0,0,0,0,0,0,0,0,0,198,252,118,251,54,251,13,251,98,249,38,255,32,255,70,255
2026-08-03_15-49-30,1,905,0,0.0,0,10.0,2,2,2,0,99,255,0,0,56,1,41,41,84,9,44,255,255,0,0,255,0,171,89,141,121,254,253,254,253,255,24,136,68,32,16,209,89,228,66,141,254,181,254,127,255,223,255,95,239,175,19,0,4,0,0,12,0,136,128,112,104,80,0,32,0,37,0,2,254,6,254,2,0,0,0,0,36,6,130,6,0,0,0,0,0,1,9,2,7,176,0,0,16,0,0,16,60,255,0,0,0,0,0,0,0,0,0,0,0,0,0,0,0,0,198,252,118,251,54,251,13,251,98,249,38,255,32,255,70,255,2,0,60,255,0,0,60,1,41,41,85,9,44,255,255,0,0,255,0,147,89,115,121,254,253,254,253,255,24,136,68,32,16,209,89,228,66,136,254,181,254,127,255,223,255,95,239,175,19,0,4,0,0,12,0,136,128,112,104,80,0,224,0,33,0,2,254,6,254,0,0,0,0,0,36,6,130,6,0,0,0,0,0,1,9,2,7,176,0,0,16,0,0,16,60,255,0,0,0,0,0,0,0,0,0,0,0,0,0,0,0,0,198,252,118,251,54,251,13,251,98,249,38,255,32,255,70,255
2026-08-03_15-49-30,1,906,0,0.0,0,10.0,2,2,2,0,60,255,0,0,60,1,41,41,85,9,44,255,255,0,0,255,0,147,89,115,121,254,253,254,253,255,24,136,68,32,16,209,89,228,66,136,254,181,254,127,255,223,255,95,239,175,19,0,4,0,0,12,0,136,128,112,104,80,0,224,0,33,0,2,254,6,254,0,0,0,0,0,36,6,130,6,0,0,0,0,0,1,9,2,7,176,0,0,16,0,0,16,60,255,0,0,0,0,0,0,0,0,0,0,0,0,0,0,0,0,198,252,118,251,54,251,13,251,98,249,38,255,32,255,70,255,2,0,206,255,0,0,64,1,41,41,87,9,44,255,255,0,0,255,0,171,89,137,121,254,253,254,253,255,24,136,68,32,16,209,89,228,66,136,254,181,254,127,255,223,255,95,239,175,19,0,4,0,0,12,0,136,128,112,104,80,0,160,0,29,0,2,254,6,254,6,0,0,0,0,36,6,130,6,0,0,0,0,0,1,9,2,7,176,0,0,16,0,0,16,60,255,0,0,0,0,0,0,0,0,0,0,0,0,0,0,0,0,198,252,118,251,54,251,13,251,98,249,38,255,32,255,70,255
2026-08-03_15-49-30,1,907,0,0.0,0,10.0,2,2,2,0,206,255,0,0,64,1,41,41,87,9,44,255,255,0,0,255,0,171,89,137,121,254,253,254,253,255,24,136,68,32,16,209,89,228,66,136,254,181,254,127,255,223,255,95,239,175,19,0,4,0,0,12,0,136,128,112,104,80,0,160,0,29,0,2,254,6,254,6,0,0,0,0,36,6,130,6,0,0,0,0,0,1,9,2,7,176,0,0,16,0,0,16,60,255,0,0,0,0,0,0,0,0,0,0,0,0,0,0,0,0,198,252,118,251,54,251,13,251,98,249,38,255,32,255,70,255,2,0,230,255,0,0,68,1,41,41,89,9,44,255,255,0,0,255,0,147,89,112,121,254,253,254,253,255,24,136,68,32,16,209,89,228,66,112,254,181,254,127,255,223,255,95,239,175,19,0,4,0,0,12,0,136,128,112,104,80,0,96,0,25,0,2,254,6,254,4,0,0,0,0,36,6,130,6,0,0,0,0,0,1,9,2,7,176,0,0,16,0,0,16,60,255,0,0,0,0,0,0,0,0,0,0,0,0,0,0,0,0,198,252,118,251,54,251,13,251,98,249,38,255,32,255,70,255
2026-08-03_15-49-30,1,908,0,0.0,0,10.0,2,2,2,0,230,255,0,0,68,1,41,41,89,9,44,255,255,0,0,255,0,147,89,112,121,254,253,254,253,255,24,136,68,32,16,209,89,228,66,112,254,181,254,127,255,223,255,95,239,175,19,0,4,0,0,12,0,136,128,112,104,80,0,96,0,25,0,2,254,6,254,4,0,0,0,0,36,6,130,6,0,0,0,0,0,1,9,2,7,176,0,0,16,0,0,16,60,255,0,0,0,0,0,0,0,0,0,0,0,0,0,0,0,0,198,252,118,251,54,251,13,251,98,249,38,255,32,255,70,255,2,0,98,255,0,0,72,1,41,41,89,9,44,255,255,0,0,255,0,171,89,123,121,254,253,254,253,255,24,136,66,32,16,209,89,4,66,123,254,181,254,127,255,191,255,175,126,175,19,0,4,0,0,0,0,136,128,112,104,80,0,176,0,21,0,2,254,6,254,2,0,0,0,0,36,6,130,6,0,0,0,0,0,1,9,2,7,176,0,0,16,0,0,16,60,255,0,0,0,0,0,0,0,0,0,0,0,0,0,0,0,0,42,252,140,251,54,251,250,250,98,249,38,255,32,255,70,255
2026-08-03_15-49-30,1,909,0,0.0,0,10.0,2,2,2,0,98,255,0,0,72,1,41,41,89,9,44,255,255,0,0,255,0,171,89,123,121,254,253,254,253,255,24,136,66,32,16,209,89,4,66,123,254,181,254,127,255,191,255,175,126,175,19,0,4,0,0,0,0,136,128,112,104,80,0,176,0,21,0,2,254,6,254,2,0,0,0,0,36,6,130,6,0,0,0,0,0,1,9,2,7,176,0,0,16,0,0,16,60,255,0,0,0,0,0,0,0,0,0,0,0,0,0,0,0,0,42,252,140,251,54,251,250,250,98,249,38,255,32,255,70,255,2,0,45,255,0,0,76,1,41,41,89,9,44,255,255,0,0,255,0,147,89,99,121,254,253,254,253,255,24,136,64,32,16,209,89,36,66,99,254,181,254,127,255,191,255,175,126,175,17,2,4,0,0,0,0,136,128,112,104,80,0,112,0,17,0,2,254,6,254,0,0,0,0,0,36,6,130,6,0,0,0,0,0,1,9,2,7,176,0,0,16,0,0,16,60,255,0,0,0,0,0,0,0,0,0,0,0,0,0,0,0,0,42,252,140,251,54,251,250,250,98,249,38,255,32,255,70,255
2026-08-03_15-49-30,1,910,0,0.0,0,10.0,2,2,2,0,45,255,0,0,76,1,41,41,89,9,44,255,255,0,0,255,0,147,89,99,121,254,253,254,253,255,24,136,64,32,16,209,89,36,66,99,254,181,254,127,255,191,255,175,126,175,17,2,4,0,0,0,0,136,128,112,104,80,0,112,0,17,0,2,254,6,254,0,0,0,0,0,36,6,130,6,0,0,0,0,0,1,9,2,7,176,0,0,16,0,0,16,60,255,0,0,0,0,0,0,0,0,0,0,0,0,0,0,0,0,42,252,140,251,54,251,250,250,98,249,38,255,32,255,70,255,2,0,210,255,0,0,80,1,41,41,89,9,44,255,255,0,0,255,0,171,89,123,121,254,253,254,253,255,24,136,62,32,16,209,89,52,66,123,254,181,254,127,255,191,255,175,126,175,17,0,4,0,0,0,0,136,128,112,104,80,0,48,0,13,0,2,254,6,254,6,0,0,0,0,36,6,130,6,0,0,0,0,0,1,9,2,7,176,0,0,16,0,0,16,60,255,0,0,0,0,0,0,0,0,0,0,0,0,0,0,0,0,42,252,140,251,54,251,250,250,98,249,38,255,32,255,70,255
2026-08-03_15-49-30,1,911,0,0.0,0,10.0,2,2,2,0,210,255,0,0,80,1,41,41,89,9,44,255,255,0,0,255,0,171,89,123,121,254,253,254,253,255,24,136,62,32,16,209,89,52,66,123,254,181,254,127,255,191,255,175,126,175,17,0,4,0,0,0,0,136,128,112,104,80,0,48,0,13,0,2,254,6,254,6,0,0,0,0,36,6,130,6,0,0,0,0,0,1,9,2,7,176,0,0,16,0,0,16,60,255,0,0,0,0,0,0,0,0,0,0,0,0,0,0,0,0,42,252,140,251,54,251,250,250,98,249,38,255,32,255,70,255,2,0,34,255,0,0,84,1,41,41,89,9,44,255,255,0,0,255,0,147,89,99,121,254,253,254,253,255,24,136,61,32,16,209,89,84,66,99,254,181,254,127,255,191,255,175,126,175,17,0,4,0,0,0,0,136,128,112,104,80,0,240,0,9,0,2,254,6,254,4,0,0,0,0,36,6,130,6,0,0,0,0,0,1,9,2,7,176,0,0,16,0,0,16,60,255,0,0,0,0,0,0,0,0,0,0,0,0,0,0,0,0,42,252,140,251,54,251,250,250,98,249,38,255,32,255,70,255
2026-08-03_15-49-30,1,912,0,0.0,0,10.0,2,2,2,0,34,255,0,0,84,1,41,41,89,9,44,255,255,0,0,255,0,147,89,99,121,254,253,254,253,255,24,136,61,32,16,209,89,84,66,99,254,181,254,127,255,191,255,175,126,175,17,0,4,0,0,0,0,136,128,112,104,80,0,240,0,9,0,2,254,6,254,4,0,0,0,0,36,6,130,6,0,0,0,0,0,1,9,2,7,176,0,0,16,0,0,16,60,255,0,0,0,0,0,0,0,0,0,0,0,0,0,0,0,0,42,252,140,251,54,251,250,250,98,249,38,255,32,255,70,255,2,0,41,255,0,0,88,1,41,41,89,9,44,255,255,0,0,255,0,171,89,123,121,254,253,254,253,255,24,136,59,32,16,209,89,116,66,123,254,181,254,127,255,191,255,175,126,175,17,0,4,0,0,0,0,136,128,112,104,80,0,176,0,5,0,2,254,6,254,2,0,0,0,0,36,6,130,6,0,0,0,0,0,1,9,2,7,176,0,0,16,0,0,16,60,255,0,0,0,0,0,0,0,0,0,0,0,0,0,0,0,0,42,252,140,251,54,251,250,250,98,249,38,255,32,255,70,255
2026-08-03_15-49-30,1,913,0,0.0,0,10.0,2,2,2,0,41,255,0,0,88,1,41,41,89,9,44,255,255,0,0,255,0,171,89,123,121,254,253,254,253,255,24,136,59,32,16,209,89,116,66,123,254,181,254,127,255,191,255,175,126,175,17,0,4,0,0,0,0,136,128,112,104,80,0,176,0,5,0,2,254,6,254,2,0,0,0,0,36,6,130,6,0,0,0,0,0,1,9,2,7,176,0,0,16,0,0,16,60,255,0,0,0,0,0,0,0,0,0,0,0,0,0,0,0,0,42,252,140,251,54,251,250,250,98,249,38,255,32,255,70,255,2,0,149,255,0,0,92,1,41,41,89,9,44,255,255,0,0,255,0,147,89,99,121,254,253,254,253,255,24,136,57,32,16,209,89,163,66,99,254,181,254,127,255,191,255,175,126,175,17,0,4,0,0,0,0,136,128,112,104,80,0,112,0,1,0,2,254,6,254,0,0,0,0,0,36,6,130,6,0,0,0,0,0,1,9,2,7,176,0,0,16,0,0,16,60,255,0,0,0,0,0,0,0,0,0,0,0,0,0,0,0,0,42,252,140,251,54,251,250,250,98,249,38,255,32,255,70,255
2026-08-03_15-49-30,1,914,0,0.0,0,10.0,2,2,2,0,149,255,0,0,92,1,41,41,89,9,44,255,255,0,0,255,0,147,89,99,121,254,253,254,253,255,24,136,57,32,16,209,89,163,66,99,254,181,254,127,255,191,255,175,126,175,17,0,4,0,0,0,0,136,128,112,104,80,0,112,0,1,0,2,254,6,254,0,0,0,0,0,36,6,130,6,0,0,0,0,0,1,9,2,7,176,0,0,16,0,0,16,60,255,0,0,0,0,0,0,0,0,0,0,0,0,0,0,0,0,42,252,140,251,54,251,250,250,98,249,38,255,32,255,70,255,2,0,83,255,0,0,96,1,41,41,88,9,0,255,255,0,0,255,0,171,89,135,121,254,253,254,253,255,24,136,56,32,16,209,89,179,66,135,254,181,254,127,255,239,255,175,126,175,16,2,4,0,0,12,0,136,128,112,104,80,0,48,0,0,0,2,254,6,254,0,0,0,0,0,36,6,130,6,0,0,0,0,0,1,9,2,7,176,0,0,16,0,0,16,60,255,0,0,0,0,0,0,0,0,0,0,0,0,0,0,0,0,126,252,128,251,54,251,250,250,98,249,38,255,32,255,70,255
2026-08-03_15-49-30,1,915,0,0.0,0,10.0,2,2,2,0,83,255,0,0,96,1,41,41,88,9,0,255,255,0,0,255,0,171,89,135,121,254,253,254,253,255,24,136,56,32,16,209,89,179,66,135,254,181,254,127,255,239,255,175,126,175,16,2,4,0,0,12,0,136,128,112,104,80,0,48,0,0,0,2,254,6,254,0,0,0,0,0,36,6,130,6,0,0,0,0,0,1,9,2,7,176,0,0,16,0,0,16,60,255,0,0,0,0,0,0,0,0,0,0,0,0,0,0,0,0,126,252,128,251,54,251,250,250,98,249,38,255,32,255,70,255,2,0,59,255,0,0,100,1,41,41,87,9,0,255,255,0,0,255,0,147,89,113,121,254,253,254,253,255,24,136,56,32,16,209,89,179,66,136,254,181,254,127,255,239,255,175,222,175,16,0,4,0,0,12,0,136,128,112,104,80,0,240,0,0,0,2,254,6,254,0,0,0,0,0,36,6,130,6,0,0,0,0,0,1,9,2,7,176,0,0,16,0,0,16,60,255,0,0,0,0,0,0,0,0,0,0,0,0,0,0,0,0,126,252,128,251,54,251,250,250,98,249,38,255,32,255,70,255
2026-08-03_15-49-30,1,916,0,0.0,0,10.0,2,2,2,0,59,255,0,0,100,1,41,41,87,9,0,255,255,0,0,255,0,147,89,113,121,254,253,254,253,255,24,136,56,32,16,209,89,179,66,136,254,181,254,127,255,239,255,175,222,175,16,0,4,0,0,12,0,136,128,112,104,80,0,240,0,0,0,2,254,6,254,0,0,0,0,0,36,6,130,6,0,0,0,0,0,1,9,2,7,176,0,0,16,0,0,16,60,255,0,0,0,0,0,0,0,0,0,0,0,0,0,0,0,0,126,252,128,251,54,251,250,250,98,249,38,255,32,255,70,255,2,0,187,255,0,0,104,1,41,41,85,9,0,255,255,0,0,255,0,171,89,139,121,254,253,254,253,255,24,136,56,32,16,209,89,179,66,136,254,181,254,127,255,239,255,175,222,175,16,0,4,0,0,12,0,136,128,112,104,80,0,176,0,0,0,2,254,6,254,0,0,0,0,0,36,6,130,6,0,0,0,0,0,1,9,2,7,176,0,0,16,0,0,16,60,255,0,0,0,0,0,0,0,0,0,0,0,0,0,0,0,0,126,252,128,251,54,251,250,250,98,249,38,255,32,255,70,255
2026-08-03_15-49-30,1,917,0,0.0,0,10.0,2,2,2,0,187,255,0,0,104,1,41,41,85,9,0,255,255,0,0,255,0,171,89,139,121,254,253,254,253,255,24,136,56,32,16,209,89,179,66,136,254,181,254,127,255,239,255,175,222,175,16,0,4,0,0,12,0,136,128,112,104,80,0,176,0,0,0,2,254,6,254,0,0,0,0,0,36,6,130,6,0,0,0,0,0,1,9,2,7,176,0,0,16,0,0,16,60,255,0,0,0,0,0,0,0,0,0,0,0,0,0,0,0,0,126,252,128,251,54,251,250,250,98,249,38,255,32,255,70,255,2,0,179,255,0,0,108,1,41,41,83,9,0,255,255,0,0,255,0,147,89,117,121,254,253,254,253,255,24,136,56,32,16,209,89,179,66,136,254,181,254,127,255,239,255,175,222,175,16,0,4,0,0,12,0,136,128,112,104,80,0,112,0,0,0,2,254,6,254,0,0,0,0,0,36,6,130,6,0,0,0,0,0,1,9,2,7,176,0,0,16,0,0,16,60,255,0,0,0,0,0,0,0,0,0,0,0,0,0,0,0,0,126,252,128,251,54,251,250,250,98,249,38,255,32,255,70,255
2026-08-03_15-49-30,1,918,0,0.0,0,10.0,2,2,2,0,179,255,0,0,108,1,41,41,83,9,0,255,255,0,0,255,0,147,89,117,121,254,253,254,253,255,24,136,56,32,16,209,89,179,66,136,254,181,254,127,255,239,255,175,222,175,16,0,4,0,0,12,0,136,128,112,104,80,0,112,0,0,0,2,254,6,254,0,0,0,0,0,36,6,130,6,0,0,0,0,0,1,9,2,7,176,0,0,16,0,0,16,60,255,0,0,0,0,0,0,0,0,0,0,0,0,0,0,0,0,126,252,128,251,54,251,250,250,98,249,38,255,32,255,70,255,2,0,61,255,0,0,112,1,41,41,81,9,0,255,255,0,0,255,0,171,89,142,121,254,253,254,253,255,24,136,56,32,16,209,89,179,66,142,254,181,254,127,255,239,255,175,222,175,16,0,4,0,0,12,0,136,128,112,104,80,0,48,0,0,0,2,254,6,254,0,0,0,0,0,36,6,130,6,0,0,0,0,0,1,9,2,7,176,0,0,16,0,0,16,60,255,0,0,0,0,0,0,0,0,0,0,0,0,0,0,0,0,126,252,128,251,54,251,250,250,98,249,38,255,32,255,70,255
2026-08-03_15-49-30,1,919,0,0.0,0,10.0,2,2,2,0,61,255,0,0,112,1,41,41,81,9,0,255,255,0,0,255,0,171,89,142,121,254,253,254,253,255,24,136,56,32,16,209,89,179,66,142,254,181,254,127,255,239,255,175,222,175,16,0,4,0,0,12,0,136,128,112,104,80,0,48,0,0,0,2,254,6,254,0,0,0,0,0,36,6,130,6,0,0,0,0,0,1,9,2,7,176,0,0,16,0,0,16,60,255,0,0,0,0,0,0,0,0,0,0,0,0,0,0,0,0,126,252,128,251,54,251,250,250,98,249,38,255,32,255,70,255,2,0,223,255,0,0,116,1,41,41,80,9,0,255,255,0,0,255,0,147,89,120,121,254,253,254,253,255,24,136,56,32,16,209,89,179,66,120,254,181,254,127,255,239,255,175,222,175,16,0,4,0,0,12,0,136,128,112,104,80,0,240,0,0,0,2,254,6,254,0,0,0,0,0,36,6,130,6,0,0,0,0,0,1,9,2,7,176,0,0,16,0,0,16,60,255,0,0,0,0,0,0,0,0,0,0,0,0,0,0,0,0,126,252,128,251,54,251,250,250,98,249,38,255,32,255,70,255
2026-08-03_15-49-30,1,920,0,0.0,0,10.0,2,2,2,0,223,255,0,0,116,1,41,41,80,9,0,255,255,0,0,255,0,147,89,120,121,254,253,254,253,255,24,136,56,32,16,209,89,179,66,120,254,181,254,127,255,239,255,175,222,175,16,0,4,0,0,12,0,136,128,112,104,80,0,240,0,0,0,2,254,6,254,0,0,0,0,0,36,6,130,6,0,0,0,0,0,1,9,2,7,176,0,0,16,0,0,16,60,255,0,0,0,0,0,0,0,0,0,0,0,0,0,0,0,0,126,252,128,251,54,251,250,250,98,249,38,255,32,255,70,255,2,0,250,255,0,0,120,1,41,41,78,9,0,255,255,0,0,255,0,171,89,146,121,254,253,254,253,255,24,136,56,32,16,209,89,179,66,144,254,181,254,127,255,239,255,175,222,175,16,0,4,0,0,12,0,136,128,112,104,80,0,176,0,0,0,2,254,6,254,0,0,0,0,0,36,6,130,6,0,0,0,0,0,1,9,2,7,176,0,0,16,0,0,16,60,255,0,0,0,0,0,0,0,0,0,0,0,0,0,0,0,0,126,252,128,251,54,251,250,250,98,249,38,255,32,255,70,255
2026-08-03_15-49-30,1,921,0,0.0,0,10.0,2,2,2,0,250,255,0,0,120,1,41,41,78,9,0,255,255,0,0,255,0,171,89,146,121,254,253,254,253,255,24,136,56,32,16,209,89,179,66,144,254,181,254,127,255,239,255,175,222,175,16,0,4,0,0,12,0,136,128,112,104,80,0,176,0,0,0,2,254,6,254,0,0,0,0,0,36,6,130,6,0,0,0,0,0,1,9,2,7,176,0,0,16,0,0,16,60,255,0,0,0,0,0,0,0,0,0,0,0,0,0,0,0,0,126,252,128,251,54,251,250,250,98,249,38,255,32,255,70,255,2,0,166,255,0,0,124,1,41,41,76,9,0,255,255,0,0,255,0,147,89,124,121,254,253,254,253,255,24,136,56,32,16,209,89,179,66,144,254,181,254,127,255,239,255,175,222,175,16,0,4,0,0,12,0,136,128,112,104,80,0,112,0,0,0,2,254,6,254,0,0,0,0,0,36,6,130,6,0,0,0,0,0,1,9,2,7,176,0,0,16,0,0,16,60,255,0,0,0,0,0,0,0,0,0,0,0,0,0,0,0,0,126,252,128,251,54,251,250,250,98,249,38,255,32,255,70,255
2026-08-03_15-49-30,1,922,0,0.0,0,10.0,2,2,2,0,166,255,0,0,124,1,41,41,76,9,0,255,255,0,0,255,0,147,89,124,121,254,253,254,253,255,24,136,56,32,16,209,89,179,66,144,254,181,254,127,255,239,255,175,222,175,16,0,4,0,0,12,0,136,128,112,104,80,0,112,0,0,0,2,254,6,254,0,0,0,0,0,36,6,130,6,0,0,0,0,0,1,9,2,7,176,0,0,16,0,0,16,60,255,0,0,0,0,0,0,0,0,0,0,0,0,0,0,0,0,126,252,128,251,54,251,250,250,98,249,38,255,32,255,70,255,2,0,102,255,0,0,128,1,41,41,74,9,0,255,255,0,0,255,0,171,89,149,121,254,253,254,253,255,24,136,56,32,16,209,89,179,66,149,254,181,254,127,255,239,255,175,222,175,16,0,4,0,0,12,0,136,128,112,104,80,0,48,0,0,0,2,254,6,254,0,0,0,0,0,36,6,130,6,0,0,0,0,0,1,9,2,8,8,0,0,16,0,0,16,60,255,0,0,0,0,0,0,0,0,0,0,0,0,0,0,0,0,126,252,128,251,54,251,250,250,98,249,38,255,32,255,70,255
2026-08-03_15-49-30,1,923,0,0.0,0,10.0,2,2,2,0,102,255,0,0,128,1,41,41,74,9,0,255,255,0,0,255,0,171,89,149,121,254,253,254,253,255,24,136,56,32,16,209,89,179,66,149,254,181,254,127,255,239,255,175,222,175,16,0,4,0,0,12,0,136,128,112,104,80,0,48,0,0,0,2,254,6,254,0,0,0,0,0,36,6,130,6,0,0,0,0,0,1,9,2,8,8,0,0,16,0,0,16,60,255,0,0,0,0,0,0,0,0,0,0,0,0,0,0,0,0,126,252,128,251,54,251,250,250,98,249,38,255,32,255,70,255,2,0,106,255,0,0,132,1,41,41,73,9,0,255,255,0,0,255,0,147,89,127,121,254,253,254,253,255,24,136,56,32,16,209,89,179,66,127,254,181,254,127,255,239,255,175,222,175,16,2,4,0,0,12,0,136,128,112,104,80,0,240,0,0,0,2,254,6,254,0,0,0,0,0,36,6,130,6,0,0,0,0,0,1,9,2,8,8,0,0,16,0,0,16,60,255,0,0,0,0,0,0,0,0,0,0,0,0,0,0,0,0,126,252,128,251,54,251,250,250,98,249,38,255,32,255,70,255
2026-08-03_15-49-30,1,924,0,0.0,0,10.0,2,2,2,0,106,255,0,0,132,1,41,41,73,9,0,255,255,0,0,255,0,147,89,127,121,254,253,254,253,255,24,136,56,32,16,209,89,179,66,127,254,181,254,127,255,239,255,175,222,175,16,2,4,0,0,12,0,136,128,112,104,80,0,240,0,0,0,2,254,6,254,0,0,0,0,0,36,6,130,6,0,0,0,0,0,1,9,2,8,8,0,0,16,0,0,16,60,255,0,0,0,0,0,0,0,0,0,0,0,0,0,0,0,0,126,252,128,251,54,251,250,250,98,249,38,255,32,255,70,255,2,0,163,255,0,0,136,1,41,41,71,9,0,255,255,0,0,255,0,171,89,153,121,254,253,254,253,255,24,136,56,32,16,209,89,179,66,152,254,181,254,127,255,239,255,175,222,175,16,0,4,0,0,12,0,136,128,112,104,80,0,176,0,0,0,2,254,6,254,0,0,0,0,0,36,6,130,6,0,0,0,0,0,1,9,2,8,8,0,0,16,0,0,16,60,255,0,0,0,0,0,0,0,0,0,0,0,0,0,0,0,0,126,252,128,251,54,251,250,250,98,249,38,255,32,255,70,255
2026-08-03_15-49-30,1,925,0,0.0,0,10.0,2,2,2,0,163,255,0,0,136,1,41,41,71,9,0,255,255,0,0,255,0,171,89,153,121,254,253,254,253,255,24,136,56,32,16,209,89,179,66,152,254,181,254,127,255,239,255,175,222,175,16,0,4,0,0,12,0,136,128,112,104,80,0,176,0,0,0,2,254,6,254,0,0,0,0,0,36,6,130,6,0,0,0,0,0,1,9,2,8,8,0,0,16,0,0,16,60,255,0,0,0,0,0,0,0,0,0,0,0,0,0,0,0,0,126,252,128,251,54,251,250,250,98,249,38,255,32,255,70,255,2,0,48,255,0,0,140,1,41,41,69,9,0,255,255,0,0,255,0,147,89,131,121,254,253,254,253,255,24,136,56,32,16,209,89,179,66,152,254,181,254,127,255,239,255,175,222,175,16,0,4,0,0,12,0,136,128,112,104,80,0,112,0,0,0,2,254,6,254,0,0,0,0,0,36,6,130,6,0,0,0,0,0,1,9,2,8,8,0,0,16,0,0,16,60,255,0,0,0,0,0,0,0,0,0,0,0,0,0,0,0,0,126,252,128,251,54,251,250,250,98,249,38,255,32,255,70,255
2026-08-03_15-49-30,1,926,0,0.0,0,10.0,2,2,2,0,48,255,0,0,140,1,41,41,69,9,0,255,255,0,0,255,0,147,89,131,121,254,253,254,253,255,24,136,56,32,16,209,89,179,66,152,254,181,254,127,255,239,255,175,222,175,16,0,4,0,0,12,0,136,128,112,104,80,0,112,0,0,0,2,254,6,254,0,0,0,0,0,36,6,130,6,0,0,0,0,0,1,9,2,8,8,0,0,16,0,0,16,60,255,0,0,0,0,0,0,0,0,0,0,0,0,0,0,0,0,126,252,128,251,54,251,250,250,98,249,38,255,32,255,70,255,2,0,7,255,0,0,144,1,41,41,67,9,0,255,255,0,0,255,0,171,89,156,121,254,253,254,253,255,24,136,56,32,16,209,89,179,66,152,254,181,254,127,255,239,255,175,222,175,16,0,4,0,0,12,0,136,128,112,104,80,0,48,0,0,0,2,254,6,254,0,0,0,0,0,36,6,130,6,0,0,0,0,0,1,9,2,8,8,0,0,16,0,0,16,60,255,0,0,0,0,0,0,0,0,0,0,0,0,0,0,0,0,126,252,128,251,54,251,250,250,98,249,38,255,32,255,70,255
2026-08-03_15-49-30,1,927,0,0.0,0,10.0,2,2,2,0,7,255,0,0,144,1,41,41,67,9,0,255,255,0,0,255,0,171,89,156,121,254,253,254,253,255,24,136,56,32,16,209,89,179,66,152,254,181,254,127,255,239,255,175,222,175,16,0,4,0,0,12,0,136,128,112,104,80,0,48,0,0,0,2,254,6,254,0,0,0,0,0,36,6,130,6,0,0,0,0,0,1,9,2,8,8,0,0,16,0,0,16,60,255,0,0,0,0,0,0,0,0,0,0,0,0,0,0,0,0,126,252,128,251,54,251,250,250,98,249,38,255,32,255,70,255,2,0,117,255,0,0,148,1,41,41,66,9,0,255,255,0,0,255,0,147,89,134,121,254,253,254,253,255,24,136,56,32,16,209,89,179,66,134,254,181,254,127,255,239,255,175,222,175,16,0,4,0,0,12,0,136,128,112,104,80,0,240,0,0,0,2,254,6,254,0,0,0,0,0,36,6,130,6,0,0,0,0,0,1,9,2,8,8,0,0,16,0,0,16,60,255,0,0,0,0,0,0,0,0,0,0,0,0,0,0,0,0,126,252,128,251,54,251,250,250,98,249,38,255,32,255,70,255
2026-08-03_15-49-30,1,928,0,0.0,0,10.0,2,2,2,0,117,255,0,0,148,1,41,41,66,9,0,255,255,0,0,255,0,147,89,134,121,254,253,254,253,255,24,136,56,32,16,209,89,179,66,134,254,181,254,127,255,239,255,175,222,175,16,0,4,0,0,12,0,136,128,112,104,80,0,240,0,0,0,2,254,6,254,0,0,0,0,0,36,6,130,6,0,0,0,0,0,1,9,2,8,8,0,0,16,0,0,16,60,255,0,0,0,0,0,0,0,0,0,0,0,0,0,0,0,0,126,252,128,251,54,251,250,250,98,249,38,255,32,255,70,255,2,0,85,255,0,0,152,1,41,41,64,9,0,255,255,0,0,255,0,171,89,160,121,254,253,254,253,255,24,136,56,32,16,209,89,179,66,160,254,181,254,127,255,239,255,175,222,175,16,0,4,0,0,12,0,136,128,112,104,80,0,176,0,0,0,2,254,6,254,0,0,0,0,0,36,6,130,6,0,0,0,0,0,1,9,2,8,8,0,0,16,0,0,16,60,255,0,0,0,0,0,0,0,0,0,0,0,0,0,0,0,0,126,252,128,251,54,251,250,250,98,249,38,255,32,255,70,255
2026-08-03_15-49-30,1,929,0,0.0,0,10.0,2,2,2,0,85,255,0,0,152,1,41,41,64,9,0,255,255,0,0,255,0,171,89,160,121,254,253,254,253,255,24,136,56,32,16,209,89,179,66,160,254,181,254,127,255,239,255,175,222,175,16,0,4,0,0,12,0,136,128,112,104,80,0,176,0,0,0,2,254,6,254,0,0,0,0,0,36,6,130,6,0,0,0,0,0,1,9,2,8,8,0,0,16,0,0,16,60,255,0,0,0,0,0,0,0,0,0,0,0,0,0,0,0,0,126,252,128,251,54,251,250,250,98,249,38,255,32,255,70,255,2,0,95,255,0,0,156,1,41,41,62,9,0,255,255,0,0,255,0,147,89,138,121,254,253,254,253,255,24,136,56,32,16,209,89,179,66,160,254,181,254,127,255,239,255,175,222,175,16,0,4,0,0,12,0,136,128,112,104,80,0,112,0,0,0,2,254,6,254,0,0,0,0,0,36,6,130,6,0,0,0,0,0,1,9,2,8,8,0,0,16,0,0,16,60,255,0,0,0,0,0,0,0,0,0,0,0,0,0,0,0,0,126,252,128,251,54,251,250,250,98,249,38,255,32,255,70,255
2026-08-03_15-49-30,1,930,0,0.0,0,10.0,2,2,2,0,95,255,0,0,156,1,41,41,62,9,0,255,255,0,0,255,0,147,89,138,121,254,253,254,253,255,24,136,56,32,16,209,89,179,66,160,254,181,254,127,255,239,255,175,222,175,16,0,4,0,0,12,0,136,128,112,104,80,0,112,0,0,0,2,254,6,254,0,0,0,0,0,36,6,130,6,0,0,0,0,0,1,9,2,8,8,0,0,16,0,0,16,60,255,0,0,0,0,0,0,0,0,0,0,0,0,0,0,0,0,126,252,128,251,54,251,250,250,98,249,38,255,32,255,70,255,2,0,242,255,0,0,160,1,41,41,60,9,0,255,255,0,0,255,0,171,89,163,121,254,253,254,253,255,24,136,56,32,16,209,89,179,66,160,254,181,254,127,255,239,255,175,222,175,16,0,4,0,0,12,0,136,128,112,104,80,0,48,0,0,0,2,254,6,254,0,0,0,0,0,36,6,130,6,0,0,0,0,0,1,9,2,8,8,0,0,16,0,0,16,60,255,0,0,0,0,0,0,0,0,0,0,0,0,0,0,0,0,126,252,128,251,54,251,250,250,98,249,38,255,32,255,70,255
2026-08-03_15-49-30,1,931,0,0.0,0,10.0,2,2,2,0,242,255,0,0,160,1,41,41,60,9,0,255,255,0,0,255,0,171,89,163,121,254,253,254,253,255,24,136,56,32,16,209,89,179,66,160,254,181,254,127,255,239,255,175,222,175,16,0,4,0,0,12,0,136,128,112,104,80,0,48,0,0,0,2,254,6,254,0,0,0,0,0,36,6,130,6,0,0,0,0,0,1,9,2,8,8,0,0,16,0,0,16,60,255,0,0,0,0,0,0,0,0,0,0,0,0,0,0,0,0,126,252,128,251,54,251,250,250,98,249,38,255,32,255,70,255,2,0,40,255,0,0,164,1,41,41,59,9,0,255,255,0,0,255,0,147,89,141,121,254,253,254,253,255,24,136,56,32,16,209,89,179,66,160,254,181,254,127,255,239,255,175,222,175,16,0,4,0,0,12,0,136,128,112,104,80,0,240,0,0,0,2,254,6,254,0,0,0,0,0,36,6,130,6,0,0,0,0,0,1,9,2,8,8,0,0,16,0,0,16,60,255,0,0,0,0,0,0,0,0,0,0,0,0,0,0,0,0,126,252,128,251,54,251,250,250,98,249,38,255,32,255,70,255
2026-08-03_15-49-30,1,932,5,0.0,0,10.0,2,2,2,0,40,255,0,0,164,1,41,41,59,9,0,255,255,0,0,255,0,147,89,141,121,254,253,254,253,255,24,136,56,32,16,209,89,179,66,160,254,181,254,127,255,239,255,175,222,175,16,0,4,0,0,12,0,136,128,112,104,80,0,240,0,0,0,2,254,6,254,0,0,0,0,0,36,6,130,6,0,0,0,0,0,1,9,2,8,8,0,0,16,0,0,16,60,255,0,0,0,0,0,0,0,0,0,0,0,0,0,0,0,0,126,252,128,251,54,251,250,250,98,249,38,255,32,255,70,255,2,0,132,255,0,0,168,0,42,41,57,9,0,255,255,0,0,255,0,182,89,167,121,254,253,254,253,255,24,136,55,32,16,209,89,179,66,167,254,181,254,223,255,191,255,175,222,175,15,2,4,12,0,0,0,136,128,112,104,232,0,64,0,0,0,2,254,6,254,0,0,0,0,0,36,6,130,6,0,0,0,0,0,1,9,2,8,8,0,0,16,0,0,16,60,255,0,0,0,0,0,0,0,0,0,0,0,0,0,0,0,0,42,252,140,251,54,251,250,250,98,249,38,255,32,255,70,255
2026-08-03_15-49-30,1,933,5,0.0,0,10.0,2,2,2,0,132,255,0,0,168,0,42,41,57,9,0,255,255,0,0,255,0,182,89,167,121,254,253,254,253,255,24,136,55,32,16,209,89,179,66,167,254,181,254,223,255,191,255,175,222,175,15,2,4,12,0,0,0,136,128,112,104,232,0,64,0,0,0,2,254,6,254,0,0,0,0,0,36,6,130,6,0,0,0,0,0,1,9,2,8,8,0,0,16,0,0,16,60,255,0,0,0,0,0,0,0,0,0,0,0,0,0,0,0,0,42,252,140,251,54,251,250,250,98,249,38,255,32,255,70,255,2,0,79,255,0,0,172,0,45,41,57,9,0,255,255,0,0,255,0,156,89,131,121,254,253,254,253,255,24,136,53,32,16,209,89,211,66,176,254,165,254,223,255,191,255,175,126,175,15,2,4,12,0,0,0,136,128,112,104,8,0,0,0,0,0,2,254,6,254,0,0,0,0,0,36,6,130,6,0,0,0,0,0,1,9,2,8,8,0,0,16,0,0,16,60,255,0,0,0,0,0,0,0,0,0,0,0,0,0,0,0,0,42,252,140,251,54,251,250,250,98,249,38,255,32,255,70,255
2026-08-03_15-49-30,1,934,5,0.0,0,10.0,2,2,2,0,79,255,0,0,172,0,45,41,57,9,0,255,255,0,0,255,0,156,89,131,121,254,253,254,253,255,24,136,53,32,16,209,89,211,66,176,254,165,254,223,255,191,255,175,126,175,15,2,4,12,0,0,0,136,128,112,104,8,0,0,0,0,0,2,254,6,254,0,0,0,0,0,36,6,130,6,0,0,0,0,0,1,9,2,8,8,0,0,16,0,0,16,60,255,0,0,0,0,0,0,0,0,0,0,0,0,0,0,0,0,42,252,140,251,54,251,250,250,98,249,38,255,32,255,70,255,2,0,255,255,0,0,176,0,47,41,57,9,0,255,255,0,0,255,0,178,89,155,121,254,253,254,253,255,24,136,52,32,16,209,89,243,66,176,254,165,254,223,255,191,255,175,126,175,15,2,4,12,0,0,0,136,128,112,104,40,0,192,0,0,0,2,254,6,254,0,0,0,0,0,36,6,130,6,0,0,0,0,0,1,9,2,8,8,0,0,16,0,0,16,60,255,0,0,0,0,0,0,0,0,0,0,0,0,0,0,0,0,42,252,140,251,54,251,250,250,98,249,38,255,32,255,70,255
2026-08-03_15-49-30,1,935,0,0.0,0,10.0,2,2,2,0,255,255,0,0,176,0,47,41,57,9,0,255,255,0,0,255,0,178,89,155,121,254,253,254,253,255,24,136,52,32,16,209,89,243,66,176,254,165,254,223,255,191,255,175,126,175,15,2,4,12,0,0,0,136,128,112,104,40,0,192,0,0,0,2,254,6,254,0,0,0,0,0,36,6,130,6,0,0,0,0,0,1,9,2,8,8,0,0,16,0,0,16,60,255,0,0,0,0,0,0,0,0,0,0,0,0,0,0,0,0,42,252,140,251,54,251,250,250,98,249,38,255,32,255,70,255,2,0,240,255,0,0,180,0,49,41,57,9,0,255,255,0,0,255,0,152,89,131,121,254,253,254,253,255,24,136,50,32,16,209,89,19,66,152,254,165,254,223,255,191,255,175,126,175,15,2,4,12,0,0,0,136,128,112,104,72,0,128,0,0,0,2,254,6,254,0,0,0,0,0,36,6,130,6,0,0,0,0,0,1,9,2,8,8,0,0,16,0,0,16,60,255,0,0,0,0,0,0,0,0,0,0,0,0,0,0,0,0,42,252,140,251,54,251,250,250,98,249,38,255,32,255,70,255
2026-08-03_15-49-30,1,936,0,0.0,0,10.0,2,2,2,0,240,255,0,0,180,0,49,41,57,9,0,255,255,0,0,255,0,152,89,131,121,254,253,254,253,255,24,136,50,32,16,209,89,19,66,152,254,165,254,223,255,191,255,175,126,175,15,2,4,12,0,0,0,136,128,112,104,72,0,128,0,0,0,2,254,6,254,0,0,0,0,0,36,6,130,6,0,0,0,0,0,1,9,2,8,8,0,0,16,0,0,16,60,255,0,0,0,0,0,0,0,0,0,0,0,0,0,0,0,0,42,252,140,251,54,251,250,250,98,249,38,255,32,255,70,255,2,0,11,255,0,0,184,0,51,41,57,9,0,255,255,0,0,255,0,174,89,155,121,254,253,254,253,255,24,136,48,32,16,209,89,35,66,174,254,165,254,223,255,191,255,175,126,175,8,0,4,12,0,0,0,136,128,112,104,104,0,64,0,0,0,2,254,6,254,0,0,0,0,0,36,6,130,6,0,0,0,0,0,1,9,2,8,8,0,0,16,0,0,16,60,255,0,0,0,0,0,0,0,0,0,0,0,0,0,0,0,0,42,252,140,251,54,251,250,250,98,249,38,255,32,255,70,255
2026-08-03_15-49-30,1,937,0,0.0,0,10.0,2,2,2,0,11,255,0,0,184,0,51,41,57,9,0,255,255,0,0,255,0,174,89,155,121,254,253,254,253,255,24,136,48,32,16,209,89,35,66,174,254,165,254,223,255,191,255,175,126,175,8,0,4,12,0,0,0,136,128,112,104,104,0,64,0,0,0,2,254,6,254,0,0,0,0,0,36,6,130,6,0,0,0,0,0,1,9,2,8,8,0,0,16,0,0,16,60,255,0,0,0,0,0,0,0,0,0,0,0,0,0,0,0,0,42,252,140,251,54,251,250,250,98,249,38,255,32,255,70,255,2,0,188,255,0,0,188,0,53,41,55,9,0,255,255,0,0,255,0,147,89,144,121,254,253,254,253,255,24,136,48,32,16,209,89,51,66,168,254,165,254,223,255,239,255,175,222,175,14,2,4,12,0,12,0,136,128,112,104,136,0,0,0,0,0,2,254,6,254,0,0,0,0,0,36,6,130,6,0,0,0,0,0,1,9,2,8,8,0,0,16,0,0,16,60,255,0,0,0,0,0,0,0,0,0,0,0,0,0,0,0,0,126,252,128,251,54,251,250,250,98,249,38,255,32,255,70,255
2026-08-03_15-49-30,1,938,0,0.0,0,10.0,2,2,2,0,188,255,0,0,188,0,53,41,55,9,0,255,255,0,0,255,0,147,89,144,121,254,253,254,253,255,24,136,48,32,16,209,89,51,66,168,254,165,254,223,255,239,255,175,222,175,14,2,4,12,0,12,0,136,128,112,104,136,0,0,0,0,0,2,254,6,254,0,0,0,0,0,36,6,130,6,0,0,0,0,0,1,9,2,8,8,0,0,16,0,0,16,60,255,0,0,0,0,0,0,0,0,0,0,0,0,0,0,0,0,126,252,128,251,54,251,250,250,98,249,38,255,32,255,70,255,2,0,198,255,0,0,192,0,55,41,54,9,0,255,255,0,0,255,0,169,89,170,121,254,253,254,253,255,24,136,48,32,16,209,89,51,66,168,254,165,254,223,255,239,255,111,222,159,14,2,4,12,0,12,0,136,128,112,104,168,0,192,0,0,0,2,254,6,254,0,0,0,0,0,36,6,130,6,0,0,0,0,0,1,9,2,8,8,0,0,16,0,0,16,60,255,0,0,0,0,0,0,0,0,0,0,0,0,0,0,0,0,126,252,128,251,54,251,13,251,98,249,38,255,32,255,70,255
2026-08-03_15-49-30,1,939,0,0.0,0,10.0,2,2,2,0,198,255,0,0,192,0,55,41,54,9,0,255,255,0,0,255,0,169,89,170,121,254,253,254,253,255,24,136,48,32,16,209,89,51,66,168,254,165,254,223,255,239,255,111,222,159,14,2,4,12,0,12,0,136,128,112,104,168,0,192,0,0,0,2,254,6,254,0,0,0,0,0,36,6,130,6,0,0,0,0,0,1,9,2,8,8,0,0,16,0,0,16,60,255,0,0,0,0,0,0,0,0,0,0,0,0,0,0,0,0,126,252,128,251,54,251,13,251,98,249,38,255,32,255,70,255,2,0,104,255,0,0,196,0,57,41,52,9,0,255,255,0,0,255,0,143,89,148,121,254,253,254,253,255,24,136,48,32,16,209,89,51,66,168,254,165,254,223,255,239,255,111,222,159,7,0,4,12,0,12,0,136,128,112,104,64,0,128,0,0,0,2,254,6,254,0,0,0,0,0,36,6,130,6,0,0,0,0,0,1,9,2,8,8,0,0,16,0,0,16,60,255,0,0,0,0,0,0,0,0,0,0,0,0,0,0,0,0,126,252,128,251,54,251,13,251,98,249,38,255,32,255,70,255
2026-08-03_15-49-30,1,940,0,0.0,0,10.0,2,2,2,0,104,255,0,0,196,0,57,41,52,9,0,255,255,0,0,255,0,143,89,148,121,254,253,254,253,255,24,136,48,32,16,209,89,51,66,168,254,165,254,223,255,239,255,111,222,159,7,0,4,12,0,12,0,136,128,112,104,64,0,128,0,0,0,2,254,6,254,0,0,0,0,0,36,6,130,6,0,0,0,0,0,1,9,2,8,8,0,0,16,0,0,16,60,255,0,0,0,0,0,0,0,0,0,0,0,0,0,0,0,0,126,252,128,251,54,251,13,251,98,249,38,255,32,255,70,255,2,0,128,255,0,0,200,0,57,41,50,9,0,255,255,0,0,255,0,167,89,173,121,254,253,254,253,255,24,136,48,32,16,209,89,51,66,173,254,165,254,223,255,239,255,111,222,159,7,0,4,12,0,12,0,136,128,112,104,64,0,64,0,0,0,2,254,6,254,0,0,0,0,0,36,6,130,6,0,0,0,0,0,1,9,2,8,8,0,0,16,0,0,16,60,255,0,0,0,0,0,0,0,0,0,0,0,0,0,0,0,0,126,252,128,251,54,251,13,251,98,249,38,255,32,255,70,255
2026-08-03_15-49-30,1,941,0,0.0,0,10.0,2,2,2,0,128,255,0,0,200,0,57,41,50,9,0,255,255,0,0,255,0,167,89,173,121,254,253,254,253,255,24,136,48,32,16,209,89,51,66,173,254,165,254,223,255,239,255,111,222,159,7,0,4,12,0,12,0,136,128,112,104,64,0,64,0,0,0,2,254,6,254,0,0,0,0,0,36,6,130,6,0,0,0,0,0,1,9,2,8,8,0,0,16,0,0,16,60,255,0,0,0,0,0,0,0,0,0,0,0,0,0,0,0,0,126,252,128,251,54,251,13,251,98,249,38,255,32,255,70,255,2,0,8,255,0,0,204,0,57,41,48,9,0,255,255,0,0,255,0,143,89,151,121,254,253,254,253,255,24,136,48,32,16,209,89,51,66,151,254,165,254,223,255,239,255,111,222,159,14,2,4,12,0,12,0,136,128,112,104,64,0,0,0,0,0,2,254,6,254,0,0,0,0,0,36,6,130,6,0,0,0,0,0,1,9,2,8,8,0,0,16,0,0,16,60,255,0,0,0,0,0,0,0,0,0,0,0,0,0,0,0,0,126,252,128,251,54,251,13,251,98,249,38,255,32,255,70,255
2026-08-03_15-49-30,1,942,4,0.0,0,10.0,2,2,2,0,8,255,0,0,204,0,57,41,48,9,0,255,255,0,0,255,0,143,89,151,121,254,253,254,253,255,24,136,48,32,16,209,89,51,66,151,254,165,254,223,255,239,255,111,222,159,14,2,4,12,0,12,0,136,128,112,104,64,0,0,0,0,0,2,254,6,254,0,0,0,0,0,36,6,130,6,0,0,0,0,0,1,9,2,8,8,0,0,16,0,0,16,60,255,0,0,0,0,0,0,0,0,0,0,0,0,0,0,0,0,126,252,128,251,54,251,13,251,98,249,38,255,32,255,70,255,2,0,142,255,0,0,208,0,57,41,47,9,0,255,255,255,0,255,0,155,89,177,121,254,253,254,253,255,22,136,48,32,16,241,89,51,66,176,254,165,254,191,255,239,255,111,222,159,14,0,4,0,0,12,0,136,128,112,104,216,0,192,0,0,0,2,254,6,254,0,0,0,0,0,36,6,130,6,0,0,0,0,0,1,9,2,8,8,0,0,16,0,0,16,60,255,0,0,0,0,0,0,0,0,0,0,0,0,0,0,0,0,126,252,128,251,54,251,13,251,98,249,38,255,32,255,70,255
2026-08-03_15-49-30,1,943,4,0.0,0,10.0,2,2,2,0,142,255,0,0,208,0,57,41,47,9,0,255,255,255,0,255,0,155,89,177,121,254,253,254,253,255,22,136,48,32,16,241,89,51,66,176,254,165,254,191,255,239,255,111,222,159,14,0,4,0,0,12,0,136,128,112,104,216,0,192,0,0,0,2,254,6,254,0,0,0,0,0,36,6,130,6,0,0,0,0,0,1,9,2,8,8,0,0,16,0,0,16,60,255,0,0,0,0,0,0,0,0,0,0,0,0,0,0,0,0,126,252,128,251,54,251,13,251,98,249,38,255,32,255,70,255,2,0,226,255,0,0,212,0,57,41,45,9,0,255,255,255,0,255,0,131,89,155,121,254,253,254,253,255,20,136,48,32,16,17,89,51,66,176,254,165,254,191,255,239,255,111,222,159,14,0,4,0,0,12,0,136,128,112,104,248,0,128,0,0,0,2,254,6,254,0,0,0,0,0,36,6,130,6,0,0,0,0,0,1,9,2,8,8,0,0,16,0,0,16,60,255,0,0,0,0,0,0,0,0,0,0,0,0,0,0,0,0,126,252,128,251,54,251,13,251,98,249,38,255,32,255,70,255
2026-08-03_15-49-30,1,944,4,0.0,0,10.0,2,2,2,0,226,255,0,0,212,0,57,41,45,9,0,255,255,255,0,255,0,131,89,155,121,254,253,254,253,255,20,136,48,32,16,17,89,51,66,176,254,165,254,191,255,239,255,111,222,159,14,0,4,0,0,12,0,136,128,112,104,248,0,128,0,0,0,2,254,6,254,0,0,0,0,0,36,6,130,6,0,0,0,0,0,1,9,2,8,8,0,0,16,0,0,16,60,255,0,0,0,0,0,0,0,0,0,0,0,0,0,0,0,0,126,252,128,251,54,251,13,251,98,249,38,255,32,255,70,255,2,0,37,255,0,0,216,0,57,41,43,9,0,255,255,255,0,255,0,155,89,180,121,254,253,254,253,255,17,136,48,32,16,49,89,51,66,176,254,165,254,191,255,239,255,111,222,159,14,0,4,0,0,12,0,136,128,112,104,24,0,64,0,0,0,2,254,6,254,0,0,0,0,0,36,6,130,6,0,0,0,0,0,1,9,2,8,8,0,0,16,0,0,16,60,255,0,0,0,0,0,0,0,0,0,0,0,0,0,0,0,0,126,252,128,251,54,251,13,251,98,249,38,255,32,255,70,255
2026-08-03_15-49-30,1,945,0,0.0,0,10.0,2,2,2,0,37,255,0,0,216,0,57,41,43,9,0,255,255,255,0,255,0,155,89,180,121,254,253,254,253,255,17,136,48,32,16,49,89,51,66,176,254,165,254,191,255,239,255,111,222,159,14,0,4,0,0,12,0,136,128,112,104,24,0,64,0,0,0,2,254,6,254,0,0,0,0,0,36,6,130,6,0,0,0,0,0,1,9,2,8,8,0,0,16,0,0,16,60,255,0,0,0,0,0,0,0,0,0,0,0,0,0,0,0,0,126,252,128,251,54,251,13,251,98,249,38,255,32,255,70,255,2,0,92,255,0,0,220,0,57,41,41,9,0,255,255,255,0,255,0,131,89,158,121,254,253,254,253,255,16,136,48,32,16,81,89,51,66,131,254,181,254,191,255,239,255,111,222,159,14,0,4,0,0,12,0,136,128,112,104,40,0,0,0,0,0,2,254,6,254,0,0,0,0,0,36,6,130,6,0,0,0,0,0,1,9,2,8,8,0,0,16,0,0,16,60,255,0,0,0,0,0,0,0,0,0,0,0,0,0,0,0,0,126,252,128,251,54,251,13,251,98,249,38,255,32,255,70,255
2026-08-03_15-49-30,1,946,0,0.0,0,10.0,2,2,2,0,92,255,0,0,220,0,57,41,41,9,0,255,255,255,0,255,0,131,89,158,121,254,253,254,253,255,16,136,48,32,16,81,89,51,66,131,254,181,254,191,255,239,255,111,222,159,14,0,4,0,0,12,0,136,128,112,104,40,0,0,0,0,0,2,254,6,254,0,0,0,0,0,36,6,130,6,0,0,0,0,0,1,9,2,8,8,0,0,16,0,0,16,60,255,0,0,0,0,0,0,0,0,0,0,0,0,0,0,0,0,126,252,128,251,54,251,13,251,98,249,38,255,32,255,70,255,2,0,192,255,0,0,224,0,57,41,41,9,0,255,255,255,0,255,0,155,89,171,121,254,253,254,253,255,16,136,46,32,16,81,89,67,66,155,254,181,254,191,255,191,255,159,126,159,14,0,4,0,0,0,0,136,128,112,104,40,0,80,0,0,0,2,254,6,254,0,0,0,0,0,36,6,130,6,0,0,0,0,0,1,9,2,8,8,0,0,16,0,0,16,60,255,0,0,0,0,0,0,0,0,0,0,0,0,0,0,0,0,42,252,140,251,54,251,250,250,98,249,38,255,32,255,70,255
2026-08-03_15-49-30,1,947,0,0.0,0,10.0,2,2,2,0,192,255,0,0,224,0,57,41,41,9,0,255,255,255,0,255,0,155,89,171,121,254,253,254,253,255,16,136,46,32,16,81,89,67,66,155,254,181,254,191,255,191,255,159,126,159,14,0,4,0,0,0,0,136,128,112,104,40,0,80,0,0,0,2,254,6,254,0,0,0,0,0,36,6,130,6,0,0,0,0,0,1,9,2,8,8,0,0,16,0,0,16,60,255,0,0,0,0,0,0,0,0,0,0,0,0,0,0,0,0,42,252,140,251,54,251,250,250,98,249,38,255,32,255,70,255,2,0,12,255,0,0,228,0,57,41,41,9,0,255,255,255,0,255,0,131,89,147,121,254,253,254,253,255,16,136,44,32,16,81,89,99,66,131,254,181,254,191,255,191,255,159,126,159,14,0,4,0,0,0,0,136,128,112,104,40,0,16,0,0,0,2,254,6,254,0,0,0,0,0,36,6,130,6,0,0,0,0,0,1,9,2,8,8,0,0,16,0,0,16,60,255,0,0,0,0,0,0,0,0,0,0,0,0,0,0,0,0,42,252,140,251,54,251,250,250,98,249,38,255,32,255,70,255
2026-08-03_15-49-30,1,948,5,0.0,0,10.0,2,2,2,0,12,255,0,0,228,0,57,41,41,9,0,255,255,255,0,255,0,131,89,147,121,254,253,254,253,255,16,136,44,32,16,81,89,99,66,131,254,181,254,191,255,191,255,159,126,159,14,0,4,0,0,0,0,136,128,112,104,40,0,16,0,0,0,2,254,6,254,0,0,0,0,0,36,6,130,6,0,0,0,0,0,1,9,2,8,8,0,0,16,0,0,16,60,255,0,0,0,0,0,0,0,0,0,0,0,0,0,0,0,0,42,252,140,251,54,251,250,250,98,249,38,255,32,255,70,255,2,0,201,255,0,0,232,0,59,41,41,9,0,255,255,255,0,255,0,166,89,171,121,254,253,254,253,255,16,136,43,32,16,81,89,146,66,166,254,181,254,223,255,191,255,159,126,159,12,2,4,12,0,0,0,136,128,112,104,72,0,208,0,0,0,2,254,6,254,0,0,0,0,0,36,6,130,6,0,0,0,0,0,1,9,2,8,8,0,0,16,0,0,16,60,255,0,0,0,0,0,0,0,0,0,0,0,0,0,0,0,0,42,252,140,251,54,251,250,250,98,249,38,255,32,255,70,255
2026-08-03_15-49-30,1,949,5,0.0,0,10.0,2,2,2,0,201,255,0,0,232,0,59,41,41,9,0,255,255,255,0,255,0,166,89,171,121,254,253,254,253,255,16,136,43,32,16,81,89,146,66,166,254,181,254,223,255,191,255,159,126,159,12,2,4,12,0,0,0,136,128,112,104,72,0,208,0,0,0,2,254,6,254,0,0,0,0,0,36,6,130,6,0,0,0,0,0,1,9,2,8,8,0,0,16,0,0,16,60,255,0,0,0,0,0,0,0,0,0,0,0,0,0,0,0,0,42,252,140,251,54,251,250,250,98,249,38,255,32,255,70,255,2,0,147,255,0,0,236,0,61,41,41,9,0,255,255,255,0,255,0,140,89,147,121,254,253,254,253,255,16,136,41,32,16,81,89,178,66,160,254,181,254,223,255,191,255,159,126,159,12,2,4,12,0,0,0,136,128,112,104,104,0,144,0,0,0,2,254,6,254,0,0,0,0,0,36,6,130,6,0,0,0,0,0,1,9,2,8,8,0,0,16,0,0,16,60,255,0,0,0,0,0,0,0,0,0,0,0,0,0,0,0,0,42,252,140,251,54,251,250,250,98,249,38,255,32,255,70,255
2026-08-03_15-49-30,1,950,5,0.0,0,10.0,2,2,2,0,147,255,0,0,236,0,61,41,41,9,0,255,255,255,0,255,0,140,89,147,121,254,253,254,253,255,16,136,41,32,16,81,89,178,66,160,254,181,254,223,255,191,255,159,126,159,12,2,4,12,0,0,0,136,128,112,104,104,0,144,0,0,0,2,254,6,254,0,0,0,0,0,36,6,130,6,0,0,0,0,0,1,9,2,8,8,0,0,16,0,0,16,60,255,0,0,0,0,0,0,0,0,0,0,0,0,0,0,0,0,42,252,140,251,54,251,250,250,98,249,38,255,32,255,70,255,2,0,55,255,0,0,240,0,63,41,41,9,0,255,255,255,0,255,0,161,89,171,121,254,253,254,253,255,16,136,39,32,16,81,89,194,66,160,254,181,254,223,255,191,255,159,126,159,12,2,4,12,0,0,0,136,128,112,104,136,0,80,0,0,0,2,254,6,254,0,0,0,0,0,36,6,130,6,0,0,0,0,0,1,9,2,8,8,0,0,16,0,0,16,60,255,0,0,0,0,0,0,0,0,0,0,0,0,0,0,0,0,42,252,140,251,54,251,250,250,98,249,38,255,32,255,70,255
2026-08-03_15-49-30,1,951,0,0.0,0,10.0,2,2,2,0,55,255,0,0,240,0,63,41,41,9,0,255,255,255,0,255,0,161,89,171,121,254,253,254,253,255,16,136,39,32,16,81,89,194,66,160,254,181,254,223,255,191,255,159,126,159,12,2,4,12,0,0,0,136,128,112,104,136,0,80,0,0,0,2,254,6,254,0,0,0,0,0,36,6,130,6,0,0,0,0,0,1,9,2,8,8,0,0,16,0,0,16,60,255,0,0,0,0,0,0,0,0,0,0,0,0,0,0,0,0,42,252,140,251,54,251,250,250,98,249,38,255,32,255,70,255,2,0,114,255,0,0,244,0,65,41,41,9,0,255,255,255,0,255,0,135,89,147,121,254,253,254,253,255,16,136,37,32,16,81,89,226,66,135,254,181,254,223,255,191,255,159,126,159,6,0,4,12,0,0,0,136,128,112,104,168,0,16,0,0,0,2,254,6,254,0,0,0,0,0,36,6,130,6,0,0,0,0,0,1,9,2,8,8,0,0,16,0,0,16,60,255,0,0,0,0,0,0,0,0,0,0,0,0,0,0,0,0,42,252,140,251,54,251,250,250,98,249,38,255,32,255,70,255
2026-08-03_15-49-30,1,952,0,0.0,0,10.0,2,2,2,0,114,255,0,0,244,0,65,41,41,9,0,255,255,255,0,255,0,135,89,147,121,254,253,254,253,255,16,136,37,32,16,81,89,226,66,135,254,181,254,223,255,191,255,159,126,159,6,0,4,12,0,0,0,136,128,112,104,168,0,16,0,0,0,2,254,6,254,0,0,0,0,0,36,6,130,6,0,0,0,0,0,1,9,2,8,8,0,0,16,0,0,16,60,255,0,0,0,0,0,0,0,0,0,0,0,0,0,0,0,0,42,252,140,251,54,251,250,250,98,249,38,255,32,255,70,255,2,0,32,255,0,0,248,0,67,41,41,9,0,255,255,255,0,255,0,157,89,171,121,254,253,254,253,255,16,136,36,32,16,81,89,2,66,157,254,181,254,223,255,191,255,159,126,159,11,2,4,12,0,12,0,136,128,112,104,200,0,208,0,0,0,2,254,6,254,0,0,0,0,0,36,6,130,6,0,0,0,0,0,1,9,2,8,8,0,0,16,0,0,16,60,255,0,0,0,0,0,0,0,0,0,0,0,0,0,0,0,0,198,252,118,251,54,251,250,250,98,249,38,255,32,255,70,255
2026-08-03_15-49-30,1,953,0,0.0,0,10.0,2,2,2,0,32,255,0,0,248,0,67,41,41,9,0,255,255,255,0,255,0,157,89,171,121,254,253,254,253,255,16,136,36,32,16,81,89,2,66,157,254,181,254,223,255,191,255,159,126,159,11,2,4,12,0,12,0,136,128,112,104,200,0,208,0,0,0,2,254,6,254,0,0,0,0,0,36,6,130,6,0,0,0,0,0,1,9,2,8,8,0,0,16,0,0,16,60,255,0,0,0,0,0,0,0,0,0,0,0,0,0,0,0,0,198,252,118,251,54,251,250,250,98,249,38,255,32,255,70,255,2,0,10,255,0,0,252,0,69,41,43,9,0,255,255,255,0,255,0,131,89,157,121,254,253,254,253,255,16,136,36,32,16,81,89,2,66,176,254,131,254,223,255,223,255,159,239,159,11,2,4,12,0,12,0,136,128,112,104,232,0,144,0,0,69,2,254,6,254,0,0,0,0,0,36,6,130,6,0,0,0,0,0,1,9,2,8,8,0,0,16,0,0,16,60,255,0,0,0,0,0,0,0,0,0,0,0,0,0,0,0,0,198,252,118,251,54,251,250,250,98,249,38,255,32,255,70,255
2026-08-03_15-49-30,1,954,1,0.0,0,10.0,2,2,2,0,10,255,0,0,252,0,69,41,43,9,0,255,255,255,0,255,0,131,89,157,121,254,253,254,253,255,16,136,36,32,16,81,89,2,66,176,254,131,254,223,255,223,255,159,239,159,11,2,4,12,0,12,0,136,128,112,104,232,0,144,0,0,69,2,254,6,254,0,0,0,0,0,36,6,130,6,0,0,0,0,0,1,9,2,8,8,0,0,16,0,0,16,60,255,0,0,0,0,0,0,0,0,0,0,0,0,0,0,0,0,198,252,118,251,54,251,250,250,98,249,38,255,32,255,70,255,2,0,173,255,0,0,0,1,72,41,45,9,0,255,255,255,0,255,0,153,89,180,121,254,253,254,253,255,16,136,36,32,16,81,89,2,66,176,254,149,254,223,255,223,255,159,239,159,11,2,4,12,0,12,0,136,128,112,104,8,0,80,0,0,72,2,254,6,254,0,0,0,0,0,36,6,130,6,0,0,0,0,0,1,9,2,8,96,0,0,16,0,0,16,60,255,0,0,0,0,0,0,0,0,0,0,0,0,0,0,0,0,198,252,118,251,54,251,250,250,98,249,38,255,32,255,70,255
2026-08-03_15-49-30,1,955,1,0.0,0,10.0,2,2,2,0,173,255,0,0,0,1,72,41,45,9,0,255,255,255,0,255,0,153,89,180,121,254,253,254,253,255,16,136,36,32,16,81,89,2,66,176,254,149,254,223,255,223,255,159,239,159,11,2,4,12,0,12,0,136,128,112,104,8,0,80,0,0,72,2,254,6,254,0,0,0,0,0,36,6,130,6,0,0,0,0,0,1,9,2,8,96,0,0,16,0,0,16,60,255,0,0,0,0,0,0,0,0,0,0,0,0,0,0,0,0,198,252,118,251,54,251,250,250,98,249,38,255,32,255,70,255,2,0,218,255,0,0,4,1,74,41,47,9,68,255,255,255,0,255,0,127,89,154,121,254,253,254,253,255,16,136,36,32,17,81,89,2,66,176,254,149,254,223,255,223,255,159,239,159,6,0,4,12,0,12,0,136,128,112,104,40,0,16,0,82,0,2,254,6,254,0,0,0,0,0,36,6,130,6,0,0,0,0,0,1,9,2,8,224,0,0,16,0,0,16,60,255,0,0,0,0,0,0,0,0,0,0,0,0,0,0,0,0,198,252,118,251,54,251,250,250,98,249,38,255,32,255,70,255
2026-08-03_15-49-30,1,956,1,0.0,0,10.0,2,2,2,0,218,255,0,0,4,1,74,41,47,9,68,255,255,255,0,255,0,127,89,154,121,254,253,254,253,255,16,136,36,32,17,81,89,2,66,176,254,149,254,223,255,223,255,159,239,159,6,0,4,12,0,12,0,136,128,112,104,40,0,16,0,82,0,2,254,6,254,0,0,0,0,0,36,6,130,6,0,0,0,0,0,1,9,2,8,224,0,0,16,0,0,16,60,255,0,0,0,0,0,0,0,0,0,0,0,0,0,0,0,0,198,252,118,251,54,251,250,250,98,249,38,255,32,255,70,255,2,0,172,255,0,0,8,1,76,41,48,9,68,255,255,255,0,255,0,149,89,176,121,254,253,254,253,255,16,136,36,32,17,81,89,2,66,176,254,149,254,223,255,223,255,159,239,159,6,0,4,12,0,12,0,136,128,112,104,72,0,208,0,78,0,2,254,6,254,0,0,0,0,0,36,6,130,6,0,0,0,0,0,1,9,2,8,224,0,0,16,0,0,16,60,255,0,0,0,0,0,0,0,0,0,0,0,0,0,0,0,0,198,252,118,251,54,251,250,250,98,249,38,255,32,255,70,255
2026-08-03_15-49-30,1,957,0,0.0,0,10.0,2,2,2,0,172,255,0,0,8,1,76,41,48,9,68,255,255,255,0,255,0,149,89,176,121,254,253,254,253,255,16,136,36,32,17,81,89,2,66,176,254,149,254,223,255,223,255,159,239,159,6,0,4,12,0,12,0,136,128,112,104,72,0,208,0,78,0,2,254,6,254,0,0,0,0,0,36,6,130,6,0,0,0,0,0,1,9,2,8,224,0,0,16,0,0,16,60,255,0,0,0,0,0,0,0,0,0,0,0,0,0,0,0,0,198,252,118,251,54,251,250,250,98,249,38,255,32,255,70,255,2,0,203,255,0,0,12,1,78,41,50,9,68,255,255,255,0,255,0,123,89,150,121,254,253,254,253,255,16,136,36,32,17,81,89,2,66,150,254,123,254,223,255,223,255,159,239,159,11,2,4,12,0,12,0,136,128,112,104,104,0,144,0,74,0,2,254,6,254,0,0,0,0,0,36,6,130,6,0,0,0,0,0,1,9,2,8,224,0,0,16,0,0,16,60,255,0,0,0,0,0,0,0,0,0,0,0,0,0,0,0,0,198,252,118,251,54,251,250,250,98,249,38,255,32,255,70,255
2026-08-03_15-49-30,1,958,0,0.0,0,10.0,2,2,2,0,203,255,0,0,12,1,78,41,50,9,68,255,255,255,0,255,0,123,89,150,121,254,253,254,253,255,16,136,36,32,17,81,89,2,66,150,254,123,254,223,255,223,255,159,239,159,11,2,4,12,0,12,0,136,128,112,104,104,0,144,0,74,0,2,254,6,254,0,0,0,0,0,36,6,130,6,0,0,0,0,0,1,9,2,8,224,0,0,16,0,0,16,60,255,0,0,0,0,0,0,0,0,0,0,0,0,0,0,0,0,198,252,118,251,54,251,250,250,98,249,38,255,32,255,70,255,2,0,176,255,0,0,16,1,80,41,52,9,68,255,255,255,0,255,0,144,89,173,121,254,253,254,253,255,16,136,36,32,17,81,89,2,66,173,254,141,254,223,255,223,255,159,239,159,11,2,4,12,0,12,0,136,128,112,104,136,0,80,0,70,0,2,254,6,254,0,0,0,0,0,36,6,130,6,0,0,0,0,0,1,9,2,8,224,0,0,16,0,0,16,60,255,0,0,0,0,0,0,0,0,0,0,0,0,0,0,0,0,198,252,118,251,54,251,250,250,98,249,38,255,32,255,70,255
2026-08-03_15-49-30,1,959,0,0.0,0,10.0,2,2,2,0,176,255,0,0,16,1,80,41,52,9,68,255,255,255,0,255,0,144,89,173,121,254,253,254,253,255,16,136,36,32,17,81,89,2,66,173,254,141,254,223,255,223,255,159,239,159,11,2,4,12,0,12,0,136,128,112,104,136,0,80,0,70,0,2,254,6,254,0,0,0,0,0,36,6,130,6,0,0,0,0,0,1,9,2,8,224,0,0,16,0,0,16,60,255,0,0,0,0,0,0,0,0,0,0,0,0,0,0,0,0,198,252,118,251,54,251,250,250,98,249,38,255,32,255,70,255,2,0,15,255,0,0,20,1,82,41,54,9,68,255,255,255,0,255,0,118,89,147,121,254,253,254,253,255,16,136,36,32,17,81,89,2,66,168,254,141,254,223,255,223,255,159,239,159,6,0,4,12,0,12,0,136,128,112,104,168,0,16,0,66,0,2,254,6,254,0,0,0,0,0,36,6,130,6,0,0,0,0,0,1,9,2,8,224,0,0,16,0,0,16,60,255,0,0,0,0,0,0,0,0,0,0,0,0,0,0,0,0,198,252,118,251,54,251,250,250,98,249,38,255,32,255,70,255
2026-08-03_15-49-30,1,960,0,0.0,0,10.0,2,2,2,0,15,255,0,0,20,1,82,41,54,9,68,255,255,255,0,255,0,118,89,147,121,254,253,254,253,255,16,136,36,32,17,81,89,2,66,168,254,141,254,223,255,223,255,159,239,159,6,0,4,12,0,12,0,136,128,112,104,168,0,16,0,66,0,2,254,6,254,0,0,0,0,0,36,6,130,6,0,0,0,0,0,1,9,2,8,224,0,0,16,0,0,16,60,255,0,0,0,0,0,0,0,0,0,0,0,0,0,0,0,0,198,252,118,251,54,251,250,250,98,249,38,255,32,255,70,255,2,0,251,255,0,0,24,1,84,41,55,9,68,255,255,255,0,255,0,140,89,169,121,254,253,254,253,255,16,136,36,32,17,81,89,2,66,168,254,140,254,223,255,223,255,159,239,159,6,0,4,12,0,12,0,136,128,112,104,200,0,208,0,62,0,2,254,6,254,7,0,0,0,0,36,6,130,6,0,0,0,0,0,1,9,2,8,224,0,0,16,0,0,16,60,255,0,0,0,0,0,0,0,0,0,0,0,0,0,0,0,0,198,252,118,251,54,251,250,250,98,249,38,255,32,255,70,255
2026-08-03_15-49-30,1,961,0,0.0,0,10.0,2,2,2,0,251,255,0,0,24,1,84,41,55,9,68,255,255,255,0,255,0,140,89,169,121,254,253,254,253,255,16,136,36,32,17,81,89,2,66,168,254,140,254,223,255,223,255,159,239,159,6,0,4,12,0,12,0,136,128,112,104,200,0,208,0,62,0,2,254,6,254,7,0,0,0,0,36,6,130,6,0,0,0,0,0,1,9,2,8,224,0,0,16,0,0,16,60,255,0,0,0,0,0,0,0,0,0,0,0,0,0,0,0,0,198,252,118,251,54,251,250,250,98,249,38,255,32,255,70,255,2,0,183,255,0,0,28,1,86,41,57,9,68,255,255,255,0,255,0,114,89,143,121,254,253,254,253,255,16,136,36,32,17,81,89,2,66,143,254,133,254,223,255,223,255,159,239,159,11,2,4,12,0,12,0,136,128,112,104,232,0,144,0,58,0,2,254,6,254,5,0,0,0,0,36,6,130,6,0,0,0,0,0,1,9,2,8,224,0,0,16,0,0,16,60,255,0,0,0,0,0,0,0,0,0,0,0,0,0,0,0,0,198,252,118,251,54,251,250,250,98,249,38,255,32,255,70,255
2026-08-03_15-49-30,1,962,0,0.0,0,10.0,2,2,2,0,183,255,0,0,28,1,86,41,57,9,68,255,255,255,0,255,0,114,89,143,121,254,253,254,253,255,16,136,36,32,17,81,89,2,66,143,254,133,254,223,255,223,255,159,239,159,11,2,4,12,0,12,0,136,128,112,104,232,0,144,0,58,0,2,254,6,254,5,0,0,0,0,36,6,130,6,0,0,0,0,0,1,9,2,8,224,0,0,16,0,0,16,60,255,0,0,0,0,0,0,0,0,0,0,0,0,0,0,0,0,198,252,118,251,54,251,250,250,98,249,38,255,32,255,70,255,2,0,122,255,0,0,32,1,89,41,59,9,68,255,255,255,0,255,0,136,89,166,121,254,253,254,253,255,16,136,36,32,17,81,89,2,66,166,254,133,254,223,255,223,255,159,239,159,11,2,4,12,0,12,0,136,128,112,104,8,0,80,0,54,0,2,254,6,254,3,0,0,0,0,36,6,130,6,0,0,0,0,0,1,9,2,8,224,0,0,16,0,0,16,60,255,0,0,0,0,0,0,0,0,0,0,0,0,0,0,0,0,198,252,118,251,54,251,250,250,98,249,38,255,32,255,70,255
2026-08-03_15-49-30,1,963,0,0.0,0,10.0,2,2,2,0,122,255,0,0,32,1,89,41,59,9,68,255,255,255,0,255,0,136,89,166,121,254,253,254,253,255,16,136,36,32,17,81,89,2,66,166,254,133,254,223,255,223,255,159,239,159,11,2,4,12,0,12,0,136,128,112,104,8,0,80,0,54,0,2,254,6,254,3,0,0,0,0,36,6,130,6,0,0,0,0,0,1,9,2,8,224,0,0,16,0,0,16,60,255,0,0,0,0,0,0,0,0,0,0,0,0,0,0,0,0,198,252,118,251,54,251,250,250,98,249,38,255,32,255,70,255,2,0,174,255,0,0,36,1,91,41,61,9,68,255,255,255,0,255,0,110,89,140,121,254,253,254,253,255,16,136,36,32,17,81,89,2,66,160,254,133,254,223,255,223,255,159,239,159,6,0,4,12,0,12,0,136,128,112,104,40,0,16,0,50,0,2,254,6,254,1,0,0,0,0,36,6,130,6,0,0,0,0,0,1,9,2,8,224,0,0,16,0,0,16,60,255,0,0,0,0,0,0,0,0,0,0,0,0,0,0,0,0,198,252,118,251,54,251,250,250,98,249,38,255,32,255,70,255
2026-08-03_15-49-30,1,964,0,0.0,0,10.0,2,2,2,0,174,255,0,0,36,1,91,41,61,9,68,255,255,255,0,255,0,110,89,140,121,254,253,254,253,255,16,136,36,32,17,81,89,2,66,160,254,133,254,223,255,223,255,159,239,159,6,0,4,12,0,12,0,136,128,112,104,40,0,16,0,50,0,2,254,6,254,1,0,0,0,0,36,6,130,6,0,0,0,0,0,1,9,2,8,224,0,0,16,0,0,16,60,255,0,0,0,0,0,0,0,0,0,0,0,0,0,0,0,0,198,252,118,251,54,251,250,250,98,249,38,255,32,255,70,255,2,0,232,255,0,0,40,1,93,41,62,9,68,255,255,255,0,255,0,132,89,162,121,254,253,254,253,255,16,136,36,32,17,81,89,2,66,160,254,132,254,223,255,223,255,159,239,159,6,0,4,12,0,12,0,136,128,112,104,72,0,208,0,46,0,2,254,6,254,7,0,0,0,0,36,6,130,6,0,0,0,0,0,1,9,2,8,224,0,0,16,0,0,16,60,255,0,0,0,0,0,0,0,0,0,0,0,0,0,0,0,0,198,252,118,251,54,251,250,250,98,249,38,255,32,255,70,255
2026-08-03_15-49-30,1,965,0,0.0,0,10.0,2,2,2,0,232,255,0,0,40,1,93,41,62,9,68,255,255,255,0,255,0,132,89,162,121,254,253,254,253,255,16,136,36,32,17,81,89,2,66,160,254,132,254,223,255,223,255,159,239,159,6,0,4,12,0,12,0,136,128,112,104,72,0,208,0,46,0,2,254,6,254,7,0,0,0,0,36,6,130,6,0,0,0,0,0,1,9,2,8,224,0,0,16,0,0,16,60,255,0,0,0,0,0,0,0,0,0,0,0,0,0,0,0,0,198,252,118,251,54,251,250,250,98,249,38,255,32,255,70,255,2,0,136,255,0,0,44,1,95,41,64,9,68,255,255,255,0,255,0,106,89,136,121,254,253,254,253,255,16,136,36,32,17,81,89,2,66,136,254,125,254,223,255,223,255,159,239,159,6,0,4,12,0,12,0,136,128,112,104,104,0,144,0,42,0,2,254,6,254,5,0,0,0,0,36,6,130,6,0,0,0,0,0,1,9,2,8,224,0,0,16,0,0,16,60,255,0,0,0,0,0,0,0,0,0,0,0,0,0,0,0,0,198,252,118,251,54,251,250,250,98,249,38,255,32,255,70,255
2026-08-03_15-49-30,1,966,0,0.0,0,10.0,2,2,2,0,136,255,0,0,44,1,95,41,64,9,68,255,255,255,0,255,0,106,89,136,121,254,253,254,253,255,16,136,36,32,17,81,89,2,66,136,254,125,254,223,255,223,255,159,239,159,6,0,4,12,0,12,0,136,128,112,104,104,0,144,0,42,0,2,254,6,254,5,0,0,0,0,36,6,130,6,0,0,0,0,0,1,9,2,8,224,0,0,16,0,0,16,60,255,0,0,0,0,0,0,0,0,0,0,0,0,0,0,0,0,198,252,118,251,54,251,250,250,98,249,38,255,32,255,70,255,2,0,134,255,0,0,48,1,97,41,66,9,68,255,255,255,0,255,0,127,89,159,121,254,253,254,253,255,16,136,36,32,17,81,89,2,66,159,254,125,254,223,255,223,255,159,239,159,11,2,4,12,0,12,0,136,128,112,104,0,0,80,0,38,0,2,254,6,254,3,0,0,0,0,36,6,130,6,0,0,0,0,0,1,9,2,8,224,0,0,16,0,0,16,60,255,0,0,0,0,0,0,0,0,0,0,0,0,0,0,0,0,198,252,118,251,54,251,250,250,98,249,38,255,32,255,70,255
2026-08-03_15-49-30,1,967,0,0.0,0,10.0,2,2,2,0,134,255,0,0,48,1,97,41,66,9,68,255,255,255,0,255,0,127,89,159,121,254,253,254,253,255,16,136,36,32,17,81,89,2,66,159,254,125,254,223,255,223,255,159,239,159,11,2,4,12,0,12,0,136,128,112,104,0,0,80,0,38,0,2,254,6,254,3,0,0,0,0,36,6,130,6,0,0,0,0,0,1,9,2,8,224,0,0,16,0,0,16,60,255,0,0,0,0,0,0,0,0,0,0,0,0,0,0,0,0,198,252,118,251,54,251,250,250,98,249,38,255,32,255,70,255,2,0,108,255,0,0,52,1,97,41,68,9,68,255,255,255,0,255,0,103,89,133,121,254,253,254,253,255,16,136,36,32,17,81,89,2,66,152,254,125,254,223,255,223,255,159,239,159,5,0,4,12,0,12,0,136,128,112,104,0,0,16,0,34,0,2,254,6,254,1,0,0,0,0,36,6,130,6,0,0,0,0,0,1,9,2,8,224,0,0,16,0,0,16,60,255,0,0,0,0,0,0,0,0,0,0,0,0,0,0,0,0,198,252,118,251,54,251,250,250,98,249,38,255,32,255,70,255
2026-08-03_15-49-30,1,968,0,0.0,0,10.0,2,2,2,0,108,255,0,0,52,1,97,41,68,9,68,255,255,255,0,255,0,103,89,133,121,254,253,254,253,255,16,136,36,32,17,81,89,2,66,152,254,125,254,223,255,223,255,159,239,159,5,0,4,12,0,12,0,136,128,112,104,0,0,16,0,34,0,2,254,6,254,1,0,0,0,0,36,6,130,6,0,0,0,0,0,1,9,2,8,224,0,0,16,0,0,16,60,255,0,0,0,0,0,0,0,0,0,0,0,0,0,0,0,0,198,252,118,251,54,251,250,250,98,249,38,255,32,255,70,255,2,0,199,255,0,0,56,1,97,41,69,9,68,255,255,255,0,255,0,127,89,155,121,254,253,254,253,255,16,136,36,32,17,81,89,2,66,152,254,125,254,223,255,223,255,159,239,159,5,0,4,12,0,12,0,136,128,112,104,0,0,208,0,30,0,2,254,6,254,7,0,0,0,0,36,6,130,6,0,0,0,0,0,1,9,2,8,224,0,0,16,0,0,16,60,255,0,0,0,0,0,0,0,0,0,0,0,0,0,0,0,0,198,252,118,251,54,251,250,250,98,249,38,255,32,255,70,255
2026-08-03_15-49-30,1,969,0,0.0,0,10.0,2,2,2,0,199,255,0,0,56,1,97,41,69,9,68,255,255,255,0,255,0,127,89,155,121,254,253,254,253,255,16,136,36,32,17,81,89,2,66,152,254,125,254,223,255,223,255,159,239,159,5,0,4,12,0,12,0,136,128,112,104,0,0,208,0,30,0,2,254,6,254,7,0,0,0,0,36,6,130,6,0,0,0,0,0,1,9,2,8,224,0,0,16,0,0,16,60,255,0,0,0,0,0,0,0,0,0,0,0,0,0,0,0,0,198,252,118,251,54,251,250,250,98,249,38,255,32,255,70,255,2,0,121,255,0,0,60,1,97,41,71,9,68,255,255,255,0,255,0,103,89,129,121,254,253,254,253,255,16,136,36,32,17,81,89,2,66,152,254,125,254,223,255,223,255,159,239,159,5,0,4,12,0,12,0,136,128,112,104,0,0,144,0,26,0,2,254,6,254,5,0,0,0,0,36,6,130,6,0,0,0,0,0,1,9,2,8,224,0,0,16,0,0,16,60,255,0,0,0,0,0,0,0,0,0,0,0,0,0,0,0,0,198,252,118,251,54,251,250,250,98,249,38,255,32,255,70,255
2026-08-03_15-49-30,1,970,0,0.0,0,10.0,2,2,2,0,121,255,0,0,60,1,97,41,71,9,68,255,255,255,0,255,0,103,89,129,121,254,253,254,253,255,16,136,36,32,17,81,89,2,66,152,254,125,254,223,255,223,255,159,239,159,5,0,4,12,0,12,0,136,128,112,104,0,0,144,0,26,0,2,254,6,254,5,0,0,0,0,36,6,130,6,0,0,0,0,0,1,9,2,8,224,0,0,16,0,0,16,60,255,0,0,0,0,0,0,0,0,0,0,0,0,0,0,0,0,198,252,118,251,54,251,250,250,98,249,38,255,32,255,70,255,2,0,156,255,0,0,64,1,97,41,73,9,68,255,255,255,0,255,0,127,89,152,121,254,253,254,253,255,16,136,36,32,17,81,89,2,66,152,254,125,254,223,255,223,255,159,239,159,5,0,4,12,0,12,0,136,128,112,104,0,0,80,0,22,0,2,254,6,254,3,0,0,0,0,36,6,130,6,0,0,0,0,0,1,9,2,8,224,0,0,16,0,0,16,60,255,0,0,0,0,0,0,0,0,0,0,0,0,0,0,0,0,198,252,118,251,54,251,250,250,98,249,38,255,32,255,70,255
2026-08-03_15-49-30,1,971,0,0.0,0,10.0,2,2,2,0,156,255,0,0,64,1,97,41,73,9,68,255,255,255,0,255,0,127,89,152,121,254,253,254,253,255,16,136,36,32,17,81,89,2,66,152,254,125,254,223,255,223,255,159,239,159,5,0,4,12,0,12,0,136,128,112,104,0,0,80,0,22,0,2,254,6,254,3,0,0,0,0,36,6,130,6,0,0,0,0,0,1,9,2,8,224,0,0,16,0,0,16,60,255,0,0,0,0,0,0,0,0,0,0,0,0,0,0,0,0,198,252,118,251,54,251,250,250,98,249,38,255,32,255,70,255,2,0,204,255,0,0,68,1,97,41,73,9,68,255,255,255,0,255,0,103,89,115,121,254,253,254,253,255,16,136,34,32,17,81,89,34,66,115,254,125,254,223,255,191,255,159,126,159,5,0,4,12,0,0,0,136,128,112,104,0,0,160,0,18,0,2,254,6,254,1,0,0,0,0,36,6,130,6,0,0,0,0,0,1,9,2,8,224,0,0,16,0,0,16,60,255,0,0,0,0,0,0,0,0,0,0,0,0,0,0,0,0,42,252,140,251,54,251,250,250,98,249,38,255,32,255,70,255
2026-08-03_15-49-30,1,972,0,0.0,0,10.0,2,2,2,0,204,255,0,0,68,1,97,41,73,9,68,255,255,255,0,255,0,103,89,115,121,254,253,254,253,255,16,136,34,32,17,81,89,34,66,115,254,125,254,223,255,191,255,159,126,159,5,0,4,12,0,0,0,136,128,112,104,0,0,160,0,18,0,2,254,6,254,1,0,0,0,0,36,6,130,6,0,0,0,0,0,1,9,2,8,224,0,0,16,0,0,16,60,255,0,0,0,0,0,0,0,0,0,0,0,0,0,0,0,0,42,252,140,251,54,251,250,250,98,249,38,255,32,255,70,255,2,0,197,255,0,0,72,1,97,41,73,9,68,255,255,255,0,255,0,127,89,139,121,254,253,254,253,255,16,136,32,32,17,81,89,50,66,139,254,125,254,223,255,191,255,159,126,159,5,0,4,12,0,0,0,136,128,112,104,0,0,96,0,14,0,2,254,6,254,7,0,0,0,0,36,6,130,6,0,0,0,0,0,1,9,2,8,224,0,0,16,0,0,16,60,255,0,0,0,0,0,0,0,0,0,0,0,0,0,0,0,0,42,252,140,251,54,251,250,250,98,249,38,255,32,255,70,255
2026-08-03_15-49-30,1,973,0,0.0,0,10.0,2,2,2,0,197,255,0,0,72,1,97,41,73,9,68,255,255,255,0,255,0,127,89,139,121,254,253,254,253,255,16,136,32,32,17,81,89,50,66,139,254,125,254,223,255,191,255,159,126,159,5,0,4,12,0,0,0,136,128,112,104,0,0,96,0,14,0,2,254,6,254,7,0,0,0,0,36,6,130,6,0,0,0,0,0,1,9,2,8,224,0,0,16,0,0,16,60,255,0,0,0,0,0,0,0,0,0,0,0,0,0,0,0,0,42,252,140,251,54,251,250,250,98,249,38,255,32,255,70,255,2,0,90,255,0,0,76,1,97,41,73,9,68,255,255,255,0,255,0,103,89,115,121,254,253,254,253,255,16,136,30,32,17,81,89,82,66,115,254,125,254,223,255,191,255,159,126,159,5,0,4,12,0,0,0,136,128,112,104,0,0,32,0,10,0,2,254,6,254,5,0,0,0,0,36,6,130,6,0,0,0,0,0,1,9,2,8,224,0,0,16,0,0,16,60,255,0,0,0,0,0,0,0,0,0,0,0,0,0,0,0,0,42,252,140,251,54,251,250,250,98,249,38,255,32,255,70,255
2026-08-03_15-49-30,1,974,0,0.0,0,10.0,2,2,2,0,90,255,0,0,76,1,97,41,73,9,68,255,255,255,0,255,0,103,89,115,121,254,253,254,253,255,16,136,30,32,17,81,89,82,66,115,254,125,254,223,255,191,255,159,126,159,5,0,4,12,0,0,0,136,128,112,104,0,0,32,0,10,0,2,254,6,254,5,0,0,0,0,36,6,130,6,0,0,0,0,0,1,9,2,8,224,0,0,16,0,0,16,60,255,0,0,0,0,0,0,0,0,0,0,0,0,0,0,0,0,42,252,140,251,54,251,250,250,98,249,38,255,32,255,70,255,2,0,164,255,0,0,80,1,97,41,73,9,68,255,255,255,0,255,0,127,89,139,121,254,253,254,253,255,16,136,29,32,17,81,89,114,66,139,254,125,254,223,255,191,255,159,126,159,5,0,4,12,0,0,0,136,128,112,104,0,0,224,0,6,0,2,254,6,254,3,0,0,0,0,36,6,130,6,0,0,0,0,0,1,9,2,8,224,0,0,16,0,0,16,60,255,0,0,0,0,0,0,0,0,0,0,0,0,0,0,0,0,42,252,140,251,54,251,250,250,98,249,38,255,32,255,70,255
2026-08-03_15-49-30,1,975,0,0.0,0,10.0,2,2,2,0,164,255,0,0,80,1,97,41,73,9,68,255,255,255,0,255,0,127,89,139,121,254,253,254,253,255,16,136,29,32,17,81,89,114,66,139,254,125,254,223,255,191,255,159,126,159,5,0,4,12,0,0,0,136,128,112,104,0,0,224,0,6,0,2,254,6,254,3,0,0,0,0,36,6,130,6,0,0,0,0,0,1,9,2,8,224,0,0,16,0,0,16,60,255,0,0,0,0,0,0,0,0,0,0,0,0,0,0,0,0,42,252,140,251,54,251,250,250,98,249,38,255,32,255,70,255,2,0,69,255,0,0,84,1,97,41,74,9,68,255,255,255,0,255,0,103,89,126,121,254,253,254,253,255,16,136,28,32,17,81,89,145,66,126,254,125,254,223,255,223,255,159,239,159,5,0,4,12,0,12,0,136,128,112,104,0,0,160,0,2,0,2,254,6,254,1,0,0,0,0,36,6,130,6,0,0,0,0,0,1,9,2,8,224,0,0,16,0,0,16,60,255,0,0,0,0,0,0,0,0,0,0,0,0,0,0,0,0,198,252,118,251,54,251,250,250,98,249,38,255,32,255,70,255
2026-08-03_15-49-30,1,976,0,0.0,0,10.0,2,2,2,0,69,255,0,0,84,1,97,41,74,9,68,255,255,255,0,255,0,103,89,126,121,254,253,254,253,255,16,136,28,32,17,81,89,145,66,126,254,125,254,223,255,223,255,159,239,159,5,0,4,12,0,12,0,136,128,112,104,0,0,160,0,2,0,2,254,6,254,1,0,0,0,0,36,6,130,6,0,0,0,0,0,1,9,2,8,224,0,0,16,0,0,16,60,255,0,0,0,0,0,0,0,0,0,0,0,0,0,0,0,0,198,252,118,251,54,251,250,250,98,249,38,255,32,255,70,255,2,0,82,255,0,0,88,1,97,41,76,9,0,255,255,255,0,255,0,127,89,149,121,254,253,254,253,255,16,136,28,32,17,81,89,145,66,149,254,125,254,223,255,223,255,159,239,159,5,0,4,12,0,12,0,136,128,112,104,0,0,96,0,0,0,2,254,6,254,0,0,0,0,0,36,6,130,6,0,0,0,0,0,1,9,2,8,224,0,0,16,0,0,16,60,255,0,0,0,0,0,0,0,0,0,0,0,0,0,0,0,0,198,252,118,251,54,251,250,250,98,249,38,255,32,255,70,255
2026-08-03_15-49-30,1,977,0,0.0,0,10.0,2,2,2,0,82,255,0,0,88,1,97,41,76,9,0,255,255,255,0,255,0,127,89,149,121,254,253,254,253,255,16,136,28,32,17,81,89,145,66,149,254,125,254,223,255,223,255,159,239,159,5,0,4,12,0,12,0,136,128,112,104,0,0,96,0,0,0,2,254,6,254,0,0,0,0,0,36,6,130,6,0,0,0,0,0,1,9,2,8,224,0,0,16,0,0,16,60,255,0,0,0,0,0,0,0,0,0,0,0,0,0,0,0,0,198,252,118,251,54,251,250,250,98,249,38,255,32,255,70,255,2,0,42,255,0,0,92,1,97,41,78,9,0,255,255,255,0,255,0,103,89,123,121,254,253,254,253,255,16,136,28,32,17,81,89,145,66,144,254,125,254,223,255,223,255,159,239,159,5,0,4,12,0,12,0,136,128,112,104,0,0,32,0,0,0,2,254,6,254,0,0,0,0,0,36,6,130,6,0,0,0,0,0,1,9,2,8,224,0,0,16,0,0,16,60,255,0,0,0,0,0,0,0,0,0,0,0,0,0,0,0,0,198,252,118,251,54,251,250,250,98,249,38,255,32,255,70,255
2026-08-03_15-49-30,1,978,0,0.0,0,10.0,2,2,2,0,42,255,0,0,92,1,97,41,78,9,0,255,255,255,0,255,0,103,89,123,121,254,253,254,253,255,16,136,28,32,17,81,89,145,66,144,254,125,254,223,255,223,255,159,239,159,5,0,4,12,0,12,0,136,128,112,104,0,0,32,0,0,0,2,254,6,254,0,0,0,0,0,36,6,130,6,0,0,0,0,0,1,9,2,8,224,0,0,16,0,0,16,60,255,0,0,0,0,0,0,0,0,0,0,0,0,0,0,0,0,198,252,118,251,54,251,250,250,98,249,38,255,32,255,70,255,2,0,167,255,0,0,96,1,97,41,79,9,0,255,255,255,0,255,0,127,89,145,121,254,253,254,253,255,16,136,28,32,17,81,89,145,66,144,254,125,254,223,255,223,255,159,239,159,5,0,4,12,0,12,0,136,128,112,104,0,0,224,0,0,0,2,254,6,254,0,0,0,0,0,36,6,130,6,0,0,0,0,0,1,9,2,8,224,0,0,16,0,0,16,60,255,0,0,0,0,0,0,0,0,0,0,0,0,0,0,0,0,198,252,118,251,54,251,250,250,98,249,38,255,32,255,70,255
2026-08-03_15-49-30,1,979,0,0.0,0,10.0,2,2,2,0,167,255,0,0,96,1,97,41,79,9,0,255,255,255,0,255,0,127,89,145,121,254,253,254,253,255,16,136,28,32,17,81,89,145,66,144,254,125,254,223,255,223,255,159,239,159,5,0,4,12,0,12,0,136,128,112,104,0,0,224,0,0,0,2,254,6,254,0,0,0,0,0,36,6,130,6,0,0,0,0,0,1,9,2,8,224,0,0,16,0,0,16,60,255,0,0,0,0,0,0,0,0,0,0,0,0,0,0,0,0,198,252,118,251,54,251,250,250,98,249,38,255,32,255,70,255,2,0,119,255,0,0,100,1,97,41,81,9,0,255,255,255,0,255,0,103,89,119,121,254,253,254,253,255,16,136,28,32,17,81,89,145,66,119,254,125,254,223,255,223,255,159,239,159,9,2,4,12,0,12,0,136,128,112,104,0,0,160,0,0,0,2,254,6,254,0,0,0,0,0,36,6,130,6,0,0,0,0,0,1,9,2,8,224,0,0,16,0,0,16,60,255,0,0,0,0,0,0,0,0,0,0,0,0,0,0,0,0,198,252,118,251,54,251,250,250,98,249,38,255,32,255,70,255
2026-08-03_15-49-30,1,980,0,0.0,0,10.0,2,2,2,0,119,255,0,0,100,1,97,41,81,9,0,255,255,255,0,255,0,103,89,119,121,254,253,254,253,255,16,136,28,32,17,81,89,145,66,119,254,125,254,223,255,223,255,159,239,159,9,2,4,12,0,12,0,136,128,112,104,0,0,160,0,0,0,2,254,6,254,0,0,0,0,0,36,6,130,6,0,0,0,0,0,1,9,2,8,224,0,0,16,0,0,16,60,255,0,0,0,0,0,0,0,0,0,0,0,0,0,0,0,0,198,252,118,251,54,251,250,250,98,249,38,255,32,255,70,255,2,0,118,255,0,0,104,1,97,41,83,9,0,255,255,255,0,255,0,127,89,142,121,254,253,254,253,255,16,136,28,32,17,81,89,145,66,142,254,125,254,223,255,223,255,159,239,159,5,0,4,12,0,12,0,136,128,112,104,0,0,96,0,0,0,2,254,6,254,0,0,0,0,0,36,6,130,6,0,0,0,0,0,1,9,2,8,224,0,0,16,0,0,16,60,255,0,0,0,0,0,0,0,0,0,0,0,0,0,0,0,0,198,252,118,251,54,251,250,250,98,249,38,255,32,255,70,255
2026-08-03_15-49-30,1,981,0,0.0,0,10.0,2,2,2,0,118,255,0,0,104,1,97,41,83,9,0,255,255,255,0,255,0,127,89,142,121,254,253,254,253,255,16,136,28,32,17,81,89,145,66,142,254,125,254,223,255,223,255,159,239,159,5,0,4,12,0,12,0,136,128,112,104,0,0,96,0,0,0,2,254,6,254,0,0,0,0,0,36,6,130,6,0,0,0,0,0,1,9,2,8,224,0,0,16,0,0,16,60,255,0,0,0,0,0,0,0,0,0,0,0,0,0,0,0,0,198,252,118,251,54,251,250,250,98,249,38,255,32,255,70,255,2,0,103,255,0,0,108,1,97,41,85,9,0,255,255,255,0,255,0,103,89,116,121,254,253,254,253,255,16,136,28,32,17,81,89,145,66,136,254,125,254,223,255,223,255,159,239,159,5,0,4,12,0,12,0,136,128,112,104,0,0,32,0,0,0,2,254,6,254,0,0,0,0,0,36,6,130,6,0,0,0,0,0,1,9,2,8,224,0,0,16,0,0,16,60,255,0,0,0,0,0,0,0,0,0,0,0,0,0,0,0,0,198,252,118,251,54,251,250,250,98,249,38,255,32,255,70,255
2026-08-03_15-49-30,1,982,0,0.0,0,10.0,2,2,2,0,103,255,0,0,108,1,97,41,85,9,0,255,255,255,0,255,0,103,89,116,121,254,253,254,253,255,16,136,28,32,17,81,89,145,66,136,254,125,254,223,255,223,255,159,239,159,5,0,4,12,0,12,0,136,128,112,104,0,0,32,0,0,0,2,254,6,254,0,0,0,0,0,36,6,130,6,0,0,0,0,0,1,9,2,8,224,0,0,16,0,0,16,60,255,0,0,0,0,0,0,0,0,0,0,0,0,0,0,0,0,198,252,118,251,54,251,250,250,98,249,38,255,32,255,70,255,2,0,123,255,0,0,112,1,97,41,86,9,0,255,255,255,0,255,0,127,89,138,121,254,253,254,253,255,16,136,28,32,17,81,89,145,66,136,254,125,254,223,255,223,255,159,239,159,5,0,4,12,0,12,0,136,128,112,104,0,0,224,0,0,0,2,254,6,254,0,0,0,0,0,36,6,130,6,0,0,0,0,0,1,9,2,8,224,0,0,16,0,0,16,60,255,0,0,0,0,0,0,0,0,0,0,0,0,0,0,0,0,198,252,118,251,54,251,250,250,98,249,38,255,32,255,70,255
2026-08-03_15-49-30,1,983,0,0.0,0,10.0,2,2,2,0,123,255,0,0,112,1,97,41,86,9,0,255,255,255,0,255,0,127,89,138,121,254,253,254,253,255,16,136,28,32,17,81,89,145,66,136,254,125,254,223,255,223,255,159,239,159,5,0,4,12,0,12,0,136,128,112,104,0,0,224,0,0,0,2,254,6,254,0,0,0,0,0,36,6,130,6,0,0,0,0,0,1,9,2,8,224,0,0,16,0,0,16,60,255,0,0,0,0,0,0,0,0,0,0,0,0,0,0,0,0,198,252,118,251,54,251,250,250,98,249,38,255,32,255,70,255,2,0,191,255,0,0,116,1,97,41,88,9,0,255,255,255,0,255,0,103,89,112,121,254,253,254,253,255,16,136,28,32,17,81,89,145,66,112,254,125,254,223,255,223,255,159,239,159,5,0,4,12,0,12,0,136,128,112,104,0,0,160,0,0,0,2,254,6,254,0,0,0,0,0,36,6,130,6,0,0,0,0,0,1,9,2,8,224,0,0,16,0,0,16,60,255,0,0,0,0,0,0,0,0,0,0,0,0,0,0,0,0,198,252,118,251,54,251,250,250,98,249,38,255,32,255,70,255
2026-08-03_15-49-30,1,984,0,0.0,0,10.0,2,2,2,0,191,255,0,0,116,1,97,41,88,9,0,255,255,255,0,255,0,103,89,112,121,254,253,254,253,255,16,136,28,32,17,81,89,145,66,112,254,125,254,223,255,223,255,159,239,159,5,0,4,12,0,12,0,136,128,112,104,0,0,160,0,0,0,2,254,6,254,0,0,0,0,0,36,6,130,6,0,0,0,0,0,1,9,2,8,224,0,0,16,0,0,16,60,255,0,0,0,0,0,0,0,0,0,0,0,0,0,0,0,0,198,252,118,251,54,251,250,250,98,249,38,255,32,255,70,255,2,0,244,255,0,0,120,1,97,41,90,9,0,255,255,255,0,255,0,127,89,135,121,254,253,254,253,255,16,136,28,32,17,81,89,145,66,135,254,125,254,223,255,223,255,159,239,159,9,2,4,12,0,12,0,136,128,112,104,0,0,96,0,0,0,2,254,6,254,0,0,0,0,0,36,6,130,6,0,0,0,0,0,1,9,2,8,224,0,0,16,0,0,16,60,255,0,0,0,0,0,0,0,0,0,0,0,0,0,0,0,0,198,252,118,251,54,251,250,250,98,249,38,255,32,255,70,255
2026-08-03_15-49-30,1,985,0,0.0,0,10.0,2,2,2,0,244,255,0,0,120,1,97,41,90,9,0,255,255,255,0,255,0,127,89,135,121,254,253,254,253,255,16,136,28,32,17,81,89,145,66,135,254,125,254,223,255,223,255,159,239,159,9,2,4,12,0,12,0,136,128,112,104,0,0,96,0,0,0,2,254,6,254,0,0,0,0,0,36,6,130,6,0,0,0,0,0,1,9,2,8,224,0,0,16,0,0,16,60,255,0,0,0,0,0,0,0,0,0,0,0,0,0,0,0,0,198,252,118,251,54,251,250,250,98,249,38,255,32,255,70,255,2,0,76,255,0,0,124,1,97,41,92,9,0,255,255,255,0,255,0,103,89,109,121,254,253,254,253,255,16,136,28,32,17,81,89,145,66,128,254,125,254,223,255,223,255,159,239,159,5,0,4,12,0,12,0,136,128,112,104,0,0,32,0,0,0,2,254,6,254,0,0,0,0,0,36,6,130,6,0,0,0,0,0,1,9,2,8,224,0,0,16,0,0,16,60,255,0,0,0,0,0,0,0,0,0,0,0,0,0,0,0,0,198,252,118,251,54,251,250,250,98,249,38,255,32,255,70,255
2026-08-03_15-49-30,1,986,0,0.0,0,10.0,2,2,2,0,76,255,0,0,124,1,97,41,92,9,0,255,255,255,0,255,0,103,89,109,121,254,253,254,253,255,16,136,28,32,17,81,89,145,66,128,254,125,254,223,255,223,255,159,239,159,5,0,4,12,0,12,0,136,128,112,104,0,0,32,0,0,0,2,254,6,254,0,0,0,0,0,36,6,130,6,0,0,0,0,0,1,9,2,8,224,0,0,16,0,0,16,60,255,0,0,0,0,0,0,0,0,0,0,0,0,0,0,0,0,198,252,118,251,54,251,250,250,98,249,38,255,32,255,70,255,2,0,205,255,0,0,128,1,97,41,93,9,0,255,255,255,0,255,0,127,89,131,121,254,253,254,253,255,16,136,28,32,17,81,89,145,66,128,254,125,254,223,255,223,255,159,239,159,5,0,4,12,0,12,0,136,128,112,104,0,0,224,0,0,0,2,254,6,254,0,0,0,0,0,36,6,130,6,0,0,0,0,0,1,9,2,9,56,0,0,16,0,0,16,60,255,0,0,0,0,0,0,0,0,0,0,0,0,0,0,0,0,198,252,118,251,54,251,250,250,98,249,38,255,32,255,70,255
2026-08-03_15-49-30,1,987,0,0.0,0,10.0,2,2,2,0,205,255,0,0,128,1,97,41,93,9,0,255,255,255,0,255,0,127,89,131,121,254,253,254,253,255,16,136,28,32,17,81,89,145,66,128,254,125,254,223,255,223,255,159,239,159,5,0,4,12,0,12,0,136,128,112,104,0,0,224,0,0,0,2,254,6,254,0,0,0,0,0,36,6,130,6,0,0,0,0,0,1,9,2,9,56,0,0,16,0,0,16,60,255,0,0,0,0,0,0,0,0,0,0,0,0,0,0,0,0,198,252,118,251,54,251,250,250,98,249,38,255,32,255,70,255,2,0,212,255,0,0,132,1,97,41,95,9,0,255,255,255,0,255,0,103,89,105,121,254,253,254,253,255,16,136,28,32,17,81,89,145,66,128,254,125,254,223,255,223,255,159,239,159,5,0,4,12,0,12,0,136,128,112,104,0,0,160,0,0,0,2,254,6,254,0,0,0,0,0,36,6,130,6,0,0,0,0,0,1,9,2,9,56,0,0,16,0,0,16,60,255,0,0,0,0,0,0,0,0,0,0,0,0,0,0,0,0,198,252,118,251,54,251,250,250,98,249,38,255,32,255,70,255
2026-08-03_15-49-30,1,988,0,0.0,0,10.0,2,2,2,0,212,255,0,0,132,1,97,41,95,9,0,255,255,255,0,255,0,103,89,105,121,254,253,254,253,255,16,136,28,32,17,81,89,145,66,128,254,125,254,223,255,223,255,159,239,159,5,0,4,12,0,12,0,136,128,112,104,0,0,160,0,0,0,2,254,6,254,0,0,0,0,0,36,6,130,6,0,0,0,0,0,1,9,2,9,56,0,0,16,0,0,16,60,255,0,0,0,0,0,0,0,0,0,0,0,0,0,0,0,0,198,252,118,251,54,251,250,250,98,249,38,255,32,255,70,255,2,0,70,255,0,0,136,1,97,41,97,9,0,255,255,255,0,255,0,127,89,128,121,254,253,254,253,255,16,136,28,32,17,81,89,145,66,128,254,125,254,223,255,223,255,159,239,159,5,0,4,12,0,12,0,136,128,112,104,0,0,96,0,0,0,2,254,6,254,0,0,0,0,0,36,6,130,6,0,0,0,0,0,1,9,2,9,56,0,0,16,0,0,16,60,255,0,0,0,0,0,0,0,0,0,0,0,0,0,0,0,0,198,252,118,251,54,251,250,250,98,249,38,255,32,255,70,255
2026-08-03_15-49-30,1,989,0,0.0,0,10.0,2,2,2,0,70,255,0,0,136,1,97,41,97,9,0,255,255,255,0,255,0,127,89,128,121,254,253,254,253,255,16,136,28,32,17,81,89,145,66,128,254,125,254,223,255,223,255,159,239,159,5,0,4,12,0,12,0,136,128,112,104,0,0,96,0,0,0,2,254,6,254,0,0,0,0,0,36,6,130,6,0,0,0,0,0,1,9,2,9,56,0,0,16,0,0,16,60,255,0,0,0,0,0,0,0,0,0,0,0,0,0,0,0,0,198,252,118,251,54,251,250,250,98,249,38,255,32,255,70,255,2,0,96,255,0,0,140,1,97,41,97,9,0,255,255,255,0,255,0,103,89,91,121,254,253,254,253,255,16,136,26,32,17,81,89,177,66,91,254,125,254,223,255,191,255,175,126,175,5,0,4,12,0,0,0,136,128,112,104,0,0,176,0,0,0,2,254,6,254,0,0,0,0,0,36,6,130,6,0,0,0,0,0,1,9,2,9,56,0,0,16,0,0,16,60,255,0,0,0,0,0,0,0,0,0,0,0,0,0,0,0,0,42,252,140,251,54,251,250,250,98,249,38,255,32,255,70,255
2026-08-03_15-49-30,1,990,0,0.0,0,10.0,2,2,2,0,96,255,0,0,140,1,97,41,97,9,0,255,255,255,0,255,0,103,89,91,121,254,253,254,253,255,16,136,26,32,17,81,89,177,66,91,254,125,254,223,255,191,255,175,126,175,5,0,4,12,0,0,0,136,128,112,104,0,0,176,0,0,0,2,254,6,254,0,0,0,0,0,36,6,130,6,0,0,0,0,0,1,9,2,9,56,0,0,16,0,0,16,60,255,0,0,0,0,0,0,0,0,0,0,0,0,0,0,0,0,42,252,140,251,54,251,250,250,98,249,38,255,32,255,70,255,2,0,14,255,0,0,144,1,97,41,97,9,0,255,255,255,0,255,0,127,89,115,121,254,253,254,253,255,16,136,24,32,17,81,89,209,66,115,254,125,254,223,255,191,255,175,126,175,7,2,4,12,0,0,0,136,128,112,104,0,0,112,0,0,0,2,254,6,254,0,0,0,0,0,36,6,130,6,0,0,0,0,0,1,9,2,9,56,0,0,16,0,0,16,60,255,0,0,0,0,0,0,0,0,0,0,0,0,0,0,0,0,42,252,140,251,54,251,250,250,98,249,38,255,32,255,70,255
2026-08-03_15-49-30,1,991,0,0.0,0,10.0,2,2,2,0,14,255,0,0,144,1,97,41,97,9,0,255,255,255,0,255,0,127,89,115,121,254,253,254,253,255,16,136,24,32,17,81,89,209,66,115,254,125,254,223,255,191,255,175,126,175,7,2,4,12,0,0,0,136,128,112,104,0,0,112,0,0,0,2,254,6,254,0,0,0,0,0,36,6,130,6,0,0,0,0,0,1,9,2,9,56,0,0,16,0,0,16,60,255,0,0,0,0,0,0,0,0,0,0,0,0,0,0,0,0,42,252,140,251,54,251,250,250,98,249,38,255,32,255,70,255,2,0,234,255,0,0,148,1,97,41,97,9,92,255,255,255,0,255,0,103,89,91,121,254,253,254,253,255,16,136,22,32,17,81,89,225,66,91,254,125,254,223,255,191,255,175,126,175,5,0,4,12,0,0,0,136,128,112,104,0,0,48,0,83,0,2,254,6,254,0,0,0,0,0,36,6,130,6,0,0,0,0,0,1,9,2,9,184,0,0,16,0,0,16,60,255,0,0,0,0,0,0,0,0,0,0,0,0,0,0,0,0,42,252,140,251,54,251,250,250,98,249,38,255,32,255,70,255
2026-08-03_15-49-30,1,992,1,0.0,0,10.0,2,2,2,0,234,255,0,0,148,1,97,41,97,9,92,255,255,255,0,255,0,103,89,91,121,254,253,254,253,255,16,136,22,32,17,81,89,225,66,91,254,125,254,223,255,191,255,175,126,175,5,0,4,12,0,0,0,136,128,112,104,0,0,48,0,83,0,2,254,6,254,0,0,0,0,0,36,6,130,6,0,0,0,0,0,1,9,2,9,184,0,0,16,0,0,16,60,255,0,0,0,0,0,0,0,0,0,0,0,0,0,0,0,0,42,252,140,251,54,251,250,250,98,249,38,255,32,255,70,255,2,0,171,255,0,0,152,1,97,41,97,9,92,255,255,255,0,255,0,127,89,115,121,254,253,254,253,255,16,136,21,32,17,81,89,1,66,115,254,125,254,223,255,191,255,175,126,175,5,0,4,12,0,0,0,136,128,112,104,0,0,240,0,79,0,2,254,6,254,0,0,0,0,0,36,6,130,6,0,0,0,0,0,1,9,2,9,184,0,0,16,0,0,16,60,255,0,0,0,0,0,0,0,0,0,0,0,0,0,0,0,0,42,252,140,251,54,251,250,250,98,249,38,255,32,255,70,255
2026-08-03_15-49-30,1,993,1,0.0,0,10.0,2,2,2,0,171,255,0,0,152,1,97,41,97,9,92,255,255,255,0,255,0,127,89,115,121,254,253,254,253,255,16,136,21,32,17,81,89,1,66,115,254,125,254,223,255,191,255,175,126,175,5,0,4,12,0,0,0,136,128,112,104,0,0,240,0,79,0,2,254,6,254,0,0,0,0,0,36,6,130,6,0,0,0,0,0,1,9,2,9,184,0,0,16,0,0,16,60,255,0,0,0,0,0,0,0,0,0,0,0,0,0,0,0,0,42,252,140,251,54,251,250,250,98,249,38,255,32,255,70,255,2,0,190,255,0,0,156,1,98,41,97,9,92,255,255,255,0,255,0,44,89,91,121,253,253,254,253,255,16,136,20,32,17,81,89,17,66,91,254,125,254,255,255,191,255,175,3,175,5,0,4,12,0,0,0,136,128,112,104,0,0,96,0,75,0,2,254,6,254,0,0,0,0,0,36,6,130,6,197,0,0,0,0,1,9,2,9,184,0,0,16,0,0,16,60,255,200,0,0,0,0,0,0,0,0,0,0,0,0,0,0,0,42,252,140,251,150,255,150,255,150,255,38,255,32,255,70,255
2026-08-03_15-49-30,1,994,0,0.0,0,10.0,2,2,2,0,190,255,0,0,156,1,98,41,97,9,92,255,255,255,0,255,0,44,89,91,121,253,253,254,253,255,16,136,20,32,17,81,89,17,66,91,254,125,254,255,255,191,255,175,3,175,5,0,4,12,0,0,0,136,128,112,104,0,0,96,0,75,0,2,254,6,254,0,0,0,0,0,36,6,130,6,197,0,0,0,0,1,9,2,9,184,0,0,16,0,0,16,60,255,200,0,0,0,0,0,0,0,0,0,0,0,0,0,0,0,42,252,140,251,150,255,150,255,150,255,38,255,32,255,70,255,2,0,229,255,0,0,160,1,98,41,97,9,92,255,255,255,0,255,0,44,89,115,121,253,253,254,253,255,16,136,20,32,17,81,89,17,66,115,254,125,254,255,255,191,255,175,3,175,5,0,4,12,0,0,0,136,128,112,104,0,0,96,0,71,0,2,254,6,254,0,0,0,0,0,36,6,130,6,193,0,0,0,0,1,9,2,9,184,0,0,16,0,0,16,60,255,200,0,0,0,0,0,0,0,0,0,0,0,0,0,0,0,42,252,140,251,150,255,150,255,150,255,38,255,32,255,70,255
2026-08-03_15-49-30,1,995,0,0.0,0,10.0,2,2,2,0,229,255,0,0,160,1,98,41,97,9,92,255,255,255,0,255,0,44,89,115,121,253,253,254,253,255,16,136,20,32,17,81,89,17,66,115,254,125,254,255,255,191,255,175,3,175,5,0,4,12,0,0,0,136,128,112,104,0,0,96,0,71,0,2,254,6,254,0,0,0,0,0,36,6,130,6,193,0,0,0,0,1,9,2,9,184,0,0,16,0,0,16,60,255,200,0,0,0,0,0,0,0,0,0,0,0,0,0,0,0,42,252,140,251,150,255,150,255,150,255,38,255,32,255,70,255,2,0,80,255,0,0,164,1,98,41,97,9,92,255,255,255,0,255,0,44,89,91,121,253,253,254,253,255,16,136,20,32,17,81,89,17,66,91,254,125,254,255,255,191,255,175,3,175,5,0,4,12,0,0,0,136,128,112,104,0,0,96,0,67,0,2,254,6,254,0,0,0,0,0,36,6,130,6,189,0,0,0,0,1,9,2,9,184,0,0,16,0,0,16,60,255,200,0,0,0,0,0,0,0,0,0,0,0,0,0,0,0,42,252,140,251,150,255,150,255,150,255,38,255,32,255,70,255
2026-08-03_15-49-30,1,996,0,0.0,0,10.0,2,2,2,0,80,255,0,0,164,1,98,41,97,9,92,255,255,255,0,255,0,44,89,91,121,253,253,254,253,255,16,136,20,32,17,81,89,17,66,91,254,125,254,255,255,191,255,175,3,175,5,0,4,12,0,0,0,136,128,112,104,0,0,96,0,67,0,2,254,6,254,0,0,0,0,0,36,6,130,6,189,0,0,0,0,1,9,2,9,184,0,0,16,0,0,16,60,255,200,0,0,0,0,0,0,0,0,0,0,0,0,0,0,0,42,252,140,251,150,255,150,255,150,255,38,255,32,255,70,255,2,0,9,255,0,0,168,1,98,41,97,9,92,255,255,255,0,255,0,44,89,115,121,253,253,254,253,255,16,136,20,32,17,81,89,17,66,115,254,125,254,255,255,191,255,175,3,175,5,0,4,12,0,0,0,136,128,112,104,0,0,96,0,63,0,2,254,6,254,7,0,0,0,0,36,6,130,6,185,0,0,0,0,1,9,2,9,184,0,0,16,0,0,16,60,255,200,0,0,0,0,0,0,0,0,0,0,0,0,0,0,0,42,252,140,251,150,255,150,255,150,255,38,255,32,255,70,255
2026-08-03_15-49-30,1,997,0,0.0,0,10.0,2,2,2,0,9,255,0,0,168,1,98,41,97,9,92,255,255,255,0,255,0,44,89,115,121,253,253,254,253,255,16,136,20,32,17,81,89,17,66,115,254,125,254,255,255,191,255,175,3,175,5,0,4,12,0,0,0,136,128,112,104,0,0,96,0,63,0,2,254,6,254,7,0,0,0,0,36,6,130,6,185,0,0,0,0,1,9,2,9,184,0,0,16,0,0,16,60,255,200,0,0,0,0,0,0,0,0,0,0,0,0,0,0,0,42,252,140,251,150,255,150,255,150,255,38,255,32,255,70,255,2,0,159,255,0,0,172,1,98,41,97,9,92,255,255,255,0,255,0,44,89,91,121,253,253,254,253,255,16,136,20,32,17,81,89,17,66,91,254,125,254,255,255,191,255,175,3,175,5,0,4,12,0,0,0,136,128,112,104,0,0,96,0,59,0,2,254,6,254,5,0,0,0,0,36,6,130,6,181,0,0,0,0,1,9,2,9,184,0,0,16,0,0,16,60,255,200,0,0,0,0,0,0,0,0,0,0,0,0,0,0,0,42,252,140,251,150,255,150,255,150,255,38,255,32,255,70,255
2026-08-03_15-49-30,1,998,0,0.0,0,10.0,2,2,2,0,159,255,0,0,172,1,98,41,97,9,92,255,255,255,0,255,0,44,89,91,121,253,253,254,253,255,16,136,20,32,17,81,89,17,66,91,254,125,254,255,255,191,255,175,3,175,5,0,4,12,0,0,0,136,128,112,104,0,0,96,0,59,0,2,254,6,254,5,0,0,0,0,36,6,130,6,181,0,0,0,0,1,9,2,9,184,0,0,16,0,0,16,60,255,200,0,0,0,0,0,0,0,0,0,0,0,0,0,0,0,42,252,140,251,150,255,150,255,150,255,38,255,32,255,70,255,2,0,254,255,0,0,176,1,98,41,97,9,92,255,255,255,0,255,0,44,89,115,121,253,253,254,253,255,16,136,20,32,17,81,89,17,66,115,254,125,254,255,255,191,255,175,3,175,5,0,4,12,0,0,0,136,128,112,104,0,0,96,0,55,0,2,254,6,254,3,0,0,0,0,36,6,130,6,177,0,0,0,0,1,9,2,9,184,0,0,16,0,0,16,60,255,200,0,0,0,0,0,0,0,0,0,0,0,0,0,0,0,42,252,140,251,150,255,150,255,150,255,38,255,32,255,70,255
2026-08-03_15-49-30,1,999,0,0.0,0,10.0,2,2,2,0,254,255,0,0,176,1,98,41,97,9,92,255,255,255,0,255,0,44,89,115,121,253,253,254,253,255,16,136,20,32,17,81,89,17,66,115,254,125,254,255,255,191,255,175,3,175,5,0,4,12,0,0,0,136,128,112,104,0,0,96,0,55,0,2,254,6,254,3,0,0,0,0,36,6,130,6,177,0,0,0,0,1,9,2,9,184,0,0,16,0,0,16,60,255,200,0,0,0,0,0,0,0,0,0,0,0,0,0,0,0,42,252,140,251,150,255,150,255,150,255,38,255,32,255,70,255,2,0,225,255,0,0,180,1,98,41,97,9,92,255,255,255,0,255,0,44,89,91,121,253,253,254,253,255,16,136,20,32,17,81,89,17,66,91,254,125,254,255,255,191,255,175,3,175,5,0,4,12,0,0,0,136,128,112,104,0,0,96,0,51,0,2,254,6,254,1,0,0,0,0,36,6,130,6,173,0,0,0,0,1,9,2,9,184,0,0,16,0,0,16,60,255,200,0,0,0,0,0,0,0,0,0,0,0,0,0,0,0,42,252,140,251,150,255,150,255,150,255,38,255,32,255,70,255
2026-08-03_15-49-30,1,1000,0,0.0,0,10.0,2,2,2,0,225,255,0,0,180,1,98,41,97,9,92,255,255,255,0,255,0,44,89,91,121,253,253,254,253,255,16,136,20,32,17,81,89,17,66,91,254,125,254,255,255,191,255,175,3,175,5,0,4,12,0,0,0,136,128,112,104,0,0,96,0,51,0,2,254,6,254,1,0,0,0,0,36,6,130,6,173,0,0,0,0,1,9,2,9,184,0,0,16,0,0,16,60,255,200,0,0,0,0,0,0,0,0,0,0,0,0,0,0,0,42,252,140,251,150,255,150,255,150,255,38,255,32,255,70,255,2,0,23,255,0,0,184,1,98,41,97,9,92,255,255,255,0,255,0,44,89,115,121,253,253,254,253,255,16,136,20,32,17,81,89,17,66,115,254,125,254,255,255,191,255,175,3,175,5,0,4,12,0,0,0,136,128,112,104,0,0,96,0,47,0,2,254,6,254,7,0,0,0,0,36,6,130,6,169,0,0,0,0,1,9,2,9,184,0,0,16,0,0,16,60,255,200,0,0,0,0,0,0,0,0,0,0,0,0,0,0,0,42,252,140,251,150,255,150,255,150,255,38,255,32,255,70,255
2026-08-03_15-49-30,1,1001,0,0.0,0,10.0,2,2,2,0,23,255,0,0,184,1,98,41,97,9,92,255,255,255,0,255,0,44,89,115,121,253,253,254,253,255,16,136,20,32,17,81,89,17,66,115,254,125,254,255,255,191,255,175,3,175,5,0,4,12,0,0,0,136,128,112,104,0,0,96,0,47,0,2,254,6,254,7,0,0,0,0,36,6,130,6,169,0,0,0,0,1,9,2,9,184,0,0,16,0,0,16,60,255,200,0,0,0,0,0,0,0,0,0,0,0,0,0,0,0,42,252,140,251,150,255,150,255,150,255,38,255,32,255,70,255,2,0,120,255,0,0,188,1,98,41,97,9,92,255,255,255,0,255,0,44,89,91,121,253,253,254,253,255,16,136,20,32,17,81,89,17,66,91,254,125,254,255,255,191,255,175,3,175,5,0,4,12,0,0,0,136,128,112,104,0,0,96,0,43,0,2,254,6,254,5,0,0,0,0,36,6,130,6,165,0,0,0,0,1,9,2,9,184,0,0,16,0,0,16,60,255,200,0,0,0,0,0,0,0,0,0,0,0,0,0,0,0,42,252,140,251,150,255,150,255,150,255,38,255,32,255,70,255
2026-08-03_15-49-30,1,1002,0,0.0,0,10.0,2,2,2,0,120,255,0,0,188,1,98,41,97,9,92,255,255,255,0,255,0,44,89,91,121,253,253,254,253,255,16,136,20,32,17,81,89,17,66,91,254,125,254,255,255,191,255,175,3,175,5,0,4,12,0,0,0,136,128,112,104,0,0,96,0,43,0,2,254,6,254,5,0,0,0,0,36,6,130,6,165,0,0,0,0,1,9,2,9,184,0,0,16,0,0,16,60,255,200,0,0,0,0,0,0,0,0,0,0,0,0,0,0,0,42,252,140,251,150,255,150,255,150,255,38,255,32,255,70,255,2,0,141,255,0,0,192,1,98,41,97,9,92,255,255,255,0,255,0,44,89,115,121,253,253,254,253,255,16,136,20,32,17,81,89,17,66,115,254,125,254,255,255,191,255,175,3,175,5,0,4,12,0,0,0,136,128,112,104,0,0,96,0,39,0,2,254,6,254,3,0,0,0,0,36,6,130,6,161,0,0,0,0,1,9,2,9,184,0,0,16,0,0,16,60,255,200,0,0,0,0,0,0,0,0,0,0,0,0,0,0,0,42,252,140,251,150,255,150,255,150,255,38,255,32,255,70,255
2026-08-03_15-49-30,1,1003,0,0.0,0,10.0,2,2,2,0,141,255,0,0,192,1,98,41,97,9,92,255,255,255,0,255,0,44,89,115,121,253,253,254,253,255,16,136,20,32,17,81,89,17,66,115,254,125,254,255,255,191,255,175,3,175,5,0,4,12,0,0,0,136,128,112,104,0,0,96,0,39,0,2,254,6,254,3,0,0,0,0,36,6,130,6,161,0,0,0,0,1,9,2,9,184,0,0,16,0,0,16,60,255,200,0,0,0,0,0,0,0,0,0,0,0,0,0,0,0,42,252,140,251,150,255,150,255,150,255,38,255,32,255,70,255,2,0,208,255,0,0,196,1,98,41,97,9,92,255,255,255,0,255,0,44,89,91,121,253,253,254,253,255,16,136,20,32,17,81,89,17,66,91,254,125,254,255,255,191,255,175,3,175,5,0,4,12,0,0,0,136,128,112,104,0,0,96,0,35,0,2,254,6,254,1,0,0,0,0,36,6,130,6,157,0,0,0,0,1,9,2,9,184,0,0,16,0,0,16,60,255,200,0,0,0,0,0,0,0,0,0,0,0,0,0,0,0,42,252,140,251,150,255,150,255,150,255,38,255,32,255,70,255
2026-08-03_15-49-30,1,1004,0,0.0,0,10.0,2,2,2,0,208,255,0,0,196,1,98,41,97,9,92,255,255,255,0,255,0,44,89,91,121,253,253,254,253,255,16,136,20,32,17,81,89,17,66,91,254,125,254,255,255,191,255,175,3,175,5,0,4,12,0,0,0,136,128,112,104,0,0,96,0,35,0,2,254,6,254,1,0,0,0,0,36,6,130,6,157,0,0,0,0,1,9,2,9,184,0,0,16,0,0,16,60,255,200,0,0,0,0,0,0,0,0,0,0,0,0,0,0,0,42,252,140,251,150,255,150,255,150,255,38,255,32,255,70,255,2,0,1,255,0,0,200,1,98,41,97,9,92,255,255,255,0,255,0,44,89,115,121,253,253,254,253,255,16,136,20,32,17,81,89,17,66,115,254,125,254,255,255,191,255,175,3,175,5,0,4,12,0,0,0,136,128,112,104,0,0,96,0,31,0,2,254,6,254,7,0,0,0,0,36,6,130,6,153,0,0,0,0,1,9,2,9,184,0,0,16,0,0,16,60,255,200,0,0,0,0,0,0,0,0,0,0,0,0,0,0,0,42,252,140,251,150,255,150,255,150,255,38,255,32,255,70,255
2026-08-03_15-49-30,1,1005,0,0.0,0,10.0,2,2,2,0,1,255,0,0,200,1,98,41,97,9,92,255,255,255,0,255,0,44,89,115,121,253,253,254,253,255,16,136,20,32,17,81,89,17,66,115,254,125,254,255,255,191,255,175,3,175,5,0,4,12,0,0,0,136,128,112,104,0,0,96,0,31,0,2,254,6,254,7,0,0,0,0,36,6,130,6,153,0,0,0,0,1,9,2,9,184,0,0,16,0,0,16,60,255,200,0,0,0,0,0,0,0,0,0,0,0,0,0,0,0,42,252,140,251,150,255,150,255,150,255,38,255,32,255,70,255,2,0,17,255,0,0,204,1,98,41,97,9,92,255,255,255,0,255,0,44,89,91,121,253,253,254,253,255,16,136,20,32,17,81,89,17,66,91,254,125,254,255,255,191,255,175,3,175,5,0,4,12,0,0,0,136,128,112,104,0,0,96,0,27,0,2,254,6,254,5,0,0,0,0,36,6,130,6,149,0,0,0,0,1,9,2,9,184,0,0,16,0,0,16,60,255,200,0,0,0,0,0,0,0,0,0,0,0,0,0,0,0,42,252,140,251,150,255,150,255,150,255,38,255,32,255,70,255
2026-08-03_15-49-30,1,1006,0,0.0,0,10.0,2,2,2,0,17,255,0,0,204,1,98,41,97,9,92,255,255,255,0,255,0,44,89,91,121,253,253,254,253,255,16,136,20,32,17,81,89,17,66,91,254,125,254,255,255,191,255,175,3,175,5,0,4,12,0,0,0,136,128,112,104,0,0,96,0,27,0,2,254,6,254,5,0,0,0,0,36,6,130,6,149,0,0,0,0,1,9,2,9,184,0,0,16,0,0,16,60,255,200,0,0,0,0,0,0,0,0,0,0,0,0,0,0,0,42,252,140,251,150,255,150,255,150,255,38,255,32,255,70,255,2,0,28,255,0,0,208,1,98,41,97,9,92,255,255,255,0,255,0,44,89,115,121,253,253,254,253,255,16,136,20,32,17,81,89,17,66,115,254,125,254,255,255,191,255,175,3,175,5,0,4,12,0,0,0,136,128,112,104,0,0,96,0,23,0,2,254,6,254,3,0,0,0,0,36,6,130,6,145,0,0,0,0,1,9,2,9,184,0,0,16,0,0,16,60,255,200,0,0,0,0,0,0,0,0,0,0,0,0,0,0,0,42,252,140,251,150,255,150,255,150,255,38,255,32,255,70,255
2026-08-03_15-49-30,1,1007,0,0.0,0,10.0,2,2,2,0,28,255,0,0,208,1,98,41,97,9,92,255,255,255,0,255,0,44,89,115,121,253,253,254,253,255,16,136,20,32,17,81,89,17,66,115,254,125,254,255,255,191,255,175,3,175,5,0,4,12,0,0,0,136,128,112,104,0,0,96,0,23,0,2,254,6,254,3,0,0,0,0,36,6,130,6,145,0,0,0,0,1,9,2,9,184,0,0,16,0,0,16,60,255,200,0,0,0,0,0,0,0,0,0,0,0,0,0,0,0,42,252,140,251,150,255,150,255,150,255,38,255,32,255,70,255,2,0,196,255,0,0,212,1,98,41,97,9,92,255,255,255,0,255,0,44,89,91,121,253,253,254,253,255,16,136,20,32,17,81,89,17,66,91,254,125,254,255,255,191,255,175,3,175,5,0,4,12,0,0,0,136,128,112,104,0,0,96,0,19,0,2,254,6,254,1,0,0,0,0,36,6,130,6,141,0,0,0,0,1,9,2,9,184,0,0,16,0,0,16,60,255,200,0,0,0,0,0,0,0,0,0,0,0,0,0,0,0,42,252,140,251,150,255,150,255,150,255,38,255,32,255,70,255
2026-08-03_15-49-30,1,1008,0,0.0,0,10.0,2,2,2,0,196,255,0,0,212,1,98,41,97,9,92,255,255,255,0,255,0,44,89,91,121,253,253,254,253,255,16,136,20,32,17,81,89,17,66,91,254,125,254,255,255,191,255,175,3,175,5,0,4,12,0,0,0,136,128,112,104,0,0,96,0,19,0,2,254,6,254,1,0,0,0,0,36,6,130,6,141,0,0,0,0,1,9,2,9,184,0,0,16,0,0,16,60,255,200,0,0,0,0,0,0,0,0,0,0,0,0,0,0,0,42,252,140,251,150,255,150,255,150,255,38,255,32,255,70,255,2,0,75,255,0,0,216,1,98,41,97,9,92,255,255,255,0,255,0,44,89,115,121,253,253,254,253,255,16,136,20,32,17,81,89,17,66,115,254,125,254,255,255,191,255,175,3,175,5,0,4,12,0,0,0,136,128,112,104,0,0,96,0,15,0,2,254,6,254,7,0,0,0,0,36,6,130,6,137,0,0,0,0,1,9,2,9,184,0,0,16,0,0,16,60,255,200,0,0,0,0,0,0,0,0,0,0,0,0,0,0,0,42,252,140,251,150,255,150,255,150,255,38,255,32,255,70,255
2026-08-03_15-49-30,1,1009,0,0.0,0,10.0,2,2,2,0,75,255,0,0,216,1,98,41,97,9,92,255,255,255,0,255,0,44,89,115,121,253,253,254,253,255,16,136,20,32,17,81,89,17,66,115,254,125,254,255,255,191,255,175,3,175,5,0,4,12,0,0,0,136,128,112,104,0,0,96,0,15,0,2,254,6,254,7,0,0,0,0,36,6,130,6,137,0,0,0,0,1,9,2,9,184,0,0,16,0,0,16,60,255,200,0,0,0,0,0,0,0,0,0,0,0,0,0,0,0,42,252,140,251,150,255,150,255,150,255,38,255,32,255,70,255,2,0,184,255,0,0,220,1,98,41,97,9,92,255,255,255,0,255,0,44,89,91,121,253,253,254,253,255,16,136,20,32,17,81,89,17,66,91,254,125,254,255,255,191,255,175,3,175,5,0,4,12,0,0,0,136,128,112,104,0,0,96,0,11,0,2,254,6,254,5,0,0,0,0,36,6,130,6,133,0,0,0,0,1,9,2,9,184,0,0,16,0,0,16,60,255,200,0,0,0,0,0,0,0,0,0,0,0,0,0,0,0,42,252,140,251,150,255,150,255,150,255,38,255,32,255,70,255
2026-08-03_15-49-30,1,1010,0,0.0,0,10.0,2,2,2,0,184,255,0,0,220,1,98,41,97,9,92,255,255,255,0,255,0,44,89,91,121,253,253,254,253,255,16,136,20,32,17,81,89,17,66,91,254,125,254,255,255,191,255,175,3,175,5,0,4,12,0,0,0,136,128,112,104,0,0,96,0,11,0,2,254,6,254,5,0,0,0,0,36,6,130,6,133,0,0,0,0,1,9,2,9,184,0,0,16,0,0,16,60,255,200,0,0,0,0,0,0,0,0,0,0,0,0,0,0,0,42,252,140,251,150,255,150,255,150,255,38,255,32,255,70,255,2,0,129,255,0,0,224,1,98,41,97,9,92,255,255,255,0,255,0,44,89,115,121,253,253,254,253,255,16,136,20,32,17,81,89,17,66,115,254,125,254,255,255,191,255,175,3,175,5,0,4,12,0,0,0,136,128,112,104,0,0,96,0,7,0,2,254,6,254,3,0,0,0,0,36,6,130,6,129,0,0,0,0,1,9,2,9,184,0,0,16,0,0,16,60,255,200,0,0,0,0,0,0,0,0,0,0,0,0,0,0,0,42,252,140,251,150,255,150,255,150,255,38,255,32,255,70,255
2026-08-03_15-49-30,1,1011,0,0.0,0,10.0,2,2,2,0,129,255,0,0,224,1,98,41,97,9,92,255,255,255,0,255,0,44,89,115,121,253,253,254,253,255,16,136,20,32,17,81,89,17,66,115,254,125,254,255,255,191,255,175,3,175,5,0,4,12,0,0,0,136,128,112,104,0,0,96,0,7,0,2,254,6,254,3,0,0,0,0,36,6,130,6,129,0,0,0,0,1,9,2,9,184,0,0,16,0,0,16,60,255,200,0,0,0,0,0,0,0,0,0,0,0,0,0,0,0,42,252,140,251,150,255,150,255,150,255,38,255,32,255,70,255,2,0,25,255,0,0,228,1,98,41,97,9,92,255,255,255,0,255,0,44,89,91,121,253,253,254,253,255,16,136,20,32,17,81,89,17,66,91,254,125,254,255,255,191,255,175,3,175,5,0,4,12,0,0,0,136,128,112,104,0,0,96,0,3,0,2,254,6,254,1,0,0,0,0,36,6,130,6,125,0,0,0,0,1,9,2,9,184,0,0,16,0,0,16,60,255,200,0,0,0,0,0,0,0,0,0,0,0,0,0,0,0,42,252,140,251,150,255,150,255,150,255,38,255,32,255,70,255
2026-08-03_15-49-30,1,1012,0,0.0,0,10.0,2,2,2,0,25,255,0,0,228,1,98,41,97,9,92,255,255,255,0,255,0,44,89,91,121,253,253,254,253,255,16,136,20,32,17,81,89,17,66,91,254,125,254,255,255,191,255,175,3,175,5,0,4,12,0,0,0,136,128,112,104,0,0,96,0,3,0,2,254,6,254,1,0,0,0,0,36,6,130,6,125,0,0,0,0,1,9,2,9,184,0,0,16,0,0,16,60,255,200,0,0,0,0,0,0,0,0,0,0,0,0,0,0,0,42,252,140,251,150,255,150,255,150,255,38,255,32,255,70,255,2,0,146,255,0,0,232,1,98,41,97,9,0,255,255,255,0,255,0,44,89,115,121,253,253,254,253,255,16,136,20,32,17,81,89,17,66,115,254,125,254,255,255,191,255,175,3,175,5,0,4,12,0,0,0,136,128,112,104,0,0,96,0,0,0,2,254,6,254,0,0,0,0,0,36,6,130,6,121,0,0,0,0,1,9,2,9,184,0,0,16,0,0,16,60,255,200,0,0,0,0,0,0,0,0,0,0,0,0,0,0,0,42,252,140,251,150,255,150,255,150,255,38,255,32,255,70,255
2026-08-03_15-49-30,1,1013,0,0.0,0,10.0,2,2,2,0,146,255,0,0,232,1,98,41,97,9,0,255,255,255,0,255,0,44,89,115,121,253,253,254,253,255,16,136,20,32,17,81,89,17,66,115,254,125,254,255,255,191,255,175,3,175,5,0,4,12,0,0,0,136,128,112,104,0,0,96,0,0,0,2,254,6,254,0,0,0,0,0,36,6,130,6,121,0,0,0,0,1,9,2,9,184,0,0,16,0,0,16,60,255,200,0,0,0,0,0,0,0,0,0,0,0,0,0,0,0,42,252,140,251,150,255,150,255,150,255,38,255,32,255,70,255,2,0,38,255,0,0,236,1,98,41,97,9,0,255,255,255,0,255,0,44,89,91,121,253,253,254,253,255,16,136,20,32,17,81,89,17,66,91,254,125,254,255,255,191,255,175,3,175,5,0,4,12,0,0,0,136,128,112,104,0,0,96,0,0,0,2,254,6,254,0,0,0,0,0,36,6,130,6,117,0,0,0,0,1,9,2,9,184,0,0,16,0,0,16,60,255,200,0,0,0,0,0,0,0,0,0,0,0,0,0,0,0,42,252,140,251,150,255,150,255,150,255,38,255,32,255,70,255
2026-08-03_15-49-30,1,1014,0,0.0,0,10.0,2,2,2,0,38,255,0,0,236,1,98,41,97,9,0,255,255,255,0,255,0,44,89,91,121,253,253,254,253,255,16,136,20,32,17,81,89,17,66,91,254,125,254,255,255,191,255,175,3,175,5,0,4,12,0,0,0,136,128,112,104,0,0,96,0,0,0,2,254,6,254,0,0,0,0,0,36,6,130,6,117,0,0,0,0,1,9,2,9,184,0,0,16,0,0,16,60,255,200,0,0,0,0,0,0,0,0,0,0,0,0,0,0,0,42,252,140,251,150,255,150,255,150,255,38,255,32,255,70,255,2,0,110,255,0,0,240,1,98,41,97,9,0,255,255,255,0,255,0,44,89,115,121,253,253,254,253,255,16,136,20,32,17,81,89,17,66,115,254,125,254,255,255,191,255,175,3,175,5,0,4,12,0,0,0,136,128,112,104,0,0,96,0,0,0,2,254,6,254,0,0,0,0,0,36,6,130,6,113,0,0,0,0,1,9,2,9,184,0,0,16,0,0,16,60,255,200,0,0,0,0,0,0,0,0,0,0,0,0,0,0,0,42,252,140,251,150,255,150,255,150,255,38,255,32,255,70,255
2026-08-03_15-49-30,1,1015,0,0.0,0,10.0,2,2,2,0,110,255,0,0,240,1,98,41,97,9,0,255,255,255,0,255,0,44,89,115,121,253,253,254,253,255,16,136,20,32,17,81,89,17,66,115,254,125,254,255,255,191,255,175,3,175,5,0,4,12,0,0,0,136,128,112,104,0,0,96,0,0,0,2,254,6,254,0,0,0,0,0,36,6,130,6,113,0,0,0,0,1,9,2,9,184,0,0,16,0,0,16,60,255,200,0,0,0,0,0,0,0,0,0,0,0,0,0,0,0,42,252,140,251,150,255,150,255,150,255,38,255,32,255,70,255,2,0,228,255,0,0,244,1,98,41,97,9,0,255,255,255,0,255,0,44,89,91,121,253,253,254,253,255,16,136,20,32,17,81,89,17,66,91,254,125,254,255,255,191,255,175,3,175,5,0,4,12,0,0,0,136,128,112,104,0,0,96,0,0,0,2,254,6,254,0,0,0,0,0,36,6,130,6,109,0,0,0,0,1,9,2,9,184,0,0,16,0,0,16,60,255,200,0,0,0,0,0,0,0,0,0,0,0,0,0,0,0,42,252,140,251,150,255,150,255,150,255,38,255,32,255,70,255
2026-08-03_15-49-30,1,1016,0,0.0,0,10.0,2,2,2,0,228,255,0,0,244,1,98,41,97,9,0,255,255,255,0,255,0,44,89,91,121,253,253,254,253,255,16,136,20,32,17,81,89,17,66,91,254,125,254,255,255,191,255,175,3,175,5,0,4,12,0,0,0,136,128,112,104,0,0,96,0,0,0,2,254,6,254,0,0,0,0,0,36,6,130,6,109,0,0,0,0,1,9,2,9,184,0,0,16,0,0,16,60,255,200,0,0,0,0,0,0,0,0,0,0,0,0,0,0,0,42,252,140,251,150,255,150,255,150,255,38,255,32,255,70,255,2,0,65,255,0,0,248,1,98,41,97,9,0,255,255,255,0,255,0,44,89,115,121,253,253,254,253,255,16,136,20,32,17,81,89,17,66,115,254,125,254,255,255,191,255,175,3,175,5,0,4,12,0,0,0,136,128,112,104,0,0,96,0,0,0,2,254,6,254,0,0,0,0,0,36,6,130,6,105,0,0,0,0,1,9,2,9,184,0,0,16,0,0,16,60,255,200,0,0,0,0,0,0,0,0,0,0,0,0,0,0,0,42,252,140,251,150,255,150,255,150,255,38,255,32,255,70,255
2026-08-03_15-49-30,1,1017,0,0.0,0,10.0,2,2,2,0,65,255,0,0,248,1,98,41,97,9,0,255,255,255,0,255,0,44,89,115,121,253,253,254,253,255,16,136,20,32,17,81,89,17,66,115,254,125,254,255,255,191,255,175,3,175,5,0,4,12,0,0,0,136,128,112,104,0,0,96,0,0,0,2,254,6,254,0,0,0,0,0,36,6,130,6,105,0,0,0,0,1,9,2,9,184,0,0,16,0,0,16,60,255,200,0,0,0,0,0,0,0,0,0,0,0,0,0,0,0,42,252,140,251,150,255,150,255,150,255,38,255,32,255,70,255,2,0,21,255,0,0,252,1,98,41,97,9,0,255,255,255,0,255,0,44,89,91,121,253,253,254,253,255,16,136,20,32,17,81,89,17,66,91,254,125,254,255,255,191,255,175,3,175,5,0,4,12,0,0,0,136,128,112,104,0,0,96,0,0,0,2,254,6,254,0,0,0,0,0,36,6,130,6,101,0,0,0,0,1,9,2,9,184,0,0,16,0,0,16,60,255,200,0,0,0,0,0,0,0,0,0,0,0,0,0,0,0,42,252,140,251,150,255,150,255,150,255,38,255,32,255,70,255
2026-08-03_15-49-30,1,1018,0,0.0,0,10.0,2,2,2,0,21,255,0,0,252,1,98,41,97,9,0,255,255,255,0,255,0,44,89,91,121,253,253,254,253,255,16,136,20,32,17,81,89,17,66,91,254,125,254,255,255,191,255,175,3,175,5,0,4,12,0,0,0,136,128,112,104,0,0,96,0,0,0,2,254,6,254,0,0,0,0,0,36,6,130,6,101,0,0,0,0,1,9,2,9,184,0,0,16,0,0,16,60,255,200,0,0,0,0,0,0,0,0,0,0,0,0,0,0,0,42,252,140,251,150,255,150,255,150,255,38,255,32,255,70,255,2,0,91,255,0,0,0,2,98,41,97,9,0,255,255,255,0,255,0,44,89,115,121,253,253,254,253,255,16,136,20,32,17,81,89,17,66,115,254,125,254,255,255,191,255,175,3,175,5,0,4,12,0,0,0,136,128,112,104,0,0,96,0,0,0,2,254,6,254,0,0,0,0,0,36,6,130,6,97,0,0,0,0,1,9,2,9,184,0,0,16,0,0,16,60,255,200,0,0,0,0,0,0,0,0,0,0,0,0,0,0,0,42,252,140,251,150,255,150,255,150,255,38,255,32,255,70,255
2026-08-03_15-49-30,1,1019,0,0.0,0,10.0,2,2,2,0,91,255,0,0,0,2,98,41,97,9,0,255,255,255,0,255,0,44,89,115,121,253,253,254,253,255,16,136,20,32,17,81,89,17,66,115,254,125,254,255,255,191,255,175,3,175,5,0,4,12,0,0,0,136,128,112,104,0,0,96,0,0,0,2,254,6,254,0,0,0,0,0,36,6,130,6,97,0,0,0,0,1,9,2,9,184,0,0,16,0,0,16,60,255,200,0,0,0,0,0,0,0,0,0,0,0,0,0,0,0,42,252,140,251,150,255,150,255,150,255,38,255,32,255,70,255,2,0,181,255,0,0,4,2,98,41,97,9,0,255,255,255,0,255,0,44,89,91,121,253,253,254,253,255,16,136,20,32,17,81,89,17,66,91,254,125,254,255,255,191,255,175,3,175,5,0,4,12,0,0,0,136,128,112,104,0,0,96,0,0,0,2,254,6,254,0,0,0,0,0,36,6,130,6,93,0,0,0,0,1,9,2,9,184,0,0,16,0,0,16,60,255,200,0,0,0,0,0,0,0,0,0,0,0,0,0,0,0,42,252,140,251,150,255,150,255,150,255,38,255,32,255,70,255
2026-08-03_15-49-30,1,1020,0,0.0,0,10.0,2,2,2,0,181,255,0,0,4,2,98,41,97,9,0,255,255,255,0,255,0,44,89,91,121,253,253,254,253,255,16,136,20,32,17,81,89,17,66,91,254,125,254,255,255,191,255,175,3,175,5,0,4,12,0,0,0,136,128,112,104,0,0,96,0,0,0,2,254,6,254,0,0,0,0,0,36,6,130,6,93,0,0,0,0,1,9,2,9,184,0,0,16,0,0,16,60,255,200,0,0,0,0,0,0,0,0,0,0,0,0,0,0,0,42,252,140,251,150,255,150,255,150,255,38,255,32,255,70,255,2,0,89,255,0,0,8,2,98,41,97,9,0,255,255,255,0,255,0,44,89,115,121,253,253,254,253,255,16,136,20,32,17,81,89,17,66,115,254,125,254,255,255,191,255,175,3,175,5,0,4,12,0,0,0,136,128,112,104,0,0,96,0,0,0,2,254,6,254,0,0,0,0,0,36,6,130,6,89,0,0,0,0,1,9,2,9,184,0,0,16,0,0,16,60,255,200,0,0,0,0,0,0,0,0,0,0,0,0,0,0,0,42,252,140,251,150,255,150,255,150,255,38,255,32,255,70,255
2026-08-03_15-49-30,1,1021,0,0.0,0,10.0,2,2,2,0,89,255,0,0,8,2,98,41,97,9,0,255,255,255,0,255,0,44,89,115,121,253,253,254,253,255,16,136,20,32,17,81,89,17,66,115,254,125,254,255,255,191,255,175,3,175,5,0,4,12,0,0,0,136,128,112,104,0,0,96,0,0,0,2,254,6,254,0,0,0,0,0,36,6,130,6,89,0,0,0,0,1,9,2,9,184,0,0,16,0,0,16,60,255,200,0,0,0,0,0,0,0,0,0,0,0,0,0,0,0,42,252,140,251,150,255,150,255,150,255,38,255,32,255,70,255,2,0,150,255,0,0,12,2,98,41,97,9,0,255,255,255,0,255,0,44,89,91,121,253,253,254,253,255,16,136,20,32,17,81,89,17,66,91,254,125,254,255,255,191,255,175,3,175,5,0,4,12,0,0,0,136,128,112,104,0,0,96,0,0,0,2,254,6,254,0,0,0,0,0,36,6,130,6,85,0,0,0,0,1,9,2,9,184,0,0,16,0,0,16,60,255,200,0,0,0,0,0,0,0,0,0,0,0,0,0,0,0,42,252,140,251,150,255,150,255,150,255,38,255,32,255,70,255
2026-08-03_15-49-30,1,1022,0,0.0,0,10.0,2,2,2,0,150,255,0,0,12,2,98,41,97,9,0,255,255,255,0,255,0,44,89,91,121,253,253,254,253,255,16,136,20,32,17,81,89,17,66,91,254,125,254,255,255,191,255,175,3,175,5,0,4,12,0,0,0,136,128,112,104,0,0,96,0,0,0,2,254,6,254,0,0,0,0,0,36,6,130,6,85,0,0,0,0,1,9,2,9,184,0,0,16,0,0,16,60,255,200,0,0,0,0,0,0,0,0,0,0,0,0,0,0,0,42,252,140,251,150,255,150,255,150,255,38,255,32,255,70,255,2,0,97,255,0,0,16,2,98,41,97,9,0,255,255,255,0,255,0,44,89,115,121,253,253,254,253,255,16,136,20,32,17,81,89,17,66,115,254,125,254,255,255,191,255,175,3,175,5,0,4,12,0,0,0,136,128,112,104,0,0,96,0,0,0,2,254,6,254,0,0,0,0,0,36,6,130,6,81,0,0,0,0,1,9,2,9,184,0,0,16,0,0,16,60,255,200,0,0,0,0,0,0,0,0,0,0,0,0,0,0,0,42,252,140,251,150,255,150,255,150,255,38,255,32,255,70,255
2026-08-03_15-49-30,1,1023,0,0.0,0,10.0,2,2,2,0,97,255,0,0,16,2,98,41,97,9,0,255,255,255,0,255,0,44,89,115,121,253,253,254,253,255,16,136,20,32,17,81,89,17,66,115,254,125,254,255,255,191,255,175,3,175,5,0,4,12,0,0,0,136,128,112,104,0,0,96,0,0,0,2,254,6,254,0,0,0,0,0,36,6,130,6,81,0,0,0,0,1,9,2,9,184,0,0,16,0,0,16,60,255,200,0,0,0,0,0,0,0,0,0,0,0,0,0,0,0,42,252,140,251,150,255,150,255,150,255,38,255,32,255,70,255,2,0,31,255,0,0,20,2,98,41,97,9,0,255,255,255,0,255,0,44,89,91,121,253,253,254,253,255,16,136,20,32,17,81,89,17,66,91,254,125,254,255,255,191,255,175,3,175,5,0,4,12,0,0,0,136,128,112,104,0,0,96,0,0,0,2,254,6,254,0,0,0,0,0,36,6,130,6,77,0,0,0,0,1,9,2,9,184,0,0,16,0,0,16,60,255,200,0,0,0,0,0,0,0,0,0,0,0,0,0,0,0,42,252,140,251,150,255,150,255,150,255,38,255,32,255,70,255
2026-08-03_15-49-30,1,1024,0,0.0,0,10.0,2,2,2,0,31,255,0,0,20,2,98,41,97,9,0,255,255,255,0,255,0,44,89,91,121,253,253,254,253,255,16,136,20,32,17,81,89,17,66,91,254,125,254,255,255,191,255,175,3,175,5,0,4,12,0,0,0,136,128,112,104,0,0,96,0,0,0,2,254,6,254,0,0,0,0,0,36,6,130,6,77,0,0,0,0,1,9,2,9,184,0,0,16,0,0,16,60,255,200,0,0,0,0,0,0,0,0,0,0,0,0,0,0,0,42,252,140,251,150,255,150,255,150,255,38,255,32,255,70,255,2,0,246,255,0,0,24,2,98,41,97,9,0,255,255,255,0,255,0,44,89,115,121,253,253,254,253,255,16,136,20,32,17,81,89,17,66,115,254,125,254,255,255,191,255,175,3,175,5,0,4,12,0,0,0,136,128,112,104,0,0,96,0,0,0,2,254,6,254,0,0,0,0,0,36,6,130,6,73,0,0,0,0,1,9,2,9,184,0,0,16,0,0,16,60,255,200,0,0,0,0,0,0,0,0,0,0,0,0,0,0,0,42,252,140,251,150,255,150,255,150,255,38,255,32,255,70,255
2026-08-03_15-49-30,1,1025,0,0.0,0,10.0,2,2,2,0,246,255,0,0,24,2,98,41,97,9,0,255,255,255,0,255,0,44,89,115,121,253,253,254,253,255,16,136,20,32,17,81,89,17,66,115,254,125,254,255,255,191,255,175,3,175,5,0,4,12,0,0,0,136,128,112,104,0,0,96,0,0,0,2,254,6,254,0,0,0,0,0,36,6,130,6,73,0,0,0,0,1,9,2,9,184,0,0,16,0,0,16,60,255,200,0,0,0,0,0,0,0,0,0,0,0,0,0,0,0,42,252,140,251,150,255,150,255,150,255,38,255,32,255,70,255,2,0,111,255,0,0,28,2,98,41,97,9,0,255,255,255,0,255,0,44,89,91,121,253,253,254,253,255,16,136,20,32,17,81,89,17,66,91,254,125,254,255,255,191,255,175,3,175,5,0,4,12,0,0,0,136,128,112,104,0,0,96,0,0,0,2,254,6,254,0,0,0,0,0,36,6,130,6,69,0,0,0,0,1,9,2,9,184,0,0,16,0,0,16,60,255,200,0,0,0,0,0,0,0,0,0,0,0,0,0,0,0,42,252,140,251,150,255,150,255,150,255,38,255,32,255,70,255
2026-08-03_15-49-30,1,1026,0,0.0,0,10.0,2,2,2,0,111,255,0,0,28,2,98,41,97,9,0,255,255,255,0,255,0,44,89,91,121,253,253,254,253,255,16,136,20,32,17,81,89,17,66,91,254,125,254,255,255,191,255,175,3,175,5,0,4,12,0,0,0,136,128,112,104,0,0,96,0,0,0,2,254,6,254,0,0,0,0,0,36,6,130,6,69,0,0,0,0,1,9,2,9,184,0,0,16,0,0,16,60,255,200,0,0,0,0,0,0,0,0,0,0,0,0,0,0,0,42,252,140,251,150,255,150,255,150,255,38,255,32,255,70,255,2,0,245,255,0,0,32,2,98,41,97,9,0,255,255,255,0,255,0,44,89,115,121,253,253,254,253,255,16,136,20,32,17,81,89,17,66,115,254,125,254,255,255,191,255,175,3,175,5,0,4,12,0,0,0,136,128,112,104,0,0,96,0,0,0,2,254,6,254,0,0,0,0,0,36,6,130,6,65,0,0,0,0,1,9,2,9,184,0,0,16,0,0,16,60,255,200,0,0,0,0,0,0,0,0,0,0,0,0,0,0,0,42,252,140,251,150,255,150,255,150,255,38,255,32,255,70,255
2026-08-03_15-49-30,1,1027,0,0.0,0,10.0,2,2,2,0,245,255,0,0,32,2,98,41,97,9,0,255,255,255,0,255,0,44,89,115,121,253,253,254,253,255,16,136,20,32,17,81,89,17,66,115,254,125,254,255,255,191,255,175,3,175,5,0,4,12,0,0,0,136,128,112,104,0,0,96,0,0,0,2,254,6,254,0,0,0,0,0,36,6,130,6,65,0,0,0,0,1,9,2,9,184,0,0,16,0,0,16,60,255,200,0,0,0,0,0,0,0,0,0,0,0,0,0,0,0,42,252,140,251,150,255,150,255,150,255,38,255,32,255,70,255,2,0,93,255,0,0,36,2,98,41,97,9,0,255,255,255,0,255,0,44,89,91,121,253,253,254,253,255,16,136,20,32,17,81,89,17,66,91,254,125,254,255,255,191,255,175,3,175,5,0,4,12,0,0,0,136,128,112,104,0,0,96,0,0,0,2,254,6,254,0,0,0,0,0,36,6,130,6,61,0,0,0,0,1,9,2,9,184,0,0,16,0,0,16,60,255,200,0,0,0,0,0,0,0,0,0,0,0,0,0,0,0,42,252,140,251,150,255,150,255,150,255,38,255,32,255,70,255
2026-08-03_15-49-30,1,1028,0,0.0,0,10.0,2,2,2,0,93,255,0,0,36,2,98,41,97,9,0,255,255,255,0,255,0,44,89,91,121,253,253,254,253,255,16,136,20,32,17,81,89,17,66,91,254,125,254,255,255,191,255,175,3,175,5,0,4,12,0,0,0,136,128,112,104,0,0,96,0,0,0,2,254,6,254,0,0,0,0,0,36,6,130,6,61,0,0,0,0,1,9,2,9,184,0,0,16,0,0,16,60,255,200,0,0,0,0,0,0,0,0,0,0,0,0,0,0,0,42,252,140,251,150,255,150,255,150,255,38,255,32,255,70,255,2,0,209,255,0,0,40,2,136,41,97,9,0,255,136,0,0,0,0,44,89,115,121,253,253,254,253,255,16,136,76,32,17,81,89,85,66,115,254,44,253,255,255,191,255,175,3,175,5,0,4,0,0,0,0,136,128,112,104,0,0,96,0,0,0,2,254,6,254,0,0,0,0,0,36,6,130,6,57,0,0,0,0,1,9,2,9,184,0,0,16,0,0,16,60,255,200,0,0,0,0,0,0,0,0,0,0,0,0,0,0,0,42,252,140,251,150,255,150,255,150,255,38,255,32,255,70,255
2026-08-03_15-49-30,1,1029,0,0.0,0,10.0,2,2,2,0,209,255,0,0,40,2,136,41,97,9,0,255,136,0,0,0,0,44,89,115,121,253,253,254,253,255,16,136,76,32,17,81,89,85,66,115,254,44,253,255,255,191,255,175,3,175,5,0,4,0,0,0,0,136,128,112,104,0,0,96,0,0,0,2,254,6,254,0,0,0,0,0,36,6,130,6,57,0,0,0,0,1,9,2,9,184,0,0,16,0,0,16,60,255,200,0,0,0,0,0,0,0,0,0,0,0,0,0,0,0,42,252,140,251,150,255,150,255,150,255,38,255,32,255,70,255,2,0,16,255,0,0,44,2,136,41,97,9,0,255,136,0,0,0,0,44,89,91,121,253,253,254,253,255,16,136,76,32,17,81,89,85,66,91,254,44,253,255,255,191,255,175,3,175,5,0,4,0,0,0,0,136,128,112,104,0,0,96,0,0,0,2,254,6,254,0,0,0,0,0,36,6,130,6,53,0,0,0,0,1,9,2,9,184,0,0,16,0,0,16,60,255,200,0,0,0,0,0,0,0,0,0,0,0,0,0,0,0,42,252,140,251,150,255,150,255,150,255,38,255,32,255,70,255
2026-08-03_15-49-30,1,1030,0,0.0,0,10.0,2,2,2,0,16,255,0,0,44,2,136,41,97,9,0,255,136,0,0,0,0,44,89,91,121,253,253,254,253,255,16,136,76,32,17,81,89,85,66,91,254,44,253,255,255,191,255,175,3,175,5,0,4,0,0,0,0,136,128,112,104,0,0,96,0,0,0,2,254,6,254,0,0,0,0,0,36,6,130,6,53,0,0,0,0,1,9,2,9,184,0,0,16,0,0,16,60,255,200,0,0,0,0,0,0,0,0,0,0,0,0,0,0,0,42,252,140,251,150,255,150,255,150,255,38,255,32,255,70,255,2,0,13,255,0,0,48,2,136,41,97,9,0,255,136,0,0,0,0,44,89,115,121,253,253,254,253,255,16,136,76,32,17,81,89,85,66,115,254,44,253,255,255,191,255,175,3,175,5,0,4,0,0,0,0,136,128,112,104,0,0,96,0,0,0,2,254,6,254,0,0,0,0,0,36,6,130,6,49,0,0,0,0,1,9,2,9,184,0,0,16,0,0,16,60,255,200,0,0,0,0,0,0,0,0,0,0,0,0,0,0,0,42,252,140,251,150,255,150,255,150,255,38,255,32,255,70,255
2026-08-03_15-49-30,1,1031,0,0.0,0,10.0,2,2,2,0,13,255,0,0,48,2,136,41,97,9,0,255,136,0,0,0,0,44,89,115,121,253,253,254,253,255,16,136,76,32,17,81,89,85,66,115,254,44,253,255,255,191,255,175,3,175,5,0,4,0,0,0,0,136,128,112,104,0,0,96,0,0,0,2,254,6,254,0,0,0,0,0,36,6,130,6,49,0,0,0,0,1,9,2,9,184,0,0,16,0,0,16,60,255,200,0,0,0,0,0,0,0,0,0,0,0,0,0,0,0,42,252,140,251,150,255,150,255,150,255,38,255,32,255,70,255,2,0,216,255,0,0,52,2,136,41,97,9,0,255,136,0,0,0,0,44,89,91,121,253,253,254,253,255,16,136,76,32,17,81,89,85,66,91,254,44,253,255,255,191,255,175,3,175,5,0,4,0,0,0,0,136,128,112,104,0,0,96,0,0,0,2,254,6,254,0,0,0,0,0,36,6,130,6,45,0,0,0,0,1,9,2,9,184,0,0,16,0,0,16,60,255,200,0,0,0,0,0,0,0,0,0,0,0,0,0,0,0,42,252,140,251,150,255,150,255,150,255,38,255,32,255,70,255
2026-08-03_15-49-30,1,1032,0,0.0,0,10.0,2,2,2,0,216,255,0,0,52,2,136,41,97,9,0,255,136,0,0,0,0,44,89,91,121,253,253,254,253,255,16,136,76,32,17,81,89,85,66,91,254,44,253,255,255,191,255,175,3,175,5,0,4,0,0,0,0,136,128,112,104,0,0,96,0,0,0,2,254,6,254,0,0,0,0,0,36,6,130,6,45,0,0,0,0,1,9,2,9,184,0,0,16,0,0,16,60,255,200,0,0,0,0,0,0,0,0,0,0,0,0,0,0,0,42,252,140,251,150,255,150,255,150,255,38,255,32,255,70,255,2,0,143,255,0,0,56,2,136,41,97,9,0,255,136,0,0,0,0,44,89,115,121,253,253,254,253,255,16,136,76,32,17,81,89,85,66,115,254,44,253,255,255,191,255,175,3,175,5,0,4,0,0,0,0,136,128,112,104,0,0,96,0,0,0,2,254,6,254,0,0,0,0,0,36,6,130,6,41,0,0,0,0,1,9,2,9,184,0,0,16,0,0,16,60,255,200,0,0,0,0,0,0,0,0,0,0,0,0,0,0,0,42,252,140,251,150,255,150,255,150,255,38,255,32,255,70,255
2026-08-03_15-49-30,1,1033,0,0.0,0,10.0,2,2,2,0,143,255,0,0,56,2,136,41,97,9,0,255,136,0,0,0,0,44,89,115,121,253,253,254,253,255,16,136,76,32,17,81,89,85,66,115,254,44,253,255,255,191,255,175,3,175,5,0,4,0,0,0,0,136,128,112,104,0,0,96,0,0,0,2,254,6,254,0,0,0,0,0,36,6,130,6,41,0,0,0,0,1,9,2,9,184,0,0,16,0,0,16,60,255,200,0,0,0,0,0,0,0,0,0,0,0,0,0,0,0,42,252,140,251,150,255,150,255,150,255,38,255,32,255,70,255,2,0,243,255,0,0,60,2,136,41,97,9,0,255,136,0,0,0,0,44,89,91,121,253,253,254,253,255,16,136,76,32,17,81,89,85,66,91,254,44,253,255,255,191,255,175,3,175,5,0,4,0,0,0,0,136,128,112,104,0,0,96,0,0,0,2,254,6,254,0,0,0,0,0,36,6,130,6,37,0,0,0,0,1,9,2,9,184,0,0,16,0,0,16,60,255,200,0,0,0,0,0,0,0,0,0,0,0,0,0,0,0,42,252,140,251,150,255,150,255,150,255,38,255,32,255,70,255
2026-08-03_15-49-30,1,1034,0,0.0,0,10.0,2,2,2,0,243,255,0,0,60,2,136,41,97,9,0,255,136,0,0,0,0,44,89,91,121,253,253,254,253,255,16,136,76,32,17,81,89,85,66,91,254,44,253,255,255,191,255,175,3,175,5,0,4,0,0,0,0,136,128,112,104,0,0,96,0,0,0,2,254,6,254,0,0,0,0,0,36,6,130,6,37,0,0,0,0,1,9,2,9,184,0,0,16,0,0,16,60,255,200,0,0,0,0,0,0,0,0,0,0,0,0,0,0,0,42,252,140,251,150,255,150,255,150,255,38,255,32,255,70,255,2,0,57,255,0,0,64,2,136,41,97,9,0,255,136,0,0,0,0,44,89,115,121,253,253,254,253,255,16,136,76,32,17,81,89,85,66,115,254,44,253,255,255,191,255,175,3,175,5,0,4,0,0,0,0,136,128,112,104,0,0,96,0,0,0,2,254,6,254,0,0,0,0,0,36,6,130,6,33,0,0,0,0,1,9,2,9,184,0,0,16,0,0,16,60,255,200,0,0,0,0,0,0,0,0,0,0,0,0,0,0,0,42,252,140,251,150,255,150,255,150,255,38,255,32,255,70,255
2026-08-03_15-49-30,1,1035,0,0.0,0,10.0,2,2,2,0,57,255,0,0,64,2,136,41,97,9,0,255,136,0,0,0,0,44,89,115,121,253,253,254,253,255,16,136,76,32,17,81,89,85,66,115,254,44,253,255,255,191,255,175,3,175,5,0,4,0,0,0,0,136,128,112,104,0,0,96,0,0,0,2,254,6,254,0,0,0,0,0,36,6,130,6,33,0,0,0,0,1,9,2,9,184,0,0,16,0,0,16,60,255,200,0,0,0,0,0,0,0,0,0,0,0,0,0,0,0,42,252,140,251,150,255,150,255,150,255,38,255,32,255,70,255,2,0,152,255,0,0,68,2,136,41,97,9,0,255,136,0,0,0,0,44,89,91,121,253,253,254,253,255,16,136,76,32,17,81,89,85,66,91,254,44,253,255,255,191,255,175,3,175,5,0,4,0,0,0,0,136,128,112,104,0,0,96,0,0,0,2,254,6,254,0,0,0,0,0,36,6,130,6,29,0,0,0,0,1,9,2,9,184,0,0,16,0,0,16,60,255,200,0,0,0,0,0,0,0,0,0,0,0,0,0,0,0,42,252,140,251,150,255,150,255,150,255,38,255,32,255,70,255
2026-08-03_15-49-30,1,1036,0,0.0,0,10.0,2,2,2,0,152,255,0,0,68,2,136,41,97,9,0,255,136,0,0,0,0,44,89,91,121,253,253,254,253,255,16,136,76,32,17,81,89,85,66,91,254,44,253,255,255,191,255,175,3,175,5,0,4,0,0,0,0,136,128,112,104,0,0,96,0,0,0,2,254,6,254,0,0,0,0,0,36,6,130,6,29,0,0,0,0,1,9,2,9,184,0,0,16,0,0,16,60,255,200,0,0,0,0,0,0,0,0,0,0,0,0,0,0,0,42,252,140,251,150,255,150,255,150,255,38,255,32,255,70,255,2,0,139,255,0,0,72,2,136,41,97,9,0,255,136,0,0,0,0,44,89,115,121,253,253,254,253,255,16,136,76,32,17,81,89,85,66,115,254,44,253,255,255,191,255,175,3,175,5,0,4,0,0,0,0,136,128,112,104,0,0,96,0,0,0,2,254,6,254,0,0,0,0,0,36,6,130,6,25,0,0,0,0,1,9,2,9,184,0,0,16,0,0,16,60,255,200,0,0,0,0,0,0,0,0,0,0,0,0,0,0,0,42,252,140,251,150,255,150,255,150,255,38,255,32,255,70,255
2026-08-03_15-49-30,1,1037,0,0.0,0,10.0,2,2,2,0,139,255,0,0,72,2,136,41,97,9,0,255,136,0,0,0,0,44,89,115,121,253,253,254,253,255,16,136,76,32,17,81,89,85,66,115,254,44,253,255,255,191,255,175,3,175,5,0,4,0,0,0,0,136,128,112,104,0,0,96,0,0,0,2,254,6,254,0,0,0,0,0,36,6,130,6,25,0,0,0,0,1,9,2,9,184,0,0,16,0,0,16,60,255,200,0,0,0,0,0,0,0,0,0,0,0,0,0,0,0,42,252,140,251,150,255,150,255,150,255,38,255,32,255,70,255,2,0,180,255,0,0,76,2,136,41,97,9,0,255,136,0,0,0,0,44,89,91,121,253,253,254,253,255,16,136,76,32,17,81,89,85,66,91,254,44,253,255,255,191,255,175,3,175,5,0,4,0,0,0,0,136,128,112,104,0,0,96,0,0,0,2,254,6,254,0,0,0,0,0,36,6,130,6,21,0,0,0,0,1,9,2,9,184,0,0,16,0,0,16,60,255,200,0,0,0,0,0,0,0,0,0,0,0,0,0,0,0,42,252,140,251,150,255,150,255,150,255,38,255,32,255,70,255
2026-08-03_15-49-30,1,1038,0,0.0,0,10.0,2,2,2,0,180,255,0,0,76,2,136,41,97,9,0,255,136,0,0,0,0,44,89,91,121,253,253,254,253,255,16,136,76,32,17,81,89,85,66,91,254,44,253,255,255,191,255,175,3,175,5,0,4,0,0,0,0,136,128,112,104,0,0,96,0,0,0,2,254,6,254,0,0,0,0,0,36,6,130,6,21,0,0,0,0,1,9,2,9,184,0,0,16,0,0,16,60,255,200,0,0,0,0,0,0,0,0,0,0,0,0,0,0,0,42,252,140,251,150,255,150,255,150,255,38,255,32,255,70,255,2,0,72,255,0,0,80,2,136,41,97,9,0,255,136,0,0,0,0,44,89,115,121,253,253,254,253,255,16,136,76,32,17,81,89,85,66,115,254,44,253,255,255,191,255,175,3,175,5,0,4,0,0,0,0,136,128,112,104,0,0,96,0,0,0,2,254,6,254,0,0,0,0,0,36,6,130,6,17,0,0,0,0,1,9,2,9,184,0,0,16,0,0,16,60,255,200,0,0,0,0,0,0,0,0,0,0,0,0,0,0,0,42,252,140,251,150,255,150,255,150,255,38,255,32,255,70,255
2026-08-03_15-49-30,1,1039,0,0.0,0,10.0,2,2,2,0,72,255,0,0,80,2,136,41,97,9,0,255,136,0,0,0,0,44,89,115,121,253,253,254,253,255,16,136,76,32,17,81,89,85,66,115,254,44,253,255,255,191,255,175,3,175,5,0,4,0,0,0,0,136,128,112,104,0,0,96,0,0,0,2,254,6,254,0,0,0,0,0,36,6,130,6,17,0,0,0,0,1,9,2,9,184,0,0,16,0,0,16,60,255,200,0,0,0,0,0,0,0,0,0,0,0,0,0,0,0,42,252,140,251,150,255,150,255,150,255,38,255,32,255,70,255,2,0,138,255,0,0,84,2,136,41,97,9,0,255,136,0,0,0,0,44,89,91,121,253,253,254,253,255,16,136,76,32,17,81,89,85,66,91,254,44,253,255,255,191,255,175,3,175,5,0,4,0,0,0,0,136,128,112,104,0,0,96,0,0,0,2,254,6,254,0,0,0,0,0,36,6,130,6,13,0,0,0,0,1,9,2,9,184,0,0,16,0,0,16,60,255,200,0,0,0,0,0,0,0,0,0,0,0,0,0,0,0,42,252,140,251,150,255,150,255,150,255,38,255,32,255,70,255
2026-08-03_15-49-30,1,1040,0,0.0,0,10.0,2,2,2,0,138,255,0,0,84,2,136,41,97,9,0,255,136,0,0,0,0,44,89,91,121,253,253,254,253,255,16,136,76,32,17,81,89,85,66,91,254,44,253,255,255,191,255,175,3,175,5,0,4,0,0,0,0,136,128,112,104,0,0,96,0,0,0,2,254,6,254,0,0,0,0,0,36,6,130,6,13,0,0,0,0,1,9,2,9,184,0,0,16,0,0,16,60,255,200,0,0,0,0,0,0,0,0,0,0,0,0,0,0,0,42,252,140,251,150,255,150,255,150,255,38,255,32,255,70,255,2,0,165,255,0,0,88,2,136,41,97,9,0,255,136,0,0,0,0,44,89,115,121,253,253,254,253,255,16,136,76,32,17,81,89,85,66,115,254,44,253,255,255,191,255,175,3,175,5,0,4,0,0,0,0,136,128,112,104,0,0,96,0,0,0,2,254,6,254,0,0,0,0,0,36,6,130,6,9,0,0,0,0,1,9,2,9,184,0,0,16,0,0,16,60,255,200,0,0,0,0,0,0,0,0,0,0,0,0,0,0,0,42,252,140,251,150,255,150,255,150,255,38,255,32,255,70,255
2026-08-03_15-49-30,1,1041,0,0.0,0,10.0,2,2,2,0,165,255,0,0,88,2,136,41,97,9,0,255,136,0,0,0,0,44,89,115,121,253,253,254,253,255,16,136,76,32,17,81,89,85,66,115,254,44,253,255,255,191,255,175,3,175,5,0,4,0,0,0,0,136,128,112,104,0,0,96,0,0,0,2,254,6,254,0,0,0,0,0,36,6,130,6,9,0,0,0,0,1,9,2,9,184,0,0,16,0,0,16,60,255,200,0,0,0,0,0,0,0,0,0,0,0,0,0,0,0,42,252,140,251,150,255,150,255,150,255,38,255,32,255,70,255,2,0,84,255,0,0,92,2,136,41,97,9,0,255,136,0,0,0,0,44,89,91,121,253,253,254,253,255,16,136,76,32,17,81,89,85,66,91,254,44,253,255,255,191,255,175,3,175,5,0,4,0,0,0,0,136,128,112,104,0,0,96,0,0,0,2,254,6,254,0,0,0,0,0,36,6,130,6,5,0,0,0,0,1,9,2,9,184,0,0,16,0,0,16,60,255,200,0,0,0,0,0,0,0,0,0,0,0,0,0,0,0,42,252,140,251,150,255,150,255,150,255,38,255,32,255,70,255
2026-08-03_15-49-30,1,1042,0,0.0,0,10.0,2,2,2,0,84,255,0,0,92,2,136,41,97,9,0,255,136,0,0,0,0,44,89,91,121,253,253,254,253,255,16,136,76,32,17,81,89,85,66,91,254,44,253,255,255,191,255,175,3,175,5,0,4,0,0,0,0,136,128,112,104,0,0,96,0,0,0,2,254,6,254,0,0,0,0,0,36,6,130,6,5,0,0,0,0,1,9,2,9,184,0,0,16,0,0,16,60,255,200,0,0,0,0,0,0,0,0,0,0,0,0,0,0,0,42,252,140,251,150,255,150,255,150,255,38,255,32,255,70,255,2,0,78,255,0,0,96,2,136,41,97,9,0,255,136,0,0,0,0,44,89,115,121,253,253,254,253,255,16,136,76,32,17,81,89,85,66,115,254,44,253,255,255,191,255,175,3,175,5,0,4,0,0,0,0,136,128,112,104,0,0,96,0,0,0,2,254,6,254,0,0,0,0,0,36,6,130,6,1,0,0,0,0,1,9,2,9,184,0,0,16,0,0,16,60,255,200,0,0,0,0,0,0,0,0,0,0,0,0,0,0,0,42,252,140,251,150,255,150,255,150,255,38,255,32,255,70,255
2026-08-03_15-49-30,1,1043,0,0.0,0,10.0,2,1,2,0,78,255,0,0,96,2,136,41,97,9,0,255,136,0,0,0,0,44,89,115,121,253,253,254,253,255,16,136,76,32,17,81,89,85,66,115,254,44,253,255,255,191,255,175,3,175,5,0,4,0,0,0,0,136,128,112,104,0,0,96,0,0,0,2,254,6,254,0,0,0,0,0,36,6,130,6,1,0,0,0,0,1,9,2,9,184,0,0,16,0,0,16,60,255,200,0,0,0,0,0,0,0,0,0,0,0,0,0,0,0,42,252,140,251,150,255,150,255,150,255,38,255,32,255,70,255,2,0,238,255,0,0,100,2,41,41,97,9,0,255,255,0,0,0,0,147,89,91,121,254,253,254,253,0,12,136,76,32,17,160,89,85,66,91,254,181,254,255,255,191,255,255,3,175,5,0,4,0,0,0,0,136,128,112,104,0,0,96,0,0,0,2,254,6,254,0,0,0,0,0,36,6,130,6,0,0,0,0,0,1,9,1,9,184,0,0,16,0,0,16,60,255,0,0,0,0,0,0,0,0,0,0,0,0,0,0,0,0,42,252,140,251,150,255,150,255,81,249,38,255,32,255,70,255
2026-08-03_15-49-30,1,1044,0,0.0,0,10.0,1,1,2,0,238,255,0,0,100,2,41,41,97,9,0,255,255,0,0,0,0,147,89,91,121,254,253,254,253,0,12,136,76,32,17,160,89,85,66,91,254,181,254,255,255,191,255,255,3,175,5,0,4,0,0,0,0,136,128,112,104,0,0,96,0,0,0,2,254,6,254,0,0,0,0,0,36,6,130,6,0,0,0,0,0,1,9,1,9,184,0,0,16,0,0,16,60,255,0,0,0,0,0,0,0,0,0,0,0,0,0,0,0,0,42,252,140,251,150,255,150,255,81,249,38,255,32,255,70,255,2,0,236,255,0,0,104,2,41,41,97,9,0,255,255,0,0,0,0,171,89,115,121,254,253,254,253,0,12,136,76,32,17,160,89,85,66,115,254,181,254,255,255,191,255,255,3,175,5,0,4,0,0,0,0,136,128,112,104,0,0,96,0,0,0,2,254,6,254,0,0,0,0,0,36,6,130,6,0,0,0,0,0,1,9,1,9,184,0,0,16,0,0,16,60,255,0,0,0,0,0,0,0,0,0,0,0,0,0,0,0,0,42,252,140,251,150,255,150,255,81,249,38,255,32,255,70,255
2026-08-03_15-49-30,1,1045,0,0.0,0,10.0,1,1,2,0,236,255,0,0,104,2,41,41,97,9,0,255,255,0,0,0,0,171,89,115,121,254,253,254,253,0,12,136,76,32,17,160,89,85,66,115,254,181,254,255,255,191,255,255,3,175,5,0,4,0,0,0,0,136,128,112,104,0,0,96,0,0,0,2,254,6,254,0,0,0,0,0,36,6,130,6,0,0,0,0,0,1,9,1,9,184,0,0,16,0,0,16,60,255,0,0,0,0,0,0,0,0,0,0,0,0,0,0,0,0,42,252,140,251,150,255,150,255,81,249,38,255,32,255,70,255,2,0,207,255,0,0,108,2,41,41,97,9,0,255,255,0,0,0,0,147,89,91,121,254,253,254,253,0,12,136,76,32,17,160,89,85,66,91,254,181,254,255,255,191,255,255,3,175,5,0,4,0,0,0,0,136,128,112,104,0,0,96,0,0,0,2,254,6,254,0,0,0,0,0,36,6,130,6,0,0,0,0,0,1,9,1,9,184,0,0,16,0,0,16,60,255,0,0,0,0,0,0,0,0,0,0,0,0,0,0,0,0,42,252,140,251,150,255,150,255,81,249,38,255,32,255,70,255
2026-08-03_15-49-30,1,1046,0,0.0,0,10.0,1,1,2,0,207,255,0,0,108,2,41,41,97,9,0,255,255,0,0,0,0,147,89,91,121,254,253,254,253,0,12,136,76,32,17,160,89,85,66,91,254,181,254,255,255,191,255,255,3,175,5,0,4,0,0,0,0,136,128,112,104,0,0,96,0,0,0,2,254,6,254,0,0,0,0,0,36,6,130,6,0,0,0,0,0,1,9,1,9,184,0,0,16,0,0,16,60,255,0,0,0,0,0,0,0,0,0,0,0,0,0,0,0,0,42,252,140,251,150,255,150,255,81,249,38,255,32,255,70,255,2,0,247,255,0,0,112,2,41,41,97,9,0,255,255,0,0,0,0,171,89,115,121,254,253,254,253,0,12,136,76,32,17,160,89,85,66,115,254,181,254,255,255,191,255,255,3,175,5,0,4,0,0,0,0,136,128,112,104,0,0,96,0,0,0,2,254,6,254,0,0,0,0,0,36,6,130,6,0,0,0,0,0,1,9,1,9,184,0,0,16,0,0,16,60,255,0,0,0,0,0,0,0,0,0,0,0,0,0,0,0,0,42,252,140,251,150,255,150,255,81,249,38,255,32,255,70,255
2026-08-03_15-49-30,1,1047,0,0.0,0,10.0,1,1,2,0,247,255,0,0,112,2,41,41,97,9,0,255,255,0,0,0,0,171,89,115,121,254,253,254,253,0,12,136,76,32,17,160,89,85,66,115,254,181,254,255,255,191,255,255,3,175,5,0,4,0,0,0,0,136,128,112,104,0,0,96,0,0,0,2,254,6,254,0,0,0,0,0,36,6,130,6,0,0,0,0,0,1,9,1,9,184,0,0,16,0,0,16,60,255,0,0,0,0,0,0,0,0,0,0,0,0,0,0,0,0,42,252,140,251,150,255,150,255,81,249,38,255,32,255,70,255,2,0,126,255,0,0,116,2,41,41,97,9,0,255,255,0,0,0,0,147,89,91,121,254,253,254,253,0,12,136,76,32,17,160,89,85,66,91,254,181,254,255,255,191,255,255,3,175,5,0,4,0,0,0,0,136,128,112,104,0,0,96,0,0,0,2,254,6,254,0,0,0,0,0,36,6,130,6,0,0,0,0,0,1,9,1,9,184,0,0,16,0,0,16,60,255,0,0,0,0,0,0,0,0,0,0,0,0,0,0,0,0,42,252,140,251,150,255,150,255,81,249,38,255,32,255,70,255
2026-08-03_15-49-30,1,1048,0,0.0,0,10.0,1,1,2,0,126,255,0,0,116,2,41,41,97,9,0,255,255,0,0,0,0,147,89,91,121,254,253,254,253,0,12,136,76,32,17,160,89,85,66,91,254,181,254,255,255,191,255,255,3,175,5,0,4,0,0,0,0,136,128,112,104,0,0,96,0,0,0,2,254,6,254,0,0,0,0,0,36,6,130,6,0,0,0,0,0,1,9,1,9,184,0,0,16,0,0,16,60,255,0,0,0,0,0,0,0,0,0,0,0,0,0,0,0,0,42,252,140,251,150,255,150,255,81,249,38,255,32,255,70,255,2,0,233,255,0,0,120,2,41,41,97,9,0,255,255,0,0,0,0,171,89,115,121,254,253,254,253,0,12,136,76,32,17,160,89,85,66,115,254,181,254,255,255,191,255,255,3,175,5,0,4,0,0,0,0,136,128,112,104,0,0,96,0,0,0,2,254,6,254,0,0,0,0,0,36,6,130,6,0,0,0,0,0,1,9,1,9,184,0,0,16,0,0,16,60,255,0,0,0,0,0,0,0,0,0,0,0,0,0,0,0,0,42,252,140,251,150,255,150,255,81,249,38,255,32,255,70,255
2026-08-03_15-49-30,1,1049,0,0.0,0,10.0,1,1,2,0,233,255,0,0,120,2,41,41,97,9,0,255,255,0,0,0,0,171,89,115,121,254,253,254,253,0,12,136,76,32,17,160,89,85,66,115,254,181,254,255,255,191,255,255,3,175,5,0,4,0,0,0,0,136,128,112,104,0,0,96,0,0,0,2,254,6,254,0,0,0,0,0,36,6,130,6,0,0,0,0,0,1,9,1,9,184,0,0,16,0,0,16,60,255,0,0,0,0,0,0,0,0,0,0,0,0,0,0,0,0,42,252,140,251,150,255,150,255,81,249,38,255,32,255,70,255,2,0,153,255,0,0,124,2,41,41,97,9,0,255,255,0,0,0,0,147,89,91,121,254,253,254,253,0,12,136,76,32,17,160,89,85,66,91,254,181,254,255,255,191,255,255,3,175,5,0,4,0,0,0,0,136,128,112,104,0,0,96,0,0,0,2,254,6,254,0,0,0,0,0,36,6,130,6,0,0,0,0,0,1,9,1,9,184,0,0,16,0,0,16,60,255,0,0,0,0,0,0,0,0,0,0,0,0,0,0,0,0,42,252,140,251,150,255,150,255,81,249,38,255,32,255,70,255
2026-08-03_15-49-30,1,1050,0,0.0,0,10.0,1,1,2,0,153,255,0,0,124,2,41,41,97,9,0,255,255,0,0,0,0,147,89,91,121,254,253,254,253,0,12,136,76,32,17,160,89,85,66,91,254,181,254,255,255,191,255,255,3,175,5,0,4,0,0,0,0,136,128,112,104,0,0,96,0,0,0,2,254,6,254,0,0,0,0,0,36,6,130,6,0,0,0,0,0,1,9,1,9,184,0,0,16,0,0,16,60,255,0,0,0,0,0,0,0,0,0,0,0,0,0,0,0,0,42,252,140,251,150,255,150,255,81,249,38,255,32,255,70,255,2,0,154,255,0,0,128,2,41,41,97,9,0,255,255,0,0,0,0,171,89,115,121,254,253,254,253,0,12,136,76,32,17,160,89,85,66,115,254,181,254,255,255,191,255,255,3,175,5,0,4,0,0,0,0,136,128,112,104,0,0,96,0,0,0,2,254,6,254,0,0,0,0,0,36,6,130,6,0,0,0,0,0,1,9,1,9,184,0,0,16,0,0,16,60,255,0,0,0,0,0,0,0,0,0,0,0,0,0,0,0,0,42,252,140,251,150,255,150,255,81,249,38,255,32,255,70,255
2026-08-03_15-49-30,1,1051,0,0.0,0,10.0,1,1,2,0,154,255,0,0,128,2,41,41,97,9,0,255,255,0,0,0,0,171,89,115,121,254,253,254,253,0,12,136,76,32,17,160,89,85,66,115,254,181,254,255,255,191,255,255,3,175,5,0,4,0,0,0,0,136,128,112,104,0,0,96,0,0,0,2,254,6,254,0,0,0,0,0,36,6,130,6,0,0,0,0,0,1,9,1,9,184,0,0,16,0,0,16,60,255,0,0,0,0,0,0,0,0,0,0,0,0,0,0,0,0,42,252,140,251,150,255,150,255,81,249,38,255,32,255,70,255,2,0,168,255,0,0,132,2,41,41,97,9,0,255,255,0,0,0,0,147,89,91,121,254,253,254,253,0,12,136,76,32,17,160,89,85,66,91,254,181,254,255,255,191,255,255,3,175,5,0,4,0,0,0,0,136,128,112,104,0,0,96,0,0,0,2,254,6,254,0,0,0,0,0,36,6,130,6,0,0,0,0,0,1,9,1,9,184,0,0,16,0,0,16,60,255,0,0,0,0,0,0,0,0,0,0,0,0,0,0,0,0,42,252,140,251,150,255,150,255,81,249,38,255,32,255,70,255
2026-08-03_15-49-30,1,1052,0,0.0,0,10.0,1,1,2,0,168,255,0,0,132,2,41,41,97,9,0,255,255,0,0,0,0,147,89,91,121,254,253,254,253,0,12,136,76,32,17,160,89,85,66,91,254,181,254,255,255,191,255,255,3,175,5,0,4,0,0,0,0,136,128,112,104,0,0,96,0,0,0,2,254,6,254,0,0,0,0,0,36,6,130,6,0,0,0,0,0,1,9,1,9,184,0,0,16,0,0,16,60,255,0,0,0,0,0,0,0,0,0,0,0,0,0,0,0,0,42,252,140,251,150,255,150,255,81,249,38,255,32,255,70,255,2,0,140,255,0,0,136,2,41,41,97,9,0,255,255,0,0,0,0,171,89,115,121,254,253,254,253,0,12,136,76,32,17,160,89,85,66,115,254,181,254,255,255,191,255,255,3,175,5,0,4,0,0,0,0,136,128,112,104,0,0,96,0,0,0,2,254,6,254,0,0,0,0,0,36,6,130,6,0,0,0,0,0,1,9,1,9,184,0,0,16,0,0,16,60,255,0,0,0,0,0,0,0,0,0,0,0,0,0,0,0,0,42,252,140,251,150,255,150,255,81,249,38,255,32,255,70,255
2026-08-03_15-49-30,1,1053,0,0.0,0,10.0,1,1,2,0,140,255,0,0,136,2,41,41,97,9,0,255,255,0,0,0,0,171,89,115,121,254,253,254,253,0,12,136,76,32,17,160,89,85,66,115,254,181,254,255,255,191,255,255,3,175,5,0,4,0,0,0,0,136,128,112,104,0,0,96,0,0,0,2,254,6,254,0,0,0,0,0,36,6,130,6,0,0,0,0,0,1,9,1,9,184,0,0,16,0,0,16,60,255,0,0,0,0,0,0,0,0,0,0,0,0,0,0,0,0,42,252,140,251,150,255,150,255,81,249,38,255,32,255,70,255,2,0,193,255,0,0,140,2,41,41,97,9,0,255,255,0,0,0,0,147,89,91,121,254,253,254,253,0,12,136,76,32,17,160,89,85,66,91,254,181,254,255,255,191,255,255,3,175,5,0,4,0,0,0,0,136,128,112,104,0,0,96,0,0,0,2,254,6,254,0,0,0,0,0,36,6,130,6,0,0,0,0,0,1,9,1,9,184,0,0,16,0,0,16,60,255,0,0,0,0,0,0,0,0,0,0,0,0,0,0,0,0,42,252,140,251,150,255,150,255,81,249,38,255,32,255,70,255
2026-08-03_15-49-30,1,1054,0,0.0,0,10.0,1,1,2,0,193,255,0,0,140,2,41,41,97,9,0,255,255,0,0,0,0,147,89,91,121,254,253,254,253,0,12,136,76,32,17,160,89,85,66,91,254,181,254,255,255,191,255,255,3,175,5,0,4,0,0,0,0,136,128,112,104,0,0,96,0,0,0,2,254,6,254,0,0,0,0,0,36,6,130,6,0,0,0,0,0,1,9,1,9,184,0,0,16,0,0,16,60,255,0,0,0,0,0,0,0,0,0,0,0,0,0,0,0,0,42,252,140,251,150,255,150,255,81,249,38,255,32,255,70,255,2,0,29,255,0,0,144,2,41,41,97,9,0,255,255,0,0,0,0,171,89,115,121,254,253,254,253,0,12,136,76,32,17,160,89,85,66,115,254,181,254,255,255,191,255,255,3,175,5,0,4,0,0,0,0,136,128,112,104,0,0,96,0,0,0,2,254,6,254,0,0,0,0,0,36,6,130,6,0,0,0,0,0,1,9,1,9,184,0,0,16,0,0,16,60,255,0,0,0,0,0,0,0,0,0,0,0,0,0,0,0,0,42,252,140,251,150,255,150,255,81,249,38,255,32,255,70,255
2026-08-03_15-49-30,1,1055,0,0.0,0,10.0,1,1,2,0,29,255,0,0,144,2,41,41,97,9,0,255,255,0,0,0,0,171,89,115,121,254,253,254,253,0,12,136,76,32,17,160,89,85,66,115,254,181,254,255,255,191,255,255,3,175,5,0,4,0,0,0,0,136,128,112,104,0,0,96,0,0,0,2,254,6,254,0,0,0,0,0,36,6,130,6,0,0,0,0,0,1,9,1,9,184,0,0,16,0,0,16,60,255,0,0,0,0,0,0,0,0,0,0,0,0,0,0,0,0,42,252,140,251,150,255,150,255,81,249,38,255,32,255,70,255,2,0,213,255,0,0,148,2,41,41,97,9,0,255,255,0,0,0,0,147,89,91,121,254,253,254,253,0,12,136,76,32,17,160,89,85,66,91,254,181,254,255,255,191,255,255,3,175,5,0,4,0,0,0,0,136,128,112,104,0,0,96,0,0,0,2,254,6,254,0,0,0,0,0,36,6,130,6,0,0,0,0,0,1,9,1,9,184,0,0,16,0,0,16,60,255,0,0,0,0,0,0,0,0,0,0,0,0,0,0,0,0,42,252,140,251,150,255,150,255,81,249,38,255,32,255,70,255
2026-08-03_15-49-30,1,1056,0,0.0,0,10.0,1,1,2,0,213,255,0,0,148,2,41,41,97,9,0,255,255,0,0,0,0,147,89,91,121,254,253,254,253,0,12,136,76,32,17,160,89,85,66,91,254,181,254,255,255,191,255,255,3,175,5,0,4,0,0,0,0,136,128,112,104,0,0,96,0,0,0,2,254,6,254,0,0,0,0,0,36,6,130,6,0,0,0,0,0,1,9,1,9,184,0,0,16,0,0,16,60,255,0,0,0,0,0,0,0,0,0,0,0,0,0,0,0,0,42,252,140,251,150,255,150,255,81,249,38,255,32,255,70,255,2,0,87,255,0,0,152,2,41,41,97,9,0,255,255,0,0,0,0,171,89,115,121,254,253,254,253,0,12,136,76,32,17,160,89,85,66,115,254,181,254,255,255,191,255,255,3,175,5,0,4,0,0,0,0,136,128,112,104,0,0,96,0,0,0,2,254,6,254,0,0,0,0,0,36,6,130,6,0,0,0,0,0,1,9,1,9,184,0,0,16,0,0,16,60,255,0,0,0,0,0,0,0,0,0,0,0,0,0,0,0,0,42,252,140,251,150,255,150,255,81,249,38,255,32,255,70,255
2026-08-03_15-49-30,1,1057,0,0.0,0,10.0,1,1,2,0,87,255,0,0,152,2,41,41,97,9,0,255,255,0,0,0,0,171,89,115,121,254,253,254,253,0,12,136,76,32,17,160,89,85,66,115,254,181,254,255,255,191,255,255,3,175,5,0,4,0,0,0,0,136,128,112,104,0,0,96,0,0,0,2,254,6,254,0,0,0,0,0,36,6,130,6,0,0,0,0,0,1,9,1,9,184,0,0,16,0,0,16,60,255,0,0,0,0,0,0,0,0,0,0,0,0,0,0,0,0,42,252,140,251,150,255,150,255,81,249,38,255,32,255,70,255,2,0,124,255,0,0,156,2,41,41,97,9,0,255,255,0,0,0,0,147,89,91,121,254,253,254,253,0,12,136,76,32,17,160,89,85,66,91,254,181,254,255,255,191,255,255,3,175,5,0,4,0,0,0,0,136,128,112,104,0,0,96,0,0,0,2,254,6,254,0,0,0,0,0,36,6,130,6,0,0,0,0,0,1,9,1,9,184,0,0,16,0,0,16,60,255,0,0,0,0,0,0,0,0,0,0,0,0,0,0,0,0,42,252,140,251,150,255,150,255,81,249,38,255,32,255,70,255
2026-08-03_15-49-30,1,1058,0,0.0,0,10.0,1,1,2,0,124,255,0,0,156,2,41,41,97,9,0,255,255,0,0,0,0,147,89,91,121,254,253,254,253,0,12,136,76,32,17,160,89,85,66,91,254,181,254,255,255,191,255,255,3,175,5,0,4,0,0,0,0,136,128,112,104,0,0,96,0,0,0,2,254,6,254,0,0,0,0,0,36,6,130,6,0,0,0,0,0,1,9,1,9,184,0,0,16,0,0,16,60,255,0,0,0,0,0,0,0,0,0,0,0,0,0,0,0,0,42,252,140,251,150,255,150,255,81,249,38,255,32,255,70,255,2,0,202,255,0,0,160,2,41,41,97,9,0,255,255,0,0,0,0,171,89,115,121,254,253,254,253,0,12,136,76,32,17,160,89,85,66,115,254,181,254,255,255,191,255,255,3,175,5,0,4,0,0,0,0,136,128,112,104,0,0,96,0,0,0,2,254,6,254,0,0,0,0,0,36,6,130,6,0,0,0,0,0,1,9,1,9,184,0,0,16,0,0,16,60,255,0,0,0,0,0,0,0,0,0,0,0,0,0,0,0,0,42,252,140,251,150,255,150,255,81,249,38,255,32,255,70,255
2026-08-03_15-49-30,1,1059,0,0.0,0,10.0,1,1,2,0,202,255,0,0,160,2,41,41,97,9,0,255,255,0,0,0,0,171,89,115,121,254,253,254,253,0,12,136,76,32,17,160,89,85,66,115,254,181,254,255,255,191,255,255,3,175,5,0,4,0,0,0,0,136,128,112,104,0,0,96,0,0,0,2,254,6,254,0,0,0,0,0,36,6,130,6,0,0,0,0,0,1,9,1,9,184,0,0,16,0,0,16,60,255,0,0,0,0,0,0,0,0,0,0,0,0,0,0,0,0,42,252,140,251,150,255,150,255,81,249,38,255,32,255,70,255,2,0,161,255,0,0,164,2,41,41,97,9,0,255,255,0,0,0,0,147,89,91,121,254,253,254,253,0,12,136,76,32,17,160,89,85,66,91,254,181,254,255,255,191,255,255,3,175,5,0,4,0,0,0,0,136,128,112,104,0,0,96,0,0,0,2,254,6,254,0,0,0,0,0,36,6,130,6,0,0,0,0,0,1,9,1,9,184,0,0,16,0,0,16,60,255,0,0,0,0,0,0,0,0,0,0,0,0,0,0,0,0,42,252,140,251,150,255,150,255,81,249,38,255,32,255,70,255
2026-08-03_15-49-30,1,1060,0,0.0,0,10.0,1,1,2,0,161,255,0,0,164,2,41,41,97,9,0,255,255,0,0,0,0,147,89,91,121,254,253,254,253,0,12,136,76,32,17,160,89,85,66,91,254,181,254,255,255,191,255,255,3,175,5,0,4,0,0,0,0,136,128,112,104,0,0,96,0,0,0,2,254,6,254,0,0,0,0,0,36,6,130,6,0,0,0,0,0,1,9,1,9,184,0,0,16,0,0,16,60,255,0,0,0,0,0,0,0,0,0,0,0,0,0,0,0,0,42,252,140,251,150,255,150,255,81,249,38,255,32,255,70,255,2,0,19,255,0,0,168,2,41,41,97,9,0,255,255,0,0,0,0,171,89,115,121,254,253,254,253,0,12,136,76,32,17,160,89,85,66,115,254,181,254,255,255,191,255,255,3,175,5,0,4,0,0,0,0,136,128,112,104,0,0,96,0,0,0,2,254,6,254,0,0,0,0,0,36,6,130,6,0,0,0,0,0,1,9,1,9,184,0,0,16,0,0,16,60,255,0,0,0,0,0,0,0,0,0,0,0,0,0,0,0,0,42,252,140,251,150,255,150,255,81,249,38,255,32,255,70,255
2026-08-03_15-49-30,1,1061,0,0.0,0,10.0,1,1,2,0,19,255,0,0,168,2,41,41,97,9,0,255,255,0,0,0,0,171,89,115,121,254,253,254,253,0,12,136,76,32,17,160,89,85,66,115,254,181,254,255,255,191,255,255,3,175,5,0,4,0,0,0,0,136,128,112,104,0,0,96,0,0,0,2,254,6,254,0,0,0,0,0,36,6,130,6,0,0,0,0,0,1,9,1,9,184,0,0,16,0,0,16,60,255,0,0,0,0,0,0,0,0,0,0,0,0,0,0,0,0,42,252,140,251,150,255,150,255,81,249,38,255,32,255,70,255,2,0,63,255,0,0,172,2,41,41,97,9,0,255,255,0,0,0,0,147,89,91,121,254,253,254,253,0,12,136,76,32,17,160,89,85,66,91,254,181,254,255,255,191,255,255,3,175,5,0,4,0,0,0,0,136,128,112,104,0,0,96,0,0,0,2,254,6,254,0,0,0,0,0,36,6,130,6,0,0,0,0,0,1,9,1,9,184,0,0,16,0,0,16,60,255,0,0,0,0,0,0,0,0,0,0,0,0,0,0,0,0,42,252,140,251,150,255,150,255,81,249,38,255,32,255,70,255
2026-08-03_15-49-30,1,1062,0,0.0,0,10.0,1,1,2,0,63,255,0,0,172,2,41,41,97,9,0,255,255,0,0,0,0,147,89,91,121,254,253,254,253,0,12,136,76,32,17,160,89,85,66,91,254,181,254,255,255,191,255,255,3,175,5,0,4,0,0,0,0,136,128,112,104,0,0,96,0,0,0,2,254,6,254,0,0,0,0,0,36,6,130,6,0,0,0,0,0,1,9,1,9,184,0,0,16,0,0,16,60,255,0,0,0,0,0,0,0,0,0,0,0,0,0,0,0,0,42,252,140,251,150,255,150,255,81,249,38,255,32,255,70,255,2,0,252,255,0,0,176,2,41,41,97,9,0,255,255,0,0,0,0,171,89,115,121,254,253,254,253,0,12,136,76,32,17,160,89,85,66,115,254,181,254,255,255,191,255,255,3,175,5,0,4,0,0,0,0,136,128,112,104,0,0,96,0,0,0,2,254,6,254,0,0,0,0,0,36,6,130,6,0,0,0,0,0,1,9,1,9,184,0,0,16,0,0,16,60,255,0,0,0,0,0,0,0,0,0,0,0,0,0,0,0,0,42,252,140,251,150,255,150,255,81,249,38,255,32,255,70,255
2026-08-03_15-49-30,1,1063,0,0.0,0,10.0,1,1,2,0,252,255,0,0,176,2,41,41,97,9,0,255,255,0,0,0,0,171,89,115,121,254,253,254,253,0,12,136,76,32,17,160,89,85,66,115,254,181,254,255,255,191,255,255,3,175,5,0,4,0,0,0,0,136,128,112,104,0,0,96,0,0,0,2,254,6,254,0,0,0,0,0,36,6,130,6,0,0,0,0,0,1,9,1,9,184,0,0,16,0,0,16,60,255,0,0,0,0,0,0,0,0,0,0,0,0,0,0,0,0,42,252,140,251,150,255,150,255,81,249,38,255,32,255,70,255,2,0,194,255,0,0,180,2,41,41,97,9,0,255,255,0,0,0,0,147,89,91,121,254,253,254,253,0,12,136,76,32,17,160,89,85,66,91,254,181,254,255,255,191,255,255,3,175,5,0,4,0,0,0,0,136,128,112,104,0,0,96,0,0,0,2,254,6,254,0,0,0,0,0,36,6,130,6,0,0,0,0,0,1,9,1,9,184,0,0,16,0,0,16,60,255,0,0,0,0,0,0,0,0,0,0,0,0,0,0,0,0,42,252,140,251,150,255,150,255,81,249,38,255,32,255,70,255
2026-08-03_15-49-30,1,1064,0,0.0,0,10.0,1,1,2,0,194,255,0,0,180,2,41,41,97,9,0,255,255,0,0,0,0,147,89,91,121,254,253,254,253,0,12,136,76,32,17,160,89,85,66,91,254,181,254,255,255,191,255,255,3,175,5,0,4,0,0,0,0,136,128,112,104,0,0,96,0,0,0,2,254,6,254,0,0,0,0,0,36,6,130,6,0,0,0,0,0,1,9,1,9,184,0,0,16,0,0,16,60,255,0,0,0,0,0,0,0,0,0,0,0,0,0,0,0,0,42,252,140,251,150,255,150,255,81,249,38,255,32,255,70,255,2,0,47,255,0,0,184,2,41,41,97,9,0,255,255,0,0,0,0,171,89,115,121,254,253,254,253,0,12,136,76,32,17,160,89,85,66,115,254,181,254,255,255,191,255,255,3,175,5,0,4,0,0,0,0,136,128,112,104,0,0,96,0,0,0,2,254,6,254,0,0,0,0,0,36,6,130,6,0,0,0,0,0,1,9,1,9,184,0,0,16,0,0,16,60,255,0,0,0,0,0,0,0,0,0,0,0,0,0,0,0,0,42,252,140,251,150,255,150,255,81,249,38,255,32,255,70,255
2026-08-03_15-49-30,1,1065,0,0.0,0,10.0,1,1,2,0,47,255,0,0,184,2,41,41,97,9,0,255,255,0,0,0,0,171,89,115,121,254,253,254,253,0,12,136,76,32,17,160,89,85,66,115,254,181,254,255,255,191,255,255,3,175,5,0,4,0,0,0,0,136,128,112,104,0,0,96,0,0,0,2,254,6,254,0,0,0,0,0,36,6,130,6,0,0,0,0,0,1,9,1,9,184,0,0,16,0,0,16,60,255,0,0,0,0,0,0,0,0,0,0,0,0,0,0,0,0,42,252,140,251,150,255,150,255,81,249,38,255,32,255,70,255,2,0,241,255,0,0,188,2,41,41,97,9,0,255,255,0,0,0,0,147,89,91,121,254,253,254,253,0,12,136,76,32,17,160,89,85,66,91,254,181,254,255,255,191,255,255,3,175,5,0,4,0,0,0,0,136,128,112,104,0,0,96,0,0,0,2,254,6,254,0,0,0,0,0,36,6,130,6,0,0,0,0,0,1,9,1,9,184,0,0,16,0,0,16,60,255,0,0,0,0,0,0,0,0,0,0,0,0,0,0,0,0,42,252,140,251,150,255,150,255,81,249,38,255,32,255,70,255
2026-08-03_15-49-30,1,1066,0,0.0,0,10.0,1,1,2,0,241,255,0,0,188,2,41,41,97,9,0,255,255,0,0,0,0,147,89,91,121,254,253,254,253,0,12,136,76,32,17,160,89,85,66,91,254,181,254,255,255,191,255,255,3,175,5,0,4,0,0,0,0,136,128,112,104,0,0,96,0,0,0,2,254,6,254,0,0,0,0,0,36,6,130,6,0,0,0,0,0,1,9,1,9,184,0,0,16,0,0,16,60,255,0,0,0,0,0,0,0,0,0,0,0,0,0,0,0,0,42,252,140,251,150,255,150,255,81,249,38,255,32,255,70,255,2,0,26,255,0,0,192,2,41,41,97,9,0,255,255,0,0,0,0,171,89,115,121,254,253,254,253,0,12,136,76,32,17,160,89,85,66,115,254,181,254,255,255,191,255,255,3,175,5,0,4,0,0,0,0,136,128,112,104,0,0,96,0,0,0,2,254,6,254,0,0,0,0,0,36,6,130,6,0,0,0,0,0,1,9,1,9,184,0,0,16,0,0,16,60,255,0,0,0,0,0,0,0,0,0,0,0,0,0,0,0,0,42,252,140,251,150,255,150,255,81,249,38,255,32,255,70,255
2026-08-03_15-49-30,1,1067,0,0.0,0,10.0,1,1,2,0,26,255,0,0,192,2,41,41,97,9,0,255,255,0,0,0,0,171,89,115,121,254,253,254,253,0,12,136,76,32,17,160,89,85,66,115,254,181,254,255,255,191,255,255,3,175,5,0,4,0,0,0,0,136,128,112,104,0,0,96,0,0,0,2,254,6,254,0,0,0,0,0,36,6,130,6,0,0,0,0,0,1,9,1,9,184,0,0,16,0,0,16,60,255,0,0,0,0,0,0,0,0,0,0,0,0,0,0,0,0,42,252,140,251,150,255,150,255,81,249,38,255,32,255,70,255,2,0,160,255,0,0,196,2,41,41,97,9,0,255,255,0,0,0,0,147,89,91,121,254,253,254,253,0,12,136,76,32,17,160,89,85,66,91,254,181,254,255,255,191,255,255,3,175,5,0,4,0,0,0,0,136,128,112,104,0,0,96,0,0,0,2,254,6,254,0,0,0,0,0,36,6,130,6,0,0,0,0,0,1,9,1,9,184,0,0,16,0,0,16,60,255,0,0,0,0,0,0,0,0,0,0,0,0,0,0,0,0,42,252,140,251,150,255,150,255,81,249,38,255,32,255,70,255
2026-08-03_15-49-30,1,1068,0,0.0,0,10.0,1,1,2,0,160,255,0,0,196,2,41,41,97,9,0,255,255,0,0,0,0,147,89,91,121,254,253,254,253,0,12,136,76,32,17,160,89,85,66,91,254,181,254,255,255,191,255,255,3,175,5,0,4,0,0,0,0,136,128,112,104,0,0,96,0,0,0,2,254,6,254,0,0,0,0,0,36,6,130,6,0,0,0,0,0,1,9,1,9,184,0,0,16,0,0,16,60,255,0,0,0,0,0,0,0,0,0,0,0,0,0,0,0,0,42,252,140,251,150,255,150,255,81,249,38,255,32,255,70,255,2,0,2,255,0,0,200,2,41,41,97,9,0,255,255,0,0,0,0,171,89,115,121,254,253,254,253,0,12,136,76,32,17,160,89,85,66,115,254,181,254,255,255,191,255,255,3,175,5,0,4,0,0,0,0,136,128,112,104,0,0,96,0,0,0,2,254,6,254,0,0,0,0,0,36,6,130,6,0,0,0,0,0,1,9,1,9,184,0,0,16,0,0,16,60,255,0,0,0,0,0,0,0,0,0,0,0,0,0,0,0,0,42,252,140,251,150,255,150,255,81,249,38,255,32,255,70,255
2026-08-03_15-49-30,1,1069,0,0.0,0,10.0,1,1,2,0,2,255,0,0,200,2,41,41,97,9,0,255,255,0,0,0,0,171,89,115,121,254,253,254,253,0,12,136,76,32,17,160,89,85,66,115,254,181,254,255,255,191,255,255,3,175,5,0,4,0,0,0,0,136,128,112,104,0,0,96,0,0,0,2,254,6,254,0,0,0,0,0,36,6,130,6,0,0,0,0,0,1,9,1,9,184,0,0,16,0,0,16,60,255,0,0,0,0,0,0,0,0,0,0,0,0,0,0,0,0,42,252,140,251,150,255,150,255,81,249,38,255,32,255,70,255,2,0,35,255,0,0,204,2,41,41,97,9,0,255,255,0,0,0,0,147,89,91,121,254,253,254,253,0,12,136,76,32,17,160,89,85,66,91,254,181,254,255,255,191,255,255,3,175,5,0,4,0,0,0,0,136,128,112,104,0,0,96,0,0,0,2,254,6,254,0,0,0,0,0,36,6,130,6,0,0,0,0,0,1,9,1,9,184,0,0,16,0,0,16,60,255,0,0,0,0,0,0,0,0,0,0,0,0,0,0,0,0,42,252,140,251,150,255,150,255,81,249,38,255,32,255,70,255
2026-08-03_15-49-30,1,1070,0,0.0,0,10.0,1,1,2,0,35,255,0,0,204,2,41,41,97,9,0,255,255,0,0,0,0,147,89,91,121,254,253,254,253,0,12,136,76,32,17,160,89,85,66,91,254,181,254,255,255,191,255,255,3,175,5,0,4,0,0,0,0,136,128,112,104,0,0,96,0,0,0,2,254,6,254,0,0,0,0,0,36,6,130,6,0,0,0,0,0,1,9,1,9,184,0,0,16,0,0,16,60,255,0,0,0,0,0,0,0,0,0,0,0,0,0,0,0,0,42,252,140,251,150,255,150,255,81,249,38,255,32,255,70,255,2,0,56,255,0,0,208,2,41,41,97,9,0,255,255,0,0,0,0,171,89,115,121,254,253,254,253,0,12,136,76,32,17,160,89,85,66,115,254,181,254,255,255,191,255,255,3,175,5,0,4,0,0,0,0,136,128,112,104,0,0,96,0,0,0,2,254,6,254,0,0,0,0,0,36,6,130,6,0,0,0,0,0,1,9,1,9,184,0,0,16,0,0,16,60,255,0,0,0,0,0,0,0,0,0,0,0,0,0,0,0,0,42,252,140,251,150,255,150,255,81,249,38,255,32,255,70,255
2026-08-03_15-49-30,1,1071,0,0.0,0,10.0,1,1,2,0,56,255,0,0,208,2,41,41,97,9,0,255,255,0,0,0,0,171,89,115,121,254,253,254,253,0,12,136,76,32,17,160,89,85,66,115,254,181,254,255,255,191,255,255,3,175,5,0,4,0,0,0,0,136,128,112,104,0,0,96,0,0,0,2,254,6,254,0,0,0,0,0,36,6,130,6,0,0,0,0,0,1,9,1,9,184,0,0,16,0,0,16,60,255,0,0,0,0,0,0,0,0,0,0,0,0,0,0,0,0,42,252,140,251,150,255,150,255,81,249,38,255,32,255,70,255,2,0,137,255,0,0,212,2,41,41,97,9,0,255,255,0,0,0,0,147,89,91,121,254,253,254,253,0,12,136,76,32,17,160,89,85,66,91,254,181,254,255,255,191,255,255,3,175,5,0,4,0,0,0,0,136,128,112,104,0,0,96,0,0,0,2,254,6,254,0,0,0,0,0,36,6,130,6,0,0,0,0,0,1,9,1,9,184,0,0,16,0,0,16,60,255,0,0,0,0,0,0,0,0,0,0,0,0,0,0,0,0,42,252,140,251,150,255,150,255,81,249,38,255,32,255,70,255
2026-08-03_15-49-30,1,1072,0,0.0,0,10.0,1,1,2,0,137,255,0,0,212,2,41,41,97,9,0,255,255,0,0,0,0,147,89,91,121,254,253,254,253,0,12,136,76,32,17,160,89,85,66,91,254,181,254,255,255,191,255,255,3,175,5,0,4,0,0,0,0,136,128,112,104,0,0,96,0,0,0,2,254,6,254,0,0,0,0,0,36,6,130,6,0,0,0,0,0,1,9,1,9,184,0,0,16,0,0,16,60,255,0,0,0,0,0,0,0,0,0,0,0,0,0,0,0,0,42,252,140,251,150,255,150,255,81,249,38,255,32,255,70,255,2,0,151,255,0,0,216,2,41,41,97,9,0,255,255,0,0,0,0,171,89,115,121,254,253,254,253,0,12,136,76,32,17,160,89,85,66,115,254,181,254,255,255,191,255,255,3,175,5,0,4,0,0,0,0,136,128,112,104,0,0,96,0,0,0,2,254,6,254,0,0,0,0,0,36,6,130,6,0,0,0,0,0,1,9,1,9,184,0,0,16,0,0,16,60,255,0,0,0,0,0,0,0,0,0,0,0,0,0,0,0,0,42,252,140,251,150,255,150,255,81,249,38,255,32,255,70,255
2026-08-03_15-49-30,1,1073,0,0.0,0,10.0,1,1,2,0,151,255,0,0,216,2,41,41,97,9,0,255,255,0,0,0,0,171,89,115,121,254,253,254,253,0,12,136,76,32,17,160,89,85,66,115,254,181,254,255,255,191,255,255,3,175,5,0,4,0,0,0,0,136,128,112,104,0,0,96,0,0,0,2,254,6,254,0,0,0,0,0,36,6,130,6,0,0,0,0,0,1,9,1,9,184,0,0,16,0,0,16,60,255,0,0,0,0,0,0,0,0,0,0,0,0,0,0,0,0,42,252,140,251,150,255,150,255,81,249,38,255,32,255,70,255,2,0,112,255,0,0,220,2,41,41,97,9,0,255,255,0,0,0,0,147,89,91,121,254,253,254,253,0,12,136,76,32,17,160,89,85,66,91,254,181,254,255,255,191,255,255,3,175,5,0,4,0,0,0,0,136,128,112,104,0,0,96,0,0,0,2,254,6,254,0,0,0,0,0,36,6,130,6,0,0,0,0,0,1,9,1,9,184,0,0,16,0,0,16,60,255,0,0,0,0,0,0,0,0,0,0,0,0,0,0,0,0,42,252,140,251,150,255,150,255,81,249,38,255,32,255,70,255
2026-08-03_15-49-30,1,1074,0,0.0,0,10.0,1,1,2,0,112,255,0,0,220,2,41,41,97,9,0,255,255,0,0,0,0,147,89,91,121,254,253,254,253,0,12,136,76,32,17,160,89,85,66,91,254,181,254,255,255,191,255,255,3,175,5,0,4,0,0,0,0,136,128,112,104,0,0,96,0,0,0,2,254,6,254,0,0,0,0,0,36,6,130,6,0,0,0,0,0,1,9,1,9,184,0,0,16,0,0,16,60,255,0,0,0,0,0,0,0,0,0,0,0,0,0,0,0,0,42,252,140,251,150,255,150,255,81,249,38,255,32,255,70,255,2,0,3,255,0,0,224,2,41,41,97,9,0,255,255,0,0,0,0,171,89,115,121,254,253,254,253,0,12,136,76,32,17,160,89,85,66,115,254,181,254,255,255,191,255,255,3,175,5,0,4,0,0,0,0,136,128,112,104,0,0,96,0,0,0,2,254,6,254,0,0,0,0,0,36,6,130,6,0,0,0,0,0,1,9,1,9,184,0,0,16,0,0,16,60,255,0,0,0,0,0,0,0,0,0,0,0,0,0,0,0,0,42,252,140,251,150,255,150,255,81,249,38,255,32,255,70,255
2026-08-03_15-49-30,1,1075,0,0.0,0,10.0,1,1,2,0,3,255,0,0,224,2,41,41,97,9,0,255,255,0,0,0,0,171,89,115,121,254,253,254,253,0,12,136,76,32,17,160,89,85,66,115,254,181,254,255,255,191,255,255,3,175,5,0,4,0,0,0,0,136,128,112,104,0,0,96,0,0,0,2,254,6,254,0,0,0,0,0,36,6,130,6,0,0,0,0,0,1,9,1,9,184,0,0,16,0,0,16,60,255,0,0,0,0,0,0,0,0,0,0,0,0,0,0,0,0,42,252,140,251,150,255,150,255,81,249,38,255,32,255,70,255,2,0,50,255,0,0,228,2,41,41,97,9,0,255,255,0,0,0,0,147,89,91,121,254,253,254,253,0,12,136,76,32,17,160,89,85,66,91,254,181,254,255,255,191,255,255,3,175,5,0,4,0,0,0,0,136,128,112,104,0,0,96,0,0,0,2,254,6,254,0,0,0,0,0,36,6,130,6,0,0,0,0,0,1,9,1,9,184,0,0,16,0,0,16,60,255,0,0,0,0,0,0,0,0,0,0,0,0,0,0,0,0,42,252,140,251,150,255,150,255,81,249,38,255,32,255,70,255
2026-08-03_15-49-30,1,1076,0,0.0,0,10.0,1,1,2,0,50,255,0,0,228,2,41,41,97,9,0,255,255,0,0,0,0,147,89,91,121,254,253,254,253,0,12,136,76,32,17,160,89,85,66,91,254,181,254,255,255,191,255,255,3,175,5,0,4,0,0,0,0,136,128,112,104,0,0,96,0,0,0,2,254,6,254,0,0,0,0,0,36,6,130,6,0,0,0,0,0,1,9,1,9,184,0,0,16,0,0,16,60,255,0,0,0,0,0,0,0,0,0,0,0,0,0,0,0,0,42,252,140,251,150,255,150,255,81,249,38,255,32,255,70,255,2,0,36,255,0,0,232,2,41,41,97,9,0,255,255,0,0,0,0,171,89,115,121,254,253,254,253,0,12,136,76,32,17,160,89,85,66,115,254,181,254,255,255,191,255,255,3,175,5,0,4,0,0,0,0,136,128,112,104,0,0,96,0,0,0,2,254,6,254,0,0,0,0,0,36,6,130,6,0,0,0,0,0,1,9,1,9,184,0,0,16,0,0,16,60,255,0,0,0,0,0,0,0,0,0,0,0,0,0,0,0,0,42,252,140,251,150,255,150,255,81,249,38,255,32,255,70,255
2026-08-03_15-49-30,1,1077,0,0.0,0,10.0,1,1,2,0,36,255,0,0,232,2,41,41,97,9,0,255,255,0,0,0,0,171,89,115,121,254,253,254,253,0,12,136,76,32,17,160,89,85,66,115,254,181,254,255,255,191,255,255,3,175,5,0,4,0,0,0,0,136,128,112,104,0,0,96,0,0,0,2,254,6,254,0,0,0,0,0,36,6,130,6,0,0,0,0,0,1,9,1,9,184,0,0,16,0,0,16,60,255,0,0,0,0,0,0,0,0,0,0,0,0,0,0,0,0,42,252,140,251,150,255,150,255,81,249,38,255,32,255,70,255,2,0,77,255,0,0,236,2,41,41,97,9,0,255,255,0,0,0,0,147,89,91,121,254,253,254,253,0,12,136,76,32,17,160,89,85,66,91,254,181,254,255,255,191,255,255,3,175,5,0,4,0,0,0,0,136,128,112,104,0,0,96,0,0,0,2,254,6,254,0,0,0,0,0,36,6,130,6,0,0,0,0,0,1,9,1,9,184,0,0,16,0,0,16,60,255,0,0,0,0,0,0,0,0,0,0,0,0,0,0,0,0,42,252,140,251,150,255,150,255,81,249,38,255,32,255,70,255
2026-08-03_15-49-30,1,1078,0,0.0,0,10.0,1,1,2,0,77,255,0,0,236,2,41,41,97,9,0,255,255,0,0,0,0,147,89,91,121,254,253,254,253,0,12,136,76,32,17,160,89,85,66,91,254,181,254,255,255,191,255,255,3,175,5,0,4,0,0,0,0,136,128,112,104,0,0,96,0,0,0,2,254,6,254,0,0,0,0,0,36,6,130,6,0,0,0,0,0,1,9,1,9,184,0,0,16,0,0,16,60,255,0,0,0,0,0,0,0,0,0,0,0,0,0,0,0,0,42,252,140,251,150,255,150,255,81,249,38,255,32,255,70,255,2,0,220,255,0,0,240,2,41,41,97,9,0,255,255,0,0,0,0,171,89,115,121,254,253,254,253,0,12,136,76,32,17,160,89,85,66,115,254,181,254,255,255,191,255,255,3,175,5,0,4,0,0,0,0,136,128,112,104,0,0,96,0,0,0,2,254,6,254,0,0,0,0,0,36,6,130,6,0,0,0,0,0,1,9,1,9,184,0,0,16,0,0,16,60,255,0,0,0,0,0,0,0,0,0,0,0,0,0,0,0,0,42,252,140,251,150,255,150,255,81,249,38,255,32,255,70,255
2026-08-03_15-49-30,1,1079,0,0.0,0,10.0,1,1,2,0,220,255,0,0,240,2,41,41,97,9,0,255,255,0,0,0,0,171,89,115,121,254,253,254,253,0,12,136,76,32,17,160,89,85,66,115,254,181,254,255,255,191,255,255,3,175,5,0,4,0,0,0,0,136,128,112,104,0,0,96,0,0,0,2,254,6,254,0,0,0,0,0,36,6,130,6,0,0,0,0,0,1,9,1,9,184,0,0,16,0,0,16,60,255,0,0,0,0,0,0,0,0,0,0,0,0,0,0,0,0,42,252,140,251,150,255,150,255,81,249,38,255,32,255,70,255,2,0,200,255,0,0,244,2,41,41,97,9,0,255,255,0,0,0,0,147,89,91,121,254,253,254,253,0,12,136,76,32,17,160,89,85,66,91,254,181,254,255,255,191,255,255,3,175,5,0,4,0,0,0,0,136,128,112,104,0,0,96,0,0,0,2,254,6,254,0,0,0,0,0,36,6,130,6,0,0,0,0,0,1,9,1,9,184,0,0,16,0,0,16,60,255,0,0,0,0,0,0,0,0,0,0,0,0,0,0,0,0,42,252,140,251,150,255,150,255,81,249,38,255,32,255,70,255
2026-08-03_15-49-30,1,1080,0,0.0,0,10.0,1,1,2,0,200,255,0,0,244,2,41,41,97,9,0,255,255,0,0,0,0,147,89,91,121,254,253,254,253,0,12,136,76,32,17,160,89,85,66,91,254,181,254,255,255,191,255,255,3,175,5,0,4,0,0,0,0,136,128,112,104,0,0,96,0,0,0,2,254,6,254,0,0,0,0,0,36,6,130,6,0,0,0,0,0,1,9,1,9,184,0,0,16,0,0,16,60,255,0,0,0,0,0,0,0,0,0,0,0,0,0,0,0,0,42,252,140,251,150,255,150,255,81,249,38,255,32,255,70,255,2,0,130,255,0,0,248,2,41,41,97,9,0,255,255,0,0,0,0,171,89,115,121,254,253,254,253,0,12,136,76,32,17,160,89,85,66,115,254,181,254,255,255,191,255,255,3,175,5,0,4,0,0,0,0,136,128,112,104,0,0,96,0,0,0,2,254,6,254,0,0,0,0,0,36,6,130,6,0,0,0,0,0,1,9,1,9,184,0,0,16,0,0,16,60,255,0,0,0,0,0,0,0,0,0,0,0,0,0,0,0,0,42,252,140,251,150,255,150,255,81,249,38,255,32,255,70,255
2026-08-03_15-49-30,1,1081,0,0.0,0,10.0,1,1,2,0,130,255,0,0,248,2,41,41,97,9,0,255,255,0,0,0,0,171,89,115,121,254,253,254,253,0,12,136,76,32,17,160,89,85,66,115,254,181,254,255,255,191,255,255,3,175,5,0,4,0,0,0,0,136,128,112,104,0,0,96,0,0,0,2,254,6,254,0,0,0,0,0,36,6,130,6,0,0,0,0,0,1,9,1,9,184,0,0,16,0,0,16,60,255,0,0,0,0,0,0,0,0,0,0,0,0,0,0,0,0,42,252,140,251,150,255,150,255,81,249,38,255,32,255,70,255,2,0,43,255,0,0,252,2,41,41,97,9,0,255,255,0,0,0,0,147,89,91,121,254,253,254,253,0,12,136,76,32,17,160,89,85,66,91,254,181,254,255,255,191,255,255,3,175,5,0,4,0,0,0,0,136,128,112,104,0,0,96,0,0,0,2,254,6,254,0,0,0,0,0,36,6,130,6,0,0,0,0,0,1,9,1,9,184,0,0,16,0,0,16,60,255,0,0,0,0,0,0,0,0,0,0,0,0,0,0,0,0,42,252,140,251,150,255,150,255,81,249,38,255,32,255,70,255
2026-08-03_15-49-30,1,1082,0,0.0,0,10.0,1,1,2,0,43,255,0,0,252,2,41,41,97,9,0,255,255,0,0,0,0,147,89,91,121,254,253,254,253,0,12,136,76,32,17,160,89,85,66,91,254,181,254,255,255,191,255,255,3,175,5,0,4,0,0,0,0,136,128,112,104,0,0,96,0,0,0,2,254,6,254,0,0,0,0,0,36,6,130,6,0,0,0,0,0,1,9,1,9,184,0,0,16,0,0,16,60,255,0,0,0,0,0,0,0,0,0,0,0,0,0,0,0,0,42,252,140,251,150,255,150,255,81,249,38,255,32,255,70,255,2,0,182,255,0,0,0,3,41,41,97,9,0,255,255,0,0,0,0,171,89,115,121,254,253,254,253,0,12,136,76,32,17,160,89,85,66,115,254,181,254,255,255,191,255,255,3,175,5,0,4,0,0,0,0,136,128,112,104,0,0,96,0,0,0,2,254,6,254,0,0,0,0,0,36,6,130,6,0,0,0,0,0,1,9,1,9,184,0,0,16,0,0,16,60,255,0,0,0,0,0,0,0,0,0,0,0,0,0,0,0,0,42,252,140,251,150,255,150,255,81,249,38,255,32,255,70,255
2026-08-03_15-49-30,1,1083,0,0.0,0,10.0,1,1,2,0,182,255,0,0,0,3,41,41,97,9,0,255,255,0,0,0,0,171,89,115,121,254,253,254,253,0,12,136,76,32,17,160,89,85,66,115,254,181,254,255,255,191,255,255,3,175,5,0,4,0,0,0,0,136,128,112,104,0,0,96,0,0,0,2,254,6,254,0,0,0,0,0,36,6,130,6,0,0,0,0,0,1,9,1,9,184,0,0,16,0,0,16,60,255,0,0,0,0,0,0,0,0,0,0,0,0,0,0,0,0,42,252,140,251,150,255,150,255,81,249,38,255,32,255,70,255,2,0,107,255,0,0,4,3,41,41,97,9,0,255,255,0,0,0,0,147,89,91,121,254,253,254,253,0,12,136,76,32,17,160,89,85,66,91,254,181,254,255,255,191,255,255,3,175,5,0,4,0,0,0,0,136,128,112,104,0,0,96,0,0,0,2,254,6,254,0,0,0,0,0,36,6,130,6,0,0,0,0,0,1,9,1,9,184,0,0,16,0,0,16,60,255,0,0,0,0,0,0,0,0,0,0,0,0,0,0,0,0,42,252,140,251,150,255,150,255,81,249,38,255,32,255,70,255
2026-08-03_15-49-30,1,1084,0,0.0,0,10.0,1,1,2,0,107,255,0,0,4,3,41,41,97,9,0,255,255,0,0,0,0,147,89,91,121,254,253,254,253,0,12,136,76,32,17,160,89,85,66,91,254,181,254,255,255,191,255,255,3,175,5,0,4,0,0,0,0,136,128,112,104,0,0,96,0,0,0,2,254,6,254,0,0,0,0,0,36,6,130,6,0,0,0,0,0,1,9,1,9,184,0,0,16,0,0,16,60,255,0,0,0,0,0,0,0,0,0,0,0,0,0,0,0,0,42,252,140,251,150,255,150,255,81,249,38,255,32,255,70,255,2,0,178,255,0,0,8,3,41,41,97,9,0,255,255,0,0,0,0,171,89,115,121,254,253,254,253,0,12,136,76,32,17,160,89,85,66,115,254,181,254,255,255,191,255,255,3,175,5,0,4,0,0,0,0,136,128,112,104,0,0,96,0,0,0,2,254,6,254,0,0,0,0,0,36,6,130,6,0,0,0,0,0,1,9,1,9,184,0,0,16,0,0,16,60,255,0,0,0,0,0,0,0,0,0,0,0,0,0,0,0,0,42,252,140,251,150,255,150,255,81,249,38,255,32,255,70,255
2026-08-03_15-49-30,1,1085,3,0.0,0,10.0,1,1,2,0,178,255,0,0,8,3,41,41,97,9,0,255,255,0,0,0,0,171,89,115,121,254,253,254,253,0,12,136,76,32,17,160,89,85,66,115,254,181,254,255,255,191,255,255,3,175,5,0,4,0,0,0,0,136,128,112,104,0,0,96,0,0,0,2,254,6,254,0,0,0,0,0,36,6,130,6,0,0,0,0,0,1,9,1,9,184,0,0,16,0,0,16,60,255,0,0,0,0,0,0,0,0,0,0,0,0,0,0,0,0,42,252,140,251,150,255,150,255,81,249,38,255,32,255,70,255,2,0,44,255,0,0,12,0,41,41,97,9,0,255,255,0,0,255,0,147,89,91,121,254,253,254,253,255,14,136,75,32,17,144,89,101,66,91,254,181,254,127,255,191,255,175,126,175,20,2,4,0,0,0,0,136,128,112,104,32,0,176,0,0,0,2,254,6,254,0,0,0,0,0,36,6,130,6,0,0,0,0,0,1,9,1,9,184,0,0,16,0,0,16,60,255,0,0,0,0,0,0,0,0,0,0,0,0,0,0,0,0,42,252,140,251,54,251,250,250,98,249,38,255,32,255,70,255
2026-08-03_15-49-30,1,1086,3,0.0,0,10.0,1,1,2,0,44,255,0,0,12,0,41,41,97,9,0,255,255,0,0,255,0,147,89,91,121,254,253,254,253,255,14,136,75,32,17,144,89,101,66,91,254,181,254,127,255,191,255,175,126,175,20,2,4,0,0,0,0,136,128,112,104,32,0,176,0,0,0,2,254,6,254,0,0,0,0,0,36,6,130,6,0,0,0,0,0,1,9,1,9,184,0,0,16,0,0,16,60,255,0,0,0,0,0,0,0,0,0,0,0,0,0,0,0,0,42,252,140,251,54,251,250,250,98,249,38,255,32,255,70,255,2,0,195,255,0,0,16,0,41,41,97,9,0,255,255,0,0,255,0,171,89,115,121,254,253,254,253,255,16,136,73,32,17,97,89,148,66,115,254,181,254,127,255,191,255,175,126,175,20,2,4,0,0,0,0,136,128,112,104,64,0,112,0,0,0,2,254,6,254,0,0,0,0,0,36,6,130,6,0,0,0,0,0,1,9,1,9,184,0,0,16,0,0,16,60,255,0,0,0,0,0,0,0,0,0,0,0,0,0,0,0,0,42,252,140,251,54,251,250,250,98,249,38,255,32,255,70,255
2026-08-03_15-49-30,1,1087,3,0.0,0,10.0,1,1,2,0,195,255,0,0,16,0,41,41,97,9,0,255,255,0,0,255,0,171,89,115,121,254,253,254,253,255,16,136,73,32,17,97,89,148,66,115,254,181,254,127,255,191,255,175,126,175,20,2,4,0,0,0,0,136,128,112,104,64,0,112,0,0,0,2,254,6,254,0,0,0,0,0,36,6,130,6,0,0,0,0,0,1,9,1,9,184,0,0,16,0,0,16,60,255,0,0,0,0,0,0,0,0,0,0,0,0,0,0,0,0,42,252,140,251,54,251,250,250,98,249,38,255,32,255,70,255,2,0,62,255,0,0,20,0,41,41,97,9,0,255,255,0,0,255,0,147,89,91,121,254,253,254,253,255,18,136,71,32,17,65,89,164,66,91,254,181,254,127,255,191,255,175,126,175,20,2,4,0,0,0,0,136,128,112,104,96,0,48,0,0,0,2,254,6,254,0,0,0,0,0,36,6,130,6,0,0,0,0,0,1,9,1,9,184,0,0,16,0,0,16,60,255,0,0,0,0,0,0,0,0,0,0,0,0,0,0,0,0,42,252,140,251,54,251,250,250,98,249,38,255,32,255,70,255
2026-08-03_15-49-30,1,1088,3,0.0,0,10.0,1,1,2,0,62,255,0,0,20,0,41,41,97,9,0,255,255,0,0,255,0,147,89,91,121,254,253,254,253,255,18,136,71,32,17,65,89,164,66,91,254,181,254,127,255,191,255,175,126,175,20,2,4,0,0,0,0,136,128,112,104,96,0,48,0,0,0,2,254,6,254,0,0,0,0,0,36,6,130,6,0,0,0,0,0,1,9,1,9,184,0,0,16,0,0,16,60,255,0,0,0,0,0,0,0,0,0,0,0,0,0,0,0,0,42,252,140,251,54,251,250,250,98,249,38,255,32,255,70,255,2,0,237,255,0,0,24,0,41,41,97,9,0,255,255,0,0,255,0,171,89,115,121,254,253,254,253,255,20,136,70,32,17,33,89,196,66,115,254,181,254,127,255,191,255,175,126,175,20,2,4,0,0,0,0,136,128,112,104,128,0,240,0,0,0,2,254,6,254,0,0,0,0,0,36,6,130,6,0,0,0,0,0,1,9,1,9,184,0,0,16,0,0,16,60,255,0,0,0,0,0,0,0,0,0,0,0,0,0,0,0,0,42,252,140,251,54,251,250,250,98,249,38,255,32,255,70,255
2026-08-03_15-49-30,1,1089,0,0.0,0,10.0,1,1,2,0,237,255,0,0,24,0,41,41,97,9,0,255,255,0,0,255,0,171,89,115,121,254,253,254,253,255,20,136,70,32,17,33,89,196,66,115,254,181,254,127,255,191,255,175,126,175,20,2,4,0,0,0,0,136,128,112,104,128,0,240,0,0,0,2,254,6,254,0,0,0,0,0,36,6,130,6,0,0,0,0,0,1,9,1,9,184,0,0,16,0,0,16,60,255,0,0,0,0,0,0,0,0,0,0,0,0,0,0,0,0,42,252,140,251,54,251,250,250,98,249,38,255,32,255,70,255,2,0,222,255,0,0,28,0,41,41,97,9,0,255,255,0,0,255,0,147,89,91,121,254,253,254,253,255,22,136,68,32,17,241,89,228,66,91,254,181,254,127,255,191,255,175,126,175,19,2,4,0,0,12,0,136,128,112,104,160,0,176,0,0,0,2,254,6,254,0,0,0,0,0,36,6,130,6,0,0,0,0,0,1,9,1,9,184,0,0,16,0,0,16,60,255,0,0,0,0,0,0,0,0,0,0,0,0,0,0,0,0,126,252,128,251,54,251,250,250,98,249,38,255,32,255,70,255
2026-08-03_15-49-30,1,1090,0,0.0,0,10.0,1,1,2,0,222,255,0,0,28,0,41,41,97,9,0,255,255,0,0,255,0,147,89,91,121,254,253,254,253,255,22,136,68,32,17,241,89,228,66,91,254,181,254,127,255,191,255,175,126,175,19,2,4,0,0,12,0,136,128,112,104,160,0,176,0,0,0,2,254,6,254,0,0,0,0,0,36,6,130,6,0,0,0,0,0,1,9,1,9,184,0,0,16,0,0,16,60,255,0,0,0,0,0,0,0,0,0,0,0,0,0,0,0,0,126,252,128,251,54,251,250,250,98,249,38,255,32,255,70,255,2,0,235,255,0,0,32,0,41,41,95,9,0,255,255,0,0,255,0,171,89,129,121,254,253,254,253,255,24,136,68,32,17,209,89,228,66,128,254,181,254,127,255,239,255,175,222,175,19,0,4,0,0,12,0,136,128,112,104,56,0,112,0,0,0,2,254,6,254,0,0,0,0,0,36,6,130,6,0,0,0,0,0,1,9,1,9,184,0,0,16,0,0,16,60,255,0,0,0,0,0,0,0,0,0,0,0,0,0,0,0,0,126,252,128,251,54,251,250,250,98,249,38,255,32,255,70,255
2026-08-03_15-49-30,1,1091,0,0.0,0,10.0,1,1,2,0,235,255,0,0,32,0,41,41,95,9,0,255,255,0,0,255,0,171,89,129,121,254,253,254,253,255,24,136,68,32,17,209,89,228,66,128,254,181,254,127,255,239,255,175,222,175,19,0,4,0,0,12,0,136,128,112,104,56,0,112,0,0,0,2,254,6,254,0,0,0,0,0,36,6,130,6,0,0,0,0,0,1,9,1,9,184,0,0,16,0,0,16,60,255,0,0,0,0,0,0,0,0,0,0,0,0,0,0,0,0,126,252,128,251,54,251,250,250,98,249,38,255,32,255,70,255,2,0,186,255,0,0,36,0,41,41,93,9,0,255,255,0,0,255,0,147,89,106,121,254,253,254,253,255,24,136,68,32,17,209,89,228,66,128,254,181,254,127,255,239,255,175,222,175,19,0,4,0,0,12,0,136,128,112,104,56,0,48,0,0,0,2,254,6,254,0,0,0,0,0,36,6,130,6,0,0,0,0,0,1,9,1,9,184,0,0,16,0,0,16,60,255,0,0,0,0,0,0,0,0,0,0,0,0,0,0,0,0,126,252,128,251,54,251,250,250,98,249,38,255,32,255,70,255
2026-08-03_15-49-30,1,1092,0,0.0,0,10.0,1,1,2,0,186,255,0,0,36,0,41,41,93,9,0,255,255,0,0,255,0,147,89,106,121,254,253,254,253,255,24,136,68,32,17,209,89,228,66,128,254,181,254,127,255,239,255,175,222,175,19,0,4,0,0,12,0,136,128,112,104,56,0,48,0,0,0,2,254,6,254,0,0,0,0,0,36,6,130,6,0,0,0,0,0,1,9,1,9,184,0,0,16,0,0,16,60,255,0,0,0,0,0,0,0,0,0,0,0,0,0,0,0,0,126,252,128,251,54,251,250,250,98,249,38,255,32,255,70,255,2,0,162,255,0,0,40,0,41,41,92,9,0,255,255,0,0,255,0,171,89,132,121,254,253,254,253,255,24,136,68,32,17,209,89,228,66,128,254,181,254,127,255,239,255,175,222,175,19,0,4,0,0,12,0,136,128,112,104,56,0,240,0,0,0,2,254,6,254,0,0,0,0,0,36,6,130,6,0,0,0,0,0,1,9,1,9,184,0,0,16,0,0,16,60,255,0,0,0,0,0,0,0,0,0,0,0,0,0,0,0,0,126,252,128,251,54,251,250,250,98,249,38,255,32,255,70,255
2026-08-03_15-49-30,1,1093,0,0.0,0,10.0,1,1,2,0,162,255,0,0,40,0,41,41,92,9,0,255,255,0,0,255,0,171,89,132,121,254,253,254,253,255,24,136,68,32,17,209,89,228,66,128,254,181,254,127,255,239,255,175,222,175,19,0,4,0,0,12,0,136,128,112,104,56,0,240,0,0,0,2,254,6,254,0,0,0,0,0,36,6,130,6,0,0,0,0,0,1,9,1,9,184,0,0,16,0,0,16,60,255,0,0,0,0,0,0,0,0,0,0,0,0,0,0,0,0,126,252,128,251,54,251,250,250,98,249,38,255,32,255,70,255,2,0,33,255,0,0,44,0,41,41,90,9,0,255,255,0,0,255,0,147,89,110,121,254,253,254,253,255,24,136,68,32,17,209,89,228,66,110,254,181,254,127,255,239,255,175,222,175,19,0,4,0,0,12,0,136,128,112,104,56,0,176,0,0,0,2,254,6,254,0,0,0,0,0,36,6,130,6,0,0,0,0,0,1,9,1,9,184,0,0,16,0,0,16,60,255,0,0,0,0,0,0,0,0,0,0,0,0,0,0,0,0,126,252,128,251,54,251,250,250,98,249,38,255,32,255,70,255
2026-08-03_15-49-30,1,1094,0,0.0,0,10.0,1,1,2,0,33,255,0,0,44,0,41,41,90,9,0,255,255,0,0,255,0,147,89,110,121,254,253,254,253,255,24,136,68,32,17,209,89,228,66,110,254,181,254,127,255,239,255,175,222,175,19,0,4,0,0,12,0,136,128,112,104,56,0,176,0,0,0,2,254,6,254,0,0,0,0,0,36,6,130,6,0,0,0,0,0,1,9,1,9,184,0,0,16,0,0,16,60,255,0,0,0,0,0,0,0,0,0,0,0,0,0,0,0,0,126,252,128,251,54,251,250,250,98,249,38,255,32,255,70,255,2,0,27,255,0,0,48,0,41,41,88,9,0,255,255,0,0,255,0,171,89,136,121,254,253,254,253,255,24,136,68,32,17,209,89,228,66,136,254,181,254,127,255,239,255,175,222,175,19,0,4,0,0,12,0,136,128,112,104,56,0,112,0,0,0,2,254,6,254,0,0,0,0,0,36,6,130,6,0,0,0,0,0,1,9,1,9,184,0,0,16,0,0,16,60,255,0,0,0,0,0,0,0,0,0,0,0,0,0,0,0,0,126,252,128,251,54,251,250,250,98,249,38,255,32,255,70,255
2026-08-03_15-49-30,1,1095,0,0.0,0,10.0,1,1,2,0,27,255,0,0,48,0,41,41,88,9,0,255,255,0,0,255,0,171,89,136,121,254,253,254,253,255,24,136,68,32,17,209,89,228,66,136,254,181,254,127,255,239,255,175,222,175,19,0,4,0,0,12,0,136,128,112,104,56,0,112,0,0,0,2,254,6,254,0,0,0,0,0,36,6,130,6,0,0,0,0,0,1,9,1,9,184,0,0,16,0,0,16,60,255,0,0,0,0,0,0,0,0,0,0,0,0,0,0,0,0,126,252,128,251,54,251,250,250,98,249,38,255,32,255,70,255,2,0,177,255,0,0,52,0,41,41,86,9,0,255,255,0,0,255,0,147,89,113,121,254,253,254,253,255,24,136,68,32,17,209,89,228,66,136,254,181,254,127,255,239,255,175,222,175,19,0,4,0,0,12,0,136,128,112,104,56,0,48,0,0,0,2,254,6,254,0,0,0,0,0,36,6,130,6,0,0,0,0,0,1,9,1,9,184,0,0,16,0,0,16,60,255,0,0,0,0,0,0,0,0,0,0,0,0,0,0,0,0,126,252,128,251,54,251,250,250,98,249,38,255,32,255,70,255
2026-08-03_15-49-30,1,1096,3,0.0,0,10.0,1,1,2,0,177,255,0,0,52,0,41,41,86,9,0,255,255,0,0,255,0,147,89,113,121,254,253,254,253,255,24,136,68,32,17,209,89,228,66,136,254,181,254,127,255,239,255,175,222,175,19,0,4,0,0,12,0,136,128,112,104,56,0,48,0,0,0,2,254,6,254,0,0,0,0,0,36,6,130,6,0,0,0,0,0,1,9,1,9,184,0,0,16,0,0,16,60,255,0,0,0,0,0,0,0,0,0,0,0,0,0,0,0,0,126,252,128,251,54,251,250,250,98,249,38,255,32,255,70,255,2,0,30,255,0,0,56,0,41,41,85,9,0,255,255,0,0,255,0,171,89,139,121,254,253,254,253,255,24,136,68,32,17,209,89,228,66,136,254,181,254,127,255,239,255,175,222,175,19,0,4,0,0,12,0,136,128,112,104,56,0,240,0,0,0,2,254,6,254,0,0,0,0,0,36,6,130,6,0,0,0,0,0,1,9,1,9,184,0,0,16,0,0,16,60,255,0,0,0,0,0,0,0,0,0,0,0,0,0,0,0,0,126,252,128,251,54,251,250,250,98,249,38,255,32,255,70,255
2026-08-03_15-49-30,1,1097,3,0.0,0,10.0,1,1,2,0,30,255,0,0,56,0,41,41,85,9,0,255,255,0,0,255,0,171,89,139,121,254,253,254,253,255,24,136,68,32,17,209,89,228,66,136,254,181,254,127,255,239,255,175,222,175,19,0,4,0,0,12,0,136,128,112,104,56,0,240,0,0,0,2,254,6,254,0,0,0,0,0,36,6,130,6,0,0,0,0,0,1,9,1,9,184,0,0,16,0,0,16,60,255,0,0,0,0,0,0,0,0,0,0,0,0,0,0,0,0,126,252,128,251,54,251,250,250,98,249,38,255,32,255,70,255,2,0,231,255,0,0,60,0,41,41,83,9,0,255,255,0,0,255,0,147,89,117,121,254,253,254,253,255,24,136,68,32,17,209,89,228,66,136,254,181,254,127,255,239,255,175,222,175,19,0,4,0,0,12,0,136,128,112,104,56,0,176,0,0,0,2,254,6,254,0,0,0,0,0,36,6,130,6,0,0,0,0,0,1,9,1,9,184,0,0,16,0,0,16,60,255,0,0,0,0,0,0,0,0,0,0,0,0,0,0,0,0,126,252,128,251,54,251,250,250,98,249,38,255,32,255,70,255
2026-08-03_15-49-30,1,1098,0,0.0,0,10.0,1,1,2,0,231,255,0,0,60,0,41,41,83,9,0,255,255,0,0,255,0,147,89,117,121,254,253,254,253,255,24,136,68,32,17,209,89,228,66,136,254,181,254,127,255,239,255,175,222,175,19,0,4,0,0,12,0,136,128,112,104,56,0,176,0,0,0,2,254,6,254,0,0,0,0,0,36,6,130,6,0,0,0,0,0,1,9,1,9,184,0,0,16,0,0,16,60,255,0,0,0,0,0,0,0,0,0,0,0,0,0,0,0,0,126,252,128,251,54,251,250,250,98,249,38,255,32,255,70,255,2,0,115,255,0,0,64,0,41,41,81,9,0,255,255,0,0,255,0,171,89,143,121,254,253,254,253,255,24,136,68,32,17,209,89,228,66,143,254,181,254,127,255,239,255,175,222,175,19,2,4,0,0,12,0,136,128,112,104,56,0,112,0,0,0,2,254,6,254,0,0,0,0,0,36,6,130,6,0,0,0,0,0,1,9,1,9,184,0,0,16,0,0,16,60,255,0,0,0,0,0,0,0,0,0,0,0,0,0,0,0,0,126,252,128,251,54,251,250,250,98,249,38,255,32,255,70,255
2026-08-03_15-49-30,1,1099,0,0.0,0,10.0,1,1,2,0,115,255,0,0,64,0,41,41,81,9,0,255,255,0,0,255,0,171,89,143,121,254,253,254,253,255,24,136,68,32,17,209,89,228,66,143,254,181,254,127,255,239,255,175,222,175,19,2,4,0,0,12,0,136,128,112,104,56,0,112,0,0,0,2,254,6,254,0,0,0,0,0,36,6,130,6,0,0,0,0,0,1,9,1,9,184,0,0,16,0,0,16,60,255,0,0,0,0,0,0,0,0,0,0,0,0,0,0,0,0,126,252,128,251,54,251,250,250,98,249,38,255,32,255,70,255,2,0,49,255,0,0,68,0,41,41,79,9,0,255,255,0,0,255,0,147,89,120,121,254,253,254,253,255,24,136,68,32,17,209,89,228,66,120,254,181,254,127,255,239,255,175,222,175,19,0,4,0,0,12,0,136,128,112,104,56,0,48,0,0,0,2,254,6,254,0,0,0,0,0,36,6,130,6,0,0,0,0,0,1,9,1,9,184,0,0,16,0,0,16,60,255,0,0,0,0,0,0,0,0,0,0,0,0,0,0,0,0,126,252,128,251,54,251,250,250,98,249,38,255,32,255,70,255
2026-08-03_15-49-30,1,1100,0,0.0,0,10.0,1,1,2,0,49,255,0,0,68,0,41,41,79,9,0,255,255,0,0,255,0,147,89,120,121,254,253,254,253,255,24,136,68,32,17,209,89,228,66,120,254,181,254,127,255,239,255,175,222,175,19,0,4,0,0,12,0,136,128,112,104,56,0,48,0,0,0,2,254,6,254,0,0,0,0,0,36,6,130,6,0,0,0,0,0,1,9,1,9,184,0,0,16,0,0,16,60,255,0,0,0,0,0,0,0,0,0,0,0,0,0,0,0,0,126,252,128,251,54,251,250,250,98,249,38,255,32,255,70,255,2,0,22,255,0,0,72,0,41,41,78,9,0,255,255,0,0,255,0,171,89,146,121,254,253,254,253,255,24,136,68,32,17,209,89,228,66,144,254,181,254,127,255,239,255,175,222,175,19,0,4,0,0,12,0,136,128,112,104,56,0,240,0,0,0,2,254,6,254,0,0,0,0,0,36,6,130,6,0,0,0,0,0,1,9,1,9,184,0,0,16,0,0,16,60,255,0,0,0,0,0,0,0,0,0,0,0,0,0,0,0,0,126,252,128,251,54,251,250,250,98,249,38,255,32,255,70,255
2026-08-03_15-49-30,1,1101,0,0.0,0,10.0,1,1,2,0,22,255,0,0,72,0,41,41,78,9,0,255,255,0,0,255,0,171,89,146,121,254,253,254,253,255,24,136,68,32,17,209,89,228,66,144,254,181,254,127,255,239,255,175,222,175,19,0,4,0,0,12,0,136,128,112,104,56,0,240,0,0,0,2,254,6,254,0,0,0,0,0,36,6,130,6,0,0,0,0,0,1,9,1,9,184,0,0,16,0,0,16,60,255,0,0,0,0,0,0,0,0,0,0,0,0,0,0,0,0,126,252,128,251,54,251,250,250,98,249,38,255,32,255,70,255,2,0,105,255,0,0,76,0,41,41,76,9,0,255,255,0,0,255,0,147,89,124,121,254,253,254,253,255,24,136,68,32,17,209,89,228,66,144,254,181,254,127,255,239,255,175,222,175,19,0,4,0,0,12,0,136,128,112,104,56,0,176,0,0,0,2,254,6,254,0,0,0,0,0,36,6,130,6,0,0,0,0,0,1,9,1,9,184,0,0,16,0,0,16,60,255,0,0,0,0,0,0,0,0,0,0,0,0,0,0,0,0,126,252,128,251,54,251,250,250,98,249,38,255,32,255,70,255
2026-08-03_15-49-30,1,1102,0,0.0,0,10.0,1,1,2,0,105,255,0,0,76,0,41,41,76,9,0,255,255,0,0,255,0,147,89,124,121,254,253,254,253,255,24,136,68,32,17,209,89,228,66,144,254,181,254,127,255,239,255,175,222,175,19,0,4,0,0,12,0,136,128,112,104,56,0,176,0,0,0,2,254,6,254,0,0,0,0,0,36,6,130,6,0,0,0,0,0,1,9,1,9,184,0,0,16,0,0,16,60,255,0,0,0,0,0,0,0,0,0,0,0,0,0,0,0,0,126,252,128,251,54,251,250,250,98,249,38,255,32,255,70,255,2,0,145,255,0,0,80,0,41,41,74,9,0,255,255,0,0,255,0,171,89,150,121,254,253,254,253,255,24,136,68,32,17,209,89,228,66,150,254,181,254,127,255,239,255,175,222,175,19,0,4,0,0,12,0,136,128,112,104,56,0,112,0,0,0,2,254,6,254,0,0,0,0,0,36,6,130,6,0,0,0,0,0,1,9,1,9,184,0,0,16,0,0,16,60,255,0,0,0,0,0,0,0,0,0,0,0,0,0,0,0,0,126,252,128,251,54,251,250,250,98,249,38,255,32,255,70,255
2026-08-03_15-49-30,1,1103,0,0.0,0,10.0,1,1,2,0,145,255,0,0,80,0,41,41,74,9,0,255,255,0,0,255,0,171,89,150,121,254,253,254,253,255,24,136,68,32,17,209,89,228,66,150,254,181,254,127,255,239,255,175,222,175,19,0,4,0,0,12,0,136,128,112,104,56,0,112,0,0,0,2,254,6,254,0,0,0,0,0,36,6,130,6,0,0,0,0,0,1,9,1,9,184,0,0,16,0,0,16,60,255,0,0,0,0,0,0,0,0,0,0,0,0,0,0,0,0,126,252,128,251,54,251,250,250,98,249,38,255,32,255,70,255,2,0,20,255,0,0,84,0,41,41,73,9,0,255,255,0,0,0,0,147,89,115,121,254,253,254,253,255,24,136,69,32,17,209,89,212,66,115,254,181,254,127,255,127,255,95,191,175,18,0,4,0,0,0,0,136,128,112,104,56,0,192,0,0,0,2,254,6,254,0,0,0,0,0,36,6,130,6,0,0,0,0,0,1,9,1,9,184,0,0,16,0,0,16,60,255,0,0,0,0,0,0,0,0,0,0,0,0,0,0,0,0,229,251,146,251,54,251,13,251,98,249,38,255,32,255,70,255
2026-08-03_15-49-30,1,1104,0,0.0,0,10.0,1,1,2,0,20,255,0,0,84,0,41,41,73,9,0,255,255,0,0,0,0,147,89,115,121,254,253,254,253,255,24,136,69,32,17,209,89,212,66,115,254,181,254,127,255,127,255,95,191,175,18,0,4,0,0,0,0,136,128,112,104,56,0,192,0,0,0,2,254,6,254,0,0,0,0,0,36,6,130,6,0,0,0,0,0,1,9,1,9,184,0,0,16,0,0,16,60,255,0,0,0,0,0,0,0,0,0,0,0,0,0,0,0,0,229,251,146,251,54,251,13,251,98,249,38,255,32,255,70,255,2,0,74,255,0,0,88,0,41,41,73,9,0,255,255,0,0,0,0,171,89,139,121,254,253,254,253,255,24,136,71,32,17,209,89,180,66,139,254,181,254,127,255,127,255,95,191,175,18,0,4,0,0,0,0,136,128,112,104,56,0,128,0,0,0,2,254,6,254,0,0,0,0,0,36,6,130,6,0,0,0,0,0,1,9,1,9,184,0,0,16,0,0,16,60,255,0,0,0,0,0,0,0,0,0,0,0,0,0,0,0,0,229,251,146,251,54,251,13,251,98,249,38,255,32,255,70,255
2026-08-03_15-49-30,1,1105,0,0.0,0,10.0,1,1,2,0,74,255,0,0,88,0,41,41,73,9,0,255,255,0,0,0,0,171,89,139,121,254,253,254,253,255,24,136,71,32,17,209,89,180,66,139,254,181,254,127,255,127,255,95,191,175,18,0,4,0,0,0,0,136,128,112,104,56,0,128,0,0,0,2,254,6,254,0,0,0,0,0,36,6,130,6,0,0,0,0,0,1,9,1,9,184,0,0,16,0,0,16,60,255,0,0,0,0,0,0,0,0,0,0,0,0,0,0,0,0,229,251,146,251,54,251,13,251,98,249,38,255,32,255,70,255,2,0,169,255,0,0,92,0,41,41,73,9,0,255,255,0,0,0,0,147,89,115,121,254,253,254,253,255,24,136,73,32,17,209,89,164,66,115,254,181,254,127,255,127,255,95,191,175,20,2,4,0,0,0,0,136,128,112,104,56,0,64,0,0,0,2,254,6,254,0,0,0,0,0,36,6,130,6,0,0,0,0,0,1,9,1,9,184,0,0,16,0,0,16,60,255,0,0,0,0,0,0,0,0,0,0,0,0,0,0,0,0,229,251,146,251,54,251,13,251,98,249,38,255,32,255,70,255
2026-08-03_15-49-30,1,1106,0,0.0,0,10.0,1,1,2,0,169,255,0,0,92,0,41,41,73,9,0,255,255,0,0,0,0,147,89,115,121,254,253,254,253,255,24,136,73,32,17,209,89,164,66,115,254,181,254,127,255,127,255,95,191,175,20,2,4,0,0,0,0,136,128,112,104,56,0,64,0,0,0,2,254,6,254,0,0,0,0,0,36,6,130,6,0,0,0,0,0,1,9,1,9,184,0,0,16,0,0,16,60,255,0,0,0,0,0,0,0,0,0,0,0,0,0,0,0,0,229,251,146,251,54,251,13,251,98,249,38,255,32,255,70,255,2,0,157,255,0,0,96,0,41,41,73,9,0,255,255,0,0,0,0,171,89,139,121,254,253,254,253,255,24,136,75,32,17,209,89,117,66,139,254,181,254,127,255,127,255,95,191,175,20,0,4,0,0,0,0,136,128,112,104,56,0,0,0,0,0,2,254,6,254,0,0,0,0,0,36,6,130,6,0,0,0,0,0,1,9,1,9,184,0,0,16,0,0,16,60,255,0,0,0,0,0,0,0,0,0,0,0,0,0,0,0,0,229,251,146,251,54,251,13,251,98,249,38,255,32,255,70,255
2026-08-03_15-49-30,1,1107,0,0.0,0,10.0,1,1,2,0,157,255,0,0,96,0,41,41,73,9,0,255,255,0,0,0,0,171,89,139,121,254,253,254,253,255,24,136,75,32,17,209,89,117,66,139,254,181,254,127,255,127,255,95,191,175,20,0,4,0,0,0,0,136,128,112,104,56,0,0,0,0,0,2,254,6,254,0,0,0,0,0,36,6,130,6,0,0,0,0,0,1,9,1,9,184,0,0,16,0,0,16,60,255,0,0,0,0,0,0,0,0,0,0,0,0,0,0,0,0,229,251,146,251,54,251,13,251,98,249,38,255,32,255,70,255,2,0,221,255,0,0,100,0,41,41,73,9,0,255,255,0,0,0,0,147,89,115,121,254,253,254,253,255,24,136,76,32,17,209,89,85,66,115,254,181,254,127,255,127,255,95,191,175,20,2,4,0,0,0,0,136,128,112,104,56,0,192,0,0,0,2,254,6,254,0,0,0,0,0,36,6,130,6,0,0,0,0,0,1,9,1,9,184,0,0,16,0,0,16,60,255,0,0,0,0,0,0,0,0,0,0,0,0,0,0,0,0,229,251,146,251,54,251,13,251,98,249,38,255,32,255,70,255
2026-08-03_15-49-30,1,1108,0,0.0,0,10.0,1,1,2,0,221,255,0,0,100,0,41,41,73,9,0,255,255,0,0,0,0,147,89,115,121,254,253,254,253,255,24,136,76,32,17,209,89,85,66,115,254,181,254,127,255,127,255,95,191,175,20,2,4,0,0,0,0,136,128,112,104,56,0,192,0,0,0,2,254,6,254,0,0,0,0,0,36,6,130,6,0,0,0,0,0,1,9,1,9,184,0,0,16,0,0,16,60,255,0,0,0,0,0,0,0,0,0,0,0,0,0,0,0,0,229,251,146,251,54,251,13,251,98,249,38,255,32,255,70,255,2,0,217,255,0,0,104,0,41,41,73,9,0,255,255,0,0,0,0,171,89,139,121,254,253,254,253,255,24,136,78,32,17,209,89,53,66,139,254,181,254,127,255,127,255,95,191,175,20,0,4,0,0,0,0,136,128,112,104,56,0,128,0,0,0,2,254,6,254,0,0,0,0,0,36,6,130,6,0,0,0,0,0,1,9,1,9,184,0,0,16,0,0,16,60,255,0,0,0,0,0,0,0,0,0,0,0,0,0,0,0,0,229,251,146,251,54,251,13,251,98,249,38,255,32,255,70,255
2026-08-03_15-49-30,1,1109,0,0.0,0,10.0,1,1,2,0,217,255,0,0,104,0,41,41,73,9,0,255,255,0,0,0,0,171,89,139,121,254,253,254,253,255,24,136,78,32,17,209,89,53,66,139,254,181,254,127,255,127,255,95,191,175,20,0,4,0,0,0,0,136,128,112,104,56,0,128,0,0,0,2,254,6,254,0,0,0,0,0,36,6,130,6,0,0,0,0,0,1,9,1,9,184,0,0,16,0,0,16,60,255,0,0,0,0,0,0,0,0,0,0,0,0,0,0,0,0,229,251,146,251,54,251,13,251,98,249,38,255,32,255,70,255,2,0,158,255,0,0,108,0,41,41,73,9,0,255,255,0,0,0,0,147,89,115,121,254,253,254,253,255,24,136,80,32,17,209,89,37,66,115,254,181,254,127,255,127,255,95,191,175,20,0,4,0,0,0,0,136,128,112,104,56,0,64,0,0,0,2,254,6,254,0,0,0,0,0,36,6,130,6,0,0,0,0,0,1,9,1,9,184,0,0,16,0,0,16,60,255,0,0,0,0,0,0,0,0,0,0,0,0,0,0,0,0,229,251,146,251,54,251,13,251,98,249,38,255,32,255,70,255
2026-08-03_15-49-30,1,1110,0,0.0,0,10.0,1,1,2,0,158,255,0,0,108,0,41,41,73,9,0,255,255,0,0,0,0,147,89,115,121,254,253,254,253,255,24,136,80,32,17,209,89,37,66,115,254,181,254,127,255,127,255,95,191,175,20,0,4,0,0,0,0,136,128,112,104,56,0,64,0,0,0,2,254,6,254,0,0,0,0,0,36,6,130,6,0,0,0,0,0,1,9,1,9,184,0,0,16,0,0,16,60,255,0,0,0,0,0,0,0,0,0,0,0,0,0,0,0,0,229,251,146,251,54,251,13,251,98,249,38,255,32,255,70,255,2,0,239,255,0,0,112,0,41,41,73,9,0,255,255,0,0,0,0,171,89,139,121,254,253,254,253,255,24,136,82,32,17,209,89,5,66,139,254,181,254,127,255,127,255,95,191,175,21,0,4,0,0,0,0,136,128,112,104,56,0,0,0,0,0,2,254,6,254,0,0,0,0,0,36,6,130,6,0,0,0,0,0,1,9,1,9,184,0,0,16,0,0,16,60,255,0,0,0,0,0,0,0,0,0,0,0,0,0,0,0,0,229,251,146,251,54,251,13,251,98,249,38,255,32,255,70,255
2026-08-03_15-49-30,1,1111,0,0.0,0,10.0,1,1,2,0,239,255,0,0,112,0,41,41,73,9,0,255,255,0,0,0,0,171,89,139,121,254,253,254,253,255,24,136,82,32,17,209,89,5,66,139,254,181,254,127,255,127,255,95,191,175,21,0,4,0,0,0,0,136,128,112,104,56,0,0,0,0,0,2,254,6,254,0,0,0,0,0,36,6,130,6,0,0,0,0,0,1,9,1,9,184,0,0,16,0,0,16,60,255,0,0,0,0,0,0,0,0,0,0,0,0,0,0,0,0,229,251,146,251,54,251,13,251,98,249,38,255,32,255,70,255,2,0,253,255,0,0,116,0,41,41,73,9,0,255,255,0,0,0,0,147,89,115,121,254,253,254,253,255,24,136,83,32,17,209,89,229,66,115,254,181,254,127,255,127,255,95,191,175,21,0,4,0,0,0,0,136,128,112,104,56,0,192,0,0,0,2,254,6,254,0,0,0,0,0,36,6,130,6,0,0,0,0,0,1,9,1,9,184,0,0,16,0,0,16,60,255,0,0,0,0,0,0,0,0,0,0,0,0,0,0,0,0,229,251,146,251,54,251,13,251,98,249,38,255,32,255,70,255
2026-08-03_15-49-30,1,1112,0,0.0,0,10.0,1,1,2,0,253,255,0,0,116,0,41,41,73,9,0,255,255,0,0,0,0,147,89,115,121,254,253,254,253,255,24,136,83,32,17,209,89,229,66,115,254,181,254,127,255,127,255,95,191,175,21,0,4,0,0,0,0,136,128,112,104,56,0,192,0,0,0,2,254,6,254,0,0,0,0,0,36,6,130,6,0,0,0,0,0,1,9,1,9,184,0,0,16,0,0,16,60,255,0,0,0,0,0,0,0,0,0,0,0,0,0,0,0,0,229,251,146,251,54,251,13,251,98,249,38,255,32,255,70,255,2,0,211,255,0,0,120,0,41,41,74,9,0,255,255,0,0,0,0,171,89,150,121,254,253,254,253,255,24,136,84,32,17,209,89,213,66,150,254,181,254,127,255,223,255,95,239,175,23,0,4,0,0,12,0,136,128,112,104,56,0,128,0,0,0,2,254,6,254,0,0,0,0,0,36,6,130,6,0,0,0,0,0,1,9,1,9,184,0,0,16,0,0,16,60,255,0,0,0,0,0,0,0,0,0,0,0,0,0,0,0,0,198,252,118,251,54,251,13,251,98,249,38,255,32,255,70,255
2026-08-03_15-49-30,1,1113,0,0.0,0,10.0,1,1,2,0,211,255,0,0,120,0,41,41,74,9,0,255,255,0,0,0,0,171,89,150,121,254,253,254,253,255,24,136,84,32,17,209,89,213,66,150,254,181,254,127,255,223,255,95,239,175,23,0,4,0,0,12,0,136,128,112,104,56,0,128,0,0,0,2,254,6,254,0,0,0,0,0,36,6,130,6,0,0,0,0,0,1,9,1,9,184,0,0,16,0,0,16,60,255,0,0,0,0,0,0,0,0,0,0,0,0,0,0,0,0,198,252,118,251,54,251,13,251,98,249,38,255,32,255,70,255,2,0,51,255,0,0,124,0,41,41,76,9,0,255,255,0,0,0,0,147,89,125,121,254,253,254,253,255,24,136,84,32,17,209,89,213,66,144,254,181,254,127,255,223,255,95,239,175,23,0,4,0,0,12,0,136,128,112,104,56,0,64,0,0,0,2,254,6,254,0,0,0,0,0,36,6,130,6,0,0,0,0,0,1,9,1,9,184,0,0,16,0,0,16,60,255,0,0,0,0,0,0,0,0,0,0,0,0,0,0,0,0,198,252,118,251,54,251,13,251,98,249,38,255,32,255,70,255
2026-08-03_15-49-30,1,1114,0,0.0,0,10.0,1,1,2,0,51,255,0,0,124,0,41,41,76,9,0,255,255,0,0,0,0,147,89,125,121,254,253,254,253,255,24,136,84,32,17,209,89,213,66,144,254,181,254,127,255,223,255,95,239,175,23,0,4,0,0,12,0,136,128,112,104,56,0,64,0,0,0,2,254,6,254,0,0,0,0,0,36,6,130,6,0,0,0,0,0,1,9,1,9,184,0,0,16,0,0,16,60,255,0,0,0,0,0,0,0,0,0,0,0,0,0,0,0,0,198,252,118,251,54,251,13,251,98,249,38,255,32,255,70,255,2,0,53,255,0,0,128,0,41,41,78,9,0,255,255,0,0,0,0,171,89,147,121,254,253,254,253,255,24,136,84,32,17,209,89,213,66,144,254,181,254,127,255,223,255,95,239,175,23,0,4,0,0,12,0,136,128,112,104,56,0,0,0,0,0,2,254,6,254,0,0,0,0,0,36,6,130,6,0,0,0,0,0,1,9,1,10,16,0,0,16,0,0,16,60,255,0,0,0,0,0,0,0,0,0,0,0,0,0,0,0,0,198,252,118,251,54,251,13,251,98,249,38,255,32,255,70,255
2026-08-03_15-49-30,1,1115,0,0.0,0,10.0,1,1,2,0,53,255,0,0,128,0,41,41,78,9,0,255,255,0,0,0,0,171,89,147,121,254,253,254,253,255,24,136,84,32,17,209,89,213,66,144,254,181,254,127,255,223,255,95,239,175,23,0,4,0,0,12,0,136,128,112,104,56,0,0,0,0,0,2,254,6,254,0,0,0,0,0,36,6,130,6,0,0,0,0,0,1,9,1,10,16,0,0,16,0,0,16,60,255,0,0,0,0,0,0,0,0,0,0,0,0,0,0,0,0,198,252,118,251,54,251,13,251,98,249,38,255,32,255,70,255,2,0,81,255,0,0,132,0,41,41,79,9,0,255,255,0,0,0,0,147,89,121,121,254,253,254,253,255,24,136,84,32,17,209,89,213,66,144,254,181,254,127,255,223,255,95,239,175,23,0,4,0,0,12,0,136,128,112,104,56,0,192,0,0,0,2,254,6,254,0,0,0,0,0,36,6,130,6,0,0,0,0,0,1,9,1,10,16,0,0,16,0,0,16,60,255,0,0,0,0,0,0,0,0,0,0,0,0,0,0,0,0,198,252,118,251,54,251,13,251,98,249,38,255,32,255,70,255
2026-08-03_15-49-30,1,1116,0,0.0,0,10.0,1,1,2,0,81,255,0,0,132,0,41,41,79,9,0,255,255,0,0,0,0,147,89,121,121,254,253,254,253,255,24,136,84,32,17,209,89,213,66,144,254,181,254,127,255,223,255,95,239,175,23,0,4,0,0,12,0,136,128,112,104,56,0,192,0,0,0,2,254,6,254,0,0,0,0,0,36,6,130,6,0,0,0,0,0,1,9,1,10,16,0,0,16,0,0,16,60,255,0,0,0,0,0,0,0,0,0,0,0,0,0,0,0,0,198,252,118,251,54,251,13,251,98,249,38,255,32,255,70,255,2,0,24,255,0,0,136,0,41,41,81,9,0,255,255,0,0,0,0,171,89,143,121,254,253,254,253,255,24,136,84,32,17,209,89,213,66,143,254,181,254,127,255,223,255,95,239,175,23,2,4,0,0,12,0,136,128,112,104,56,0,128,0,0,0,2,254,6,254,0,0,0,0,0,36,6,130,6,0,0,0,0,0,1,9,1,10,16,0,0,16,0,0,16,60,255,0,0,0,0,0,0,0,0,0,0,0,0,0,0,0,0,198,252,118,251,54,251,13,251,98,249,38,255,32,255,70,255
2026-08-03_15-49-30,1,1117,0,0.0,0,10.0,1,1,2,0,24,255,0,0,136,0,41,41,81,9,0,255,255,0,0,0,0,171,89,143,121,254,253,254,253,255,24,136,84,32,17,209,89,213,66,143,254,181,254,127,255,223,255,95,239,175,23,2,4,0,0,12,0,136,128,112,104,56,0,128,0,0,0,2,254,6,254,0,0,0,0,0,36,6,130,6,0,0,0,0,0,1,9,1,10,16,0,0,16,0,0,16,60,255,0,0,0,0,0,0,0,0,0,0,0,0,0,0,0,0,198,252,118,251,54,251,13,251,98,249,38,255,32,255,70,255,2,0,131,255,0,0,140,0,41,41,83,9,0,255,255,0,0,0,0,147,89,118,121,254,253,254,253,255,24,136,84,32,17,209,89,213,66,118,254,181,254,127,255,223,255,95,239,175,23,0,4,0,0,12,0,136,128,112,104,56,0,64,0,0,0,2,254,6,254,0,0,0,0,0,36,6,130,6,0,0,0,0,0,1,9,1,10,16,0,0,16,0,0,16,60,255,0,0,0,0,0,0,0,0,0,0,0,0,0,0,0,0,198,252,118,251,54,251,13,251,98,249,38,255,32,255,70,255
2026-08-03_15-49-30,1,1118,0,0.0,0,10.0,1,1,2,0,131,255,0,0,140,0,41,41,83,9,0,255,255,0,0,0,0,147,89,118,121,254,253,254,253,255,24,136,84,32,17,209,89,213,66,118,254,181,254,127,255,223,255,95,239,175,23,0,4,0,0,12,0,136,128,112,104,56,0,64,0,0,0,2,254,6,254,0,0,0,0,0,36,6,130,6,0,0,0,0,0,1,9,1,10,16,0,0,16,0,0,16,60,255,0,0,0,0,0,0,0,0,0,0,0,0,0,0,0,0,198,252,118,251,54,251,13,251,98,249,38,255,32,255,70,255,2,0,58,255,0,0,144,0,41,41,85,9,0,255,255,0,0,0,0,171,89,140,121,254,253,254,253,255,24,136,84,32,17,209,89,213,66,136,254,181,254,127,255,223,255,95,239,175,23,0,4,0,0,12,0,136,128,112,104,56,0,0,0,0,0,2,254,6,254,0,0,0,0,0,36,6,130,6,0,0,0,0,0,1,9,1,10,16,0,0,16,0,0,16,60,255,0,0,0,0,0,0,0,0,0,0,0,0,0,0,0,0,198,252,118,251,54,251,13,251,98,249,38,255,32,255,70,255
2026-08-03_15-49-30,1,1119,0,0.0,0,10.0,1,1,2,0,58,255,0,0,144,0,41,41,85,9,0,255,255,0,0,0,0,171,89,140,121,254,253,254,253,255,24,136,84,32,17,209,89,213,66,136,254,181,254,127,255,223,255,95,239,175,23,0,4,0,0,12,0,136,128,112,104,56,0,0,0,0,0,2,254,6,254,0,0,0,0,0,36,6,130,6,0,0,0,0,0,1,9,1,10,16,0,0,16,0,0,16,60,255,0,0,0,0,0,0,0,0,0,0,0,0,0,0,0,0,198,252,118,251,54,251,13,251,98,249,38,255,32,255,70,255,2,0,170,255,0,0,148,0,41,41,86,9,0,255,255,0,0,0,0,147,89,114,121,254,253,254,253,255,24,136,84,32,17,209,89,213,66,136,254,181,254,127,255,223,255,95,239,175,23,0,4,0,0,12,0,136,128,112,104,56,0,192,0,0,0,2,254,6,254,0,0,0,0,0,36,6,130,6,0,0,0,0,0,1,9,1,10,16,0,0,16,0,0,16,60,255,0,0,0,0,0,0,0,0,0,0,0,0,0,0,0,0,198,252,118,251,54,251,13,251,98,249,38,255,32,255,70,255
2026-08-03_15-49-30,1,1120,0,0.0,0,10.0,1,1,2,0,170,255,0,0,148,0,41,41,86,9,0,255,255,0,0,0,0,147,89,114,121,254,253,254,253,255,24,136,84,32,17,209,89,213,66,136,254,181,254,127,255,223,255,95,239,175,23,0,4,0,0,12,0,136,128,112,104,56,0,192,0,0,0,2,254,6,254,0,0,0,0,0,36,6,130,6,0,0,0,0,0,1,9,1,10,16,0,0,16,0,0,16,60,255,0,0,0,0,0,0,0,0,0,0,0,0,0,0,0,0,198,252,118,251,54,251,13,251,98,249,38,255,32,255,70,255,2,0,175,255,0,0,152,0,41,41,88,9,0,255,255,0,0,0,0,171,89,136,121,254,253,254,253,255,24,136,84,32,17,209,89,213,66,136,254,181,254,127,255,223,255,95,239,175,23,0,4,0,0,12,0,136,128,112,104,56,0,128,0,0,0,2,254,6,254,0,0,0,0,0,36,6,130,6,0,0,0,0,0,1,9,1,10,16,0,0,16,0,0,16,60,255,0,0,0,0,0,0,0,0,0,0,0,0,0,0,0,0,198,252,118,251,54,251,13,251,98,249,38,255,32,255,70,255
2026-08-03_15-49-30,1,1121,0,0.0,0,10.0,1,1,2,0,175,255,0,0,152,0,41,41,88,9,0,255,255,0,0,0,0,171,89,136,121,254,253,254,253,255,24,136,84,32,17,209,89,213,66,136,254,181,254,127,255,223,255,95,239,175,23,0,4,0,0,12,0,136,128,112,104,56,0,128,0,0,0,2,254,6,254,0,0,0,0,0,36,6,130,6,0,0,0,0,0,1,9,1,10,16,0,0,16,0,0,16,60,255,0,0,0,0,0,0,0,0,0,0,0,0,0,0,0,0,198,252,118,251,54,251,13,251,98,249,38,255,32,255,70,255,2,0,249,255,0,0,156,0,41,41,90,9,0,255,255,0,0,0,0,147,89,111,121,254,253,254,253,255,24,136,84,32,17,209,89,213,66,111,254,181,254,127,255,223,255,95,239,175,23,2,4,0,0,12,0,136,128,112,104,56,0,64,0,0,0,2,254,6,254,0,0,0,0,0,36,6,130,6,0,0,0,0,0,1,9,1,10,16,0,0,16,0,0,16,60,255,0,0,0,0,0,0,0,0,0,0,0,0,0,0,0,0,198,252,118,251,54,251,13,251,98,249,38,255,32,255,70,255
2026-08-03_15-49-30,1,1122,0,0.0,0,10.0,1,1,2,0,249,255,0,0,156,0,41,41,90,9,0,255,255,0,0,0,0,147,89,111,121,254,253,254,253,255,24,136,84,32,17,209,89,213,66,111,254,181,254,127,255,223,255,95,239,175,23,2,4,0,0,12,0,136,128,112,104,56,0,64,0,0,0,2,254,6,254,0,0,0,0,0,36,6,130,6,0,0,0,0,0,1,9,1,10,16,0,0,16,0,0,16,60,255,0,0,0,0,0,0,0,0,0,0,0,0,0,0,0,0,198,252,118,251,54,251,13,251,98,249,38,255,32,255,70,255,2,0,148,255,0,0,160,0,41,41,92,9,0,255,255,0,0,0,0,171,89,133,121,254,253,254,253,255,24,136,84,32,17,209,89,213,66,133,254,181,254,127,255,223,255,95,239,175,23,0,4,0,0,12,0,136,128,112,104,56,0,0,0,0,0,2,254,6,254,0,0,0,0,0,36,6,130,6,0,0,0,0,0,1,9,1,10,16,0,0,16,0,0,16,60,255,0,0,0,0,0,0,0,0,0,0,0,0,0,0,0,0,198,252,118,251,54,251,13,251,98,249,38,255,32,255,70,255
2026-08-03_15-49-30,1,1123,2,0.0,0,10.0,1,1,2,0,148,255,0,0,160,0,41,41,92,9,0,255,255,0,0,0,0,171,89,133,121,254,253,254,253,255,24,136,84,32,17,209,89,213,66,133,254,181,254,127,255,223,255,95,239,175,23,0,4,0,0,12,0,136,128,112,104,56,0,0,0,0,0,2,254,6,254,0,0,0,0,0,36,6,130,6,0,0,0,0,0,1,9,1,10,16,0,0,16,0,0,16,60,255,0,0,0,0,0,0,0,0,0,0,0,0,0,0,0,0,198,252,118,251,54,251,13,251,98,249,38,255,32,255,70,255,2,0,66,255,0,0,164,0,40,41,93,9,0,255,255,0,0,0,0,160,89,107,121,254,253,254,253,255,24,136,84,32,17,209,89,213,66,128,254,181,254,239,255,223,255,95,239,175,8,0,4,12,0,12,0,136,128,112,104,208,0,192,0,0,0,2,254,6,254,0,0,0,0,0,36,6,130,6,0,0,0,0,0,1,9,1,10,16,0,0,16,0,0,16,60,255,0,0,0,0,0,0,0,0,0,0,0,0,0,0,0,0,198,252,118,251,54,251,13,251,98,249,38,255,32,255,70,255
2026-08-03_15-49-30,1,1124,2,0.0,0,10.0,1,1,2,0,66,255,0,0,164,0,40,41,93,9,0,255,255,0,0,0,0,160,89,107,121,254,253,254,253,255,24,136,84,32,17,209,89,213,66,128,254,181,254,239,255,223,255,95,239,175,8,0,4,12,0,12,0,136,128,112,104,208,0,192,0,0,0,2,254,6,254,0,0,0,0,0,36,6,130,6,0,0,0,0,0,1,9,1,10,16,0,0,16,0,0,16,60,255,0,0,0,0,0,0,0,0,0,0,0,0,0,0,0,0,198,252,118,251,54,251,13,251,98,249,38,255,32,255,70,255,2,0,39,255,0,0,168,0,38,41,95,9,0,255,255,0,0,0,0,186,89,129,121,254,253,254,253,255,24,136,84,32,17,209,89,213,66,89,253,125,254,239,255,223,255,95,239,175,8,0,4,12,0,12,0,136,128,112,104,240,0,128,0,0,0,2,254,6,254,0,0,0,0,0,36,6,130,6,0,0,0,0,0,1,9,1,10,16,0,0,16,0,0,16,60,255,0,0,0,0,0,0,0,0,0,0,0,0,0,0,0,0,198,252,118,251,54,251,13,251,98,249,38,255,32,255,70,255
2026-08-03_15-49-30,1,1125,0,0.0,0,10.0,1,1,2,0,39,255,0,0,168,0,38,41,95,9,0,255,255,0,0,0,0,186,89,129,121,254,253,254,253,255,24,136,84,32,17,209,89,213,66,89,253,125,254,239,255,223,255,95,239,175,8,0,4,12,0,12,0,136,128,112,104,240,0,128,0,0,0,2,254,6,254,0,0,0,0,0,36,6,130,6,0,0,0,0,0,1,9,1,10,16,0,0,16,0,0,16,60,255,0,0,0,0,0,0,0,0,0,0,0,0,0,0,0,0,198,252,118,251,54,251,13,251,98,249,38,255,32,255,70,255,2,0,127,255,0,0,172,0,35,41,97,9,0,255,255,0,0,0,0,164,89,104,121,254,253,254,253,255,24,136,84,32,17,209,89,213,66,89,253,125,254,239,255,223,255,95,239,175,8,0,4,12,0,12,0,136,128,112,104,16,0,64,0,0,0,2,254,6,254,0,0,0,0,0,36,6,130,6,0,0,0,0,0,1,9,1,10,16,0,0,16,0,0,16,60,255,0,0,0,0,0,0,0,0,0,0,0,0,0,0,0,0,198,252,118,251,54,251,13,251,98,249,38,255,32,255,70,255
2026-08-03_15-49-30,1,1126,0,0.0,0,10.0,1,1,2,0,127,255,0,0,172,0,35,41,97,9,0,255,255,0,0,0,0,164,89,104,121,254,253,254,253,255,24,136,84,32,17,209,89,213,66,89,253,125,254,239,255,223,255,95,239,175,8,0,4,12,0,12,0,136,128,112,104,16,0,64,0,0,0,2,254,6,254,0,0,0,0,0,36,6,130,6,0,0,0,0,0,1,9,1,10,16,0,0,16,0,0,16,60,255,0,0,0,0,0,0,0,0,0,0,0,0,0,0,0,0,198,252,118,251,54,251,13,251,98,249,38,255,32,255,70,255,2,0,248,255,0,0,176,0,33,41,97,9,0,255,255,0,0,255,0,190,89,115,121,254,253,254,253,255,24,136,82,32,17,209,89,245,66,89,253,125,254,239,255,191,255,175,126,175,8,2,4,12,0,0,0,136,128,112,104,48,0,144,0,0,0,2,254,6,254,0,0,0,0,0,36,6,130,6,0,0,0,0,0,1,9,1,10,16,0,0,16,0,0,16,60,255,0,0,0,0,0,0,0,0,0,0,0,0,0,0,0,0,42,252,140,251,54,251,250,250,98,249,38,255,32,255,70,255
2026-08-03_15-49-30,1,1127,0,0.0,0,10.0,1,1,2,0,248,255,0,0,176,0,33,41,97,9,0,255,255,0,0,255,0,190,89,115,121,254,253,254,253,255,24,136,82,32,17,209,89,245,66,89,253,125,254,239,255,191,255,175,126,175,8,2,4,12,0,0,0,136,128,112,104,48,0,144,0,0,0,2,254,6,254,0,0,0,0,0,36,6,130,6,0,0,0,0,0,1,9,1,10,16,0,0,16,0,0,16,60,255,0,0,0,0,0,0,0,0,0,0,0,0,0,0,0,0,42,252,140,251,54,251,250,250,98,249,38,255,32,255,70,255,2,0,133,255,0,0,180,0,31,41,97,9,0,255,255,0,0,255,0,168,89,91,121,254,253,254,253,255,24,136,80,32,17,209,89,5,66,89,253,125,254,239,255,191,255,175,126,175,8,0,4,12,0,0,0,136,128,112,104,80,0,80,0,0,0,2,254,6,254,0,0,0,0,0,36,6,130,6,0,0,0,0,0,1,9,1,10,16,0,0,16,0,0,16,60,255,0,0,0,0,0,0,0,0,0,0,0,0,0,0,0,0,42,252,140,251,54,251,250,250,98,249,38,255,32,255,70,255
2026-08-03_15-49-30,1,1128,0,0.0,0,10.0,1,1,2,0,133,255,0,0,180,0,31,41,97,9,0,255,255,0,0,255,0,168,89,91,121,254,253,254,253,255,24,136,80,32,17,209,89,5,66,89,253,125,254,239,255,191,255,175,126,175,8,0,4,12,0,0,0,136,128,112,104,80,0,80,0,0,0,2,254,6,254,0,0,0,0,0,36,6,130,6,0,0,0,0,0,1,9,1,10,16,0,0,16,0,0,16,60,255,0,0,0,0,0,0,0,0,0,0,0,0,0,0,0,0,42,252,140,251,54,251,250,250,98,249,38,255,32,255,70,255,2,0,94,255,0,0,184,0,29,41,97,9,0,255,255,0,0,255,0,194,89,115,121,254,253,254,253,255,24,136,78,32,17,209,89,37,66,89,253,125,254,239,255,191,255,175,126,175,21,2,4,12,0,0,0,136,128,112,104,112,0,16,0,0,0,2,254,6,254,0,0,0,0,0,36,6,130,6,0,0,0,0,0,1,9,1,10,16,0,0,16,0,0,16,60,255,0,0,0,0,0,0,0,0,0,0,0,0,0,0,0,0,42,252,140,251,54,251,250,250,98,249,38,255,32,255,70,255
2026-08-03_15-49-30,1,1129,0,0.0,0,10.0,1,1,2,0,94,255,0,0,184,0,29,41,97,9,0,255,255,0,0,255,0,194,89,115,121,254,253,254,253,255,24,136,78,32,17,209,89,37,66,89,253,125,254,239,255,191,255,175,126,175,21,2,4,12,0,0,0,136,128,112,104,112,0,16,0,0,0,2,254,6,254,0,0,0,0,0,36,6,130,6,0,0,0,0,0,1,9,1,10,16,0,0,16,0,0,16,60,255,0,0,0,0,0,0,0,0,0,0,0,0,0,0,0,0,42,252,140,251,54,251,250,250,98,249,38,255,32,255,70,255,2,0,227,255,0,0,188,0,27,41,97,9,0,255,255,0,0,255,0,173,89,91,121,254,253,254,253,255,24,136,77,32,17,209,89,69,66,89,253,125,254,239,255,191,255,175,126,175,21,2,4,12,0,0,0,136,128,112,104,144,0,208,0,0,0,2,254,6,254,0,0,0,0,0,36,6,130,6,0,0,0,0,0,1,9,1,10,16,0,0,16,0,0,16,60,255,0,0,0,0,0,0,0,0,0,0,0,0,0,0,0,0,42,252,140,251,54,251,250,250,98,249,38,255,32,255,70,255
2026-08-03_15-49-30,1,1130,0,0.0,0,10.0,1,1,2,0,227,255,0,0,188,0,27,41,97,9,0,255,255,0,0,255,0,173,89,91,121,254,253,254,253,255,24,136,77,32,17,209,89,69,66,89,253,125,254,239,255,191,255,175,126,175,21,2,4,12,0,0,0,136,128,112,104,144,0,208,0,0,0,2,254,6,254,0,0,0,0,0,36,6,130,6,0,0,0,0,0,1,9,1,10,16,0,0,16,0,0,16,60,255,0,0,0,0,0,0,0,0,0,0,0,0,0,0,0,0,42,252,140,251,54,251,250,250,98,249,38,255,32,255,70,255,2,0,52,255,0,0,192,0,25,41,97,9,0,255,255,0,0,255,0,199,89,115,121,254,253,254,253,255,24,136,75,32,17,209,89,101,66,89,253,125,254,239,255,191,255,175,126,175,7,0,4,12,0,0,0,136,128,112,104,40,0,144,0,0,0,2,254,6,254,0,0,0,0,0,36,6,130,6,0,0,0,0,0,1,9,1,10,16,0,0,16,0,0,16,60,255,0,0,0,0,0,0,0,0,0,0,0,0,0,0,0,0,42,252,140,251,54,251,250,250,98,249,38,255,32,255,70,255
2026-08-03_15-49-30,1,1131,0,0.0,0,10.0,1,1,2,0,52,255,0,0,192,0,25,41,97,9,0,255,255,0,0,255,0,199,89,115,121,254,253,254,253,255,24,136,75,32,17,209,89,101,66,89,253,125,254,239,255,191,255,175,126,175,7,0,4,12,0,0,0,136,128,112,104,40,0,144,0,0,0,2,254,6,254,0,0,0,0,0,36,6,130,6,0,0,0,0,0,1,9,1,10,16,0,0,16,0,0,16,60,255,0,0,0,0,0,0,0,0,0,0,0,0,0,0,0,0,42,252,140,251,54,251,250,250,98,249,38,255,32,255,70,255,2,0,64,255,0,0,196,0,25,41,97,9,0,255,255,0,0,255,0,175,89,91,121,254,253,254,253,255,24,136,73,32,17,209,89,117,66,89,253,125,254,239,255,191,255,175,126,175,7,0,4,12,0,0,0,136,128,112,104,40,0,80,0,0,0,2,254,6,254,0,0,0,0,0,36,6,130,6,0,0,0,0,0,1,9,1,10,16,0,0,16,0,0,16,60,255,0,0,0,0,0,0,0,0,0,0,0,0,0,0,0,0,42,252,140,251,54,251,250,250,98,249,38,255,32,255,70,255
2026-08-03_15-49-30,1,1132,0,0.0,0,10.0,1,1,2,0,64,255,0,0,196,0,25,41,97,9,0,255,255,0,0,255,0,175,89,91,121,254,253,254,253,255,24,136,73,32,17,209,89,117,66,89,253,125,254,239,255,191,255,175,126,175,7,0,4,12,0,0,0,136,128,112,104,40,0,80,0,0,0,2,254,6,254,0,0,0,0,0,36,6,130,6,0,0,0,0,0,1,9,1,10,16,0,0,16,0,0,16,60,255,0,0,0,0,0,0,0,0,0,0,0,0,0,0,0,0,42,252,140,251,54,251,250,250,98,249,38,255,32,255,70,255,2,0,4,255,0,0,200,0,25,41,97,9,0,255,255,0,0,255,0,199,89,115,121,254,253,254,253,255,25,136,71,32,17,209,89,164,66,89,253,125,254,127,255,191,255,175,126,175,20,2,4,0,0,0,0,136,128,112,104,40,0,16,0,0,0,2,254,6,254,0,0,0,0,0,36,6,130,6,0,0,0,0,0,1,9,1,10,16,0,0,16,0,0,16,60,255,0,0,0,0,0,0,0,0,0,0,0,0,0,0,0,0,42,252,140,251,54,251,250,250,98,249,38,255,32,255,70,255
2026-08-03_15-49-30,1,1133,3,0.0,0,10.0,1,1,2,0,4,255,0,0,200,0,25,41,97,9,0,255,255,0,0,255,0,199,89,115,121,254,253,254,253,255,25,136,71,32,17,209,89,164,66,89,253,125,254,127,255,191,255,175,126,175,20,2,4,0,0,0,0,136,128,112,104,40,0,16,0,0,0,2,254,6,254,0,0,0,0,0,36,6,130,6,0,0,0,0,0,1,9,1,10,16,0,0,16,0,0,16,60,255,0,0,0,0,0,0,0,0,0,0,0,0,0,0,0,0,42,252,140,251,54,251,250,250,98,249,38,255,32,255,70,255,2,0,71,255,0,0,204,0,25,41,97,9,0,255,255,0,0,255,0,163,89,91,121,254,253,254,253,255,27,136,70,32,17,177,89,196,66,89,253,125,254,127,255,191,255,175,126,175,20,2,4,0,0,0,0,136,128,112,104,72,0,208,0,0,0,2,254,6,254,0,0,0,0,0,36,6,130,6,0,0,0,0,0,1,9,1,10,16,0,0,16,0,0,16,60,255,0,0,0,0,0,0,0,0,0,0,0,0,0,0,0,0,42,252,140,251,54,251,250,250,98,249,38,255,32,255,70,255
2026-08-03_15-49-30,1,1134,3,0.0,0,10.0,1,1,2,0,71,255,0,0,204,0,25,41,97,9,0,255,255,0,0,255,0,163,89,91,121,254,253,254,253,255,27,136,70,32,17,177,89,196,66,89,253,125,254,127,255,191,255,175,126,175,20,2,4,0,0,0,0,136,128,112,104,72,0,208,0,0,0,2,254,6,254,0,0,0,0,0,36,6,130,6,0,0,0,0,0,1,9,1,10,16,0,0,16,0,0,16,60,255,0,0,0,0,0,0,0,0,0,0,0,0,0,0,0,0,42,252,140,251,54,251,250,250,98,249,38,255,32,255,70,255,2,0,113,255,0,0,208,0,25,41,97,9,0,255,255,0,0,255,0,187,89,115,121,254,253,254,253,255,29,136,68,32,17,145,89,228,66,89,253,125,254,127,255,191,255,175,126,175,19,2,4,0,0,12,0,136,128,112,104,104,0,144,0,0,0,2,254,6,254,0,0,0,0,0,36,6,130,6,0,0,0,0,0,1,9,1,10,16,0,0,16,0,0,16,60,255,0,0,0,0,0,0,0,0,0,0,0,0,0,0,0,0,126,252,128,251,54,251,250,250,98,249,38,255,32,255,70,255
2026-08-03_15-49-30,1,1135,3,0.0,0,10.0,1,1,2,0,113,255,0,0,208,0,25,41,97,9,0,255,255,0,0,255,0,187,89,115,121,254,253,254,253,255,29,136,68,32,17,145,89,228,66,89,253,125,254,127,255,191,255,175,126,175,19,2,4,0,0,12,0,136,128,112,104,104,0,144,0,0,0,2,254,6,254,0,0,0,0,0,36,6,130,6,0,0,0,0,0,1,9,1,10,16,0,0,16,0,0,16,60,255,0,0,0,0,0,0,0,0,0,0,0,0,0,0,0,0,126,252,128,251,54,251,250,250,98,249,38,255,32,255,70,255,2,0,18,255,0,0,212,0,25,41,95,9,0,255,255,0,0,255,0,163,89,104,121,254,253,254,253,255,31,136,68,32,17,82,89,228,66,89,253,125,254,127,255,239,255,175,222,175,19,2,4,0,0,12,0,136,128,112,104,136,0,80,0,0,0,2,254,6,254,0,0,0,0,0,36,6,130,6,0,0,0,0,0,1,9,1,10,16,0,0,16,0,0,16,60,255,0,0,0,0,0,0,0,0,0,0,0,0,0,0,0,0,126,252,128,251,54,251,250,250,98,249,38,255,32,255,70,255
2026-08-03_15-49-30,1,1136,0,0.0,0,10.0,1,1,2,0,18,255,0,0,212,0,25,41,95,9,0,255,255,0,0,255,0,163,89,104,121,254,253,254,253,255,31,136,68,32,17,82,89,228,66,89,253,125,254,127,255,239,255,175,222,175,19,2,4,0,0,12,0,136,128,112,104,136,0,80,0,0,0,2,254,6,254,0,0,0,0,0,36,6,130,6,0,0,0,0,0,1,9,1,10,16,0,0,16,0,0,16,60,255,0,0,0,0,0,0,0,0,0,0,0,0,0,0,0,0,126,252,128,251,54,251,250,250,98,249,38,255,32,255,70,255,2,0,46,255,0,0,216,0,25,41,93,9,0,255,255,0,0,255,0,187,89,130,121,254,253,254,253,255,33,136,68,32,17,50,89,228,66,89,253,130,254,127,255,239,255,175,222,175,19,0,4,0,0,12,0,136,128,112,104,168,0,16,0,0,0,2,254,6,254,0,0,0,0,0,36,6,130,6,0,0,0,0,0,1,9,1,10,16,0,0,16,0,0,16,60,255,0,0,0,0,0,0,0,0,0,0,0,0,0,0,0,0,126,252,128,251,54,251,250,250,98,249,38,255,32,255,70,255
2026-08-03_15-49-30,1,1137,0,0.0,0,10.0,1,1,2,0,46,255,0,0,216,0,25,41,93,9,0,255,255,0,0,255,0,187,89,130,121,254,253,254,253,255,33,136,68,32,17,50,89,228,66,89,253,130,254,127,255,239,255,175,222,175,19,0,4,0,0,12,0,136,128,112,104,168,0,16,0,0,0,2,254,6,254,0,0,0,0,0,36,6,130,6,0,0,0,0,0,1,9,1,10,16,0,0,16,0,0,16,60,255,0,0,0,0,0,0,0,0,0,0,0,0,0,0,0,0,126,252,128,251,54,251,250,250,98,249,38,255,32,255,70,255,2,0,224,255,0,0,220,0,25,41,92,9,0,255,255,0,0,255,0,163,89,108,121,254,253,254,253,255,35,136,68,32,17,18,89,228,66,89,253,108,254,127,255,239,255,175,222,175,19,0,4,0,0,12,0,136,128,112,104,200,0,208,0,0,0,2,254,6,254,0,0,0,0,0,36,6,130,6,0,0,0,0,0,1,9,1,10,16,0,0,16,0,0,16,60,255,0,0,0,0,0,0,0,0,0,0,0,0,0,0,0,0,126,252,128,251,54,251,250,250,98,249,38,255,32,255,70,255
2026-08-03_15-49-30,1,1138,0,0.0,0,10.0,1,1,2,0,224,255,0,0,220,0,25,41,92,9,0,255,255,0,0,255,0,163,89,108,121,254,253,254,253,255,35,136,68,32,17,18,89,228,66,89,253,108,254,127,255,239,255,175,222,175,19,0,4,0,0,12,0,136,128,112,104,200,0,208,0,0,0,2,254,6,254,0,0,0,0,0,36,6,130,6,0,0,0,0,0,1,9,1,10,16,0,0,16,0,0,16,60,255,0,0,0,0,0,0,0,0,0,0,0,0,0,0,0,0,126,252,128,251,54,251,250,250,98,249,38,255,32,255,70,255,2,0,6,255,0,0,224,0,25,41,90,9,0,255,255,0,0,255,0,187,89,134,121,254,253,254,253,255,37,136,68,32,17,242,89,228,66,89,253,133,254,127,255,239,255,175,222,175,19,0,4,0,0,12,0,136,128,112,104,232,0,144,0,0,0,2,254,6,254,0,0,0,0,0,36,6,130,6,0,0,0,0,0,1,9,1,10,16,0,0,16,0,0,16,60,255,0,0,0,0,0,0,0,0,0,0,0,0,0,0,0,0,126,252,128,251,54,251,250,250,98,249,38,255,32,255,70,255
2026-08-03_15-49-30,1,1139,0,0.0,0,10.0,1,1,2,0,6,255,0,0,224,0,25,41,90,9,0,255,255,0,0,255,0,187,89,134,121,254,253,254,253,255,37,136,68,32,17,242,89,228,66,89,253,133,254,127,255,239,255,175,222,175,19,0,4,0,0,12,0,136,128,112,104,232,0,144,0,0,0,2,254,6,254,0,0,0,0,0,36,6,130,6,0,0,0,0,0,1,9,1,10,16,0,0,16,0,0,16,60,255,0,0,0,0,0,0,0,0,0,0,0,0,0,0,0,0,126,252,128,251,54,251,250,250,98,249,38,255,32,255,70,255,2,0,100,255,0,0,228,0,25,41,88,9,0,255,255,0,0,255,0,163,89,111,121,254,253,254,253,255,40,136,68,32,17,210,89,228,66,89,253,133,254,127,255,239,255,175,222,175,19,2,4,0,0,12,0,136,128,112,104,8,0,80,0,0,0,2,254,6,254,0,0,0,0,0,36,6,130,6,0,0,0,0,0,1,9,1,10,16,0,0,16,0,0,16,60,255,0,0,0,0,0,0,0,0,0,0,0,0,0,0,0,0,126,252,128,251,54,251,250,250,98,249,38,255,32,255,70,255
2026-08-03_15-49-30,1,1140,0,0.0,0,10.0,1,1,2,0,100,255,0,0,228,0,25,41,88,9,0,255,255,0,0,255,0,163,89,111,121,254,253,254,253,255,40,136,68,32,17,210,89,228,66,89,253,133,254,127,255,239,255,175,222,175,19,2,4,0,0,12,0,136,128,112,104,8,0,80,0,0,0,2,254,6,254,0,0,0,0,0,36,6,130,6,0,0,0,0,0,1,9,1,10,16,0,0,16,0,0,16,60,255,0,0,0,0,0,0,0,0,0,0,0,0,0,0,0,0,126,252,128,251,54,251,250,250,98,249,38,255,32,255,70,255,2,0,73,255,0,0,232,0,25,41,86,9,0,255,255,0,0,255,0,187,89,137,121,254,253,254,253,255,42,136,68,32,17,178,89,228,66,89,253,133,254,127,255,239,255,175,222,175,19,0,4,0,0,12,0,136,128,112,104,40,0,16,0,0,0,2,254,6,254,0,0,0,0,0,36,6,130,6,0,0,0,0,0,1,9,1,10,16,0,0,16,0,0,16,60,255,0,0,0,0,0,0,0,0,0,0,0,0,0,0,0,0,126,252,128,251,54,251,250,250,98,249,38,255,32,255,70,255
2026-08-03_15-49-30,1,1141,2,0.0,0,10.0,1,1,2,0,73,255,0,0,232,0,25,41,86,9,0,255,255,0,0,255,0,187,89,137,121,254,253,254,253,255,42,136,68,32,17,178,89,228,66,89,253,133,254,127,255,239,255,175,222,175,19,0,4,0,0,12,0,136,128,112,104,40,0,16,0,0,0,2,254,6,254,0,0,0,0,0,36,6,130,6,0,0,0,0,0,1,9,1,10,16,0,0,16,0,0,16,60,255,0,0,0,0,0,0,0,0,0,0,0,0,0,0,0,0,126,252,128,251,54,251,250,250,98,249,38,255,32,255,70,255,2,0,155,255,0,0,236,0,25,41,85,9,0,255,255,0,0,255,0,163,89,115,121,254,253,254,253,255,44,136,68,32,17,146,89,228,66,89,253,115,254,127,255,239,255,175,222,175,19,0,4,0,0,12,0,136,128,112,104,72,0,208,0,0,0,2,254,6,254,0,0,0,0,0,36,6,130,6,0,0,0,0,0,1,9,1,10,16,0,0,16,0,0,16,60,255,0,0,0,0,0,0,0,0,0,0,0,0,0,0,0,0,126,252,128,251,54,251,250,250,98,249,38,255,32,255,70,255
2026-08-03_15-49-30,1,1142,2,0.0,0,10.0,1,1,2,0,155,255,0,0,236,0,25,41,85,9,0,255,255,0,0,255,0,163,89,115,121,254,253,254,253,255,44,136,68,32,17,146,89,228,66,89,253,115,254,127,255,239,255,175,222,175,19,0,4,0,0,12,0,136,128,112,104,72,0,208,0,0,0,2,254,6,254,0,0,0,0,0,36,6,130,6,0,0,0,0,0,1,9,1,10,16,0,0,16,0,0,16,60,255,0,0,0,0,0,0,0,0,0,0,0,0,0,0,0,0,126,252,128,251,54,251,250,250,98,249,38,255,32,255,70,255,2,0,185,255,0,0,240,0,25,41,83,9,0,255,255,0,0,255,0,187,89,141,121,254,253,254,253,255,46,136,68,32,17,99,89,228,66,89,253,141,254,127,255,239,255,175,222,175,13,0,4,0,0,12,0,136,128,112,104,104,0,144,0,0,0,2,254,6,254,0,0,0,0,0,36,6,130,6,0,0,0,0,0,1,9,1,10,16,0,0,16,0,0,16,60,255,0,0,0,0,0,0,0,0,0,0,0,0,0,0,0,0,126,252,128,251,54,251,250,250,98,249,38,255,32,255,70,255
2026-08-03_15-49-30,1,1143,0,0.0,0,10.0,1,1,2,0,185,255,0,0,240,0,25,41,83,9,0,255,255,0,0,255,0,187,89,141,121,254,253,254,253,255,46,136,68,32,17,99,89,228,66,89,253,141,254,127,255,239,255,175,222,175,13,0,4,0,0,12,0,136,128,112,104,104,0,144,0,0,0,2,254,6,254,0,0,0,0,0,36,6,130,6,0,0,0,0,0,1,9,1,10,16,0,0,16,0,0,16,60,255,0,0,0,0,0,0,0,0,0,0,0,0,0,0,0,0,126,252,128,251,54,251,250,250,98,249,38,255,32,255,70,255,2,0,144,255,0,0,244,0,25,41,81,9,0,255,255,0,0,255,0,163,89,118,121,254,253,254,253,255,48,136,68,32,17,51,89,228,66,89,253,141,254,127,255,239,255,175,222,175,13,0,4,0,0,12,0,136,128,112,104,136,0,80,0,0,0,2,254,6,254,0,0,0,0,0,36,6,130,6,0,0,0,0,0,1,9,1,10,16,0,0,16,0,0,16,60,255,0,0,0,0,0,0,0,0,0,0,0,0,0,0,0,0,126,252,128,251,54,251,250,250,98,249,38,255,32,255,70,255
2026-08-03_15-49-30,1,1144,0,0.0,0,10.0,1,1,2,0,144,255,0,0,244,0,25,41,81,9,0,255,255,0,0,255,0,163,89,118,121,254,253,254,253,255,48,136,68,32,17,51,89,228,66,89,253,141,254,127,255,239,255,175,222,175,13,0,4,0,0,12,0,136,128,112,104,136,0,80,0,0,0,2,254,6,254,0,0,0,0,0,36,6,130,6,0,0,0,0,0,1,9,1,10,16,0,0,16,0,0,16,60,255,0,0,0,0,0,0,0,0,0,0,0,0,0,0,0,0,126,252,128,251,54,251,250,250,98,249,38,255,32,255,70,255,2,0,5,255,0,0,248,0,25,41,79,9,0,255,255,0,0,255,0,187,89,144,121,254,253,254,253,255,50,136,68,32,17,19,89,228,66,89,253,141,254,127,255,239,255,175,222,175,19,2,4,0,0,12,0,136,128,112,104,168,0,16,0,0,0,2,254,6,254,0,0,0,0,0,36,6,130,6,0,0,0,0,0,1,9,1,10,16,0,0,16,0,0,16,60,255,0,0,0,0,0,0,0,0,0,0,0,0,0,0,0,0,126,252,128,251,54,251,250,250,98,249,38,255,32,255,70,255
2026-08-03_15-49-30,1,1145,0,0.0,0,10.0,1,1,2,0,5,255,0,0,248,0,25,41,79,9,0,255,255,0,0,255,0,187,89,144,121,254,253,254,253,255,50,136,68,32,17,19,89,228,66,89,253,141,254,127,255,239,255,175,222,175,19,2,4,0,0,12,0,136,128,112,104,168,0,16,0,0,0,2,254,6,254,0,0,0,0,0,36,6,130,6,0,0,0,0,0,1,9,1,10,16,0,0,16,0,0,16,60,255,0,0,0,0,0,0,0,0,0,0,0,0,0,0,0,0,126,252,128,251,54,251,250,250,98,249,38,255,32,255,70,255,2,0,86,255,0,0,252,0,25,41,78,9,0,255,255,0,0,255,0,163,89,122,121,254,253,254,253,255,52,136,68,32,17,243,89,228,66,89,253,141,254,127,255,239,255,175,222,175,19,0,4,0,0,12,0,136,128,112,104,200,0,208,0,0,0,2,254,6,254,0,0,0,0,0,36,6,130,6,0,0,0,0,0,1,9,1,10,16,0,0,16,0,0,16,60,255,0,0,0,0,0,0,0,0,0,0,0,0,0,0,0,0,126,252,128,251,54,251,250,250,98,249,38,255,32,255,70,255
2026-08-03_15-49-30,1,1146,0,0.0,0,10.0,1,1,2,0,86,255,0,0,252,0,25,41,78,9,0,255,255,0,0,255,0,163,89,122,121,254,253,254,253,255,52,136,68,32,17,243,89,228,66,89,253,141,254,127,255,239,255,175,222,175,19,0,4,0,0,12,0,136,128,112,104,200,0,208,0,0,0,2,254,6,254,0,0,0,0,0,36,6,130,6,0,0,0,0,0,1,9,1,10,16,0,0,16,0,0,16,60,255,0,0,0,0,0,0,0,0,0,0,0,0,0,0,0,0,126,252,128,251,54,251,250,250,98,249,38,255,32,255,70,255,2,0,109,255,0,0,0,1,25,41,76,9,0,255,255,0,0,255,0,187,89,148,121,254,253,254,253,255,54,136,68,32,17,211,89,228,66,89,253,148,254,127,255,239,255,175,222,175,19,0,4,0,0,12,0,136,128,112,104,232,0,144,0,0,0,2,254,6,254,0,0,0,0,0,36,6,130,6,0,0,0,0,0,1,9,1,10,104,0,0,16,0,0,16,60,255,0,0,0,0,0,0,0,0,0,0,0,0,0,0,0,0,126,252,128,251,54,251,250,250,98,249,38,255,32,255,70,255
2026-08-03_15-49-30,1,1147,4,0.0,0,10.0,1,1,2,0,109,255,0,0,0,1,25,41,76,9,0,255,255,0,0,255,0,187,89,148,121,254,253,254,253,255,54,136,68,32,17,211,89,228,66,89,253,148,254,127,255,239,255,175,222,175,19,0,4,0,0,12,0,136,128,112,104,232,0,144,0,0,0,2,254,6,254,0,0,0,0,0,36,6,130,6,0,0,0,0,0,1,9,1,10,104,0,0,16,0,0,16,60,255,0,0,0,0,0,0,0,0,0,0,0,0,0,0,0,0,126,252,128,251,54,251,250,250,98,249,38,255,32,255,70,255,2,0,214,255,0,0,4,0,25,41,74,9,0,255,255,255,0,255,0,163,89,125,121,254,253,254,253,255,53,136,68,32,17,211,89,228,66,89,253,125,254,191,255,239,255,175,222,175,19,0,4,0,0,12,0,136,128,112,104,8,0,80,0,0,0,2,254,6,254,0,0,0,0,0,36,6,130,6,0,0,0,0,0,1,9,1,10,104,0,0,16,0,0,16,60,255,0,0,0,0,0,0,0,0,0,0,0,0,0,0,0,0,126,252,128,251,54,251,250,250,98,249,38,255,32,255,70,255
2026-08-03_15-49-30,1,1148,4,0.0,0,10.0,1,1,2,0,214,255,0,0,4,0,25,41,74,9,0,255,255,255,0,255,0,163,89,125,121,254,253,254,253,255,53,136,68,32,17,211,89,228,66,89,253,125,254,191,255,239,255,175,222,175,19,0,4,0,0,12,0,136,128,112,104,8,0,80,0,0,0,2,254,6,254,0,0,0,0,0,36,6,130,6,0,0,0,0,0,1,9,1,10,104,0,0,16,0,0,16,60,255,0,0,0,0,0,0,0,0,0,0,0,0,0,0,0,0,126,252,128,251,54,251,250,250,98,249,38,255,32,255,70,255,2,0,101,255,0,0,8,0,25,41,73,9,0,255,255,255,0,0,0,187,89,139,121,254,253,254,253,255,51,136,69,32,17,243,89,212,66,89,253,149,254,191,255,127,255,95,191,175,18,0,4,0,0,0,0,136,128,112,104,40,0,160,0,0,0,2,254,6,254,0,0,0,0,0,36,6,130,6,0,0,0,0,0,1,9,1,10,104,0,0,16,0,0,16,60,255,0,0,0,0,0,0,0,0,0,0,0,0,0,0,0,0,229,251,146,251,54,251,13,251,98,249,38,255,32,255,70,255
2026-08-03_15-49-30,1,1149,4,0.0,0,10.0,1,1,2,0,101,255,0,0,8,0,25,41,73,9,0,255,255,255,0,0,0,187,89,139,121,254,253,254,253,255,51,136,69,32,17,243,89,212,66,89,253,149,254,191,255,127,255,95,191,175,18,0,4,0,0,0,0,136,128,112,104,40,0,160,0,0,0,2,254,6,254,0,0,0,0,0,36,6,130,6,0,0,0,0,0,1,9,1,10,104,0,0,16,0,0,16,60,255,0,0,0,0,0,0,0,0,0,0,0,0,0,0,0,0,229,251,146,251,54,251,13,251,98,249,38,255,32,255,70,255,2,0,88,255,0,0,12,0,25,41,73,9,0,255,255,255,0,0,0,163,89,115,121,254,253,254,253,255,49,136,71,32,17,19,89,196,66,89,253,149,254,191,255,127,255,95,191,175,18,0,4,0,0,0,0,136,128,112,104,72,0,96,0,0,0,2,254,6,254,0,0,0,0,0,36,6,130,6,0,0,0,0,0,1,9,1,10,104,0,0,16,0,0,16,60,255,0,0,0,0,0,0,0,0,0,0,0,0,0,0,0,0,229,251,146,251,54,251,13,251,98,249,38,255,32,255,70,255
2026-08-03_15-49-30,1,1150,0,0.0,0,10.0,1,1,2,0,88,255,0,0,12,0,25,41,73,9,0,255,255,255,0,0,0,163,89,115,121,254,253,254,253,255,49,136,71,32,17,19,89,196,66,89,253,149,254,191,255,127,255,95,191,175,18,0,4,0,0,0,0,136,128,112,104,72,0,96,0,0,0,2,254,6,254,0,0,0,0,0,36,6,130,6,0,0,0,0,0,1,9,1,10,104,0,0,16,0,0,16,60,255,0,0,0,0,0,0,0,0,0,0,0,0,0,0,0,0,229,251,146,251,54,251,13,251,98,249,38,255,32,255,70,255,2,0,135,255,0,0,16,0,25,41,73,9,0,255,255,255,0,0,0,187,89,139,121,254,253,254,253,255,47,136,73,32,17,51,89,164,66,89,253,149,254,191,255,127,255,95,191,175,20,2,4,0,0,0,0,136,128,112,104,104,0,32,0,0,0,2,254,6,254,0,0,0,0,0,36,6,130,6,0,0,0,0,0,1,9,1,10,104,0,0,16,0,0,16,60,255,0,0,0,0,0,0,0,0,0,0,0,0,0,0,0,0,229,251,146,251,54,251,13,251,98,249,38,255,32,255,70,255
2026-08-03_15-49-30,1,1151,0,0.0,0,10.0,1,1,2,0,135,255,0,0,16,0,25,41,73,9,0,255,255,255,0,0,0,187,89,139,121,254,253,254,253,255,47,136,73,32,17,51,89,164,66,89,253,149,254,191,255,127,255,95,191,175,20,2,4,0,0,0,0,136,128,112,104,104,0,32,0,0,0,2,254,6,254,0,0,0,0,0,36,6,130,6,0,0,0,0,0,1,9,1,10,104,0,0,16,0,0,16,60,255,0,0,0,0,0,0,0,0,0,0,0,0,0,0,0,0,229,251,146,251,54,251,13,251,98,249,38,255,32,255,70,255,2,0,125,255,0,0,20,0,25,41,73,9,0,255,255,255,0,0,0,163,89,115,121,254,253,254,253,255,45,136,74,32,17,99,89,117,66,89,253,149,254,191,255,127,255,95,191,175,20,2,4,0,0,0,0,136,128,112,104,136,0,224,0,0,0,2,254,6,254,0,0,0,0,0,36,6,130,6,0,0,0,0,0,1,9,1,10,104,0,0,16,0,0,16,60,255,0,0,0,0,0,0,0,0,0,0,0,0,0,0,0,0,229,251,146,251,54,251,13,251,98,249,38,255,32,255,70,255
2026-08-03_15-49-30,1,1152,0,0.0,0,10.0,1,1,2,0,125,255,0,0,20,0,25,41,73,9,0,255,255,255,0,0,0,163,89,115,121,254,253,254,253,255,45,136,74,32,17,99,89,117,66,89,253,149,254,191,255,127,255,95,191,175,20,2,4,0,0,0,0,136,128,112,104,136,0,224,0,0,0,2,254,6,254,0,0,0,0,0,36,6,130,6,0,0,0,0,0,1,9,1,10,104,0,0,16,0,0,16,60,255,0,0,0,0,0,0,0,0,0,0,0,0,0,0,0,0,229,251,146,251,54,251,13,251,98,249,38,255,32,255,70,255,2,0,219,255,0,0,24,0,25,41,73,9,0,255,255,255,0,0,0,187,89,139,121,254,253,254,253,255,43,136,76,32,17,146,89,85,66,89,253,149,254,191,255,127,255,95,191,175,20,2,4,0,0,0,0,136,128,112,104,168,0,160,0,0,0,2,254,6,254,0,0,0,0,0,36,6,130,6,0,0,0,0,0,1,9,1,10,104,0,0,16,0,0,16,60,255,0,0,0,0,0,0,0,0,0,0,0,0,0,0,0,0,229,251,146,251,54,251,13,251,98,249,38,255,32,255,70,255
2026-08-03_15-49-30,1,1153,0,0.0,0,10.0,1,1,2,0,219,255,0,0,24,0,25,41,73,9,0,255,255,255,0,0,0,187,89,139,121,254,253,254,253,255,43,136,76,32,17,146,89,85,66,89,253,149,254,191,255,127,255,95,191,175,20,2,4,0,0,0,0,136,128,112,104,168,0,160,0,0,0,2,254,6,254,0,0,0,0,0,36,6,130,6,0,0,0,0,0,1,9,1,10,104,0,0,16,0,0,16,60,255,0,0,0,0,0,0,0,0,0,0,0,0,0,0,0,0,229,251,146,251,54,251,13,251,98,249,38,255,32,255,70,255,2,0,189,255,0,0,28,0,25,41,73,9,0,255,255,255,0,0,0,163,89,115,121,254,253,254,253,255,41,136,78,32,17,178,89,69,66,89,253,149,254,191,255,127,255,95,191,175,20,2,4,0,0,0,0,136,128,112,104,200,0,96,0,0,0,2,254,6,254,0,0,0,0,0,36,6,130,6,0,0,0,0,0,1,9,1,10,104,0,0,16,0,0,16,60,255,0,0,0,0,0,0,0,0,0,0,0,0,0,0,0,0,229,251,146,251,54,251,13,251,98,249,38,255,32,255,70,255
2026-08-03_15-49-30,1,1154,2,0.0,0,10.0,1,1,2,0,189,255,0,0,28,0,25,41,73,9,0,255,255,255,0,0,0,163,89,115,121,254,253,254,253,255,41,136,78,32,17,178,89,69,66,89,253,149,254,191,255,127,255,95,191,175,20,2,4,0,0,0,0,136,128,112,104,200,0,96,0,0,0,2,254,6,254,0,0,0,0,0,36,6,130,6,0,0,0,0,0,1,9,1,10,104,0,0,16,0,0,16,60,255,0,0,0,0,0,0,0,0,0,0,0,0,0,0,0,0,229,251,146,251,54,251,13,251,98,249,38,255,32,255,70,255,2,0,215,255,0,0,32,0,24,41,73,9,0,255,255,255,0,0,0,200,89,139,121,254,253,254,253,255,40,136,80,32,17,194,89,37,66,89,253,149,254,239,255,127,255,95,191,175,12,0,4,12,0,0,0,136,128,112,104,232,0,32,0,0,0,2,254,6,254,0,0,0,0,0,36,6,130,6,0,0,0,0,0,1,9,1,10,104,0,0,16,0,0,16,60,255,0,0,0,0,0,0,0,0,0,0,0,0,0,0,0,0,229,251,146,251,54,251,13,251,98,249,38,255,32,255,70,255
2026-08-03_15-49-30,1,1155,2,0.0,0,10.0,1,1,2,0,215,255,0,0,32,0,24,41,73,9,0,255,255,255,0,0,0,200,89,139,121,254,253,254,253,255,40,136,80,32,17,194,89,37,66,89,253,149,254,239,255,127,255,95,191,175,12,0,4,12,0,0,0,136,128,112,104,232,0,32,0,0,0,2,254,6,254,0,0,0,0,0,36,6,130,6,0,0,0,0,0,1,9,1,10,104,0,0,16,0,0,16,60,255,0,0,0,0,0,0,0,0,0,0,0,0,0,0,0,0,229,251,146,251,54,251,13,251,98,249,38,255,32,255,70,255,2,0,116,255,0,0,36,0,21,41,73,9,0,255,255,255,0,0,0,178,89,115,121,254,253,254,253,255,40,136,81,32,17,194,89,5,66,89,253,149,254,239,255,127,255,95,191,175,21,2,4,12,0,0,0,136,128,112,104,8,0,224,0,0,0,2,254,6,254,0,0,0,0,0,36,6,130,6,0,0,0,0,0,1,9,1,10,104,0,0,16,0,0,16,60,255,0,0,0,0,0,0,0,0,0,0,0,0,0,0,0,0,229,251,146,251,54,251,13,251,98,249,38,255,32,255,70,255
2026-08-03_15-49-30,1,1156,0,0.0,0,10.0,1,1,2,0,116,255,0,0,36,0,21,41,73,9,0,255,255,255,0,0,0,178,89,115,121,254,253,254,253,255,40,136,81,32,17,194,89,5,66,89,253,149,254,239,255,127,255,95,191,175,21,2,4,12,0,0,0,136,128,112,104,8,0,224,0,0,0,2,254,6,254,0,0,0,0,0,36,6,130,6,0,0,0,0,0,1,9,1,10,104,0,0,16,0,0,16,60,255,0,0,0,0,0,0,0,0,0,0,0,0,0,0,0,0,229,251,146,251,54,251,13,251,98,249,38,255,32,255,70,255,2,0,68,255,0,0,40,0,19,41,73,9,0,255,255,255,0,0,0,204,89,139,121,254,253,254,253,255,40,136,83,32,17,194,89,229,66,89,253,149,254,239,255,127,255,95,191,175,21,2,4,12,0,0,0,136,128,112,104,40,0,160,0,0,0,2,254,6,254,0,0,0,0,0,36,6,130,6,0,0,0,0,0,1,9,1,10,104,0,0,16,0,0,16,60,255,0,0,0,0,0,0,0,0,0,0,0,0,0,0,0,0,229,251,146,251,54,251,13,251,98,249,38,255,32,255,70,255
2026-08-03_15-49-30,1,1157,0,0.0,0,10.0,1,1,2,0,68,255,0,0,40,0,19,41,73,9,0,255,255,255,0,0,0,204,89,139,121,254,253,254,253,255,40,136,83,32,17,194,89,229,66,89,253,149,254,239,255,127,255,95,191,175,21,2,4,12,0,0,0,136,128,112,104,40,0,160,0,0,0,2,254,6,254,0,0,0,0,0,36,6,130,6,0,0,0,0,0,1,9,1,10,104,0,0,16,0,0,16,60,255,0,0,0,0,0,0,0,0,0,0,0,0,0,0,0,0,229,251,146,251,54,251,13,251,98,249,38,255,32,255,70,255,2,0,67,255,0,0,44,0,17,41,74,9,0,255,255,255,0,0,0,182,89,127,121,254,253,254,253,255,40,136,84,32,17,194,89,213,66,89,253,149,254,239,255,223,255,95,191,175,23,2,4,12,0,12,0,136,128,112,104,72,0,96,0,0,0,2,254,6,254,0,0,0,0,0,36,6,130,6,0,0,0,0,0,1,9,1,10,104,0,0,16,0,0,16,60,255,0,0,0,0,0,0,0,0,0,0,0,0,0,0,0,0,198,252,118,251,54,251,13,251,98,249,38,255,32,255,70,255
2026-08-03_15-49-30,1,1158,0,0.0,0,10.0,1,1,2,0,67,255,0,0,44,0,17,41,74,9,0,255,255,255,0,0,0,182,89,127,121,254,253,254,253,255,40,136,84,32,17,194,89,213,66,89,253,149,254,239,255,223,255,95,191,175,23,2,4,12,0,12,0,136,128,112,104,72,0,96,0,0,0,2,254,6,254,0,0,0,0,0,36,6,130,6,0,0,0,0,0,1,9,1,10,104,0,0,16,0,0,16,60,255,0,0,0,0,0,0,0,0,0,0,0,0,0,0,0,0,198,252,118,251,54,251,13,251,98,249,38,255,32,255,70,255,2,0,54,255,0,0,48,0,15,41,76,9,0,255,255,255,0,0,0,208,89,149,121,254,253,254,253,255,40,136,84,32,17,194,89,213,66,89,253,149,254,239,255,223,255,95,239,175,12,0,4,12,0,12,0,136,128,112,104,104,0,32,0,0,0,2,254,6,254,0,0,0,0,0,36,6,130,6,0,0,0,0,0,1,9,1,10,104,0,0,16,0,0,16,60,255,0,0,0,0,0,0,0,0,0,0,0,0,0,0,0,0,198,252,118,251,54,251,13,251,98,249,38,255,32,255,70,255
2026-08-03_15-49-30,1,1159,0,0.0,0,10.0,1,1,2,0,54,255,0,0,48,0,15,41,76,9,0,255,255,255,0,0,0,208,89,149,121,254,253,254,253,255,40,136,84,32,17,194,89,213,66,89,253,149,254,239,255,223,255,95,239,175,12,0,4,12,0,12,0,136,128,112,104,104,0,32,0,0,0,2,254,6,254,0,0,0,0,0,36,6,130,6,0,0,0,0,0,1,9,1,10,104,0,0,16,0,0,16,60,255,0,0,0,0,0,0,0,0,0,0,0,0,0,0,0,0,198,252,118,251,54,251,13,251,98,249,38,255,32,255,70,255,2,0,99,255,0,0,52,0,13,41,77,9,0,255,255,255,0,0,0,187,89,123,121,254,253,254,253,255,40,136,84,32,17,194,89,213,66,89,253,123,254,239,255,223,255,95,239,175,12,0,4,12,0,12,0,136,128,112,104,136,0,224,0,0,0,2,254,6,254,0,0,0,0,0,36,6,130,6,0,0,0,0,0,1,9,1,10,104,0,0,16,0,0,16,60,255,0,0,0,0,0,0,0,0,0,0,0,0,0,0,0,0,198,252,118,251,54,251,13,251,98,249,38,255,32,255,70,255
2026-08-03_15-49-30,1,1160,0,0.0,0,10.0,1,1,2,0,99,255,0,0,52,0,13,41,77,9,0,255,255,255,0,0,0,187,89,123,121,254,253,254,253,255,40,136,84,32,17,194,89,213,66,89,253,123,254,239,255,223,255,95,239,175,12,0,4,12,0,12,0,136,128,112,104,136,0,224,0,0,0,2,254,6,254,0,0,0,0,0,36,6,130,6,0,0,0,0,0,1,9,1,10,104,0,0,16,0,0,16,60,255,0,0,0,0,0,0,0,0,0,0,0,0,0,0,0,0,198,252,118,251,54,251,13,251,98,249,38,255,32,255,70,255,2,0,60,255,0,0,56,0,11,41,79,9,0,255,255,255,0,0,0,213,89,145,121,254,253,254,253,255,40,136,84,32,17,194,89,213,66,89,253,141,254,239,255,223,255,95,239,175,12,0,4,12,0,12,0,136,128,112,104,168,0,160,0,0,0,2,254,6,254,0,0,0,0,0,36,6,130,6,0,0,0,0,0,1,9,1,10,104,0,0,16,0,0,16,60,255,0,0,0,0,0,0,0,0,0,0,0,0,0,0,0,0,198,252,118,251,54,251,13,251,98,249,38,255,32,255,70,255
2026-08-03_15-49-30,1,1161,0,0.0,0,10.0,1,1,2,0,60,255,0,0,56,0,11,41,79,9,0,255,255,255,0,0,0,213,89,145,121,254,253,254,253,255,40,136,84,32,17,194,89,213,66,89,253,141,254,239,255,223,255,95,239,175,12,0,4,12,0,12,0,136,128,112,104,168,0,160,0,0,0,2,254,6,254,0,0,0,0,0,36,6,130,6,0,0,0,0,0,1,9,1,10,104,0,0,16,0,0,16,60,255,0,0,0,0,0,0,0,0,0,0,0,0,0,0,0,0,198,252,118,251,54,251,13,251,98,249,38,255,32,255,70,255,2,0,206,255,0,0,60,0,9,41,81,9,0,255,255,255,0,0,0,191,89,120,121,254,253,254,253,255,40,136,84,32,17,194,89,213,66,89,253,141,254,239,255,223,255,95,239,175,11,0,4,12,0,12,0,136,128,112,104,64,0,96,0,0,0,2,254,6,254,0,0,0,0,0,36,6,130,6,0,0,0,0,0,1,9,1,10,104,0,0,16,0,0,16,60,255,0,0,0,0,0,0,0,0,0,0,0,0,0,0,0,0,198,252,118,251,54,251,13,251,98,249,38,255,32,255,70,255
2026-08-03_15-49-30,1,1162,4,0.0,0,10.0,1,1,2,0,206,255,0,0,60,0,9,41,81,9,0,255,255,255,0,0,0,191,89,120,121,254,253,254,253,255,40,136,84,32,17,194,89,213,66,89,253,141,254,239,255,223,255,95,239,175,11,0,4,12,0,12,0,136,128,112,104,64,0,96,0,0,0,2,254,6,254,0,0,0,0,0,36,6,130,6,0,0,0,0,0,1,9,1,10,104,0,0,16,0,0,16,60,255,0,0,0,0,0,0,0,0,0,0,0,0,0,0,0,0,198,252,118,251,54,251,13,251,98,249,38,255,32,255,70,255,2,0,230,255,0,0,64,0,9,41,83,9,0,255,255,255,0,0,0,203,89,142,121,254,253,254,253,255,38,136,84,32,17,210,89,213,66,89,253,141,254,191,255,223,255,95,239,175,23,2,4,0,0,12,0,136,128,112,104,80,0,32,0,0,0,2,254,6,254,0,0,0,0,0,36,6,130,6,0,0,0,0,0,1,9,1,10,104,0,0,16,0,0,16,60,255,0,0,0,0,0,0,0,0,0,0,0,0,0,0,0,0,198,252,118,251,54,251,13,251,98,249,38,255,32,255,70,255
2026-08-03_15-49-30,1,1163,4,20.0,0,30.0,1,1,2,0,230,255,0,0,64,0,9,41,83,9,0,255,255,255,0,0,0,203,89,142,121,254,253,254,253,255,38,136,84,32,17,210,89,213,66,89,253,141,254,191,255,223,255,95,239,175,23,2,4,0,0,12,0,136,128,112,104,80,0,32,0,0,0,2,254,6,254,0,0,0,0,0,36,6,130,6,0,0,0,0,0,1,9,1,10,104,0,0,16,0,0,16,60,255,0,0,0,0,0,0,0,0,0,0,0,0,0,0,0,0,198,252,118,251,54,251,13,251,98,249,38,255,32,255,70,255,2,0,98,255,0,0,68,0,9,41,84,9,0,255,255,255,0,0,0,179,89,116,148,254,253,254,255,255,36,136,84,32,17,242,89,213,66,89,253,116,254,191,255,223,255,95,239,175,23,2,4,0,0,12,0,136,128,112,104,112,0,224,0,0,0,2,254,6,254,0,0,0,0,0,36,6,130,6,0,0,0,147,26,2,9,1,10,104,0,0,48,0,0,48,60,255,0,0,0,0,0,0,0,0,0,0,0,0,0,0,0,0,198,252,118,251,54,251,13,251,98,249,38,255,58,255,70,255
2026-08-03_15-49-30,1,1164,4,0.0,0,30.0,1,1,2,0,98,255,0,0,68,0,9,41,84,9,0,255,255,255,0,0,0,179,89,116,148,254,253,254,255,255,36,136,84,32,17,242,89,213,66,89,253,116,254,191,255,223,255,95,239,175,23,2,4,0,0,12,0,136,128,112,104,112,0,224,0,0,0,2,254,6,254,0,0,0,0,0,36,6,130,6,0,0,0,147,26,2,9,1,10,104,0,0,48,0,0,48,60,255,0,0,0,0,0,0,0,0,0,0,0,0,0,0,0,0,198,252,118,251,54,251,13,251,98,249,38,255,58,255,70,255,2,0,45,255,0,0,72,0,9,41,86,9,0,255,255,255,0,0,0,203,89,138,148,254,253,254,255,255,34,136,84,32,17,34,89,213,66,89,253,138,254,191,255,223,255,95,239,175,23,0,4,0,0,12,0,136,128,112,104,144,0,160,0,0,0,2,254,6,254,0,0,0,0,0,36,6,130,6,0,0,0,143,22,2,9,1,10,104,0,0,48,0,0,48,60,255,0,0,0,0,0,0,0,0,0,0,0,0,0,0,0,0,198,252,118,251,54,251,13,251,98,249,38,255,58,255,70,255
2026-08-03_15-49-30,1,1165,0,0.0,0,30.0,1,1,2,0,45,255,0,0,72,0,9,41,86,9,0,255,255,255,0,0,0,203,89,138,148,254,253,254,255,255,34,136,84,32,17,34,89,213,66,89,253,138,254,191,255,223,255,95,239,175,23,0,4,0,0,12,0,136,128,112,104,144,0,160,0,0,0,2,254,6,254,0,0,0,0,0,36,6,130,6,0,0,0,143,22,2,9,1,10,104,0,0,48,0,0,48,60,255,0,0,0,0,0,0,0,0,0,0,0,0,0,0,0,0,198,252,118,251,54,251,13,251,98,249,38,255,58,255,70,255,2,0,210,255,0,0,76,0,9,41,88,9,0,255,255,255,0,0,0,179,89,113,148,254,253,254,255,255,32,136,84,32,17,66,89,213,66,89,253,133,254,191,255,223,255,95,239,175,23,0,4,0,0,12,0,136,128,112,104,176,0,96,0,0,0,2,254,6,254,0,0,0,0,0,36,6,130,6,0,0,0,139,18,2,9,1,10,104,0,0,48,0,0,48,60,255,0,0,0,0,0,0,0,0,0,0,0,0,0,0,0,0,198,252,118,251,54,251,13,251,98,249,38,255,58,255,70,255
2026-08-03_15-49-30,1,1166,0,0.0,0,30.0,1,1,2,0,210,255,0,0,76,0,9,41,88,9,0,255,255,255,0,0,0,179,89,113,148,254,253,254,255,255,32,136,84,32,17,66,89,213,66,89,253,133,254,191,255,223,255,95,239,175,23,0,4,0,0,12,0,136,128,112,104,176,0,96,0,0,0,2,254,6,254,0,0,0,0,0,36,6,130,6,0,0,0,139,18,2,9,1,10,104,0,0,48,0,0,48,60,255,0,0,0,0,0,0,0,0,0,0,0,0,0,0,0,0,198,252,118,251,54,251,13,251,98,249,38,255,58,255,70,255,2,0,34,255,0,0,80,0,9,41,90,9,0,255,255,255,0,0,0,203,89,135,148,254,253,254,255,255,30,136,84,32,17,98,89,213,66,89,253,133,254,191,255,223,255,95,239,175,23,2,4,0,0,12,0,136,128,112,104,208,0,32,0,0,0,2,254,6,254,0,0,0,0,0,36,6,130,6,0,0,0,135,14,2,9,1,10,104,0,0,48,0,0,48,60,255,0,0,0,0,0,0,0,0,0,0,0,0,0,0,0,0,198,252,118,251,54,251,13,251,98,249,38,255,58,255,70,255
2026-08-03_15-49-30,1,1167,0,0.0,0,30.0,1,1,2,0,34,255,0,0,80,0,9,41,90,9,0,255,255,255,0,0,0,203,89,135,148,254,253,254,255,255,30,136,84,32,17,98,89,213,66,89,253,133,254,191,255,223,255,95,239,175,23,2,4,0,0,12,0,136,128,112,104,208,0,32,0,0,0,2,254,6,254,0,0,0,0,0,36,6,130,6,0,0,0,135,14,2,9,1,10,104,0,0,48,0,0,48,60,255,0,0,0,0,0,0,0,0,0,0,0,0,0,0,0,0,198,252,118,251,54,251,13,251,98,249,38,255,58,255,70,255,2,0,41,255,0,0,84,0,9,41,91,9,0,255,255,255,0,0,0,179,89,109,148,254,253,254,255,255,28,136,84,32,17,145,89,213,66,89,253,109,254,191,255,223,255,95,239,175,23,0,4,0,0,12,0,136,128,112,104,240,0,224,0,0,0,2,254,6,254,0,0,0,0,0,36,6,130,6,0,0,0,131,10,2,9,1,10,104,0,0,48,0,0,48,60,255,0,0,0,0,0,0,0,0,0,0,0,0,0,0,0,0,198,252,118,251,54,251,13,251,98,249,38,255,58,255,70,255
2026-08-03_15-49-30,1,1168,0,0.0,0,30.0,1,1,2,0,41,255,0,0,84,0,9,41,91,9,0,255,255,255,0,0,0,179,89,109,148,254,253,254,255,255,28,136,84,32,17,145,89,213,66,89,253,109,254,191,255,223,255,95,239,175,23,0,4,0,0,12,0,136,128,112,104,240,0,224,0,0,0,2,254,6,254,0,0,0,0,0,36,6,130,6,0,0,0,131,10,2,9,1,10,104,0,0,48,0,0,48,60,255,0,0,0,0,0,0,0,0,0,0,0,0,0,0,0,0,198,252,118,251,54,251,13,251,98,249,38,255,58,255,70,255,2,0,149,255,0,0,88,0,9,41,93,9,0,255,255,255,0,0,0,203,89,131,148,254,253,254,255,255,25,136,84,32,17,177,89,213,66,89,253,131,254,191,255,223,255,95,239,175,23,0,4,0,0,12,0,136,128,112,104,16,0,160,0,0,0,2,254,6,254,0,0,0,0,0,36,6,130,6,0,0,0,127,6,2,9,1,10,104,0,0,48,0,0,48,60,255,0,0,0,0,0,0,0,0,0,0,0,0,0,0,0,0,198,252,118,251,54,251,13,251,98,249,38,255,58,255,70,255
2026-08-03_15-49-30,1,1169,0,0.0,0,30.0,1,1,2,0,149,255,0,0,88,0,9,41,93,9,0,255,255,255,0,0,0,203,89,131,148,254,253,254,255,255,25,136,84,32,17,177,89,213,66,89,253,131,254,191,255,223,255,95,239,175,23,0,4,0,0,12,0,136,128,112,104,16,0,160,0,0,0,2,254,6,254,0,0,0,0,0,36,6,130,6,0,0,0,127,6,2,9,1,10,104,0,0,48,0,0,48,60,255,0,0,0,0,0,0,0,0,0,0,0,0,0,0,0,0,198,252,118,251,54,251,13,251,98,249,38,255,58,255,70,255,2,0,83,255,0,0,92,0,9,41,95,9,0,255,255,255,0,0,0,179,89,106,148,254,253,254,255,255,23,136,84,32,17,209,89,213,66,89,253,125,254,191,255,223,255,95,239,175,23,0,4,0,0,12,0,136,128,112,104,48,0,96,0,0,0,2,254,6,254,0,0,0,0,0,36,6,130,6,0,0,0,123,2,2,9,1,10,104,0,0,48,0,0,48,60,255,0,0,0,0,0,0,0,0,0,0,0,0,0,0,0,0,198,252,118,251,54,251,13,251,98,249,38,255,58,255,70,255
2026-08-03_15-49-30,1,1170,0,0.0,0,30.0,1,1,2,0,83,255,0,0,92,0,9,41,95,9,0,255,255,255,0,0,0,179,89,106,148,254,253,254,255,255,23,136,84,32,17,209,89,213,66,89,253,125,254,191,255,223,255,95,239,175,23,0,4,0,0,12,0,136,128,112,104,48,0,96,0,0,0,2,254,6,254,0,0,0,0,0,36,6,130,6,0,0,0,123,2,2,9,1,10,104,0,0,48,0,0,48,60,255,0,0,0,0,0,0,0,0,0,0,0,0,0,0,0,0,198,252,118,251,54,251,13,251,98,249,38,255,58,255,70,255,2,0,59,255,0,0,96,0,9,41,97,9,0,255,255,255,0,0,0,203,89,128,148,254,253,254,255,255,21,136,84,32,17,241,89,213,66,89,253,125,254,191,255,223,255,95,239,175,23,0,4,0,0,12,0,136,128,112,104,80,0,32,0,0,0,2,254,6,254,0,0,0,0,0,36,6,130,6,0,0,0,119,0,2,9,1,10,104,0,0,48,0,0,48,60,255,0,0,0,0,0,0,0,0,0,0,0,0,0,0,0,0,198,252,118,251,54,251,13,251,98,249,38,255,58,255,70,255
2026-08-03_15-49-30,1,1171,0,0.0,0,30.0,1,1,2,0,59,255,0,0,96,0,9,41,97,9,0,255,255,255,0,0,0,203,89,128,148,254,253,254,255,255,21,136,84,32,17,241,89,213,66,89,253,125,254,191,255,223,255,95,239,175,23,0,4,0,0,12,0,136,128,112,104,80,0,32,0,0,0,2,254,6,254,0,0,0,0,0,36,6,130,6,0,0,0,119,0,2,9,1,10,104,0,0,48,0,0,48,60,255,0,0,0,0,0,0,0,0,0,0,0,0,0,0,0,0,198,252,118,251,54,251,13,251,98,249,38,255,58,255,70,255,2,0,187,255,0,0,100,0,9,41,97,9,0,255,255,255,0,255,0,179,89,91,148,254,253,254,255,255,19,136,82,32,17,17,89,245,66,89,253,125,254,191,255,191,255,175,126,175,23,0,4,0,0,0,0,136,128,112,104,112,0,112,0,0,0,2,254,6,254,0,0,0,0,0,36,6,130,6,0,0,0,115,0,2,9,1,10,104,0,0,48,0,0,48,60,255,0,0,0,0,0,0,0,0,0,0,0,0,0,0,0,0,42,252,140,251,54,251,250,250,98,249,38,255,58,255,70,255
2026-08-03_15-49-30,1,1172,0,0.0,0,30.0,1,1,2,0,187,255,0,0,100,0,9,41,97,9,0,255,255,255,0,255,0,179,89,91,148,254,253,254,255,255,19,136,82,32,17,17,89,245,66,89,253,125,254,191,255,191,255,175,126,175,23,0,4,0,0,0,0,136,128,112,104,112,0,112,0,0,0,2,254,6,254,0,0,0,0,0,36,6,130,6,0,0,0,115,0,2,9,1,10,104,0,0,48,0,0,48,60,255,0,0,0,0,0,0,0,0,0,0,0,0,0,0,0,0,42,252,140,251,54,251,250,250,98,249,38,255,58,255,70,255,2,0,179,255,0,0,104,0,9,41,97,9,0,255,255,255,0,255,0,203,89,115,148,254,253,254,255,255,17,136,80,32,17,65,89,5,66,89,253,125,254,191,255,191,255,175,126,175,23,0,4,0,0,0,0,136,128,112,104,144,0,48,0,0,0,2,254,6,254,0,0,0,0,0,36,6,130,6,0,0,0,111,0,2,9,1,10,104,0,0,48,0,0,48,60,255,0,0,0,0,0,0,0,0,0,0,0,0,0,0,0,0,42,252,140,251,54,251,250,250,98,249,38,255,58,255,70,255
2026-08-03_15-49-30,1,1173,0,0.0,0,30.0,1,1,2,0,179,255,0,0,104,0,9,41,97,9,0,255,255,255,0,255,0,203,89,115,148,254,253,254,255,255,17,136,80,32,17,65,89,5,66,89,253,125,254,191,255,191,255,175,126,175,23,0,4,0,0,0,0,136,128,112,104,144,0,48,0,0,0,2,254,6,254,0,0,0,0,0,36,6,130,6,0,0,0,111,0,2,9,1,10,104,0,0,48,0,0,48,60,255,0,0,0,0,0,0,0,0,0,0,0,0,0,0,0,0,42,252,140,251,54,251,250,250,98,249,38,255,58,255,70,255,2,0,61,255,0,0,108,0,9,41,97,9,0,255,255,255,0,255,0,179,89,91,148,254,253,254,255,255,16,136,79,32,17,81,89,37,66,89,253,125,254,191,255,191,255,175,126,175,21,0,4,0,0,0,0,136,128,112,104,24,0,240,0,0,0,2,254,6,254,0,0,0,0,0,36,6,130,6,0,0,0,107,0,2,9,1,10,104,0,0,48,0,0,48,60,255,0,0,0,0,0,0,0,0,0,0,0,0,0,0,0,0,42,252,140,251,54,251,250,250,98,249,38,255,58,255,70,255
2026-08-03_15-49-30,1,1174,0,0.0,0,30.0,1,1,2,0,61,255,0,0,108,0,9,41,97,9,0,255,255,255,0,255,0,179,89,91,148,254,253,254,255,255,16,136,79,32,17,81,89,37,66,89,253,125,254,191,255,191,255,175,126,175,21,0,4,0,0,0,0,136,128,112,104,24,0,240,0,0,0,2,254,6,254,0,0,0,0,0,36,6,130,6,0,0,0,107,0,2,9,1,10,104,0,0,48,0,0,48,60,255,0,0,0,0,0,0,0,0,0,0,0,0,0,0,0,0,42,252,140,251,54,251,250,250,98,249,38,255,58,255,70,255,2,0,223,255,0,0,112,0,9,41,97,9,0,255,255,255,0,255,0,203,89,115,148,254,253,254,255,255,16,136,77,32,17,81,89,69,66,89,253,125,254,191,255,191,255,175,126,175,21,0,4,0,0,0,0,136,128,112,104,24,0,176,0,0,0,2,254,6,254,0,0,0,0,0,36,6,130,6,0,0,0,103,0,2,9,1,10,104,0,0,48,0,0,48,60,255,0,0,0,0,0,0,0,0,0,0,0,0,0,0,0,0,42,252,140,251,54,251,250,250,98,249,38,255,58,255,70,255
2026-08-03_15-49-30,1,1175,0,0.0,0,30.0,1,1,2,0,223,255,0,0,112,0,9,41,97,9,0,255,255,255,0,255,0,203,89,115,148,254,253,254,255,255,16,136,77,32,17,81,89,69,66,89,253,125,254,191,255,191,255,175,126,175,21,0,4,0,0,0,0,136,128,112,104,24,0,176,0,0,0,2,254,6,254,0,0,0,0,0,36,6,130,6,0,0,0,103,0,2,9,1,10,104,0,0,48,0,0,48,60,255,0,0,0,0,0,0,0,0,0,0,0,0,0,0,0,0,42,252,140,251,54,251,250,250,98,249,38,255,58,255,70,255,2,0,250,255,0,0,116,0,9,41,97,9,0,255,255,255,0,255,0,179,89,91,148,254,253,254,255,255,16,136,75,32,17,81,89,101,66,89,253,125,254,191,255,191,255,175,126,175,20,0,4,0,0,0,0,136,128,112,104,24,0,112,0,0,0,2,254,6,254,0,0,0,0,0,36,6,130,6,0,0,0,99,0,2,9,1,10,104,0,0,48,0,0,48,60,255,0,0,0,0,0,0,0,0,0,0,0,0,0,0,0,0,42,252,140,251,54,251,250,250,98,249,38,255,58,255,70,255
2026-08-03_15-49-30,1,1176,0,0.0,0,30.0,1,1,2,0,250,255,0,0,116,0,9,41,97,9,0,255,255,255,0,255,0,179,89,91,148,254,253,254,255,255,16,136,75,32,17,81,89,101,66,89,253,125,254,191,255,191,255,175,126,175,20,0,4,0,0,0,0,136,128,112,104,24,0,112,0,0,0,2,254,6,254,0,0,0,0,0,36,6,130,6,0,0,0,99,0,2,9,1,10,104,0,0,48,0,0,48,60,255,0,0,0,0,0,0,0,0,0,0,0,0,0,0,0,0,42,252,140,251,54,251,250,250,98,249,38,255,58,255,70,255,2,0,166,255,0,0,120,0,9,41,97,9,0,255,255,255,0,255,0,203,89,115,148,254,253,254,255,255,16,136,73,32,17,81,89,117,66,89,253,125,254,191,255,191,255,175,126,175,20,0,4,0,0,0,0,136,128,112,104,24,0,48,0,0,0,2,254,6,254,0,0,0,0,0,36,6,130,6,0,0,0,95,0,2,9,1,10,104,0,0,48,0,0,48,60,255,0,0,0,0,0,0,0,0,0,0,0,0,0,0,0,0,42,252,140,251,54,251,250,250,98,249,38,255,58,255,70,255
2026-08-03_15-49-30,1,1177,0,0.0,0,30.0,1,1,2,0,166,255,0,0,120,0,9,41,97,9,0,255,255,255,0,255,0,203,89,115,148,254,253,254,255,255,16,136,73,32,17,81,89,117,66,89,253,125,254,191,255,191,255,175,126,175,20,0,4,0,0,0,0,136,128,112,104,24,0,48,0,0,0,2,254,6,254,0,0,0,0,0,36,6,130,6,0,0,0,95,0,2,9,1,10,104,0,0,48,0,0,48,60,255,0,0,0,0,0,0,0,0,0,0,0,0,0,0,0,0,42,252,140,251,54,251,250,250,98,249,38,255,58,255,70,255,2,0,102,255,0,0,124,0,9,41,97,9,0,255,255,255,0,255,0,179,89,91,148,254,253,254,255,255,16,136,72,32,17,81,89,164,66,89,253,125,254,191,255,191,255,175,126,175,20,2,4,0,0,0,0,136,128,112,104,24,0,240,0,0,0,2,254,6,254,0,0,0,0,0,36,6,130,6,0,0,0,91,0,2,9,1,10,104,0,0,48,0,0,48,60,255,0,0,0,0,0,0,0,0,0,0,0,0,0,0,0,0,42,252,140,251,54,251,250,250,98,249,38,255,58,255,70,255
2026-08-03_15-49-30,1,1178,0,0.0,0,30.0,1,1,2,0,102,255,0,0,124,0,9,41,97,9,0,255,255,255,0,255,0,179,89,91,148,254,253,254,255,255,16,136,72,32,17,81,89,164,66,89,253,125,254,191,255,191,255,175,126,175,20,2,4,0,0,0,0,136,128,112,104,24,0,240,0,0,0,2,254,6,254,0,0,0,0,0,36,6,130,6,0,0,0,91,0,2,9,1,10,104,0,0,48,0,0,48,60,255,0,0,0,0,0,0,0,0,0,0,0,0,0,0,0,0,42,252,140,251,54,251,250,250,98,249,38,255,58,255,70,255,2,0,106,255,0,0,128,0,9,41,97,9,0,255,255,255,0,255,0,203,89,115,148,254,253,254,255,255,16,136,70,32,17,81,89,196,66,89,253,125,254,191,255,191,255,175,126,175,20,0,4,0,0,0,0,136,128,112,104,24,0,176,0,0,0,2,254,6,254,0,0,0,0,0,36,6,130,6,0,0,0,87,0,2,9,1,10,192,0,0,48,0,0,48,60,255,0,0,0,0,0,0,0,0,0,0,0,0,0,0,0,0,42,252,140,251,54,251,250,250,98,249,38,255,58,255,70,255
2026-08-03_15-49-30,1,1179,0,0.0,0,30.0,1,1,2,0,106,255,0,0,128,0,9,41,97,9,0,255,255,255,0,255,0,203,89,115,148,254,253,254,255,255,16,136,70,32,17,81,89,196,66,89,253,125,254,191,255,191,255,175,126,175,20,0,4,0,0,0,0,136,128,112,104,24,0,176,0,0,0,2,254,6,254,0,0,0,0,0,36,6,130,6,0,0,0,87,0,2,9,1,10,192,0,0,48,0,0,48,60,255,0,0,0,0,0,0,0,0,0,0,0,0,0,0,0,0,42,252,140,251,54,251,250,250,98,249,38,255,58,255,70,255,2,0,163,255,0,0,132,0,9,41,97,9,0,255,255,255,0,255,0,179,89,91,148,254,253,254,255,255,16,136,68,32,17,81,89,228,66,89,253,125,254,191,255,191,255,175,126,175,19,2,4,0,0,12,0,136,128,112,104,24,0,112,0,0,0,2,254,6,254,0,0,0,0,0,36,6,130,6,0,0,0,83,0,2,9,1,10,192,0,0,48,0,0,48,60,255,0,0,0,0,0,0,0,0,0,0,0,0,0,0,0,0,126,252,128,251,54,251,250,250,98,249,38,255,58,255,70,255
2026-08-03_15-49-30,1,1180,0,0.0,0,30.0,1,1,2,0,163,255,0,0,132,0,9,41,97,9,0,255,255,255,0,255,0,179,89,91,148,254,253,254,255,255,16,136,68,32,17,81,89,228,66,89,253,125,254,191,255,191,255,175,126,175,19,2,4,0,0,12,0,136,128,112,104,24,0,112,0,0,0,2,254,6,254,0,0,0,0,0,36,6,130,6,0,0,0,83,0,2,9,1,10,192,0,0,48,0,0,48,60,255,0,0,0,0,0,0,0,0,0,0,0,0,0,0,0,0,126,252,128,251,54,251,250,250,98,249,38,255,58,255,70,255,2,0,48,255,0,0,136,0,9,41,95,9,0,255,255,255,0,255,0,203,89,128,148,254,253,254,255,255,16,136,68,32,17,81,89,228,66,89,253,125,254,191,255,239,255,175,222,175,19,0,4,0,0,12,0,136,128,112,104,24,0,48,0,0,0,2,254,6,254,0,0,0,0,0,36,6,130,6,0,0,0,79,0,2,9,1,10,192,0,0,48,0,0,48,60,255,0,0,0,0,0,0,0,0,0,0,0,0,0,0,0,0,126,252,128,251,54,251,250,250,98,249,38,255,58,255,70,255
2026-08-03_15-49-30,1,1181,0,0.0,0,30.0,1,1,2,0,48,255,0,0,136,0,9,41,95,9,0,255,255,255,0,255,0,203,89,128,148,254,253,254,255,255,16,136,68,32,17,81,89,228,66,89,253,125,254,191,255,239,255,175,222,175,19,0,4,0,0,12,0,136,128,112,104,24,0,48,0,0,0,2,254,6,254,0,0,0,0,0,36,6,130,6,0,0,0,79,0,2,9,1,10,192,0,0,48,0,0,48,60,255,0,0,0,0,0,0,0,0,0,0,0,0,0,0,0,0,126,252,128,251,54,251,250,250,98,249,38,255,58,255,70,255,2,0,7,255,0,0,140,0,10,41,94,9,0,255,255,255,0,255,0,191,89,106,148,254,253,254,255,255,16,136,68,32,17,81,89,228,66,89,253,125,254,223,255,239,255,175,222,175,6,0,4,12,0,12,0,136,128,112,104,40,0,240,0,0,0,2,254,6,254,0,0,0,0,0,36,6,130,6,0,0,0,75,0,2,9,1,10,192,0,0,48,0,0,48,60,255,0,0,0,0,0,0,0,0,0,0,0,0,0,0,0,0,126,252,128,251,54,251,250,250,98,249,38,255,58,255,70,255
2026-08-03_15-49-30,1,1182,5,0.0,0,30.0,1,1,2,0,7,255,0,0,140,0,10,41,94,9,0,255,255,255,0,255,0,191,89,106,148,254,253,254,255,255,16,136,68,32,17,81,89,228,66,89,253,125,254,223,255,239,255,175,222,175,6,0,4,12,0,12,0,136,128,112,104,40,0,240,0,0,0,2,254,6,254,0,0,0,0,0,36,6,130,6,0,0,0,75,0,2,9,1,10,192,0,0,48,0,0,48,60,255,0,0,0,0,0,0,0,0,0,0,0,0,0,0,0,0,126,252,128,251,54,251,250,250,98,249,38,255,58,255,70,255,2,0,117,255,0,0,144,0,12,41,92,9,0,255,255,255,0,255,0,213,89,132,148,254,253,254,255,255,16,136,68,32,17,81,89,228,66,89,253,132,254,223,255,239,255,175,222,175,6,0,4,12,0,12,0,136,128,112,104,72,0,176,0,0,0,2,254,6,254,0,0,0,0,0,36,6,130,6,0,0,0,71,0,2,9,1,10,192,0,0,48,0,0,48,60,255,0,0,0,0,0,0,0,0,0,0,0,0,0,0,0,0,126,252,128,251,54,251,250,250,98,249,38,255,58,255,70,255
2026-08-03_15-49-30,1,1183,5,0.0,0,30.0,1,1,2,0,117,255,0,0,144,0,12,41,92,9,0,255,255,255,0,255,0,213,89,132,148,254,253,254,255,255,16,136,68,32,17,81,89,228,66,89,253,132,254,223,255,239,255,175,222,175,6,0,4,12,0,12,0,136,128,112,104,72,0,176,0,0,0,2,254,6,254,0,0,0,0,0,36,6,130,6,0,0,0,71,0,2,9,1,10,192,0,0,48,0,0,48,60,255,0,0,0,0,0,0,0,0,0,0,0,0,0,0,0,0,126,252,128,251,54,251,250,250,98,249,38,255,58,255,70,255,2,0,85,255,0,0,148,0,14,41,90,9,0,255,255,255,0,255,0,187,89,110,148,254,253,254,255,255,16,136,68,32,17,81,89,228,66,89,253,133,254,223,255,239,255,175,222,175,6,0,4,12,0,12,0,136,128,112,104,104,0,112,0,0,0,2,254,6,254,0,0,0,0,0,36,6,130,6,0,0,0,67,0,2,9,1,10,192,0,0,48,0,0,48,60,255,0,0,0,0,0,0,0,0,0,0,0,0,0,0,0,0,126,252,128,251,54,251,250,250,98,249,38,255,58,255,70,255
2026-08-03_15-49-30,1,1184,0,0.0,0,30.0,1,1,2,0,85,255,0,0,148,0,14,41,90,9,0,255,255,255,0,255,0,187,89,110,148,254,253,254,255,255,16,136,68,32,17,81,89,228,66,89,253,133,254,223,255,239,255,175,222,175,6,0,4,12,0,12,0,136,128,112,104,104,0,112,0,0,0,2,254,6,254,0,0,0,0,0,36,6,130,6,0,0,0,67,0,2,9,1,10,192,0,0,48,0,0,48,60,255,0,0,0,0,0,0,0,0,0,0,0,0,0,0,0,0,126,252,128,251,54,251,250,250,98,249,38,255,58,255,70,255,2,0,95,255,0,0,152,0,16,41,88,9,0,255,255,255,0,255,0,208,89,135,148,254,253,254,255,255,16,136,68,32,17,81,89,228,66,89,253,133,254,223,255,239,255,175,222,175,19,2,4,12,0,12,0,136,128,112,104,136,0,48,0,0,0,2,254,6,254,0,0,0,0,0,36,6,130,6,0,0,0,63,0,2,9,1,10,192,0,0,48,0,0,48,60,255,0,0,0,0,0,0,0,0,0,0,0,0,0,0,0,0,126,252,128,251,54,251,250,250,98,249,38,255,58,255,70,255
2026-08-03_15-49-30,1,1185,0,0.0,0,30.0,1,1,2,0,95,255,0,0,152,0,16,41,88,9,0,255,255,255,0,255,0,208,89,135,148,254,253,254,255,255,16,136,68,32,17,81,89,228,66,89,253,133,254,223,255,239,255,175,222,175,19,2,4,12,0,12,0,136,128,112,104,136,0,48,0,0,0,2,254,6,254,0,0,0,0,0,36,6,130,6,0,0,0,63,0,2,9,1,10,192,0,0,48,0,0,48,60,255,0,0,0,0,0,0,0,0,0,0,0,0,0,0,0,0,126,252,128,251,54,251,250,250,98,249,38,255,58,255,70,255,2,0,242,255,0,0,156,0,18,41,87,9,0,255,255,255,0,255,0,182,89,113,148,254,253,254,255,255,16,136,68,32,17,81,89,228,66,89,253,133,254,223,255,239,255,175,222,175,6,0,4,12,0,12,0,136,128,112,104,168,0,240,0,0,0,2,254,6,254,0,0,0,0,0,36,6,130,6,0,0,0,59,0,2,9,1,10,192,0,0,48,0,0,48,60,255,0,0,0,0,0,0,0,0,0,0,0,0,0,0,0,0,126,252,128,251,54,251,250,250,98,249,38,255,58,255,70,255
2026-08-03_15-49-30,1,1186,0,0.0,0,30.0,1,1,2,0,242,255,0,0,156,0,18,41,87,9,0,255,255,255,0,255,0,182,89,113,148,254,253,254,255,255,16,136,68,32,17,81,89,228,66,89,253,133,254,223,255,239,255,175,222,175,6,0,4,12,0,12,0,136,128,112,104,168,0,240,0,0,0,2,254,6,254,0,0,0,0,0,36,6,130,6,0,0,0,59,0,2,9,1,10,192,0,0,48,0,0,48,60,255,0,0,0,0,0,0,0,0,0,0,0,0,0,0,0,0,126,252,128,251,54,251,250,250,98,249,38,255,58,255,70,255,2,0,40,255,0,0,160,0,20,41,85,9,0,255,255,255,0,255,0,204,89,139,148,254,253,254,255,255,16,136,68,32,17,81,89,228,66,89,253,139,254,223,255,239,255,175,222,175,6,0,4,12,0,12,0,136,128,112,104,200,0,176,0,0,0,2,254,6,254,0,0,0,0,0,36,6,130,6,0,0,0,55,0,2,9,1,10,192,0,0,48,0,0,48,60,255,0,0,0,0,0,0,0,0,0,0,0,0,0,0,0,0,126,252,128,251,54,251,250,250,98,249,38,255,58,255,70,255
2026-08-03_15-49-30,1,1187,0,0.0,0,30.0,1,1,2,0,40,255,0,0,160,0,20,41,85,9,0,255,255,255,0,255,0,204,89,139,148,254,253,254,255,255,16,136,68,32,17,81,89,228,66,89,253,139,254,223,255,239,255,175,222,175,6,0,4,12,0,12,0,136,128,112,104,200,0,176,0,0,0,2,254,6,254,0,0,0,0,0,36,6,130,6,0,0,0,55,0,2,9,1,10,192,0,0,48,0,0,48,60,255,0,0,0,0,0,0,0,0,0,0,0,0,0,0,0,0,126,252,128,251,54,251,250,250,98,249,38,255,58,255,70,255,2,0,132,255,0,0,164,0,22,41,83,9,0,255,255,255,0,255,0,178,89,117,148,254,253,254,255,255,16,136,68,32,17,81,89,228,66,89,253,117,254,223,255,239,255,175,222,175,6,0,4,12,0,12,0,136,128,112,104,232,0,112,0,0,0,2,254,6,254,0,0,0,0,0,36,6,130,6,0,0,0,51,0,2,9,1,10,192,0,0,48,0,0,48,60,255,0,0,0,0,0,0,0,0,0,0,0,0,0,0,0,0,126,252,128,251,54,251,250,250,98,249,38,255,58,255,70,255
2026-08-03_15-49-30,1,1188,0,0.0,0,30.0,1,1,2,0,132,255,0,0,164,0,22,41,83,9,0,255,255,255,0,255,0,178,89,117,148,254,253,254,255,255,16,136,68,32,17,81,89,228,66,89,253,117,254,223,255,239,255,175,222,175,6,0,4,12,0,12,0,136,128,112,104,232,0,112,0,0,0,2,254,6,254,0,0,0,0,0,36,6,130,6,0,0,0,51,0,2,9,1,10,192,0,0,48,0,0,48,60,255,0,0,0,0,0,0,0,0,0,0,0,0,0,0,0,0,126,252,128,251,54,251,250,250,98,249,38,255,58,255,70,255,2,0,79,255,0,0,168,0,25,41,81,9,0,255,255,255,0,255,0,200,89,142,148,254,253,254,255,255,16,136,68,32,17,81,89,228,66,89,253,141,254,223,255,239,255,175,222,175,6,0,4,12,0,12,0,136,128,112,104,8,0,48,0,0,0,2,254,6,254,0,0,0,0,0,36,6,130,6,0,0,0,47,0,2,9,1,10,192,0,0,48,0,0,48,60,255,0,0,0,0,0,0,0,0,0,0,0,0,0,0,0,0,126,252,128,251,54,251,250,250,98,249,38,255,58,255,70,255
2026-08-03_15-49-30,1,1189,0,0.0,0,30.0,1,1,2,0,79,255,0,0,168,0,25,41,81,9,0,255,255,255,0,255,0,200,89,142,148,254,253,254,255,255,16,136,68,32,17,81,89,228,66,89,253,141,254,223,255,239,255,175,222,175,6,0,4,12,0,12,0,136,128,112,104,8,0,48,0,0,0,2,254,6,254,0,0,0,0,0,36,6,130,6,0,0,0,47,0,2,9,1,10,192,0,0,48,0,0,48,60,255,0,0,0,0,0,0,0,0,0,0,0,0,0,0,0,0,126,252,128,251,54,251,250,250,98,249,38,255,58,255,70,255,2,0,255,255,0,0,172,0,25,41,80,9,0,255,255,255,0,255,0,175,89,120,148,254,253,254,255,255,16,136,68,32,17,81,89,228,66,89,253,141,254,223,255,239,255,175,222,175,5,0,4,12,0,12,0,136,128,112,104,8,0,240,0,0,0,2,254,6,254,0,0,0,0,0,36,6,130,6,0,0,0,43,0,2,9,1,10,192,0,0,48,0,0,48,60,255,0,0,0,0,0,0,0,0,0,0,0,0,0,0,0,0,126,252,128,251,54,251,250,250,98,249,38,255,58,255,70,255
2026-08-03_15-49-30,1,1190,0,0.0,0,30.0,1,1,2,0,255,255,0,0,172,0,25,41,80,9,0,255,255,255,0,255,0,175,89,120,148,254,253,254,255,255,16,136,68,32,17,81,89,228,66,89,253,141,254,223,255,239,255,175,222,175,5,0,4,12,0,12,0,136,128,112,104,8,0,240,0,0,0,2,254,6,254,0,0,0,0,0,36,6,130,6,0,0,0,43,0,2,9,1,10,192,0,0,48,0,0,48,60,255,0,0,0,0,0,0,0,0,0,0,0,0,0,0,0,0,126,252,128,251,54,251,250,250,98,249,38,255,58,255,70,255,2,0,240,255,0,0,176,0,25,41,78,9,0,255,255,255,0,255,0,199,89,146,148,254,253,254,255,255,16,136,68,32,17,81,89,228,66,89,253,146,254,223,255,239,255,175,222,175,5,0,4,12,0,12,0,136,128,112,104,8,0,176,0,0,0,2,254,6,254,0,0,0,0,0,36,6,130,6,0,0,0,39,0,2,9,1,10,192,0,0,48,0,0,48,60,255,0,0,0,0,0,0,0,0,0,0,0,0,0,0,0,0,126,252,128,251,54,251,250,250,98,249,38,255,58,255,70,255
2026-08-03_15-49-30,1,1191,0,0.0,0,30.0,1,1,2,0,240,255,0,0,176,0,25,41,78,9,0,255,255,255,0,255,0,199,89,146,148,254,253,254,255,255,16,136,68,32,17,81,89,228,66,89,253,146,254,223,255,239,255,175,222,175,5,0,4,12,0,12,0,136,128,112,104,8,0,176,0,0,0,2,254,6,254,0,0,0,0,0,36,6,130,6,0,0,0,39,0,2,9,1,10,192,0,0,48,0,0,48,60,255,0,0,0,0,0,0,0,0,0,0,0,0,0,0,0,0,126,252,128,251,54,251,250,250,98,249,38,255,58,255,70,255,2,0,11,255,0,0,180,0,25,41,76,9,0,255,255,255,0,255,0,175,89,124,148,254,253,254,255,255,16,136,68,32,17,81,89,228,66,89,253,124,254,223,255,239,255,175,222,175,5,0,4,12,0,12,0,136,128,112,104,8,0,112,0,0,0,2,254,6,254,0,0,0,0,0,36,6,130,6,0,0,0,35,0,2,9,1,10,192,0,0,48,0,0,48,60,255,0,0,0,0,0,0,0,0,0,0,0,0,0,0,0,0,126,252,128,251,54,251,250,250,98,249,38,255,58,255,70,255
2026-08-03_15-49-30,1,1192,0,0.0,0,30.0,1,1,2,0,11,255,0,0,180,0,25,41,76,9,0,255,255,255,0,255,0,175,89,124,148,254,253,254,255,255,16,136,68,32,17,81,89,228,66,89,253,124,254,223,255,239,255,175,222,175,5,0,4,12,0,12,0,136,128,112,104,8,0,112,0,0,0,2,254,6,254,0,0,0,0,0,36,6,130,6,0,0,0,35,0,2,9,1,10,192,0,0,48,0,0,48,60,255,0,0,0,0,0,0,0,0,0,0,0,0,0,0,0,0,126,252,128,251,54,251,250,250,98,249,38,255,58,255,70,255,2,0,188,255,0,0,184,0,25,41,74,9,0,255,255,255,0,255,0,199,89,149,148,254,253,254,255,255,16,136,68,32,17,81,89,228,66,89,253,149,254,223,255,239,255,175,222,175,5,0,4,12,0,12,0,136,128,112,104,8,0,48,0,0,0,2,254,6,254,0,0,0,0,0,36,6,130,6,0,0,0,31,0,2,9,1,10,192,0,0,48,0,0,48,60,255,0,0,0,0,0,0,0,0,0,0,0,0,0,0,0,0,126,252,128,251,54,251,250,250,98,249,38,255,58,255,70,255
2026-08-03_15-49-30,1,1193,0,0.0,0,30.0,1,1,2,0,188,255,0,0,184,0,25,41,74,9,0,255,255,255,0,255,0,199,89,149,148,254,253,254,255,255,16,136,68,32,17,81,89,228,66,89,253,149,254,223,255,239,255,175,222,175,5,0,4,12,0,12,0,136,128,112,104,8,0,48,0,0,0,2,254,6,254,0,0,0,0,0,36,6,130,6,0,0,0,31,0,2,9,1,10,192,0,0,48,0,0,48,60,255,0,0,0,0,0,0,0,0,0,0,0,0,0,0,0,0,126,252,128,251,54,251,250,250,98,249,38,255,58,255,70,255,2,0,198,255,0,0,188,0,25,41,73,9,0,255,255,255,0,0,0,175,89,115,148,254,253,254,255,255,16,136,69,32,17,81,89,212,66,89,253,149,254,223,255,127,255,95,191,175,5,0,4,12,0,0,0,136,128,112,104,8,0,128,0,0,0,2,254,6,254,0,0,0,0,0,36,6,130,6,0,0,0,27,0,2,9,1,10,192,0,0,48,0,0,48,60,255,0,0,0,0,0,0,0,0,0,0,0,0,0,0,0,0,229,251,146,251,54,251,13,251,98,249,38,255,58,255,70,255
2026-08-03_15-49-30,1,1194,0,0.0,0,30.0,1,1,2,0,198,255,0,0,188,0,25,41,73,9,0,255,255,255,0,0,0,175,89,115,148,254,253,254,255,255,16,136,69,32,17,81,89,212,66,89,253,149,254,223,255,127,255,95,191,175,5,0,4,12,0,0,0,136,128,112,104,8,0,128,0,0,0,2,254,6,254,0,0,0,0,0,36,6,130,6,0,0,0,27,0,2,9,1,10,192,0,0,48,0,0,48,60,255,0,0,0,0,0,0,0,0,0,0,0,0,0,0,0,0,229,251,146,251,54,251,13,251,98,249,38,255,58,255,70,255,2,0,104,255,0,0,192,0,25,41,73,9,0,255,255,255,0,0,0,199,89,139,148,254,253,254,255,255,16,136,71,32,17,81,89,196,66,89,253,149,254,223,255,127,255,95,191,175,5,0,4,12,0,0,0,136,128,112,104,8,0,64,0,0,0,2,254,6,254,0,0,0,0,0,36,6,130,6,0,0,0,23,0,2,9,1,10,192,0,0,48,0,0,48,60,255,0,0,0,0,0,0,0,0,0,0,0,0,0,0,0,0,229,251,146,251,54,251,13,251,98,249,38,255,58,255,70,255
2026-08-03_15-49-30,1,1195,0,0.0,0,30.0,1,1,2,0,104,255,0,0,192,0,25,41,73,9,0,255,255,255,0,0,0,199,89,139,148,254,253,254,255,255,16,136,71,32,17,81,89,196,66,89,253,149,254,223,255,127,255,95,191,175,5,0,4,12,0,0,0,136,128,112,104,8,0,64,0,0,0,2,254,6,254,0,0,0,0,0,36,6,130,6,0,0,0,23,0,2,9,1,10,192,0,0,48,0,0,48,60,255,0,0,0,0,0,0,0,0,0,0,0,0,0,0,0,0,229,251,146,251,54,251,13,251,98,249,38,255,58,255,70,255,2,0,128,255,0,0,196,0,25,41,73,9,0,255,255,255,0,0,0,175,89,115,148,254,253,254,255,255,16,136,73,32,17,81,89,164,66,89,253,149,254,223,255,127,255,95,191,175,20,2,4,12,0,0,0,136,128,112,104,8,0,0,0,0,0,2,254,6,254,0,0,0,0,0,36,6,130,6,0,0,0,19,0,2,9,1,10,192,0,0,48,0,0,48,60,255,0,0,0,0,0,0,0,0,0,0,0,0,0,0,0,0,229,251,146,251,54,251,13,251,98,249,38,255,58,255,70,255
2026-08-03_15-49-30,1,1196,0,0.0,0,30.0,1,1,2,0,128,255,0,0,196,0,25,41,73,9,0,255,255,255,0,0,0,175,89,115,148,254,253,254,255,255,16,136,73,32,17,81,89,164,66,89,253,149,254,223,255,127,255,95,191,175,20,2,4,12,0,0,0,136,128,112,104,8,0,0,0,0,0,2,254,6,254,0,0,0,0,0,36,6,130,6,0,0,0,19,0,2,9,1,10,192,0,0,48,0,0,48,60,255,0,0,0,0,0,0,0,0,0,0,0,0,0,0,0,0,229,251,146,251,54,251,13,251,98,249,38,255,58,255,70,255,2,0,8,255,0,0,200,0,25,41,73,9,0,255,255,255,0,0,0,199,89,139,148,254,253,254,255,255,16,136,74,32,17,81,89,117,66,89,253,149,254,223,255,127,255,95,191,175,5,0,4,12,0,0,0,136,128,112,104,8,0,192,0,0,0,2,254,6,254,0,0,0,0,0,36,6,130,6,0,0,0,15,0,2,9,1,10,192,0,0,48,0,0,48,60,255,0,0,0,0,0,0,0,0,0,0,0,0,0,0,0,0,229,251,146,251,54,251,13,251,98,249,38,255,58,255,70,255
2026-08-03_15-49-30,1,1197,0,0.0,0,30.0,1,1,2,0,8,255,0,0,200,0,25,41,73,9,0,255,255,255,0,0,0,199,89,139,148,254,253,254,255,255,16,136,74,32,17,81,89,117,66,89,253,149,254,223,255,127,255,95,191,175,5,0,4,12,0,0,0,136,128,112,104,8,0,192,0,0,0,2,254,6,254,0,0,0,0,0,36,6,130,6,0,0,0,15,0,2,9,1,10,192,0,0,48,0,0,48,60,255,0,0,0,0,0,0,0,0,0,0,0,0,0,0,0,0,229,251,146,251,54,251,13,251,98,249,38,255,58,255,70,255,2,0,142,255,0,0,204,0,25,41,73,9,0,255,255,255,0,0,0,175,89,115,148,254,253,254,255,255,16,136,76,32,17,81,89,85,66,89,253,149,254,223,255,127,255,95,191,175,20,2,4,12,0,0,0,136,128,112,104,8,0,128,0,0,0,2,254,6,254,0,0,0,0,0,36,6,130,6,0,0,0,11,0,2,9,1,10,192,0,0,48,0,0,48,60,255,0,0,0,0,0,0,0,0,0,0,0,0,0,0,0,0,229,251,146,251,54,251,13,251,98,249,38,255,58,255,70,255
2026-08-03_15-49-30,1,1198,0,0.0,0,30.0,1,1,2,0,142,255,0,0,204,0,25,41,73,9,0,255,255,255,0,0,0,175,89,115,148,254,253,254,255,255,16,136,76,32,17,81,89,85,66,89,253,149,254,223,255,127,255,95,191,175,20,2,4,12,0,0,0,136,128,112,104,8,0,128,0,0,0,2,254,6,254,0,0,0,0,0,36,6,130,6,0,0,0,11,0,2,9,1,10,192,0,0,48,0,0,48,60,255,0,0,0,0,0,0,0,0,0,0,0,0,0,0,0,0,229,251,146,251,54,251,13,251,98,249,38,255,58,255,70,255,2,0,226,255,0,0,208,0,25,41,73,9,0,255,255,255,0,0,0,199,89,139,148,254,253,254,255,255,16,136,78,32,17,81,89,69,66,89,253,149,254,223,255,127,255,95,191,175,5,0,4,12,0,0,0,136,128,112,104,8,0,64,0,0,0,2,254,6,254,0,0,0,0,0,36,6,130,6,0,0,0,7,0,2,9,1,10,192,0,0,48,0,0,48,60,255,0,0,0,0,0,0,0,0,0,0,0,0,0,0,0,0,229,251,146,251,54,251,13,251,98,249,38,255,58,255,70,255
2026-08-03_15-49-30,1,1199,0,0.0,0,30.0,1,1,2,0,226,255,0,0,208,0,25,41,73,9,0,255,255,255,0,0,0,199,89,139,148,254,253,254,255,255,16,136,78,32,17,81,89,69,66,89,253,149,254,223,255,127,255,95,191,175,5,0,4,12,0,0,0,136,128,112,104,8,0,64,0,0,0,2,254,6,254,0,0,0,0,0,36,6,130,6,0,0,0,7,0,2,9,1,10,192,0,0,48,0,0,48,60,255,0,0,0,0,0,0,0,0,0,0,0,0,0,0,0,0,229,251,146,251,54,251,13,251,98,249,38,255,58,255,70,255,2,0,37,255,0,0,212,0,25,41,73,9,0,255,255,255,0,0,0,175,89,115,148,254,253,254,255,255,16,136,80,32,17,81,89,37,66,89,253,149,254,223,255,127,255,95,191,175,5,0,4,12,0,0,0,136,128,112,104,8,0,0,0,0,0,2,254,6,254,0,0,0,0,0,36,6,130,6,0,0,0,3,0,2,9,1,10,192,0,0,48,0,0,48,60,255,0,0,0,0,0,0,0,0,0,0,0,0,0,0,0,0,229,251,146,251,54,251,13,251,98,249,38,255,58,255,70,255
2026-08-03_15-49-30,1,1200,0,0.0,0,30.0,1,1,2,0,37,255,0,0,212,0,25,41,73,9,0,255,255,255,0,0,0,175,89,115,148,254,253,254,255,255,16,136,80,32,17,81,89,37,66,89,253,149,254,223,255,127,255,95,191,175,5,0,4,12,0,0,0,136,128,112,104,8,0,0,0,0,0,2,254,6,254,0,0,0,0,0,36,6,130,6,0,0,0,3,0,2,9,1,10,192,0,0,48,0,0,48,60,255,0,0,0,0,0,0,0,0,0,0,0,0,0,0,0,0,229,251,146,251,54,251,13,251,98,249,38,255,58,255,70,255,2,0,92,255,0,0,216,0,25,41,73,9,0,255,255,255,0,0,255,199,89,139,203,254,253,254,254,255,16,136,81,32,17,81,89,5,66,89,253,149,254,223,255,127,255,95,191,175,5,3,4,12,0,0,0,136,128,112,104,8,0,192,208,0,0,2,254,6,254,0,0,0,0,0,36,6,130,130,0,0,0,0,0,2,9,1,10,192,0,0,48,0,0,48,60,255,0,0,0,0,0,0,0,0,0,0,0,0,0,0,0,0,42,252,146,251,54,251,13,251,98,249,38,255,58,255,70,255
2026-08-03_15-49-30,1,1201,0,0.0,0,30.0,1,1,2,0,92,255,0,0,216,0,25,41,73,9,0,255,255,255,0,0,255,199,89,139,203,254,253,254,254,255,16,136,81,32,17,81,89,5,66,89,253,149,254,223,255,127,255,95,191,175,5,3,4,12,0,0,0,136,128,112,104,8,0,192,208,0,0,2,254,6,254,0,0,0,0,0,36,6,130,130,0,0,0,0,0,2,9,1,10,192,0,0,48,0,0,48,60,255,0,0,0,0,0,0,0,0,0,0,0,0,0,0,0,0,42,252,146,251,54,251,13,251,98,249,38,255,58,255,70,255,2,0,192,255,0,0,220,0,25,41,73,9,0,255,255,255,0,0,255,175,89,115,179,254,253,254,254,255,16,136,83,30,17,81,89,229,98,89,253,149,254,223,255,127,191,95,191,175,5,0,4,12,0,0,0,136,128,112,104,8,0,128,112,0,0,2,254,6,254,0,0,0,0,0,36,6,130,130,0,0,0,0,0,2,9,1,10,192,0,0,48,0,0,48,60,255,0,0,0,0,0,0,0,0,0,0,0,0,0,0,0,0,42,252,146,251,54,251,13,251,98,249,38,255,58,255,70,255
2026-08-03_15-49-30,1,1202,0,0.0,0,30.0,1,1,2,0,192,255,0,0,220,0,25,41,73,9,0,255,255,255,0,0,255,175,89,115,179,254,253,254,254,255,16,136,83,30,17,81,89,229,98,89,253,149,254,223,255,127,191,95,191,175,5,0,4,12,0,0,0,136,128,112,104,8,0,128,112,0,0,2,254,6,254,0,0,0,0,0,36,6,130,130,0,0,0,0,0,2,9,1,10,192,0,0,48,0,0,48,60,255,0,0,0,0,0,0,0,0,0,0,0,0,0,0,0,0,42,252,146,251,54,251,13,251,98,249,38,255,58,255,70,255,2,0,12,255,0,0,224,0,25,41,74,9,0,255,255,255,0,0,255,199,89,151,203,254,253,254,254,255,16,136,84,28,17,81,89,213,114,89,253,149,254,223,255,223,191,95,191,175,23,2,4,12,0,12,0,136,128,112,104,8,0,64,16,0,0,2,254,6,254,0,0,0,0,0,36,6,130,130,0,0,0,0,0,2,9,1,10,192,0,0,48,0,0,48,60,255,0,0,0,0,0,0,0,0,0,0,0,0,0,0,0,0,198,252,118,251,54,251,13,251,98,249,38,255,58,255,70,255
2026-08-03_15-49-30,1,1203,0,0.0,0,30.0,1,1,2,0,12,255,0,0,224,0,25,41,74,9,0,255,255,255,0,0,255,199,89,151,203,254,253,254,254,255,16,136,84,28,17,81,89,213,114,89,253,149,254,223,255,223,191,95,191,175,23,2,4,12,0,12,0,136,128,112,104,8,0,64,16,0,0,2,254,6,254,0,0,0,0,0,36,6,130,130,0,0,0,0,0,2,9,1,10,192,0,0,48,0,0,48,60,255,0,0,0,0,0,0,0,0,0,0,0,0,0,0,0,0,198,252,118,251,54,251,13,251,98,249,38,255,58,255,70,255,2,0,201,255,0,0,228,0,25,41,76,9,0,255,255,255,0,0,255,175,89,125,179,254,253,254,254,255,16,136,84,27,17,81,89,213,161,89,253,125,254,223,255,223,191,95,239,175,5,0,4,12,0,12,0,136,128,112,104,8,0,0,176,0,0,2,254,6,254,0,0,0,0,0,36,6,130,130,0,0,0,0,0,2,9,1,10,192,0,0,48,0,0,48,60,255,0,0,0,0,0,0,0,0,0,0,0,0,0,0,0,0,42,252,118,251,54,251,13,251,98,249,38,255,58,255,70,255
2026-08-03_15-49-30,1,1204,0,0.0,0,30.0,1,1,2,0,201,255,0,0,228,0,25,41,76,9,0,255,255,255,0,0,255,175,89,125,179,254,253,254,254,255,16,136,84,27,17,81,89,213,161,89,253,125,254,223,255,223,191,95,239,175,5,0,4,12,0,12,0,136,128,112,104,8,0,0,176,0,0,2,254,6,254,0,0,0,0,0,36,6,130,130,0,0,0,0,0,2,9,1,10,192,0,0,48,0,0,48,60,255,0,0,0,0,0,0,0,0,0,0,0,0,0,0,0,0,42,252,118,251,54,251,13,251,98,249,38,255,58,255,70,255,2,0,147,255,0,0,232,0,25,41,77,9,0,255,255,255,0,0,255,199,89,147,203,254,253,254,254,255,16,136,84,25,17,81,89,213,177,89,253,147,254,223,255,223,191,95,239,175,5,0,4,12,0,12,0,136,128,112,104,8,0,192,80,0,0,2,254,6,254,0,0,0,0,0,36,6,130,130,0,0,0,0,0,2,9,1,10,192,0,0,48,0,0,48,60,255,0,0,0,0,0,0,0,0,0,0,0,0,0,0,0,0,42,252,118,251,54,251,13,251,98,249,38,255,58,255,70,255
2026-08-03_15-49-30,1,1205,0,0.0,0,30.0,1,1,2,0,147,255,0,0,232,0,25,41,77,9,0,255,255,255,0,0,255,199,89,147,203,254,253,254,254,255,16,136,84,25,17,81,89,213,177,89,253,147,254,223,255,223,191,95,239,175,5,0,4,12,0,12,0,136,128,112,104,8,0,192,80,0,0,2,254,6,254,0,0,0,0,0,36,6,130,130,0,0,0,0,0,2,9,1,10,192,0,0,48,0,0,48,60,255,0,0,0,0,0,0,0,0,0,0,0,0,0,0,0,0,42,252,118,251,54,251,13,251,98,249,38,255,58,255,70,255,2,0,55,255,0,0,236,0,25,41,79,9,0,255,255,255,0,0,255,175,89,121,179,254,253,254,254,255,16,136,84,24,17,81,89,213,209,89,253,141,254,223,255,223,191,95,239,175,5,3,4,12,0,12,0,136,128,112,104,8,0,128,240,0,0,2,254,6,254,0,0,0,0,0,36,6,130,130,0,0,0,0,0,2,9,1,10,192,0,0,48,0,0,48,60,255,0,0,0,0,0,0,0,0,0,0,0,0,0,0,0,0,42,252,118,251,54,251,13,251,98,249,38,255,58,255,70,255
2026-08-03_15-49-30,1,1206,0,0.0,0,30.0,1,1,2,0,55,255,0,0,236,0,25,41,79,9,0,255,255,255,0,0,255,175,89,121,179,254,253,254,254,255,16,136,84,24,17,81,89,213,209,89,253,141,254,223,255,223,191,95,239,175,5,3,4,12,0,12,0,136,128,112,104,8,0,128,240,0,0,2,254,6,254,0,0,0,0,0,36,6,130,130,0,0,0,0,0,2,9,1,10,192,0,0,48,0,0,48,60,255,0,0,0,0,0,0,0,0,0,0,0,0,0,0,0,0,42,252,118,251,54,251,13,251,98,249,38,255,58,255,70,255,2,0,114,255,0,0,240,0,25,41,81,9,0,255,255,255,0,0,255,199,89,144,203,254,253,254,254,255,16,136,84,22,17,81,89,213,241,89,253,141,254,223,255,223,191,95,239,175,5,0,4,12,0,12,0,136,128,112,104,8,0,64,144,0,0,2,254,6,254,0,0,0,0,0,36,6,130,130,0,0,0,0,0,2,9,1,10,192,0,0,48,0,0,48,60,255,0,0,0,0,0,0,0,0,0,0,0,0,0,0,0,0,42,252,118,251,54,251,13,251,98,249,38,255,58,255,70,255
2026-08-03_15-49-30,1,1207,0,0.0,0,30.0,1,1,2,0,114,255,0,0,240,0,25,41,81,9,0,255,255,255,0,0,255,199,89,144,203,254,253,254,254,255,16,136,84,22,17,81,89,213,241,89,253,141,254,223,255,223,191,95,239,175,5,0,4,12,0,12,0,136,128,112,104,8,0,64,144,0,0,2,254,6,254,0,0,0,0,0,36,6,130,130,0,0,0,0,0,2,9,1,10,192,0,0,48,0,0,48,60,255,0,0,0,0,0,0,0,0,0,0,0,0,0,0,0,0,42,252,118,251,54,251,13,251,98,249,38,255,58,255,70,255,2,0,32,255,0,0,244,0,25,41,83,9,0,255,255,255,0,0,255,175,89,118,179,254,253,254,254,255,16,136,84,20,17,81,89,213,1,89,253,141,254,223,255,223,191,95,239,175,5,0,4,12,0,12,0,136,128,112,104,8,0,0,48,0,0,2,254,6,254,0,0,0,0,0,36,6,130,130,0,0,0,0,0,2,9,1,10,192,0,0,48,0,0,48,60,255,0,0,0,0,0,0,0,0,0,0,0,0,0,0,0,0,198,252,118,251,54,251,13,251,98,249,38,255,58,255,70,255
2026-08-03_15-49-30,1,1208,0,0.0,0,30.0,1,1,2,0,32,255,0,0,244,0,25,41,83,9,0,255,255,255,0,0,255,175,89,118,179,254,253,254,254,255,16,136,84,20,17,81,89,213,1,89,253,141,254,223,255,223,191,95,239,175,5,0,4,12,0,12,0,136,128,112,104,8,0,0,48,0,0,2,254,6,254,0,0,0,0,0,36,6,130,130,0,0,0,0,0,2,9,1,10,192,0,0,48,0,0,48,60,255,0,0,0,0,0,0,0,0,0,0,0,0,0,0,0,0,198,252,118,251,54,251,13,251,98,249,38,255,58,255,70,255,2,0,10,255,0,0,248,0,25,41,84,9,0,255,255,255,0,0,255,199,89,140,203,254,253,254,254,255,16,136,84,19,17,81,89,213,33,89,253,140,254,223,255,223,191,95,239,175,5,0,4,12,0,12,0,136,128,112,104,8,0,192,208,0,0,2,254,6,254,0,0,0,0,0,36,6,130,130,0,0,0,0,0,2,9,1,10,192,0,0,48,0,0,48,60,255,0,0,0,0,0,0,0,0,0,0,0,0,0,0,0,0,42,252,118,251,54,251,13,251,98,249,38,255,58,255,70,255
2026-08-03_15-49-30,1,1209,0,0.0,0,30.0,1,1,2,0,10,255,0,0,248,0,25,41,84,9,0,255,255,255,0,0,255,199,89,140,203,254,253,254,254,255,16,136,84,19,17,81,89,213,33,89,253,140,254,223,255,223,191,95,239,175,5,0,4,12,0,12,0,136,128,112,104,8,0,192,208,0,0,2,254,6,254,0,0,0,0,0,36,6,130,130,0,0,0,0,0,2,9,1,10,192,0,0,48,0,0,48,60,255,0,0,0,0,0,0,0,0,0,0,0,0,0,0,0,0,42,252,118,251,54,251,13,251,98,249,38,255,58,255,70,255,2,0,173,255,0,0,252,0,25,41,86,9,0,255,255,255,0,0,255,175,89,114,179,254,253,254,254,255,16,136,84,17,17,81,89,213,65,89,253,133,254,223,255,223,191,95,239,175,5,0,4,12,0,12,0,136,128,112,104,8,0,128,112,0,0,2,254,6,254,0,0,0,0,0,36,6,130,130,0,0,0,0,0,2,9,1,10,192,0,0,48,0,0,48,60,255,0,0,0,0,0,0,0,0,0,0,0,0,0,0,0,0,42,252,118,251,54,251,13,251,98,249,38,255,58,255,70,255
2026-08-03_15-49-30,1,1210,0,0.0,0,30.0,1,1,2,0,173,255,0,0,252,0,25,41,86,9,0,255,255,255,0,0,255,175,89,114,179,254,253,254,254,255,16,136,84,17,17,81,89,213,65,89,253,133,254,223,255,223,191,95,239,175,5,0,4,12,0,12,0,136,128,112,104,8,0,128,112,0,0,2,254,6,254,0,0,0,0,0,36,6,130,130,0,0,0,0,0,2,9,1,10,192,0,0,48,0,0,48,60,255,0,0,0,0,0,0,0,0,0,0,0,0,0,0,0,0,42,252,118,251,54,251,13,251,98,249,38,255,58,255,70,255,2,0,218,255,0,0,0,1,25,41,88,10,0,255,255,255,0,0,255,199,89,137,215,254,253,254,254,255,16,136,84,16,17,81,89,213,81,89,253,133,254,223,255,223,223,95,239,175,6,3,4,12,0,12,12,136,128,112,104,8,0,64,16,0,0,2,254,6,254,0,0,0,0,0,36,6,130,130,0,0,0,0,0,2,9,1,11,24,0,0,48,0,0,48,60,255,0,0,0,0,0,0,0,0,0,0,0,0,0,0,0,0,198,252,118,251,54,251,13,251,98,249,38,255,58,255,70,255
2026-08-03_15-49-30,1,1211,0,0.0,0,30.0,1,1,2,0,218,255,0,0,0,1,25,41,88,10,0,255,255,255,0,0,255,199,89,137,215,254,253,254,254,255,16,136,84,16,17,81,89,213,81,89,253,133,254,223,255,223,223,95,239,175,6,3,4,12,0,12,12,136,128,112,104,8,0,64,16,0,0,2,254,6,254,0,0,0,0,0,36,6,130,130,0,0,0,0,0,2,9,1,11,24,0,0,48,0,0,48,60,255,0,0,0,0,0,0,0,0,0,0,0,0,0,0,0,0,198,252,118,251,54,251,13,251,98,249,38,255,58,255,70,255,2,0,172,255,0,0,4,1,25,41,90,11,0,255,255,255,0,0,255,175,89,111,189,254,253,254,254,255,16,136,84,16,17,81,89,213,81,89,253,133,254,223,255,223,223,95,239,175,23,2,4,12,0,12,12,136,128,112,104,8,0,0,176,0,0,2,254,6,254,0,0,0,0,0,36,6,130,130,0,0,0,0,0,2,9,1,11,24,0,0,48,0,0,48,60,255,0,0,0,0,0,0,0,0,0,0,0,0,0,0,0,0,198,252,118,251,54,251,13,251,98,249,38,255,58,255,70,255
2026-08-03_15-49-30,1,1212,0,0.0,0,30.0,1,1,2,0,172,255,0,0,4,1,25,41,90,11,0,255,255,255,0,0,255,175,89,111,189,254,253,254,254,255,16,136,84,16,17,81,89,213,81,89,253,133,254,223,255,223,223,95,239,175,23,2,4,12,0,12,12,136,128,112,104,8,0,0,176,0,0,2,254,6,254,0,0,0,0,0,36,6,130,130,0,0,0,0,0,2,9,1,11,24,0,0,48,0,0,48,60,255,0,0,0,0,0,0,0,0,0,0,0,0,0,0,0,0,198,252,118,251,54,251,13,251,98,249,38,255,58,255,70,255,2,0,203,255,0,0,8,1,25,41,91,13,0,255,255,255,0,0,255,199,89,133,212,254,253,254,254,255,16,136,84,16,17,81,89,213,81,89,253,133,254,223,255,223,223,95,239,175,5,0,4,12,0,12,12,136,128,112,104,8,0,192,80,0,0,2,254,6,254,0,0,0,0,0,36,6,130,130,0,0,0,0,0,2,9,1,11,24,0,0,48,0,0,48,60,255,0,0,0,0,0,0,0,0,0,0,0,0,0,0,0,0,198,252,118,251,54,251,13,251,98,249,38,255,58,255,70,255
2026-08-03_15-49-30,1,1213,0,0.0,0,30.0,1,1,2,0,203,255,0,0,8,1,25,41,91,13,0,255,255,255,0,0,255,199,89,133,212,254,253,254,254,255,16,136,84,16,17,81,89,213,81,89,253,133,254,223,255,223,223,95,239,175,5,0,4,12,0,12,12,136,128,112,104,8,0,192,80,0,0,2,254,6,254,0,0,0,0,0,36,6,130,130,0,0,0,0,0,2,9,1,11,24,0,0,48,0,0,48,60,255,0,0,0,0,0,0,0,0,0,0,0,0,0,0,0,0,198,252,118,251,54,251,13,251,98,249,38,255,58,255,70,255,2,0,176,255,0,0,12,1,25,41,93,14,0,255,255,255,0,0,255,175,89,107,186,254,253,254,254,255,16,136,84,16,17,81,89,213,81,89,253,107,254,223,255,223,223,95,239,175,5,0,4,12,0,12,12,136,128,112,104,8,0,128,240,0,0,2,254,6,254,0,0,0,0,0,36,6,130,130,0,0,0,0,0,2,9,1,11,24,0,0,48,0,0,48,60,255,0,0,0,0,0,0,0,0,0,0,0,0,0,0,0,0,198,252,118,251,54,251,13,251,98,249,38,255,58,255,70,255
2026-08-03_15-49-30,1,1214,0,0.0,0,30.0,1,1,2,0,176,255,0,0,12,1,25,41,93,14,0,255,255,255,0,0,255,175,89,107,186,254,253,254,254,255,16,136,84,16,17,81,89,213,81,89,253,107,254,223,255,223,223,95,239,175,5,0,4,12,0,12,12,136,128,112,104,8,0,128,240,0,0,2,254,6,254,0,0,0,0,0,36,6,130,130,0,0,0,0,0,2,9,1,11,24,0,0,48,0,0,48,60,255,0,0,0,0,0,0,0,0,0,0,0,0,0,0,0,0,198,252,118,251,54,251,13,251,98,249,38,255,58,255,70,255,2,0,15,255,0,0,16,1,25,41,95,16,0,255,255,255,0,0,255,199,89,130,208,254,253,254,254,255,16,136,84,16,17,81,89,213,81,89,253,130,254,223,255,223,223,95,239,175,5,0,4,12,0,12,12,136,128,112,104,8,0,64,144,0,0,2,254,6,254,0,0,0,0,0,36,6,130,130,0,0,0,0,0,2,9,1,11,24,0,0,48,0,0,48,60,255,0,0,0,0,0,0,0,0,0,0,0,0,0,0,0,0,198,252,118,251,54,251,13,251,98,249,38,255,58,255,70,255
2026-08-03_15-49-30,1,1215,1,0.0,0,30.0,1,1,2,0,15,255,0,0,16,1,25,41,95,16,0,255,255,255,0,0,255,199,89,130,208,254,253,254,254,255,16,136,84,16,17,81,89,213,81,89,253,130,254,223,255,223,223,95,239,175,5,0,4,12,0,12,12,136,128,112,104,8,0,64,144,0,0,2,254,6,254,0,0,0,0,0,36,6,130,130,0,0,0,0,0,2,9,1,11,24,0,0,48,0,0,48,60,255,0,0,0,0,0,0,0,0,0,0,0,0,0,0,0,0,198,252,118,251,54,251,13,251,98,249,38,255,58,255,70,255,2,0,251,255,0,0,20,1,25,41,97,18,20,255,255,255,0,0,255,175,89,104,183,254,253,254,254,255,16,136,84,16,17,81,89,213,81,89,253,125,254,223,255,223,223,95,239,175,6,3,4,12,0,12,12,136,128,112,104,8,0,0,48,82,0,2,254,6,254,0,0,0,0,0,36,6,130,130,0,0,0,0,0,2,9,1,11,152,0,0,48,0,0,48,60,255,0,0,0,0,0,0,0,0,0,0,0,0,0,0,0,0,198,252,118,251,54,251,13,251,98,249,38,255,58,255,70,255
2026-08-03_15-49-30,1,1216,1,0.0,0,30.0,1,1,2,0,251,255,0,0,20,1,25,41,97,18,20,255,255,255,0,0,255,175,89,104,183,254,253,254,254,255,16,136,84,16,17,81,89,213,81,89,253,125,254,223,255,223,223,95,239,175,6,3,4,12,0,12,12,136,128,112,104,8,0,0,48,82,0,2,254,6,254,0,0,0,0,0,36,6,130,130,0,0,0,0,0,2,9,1,11,152,0,0,48,0,0,48,60,255,0,0,0,0,0,0,0,0,0,0,0,0,0,0,0,0,198,252,118,251,54,251,13,251,98,249,38,255,58,255,70,255,2,0,183,255,0,0,24,1,25,41,97,19,20,255,255,255,0,255,255,199,89,115,205,254,253,254,254,255,16,136,82,16,17,81,89,229,81,89,253,125,254,223,255,191,223,175,126,175,5,0,4,12,0,0,12,136,128,112,104,8,0,80,208,78,0,2,254,6,254,0,0,0,0,0,36,6,130,130,0,0,0,0,0,2,9,1,11,152,0,0,48,0,0,48,60,255,0,0,0,0,0,0,0,0,0,0,0,0,0,0,0,0,42,252,140,251,54,251,250,250,98,249,38,255,58,255,70,255
2026-08-03_15-49-30,1,1217,1,0.0,0,30.0,1,1,2,0,183,255,0,0,24,1,25,41,97,19,20,255,255,255,0,255,255,199,89,115,205,254,253,254,254,255,16,136,82,16,17,81,89,229,81,89,253,125,254,223,255,191,223,175,126,175,5,0,4,12,0,0,12,136,128,112,104,8,0,80,208,78,0,2,254,6,254,0,0,0,0,0,36,6,130,130,0,0,0,0,0,2,9,1,11,152,0,0,48,0,0,48,60,255,0,0,0,0,0,0,0,0,0,0,0,0,0,0,0,0,42,252,140,251,54,251,250,250,98,249,38,255,58,255,70,255,2,0,122,255,0,0,28,1,26,41,97,21,20,255,255,255,0,255,255,116,89,91,179,253,253,254,254,255,16,136,81,16,17,81,89,5,81,89,253,125,254,255,255,191,223,175,3,175,5,0,4,12,0,0,12,136,128,112,104,8,0,160,8,74,0,2,254,6,254,0,0,0,0,0,36,6,130,130,199,0,0,0,0,2,9,1,11,152,0,0,48,0,0,48,60,255,200,0,0,0,0,0,0,0,0,0,0,0,0,0,0,0,42,252,140,251,150,255,150,255,150,255,38,255,58,255,70,255
2026-08-03_15-49-30,1,1218,0,0.0,0,30.0,1,1,2,0,122,255,0,0,28,1,26,41,97,21,20,255,255,255,0,255,255,116,89,91,179,253,253,254,254,255,16,136,81,16,17,81,89,5,81,89,253,125,254,255,255,191,223,175,3,175,5,0,4,12,0,0,12,136,128,112,104,8,0,160,8,74,0,2,254,6,254,0,0,0,0,0,36,6,130,130,199,0,0,0,0,2,9,1,11,152,0,0,48,0,0,48,60,255,200,0,0,0,0,0,0,0,0,0,0,0,0,0,0,0,42,252,140,251,150,255,150,255,150,255,38,255,58,255,70,255,2,0,174,255,0,0,32,1,26,41,97,21,20,255,255,255,0,255,255,116,89,115,203,253,253,254,254,255,16,136,81,16,17,81,89,5,81,89,253,125,254,255,255,191,223,175,3,175,5,0,4,12,0,0,12,136,128,112,104,8,0,160,8,70,0,2,254,6,254,0,0,0,0,0,36,6,130,130,195,0,0,0,0,2,9,1,11,152,0,0,48,0,0,48,60,255,200,0,0,0,0,0,0,0,0,0,0,0,0,0,0,0,42,252,140,251,150,255,150,255,150,255,38,255,58,255,70,255
2026-08-03_15-49-30,1,1219,0,0.0,0,30.0,1,1,2,0,174,255,0,0,32,1,26,41,97,21,20,255,255,255,0,255,255,116,89,115,203,253,253,254,254,255,16,136,81,16,17,81,89,5,81,89,253,125,254,255,255,191,223,175,3,175,5,0,4,12,0,0,12,136,128,112,104,8,0,160,8,70,0,2,254,6,254,0,0,0,0,0,36,6,130,130,195,0,0,0,0,2,9,1,11,152,0,0,48,0,0,48,60,255,200,0,0,0,0,0,0,0,0,0,0,0,0,0,0,0,42,252,140,251,150,255,150,255,150,255,38,255,58,255,70,255,2,0,232,255,0,0,36,1,26,41,97,21,20,255,255,255,0,255,255,116,89,91,179,253,253,254,254,255,16,136,81,16,17,81,89,5,81,89,253,125,254,255,255,191,223,175,3,175,5,0,4,12,0,0,12,136,128,112,104,8,0,160,8,66,0,2,254,6,254,0,0,0,0,0,36,6,130,130,191,0,0,0,0,2,9,1,11,152,0,0,48,0,0,48,60,255,200,0,0,0,0,0,0,0,0,0,0,0,0,0,0,0,42,252,140,251,150,255,150,255,150,255,38,255,58,255,70,255
2026-08-03_15-49-30,1,1220,0,0.0,0,30.0,1,1,2,0,232,255,0,0,36,1,26,41,97,21,20,255,255,255,0,255,255,116,89,91,179,253,253,254,254,255,16,136,81,16,17,81,89,5,81,89,253,125,254,255,255,191,223,175,3,175,5,0,4,12,0,0,12,136,128,112,104,8,0,160,8,66,0,2,254,6,254,0,0,0,0,0,36,6,130,130,191,0,0,0,0,2,9,1,11,152,0,0,48,0,0,48,60,255,200,0,0,0,0,0,0,0,0,0,0,0,0,0,0,0,42,252,140,251,150,255,150,255,150,255,38,255,58,255,70,255,2,0,136,255,0,0,40,1,26,41,97,21,20,255,255,255,0,255,0,116,89,115,110,253,253,254,255,255,16,136,81,16,17,81,89,5,81,89,253,125,254,255,255,191,223,175,3,175,5,0,4,12,0,0,12,136,128,112,104,8,0,160,8,62,0,2,254,6,254,7,0,0,0,253,36,6,130,6,187,0,0,0,0,2,9,1,11,152,0,0,48,0,0,48,60,255,200,0,0,0,0,0,0,0,0,0,0,0,0,0,0,0,42,252,140,251,150,255,150,255,150,255,38,255,58,255,70,255
2026-08-03_15-49-30,1,1221,0,0.0,0,30.0,1,1,2,0,136,255,0,0,40,1,26,41,97,21,20,255,255,255,0,255,0,116,89,115,110,253,253,254,255,255,16,136,81,16,17,81,89,5,81,89,253,125,254,255,255,191,223,175,3,175,5,0,4,12,0,0,12,136,128,112,104,8,0,160,8,62,0,2,254,6,254,7,0,0,0,253,36,6,130,6,187,0,0,0,0,2,9,1,11,152,0,0,48,0,0,48,60,255,200,0,0,0,0,0,0,0,0,0,0,0,0,0,0,0,42,252,140,251,150,255,150,255,150,255,38,255,58,255,70,255,2,0,134,255,0,0,44,1,26,41,97,21,20,255,255,255,0,255,0,116,89,91,110,253,253,254,255,255,16,136,81,16,17,81,89,5,81,89,253,125,254,255,255,191,223,175,3,175,5,0,4,12,0,0,12,136,128,112,104,8,0,160,8,58,0,2,254,6,254,5,0,0,0,249,36,6,130,6,183,0,0,0,0,2,9,1,11,152,0,0,48,0,0,48,60,255,200,0,0,0,0,0,0,0,0,0,0,0,0,0,0,0,42,252,140,251,150,255,150,255,150,255,38,255,58,255,70,255
2026-08-03_15-49-30,1,1222,0,0.0,0,30.0,1,1,2,0,134,255,0,0,44,1,26,41,97,21,20,255,255,255,0,255,0,116,89,91,110,253,253,254,255,255,16,136,81,16,17,81,89,5,81,89,253,125,254,255,255,191,223,175,3,175,5,0,4,12,0,0,12,136,128,112,104,8,0,160,8,58,0,2,254,6,254,5,0,0,0,249,36,6,130,6,183,0,0,0,0,2,9,1,11,152,0,0,48,0,0,48,60,255,200,0,0,0,0,0,0,0,0,0,0,0,0,0,0,0,42,252,140,251,150,255,150,255,150,255,38,255,58,255,70,255,2,0,108,255,0,0,48,1,26,41,97,21,20,255,255,255,0,255,0,116,89,115,110,253,253,254,255,255,16,136,81,16,17,81,89,5,81,89,253,125,254,255,255,191,223,175,3,175,5,0,4,12,0,0,12,136,128,112,104,8,0,160,8,54,0,2,254,6,254,3,0,0,0,245,36,6,130,6,179,0,0,0,0,2,9,1,11,152,0,0,48,0,0,48,60,255,200,0,0,0,0,0,0,0,0,0,0,0,0,0,0,0,42,252,140,251,150,255,150,255,150,255,38,255,58,255,70,255
2026-08-03_15-49-30,1,1223,0,0.0,0,30.0,1,1,2,0,108,255,0,0,48,1,26,41,97,21,20,255,255,255,0,255,0,116,89,115,110,253,253,254,255,255,16,136,81,16,17,81,89,5,81,89,253,125,254,255,255,191,223,175,3,175,5,0,4,12,0,0,12,136,128,112,104,8,0,160,8,54,0,2,254,6,254,3,0,0,0,245,36,6,130,6,179,0,0,0,0,2,9,1,11,152,0,0,48,0,0,48,60,255,200,0,0,0,0,0,0,0,0,0,0,0,0,0,0,0,42,252,140,251,150,255,150,255,150,255,38,255,58,255,70,255,2,0,199,255,0,0,52,1,26,41,97,21,20,255,255,255,0,255,0,116,89,91,110,253,253,254,255,255,16,136,81,16,17,81,89,5,81,89,253,125,254,255,255,191,223,175,3,175,5,0,4,12,0,0,12,136,128,112,104,8,0,160,8,50,0,2,254,6,254,1,0,0,0,241,36,6,130,6,175,0,0,0,0,2,9,1,11,152,0,0,48,0,0,48,60,255,200,0,0,0,0,0,0,0,0,0,0,0,0,0,0,0,42,252,140,251,150,255,150,255,150,255,38,255,58,255,70,255
2026-08-03_15-49-30,1,1224,0,0.0,0,30.0,1,1,2,0,199,255,0,0,52,1,26,41,97,21,20,255,255,255,0,255,0,116,89,91,110,253,253,254,255,255,16,136,81,16,17,81,89,5,81,89,253,125,254,255,255,191,223,175,3,175,5,0,4,12,0,0,12,136,128,112,104,8,0,160,8,50,0,2,254,6,254,1,0,0,0,241,36,6,130,6,175,0,0,0,0,2,9,1,11,152,0,0,48,0,0,48,60,255,200,0,0,0,0,0,0,0,0,0,0,0,0,0,0,0,42,252,140,251,150,255,150,255,150,255,38,255,58,255,70,255,2,0,121,255,0,0,56,1,26,41,97,21,20,255,255,255,0,255,0,116,89,115,110,253,253,254,255,255,16,136,81,16,17,81,89,5,81,89,253,125,254,255,255,191,223,175,3,175,5,0,4,12,0,0,12,136,128,112,104,8,0,160,8,46,0,2,254,6,254,7,0,0,0,237,36,6,130,6,171,0,0,0,0,2,9,1,11,152,0,0,48,0,0,48,60,255,200,0,0,0,0,0,0,0,0,0,0,0,0,0,0,0,42,252,140,251,150,255,150,255,150,255,38,255,58,255,70,255
2026-08-03_15-49-30,1,1225,0,0.0,0,30.0,1,1,2,0,121,255,0,0,56,1,26,41,97,21,20,255,255,255,0,255,0,116,89,115,110,253,253,254,255,255,16,136,81,16,17,81,89,5,81,89,253,125,254,255,255,191,223,175,3,175,5,0,4,12,0,0,12,136,128,112,104,8,0,160,8,46,0,2,254,6,254,7,0,0,0,237,36,6,130,6,171,0,0,0,0,2,9,1,11,152,0,0,48,0,0,48,60,255,200,0,0,0,0,0,0,0,0,0,0,0,0,0,0,0,42,252,140,251,150,255,150,255,150,255,38,255,58,255,70,255,2,0,156,255,0,0,60,1,26,41,97,21,20,255,255,255,0,255,0,116,89,91,110,253,253,254,255,255,16,136,81,16,17,81,89,5,81,89,253,125,254,255,255,191,223,175,3,175,5,0,4,12,0,0,12,136,128,112,104,8,0,160,8,42,0,2,254,6,254,5,0,0,0,233,36,6,130,6,167,0,0,0,0,2,9,1,11,152,0,0,48,0,0,48,60,255,200,0,0,0,0,0,0,0,0,0,0,0,0,0,0,0,42,252,140,251,150,255,150,255,150,255,38,255,58,255,70,255
2026-08-03_15-49-30,1,1226,0,0.0,0,30.0,1,1,2,0,156,255,0,0,60,1,26,41,97,21,20,255,255,255,0,255,0,116,89,91,110,253,253,254,255,255,16,136,81,16,17,81,89,5,81,89,253,125,254,255,255,191,223,175,3,175,5,0,4,12,0,0,12,136,128,112,104,8,0,160,8,42,0,2,254,6,254,5,0,0,0,233,36,6,130,6,167,0,0,0,0,2,9,1,11,152,0,0,48,0,0,48,60,255,200,0,0,0,0,0,0,0,0,0,0,0,0,0,0,0,42,252,140,251,150,255,150,255,150,255,38,255,58,255,70,255,2,0,204,255,0,0,64,1,26,41,97,21,20,255,255,255,0,255,0,116,89,115,110,253,253,254,255,255,16,136,81,16,17,81,89,5,81,89,253,125,254,255,255,191,223,175,3,175,5,0,4,12,0,0,12,136,128,112,104,8,0,160,8,38,0,2,254,6,254,3,0,0,0,229,36,6,130,6,163,0,0,0,0,2,9,1,11,152,0,0,48,0,0,48,60,255,200,0,0,0,0,0,0,0,0,0,0,0,0,0,0,0,42,252,140,251,150,255,150,255,150,255,38,255,58,255,70,255
2026-08-03_15-49-30,1,1227,0,0.0,0,30.0,1,1,2,0,204,255,0,0,64,1,26,41,97,21,20,255,255,255,0,255,0,116,89,115,110,253,253,254,255,255,16,136,81,16,17,81,89,5,81,89,253,125,254,255,255,191,223,175,3,175,5,0,4,12,0,0,12,136,128,112,104,8,0,160,8,38,0,2,254,6,254,3,0,0,0,229,36,6,130,6,163,0,0,0,0,2,9,1,11,152,0,0,48,0,0,48,60,255,200,0,0,0,0,0,0,0,0,0,0,0,0,0,0,0,42,252,140,251,150,255,150,255,150,255,38,255,58,255,70,255,2,0,197,255,0,0,68,1,26,41,97,21,20,255,255,255,0,255,0,116,89,91,110,253,253,254,255,255,16,136,81,16,17,81,89,5,81,89,253,125,254,255,255,191,223,175,3,175,5,0,4,12,0,0,12,136,128,112,104,8,0,160,8,34,0,2,254,6,254,1,0,0,0,225,36,6,130,6,159,0,0,0,0,2,9,1,11,152,0,0,48,0,0,48,60,255,200,0,0,0,0,0,0,0,0,0,0,0,0,0,0,0,42,252,140,251,150,255,150,255,150,255,38,255,58,255,70,255
2026-08-03_15-49-30,1,1228,0,0.0,0,30.0,1,1,2,0,197,255,0,0,68,1,26,41,97,21,20,255,255,255,0,255,0,116,89,91,110,253,253,254,255,255,16,136,81,16,17,81,89,5,81,89,253,125,254,255,255,191,223,175,3,175,5,0,4,12,0,0,12,136,128,112,104,8,0,160,8,34,0,2,254,6,254,1,0,0,0,225,36,6,130,6,159,0,0,0,0,2,9,1,11,152,0,0,48,0,0,48,60,255,200,0,0,0,0,0,0,0,0,0,0,0,0,0,0,0,42,252,140,251,150,255,150,255,150,255,38,255,58,255,70,255,2,0,90,255,0,0,72,1,26,41,97,21,20,255,255,255,0,255,0,116,89,115,110,253,253,254,255,255,16,136,81,16,17,81,89,5,81,89,253,125,254,255,255,191,223,175,3,175,5,0,4,12,0,0,12,136,128,112,104,8,0,160,8,30,0,2,254,6,254,7,0,0,0,221,36,6,130,6,155,0,0,0,0,2,9,1,11,152,0,0,48,0,0,48,60,255,200,0,0,0,0,0,0,0,0,0,0,0,0,0,0,0,42,252,140,251,150,255,150,255,150,255,38,255,58,255,70,255
2026-08-03_15-49-30,1,1229,0,0.0,0,30.0,1,1,2,0,90,255,0,0,72,1,26,41,97,21,20,255,255,255,0,255,0,116,89,115,110,253,253,254,255,255,16,136,81,16,17,81,89,5,81,89,253,125,254,255,255,191,223,175,3,175,5,0,4,12,0,0,12,136,128,112,104,8,0,160,8,30,0,2,254,6,254,7,0,0,0,221,36,6,130,6,155,0,0,0,0,2,9,1,11,152,0,0,48,0,0,48,60,255,200,0,0,0,0,0,0,0,0,0,0,0,0,0,0,0,42,252,140,251,150,255,150,255,150,255,38,255,58,255,70,255,2,0,164,255,0,0,76,1,26,41,97,21,20,255,255,255,0,255,0,116,89,91,110,253,253,254,255,255,16,136,81,16,17,81,89,5,81,89,253,125,254,255,255,191,223,175,3,175,5,0,4,12,0,0,12,136,128,112,104,8,0,160,8,26,0,2,254,6,254,5,0,0,0,217,36,6,130,6,151,0,0,0,0,2,9,1,11,152,0,0,48,0,0,48,60,255,200,0,0,0,0,0,0,0,0,0,0,0,0,0,0,0,42,252,140,251,150,255,150,255,150,255,38,255,58,255,70,255
2026-08-03_15-49-30,1,1230,0,0.0,0,30.0,1,1,2,0,164,255,0,0,76,1,26,41,97,21,20,255,255,255,0,255,0,116,89,91,110,253,253,254,255,255,16,136,81,16,17,81,89,5,81,89,253,125,254,255,255,191,223,175,3,175,5,0,4,12,0,0,12,136,128,112,104,8,0,160,8,26,0,2,254,6,254,5,0,0,0,217,36,6,130,6,151,0,0,0,0,2,9,1,11,152,0,0,48,0,0,48,60,255,200,0,0,0,0,0,0,0,0,0,0,0,0,0,0,0,42,252,140,251,150,255,150,255,150,255,38,255,58,255,70,255,2,0,69,255,0,0,80,1,26,41,97,21,20,255,255,255,0,255,0,116,89,115,110,253,253,254,255,255,16,136,81,16,17,81,89,5,81,89,253,125,254,255,255,191,223,175,3,175,5,0,4,12,0,0,12,136,128,112,104,8,0,160,8,22,0,2,254,6,254,3,0,0,0,213,36,6,130,6,147,0,0,0,0,2,9,1,11,152,0,0,48,0,0,48,60,255,200,0,0,0,0,0,0,0,0,0,0,0,0,0,0,0,42,252,140,251,150,255,150,255,150,255,38,255,58,255,70,255
2026-08-03_15-49-30,1,1231,0,30.0,0,60.0,1,1,2,0,69,255,0,0,80,1,26,41,97,21,20,255,255,255,0,255,0,116,89,115,110,253,253,254,255,255,16,136,81,16,17,81,89,5,81,89,253,125,254,255,255,191,223,175,3,175,5,0,4,12,0,0,12,136,128,112,104,8,0,160,8,22,0,2,254,6,254,3,0,0,0,213,36,6,130,6,147,0,0,0,0,2,9,1,11,152,0,0,48,0,0,48,60,255,200,0,0,0,0,0,0,0,0,0,0,0,0,0,0,0,42,252,140,251,150,255,150,255,150,255,38,255,58,255,70,255,2,0,82,255,0,0,84,1,26,41,97,21,20,255,255,255,0,255,0,116,89,91,148,253,253,254,255,255,16,136,81,16,17,81,89,5,81,89,253,125,254,255,255,191,223,175,3,175,5,0,4,12,0,0,12,136,128,112,104,8,0,160,8,18,0,2,254,6,254,1,0,0,0,209,36,6,130,6,143,0,0,0,0,2,9,1,11,152,0,0,96,0,0,48,60,255,200,0,0,0,0,0,0,0,0,0,0,0,0,0,0,0,42,252,140,251,150,255,150,255,150,255,38,255,58,255,70,255
2026-08-03_15-49-30,1,1232,0,0.0,0,60.0,1,1,2,0,82,255,0,0,84,1,26,41,97,21,20,255,255,255,0,255,0,116,89,91,148,253,253,254,255,255,16,136,81,16,17,81,89,5,81,89,253,125,254,255,255,191,223,175,3,175,5,0,4,12,0,0,12,136,128,112,104,8,0,160,8,18,0,2,254,6,254,1,0,0,0,209,36,6,130,6,143,0,0,0,0,2,9,1,11,152,0,0,96,0,0,48,60,255,200,0,0,0,0,0,0,0,0,0,0,0,0,0,0,0,42,252,140,251,150,255,150,255,150,255,38,255,58,255,70,255,2,0,42,255,0,0,88,1,26,41,97,21,20,255,255,255,0,255,0,116,89,115,148,253,253,254,255,255,16,136,81,16,17,81,89,5,81,89,253,125,254,255,255,191,223,175,3,175,5,0,4,12,0,0,12,136,128,112,104,8,0,160,8,14,0,2,254,6,254,7,0,0,0,205,36,6,130,6,139,0,0,0,0,2,9,1,11,152,0,0,96,0,0,96,60,255,200,0,0,0,0,0,0,0,0,0,0,0,0,0,0,0,42,252,140,251,150,255,150,255,150,255,38,255,82,255,70,255
2026-08-03_15-49-30,1,1233,0,0.0,0,60.0,1,1,2,0,42,255,0,0,88,1,26,41,97,21,20,255,255,255,0,255,0,116,89,115,148,253,253,254,255,255,16,136,81,16,17,81,89,5,81,89,253,125,254,255,255,191,223,175,3,175,5,0,4,12,0,0,12,136,128,112,104,8,0,160,8,14,0,2,254,6,254,7,0,0,0,205,36,6,130,6,139,0,0,0,0,2,9,1,11,152,0,0,96,0,0,96,60,255,200,0,0,0,0,0,0,0,0,0,0,0,0,0,0,0,42,252,140,251,150,255,150,255,150,255,38,255,82,255,70,255,2,0,167,255,0,0,92,1,26,41,97,21,20,255,255,255,0,255,0,116,89,91,148,253,253,254,255,255,16,136,81,16,17,81,89,5,81,89,253,125,254,255,255,191,223,175,3,175,5,0,4,12,0,0,12,136,128,112,104,8,0,160,8,10,0,2,254,6,254,5,0,0,0,201,36,6,130,6,135,0,0,0,0,2,9,1,11,152,0,0,96,0,0,96,60,255,200,0,0,0,0,0,0,0,0,0,0,0,0,0,0,0,42,252,140,251,150,255,150,255,150,255,38,255,82,255,70,255
2026-08-03_15-49-30,1,1234,0,0.0,0,60.0,1,1,2,0,167,255,0,0,92,1,26,41,97,21,20,255,255,255,0,255,0,116,89,91,148,253,253,254,255,255,16,136,81,16,17,81,89,5,81,89,253,125,254,255,255,191,223,175,3,175,5,0,4,12,0,0,12,136,128,112,104,8,0,160,8,10,0,2,254,6,254,5,0,0,0,201,36,6,130,6,135,0,0,0,0,2,9,1,11,152,0,0,96,0,0,96,60,255,200,0,0,0,0,0,0,0,0,0,0,0,0,0,0,0,42,252,140,251,150,255,150,255,150,255,38,255,82,255,70,255,2,0,119,255,0,0,96,1,26,41,97,21,20,255,255,255,0,255,0,116,89,115,148,253,253,254,255,255,16,136,81,16,17,81,89,5,81,89,253,125,254,255,255,191,223,175,3,175,5,0,4,12,0,0,12,136,128,112,104,8,0,160,8,6,0,2,254,6,254,3,0,0,0,197,36,6,130,6,131,0,0,0,0,2,9,1,11,152,0,0,96,0,0,96,60,255,200,0,0,0,0,0,0,0,0,0,0,0,0,0,0,0,42,252,140,251,150,255,150,255,150,255,38,255,82,255,70,255
2026-08-03_15-49-30,1,1235,0,0.0,0,60.0,1,1,2,0,119,255,0,0,96,1,26,41,97,21,20,255,255,255,0,255,0,116,89,115,148,253,253,254,255,255,16,136,81,16,17,81,89,5,81,89,253,125,254,255,255,191,223,175,3,175,5,0,4,12,0,0,12,136,128,112,104,8,0,160,8,6,0,2,254,6,254,3,0,0,0,197,36,6,130,6,131,0,0,0,0,2,9,1,11,152,0,0,96,0,0,96,60,255,200,0,0,0,0,0,0,0,0,0,0,0,0,0,0,0,42,252,140,251,150,255,150,255,150,255,38,255,82,255,70,255,2,0,118,255,0,0,100,1,26,41,97,21,20,255,255,255,0,255,0,116,89,91,148,253,253,254,255,255,16,136,81,16,17,81,89,5,81,89,253,125,254,255,255,191,223,175,3,175,5,0,4,12,0,0,12,136,128,112,104,8,0,160,8,2,0,2,254,6,254,1,0,0,0,193,36,6,130,6,127,0,0,0,0,2,9,1,11,152,0,0,96,0,0,96,60,255,200,0,0,0,0,0,0,0,0,0,0,0,0,0,0,0,42,252,140,251,150,255,150,255,150,255,38,255,82,255,70,255
2026-08-03_15-49-30,1,1236,0,0.0,0,60.0,1,1,2,0,118,255,0,0,100,1,26,41,97,21,20,255,255,255,0,255,0,116,89,91,148,253,253,254,255,255,16,136,81,16,17,81,89,5,81,89,253,125,254,255,255,191,223,175,3,175,5,0,4,12,0,0,12,136,128,112,104,8,0,160,8,2,0,2,254,6,254,1,0,0,0,193,36,6,130,6,127,0,0,0,0,2,9,1,11,152,0,0,96,0,0,96,60,255,200,0,0,0,0,0,0,0,0,0,0,0,0,0,0,0,42,252,140,251,150,255,150,255,150,255,38,255,82,255,70,255,2,0,103,255,0,0,104,1,26,41,97,21,0,255,255,255,0,255,0,116,89,115,148,253,253,254,255,255,16,136,81,16,17,81,89,5,81,89,253,125,254,255,255,191,223,175,3,175,5,0,4,12,0,0,12,136,128,112,104,8,0,160,8,0,0,2,254,6,254,0,0,0,0,189,36,6,130,6,123,0,0,0,0,2,9,1,11,152,0,0,96,0,0,96,60,255,200,0,0,0,0,0,0,0,0,0,0,0,0,0,0,0,42,252,140,251,150,255,150,255,150,255,38,255,82,255,70,255
2026-08-03_15-49-30,1,1237,0,0.0,0,60.0,1,1,2,0,103,255,0,0,104,1,26,41,97,21,0,255,255,255,0,255,0,116,89,115,148,253,253,254,255,255,16,136,81,16,17,81,89,5,81,89,253,125,254,255,255,191,223,175,3,175,5,0,4,12,0,0,12,136,128,112,104,8,0,160,8,0,0,2,254,6,254,0,0,0,0,189,36,6,130,6,123,0,0,0,0,2,9,1,11,152,0,0,96,0,0,96,60,255,200,0,0,0,0,0,0,0,0,0,0,0,0,0,0,0,42,252,140,251,150,255,150,255,150,255,38,255,82,255,70,255,2,0,123,255,0,0,108,1,26,41,97,21,0,255,255,255,0,255,0,116,89,91,148,253,253,254,255,255,16,136,81,16,17,81,89,5,81,89,253,125,254,255,255,191,223,175,3,175,5,0,4,12,0,0,12,136,128,112,104,8,0,160,8,0,0,2,254,6,254,0,0,0,0,185,36,6,130,6,119,0,0,0,0,2,9,1,11,152,0,0,96,0,0,96,60,255,200,0,0,0,0,0,0,0,0,0,0,0,0,0,0,0,42,252,140,251,150,255,150,255,150,255,38,255,82,255,70,255
2026-08-03_15-49-30,1,1238,0,0.0,0,60.0,1,1,2,0,123,255,0,0,108,1,26,41,97,21,0,255,255,255,0,255,0,116,89,91,148,253,253,254,255,255,16,136,81,16,17,81,89,5,81,89,253,125,254,255,255,191,223,175,3,175,5,0,4,12,0,0,12,136,128,112,104,8,0,160,8,0,0,2,254,6,254,0,0,0,0,185,36,6,130,6,119,0,0,0,0,2,9,1,11,152,0,0,96,0,0,96,60,255,200,0,0,0,0,0,0,0,0,0,0,0,0,0,0,0,42,252,140,251,150,255,150,255,150,255,38,255,82,255,70,255,2,0,191,255,0,0,112,1,26,41,97,21,0,255,255,255,0,255,0,116,89,115,148,253,253,254,255,255,16,136,81,16,17,81,89,5,81,89,253,125,254,255,255,191,223,175,3,175,5,0,4,12,0,0,12,136,128,112,104,8,0,160,8,0,0,2,254,6,254,0,0,0,0,181,36,6,130,6,115,0,0,0,0,2,9,1,11,152,0,0,96,0,0,96,60,255,200,0,0,0,0,0,0,0,0,0,0,0,0,0,0,0,42,252,140,251,150,255,150,255,150,255,38,255,82,255,70,255
2026-08-03_15-49-30,1,1239,0,0.0,0,60.0,1,1,2,0,191,255,0,0,112,1,26,41,97,21,0,255,255,255,0,255,0,116,89,115,148,253,253,254,255,255,16,136,81,16,17,81,89,5,81,89,253,125,254,255,255,191,223,175,3,175,5,0,4,12,0,0,12,136,128,112,104,8,0,160,8,0,0,2,254,6,254,0,0,0,0,181,36,6,130,6,115,0,0,0,0,2,9,1,11,152,0,0,96,0,0,96,60,255,200,0,0,0,0,0,0,0,0,0,0,0,0,0,0,0,42,252,140,251,150,255,150,255,150,255,38,255,82,255,70,255,2,0,244,255,0,0,116,1,26,41,97,21,0,255,255,255,0,255,0,116,89,91,148,253,253,254,255,255,16,136,81,16,17,81,89,5,81,89,253,125,254,255,255,191,223,175,3,175,5,0,4,12,0,0,12,136,128,112,104,8,0,160,8,0,0,2,254,6,254,0,0,0,0,177,36,6,130,6,111,0,0,0,0,2,9,1,11,152,0,0,96,0,0,96,60,255,200,0,0,0,0,0,0,0,0,0,0,0,0,0,0,0,42,252,140,251,150,255,150,255,150,255,38,255,82,255,70,255
2026-08-03_15-49-30,1,1240,0,0.0,0,60.0,1,1,2,0,244,255,0,0,116,1,26,41,97,21,0,255,255,255,0,255,0,116,89,91,148,253,253,254,255,255,16,136,81,16,17,81,89,5,81,89,253,125,254,255,255,191,223,175,3,175,5,0,4,12,0,0,12,136,128,112,104,8,0,160,8,0,0,2,254,6,254,0,0,0,0,177,36,6,130,6,111,0,0,0,0,2,9,1,11,152,0,0,96,0,0,96,60,255,200,0,0,0,0,0,0,0,0,0,0,0,0,0,0,0,42,252,140,251,150,255,150,255,150,255,38,255,82,255,70,255,2,0,76,255,0,0,120,1,26,41,97,21,0,255,255,255,0,255,0,116,89,115,148,253,253,254,255,255,16,136,81,16,17,81,89,5,81,89,253,125,254,255,255,191,223,175,3,175,5,0,4,12,0,0,12,136,128,112,104,8,0,160,8,0,0,2,254,6,254,0,0,0,0,173,36,6,130,6,107,0,0,0,0,2,9,1,11,152,0,0,96,0,0,96,60,255,200,0,0,0,0,0,0,0,0,0,0,0,0,0,0,0,42,252,140,251,150,255,150,255,150,255,38,255,82,255,70,255
2026-08-03_15-49-30,1,1241,0,0.0,0,60.0,1,1,2,0,76,255,0,0,120,1,26,41,97,21,0,255,255,255,0,255,0,116,89,115,148,253,253,254,255,255,16,136,81,16,17,81,89,5,81,89,253,125,254,255,255,191,223,175,3,175,5,0,4,12,0,0,12,136,128,112,104,8,0,160,8,0,0,2,254,6,254,0,0,0,0,173,36,6,130,6,107,0,0,0,0,2,9,1,11,152,0,0,96,0,0,96,60,255,200,0,0,0,0,0,0,0,0,0,0,0,0,0,0,0,42,252,140,251,150,255,150,255,150,255,38,255,82,255,70,255,2,0,205,255,0,0,124,1,26,41,97,21,0,255,255,255,0,255,0,116,89,91,148,253,253,254,255,255,16,136,81,16,17,81,89,5,81,89,253,125,254,255,255,191,223,175,3,175,5,0,4,12,0,0,12,136,128,112,104,8,0,160,8,0,0,2,254,6,254,0,0,0,0,169,36,6,130,6,103,0,0,0,0,2,9,1,11,152,0,0,96,0,0,96,60,255,200,0,0,0,0,0,0,0,0,0,0,0,0,0,0,0,42,252,140,251,150,255,150,255,150,255,38,255,82,255,70,255
2026-08-03_15-49-30,1,1242,0,0.0,0,60.0,1,1,2,0,205,255,0,0,124,1,26,41,97,21,0,255,255,255,0,255,0,116,89,91,148,253,253,254,255,255,16,136,81,16,17,81,89,5,81,89,253,125,254,255,255,191,223,175,3,175,5,0,4,12,0,0,12,136,128,112,104,8,0,160,8,0,0,2,254,6,254,0,0,0,0,169,36,6,130,6,103,0,0,0,0,2,9,1,11,152,0,0,96,0,0,96,60,255,200,0,0,0,0,0,0,0,0,0,0,0,0,0,0,0,42,252,140,251,150,255,150,255,150,255,38,255,82,255,70,255,2,0,212,255,0,0,128,1,26,41,97,21,0,255,255,255,0,255,0,116,89,115,148,253,253,254,255,255,16,136,81,16,17,81,89,5,81,89,253,125,254,255,255,191,223,175,3,175,5,0,4,12,0,0,12,136,128,112,104,8,0,160,8,0,0,2,254,6,254,0,0,0,0,165,36,6,130,6,99,0,0,0,0,2,9,1,11,152,0,0,96,0,0,96,60,255,200,0,0,0,0,0,0,0,0,0,0,0,0,0,0,0,42,252,140,251,150,255,150,255,150,255,38,255,82,255,70,255
2026-08-03_15-49-30,1,1243,0,0.0,0,60.0,1,1,2,0,212,255,0,0,128,1,26,41,97,21,0,255,255,255,0,255,0,116,89,115,148,253,253,254,255,255,16,136,81,16,17,81,89,5,81,89,253,125,254,255,255,191,223,175,3,175,5,0,4,12,0,0,12,136,128,112,104,8,0,160,8,0,0,2,254,6,254,0,0,0,0,165,36,6,130,6,99,0,0,0,0,2,9,1,11,152,0,0,96,0,0,96,60,255,200,0,0,0,0,0,0,0,0,0,0,0,0,0,0,0,42,252,140,251,150,255,150,255,150,255,38,255,82,255,70,255,2,0,70,255,0,0,132,1,26,41,97,21,0,255,255,255,0,255,0,116,89,91,148,253,253,254,255,255,16,136,81,16,17,81,89,5,81,89,253,125,254,255,255,191,223,175,3,175,5,0,4,12,0,0,12,136,128,112,104,8,0,160,8,0,0,2,254,6,254,0,0,0,0,161,36,6,130,6,95,0,0,0,0,2,9,1,11,152,0,0,96,0,0,96,60,255,200,0,0,0,0,0,0,0,0,0,0,0,0,0,0,0,42,252,140,251,150,255,150,255,150,255,38,255,82,255,70,255
2026-08-03_15-49-30,1,1244,0,0.0,0,60.0,1,1,2,0,70,255,0,0,132,1,26,41,97,21,0,255,255,255,0,255,0,116,89,91,148,253,253,254,255,255,16,136,81,16,17,81,89,5,81,89,253,125,254,255,255,191,223,175,3,175,5,0,4,12,0,0,12,136,128,112,104,8,0,160,8,0,0,2,254,6,254,0,0,0,0,161,36,6,130,6,95,0,0,0,0,2,9,1,11,152,0,0,96,0,0,96,60,255,200,0,0,0,0,0,0,0,0,0,0,0,0,0,0,0,42,252,140,251,150,255,150,255,150,255,38,255,82,255,70,255,2,0,96,255,0,0,136,1,26,41,97,21,0,255,255,255,0,255,0,116,89,115,148,253,253,254,255,255,16,136,81,16,17,81,89,5,81,89,253,125,254,255,255,191,223,175,3,175,5,0,4,12,0,0,12,136,128,112,104,8,0,160,8,0,0,2,254,6,254,0,0,0,0,157,36,6,130,6,91,0,0,0,0,2,9,1,11,152,0,0,96,0,0,96,60,255,200,0,0,0,0,0,0,0,0,0,0,0,0,0,0,0,42,252,140,251,150,255,150,255,150,255,38,255,82,255,70,255
2026-08-03_15-49-30,1,1245,0,0.0,0,60.0,1,1,2,0,96,255,0,0,136,1,26,41,97,21,0,255,255,255,0,255,0,116,89,115,148,253,253,254,255,255,16,136,81,16,17,81,89,5,81,89,253,125,254,255,255,191,223,175,3,175,5,0,4,12,0,0,12,136,128,112,104,8,0,160,8,0,0,2,254,6,254,0,0,0,0,157,36,6,130,6,91,0,0,0,0,2,9,1,11,152,0,0,96,0,0,96,60,255,200,0,0,0,0,0,0,0,0,0,0,0,0,0,0,0,42,252,140,251,150,255,150,255,150,255,38,255,82,255,70,255,2,0,14,255,0,0,140,1,26,41,97,21,0,255,255,255,0,255,0,116,89,91,148,253,253,254,255,255,16,136,81,16,17,81,89,5,81,89,253,125,254,255,255,191,223,175,3,175,5,0,4,12,0,0,12,136,128,112,104,8,0,160,8,0,0,2,254,6,254,0,0,0,0,153,36,6,130,6,87,0,0,0,0,2,9,1,11,152,0,0,96,0,0,96,60,255,200,0,0,0,0,0,0,0,0,0,0,0,0,0,0,0,42,252,140,251,150,255,150,255,150,255,38,255,82,255,70,255
2026-08-03_15-49-30,1,1246,0,0.0,0,60.0,1,1,2,0,14,255,0,0,140,1,26,41,97,21,0,255,255,255,0,255,0,116,89,91,148,253,253,254,255,255,16,136,81,16,17,81,89,5,81,89,253,125,254,255,255,191,223,175,3,175,5,0,4,12,0,0,12,136,128,112,104,8,0,160,8,0,0,2,254,6,254,0,0,0,0,153,36,6,130,6,87,0,0,0,0,2,9,1,11,152,0,0,96,0,0,96,60,255,200,0,0,0,0,0,0,0,0,0,0,0,0,0,0,0,42,252,140,251,150,255,150,255,150,255,38,255,82,255,70,255,2,0,234,255,0,0,144,1,26,41,97,21,0,255,255,255,0,255,0,116,89,115,148,253,253,254,255,255,16,136,81,16,17,81,89,5,81,89,253,125,254,255,255,191,223,175,3,175,5,0,4,12,0,0,12,136,128,112,104,8,0,160,8,0,0,2,254,6,254,0,0,0,0,149,36,6,130,6,83,0,0,0,0,2,9,1,11,152,0,0,96,0,0,96,60,255,200,0,0,0,0,0,0,0,0,0,0,0,0,0,0,0,42,252,140,251,150,255,150,255,150,255,38,255,82,255,70,255
2026-08-03_15-49-30,1,1247,0,0.0,0,60.0,1,1,2,0,234,255,0,0,144,1,26,41,97,21,0,255,255,255,0,255,0,116,89,115,148,253,253,254,255,255,16,136,81,16,17,81,89,5,81,89,253,125,254,255,255,191,223,175,3,175,5,0,4,12,0,0,12,136,128,112,104,8,0,160,8,0,0,2,254,6,254,0,0,0,0,149,36,6,130,6,83,0,0,0,0,2,9,1,11,152,0,0,96,0,0,96,60,255,200,0,0,0,0,0,0,0,0,0,0,0,0,0,0,0,42,252,140,251,150,255,150,255,150,255,38,255,82,255,70,255,2,0,171,255,0,0,148,1,26,41,97,21,0,255,255,255,0,255,0,116,89,91,148,253,253,254,255,255,16,136,81,16,17,81,89,5,81,89,253,125,254,255,255,191,223,175,3,175,5,0,4,12,0,0,12,136,128,112,104,8,0,160,8,0,0,2,254,6,254,0,0,0,0,145,36,6,130,6,79,0,0,0,0,2,9,1,11,152,0,0,96,0,0,96,60,255,200,0,0,0,0,0,0,0,0,0,0,0,0,0,0,0,42,252,140,251,150,255,150,255,150,255,38,255,82,255,70,255
2026-08-03_15-49-30,1,1248,0,0.0,0,60.0,1,1,2,0,171,255,0,0,148,1,26,41,97,21,0,255,255,255,0,255,0,116,89,91,148,253,253,254,255,255,16,136,81,16,17,81,89,5,81,89,253,125,254,255,255,191,223,175,3,175,5,0,4,12,0,0,12,136,128,112,104,8,0,160,8,0,0,2,254,6,254,0,0,0,0,145,36,6,130,6,79,0,0,0,0,2,9,1,11,152,0,0,96,0,0,96,60,255,200,0,0,0,0,0,0,0,0,0,0,0,0,0,0,0,42,252,140,251,150,255,150,255,150,255,38,255,82,255,70,255,2,0,190,255,0,0,152,1,26,41,97,21,0,255,255,255,0,255,0,116,89,115,148,253,253,254,255,255,16,136,81,16,17,81,89,5,81,89,253,125,254,255,255,191,223,175,3,175,5,0,4,12,0,0,12,136,128,112,104,8,0,160,8,0,0,2,254,6,254,0,0,0,0,141,36,6,130,6,75,0,0,0,0,2,9,1,11,152,0,0,96,0,0,96,60,255,200,0,0,0,0,0,0,0,0,0,0,0,0,0,0,0,42,252,140,251,150,255,150,255,150,255,38,255,82,255,70,255
2026-08-03_15-49-30,1,1249,0,0.0,0,60.0,1,1,2,0,190,255,0,0,152,1,26,41,97,21,0,255,255,255,0,255,0,116,89,115,148,253,253,254,255,255,16,136,81,16,17,81,89,5,81,89,253,125,254,255,255,191,223,175,3,175,5,0,4,12,0,0,12,136,128,112,104,8,0,160,8,0,0,2,254,6,254,0,0,0,0,141,36,6,130,6,75,0,0,0,0,2,9,1,11,152,0,0,96,0,0,96,60,255,200,0,0,0,0,0,0,0,0,0,0,0,0,0,0,0,42,252,140,251,150,255,150,255,150,255,38,255,82,255,70,255,2,0,229,255,0,0,156,1,26,41,97,21,0,255,255,255,0,255,0,116,89,91,148,253,253,254,255,255,16,136,81,16,17,81,89,5,81,89,253,125,254,255,255,191,223,175,3,175,5,0,4,12,0,0,12,136,128,112,104,8,0,160,8,0,0,2,254,6,254,0,0,0,0,137,36,6,130,6,71,0,0,0,0,2,9,1,11,152,0,0,96,0,0,96,60,255,200,0,0,0,0,0,0,0,0,0,0,0,0,0,0,0,42,252,140,251,150,255,150,255,150,255,38,255,82,255,70,255
2026-08-03_15-49-30,1,1250,0,0.0,0,60.0,1,1,2,0,229,255,0,0,156,1,26,41,97,21,0,255,255,255,0,255,0,116,89,91,148,253,253,254,255,255,16,136,81,16,17,81,89,5,81,89,253,125,254,255,255,191,223,175,3,175,5,0,4,12,0,0,12,136,128,112,104,8,0,160,8,0,0,2,254,6,254,0,0,0,0,137,36,6,130,6,71,0,0,0,0,2,9,1,11,152,0,0,96,0,0,96,60,255,200,0,0,0,0,0,0,0,0,0,0,0,0,0,0,0,42,252,140,251,150,255,150,255,150,255,38,255,82,255,70,255,2,0,80,255,0,0,160,1,26,41,97,21,0,255,255,255,0,255,0,116,89,115,148,253,253,254,255,255,16,136,81,16,17,81,89,5,81,89,253,125,254,255,255,191,223,175,3,175,5,0,4,12,0,0,12,136,128,112,104,8,0,160,8,0,0,2,254,6,254,0,0,0,0,133,36,6,130,6,67,0,0,0,0,2,9,1,11,152,0,0,96,0,0,96,60,255,200,0,0,0,0,0,0,0,0,0,0,0,0,0,0,0,42,252,140,251,150,255,150,255,150,255,38,255,82,255,70,255
2026-08-03_15-49-30,1,1251,0,0.0,0,60.0,1,1,2,0,80,255,0,0,160,1,26,41,97,21,0,255,255,255,0,255,0,116,89,115,148,253,253,254,255,255,16,136,81,16,17,81,89,5,81,89,253,125,254,255,255,191,223,175,3,175,5,0,4,12,0,0,12,136,128,112,104,8,0,160,8,0,0,2,254,6,254,0,0,0,0,133,36,6,130,6,67,0,0,0,0,2,9,1,11,152,0,0,96,0,0,96,60,255,200,0,0,0,0,0,0,0,0,0,0,0,0,0,0,0,42,252,140,251,150,255,150,255,150,255,38,255,82,255,70,255,2,0,9,255,0,0,164,1,26,41,97,21,0,255,255,255,0,255,0,116,89,91,148,253,253,254,255,255,16,136,81,16,17,81,89,5,81,89,253,125,254,255,255,191,223,175,3,175,5,0,4,12,0,0,12,136,128,112,104,8,0,160,8,0,0,2,254,6,254,0,0,0,0,129,36,6,130,6,63,0,0,0,0,2,9,1,11,152,0,0,96,0,0,96,60,255,200,0,0,0,0,0,0,0,0,0,0,0,0,0,0,0,42,252,140,251,150,255,150,255,150,255,38,255,82,255,70,255
2026-08-03_15-49-30,1,1252,0,0.0,0,60.0,1,1,2,0,9,255,0,0,164,1,26,41,97,21,0,255,255,255,0,255,0,116,89,91,148,253,253,254,255,255,16,136,81,16,17,81,89,5,81,89,253,125,254,255,255,191,223,175,3,175,5,0,4,12,0,0,12,136,128,112,104,8,0,160,8,0,0,2,254,6,254,0,0,0,0,129,36,6,130,6,63,0,0,0,0,2,9,1,11,152,0,0,96,0,0,96,60,255,200,0,0,0,0,0,0,0,0,0,0,0,0,0,0,0,42,252,140,251,150,255,150,255,150,255,38,255,82,255,70,255,2,0,159,255,0,0,168,1,136,41,97,21,0,255,136,0,0,0,0,116,89,115,148,253,253,254,255,255,16,136,76,16,17,81,89,85,81,115,254,116,253,255,255,191,223,175,3,175,5,0,4,0,0,0,12,136,128,112,104,8,0,160,8,0,0,2,254,6,254,0,0,0,0,125,36,6,130,6,59,0,0,0,0,2,9,1,11,152,0,0,96,0,0,96,60,255,200,0,0,0,0,0,0,0,0,0,0,0,0,0,0,0,42,252,140,251,150,255,150,255,150,255,38,255,82,255,70,255
2026-08-03_15-49-30,1,1253,0,0.0,0,60.0,1,1,2,0,159,255,0,0,168,1,136,41,97,21,0,255,136,0,0,0,0,116,89,115,148,253,253,254,255,255,16,136,76,16,17,81,89,85,81,115,254,116,253,255,255,191,223,175,3,175,5,0,4,0,0,0,12,136,128,112,104,8,0,160,8,0,0,2,254,6,254,0,0,0,0,125,36,6,130,6,59,0,0,0,0,2,9,1,11,152,0,0,96,0,0,96,60,255,200,0,0,0,0,0,0,0,0,0,0,0,0,0,0,0,42,252,140,251,150,255,150,255,150,255,38,255,82,255,70,255,2,0,254,255,0,0,172,1,136,41,97,21,0,255,136,0,0,0,0,116,89,91,148,253,253,254,255,255,16,136,76,16,17,81,89,85,81,91,254,116,253,255,255,191,223,175,3,175,5,0,4,0,0,0,12,136,128,112,104,8,0,160,8,0,0,2,254,6,254,0,0,0,0,121,36,6,130,6,55,0,0,0,0,2,9,1,11,152,0,0,96,0,0,96,60,255,200,0,0,0,0,0,0,0,0,0,0,0,0,0,0,0,42,252,140,251,150,255,150,255,150,255,38,255,82,255,70,255
2026-08-03_15-49-30,1,1254,0,0.0,0,60.0,1,1,2,0,254,255,0,0,172,1,136,41,97,21,0,255,136,0,0,0,0,116,89,91,148,253,253,254,255,255,16,136,76,16,17,81,89,85,81,91,254,116,253,255,255,191,223,175,3,175,5,0,4,0,0,0,12,136,128,112,104,8,0,160,8,0,0,2,254,6,254,0,0,0,0,121,36,6,130,6,55,0,0,0,0,2,9,1,11,152,0,0,96,0,0,96,60,255,200,0,0,0,0,0,0,0,0,0,0,0,0,0,0,0,42,252,140,251,150,255,150,255,150,255,38,255,82,255,70,255,2,0,225,255,0,0,176,1,136,41,97,21,0,255,136,0,0,0,0,116,89,115,148,253,253,254,255,255,16,136,76,16,17,81,89,85,81,115,254,116,253,255,255,191,223,175,3,175,5,0,4,0,0,0,12,136,128,112,104,8,0,160,8,0,0,2,254,6,254,0,0,0,0,117,36,6,130,6,51,0,0,0,0,2,9,1,11,152,0,0,96,0,0,96,60,255,200,0,0,0,0,0,0,0,0,0,0,0,0,0,0,0,42,252,140,251,150,255,150,255,150,255,38,255,82,255,70,255
2026-08-03_15-49-30,1,1255,0,0.0,0,60.0,1,1,2,0,225,255,0,0,176,1,136,41,97,21,0,255,136,0,0,0,0,116,89,115,148,253,253,254,255,255,16,136,76,16,17,81,89,85,81,115,254,116,253,255,255,191,223,175,3,175,5,0,4,0,0,0,12,136,128,112,104,8,0,160,8,0,0,2,254,6,254,0,0,0,0,117,36,6,130,6,51,0,0,0,0,2,9,1,11,152,0,0,96,0,0,96,60,255,200,0,0,0,0,0,0,0,0,0,0,0,0,0,0,0,42,252,140,251,150,255,150,255,150,255,38,255,82,255,70,255,2,0,23,255,0,0,180,1,136,41,97,21,0,255,136,0,0,0,0,116,89,91,148,253,253,254,255,255,16,136,76,16,17,81,89,85,81,91,254,116,253,255,255,191,223,175,3,175,5,0,4,0,0,0,12,136,128,112,104,8,0,160,8,0,0,2,254,6,254,0,0,0,0,113,36,6,130,6,47,0,0,0,0,2,9,1,11,152,0,0,96,0,0,96,60,255,200,0,0,0,0,0,0,0,0,0,0,0,0,0,0,0,42,252,140,251,150,255,150,255,150,255,38,255,82,255,70,255
2026-08-03_15-49-30,1,1256,0,0.0,0,60.0,1,1,2,0,23,255,0,0,180,1,136,41,97,21,0,255,136,0,0,0,0,116,89,91,148,253,253,254,255,255,16,136,76,16,17,81,89,85,81,91,254,116,253,255,255,191,223,175,3,175,5,0,4,0,0,0,12,136,128,112,104,8,0,160,8,0,0,2,254,6,254,0,0,0,0,113,36,6,130,6,47,0,0,0,0,2,9,1,11,152,0,0,96,0,0,96,60,255,200,0,0,0,0,0,0,0,0,0,0,0,0,0,0,0,42,252,140,251,150,255,150,255,150,255,38,255,82,255,70,255,2,0,120,255,0,0,184,1,136,41,97,21,0,255,136,0,0,0,0,116,89,115,148,253,253,254,255,255,16,136,76,16,17,81,89,85,81,115,254,116,253,255,255,191,223,175,3,175,5,0,4,0,0,0,12,136,128,112,104,8,0,160,8,0,0,2,254,6,254,0,0,0,0,109,36,6,130,6,43,0,0,0,0,2,9,1,11,152,0,0,96,0,0,96,60,255,200,0,0,0,0,0,0,0,0,0,0,0,0,0,0,0,42,252,140,251,150,255,150,255,150,255,38,255,82,255,70,255
2026-08-03_15-49-30,1,1257,0,0.0,0,60.0,1,1,2,0,120,255,0,0,184,1,136,41,97,21,0,255,136,0,0,0,0,116,89,115,148,253,253,254,255,255,16,136,76,16,17,81,89,85,81,115,254,116,253,255,255,191,223,175,3,175,5,0,4,0,0,0,12,136,128,112,104,8,0,160,8,0,0,2,254,6,254,0,0,0,0,109,36,6,130,6,43,0,0,0,0,2,9,1,11,152,0,0,96,0,0,96,60,255,200,0,0,0,0,0,0,0,0,0,0,0,0,0,0,0,42,252,140,251,150,255,150,255,150,255,38,255,82,255,70,255,2,0,141,255,0,0,188,1,136,41,97,21,0,255,136,0,0,0,0,116,89,91,148,253,253,254,255,255,16,136,76,16,17,81,89,85,81,91,254,116,253,255,255,191,223,175,3,175,5,0,4,0,0,0,12,136,128,112,104,8,0,160,8,0,0,2,254,6,254,0,0,0,0,105,36,6,130,6,39,0,0,0,0,2,9,1,11,152,0,0,96,0,0,96,60,255,200,0,0,0,0,0,0,0,0,0,0,0,0,0,0,0,42,252,140,251,150,255,150,255,150,255,38,255,82,255,70,255
2026-08-03_15-49-30,1,1258,0,0.0,0,60.0,1,1,2,0,141,255,0,0,188,1,136,41,97,21,0,255,136,0,0,0,0,116,89,91,148,253,253,254,255,255,16,136,76,16,17,81,89,85,81,91,254,116,253,255,255,191,223,175,3,175,5,0,4,0,0,0,12,136,128,112,104,8,0,160,8,0,0,2,254,6,254,0,0,0,0,105,36,6,130,6,39,0,0,0,0,2,9,1,11,152,0,0,96,0,0,96,60,255,200,0,0,0,0,0,0,0,0,0,0,0,0,0,0,0,42,252,140,251,150,255,150,255,150,255,38,255,82,255,70,255,2,0,208,255,0,0,192,1,136,41,97,21,0,255,136,0,0,0,0,116,89,115,148,253,253,254,255,255,16,136,76,16,17,81,89,85,81,115,254,116,253,255,255,191,223,175,3,175,5,0,4,0,0,0,12,136,128,112,104,8,0,160,8,0,0,2,254,6,254,0,0,0,0,101,36,6,130,6,35,0,0,0,0,2,9,1,11,152,0,0,96,0,0,96,60,255,200,0,0,0,0,0,0,0,0,0,0,0,0,0,0,0,42,252,140,251,150,255,150,255,150,255,38,255,82,255,70,255
2026-08-03_15-49-30,1,1259,0,0.0,0,60.0,1,1,2,0,208,255,0,0,192,1,136,41,97,21,0,255,136,0,0,0,0,116,89,115,148,253,253,254,255,255,16,136,76,16,17,81,89,85,81,115,254,116,253,255,255,191,223,175,3,175,5,0,4,0,0,0,12,136,128,112,104,8,0,160,8,0,0,2,254,6,254,0,0,0,0,101,36,6,130,6,35,0,0,0,0,2,9,1,11,152,0,0,96,0,0,96,60,255,200,0,0,0,0,0,0,0,0,0,0,0,0,0,0,0,42,252,140,251,150,255,150,255,150,255,38,255,82,255,70,255,2,0,1,255,0,0,196,1,136,41,97,21,0,255,136,0,0,0,0,116,89,91,148,253,253,254,255,255,16,136,76,16,17,81,89,85,81,91,254,116,253,255,255,191,223,175,3,175,5,0,4,0,0,0,12,136,128,112,104,8,0,160,8,0,0,2,254,6,254,0,0,0,0,97,36,6,130,6,31,0,0,0,0,2,9,1,11,152,0,0,96,0,0,96,60,255,200,0,0,0,0,0,0,0,0,0,0,0,0,0,0,0,42,252,140,251,150,255,150,255,150,255,38,255,82,255,70,255
2026-08-03_15-49-30,1,1260,0,0.0,0,60.0,1,1,2,0,1,255,0,0,196,1,136,41,97,21,0,255,136,0,0,0,0,116,89,91,148,253,253,254,255,255,16,136,76,16,17,81,89,85,81,91,254,116,253,255,255,191,223,175,3,175,5,0,4,0,0,0,12,136,128,112,104,8,0,160,8,0,0,2,254,6,254,0,0,0,0,97,36,6,130,6,31,0,0,0,0,2,9,1,11,152,0,0,96,0,0,96,60,255,200,0,0,0,0,0,0,0,0,0,0,0,0,0,0,0,42,252,140,251,150,255,150,255,150,255,38,255,82,255,70,255,2,0,17,255,0,0,200,1,136,41,97,21,0,255,136,0,0,0,0,116,89,115,148,253,253,254,255,255,16,136,76,16,17,81,89,85,81,115,254,116,253,255,255,191,223,175,3,175,5,0,4,0,0,0,12,136,128,112,104,8,0,160,8,0,0,2,254,6,254,0,0,0,0,93,36,6,130,6,27,0,0,0,0,2,9,1,11,152,0,0,96,0,0,96,60,255,200,0,0,0,0,0,0,0,0,0,0,0,0,0,0,0,42,252,140,251,150,255,150,255,150,255,38,255,82,255,70,255
2026-08-03_15-49-30,1,1261,0,0.0,0,60.0,1,1,2,0,17,255,0,0,200,1,136,41,97,21,0,255,136,0,0,0,0,116,89,115,148,253,253,254,255,255,16,136,76,16,17,81,89,85,81,115,254,116,253,255,255,191,223,175,3,175,5,0,4,0,0,0,12,136,128,112,104,8,0,160,8,0,0,2,254,6,254,0,0,0,0,93,36,6,130,6,27,0,0,0,0,2,9,1,11,152,0,0,96,0,0,96,60,255,200,0,0,0,0,0,0,0,0,0,0,0,0,0,0,0,42,252,140,251,150,255,150,255,150,255,38,255,82,255,70,255,2,0,28,255,0,0,204,1,136,41,97,21,0,255,136,0,0,0,0,116,89,91,148,253,253,254,255,255,16,136,76,16,17,81,89,85,81,91,254,116,253,255,255,191,223,175,3,175,5,0,4,0,0,0,12,136,128,112,104,8,0,160,8,0,0,2,254,6,254,0,0,0,0,89,36,6,130,6,23,0,0,0,0,2,9,1,11,152,0,0,96,0,0,96,60,255,200,0,0,0,0,0,0,0,0,0,0,0,0,0,0,0,42,252,140,251,150,255,150,255,150,255,38,255,82,255,70,255
2026-08-03_15-49-30,1,1262,0,0.0,0,60.0,1,1,2,0,28,255,0,0,204,1,136,41,97,21,0,255,136,0,0,0,0,116,89,91,148,253,253,254,255,255,16,136,76,16,17,81,89,85,81,91,254,116,253,255,255,191,223,175,3,175,5,0,4,0,0,0,12,136,128,112,104,8,0,160,8,0,0,2,254,6,254,0,0,0,0,89,36,6,130,6,23,0,0,0,0,2,9,1,11,152,0,0,96,0,0,96,60,255,200,0,0,0,0,0,0,0,0,0,0,0,0,0,0,0,42,252,140,251,150,255,150,255,150,255,38,255,82,255,70,255,2,0,196,255,0,0,208,1,136,41,97,21,0,255,136,0,0,0,0,116,89,115,148,253,253,254,255,255,16,136,76,16,17,81,89,85,81,115,254,116,253,255,255,191,223,175,3,175,5,0,4,0,0,0,12,136,128,112,104,8,0,160,8,0,0,2,254,6,254,0,0,0,0,85,36,6,130,6,19,0,0,0,0,2,9,1,11,152,0,0,96,0,0,96,60,255,200,0,0,0,0,0,0,0,0,0,0,0,0,0,0,0,42,252,140,251,150,255,150,255,150,255,38,255,82,255,70,255
2026-08-03_15-49-30,1,1263,0,0.0,0,60.0,1,1,2,0,196,255,0,0,208,1,136,41,97,21,0,255,136,0,0,0,0,116,89,115,148,253,253,254,255,255,16,136,76,16,17,81,89,85,81,115,254,116,253,255,255,191,223,175,3,175,5,0,4,0,0,0,12,136,128,112,104,8,0,160,8,0,0,2,254,6,254,0,0,0,0,85,36,6,130,6,19,0,0,0,0,2,9,1,11,152,0,0,96,0,0,96,60,255,200,0,0,0,0,0,0,0,0,0,0,0,0,0,0,0,42,252,140,251,150,255,150,255,150,255,38,255,82,255,70,255,2,0,75,255,0,0,212,1,136,41,97,21,0,255,136,0,0,0,0,116,89,91,148,253,253,254,255,255,16,136,76,16,17,81,89,85,81,91,254,116,253,255,255,191,223,175,3,175,5,0,4,0,0,0,12,136,128,112,104,8,0,160,8,0,0,2,254,6,254,0,0,0,0,81,36,6,130,6,15,0,0,0,0,2,9,1,11,152,0,0,96,0,0,96,60,255,200,0,0,0,0,0,0,0,0,0,0,0,0,0,0,0,42,252,140,251,150,255,150,255,150,255,38,255,82,255,70,255
2026-08-03_15-49-30,1,1264,0,0.0,0,60.0,1,1,2,0,75,255,0,0,212,1,136,41,97,21,0,255,136,0,0,0,0,116,89,91,148,253,253,254,255,255,16,136,76,16,17,81,89,85,81,91,254,116,253,255,255,191,223,175,3,175,5,0,4,0,0,0,12,136,128,112,104,8,0,160,8,0,0,2,254,6,254,0,0,0,0,81,36,6,130,6,15,0,0,0,0,2,9,1,11,152,0,0,96,0,0,96,60,255,200,0,0,0,0,0,0,0,0,0,0,0,0,0,0,0,42,252,140,251,150,255,150,255,150,255,38,255,82,255,70,255,2,0,184,255,0,0,216,1,136,41,97,21,0,255,136,0,0,0,0,116,89,115,148,253,253,254,255,255,16,136,76,16,17,81,89,85,81,115,254,116,253,255,255,191,223,175,3,175,5,0,4,0,0,0,12,136,128,112,104,8,0,160,8,0,0,2,254,6,254,0,0,0,0,77,36,6,130,6,11,0,0,0,0,2,9,1,11,152,0,0,96,0,0,96,60,255,200,0,0,0,0,0,0,0,0,0,0,0,0,0,0,0,42,252,140,251,150,255,150,255,150,255,38,255,82,255,70,255
2026-08-03_15-49-30,1,1265,0,0.0,0,60.0,1,1,2,0,184,255,0,0,216,1,136,41,97,21,0,255,136,0,0,0,0,116,89,115,148,253,253,254,255,255,16,136,76,16,17,81,89,85,81,115,254,116,253,255,255,191,223,175,3,175,5,0,4,0,0,0,12,136,128,112,104,8,0,160,8,0,0,2,254,6,254,0,0,0,0,77,36,6,130,6,11,0,0,0,0,2,9,1,11,152,0,0,96,0,0,96,60,255,200,0,0,0,0,0,0,0,0,0,0,0,0,0,0,0,42,252,140,251,150,255,150,255,150,255,38,255,82,255,70,255,2,0,129,255,0,0,220,1,136,41,97,21,0,255,136,0,0,0,0,116,89,91,148,253,253,254,255,255,16,136,76,16,17,81,89,85,81,91,254,116,253,255,255,191,223,175,3,175,5,0,4,0,0,0,12,136,128,112,104,8,0,160,8,0,0,2,254,6,254,0,0,0,0,73,36,6,130,6,7,0,0,0,0,2,9,1,11,152,0,0,96,0,0,96,60,255,200,0,0,0,0,0,0,0,0,0,0,0,0,0,0,0,42,252,140,251,150,255,150,255,150,255,38,255,82,255,70,255
2026-08-03_15-49-30,1,1266,0,0.0,0,60.0,1,1,2,0,129,255,0,0,220,1,136,41,97,21,0,255,136,0,0,0,0,116,89,91,148,253,253,254,255,255,16,136,76,16,17,81,89,85,81,91,254,116,253,255,255,191,223,175,3,175,5,0,4,0,0,0,12,136,128,112,104,8,0,160,8,0,0,2,254,6,254,0,0,0,0,73,36,6,130,6,7,0,0,0,0,2,9,1,11,152,0,0,96,0,0,96,60,255,200,0,0,0,0,0,0,0,0,0,0,0,0,0,0,0,42,252,140,251,150,255,150,255,150,255,38,255,82,255,70,255,2,0,25,255,0,0,224,1,136,41,97,21,0,255,136,0,0,0,0,116,89,115,148,253,253,254,255,255,16,136,76,16,17,81,89,85,81,115,254,116,253,255,255,191,223,175,3,175,5,0,4,0,0,0,12,136,128,112,104,8,0,160,8,0,0,2,254,6,254,0,0,0,0,69,36,6,130,6,3,0,0,0,0,2,9,1,11,152,0,0,96,0,0,96,60,255,200,0,0,0,0,0,0,0,0,0,0,0,0,0,0,0,42,252,140,251,150,255,150,255,150,255,38,255,82,255,70,255
2026-08-03_15-49-30,1,1267,0,0.0,1,60.0,1,0,2,0,25,255,0,0,224,1,136,41,97,21,0,255,136,0,0,0,0,116,89,115,148,253,253,254,255,255,16,136,76,16,17,81,89,85,81,115,254,116,253,255,255,191,223,175,3,175,5,0,4,0,0,0,12,136,128,112,104,8,0,160,8,0,0,2,254,6,254,0,0,0,0,69,36,6,130,6,3,0,0,0,0,2,9,1,11,152,0,0,96,0,0,96,60,255,200,0,0,0,0,0,0,0,0,0,0,0,0,0,0,0,42,252,140,251,150,255,150,255,150,255,38,255,82,255,70,255,2,0,146,255,0,0,228,1,41,41,97,21,0,255,255,0,0,0,0,147,89,91,148,254,253,254,255,0,12,136,76,16,17,160,89,85,81,91,254,181,254,255,255,191,223,255,3,175,5,0,4,0,0,0,12,136,128,112,104,8,0,160,8,0,0,2,254,6,254,0,0,0,0,65,36,6,130,6,0,0,0,0,0,2,9,0,11,152,0,0,96,0,0,96,60,255,0,0,0,0,0,0,0,0,0,0,0,0,0,0,0,0,42,252,140,251,150,255,150,255,81,249,38,255,82,255,70,255
