run_ts,episode,step,action,reward,done,episode_return,lives_pre,lives_post,ram_pre_0,ram_pre_1,ram_pre_2,ram_pre_3,ram_pre_4,ram_pre_5,ram_pre_6,ram_pre_7,ram_pre_8,ram_pre_9,ram_pre_10,ram_pre_11,ram_pre_12,ram_pre_13,ram_pre_14,ram_pre_15,ram_pre_16,ram_pre_17,ram_pre_18,ram_pre_19,ram_pre_20,ram_pre_21,ram_pre_22,ram_pre_23,ram_pre_24,ram_pre_25,ram_pre_26,ram_pre_27,ram_pre_28,ram_pre_29,ram_pre_30,ram_pre_31,ram_pre_32,ram_pre_33,ram_pre_34,ram_pre_35,ram_pre_36,ram_pre_37,ram_pre_38,ram_pre_39,ram_pre_40,ram_pre_41,ram_pre_42,ram_pre_43,ram_pre_44,ram_pre_45,ram_pre_46,ram_pre_47,ram_pre_48,ram_pre_49,ram_pre_50,ram_pre_51,ram_pre_52,ram_pre_53,ram_pre_54,ram_pre_55,ram_pre_56,ram_pre_57,ram_pre_58,ram_pre_59,ram_pre_60,ram_pre_61,ram_pre_62,ram_pre_63,ram_pre_64,ram_pre_65,ram_pre_66,ram_pre_67,ram_pre_68,ram_pre_69,ram_pre_70,ram_pre_71,ram_pre_72,ram_pre_73,ram_pre_74,ram_pre_75,ram_pre_76,ram_pre_77,ram_pre_78,ram_pre_79,ram_pre_80,ram_pre_81,ram_pre_82,ram_pre_83,ram_pre_84,ram_pre_85,ram_pre_86,ram_pre_87,ram_pre_88,ram_pre_89,ram_pre_90,ram_pre_91,ram_pre_92,ram_pre_93,ram_pre_94,ram_pre_95,ram_pre_96,ram_pre_97,ram_pre_98,ram_pre_99,ram_pre_100,ram_pre_101,ram_pre_102,ram_pre_103,ram_pre_104,ram_pre_105,ram_pre_106,ram_pre_107,ram_pre_108,ram_pre_109,ram_pre_110,ram_pre_111,ram_pre_112,ram_pre_113,ram_pre_114,ram_pre_115,ram_pre_116,ram_pre_117,ram_pre_118,ram_pre_119,ram_pre_120,ram_pre_121,ram_pre_122,ram_pre_123,ram_pre_124,ram_pre_125,ram_pre_126,ram_pre_127,ram_post_0,ram_post_1,ram_post_2,ram_post_3,ram_post_4,ram_post_5,ram_post_6,ram_post_7,ram_post_8,ram_post_9,ram_post_10,ram_post_11,ram_post_12,ram_post_13,ram_post_14,ram_post_15,ram_post_16,ram_post_17,ram_post_18,ram_post_19,ram_post_20,ram_post_21,ram_post_22,ram_post_23,ram_post_24,ram_post_25,ram_post_26,ram_post_27,ram_post_28,ram_post_29,ram_post_30,ram_post_31,ram_post_32,ram_post_33,ram_post_34,ram_post_35,ram_post_36,ram_post_37,ram_post_38,ram_post_39,ram_post_40,ram_post_41,ram_post_42,ram_post_43,ram_post_44,ram_post_45,ram_post_46,ram_post_47,ram_post_48,ram_post_49,ram_post_50,ram_post_51,ram_post_52,ram_post_53,ram_post_54,ram_post_55,ram_post_56,ram_post_57,ram_post_58,ram_post_59,ram_post_60,ram_post_61,ram_post_62,ram_post_63,ram_post_64,ram_post_65,ram_post_66,ram_post_67,ram_post_68,ram_post_69,ram_post_70,ram_post_71,ram_post_72,ram_post_73,ram_post_74,ram_post_75,ram_post_76,ram_post_77,ram_post_78,ram_post_79,ram_post_80,ram_post_81,ram_post_82,ram_post_83,ram_post_84,ram_post_85,ram_post_86,ram_post_87,ram_post_88,ram_post_89,ram_post_90,ram_post_91,ram_post_92,ram_post_93,ram_post_94,ram_post_95,ram_post_96,ram_post_97,ram_post_98,ram_post_99,ram_post_100,ram_post_101,ram_post_102,ram_post_103,ram_post_104,ram_post_105,ram_post_106,ram_post_107,ram_post_108,ram_post_109,ram_post_110,ram_post_111,ram_post_112,ram_post_113,ram_post_114,ram_post_115,ram_post_116,ram_post_117,ram_post_118,ram_post_119,ram_post_120,ram_post_121,ram_post_122,ram_post_123,ram_post_124,ram_post_125,ram_post_126,ram_post_127
2026-08-04_08-19-29,1,0,0,0.0,0,0.0,-1,-1,1,255,3,126,26,0,0,1,73,106,253,127,63,76,2,0,0,0,0,0,0,0,0,0,0,0,15,0,0,0,0,0,0,0,0,0,0,0,26,0,0,0,0,0,0,0,0,0,0,0,0,0,0,0,0,0,127,0,0,0,0,0,0,0,127,0,0,0,0,0,0,0,0,0,0,0,0,0,0,0,62,0,0,0,0,0,0,0,0,0,2,0,1,0,0,0,32,0,0,4,177,0,3,0,255,113,92,252,106,252,113,252,120,252,127,252,134,252,0,0,0,0,0,0,0,0,252,244,1,255,3,126,30,0,0,1,73,106,253,127,63,76,2,0,0,0,0,0,0,0,0,0,0,0,15,0,0,0,0,0,0,0,0,0,0,0,30,0,0,0,0,0,0,0,0,0,0,0,0,0,0,0,0,0,127,0,0,0,0,0,0,0,127,0,0,0,0,0,0,0,0,0,0,0,0,0,0,0,58,0,0,0,0,0,0,0,0,0,2,0,1,0,0,0,32,0,0,4,177,0,3,0,255,113,92,252,106,252,113,252,120,252,127,252,134,252,0,0,0,0,0,0,0,0,252,244
2026-08-04_08-19-29,1,1,0,0.0,0,0.0,-1,-1,1,255,3,126,30,0,0,1,73,106,253,127,63,76,2,0,0,0,0,0,0,0,0,0,0,0,15,0,0,0,0,0,0,0,0,0,0,0,30,0,0,0,0,0,0,0,0,0,0,0,0,0,0,0,0,0,127,0,0,0,0,0,0,0,127,0,0,0,0,0,0,0,0,0,0,0,0,0,0,0,58,0,0,0,0,0,0,0,0,0,2,0,1,0,0,0,32,0,0,4,177,0,3,0,255,113,92,252,106,252,113,252,120,252,127,252,134,252,0,0,0,0,0,0,0,0,252,244,1,255,3,126,34,0,0,1,73,106,253,127,63,76,2,0,0,0,0,0,0,0,0,0,0,0,15,0,0,0,0,0,0,0,0,0,0,0,34,0,0,0,0,0,0,0,0,0,0,0,0,0,0,0,0,0,127,0,0,0,0,0,0,0,127,0,0,0,0,0,0,0,0,0,0,0,0,0,0,0,54,0,0,0,0,0,0,0,0,0,2,0,1,0,0,0,32,0,0,4,177,0,3,0,255,113,92,252,106,252,113,252,120,252,127,252,134,252,0,0,0,0,0,0,0,0,252,244
2026-08-04_08-19-29,1,2,0,0.0,0,0.0,-1,-1,1,255,3,126,34,0,0,1,73,106,253,127,63,76,2,0,0,0,0,0,0,0,0,0,0,0,15,0,0,0,0,0,0,0,0,0,0,0,34,0,0,0,0,0,0,0,0,0,0,0,0,0,0,0,0,0,127,0,0,0,0,0,0,0,127,0,0,0,0,0,0,0,0,0,0,0,0,0,0,0,54,0,0,0,0,0,0,0,0,0,2,0,1,0,0,0,32,0,0,4,177,0,3,0,255,113,92,252,106,252,113,252,120,252,127,252,134,252,0,0,0,0,0,0,0,0,252,244,1,255,3,126,38,0,0,1,73,106,253,127,63,76,2,0,0,0,0,0,0,0,0,0,0,0,15,0,0,0,0,0,0,0,0,0,0,0,38,0,0,0,0,0,0,0,0,0,0,0,0,0,0,0,0,0,127,0,0,0,0,0,0,0,127,0,0,0,0,0,0,0,0,0,0,0,0,0,0,0,50,0,0,0,0,0,0,0,0,0,2,0,1,0,0,0,32,0,0,4,177,0,3,0,255,113,92,252,106,252,113,252,120,252,127,252,134,252,0,0,0,0,0,0,0,0,252,244
2026-08-04_08-19-29,1,3,0,0.0,0,0.0,-1,-1,1,255,3,126,38,0,0,1,73,106,253,127,63,76,2,0,0,0,0,0,0,0,0,0,0,0,15,0,0,0,0,0,0,0,0,0,0,0,38,0,0,0,0,0,0,0,0,0,0,0,0,0,0,0,0,0,127,0,0,0,0,0,0,0,127,0,0,0,0,0,0,0,0,0,0,0,0,0,0,0,50,0,0,0,0,0,0,0,0,0,2,0,1,0,0,0,32,0,0,4,177,0,3,0,255,113,92,252,106,252,113,252,120,252,127,252,134,252,0,0,0,0,0,0,0,0,252,244,1,255,3,126,42,0,0,1,73,106,253,127,63,76,2,0,0,0,0,0,0,0,0,0,0,0,15,0,0,0,0,0,0,0,0,0,0,0,42,0,0,0,0,0,0,0,0,0,0,0,0,0,0,0,0,0,127,0,0,0,0,0,0,0,127,0,0,0,0,0,0,0,0,0,0,0,0,0,0,0,46,0,0,0,0,0,0,0,0,0,2,0,1,0,0,0,32,0,0,4,177,0,3,0,255,113,92,252,106,252,113,252,120,252,127,252,134,252,0,0,0,0,0,0,0,0,252,244
2026-08-04_08-19-29,1,4,0,0.0,0,0.0,-1,-1,1,255,3,126,42,0,0,1,73,106,253,127,63,76,2,0,0,0,0,0,0,0,0,0,0,0,15,0,0,0,0,0,0,0,0,0,0,0,42,0,0,0,0,0,0,0,0,0,0,0,0,0,0,0,0,0,127,0,0,0,0,0,0,0,127,0,0,0,0,0,0,0,0,0,0,0,0,0,0,0,46,0,0,0,0,0,0,0,0,0,2,0,1,0,0,0,32,0,0,4,177,0,3,0,255,113,92,252,106,252,113,252,120,252,127,252,134,252,0,0,0,0,0,0,0,0,252,244,1,2,1,42,46,0,1,1,73,132,253,74,37,50,2,0,0,0,0,6,0,0,0,0,0,0,15,0,0,0,0,224,176,192,144,16,224,224,44,255,253,3,0,2,254,254,0,53,8,53,26,53,35,9,9,66,5,15,35,45,55,75,127,127,127,83,116,55,13,35,98,0,0,0,0,0,0,0,128,128,6,6,6,1,6,3,6,4,2,2,2,0,1,0,0,0,36,32,2,110,153,192,0,0,255,113,92,252,106,252,113,252,120,252,127,252,134,252,0,0,14,0,0,0,6,0,252,244
2026-08-04_08-19-29,1,5,0,0.0,0,0.0,-1,-1,1,2,1,42,46,0,1,1,73,132,253,74,37,50,2,0,0,0,0,6,0,0,0,0,0,0,15,0,0,0,0,224,176,192,144,16,224,224,44,255,253,3,0,2,254,254,0,53,8,53,26,53,35,9,9,66,5,15,35,45,55,75,127,127,127,83,116,55,13,35,98,0,0,0,0,0,0,0,128,128,6,6,6,1,6,3,6,4,2,2,2,0,1,0,0,0,36,32,2,110,153,192,0,0,255,113,92,252,106,252,113,252,120,252,127,252,134,252,0,0,14,0,0,0,6,0,252,244,1,2,1,42,50,0,1,1,73,132,253,74,37,50,2,0,0,0,0,6,0,0,0,0,0,0,15,0,0,0,0,224,176,192,144,224,224,224,44,255,253,3,0,254,254,254,0,53,8,53,26,35,9,9,9,216,5,15,35,45,75,127,127,127,127,83,116,55,13,98,0,0,0,0,0,0,0,0,0,6,6,6,6,1,6,3,4,2,2,2,2,0,1,0,0,0,38,32,2,233,150,252,0,0,255,113,92,252,106,252,113,252,120,252,127,252,134,252,0,0,11,0,0,0,5,0,252,244
2026-08-04_08-19-29,1,6,0,0.0,0,0.0,-1,-1,1,2,1,42,50,0,1,1,73,132,253,74,37,50,2,0,0,0,0,6,0,0,0,0,0,0,15,0,0,0,0,224,176,192,144,224,224,224,44,255,253,3,0,254,254,254,0,53,8,53,26,35,9,9,9,216,5,15,35,45,75,127,127,127,127,83,116,55,13,98,0,0,0,0,0,0,0,0,0,6,6,6,6,1,6,3,4,2,2,2,2,0,1,0,0,0,38,32,2,233,150,252,0,0,255,113,92,252,106,252,113,252,120,252,127,252,134,252,0,0,11,0,0,0,5,0,252,244,1,2,1,42,54,0,1,1,73,132,253,74,37,50,2,0,251,0,112,6,0,0,0,0,0,251,15,0,0,0,0,224,176,192,144,224,224,224,44,255,253,3,0,254,254,254,0,62,17,62,35,44,9,9,9,112,5,15,35,45,75,127,127,127,127,83,116,55,13,98,0,0,0,0,0,0,0,0,0,6,6,6,7,2,7,4,5,2,2,2,2,0,1,0,0,0,38,32,2,153,103,255,0,0,127,113,92,252,106,252,113,252,120,252,127,252,134,252,0,0,7,0,0,0,5,0,252,244
2026-08-04_08-19-29,1,7,0,0.0,0,0.0,-1,-1,1,2,1,42,54,0,1,1,73,132,253,74,37,50,2,0,251,0,112,6,0,0,0,0,0,251,15,0,0,0,0,224,176,192,144,224,224,224,44,255,253,3,0,254,254,254,0,62,17,62,35,44,9,9,9,112,5,15,35,45,75,127,127,127,127,83,116,55,13,98,0,0,0,0,0,0,0,0,0,6,6,6,7,2,7,4,5,2,2,2,2,0,1,0,0,0,38,32,2,153,103,255,0,0,127,113,92,252,106,252,113,252,120,252,127,252,134,252,0,0,7,0,0,0,5,0,252,244,1,2,1,42,58,0,1,1,73,132,253,74,37,50,2,0,251,0,112,6,0,0,0,0,0,251,15,0,0,0,0,224,176,192,144,224,224,224,44,255,253,3,0,254,254,254,0,71,26,71,44,53,9,9,9,8,5,15,35,45,75,127,127,127,127,83,116,55,13,98,0,0,0,0,0,0,0,0,0,6,6,6,8,3,8,5,6,2,2,2,2,0,1,0,0,0,38,32,2,150,117,255,0,0,127,113,92,252,106,252,113,252,120,252,127,252,134,252,0,0,3,0,0,0,5,0,252,244
2026-08-04_08-19-29,1,8,0,0.0,0,0.0,-1,-1,1,2,1,42,58,0,1,1,73,132,253,74,37,50,2,0,251,0,112,6,0,0,0,0,0,251,15,0,0,0,0,224,176,192,144,224,224,224,44,255,253,3,0,254,254,254,0,71,26,71,44,53,9,9,9,8,5,15,35,45,75,127,127,127,127,83,116,55,13,98,0,0,0,0,0,0,0,0,0,6,6,6,8,3,8,5,6,2,2,2,2,0,1,0,0,0,38,32,2,150,117,255,0,0,127,113,92,252,106,252,113,252,120,252,127,252,134,252,0,0,3,0,0,0,5,0,252,244,1,2,1,42,62,0,1,1,73,132,253,74,37,50,2,0,251,0,112,6,0,0,0,0,0,251,15,0,0,0,0,224,176,192,144,224,224,224,44,255,253,3,0,254,254,254,0,71,26,71,44,53,9,9,9,160,5,15,35,45,75,127,127,127,127,83,116,55,13,98,0,0,0,0,0,0,0,0,0,6,6,6,8,3,8,5,6,2,2,2,2,0,1,0,0,0,38,32,2,103,87,255,0,0,127,113,92,252,106,252,113,252,120,252,127,252,134,252,0,0,0,0,0,0,5,0,252,244
2026-08-04_08-19-29,1,9,0,0.0,0,0.0,-1,-1,1,2,1,42,62,0,1,1,73,132,253,74,37,50,2,0,251,0,112,6,0,0,0,0,0,251,15,0,0,0,0,224,176,192,144,224,224,224,44,255,253,3,0,254,254,254,0,71,26,71,44,53,9,9,9,160,5,15,35,45,75,127,127,127,127,83,116,55,13,98,0,0,0,0,0,0,0,0,0,6,6,6,8,3,8,5,6,2,2,2,2,0,1,0,0,0,38,32,2,103,87,255,0,0,127,113,92,252,106,252,113,252,120,252,127,252,134,252,0,0,0,0,0,0,5,0,252,244,1,2,1,42,66,0,1,1,73,132,253,74,37,50,2,0,251,0,112,6,0,0,0,0,0,251,15,0,0,0,0,224,176,192,144,224,224,224,44,255,253,3,0,254,254,254,0,8,35,8,53,62,9,9,9,56,5,15,35,45,75,127,127,127,127,83,116,55,13,98,0,0,0,0,0,0,0,0,0,6,6,6,1,4,1,6,7,2,2,2,2,0,1,0,0,0,38,32,2,117,117,255,0,0,127,113,92,252,106,252,113,252,120,252,127,252,134,252,0,0,0,0,0,0,5,0,252,244
2026-08-04_08-19-29,1,10,0,0.0,0,0.0,-1,-1,1,2,1,42,66,0,1,1,73,132,253,74,37,50,2,0,251,0,112,6,0,0,0,0,0,251,15,0,0,0,0,224,176,192,144,224,224,224,44,255,253,3,0,254,254,254,0,8,35,8,53,62,9,9,9,56,5,15,35,45,75,127,127,127,127,83,116,55,13,98,0,0,0,0,0,0,0,0,0,6,6,6,1,4,1,6,7,2,2,2,2,0,1,0,0,0,38,32,2,117,117,255,0,0,127,113,92,252,106,252,113,252,120,252,127,252,134,252,0,0,0,0,0,0,5,0,252,244,1,2,1,42,70,0,1,1,73,132,253,74,37,50,2,0,251,0,112,6,0,0,0,0,0,251,15,0,0,0,0,224,176,192,144,224,224,224,44,255,253,3,0,254,254,254,0,8,35,8,53,62,9,9,9,208,5,15,35,45,75,127,127,127,127,83,116,55,13,98,0,0,0,0,0,0,0,0,0,6,6,6,1,4,1,6,7,2,2,2,2,0,1,0,0,0,38,32,2,87,83,255,0,0,127,113,92,252,106,252,113,252,120,252,127,252,134,252,0,0,0,0,0,0,5,0,252,244
2026-08-04_08-19-29,1,11,0,0.0,0,0.0,-1,-1,1,2,1,42,70,0,1,1,73,132,253,74,37,50,2,0,251,0,112,6,0,0,0,0,0,251,15,0,0,0,0,224,176,192,144,224,224,224,44,255,253,3,0,254,254,254,0,8,35,8,53,62,9,9,9,208,5,15,35,45,75,127,127,127,127,83,116,55,13,98,0,0,0,0,0,0,0,0,0,6,6,6,1,4,1,6,7,2,2,2,2,0,1,0,0,0,38,32,2,87,83,255,0,0,127,113,92,252,106,252,113,252,120,252,127,252,134,252,0,0,0,0,0,0,5,0,252,244,1,2,1,42,74,0,1,1,73,132,253,74,37,50,2,0,251,0,112,6,0,0,0,0,0,251,15,0,0,0,0,224,176,192,144,224,224,224,44,255,253,3,0,254,254,254,0,17,44,17,62,71,9,9,9,104,5,15,35,45,75,127,127,127,127,83,116,55,13,98,0,0,0,0,0,0,0,0,0,6,6,6,2,5,2,7,8,2,2,2,2,0,1,0,0,0,38,32,2,117,63,255,0,0,127,113,92,252,106,252,113,252,120,252,127,252,134,252,0,0,0,0,0,0,5,0,252,244
2026-08-04_08-19-29,1,12,0,0.0,0,0.0,-1,-1,1,2,1,42,74,0,1,1,73,132,253,74,37,50,2,0,251,0,112,6,0,0,0,0,0,251,15,0,0,0,0,224,176,192,144,224,224,224,44,255,253,3,0,254,254,254,0,17,44,17,62,71,9,9,9,104,5,15,35,45,75,127,127,127,127,83,116,55,13,98,0,0,0,0,0,0,0,0,0,6,6,6,2,5,2,7,8,2,2,2,2,0,1,0,0,0,38,32,2,117,63,255,0,0,127,113,92,252,106,252,113,252,120,252,127,252,134,252,0,0,0,0,0,0,5,0,252,244,1,2,1,42,78,0,1,1,73,132,253,74,37,50,2,0,251,0,112,6,0,0,0,0,0,251,15,0,0,0,0,224,176,192,144,224,224,224,44,255,253,3,0,254,254,254,0,26,53,26,71,8,9,9,9,0,5,15,35,45,75,127,127,127,127,83,116,55,13,98,0,0,0,0,0,0,0,0,0,6,6,6,3,6,3,8,16,2,2,2,2,0,1,0,0,0,38,32,2,83,243,255,0,0,127,113,92,252,106,252,113,252,120,252,127,252,134,252,0,0,0,0,0,0,5,0,252,244
2026-08-04_08-19-29,1,13,0,0.0,0,0.0,-1,-1,1,2,1,42,78,0,1,1,73,132,253,74,37,50,2,0,251,0,112,6,0,0,0,0,0,251,15,0,0,0,0,224,176,192,144,224,224,224,44,255,253,3,0,254,254,254,0,26,53,26,71,8,9,9,9,0,5,15,35,45,75,127,127,127,127,83,116,55,13,98,0,0,0,0,0,0,0,0,0,6,6,6,3,6,3,8,16,2,2,2,2,0,1,0,0,0,38,32,2,83,243,255,0,0,127,113,92,252,106,252,113,252,120,252,127,252,134,252,0,0,0,0,0,0,5,0,252,244,1,2,1,42,82,0,1,1,73,132,253,74,37,50,2,0,251,0,112,6,0,0,0,0,0,251,15,0,0,0,0,224,176,192,144,224,224,224,44,255,253,3,0,254,254,254,0,26,53,26,71,8,9,9,9,152,5,15,35,45,75,127,127,127,127,83,116,55,13,98,0,0,0,0,0,0,0,0,0,6,6,6,3,6,3,8,16,2,2,2,2,0,1,0,0,0,38,32,2,63,62,255,0,0,127,113,92,252,106,252,113,252,120,252,127,252,134,252,0,0,0,0,0,0,5,0,252,244
2026-08-04_08-19-29,1,14,0,0.0,0,0.0,-1,-1,1,2,1,42,82,0,1,1,73,132,253,74,37,50,2,0,251,0,112,6,0,0,0,0,0,251,15,0,0,0,0,224,176,192,144,224,224,224,44,255,253,3,0,254,254,254,0,26,53,26,71,8,9,9,9,152,5,15,35,45,75,127,127,127,127,83,116,55,13,98,0,0,0,0,0,0,0,0,0,6,6,6,3,6,3,8,16,2,2,2,2,0,1,0,0,0,38,32,2,63,62,255,0,0,127,113,92,252,106,252,113,252,120,252,127,252,134,252,0,0,0,0,0,0,5,0,252,244,1,2,1,42,86,0,1,1,73,132,253,74,37,50,2,0,251,0,112,6,0,0,0,0,0,251,15,0,0,0,0,224,176,192,144,224,224,224,44,255,253,3,0,254,254,254,0,35,62,35,8,125,9,9,9,48,5,15,35,45,74,127,127,127,127,83,116,55,13,98,0,0,0,0,0,0,0,0,0,6,6,6,4,7,4,16,17,2,2,2,2,0,1,0,0,0,38,32,2,243,232,255,0,0,127,113,92,252,106,252,113,252,120,252,127,252,134,252,0,0,0,0,0,0,5,0,252,244
2026-08-04_08-19-29,1,15,0,0.0,0,0.0,-1,-1,1,2,1,42,86,0,1,1,73,132,253,74,37,50,2,0,251,0,112,6,0,0,0,0,0,251,15,0,0,0,0,224,176,192,144,224,224,224,44,255,253,3,0,254,254,254,0,35,62,35,8,125,9,9,9,48,5,15,35,45,74,127,127,127,127,83,116,55,13,98,0,0,0,0,0,0,0,0,0,6,6,6,4,7,4,16,17,2,2,2,2,0,1,0,0,0,38,32,2,243,232,255,0,0,127,113,92,252,106,252,113,252,120,252,127,252,134,252,0,0,0,0,0,0,5,0,252,244,1,2,1,42,90,0,1,1,73,132,253,74,37,50,2,0,251,0,112,6,0,0,0,0,0,251,15,0,0,0,0,224,176,192,144,224,224,224,44,255,253,3,0,254,254,254,0,35,62,35,8,125,9,9,9,200,5,15,35,45,74,127,127,127,127,83,116,55,13,98,0,0,0,0,0,0,0,0,0,6,6,6,4,7,4,16,17,2,2,2,2,0,1,0,0,0,38,32,2,62,130,255,0,0,127,113,92,252,106,252,113,252,120,252,127,252,134,252,0,0,0,0,0,0,5,0,252,244
2026-08-04_08-19-29,1,16,0,0.0,0,0.0,-1,-1,1,2,1,42,90,0,1,1,73,132,253,74,37,50,2,0,251,0,112,6,0,0,0,0,0,251,15,0,0,0,0,224,176,192,144,224,224,224,44,255,253,3,0,254,254,254,0,35,62,35,8,125,9,9,9,200,5,15,35,45,74,127,127,127,127,83,116,55,13,98,0,0,0,0,0,0,0,0,0,6,6,6,4,7,4,16,17,2,2,2,2,0,1,0,0,0,38,32,2,62,130,255,0,0,127,113,92,252,106,252,113,252,120,252,127,252,134,252,0,0,0,0,0,0,5,0,252,244,1,2,1,42,94,0,1,1,73,132,253,74,37,50,8,0,251,0,224,6,0,0,0,0,0,251,15,0,0,0,0,224,176,192,144,224,224,224,44,255,253,3,0,254,254,254,0,44,71,44,80,8,9,9,9,96,5,15,35,45,74,127,127,127,127,83,116,55,13,98,0,0,0,0,0,0,0,0,0,6,6,6,5,8,5,9,18,2,2,2,2,0,1,0,0,0,38,32,2,232,40,255,0,0,127,113,92,252,106,252,113,252,120,252,127,252,134,252,0,0,0,0,0,0,5,0,252,244
2026-08-04_08-19-29,1,17,3,0.0,0,0.0,-1,-1,1,2,1,42,94,0,1,1,73,132,253,74,37,50,8,0,251,0,224,6,0,0,0,0,0,251,15,0,0,0,0,224,176,192,144,224,224,224,44,255,253,3,0,254,254,254,0,44,71,44,80,8,9,9,9,96,5,15,35,45,74,127,127,127,127,83,116,55,13,98,0,0,0,0,0,0,0,0,0,6,6,6,5,8,5,9,18,2,2,2,2,0,1,0,0,0,38,32,2,232,40,255,0,0,127,113,92,252,106,252,113,252,120,252,127,252,134,252,0,0,0,0,0,0,5,0,252,244,1,2,1,42,98,0,1,1,73,144,253,74,37,50,8,0,251,1,160,8,0,0,0,0,0,251,15,0,0,0,0,224,176,192,144,224,224,224,44,255,253,3,0,254,254,254,0,44,71,44,80,8,9,9,9,248,5,15,35,45,74,127,127,127,127,83,116,55,13,98,0,0,0,0,0,0,0,0,0,6,6,6,5,8,5,9,18,2,2,2,2,0,1,0,0,0,38,32,2,130,135,255,0,0,127,113,92,252,106,252,113,252,120,252,127,252,134,252,0,0,0,0,0,0,5,12,252,244
2026-08-04_08-19-29,1,18,3,0.0,0,0.0,-1,-1,1,2,1,42,98,0,1,1,73,144,253,74,37,50,8,0,251,1,160,8,0,0,0,0,0,251,15,0,0,0,0,224,176,192,144,224,224,224,44,255,253,3,0,254,254,254,0,44,71,44,80,8,9,9,9,248,5,15,35,45,74,127,127,127,127,83,116,55,13,98,0,0,0,0,0,0,0,0,0,6,6,6,5,8,5,9,18,2,2,2,2,0,1,0,0,0,38,32,2,130,135,255,0,0,127,113,92,252,106,252,113,252,120,252,127,252,134,252,0,0,0,0,0,0,5,12,252,244,1,2,1,42,102,0,1,1,73,132,253,74,37,50,8,0,251,2,96,10,0,0,0,0,0,251,15,0,0,0,0,224,176,192,160,224,224,224,44,255,253,3,0,254,254,254,0,53,80,53,89,116,9,9,9,144,5,15,35,45,73,127,127,127,127,83,116,55,12,98,0,0,0,0,0,0,0,0,0,6,6,6,6,9,6,10,15,2,2,2,2,0,1,0,0,0,38,32,2,40,112,255,0,0,127,113,92,252,106,252,113,252,120,252,127,252,134,252,0,0,0,0,0,0,5,0,252,244
2026-08-04_08-19-29,1,19,0,0.0,0,0.0,-1,-1,1,2,1,42,102,0,1,1,73,132,253,74,37,50,8,0,251,2,96,10,0,0,0,0,0,251,15,0,0,0,0,224,176,192,160,224,224,224,44,255,253,3,0,254,254,254,0,53,80,53,89,116,9,9,9,144,5,15,35,45,73,127,127,127,127,83,116,55,12,98,0,0,0,0,0,0,0,0,0,6,6,6,6,9,6,10,15,2,2,2,2,0,1,0,0,0,38,32,2,40,112,255,0,0,127,113,92,252,106,252,113,252,120,252,127,252,134,252,0,0,0,0,0,0,5,0,252,244,1,2,1,42,106,0,1,1,73,169,253,74,37,50,8,0,251,7,96,10,0,0,0,0,0,251,15,0,0,0,0,224,192,192,160,224,224,224,44,255,253,3,0,254,254,254,0,62,89,62,170,8,9,9,9,40,5,15,35,45,73,127,127,127,127,83,115,55,12,98,0,0,0,0,0,0,0,128,128,6,6,6,7,10,7,25,16,2,2,2,2,0,1,0,0,0,38,32,2,135,15,255,0,0,255,113,92,252,106,252,113,252,120,252,127,252,134,252,0,8,0,0,0,0,5,37,252,244
2026-08-04_08-19-29,1,20,0,50.0,0,50.0,-1,-1,1,2,1,42,106,0,1,1,73,169,253,74,37,50,8,0,251,7,96,10,0,0,0,0,0,251,15,0,0,0,0,224,192,192,160,224,224,224,44,255,253,3,0,254,254,254,0,62,89,62,170,8,9,9,9,40,5,15,35,45,73,127,127,127,127,83,115,55,12,98,0,0,0,0,0,0,0,128,128,6,6,6,7,10,7,25,16,2,2,2,2,0,1,0,0,0,38,32,2,135,15,255,0,0,255,113,92,252,106,252,113,252,120,252,127,252,134,252,0,8,0,0,0,0,5,37,252,244,1,2,1,42,110,0,1,1,73,169,253,74,37,50,8,0,251,11,96,10,0,0,0,0,0,251,15,0,0,0,0,224,192,192,224,224,224,224,44,255,253,3,254,254,254,254,0,62,89,62,8,9,9,9,9,196,5,15,35,73,127,127,127,127,127,83,115,55,98,0,0,0,0,0,0,0,0,0,6,6,6,6,7,10,7,16,2,2,2,2,2,1,1,0,0,80,40,32,2,112,241,255,0,0,255,0,92,252,92,252,92,252,92,252,57,252,22,252,0,8,12,0,0,0,4,37,252,244
2026-08-04_08-19-29,1,21,0,0.0,0,50.0,-1,-1,1,2,1,42,110,0,1,1,73,169,253,74,37,50,8,0,251,11,96,10,0,0,0,0,0,251,15,0,0,0,0,224,192,192,224,224,224,224,44,255,253,3,254,254,254,254,0,62,89,62,8,9,9,9,9,196,5,15,35,73,127,127,127,127,127,83,115,55,98,0,0,0,0,0,0,0,0,0,6,6,6,6,7,10,7,16,2,2,2,2,2,1,1,0,0,80,40,32,2,112,241,255,0,0,255,0,92,252,92,252,92,252,92,252,57,252,22,252,0,8,12,0,0,0,4,37,252,244,1,2,1,42,114,0,1,1,73,169,253,74,37,50,8,0,251,15,96,10,0,0,0,0,0,251,15,0,0,0,0,224,208,192,224,224,224,224,44,255,253,3,254,254,254,254,0,71,89,71,125,9,9,9,9,100,5,15,35,72,127,127,127,127,127,83,114,55,98,0,0,0,0,0,0,0,0,0,6,6,6,6,8,11,8,17,2,2,2,2,2,1,1,0,0,80,40,32,2,15,18,255,0,0,255,0,92,252,92,252,92,252,92,252,57,252,22,252,0,8,8,0,0,0,4,37,252,244
2026-08-04_08-19-29,1,22,0,0.0,0,50.0,-1,-1,1,2,1,42,114,0,1,1,73,169,253,74,37,50,8,0,251,15,96,10,0,0,0,0,0,251,15,0,0,0,0,224,208,192,224,224,224,224,44,255,253,3,254,254,254,254,0,71,89,71,125,9,9,9,9,100,5,15,35,72,127,127,127,127,127,83,114,55,98,0,0,0,0,0,0,0,0,0,6,6,6,6,8,11,8,17,2,2,2,2,2,1,1,0,0,80,40,32,2,15,18,255,0,0,255,0,92,252,92,252,92,252,92,252,57,252,22,252,0,8,8,0,0,0,4,37,252,244,1,2,1,42,118,0,1,1,73,169,253,74,37,50,8,0,251,19,96,10,0,0,0,0,0,251,15,0,0,0,0,224,224,192,224,224,224,224,44,255,253,3,254,254,254,254,0,8,80,8,8,9,9,9,9,4,5,15,35,72,127,127,127,127,127,83,113,55,98,0,0,0,0,0,0,0,0,0,6,6,6,6,1,9,1,18,2,2,2,2,2,1,1,0,0,80,40,32,2,241,34,255,0,0,255,0,92,252,92,252,92,252,92,252,57,252,22,252,0,8,4,0,0,0,4,37,252,244
2026-08-04_08-19-29,1,23,0,0.0,0,50.0,-1,-1,1,2,1,42,118,0,1,1,73,169,253,74,37,50,8,0,251,19,96,10,0,0,0,0,0,251,15,0,0,0,0,224,224,192,224,224,224,224,44,255,253,3,254,254,254,254,0,8,80,8,8,9,9,9,9,4,5,15,35,72,127,127,127,127,127,83,113,55,98,0,0,0,0,0,0,0,0,0,6,6,6,6,1,9,1,18,2,2,2,2,2,1,1,0,0,80,40,32,2,241,34,255,0,0,255,0,92,252,92,252,92,252,92,252,57,252,22,252,0,8,4,0,0,0,4,37,252,244,1,2,1,42,122,0,1,1,73,169,253,74,37,50,8,0,251,23,96,10,0,0,0,0,0,251,15,0,0,0,0,224,224,192,224,224,224,224,44,255,253,3,254,254,254,254,0,8,80,8,8,9,9,9,9,164,5,15,35,72,127,127,127,127,127,83,113,55,98,0,0,0,0,0,0,0,0,0,6,6,6,6,1,9,1,18,2,2,2,2,2,1,1,0,0,80,40,32,2,18,34,255,0,0,255,0,92,252,92,252,92,252,92,252,57,252,22,252,0,8,0,0,0,0,4,37,252,244
2026-08-04_08-19-29,1,24,0,0.0,0,50.0,-1,-1,1,2,1,42,122,0,1,1,73,169,253,74,37,50,8,0,251,23,96,10,0,0,0,0,0,251,15,0,0,0,0,224,224,192,224,224,224,224,44,255,253,3,254,254,254,254,0,8,80,8,8,9,9,9,9,164,5,15,35,72,127,127,127,127,127,83,113,55,98,0,0,0,0,0,0,0,0,0,6,6,6,6,1,9,1,18,2,2,2,2,2,1,1,0,0,80,40,32,2,18,34,255,0,0,255,0,92,252,92,252,92,252,92,252,57,252,22,252,0,8,0,0,0,0,4,37,252,244,1,2,1,42,126,0,1,1,73,169,253,74,37,50,8,0,251,27,96,10,0,0,0,0,0,251,15,0,0,0,0,224,240,192,224,224,224,224,44,255,253,3,254,254,254,254,0,17,89,17,116,9,9,9,9,68,5,15,35,71,127,127,127,127,127,83,112,55,98,0,0,0,0,0,0,0,0,0,6,6,6,6,2,10,2,15,2,2,2,2,2,1,1,0,0,80,40,32,2,34,38,255,0,0,255,0,92,252,92,252,92,252,92,252,57,252,22,252,0,8,0,0,0,0,4,37,252,244
2026-08-04_08-19-29,1,25,0,0.0,0,50.0,-1,-1,1,2,1,42,126,0,1,1,73,169,253,74,37,50,8,0,251,27,96,10,0,0,0,0,0,251,15,0,0,0,0,224,240,192,224,224,224,224,44,255,253,3,254,254,254,254,0,17,89,17,116,9,9,9,9,68,5,15,35,71,127,127,127,127,127,83,112,55,98,0,0,0,0,0,0,0,0,0,6,6,6,6,2,10,2,15,2,2,2,2,2,1,1,0,0,80,40,32,2,34,38,255,0,0,255,0,92,252,92,252,92,252,92,252,57,252,22,252,0,8,0,0,0,0,4,37,252,244,1,2,1,42,130,0,1,1,73,169,253,74,37,50,8,0,251,31,96,10,0,0,0,0,0,251,15,0,0,0,0,224,240,192,224,224,224,224,44,255,253,3,254,254,254,254,0,17,89,17,116,9,9,9,9,228,5,15,35,71,127,127,127,127,127,83,112,55,98,0,0,0,0,0,0,0,0,0,6,6,6,6,2,10,2,15,2,2,2,2,2,1,1,0,0,80,40,32,2,34,108,255,0,0,255,0,92,252,92,252,92,252,92,252,57,252,22,252,0,8,0,0,0,0,4,37,252,244
2026-08-04_08-19-29,1,26,0,0.0,0,50.0,-1,-1,1,2,1,42,130,0,1,1,73,169,253,74,37,50,8,0,251,31,96,10,0,0,0,0,0,251,15,0,0,0,0,224,240,192,224,224,224,224,44,255,253,3,254,254,254,254,0,17,89,17,116,9,9,9,9,228,5,15,35,71,127,127,127,127,127,83,112,55,98,0,0,0,0,0,0,0,0,0,6,6,6,6,2,10,2,15,2,2,2,2,2,1,1,0,0,80,40,32,2,34,108,255,0,0,255,0,92,252,92,252,92,252,92,252,57,252,22,252,0,8,0,0,0,0,4,37,252,244,1,2,1,42,134,0,1,1,73,169,253,74,37,50,8,0,251,35,96,10,0,0,0,0,0,251,15,0,0,0,0,224,0,192,224,224,224,224,44,255,253,3,254,254,254,254,0,26,89,26,8,9,9,9,9,132,5,15,35,71,127,127,127,127,127,83,111,55,98,0,0,0,0,0,0,0,0,0,6,6,6,6,3,11,3,16,2,2,2,2,2,1,1,0,0,80,40,32,2,38,204,255,0,0,255,0,92,252,92,252,92,252,92,252,57,252,22,252,0,8,0,0,0,0,4,37,252,244
2026-08-04_08-19-29,1,27,0,0.0,0,50.0,-1,-1,1,2,1,42,134,0,1,1,73,169,253,74,37,50,8,0,251,35,96,10,0,0,0,0,0,251,15,0,0,0,0,224,0,192,224,224,224,224,44,255,253,3,254,254,254,254,0,26,89,26,8,9,9,9,9,132,5,15,35,71,127,127,127,127,127,83,111,55,98,0,0,0,0,0,0,0,0,0,6,6,6,6,3,11,3,16,2,2,2,2,2,1,1,0,0,80,40,32,2,38,204,255,0,0,255,0,92,252,92,252,92,252,92,252,57,252,22,252,0,8,0,0,0,0,4,37,252,244,1,2,1,42,138,0,1,1,73,169,253,74,37,50,8,0,251,39,96,10,0,0,0,0,0,251,15,0,0,0,0,224,16,192,224,224,224,224,44,255,253,3,254,254,254,254,0,35,80,35,125,9,9,9,9,36,5,15,35,70,127,127,127,127,127,83,110,55,98,0,0,0,0,0,0,0,0,0,6,6,6,6,4,9,4,17,2,2,2,2,2,1,1,0,0,80,40,32,2,108,205,255,0,0,255,0,92,252,92,252,92,252,92,252,57,252,22,252,0,8,0,0,0,0,4,37,252,244
2026-08-04_08-19-29,1,28,0,0.0,0,50.0,-1,-1,1,2,1,42,138,0,1,1,73,169,253,74,37,50,8,0,251,39,96,10,0,0,0,0,0,251,15,0,0,0,0,224,16,192,224,224,224,224,44,255,253,3,254,254,254,254,0,35,80,35,125,9,9,9,9,36,5,15,35,70,127,127,127,127,127,83,110,55,98,0,0,0,0,0,0,0,0,0,6,6,6,6,4,9,4,17,2,2,2,2,2,1,1,0,0,80,40,32,2,108,205,255,0,0,255,0,92,252,92,252,92,252,92,252,57,252,22,252,0,8,0,0,0,0,4,37,252,244,1,2,1,42,142,0,1,1,73,169,253,74,37,50,8,0,251,43,96,10,0,0,0,0,0,251,15,0,0,0,0,224,16,192,224,224,224,224,44,255,253,3,254,254,254,254,0,35,80,35,125,9,9,9,9,196,5,15,35,70,127,127,127,127,127,83,110,55,98,0,0,0,0,0,0,0,0,0,6,6,6,6,4,9,4,17,2,2,2,2,2,1,1,0,0,80,40,32,2,204,214,255,0,0,255,0,92,252,92,252,92,252,92,252,57,252,22,252,0,8,0,0,0,0,4,37,252,244
2026-08-04_08-19-29,1,29,0,0.0,0,50.0,-1,-1,1,2,1,42,142,0,1,1,73,169,253,74,37,50,8,0,251,43,96,10,0,0,0,0,0,251,15,0,0,0,0,224,16,192,224,224,224,224,44,255,253,3,254,254,254,254,0,35,80,35,125,9,9,9,9,196,5,15,35,70,127,127,127,127,127,83,110,55,98,0,0,0,0,0,0,0,0,0,6,6,6,6,4,9,4,17,2,2,2,2,2,1,1,0,0,80,40,32,2,204,214,255,0,0,255,0,92,252,92,252,92,252,92,252,57,252,22,252,0,8,0,0,0,0,4,37,252,244,1,2,1,42,146,0,1,1,73,169,253,74,37,50,8,0,251,47,96,10,0,0,0,0,0,251,15,0,0,0,0,224,32,192,224,224,224,224,44,255,253,3,254,254,254,254,0,44,89,44,8,9,9,9,9,100,5,15,35,70,127,127,127,127,127,83,109,55,98,0,0,0,0,0,0,0,0,0,6,6,6,6,5,10,5,18,2,2,2,2,2,1,1,0,0,80,40,32,2,205,106,255,0,0,255,0,92,252,92,252,92,252,92,252,57,252,22,252,0,8,0,0,0,0,4,37,252,244
2026-08-04_08-19-29,1,30,0,0.0,0,50.0,-1,-1,1,2,1,42,146,0,1,1,73,169,253,74,37,50,8,0,251,47,96,10,0,0,0,0,0,251,15,0,0,0,0,224,32,192,224,224,224,224,44,255,253,3,254,254,254,254,0,44,89,44,8,9,9,9,9,100,5,15,35,70,127,127,127,127,127,83,109,55,98,0,0,0,0,0,0,0,0,0,6,6,6,6,5,10,5,18,2,2,2,2,2,1,1,0,0,80,40,32,2,205,106,255,0,0,255,0,92,252,92,252,92,252,92,252,57,252,22,252,0,8,0,0,0,0,4,37,252,244,1,2,1,42,150,0,1,1,73,169,253,74,37,50,8,0,251,51,96,10,0,0,0,0,0,251,15,0,0,0,0,224,48,192,224,224,224,224,44,255,253,3,254,254,254,254,0,53,89,53,116,9,9,9,9,4,5,15,35,69,127,127,127,127,127,83,108,55,98,0,0,0,0,0,0,0,0,0,6,6,6,6,6,11,6,15,2,2,2,2,2,1,1,0,0,80,40,32,2,214,170,255,0,0,255,0,92,252,92,252,92,252,92,252,57,252,22,252,0,8,0,0,0,0,4,37,252,244
2026-08-04_08-19-29,1,31,0,0.0,0,50.0,-1,-1,1,2,1,42,150,0,1,1,73,169,253,74,37,50,8,0,251,51,96,10,0,0,0,0,0,251,15,0,0,0,0,224,48,192,224,224,224,224,44,255,253,3,254,254,254,254,0,53,89,53,116,9,9,9,9,4,5,15,35,69,127,127,127,127,127,83,108,55,98,0,0,0,0,0,0,0,0,0,6,6,6,6,6,11,6,15,2,2,2,2,2,1,1,0,0,80,40,32,2,214,170,255,0,0,255,0,92,252,92,252,92,252,92,252,57,252,22,252,0,8,0,0,0,0,4,37,252,244,1,2,1,42,154,0,1,1,73,169,253,74,37,50,8,0,251,55,96,10,0,0,0,0,0,251,15,0,0,0,0,224,48,192,224,224,224,224,44,255,253,3,254,254,254,254,0,53,89,53,116,9,9,9,9,164,5,15,35,69,127,127,127,127,127,83,108,55,98,0,0,0,0,0,0,0,0,0,6,6,6,6,6,11,6,15,2,2,2,2,2,1,1,0,0,80,40,32,2,106,175,255,0,0,255,0,92,252,92,252,92,252,92,252,57,252,22,252,0,8,0,0,0,0,4,37,252,244
2026-08-04_08-19-29,1,32,0,0.0,0,50.0,-1,-1,1,2,1,42,154,0,1,1,73,169,253,74,37,50,8,0,251,55,96,10,0,0,0,0,0,251,15,0,0,0,0,224,48,192,224,224,224,224,44,255,253,3,254,254,254,254,0,53,89,53,116,9,9,9,9,164,5,15,35,69,127,127,127,127,127,83,108,55,98,0,0,0,0,0,0,0,0,0,6,6,6,6,6,11,6,15,2,2,2,2,2,1,1,0,0,80,40,32,2,106,175,255,0,0,255,0,92,252,92,252,92,252,92,252,57,252,22,252,0,8,0,0,0,0,4,37,252,244,1,2,1,42,158,0,1,1,73,169,253,74,37,50,8,0,251,59,96,10,0,0,0,0,0,251,15,0,0,0,0,224,64,192,224,224,224,224,44,255,253,3,254,254,254,254,0,62,80,62,8,9,9,9,9,68,5,15,35,69,127,127,127,127,127,83,107,55,98,0,0,0,0,0,0,0,0,0,6,6,6,6,7,9,7,16,2,2,2,2,2,1,1,0,0,80,40,32,2,170,247,255,0,0,255,0,92,252,92,252,92,252,92,252,57,252,22,252,0,8,0,0,0,0,4,37,252,244
2026-08-04_08-19-29,1,33,0,0.0,0,50.0,-1,-1,1,2,1,42,158,0,1,1,73,169,253,74,37,50,8,0,251,59,96,10,0,0,0,0,0,251,15,0,0,0,0,224,64,192,224,224,224,224,44,255,253,3,254,254,254,254,0,62,80,62,8,9,9,9,9,68,5,15,35,69,127,127,127,127,127,83,107,55,98,0,0,0,0,0,0,0,0,0,6,6,6,6,7,9,7,16,2,2,2,2,2,1,1,0,0,80,40,32,2,170,247,255,0,0,255,0,92,252,92,252,92,252,92,252,57,252,22,252,0,8,0,0,0,0,4,37,252,244,1,2,1,42,162,0,1,1,73,169,253,74,37,50,8,0,251,63,96,10,0,0,0,0,0,251,15,0,0,0,0,224,64,192,224,224,224,224,44,255,253,3,254,254,254,254,0,62,80,62,8,9,9,9,9,228,5,15,35,69,127,127,127,127,127,83,107,55,98,0,0,0,0,0,0,0,0,0,6,6,6,6,7,9,7,16,2,2,2,2,2,1,1,0,0,80,40,32,2,175,127,255,0,0,255,0,92,252,92,252,92,252,92,252,57,252,22,252,0,8,0,0,0,0,4,37,252,244
2026-08-04_08-19-29,1,34,0,0.0,0,50.0,-1,-1,1,2,1,42,162,0,1,1,73,169,253,74,37,50,8,0,251,63,96,10,0,0,0,0,0,251,15,0,0,0,0,224,64,192,224,224,224,224,44,255,253,3,254,254,254,254,0,62,80,62,8,9,9,9,9,228,5,15,35,69,127,127,127,127,127,83,107,55,98,0,0,0,0,0,0,0,0,0,6,6,6,6,7,9,7,16,2,2,2,2,2,1,1,0,0,80,40,32,2,175,127,255,0,0,255,0,92,252,92,252,92,252,92,252,57,252,22,252,0,8,0,0,0,0,4,37,252,244,1,2,1,42,166,0,1,1,73,169,253,74,37,50,8,0,251,67,96,10,0,0,0,0,0,251,15,0,0,0,0,224,80,192,224,224,224,224,44,255,253,3,254,254,254,254,0,71,89,71,125,9,9,9,9,132,5,15,35,68,127,127,127,127,127,83,106,55,98,0,0,0,0,0,0,0,0,0,6,6,6,6,8,10,8,17,2,2,2,2,2,1,1,0,0,80,40,32,2,247,254,255,0,0,255,0,92,252,92,252,92,252,92,252,57,252,22,252,0,8,0,0,0,0,4,37,252,244
2026-08-04_08-19-29,1,35,0,0.0,0,50.0,-1,-1,1,2,1,42,166,0,1,1,73,169,253,74,37,50,8,0,251,67,96,10,0,0,0,0,0,251,15,0,0,0,0,224,80,192,224,224,224,224,44,255,253,3,254,254,254,254,0,71,89,71,125,9,9,9,9,132,5,15,35,68,127,127,127,127,127,83,106,55,98,0,0,0,0,0,0,0,0,0,6,6,6,6,8,10,8,17,2,2,2,2,2,1,1,0,0,80,40,32,2,247,254,255,0,0,255,0,92,252,92,252,92,252,92,252,57,252,22,252,0,8,0,0,0,0,4,37,252,244,1,2,1,42,170,0,1,1,73,169,253,74,37,50,8,0,251,71,96,10,0,0,0,0,0,251,15,0,0,0,0,224,96,192,224,224,224,224,44,255,253,3,254,254,254,254,0,8,89,8,8,9,9,9,9,36,5,15,35,68,127,127,127,127,127,83,105,55,98,0,0,0,0,0,0,0,0,0,6,6,6,6,1,11,1,18,2,2,2,2,2,1,1,0,0,80,40,32,2,127,227,255,0,0,255,0,92,252,92,252,92,252,92,252,57,252,22,252,0,8,0,0,0,0,4,37,252,244
2026-08-04_08-19-29,1,36,0,0.0,0,50.0,-1,-1,1,2,1,42,170,0,1,1,73,169,253,74,37,50,8,0,251,71,96,10,0,0,0,0,0,251,15,0,0,0,0,224,96,192,224,224,224,224,44,255,253,3,254,254,254,254,0,8,89,8,8,9,9,9,9,36,5,15,35,68,127,127,127,127,127,83,105,55,98,0,0,0,0,0,0,0,0,0,6,6,6,6,1,11,1,18,2,2,2,2,2,1,1,0,0,80,40,32,2,127,227,255,0,0,255,0,92,252,92,252,92,252,92,252,57,252,22,252,0,8,0,0,0,0,4,37,252,244,1,2,1,42,174,0,1,1,73,169,253,74,37,50,8,0,251,75,96,10,0,0,0,0,0,251,15,0,0,0,0,224,96,192,224,224,224,224,44,255,253,3,254,254,254,254,0,8,89,8,8,9,9,9,9,196,5,15,35,68,127,127,127,127,127,83,105,55,98,0,0,0,0,0,0,0,0,0,6,6,6,6,1,11,1,18,2,2,2,2,2,1,1,0,0,80,40,32,2,254,48,255,0,0,255,0,92,252,92,252,92,252,92,252,57,252,22,252,0,8,0,0,0,0,4,37,252,244
2026-08-04_08-19-29,1,37,0,0.0,0,50.0,-1,-1,1,2,1,42,174,0,1,1,73,169,253,74,37,50,8,0,251,75,96,10,0,0,0,0,0,251,15,0,0,0,0,224,96,192,224,224,224,224,44,255,253,3,254,254,254,254,0,8,89,8,8,9,9,9,9,196,5,15,35,68,127,127,127,127,127,83,105,55,98,0,0,0,0,0,0,0,0,0,6,6,6,6,1,11,1,18,2,2,2,2,2,1,1,0,0,80,40,32,2,254,48,255,0,0,255,0,92,252,92,252,92,252,92,252,57,252,22,252,0,8,0,0,0,0,4,37,252,244,1,2,1,42,178,0,1,1,73,169,253,74,37,50,8,0,251,79,96,10,0,0,0,0,0,251,15,0,0,0,0,224,112,192,224,224,224,224,44,255,253,3,254,254,254,254,0,17,80,17,116,9,9,9,9,100,5,15,35,67,127,127,127,127,127,83,104,55,98,0,0,0,0,0,0,0,0,0,6,6,6,6,2,9,2,15,2,2,2,2,2,1,1,0,0,80,40,32,2,227,0,255,0,0,255,0,92,252,92,252,92,252,92,252,57,252,22,252,0,8,0,0,0,0,4,37,252,244
2026-08-04_08-19-29,1,38,0,0.0,0,50.0,-1,-1,1,2,1,42,178,0,1,1,73,169,253,74,37,50,8,0,251,79,96,10,0,0,0,0,0,251,15,0,0,0,0,224,112,192,224,224,224,224,44,255,253,3,254,254,254,254,0,17,80,17,116,9,9,9,9,100,5,15,35,67,127,127,127,127,127,83,104,55,98,0,0,0,0,0,0,0,0,0,6,6,6,6,2,9,2,15,2,2,2,2,2,1,1,0,0,80,40,32,2,227,0,255,0,0,255,0,92,252,92,252,92,252,92,252,57,252,22,252,0,8,0,0,0,0,4,37,252,244,1,2,1,42,182,0,1,1,73,169,253,74,37,50,8,0,251,83,96,10,0,0,0,0,0,251,15,0,0,0,0,224,144,192,224,224,224,224,44,255,254,3,254,254,254,254,0,26,89,26,8,9,9,9,9,4,5,15,35,67,127,127,127,127,127,83,103,55,98,0,0,0,0,0,0,0,0,0,6,6,6,6,3,10,3,16,2,2,2,2,2,1,1,0,0,80,40,32,2,48,4,255,0,0,255,0,92,252,92,252,92,252,92,252,57,252,22,252,0,8,0,0,0,0,4,37,252,244
2026-08-04_08-19-29,1,39,0,0.0,0,50.0,-1,-1,1,2,1,42,182,0,1,1,73,169,253,74,37,50,8,0,251,83,96,10,0,0,0,0,0,251,15,0,0,0,0,224,144,192,224,224,224,224,44,255,254,3,254,254,254,254,0,26,89,26,8,9,9,9,9,4,5,15,35,67,127,127,127,127,127,83,103,55,98,0,0,0,0,0,0,0,0,0,6,6,6,6,3,10,3,16,2,2,2,2,2,1,1,0,0,80,40,32,2,48,4,255,0,0,255,0,92,252,92,252,92,252,92,252,57,252,22,252,0,8,0,0,0,0,4,37,252,244,1,2,1,42,186,0,1,1,73,169,253,74,37,50,8,0,251,87,96,10,0,0,0,0,0,251,15,0,0,0,0,224,144,192,224,224,224,224,44,255,254,3,254,254,254,254,0,26,89,26,8,9,9,9,9,164,5,15,35,67,127,127,127,127,127,83,103,55,98,0,0,0,0,0,0,0,0,0,6,6,6,6,3,10,3,16,2,2,2,2,2,1,1,0,0,80,40,32,2,0,74,255,0,0,255,0,92,252,92,252,92,252,92,252,57,252,22,252,0,8,0,0,0,0,4,37,252,244
2026-08-04_08-19-29,1,40,0,0.0,0,50.0,-1,-1,1,2,1,42,186,0,1,1,73,169,253,74,37,50,8,0,251,87,96,10,0,0,0,0,0,251,15,0,0,0,0,224,144,192,224,224,224,224,44,255,254,3,254,254,254,254,0,26,89,26,8,9,9,9,9,164,5,15,35,67,127,127,127,127,127,83,103,55,98,0,0,0,0,0,0,0,0,0,6,6,6,6,3,10,3,16,2,2,2,2,2,1,1,0,0,80,40,32,2,0,74,255,0,0,255,0,92,252,92,252,92,252,92,252,57,252,22,252,0,8,0,0,0,0,4,37,252,244,1,2,1,42,190,0,1,1,73,169,253,74,37,50,8,0,251,91,96,10,0,0,0,0,0,251,15,0,0,0,0,224,160,192,224,224,224,224,44,255,254,3,254,254,254,254,0,35,89,35,125,9,9,9,9,68,5,15,35,66,127,127,127,127,127,83,102,55,98,0,0,0,0,0,0,0,0,0,6,6,6,6,4,11,4,17,2,2,2,2,2,1,1,0,0,80,40,32,2,4,160,255,0,0,255,0,92,252,92,252,92,252,92,252,57,252,22,252,0,8,0,0,0,0,4,37,252,244
2026-08-04_08-19-29,1,41,0,0.0,0,50.0,-1,-1,1,2,1,42,190,0,1,1,73,169,253,74,37,50,8,0,251,91,96,10,0,0,0,0,0,251,15,0,0,0,0,224,160,192,224,224,224,224,44,255,254,3,254,254,254,254,0,35,89,35,125,9,9,9,9,68,5,15,35,66,127,127,127,127,127,83,102,55,98,0,0,0,0,0,0,0,0,0,6,6,6,6,4,11,4,17,2,2,2,2,2,1,1,0,0,80,40,32,2,4,160,255,0,0,255,0,92,252,92,252,92,252,92,252,57,252,22,252,0,8,0,0,0,0,4,37,252,244,1,2,1,42,194,0,1,1,73,169,253,74,37,50,8,0,251,95,96,10,0,0,0,0,0,251,15,0,0,0,0,224,160,192,224,224,224,224,44,255,254,3,254,254,254,254,0,35,89,35,125,9,9,9,9,228,5,15,35,66,127,127,127,127,127,83,102,55,98,0,0,0,0,0,0,0,0,0,6,6,6,6,4,11,4,17,2,2,2,2,2,1,1,0,0,80,40,32,2,74,1,255,0,0,255,0,92,252,92,252,92,252,92,252,57,252,22,252,0,8,0,0,0,0,4,37,252,244
2026-08-04_08-19-29,1,42,0,0.0,0,50.0,-1,-1,1,2,1,42,194,0,1,1,73,169,253,74,37,50,8,0,251,95,96,10,0,0,0,0,0,251,15,0,0,0,0,224,160,192,224,224,224,224,44,255,254,3,254,254,254,254,0,35,89,35,125,9,9,9,9,228,5,15,35,66,127,127,127,127,127,83,102,55,98,0,0,0,0,0,0,0,0,0,6,6,6,6,4,11,4,17,2,2,2,2,2,1,1,0,0,80,40,32,2,74,1,255,0,0,255,0,92,252,92,252,92,252,92,252,57,252,22,252,0,8,0,0,0,0,4,37,252,244,1,2,1,42,198,0,1,1,73,169,253,74,37,50,8,0,251,99,96,10,0,0,0,0,0,251,15,0,0,0,0,224,176,192,224,224,224,224,44,255,254,3,254,254,254,254,0,44,80,44,8,9,9,9,9,132,5,15,35,66,127,127,127,127,127,83,101,55,98,0,0,0,0,0,0,0,0,0,6,6,6,6,5,9,5,18,2,2,2,2,2,1,1,0,0,80,40,32,2,160,27,255,0,0,255,0,92,252,92,252,92,252,92,252,57,252,22,252,0,8,0,0,0,0,4,37,252,244
2026-08-04_08-19-29,1,43,0,0.0,0,50.0,-1,-1,1,2,1,42,198,0,1,1,73,169,253,74,37,50,8,0,251,99,96,10,0,0,0,0,0,251,15,0,0,0,0,224,176,192,224,224,224,224,44,255,254,3,254,254,254,254,0,44,80,44,8,9,9,9,9,132,5,15,35,66,127,127,127,127,127,83,101,55,98,0,0,0,0,0,0,0,0,0,6,6,6,6,5,9,5,18,2,2,2,2,2,1,1,0,0,80,40,32,2,160,27,255,0,0,255,0,92,252,92,252,92,252,92,252,57,252,22,252,0,8,0,0,0,0,4,37,252,244,1,2,1,42,202,0,1,1,73,169,253,74,37,50,8,0,251,103,96,10,0,0,0,0,0,251,15,0,0,0,0,224,192,192,224,224,224,224,44,255,254,3,254,254,254,254,0,53,89,53,116,9,9,9,9,36,5,15,35,65,127,127,127,127,127,83,100,55,98,0,0,0,0,0,0,0,0,0,6,6,6,6,6,10,6,15,2,2,2,2,2,1,1,0,0,80,40,32,2,1,188,255,0,0,255,0,92,252,92,252,92,252,92,252,57,252,22,252,0,8,0,0,0,0,4,37,252,244
2026-08-04_08-19-29,1,44,0,0.0,0,50.0,-1,-1,1,2,1,42,202,0,1,1,73,169,253,74,37,50,8,0,251,103,96,10,0,0,0,0,0,251,15,0,0,0,0,224,192,192,224,224,224,224,44,255,254,3,254,254,254,254,0,53,89,53,116,9,9,9,9,36,5,15,35,65,127,127,127,127,127,83,100,55,98,0,0,0,0,0,0,0,0,0,6,6,6,6,6,10,6,15,2,2,2,2,2,1,1,0,0,80,40,32,2,1,188,255,0,0,255,0,92,252,92,252,92,252,92,252,57,252,22,252,0,8,0,0,0,0,4,37,252,244,1,2,1,42,206,0,1,1,73,169,253,74,37,50,8,0,251,107,96,10,0,0,0,0,0,251,15,0,0,0,0,224,192,192,224,224,224,224,44,255,254,3,254,254,254,254,0,53,89,53,116,9,9,9,9,196,5,15,35,65,127,127,127,127,127,83,100,55,98,0,0,0,0,0,0,0,0,0,6,6,6,6,6,10,6,15,2,2,2,2,2,1,1,0,0,80,40,32,2,27,192,255,0,0,255,0,92,252,92,252,92,252,92,252,57,252,22,252,0,8,0,0,0,0,4,37,252,244
2026-08-04_08-19-29,1,45,0,0.0,0,50.0,-1,-1,1,2,1,42,206,0,1,1,73,169,253,74,37,50,8,0,251,107,96,10,0,0,0,0,0,251,15,0,0,0,0,224,192,192,224,224,224,224,44,255,254,3,254,254,254,254,0,53,89,53,116,9,9,9,9,196,5,15,35,65,127,127,127,127,127,83,100,55,98,0,0,0,0,0,0,0,0,0,6,6,6,6,6,10,6,15,2,2,2,2,2,1,1,0,0,80,40,32,2,27,192,255,0,0,255,0,92,252,92,252,92,252,92,252,57,252,22,252,0,8,0,0,0,0,4,37,252,244,1,2,1,42,210,0,1,1,73,169,253,74,37,50,8,0,251,111,96,10,0,0,0,0,0,251,15,0,0,0,0,224,208,192,224,224,224,224,44,255,254,3,254,254,254,254,0,62,89,62,8,9,9,9,9,100,5,15,35,65,127,127,127,127,127,83,99,55,98,0,0,0,0,0,0,0,0,0,6,6,6,6,7,11,7,16,2,2,2,2,2,1,1,0,0,80,40,32,2,188,5,255,0,0,255,0,92,252,92,252,92,252,92,252,57,252,22,252,0,8,0,0,0,0,4,37,252,244
2026-08-04_08-19-29,1,46,0,0.0,0,50.0,-1,-1,1,2,1,42,210,0,1,1,73,169,253,74,37,50,8,0,251,111,96,10,0,0,0,0,0,251,15,0,0,0,0,224,208,192,224,224,224,224,44,255,254,3,254,254,254,254,0,62,89,62,8,9,9,9,9,100,5,15,35,65,127,127,127,127,127,83,99,55,98,0,0,0,0,0,0,0,0,0,6,6,6,6,7,11,7,16,2,2,2,2,2,1,1,0,0,80,40,32,2,188,5,255,0,0,255,0,92,252,92,252,92,252,92,252,57,252,22,252,0,8,0,0,0,0,4,37,252,244,1,2,1,42,214,0,1,1,73,169,253,74,37,50,8,0,251,115,96,10,0,0,0,0,0,251,15,0,0,0,0,224,224,192,224,224,224,224,44,255,254,3,254,254,254,254,0,71,80,71,125,9,9,9,9,4,5,15,35,64,127,127,127,127,127,83,98,55,98,0,0,0,0,0,0,0,0,0,6,6,6,6,8,9,8,17,2,2,2,2,2,1,1,0,0,80,40,32,2,192,88,255,0,0,255,0,92,252,92,252,92,252,92,252,57,252,22,252,0,8,0,0,0,0,4,37,252,244
2026-08-04_08-19-29,1,47,0,0.0,0,50.0,-1,-1,1,2,1,42,214,0,1,1,73,169,253,74,37,50,8,0,251,115,96,10,0,0,0,0,0,251,15,0,0,0,0,224,224,192,224,224,224,224,44,255,254,3,254,254,254,254,0,71,80,71,125,9,9,9,9,4,5,15,35,64,127,127,127,127,127,83,98,55,98,0,0,0,0,0,0,0,0,0,6,6,6,6,8,9,8,17,2,2,2,2,2,1,1,0,0,80,40,32,2,192,88,255,0,0,255,0,92,252,92,252,92,252,92,252,57,252,22,252,0,8,0,0,0,0,4,37,252,244,1,2,1,42,218,0,1,1,73,169,253,74,37,50,8,0,251,119,96,10,0,0,0,0,0,251,15,0,0,0,0,224,224,192,224,224,224,224,44,255,254,3,254,254,254,254,0,71,80,71,125,9,9,9,9,164,5,15,35,64,127,127,127,127,127,83,98,55,98,0,0,0,0,0,0,0,0,0,6,6,6,6,8,9,8,17,2,2,2,2,2,1,1,0,0,80,40,32,2,5,136,255,0,0,255,0,92,252,92,252,92,252,92,252,57,252,22,252,0,8,0,0,0,0,4,37,252,244
2026-08-04_08-19-29,1,48,3,0.0,0,50.0,-1,-1,1,2,1,42,218,0,1,1,73,169,253,74,37,50,8,0,251,119,96,10,0,0,0,0,0,251,15,0,0,0,0,224,224,192,224,224,224,224,44,255,254,3,254,254,254,254,0,71,80,71,125,9,9,9,9,164,5,15,35,64,127,127,127,127,127,83,98,55,98,0,0,0,0,0,0,0,0,0,6,6,6,6,8,9,8,17,2,2,2,2,2,1,1,0,0,80,40,32,2,5,136,255,0,0,255,0,92,252,92,252,92,252,92,252,57,252,22,252,0,8,0,0,0,0,4,37,252,244,1,2,1,42,222,0,1,1,73,169,253,74,37,50,8,0,251,123,96,10,0,0,0,0,0,251,15,0,0,0,0,224,240,192,224,224,224,224,44,255,254,3,254,254,254,254,0,8,152,8,8,9,9,9,9,68,5,15,35,64,127,127,127,127,127,83,97,55,98,0,0,0,0,0,0,0,0,0,6,6,6,6,1,23,1,18,2,2,2,2,2,1,1,0,0,80,40,32,2,88,129,255,0,0,255,0,92,252,92,252,92,252,92,252,57,252,22,252,0,8,0,0,0,0,4,37,252,244
2026-08-04_08-19-29,1,49,3,50.0,0,100.0,-1,-1,1,2,1,42,222,0,1,1,73,169,253,74,37,50,8,0,251,123,96,10,0,0,0,0,0,251,15,0,0,0,0,224,240,192,224,224,224,224,44,255,254,3,254,254,254,254,0,8,152,8,8,9,9,9,9,68,5,15,35,64,127,127,127,127,127,83,97,55,98,0,0,0,0,0,0,0,0,0,6,6,6,6,1,23,1,18,2,2,2,2,2,1,1,0,0,80,40,32,2,88,129,255,0,0,255,0,92,252,92,252,92,252,92,252,57,252,22,252,0,8,0,0,0,0,4,37,252,244,1,2,1,42,226,0,1,1,73,169,253,74,37,50,8,0,251,127,96,10,0,0,0,0,0,251,15,0,0,0,0,224,192,224,224,224,224,224,44,255,3,254,254,254,254,254,0,8,8,8,9,9,9,9,9,228,5,35,64,127,127,127,127,127,127,83,55,98,0,0,0,0,0,0,0,0,0,6,6,6,6,6,1,1,18,2,2,2,2,2,2,2,1,0,1,0,42,32,2,136,29,255,0,0,255,0,92,252,92,252,92,252,92,252,57,252,22,252,0,8,14,0,0,0,3,37,252,244
2026-08-04_08-19-29,1,50,3,0.0,0,100.0,-1,-1,1,2,1,42,226,0,1,1,73,169,253,74,37,50,8,0,251,127,96,10,0,0,0,0,0,251,15,0,0,0,0,224,192,224,224,224,224,224,44,255,3,254,254,254,254,254,0,8,8,8,9,9,9,9,9,228,5,35,64,127,127,127,127,127,127,83,55,98,0,0,0,0,0,0,0,0,0,6,6,6,6,6,1,1,18,2,2,2,2,2,2,2,1,0,1,0,42,32,2,136,29,255,0,0,255,0,92,252,92,252,92,252,92,252,57,252,22,252,0,8,14,0,0,0,3,37,252,244,1,2,1,42,230,0,1,1,73,169,253,74,37,50,8,0,251,131,96,10,0,0,0,0,0,251,15,0,0,0,0,224,192,224,224,224,224,224,44,255,3,254,254,254,254,254,0,17,17,116,9,9,9,9,9,140,5,35,63,127,127,127,127,127,127,83,55,98,0,0,0,0,0,0,0,0,0,6,6,6,6,6,2,2,15,2,2,2,2,2,2,2,1,0,1,0,42,32,2,129,211,255,0,0,255,28,92,252,92,252,92,252,29,252,22,252,22,252,0,8,10,0,0,0,3,37,252,244
2026-08-04_08-19-29,1,51,0,0.0,0,100.0,-1,-1,1,2,1,42,230,0,1,1,73,169,253,74,37,50,8,0,251,131,96,10,0,0,0,0,0,251,15,0,0,0,0,224,192,224,224,224,224,224,44,255,3,254,254,254,254,254,0,17,17,116,9,9,9,9,9,140,5,35,63,127,127,127,127,127,127,83,55,98,0,0,0,0,0,0,0,0,0,6,6,6,6,6,2,2,15,2,2,2,2,2,2,2,1,0,1,0,42,32,2,129,211,255,0,0,255,28,92,252,92,252,92,252,29,252,22,252,22,252,0,8,10,0,0,0,3,37,252,244,1,255,1,42,3,0,1,1,73,106,253,127,63,76,8,0,251,0,96,10,0,0,0,0,0,251,15,0,0,0,0,224,192,224,224,224,224,224,3,255,3,254,254,254,254,254,0,17,17,116,9,9,9,9,9,182,127,35,63,127,127,127,127,127,127,83,55,98,0,0,0,0,0,0,0,0,0,6,6,6,85,6,2,2,15,2,2,2,2,2,1,2,2,0,1,0,40,32,2,3,166,255,3,0,255,0,92,252,92,252,92,252,92,252,92,252,99,252,0,0,9,0,0,0,3,0,252,244
2026-08-04_08-19-29,1,52,0,0.0,0,100.0,-1,-1,1,255,1,42,3,0,1,1,73,106,253,127,63,76,8,0,251,0,96,10,0,0,0,0,0,251,15,0,0,0,0,224,192,224,224,224,224,224,3,255,3,254,254,254,254,254,0,17,17,116,9,9,9,9,9,182,127,35,63,127,127,127,127,127,127,83,55,98,0,0,0,0,0,0,0,0,0,6,6,6,85,6,2,2,15,2,2,2,2,2,1,2,2,0,1,0,40,32,2,3,166,255,3,0,255,0,92,252,92,252,92,252,92,252,92,252,99,252,0,0,9,0,0,0,3,0,252,244,1,255,1,42,7,0,1,1,73,106,253,127,63,76,8,0,251,0,96,10,0,0,0,0,0,251,15,0,0,0,0,224,192,224,224,224,224,224,7,255,3,254,254,254,254,254,0,17,17,116,9,9,9,9,9,182,127,35,63,127,127,127,127,127,127,83,55,98,0,0,0,0,0,0,0,0,0,6,6,6,81,6,2,2,15,2,2,2,2,2,1,2,2,0,1,0,40,32,2,3,166,255,3,0,255,0,92,252,92,252,92,252,92,252,92,252,99,252,0,0,9,0,0,0,3,0,252,244
2026-08-04_08-19-29,1,53,0,0.0,0,100.0,-1,-1,1,255,1,42,7,0,1,1,73,106,253,127,63,76,8,0,251,0,96,10,0,0,0,0,0,251,15,0,0,0,0,224,192,224,224,224,224,224,7,255,3,254,254,254,254,254,0,17,17,116,9,9,9,9,9,182,127,35,63,127,127,127,127,127,127,83,55,98,0,0,0,0,0,0,0,0,0,6,6,6,81,6,2,2,15,2,2,2,2,2,1,2,2,0,1,0,40,32,2,3,166,255,3,0,255,0,92,252,92,252,92,252,92,252,92,252,99,252,0,0,9,0,0,0,3,0,252,244,1,255,1,42,11,0,1,1,73,106,253,127,63,76,8,0,251,0,96,10,0,0,0,0,0,251,15,0,0,0,0,224,192,224,224,224,224,224,11,255,3,254,254,254,254,254,0,17,17,116,9,9,9,9,9,182,127,35,63,127,127,127,127,127,127,83,55,98,0,0,0,0,0,0,0,0,0,6,6,6,77,6,2,2,15,2,2,2,2,2,1,2,2,0,1,0,40,32,2,3,166,255,3,0,255,0,92,252,92,252,92,252,92,252,92,252,99,252,0,0,9,0,0,0,3,0,252,244
2026-08-04_08-19-29,1,54,0,0.0,0,100.0,-1,-1,1,255,1,42,11,0,1,1,73,106,253,127,63,76,8,0,251,0,96,10,0,0,0,0,0,251,15,0,0,0,0,224,192,224,224,224,224,224,11,255,3,254,254,254,254,254,0,17,17,116,9,9,9,9,9,182,127,35,63,127,127,127,127,127,127,83,55,98,0,0,0,0,0,0,0,0,0,6,6,6,77,6,2,2,15,2,2,2,2,2,1,2,2,0,1,0,40,32,2,3,166,255,3,0,255,0,92,252,92,252,92,252,92,252,92,252,99,252,0,0,9,0,0,0,3,0,252,244,1,255,1,42,15,0,1,1,73,106,253,127,63,76,8,0,251,0,96,10,0,0,0,0,0,251,15,0,0,0,0,224,192,224,224,224,224,224,15,255,3,254,254,254,254,254,0,17,17,116,9,9,9,9,9,182,127,35,63,127,127,127,127,127,127,83,55,98,0,0,0,0,0,0,0,0,0,6,6,6,73,6,2,2,15,2,2,2,2,2,1,2,2,0,1,0,40,32,2,3,166,255,3,0,255,0,92,252,92,252,92,252,92,252,92,252,99,252,0,0,9,0,0,0,3,0,252,244
2026-08-04_08-19-29,1,55,0,0.0,0,100.0,-1,-1,1,255,1,42,15,0,1,1,73,106,253,127,63,76,8,0,251,0,96,10,0,0,0,0,0,251,15,0,0,0,0,224,192,224,224,224,224,224,15,255,3,254,254,254,254,254,0,17,17,116,9,9,9,9,9,182,127,35,63,127,127,127,127,127,127,83,55,98,0,0,0,0,0,0,0,0,0,6,6,6,73,6,2,2,15,2,2,2,2,2,1,2,2,0,1,0,40,32,2,3,166,255,3,0,255,0,92,252,92,252,92,252,92,252,92,252,99,252,0,0,9,0,0,0,3,0,252,244,1,255,1,42,19,0,1,1,73,106,253,127,63,76,8,0,251,0,96,10,0,0,0,0,0,251,15,0,0,0,0,224,192,224,224,224,224,224,19,255,3,254,254,254,254,254,0,17,17,116,9,9,9,9,9,182,127,35,63,127,127,127,127,127,127,83,55,98,0,0,0,0,0,0,0,0,0,6,6,6,69,6,2,2,15,2,2,2,2,2,1,2,2,0,1,0,40,32,2,3,166,255,3,0,255,0,92,252,92,252,92,252,92,252,92,252,99,252,0,0,9,0,0,0,3,0,252,244
2026-08-04_08-19-29,1,56,0,0.0,0,100.0,-1,-1,1,255,1,42,19,0,1,1,73,106,253,127,63,76,8,0,251,0,96,10,0,0,0,0,0,251,15,0,0,0,0,224,192,224,224,224,224,224,19,255,3,254,254,254,254,254,0,17,17,116,9,9,9,9,9,182,127,35,63,127,127,127,127,127,127,83,55,98,0,0,0,0,0,0,0,0,0,6,6,6,69,6,2,2,15,2,2,2,2,2,1,2,2,0,1,0,40,32,2,3,166,255,3,0,255,0,92,252,92,252,92,252,92,252,92,252,99,252,0,0,9,0,0,0,3,0,252,244,1,255,1,42,23,0,1,1,73,106,253,127,63,76,8,0,251,0,96,10,0,0,0,0,0,251,15,0,0,0,0,224,192,224,224,224,224,224,23,255,3,254,254,254,254,254,0,17,17,116,9,9,9,9,9,182,127,35,63,127,127,127,127,127,127,83,55,98,0,0,0,0,0,0,0,0,0,6,6,6,65,6,2,2,15,2,2,2,2,2,1,2,2,0,1,0,40,32,2,3,166,255,3,0,255,0,92,252,92,252,92,252,92,252,92,252,99,252,0,0,9,0,0,0,3,0,252,244
2026-08-04_08-19-29,1,57,0,0.0,0,100.0,-1,-1,1,255,1,42,23,0,1,1,73,106,253,127,63,76,8,0,251,0,96,10,0,0,0,0,0,251,15,0,0,0,0,224,192,224,224,224,224,224,23,255,3,254,254,254,254,254,0,17,17,116,9,9,9,9,9,182,127,35,63,127,127,127,127,127,127,83,55,98,0,0,0,0,0,0,0,0,0,6,6,6,65,6,2,2,15,2,2,2,2,2,1,2,2,0,1,0,40,32,2,3,166,255,3,0,255,0,92,252,92,252,92,252,92,252,92,252,99,252,0,0,9,0,0,0,3,0,252,244,1,255,1,42,27,0,1,1,73,106,253,127,63,76,8,0,251,0,96,10,0,0,0,0,0,251,15,0,0,0,0,224,192,224,224,224,224,224,27,255,3,254,254,254,254,254,0,17,17,116,9,9,9,9,9,182,127,35,63,127,127,127,127,127,127,83,55,98,0,0,0,0,0,0,0,0,0,6,6,6,61,6,2,2,15,2,2,2,2,2,1,2,2,0,1,0,40,32,2,3,166,255,3,0,255,0,92,252,92,252,92,252,92,252,92,252,99,252,0,0,9,0,0,0,3,0,252,244
2026-08-04_08-19-29,1,58,0,0.0,0,100.0,-1,-1,1,255,1,42,27,0,1,1,73,106,253,127,63,76,8,0,251,0,96,10,0,0,0,0,0,251,15,0,0,0,0,224,192,224,224,224,224,224,27,255,3,254,254,254,254,254,0,17,17,116,9,9,9,9,9,182,127,35,63,127,127,127,127,127,127,83,55,98,0,0,0,0,0,0,0,0,0,6,6,6,61,6,2,2,15,2,2,2,2,2,1,2,2,0,1,0,40,32,2,3,166,255,3,0,255,0,92,252,92,252,92,252,92,252,92,252,99,252,0,0,9,0,0,0,3,0,252,244,1,255,1,42,31,0,1,1,73,106,253,127,63,76,8,0,251,0,96,10,0,0,0,0,0,251,15,0,0,0,0,224,192,224,224,224,224,224,31,255,3,254,254,254,254,254,0,17,17,116,9,9,9,9,9,182,127,35,63,127,127,127,127,127,127,83,55,98,0,0,0,0,0,0,0,0,0,6,6,6,57,6,2,2,15,2,2,2,2,2,1,2,2,0,1,0,40,32,2,3,166,255,3,0,255,0,92,252,92,252,92,252,92,252,92,252,99,252,0,0,9,0,0,0,3,0,252,244
2026-08-04_08-19-29,1,59,0,0.0,0,100.0,-1,-1,1,255,1,42,31,0,1,1,73,106,253,127,63,76,8,0,251,0,96,10,0,0,0,0,0,251,15,0,0,0,0,224,192,224,224,224,224,224,31,255,3,254,254,254,254,254,0,17,17,116,9,9,9,9,9,182,127,35,63,127,127,127,127,127,127,83,55,98,0,0,0,0,0,0,0,0,0,6,6,6,57,6,2,2,15,2,2,2,2,2,1,2,2,0,1,0,40,32,2,3,166,255,3,0,255,0,92,252,92,252,92,252,92,252,92,252,99,252,0,0,9,0,0,0,3,0,252,244,1,255,1,42,35,0,1,1,73,106,253,127,63,76,8,0,251,0,96,10,0,0,0,0,0,251,15,0,0,0,0,224,192,224,224,224,224,224,35,255,3,254,254,254,254,254,0,17,17,116,9,9,9,9,9,182,127,35,63,127,127,127,127,127,127,83,55,98,0,0,0,0,0,0,0,0,0,6,6,6,53,6,2,2,15,2,2,2,2,2,1,2,2,0,1,0,40,32,2,3,166,255,3,0,255,0,92,252,92,252,92,252,92,252,92,252,99,252,0,0,9,0,0,0,3,0,252,244
2026-08-04_08-19-29,1,60,0,0.0,0,100.0,-1,-1,1,255,1,42,35,0,1,1,73,106,253,127,63,76,8,0,251,0,96,10,0,0,0,0,0,251,15,0,0,0,0,224,192,224,224,224,224,224,35,255,3,254,254,254,254,254,0,17,17,116,9,9,9,9,9,182,127,35,63,127,127,127,127,127,127,83,55,98,0,0,0,0,0,0,0,0,0,6,6,6,53,6,2,2,15,2,2,2,2,2,1,2,2,0,1,0,40,32,2,3,166,255,3,0,255,0,92,252,92,252,92,252,92,252,92,252,99,252,0,0,9,0,0,0,3,0,252,244,1,255,1,42,39,0,1,1,73,106,253,127,63,76,8,0,251,0,96,10,0,0,0,0,0,251,15,0,0,0,0,224,192,224,224,224,224,224,39,255,3,254,254,254,254,254,0,17,17,116,9,9,9,9,9,182,127,35,63,127,127,127,127,127,127,83,55,98,0,0,0,0,0,0,0,0,0,6,6,6,49,6,2,2,15,2,2,2,2,2,1,2,2,0,1,0,40,32,2,3,166,255,3,0,255,0,92,252,92,252,92,252,92,252,92,252,99,252,0,0,9,0,0,0,3,0,252,244
2026-08-04_08-19-29,1,61,0,0.0,0,100.0,-1,-1,1,255,1,42,39,0,1,1,73,106,253,127,63,76,8,0,251,0,96,10,0,0,0,0,0,251,15,0,0,0,0,224,192,224,224,224,224,224,39,255,3,254,254,254,254,254,0,17,17,116,9,9,9,9,9,182,127,35,63,127,127,127,127,127,127,83,55,98,0,0,0,0,0,0,0,0,0,6,6,6,49,6,2,2,15,2,2,2,2,2,1,2,2,0,1,0,40,32,2,3,166,255,3,0,255,0,92,252,92,252,92,252,92,252,92,252,99,252,0,0,9,0,0,0,3,0,252,244,1,255,1,42,43,0,1,1,73,106,253,127,63,76,8,0,251,0,96,10,0,0,0,0,0,251,15,0,0,0,0,224,192,224,224,224,224,224,43,255,3,254,254,254,254,254,0,17,17,116,9,9,9,9,9,182,127,35,63,127,127,127,127,127,127,83,55,98,0,0,0,0,0,0,0,0,0,6,6,6,45,6,2,2,15,2,2,2,2,2,1,2,2,0,1,0,40,32,2,3,166,255,3,0,255,0,92,252,92,252,92,252,92,252,92,252,99,252,0,0,9,0,0,0,3,0,252,244
2026-08-04_08-19-29,1,62,0,0.0,0,100.0,-1,-1,1,255,1,42,43,0,1,1,73,106,253,127,63,76,8,0,251,0,96,10,0,0,0,0,0,251,15,0,0,0,0,224,192,224,224,224,224,224,43,255,3,254,254,254,254,254,0,17,17,116,9,9,9,9,9,182,127,35,63,127,127,127,127,127,127,83,55,98,0,0,0,0,0,0,0,0,0,6,6,6,45,6,2,2,15,2,2,2,2,2,1,2,2,0,1,0,40,32,2,3,166,255,3,0,255,0,92,252,92,252,92,252,92,252,92,252,99,252,0,0,9,0,0,0,3,0,252,244,1,2,2,84,47,0,1,1,73,132,253,74,37,50,8,0,251,0,96,6,0,0,0,0,0,251,15,0,0,0,0,80,144,48,16,80,80,80,44,253,3,255,4,255,255,255,0,44,53,53,17,8,0,0,0,52,5,15,25,55,75,127,127,127,127,106,58,78,65,76,0,0,0,0,0,0,0,0,0,4,4,4,5,6,6,2,1,1,1,1,1,0,2,0,1,0,46,32,2,78,161,224,0,0,255,28,92,252,92,252,92,252,29,252,22,252,22,252,0,0,14,0,0,0,5,0,252,244
2026-08-04_08-19-29,1,63,0,0.0,0,100.0,-1,-1,1,2,2,84,47,0,1,1,73,132,253,74,37,50,8,0,251,0,96,6,0,0,0,0,0,251,15,0,0,0,0,80,144,48,16,80,80,80,44,253,3,255,4,255,255,255,0,44,53,53,17,8,0,0,0,52,5,15,25,55,75,127,127,127,127,106,58,78,65,76,0,0,0,0,0,0,0,0,0,4,4,4,5,6,6,2,1,1,1,1,1,0,2,0,1,0,46,32,2,78,161,224,0,0,255,28,92,252,92,252,92,252,29,252,22,252,22,252,0,0,14,0,0,0,5,0,252,244,1,2,2,84,51,0,1,1,73,132,253,74,37,50,8,0,251,0,96,6,0,0,0,0,0,251,15,0,0,0,0,80,144,48,16,80,80,80,44,253,3,255,4,255,255,255,0,44,53,53,17,8,0,0,0,236,5,15,25,55,75,127,127,127,127,106,58,78,65,76,0,0,0,0,0,0,0,0,0,4,4,4,5,6,6,2,1,1,1,1,1,0,2,0,1,0,46,32,2,234,26,254,0,0,255,28,92,252,92,252,92,252,29,252,22,252,22,252,0,0,10,0,0,0,5,0,252,244
2026-08-04_08-19-29,1,64,0,0.0,0,100.0,-1,-1,1,2,2,84,51,0,1,1,73,132,253,74,37,50,8,0,251,0,96,6,0,0,0,0,0,251,15,0,0,0,0,80,144,48,16,80,80,80,44,253,3,255,4,255,255,255,0,44,53,53,17,8,0,0,0,236,5,15,25,55,75,127,127,127,127,106,58,78,65,76,0,0,0,0,0,0,0,0,0,4,4,4,5,6,6,2,1,1,1,1,1,0,2,0,1,0,46,32,2,234,26,254,0,0,255,28,92,252,92,252,92,252,29,252,22,252,22,252,0,0,10,0,0,0,5,0,252,244,1,2,2,84,55,0,1,1,73,132,253,74,37,50,8,0,251,0,112,6,0,0,0,0,0,251,15,0,3,0,0,80,144,48,16,80,80,80,44,253,3,255,4,255,255,255,0,53,62,62,26,17,0,0,0,164,5,15,25,55,75,127,127,127,127,106,58,78,65,76,0,0,0,0,0,0,0,0,0,4,4,4,6,7,7,3,2,1,1,1,1,0,2,0,1,0,46,32,2,161,167,255,0,0,127,28,92,252,92,252,92,252,29,252,22,252,22,252,0,0,6,0,0,0,5,0,252,244
2026-08-04_08-19-29,1,65,0,0.0,0,100.0,-1,-1,1,2,2,84,55,0,1,1,73,132,253,74,37,50,8,0,251,0,112,6,0,0,0,0,0,251,15,0,3,0,0,80,144,48,16,80,80,80,44,253,3,255,4,255,255,255,0,53,62,62,26,17,0,0,0,164,5,15,25,55,75,127,127,127,127,106,58,78,65,76,0,0,0,0,0,0,0,0,0,4,4,4,6,7,7,3,2,1,1,1,1,0,2,0,1,0,46,32,2,161,167,255,0,0,127,28,92,252,92,252,92,252,29,252,22,252,22,252,0,0,6,0,0,0,5,0,252,244,1,2,2,84,59,0,1,1,73,132,253,74,37,50,8,0,251,0,112,6,0,0,0,0,0,251,15,0,7,0,0,80,144,48,16,80,80,80,44,253,3,255,4,255,255,255,0,62,71,71,35,26,0,0,0,92,5,15,25,55,75,127,127,127,127,106,58,78,65,76,0,0,0,0,0,0,0,0,0,4,4,4,7,8,8,4,3,1,1,1,1,0,2,0,1,0,46,32,2,26,124,255,0,0,127,28,92,252,92,252,92,252,29,252,22,252,22,252,0,0,2,0,0,0,5,0,252,244
2026-08-04_08-19-29,1,66,0,0.0,0,100.0,-1,-1,1,2,2,84,59,0,1,1,73,132,253,74,37,50,8,0,251,0,112,6,0,0,0,0,0,251,15,0,7,0,0,80,144,48,16,80,80,80,44,253,3,255,4,255,255,255,0,62,71,71,35,26,0,0,0,92,5,15,25,55,75,127,127,127,127,106,58,78,65,76,0,0,0,0,0,0,0,0,0,4,4,4,7,8,8,4,3,1,1,1,1,0,2,0,1,0,46,32,2,26,124,255,0,0,127,28,92,252,92,252,92,252,29,252,22,252,22,252,0,0,2,0,0,0,5,0,252,244,1,2,2,84,63,0,1,1,73,132,253,74,37,50,8,0,251,0,112,6,0,0,0,0,0,251,15,0,11,0,0,80,144,48,16,80,80,80,44,253,3,255,4,255,255,255,0,71,8,44,44,35,0,0,0,20,5,15,25,55,75,127,127,127,127,106,58,78,65,76,0,0,0,0,0,0,0,0,0,4,4,4,8,1,19,5,4,1,1,1,1,0,2,0,1,0,46,32,2,167,197,255,0,0,127,28,92,252,92,252,92,252,29,252,22,252,22,252,0,0,0,0,0,0,5,0,252,244
2026-08-04_08-19-29,1,67,0,0.0,0,100.0,-1,-1,1,2,2,84,63,0,1,1,73,132,253,74,37,50,8,0,251,0,112,6,0,0,0,0,0,251,15,0,11,0,0,80,144,48,16,80,80,80,44,253,3,255,4,255,255,255,0,71,8,44,44,35,0,0,0,20,5,15,25,55,75,127,127,127,127,106,58,78,65,76,0,0,0,0,0,0,0,0,0,4,4,4,8,1,19,5,4,1,1,1,1,0,2,0,1,0,46,32,2,167,197,255,0,0,127,28,92,252,92,252,92,252,29,252,22,252,22,252,0,0,0,0,0,0,5,0,252,244,1,2,2,84,67,0,1,1,73,132,253,74,37,50,8,0,251,0,112,6,0,0,0,0,0,251,15,0,15,0,0,80,144,48,16,80,80,80,44,253,3,255,4,255,255,255,0,71,8,44,44,35,0,0,0,204,5,15,25,55,75,127,127,127,127,106,58,78,65,76,0,0,0,0,0,0,0,0,0,4,4,4,8,1,19,5,4,1,1,1,1,0,2,0,1,0,46,32,2,124,93,255,0,0,127,28,92,252,92,252,92,252,29,252,22,252,22,252,0,0,0,0,0,0,5,0,252,244
2026-08-04_08-19-29,1,68,0,0.0,0,100.0,-1,-1,1,2,2,84,67,0,1,1,73,132,253,74,37,50,8,0,251,0,112,6,0,0,0,0,0,251,15,0,15,0,0,80,144,48,16,80,80,80,44,253,3,255,4,255,255,255,0,71,8,44,44,35,0,0,0,204,5,15,25,55,75,127,127,127,127,106,58,78,65,76,0,0,0,0,0,0,0,0,0,4,4,4,8,1,19,5,4,1,1,1,1,0,2,0,1,0,46,32,2,124,93,255,0,0,127,28,92,252,92,252,92,252,29,252,22,252,22,252,0,0,0,0,0,0,5,0,252,244,1,2,2,84,71,0,1,1,73,132,253,74,37,50,8,0,251,0,112,6,0,0,0,0,0,251,15,0,19,0,0,80,144,48,16,80,80,80,44,253,3,255,4,255,255,255,0,8,17,143,53,44,0,0,0,132,5,15,25,55,75,127,127,127,127,106,58,78,65,76,0,0,0,0,0,0,0,0,0,4,4,4,1,2,20,6,5,1,1,1,1,0,2,0,1,0,46,32,2,197,208,255,0,0,127,28,92,252,92,252,92,252,29,252,22,252,22,252,0,0,0,0,0,0,5,0,252,244
2026-08-04_08-19-29,1,69,0,0.0,0,100.0,-1,-1,1,2,2,84,71,0,1,1,73,132,253,74,37,50,8,0,251,0,112,6,0,0,0,0,0,251,15,0,19,0,0,80,144,48,16,80,80,80,44,253,3,255,4,255,255,255,0,8,17,143,53,44,0,0,0,132,5,15,25,55,75,127,127,127,127,106,58,78,65,76,0,0,0,0,0,0,0,0,0,4,4,4,1,2,20,6,5,1,1,1,1,0,2,0,1,0,46,32,2,197,208,255,0,0,127,28,92,252,92,252,92,252,29,252,22,252,22,252,0,0,0,0,0,0,5,0,252,244,1,2,2,84,75,0,1,1,73,132,253,74,37,50,8,0,251,0,112,6,0,0,0,0,0,251,15,0,23,0,0,80,144,48,16,80,80,80,44,253,3,255,4,255,255,255,0,17,26,44,62,53,0,0,0,60,5,15,26,55,75,127,127,127,127,106,58,78,65,76,0,0,0,0,0,0,0,0,0,4,4,4,2,3,21,7,6,1,1,1,1,0,2,0,1,0,46,32,2,93,9,255,0,0,127,28,92,252,92,252,92,252,29,252,22,252,22,252,0,0,0,0,0,0,5,0,252,244
2026-08-04_08-19-29,1,70,0,0.0,0,100.0,-1,-1,1,2,2,84,75,0,1,1,73,132,253,74,37,50,8,0,251,0,112,6,0,0,0,0,0,251,15,0,23,0,0,80,144,48,16,80,80,80,44,253,3,255,4,255,255,255,0,17,26,44,62,53,0,0,0,60,5,15,26,55,75,127,127,127,127,106,58,78,65,76,0,0,0,0,0,0,0,0,0,4,4,4,2,3,21,7,6,1,1,1,1,0,2,0,1,0,46,32,2,93,9,255,0,0,127,28,92,252,92,252,92,252,29,252,22,252,22,252,0,0,0,0,0,0,5,0,252,244,1,2,2,84,79,0,1,1,73,132,253,74,37,50,8,0,251,0,112,6,0,0,0,0,0,251,15,0,27,0,0,80,144,48,16,80,80,80,44,253,3,255,4,255,255,255,0,17,26,44,62,53,0,0,0,244,5,15,26,55,75,127,127,127,127,106,58,78,65,76,0,0,0,0,0,0,0,0,0,4,4,4,2,3,21,7,6,1,1,1,1,0,2,0,1,0,46,32,2,208,156,255,0,0,127,28,92,252,92,252,92,252,29,252,22,252,22,252,0,0,0,0,0,0,5,0,252,244
2026-08-04_08-19-29,1,71,0,0.0,0,100.0,-1,-1,1,2,2,84,79,0,1,1,73,132,253,74,37,50,8,0,251,0,112,6,0,0,0,0,0,251,15,0,27,0,0,80,144,48,16,80,80,80,44,253,3,255,4,255,255,255,0,17,26,44,62,53,0,0,0,244,5,15,26,55,75,127,127,127,127,106,58,78,65,76,0,0,0,0,0,0,0,0,0,4,4,4,2,3,21,7,6,1,1,1,1,0,2,0,1,0,46,32,2,208,156,255,0,0,127,28,92,252,92,252,92,252,29,252,22,252,22,252,0,0,0,0,0,0,5,0,252,244,1,2,2,84,83,0,1,1,73,132,253,74,37,50,8,0,251,0,112,6,0,0,0,0,0,251,15,0,31,0,0,80,144,48,16,80,80,80,44,253,3,255,4,255,255,255,0,26,35,134,71,62,0,0,0,172,5,15,26,55,75,127,127,127,127,106,58,78,65,76,0,0,0,0,0,0,0,0,0,4,4,4,3,4,22,8,7,1,1,1,1,0,2,0,1,0,46,32,2,9,206,255,0,0,127,28,92,252,92,252,92,252,29,252,22,252,22,252,0,0,0,0,0,0,5,0,252,244
2026-08-04_08-19-29,1,72,0,0.0,0,100.0,-1,-1,1,2,2,84,83,0,1,1,73,132,253,74,37,50,8,0,251,0,112,6,0,0,0,0,0,251,15,0,31,0,0,80,144,48,16,80,80,80,44,253,3,255,4,255,255,255,0,26,35,134,71,62,0,0,0,172,5,15,26,55,75,127,127,127,127,106,58,78,65,76,0,0,0,0,0,0,0,0,0,4,4,4,3,4,22,8,7,1,1,1,1,0,2,0,1,0,46,32,2,9,206,255,0,0,127,28,92,252,92,252,92,252,29,252,22,252,22,252,0,0,0,0,0,0,5,0,252,244,1,2,2,84,87,0,1,1,73,132,253,74,37,50,8,0,251,0,112,6,0,0,0,0,0,251,15,0,35,0,0,80,144,48,16,80,80,80,44,253,3,255,4,255,255,255,0,35,44,44,8,71,0,0,0,100,5,15,27,55,75,127,127,127,127,106,58,78,65,76,0,0,0,0,0,0,0,0,0,4,4,4,4,5,19,1,8,1,1,1,1,0,2,0,1,0,46,32,2,156,227,255,0,0,127,28,92,252,92,252,92,252,29,252,22,252,22,252,0,0,0,0,0,0,5,0,252,244
2026-08-04_08-19-29,1,73,0,0.0,0,100.0,-1,-1,1,2,2,84,87,0,1,1,73,132,253,74,37,50,8,0,251,0,112,6,0,0,0,0,0,251,15,0,35,0,0,80,144,48,16,80,80,80,44,253,3,255,4,255,255,255,0,35,44,44,8,71,0,0,0,100,5,15,27,55,75,127,127,127,127,106,58,78,65,76,0,0,0,0,0,0,0,0,0,4,4,4,4,5,19,1,8,1,1,1,1,0,2,0,1,0,46,32,2,156,227,255,0,0,127,28,92,252,92,252,92,252,29,252,22,252,22,252,0,0,0,0,0,0,5,0,252,244,1,2,2,84,91,0,1,1,73,132,253,74,37,50,8,0,251,0,112,6,0,0,0,0,0,251,15,0,39,0,0,80,144,48,16,80,80,80,44,253,3,255,4,255,255,255,0,44,53,143,17,8,0,0,0,28,5,15,27,55,75,127,127,127,127,106,58,78,65,76,0,0,0,0,0,0,0,0,0,4,4,4,5,6,20,2,1,1,1,1,1,0,2,0,1,0,46,32,2,206,52,255,0,0,127,28,92,252,92,252,92,252,29,252,22,252,22,252,0,0,0,0,0,0,5,0,252,244
2026-08-04_08-19-29,1,74,0,0.0,0,100.0,-1,-1,1,2,2,84,91,0,1,1,73,132,253,74,37,50,8,0,251,0,112,6,0,0,0,0,0,251,15,0,39,0,0,80,144,48,16,80,80,80,44,253,3,255,4,255,255,255,0,44,53,143,17,8,0,0,0,28,5,15,27,55,75,127,127,127,127,106,58,78,65,76,0,0,0,0,0,0,0,0,0,4,4,4,5,6,20,2,1,1,1,1,1,0,2,0,1,0,46,32,2,206,52,255,0,0,127,28,92,252,92,252,92,252,29,252,22,252,22,252,0,0,0,0,0,0,5,0,252,244,1,2,2,84,95,0,1,1,73,132,253,74,37,50,8,0,251,0,224,6,0,0,0,0,0,251,15,0,43,0,0,80,144,48,16,80,80,80,44,253,3,255,4,255,255,255,0,44,53,143,17,8,0,0,0,212,5,15,27,55,75,127,127,127,127,106,58,78,65,76,0,0,0,0,0,0,0,0,0,4,4,4,5,6,20,2,1,1,1,1,1,0,2,0,1,0,46,32,2,227,74,255,0,0,127,28,92,252,92,252,92,252,29,252,22,252,22,252,0,0,0,0,0,0,5,0,252,244
2026-08-04_08-19-29,1,75,3,0.0,0,100.0,-1,-1,1,2,2,84,95,0,1,1,73,132,253,74,37,50,8,0,251,0,224,6,0,0,0,0,0,251,15,0,43,0,0,80,144,48,16,80,80,80,44,253,3,255,4,255,255,255,0,44,53,143,17,8,0,0,0,212,5,15,27,55,75,127,127,127,127,106,58,78,65,76,0,0,0,0,0,0,0,0,0,4,4,4,5,6,20,2,1,1,1,1,1,0,2,0,1,0,46,32,2,227,74,255,0,0,127,28,92,252,92,252,92,252,29,252,22,252,22,252,0,0,0,0,0,0,5,0,252,244,1,2,2,84,99,0,1,1,73,144,253,74,37,50,8,0,251,1,160,8,0,0,0,0,0,251,15,0,47,0,0,80,144,48,16,80,80,80,44,253,3,255,4,255,255,255,0,53,62,44,26,17,0,0,0,140,5,15,28,55,75,127,127,127,127,106,58,78,65,76,0,0,0,0,0,0,0,0,0,4,4,4,6,7,21,3,2,1,1,1,1,0,2,0,1,0,46,32,2,52,164,255,0,0,127,28,92,252,92,252,92,252,29,252,22,252,22,252,0,0,0,0,0,0,5,12,252,244
2026-08-04_08-19-29,1,76,3,0.0,0,100.0,-1,-1,1,2,2,84,99,0,1,1,73,144,253,74,37,50,8,0,251,1,160,8,0,0,0,0,0,251,15,0,47,0,0,80,144,48,16,80,80,80,44,253,3,255,4,255,255,255,0,53,62,44,26,17,0,0,0,140,5,15,28,55,75,127,127,127,127,106,58,78,65,76,0,0,0,0,0,0,0,0,0,4,4,4,6,7,21,3,2,1,1,1,1,0,2,0,1,0,46,32,2,52,164,255,0,0,127,28,92,252,92,252,92,252,29,252,22,252,22,252,0,0,0,0,0,0,5,12,252,244,1,2,2,84,103,0,1,1,73,132,253,74,37,50,8,0,251,2,96,10,0,0,0,0,0,251,15,0,51,0,0,80,144,48,16,80,80,80,44,253,3,255,4,255,255,255,0,62,71,134,35,26,0,0,0,68,5,15,28,55,75,127,127,127,127,106,58,78,65,76,0,0,0,0,0,0,0,0,0,4,4,4,7,8,22,4,3,1,1,1,1,0,2,0,1,0,46,32,2,74,75,255,0,0,127,28,92,252,92,252,92,252,29,252,22,252,22,252,0,0,0,0,0,0,5,0,252,244
2026-08-04_08-19-29,1,77,0,0.0,0,100.0,-1,-1,1,2,2,84,103,0,1,1,73,132,253,74,37,50,8,0,251,2,96,10,0,0,0,0,0,251,15,0,51,0,0,80,144,48,16,80,80,80,44,253,3,255,4,255,255,255,0,62,71,134,35,26,0,0,0,68,5,15,28,55,75,127,127,127,127,106,58,78,65,76,0,0,0,0,0,0,0,0,0,4,4,4,7,8,22,4,3,1,1,1,1,0,2,0,1,0,46,32,2,74,75,255,0,0,127,28,92,252,92,252,92,252,29,252,22,252,22,252,0,0,0,0,0,0,5,0,252,244,1,2,2,84,107,0,1,1,73,132,253,74,37,50,8,0,251,0,112,10,0,0,0,0,0,251,15,0,55,0,0,80,144,48,16,80,80,80,44,253,3,255,4,255,255,255,0,62,71,134,35,26,0,0,0,252,5,15,28,55,75,127,127,127,127,106,58,78,65,76,0,0,0,0,0,0,0,0,0,4,4,4,7,8,22,4,3,1,1,1,1,0,2,0,1,0,46,32,2,164,187,255,0,0,127,28,92,252,92,252,92,252,29,252,22,252,22,252,0,0,0,0,0,0,5,0,252,244
2026-08-04_08-19-29,1,78,0,0.0,0,100.0,-1,-1,1,2,2,84,107,0,1,1,73,132,253,74,37,50,8,0,251,0,112,10,0,0,0,0,0,251,15,0,55,0,0,80,144,48,16,80,80,80,44,253,3,255,4,255,255,255,0,62,71,134,35,26,0,0,0,252,5,15,28,55,75,127,127,127,127,106,58,78,65,76,0,0,0,0,0,0,0,0,0,4,4,4,7,8,22,4,3,1,1,1,1,0,2,0,1,0,46,32,2,164,187,255,0,0,127,28,92,252,92,252,92,252,29,252,22,252,22,252,0,0,0,0,0,0,5,0,252,244,1,2,2,84,111,0,1,1,73,132,253,74,37,50,8,0,251,0,112,10,0,0,0,0,0,251,15,0,59,0,0,80,144,48,16,80,80,80,44,253,3,255,4,255,255,255,0,71,8,44,44,35,0,0,0,180,5,15,29,55,75,127,127,127,127,106,58,78,65,76,0,0,0,0,0,0,0,0,0,4,4,4,8,1,19,5,4,1,1,1,1,0,2,0,1,0,46,32,2,75,189,255,0,0,127,28,92,252,92,252,92,252,29,252,22,252,22,252,0,0,0,0,0,0,5,0,252,244
2026-08-04_08-19-29,1,79,0,0.0,0,100.0,-1,-1,1,2,2,84,111,0,1,1,73,132,253,74,37,50,8,0,251,0,112,10,0,0,0,0,0,251,15,0,59,0,0,80,144,48,16,80,80,80,44,253,3,255,4,255,255,255,0,71,8,44,44,35,0,0,0,180,5,15,29,55,75,127,127,127,127,106,58,78,65,76,0,0,0,0,0,0,0,0,0,4,4,4,8,1,19,5,4,1,1,1,1,0,2,0,1,0,46,32,2,75,189,255,0,0,127,28,92,252,92,252,92,252,29,252,22,252,22,252,0,0,0,0,0,0,5,0,252,244,1,2,2,84,115,0,1,1,73,132,253,74,37,50,8,0,251,0,224,10,0,0,0,0,0,251,15,0,63,0,0,80,144,48,16,80,80,80,44,253,3,255,4,255,255,255,0,8,17,143,53,44,0,0,0,108,5,15,29,55,75,127,127,127,127,106,58,78,65,76,0,0,0,0,0,0,0,0,0,4,4,4,1,2,20,6,5,1,1,1,1,0,2,0,1,0,46,32,2,187,219,255,0,0,127,28,92,252,92,252,92,252,29,252,22,252,22,252,0,0,0,0,0,0,5,0,252,244
2026-08-04_08-19-29,1,80,3,0.0,0,100.0,-1,-1,1,2,2,84,115,0,1,1,73,132,253,74,37,50,8,0,251,0,224,10,0,0,0,0,0,251,15,0,63,0,0,80,144,48,16,80,80,80,44,253,3,255,4,255,255,255,0,8,17,143,53,44,0,0,0,108,5,15,29,55,75,127,127,127,127,106,58,78,65,76,0,0,0,0,0,0,0,0,0,4,4,4,1,2,20,6,5,1,1,1,1,0,2,0,1,0,46,32,2,187,219,255,0,0,127,28,92,252,92,252,92,252,29,252,22,252,22,252,0,0,0,0,0,0,5,0,252,244,1,2,2,84,119,0,1,1,73,144,253,74,37,50,8,0,251,1,160,12,0,0,0,0,0,251,15,0,67,0,0,80,144,48,16,80,80,80,44,253,3,255,4,255,255,255,0,17,26,44,62,53,0,0,0,36,5,15,30,55,75,127,127,127,127,106,58,78,65,76,0,0,0,0,0,0,0,0,0,4,4,4,2,3,21,7,6,1,1,1,1,0,2,0,1,0,46,32,2,189,185,255,0,0,127,28,92,252,92,252,92,252,29,252,22,252,22,252,0,0,0,0,0,0,5,12,252,244
2026-08-04_08-19-29,1,81,3,0.0,0,100.0,-1,-1,1,2,2,84,119,0,1,1,73,144,253,74,37,50,8,0,251,1,160,12,0,0,0,0,0,251,15,0,67,0,0,80,144,48,16,80,80,80,44,253,3,255,4,255,255,255,0,17,26,44,62,53,0,0,0,36,5,15,30,55,75,127,127,127,127,106,58,78,65,76,0,0,0,0,0,0,0,0,0,4,4,4,2,3,21,7,6,1,1,1,1,0,2,0,1,0,46,32,2,189,185,255,0,0,127,28,92,252,92,252,92,252,29,252,22,252,22,252,0,0,0,0,0,0,5,12,252,244,1,2,2,84,123,0,1,1,73,132,253,74,37,50,8,0,251,2,96,14,0,0,0,0,0,251,15,0,71,0,0,80,144,48,16,80,80,80,44,253,3,255,4,255,255,255,0,17,26,44,62,53,0,0,0,220,5,15,30,55,75,127,127,127,127,106,58,78,65,76,0,0,0,0,0,0,0,0,0,4,4,4,2,3,21,7,6,1,1,1,1,0,2,0,1,0,46,32,2,219,152,255,0,0,127,28,92,252,92,252,92,252,29,252,22,252,22,252,0,0,0,0,0,0,5,0,252,244
2026-08-04_08-19-29,1,82,3,0.0,0,100.0,-1,-1,1,2,2,84,123,0,1,1,73,132,253,74,37,50,8,0,251,2,96,14,0,0,0,0,0,251,15,0,71,0,0,80,144,48,16,80,80,80,44,253,3,255,4,255,255,255,0,17,26,44,62,53,0,0,0,220,5,15,30,55,75,127,127,127,127,106,58,78,65,76,0,0,0,0,0,0,0,0,0,4,4,4,2,3,21,7,6,1,1,1,1,0,2,0,1,0,46,32,2,219,152,255,0,0,127,28,92,252,92,252,92,252,29,252,22,252,22,252,0,0,0,0,0,0,5,0,252,244,1,2,2,84,127,0,1,1,73,144,253,74,37,50,8,0,251,0,32,16,0,0,0,0,0,251,15,0,75,0,0,80,144,48,16,80,80,80,44,253,3,255,4,255,255,255,0,26,35,134,71,62,0,0,0,148,5,15,30,55,75,127,127,127,127,106,58,78,65,76,0,0,0,0,0,0,0,0,0,4,4,4,3,4,22,8,7,1,1,1,1,0,2,0,1,0,46,32,2,185,141,255,0,0,127,28,92,252,92,252,92,252,29,252,22,252,22,252,0,0,0,0,0,0,5,12,252,244
2026-08-04_08-19-29,1,83,3,0.0,0,100.0,-1,-1,1,2,2,84,127,0,1,1,73,144,253,74,37,50,8,0,251,0,32,16,0,0,0,0,0,251,15,0,75,0,0,80,144,48,16,80,80,80,44,253,3,255,4,255,255,255,0,26,35,134,71,62,0,0,0,148,5,15,30,55,75,127,127,127,127,106,58,78,65,76,0,0,0,0,0,0,0,0,0,4,4,4,3,4,22,8,7,1,1,1,1,0,2,0,1,0,46,32,2,185,141,255,0,0,127,28,92,252,92,252,92,252,29,252,22,252,22,252,0,0,0,0,0,0,5,12,252,244,1,2,2,84,131,0,1,1,73,156,253,74,37,50,8,0,251,2,224,17,0,0,0,0,0,251,15,0,79,0,0,80,144,48,16,80,80,80,44,253,3,255,4,255,255,255,0,35,44,44,80,71,0,0,0,76,5,15,31,55,75,127,127,127,127,106,58,78,65,76,0,0,0,0,0,0,0,0,0,4,4,4,4,5,19,9,8,1,1,1,1,0,2,0,1,0,46,32,2,152,217,255,0,0,127,28,92,252,92,252,92,252,29,252,22,252,22,252,0,0,0,0,0,0,5,24,252,244
2026-08-04_08-19-29,1,84,0,0.0,0,100.0,-1,-1,1,2,2,84,131,0,1,1,73,156,253,74,37,50,8,0,251,2,224,17,0,0,0,0,0,251,15,0,79,0,0,80,144,48,16,80,80,80,44,253,3,255,4,255,255,255,0,35,44,44,80,71,0,0,0,76,5,15,31,55,75,127,127,127,127,106,58,78,65,76,0,0,0,0,0,0,0,0,0,4,4,4,4,5,19,9,8,1,1,1,1,0,2,0,1,0,46,32,2,152,217,255,0,0,127,28,92,252,92,252,92,252,29,252,22,252,22,252,0,0,0,0,0,0,5,24,252,244,1,2,2,84,135,0,1,1,73,132,253,74,37,50,8,0,251,0,112,17,0,0,0,0,0,251,15,0,83,0,0,80,144,48,32,80,80,80,44,253,3,255,4,255,255,255,0,44,53,143,89,8,0,0,0,4,5,15,31,55,75,127,127,127,127,106,58,78,64,76,0,0,0,0,0,0,0,0,0,4,4,4,5,6,20,10,1,1,1,1,1,0,2,0,1,0,46,32,2,141,149,255,0,0,127,28,92,252,92,252,92,252,29,252,22,252,22,252,0,0,0,0,0,0,5,0,252,244
2026-08-04_08-19-29,1,85,0,0.0,0,100.0,-1,-1,1,2,2,84,135,0,1,1,73,132,253,74,37,50,8,0,251,0,112,17,0,0,0,0,0,251,15,0,83,0,0,80,144,48,32,80,80,80,44,253,3,255,4,255,255,255,0,44,53,143,89,8,0,0,0,4,5,15,31,55,75,127,127,127,127,106,58,78,64,76,0,0,0,0,0,0,0,0,0,4,4,4,5,6,20,10,1,1,1,1,1,0,2,0,1,0,46,32,2,141,149,255,0,0,127,28,92,252,92,252,92,252,29,252,22,252,22,252,0,0,0,0,0,0,5,0,252,244,1,2,2,84,139,0,1,1,73,132,253,74,37,50,8,0,251,0,112,17,0,0,0,0,0,251,15,0,87,0,0,80,144,48,32,80,80,80,44,253,3,255,4,255,255,255,0,44,53,143,89,8,0,0,0,188,5,15,31,55,75,127,127,127,127,106,58,78,64,76,0,0,0,0,0,0,0,0,0,4,4,4,5,6,20,10,1,1,1,1,1,0,2,0,1,0,46,32,2,217,82,255,0,0,127,28,92,252,92,252,92,252,29,252,22,252,22,252,0,0,0,0,0,0,5,0,252,244
2026-08-04_08-19-29,1,86,0,0.0,0,100.0,-1,-1,1,2,2,84,139,0,1,1,73,132,253,74,37,50,8,0,251,0,112,17,0,0,0,0,0,251,15,0,87,0,0,80,144,48,32,80,80,80,44,253,3,255,4,255,255,255,0,44,53,143,89,8,0,0,0,188,5,15,31,55,75,127,127,127,127,106,58,78,64,76,0,0,0,0,0,0,0,0,0,4,4,4,5,6,20,10,1,1,1,1,1,0,2,0,1,0,46,32,2,217,82,255,0,0,127,28,92,252,92,252,92,252,29,252,22,252,22,252,0,0,0,0,0,0,5,0,252,244,1,2,2,84,143,0,1,1,73,132,253,74,37,50,8,0,251,0,112,17,0,0,0,0,0,251,15,0,91,0,0,80,144,48,48,80,80,80,44,253,3,255,4,255,255,255,0,53,62,44,89,17,0,0,0,116,5,15,32,55,75,127,127,127,127,106,58,78,63,76,0,0,0,0,0,0,0,0,0,4,4,4,6,7,21,11,2,1,1,1,1,0,2,0,1,0,46,32,2,149,45,255,0,0,127,28,92,252,92,252,92,252,29,252,22,252,22,252,0,0,0,0,0,0,5,0,252,244
2026-08-04_08-19-29,1,87,0,0.0,0,100.0,-1,-1,1,2,2,84,143,0,1,1,73,132,253,74,37,50,8,0,251,0,112,17,0,0,0,0,0,251,15,0,91,0,0,80,144,48,48,80,80,80,44,253,3,255,4,255,255,255,0,53,62,44,89,17,0,0,0,116,5,15,32,55,75,127,127,127,127,106,58,78,63,76,0,0,0,0,0,0,0,0,0,4,4,4,6,7,21,11,2,1,1,1,1,0,2,0,1,0,46,32,2,149,45,255,0,0,127,28,92,252,92,252,92,252,29,252,22,252,22,252,0,0,0,0,0,0,5,0,252,244,1,2,2,84,147,0,1,1,73,132,253,74,37,50,8,0,251,0,112,17,0,0,0,0,0,251,15,0,95,0,0,80,144,48,64,80,80,80,44,253,3,255,4,255,255,255,0,62,71,134,80,26,0,0,0,44,5,15,32,55,75,127,127,127,127,106,58,78,62,76,0,0,0,0,0,0,0,0,0,4,4,4,7,8,22,9,3,1,1,1,1,0,2,0,1,0,46,32,2,82,215,255,0,0,127,28,92,252,92,252,92,252,29,252,22,252,22,252,0,0,0,0,0,0,5,0,252,244
2026-08-04_08-19-29,1,88,0,0.0,0,100.0,-1,-1,1,2,2,84,147,0,1,1,73,132,253,74,37,50,8,0,251,0,112,17,0,0,0,0,0,251,15,0,95,0,0,80,144,48,64,80,80,80,44,253,3,255,4,255,255,255,0,62,71,134,80,26,0,0,0,44,5,15,32,55,75,127,127,127,127,106,58,78,62,76,0,0,0,0,0,0,0,0,0,4,4,4,7,8,22,9,3,1,1,1,1,0,2,0,1,0,46,32,2,82,215,255,0,0,127,28,92,252,92,252,92,252,29,252,22,252,22,252,0,0,0,0,0,0,5,0,252,244,1,2,2,84,151,0,1,1,73,132,253,74,37,50,8,0,251,0,112,17,0,0,0,0,0,251,15,0,99,0,0,80,144,48,64,80,80,80,44,253,3,255,4,255,255,255,0,62,71,134,80,26,0,0,0,228,5,15,32,55,75,127,127,127,127,106,58,78,62,76,0,0,0,0,0,0,0,0,0,4,4,4,7,8,22,9,3,1,1,1,1,0,2,0,1,0,46,32,2,45,126,255,0,0,127,28,92,252,92,252,92,252,29,252,22,252,22,252,0,0,0,0,0,0,5,0,252,244
2026-08-04_08-19-29,1,89,0,0.0,0,100.0,-1,-1,1,2,2,84,151,0,1,1,73,132,253,74,37,50,8,0,251,0,112,17,0,0,0,0,0,251,15,0,99,0,0,80,144,48,64,80,80,80,44,253,3,255,4,255,255,255,0,62,71,134,80,26,0,0,0,228,5,15,32,55,75,127,127,127,127,106,58,78,62,76,0,0,0,0,0,0,0,0,0,4,4,4,7,8,22,9,3,1,1,1,1,0,2,0,1,0,46,32,2,45,126,255,0,0,127,28,92,252,92,252,92,252,29,252,22,252,22,252,0,0,0,0,0,0,5,0,252,244,1,2,2,84,155,0,1,1,73,132,253,74,37,50,8,0,251,0,112,17,0,0,0,0,0,251,15,0,103,0,0,80,144,48,80,80,80,80,44,253,3,255,4,255,255,255,0,71,8,44,89,35,0,0,0,156,5,15,33,55,75,127,127,127,127,106,58,78,61,76,0,0,0,0,0,0,0,0,0,4,4,4,8,1,19,10,4,1,1,1,1,0,2,0,1,0,46,32,2,215,238,255,0,0,127,28,92,252,92,252,92,252,29,252,22,252,22,252,0,0,0,0,0,0,5,0,252,244
2026-08-04_08-19-29,1,90,0,0.0,0,100.0,-1,-1,1,2,2,84,155,0,1,1,73,132,253,74,37,50,8,0,251,0,112,17,0,0,0,0,0,251,15,0,103,0,0,80,144,48,80,80,80,80,44,253,3,255,4,255,255,255,0,71,8,44,89,35,0,0,0,156,5,15,33,55,75,127,127,127,127,106,58,78,61,76,0,0,0,0,0,0,0,0,0,4,4,4,8,1,19,10,4,1,1,1,1,0,2,0,1,0,46,32,2,215,238,255,0,0,127,28,92,252,92,252,92,252,29,252,22,252,22,252,0,0,0,0,0,0,5,0,252,244,1,2,2,84,159,0,1,1,73,132,253,74,37,50,8,0,251,0,112,17,0,0,0,0,0,251,15,0,107,0,0,80,144,48,96,80,80,80,44,253,3,255,4,255,255,255,0,80,17,143,89,44,0,0,0,84,5,15,33,55,75,127,127,127,127,106,58,78,60,76,0,0,0,0,0,0,0,0,0,4,4,4,9,2,20,11,5,1,1,1,1,0,2,0,1,0,46,32,2,126,239,255,0,0,127,28,92,252,92,252,92,252,29,252,22,252,22,252,0,0,0,0,0,0,5,0,252,244
2026-08-04_08-19-29,1,91,0,0.0,0,100.0,-1,-1,1,2,2,84,159,0,1,1,73,132,253,74,37,50,8,0,251,0,112,17,0,0,0,0,0,251,15,0,107,0,0,80,144,48,96,80,80,80,44,253,3,255,4,255,255,255,0,80,17,143,89,44,0,0,0,84,5,15,33,55,75,127,127,127,127,106,58,78,60,76,0,0,0,0,0,0,0,0,0,4,4,4,9,2,20,11,5,1,1,1,1,0,2,0,1,0,46,32,2,126,239,255,0,0,127,28,92,252,92,252,92,252,29,252,22,252,22,252,0,0,0,0,0,0,5,0,252,244,1,2,2,84,163,0,1,1,73,132,253,74,37,50,8,0,251,0,112,17,0,0,0,0,0,251,15,0,111,0,0,96,144,48,112,80,80,80,44,253,3,255,4,255,255,255,0,89,26,44,80,53,0,0,0,12,5,15,34,55,75,127,127,127,127,105,58,78,59,76,0,0,0,0,0,0,0,0,0,4,4,4,10,3,21,9,6,1,1,1,1,0,2,0,1,0,46,32,2,238,240,255,0,0,127,28,92,252,92,252,92,252,29,252,22,252,22,252,0,0,0,0,0,0,5,0,252,244
2026-08-04_08-19-29,1,92,0,0.0,0,100.0,-1,-1,1,2,2,84,163,0,1,1,73,132,253,74,37,50,8,0,251,0,112,17,0,0,0,0,0,251,15,0,111,0,0,96,144,48,112,80,80,80,44,253,3,255,4,255,255,255,0,89,26,44,80,53,0,0,0,12,5,15,34,55,75,127,127,127,127,105,58,78,59,76,0,0,0,0,0,0,0,0,0,4,4,4,10,3,21,9,6,1,1,1,1,0,2,0,1,0,46,32,2,238,240,255,0,0,127,28,92,252,92,252,92,252,29,252,22,252,22,252,0,0,0,0,0,0,5,0,252,244,1,2,2,84,167,0,1,1,73,132,253,74,37,50,8,0,251,0,112,17,0,0,0,0,0,251,15,0,115,0,0,96,144,48,112,80,80,80,44,253,3,255,4,255,255,255,0,89,26,44,80,53,0,0,0,196,5,15,34,55,75,127,127,127,127,105,58,78,59,76,0,0,0,0,0,0,0,0,0,4,4,4,10,3,21,9,6,1,1,1,1,0,2,0,1,0,46,32,2,239,6,255,0,0,127,28,92,252,92,252,92,252,29,252,22,252,22,252,0,0,0,0,0,0,5,0,252,244
2026-08-04_08-19-29,1,93,0,0.0,0,100.0,-1,-1,1,2,2,84,167,0,1,1,73,132,253,74,37,50,8,0,251,0,112,17,0,0,0,0,0,251,15,0,115,0,0,96,144,48,112,80,80,80,44,253,3,255,4,255,255,255,0,89,26,44,80,53,0,0,0,196,5,15,34,55,75,127,127,127,127,105,58,78,59,76,0,0,0,0,0,0,0,0,0,4,4,4,10,3,21,9,6,1,1,1,1,0,2,0,1,0,46,32,2,239,6,255,0,0,127,28,92,252,92,252,92,252,29,252,22,252,22,252,0,0,0,0,0,0,5,0,252,244,1,2,2,84,171,0,1,1,73,132,253,74,37,50,8,0,251,0,112,17,0,0,0,0,0,251,15,0,119,0,0,112,144,48,144,80,80,80,44,253,3,255,3,255,255,255,0,89,35,134,89,62,0,0,0,124,5,15,34,55,75,127,127,127,127,104,58,78,58,76,0,0,0,0,0,0,0,0,0,4,4,4,11,4,22,10,7,1,1,1,1,0,2,0,1,0,46,32,2,240,102,255,0,0,127,28,92,252,92,252,92,252,29,252,22,252,22,252,0,0,0,0,0,0,5,0,252,244
2026-08-04_08-19-29,1,94,0,0.0,0,100.0,-1,-1,1,2,2,84,171,0,1,1,73,132,253,74,37,50,8,0,251,0,112,17,0,0,0,0,0,251,15,0,119,0,0,112,144,48,144,80,80,80,44,253,3,255,3,255,255,255,0,89,35,134,89,62,0,0,0,124,5,15,34,55,75,127,127,127,127,104,58,78,58,76,0,0,0,0,0,0,0,0,0,4,4,4,11,4,22,10,7,1,1,1,1,0,2,0,1,0,46,32,2,240,102,255,0,0,127,28,92,252,92,252,92,252,29,252,22,252,22,252,0,0,0,0,0,0,5,0,252,244,1,2,2,84,175,0,1,1,73,132,253,74,37,50,8,0,251,0,112,17,0,0,0,0,0,251,15,0,123,0,0,144,144,48,160,80,80,80,44,254,3,255,3,255,255,255,0,80,44,44,89,71,0,0,0,52,5,15,35,55,75,127,127,127,127,103,58,78,57,76,0,0,0,0,0,0,0,0,0,4,4,4,9,5,19,11,8,1,1,1,1,0,2,0,1,0,46,32,2,6,98,255,0,0,127,28,92,252,92,252,92,252,29,252,22,252,22,252,0,0,0,0,0,0,5,0,252,244
2026-08-04_08-19-29,1,95,0,0.0,0,100.0,-1,-1,1,2,2,84,175,0,1,1,73,132,253,74,37,50,8,0,251,0,112,17,0,0,0,0,0,251,15,0,123,0,0,144,144,48,160,80,80,80,44,254,3,255,3,255,255,255,0,80,44,44,89,71,0,0,0,52,5,15,35,55,75,127,127,127,127,103,58,78,57,76,0,0,0,0,0,0,0,0,0,4,4,4,9,5,19,11,8,1,1,1,1,0,2,0,1,0,46,32,2,6,98,255,0,0,127,28,92,252,92,252,92,252,29,252,22,252,22,252,0,0,0,0,0,0,5,0,252,244,1,2,2,84,179,0,1,1,73,132,253,74,37,50,8,0,251,0,112,17,0,0,0,0,0,251,15,0,127,0,0,144,144,48,160,80,80,80,44,254,3,255,3,255,255,255,0,80,44,44,89,71,0,0,0,236,5,15,35,55,75,127,127,127,127,103,58,78,57,76,0,0,0,0,0,0,0,0,0,4,4,4,9,5,19,11,8,1,1,1,1,0,2,0,1,0,46,32,2,102,33,255,0,0,127,28,92,252,92,252,92,252,29,252,22,252,22,252,0,0,0,0,0,0,5,0,252,244
2026-08-04_08-19-29,1,96,0,0.0,0,100.0,-1,-1,1,2,2,84,179,0,1,1,73,132,253,74,37,50,8,0,251,0,112,17,0,0,0,0,0,251,15,0,127,0,0,144,144,48,160,80,80,80,44,254,3,255,3,255,255,255,0,80,44,44,89,71,0,0,0,236,5,15,35,55,75,127,127,127,127,103,58,78,57,76,0,0,0,0,0,0,0,0,0,4,4,4,9,5,19,11,8,1,1,1,1,0,2,0,1,0,46,32,2,102,33,255,0,0,127,28,92,252,92,252,92,252,29,252,22,252,22,252,0,0,0,0,0,0,5,0,252,244,1,2,2,84,183,0,1,1,73,132,253,74,37,50,8,0,251,0,112,17,0,0,0,0,0,251,0,255,128,0,0,160,144,48,176,80,80,80,44,254,3,255,3,255,255,255,0,89,53,143,80,8,0,0,0,164,5,15,35,55,75,127,127,127,127,102,58,78,56,76,0,0,0,0,0,0,0,0,0,4,4,4,10,6,20,9,1,1,1,1,1,0,2,0,1,0,46,32,2,98,21,255,0,0,127,28,92,252,92,252,92,252,29,252,22,252,22,252,0,0,0,0,0,0,5,0,252,244
2026-08-04_08-19-29,1,97,0,0.0,0,100.0,-1,-1,1,2,2,84,183,0,1,1,73,132,253,74,37,50,8,0,251,0,112,17,0,0,0,0,0,251,0,255,128,0,0,160,144,48,176,80,80,80,44,254,3,255,3,255,255,255,0,89,53,143,80,8,0,0,0,164,5,15,35,55,75,127,127,127,127,102,58,78,56,76,0,0,0,0,0,0,0,0,0,4,4,4,10,6,20,9,1,1,1,1,1,0,2,0,1,0,46,32,2,98,21,255,0,0,127,28,92,252,92,252,92,252,29,252,22,252,22,252,0,0,0,0,0,0,5,0,252,244,1,2,2,84,187,0,1,1,73,132,253,74,37,50,8,0,251,0,112,17,0,0,0,0,135,251,2,127,128,79,43,176,144,48,192,80,80,80,44,254,3,255,3,255,255,255,0,89,62,8,89,17,0,0,0,92,5,15,36,55,75,127,127,127,127,101,58,78,55,76,0,0,0,0,0,0,0,0,0,4,4,4,11,7,0,10,2,1,1,1,1,0,2,0,1,0,46,32,2,33,84,255,0,0,127,28,92,252,92,252,92,252,29,252,22,252,22,252,0,0,254,0,0,0,5,0,252,244
2026-08-04_08-19-29,1,98,0,0.0,0,100.0,-1,-1,1,2,2,84,187,0,1,1,73,132,253,74,37,50,8,0,251,0,112,17,0,0,0,0,135,251,2,127,128,79,43,176,144,48,192,80,80,80,44,254,3,255,3,255,255,255,0,89,62,8,89,17,0,0,0,92,5,15,36,55,75,127,127,127,127,101,58,78,55,76,0,0,0,0,0,0,0,0,0,4,4,4,11,7,0,10,2,1,1,1,1,0,2,0,1,0,46,32,2,33,84,255,0,0,127,28,92,252,92,252,92,252,29,252,22,252,22,252,0,0,254,0,0,0,5,0,252,244,1,2,2,84,191,0,1,1,73,132,253,74,37,50,8,0,251,0,112,17,0,0,0,0,135,251,2,127,128,77,43,192,144,48,208,80,80,80,44,254,3,255,3,255,255,255,0,80,71,8,89,26,0,0,0,20,5,15,36,55,75,127,127,127,127,100,58,78,54,76,0,0,0,0,0,0,0,0,0,4,4,4,9,8,1,11,3,1,1,1,1,0,2,0,1,0,46,32,2,21,76,255,0,0,127,28,92,252,92,252,92,252,29,252,22,252,22,252,0,0,253,0,0,0,5,0,252,244
2026-08-04_08-19-29,1,99,0,0.0,0,100.0,-1,-1,1,2,2,84,191,0,1,1,73,132,253,74,37,50,8,0,251,0,112,17,0,0,0,0,135,251,2,127,128,77,43,192,144,48,208,80,80,80,44,254,3,255,3,255,255,255,0,80,71,8,89,26,0,0,0,20,5,15,36,55,75,127,127,127,127,100,58,78,54,76,0,0,0,0,0,0,0,0,0,4,4,4,9,8,1,11,3,1,1,1,1,0,2,0,1,0,46,32,2,21,76,255,0,0,127,28,92,252,92,252,92,252,29,252,22,252,22,252,0,0,253,0,0,0,5,0,252,244,1,2,2,84,195,0,1,1,73,132,253,74,37,50,8,0,251,0,112,17,0,0,0,0,135,251,2,127,128,75,43,192,144,48,208,80,80,80,44,254,3,255,3,255,255,255,0,80,71,8,89,26,0,0,0,204,5,15,36,55,75,127,127,127,127,100,58,78,54,76,0,0,0,0,0,0,0,0,0,4,4,4,9,8,1,11,3,1,1,1,1,0,2,0,1,0,46,32,2,84,199,255,0,0,127,28,92,252,92,252,92,252,29,252,22,252,22,252,0,0,252,0,0,0,5,0,252,244
2026-08-04_08-19-29,1,100,0,0.0,0,100.0,-1,-1,1,2,2,84,195,0,1,1,73,132,253,74,37,50,8,0,251,0,112,17,0,0,0,0,135,251,2,127,128,75,43,192,144,48,208,80,80,80,44,254,3,255,3,255,255,255,0,80,71,8,89,26,0,0,0,204,5,15,36,55,75,127,127,127,127,100,58,78,54,76,0,0,0,0,0,0,0,0,0,4,4,4,9,8,1,11,3,1,1,1,1,0,2,0,1,0,46,32,2,84,199,255,0,0,127,28,92,252,92,252,92,252,29,252,22,252,22,252,0,0,252,0,0,0,5,0,252,244,1,2,2,84,199,0,1,1,73,132,253,74,37,50,8,0,251,0,112,17,0,0,0,0,135,251,2,127,128,73,43,208,144,48,224,80,80,80,44,254,3,255,3,255,255,255,0,89,8,17,80,35,0,0,0,132,5,15,36,55,75,127,127,127,127,99,58,78,53,76,0,0,0,0,0,0,0,0,0,4,4,4,10,1,2,9,4,1,1,1,1,0,2,0,1,0,46,32,2,76,127,255,0,0,127,28,92,252,92,252,92,252,29,252,22,252,22,252,0,0,251,0,0,0,5,0,252,244
2026-08-04_08-19-29,1,101,0,0.0,0,100.0,-1,-1,1,2,2,84,199,0,1,1,73,132,253,74,37,50,8,0,251,0,112,17,0,0,0,0,135,251,2,127,128,73,43,208,144,48,224,80,80,80,44,254,3,255,3,255,255,255,0,89,8,17,80,35,0,0,0,132,5,15,36,55,75,127,127,127,127,99,58,78,53,76,0,0,0,0,0,0,0,0,0,4,4,4,10,1,2,9,4,1,1,1,1,0,2,0,1,0,46,32,2,76,127,255,0,0,127,28,92,252,92,252,92,252,29,252,22,252,22,252,0,0,251,0,0,0,5,0,252,244,1,2,2,84,203,0,1,1,73,132,253,74,37,50,8,0,251,0,112,17,0,0,0,0,135,251,2,127,128,71,43,224,144,48,240,80,80,80,44,254,3,255,3,255,255,255,0,89,17,26,89,44,0,0,0,60,5,15,36,55,75,127,127,127,127,98,58,78,52,76,0,0,0,0,0,0,0,0,0,4,4,4,11,2,3,10,5,1,1,1,1,0,2,0,1,0,46,32,2,199,250,255,0,0,127,28,92,252,92,252,92,252,29,252,22,252,22,252,0,0,250,0,0,0,5,0,252,244
2026-08-04_08-19-29,1,102,0,0.0,0,100.0,-1,-1,1,2,2,84,203,0,1,1,73,132,253,74,37,50,8,0,251,0,112,17,0,0,0,0,135,251,2,127,128,71,43,224,144,48,240,80,80,80,44,254,3,255,3,255,255,255,0,89,17,26,89,44,0,0,0,60,5,15,36,55,75,127,127,127,127,98,58,78,52,76,0,0,0,0,0,0,0,0,0,4,4,4,11,2,3,10,5,1,1,1,1,0,2,0,1,0,46,32,2,199,250,255,0,0,127,28,92,252,92,252,92,252,29,252,22,252,22,252,0,0,250,0,0,0,5,0,252,244,1,2,2,84,207,0,1,1,73,181,253,74,37,50,8,136,251,0,112,17,1,8,25,42,135,251,2,127,128,69,43,224,144,48,240,80,80,80,44,254,3,255,3,255,255,255,0,89,17,26,89,44,0,0,0,244,5,15,36,55,75,127,127,127,127,98,58,78,52,76,0,0,0,0,0,0,0,0,0,4,4,4,11,2,3,10,5,1,1,1,1,0,2,0,1,0,46,32,2,255,82,255,82,0,127,28,92,252,92,252,92,252,29,252,22,252,22,252,0,254,249,0,0,0,5,49,252,244
2026-08-04_08-19-29,1,103,1,0.0,0,100.0,-1,-1,1,2,2,84,207,0,1,1,73,181,253,74,37,50,8,136,251,0,112,17,1,8,25,42,135,251,2,127,128,69,43,224,144,48,240,80,80,80,44,254,3,255,3,255,255,255,0,89,17,26,89,44,0,0,0,244,5,15,36,55,75,127,127,127,127,98,58,78,52,76,0,0,0,0,0,0,0,0,0,4,4,4,11,2,3,10,5,1,1,1,1,0,2,0,1,0,46,32,2,255,82,255,82,0,127,28,92,252,92,252,92,252,29,252,22,252,22,252,0,254,249,0,0,0,5,49,252,244,1,2,2,84,211,0,1,1,73,181,253,74,37,50,8,136,251,0,112,17,1,8,33,42,135,251,2,127,128,67,43,240,144,48,0,80,80,80,44,254,3,255,3,255,255,255,0,170,26,35,161,53,0,0,0,172,5,15,36,55,75,127,127,127,127,97,58,78,51,76,0,0,0,0,128,128,128,128,128,4,4,4,25,3,4,24,6,1,1,1,1,0,2,0,1,0,46,32,2,245,32,255,0,0,127,28,92,252,92,252,92,252,29,252,22,252,22,252,0,250,248,0,0,0,5,49,252,244
2026-08-04_08-19-29,1,104,1,100.0,0,200.0,-1,-1,1,2,2,84,211,0,1,1,73,181,253,74,37,50,8,136,251,0,112,17,1,8,33,42,135,251,2,127,128,67,43,240,144,48,0,80,80,80,44,254,3,255,3,255,255,255,0,170,26,35,161,53,0,0,0,172,5,15,36,55,75,127,127,127,127,97,58,78,51,76,0,0,0,0,128,128,128,128,128,4,4,4,25,3,4,24,6,1,1,1,1,0,2,0,1,0,46,32,2,245,32,255,0,0,127,28,92,252,92,252,92,252,29,252,22,252,22,252,0,250,248,0,0,0,5,49,252,244,1,2,2,84,215,0,1,1,73,181,253,74,37,50,8,136,251,0,112,17,1,8,41,42,135,251,2,127,128,65,43,144,48,80,80,80,80,80,44,3,255,255,255,255,255,255,0,35,44,62,0,0,0,0,0,106,15,36,75,127,127,127,127,127,127,58,78,76,0,0,0,0,0,0,0,0,0,4,4,4,4,4,4,5,7,1,1,1,1,1,1,2,2,0,2,0,50,32,2,82,3,255,0,0,127,126,92,252,92,252,92,252,36,252,22,252,22,252,0,246,13,0,0,0,3,49,252,244
2026-08-04_08-19-29,1,105,0,0.0,0,200.0,-1,-1,1,2,2,84,215,0,1,1,73,181,253,74,37,50,8,136,251,0,112,17,1,8,41,42,135,251,2,127,128,65,43,144,48,80,80,80,80,80,44,3,255,255,255,255,255,255,0,35,44,62,0,0,0,0,0,106,15,36,75,127,127,127,127,127,127,58,78,76,0,0,0,0,0,0,0,0,0,4,4,4,4,4,4,5,7,1,1,1,1,1,1,2,2,0,2,0,50,32,2,82,3,255,0,0,127,126,92,252,92,252,92,252,36,252,22,252,22,252,0,246,13,0,0,0,3,49,252,244,1,2,2,84,219,0,1,1,73,132,253,74,37,50,8,136,251,0,112,17,1,8,49,42,135,251,2,127,128,63,43,144,48,80,80,80,80,80,44,3,255,255,255,255,255,255,0,44,53,71,0,0,0,0,0,50,15,36,75,127,127,127,127,127,127,58,78,76,0,0,0,0,0,0,0,0,0,4,4,4,4,4,5,6,8,1,1,1,1,1,1,2,2,0,2,0,50,32,2,32,62,255,0,0,127,126,92,252,92,252,92,252,36,252,22,252,22,252,0,242,9,0,0,0,3,0,252,244
2026-08-04_08-19-29,1,106,0,0.0,0,200.0,-1,-1,1,2,2,84,219,0,1,1,73,132,253,74,37,50,8,136,251,0,112,17,1,8,49,42,135,251,2,127,128,63,43,144,48,80,80,80,80,80,44,3,255,255,255,255,255,255,0,44,53,71,0,0,0,0,0,50,15,36,75,127,127,127,127,127,127,58,78,76,0,0,0,0,0,0,0,0,0,4,4,4,4,4,5,6,8,1,1,1,1,1,1,2,2,0,2,0,50,32,2,32,62,255,0,0,127,126,92,252,92,252,92,252,36,252,22,252,22,252,0,242,9,0,0,0,3,0,252,244,1,2,2,84,223,0,1,1,73,132,253,74,37,50,8,136,251,0,112,17,1,8,57,42,135,251,2,127,128,61,43,144,48,80,80,80,80,80,44,3,255,255,255,255,255,255,0,44,53,71,0,0,0,0,0,250,15,36,75,127,127,127,127,127,127,58,78,76,0,0,0,0,0,0,0,0,0,4,4,4,4,4,5,6,8,1,1,1,1,1,1,2,2,0,2,0,50,32,2,3,236,255,0,0,127,126,92,252,92,252,92,252,36,252,22,252,22,252,0,238,5,0,0,0,3,0,252,244
2026-08-04_08-19-29,1,107,0,0.0,0,200.0,-1,-1,1,2,2,84,223,0,1,1,73,132,253,74,37,50,8,136,251,0,112,17,1,8,57,42,135,251,2,127,128,61,43,144,48,80,80,80,80,80,44,3,255,255,255,255,255,255,0,44,53,71,0,0,0,0,0,250,15,36,75,127,127,127,127,127,127,58,78,76,0,0,0,0,0,0,0,0,0,4,4,4,4,4,5,6,8,1,1,1,1,1,1,2,2,0,2,0,50,32,2,3,236,255,0,0,127,126,92,252,92,252,92,252,36,252,22,252,22,252,0,238,5,0,0,0,3,0,252,244,1,2,2,84,227,0,1,1,73,132,253,74,37,50,8,0,251,0,112,17,0,8,59,42,0,251,0,255,128,61,43,144,48,80,80,80,80,80,44,3,255,255,255,255,255,255,0,53,62,8,0,0,0,0,0,194,15,36,75,127,127,127,127,127,127,58,78,76,0,0,0,0,0,0,0,0,0,4,4,4,4,4,6,7,1,1,1,1,1,1,1,2,2,0,2,0,50,32,2,62,192,255,0,0,127,126,92,252,92,252,92,252,36,252,22,252,22,252,0,237,1,0,0,0,3,0,252,244
2026-08-04_08-19-29,1,108,0,0.0,0,200.0,-1,-1,1,2,2,84,227,0,1,1,73,132,253,74,37,50,8,0,251,0,112,17,0,8,59,42,0,251,0,255,128,61,43,144,48,80,80,80,80,80,44,3,255,255,255,255,255,255,0,53,62,8,0,0,0,0,0,194,15,36,75,127,127,127,127,127,127,58,78,76,0,0,0,0,0,0,0,0,0,4,4,4,4,4,6,7,1,1,1,1,1,1,1,2,2,0,2,0,50,32,2,62,192,255,0,0,127,126,92,252,92,252,92,252,36,252,22,252,22,252,0,237,1,0,0,0,3,0,252,244,1,2,2,84,231,0,1,1,73,132,253,74,37,50,8,0,251,0,112,17,0,8,59,42,0,251,0,255,128,61,43,144,48,80,80,80,80,80,44,3,255,255,255,255,255,255,0,62,71,17,0,0,0,0,0,138,15,36,75,127,127,127,127,127,127,58,78,76,0,0,0,0,0,0,0,0,0,4,4,4,4,4,7,8,2,1,1,1,1,1,1,2,2,0,2,0,50,32,2,236,8,255,0,0,127,126,92,252,92,252,92,252,36,252,22,252,22,252,0,237,0,0,0,0,3,0,252,244
2026-08-04_08-19-29,1,109,0,0.0,0,200.0,-1,-1,1,2,2,84,231,0,1,1,73,132,253,74,37,50,8,0,251,0,112,17,0,8,59,42,0,251,0,255,128,61,43,144,48,80,80,80,80,80,44,3,255,255,255,255,255,255,0,62,71,17,0,0,0,0,0,138,15,36,75,127,127,127,127,127,127,58,78,76,0,0,0,0,0,0,0,0,0,4,4,4,4,4,7,8,2,1,1,1,1,1,1,2,2,0,2,0,50,32,2,236,8,255,0,0,127,126,92,252,92,252,92,252,36,252,22,252,22,252,0,237,0,0,0,0,3,0,252,244,1,2,2,84,235,0,1,1,73,132,253,74,37,50,8,0,251,0,112,17,0,8,59,42,135,251,2,191,128,79,43,144,48,80,80,80,80,80,44,3,255,255,255,255,255,255,0,71,8,26,0,0,0,0,0,82,15,36,75,127,127,127,127,127,127,58,78,76,0,0,0,0,0,0,0,0,0,4,4,4,4,4,8,1,3,1,1,1,1,1,1,2,2,0,2,0,50,32,2,192,134,255,0,0,127,126,92,252,92,252,92,252,36,252,22,252,22,252,0,237,254,0,0,0,3,0,252,244
2026-08-04_08-19-29,1,110,0,0.0,0,200.0,-1,-1,1,2,2,84,235,0,1,1,73,132,253,74,37,50,8,0,251,0,112,17,0,8,59,42,135,251,2,191,128,79,43,144,48,80,80,80,80,80,44,3,255,255,255,255,255,255,0,71,8,26,0,0,0,0,0,82,15,36,75,127,127,127,127,127,127,58,78,76,0,0,0,0,0,0,0,0,0,4,4,4,4,4,8,1,3,1,1,1,1,1,1,2,2,0,2,0,50,32,2,192,134,255,0,0,127,126,92,252,92,252,92,252,36,252,22,252,22,252,0,237,254,0,0,0,3,0,252,244,1,2,2,84,239,0,1,1,73,132,253,74,37,50,8,0,251,0,112,17,0,8,59,42,135,251,2,191,128,77,43,144,48,80,80,80,80,80,44,3,255,255,255,255,255,255,0,8,17,35,0,0,0,0,0,26,15,36,75,127,127,127,127,127,127,58,78,76,0,0,0,0,0,0,0,0,0,4,4,4,4,4,1,2,4,1,1,1,1,1,1,2,2,0,2,0,50,32,2,8,104,255,0,0,127,126,92,252,92,252,92,252,36,252,22,252,22,252,0,237,253,0,0,0,3,0,252,244
2026-08-04_08-19-29,1,111,0,0.0,0,200.0,-1,-1,1,2,2,84,239,0,1,1,73,132,253,74,37,50,8,0,251,0,112,17,0,8,59,42,135,251,2,191,128,77,43,144,48,80,80,80,80,80,44,3,255,255,255,255,255,255,0,8,17,35,0,0,0,0,0,26,15,36,75,127,127,127,127,127,127,58,78,76,0,0,0,0,0,0,0,0,0,4,4,4,4,4,1,2,4,1,1,1,1,1,1,2,2,0,2,0,50,32,2,8,104,255,0,0,127,126,92,252,92,252,92,252,36,252,22,252,22,252,0,237,253,0,0,0,3,0,252,244,1,2,2,84,243,0,1,1,73,132,253,74,37,50,8,0,251,0,112,17,0,8,59,42,135,251,2,191,128,75,43,144,48,80,80,80,80,80,44,3,255,255,255,255,255,255,0,8,17,35,0,0,0,0,0,226,15,36,75,127,127,127,127,127,127,58,78,76,0,0,0,0,0,0,0,0,0,4,4,4,4,4,1,2,4,1,1,1,1,1,1,2,2,0,2,0,50,32,2,134,131,255,0,0,127,126,92,252,92,252,92,252,36,252,22,252,22,252,0,237,252,0,0,0,3,0,252,244
2026-08-04_08-19-29,1,112,0,0.0,0,200.0,-1,-1,1,2,2,84,243,0,1,1,73,132,253,74,37,50,8,0,251,0,112,17,0,8,59,42,135,251,2,191,128,75,43,144,48,80,80,80,80,80,44,3,255,255,255,255,255,255,0,8,17,35,0,0,0,0,0,226,15,36,75,127,127,127,127,127,127,58,78,76,0,0,0,0,0,0,0,0,0,4,4,4,4,4,1,2,4,1,1,1,1,1,1,2,2,0,2,0,50,32,2,134,131,255,0,0,127,126,92,252,92,252,92,252,36,252,22,252,22,252,0,237,252,0,0,0,3,0,252,244,1,2,2,84,247,0,1,1,73,132,253,74,37,50,8,0,251,0,112,17,0,8,59,42,135,251,2,191,128,73,43,144,48,80,80,80,80,80,44,3,255,255,255,255,255,255,0,17,26,44,0,0,0,0,0,170,15,36,75,127,127,127,127,127,127,58,78,76,0,0,0,0,0,0,0,0,0,4,4,4,4,4,2,3,5,1,1,1,1,1,1,2,2,0,2,0,50,32,2,104,49,255,0,0,127,126,92,252,92,252,92,252,36,252,22,252,22,252,0,237,251,0,0,0,3,0,252,244
2026-08-04_08-19-29,1,113,0,0.0,0,200.0,-1,-1,1,2,2,84,247,0,1,1,73,132,253,74,37,50,8,0,251,0,112,17,0,8,59,42,135,251,2,191,128,73,43,144,48,80,80,80,80,80,44,3,255,255,255,255,255,255,0,17,26,44,0,0,0,0,0,170,15,36,75,127,127,127,127,127,127,58,78,76,0,0,0,0,0,0,0,0,0,4,4,4,4,4,2,3,5,1,1,1,1,1,1,2,2,0,2,0,50,32,2,104,49,255,0,0,127,126,92,252,92,252,92,252,36,252,22,252,22,252,0,237,251,0,0,0,3,0,252,244,1,2,2,84,251,0,1,1,73,132,253,74,37,50,8,0,251,0,112,17,0,8,59,42,135,251,2,191,128,71,43,144,48,80,80,80,80,80,44,3,255,255,255,255,255,255,0,26,35,53,0,0,0,0,0,114,15,36,75,127,127,127,127,127,127,58,78,76,0,0,0,0,0,0,0,0,0,4,4,4,4,4,3,4,6,1,1,1,1,1,1,2,2,0,2,0,50,32,2,131,23,255,0,0,127,126,92,252,92,252,92,252,36,252,22,252,22,252,0,237,250,0,0,0,3,0,252,244
2026-08-04_08-19-29,1,114,0,0.0,0,200.0,-1,-1,1,2,2,84,251,0,1,1,73,132,253,74,37,50,8,0,251,0,112,17,0,8,59,42,135,251,2,191,128,71,43,144,48,80,80,80,80,80,44,3,255,255,255,255,255,255,0,26,35,53,0,0,0,0,0,114,15,36,75,127,127,127,127,127,127,58,78,76,0,0,0,0,0,0,0,0,0,4,4,4,4,4,3,4,6,1,1,1,1,1,1,2,2,0,2,0,50,32,2,131,23,255,0,0,127,126,92,252,92,252,92,252,36,252,22,252,22,252,0,237,250,0,0,0,3,0,252,244,1,2,2,84,255,0,1,1,73,132,253,74,37,50,8,0,251,0,112,17,0,8,59,42,135,251,2,191,128,69,43,144,48,80,80,80,80,80,44,3,255,255,255,255,255,255,0,35,44,62,0,0,0,0,0,58,15,36,75,127,127,127,127,127,127,58,78,76,0,0,0,0,0,0,0,0,0,4,4,4,4,4,4,5,7,1,1,1,1,1,1,2,2,0,2,0,50,32,2,49,112,255,0,0,127,126,92,252,92,252,92,252,36,252,22,252,22,252,0,237,249,0,0,0,3,0,252,244
2026-08-04_08-19-29,1,115,0,0.0,0,200.0,-1,-1,1,2,2,84,255,0,1,1,73,132,253,74,37,50,8,0,251,0,112,17,0,8,59,42,135,251,2,191,128,69,43,144,48,80,80,80,80,80,44,3,255,255,255,255,255,255,0,35,44,62,0,0,0,0,0,58,15,36,75,127,127,127,127,127,127,58,78,76,0,0,0,0,0,0,0,0,0,4,4,4,4,4,4,5,7,1,1,1,1,1,1,2,2,0,2,0,50,32,2,49,112,255,0,0,127,126,92,252,92,252,92,252,36,252,22,252,22,252,0,237,249,0,0,0,3,0,252,244,1,2,2,84,3,0,1,2,73,132,253,74,37,50,8,0,251,0,112,17,0,8,59,42,135,251,2,191,128,67,43,144,48,80,80,80,80,80,44,3,255,255,255,255,255,255,0,44,53,71,0,0,0,0,0,2,15,36,75,127,127,127,127,127,127,58,78,76,0,0,0,0,0,0,0,0,0,4,4,4,4,4,5,6,8,1,1,1,1,1,1,2,2,0,2,0,50,32,2,23,10,255,0,0,127,126,92,252,92,252,92,252,36,252,22,252,22,252,0,237,248,0,0,0,3,0,252,244
2026-08-04_08-19-29,1,116,0,0.0,0,200.0,-1,-1,1,2,2,84,3,0,1,2,73,132,253,74,37,50,8,0,251,0,112,17,0,8,59,42,135,251,2,191,128,67,43,144,48,80,80,80,80,80,44,3,255,255,255,255,255,255,0,44,53,71,0,0,0,0,0,2,15,36,75,127,127,127,127,127,127,58,78,76,0,0,0,0,0,0,0,0,0,4,4,4,4,4,5,6,8,1,1,1,1,1,1,2,2,0,2,0,50,32,2,23,10,255,0,0,127,126,92,252,92,252,92,252,36,252,22,252,22,252,0,237,248,0,0,0,3,0,252,244,1,2,2,84,7,0,1,2,73,132,253,74,37,50,8,0,251,2,80,18,0,8,59,42,135,251,2,191,128,65,43,144,48,80,80,80,80,80,44,3,255,255,255,255,255,255,0,44,53,71,0,0,0,0,0,202,15,36,75,127,127,127,127,127,127,58,78,76,0,0,0,0,0,0,0,0,0,4,4,4,4,4,5,6,8,1,1,1,1,1,1,2,2,0,2,0,50,32,2,112,167,255,0,0,127,126,92,252,92,252,92,252,36,252,22,252,22,252,0,237,247,0,0,0,3,0,252,244
2026-08-04_08-19-29,1,117,3,0.0,0,200.0,-1,-1,1,2,2,84,7,0,1,2,73,132,253,74,37,50,8,0,251,2,80,18,0,8,59,42,135,251,2,191,128,65,43,144,48,80,80,80,80,80,44,3,255,255,255,255,255,255,0,44,53,71,0,0,0,0,0,202,15,36,75,127,127,127,127,127,127,58,78,76,0,0,0,0,0,0,0,0,0,4,4,4,4,4,5,6,8,1,1,1,1,1,1,2,2,0,2,0,50,32,2,112,167,255,0,0,127,126,92,252,92,252,92,252,36,252,22,252,22,252,0,237,247,0,0,0,3,0,252,244,1,2,2,84,11,0,1,2,73,144,253,74,37,50,8,0,251,0,16,20,0,8,59,42,135,251,2,191,128,63,43,144,48,80,80,80,80,80,44,3,255,255,255,255,255,255,0,53,62,8,0,0,0,0,0,146,15,36,75,127,127,127,127,127,127,58,78,76,0,0,0,0,0,0,0,0,0,4,4,4,4,4,6,7,1,1,1,1,1,1,1,2,2,0,2,0,50,32,2,10,114,255,0,0,127,126,92,252,92,252,92,252,36,252,22,252,22,252,0,237,246,0,0,0,3,12,252,244
2026-08-04_08-19-29,1,118,1,0.0,0,200.0,-1,-1,1,2,2,84,11,0,1,2,73,144,253,74,37,50,8,0,251,0,16,20,0,8,59,42,135,251,2,191,128,63,43,144,48,80,80,80,80,80,44,3,255,255,255,255,255,255,0,53,62,8,0,0,0,0,0,146,15,36,75,127,127,127,127,127,127,58,78,76,0,0,0,0,0,0,0,0,0,4,4,4,4,4,6,7,1,1,1,1,1,1,1,2,2,0,2,0,50,32,2,10,114,255,0,0,127,126,92,252,92,252,92,252,36,252,22,252,22,252,0,237,246,0,0,0,3,12,252,244,1,2,2,84,15,0,1,2,73,181,253,74,37,50,8,136,251,0,112,20,1,8,32,42,135,251,2,191,128,61,43,144,48,80,80,80,80,80,44,3,255,255,255,255,255,255,0,62,71,17,0,0,0,0,0,90,15,36,75,127,127,127,127,127,127,58,78,76,0,0,0,0,0,0,0,0,0,4,4,4,4,4,7,8,2,1,1,1,1,1,1,2,2,0,2,0,50,32,2,78,71,255,0,0,127,126,92,252,92,252,92,252,36,252,22,252,22,252,0,252,245,0,0,0,3,49,252,244
2026-08-04_08-19-29,1,119,1,0.0,0,200.0,-1,-1,1,2,2,84,15,0,1,2,73,181,253,74,37,50,8,136,251,0,112,20,1,8,32,42,135,251,2,191,128,61,43,144,48,80,80,80,80,80,44,3,255,255,255,255,255,255,0,62,71,17,0,0,0,0,0,90,15,36,75,127,127,127,127,127,127,58,78,76,0,0,0,0,0,0,0,0,0,4,4,4,4,4,7,8,2,1,1,1,1,1,1,2,2,0,2,0,50,32,2,78,71,255,0,0,127,126,92,252,92,252,92,252,36,252,22,252,22,252,0,252,245,0,0,0,3,49,252,244,1,2,2,84,19,0,1,2,73,181,253,74,37,50,8,136,251,0,112,20,1,8,40,42,135,251,2,191,128,59,43,144,48,80,80,80,80,80,44,3,255,255,255,255,255,255,0,71,8,26,0,0,0,0,0,34,15,36,75,127,127,127,127,127,127,58,78,76,0,0,0,0,0,0,0,0,0,4,4,4,4,4,8,1,3,1,1,1,1,1,1,2,2,0,2,0,50,32,2,228,122,255,0,0,127,126,92,252,92,252,92,252,36,252,22,252,22,252,0,248,244,0,0,0,3,49,252,244
2026-08-04_08-19-29,1,120,1,0.0,0,200.0,-1,-1,1,2,2,84,19,0,1,2,73,181,253,74,37,50,8,136,251,0,112,20,1,8,40,42,135,251,2,191,128,59,43,144,48,80,80,80,80,80,44,3,255,255,255,255,255,255,0,71,8,26,0,0,0,0,0,34,15,36,75,127,127,127,127,127,127,58,78,76,0,0,0,0,0,0,0,0,0,4,4,4,4,4,8,1,3,1,1,1,1,1,1,2,2,0,2,0,50,32,2,228,122,255,0,0,127,126,92,252,92,252,92,252,36,252,22,252,22,252,0,248,244,0,0,0,3,49,252,244,1,2,2,84,23,0,1,2,73,132,253,74,37,50,8,136,251,0,112,20,1,8,48,42,135,251,2,191,128,57,43,144,48,80,80,80,80,80,44,3,255,255,255,255,255,255,0,71,8,26,0,0,0,0,0,234,15,36,75,127,127,127,127,127,127,58,78,76,0,0,0,0,0,0,0,0,0,4,4,4,4,4,8,1,3,1,1,1,1,1,1,2,2,0,2,0,50,32,2,71,165,255,0,0,127,126,92,252,92,252,92,252,36,252,22,252,22,252,0,244,243,0,0,0,3,0,252,244
2026-08-04_08-19-29,1,121,0,0.0,0,200.0,-1,-1,1,2,2,84,23,0,1,2,73,132,253,74,37,50,8,136,251,0,112,20,1,8,48,42,135,251,2,191,128,57,43,144,48,80,80,80,80,80,44,3,255,255,255,255,255,255,0,71,8,26,0,0,0,0,0,234,15,36,75,127,127,127,127,127,127,58,78,76,0,0,0,0,0,0,0,0,0,4,4,4,4,4,8,1,3,1,1,1,1,1,1,2,2,0,2,0,50,32,2,71,165,255,0,0,127,126,92,252,92,252,92,252,36,252,22,252,22,252,0,244,243,0,0,0,3,0,252,244,1,2,2,84,27,0,1,2,73,132,253,74,37,50,8,0,251,0,112,20,0,8,52,42,0,251,0,255,128,55,43,144,48,80,80,80,80,80,44,3,255,255,255,255,255,255,0,8,17,35,0,0,0,0,0,178,15,36,75,127,127,127,127,127,127,58,78,76,0,0,0,0,0,0,0,0,0,4,4,4,4,4,1,2,4,1,1,1,1,1,1,2,2,0,2,0,50,32,2,122,89,255,0,0,127,126,92,252,92,252,92,252,36,252,22,252,22,252,0,242,242,0,0,0,3,0,252,244
2026-08-04_08-19-29,1,122,0,0.0,0,200.0,-1,-1,1,2,2,84,27,0,1,2,73,132,253,74,37,50,8,0,251,0,112,20,0,8,52,42,0,251,0,255,128,55,43,144,48,80,80,80,80,80,44,3,255,255,255,255,255,255,0,8,17,35,0,0,0,0,0,178,15,36,75,127,127,127,127,127,127,58,78,76,0,0,0,0,0,0,0,0,0,4,4,4,4,4,1,2,4,1,1,1,1,1,1,2,2,0,2,0,50,32,2,122,89,255,0,0,127,126,92,252,92,252,92,252,36,252,22,252,22,252,0,242,242,0,0,0,3,0,252,244,1,2,2,84,31,0,1,2,73,132,253,74,37,50,8,0,251,0,112,20,0,8,52,42,0,251,0,255,128,55,43,144,48,80,80,80,80,80,44,3,255,255,255,255,255,255,0,17,26,44,0,0,0,0,0,122,15,36,75,127,127,127,127,127,127,58,78,76,0,0,0,0,0,0,0,0,0,4,4,4,4,4,2,3,5,1,1,1,1,1,1,2,2,0,2,0,50,32,2,165,145,255,0,0,127,126,92,252,92,252,92,252,36,252,22,252,22,252,0,242,242,0,0,0,3,0,252,244
2026-08-04_08-19-29,1,123,0,0.0,0,200.0,-1,-1,1,2,2,84,31,0,1,2,73,132,253,74,37,50,8,0,251,0,112,20,0,8,52,42,0,251,0,255,128,55,43,144,48,80,80,80,80,80,44,3,255,255,255,255,255,255,0,17,26,44,0,0,0,0,0,122,15,36,75,127,127,127,127,127,127,58,78,76,0,0,0,0,0,0,0,0,0,4,4,4,4,4,2,3,5,1,1,1,1,1,1,2,2,0,2,0,50,32,2,165,145,255,0,0,127,126,92,252,92,252,92,252,36,252,22,252,22,252,0,242,242,0,0,0,3,0,252,244,1,2,2,84,35,0,1,2,73,132,253,74,37,50,8,0,251,0,112,20,0,8,52,42,135,251,2,191,128,79,43,144,48,80,80,80,80,80,44,3,255,255,255,255,255,255,0,26,35,53,0,0,0,0,0,66,15,36,75,127,127,127,127,127,127,58,78,76,0,0,0,0,0,0,0,0,0,4,4,4,4,4,3,4,6,1,1,1,1,1,1,2,2,0,2,0,50,32,2,89,29,255,0,0,127,126,92,252,92,252,92,252,36,252,22,252,22,252,0,242,254,0,0,0,3,0,252,244
2026-08-04_08-19-29,1,124,0,0.0,0,200.0,-1,-1,1,2,2,84,35,0,1,2,73,132,253,74,37,50,8,0,251,0,112,20,0,8,52,42,135,251,2,191,128,79,43,144,48,80,80,80,80,80,44,3,255,255,255,255,255,255,0,26,35,53,0,0,0,0,0,66,15,36,75,127,127,127,127,127,127,58,78,76,0,0,0,0,0,0,0,0,0,4,4,4,4,4,3,4,6,1,1,1,1,1,1,2,2,0,2,0,50,32,2,89,29,255,0,0,127,126,92,252,92,252,92,252,36,252,22,252,22,252,0,242,254,0,0,0,3,0,252,244,1,2,2,84,39,0,1,2,73,132,253,74,37,50,8,0,251,0,112,20,0,8,52,42,135,251,2,191,128,77,43,144,48,80,80,80,80,80,44,3,255,255,255,255,255,255,0,35,44,62,0,0,0,0,0,10,15,36,75,127,127,127,127,127,127,58,78,76,0,0,0,0,0,0,0,0,0,4,4,4,4,4,4,5,7,1,1,1,1,1,1,2,2,0,2,0,50,32,2,145,221,255,0,0,127,126,92,252,92,252,92,252,36,252,22,252,22,252,0,242,253,0,0,0,3,0,252,244
2026-08-04_08-19-29,1,125,0,0.0,0,200.0,-1,-1,1,2,2,84,39,0,1,2,73,132,253,74,37,50,8,0,251,0,112,20,0,8,52,42,135,251,2,191,128,77,43,144,48,80,80,80,80,80,44,3,255,255,255,255,255,255,0,35,44,62,0,0,0,0,0,10,15,36,75,127,127,127,127,127,127,58,78,76,0,0,0,0,0,0,0,0,0,4,4,4,4,4,4,5,7,1,1,1,1,1,1,2,2,0,2,0,50,32,2,145,221,255,0,0,127,126,92,252,92,252,92,252,36,252,22,252,22,252,0,242,253,0,0,0,3,0,252,244,1,2,2,84,43,0,1,2,73,132,253,74,37,50,8,0,251,0,112,20,0,8,52,42,135,251,2,191,128,75,43,144,48,80,80,80,80,80,44,3,255,255,255,255,255,255,0,35,44,62,0,0,0,0,0,210,15,36,75,127,127,127,127,127,127,58,78,76,0,0,0,0,0,0,0,0,0,4,4,4,4,4,4,5,7,1,1,1,1,1,1,2,2,0,2,0,50,32,2,29,214,255,0,0,127,126,92,252,92,252,92,252,36,252,22,252,22,252,0,242,252,0,0,0,3,0,252,244
2026-08-04_08-19-29,1,126,0,0.0,0,200.0,-1,-1,1,2,2,84,43,0,1,2,73,132,253,74,37,50,8,0,251,0,112,20,0,8,52,42,135,251,2,191,128,75,43,144,48,80,80,80,80,80,44,3,255,255,255,255,255,255,0,35,44,62,0,0,0,0,0,210,15,36,75,127,127,127,127,127,127,58,78,76,0,0,0,0,0,0,0,0,0,4,4,4,4,4,4,5,7,1,1,1,1,1,1,2,2,0,2,0,50,32,2,29,214,255,0,0,127,126,92,252,92,252,92,252,36,252,22,252,22,252,0,242,252,0,0,0,3,0,252,244,1,2,2,84,47,0,1,2,73,132,253,74,37,50,8,0,251,0,112,20,0,8,52,42,135,251,2,191,128,73,43,144,48,80,80,80,80,80,44,3,255,255,255,255,255,255,0,44,53,71,0,0,0,0,0,154,15,36,75,127,127,127,127,127,127,58,78,76,0,0,0,0,0,0,0,0,0,4,4,4,4,4,5,6,8,1,1,1,1,1,1,2,2,0,2,0,50,32,2,221,100,255,0,0,127,126,92,252,92,252,92,252,36,252,22,252,22,252,0,242,251,0,0,0,3,0,252,244
2026-08-04_08-19-29,1,127,0,0.0,0,200.0,-1,-1,1,2,2,84,47,0,1,2,73,132,253,74,37,50,8,0,251,0,112,20,0,8,52,42,135,251,2,191,128,73,43,144,48,80,80,80,80,80,44,3,255,255,255,255,255,255,0,44,53,71,0,0,0,0,0,154,15,36,75,127,127,127,127,127,127,58,78,76,0,0,0,0,0,0,0,0,0,4,4,4,4,4,5,6,8,1,1,1,1,1,1,2,2,0,2,0,50,32,2,221,100,255,0,0,127,126,92,252,92,252,92,252,36,252,22,252,22,252,0,242,251,0,0,0,3,0,252,244,1,2,2,84,51,0,1,2,73,132,253,74,37,50,8,0,251,0,112,20,0,8,52,42,135,251,2,191,128,71,43,144,48,80,80,80,80,80,44,3,255,255,255,255,255,255,0,53,62,8,0,0,0,0,0,98,15,36,75,127,127,127,127,127,127,58,78,76,0,0,0,0,0,0,0,0,0,4,4,4,4,4,6,7,1,1,1,1,1,1,1,2,2,0,2,0,50,32,2,214,76,255,0,0,127,126,92,252,92,252,92,252,36,252,22,252,22,252,0,242,250,0,0,0,3,0,252,244
2026-08-04_08-19-29,1,128,0,0.0,0,200.0,-1,-1,1,2,2,84,51,0,1,2,73,132,253,74,37,50,8,0,251,0,112,20,0,8,52,42,135,251,2,191,128,71,43,144,48,80,80,80,80,80,44,3,255,255,255,255,255,255,0,53,62,8,0,0,0,0,0,98,15,36,75,127,127,127,127,127,127,58,78,76,0,0,0,0,0,0,0,0,0,4,4,4,4,4,6,7,1,1,1,1,1,1,1,2,2,0,2,0,50,32,2,214,76,255,0,0,127,126,92,252,92,252,92,252,36,252,22,252,22,252,0,242,250,0,0,0,3,0,252,244,1,2,2,84,55,0,1,2,73,132,253,74,37,50,8,0,251,0,112,20,0,8,52,42,135,251,2,191,128,69,43,144,48,80,80,80,80,80,44,3,255,255,255,255,255,255,0,62,71,17,0,0,0,0,0,42,15,36,75,127,127,127,127,127,127,58,78,76,0,0,0,0,0,0,0,0,0,4,4,4,4,4,7,8,2,1,1,1,1,1,1,2,2,0,2,0,50,32,2,100,207,255,0,0,127,126,92,252,92,252,92,252,36,252,22,252,22,252,0,242,249,0,0,0,3,0,252,244
2026-08-04_08-19-29,1,129,0,0.0,0,200.0,-1,-1,1,2,2,84,55,0,1,2,73,132,253,74,37,50,8,0,251,0,112,20,0,8,52,42,135,251,2,191,128,69,43,144,48,80,80,80,80,80,44,3,255,255,255,255,255,255,0,62,71,17,0,0,0,0,0,42,15,36,75,127,127,127,127,127,127,58,78,76,0,0,0,0,0,0,0,0,0,4,4,4,4,4,7,8,2,1,1,1,1,1,1,2,2,0,2,0,50,32,2,100,207,255,0,0,127,126,92,252,92,252,92,252,36,252,22,252,22,252,0,242,249,0,0,0,3,0,252,244,1,2,2,84,59,0,1,2,73,181,253,74,37,50,8,136,251,0,112,20,1,8,30,42,135,251,2,191,128,67,43,144,48,80,80,80,80,80,44,3,255,255,255,255,255,255,0,62,71,17,0,0,0,0,0,242,15,36,75,127,127,127,127,127,127,58,78,76,0,0,0,0,0,0,0,0,0,4,4,4,4,4,7,8,2,1,1,1,1,1,1,2,2,0,2,0,50,32,2,153,235,255,0,0,127,126,92,252,92,252,92,252,36,252,22,252,22,252,0,253,248,0,0,0,3,49,252,244
2026-08-04_08-19-29,1,130,1,0.0,0,200.0,-1,-1,1,2,2,84,59,0,1,2,73,181,253,74,37,50,8,136,251,0,112,20,1,8,30,42,135,251,2,191,128,67,43,144,48,80,80,80,80,80,44,3,255,255,255,255,255,255,0,62,71,17,0,0,0,0,0,242,15,36,75,127,127,127,127,127,127,58,78,76,0,0,0,0,0,0,0,0,0,4,4,4,4,4,7,8,2,1,1,1,1,1,1,2,2,0,2,0,50,32,2,153,235,255,0,0,127,126,92,252,92,252,92,252,36,252,22,252,22,252,0,253,248,0,0,0,3,49,252,244,1,2,2,84,63,0,1,2,73,181,253,74,37,50,8,136,251,0,112,20,1,8,38,42,135,251,2,191,128,65,43,144,48,80,80,80,80,80,44,3,255,255,255,255,255,255,0,71,44,26,0,0,0,0,0,186,15,36,75,127,127,127,127,127,127,58,78,76,0,0,0,0,0,0,0,0,0,4,4,4,4,4,8,19,3,1,1,1,1,1,1,2,2,0,2,0,50,32,2,158,181,255,0,0,127,126,92,252,92,252,92,252,36,252,22,252,22,252,0,249,247,0,0,0,3,49,252,244
2026-08-04_08-19-29,1,131,1,0.0,0,200.0,-1,-1,1,2,2,84,63,0,1,2,73,181,253,74,37,50,8,136,251,0,112,20,1,8,38,42,135,251,2,191,128,65,43,144,48,80,80,80,80,80,44,3,255,255,255,255,255,255,0,71,44,26,0,0,0,0,0,186,15,36,75,127,127,127,127,127,127,58,78,76,0,0,0,0,0,0,0,0,0,4,4,4,4,4,8,19,3,1,1,1,1,1,1,2,2,0,2,0,50,32,2,158,181,255,0,0,127,126,92,252,92,252,92,252,36,252,22,252,22,252,0,249,247,0,0,0,3,49,252,244,1,2,2,84,67,0,1,2,73,181,253,74,37,50,8,136,251,0,112,20,1,8,46,42,135,251,2,191,128,63,43,144,48,80,80,80,80,80,44,3,255,255,255,255,255,255,0,8,143,35,0,0,0,0,0,130,15,36,75,127,127,127,127,127,127,58,78,76,0,0,0,0,0,0,0,0,0,4,4,4,4,4,1,20,4,1,1,1,1,1,1,2,2,0,2,0,50,32,2,235,84,255,0,0,127,126,92,252,92,252,92,252,36,252,22,252,22,252,0,245,246,0,0,0,3,49,252,244
2026-08-04_08-19-29,1,132,0,0.0,0,200.0,-1,-1,1,2,2,84,67,0,1,2,73,181,253,74,37,50,8,136,251,0,112,20,1,8,46,42,135,251,2,191,128,63,43,144,48,80,80,80,80,80,44,3,255,255,255,255,255,255,0,8,143,35,0,0,0,0,0,130,15,36,75,127,127,127,127,127,127,58,78,76,0,0,0,0,0,0,0,0,0,4,4,4,4,4,1,20,4,1,1,1,1,1,1,2,2,0,2,0,50,32,2,235,84,255,0,0,127,126,92,252,92,252,92,252,36,252,22,252,22,252,0,245,246,0,0,0,3,49,252,244,1,2,2,84,71,0,1,2,73,132,253,74,37,50,8,136,251,0,112,20,1,8,54,42,135,251,2,191,128,61,43,144,48,80,80,80,80,80,44,3,255,255,255,255,255,255,0,17,44,44,0,0,0,0,0,74,15,37,75,127,127,127,127,127,127,58,78,76,0,0,0,0,0,0,0,0,0,4,4,4,4,4,2,21,5,1,1,1,1,1,1,2,2,0,2,0,50,32,2,181,71,255,0,0,127,126,92,252,92,252,92,252,36,252,22,252,22,252,0,241,245,0,0,0,3,0,252,244
2026-08-04_08-19-29,1,133,0,0.0,0,200.0,-1,-1,1,2,2,84,71,0,1,2,73,132,253,74,37,50,8,136,251,0,112,20,1,8,54,42,135,251,2,191,128,61,43,144,48,80,80,80,80,80,44,3,255,255,255,255,255,255,0,17,44,44,0,0,0,0,0,74,15,37,75,127,127,127,127,127,127,58,78,76,0,0,0,0,0,0,0,0,0,4,4,4,4,4,2,21,5,1,1,1,1,1,1,2,2,0,2,0,50,32,2,181,71,255,0,0,127,126,92,252,92,252,92,252,36,252,22,252,22,252,0,241,245,0,0,0,3,0,252,244,1,2,2,84,75,0,1,2,73,132,253,74,37,50,8,0,251,0,112,20,0,8,56,42,0,251,0,255,128,59,43,144,48,80,80,80,80,80,44,3,255,255,255,255,255,255,0,26,80,53,0,0,0,0,0,18,15,37,75,127,127,127,127,127,127,58,78,76,0,0,0,0,0,0,0,0,0,4,4,4,4,4,3,9,6,1,1,1,1,1,1,2,2,0,2,0,50,32,2,84,123,255,0,0,127,126,92,252,92,252,92,252,36,252,22,252,22,252,0,240,244,0,0,0,3,0,252,244
2026-08-04_08-19-29,1,134,0,0.0,0,200.0,-1,-1,1,2,2,84,75,0,1,2,73,132,253,74,37,50,8,0,251,0,112,20,0,8,56,42,0,251,0,255,128,59,43,144,48,80,80,80,80,80,44,3,255,255,255,255,255,255,0,26,80,53,0,0,0,0,0,18,15,37,75,127,127,127,127,127,127,58,78,76,0,0,0,0,0,0,0,0,0,4,4,4,4,4,3,9,6,1,1,1,1,1,1,2,2,0,2,0,50,32,2,84,123,255,0,0,127,126,92,252,92,252,92,252,36,252,22,252,22,252,0,240,244,0,0,0,3,0,252,244,1,2,2,84,79,0,1,2,73,132,253,74,37,50,8,0,251,0,112,20,0,8,56,42,0,251,0,255,128,59,43,144,48,80,80,80,80,80,44,3,255,255,255,255,255,255,0,26,80,53,0,0,0,0,0,218,15,37,75,127,127,127,127,127,127,58,78,76,0,0,0,0,0,0,0,0,0,4,4,4,4,4,3,9,6,1,1,1,1,1,1,2,2,0,2,0,50,32,2,71,191,255,0,0,127,126,92,252,92,252,92,252,36,252,22,252,22,252,0,240,244,0,0,0,3,0,252,244
2026-08-04_08-19-29,1,135,0,0.0,0,200.0,-1,-1,1,2,2,84,79,0,1,2,73,132,253,74,37,50,8,0,251,0,112,20,0,8,56,42,0,251,0,255,128,59,43,144,48,80,80,80,80,80,44,3,255,255,255,255,255,255,0,26,80,53,0,0,0,0,0,218,15,37,75,127,127,127,127,127,127,58,78,76,0,0,0,0,0,0,0,0,0,4,4,4,4,4,3,9,6,1,1,1,1,1,1,2,2,0,2,0,50,32,2,71,191,255,0,0,127,126,92,252,92,252,92,252,36,252,22,252,22,252,0,240,244,0,0,0,3,0,252,244,1,2,2,84,83,0,1,2,73,181,253,74,37,50,8,136,251,0,112,20,1,8,30,42,134,251,2,191,128,78,44,144,64,80,80,80,80,80,44,3,255,255,255,255,255,255,0,35,8,62,0,0,0,0,0,162,15,37,75,127,127,127,127,127,127,58,77,76,0,0,0,0,0,0,0,0,0,4,4,4,4,4,4,0,7,1,1,1,1,1,1,2,2,0,2,0,50,32,2,247,242,255,0,0,127,126,92,252,92,252,92,252,36,252,22,252,22,252,0,253,254,0,0,0,3,49,252,244
2026-08-04_08-19-29,1,136,1,0.0,0,200.0,-1,-1,1,2,2,84,83,0,1,2,73,181,253,74,37,50,8,136,251,0,112,20,1,8,30,42,134,251,2,191,128,78,44,144,64,80,80,80,80,80,44,3,255,255,255,255,255,255,0,35,8,62,0,0,0,0,0,162,15,37,75,127,127,127,127,127,127,58,77,76,0,0,0,0,0,0,0,0,0,4,4,4,4,4,4,0,7,1,1,1,1,1,1,2,2,0,2,0,50,32,2,247,242,255,0,0,127,126,92,252,92,252,92,252,36,252,22,252,22,252,0,253,254,0,0,0,3,49,252,244,1,2,2,84,87,0,1,2,73,181,253,74,37,50,8,136,251,0,112,20,1,8,38,42,134,251,2,191,128,76,44,144,64,80,80,80,80,80,44,3,255,255,255,255,255,255,0,44,8,71,0,0,0,0,0,106,15,37,75,127,127,127,127,127,127,58,77,76,0,0,0,0,0,0,0,0,0,4,4,4,4,4,5,1,8,1,1,1,1,1,1,2,2,0,2,0,50,32,2,127,35,255,0,0,127,126,92,252,92,252,92,252,36,252,22,252,22,252,0,249,253,0,0,0,3,49,252,244
2026-08-04_08-19-29,1,137,1,0.0,0,200.0,-1,-1,1,2,2,84,87,0,1,2,73,181,253,74,37,50,8,136,251,0,112,20,1,8,38,42,134,251,2,191,128,76,44,144,64,80,80,80,80,80,44,3,255,255,255,255,255,255,0,44,8,71,0,0,0,0,0,106,15,37,75,127,127,127,127,127,127,58,77,76,0,0,0,0,0,0,0,0,0,4,4,4,4,4,5,1,8,1,1,1,1,1,1,2,2,0,2,0,50,32,2,127,35,255,0,0,127,126,92,252,92,252,92,252,36,252,22,252,22,252,0,249,253,0,0,0,3,49,252,244,1,2,2,84,91,0,1,2,73,181,253,74,37,50,8,136,251,0,112,20,1,8,46,42,134,251,2,191,128,74,44,144,64,80,80,80,80,80,44,3,255,255,255,255,255,255,0,53,17,8,0,0,0,0,0,50,15,37,75,127,127,127,127,127,127,58,77,76,0,0,0,0,0,0,0,0,0,4,4,4,4,4,6,2,1,1,1,1,1,1,1,2,2,0,2,0,50,32,2,242,48,255,0,0,127,126,92,252,92,252,92,252,36,252,22,252,22,252,0,245,252,0,0,0,3,49,252,244
2026-08-04_08-19-29,1,138,1,0.0,0,200.0,-1,-1,1,2,2,84,91,0,1,2,73,181,253,74,37,50,8,136,251,0,112,20,1,8,46,42,134,251,2,191,128,74,44,144,64,80,80,80,80,80,44,3,255,255,255,255,255,255,0,53,17,8,0,0,0,0,0,50,15,37,75,127,127,127,127,127,127,58,77,76,0,0,0,0,0,0,0,0,0,4,4,4,4,4,6,2,1,1,1,1,1,1,1,2,2,0,2,0,50,32,2,242,48,255,0,0,127,126,92,252,92,252,92,252,36,252,22,252,22,252,0,245,252,0,0,0,3,49,252,244,1,2,2,84,95,0,1,2,73,132,253,74,37,50,8,136,251,0,112,20,1,8,54,42,134,251,2,191,128,72,44,144,64,80,80,80,80,80,44,3,255,255,255,255,255,255,0,53,17,8,0,0,0,0,0,250,15,37,75,127,127,127,127,127,127,58,77,76,0,0,0,0,0,0,0,0,0,4,4,4,4,4,6,2,1,1,1,1,1,1,1,2,2,0,2,0,50,32,2,35,2,255,0,0,127,126,92,252,92,252,92,252,36,252,22,252,22,252,0,241,251,0,0,0,3,0,252,244
2026-08-04_08-19-29,1,139,0,0.0,0,200.0,-1,-1,1,2,2,84,95,0,1,2,73,132,253,74,37,50,8,136,251,0,112,20,1,8,54,42,134,251,2,191,128,72,44,144,64,80,80,80,80,80,44,3,255,255,255,255,255,255,0,53,17,8,0,0,0,0,0,250,15,37,75,127,127,127,127,127,127,58,77,76,0,0,0,0,0,0,0,0,0,4,4,4,4,4,6,2,1,1,1,1,1,1,1,2,2,0,2,0,50,32,2,35,2,255,0,0,127,126,92,252,92,252,92,252,36,252,22,252,22,252,0,241,251,0,0,0,3,0,252,244,1,2,2,84,99,0,1,2,73,132,253,74,37,50,8,136,251,0,112,20,1,8,62,42,134,251,2,191,128,70,44,144,64,80,80,80,80,80,44,3,255,255,255,255,255,255,0,62,26,17,0,0,0,0,0,194,15,37,75,127,127,127,127,127,127,58,77,76,0,0,0,0,0,0,0,0,0,4,4,4,4,4,7,3,2,1,1,1,1,1,1,2,2,0,2,0,50,32,2,48,44,255,0,0,127,126,92,252,92,252,92,252,36,252,22,252,22,252,0,237,250,0,0,0,3,0,252,244
2026-08-04_08-19-29,1,140,0,0.0,0,200.0,-1,-1,1,2,2,84,99,0,1,2,73,132,253,74,37,50,8,136,251,0,112,20,1,8,62,42,134,251,2,191,128,70,44,144,64,80,80,80,80,80,44,3,255,255,255,255,255,255,0,62,26,17,0,0,0,0,0,194,15,37,75,127,127,127,127,127,127,58,77,76,0,0,0,0,0,0,0,0,0,4,4,4,4,4,7,3,2,1,1,1,1,1,1,2,2,0,2,0,50,32,2,48,44,255,0,0,127,126,92,252,92,252,92,252,36,252,22,252,22,252,0,237,250,0,0,0,3,0,252,244,1,2,2,84,103,0,1,2,73,132,253,74,37,50,8,136,251,0,112,20,1,8,70,42,134,251,2,191,128,68,44,144,64,80,80,80,80,80,44,3,255,255,255,255,255,255,0,71,35,26,0,0,0,0,0,138,15,37,75,127,127,127,127,127,127,58,77,76,0,0,0,0,0,0,0,0,0,4,4,4,4,4,8,4,3,1,1,1,1,1,1,2,2,0,2,0,50,32,2,2,202,255,0,0,127,126,92,252,92,252,92,252,36,252,22,252,22,252,0,233,249,0,0,0,3,0,252,244
2026-08-04_08-19-29,1,141,0,0.0,0,200.0,-1,-1,1,2,2,84,103,0,1,2,73,132,253,74,37,50,8,136,251,0,112,20,1,8,70,42,134,251,2,191,128,68,44,144,64,80,80,80,80,80,44,3,255,255,255,255,255,255,0,71,35,26,0,0,0,0,0,138,15,37,75,127,127,127,127,127,127,58,77,76,0,0,0,0,0,0,0,0,0,4,4,4,4,4,8,4,3,1,1,1,1,1,1,2,2,0,2,0,50,32,2,2,202,255,0,0,127,126,92,252,92,252,92,252,36,252,22,252,22,252,0,233,249,0,0,0,3,0,252,244,1,2,2,84,107,0,1,2,73,132,253,74,37,50,8,136,251,0,112,20,1,8,78,42,134,251,2,191,128,66,44,144,64,80,80,80,80,80,44,3,255,255,255,255,255,255,0,8,44,35,0,0,0,0,0,82,15,37,75,127,127,127,127,127,127,58,77,76,0,0,0,0,0,0,0,0,0,4,4,4,4,4,1,5,4,1,1,1,1,1,1,2,2,0,2,0,50,32,2,44,160,255,0,0,127,126,92,252,92,252,92,252,36,252,22,252,22,252,0,229,248,0,0,0,3,0,252,244
2026-08-04_08-19-29,1,142,1,0.0,0,200.0,-1,-1,1,2,2,84,107,0,1,2,73,132,253,74,37,50,8,136,251,0,112,20,1,8,78,42,134,251,2,191,128,66,44,144,64,80,80,80,80,80,44,3,255,255,255,255,255,255,0,8,44,35,0,0,0,0,0,82,15,37,75,127,127,127,127,127,127,58,77,76,0,0,0,0,0,0,0,0,0,4,4,4,4,4,1,5,4,1,1,1,1,1,1,2,2,0,2,0,50,32,2,44,160,255,0,0,127,126,92,252,92,252,92,252,36,252,22,252,22,252,0,229,248,0,0,0,3,0,252,244,1,2,2,84,111,0,1,2,73,181,253,74,37,50,8,136,251,0,112,20,1,8,34,42,134,251,2,191,128,64,44,144,64,80,80,80,80,80,44,3,255,255,255,255,255,255,0,17,170,44,0,0,0,0,0,26,15,37,75,127,127,127,127,127,127,58,77,76,0,0,0,0,0,0,0,0,0,4,4,4,4,4,2,25,5,1,1,1,1,1,1,2,2,0,2,0,50,32,2,148,29,255,0,0,127,126,92,252,92,252,92,252,36,252,22,252,22,252,0,251,247,0,0,0,3,49,252,244
2026-08-04_08-19-29,1,143,1,50.0,0,250.0,-1,-1,1,2,2,84,111,0,1,2,73,181,253,74,37,50,8,136,251,0,112,20,1,8,34,42,134,251,2,191,128,64,44,144,64,80,80,80,80,80,44,3,255,255,255,255,255,255,0,17,170,44,0,0,0,0,0,26,15,37,75,127,127,127,127,127,127,58,77,76,0,0,0,0,0,0,0,0,0,4,4,4,4,4,2,25,5,1,1,1,1,1,1,2,2,0,2,0,50,32,2,148,29,255,0,0,127,126,92,252,92,252,92,252,36,252,22,252,22,252,0,251,247,0,0,0,3,49,252,244,1,2,2,84,115,0,1,2,73,181,253,74,37,50,8,136,251,0,112,20,1,8,42,42,134,251,2,191,128,62,44,144,80,80,80,80,80,80,44,3,255,255,255,255,255,255,0,17,44,0,0,0,0,0,0,230,15,75,127,127,127,127,127,127,127,58,76,0,0,0,0,0,0,0,0,0,4,4,4,4,4,4,2,5,1,1,1,1,1,1,1,3,2,0,2,80,52,32,2,65,215,255,0,0,127,126,92,252,92,252,92,252,36,252,57,252,22,252,0,247,12,0,0,0,2,49,252,244
2026-08-04_08-19-29,1,144,0,0.0,0,250.0,-1,-1,1,2,2,84,115,0,1,2,73,181,253,74,37,50,8,136,251,0,112,20,1,8,42,42,134,251,2,191,128,62,44,144,80,80,80,80,80,80,44,3,255,255,255,255,255,255,0,17,44,0,0,0,0,0,0,230,15,75,127,127,127,127,127,127,127,58,76,0,0,0,0,0,0,0,0,0,4,4,4,4,4,4,2,5,1,1,1,1,1,1,1,3,2,0,2,80,52,32,2,65,215,255,0,0,127,126,92,252,92,252,92,252,36,252,57,252,22,252,0,247,12,0,0,0,2,49,252,244,1,2,2,84,119,0,1,2,73,132,253,74,37,50,8,136,251,0,112,20,1,8,50,42,134,251,2,191,128,60,44,144,80,80,80,80,80,80,44,3,255,255,255,255,255,255,0,26,53,0,0,0,0,0,0,182,15,75,127,127,127,127,127,127,127,58,76,0,0,0,0,0,0,0,0,0,4,4,4,4,4,4,3,6,1,1,1,1,1,1,1,3,2,0,2,80,52,32,2,29,120,255,0,0,127,126,92,252,92,252,92,252,36,252,57,252,22,252,0,243,8,0,0,0,2,0,252,244
2026-08-04_08-19-29,1,145,1,0.0,0,250.0,-1,-1,1,2,2,84,119,0,1,2,73,132,253,74,37,50,8,136,251,0,112,20,1,8,50,42,134,251,2,191,128,60,44,144,80,80,80,80,80,80,44,3,255,255,255,255,255,255,0,26,53,0,0,0,0,0,0,182,15,75,127,127,127,127,127,127,127,58,76,0,0,0,0,0,0,0,0,0,4,4,4,4,4,4,3,6,1,1,1,1,1,1,1,3,2,0,2,80,52,32,2,29,120,255,0,0,127,126,92,252,92,252,92,252,36,252,57,252,22,252,0,243,8,0,0,0,2,0,252,244,1,2,2,84,123,0,1,2,73,181,253,74,37,50,8,136,251,0,112,20,1,8,58,42,134,251,2,191,128,58,44,144,80,80,80,80,80,80,44,3,255,255,255,255,255,255,0,35,62,0,0,0,0,0,0,134,15,75,127,127,127,127,127,127,127,58,76,0,0,0,0,0,0,0,0,0,4,4,4,4,4,4,4,7,1,1,1,1,1,1,1,3,2,0,2,80,52,32,2,215,132,255,0,0,127,126,92,252,92,252,92,252,36,252,57,252,22,252,0,239,4,0,0,0,2,49,252,244
2026-08-04_08-19-29,1,146,1,0.0,0,250.0,-1,-1,1,2,2,84,123,0,1,2,73,181,253,74,37,50,8,136,251,0,112,20,1,8,58,42,134,251,2,191,128,58,44,144,80,80,80,80,80,80,44,3,255,255,255,255,255,255,0,35,62,0,0,0,0,0,0,134,15,75,127,127,127,127,127,127,127,58,76,0,0,0,0,0,0,0,0,0,4,4,4,4,4,4,4,7,1,1,1,1,1,1,1,3,2,0,2,80,52,32,2,215,132,255,0,0,127,126,92,252,92,252,92,252,36,252,57,252,22,252,0,239,4,0,0,0,2,49,252,244,1,2,2,84,127,0,1,2,73,181,253,74,37,50,8,136,251,0,112,20,1,8,66,42,134,251,2,191,128,56,44,144,80,80,80,80,80,80,44,3,255,255,255,255,255,255,0,44,71,0,0,0,0,0,0,86,15,75,127,127,127,127,127,127,127,58,76,0,0,0,0,0,0,0,0,0,4,4,4,4,4,4,5,8,1,1,1,1,1,1,1,3,2,0,2,80,52,32,2,120,79,255,0,0,127,126,92,252,92,252,92,252,36,252,57,252,22,252,0,235,0,0,0,0,2,49,252,244
2026-08-04_08-19-29,1,147,1,0.0,0,250.0,-1,-1,1,2,2,84,127,0,1,2,73,181,253,74,37,50,8,136,251,0,112,20,1,8,66,42,134,251,2,191,128,56,44,144,80,80,80,80,80,80,44,3,255,255,255,255,255,255,0,44,71,0,0,0,0,0,0,86,15,75,127,127,127,127,127,127,127,58,76,0,0,0,0,0,0,0,0,0,4,4,4,4,4,4,5,8,1,1,1,1,1,1,1,3,2,0,2,80,52,32,2,120,79,255,0,0,127,126,92,252,92,252,92,252,36,252,57,252,22,252,0,235,0,0,0,0,2,49,252,244,1,2,2,84,131,0,1,2,73,181,253,74,37,50,8,136,251,0,112,20,1,8,74,42,134,251,2,191,128,54,44,144,80,80,80,80,80,80,44,3,255,255,255,255,255,255,0,53,8,0,0,0,0,0,0,38,15,75,127,127,127,127,127,127,127,58,76,0,0,0,0,0,0,0,0,0,4,4,4,4,4,4,6,1,1,1,1,1,1,1,1,3,2,0,2,80,52,32,2,132,241,255,0,0,127,126,92,252,92,252,92,252,36,252,57,252,22,252,0,231,0,0,0,0,2,49,252,244
2026-08-04_08-19-29,1,148,1,0.0,0,250.0,-1,-1,1,2,2,84,131,0,1,2,73,181,253,74,37,50,8,136,251,0,112,20,1,8,74,42,134,251,2,191,128,54,44,144,80,80,80,80,80,80,44,3,255,255,255,255,255,255,0,53,8,0,0,0,0,0,0,38,15,75,127,127,127,127,127,127,127,58,76,0,0,0,0,0,0,0,0,0,4,4,4,4,4,4,6,1,1,1,1,1,1,1,1,3,2,0,2,80,52,32,2,132,241,255,0,0,127,126,92,252,92,252,92,252,36,252,57,252,22,252,0,231,0,0,0,0,2,49,252,244,1,2,2,84,135,0,1,2,73,181,253,74,37,50,8,136,251,0,112,20,1,8,82,42,134,251,2,191,128,52,44,144,80,80,80,80,80,80,44,3,255,255,255,255,255,255,0,53,8,0,0,0,0,0,0,246,15,75,127,127,127,127,127,127,127,58,76,0,0,0,0,0,0,0,0,0,4,4,4,4,4,4,6,1,1,1,1,1,1,1,1,3,2,0,2,80,52,32,2,79,17,255,0,0,127,126,92,252,92,252,92,252,36,252,57,252,22,252,0,227,0,0,0,0,2,49,252,244
2026-08-04_08-19-29,1,149,1,0.0,0,250.0,-1,-1,1,2,2,84,135,0,1,2,73,181,253,74,37,50,8,136,251,0,112,20,1,8,82,42,134,251,2,191,128,52,44,144,80,80,80,80,80,80,44,3,255,255,255,255,255,255,0,53,8,0,0,0,0,0,0,246,15,75,127,127,127,127,127,127,127,58,76,0,0,0,0,0,0,0,0,0,4,4,4,4,4,4,6,1,1,1,1,1,1,1,1,3,2,0,2,80,52,32,2,79,17,255,0,0,127,126,92,252,92,252,92,252,36,252,57,252,22,252,0,227,0,0,0,0,2,49,252,244,1,2,2,84,139,0,1,2,73,132,253,74,37,50,8,136,251,0,112,20,1,8,90,42,134,251,2,191,128,50,44,144,80,80,80,80,80,80,44,3,255,255,255,255,255,255,0,62,17,0,0,0,0,0,0,198,15,75,127,127,127,127,127,127,127,58,76,0,0,0,0,0,0,0,0,0,4,4,4,4,4,4,7,2,1,1,1,1,1,1,1,3,2,0,2,80,52,32,2,241,26,255,0,0,127,126,92,252,92,252,92,252,36,252,57,252,22,252,0,225,0,0,0,0,2,0,252,244
2026-08-04_08-19-29,1,150,1,0.0,0,250.0,-1,-1,1,2,2,84,139,0,1,2,73,132,253,74,37,50,8,136,251,0,112,20,1,8,90,42,134,251,2,191,128,50,44,144,80,80,80,80,80,80,44,3,255,255,255,255,255,255,0,62,17,0,0,0,0,0,0,198,15,75,127,127,127,127,127,127,127,58,76,0,0,0,0,0,0,0,0,0,4,4,4,4,4,4,7,2,1,1,1,1,1,1,1,3,2,0,2,80,52,32,2,241,26,255,0,0,127,126,92,252,92,252,92,252,36,252,57,252,22,252,0,225,0,0,0,0,2,0,252,244,1,2,2,84,143,0,1,2,73,181,253,74,37,50,8,136,251,0,112,20,1,8,98,42,134,251,2,191,128,48,44,144,80,80,80,80,80,80,44,3,255,255,255,255,255,255,0,71,26,0,0,0,0,0,0,150,15,75,127,127,127,127,127,127,127,58,76,0,0,0,0,0,0,0,0,0,4,4,4,4,4,4,8,3,1,1,1,1,1,1,1,3,2,0,2,80,52,32,2,17,162,255,0,0,127,126,92,252,92,252,92,252,36,252,57,252,22,252,0,225,0,0,0,0,2,49,252,244
2026-08-04_08-19-29,1,151,1,0.0,0,250.0,-1,-1,1,2,2,84,143,0,1,2,73,181,253,74,37,50,8,136,251,0,112,20,1,8,98,42,134,251,2,191,128,48,44,144,80,80,80,80,80,80,44,3,255,255,255,255,255,255,0,71,26,0,0,0,0,0,0,150,15,75,127,127,127,127,127,127,127,58,76,0,0,0,0,0,0,0,0,0,4,4,4,4,4,4,8,3,1,1,1,1,1,1,1,3,2,0,2,80,52,32,2,17,162,255,0,0,127,126,92,252,92,252,92,252,36,252,57,252,22,252,0,225,0,0,0,0,2,49,252,244,1,2,2,84,147,0,1,2,73,132,253,74,37,50,8,136,251,0,112,20,1,8,106,42,134,251,2,191,128,46,44,144,80,80,80,80,80,80,44,3,255,255,255,255,255,255,0,8,35,0,0,0,0,0,0,102,15,75,127,127,127,127,127,127,127,58,76,0,0,0,0,0,0,0,0,0,4,4,4,4,4,4,1,4,1,1,1,1,1,1,1,3,2,0,2,80,52,32,2,26,38,255,0,0,127,126,92,252,92,252,92,252,36,252,57,252,22,252,0,225,0,0,0,0,2,0,252,244
2026-08-04_08-19-29,1,152,0,0.0,0,250.0,-1,-1,1,2,2,84,147,0,1,2,73,132,253,74,37,50,8,136,251,0,112,20,1,8,106,42,134,251,2,191,128,46,44,144,80,80,80,80,80,80,44,3,255,255,255,255,255,255,0,8,35,0,0,0,0,0,0,102,15,75,127,127,127,127,127,127,127,58,76,0,0,0,0,0,0,0,0,0,4,4,4,4,4,4,1,4,1,1,1,1,1,1,1,3,2,0,2,80,52,32,2,26,38,255,0,0,127,126,92,252,92,252,92,252,36,252,57,252,22,252,0,225,0,0,0,0,2,0,252,244,1,2,2,84,151,0,1,2,73,132,253,74,37,50,8,136,251,0,112,20,1,8,114,42,134,251,2,191,128,44,44,144,80,80,80,80,80,80,44,3,255,255,255,255,255,255,0,17,44,0,0,0,0,0,0,54,15,75,127,127,127,127,127,127,127,58,76,0,0,0,0,0,0,0,0,0,4,4,4,4,4,4,2,5,1,1,1,1,1,1,1,3,2,0,2,80,52,32,2,162,101,255,0,0,127,126,92,252,92,252,92,252,36,252,57,252,22,252,0,225,0,0,0,0,2,0,252,244
2026-08-04_08-19-29,1,153,1,0.0,0,250.0,-1,-1,1,2,2,84,151,0,1,2,73,132,253,74,37,50,8,136,251,0,112,20,1,8,114,42,134,251,2,191,128,44,44,144,80,80,80,80,80,80,44,3,255,255,255,255,255,255,0,17,44,0,0,0,0,0,0,54,15,75,127,127,127,127,127,127,127,58,76,0,0,0,0,0,0,0,0,0,4,4,4,4,4,4,2,5,1,1,1,1,1,1,1,3,2,0,2,80,52,32,2,162,101,255,0,0,127,126,92,252,92,252,92,252,36,252,57,252,22,252,0,225,0,0,0,0,2,0,252,244,1,2,2,84,155,0,1,2,73,181,253,74,37,50,8,136,251,0,112,20,1,8,122,42,134,251,2,191,128,42,44,144,80,80,80,80,80,80,44,3,255,255,255,255,255,255,0,26,53,0,0,0,0,0,0,6,15,75,127,127,127,127,127,127,127,58,76,0,0,0,0,0,0,0,0,0,4,4,4,4,4,4,3,6,1,1,1,1,1,1,1,3,2,0,2,80,52,32,2,38,92,255,0,0,127,126,92,252,92,252,92,252,36,252,57,252,22,252,0,225,0,0,0,0,2,49,252,244
2026-08-04_08-19-29,1,154,1,0.0,0,250.0,-1,-1,1,2,2,84,155,0,1,2,73,181,253,74,37,50,8,136,251,0,112,20,1,8,122,42,134,251,2,191,128,42,44,144,80,80,80,80,80,80,44,3,255,255,255,255,255,255,0,26,53,0,0,0,0,0,0,6,15,75,127,127,127,127,127,127,127,58,76,0,0,0,0,0,0,0,0,0,4,4,4,4,4,4,3,6,1,1,1,1,1,1,1,3,2,0,2,80,52,32,2,38,92,255,0,0,127,126,92,252,92,252,92,252,36,252,57,252,22,252,0,225,0,0,0,0,2,49,252,244,1,2,2,84,159,0,1,2,73,181,253,74,37,50,8,136,251,0,112,20,1,8,130,42,134,251,2,191,128,40,44,144,80,80,80,80,80,80,44,3,255,255,255,255,255,255,0,26,53,0,0,0,0,0,0,214,15,75,127,127,127,127,127,127,127,58,76,0,0,0,0,0,0,0,0,0,4,4,4,4,4,4,3,6,1,1,1,1,1,1,1,3,2,0,2,80,52,32,2,101,205,255,0,0,127,126,92,252,92,252,92,252,36,252,57,252,22,252,0,225,0,0,0,0,2,49,252,244
2026-08-04_08-19-29,1,155,1,0.0,0,250.0,-1,-1,1,2,2,84,159,0,1,2,73,181,253,74,37,50,8,136,251,0,112,20,1,8,130,42,134,251,2,191,128,40,44,144,80,80,80,80,80,80,44,3,255,255,255,255,255,255,0,26,53,0,0,0,0,0,0,214,15,75,127,127,127,127,127,127,127,58,76,0,0,0,0,0,0,0,0,0,4,4,4,4,4,4,3,6,1,1,1,1,1,1,1,3,2,0,2,80,52,32,2,101,205,255,0,0,127,126,92,252,92,252,92,252,36,252,57,252,22,252,0,225,0,0,0,0,2,49,252,244,1,2,2,84,163,0,1,2,73,132,253,74,37,50,8,136,251,0,112,20,1,8,138,42,134,251,2,191,128,38,44,144,80,80,80,80,80,80,44,3,255,255,255,255,255,255,0,35,62,0,0,0,0,0,0,166,15,75,127,127,127,127,127,127,127,58,76,0,0,0,0,0,0,0,0,0,4,4,4,4,4,4,4,7,1,1,1,1,1,1,1,3,2,0,2,80,52,32,2,92,213,255,0,0,127,126,92,252,92,252,92,252,36,252,57,252,22,252,0,225,0,0,0,0,2,0,252,244
2026-08-04_08-19-29,1,156,1,0.0,0,250.0,-1,-1,1,2,2,84,163,0,1,2,73,132,253,74,37,50,8,136,251,0,112,20,1,8,138,42,134,251,2,191,128,38,44,144,80,80,80,80,80,80,44,3,255,255,255,255,255,255,0,35,62,0,0,0,0,0,0,166,15,75,127,127,127,127,127,127,127,58,76,0,0,0,0,0,0,0,0,0,4,4,4,4,4,4,4,7,1,1,1,1,1,1,1,3,2,0,2,80,52,32,2,92,213,255,0,0,127,126,92,252,92,252,92,252,36,252,57,252,22,252,0,225,0,0,0,0,2,0,252,244,1,2,2,84,167,0,1,2,73,181,253,74,37,50,8,136,251,0,112,20,1,8,146,42,134,251,2,191,128,36,44,144,80,80,80,80,80,80,44,3,255,255,255,255,255,255,0,44,71,0,0,0,0,0,0,118,15,75,127,127,127,127,127,127,127,58,76,0,0,0,0,0,0,0,0,0,4,4,4,4,4,4,5,8,1,1,1,1,1,1,1,3,2,0,2,80,52,32,2,205,92,255,0,0,127,126,92,252,92,252,92,252,36,252,57,252,22,252,0,225,0,0,0,0,2,49,252,244
2026-08-04_08-19-29,1,157,1,0.0,0,250.0,-1,-1,1,2,2,84,167,0,1,2,73,181,253,74,37,50,8,136,251,0,112,20,1,8,146,42,134,251,2,191,128,36,44,144,80,80,80,80,80,80,44,3,255,255,255,255,255,255,0,44,71,0,0,0,0,0,0,118,15,75,127,127,127,127,127,127,127,58,76,0,0,0,0,0,0,0,0,0,4,4,4,4,4,4,5,8,1,1,1,1,1,1,1,3,2,0,2,80,52,32,2,205,92,255,0,0,127,126,92,252,92,252,92,252,36,252,57,252,22,252,0,225,0,0,0,0,2,49,252,244,1,2,2,84,171,0,1,2,73,181,253,74,37,50,8,136,251,0,112,20,1,8,32,42,134,251,2,191,128,34,44,144,80,80,80,80,80,80,44,3,255,255,255,255,255,255,0,53,8,0,0,0,0,0,0,70,15,75,127,127,127,127,127,127,127,58,76,0,0,0,0,0,0,0,0,0,4,4,4,4,4,4,6,1,1,1,1,1,1,1,1,3,2,0,2,80,52,32,2,171,149,255,0,0,127,126,92,252,92,252,92,252,36,252,57,252,22,252,0,252,0,0,0,0,2,49,252,244
2026-08-04_08-19-29,1,158,0,0.0,0,250.0,-1,-1,1,2,2,84,171,0,1,2,73,181,253,74,37,50,8,136,251,0,112,20,1,8,32,42,134,251,2,191,128,34,44,144,80,80,80,80,80,80,44,3,255,255,255,255,255,255,0,53,8,0,0,0,0,0,0,70,15,75,127,127,127,127,127,127,127,58,76,0,0,0,0,0,0,0,0,0,4,4,4,4,4,4,6,1,1,1,1,1,1,1,1,3,2,0,2,80,52,32,2,171,149,255,0,0,127,126,92,252,92,252,92,252,36,252,57,252,22,252,0,252,0,0,0,0,2,49,252,244,1,2,2,84,175,0,1,2,73,132,253,74,37,50,8,136,251,0,112,20,1,8,40,42,134,251,2,191,128,32,44,144,80,80,80,80,80,80,44,3,255,255,255,255,255,255,0,62,17,0,0,0,0,0,0,22,15,75,127,127,127,127,127,127,127,58,76,0,0,0,0,0,0,0,0,0,4,4,4,4,4,4,7,2,1,1,1,1,1,1,1,3,2,0,2,80,52,32,2,185,95,255,0,0,127,126,92,252,92,252,92,252,36,252,57,252,22,252,0,248,0,0,0,0,2,0,252,244
2026-08-04_08-19-29,1,159,1,0.0,0,250.0,-1,-1,1,2,2,84,175,0,1,2,73,132,253,74,37,50,8,136,251,0,112,20,1,8,40,42,134,251,2,191,128,32,44,144,80,80,80,80,80,80,44,3,255,255,255,255,255,255,0,62,17,0,0,0,0,0,0,22,15,75,127,127,127,127,127,127,127,58,76,0,0,0,0,0,0,0,0,0,4,4,4,4,4,4,7,2,1,1,1,1,1,1,1,3,2,0,2,80,52,32,2,185,95,255,0,0,127,126,92,252,92,252,92,252,36,252,57,252,22,252,0,248,0,0,0,0,2,0,252,244,1,2,2,84,179,0,1,2,73,181,253,74,37,50,8,136,251,0,112,20,1,8,48,42,134,251,2,191,128,30,44,144,80,80,80,80,80,80,44,3,255,255,255,255,255,255,0,62,17,0,0,0,0,0,0,230,15,75,127,127,127,127,127,127,127,58,76,0,0,0,0,0,0,0,0,0,4,4,4,4,4,4,7,2,1,1,1,1,1,1,1,3,2,0,2,80,52,32,2,149,249,255,0,0,127,126,92,252,92,252,92,252,36,252,57,252,22,252,0,244,0,0,0,0,2,49,252,244
2026-08-04_08-19-29,1,160,1,0.0,0,250.0,-1,-1,1,2,2,84,179,0,1,2,73,181,253,74,37,50,8,136,251,0,112,20,1,8,48,42,134,251,2,191,128,30,44,144,80,80,80,80,80,80,44,3,255,255,255,255,255,255,0,62,17,0,0,0,0,0,0,230,15,75,127,127,127,127,127,127,127,58,76,0,0,0,0,0,0,0,0,0,4,4,4,4,4,4,7,2,1,1,1,1,1,1,1,3,2,0,2,80,52,32,2,149,249,255,0,0,127,126,92,252,92,252,92,252,36,252,57,252,22,252,0,244,0,0,0,0,2,49,252,244,1,2,2,84,183,0,1,2,73,181,253,74,37,50,8,136,251,0,112,20,1,8,56,42,134,251,2,191,128,28,44,144,80,80,80,80,80,80,44,3,255,255,255,255,255,255,0,71,26,0,0,0,0,0,0,182,15,75,127,127,127,127,127,127,127,58,76,0,0,0,0,0,0,0,0,0,4,4,4,4,4,4,8,3,1,1,1,1,1,1,1,3,2,0,2,80,52,32,2,95,151,255,0,0,127,126,92,252,92,252,92,252,36,252,57,252,22,252,0,240,0,0,0,0,2,49,252,244
2026-08-04_08-19-29,1,161,3,0.0,0,250.0,-1,-1,1,2,2,84,183,0,1,2,73,181,253,74,37,50,8,136,251,0,112,20,1,8,56,42,134,251,2,191,128,28,44,144,80,80,80,80,80,80,44,3,255,255,255,255,255,255,0,71,26,0,0,0,0,0,0,182,15,75,127,127,127,127,127,127,127,58,76,0,0,0,0,0,0,0,0,0,4,4,4,4,4,4,8,3,1,1,1,1,1,1,1,3,2,0,2,80,52,32,2,95,151,255,0,0,127,126,92,252,92,252,92,252,36,252,57,252,22,252,0,240,0,0,0,0,2,49,252,244,1,2,2,84,187,0,1,2,73,132,253,74,37,50,8,136,251,6,224,20,1,8,64,42,0,251,0,255,128,26,44,144,80,80,80,80,80,80,44,3,255,255,255,255,255,255,0,80,35,0,0,0,0,0,0,134,15,75,127,127,127,127,127,127,127,58,76,0,0,0,0,0,0,0,0,0,4,4,4,4,4,4,9,4,1,1,1,1,1,1,1,3,2,0,2,80,52,32,2,249,124,255,0,0,255,126,92,252,92,252,92,252,36,252,57,252,22,252,0,8,0,0,0,0,2,0,252,244
2026-08-04_08-19-29,1,162,0,0.0,0,250.0,-1,-1,1,2,2,84,187,0,1,2,73,132,253,74,37,50,8,136,251,6,224,20,1,8,64,42,0,251,0,255,128,26,44,144,80,80,80,80,80,80,44,3,255,255,255,255,255,255,0,80,35,0,0,0,0,0,0,134,15,75,127,127,127,127,127,127,127,58,76,0,0,0,0,0,0,0,0,0,4,4,4,4,4,4,9,4,1,1,1,1,1,1,1,3,2,0,2,80,52,32,2,249,124,255,0,0,255,126,92,252,92,252,92,252,36,252,57,252,22,252,0,8,0,0,0,0,2,0,252,244,1,2,2,84,191,0,1,2,73,132,253,74,37,50,8,136,251,10,224,20,1,8,72,42,0,251,0,255,128,26,44,160,80,80,80,80,80,80,44,3,255,255,255,255,255,255,0,89,44,0,0,0,0,0,0,86,15,75,127,127,127,127,127,127,127,57,76,0,0,0,0,0,0,0,0,0,4,4,4,4,4,4,10,5,1,1,1,1,1,1,1,3,2,0,2,80,52,32,2,151,193,255,0,0,255,126,92,252,92,252,92,252,36,252,57,252,22,252,0,8,0,0,0,0,2,0,252,244
2026-08-04_08-19-29,1,163,0,0.0,0,250.0,-1,-1,1,2,2,84,191,0,1,2,73,132,253,74,37,50,8,136,251,10,224,20,1,8,72,42,0,251,0,255,128,26,44,160,80,80,80,80,80,80,44,3,255,255,255,255,255,255,0,89,44,0,0,0,0,0,0,86,15,75,127,127,127,127,127,127,127,57,76,0,0,0,0,0,0,0,0,0,4,4,4,4,4,4,10,5,1,1,1,1,1,1,1,3,2,0,2,80,52,32,2,151,193,255,0,0,255,126,92,252,92,252,92,252,36,252,57,252,22,252,0,8,0,0,0,0,2,0,252,244,1,2,2,84,195,0,1,2,73,132,253,74,37,50,8,136,251,14,224,20,1,8,80,42,0,251,0,255,128,26,44,176,80,80,80,80,80,80,44,3,255,255,255,255,255,255,0,89,53,0,0,0,0,0,0,38,15,75,127,127,127,127,127,127,127,56,76,0,0,0,0,0,0,0,0,0,4,4,4,4,4,4,11,6,1,1,1,1,1,1,1,3,2,0,2,80,52,32,2,124,23,255,0,0,255,126,92,252,92,252,92,252,36,252,57,252,22,252,0,8,0,0,0,0,2,0,252,244
2026-08-04_08-19-29,1,164,0,0.0,0,250.0,-1,-1,1,2,2,84,195,0,1,2,73,132,253,74,37,50,8,136,251,14,224,20,1,8,80,42,0,251,0,255,128,26,44,176,80,80,80,80,80,80,44,3,255,255,255,255,255,255,0,89,53,0,0,0,0,0,0,38,15,75,127,127,127,127,127,127,127,56,76,0,0,0,0,0,0,0,0,0,4,4,4,4,4,4,11,6,1,1,1,1,1,1,1,3,2,0,2,80,52,32,2,124,23,255,0,0,255,126,92,252,92,252,92,252,36,252,57,252,22,252,0,8,0,0,0,0,2,0,252,244,1,2,2,84,199,0,1,2,73,132,253,74,37,50,8,136,251,18,224,20,1,8,88,42,0,251,0,255,128,26,44,176,80,80,80,80,80,80,44,3,255,255,255,255,255,255,0,89,53,0,0,0,0,0,0,246,15,75,127,127,127,127,127,127,127,56,76,0,0,0,0,0,0,0,0,0,4,4,4,4,4,4,11,6,1,1,1,1,1,1,1,3,2,0,2,80,52,32,2,193,112,255,0,0,255,126,92,252,92,252,92,252,36,252,57,252,22,252,0,8,0,0,0,0,2,0,252,244
2026-08-04_08-19-29,1,165,0,0.0,0,250.0,-1,-1,1,2,2,84,199,0,1,2,73,132,253,74,37,50,8,136,251,18,224,20,1,8,88,42,0,251,0,255,128,26,44,176,80,80,80,80,80,80,44,3,255,255,255,255,255,255,0,89,53,0,0,0,0,0,0,246,15,75,127,127,127,127,127,127,127,56,76,0,0,0,0,0,0,0,0,0,4,4,4,4,4,4,11,6,1,1,1,1,1,1,1,3,2,0,2,80,52,32,2,193,112,255,0,0,255,126,92,252,92,252,92,252,36,252,57,252,22,252,0,8,0,0,0,0,2,0,252,244,1,2,2,84,203,0,1,2,73,132,253,74,37,50,8,136,251,22,224,20,1,8,96,42,0,251,0,255,128,26,44,192,80,80,80,80,80,80,44,3,255,255,255,255,255,255,0,80,62,0,0,0,0,0,0,198,15,75,127,127,127,127,127,127,127,55,76,0,0,0,0,0,0,0,0,0,4,4,4,4,4,4,9,7,1,1,1,1,1,1,1,3,2,0,2,80,52,32,2,23,8,255,0,0,255,126,92,252,92,252,92,252,36,252,57,252,22,252,0,8,0,0,0,0,2,0,252,244
2026-08-04_08-19-29,1,166,0,0.0,0,250.0,-1,-1,1,2,2,84,203,0,1,2,73,132,253,74,37,50,8,136,251,22,224,20,1,8,96,42,0,251,0,255,128,26,44,192,80,80,80,80,80,80,44,3,255,255,255,255,255,255,0,80,62,0,0,0,0,0,0,198,15,75,127,127,127,127,127,127,127,55,76,0,0,0,0,0,0,0,0,0,4,4,4,4,4,4,9,7,1,1,1,1,1,1,1,3,2,0,2,80,52,32,2,23,8,255,0,0,255,126,92,252,92,252,92,252,36,252,57,252,22,252,0,8,0,0,0,0,2,0,252,244,1,2,2,84,207,0,1,2,73,132,253,74,37,50,8,136,251,26,224,20,1,8,104,42,0,251,0,255,128,26,44,208,80,80,80,80,80,80,44,3,255,255,255,255,255,255,0,89,71,0,0,0,0,0,0,150,15,75,127,127,127,127,127,127,127,54,76,0,0,0,0,0,0,0,0,0,4,4,4,4,4,4,10,8,1,1,1,1,1,1,1,3,2,0,2,80,52,32,2,112,135,255,0,0,255,126,92,252,92,252,92,252,36,252,57,252,22,252,0,8,0,0,0,0,2,0,252,244
2026-08-04_08-19-29,1,167,0,0.0,0,250.0,-1,-1,1,2,2,84,207,0,1,2,73,132,253,74,37,50,8,136,251,26,224,20,1,8,104,42,0,251,0,255,128,26,44,208,80,80,80,80,80,80,44,3,255,255,255,255,255,255,0,89,71,0,0,0,0,0,0,150,15,75,127,127,127,127,127,127,127,54,76,0,0,0,0,0,0,0,0,0,4,4,4,4,4,4,10,8,1,1,1,1,1,1,1,3,2,0,2,80,52,32,2,112,135,255,0,0,255,126,92,252,92,252,92,252,36,252,57,252,22,252,0,8,0,0,0,0,2,0,252,244,1,2,2,84,211,0,1,2,73,132,253,74,37,50,8,136,251,30,224,20,1,8,112,42,0,251,0,255,128,26,44,224,80,80,80,80,80,80,44,3,255,255,255,255,255,255,0,152,8,0,0,0,0,0,0,102,15,75,127,127,127,127,127,127,127,53,76,0,0,0,0,0,0,0,0,0,4,4,4,4,4,4,23,1,1,1,1,1,1,1,1,3,2,0,2,80,52,32,2,8,114,255,0,0,255,126,92,252,92,252,92,252,36,252,57,252,22,252,0,8,0,0,0,0,2,0,252,244
2026-08-04_08-19-29,1,168,0,50.0,0,300.0,-1,-1,1,2,2,84,211,0,1,2,73,132,253,74,37,50,8,136,251,30,224,20,1,8,112,42,0,251,0,255,128,26,44,224,80,80,80,80,80,80,44,3,255,255,255,255,255,255,0,152,8,0,0,0,0,0,0,102,15,75,127,127,127,127,127,127,127,53,76,0,0,0,0,0,0,0,0,0,4,4,4,4,4,4,23,1,1,1,1,1,1,1,1,3,2,0,2,80,52,32,2,8,114,255,0,0,255,126,92,252,92,252,92,252,36,252,57,252,22,252,0,8,0,0,0,0,2,0,252,244,1,2,2,84,215,0,1,2,73,132,253,74,37,50,8,136,251,34,224,20,1,8,120,42,0,251,0,255,128,26,44,80,80,80,80,80,80,80,44,255,255,255,255,255,255,255,0,17,0,0,0,0,0,0,0,54,75,127,127,127,127,127,127,127,127,76,0,0,0,0,0,0,0,0,0,4,4,4,4,4,4,4,2,1,1,1,1,1,1,1,1,4,2,0,3,0,54,32,2,135,35,255,0,2,255,126,92,252,92,252,92,252,36,252,57,252,22,252,0,8,14,0,0,0,1,0,252,244
2026-08-04_08-19-29,1,169,0,0.0,0,300.0,-1,-1,1,2,2,84,215,0,1,2,73,132,253,74,37,50,8,136,251,34,224,20,1,8,120,42,0,251,0,255,128,26,44,80,80,80,80,80,80,80,44,255,255,255,255,255,255,255,0,17,0,0,0,0,0,0,0,54,75,127,127,127,127,127,127,127,127,76,0,0,0,0,0,0,0,0,0,4,4,4,4,4,4,4,2,1,1,1,1,1,1,1,1,4,2,0,3,0,54,32,2,135,35,255,0,2,255,126,92,252,92,252,92,252,36,252,57,252,22,252,0,8,14,0,0,0,1,0,252,244,1,2,2,84,219,0,1,2,73,132,253,74,37,50,8,136,251,38,224,20,1,8,128,42,0,251,0,255,128,26,44,80,80,80,80,80,80,80,44,255,255,255,255,255,255,255,0,26,0,0,0,0,0,0,0,14,75,127,127,127,127,127,127,127,127,76,0,0,0,0,0,0,0,0,0,4,4,4,4,4,4,4,3,1,1,1,1,1,1,1,1,4,2,0,3,0,54,32,2,114,49,255,0,2,255,126,92,252,92,252,92,252,43,252,22,252,22,252,0,8,10,0,0,0,1,0,252,244
2026-08-04_08-19-29,1,170,0,0.0,0,300.0,-1,-1,1,2,2,84,219,0,1,2,73,132,253,74,37,50,8,136,251,38,224,20,1,8,128,42,0,251,0,255,128,26,44,80,80,80,80,80,80,80,44,255,255,255,255,255,255,255,0,26,0,0,0,0,0,0,0,14,75,127,127,127,127,127,127,127,127,76,0,0,0,0,0,0,0,0,0,4,4,4,4,4,4,4,3,1,1,1,1,1,1,1,1,4,2,0,3,0,54,32,2,114,49,255,0,2,255,126,92,252,92,252,92,252,43,252,22,252,22,252,0,8,10,0,0,0,1,0,252,244,1,2,2,84,223,0,1,2,73,132,253,74,37,50,8,136,251,42,224,20,1,8,136,42,0,251,0,255,128,26,44,80,80,80,80,80,80,80,44,255,255,255,255,255,255,255,0,26,0,0,0,0,0,0,0,230,75,127,127,127,127,127,127,127,127,76,0,0,0,0,0,0,0,0,0,4,4,4,4,4,4,4,3,1,1,1,1,1,1,1,1,4,2,0,3,0,54,32,2,35,18,255,0,2,255,126,92,252,92,252,92,252,43,252,22,252,22,252,0,8,6,0,0,0,1,0,252,244
2026-08-04_08-19-29,1,171,0,0.0,0,300.0,-1,-1,1,2,2,84,223,0,1,2,73,132,253,74,37,50,8,136,251,42,224,20,1,8,136,42,0,251,0,255,128,26,44,80,80,80,80,80,80,80,44,255,255,255,255,255,255,255,0,26,0,0,0,0,0,0,0,230,75,127,127,127,127,127,127,127,127,76,0,0,0,0,0,0,0,0,0,4,4,4,4,4,4,4,3,1,1,1,1,1,1,1,1,4,2,0,3,0,54,32,2,35,18,255,0,2,255,126,92,252,92,252,92,252,43,252,22,252,22,252,0,8,6,0,0,0,1,0,252,244,1,2,2,84,227,0,1,2,73,132,253,74,37,50,8,136,251,46,224,20,1,8,144,42,0,251,0,255,128,26,44,80,80,80,80,80,80,80,44,255,255,255,255,255,255,255,0,35,0,0,0,0,0,0,0,190,75,127,127,127,127,127,127,127,127,76,0,0,0,0,0,0,0,0,0,4,4,4,4,4,4,4,4,1,1,1,1,1,1,1,1,4,2,0,3,0,54,32,2,49,44,255,0,2,255,126,92,252,92,252,92,252,43,252,22,252,22,252,0,8,2,0,0,0,1,0,252,244
2026-08-04_08-19-29,1,172,0,0.0,0,300.0,-1,-1,1,2,2,84,227,0,1,2,73,132,253,74,37,50,8,136,251,46,224,20,1,8,144,42,0,251,0,255,128,26,44,80,80,80,80,80,80,80,44,255,255,255,255,255,255,255,0,35,0,0,0,0,0,0,0,190,75,127,127,127,127,127,127,127,127,76,0,0,0,0,0,0,0,0,0,4,4,4,4,4,4,4,4,1,1,1,1,1,1,1,1,4,2,0,3,0,54,32,2,49,44,255,0,2,255,126,92,252,92,252,92,252,43,252,22,252,22,252,0,8,2,0,0,0,1,0,252,244,1,2,2,84,231,0,1,2,73,132,253,74,37,50,8,0,251,50,224,20,0,8,148,42,0,251,0,255,128,26,44,80,80,80,80,80,80,80,44,255,255,255,255,255,255,255,0,44,0,0,0,0,0,0,0,150,75,127,127,127,127,127,127,127,127,76,0,0,0,0,0,0,0,0,0,4,4,4,4,4,4,4,5,1,1,1,1,1,1,1,1,4,2,0,3,0,54,32,2,18,202,255,0,2,255,126,92,252,92,252,92,252,43,252,22,252,22,252,0,8,0,0,0,0,1,0,252,244
2026-08-04_08-19-29,1,173,0,0.0,0,300.0,-1,-1,1,2,2,84,231,0,1,2,73,132,253,74,37,50,8,0,251,50,224,20,0,8,148,42,0,251,0,255,128,26,44,80,80,80,80,80,80,80,44,255,255,255,255,255,255,255,0,44,0,0,0,0,0,0,0,150,75,127,127,127,127,127,127,127,127,76,0,0,0,0,0,0,0,0,0,4,4,4,4,4,4,4,5,1,1,1,1,1,1,1,1,4,2,0,3,0,54,32,2,18,202,255,0,2,255,126,92,252,92,252,92,252,43,252,22,252,22,252,0,8,0,0,0,0,1,0,252,244,1,2,2,84,235,0,1,2,73,132,253,74,37,50,8,0,251,54,224,20,0,8,148,42,0,251,0,255,128,26,44,80,80,80,80,80,80,80,44,255,255,255,255,255,255,255,0,53,0,0,0,0,0,0,0,110,75,127,127,127,127,127,127,127,127,76,0,0,0,0,0,0,0,0,0,4,4,4,4,4,4,4,6,1,1,1,1,1,1,1,1,4,2,0,3,0,54,32,2,44,166,255,0,2,255,126,92,252,92,252,92,252,43,252,22,252,22,252,0,8,0,0,0,0,1,0,252,244
2026-08-04_08-19-29,1,174,0,0.0,0,300.0,-1,-1,1,2,2,84,235,0,1,2,73,132,253,74,37,50,8,0,251,54,224,20,0,8,148,42,0,251,0,255,128,26,44,80,80,80,80,80,80,80,44,255,255,255,255,255,255,255,0,53,0,0,0,0,0,0,0,110,75,127,127,127,127,127,127,127,127,76,0,0,0,0,0,0,0,0,0,4,4,4,4,4,4,4,6,1,1,1,1,1,1,1,1,4,2,0,3,0,54,32,2,44,166,255,0,2,255,126,92,252,92,252,92,252,43,252,22,252,22,252,0,8,0,0,0,0,1,0,252,244,1,2,2,84,239,0,1,2,73,132,253,74,37,50,8,0,251,58,224,20,0,8,148,42,0,251,0,255,128,26,44,80,80,80,80,80,80,80,44,255,255,255,255,255,255,255,0,62,0,0,0,0,0,0,0,70,75,127,127,127,127,127,127,127,127,76,0,0,0,0,0,0,0,0,0,4,4,4,4,4,4,4,7,1,1,1,1,1,1,1,1,4,2,0,3,0,54,32,2,202,110,255,0,2,255,126,92,252,92,252,92,252,43,252,22,252,22,252,0,8,0,0,0,0,1,0,252,244
2026-08-04_08-19-29,1,175,0,0.0,0,300.0,-1,-1,1,2,2,84,239,0,1,2,73,132,253,74,37,50,8,0,251,58,224,20,0,8,148,42,0,251,0,255,128,26,44,80,80,80,80,80,80,80,44,255,255,255,255,255,255,255,0,62,0,0,0,0,0,0,0,70,75,127,127,127,127,127,127,127,127,76,0,0,0,0,0,0,0,0,0,4,4,4,4,4,4,4,7,1,1,1,1,1,1,1,1,4,2,0,3,0,54,32,2,202,110,255,0,2,255,126,92,252,92,252,92,252,43,252,22,252,22,252,0,8,0,0,0,0,1,0,252,244,1,2,2,84,243,0,1,2,73,132,253,74,37,50,8,0,251,62,224,20,0,8,148,42,0,251,0,255,128,26,44,80,80,80,80,80,80,80,44,255,255,255,255,255,255,255,0,71,0,0,0,0,0,0,0,30,75,127,127,127,127,127,127,127,127,76,0,0,0,0,0,0,0,0,0,4,4,4,4,4,4,4,8,1,1,1,1,1,1,1,1,4,2,0,3,0,54,32,2,166,235,255,0,2,255,126,92,252,92,252,92,252,43,252,22,252,22,252,0,8,0,0,0,0,1,0,252,244
2026-08-04_08-19-29,1,176,0,0.0,0,300.0,-1,-1,1,2,2,84,243,0,1,2,73,132,253,74,37,50,8,0,251,62,224,20,0,8,148,42,0,251,0,255,128,26,44,80,80,80,80,80,80,80,44,255,255,255,255,255,255,255,0,71,0,0,0,0,0,0,0,30,75,127,127,127,127,127,127,127,127,76,0,0,0,0,0,0,0,0,0,4,4,4,4,4,4,4,8,1,1,1,1,1,1,1,1,4,2,0,3,0,54,32,2,166,235,255,0,2,255,126,92,252,92,252,92,252,43,252,22,252,22,252,0,8,0,0,0,0,1,0,252,244,1,2,2,84,247,0,1,2,73,132,253,74,37,50,8,0,251,66,224,20,0,8,148,42,0,251,0,255,128,26,44,80,80,80,80,80,80,80,44,255,255,255,255,255,255,255,0,71,0,0,0,0,0,0,0,246,75,127,127,127,127,127,127,127,127,76,0,0,0,0,0,0,0,0,0,4,4,4,4,4,4,4,8,1,1,1,1,1,1,1,1,4,2,0,3,0,54,32,2,110,189,255,0,2,255,126,92,252,92,252,92,252,43,252,22,252,22,252,0,8,0,0,0,0,1,0,252,244
2026-08-04_08-19-29,1,177,0,0.0,0,300.0,-1,-1,1,2,2,84,247,0,1,2,73,132,253,74,37,50,8,0,251,66,224,20,0,8,148,42,0,251,0,255,128,26,44,80,80,80,80,80,80,80,44,255,255,255,255,255,255,255,0,71,0,0,0,0,0,0,0,246,75,127,127,127,127,127,127,127,127,76,0,0,0,0,0,0,0,0,0,4,4,4,4,4,4,4,8,1,1,1,1,1,1,1,1,4,2,0,3,0,54,32,2,110,189,255,0,2,255,126,92,252,92,252,92,252,43,252,22,252,22,252,0,8,0,0,0,0,1,0,252,244,1,2,2,84,251,0,1,2,73,132,253,74,37,50,8,0,251,70,224,20,0,8,148,42,0,251,0,255,128,26,44,80,80,80,80,80,80,80,44,255,255,255,255,255,255,255,0,8,0,0,0,0,0,0,0,206,75,127,127,127,127,127,127,127,127,76,0,0,0,0,0,0,0,0,0,4,4,4,4,4,4,4,1,1,1,1,1,1,1,1,1,4,2,0,3,0,54,32,2,235,214,255,0,2,255,126,92,252,92,252,92,252,43,252,22,252,22,252,0,8,0,0,0,0,1,0,252,244
2026-08-04_08-19-29,1,178,0,0.0,0,300.0,-1,-1,1,2,2,84,251,0,1,2,73,132,253,74,37,50,8,0,251,70,224,20,0,8,148,42,0,251,0,255,128,26,44,80,80,80,80,80,80,80,44,255,255,255,255,255,255,255,0,8,0,0,0,0,0,0,0,206,75,127,127,127,127,127,127,127,127,76,0,0,0,0,0,0,0,0,0,4,4,4,4,4,4,4,1,1,1,1,1,1,1,1,1,4,2,0,3,0,54,32,2,235,214,255,0,2,255,126,92,252,92,252,92,252,43,252,22,252,22,252,0,8,0,0,0,0,1,0,252,244,1,2,2,84,255,0,1,2,73,132,253,74,37,50,8,0,251,74,224,20,0,8,148,42,0,251,0,255,128,26,44,80,80,80,80,80,80,80,44,255,255,255,255,255,255,255,0,17,0,0,0,0,0,0,0,166,75,127,127,127,127,127,127,127,127,76,0,0,0,0,0,0,0,0,0,4,4,4,4,4,4,4,2,1,1,1,1,1,1,1,1,4,2,0,3,0,54,32,2,189,103,255,0,2,255,126,92,252,92,252,92,252,43,252,22,252,22,252,0,8,0,0,0,0,1,0,252,244
2026-08-04_08-19-29,1,179,0,0.0,0,300.0,-1,-1,1,2,2,84,255,0,1,2,73,132,253,74,37,50,8,0,251,74,224,20,0,8,148,42,0,251,0,255,128,26,44,80,80,80,80,80,80,80,44,255,255,255,255,255,255,255,0,17,0,0,0,0,0,0,0,166,75,127,127,127,127,127,127,127,127,76,0,0,0,0,0,0,0,0,0,4,4,4,4,4,4,4,2,1,1,1,1,1,1,1,1,4,2,0,3,0,54,32,2,189,103,255,0,2,255,126,92,252,92,252,92,252,43,252,22,252,22,252,0,8,0,0,0,0,1,0,252,244,1,2,2,84,3,0,1,2,73,132,253,74,37,50,8,0,251,78,224,20,0,8,148,42,0,251,0,255,128,26,44,80,80,80,80,80,80,80,44,255,255,255,255,255,255,255,0,26,0,0,0,0,0,0,0,126,75,127,127,127,127,127,127,127,127,76,0,0,0,0,0,0,0,0,0,4,4,4,4,4,4,4,3,1,1,1,1,1,1,1,1,4,2,0,3,0,54,32,2,214,120,255,0,2,255,126,92,252,92,252,92,252,43,252,22,252,22,252,0,8,0,0,0,0,1,0,252,244
2026-08-04_08-19-29,1,180,0,0.0,0,300.0,-1,-1,1,2,2,84,3,0,1,2,73,132,253,74,37,50,8,0,251,78,224,20,0,8,148,42,0,251,0,255,128,26,44,80,80,80,80,80,80,80,44,255,255,255,255,255,255,255,0,26,0,0,0,0,0,0,0,126,75,127,127,127,127,127,127,127,127,76,0,0,0,0,0,0,0,0,0,4,4,4,4,4,4,4,3,1,1,1,1,1,1,1,1,4,2,0,3,0,54,32,2,214,120,255,0,2,255,126,92,252,92,252,92,252,43,252,22,252,22,252,0,8,0,0,0,0,1,0,252,244,1,2,2,84,7,0,1,2,73,132,253,74,37,50,8,0,251,82,224,20,0,8,148,42,0,251,0,255,128,26,44,80,80,80,80,80,80,80,44,255,255,255,255,255,255,255,0,35,0,0,0,0,0,0,0,86,75,127,127,127,127,127,127,127,127,76,0,0,0,0,0,0,0,0,0,4,4,4,4,4,4,4,4,1,1,1,1,1,1,1,1,4,2,0,3,0,54,32,2,103,143,255,0,2,255,126,92,252,92,252,92,252,43,252,22,252,22,252,0,8,0,0,0,0,1,0,252,244
2026-08-04_08-19-29,1,181,0,0.0,0,300.0,-1,-1,1,2,2,84,7,0,1,2,73,132,253,74,37,50,8,0,251,82,224,20,0,8,148,42,0,251,0,255,128,26,44,80,80,80,80,80,80,80,44,255,255,255,255,255,255,255,0,35,0,0,0,0,0,0,0,86,75,127,127,127,127,127,127,127,127,76,0,0,0,0,0,0,0,0,0,4,4,4,4,4,4,4,4,1,1,1,1,1,1,1,1,4,2,0,3,0,54,32,2,103,143,255,0,2,255,126,92,252,92,252,92,252,43,252,22,252,22,252,0,8,0,0,0,0,1,0,252,244,1,2,2,84,11,0,1,2,73,132,253,74,37,50,8,0,251,86,224,20,0,8,148,42,0,251,0,255,128,26,44,80,80,80,80,80,80,80,44,255,255,255,255,255,255,255,0,44,0,0,0,0,0,0,0,46,75,127,127,127,127,127,127,127,127,76,0,0,0,0,0,0,0,0,0,4,4,4,4,4,4,4,5,1,1,1,1,1,1,1,1,4,2,0,3,0,54,32,2,120,245,255,0,2,255,126,92,252,92,252,92,252,43,252,22,252,22,252,0,8,0,0,0,0,1,0,252,244
2026-08-04_08-19-29,1,182,0,0.0,0,300.0,-1,-1,1,2,2,84,11,0,1,2,73,132,253,74,37,50,8,0,251,86,224,20,0,8,148,42,0,251,0,255,128,26,44,80,80,80,80,80,80,80,44,255,255,255,255,255,255,255,0,44,0,0,0,0,0,0,0,46,75,127,127,127,127,127,127,127,127,76,0,0,0,0,0,0,0,0,0,4,4,4,4,4,4,4,5,1,1,1,1,1,1,1,1,4,2,0,3,0,54,32,2,120,245,255,0,2,255,126,92,252,92,252,92,252,43,252,22,252,22,252,0,8,0,0,0,0,1,0,252,244,1,2,2,84,15,0,1,2,73,132,253,74,37,50,8,0,251,90,224,20,0,8,148,42,0,251,0,255,128,26,44,80,80,80,80,80,80,80,44,255,255,255,255,255,255,255,0,53,0,0,0,0,0,0,0,6,75,127,127,127,127,127,127,127,127,76,0,0,0,0,0,0,0,0,0,4,4,4,4,4,4,4,6,1,1,1,1,1,1,1,1,4,2,0,3,0,54,32,2,143,81,255,0,2,255,126,92,252,92,252,92,252,43,252,22,252,22,252,0,8,0,0,0,0,1,0,252,244
2026-08-04_08-19-29,1,183,0,0.0,0,300.0,-1,-1,1,2,2,84,15,0,1,2,73,132,253,74,37,50,8,0,251,90,224,20,0,8,148,42,0,251,0,255,128,26,44,80,80,80,80,80,80,80,44,255,255,255,255,255,255,255,0,53,0,0,0,0,0,0,0,6,75,127,127,127,127,127,127,127,127,76,0,0,0,0,0,0,0,0,0,4,4,4,4,4,4,4,6,1,1,1,1,1,1,1,1,4,2,0,3,0,54,32,2,143,81,255,0,2,255,126,92,252,92,252,92,252,43,252,22,252,22,252,0,8,0,0,0,0,1,0,252,244,1,2,2,84,19,0,1,2,73,132,253,74,37,50,8,0,251,94,224,20,0,8,148,42,0,251,0,255,128,26,44,80,80,80,80,80,80,80,44,255,255,255,255,255,255,255,0,53,0,0,0,0,0,0,0,222,75,127,127,127,127,127,127,127,127,76,0,0,0,0,0,0,0,0,0,4,4,4,4,4,4,4,6,1,1,1,1,1,1,1,1,4,2,0,3,0,54,32,2,245,18,255,0,2,255,126,92,252,92,252,92,252,43,252,22,252,22,252,0,8,0,0,0,0,1,0,252,244
2026-08-04_08-19-29,1,184,0,0.0,0,300.0,-1,-1,1,2,2,84,19,0,1,2,73,132,253,74,37,50,8,0,251,94,224,20,0,8,148,42,0,251,0,255,128,26,44,80,80,80,80,80,80,80,44,255,255,255,255,255,255,255,0,53,0,0,0,0,0,0,0,222,75,127,127,127,127,127,127,127,127,76,0,0,0,0,0,0,0,0,0,4,4,4,4,4,4,4,6,1,1,1,1,1,1,1,1,4,2,0,3,0,54,32,2,245,18,255,0,2,255,126,92,252,92,252,92,252,43,252,22,252,22,252,0,8,0,0,0,0,1,0,252,244,1,2,2,84,23,0,1,2,73,132,253,74,37,50,8,0,251,98,224,20,0,8,148,42,0,251,0,255,128,26,44,80,80,80,80,80,80,80,44,255,255,255,255,255,255,255,0,62,0,0,0,0,0,0,0,182,75,127,127,127,127,127,127,127,127,76,0,0,0,0,0,0,0,0,0,4,4,4,4,4,4,4,7,1,1,1,1,1,1,1,1,4,2,0,3,0,54,32,2,81,35,255,0,2,255,126,92,252,92,252,92,252,43,252,22,252,22,252,0,8,0,0,0,0,1,0,252,244
2026-08-04_08-19-29,1,185,0,0.0,0,300.0,-1,-1,1,2,2,84,23,0,1,2,73,132,253,74,37,50,8,0,251,98,224,20,0,8,148,42,0,251,0,255,128,26,44,80,80,80,80,80,80,80,44,255,255,255,255,255,255,255,0,62,0,0,0,0,0,0,0,182,75,127,127,127,127,127,127,127,127,76,0,0,0,0,0,0,0,0,0,4,4,4,4,4,4,4,7,1,1,1,1,1,1,1,1,4,2,0,3,0,54,32,2,81,35,255,0,2,255,126,92,252,92,252,92,252,43,252,22,252,22,252,0,8,0,0,0,0,1,0,252,244,1,2,2,84,27,0,1,2,73,132,253,74,37,50,8,0,251,102,224,20,0,8,148,42,0,251,0,255,128,26,44,80,80,80,80,80,80,80,44,255,255,255,255,255,255,255,0,71,0,0,0,0,0,0,0,142,75,127,127,127,127,127,127,127,127,76,0,0,0,0,0,0,0,0,0,4,4,4,4,4,4,4,8,1,1,1,1,1,1,1,1,4,2,0,3,0,54,32,2,18,62,255,0,2,255,126,92,252,92,252,92,252,43,252,22,252,22,252,0,8,0,0,0,0,1,0,252,244
2026-08-04_08-19-29,1,186,0,0.0,0,300.0,-1,-1,1,2,2,84,27,0,1,2,73,132,253,74,37,50,8,0,251,102,224,20,0,8,148,42,0,251,0,255,128,26,44,80,80,80,80,80,80,80,44,255,255,255,255,255,255,255,0,71,0,0,0,0,0,0,0,142,75,127,127,127,127,127,127,127,127,76,0,0,0,0,0,0,0,0,0,4,4,4,4,4,4,4,8,1,1,1,1,1,1,1,1,4,2,0,3,0,54,32,2,18,62,255,0,2,255,126,92,252,92,252,92,252,43,252,22,252,22,252,0,8,0,0,0,0,1,0,252,244,1,2,2,84,31,0,1,2,73,132,253,74,37,50,8,0,251,106,224,20,0,8,148,42,0,251,0,255,128,26,44,80,80,80,80,80,80,80,44,255,255,255,255,255,255,255,0,8,0,0,0,0,0,0,0,102,75,127,127,127,127,127,127,127,127,76,0,0,0,0,0,0,0,0,0,4,4,4,4,4,4,4,1,1,1,1,1,1,1,1,1,4,2,0,3,0,54,32,2,35,230,255,0,2,255,126,92,252,92,252,92,252,43,252,22,252,22,252,0,8,0,0,0,0,1,0,252,244
2026-08-04_08-19-29,1,187,0,0.0,0,300.0,-1,-1,1,2,2,84,31,0,1,2,73,132,253,74,37,50,8,0,251,106,224,20,0,8,148,42,0,251,0,255,128,26,44,80,80,80,80,80,80,80,44,255,255,255,255,255,255,255,0,8,0,0,0,0,0,0,0,102,75,127,127,127,127,127,127,127,127,76,0,0,0,0,0,0,0,0,0,4,4,4,4,4,4,4,1,1,1,1,1,1,1,1,1,4,2,0,3,0,54,32,2,35,230,255,0,2,255,126,92,252,92,252,92,252,43,252,22,252,22,252,0,8,0,0,0,0,1,0,252,244,1,2,2,84,35,0,1,2,73,132,253,74,37,50,8,0,251,110,224,20,0,8,148,42,0,251,0,255,128,26,44,80,80,80,80,80,80,80,44,255,255,255,255,255,255,255,0,17,0,0,0,0,0,0,0,62,75,127,127,127,127,127,127,127,127,76,0,0,0,0,0,0,0,0,0,4,4,4,4,4,4,4,2,1,1,1,1,1,1,1,1,4,2,0,3,0,54,32,2,62,108,255,0,2,255,126,92,252,92,252,92,252,43,252,22,252,22,252,0,8,0,0,0,0,1,0,252,244
2026-08-04_08-19-29,1,188,0,0.0,0,300.0,-1,-1,1,2,2,84,35,0,1,2,73,132,253,74,37,50,8,0,251,110,224,20,0,8,148,42,0,251,0,255,128,26,44,80,80,80,80,80,80,80,44,255,255,255,255,255,255,255,0,17,0,0,0,0,0,0,0,62,75,127,127,127,127,127,127,127,127,76,0,0,0,0,0,0,0,0,0,4,4,4,4,4,4,4,2,1,1,1,1,1,1,1,1,4,2,0,3,0,54,32,2,62,108,255,0,2,255,126,92,252,92,252,92,252,43,252,22,252,22,252,0,8,0,0,0,0,1,0,252,244,1,2,2,84,39,0,1,2,73,132,253,74,37,50,8,0,251,114,224,20,0,8,148,42,0,251,0,255,128,26,44,80,80,80,80,80,80,80,44,255,255,255,255,255,255,255,0,26,0,0,0,0,0,0,0,22,75,127,127,127,127,127,127,127,127,76,0,0,0,0,0,0,0,0,0,4,4,4,4,4,4,4,3,1,1,1,1,1,1,1,1,4,2,0,3,0,54,32,2,230,200,255,0,2,255,126,92,252,92,252,92,252,43,252,22,252,22,252,0,8,0,0,0,0,1,0,252,244
2026-08-04_08-19-29,1,189,0,0.0,0,300.0,-1,-1,1,2,2,84,39,0,1,2,73,132,253,74,37,50,8,0,251,114,224,20,0,8,148,42,0,251,0,255,128,26,44,80,80,80,80,80,80,80,44,255,255,255,255,255,255,255,0,26,0,0,0,0,0,0,0,22,75,127,127,127,127,127,127,127,127,76,0,0,0,0,0,0,0,0,0,4,4,4,4,4,4,4,3,1,1,1,1,1,1,1,1,4,2,0,3,0,54,32,2,230,200,255,0,2,255,126,92,252,92,252,92,252,43,252,22,252,22,252,0,8,0,0,0,0,1,0,252,244,1,2,2,84,43,0,1,2,73,132,253,74,37,50,8,0,251,118,224,20,0,8,148,42,0,251,0,255,128,26,44,80,80,80,80,80,80,80,44,255,255,255,255,255,255,255,0,26,0,0,0,0,0,0,0,238,75,127,127,127,127,127,127,127,127,76,0,0,0,0,0,0,0,0,0,4,4,4,4,4,4,4,3,1,1,1,1,1,1,1,1,4,2,0,3,0,54,32,2,108,133,255,0,2,255,126,92,252,92,252,92,252,43,252,22,252,22,252,0,8,0,0,0,0,1,0,252,244
2026-08-04_08-19-29,1,190,0,0.0,0,300.0,-1,-1,1,2,2,84,43,0,1,2,73,132,253,74,37,50,8,0,251,118,224,20,0,8,148,42,0,251,0,255,128,26,44,80,80,80,80,80,80,80,44,255,255,255,255,255,255,255,0,26,0,0,0,0,0,0,0,238,75,127,127,127,127,127,127,127,127,76,0,0,0,0,0,0,0,0,0,4,4,4,4,4,4,4,3,1,1,1,1,1,1,1,1,4,2,0,3,0,54,32,2,108,133,255,0,2,255,126,92,252,92,252,92,252,43,252,22,252,22,252,0,8,0,0,0,0,1,0,252,244,1,2,2,84,47,0,1,2,73,132,253,74,37,50,8,0,251,122,224,20,0,8,148,42,0,251,0,255,128,26,44,80,80,80,80,80,80,80,44,255,255,255,255,255,255,255,0,35,0,0,0,0,0,0,0,198,75,127,127,127,127,127,127,127,127,76,0,0,0,0,0,0,0,0,0,4,4,4,4,4,4,4,4,1,1,1,1,1,1,1,1,4,2,0,3,0,54,32,2,200,86,255,0,2,255,126,92,252,92,252,92,252,43,252,22,252,22,252,0,8,0,0,0,0,1,0,252,244
2026-08-04_08-19-29,1,191,0,0.0,0,300.0,-1,-1,1,2,2,84,47,0,1,2,73,132,253,74,37,50,8,0,251,122,224,20,0,8,148,42,0,251,0,255,128,26,44,80,80,80,80,80,80,80,44,255,255,255,255,255,255,255,0,35,0,0,0,0,0,0,0,198,75,127,127,127,127,127,127,127,127,76,0,0,0,0,0,0,0,0,0,4,4,4,4,4,4,4,4,1,1,1,1,1,1,1,1,4,2,0,3,0,54,32,2,200,86,255,0,2,255,126,92,252,92,252,92,252,43,252,22,252,22,252,0,8,0,0,0,0,1,0,252,244,1,2,2,84,51,0,1,2,73,132,253,74,37,50,8,0,251,126,224,20,0,8,148,42,0,251,0,255,128,26,44,80,80,80,80,80,80,80,44,255,255,255,255,255,255,255,0,44,0,0,0,0,0,0,0,158,75,127,127,127,127,127,127,127,127,76,0,0,0,0,0,0,0,0,0,4,4,4,4,4,4,4,5,1,1,1,1,1,1,1,1,4,2,0,3,0,54,32,2,133,107,255,0,2,255,126,92,252,92,252,92,252,43,252,22,252,22,252,0,8,0,0,0,0,1,0,252,244
2026-08-04_08-19-29,1,192,0,0.0,0,300.0,-1,-1,1,2,2,84,51,0,1,2,73,132,253,74,37,50,8,0,251,126,224,20,0,8,148,42,0,251,0,255,128,26,44,80,80,80,80,80,80,80,44,255,255,255,255,255,255,255,0,44,0,0,0,0,0,0,0,158,75,127,127,127,127,127,127,127,127,76,0,0,0,0,0,0,0,0,0,4,4,4,4,4,4,4,5,1,1,1,1,1,1,1,1,4,2,0,3,0,54,32,2,133,107,255,0,2,255,126,92,252,92,252,92,252,43,252,22,252,22,252,0,8,0,0,0,0,1,0,252,244,1,2,2,84,55,0,1,2,73,132,253,74,37,50,8,0,251,130,224,20,0,8,148,42,0,251,0,255,128,26,44,80,80,80,80,80,80,80,44,255,255,255,255,255,255,255,0,53,0,0,0,0,0,0,0,118,75,127,127,127,127,127,127,127,127,76,0,0,0,0,0,0,0,0,0,4,4,4,4,4,4,4,6,1,1,1,1,1,1,1,1,4,2,0,3,0,54,32,2,86,177,255,0,2,255,126,92,252,92,252,92,252,43,252,22,252,22,252,0,8,0,0,0,0,1,0,252,244
2026-08-04_08-19-29,1,193,0,0.0,0,300.0,-1,-1,1,2,2,84,55,0,1,2,73,132,253,74,37,50,8,0,251,130,224,20,0,8,148,42,0,251,0,255,128,26,44,80,80,80,80,80,80,80,44,255,255,255,255,255,255,255,0,53,0,0,0,0,0,0,0,118,75,127,127,127,127,127,127,127,127,76,0,0,0,0,0,0,0,0,0,4,4,4,4,4,4,4,6,1,1,1,1,1,1,1,1,4,2,0,3,0,54,32,2,86,177,255,0,2,255,126,92,252,92,252,92,252,43,252,22,252,22,252,0,8,0,0,0,0,1,0,252,244,1,255,2,84,2,0,1,2,73,106,253,127,63,76,8,0,251,0,224,20,0,8,148,42,0,251,15,255,0,26,44,80,80,80,80,80,80,80,2,255,255,255,255,255,255,255,0,53,0,0,0,0,0,0,0,226,127,127,127,127,127,127,127,127,127,76,0,0,0,0,0,0,0,0,0,4,4,4,4,4,86,4,6,1,1,1,1,1,1,1,0,4,3,0,3,0,40,32,2,90,199,255,3,2,255,0,92,252,92,252,92,252,92,252,92,252,92,252,0,0,0,0,0,0,1,0,252,244
2026-08-04_08-19-29,1,194,0,0.0,0,300.0,-1,-1,1,255,2,84,2,0,1,2,73,106,253,127,63,76,8,0,251,0,224,20,0,8,148,42,0,251,15,255,0,26,44,80,80,80,80,80,80,80,2,255,255,255,255,255,255,255,0,53,0,0,0,0,0,0,0,226,127,127,127,127,127,127,127,127,127,76,0,0,0,0,0,0,0,0,0,4,4,4,4,4,86,4,6,1,1,1,1,1,1,1,0,4,3,0,3,0,40,32,2,90,199,255,3,2,255,0,92,252,92,252,92,252,92,252,92,252,92,252,0,0,0,0,0,0,1,0,252,244,1,255,2,84,6,0,1,2,73,106,253,127,63,76,8,0,251,0,224,20,0,8,148,42,0,251,15,255,0,26,44,80,80,80,80,80,80,80,6,255,255,255,255,255,255,255,0,53,0,0,0,0,0,0,0,226,127,127,127,127,127,127,127,127,127,76,0,0,0,0,0,0,0,0,0,4,4,4,4,4,82,4,6,1,1,1,1,1,1,1,0,4,3,0,3,0,40,32,2,90,199,255,3,2,255,0,92,252,92,252,92,252,92,252,92,252,92,252,0,0,0,0,0,0,1,0,252,244
2026-08-04_08-19-29,1,195,0,0.0,0,300.0,-1,-1,1,255,2,84,6,0,1,2,73,106,253,127,63,76,8,0,251,0,224,20,0,8,148,42,0,251,15,255,0,26,44,80,80,80,80,80,80,80,6,255,255,255,255,255,255,255,0,53,0,0,0,0,0,0,0,226,127,127,127,127,127,127,127,127,127,76,0,0,0,0,0,0,0,0,0,4,4,4,4,4,82,4,6,1,1,1,1,1,1,1,0,4,3,0,3,0,40,32,2,90,199,255,3,2,255,0,92,252,92,252,92,252,92,252,92,252,92,252,0,0,0,0,0,0,1,0,252,244,1,255,2,84,10,0,1,2,73,106,253,127,63,76,8,0,251,0,224,20,0,8,148,42,0,251,15,255,0,26,44,80,80,80,80,80,80,80,10,255,255,255,255,255,255,255,0,53,0,0,0,0,0,0,0,226,127,127,127,127,127,127,127,127,127,76,0,0,0,0,0,0,0,0,0,4,4,4,4,4,78,4,6,1,1,1,1,1,1,1,0,4,3,0,3,0,40,32,2,90,199,255,3,2,255,0,92,252,92,252,92,252,92,252,92,252,92,252,0,0,0,0,0,0,1,0,252,244
2026-08-04_08-19-29,1,196,0,0.0,0,300.0,-1,-1,1,255,2,84,10,0,1,2,73,106,253,127,63,76,8,0,251,0,224,20,0,8,148,42,0,251,15,255,0,26,44,80,80,80,80,80,80,80,10,255,255,255,255,255,255,255,0,53,0,0,0,0,0,0,0,226,127,127,127,127,127,127,127,127,127,76,0,0,0,0,0,0,0,0,0,4,4,4,4,4,78,4,6,1,1,1,1,1,1,1,0,4,3,0,3,0,40,32,2,90,199,255,3,2,255,0,92,252,92,252,92,252,92,252,92,252,92,252,0,0,0,0,0,0,1,0,252,244,1,255,2,84,14,0,1,2,73,106,253,127,63,76,8,0,251,0,224,20,0,8,148,42,0,251,15,255,0,26,44,80,80,80,80,80,80,80,14,255,255,255,255,255,255,255,0,53,0,0,0,0,0,0,0,226,127,127,127,127,127,127,127,127,127,76,0,0,0,0,0,0,0,0,0,4,4,4,4,4,74,4,6,1,1,1,1,1,1,1,0,4,3,0,3,0,40,32,2,90,199,255,3,2,255,0,92,252,92,252,92,252,92,252,92,252,92,252,0,0,0,0,0,0,1,0,252,244
2026-08-04_08-19-29,1,197,0,0.0,0,300.0,-1,-1,1,255,2,84,14,0,1,2,73,106,253,127,63,76,8,0,251,0,224,20,0,8,148,42,0,251,15,255,0,26,44,80,80,80,80,80,80,80,14,255,255,255,255,255,255,255,0,53,0,0,0,0,0,0,0,226,127,127,127,127,127,127,127,127,127,76,0,0,0,0,0,0,0,0,0,4,4,4,4,4,74,4,6,1,1,1,1,1,1,1,0,4,3,0,3,0,40,32,2,90,199,255,3,2,255,0,92,252,92,252,92,252,92,252,92,252,92,252,0,0,0,0,0,0,1,0,252,244,1,255,2,84,18,0,1,2,73,106,253,127,63,76,8,0,251,0,224,20,0,8,148,42,0,251,15,255,0,26,44,80,80,80,80,80,80,80,18,255,255,255,255,255,255,255,0,53,0,0,0,0,0,0,0,226,127,127,127,127,127,127,127,127,127,76,0,0,0,0,0,0,0,0,0,4,4,4,4,4,70,4,6,1,1,1,1,1,1,1,0,4,3,0,3,0,40,32,2,90,199,255,3,2,255,0,92,252,92,252,92,252,92,252,92,252,92,252,0,0,0,0,0,0,1,0,252,244
2026-08-04_08-19-29,1,198,0,0.0,0,300.0,-1,-1,1,255,2,84,18,0,1,2,73,106,253,127,63,76,8,0,251,0,224,20,0,8,148,42,0,251,15,255,0,26,44,80,80,80,80,80,80,80,18,255,255,255,255,255,255,255,0,53,0,0,0,0,0,0,0,226,127,127,127,127,127,127,127,127,127,76,0,0,0,0,0,0,0,0,0,4,4,4,4,4,70,4,6,1,1,1,1,1,1,1,0,4,3,0,3,0,40,32,2,90,199,255,3,2,255,0,92,252,92,252,92,252,92,252,92,252,92,252,0,0,0,0,0,0,1,0,252,244,1,255,2,84,22,0,1,2,73,106,253,127,63,76,8,0,251,0,224,20,0,8,148,42,0,251,15,255,0,26,44,80,80,80,80,80,80,80,22,255,255,255,255,255,255,255,0,53,0,0,0,0,0,0,0,226,127,127,127,127,127,127,127,127,127,76,0,0,0,0,0,0,0,0,0,4,4,4,4,4,66,4,6,1,1,1,1,1,1,1,0,4,3,0,3,0,40,32,2,90,199,255,3,2,255,0,92,252,92,252,92,252,92,252,92,252,92,252,0,0,0,0,0,0,1,0,252,244
2026-08-04_08-19-29,1,199,0,0.0,0,300.0,-1,-1,1,255,2,84,22,0,1,2,73,106,253,127,63,76,8,0,251,0,224,20,0,8,148,42,0,251,15,255,0,26,44,80,80,80,80,80,80,80,22,255,255,255,255,255,255,255,0,53,0,0,0,0,0,0,0,226,127,127,127,127,127,127,127,127,127,76,0,0,0,0,0,0,0,0,0,4,4,4,4,4,66,4,6,1,1,1,1,1,1,1,0,4,3,0,3,0,40,32,2,90,199,255,3,2,255,0,92,252,92,252,92,252,92,252,92,252,92,252,0,0,0,0,0,0,1,0,252,244,1,255,2,84,26,0,1,2,73,106,253,127,63,76,8,0,251,0,224,20,0,8,148,42,0,251,15,255,0,26,44,80,80,80,80,80,80,80,26,255,255,255,255,255,255,255,0,53,0,0,0,0,0,0,0,226,127,127,127,127,127,127,127,127,127,76,0,0,0,0,0,0,0,0,0,4,4,4,4,4,62,4,6,1,1,1,1,1,1,1,0,4,3,0,3,0,40,32,2,90,199,255,3,2,255,0,92,252,92,252,92,252,92,252,92,252,92,252,0,0,0,0,0,0,1,0,252,244
2026-08-04_08-19-29,1,200,0,0.0,0,300.0,-1,-1,1,255,2,84,26,0,1,2,73,106,253,127,63,76,8,0,251,0,224,20,0,8,148,42,0,251,15,255,0,26,44,80,80,80,80,80,80,80,26,255,255,255,255,255,255,255,0,53,0,0,0,0,0,0,0,226,127,127,127,127,127,127,127,127,127,76,0,0,0,0,0,0,0,0,0,4,4,4,4,4,62,4,6,1,1,1,1,1,1,1,0,4,3,0,3,0,40,32,2,90,199,255,3,2,255,0,92,252,92,252,92,252,92,252,92,252,92,252,0,0,0,0,0,0,1,0,252,244,1,255,2,84,30,0,1,2,73,106,253,127,63,76,8,0,251,0,224,20,0,8,148,42,0,251,15,255,0,26,44,80,80,80,80,80,80,80,30,255,255,255,255,255,255,255,0,53,0,0,0,0,0,0,0,226,127,127,127,127,127,127,127,127,127,76,0,0,0,0,0,0,0,0,0,4,4,4,4,4,58,4,6,1,1,1,1,1,1,1,0,4,3,0,3,0,40,32,2,90,199,255,3,2,255,0,92,252,92,252,92,252,92,252,92,252,92,252,0,0,0,0,0,0,1,0,252,244
2026-08-04_08-19-29,1,201,0,0.0,0,300.0,-1,-1,1,255,2,84,30,0,1,2,73,106,253,127,63,76,8,0,251,0,224,20,0,8,148,42,0,251,15,255,0,26,44,80,80,80,80,80,80,80,30,255,255,255,255,255,255,255,0,53,0,0,0,0,0,0,0,226,127,127,127,127,127,127,127,127,127,76,0,0,0,0,0,0,0,0,0,4,4,4,4,4,58,4,6,1,1,1,1,1,1,1,0,4,3,0,3,0,40,32,2,90,199,255,3,2,255,0,92,252,92,252,92,252,92,252,92,252,92,252,0,0,0,0,0,0,1,0,252,244,1,255,2,84,34,0,1,2,73,106,253,127,63,76,8,0,251,0,224,20,0,8,148,42,0,251,15,255,0,26,44,80,80,80,80,80,80,80,34,255,255,255,255,255,255,255,0,53,0,0,0,0,0,0,0,226,127,127,127,127,127,127,127,127,127,76,0,0,0,0,0,0,0,0,0,4,4,4,4,4,54,4,6,1,1,1,1,1,1,1,0,4,3,0,3,0,40,32,2,90,199,255,3,2,255,0,92,252,92,252,92,252,92,252,92,252,92,252,0,0,0,0,0,0,1,0,252,244
2026-08-04_08-19-29,1,202,0,0.0,0,300.0,-1,-1,1,255,2,84,34,0,1,2,73,106,253,127,63,76,8,0,251,0,224,20,0,8,148,42,0,251,15,255,0,26,44,80,80,80,80,80,80,80,34,255,255,255,255,255,255,255,0,53,0,0,0,0,0,0,0,226,127,127,127,127,127,127,127,127,127,76,0,0,0,0,0,0,0,0,0,4,4,4,4,4,54,4,6,1,1,1,1,1,1,1,0,4,3,0,3,0,40,32,2,90,199,255,3,2,255,0,92,252,92,252,92,252,92,252,92,252,92,252,0,0,0,0,0,0,1,0,252,244,1,255,2,84,38,0,1,2,73,106,253,127,63,76,8,0,251,0,224,20,0,8,148,42,0,251,15,255,0,26,44,80,80,80,80,80,80,80,38,255,255,255,255,255,255,255,0,53,0,0,0,0,0,0,0,226,127,127,127,127,127,127,127,127,127,76,0,0,0,0,0,0,0,0,0,4,4,4,4,4,50,4,6,1,1,1,1,1,1,1,0,4,3,0,3,0,40,32,2,90,199,255,3,2,255,0,92,252,92,252,92,252,92,252,92,252,92,252,0,0,0,0,0,0,1,0,252,244
2026-08-04_08-19-29,1,203,0,0.0,0,300.0,-1,-1,1,255,2,84,38,0,1,2,73,106,253,127,63,76,8,0,251,0,224,20,0,8,148,42,0,251,15,255,0,26,44,80,80,80,80,80,80,80,38,255,255,255,255,255,255,255,0,53,0,0,0,0,0,0,0,226,127,127,127,127,127,127,127,127,127,76,0,0,0,0,0,0,0,0,0,4,4,4,4,4,50,4,6,1,1,1,1,1,1,1,0,4,3,0,3,0,40,32,2,90,199,255,3,2,255,0,92,252,92,252,92,252,92,252,92,252,92,252,0,0,0,0,0,0,1,0,252,244,1,255,2,84,42,0,1,2,73,106,253,127,63,76,8,0,251,0,224,20,0,8,148,42,0,251,15,255,0,26,44,80,80,80,80,80,80,80,42,255,255,255,255,255,255,255,0,53,0,0,0,0,0,0,0,226,127,127,127,127,127,127,127,127,127,76,0,0,0,0,0,0,0,0,0,4,4,4,4,4,46,4,6,1,1,1,1,1,1,1,0,4,3,0,3,0,40,32,2,90,199,255,3,2,255,0,92,252,92,252,92,252,92,252,92,252,92,252,0,0,0,0,0,0,1,0,252,244
2026-08-04_08-19-29,1,204,0,0.0,0,300.0,-1,-1,1,255,2,84,42,0,1,2,73,106,253,127,63,76,8,0,251,0,224,20,0,8,148,42,0,251,15,255,0,26,44,80,80,80,80,80,80,80,42,255,255,255,255,255,255,255,0,53,0,0,0,0,0,0,0,226,127,127,127,127,127,127,127,127,127,76,0,0,0,0,0,0,0,0,0,4,4,4,4,4,46,4,6,1,1,1,1,1,1,1,0,4,3,0,3,0,40,32,2,90,199,255,3,2,255,0,92,252,92,252,92,252,92,252,92,252,92,252,0,0,0,0,0,0,1,0,252,244,1,2,3,126,46,0,1,2,73,132,253,74,37,50,8,0,251,0,224,6,0,8,148,42,0,251,15,255,0,26,44,160,80,0,48,64,96,96,44,4,4,253,252,4,1,1,0,8,26,62,71,53,71,0,0,52,5,35,45,55,65,75,127,127,127,72,61,111,123,62,15,0,0,0,0,0,128,128,128,128,1,1,1,3,7,8,6,8,0,0,0,0,3,0,3,0,44,32,2,122,67,192,0,0,255,126,92,252,92,252,92,252,43,252,22,252,22,252,0,0,14,0,0,0,6,0,252,244
2026-08-04_08-19-29,1,205,0,0.0,0,300.0,-1,-1,1,2,3,126,46,0,1,2,73,132,253,74,37,50,8,0,251,0,224,6,0,8,148,42,0,251,15,255,0,26,44,160,80,0,48,64,96,96,44,4,4,253,252,4,1,1,0,8,26,62,71,53,71,0,0,52,5,35,45,55,65,75,127,127,127,72,61,111,123,62,15,0,0,0,0,0,128,128,128,128,1,1,1,3,7,8,6,8,0,0,0,0,3,0,3,0,44,32,2,122,67,192,0,0,255,126,92,252,92,252,92,252,43,252,22,252,22,252,0,0,14,0,0,0,6,0,252,244,1,2,3,126,50,0,1,2,73,132,253,74,37,50,8,0,251,0,224,6,0,8,148,42,0,251,15,255,0,26,44,160,80,48,64,96,96,96,44,4,4,252,4,1,1,1,0,8,26,71,53,71,0,0,0,234,5,35,55,65,75,127,127,127,127,72,61,123,62,15,0,0,0,0,0,0,0,0,0,1,1,1,1,3,8,6,8,0,0,0,0,0,3,0,3,0,46,32,2,164,49,252,0,0,255,126,92,252,92,252,92,252,43,252,22,252,22,252,0,0,11,0,0,0,5,0,252,244
2026-08-04_08-19-29,1,206,0,0.0,0,300.0,-1,-1,1,2,3,126,50,0,1,2,73,132,253,74,37,50,8,0,251,0,224,6,0,8,148,42,0,251,15,255,0,26,44,160,80,48,64,96,96,96,44,4,4,252,4,1,1,1,0,8,26,71,53,71,0,0,0,234,5,35,55,65,75,127,127,127,127,72,61,123,62,15,0,0,0,0,0,0,0,0,0,1,1,1,1,3,8,6,8,0,0,0,0,0,3,0,3,0,46,32,2,164,49,252,0,0,255,126,92,252,92,252,92,252,43,252,22,252,22,252,0,0,11,0,0,0,5,0,252,244,1,2,3,126,54,0,1,2,73,132,253,74,37,50,8,0,251,0,112,6,0,8,148,42,0,251,15,255,2,26,44,160,80,48,64,96,96,96,44,4,4,252,4,1,1,1,0,17,35,8,62,8,0,0,0,162,5,35,55,65,75,127,127,127,127,72,61,123,62,15,0,0,0,0,0,0,0,0,0,1,1,1,2,4,0,7,0,0,0,0,0,0,3,0,3,0,46,32,2,67,29,255,0,0,127,126,92,252,92,252,92,252,43,252,22,252,22,252,0,0,7,0,0,0,5,0,252,244
2026-08-04_08-19-29,1,207,0,0.0,0,300.0,-1,-1,1,2,3,126,54,0,1,2,73,132,253,74,37,50,8,0,251,0,112,6,0,8,148,42,0,251,15,255,2,26,44,160,80,48,64,96,96,96,44,4,4,252,4,1,1,1,0,17,35,8,62,8,0,0,0,162,5,35,55,65,75,127,127,127,127,72,61,123,62,15,0,0,0,0,0,0,0,0,0,1,1,1,2,4,0,7,0,0,0,0,0,0,3,0,3,0,46,32,2,67,29,255,0,0,127,126,92,252,92,252,92,252,43,252,22,252,22,252,0,0,7,0,0,0,5,0,252,244,1,2,3,126,58,0,1,2,73,132,253,74,37,50,8,0,251,0,112,6,0,8,148,42,0,251,15,255,6,26,44,160,80,48,64,96,96,96,44,4,4,252,4,1,1,1,0,26,44,8,71,8,0,0,0,90,5,35,55,65,75,127,127,127,127,72,61,123,62,15,0,0,0,0,0,0,0,0,0,1,1,1,3,5,1,8,1,0,0,0,0,0,3,0,3,0,46,32,2,49,216,255,0,0,127,126,92,252,92,252,92,252,43,252,22,252,22,252,0,0,3,0,0,0,5,0,252,244
2026-08-04_08-19-29,1,208,0,0.0,0,300.0,-1,-1,1,2,3,126,58,0,1,2,73,132,253,74,37,50,8,0,251,0,112,6,0,8,148,42,0,251,15,255,6,26,44,160,80,48,64,96,96,96,44,4,4,252,4,1,1,1,0,26,44,8,71,8,0,0,0,90,5,35,55,65,75,127,127,127,127,72,61,123,62,15,0,0,0,0,0,0,0,0,0,1,1,1,3,5,1,8,1,0,0,0,0,0,3,0,3,0,46,32,2,49,216,255,0,0,127,126,92,252,92,252,92,252,43,252,22,252,22,252,0,0,3,0,0,0,5,0,252,244,1,2,3,126,62,0,1,2,73,132,253,74,37,50,8,0,251,0,112,6,0,8,148,42,0,251,15,255,10,26,44,160,80,48,64,96,96,96,44,4,4,252,4,1,1,1,0,35,53,17,8,17,0,0,0,18,5,35,55,65,75,127,127,127,127,72,61,123,62,15,0,0,0,0,0,0,0,0,0,1,1,1,4,6,2,1,2,0,0,0,0,0,3,0,3,0,46,32,2,29,138,255,0,0,127,126,92,252,92,252,92,252,43,252,22,252,22,252,0,0,0,0,0,0,5,0,252,244
2026-08-04_08-19-29,1,209,0,0.0,0,300.0,-1,-1,1,2,3,126,62,0,1,2,73,132,253,74,37,50,8,0,251,0,112,6,0,8,148,42,0,251,15,255,10,26,44,160,80,48,64,96,96,96,44,4,4,252,4,1,1,1,0,35,53,17,8,17,0,0,0,18,5,35,55,65,75,127,127,127,127,72,61,123,62,15,0,0,0,0,0,0,0,0,0,1,1,1,4,6,2,1,2,0,0,0,0,0,3,0,3,0,46,32,2,29,138,255,0,0,127,126,92,252,92,252,92,252,43,252,22,252,22,252,0,0,0,0,0,0,5,0,252,244,1,2,3,126,66,0,1,2,73,132,253,74,37,50,8,0,251,0,112,6,0,8,148,42,0,251,15,255,14,26,44,160,80,48,64,96,96,96,44,4,4,252,4,1,1,1,0,35,53,17,8,17,0,0,0,202,5,35,55,65,75,127,127,127,127,72,61,123,62,15,0,0,0,0,0,0,0,0,0,1,1,1,4,6,2,1,2,0,0,0,0,0,3,0,3,0,46,32,2,216,164,255,0,0,127,126,92,252,92,252,92,252,43,252,22,252,22,252,0,0,0,0,0,0,5,0,252,244
2026-08-04_08-19-29,1,210,0,0.0,0,300.0,-1,-1,1,2,3,126,66,0,1,2,73,132,253,74,37,50,8,0,251,0,112,6,0,8,148,42,0,251,15,255,14,26,44,160,80,48,64,96,96,96,44,4,4,252,4,1,1,1,0,35,53,17,8,17,0,0,0,202,5,35,55,65,75,127,127,127,127,72,61,123,62,15,0,0,0,0,0,0,0,0,0,1,1,1,4,6,2,1,2,0,0,0,0,0,3,0,3,0,46,32,2,216,164,255,0,0,127,126,92,252,92,252,92,252,43,252,22,252,22,252,0,0,0,0,0,0,5,0,252,244,1,2,3,126,70,0,1,2,73,132,253,74,37,50,8,0,251,0,112,6,0,8,148,42,0,251,15,255,18,26,44,160,80,48,64,96,96,96,44,4,4,252,4,1,1,1,0,44,62,26,17,26,0,0,0,130,5,35,55,65,75,127,127,127,127,72,61,123,62,15,0,0,0,0,0,0,0,0,0,1,1,1,5,7,3,2,3,0,0,0,0,0,3,0,3,0,46,32,2,138,77,255,0,0,127,126,92,252,92,252,92,252,43,252,22,252,22,252,0,0,0,0,0,0,5,0,252,244
2026-08-04_08-19-29,1,211,0,0.0,0,300.0,-1,-1,1,2,3,126,70,0,1,2,73,132,253,74,37,50,8,0,251,0,112,6,0,8,148,42,0,251,15,255,18,26,44,160,80,48,64,96,96,96,44,4,4,252,4,1,1,1,0,44,62,26,17,26,0,0,0,130,5,35,55,65,75,127,127,127,127,72,61,123,62,15,0,0,0,0,0,0,0,0,0,1,1,1,5,7,3,2,3,0,0,0,0,0,3,0,3,0,46,32,2,138,77,255,0,0,127,126,92,252,92,252,92,252,43,252,22,252,22,252,0,0,0,0,0,0,5,0,252,244,1,2,3,126,74,0,1,2,73,132,253,74,37,50,8,0,251,0,112,6,0,8,148,42,0,251,15,255,22,26,44,160,80,48,64,96,96,96,44,4,4,252,4,1,1,1,0,53,71,35,26,35,0,0,0,58,5,35,55,65,75,127,127,127,127,72,61,123,62,15,0,0,0,0,0,0,0,0,0,1,1,1,6,8,4,3,4,0,0,0,0,0,3,0,3,0,46,32,2,164,211,255,0,0,127,126,92,252,92,252,92,252,43,252,22,252,22,252,0,0,0,0,0,0,5,0,252,244
2026-08-04_08-19-29,1,212,0,0.0,0,300.0,-1,-1,1,2,3,126,74,0,1,2,73,132,253,74,37,50,8,0,251,0,112,6,0,8,148,42,0,251,15,255,22,26,44,160,80,48,64,96,96,96,44,4,4,252,4,1,1,1,0,53,71,35,26,35,0,0,0,58,5,35,55,65,75,127,127,127,127,72,61,123,62,15,0,0,0,0,0,0,0,0,0,1,1,1,6,8,4,3,4,0,0,0,0,0,3,0,3,0,46,32,2,164,211,255,0,0,127,126,92,252,92,252,92,252,43,252,22,252,22,252,0,0,0,0,0,0,5,0,252,244,1,2,3,126,78,0,1,2,73,132,253,74,37,50,8,0,251,0,112,6,0,8,148,42,0,251,15,255,26,26,44,160,80,48,64,96,96,96,44,4,4,252,4,1,1,1,0,53,71,35,26,35,0,0,0,242,5,35,55,65,75,127,127,127,127,72,61,123,62,15,0,0,0,0,0,0,0,0,0,1,1,1,6,8,4,3,4,0,0,0,0,0,3,0,3,0,46,32,2,77,61,255,0,0,127,126,92,252,92,252,92,252,43,252,22,252,22,252,0,0,0,0,0,0,5,0,252,244
2026-08-04_08-19-29,1,213,0,0.0,0,300.0,-1,-1,1,2,3,126,78,0,1,2,73,132,253,74,37,50,8,0,251,0,112,6,0,8,148,42,0,251,15,255,26,26,44,160,80,48,64,96,96,96,44,4,4,252,4,1,1,1,0,53,71,35,26,35,0,0,0,242,5,35,55,65,75,127,127,127,127,72,61,123,62,15,0,0,0,0,0,0,0,0,0,1,1,1,6,8,4,3,4,0,0,0,0,0,3,0,3,0,46,32,2,77,61,255,0,0,127,126,92,252,92,252,92,252,43,252,22,252,22,252,0,0,0,0,0,0,5,0,252,244,1,2,3,126,82,0,1,2,73,132,253,74,37,50,8,0,251,0,112,6,0,8,148,42,0,251,15,255,30,26,44,160,80,48,64,96,96,96,44,4,4,252,4,1,1,1,0,62,8,44,35,44,0,0,0,170,5,35,55,65,75,127,127,127,127,72,61,123,62,15,0,0,0,0,0,0,0,0,0,1,1,1,7,1,5,4,5,0,0,0,0,0,3,0,3,0,46,32,2,211,218,255,0,0,127,126,92,252,92,252,92,252,43,252,22,252,22,252,0,0,0,0,0,0,5,0,252,244
2026-08-04_08-19-29,1,214,0,0.0,0,300.0,-1,-1,1,2,3,126,82,0,1,2,73,132,253,74,37,50,8,0,251,0,112,6,0,8,148,42,0,251,15,255,30,26,44,160,80,48,64,96,96,96,44,4,4,252,4,1,1,1,0,62,8,44,35,44,0,0,0,170,5,35,55,65,75,127,127,127,127,72,61,123,62,15,0,0,0,0,0,0,0,0,0,1,1,1,7,1,5,4,5,0,0,0,0,0,3,0,3,0,46,32,2,211,218,255,0,0,127,126,92,252,92,252,92,252,43,252,22,252,22,252,0,0,0,0,0,0,5,0,252,244,1,2,3,126,86,0,1,2,73,132,253,74,37,50,8,0,251,0,112,6,0,8,148,42,0,251,15,255,34,26,44,160,80,48,64,96,96,96,44,4,4,252,4,1,1,1,0,71,17,53,44,53,0,0,0,98,5,35,55,65,75,127,127,127,127,72,61,123,62,15,0,0,0,0,0,0,0,0,0,1,1,1,8,2,6,5,6,0,0,0,0,0,3,0,3,0,46,32,2,61,174,255,0,0,127,126,92,252,92,252,92,252,43,252,22,252,22,252,0,0,0,0,0,0,5,0,252,244
2026-08-04_08-19-29,1,215,3,0.0,0,300.0,-1,-1,1,2,3,126,86,0,1,2,73,132,253,74,37,50,8,0,251,0,112,6,0,8,148,42,0,251,15,255,34,26,44,160,80,48,64,96,96,96,44,4,4,252,4,1,1,1,0,71,17,53,44,53,0,0,0,98,5,35,55,65,75,127,127,127,127,72,61,123,62,15,0,0,0,0,0,0,0,0,0,1,1,1,8,2,6,5,6,0,0,0,0,0,3,0,3,0,46,32,2,61,174,255,0,0,127,126,92,252,92,252,92,252,43,252,22,252,22,252,0,0,0,0,0,0,5,0,252,244,1,2,3,126,90,0,1,2,73,156,253,74,37,50,8,0,251,2,192,7,0,8,148,42,0,251,15,255,38,26,44,160,80,48,64,96,96,96,44,4,4,252,4,1,1,1,0,8,26,62,53,62,0,0,0,26,5,35,55,65,75,127,127,127,127,72,61,123,62,15,0,0,0,0,0,0,0,0,0,1,1,1,1,3,7,6,7,0,0,0,0,0,3,0,3,0,46,32,2,218,232,255,0,0,127,126,92,252,92,252,92,252,43,252,22,252,22,252,0,0,0,0,0,0,5,24,252,244
2026-08-04_08-19-29,1,216,3,0.0,0,300.0,-1,-1,1,2,3,126,90,0,1,2,73,156,253,74,37,50,8,0,251,2,192,7,0,8,148,42,0,251,15,255,38,26,44,160,80,48,64,96,96,96,44,4,4,252,4,1,1,1,0,8,26,62,53,62,0,0,0,26,5,35,55,65,75,127,127,127,127,72,61,123,62,15,0,0,0,0,0,0,0,0,0,1,1,1,1,3,7,6,7,0,0,0,0,0,3,0,3,0,46,32,2,218,232,255,0,0,127,126,92,252,92,252,92,252,43,252,22,252,22,252,0,0,0,0,0,0,5,24,252,244,1,2,3,126,94,0,1,2,73,132,253,74,37,50,8,0,251,0,128,9,0,8,148,42,0,251,15,255,42,26,44,160,80,48,64,96,96,96,44,4,4,252,4,1,1,1,0,8,26,62,53,62,0,0,0,210,5,35,55,65,75,127,127,127,127,72,61,123,62,15,0,0,0,0,0,0,0,0,0,1,1,1,1,3,7,6,7,0,0,0,0,0,3,0,3,0,46,32,2,174,141,255,0,0,127,126,92,252,92,252,92,252,43,252,22,252,22,252,0,0,0,0,0,0,5,0,252,244
2026-08-04_08-19-29,1,217,3,0.0,0,300.0,-1,-1,1,2,3,126,94,0,1,2,73,132,253,74,37,50,8,0,251,0,128,9,0,8,148,42,0,251,15,255,42,26,44,160,80,48,64,96,96,96,44,4,4,252,4,1,1,1,0,8,26,62,53,62,0,0,0,210,5,35,55,65,75,127,127,127,127,72,61,123,62,15,0,0,0,0,0,0,0,0,0,1,1,1,1,3,7,6,7,0,0,0,0,0,3,0,3,0,46,32,2,174,141,255,0,0,127,126,92,252,92,252,92,252,43,252,22,252,22,252,0,0,0,0,0,0,5,0,252,244,1,2,3,126,98,0,1,2,73,132,253,74,37,50,8,0,251,0,112,10,0,8,148,42,0,251,15,255,46,26,44,160,80,48,64,96,96,96,44,4,4,252,4,1,1,1,0,17,35,71,62,71,0,0,0,138,5,35,55,65,75,127,127,127,127,72,61,123,62,15,0,0,0,0,0,0,0,0,0,1,1,1,2,4,8,7,8,0,0,0,0,0,3,0,3,0,46,32,2,232,222,255,0,0,127,126,92,252,92,252,92,252,43,252,22,252,22,252,0,0,0,0,0,0,5,0,252,244
2026-08-04_08-19-29,1,218,0,0.0,0,300.0,-1,-1,1,2,3,126,98,0,1,2,73,132,253,74,37,50,8,0,251,0,112,10,0,8,148,42,0,251,15,255,46,26,44,160,80,48,64,96,96,96,44,4,4,252,4,1,1,1,0,17,35,71,62,71,0,0,0,138,5,35,55,65,75,127,127,127,127,72,61,123,62,15,0,0,0,0,0,0,0,0,0,1,1,1,2,4,8,7,8,0,0,0,0,0,3,0,3,0,46,32,2,232,222,255,0,0,127,126,92,252,92,252,92,252,43,252,22,252,22,252,0,0,0,0,0,0,5,0,252,244,1,2,3,126,102,0,1,2,73,132,253,74,37,50,8,0,251,0,112,10,0,8,148,42,0,251,15,255,50,26,44,160,80,48,64,96,96,96,44,4,4,252,4,1,1,1,0,26,44,8,71,8,0,0,0,66,5,35,55,65,75,127,127,127,127,72,61,123,62,15,0,0,0,0,0,0,0,0,0,1,1,1,3,5,1,8,16,0,0,0,0,0,3,0,3,0,46,32,2,141,231,255,0,0,127,126,92,252,92,252,92,252,43,252,22,252,22,252,0,0,0,0,0,0,5,0,252,244
2026-08-04_08-19-29,1,219,0,0.0,0,300.0,-1,-1,1,2,3,126,102,0,1,2,73,132,253,74,37,50,8,0,251,0,112,10,0,8,148,42,0,251,15,255,50,26,44,160,80,48,64,96,96,96,44,4,4,252,4,1,1,1,0,26,44,8,71,8,0,0,0,66,5,35,55,65,75,127,127,127,127,72,61,123,62,15,0,0,0,0,0,0,0,0,0,1,1,1,3,5,1,8,16,0,0,0,0,0,3,0,3,0,46,32,2,141,231,255,0,0,127,126,92,252,92,252,92,252,43,252,22,252,22,252,0,0,0,0,0,0,5,0,252,244,1,2,3,126,106,0,1,2,73,132,253,74,37,50,8,0,251,0,112,10,0,8,148,42,0,251,15,255,54,26,44,160,80,48,64,96,96,96,44,4,4,252,4,1,1,1,0,26,44,8,71,8,0,0,0,250,5,35,55,65,75,127,127,127,127,72,61,123,62,15,0,0,0,0,0,0,0,0,0,1,1,1,3,5,1,8,16,0,0,0,0,0,3,0,3,0,46,32,2,222,114,255,0,0,127,126,92,252,92,252,92,252,43,252,22,252,22,252,0,0,0,0,0,0,5,0,252,244
2026-08-04_08-19-29,1,220,0,0.0,0,300.0,-1,-1,1,2,3,126,106,0,1,2,73,132,253,74,37,50,8,0,251,0,112,10,0,8,148,42,0,251,15,255,54,26,44,160,80,48,64,96,96,96,44,4,4,252,4,1,1,1,0,26,44,8,71,8,0,0,0,250,5,35,55,65,75,127,127,127,127,72,61,123,62,15,0,0,0,0,0,0,0,0,0,1,1,1,3,5,1,8,16,0,0,0,0,0,3,0,3,0,46,32,2,222,114,255,0,0,127,126,92,252,92,252,92,252,43,252,22,252,22,252,0,0,0,0,0,0,5,0,252,244,1,2,3,126,110,0,1,2,73,132,253,74,37,50,8,0,251,0,112,10,0,8,148,42,0,251,15,255,58,26,44,160,80,48,64,96,96,96,44,4,4,252,4,1,1,1,0,35,53,17,8,80,0,0,0,178,5,35,55,65,75,127,127,127,127,72,61,123,62,15,0,0,0,0,0,0,0,0,0,1,1,1,4,6,2,1,9,0,0,0,0,0,3,0,3,0,46,32,2,231,44,255,0,0,127,126,92,252,92,252,92,252,43,252,22,252,22,252,0,0,0,0,0,0,5,0,252,244
2026-08-04_08-19-29,1,221,0,0.0,0,300.0,-1,-1,1,2,3,126,110,0,1,2,73,132,253,74,37,50,8,0,251,0,112,10,0,8,148,42,0,251,15,255,58,26,44,160,80,48,64,96,96,96,44,4,4,252,4,1,1,1,0,35,53,17,8,80,0,0,0,178,5,35,55,65,75,127,127,127,127,72,61,123,62,15,0,0,0,0,0,0,0,0,0,1,1,1,4,6,2,1,9,0,0,0,0,0,3,0,3,0,46,32,2,231,44,255,0,0,127,126,92,252,92,252,92,252,43,252,22,252,22,252,0,0,0,0,0,0,5,0,252,244,1,2,3,126,114,0,1,2,73,132,253,74,37,50,8,0,251,0,112,10,0,8,148,42,0,251,15,255,62,26,44,160,80,48,64,112,96,96,44,4,4,252,4,1,1,1,0,44,62,26,17,89,0,0,0,106,5,35,55,65,75,127,127,127,127,72,61,123,62,14,0,0,0,0,0,0,0,0,0,1,1,1,5,7,3,2,10,0,0,0,0,0,3,0,3,0,46,32,2,114,197,255,0,0,127,126,92,252,92,252,92,252,43,252,22,252,22,252,0,0,0,0,0,0,5,0,252,244
2026-08-04_08-19-29,1,222,0,0.0,0,300.0,-1,-1,1,2,3,126,114,0,1,2,73,132,253,74,37,50,8,0,251,0,112,10,0,8,148,42,0,251,15,255,62,26,44,160,80,48,64,112,96,96,44,4,4,252,4,1,1,1,0,44,62,26,17,89,0,0,0,106,5,35,55,65,75,127,127,127,127,72,61,123,62,14,0,0,0,0,0,0,0,0,0,1,1,1,5,7,3,2,10,0,0,0,0,0,3,0,3,0,46,32,2,114,197,255,0,0,127,126,92,252,92,252,92,252,43,252,22,252,22,252,0,0,0,0,0,0,5,0,252,244,1,2,3,126,118,0,1,2,73,132,253,74,37,50,8,0,251,0,112,10,0,8,148,42,0,251,15,255,66,26,44,160,80,48,64,144,96,96,44,4,4,252,4,0,1,1,0,53,71,35,26,89,0,0,0,34,5,35,55,65,75,127,127,127,127,72,61,123,62,13,0,0,0,0,0,0,0,0,0,1,1,1,6,8,4,3,11,0,0,0,0,0,3,0,3,0,46,32,2,44,82,255,0,0,127,126,92,252,92,252,92,252,43,252,22,252,22,252,0,0,0,0,0,0,5,0,252,244
2026-08-04_08-19-29,1,223,0,0.0,0,300.0,-1,-1,1,2,3,126,118,0,1,2,73,132,253,74,37,50,8,0,251,0,112,10,0,8,148,42,0,251,15,255,66,26,44,160,80,48,64,144,96,96,44,4,4,252,4,0,1,1,0,53,71,35,26,89,0,0,0,34,5,35,55,65,75,127,127,127,127,72,61,123,62,13,0,0,0,0,0,0,0,0,0,1,1,1,6,8,4,3,11,0,0,0,0,0,3,0,3,0,46,32,2,44,82,255,0,0,127,126,92,252,92,252,92,252,43,252,22,252,22,252,0,0,0,0,0,0,5,0,252,244,1,2,3,126,122,0,1,2,73,132,253,74,37,50,8,0,251,0,112,10,0,8,148,42,0,251,15,255,70,26,44,160,80,48,64,144,96,96,44,4,4,252,4,0,1,1,0,53,71,35,26,89,0,0,0,218,5,35,55,65,75,127,127,127,127,72,61,123,62,13,0,0,0,0,0,0,0,0,0,1,1,1,6,8,4,3,11,0,0,0,0,0,3,0,3,0,46,32,2,197,46,255,0,0,127,126,92,252,92,252,92,252,43,252,22,252,22,252,0,0,0,0,0,0,5,0,252,244
2026-08-04_08-19-29,1,224,0,0.0,0,300.0,-1,-1,1,2,3,126,122,0,1,2,73,132,253,74,37,50,8,0,251,0,112,10,0,8,148,42,0,251,15,255,70,26,44,160,80,48,64,144,96,96,44,4,4,252,4,0,1,1,0,53,71,35,26,89,0,0,0,218,5,35,55,65,75,127,127,127,127,72,61,123,62,13,0,0,0,0,0,0,0,0,0,1,1,1,6,8,4,3,11,0,0,0,0,0,3,0,3,0,46,32,2,197,46,255,0,0,127,126,92,252,92,252,92,252,43,252,22,252,22,252,0,0,0,0,0,0,5,0,252,244,1,2,3,126,126,0,1,2,73,132,253,74,37,50,8,0,251,0,112,10,0,8,148,42,0,251,15,255,74,26,44,160,80,48,64,160,96,96,44,4,4,252,4,0,1,1,0,62,8,44,35,80,0,0,0,146,5,35,55,65,75,127,127,127,127,72,61,123,62,12,0,0,0,0,0,0,0,0,0,1,1,1,7,1,5,4,9,0,0,0,0,0,3,0,3,0,46,32,2,82,233,255,0,0,127,126,92,252,92,252,92,252,43,252,22,252,22,252,0,0,0,0,0,0,5,0,252,244
2026-08-04_08-19-29,1,225,0,0.0,0,300.0,-1,-1,1,2,3,126,126,0,1,2,73,132,253,74,37,50,8,0,251,0,112,10,0,8,148,42,0,251,15,255,74,26,44,160,80,48,64,160,96,96,44,4,4,252,4,0,1,1,0,62,8,44,35,80,0,0,0,146,5,35,55,65,75,127,127,127,127,72,61,123,62,12,0,0,0,0,0,0,0,0,0,1,1,1,7,1,5,4,9,0,0,0,0,0,3,0,3,0,46,32,2,82,233,255,0,0,127,126,92,252,92,252,92,252,43,252,22,252,22,252,0,0,0,0,0,0,5,0,252,244,1,2,3,126,130,0,1,2,73,133,253,73,36,49,1,0,251,2,80,10,0,8,148,42,0,251,15,255,78,26,44,160,80,48,64,176,96,96,44,4,4,252,4,0,1,1,0,71,17,53,44,89,0,0,0,74,5,35,55,65,75,127,127,127,127,72,61,123,62,11,0,0,0,0,0,0,0,0,0,1,1,1,8,2,6,5,10,0,0,0,0,0,3,0,3,0,46,32,2,46,158,255,0,0,127,126,92,252,92,252,92,252,43,252,22,252,22,252,0,0,0,0,0,0,5,0,252,244
2026-08-04_08-19-29,1,226,2,0.0,0,300.0,-1,-1,1,2,3,126,130,0,1,2,73,133,253,73,36,49,1,0,251,2,80,10,0,8,148,42,0,251,15,255,78,26,44,160,80,48,64,176,96,96,44,4,4,252,4,0,1,1,0,71,17,53,44,89,0,0,0,74,5,35,55,65,75,127,127,127,127,72,61,123,62,11,0,0,0,0,0,0,0,0,0,1,1,1,8,2,6,5,10,0,0,0,0,0,3,0,3,0,46,32,2,46,158,255,0,0,127,126,92,252,92,252,92,252,43,252,22,252,22,252,0,0,0,0,0,0,5,0,252,244,1,2,3,126,134,0,1,2,73,146,253,71,35,48,1,0,251,0,16,10,0,8,148,42,0,251,15,255,82,26,44,160,80,48,64,192,96,96,44,4,4,252,4,0,1,1,0,8,26,62,53,89,0,0,0,2,5,35,55,65,75,127,127,127,127,72,61,123,62,10,0,0,0,0,0,0,0,0,0,1,1,1,1,3,7,6,11,0,0,0,0,0,3,0,3,0,46,32,2,233,238,255,0,0,127,126,92,252,92,252,92,252,43,252,22,252,22,252,0,0,0,0,0,0,5,12,252,244
2026-08-04_08-19-29,1,227,2,0.0,0,300.0,-1,-1,1,2,3,126,134,0,1,2,73,146,253,71,35,48,1,0,251,0,16,10,0,8,148,42,0,251,15,255,82,26,44,160,80,48,64,192,96,96,44,4,4,252,4,0,1,1,0,8,26,62,53,89,0,0,0,2,5,35,55,65,75,127,127,127,127,72,61,123,62,10,0,0,0,0,0,0,0,0,0,1,1,1,1,3,7,6,11,0,0,0,0,0,3,0,3,0,46,32,2,233,238,255,0,0,127,126,92,252,92,252,92,252,43,252,22,252,22,252,0,0,0,0,0,0,5,12,252,244,1,2,3,126,138,0,1,2,73,158,253,70,35,48,1,0,251,2,208,10,0,8,148,42,0,251,15,255,86,26,44,160,80,48,64,192,96,96,44,4,4,252,4,0,1,1,0,8,26,62,53,89,0,0,0,186,5,35,55,65,75,127,127,127,127,72,61,123,62,10,0,0,0,0,0,0,0,0,0,1,1,1,1,3,7,6,11,0,0,0,0,0,3,0,3,0,46,32,2,158,231,255,0,0,127,126,92,252,92,252,92,252,43,252,22,252,22,252,0,0,0,0,0,0,5,24,252,244
2026-08-04_08-19-29,1,228,2,0.0,0,300.0,-1,-1,1,2,3,126,138,0,1,2,73,158,253,70,35,48,1,0,251,2,208,10,0,8,148,42,0,251,15,255,86,26,44,160,80,48,64,192,96,96,44,4,4,252,4,0,1,1,0,8,26,62,53,89,0,0,0,186,5,35,55,65,75,127,127,127,127,72,61,123,62,10,0,0,0,0,0,0,0,0,0,1,1,1,1,3,7,6,11,0,0,0,0,0,3,0,3,0,46,32,2,158,231,255,0,0,127,126,92,252,92,252,92,252,43,252,22,252,22,252,0,0,0,0,0,0,5,24,252,244,1,2,3,126,142,0,1,2,73,135,253,68,34,47,1,0,251,0,144,10,0,8,148,42,0,251,15,255,90,26,44,160,80,48,64,192,96,96,44,4,4,252,4,0,1,1,0,17,35,71,62,8,0,0,0,114,5,35,55,65,75,127,127,127,127,72,61,123,62,10,0,0,0,0,0,0,0,0,0,1,1,1,2,4,8,7,1,0,0,0,0,0,3,0,3,0,46,32,2,238,116,255,0,0,127,126,92,252,92,252,92,252,43,252,22,252,22,252,0,0,0,0,0,0,5,0,252,244
2026-08-04_08-19-29,1,229,2,0.0,0,300.0,-1,-1,1,2,3,126,142,0,1,2,73,135,253,68,34,47,1,0,251,0,144,10,0,8,148,42,0,251,15,255,90,26,44,160,80,48,64,192,96,96,44,4,4,252,4,0,1,1,0,17,35,71,62,8,0,0,0,114,5,35,55,65,75,127,127,127,127,72,61,123,62,10,0,0,0,0,0,0,0,0,0,1,1,1,2,4,8,7,1,0,0,0,0,0,3,0,3,0,46,32,2,238,116,255,0,0,127,126,92,252,92,252,92,252,43,252,22,252,22,252,0,0,0,0,0,0,5,0,252,244,1,2,3,126,146,0,1,2,73,160,253,66,33,46,1,0,251,1,80,10,0,8,148,42,0,251,15,255,94,26,44,160,80,48,64,192,96,96,44,4,4,252,4,0,1,1,0,26,44,8,71,17,0,0,0,42,5,35,55,65,75,127,127,127,127,72,61,123,62,10,0,0,0,0,0,0,0,0,0,1,1,1,3,5,1,8,2,0,0,0,0,0,3,0,3,0,46,32,2,231,70,255,0,0,127,126,92,252,92,252,92,252,43,252,22,252,22,252,0,0,0,0,0,0,5,24,252,244
2026-08-04_08-19-29,1,230,2,0.0,0,300.0,-1,-1,1,2,3,126,146,0,1,2,73,160,253,66,33,46,1,0,251,1,80,10,0,8,148,42,0,251,15,255,94,26,44,160,80,48,64,192,96,96,44,4,4,252,4,0,1,1,0,26,44,8,71,17,0,0,0,42,5,35,55,65,75,127,127,127,127,72,61,123,62,10,0,0,0,0,0,0,0,0,0,1,1,1,3,5,1,8,2,0,0,0,0,0,3,0,3,0,46,32,2,231,70,255,0,0,127,126,92,252,92,252,92,252,43,252,22,252,22,252,0,0,0,0,0,0,5,24,252,244,1,2,3,126,150,0,1,2,73,137,253,64,32,45,1,0,251,2,16,10,0,8,148,42,0,251,15,255,98,26,44,160,80,48,64,192,96,96,44,4,4,252,4,0,1,1,0,26,44,8,71,17,0,0,0,226,5,35,55,65,75,127,127,127,127,72,61,123,62,10,0,0,0,0,0,0,0,0,0,1,1,1,3,5,1,8,2,0,0,0,0,0,3,0,3,0,46,32,2,116,101,255,0,0,127,126,92,252,92,252,92,252,43,252,22,252,22,252,0,0,0,0,0,0,5,0,252,244
2026-08-04_08-19-29,1,231,2,0.0,0,300.0,-1,-1,1,2,3,126,150,0,1,2,73,137,253,64,32,45,1,0,251,2,16,10,0,8,148,42,0,251,15,255,98,26,44,160,80,48,64,192,96,96,44,4,4,252,4,0,1,1,0,26,44,8,71,17,0,0,0,226,5,35,55,65,75,127,127,127,127,72,61,123,62,10,0,0,0,0,0,0,0,0,0,1,1,1,3,5,1,8,2,0,0,0,0,0,3,0,3,0,46,32,2,116,101,255,0,0,127,126,92,252,92,252,92,252,43,252,22,252,22,252,0,0,0,0,0,0,5,0,252,244,1,2,3,126,154,0,1,2,73,150,253,63,31,44,1,0,251,1,208,10,0,8,148,42,0,251,15,255,102,26,44,160,80,48,64,192,96,96,44,4,4,252,4,0,1,1,0,35,53,17,8,26,0,0,0,154,5,35,55,65,75,127,127,127,127,72,61,123,62,10,0,0,0,0,0,0,0,0,0,1,1,1,4,6,2,1,3,0,0,0,0,0,3,0,3,0,46,32,2,70,83,255,0,0,127,126,92,252,92,252,92,252,43,252,22,252,22,252,0,0,0,0,0,0,5,12,252,244
2026-08-04_08-19-29,1,232,2,0.0,0,300.0,-1,-1,1,2,3,126,154,0,1,2,73,150,253,63,31,44,1,0,251,1,208,10,0,8,148,42,0,251,15,255,102,26,44,160,80,48,64,192,96,96,44,4,4,252,4,0,1,1,0,35,53,17,8,26,0,0,0,154,5,35,55,65,75,127,127,127,127,72,61,123,62,10,0,0,0,0,0,0,0,0,0,1,1,1,4,6,2,1,3,0,0,0,0,0,3,0,3,0,46,32,2,70,83,255,0,0,127,126,92,252,92,252,92,252,43,252,22,252,22,252,0,0,0,0,0,0,5,12,252,244,1,2,3,126,158,0,1,2,73,163,253,61,30,43,1,0,251,2,144,10,0,8,148,42,0,251,15,255,106,26,44,160,80,48,64,192,96,96,44,4,4,252,4,0,1,1,0,44,62,26,17,35,0,0,0,82,5,35,55,65,75,127,127,127,127,72,61,123,62,10,0,0,0,0,0,0,0,0,0,1,1,1,5,7,3,2,4,0,0,0,0,0,3,0,3,0,46,32,2,101,57,255,0,0,127,126,92,252,92,252,92,252,43,252,22,252,22,252,0,0,0,0,0,0,5,24,252,244
2026-08-04_08-19-29,1,233,2,0.0,0,300.0,-1,-1,1,2,3,126,158,0,1,2,73,163,253,61,30,43,1,0,251,2,144,10,0,8,148,42,0,251,15,255,106,26,44,160,80,48,64,192,96,96,44,4,4,252,4,0,1,1,0,44,62,26,17,35,0,0,0,82,5,35,55,65,75,127,127,127,127,72,61,123,62,10,0,0,0,0,0,0,0,0,0,1,1,1,5,7,3,2,4,0,0,0,0,0,3,0,3,0,46,32,2,101,57,255,0,0,127,126,92,252,92,252,92,252,43,252,22,252,22,252,0,0,0,0,0,0,5,24,252,244,1,2,3,126,162,0,1,2,73,152,253,59,29,42,1,0,251,0,80,10,0,8,148,42,0,251,15,255,110,26,44,160,80,48,64,192,96,96,44,4,4,252,4,0,1,1,0,53,71,35,26,44,0,0,0,10,5,35,55,65,75,127,127,127,127,72,61,123,62,10,0,0,0,0,0,0,0,0,0,1,1,1,6,8,4,3,5,0,0,0,0,0,3,0,3,0,46,32,2,83,149,255,0,0,127,126,92,252,92,252,92,252,43,252,22,252,22,252,0,0,0,0,0,0,5,12,252,244
2026-08-04_08-19-29,1,234,2,0.0,0,300.0,-1,-1,1,2,3,126,162,0,1,2,73,152,253,59,29,42,1,0,251,0,80,10,0,8,148,42,0,251,15,255,110,26,44,160,80,48,64,192,96,96,44,4,4,252,4,0,1,1,0,53,71,35,26,44,0,0,0,10,5,35,55,65,75,127,127,127,127,72,61,123,62,10,0,0,0,0,0,0,0,0,0,1,1,1,6,8,4,3,5,0,0,0,0,0,3,0,3,0,46,32,2,83,149,255,0,0,127,126,92,252,92,252,92,252,43,252,22,252,22,252,0,0,0,0,0,0,5,12,252,244,1,2,3,126,166,0,1,2,73,165,253,57,28,41,1,0,251,1,16,10,0,8,148,42,0,251,15,255,114,26,44,160,80,48,64,192,96,96,44,4,4,252,4,0,1,1,0,53,71,35,26,44,0,0,0,194,5,35,55,65,75,127,127,127,127,72,61,123,62,10,0,0,0,0,0,0,0,0,0,1,1,1,6,8,4,3,5,0,0,0,0,0,3,0,3,0,46,32,2,57,94,255,0,0,127,126,92,252,92,252,92,252,43,252,22,252,22,252,0,0,0,0,0,0,5,24,252,244
2026-08-04_08-19-29,1,235,2,0.0,0,300.0,-1,-1,1,2,3,126,166,0,1,2,73,165,253,57,28,41,1,0,251,1,16,10,0,8,148,42,0,251,15,255,114,26,44,160,80,48,64,192,96,96,44,4,4,252,4,0,1,1,0,53,71,35,26,44,0,0,0,194,5,35,55,65,75,127,127,127,127,72,61,123,62,10,0,0,0,0,0,0,0,0,0,1,1,1,6,8,4,3,5,0,0,0,0,0,3,0,3,0,46,32,2,57,94,255,0,0,127,126,92,252,92,252,92,252,43,252,22,252,22,252,0,0,0,0,0,0,5,24,252,244,1,2,3,126,170,0,1,2,73,141,253,56,28,41,1,0,251,0,208,10,0,8,148,42,0,251,15,255,118,26,44,160,80,48,64,192,96,96,44,4,4,252,4,0,1,1,0,62,8,44,35,53,0,0,0,122,5,35,55,65,75,127,127,127,127,72,61,123,62,10,0,0,0,0,0,0,0,0,0,1,1,1,7,1,5,4,6,0,0,0,0,0,3,0,3,0,46,32,2,149,233,255,0,0,127,126,92,252,92,252,92,252,43,252,22,252,22,252,0,0,0,0,0,0,5,0,252,244
2026-08-04_08-19-29,1,236,2,0.0,0,300.0,-1,-1,1,2,3,126,170,0,1,2,73,141,253,56,28,41,1,0,251,0,208,10,0,8,148,42,0,251,15,255,118,26,44,160,80,48,64,192,96,96,44,4,4,252,4,0,1,1,0,62,8,44,35,53,0,0,0,122,5,35,55,65,75,127,127,127,127,72,61,123,62,10,0,0,0,0,0,0,0,0,0,1,1,1,7,1,5,4,6,0,0,0,0,0,3,0,3,0,46,32,2,149,233,255,0,0,127,126,92,252,92,252,92,252,43,252,22,252,22,252,0,0,0,0,0,0,5,0,252,244,1,2,3,126,174,0,1,2,73,154,253,54,27,40,1,0,251,1,144,10,0,8,148,42,0,251,15,255,122,26,44,160,80,48,64,192,96,96,44,4,4,252,4,0,1,1,0,71,17,53,44,62,0,0,0,50,5,35,55,65,75,127,127,127,127,72,61,123,62,10,0,0,0,0,0,0,0,0,0,1,1,1,8,2,6,5,7,0,0,0,0,0,3,0,3,0,46,32,2,94,151,255,0,0,127,126,92,252,92,252,92,252,43,252,22,252,22,252,0,0,0,0,0,0,5,12,252,244
2026-08-04_08-19-29,1,237,2,0.0,0,300.0,-1,-1,1,2,3,126,174,0,1,2,73,154,253,54,27,40,1,0,251,1,144,10,0,8,148,42,0,251,15,255,122,26,44,160,80,48,64,192,96,96,44,4,4,252,4,0,1,1,0,71,17,53,44,62,0,0,0,50,5,35,55,65,75,127,127,127,127,72,61,123,62,10,0,0,0,0,0,0,0,0,0,1,1,1,8,2,6,5,7,0,0,0,0,0,3,0,3,0,46,32,2,94,151,255,0,0,127,126,92,252,92,252,92,252,43,252,22,252,22,252,0,0,0,0,0,0,5,12,252,244,1,2,3,126,178,0,1,2,73,143,253,52,26,39,1,0,251,2,80,10,0,8,148,42,0,251,15,255,126,26,44,160,80,48,64,192,96,96,44,4,4,252,4,0,1,1,0,71,17,53,44,62,0,0,0,234,5,35,55,65,75,127,127,127,127,72,61,123,62,10,0,0,0,0,0,0,0,0,0,1,1,1,8,2,6,5,7,0,0,0,0,0,3,0,3,0,46,32,2,233,124,255,0,0,127,126,92,252,92,252,92,252,43,252,22,252,22,252,0,0,0,0,0,0,5,0,252,244
2026-08-04_08-19-29,1,238,2,0.0,0,300.0,-1,-1,1,2,3,126,178,0,1,2,73,143,253,52,26,39,1,0,251,2,80,10,0,8,148,42,0,251,15,255,126,26,44,160,80,48,64,192,96,96,44,4,4,252,4,0,1,1,0,71,17,53,44,62,0,0,0,234,5,35,55,65,75,127,127,127,127,72,61,123,62,10,0,0,0,0,0,0,0,0,0,1,1,1,8,2,6,5,7,0,0,0,0,0,3,0,3,0,46,32,2,233,124,255,0,0,127,126,92,252,92,252,92,252,43,252,22,252,22,252,0,0,0,0,0,0,5,0,252,244,1,2,3,126,182,0,1,2,73,156,253,50,25,38,1,0,251,0,16,10,0,8,148,42,15,251,8,194,128,14,75,160,80,48,64,192,96,96,44,4,4,252,4,0,1,1,0,8,26,62,53,71,0,0,0,162,5,35,55,65,75,127,127,127,127,72,61,123,62,10,0,0,0,0,0,0,0,0,0,1,1,1,1,3,7,6,8,0,0,0,0,0,3,0,3,0,46,32,2,151,199,255,0,0,127,126,92,252,92,252,92,252,43,252,22,252,22,252,0,0,254,0,0,0,5,12,252,244
2026-08-04_08-19-29,1,239,2,0.0,0,300.0,-1,-1,1,2,3,126,182,0,1,2,73,156,253,50,25,38,1,0,251,0,16,10,0,8,148,42,15,251,8,194,128,14,75,160,80,48,64,192,96,96,44,4,4,252,4,0,1,1,0,8,26,62,53,71,0,0,0,162,5,35,55,65,75,127,127,127,127,72,61,123,62,10,0,0,0,0,0,0,0,0,0,1,1,1,1,3,7,6,8,0,0,0,0,0,3,0,3,0,46,32,2,151,199,255,0,0,127,126,92,252,92,252,92,252,43,252,22,252,22,252,0,0,254,0,0,0,5,12,252,244,1,2,3,126,186,0,1,2,73,169,253,49,24,37,1,0,251,2,208,10,0,8,148,42,16,251,8,198,128,14,74,160,80,48,64,192,96,96,44,4,4,252,4,0,1,1,0,17,35,71,62,8,0,0,0,90,5,35,55,65,75,127,127,127,127,72,61,123,62,10,0,0,0,0,0,0,0,0,0,1,1,1,2,4,8,7,1,0,0,0,0,0,3,0,3,0,46,32,2,124,119,255,0,0,127,126,92,252,92,252,92,252,43,252,22,252,22,252,0,0,253,0,0,0,5,24,252,244
2026-08-04_08-19-29,1,240,2,0.0,0,300.0,-1,-1,1,2,3,126,186,0,1,2,73,169,253,49,24,37,1,0,251,2,208,10,0,8,148,42,16,251,8,198,128,14,74,160,80,48,64,192,96,96,44,4,4,252,4,0,1,1,0,17,35,71,62,8,0,0,0,90,5,35,55,65,75,127,127,127,127,72,61,123,62,10,0,0,0,0,0,0,0,0,0,1,1,1,2,4,8,7,1,0,0,0,0,0,3,0,3,0,46,32,2,124,119,255,0,0,127,126,92,252,92,252,92,252,43,252,22,252,22,252,0,0,253,0,0,0,5,24,252,244,1,2,3,126,190,0,1,2,73,146,253,47,23,36,1,0,251,0,144,10,0,8,148,42,17,251,8,202,128,14,73,160,80,48,64,192,96,96,44,4,4,252,4,0,1,1,0,26,44,8,71,17,0,0,0,18,5,35,55,65,75,127,127,127,127,72,61,123,62,10,0,0,0,0,0,0,0,0,0,1,1,1,3,5,1,8,2,0,0,0,0,0,3,0,3,0,46,32,2,199,112,255,0,0,127,126,92,252,92,252,92,252,43,252,22,252,22,252,0,0,252,0,0,0,5,0,252,244
2026-08-04_08-19-29,1,241,2,0.0,0,300.0,-1,-1,1,2,3,126,190,0,1,2,73,146,253,47,23,36,1,0,251,0,144,10,0,8,148,42,17,251,8,202,128,14,73,160,80,48,64,192,96,96,44,4,4,252,4,0,1,1,0,26,44,8,71,17,0,0,0,18,5,35,55,65,75,127,127,127,127,72,61,123,62,10,0,0,0,0,0,0,0,0,0,1,1,1,3,5,1,8,2,0,0,0,0,0,3,0,3,0,46,32,2,199,112,255,0,0,127,126,92,252,92,252,92,252,43,252,22,252,22,252,0,0,252,0,0,0,5,0,252,244,1,2,3,126,194,0,1,2,73,171,253,45,22,35,1,0,251,1,80,10,0,8,148,42,18,251,8,206,128,14,72,160,80,48,64,192,96,96,44,4,4,252,4,0,1,1,0,26,44,8,71,17,0,0,0,202,5,35,55,65,75,127,127,127,127,72,61,123,62,10,0,0,0,0,0,0,0,0,0,1,1,1,3,5,1,8,2,0,0,0,0,0,3,0,3,0,46,32,2,119,9,255,0,0,127,126,92,252,92,252,92,252,43,252,22,252,22,252,0,0,251,0,0,0,5,24,252,244
2026-08-04_08-19-29,1,242,2,0.0,0,300.0,-1,-1,1,2,3,126,194,0,1,2,73,171,253,45,22,35,1,0,251,1,80,10,0,8,148,42,18,251,8,206,128,14,72,160,80,48,64,192,96,96,44,4,4,252,4,0,1,1,0,26,44,8,71,17,0,0,0,202,5,35,55,65,75,127,127,127,127,72,61,123,62,10,0,0,0,0,0,0,0,0,0,1,1,1,3,5,1,8,2,0,0,0,0,0,3,0,3,0,46,32,2,119,9,255,0,0,127,126,92,252,92,252,92,252,43,252,22,252,22,252,0,0,251,0,0,0,5,24,252,244,1,2,3,126,198,0,1,2,73,148,253,43,21,34,1,0,251,2,16,10,0,8,148,42,19,251,8,210,128,14,71,160,80,48,64,192,96,96,44,4,4,252,4,0,1,1,0,35,53,17,80,26,0,0,0,130,5,35,55,65,75,127,127,127,127,72,61,123,62,10,0,0,0,0,0,0,0,0,0,1,1,1,4,6,2,9,3,0,0,0,0,0,3,0,3,0,46,32,2,112,147,255,0,0,127,126,92,252,92,252,92,252,43,252,22,252,22,252,0,0,250,0,0,0,5,0,252,244
2026-08-04_08-19-29,1,243,2,0.0,0,300.0,-1,-1,1,2,3,126,198,0,1,2,73,148,253,43,21,34,1,0,251,2,16,10,0,8,148,42,19,251,8,210,128,14,71,160,80,48,64,192,96,96,44,4,4,252,4,0,1,1,0,35,53,17,80,26,0,0,0,130,5,35,55,65,75,127,127,127,127,72,61,123,62,10,0,0,0,0,0,0,0,0,0,1,1,1,4,6,2,9,3,0,0,0,0,0,3,0,3,0,46,32,2,112,147,255,0,0,127,126,92,252,92,252,92,252,43,252,22,252,22,252,0,0,250,0,0,0,5,0,252,244,1,2,3,126,202,0,1,2,73,160,253,42,21,34,1,0,251,1,208,10,0,8,148,42,20,251,8,214,128,14,70,160,80,48,80,192,96,96,44,4,4,252,4,0,1,1,0,44,62,26,89,35,0,0,0,58,5,35,55,65,75,127,127,127,127,72,61,123,61,10,0,0,0,0,0,0,0,0,0,1,1,1,5,7,3,10,4,0,0,0,0,0,3,0,3,0,46,32,2,9,50,255,0,0,127,126,92,252,92,252,92,252,43,252,22,252,22,252,0,0,249,0,0,0,5,12,252,244
2026-08-04_08-19-29,1,244,2,0.0,0,300.0,-1,-1,1,2,3,126,202,0,1,2,73,160,253,42,21,34,1,0,251,1,208,10,0,8,148,42,20,251,8,214,128,14,70,160,80,48,80,192,96,96,44,4,4,252,4,0,1,1,0,44,62,26,89,35,0,0,0,58,5,35,55,65,75,127,127,127,127,72,61,123,61,10,0,0,0,0,0,0,0,0,0,1,1,1,5,7,3,10,4,0,0,0,0,0,3,0,3,0,46,32,2,9,50,255,0,0,127,126,92,252,92,252,92,252,43,252,22,252,22,252,0,0,249,0,0,0,5,12,252,244,1,2,3,126,206,0,1,2,73,173,253,40,20,33,1,0,251,2,144,10,0,8,148,42,21,251,8,218,128,14,69,160,80,48,80,192,96,96,44,4,4,252,4,0,1,1,0,44,62,26,89,35,0,0,0,242,5,35,55,65,75,127,127,127,127,72,61,123,61,10,0,0,0,0,0,0,0,0,0,1,1,1,5,7,3,10,4,0,0,0,0,0,3,0,3,0,46,32,2,147,35,255,0,0,127,126,92,252,92,252,92,252,43,252,22,252,22,252,0,0,248,0,0,0,5,24,252,244
2026-08-04_08-19-29,1,245,2,0.0,0,300.0,-1,-1,1,2,3,126,206,0,1,2,73,173,253,40,20,33,1,0,251,2,144,10,0,8,148,42,21,251,8,218,128,14,69,160,80,48,80,192,96,96,44,4,4,252,4,0,1,1,0,44,62,26,89,35,0,0,0,242,5,35,55,65,75,127,127,127,127,72,61,123,61,10,0,0,0,0,0,0,0,0,0,1,1,1,5,7,3,10,4,0,0,0,0,0,3,0,3,0,46,32,2,147,35,255,0,0,127,126,92,252,92,252,92,252,43,252,22,252,22,252,0,0,248,0,0,0,5,24,252,244,1,2,3,126,210,0,1,2,73,162,253,38,19,32,1,0,251,0,80,10,0,8,148,42,22,251,8,222,128,14,68,160,80,48,96,192,96,96,44,4,4,252,4,0,1,1,0,53,71,35,89,44,0,0,0,170,5,35,55,65,75,127,127,127,127,72,61,123,60,10,0,0,0,0,0,0,0,0,0,1,1,1,6,8,4,11,5,0,0,0,0,0,3,0,3,0,46,32,2,50,54,255,0,0,127,126,92,252,92,252,92,252,43,252,22,252,22,252,0,0,247,0,0,0,5,12,252,244
2026-08-04_08-19-29,1,246,2,0.0,0,300.0,-1,-1,1,2,3,126,210,0,1,2,73,162,253,38,19,32,1,0,251,0,80,10,0,8,148,42,22,251,8,222,128,14,68,160,80,48,96,192,96,96,44,4,4,252,4,0,1,1,0,53,71,35,89,44,0,0,0,170,5,35,55,65,75,127,127,127,127,72,61,123,60,10,0,0,0,0,0,0,0,0,0,1,1,1,6,8,4,11,5,0,0,0,0,0,3,0,3,0,46,32,2,50,54,255,0,0,127,126,92,252,92,252,92,252,43,252,22,252,22,252,0,0,247,0,0,0,5,12,252,244,1,2,3,126,214,0,1,2,73,175,253,36,18,31,1,0,251,1,16,10,0,8,148,42,23,251,8,226,128,14,67,160,80,48,112,192,96,96,44,4,4,252,4,0,1,1,0,62,8,44,80,53,0,0,0,98,5,35,55,65,75,127,127,127,127,72,61,123,59,10,0,0,0,0,0,0,0,0,0,1,1,1,7,1,5,9,6,0,0,0,0,0,3,0,3,0,46,32,2,35,106,255,0,0,127,126,92,252,92,252,92,252,43,252,22,252,22,252,0,0,246,0,0,0,5,24,252,244
2026-08-04_08-19-29,1,247,2,0.0,0,300.0,-1,-1,1,2,3,126,214,0,1,2,73,175,253,36,18,31,1,0,251,1,16,10,0,8,148,42,23,251,8,226,128,14,67,160,80,48,112,192,96,96,44,4,4,252,4,0,1,1,0,62,8,44,80,53,0,0,0,98,5,35,55,65,75,127,127,127,127,72,61,123,59,10,0,0,0,0,0,0,0,0,0,1,1,1,7,1,5,9,6,0,0,0,0,0,3,0,3,0,46,32,2,35,106,255,0,0,127,126,92,252,92,252,92,252,43,252,22,252,22,252,0,0,246,0,0,0,5,24,252,244,1,2,3,126,218,0,1,2,73,152,253,35,17,30,1,0,251,0,208,10,0,8,148,42,24,251,8,230,128,14,66,160,80,48,144,192,96,96,44,4,4,252,3,0,1,1,0,71,17,53,89,62,0,0,0,26,5,35,55,65,75,127,127,127,127,72,61,123,58,10,0,0,0,0,0,0,0,0,0,1,1,1,8,2,6,10,7,0,0,0,0,0,3,0,3,0,46,32,2,54,172,255,0,0,127,126,92,252,92,252,92,252,43,252,22,252,22,252,0,0,245,0,0,0,5,0,252,244
2026-08-04_08-19-29,1,248,2,0.0,0,300.0,-1,-1,1,2,3,126,218,0,1,2,73,152,253,35,17,30,1,0,251,0,208,10,0,8,148,42,24,251,8,230,128,14,66,160,80,48,144,192,96,96,44,4,4,252,3,0,1,1,0,71,17,53,89,62,0,0,0,26,5,35,55,65,75,127,127,127,127,72,61,123,58,10,0,0,0,0,0,0,0,0,0,1,1,1,8,2,6,10,7,0,0,0,0,0,3,0,3,0,46,32,2,54,172,255,0,0,127,126,92,252,92,252,92,252,43,252,22,252,22,252,0,0,245,0,0,0,5,0,252,244,1,2,3,126,222,0,1,2,73,165,253,33,16,29,1,0,251,1,144,10,0,8,148,42,25,251,8,234,128,14,65,160,80,48,144,192,96,96,44,4,4,252,3,0,1,1,0,71,17,53,89,62,0,0,0,210,5,35,55,65,75,127,127,127,127,72,61,123,58,10,0,0,0,0,0,0,0,0,0,1,1,1,8,2,6,10,7,0,0,0,0,0,3,0,3,0,46,32,2,106,203,255,0,0,127,126,92,252,92,252,92,252,43,252,22,252,22,252,0,0,244,0,0,0,5,12,252,244
2026-08-04_08-19-29,1,249,2,0.0,0,300.0,-1,-1,1,2,3,126,222,0,1,2,73,165,253,33,16,29,1,0,251,1,144,10,0,8,148,42,25,251,8,234,128,14,65,160,80,48,144,192,96,96,44,4,4,252,3,0,1,1,0,71,17,53,89,62,0,0,0,210,5,35,55,65,75,127,127,127,127,72,61,123,58,10,0,0,0,0,0,0,0,0,0,1,1,1,8,2,6,10,7,0,0,0,0,0,3,0,3,0,46,32,2,106,203,255,0,0,127,126,92,252,92,252,92,252,43,252,22,252,22,252,0,0,244,0,0,0,5,12,252,244,1,2,3,126,226,0,1,2,73,154,253,31,15,28,1,0,251,2,80,10,0,8,148,42,26,251,8,238,128,14,64,160,80,48,160,192,96,96,44,4,4,252,3,0,1,1,0,8,26,62,89,71,0,0,0,138,5,35,55,65,75,127,127,127,127,72,61,123,57,10,0,0,0,0,0,0,0,0,0,1,1,1,1,3,7,11,8,0,0,0,0,0,3,0,3,0,46,32,2,172,183,255,0,0,127,126,92,252,92,252,92,252,43,252,22,252,22,252,0,0,243,0,0,0,5,0,252,244
2026-08-04_08-19-29,1,250,2,0.0,0,300.0,-1,-1,1,2,3,126,226,0,1,2,73,154,253,31,15,28,1,0,251,2,80,10,0,8,148,42,26,251,8,238,128,14,64,160,80,48,160,192,96,96,44,4,4,252,3,0,1,1,0,8,26,62,89,71,0,0,0,138,5,35,55,65,75,127,127,127,127,72,61,123,57,10,0,0,0,0,0,0,0,0,0,1,1,1,1,3,7,11,8,0,0,0,0,0,3,0,3,0,46,32,2,172,183,255,0,0,127,126,92,252,92,252,92,252,43,252,22,252,22,252,0,0,243,0,0,0,5,0,252,244,1,2,3,126,230,0,1,2,73,167,253,29,14,27,1,0,251,0,16,10,0,8,148,42,27,251,8,242,128,14,63,160,80,48,176,192,96,96,44,4,4,252,3,0,1,1,0,17,35,71,80,8,0,0,0,66,5,35,55,65,75,127,127,127,127,72,61,123,56,10,0,0,0,0,0,0,0,0,0,1,1,1,2,4,8,9,1,0,0,0,0,0,3,0,3,0,46,32,2,203,126,255,0,0,127,126,92,252,92,252,92,252,43,252,22,252,22,252,0,0,242,0,0,0,5,12,252,244
2026-08-04_08-19-29,1,251,2,0.0,0,300.0,-1,-1,1,2,3,126,230,0,1,2,73,167,253,29,14,27,1,0,251,0,16,10,0,8,148,42,27,251,8,242,128,14,63,160,80,48,176,192,96,96,44,4,4,252,3,0,1,1,0,17,35,71,80,8,0,0,0,66,5,35,55,65,75,127,127,127,127,72,61,123,56,10,0,0,0,0,0,0,0,0,0,1,1,1,2,4,8,9,1,0,0,0,0,0,3,0,3,0,46,32,2,203,126,255,0,0,127,126,92,252,92,252,92,252,43,252,22,252,22,252,0,0,242,0,0,0,5,12,252,244,1,2,3,126,234,0,1,2,73,179,253,28,14,27,1,0,251,2,208,10,0,8,148,42,28,251,8,246,128,14,62,160,80,48,176,192,96,96,44,4,4,252,3,0,1,1,0,17,35,71,80,8,0,0,0,250,5,35,55,65,75,127,127,127,127,72,61,123,56,10,0,0,0,0,0,0,0,0,0,1,1,1,2,4,8,9,1,0,0,0,0,0,3,0,3,0,46,32,2,183,235,255,0,0,127,126,92,252,92,252,92,252,43,252,22,252,22,252,0,0,241,0,0,0,5,24,252,244
2026-08-04_08-19-29,1,252,0,0.0,0,300.0,-1,-1,1,2,3,126,234,0,1,2,73,179,253,28,14,27,1,0,251,2,208,10,0,8,148,42,28,251,8,246,128,14,62,160,80,48,176,192,96,96,44,4,4,252,3,0,1,1,0,17,35,71,80,8,0,0,0,250,5,35,55,65,75,127,127,127,127,72,61,123,56,10,0,0,0,0,0,0,0,0,0,1,1,1,2,4,8,9,1,0,0,0,0,0,3,0,3,0,46,32,2,183,235,255,0,0,127,126,92,252,92,252,92,252,43,252,22,252,22,252,0,0,241,0,0,0,5,24,252,244,1,2,3,126,238,0,1,2,73,156,253,27,13,26,1,0,251,0,112,10,0,8,148,42,29,251,8,250,128,14,61,160,80,48,192,192,96,96,44,4,4,252,3,0,1,1,0,26,44,8,89,17,0,0,0,178,5,35,55,65,75,127,127,127,127,72,61,123,55,10,0,0,0,0,0,0,0,0,0,1,1,1,3,5,1,10,2,0,0,0,0,0,3,0,3,0,46,32,2,126,187,255,0,0,127,126,92,252,92,252,92,252,43,252,22,252,22,252,0,0,240,0,0,0,5,0,252,244
2026-08-04_08-19-29,1,253,0,0.0,0,300.0,-1,-1,1,2,3,126,238,0,1,2,73,156,253,27,13,26,1,0,251,0,112,10,0,8,148,42,29,251,8,250,128,14,61,160,80,48,192,192,96,96,44,4,4,252,3,0,1,1,0,26,44,8,89,17,0,0,0,178,5,35,55,65,75,127,127,127,127,72,61,123,55,10,0,0,0,0,0,0,0,0,0,1,1,1,3,5,1,10,2,0,0,0,0,0,3,0,3,0,46,32,2,126,187,255,0,0,127,126,92,252,92,252,92,252,43,252,22,252,22,252,0,0,240,0,0,0,5,0,252,244,1,2,3,126,242,0,1,2,73,156,253,27,13,26,1,0,251,0,112,10,0,8,148,42,30,251,8,254,128,14,60,160,80,48,208,192,96,96,44,4,4,252,3,0,1,1,0,35,53,17,89,26,0,0,0,106,5,35,55,65,75,127,127,127,127,72,61,123,54,10,0,0,0,0,0,0,0,0,0,1,1,1,4,6,2,11,3,0,0,0,0,0,3,0,3,0,46,32,2,235,176,255,0,0,127,126,92,252,92,252,92,252,43,252,22,252,22,252,0,0,239,0,0,0,5,0,252,244
2026-08-04_08-19-29,1,254,0,0.0,0,300.0,-1,-1,1,2,3,126,242,0,1,2,73,156,253,27,13,26,1,0,251,0,112,10,0,8,148,42,30,251,8,254,128,14,60,160,80,48,208,192,96,96,44,4,4,252,3,0,1,1,0,35,53,17,89,26,0,0,0,106,5,35,55,65,75,127,127,127,127,72,61,123,54,10,0,0,0,0,0,0,0,0,0,1,1,1,4,6,2,11,3,0,0,0,0,0,3,0,3,0,46,32,2,235,176,255,0,0,127,126,92,252,92,252,92,252,43,252,22,252,22,252,0,0,239,0,0,0,5,0,252,244,1,2,3,126,246,0,1,2,73,156,253,27,13,26,1,0,251,0,112,10,0,8,148,42,32,251,8,2,128,14,58,160,80,48,224,192,96,96,44,4,4,252,3,0,1,1,0,44,62,26,80,35,0,0,0,34,5,35,55,65,75,127,127,127,127,72,61,123,53,10,0,0,0,0,0,0,0,0,0,1,1,1,5,7,3,9,4,0,0,0,0,0,3,0,3,0,46,32,2,187,7,255,0,0,127,126,92,252,92,252,92,252,43,252,22,252,22,252,0,0,237,0,0,0,5,0,252,244
2026-08-04_08-19-29,1,255,0,0.0,0,300.0,-1,-1,1,2,3,126,246,0,1,2,73,156,253,27,13,26,1,0,251,0,112,10,0,8,148,42,32,251,8,2,128,14,58,160,80,48,224,192,96,96,44,4,4,252,3,0,1,1,0,44,62,26,80,35,0,0,0,34,5,35,55,65,75,127,127,127,127,72,61,123,53,10,0,0,0,0,0,0,0,0,0,1,1,1,5,7,3,9,4,0,0,0,0,0,3,0,3,0,46,32,2,187,7,255,0,0,127,126,92,252,92,252,92,252,43,252,22,252,22,252,0,0,237,0,0,0,5,0,252,244,1,2,3,126,250,0,1,2,73,156,253,27,13,26,1,0,251,0,112,10,0,8,148,42,33,251,8,6,128,14,57,160,80,48,224,192,96,96,44,4,4,252,3,0,1,1,0,44,62,26,80,35,0,0,0,218,5,35,55,65,75,127,127,127,127,72,61,123,53,10,0,0,0,0,0,0,0,0,0,1,1,1,5,7,3,9,4,0,0,0,0,0,3,0,3,0,46,32,2,176,121,255,0,0,127,126,92,252,92,252,92,252,43,252,22,252,22,252,0,0,236,0,0,0,5,0,252,244
2026-08-04_08-19-29,1,256,0,0.0,0,300.0,-1,-1,1,2,3,126,250,0,1,2,73,156,253,27,13,26,1,0,251,0,112,10,0,8,148,42,33,251,8,6,128,14,57,160,80,48,224,192,96,96,44,4,4,252,3,0,1,1,0,44,62,26,80,35,0,0,0,218,5,35,55,65,75,127,127,127,127,72,61,123,53,10,0,0,0,0,0,0,0,0,0,1,1,1,5,7,3,9,4,0,0,0,0,0,3,0,3,0,46,32,2,176,121,255,0,0,127,126,92,252,92,252,92,252,43,252,22,252,22,252,0,0,236,0,0,0,5,0,252,244,1,2,3,126,254,0,1,2,73,156,253,27,13,26,1,0,251,0,112,10,0,8,148,42,34,251,8,10,128,14,56,160,80,48,240,192,96,96,44,4,4,252,3,0,1,1,0,53,71,35,89,44,0,0,0,146,5,35,55,65,75,127,127,127,127,72,61,123,52,10,0,0,0,0,0,0,0,0,0,1,1,1,6,8,4,10,5,0,0,0,0,0,3,0,3,0,46,32,2,7,154,255,0,0,127,126,92,252,92,252,92,252,43,252,22,252,22,252,0,0,235,0,0,0,5,0,252,244
2026-08-04_08-19-29,1,257,0,0.0,0,300.0,-1,-1,1,2,3,126,254,0,1,2,73,156,253,27,13,26,1,0,251,0,112,10,0,8,148,42,34,251,8,10,128,14,56,160,80,48,240,192,96,96,44,4,4,252,3,0,1,1,0,53,71,35,89,44,0,0,0,146,5,35,55,65,75,127,127,127,127,72,61,123,52,10,0,0,0,0,0,0,0,0,0,1,1,1,6,8,4,10,5,0,0,0,0,0,3,0,3,0,46,32,2,7,154,255,0,0,127,126,92,252,92,252,92,252,43,252,22,252,22,252,0,0,235,0,0,0,5,0,252,244,1,2,3,126,2,0,1,3,73,156,253,27,13,26,1,0,251,0,112,10,0,8,148,42,35,251,8,14,128,14,55,160,80,48,0,192,96,96,44,4,4,252,3,0,1,1,0,62,8,44,89,53,0,0,0,74,5,35,55,65,75,127,127,127,127,72,61,123,51,10,0,0,0,0,0,0,0,0,0,1,1,1,7,1,5,11,6,0,0,0,0,0,3,0,3,0,46,32,2,121,161,255,0,0,127,126,92,252,92,252,92,252,43,252,22,252,22,252,0,0,234,0,0,0,5,0,252,244
2026-08-04_08-19-29,1,258,0,0.0,0,300.0,-1,-1,1,2,3,126,2,0,1,3,73,156,253,27,13,26,1,0,251,0,112,10,0,8,148,42,35,251,8,14,128,14,55,160,80,48,0,192,96,96,44,4,4,252,3,0,1,1,0,62,8,44,89,53,0,0,0,74,5,35,55,65,75,127,127,127,127,72,61,123,51,10,0,0,0,0,0,0,0,0,0,1,1,1,7,1,5,11,6,0,0,0,0,0,3,0,3,0,46,32,2,121,161,255,0,0,127,126,92,252,92,252,92,252,43,252,22,252,22,252,0,0,234,0,0,0,5,0,252,244,1,2,3,126,6,0,1,3,73,156,253,27,13,26,2,0,251,0,224,10,0,8,148,42,36,251,8,18,128,14,54,160,80,48,16,192,96,96,44,4,4,252,3,0,1,1,0,71,17,53,80,62,0,0,0,2,5,35,55,65,75,127,127,127,127,72,61,123,50,10,0,0,0,0,0,0,0,0,0,1,1,1,8,2,6,9,7,0,0,0,0,0,3,0,3,0,46,32,2,154,17,255,0,0,127,126,92,252,92,252,92,252,43,252,22,252,22,252,0,0,233,0,0,0,5,0,252,244
2026-08-04_08-19-29,1,259,5,0.0,0,300.0,-1,-1,1,2,3,126,6,0,1,3,73,156,253,27,13,26,2,0,251,0,224,10,0,8,148,42,36,251,8,18,128,14,54,160,80,48,16,192,96,96,44,4,4,252,3,0,1,1,0,71,17,53,80,62,0,0,0,2,5,35,55,65,75,127,127,127,127,72,61,123,50,10,0,0,0,0,0,0,0,0,0,1,1,1,8,2,6,9,7,0,0,0,0,0,3,0,3,0,46,32,2,154,17,255,0,0,127,126,92,252,92,252,92,252,43,252,22,252,22,252,0,0,233,0,0,0,5,0,252,244,1,2,3,126,10,0,1,3,73,167,253,29,14,27,2,0,251,1,160,10,0,8,148,42,37,251,8,22,128,14,53,160,80,48,16,192,96,96,44,4,4,252,3,0,1,1,0,71,17,53,80,62,0,0,0,186,5,35,55,65,75,127,127,127,127,72,61,123,50,10,0,0,0,0,0,0,0,0,0,1,1,1,8,2,6,9,7,0,0,0,0,0,3,0,3,0,46,32,2,161,21,255,0,0,127,126,92,252,92,252,92,252,43,252,22,252,22,252,0,0,232,0,0,0,5,12,252,244
2026-08-04_08-19-29,1,260,5,0.0,0,300.0,-1,-1,1,2,3,126,10,0,1,3,73,167,253,29,14,27,2,0,251,1,160,10,0,8,148,42,37,251,8,22,128,14,53,160,80,48,16,192,96,96,44,4,4,252,3,0,1,1,0,71,17,53,80,62,0,0,0,186,5,35,55,65,75,127,127,127,127,72,61,123,50,10,0,0,0,0,0,0,0,0,0,1,1,1,8,2,6,9,7,0,0,0,0,0,3,0,3,0,46,32,2,161,21,255,0,0,127,126,92,252,92,252,92,252,43,252,22,252,22,252,0,0,232,0,0,0,5,12,252,244,1,2,3,126,14,0,1,3,73,154,253,31,15,28,2,0,251,2,96,10,0,8,148,42,38,251,8,26,128,14,52,160,80,48,32,192,96,96,44,4,4,252,3,0,1,1,0,80,26,62,89,71,0,0,0,114,5,35,55,65,75,127,127,127,127,72,61,123,49,10,0,0,0,0,0,0,0,0,0,1,1,1,9,3,7,10,8,0,0,0,0,0,3,0,3,0,46,32,2,17,92,255,0,0,127,126,92,252,92,252,92,252,43,252,22,252,22,252,0,0,231,0,0,0,5,0,252,244
2026-08-04_08-19-29,1,261,0,0.0,0,300.0,-1,-1,1,2,3,126,14,0,1,3,73,154,253,31,15,28,2,0,251,2,96,10,0,8,148,42,38,251,8,26,128,14,52,160,80,48,32,192,96,96,44,4,4,252,3,0,1,1,0,80,26,62,89,71,0,0,0,114,5,35,55,65,75,127,127,127,127,72,61,123,49,10,0,0,0,0,0,0,0,0,0,1,1,1,9,3,7,10,8,0,0,0,0,0,3,0,3,0,46,32,2,17,92,255,0,0,127,126,92,252,92,252,92,252,43,252,22,252,22,252,0,0,231,0,0,0,5,0,252,244,1,2,3,126,18,0,1,3,73,154,253,31,15,28,2,0,251,0,112,10,0,8,148,42,39,251,8,30,128,14,51,176,80,48,48,192,96,96,44,4,4,252,3,0,1,1,0,89,35,71,89,8,0,0,0,42,5,35,55,65,75,127,127,127,127,71,61,123,48,10,0,0,0,0,0,0,0,0,0,1,1,1,10,4,8,11,1,0,0,0,0,0,3,0,3,0,46,32,2,21,198,255,0,0,127,126,92,252,92,252,92,252,43,252,22,252,22,252,0,0,230,0,0,0,5,0,252,244
2026-08-04_08-19-29,1,262,0,0.0,0,300.0,-1,-1,1,2,3,126,18,0,1,3,73,154,253,31,15,28,2,0,251,0,112,10,0,8,148,42,39,251,8,30,128,14,51,176,80,48,48,192,96,96,44,4,4,252,3,0,1,1,0,89,35,71,89,8,0,0,0,42,5,35,55,65,75,127,127,127,127,71,61,123,48,10,0,0,0,0,0,0,0,0,0,1,1,1,10,4,8,11,1,0,0,0,0,0,3,0,3,0,46,32,2,21,198,255,0,0,127,126,92,252,92,252,92,252,43,252,22,252,22,252,0,0,230,0,0,0,5,0,252,244,1,2,3,126,22,0,1,3,73,215,253,31,15,28,2,67,251,0,112,10,1,2,18,23,40,251,8,34,128,14,50,176,80,48,48,192,96,96,44,4,4,252,3,0,1,1,0,89,35,71,89,8,0,0,0,226,5,35,55,65,75,127,127,127,127,71,61,123,48,10,0,0,0,0,0,0,0,0,0,1,1,1,10,4,8,11,1,0,0,0,0,0,3,0,3,0,46,32,2,184,207,255,79,0,127,126,92,252,92,252,92,252,43,252,22,252,22,252,0,254,229,0,0,0,5,61,252,244
2026-08-04_08-19-29,1,263,1,0.0,0,300.0,-1,-1,1,2,3,126,22,0,1,3,73,215,253,31,15,28,2,67,251,0,112,10,1,2,18,23,40,251,8,34,128,14,50,176,80,48,48,192,96,96,44,4,4,252,3,0,1,1,0,89,35,71,89,8,0,0,0,226,5,35,55,65,75,127,127,127,127,71,61,123,48,10,0,0,0,0,0,0,0,0,0,1,1,1,10,4,8,11,1,0,0,0,0,0,3,0,3,0,46,32,2,184,207,255,79,0,127,126,92,252,92,252,92,252,43,252,22,252,22,252,0,254,229,0,0,0,5,61,252,244,1,2,3,126,26,0,1,3,73,215,253,31,15,28,2,63,251,0,112,10,1,2,18,27,41,251,8,38,128,14,49,192,80,48,64,192,96,96,44,4,4,252,3,0,1,1,0,89,44,8,80,17,0,0,0,154,5,35,55,65,75,127,127,127,127,70,61,123,47,10,0,0,0,0,0,0,0,0,0,1,1,1,11,5,1,9,2,0,0,0,0,0,3,0,3,0,46,32,2,140,249,255,0,0,127,126,92,252,92,252,92,252,43,252,22,252,22,252,0,250,228,0,0,0,5,61,252,244
2026-08-04_08-19-29,1,264,1,0.0,0,300.0,-1,-1,1,2,3,126,26,0,1,3,73,215,253,31,15,28,2,63,251,0,112,10,1,2,18,27,41,251,8,38,128,14,49,192,80,48,64,192,96,96,44,4,4,252,3,0,1,1,0,89,44,8,80,17,0,0,0,154,5,35,55,65,75,127,127,127,127,70,61,123,47,10,0,0,0,0,0,0,0,0,0,1,1,1,11,5,1,9,2,0,0,0,0,0,3,0,3,0,46,32,2,140,249,255,0,0,127,126,92,252,92,252,92,252,43,252,22,252,22,252,0,250,228,0,0,0,5,61,252,244,1,2,3,126,30,0,1,3,73,215,253,31,15,28,2,59,251,0,112,10,1,2,18,31,42,251,8,42,128,14,48,208,80,48,80,192,96,96,44,4,4,252,3,0,1,1,0,80,53,17,89,26,0,0,0,82,5,35,55,65,75,127,127,127,127,69,61,123,46,10,0,0,0,0,0,0,0,0,0,1,1,1,9,6,2,10,3,0,0,0,0,0,3,0,3,0,46,32,2,207,146,255,0,0,127,126,92,252,92,252,92,252,43,252,22,252,22,252,0,246,227,0,0,0,5,61,252,244
2026-08-04_08-19-29,1,265,1,0.0,0,300.0,-1,-1,1,2,3,126,30,0,1,3,73,215,253,31,15,28,2,59,251,0,112,10,1,2,18,31,42,251,8,42,128,14,48,208,80,48,80,192,96,96,44,4,4,252,3,0,1,1,0,80,53,17,89,26,0,0,0,82,5,35,55,65,75,127,127,127,127,69,61,123,46,10,0,0,0,0,0,0,0,0,0,1,1,1,9,6,2,10,3,0,0,0,0,0,3,0,3,0,46,32,2,207,146,255,0,0,127,126,92,252,92,252,92,252,43,252,22,252,22,252,0,246,227,0,0,0,5,61,252,244,1,2,3,126,34,0,1,3,73,154,253,31,15,28,2,55,251,0,112,10,1,2,18,35,43,251,8,46,128,14,47,224,80,48,96,192,96,96,44,4,4,252,3,0,1,1,0,89,62,26,89,35,0,0,0,10,5,35,55,65,75,127,127,127,127,68,61,123,45,10,0,0,0,0,0,0,0,0,0,1,1,1,10,7,3,11,4,0,0,0,0,0,3,0,3,0,46,32,2,249,42,255,0,0,127,126,92,252,92,252,92,252,43,252,22,252,22,252,0,242,226,0,0,0,5,0,252,244
2026-08-04_08-19-29,1,266,0,0.0,0,300.0,-1,-1,1,2,3,126,34,0,1,3,73,154,253,31,15,28,2,55,251,0,112,10,1,2,18,35,43,251,8,46,128,14,47,224,80,48,96,192,96,96,44,4,4,252,3,0,1,1,0,89,62,26,89,35,0,0,0,10,5,35,55,65,75,127,127,127,127,68,61,123,45,10,0,0,0,0,0,0,0,0,0,1,1,1,10,7,3,11,4,0,0,0,0,0,3,0,3,0,46,32,2,249,42,255,0,0,127,126,92,252,92,252,92,252,43,252,22,252,22,252,0,242,226,0,0,0,5,0,252,244,1,2,3,126,38,0,1,3,73,154,253,31,15,28,2,51,251,0,112,10,1,2,18,39,44,251,8,50,128,14,46,224,80,48,96,192,96,96,44,4,4,252,3,0,1,1,0,89,62,26,89,35,0,0,0,194,5,35,55,65,75,127,127,127,127,68,61,123,45,10,0,0,0,0,0,0,0,0,0,1,1,1,10,7,3,11,4,0,0,0,0,0,3,0,3,0,46,32,2,146,161,255,0,0,127,126,92,252,92,252,92,252,43,252,22,252,22,252,0,238,225,0,0,0,5,0,252,244
2026-08-04_08-19-29,1,267,0,0.0,0,300.0,-1,-1,1,2,3,126,38,0,1,3,73,154,253,31,15,28,2,51,251,0,112,10,1,2,18,39,44,251,8,50,128,14,46,224,80,48,96,192,96,96,44,4,4,252,3,0,1,1,0,89,62,26,89,35,0,0,0,194,5,35,55,65,75,127,127,127,127,68,61,123,45,10,0,0,0,0,0,0,0,0,0,1,1,1,10,7,3,11,4,0,0,0,0,0,3,0,3,0,46,32,2,146,161,255,0,0,127,126,92,252,92,252,92,252,43,252,22,252,22,252,0,238,225,0,0,0,5,0,252,244,1,2,3,126,42,0,1,3,73,154,253,31,15,28,2,47,251,0,112,10,1,2,18,43,45,251,8,54,128,14,45,240,80,48,112,192,96,96,44,4,4,252,3,0,1,1,0,89,71,35,80,44,0,0,0,122,5,35,55,65,75,127,127,127,127,67,61,123,44,10,0,0,0,0,0,0,0,0,0,1,1,1,11,8,4,9,5,0,0,0,0,0,3,0,3,0,46,32,2,42,22,255,0,0,127,126,92,252,92,252,92,252,43,252,22,252,22,252,0,234,225,0,0,0,5,0,252,244
2026-08-04_08-19-29,1,268,0,0.0,0,300.0,-1,-1,1,2,3,126,42,0,1,3,73,154,253,31,15,28,2,47,251,0,112,10,1,2,18,43,45,251,8,54,128,14,45,240,80,48,112,192,96,96,44,4,4,252,3,0,1,1,0,89,71,35,80,44,0,0,0,122,5,35,55,65,75,127,127,127,127,67,61,123,44,10,0,0,0,0,0,0,0,0,0,1,1,1,11,8,4,9,5,0,0,0,0,0,3,0,3,0,46,32,2,42,22,255,0,0,127,126,92,252,92,252,92,252,43,252,22,252,22,252,0,234,225,0,0,0,5,0,252,244,1,2,3,126,46,0,1,3,73,154,253,31,15,28,2,43,251,0,112,10,1,2,18,47,46,251,8,58,128,14,44,0,80,48,144,192,96,96,44,4,4,252,2,0,1,1,0,80,8,44,89,53,0,0,0,50,5,35,55,65,75,127,127,127,127,66,61,123,43,10,0,0,0,0,0,0,0,0,0,1,1,1,9,1,5,10,6,0,0,0,0,0,3,0,3,0,46,32,2,161,111,255,0,0,127,126,92,252,92,252,92,252,43,252,22,252,22,252,0,230,225,0,0,0,5,0,252,244
2026-08-04_08-19-29,1,269,0,0.0,0,300.0,-1,-1,1,2,3,126,46,0,1,3,73,154,253,31,15,28,2,43,251,0,112,10,1,2,18,47,46,251,8,58,128,14,44,0,80,48,144,192,96,96,44,4,4,252,2,0,1,1,0,80,8,44,89,53,0,0,0,50,5,35,55,65,75,127,127,127,127,66,61,123,43,10,0,0,0,0,0,0,0,0,0,1,1,1,9,1,5,10,6,0,0,0,0,0,3,0,3,0,46,32,2,161,111,255,0,0,127,126,92,252,92,252,92,252,43,252,22,252,22,252,0,230,225,0,0,0,5,0,252,244,1,2,3,126,50,0,1,3,73,154,253,31,15,28,2,39,251,0,112,10,1,2,18,51,47,251,8,62,128,14,43,0,80,48,144,192,96,96,44,4,4,252,2,0,1,1,0,80,8,44,89,53,0,0,0,234,5,35,55,65,75,127,127,127,127,66,61,123,43,10,0,0,0,0,0,0,0,0,0,1,1,1,9,1,5,10,6,0,0,0,0,0,3,0,3,0,46,32,2,22,252,255,0,0,127,126,92,252,92,252,92,252,43,252,22,252,22,252,0,226,225,0,0,0,5,0,252,244
2026-08-04_08-19-29,1,270,0,0.0,0,300.0,-1,-1,1,2,3,126,50,0,1,3,73,154,253,31,15,28,2,39,251,0,112,10,1,2,18,51,47,251,8,62,128,14,43,0,80,48,144,192,96,96,44,4,4,252,2,0,1,1,0,80,8,44,89,53,0,0,0,234,5,35,55,65,75,127,127,127,127,66,61,123,43,10,0,0,0,0,0,0,0,0,0,1,1,1,9,1,5,10,6,0,0,0,0,0,3,0,3,0,46,32,2,22,252,255,0,0,127,126,92,252,92,252,92,252,43,252,22,252,22,252,0,226,225,0,0,0,5,0,252,244,1,2,3,126,54,0,1,3,73,154,253,31,15,28,2,35,251,0,112,10,1,2,18,55,48,251,8,66,128,14,42,16,80,48,160,192,96,96,44,4,4,252,2,0,1,1,0,89,17,53,89,62,0,0,0,162,5,35,55,65,75,127,127,127,127,65,61,123,42,10,0,0,0,0,0,0,0,0,0,1,1,1,10,2,6,11,7,0,0,0,0,0,3,0,3,0,46,32,2,111,199,255,0,0,127,126,92,252,92,252,92,252,43,252,22,252,22,252,0,225,225,0,0,0,5,0,252,244
2026-08-04_08-19-29,1,271,0,0.0,0,300.0,-1,-1,1,2,3,126,54,0,1,3,73,154,253,31,15,28,2,35,251,0,112,10,1,2,18,55,48,251,8,66,128,14,42,16,80,48,160,192,96,96,44,4,4,252,2,0,1,1,0,89,17,53,89,62,0,0,0,162,5,35,55,65,75,127,127,127,127,65,61,123,42,10,0,0,0,0,0,0,0,0,0,1,1,1,10,2,6,11,7,0,0,0,0,0,3,0,3,0,46,32,2,111,199,255,0,0,127,126,92,252,92,252,92,252,43,252,22,252,22,252,0,225,225,0,0,0,5,0,252,244,1,2,3,126,58,0,1,3,73,154,253,31,15,28,2,31,251,0,112,10,1,2,18,59,49,251,8,70,128,14,41,32,80,48,176,192,96,96,44,4,4,252,2,0,1,1,0,89,26,62,80,71,0,0,0,90,5,35,55,65,75,127,127,127,127,64,61,123,41,10,0,0,0,0,0,0,0,0,0,1,1,1,11,3,7,9,8,0,0,0,0,0,3,0,3,0,46,32,2,252,118,255,0,0,127,126,92,252,92,252,92,252,43,252,22,252,22,252,0,225,225,0,0,0,5,0,252,244
2026-08-04_08-19-29,1,272,0,0.0,0,300.0,-1,-1,1,2,3,126,58,0,1,3,73,154,253,31,15,28,2,31,251,0,112,10,1,2,18,59,49,251,8,70,128,14,41,32,80,48,176,192,96,96,44,4,4,252,2,0,1,1,0,89,26,62,80,71,0,0,0,90,5,35,55,65,75,127,127,127,127,64,61,123,41,10,0,0,0,0,0,0,0,0,0,1,1,1,11,3,7,9,8,0,0,0,0,0,3,0,3,0,46,32,2,252,118,255,0,0,127,126,92,252,92,252,92,252,43,252,22,252,22,252,0,225,225,0,0,0,5,0,252,244,1,2,3,126,62,0,1,3,73,154,253,31,15,28,2,27,251,0,224,10,1,2,18,63,50,251,8,74,128,14,40,48,80,48,192,192,96,96,44,4,4,252,2,0,1,1,0,80,35,71,89,8,0,0,0,18,5,35,55,65,75,127,127,127,127,63,61,123,40,10,0,0,0,0,0,0,0,0,0,1,1,1,9,4,8,10,1,0,0,0,0,0,3,0,3,0,46,32,2,199,96,255,0,0,127,126,92,252,92,252,92,252,43,252,22,252,22,252,0,225,225,0,0,0,5,0,252,244
2026-08-04_08-19-29,1,273,5,0.0,0,300.0,-1,-1,1,2,3,126,62,0,1,3,73,154,253,31,15,28,2,27,251,0,224,10,1,2,18,63,50,251,8,74,128,14,40,48,80,48,192,192,96,96,44,4,4,252,2,0,1,1,0,80,35,71,89,8,0,0,0,18,5,35,55,65,75,127,127,127,127,63,61,123,40,10,0,0,0,0,0,0,0,0,0,1,1,1,9,4,8,10,1,0,0,0,0,0,3,0,3,0,46,32,2,199,96,255,0,0,127,126,92,252,92,252,92,252,43,252,22,252,22,252,0,225,225,0,0,0,5,0,252,244,1,2,3,126,66,0,1,3,73,165,253,33,16,29,2,23,251,1,160,10,1,2,18,67,51,251,8,78,128,14,39,48,80,48,192,192,96,96,44,4,4,252,2,0,1,1,0,80,35,71,89,8,0,0,0,202,5,35,55,65,75,127,127,127,127,63,61,123,40,10,0,0,0,0,0,0,0,0,0,1,1,1,9,4,8,10,1,0,0,0,0,0,3,0,3,0,46,32,2,118,9,255,0,0,127,126,92,252,92,252,92,252,43,252,22,252,22,252,0,225,225,0,0,0,5,12,252,244
2026-08-04_08-19-29,1,274,5,0.0,0,300.0,-1,-1,1,2,3,126,66,0,1,3,73,165,253,33,16,29,2,23,251,1,160,10,1,2,18,67,51,251,8,78,128,14,39,48,80,48,192,192,96,96,44,4,4,252,2,0,1,1,0,80,35,71,89,8,0,0,0,202,5,35,55,65,75,127,127,127,127,63,61,123,40,10,0,0,0,0,0,0,0,0,0,1,1,1,9,4,8,10,1,0,0,0,0,0,3,0,3,0,46,32,2,118,9,255,0,0,127,126,92,252,92,252,92,252,43,252,22,252,22,252,0,225,225,0,0,0,5,12,252,244,1,2,3,126,70,0,1,3,73,152,253,35,17,30,2,19,251,2,96,10,1,2,18,71,52,251,8,82,128,14,38,64,80,48,208,192,96,96,44,4,4,252,2,0,1,1,0,89,44,8,89,17,0,0,0,130,5,35,55,65,75,127,127,127,127,62,61,123,39,10,0,0,0,0,0,0,0,0,0,1,1,1,10,5,1,11,2,0,0,0,0,0,3,0,3,0,46,32,2,96,147,255,0,0,127,126,92,252,92,252,92,252,43,252,22,252,22,252,0,225,225,0,0,0,5,0,252,244
2026-08-04_08-19-29,1,275,0,0.0,0,300.0,-1,-1,1,2,3,126,70,0,1,3,73,152,253,35,17,30,2,19,251,2,96,10,1,2,18,71,52,251,8,82,128,14,38,64,80,48,208,192,96,96,44,4,4,252,2,0,1,1,0,89,44,8,89,17,0,0,0,130,5,35,55,65,75,127,127,127,127,62,61,123,39,10,0,0,0,0,0,0,0,0,0,1,1,1,10,5,1,11,2,0,0,0,0,0,3,0,3,0,46,32,2,96,147,255,0,0,127,126,92,252,92,252,92,252,43,252,22,252,22,252,0,225,225,0,0,0,5,0,252,244,1,2,3,126,74,0,1,3,73,152,253,35,17,30,2,0,251,0,112,10,0,2,18,74,53,251,8,86,128,14,37,80,80,48,224,192,96,96,44,4,4,252,2,0,1,1,0,89,53,17,80,26,0,0,0,58,5,35,55,65,75,127,127,127,127,61,61,123,38,10,0,0,0,0,0,0,0,0,128,1,1,1,11,6,2,9,3,0,0,0,0,0,3,0,3,0,46,32,2,9,52,255,0,0,127,126,92,252,92,252,92,252,43,252,22,252,22,252,0,225,225,0,0,0,5,0,252,244
2026-08-04_08-19-29,1,276,0,0.0,0,300.0,-1,-1,1,2,3,126,74,0,1,3,73,152,253,35,17,30,2,0,251,0,112,10,0,2,18,74,53,251,8,86,128,14,37,80,80,48,224,192,96,96,44,4,4,252,2,0,1,1,0,89,53,17,80,26,0,0,0,58,5,35,55,65,75,127,127,127,127,61,61,123,38,10,0,0,0,0,0,0,0,0,128,1,1,1,11,6,2,9,3,0,0,0,0,0,3,0,3,0,46,32,2,9,52,255,0,0,127,126,92,252,92,252,92,252,43,252,22,252,22,252,0,225,225,0,0,0,5,0,252,244,1,2,3,126,78,0,1,3,73,152,253,35,17,30,2,0,251,0,112,10,0,2,18,74,54,251,8,90,128,14,36,80,80,48,224,192,96,96,44,4,4,252,2,0,1,1,0,89,53,17,80,170,0,0,0,242,5,35,55,65,75,127,127,127,127,61,61,123,38,10,0,0,0,0,0,0,0,0,0,1,1,1,11,6,2,9,26,0,0,0,0,0,3,0,3,0,46,32,2,147,67,255,0,0,127,126,92,252,92,252,92,252,43,252,22,252,22,252,0,225,225,0,0,0,5,0,252,244
2026-08-04_08-19-29,1,277,0,50.0,0,350.0,-1,-1,1,2,3,126,78,0,1,3,73,152,253,35,17,30,2,0,251,0,112,10,0,2,18,74,54,251,8,90,128,14,36,80,80,48,224,192,96,96,44,4,4,252,2,0,1,1,0,89,53,17,80,170,0,0,0,242,5,35,55,65,75,127,127,127,127,61,61,123,38,10,0,0,0,0,0,0,0,0,0,1,1,1,11,6,2,9,26,0,0,0,0,0,3,0,3,0,46,32,2,147,67,255,0,0,127,126,92,252,92,252,92,252,43,252,22,252,22,252,0,225,225,0,0,0,5,0,252,244,1,2,3,126,82,0,1,3,73,152,253,35,17,30,2,0,251,0,112,10,0,2,18,74,55,251,8,94,128,14,35,96,80,48,240,192,96,96,44,4,4,252,2,0,1,1,0,80,62,26,89,0,0,0,0,176,5,35,55,65,127,127,127,127,127,60,61,123,37,0,0,0,0,0,0,0,0,0,1,1,1,1,9,7,3,10,0,0,0,0,0,1,3,0,3,80,48,32,2,52,54,255,0,0,127,126,92,252,92,252,92,252,43,252,57,252,22,252,0,225,11,0,0,0,4,0,252,244
2026-08-04_08-19-29,1,278,0,0.0,0,350.0,-1,-1,1,2,3,126,82,0,1,3,73,152,253,35,17,30,2,0,251,0,112,10,0,2,18,74,55,251,8,94,128,14,35,96,80,48,240,192,96,96,44,4,4,252,2,0,1,1,0,80,62,26,89,0,0,0,0,176,5,35,55,65,127,127,127,127,127,60,61,123,37,0,0,0,0,0,0,0,0,0,1,1,1,1,9,7,3,10,0,0,0,0,0,1,3,0,3,80,48,32,2,52,54,255,0,0,127,126,92,252,92,252,92,252,43,252,57,252,22,252,0,225,11,0,0,0,4,0,252,244,1,2,3,126,86,0,1,3,73,152,253,35,17,30,2,0,251,0,112,10,0,2,18,74,56,251,8,98,128,14,34,112,80,48,0,192,96,96,44,4,4,252,2,0,1,1,0,89,71,35,89,0,0,0,0,112,5,35,55,65,127,127,127,127,127,59,61,123,36,0,0,0,0,0,0,0,0,0,1,1,1,1,10,8,4,11,0,0,0,0,0,1,3,0,3,80,48,32,2,67,107,255,0,0,127,126,92,252,92,252,92,252,43,252,57,252,22,252,0,225,7,0,0,0,4,0,252,244
2026-08-04_08-19-29,1,279,0,0.0,0,350.0,-1,-1,1,2,3,126,86,0,1,3,73,152,253,35,17,30,2,0,251,0,112,10,0,2,18,74,56,251,8,98,128,14,34,112,80,48,0,192,96,96,44,4,4,252,2,0,1,1,0,89,71,35,89,0,0,0,0,112,5,35,55,65,127,127,127,127,127,59,61,123,36,0,0,0,0,0,0,0,0,0,1,1,1,1,10,8,4,11,0,0,0,0,0,1,3,0,3,80,48,32,2,67,107,255,0,0,127,126,92,252,92,252,92,252,43,252,57,252,22,252,0,225,7,0,0,0,4,0,252,244,1,2,3,126,90,0,1,3,73,152,253,35,17,30,2,0,251,0,112,10,0,2,18,74,57,251,8,102,128,14,33,144,80,48,16,192,96,96,44,3,4,252,2,0,1,1,0,89,8,44,80,0,0,0,0,48,5,35,55,65,127,127,127,127,127,58,61,123,35,0,0,0,0,0,0,0,0,0,1,1,1,1,11,1,5,9,0,0,0,0,0,1,3,0,3,80,48,32,2,54,184,255,0,0,127,126,92,252,92,252,92,252,43,252,57,252,22,252,0,225,3,0,0,0,4,0,252,244
2026-08-04_08-19-29,1,280,0,0.0,0,350.0,-1,-1,1,2,3,126,90,0,1,3,73,152,253,35,17,30,2,0,251,0,112,10,0,2,18,74,57,251,8,102,128,14,33,144,80,48,16,192,96,96,44,3,4,252,2,0,1,1,0,89,8,44,80,0,0,0,0,48,5,35,55,65,127,127,127,127,127,58,61,123,35,0,0,0,0,0,0,0,0,0,1,1,1,1,11,1,5,9,0,0,0,0,0,1,3,0,3,80,48,32,2,54,184,255,0,0,127,126,92,252,92,252,92,252,43,252,57,252,22,252,0,225,3,0,0,0,4,0,252,244,1,2,3,126,94,0,1,3,73,152,253,35,17,30,2,0,251,0,112,10,0,2,18,74,58,251,8,106,128,14,32,144,80,48,16,192,96,96,44,3,4,252,2,0,1,1,0,89,8,44,80,0,0,0,0,240,5,35,55,65,127,127,127,127,127,58,61,123,35,0,0,0,0,0,0,0,0,0,1,1,1,1,11,1,5,9,0,0,0,0,0,1,3,0,3,80,48,32,2,107,139,255,0,0,127,126,92,252,92,252,92,252,43,252,57,252,22,252,0,225,0,0,0,0,4,0,252,244
2026-08-04_08-19-29,1,281,0,0.0,0,350.0,-1,-1,1,2,3,126,94,0,1,3,73,152,253,35,17,30,2,0,251,0,112,10,0,2,18,74,58,251,8,106,128,14,32,144,80,48,16,192,96,96,44,3,4,252,2,0,1,1,0,89,8,44,80,0,0,0,0,240,5,35,55,65,127,127,127,127,127,58,61,123,35,0,0,0,0,0,0,0,0,0,1,1,1,1,11,1,5,9,0,0,0,0,0,1,3,0,3,80,48,32,2,107,139,255,0,0,127,126,92,252,92,252,92,252,43,252,57,252,22,252,0,225,0,0,0,0,4,0,252,244,1,2,3,126,98,0,1,3,73,152,253,35,17,30,2,0,251,0,112,10,0,2,18,74,59,251,8,110,128,14,31,160,80,48,32,192,96,96,44,3,4,252,2,0,1,1,0,80,17,53,89,0,0,0,0,176,5,35,55,65,127,127,127,127,127,57,61,123,34,0,0,0,0,0,0,0,0,0,1,1,1,1,9,2,6,10,0,0,0,0,0,1,3,0,3,80,48,32,2,184,183,255,0,0,127,126,92,252,92,252,92,252,43,252,57,252,22,252,0,225,0,0,0,0,4,0,252,244
2026-08-04_08-19-29,1,282,0,0.0,0,350.0,-1,-1,1,2,3,126,98,0,1,3,73,152,253,35,17,30,2,0,251,0,112,10,0,2,18,74,59,251,8,110,128,14,31,160,80,48,32,192,96,96,44,3,4,252,2,0,1,1,0,80,17,53,89,0,0,0,0,176,5,35,55,65,127,127,127,127,127,57,61,123,34,0,0,0,0,0,0,0,0,0,1,1,1,1,9,2,6,10,0,0,0,0,0,1,3,0,3,80,48,32,2,184,183,255,0,0,127,126,92,252,92,252,92,252,43,252,57,252,22,252,0,225,0,0,0,0,4,0,252,244,1,2,3,126,102,0,1,3,73,152,253,35,17,30,2,0,251,0,112,10,0,2,18,74,60,251,8,114,128,14,30,176,80,48,48,192,96,96,44,3,4,252,2,0,1,1,0,89,26,62,89,0,0,0,0,112,5,35,55,65,127,127,127,127,127,56,61,123,33,0,0,0,0,0,0,0,0,0,1,1,1,1,10,3,7,11,0,0,0,0,0,1,3,0,3,80,48,32,2,139,121,255,0,0,127,126,92,252,92,252,92,252,43,252,57,252,22,252,0,225,0,0,0,0,4,0,252,244
2026-08-04_08-19-29,1,283,0,0.0,0,350.0,-1,-1,1,2,3,126,102,0,1,3,73,152,253,35,17,30,2,0,251,0,112,10,0,2,18,74,60,251,8,114,128,14,30,176,80,48,48,192,96,96,44,3,4,252,2,0,1,1,0,89,26,62,89,0,0,0,0,112,5,35,55,65,127,127,127,127,127,56,61,123,33,0,0,0,0,0,0,0,0,0,1,1,1,1,10,3,7,11,0,0,0,0,0,1,3,0,3,80,48,32,2,139,121,255,0,0,127,126,92,252,92,252,92,252,43,252,57,252,22,252,0,225,0,0,0,0,4,0,252,244,1,2,3,126,106,0,1,3,73,152,253,35,17,30,2,0,251,5,112,10,0,2,18,74,0,251,0,255,128,14,29,192,80,48,64,192,96,96,44,3,4,252,2,0,1,1,0,89,35,71,80,0,0,0,0,48,5,35,55,65,127,127,127,127,127,55,61,123,32,0,0,0,0,0,0,0,0,0,1,1,1,1,11,4,8,9,0,0,0,0,0,1,3,0,3,80,48,32,2,183,147,255,0,0,255,126,92,252,92,252,92,252,43,252,57,252,22,252,0,8,0,0,0,0,4,0,252,244
2026-08-04_08-19-29,1,284,0,0.0,0,350.0,-1,-1,1,2,3,126,106,0,1,3,73,152,253,35,17,30,2,0,251,5,112,10,0,2,18,74,0,251,0,255,128,14,29,192,80,48,64,192,96,96,44,3,4,252,2,0,1,1,0,89,35,71,80,0,0,0,0,48,5,35,55,65,127,127,127,127,127,55,61,123,32,0,0,0,0,0,0,0,0,0,1,1,1,1,11,4,8,9,0,0,0,0,0,1,3,0,3,80,48,32,2,183,147,255,0,0,255,126,92,252,92,252,92,252,43,252,57,252,22,252,0,8,0,0,0,0,4,0,252,244,1,2,3,126,110,0,1,3,73,152,253,35,17,30,2,0,251,9,112,10,0,2,18,74,0,251,0,255,128,14,29,192,80,48,64,192,96,96,44,3,4,252,2,0,1,1,0,89,35,71,80,0,0,0,0,240,5,35,55,65,127,127,127,127,127,55,61,123,32,0,0,0,0,0,0,0,0,0,1,1,1,1,11,4,8,9,0,0,0,0,0,1,3,0,3,80,48,32,2,121,59,255,0,0,255,126,92,252,92,252,92,252,43,252,57,252,22,252,0,8,0,0,0,0,4,0,252,244
2026-08-04_08-19-29,1,285,0,0.0,0,350.0,-1,-1,1,2,3,126,110,0,1,3,73,152,253,35,17,30,2,0,251,9,112,10,0,2,18,74,0,251,0,255,128,14,29,192,80,48,64,192,96,96,44,3,4,252,2,0,1,1,0,89,35,71,80,0,0,0,0,240,5,35,55,65,127,127,127,127,127,55,61,123,32,0,0,0,0,0,0,0,0,0,1,1,1,1,11,4,8,9,0,0,0,0,0,1,3,0,3,80,48,32,2,121,59,255,0,0,255,126,92,252,92,252,92,252,43,252,57,252,22,252,0,8,0,0,0,0,4,0,252,244,1,2,3,126,114,0,1,3,73,152,253,35,17,30,2,0,251,13,112,10,0,2,18,74,0,251,0,255,128,14,29,208,80,48,80,192,96,96,44,3,4,252,2,0,1,1,0,80,44,8,89,0,0,0,0,176,5,35,55,65,127,127,127,127,127,54,61,123,31,0,0,0,0,0,0,0,0,0,1,1,1,1,9,5,1,10,0,0,0,0,0,1,3,0,3,80,48,32,2,147,177,255,0,0,255,126,92,252,92,252,92,252,43,252,57,252,22,252,0,8,0,0,0,0,4,0,252,244
2026-08-04_08-19-29,1,286,0,0.0,0,350.0,-1,-1,1,2,3,126,114,0,1,3,73,152,253,35,17,30,2,0,251,13,112,10,0,2,18,74,0,251,0,255,128,14,29,208,80,48,80,192,96,96,44,3,4,252,2,0,1,1,0,80,44,8,89,0,0,0,0,176,5,35,55,65,127,127,127,127,127,54,61,123,31,0,0,0,0,0,0,0,0,0,1,1,1,1,9,5,1,10,0,0,0,0,0,1,3,0,3,80,48,32,2,147,177,255,0,0,255,126,92,252,92,252,92,252,43,252,57,252,22,252,0,8,0,0,0,0,4,0,252,244,1,2,3,126,118,0,1,3,73,152,253,35,17,30,2,0,251,17,112,10,0,2,18,74,0,251,0,255,128,14,29,224,80,48,96,192,96,96,44,3,4,252,2,0,1,1,0,89,53,17,89,0,0,0,0,112,5,35,55,65,127,127,127,127,127,53,61,123,30,0,0,0,0,0,0,0,0,0,1,1,1,1,10,6,2,11,0,0,0,0,0,1,3,0,3,80,48,32,2,59,22,255,0,0,255,126,92,252,92,252,92,252,43,252,57,252,22,252,0,8,0,0,0,0,4,0,252,244
2026-08-04_08-19-29,1,287,0,0.0,0,350.0,-1,-1,1,2,3,126,118,0,1,3,73,152,253,35,17,30,2,0,251,17,112,10,0,2,18,74,0,251,0,255,128,14,29,224,80,48,96,192,96,96,44,3,4,252,2,0,1,1,0,89,53,17,89,0,0,0,0,112,5,35,55,65,127,127,127,127,127,53,61,123,30,0,0,0,0,0,0,0,0,0,1,1,1,1,10,6,2,11,0,0,0,0,0,1,3,0,3,80,48,32,2,59,22,255,0,0,255,126,92,252,92,252,92,252,43,252,57,252,22,252,0,8,0,0,0,0,4,0,252,244,1,2,3,126,122,0,1,3,73,152,253,35,17,30,2,0,251,21,112,10,0,2,18,74,0,251,0,255,128,14,29,240,80,48,112,192,96,96,44,3,4,252,2,0,1,1,0,89,62,26,80,0,0,0,0,48,5,35,55,65,127,127,127,127,127,52,61,123,29,0,0,0,0,0,0,0,0,0,1,1,1,1,11,7,3,9,0,0,0,0,0,1,3,0,3,80,48,32,2,177,105,255,0,0,255,126,92,252,92,252,92,252,43,252,57,252,22,252,0,8,0,0,0,0,4,0,252,244
2026-08-04_08-19-29,1,288,0,0.0,0,350.0,-1,-1,1,2,3,126,122,0,1,3,73,152,253,35,17,30,2,0,251,21,112,10,0,2,18,74,0,251,0,255,128,14,29,240,80,48,112,192,96,96,44,3,4,252,2,0,1,1,0,89,62,26,80,0,0,0,0,48,5,35,55,65,127,127,127,127,127,52,61,123,29,0,0,0,0,0,0,0,0,0,1,1,1,1,11,7,3,9,0,0,0,0,0,1,3,0,3,80,48,32,2,177,105,255,0,0,255,126,92,252,92,252,92,252,43,252,57,252,22,252,0,8,0,0,0,0,4,0,252,244,1,2,3,126,126,0,1,3,73,152,253,35,17,30,2,0,251,25,112,10,0,2,18,74,0,251,0,255,128,14,29,240,80,48,112,192,96,96,44,3,4,252,2,0,1,1,0,89,62,26,80,0,0,0,0,240,5,35,55,65,127,127,127,127,127,52,61,123,29,0,0,0,0,0,0,0,0,0,1,1,1,1,11,7,3,9,0,0,0,0,0,1,3,0,3,80,48,32,2,22,154,255,0,0,255,126,92,252,92,252,92,252,43,252,57,252,22,252,0,8,0,0,0,0,4,0,252,244
2026-08-04_08-19-29,1,289,0,0.0,0,350.0,-1,-1,1,2,3,126,126,0,1,3,73,152,253,35,17,30,2,0,251,25,112,10,0,2,18,74,0,251,0,255,128,14,29,240,80,48,112,192,96,96,44,3,4,252,2,0,1,1,0,89,62,26,80,0,0,0,0,240,5,35,55,65,127,127,127,127,127,52,61,123,29,0,0,0,0,0,0,0,0,0,1,1,1,1,11,7,3,9,0,0,0,0,0,1,3,0,3,80,48,32,2,22,154,255,0,0,255,126,92,252,92,252,92,252,43,252,57,252,22,252,0,8,0,0,0,0,4,0,252,244,1,2,3,126,130,0,1,3,73,152,253,35,17,30,2,0,251,29,112,10,0,2,18,74,0,251,0,255,128,14,29,0,80,48,144,192,96,96,44,3,4,252,1,0,1,1,0,80,71,35,89,0,0,0,0,176,5,35,55,65,127,127,127,127,127,51,61,123,28,0,0,0,0,0,0,0,0,0,1,1,1,1,9,8,4,10,0,0,0,0,0,1,3,0,3,80,48,32,2,105,167,255,0,0,255,126,92,252,92,252,92,252,43,252,57,252,22,252,0,8,0,0,0,0,4,0,252,244
2026-08-04_08-19-29,1,290,0,0.0,0,350.0,-1,-1,1,2,3,126,130,0,1,3,73,152,253,35,17,30,2,0,251,29,112,10,0,2,18,74,0,251,0,255,128,14,29,0,80,48,144,192,96,96,44,3,4,252,1,0,1,1,0,80,71,35,89,0,0,0,0,176,5,35,55,65,127,127,127,127,127,51,61,123,28,0,0,0,0,0,0,0,0,0,1,1,1,1,9,8,4,10,0,0,0,0,0,1,3,0,3,80,48,32,2,105,167,255,0,0,255,126,92,252,92,252,92,252,43,252,57,252,22,252,0,8,0,0,0,0,4,0,252,244,1,2,3,126,134,0,1,3,73,152,253,35,17,30,2,0,251,33,112,10,0,2,18,74,0,251,0,255,128,14,29,16,80,48,160,192,96,96,44,3,4,252,1,0,1,1,0,89,8,44,161,0,0,0,0,112,5,35,55,65,127,127,127,127,127,50,61,123,27,0,0,0,0,0,0,0,0,0,1,1,1,1,10,1,5,24,0,0,0,0,0,1,3,0,3,80,48,32,2,154,119,255,0,0,255,126,92,252,92,252,92,252,43,252,57,252,22,252,0,8,0,0,0,0,4,0,252,244
2026-08-04_08-19-29,1,291,0,50.0,0,400.0,-1,-1,1,2,3,126,134,0,1,3,73,152,253,35,17,30,2,0,251,33,112,10,0,2,18,74,0,251,0,255,128,14,29,16,80,48,160,192,96,96,44,3,4,252,1,0,1,1,0,89,8,44,161,0,0,0,0,112,5,35,55,65,127,127,127,127,127,50,61,123,27,0,0,0,0,0,0,0,0,0,1,1,1,1,10,1,5,24,0,0,0,0,0,1,3,0,3,80,48,32,2,154,119,255,0,0,255,126,92,252,92,252,92,252,43,252,57,252,22,252,0,8,0,0,0,0,4,0,252,244,1,2,3,126,138,0,1,3,73,152,253,35,17,30,2,0,251,37,112,10,0,2,18,74,0,251,0,255,128,14,29,32,80,48,160,192,96,96,44,3,4,252,1,0,1,1,0,89,17,53,0,0,0,0,0,50,5,35,55,127,127,127,127,127,127,49,61,123,0,0,0,0,0,0,0,0,0,1,1,1,1,1,11,2,6,0,0,0,0,0,0,2,3,0,4,0,50,32,2,167,117,255,0,3,255,28,92,252,92,252,92,252,50,252,22,252,22,252,0,8,13,0,0,0,3,0,252,244
2026-08-04_08-19-29,1,292,0,0.0,0,400.0,-1,-1,1,2,3,126,138,0,1,3,73,152,253,35,17,30,2,0,251,37,112,10,0,2,18,74,0,251,0,255,128,14,29,32,80,48,160,192,96,96,44,3,4,252,1,0,1,1,0,89,17,53,0,0,0,0,0,50,5,35,55,127,127,127,127,127,127,49,61,123,0,0,0,0,0,0,0,0,0,1,1,1,1,1,11,2,6,0,0,0,0,0,0,2,3,0,4,0,50,32,2,167,117,255,0,3,255,28,92,252,92,252,92,252,50,252,22,252,22,252,0,8,13,0,0,0,3,0,252,244,1,2,3,126,142,0,1,3,73,152,253,35,17,30,2,0,251,41,112,10,0,2,18,74,0,251,0,255,128,14,29,32,80,48,160,192,96,96,44,3,4,252,1,0,1,1,0,89,17,53,0,0,0,0,0,250,5,35,55,127,127,127,127,127,127,49,61,123,0,0,0,0,0,0,0,0,0,1,1,1,1,1,11,2,6,0,0,0,0,0,0,2,3,0,4,0,50,32,2,119,93,255,0,3,255,28,92,252,92,252,92,252,50,252,22,252,22,252,0,8,9,0,0,0,3,0,252,244
2026-08-04_08-19-29,1,293,0,0.0,0,400.0,-1,-1,1,2,3,126,142,0,1,3,73,152,253,35,17,30,2,0,251,41,112,10,0,2,18,74,0,251,0,255,128,14,29,32,80,48,160,192,96,96,44,3,4,252,1,0,1,1,0,89,17,53,0,0,0,0,0,250,5,35,55,127,127,127,127,127,127,49,61,123,0,0,0,0,0,0,0,0,0,1,1,1,1,1,11,2,6,0,0,0,0,0,0,2,3,0,4,0,50,32,2,119,93,255,0,3,255,28,92,252,92,252,92,252,50,252,22,252,22,252,0,8,9,0,0,0,3,0,252,244,1,2,3,126,146,0,1,3,73,152,253,35,17,30,2,0,251,45,112,10,0,2,18,74,0,251,0,255,128,14,29,48,80,48,160,192,96,96,44,3,4,252,1,0,1,1,0,80,26,62,0,0,0,0,0,194,5,35,55,127,127,127,127,127,127,48,61,123,0,0,0,0,0,0,0,0,0,1,1,1,1,1,9,3,7,0,0,0,0,0,0,2,3,0,4,0,50,32,2,117,211,255,0,3,255,28,92,252,92,252,92,252,50,252,22,252,22,252,0,8,5,0,0,0,3,0,252,244
2026-08-04_08-19-29,1,294,0,0.0,0,400.0,-1,-1,1,2,3,126,146,0,1,3,73,152,253,35,17,30,2,0,251,45,112,10,0,2,18,74,0,251,0,255,128,14,29,48,80,48,160,192,96,96,44,3,4,252,1,0,1,1,0,80,26,62,0,0,0,0,0,194,5,35,55,127,127,127,127,127,127,48,61,123,0,0,0,0,0,0,0,0,0,1,1,1,1,1,9,3,7,0,0,0,0,0,0,2,3,0,4,0,50,32,2,117,211,255,0,3,255,28,92,252,92,252,92,252,50,252,22,252,22,252,0,8,5,0,0,0,3,0,252,244,1,2,3,126,150,0,1,3,73,152,253,35,17,30,2,0,251,49,112,10,0,2,18,74,0,251,0,255,128,14,29,64,80,48,160,192,96,96,44,3,4,252,1,0,1,1,0,89,35,71,0,0,0,0,0,138,5,35,55,127,127,127,127,127,127,47,61,123,0,0,0,0,0,0,0,0,0,1,1,1,1,1,10,4,8,0,0,0,0,0,0,2,3,0,4,0,50,32,2,93,51,255,0,3,255,28,92,252,92,252,92,252,50,252,22,252,22,252,0,8,1,0,0,0,3,0,252,244
2026-08-04_08-19-29,1,295,0,0.0,0,400.0,-1,-1,1,2,3,126,150,0,1,3,73,152,253,35,17,30,2,0,251,49,112,10,0,2,18,74,0,251,0,255,128,14,29,64,80,48,160,192,96,96,44,3,4,252,1,0,1,1,0,89,35,71,0,0,0,0,0,138,5,35,55,127,127,127,127,127,127,47,61,123,0,0,0,0,0,0,0,0,0,1,1,1,1,1,10,4,8,0,0,0,0,0,0,2,3,0,4,0,50,32,2,93,51,255,0,3,255,28,92,252,92,252,92,252,50,252,22,252,22,252,0,8,1,0,0,0,3,0,252,244,1,2,3,126,154,0,1,3,73,152,253,35,17,30,2,0,251,53,112,10,0,2,18,74,0,251,0,255,128,14,29,80,80,48,160,192,96,96,44,3,4,252,1,0,1,1,0,89,44,8,0,0,0,0,0,82,5,35,55,127,127,127,127,127,127,46,61,123,0,0,0,0,0,0,0,0,0,1,1,1,1,1,11,5,1,0,0,0,0,0,0,2,3,0,4,0,50,32,2,211,60,255,0,3,255,28,92,252,92,252,92,252,50,252,22,252,22,252,0,8,0,0,0,0,3,0,252,244
2026-08-04_08-19-29,1,296,0,0.0,0,400.0,-1,-1,1,2,3,126,154,0,1,3,73,152,253,35,17,30,2,0,251,53,112,10,0,2,18,74,0,251,0,255,128,14,29,80,80,48,160,192,96,96,44,3,4,252,1,0,1,1,0,89,44,8,0,0,0,0,0,82,5,35,55,127,127,127,127,127,127,46,61,123,0,0,0,0,0,0,0,0,0,1,1,1,1,1,11,5,1,0,0,0,0,0,0,2,3,0,4,0,50,32,2,211,60,255,0,3,255,28,92,252,92,252,92,252,50,252,22,252,22,252,0,8,0,0,0,0,3,0,252,244,1,2,3,126,158,0,1,3,73,152,253,35,17,30,2,0,251,57,112,10,0,2,18,74,0,251,0,255,128,14,29,96,80,48,160,192,96,96,44,3,4,252,1,0,1,1,0,80,53,17,0,0,0,0,0,26,5,35,55,127,127,127,127,127,127,45,61,123,0,0,0,0,0,0,0,0,0,1,1,1,1,1,9,6,2,0,0,0,0,0,0,2,3,0,4,0,50,32,2,51,206,255,0,3,255,28,92,252,92,252,92,252,50,252,22,252,22,252,0,8,0,0,0,0,3,0,252,244
2026-08-04_08-19-29,1,297,0,0.0,0,400.0,-1,-1,1,2,3,126,158,0,1,3,73,152,253,35,17,30,2,0,251,57,112,10,0,2,18,74,0,251,0,255,128,14,29,96,80,48,160,192,96,96,44,3,4,252,1,0,1,1,0,80,53,17,0,0,0,0,0,26,5,35,55,127,127,127,127,127,127,45,61,123,0,0,0,0,0,0,0,0,0,1,1,1,1,1,9,6,2,0,0,0,0,0,0,2,3,0,4,0,50,32,2,51,206,255,0,3,255,28,92,252,92,252,92,252,50,252,22,252,22,252,0,8,0,0,0,0,3,0,252,244,1,2,3,126,162,0,1,3,73,152,253,35,17,30,2,0,251,61,112,10,0,2,18,74,0,251,0,255,128,14,29,96,80,48,160,192,96,96,44,3,4,252,1,0,1,1,0,80,53,17,0,0,0,0,0,226,5,35,55,127,127,127,127,127,127,45,61,123,0,0,0,0,0,0,0,0,0,1,1,1,1,1,9,6,2,0,0,0,0,0,0,2,3,0,4,0,50,32,2,60,234,255,0,3,255,28,92,252,92,252,92,252,50,252,22,252,22,252,0,8,0,0,0,0,3,0,252,244
2026-08-04_08-19-29,1,298,0,0.0,0,400.0,-1,-1,1,2,3,126,162,0,1,3,73,152,253,35,17,30,2,0,251,61,112,10,0,2,18,74,0,251,0,255,128,14,29,96,80,48,160,192,96,96,44,3,4,252,1,0,1,1,0,80,53,17,0,0,0,0,0,226,5,35,55,127,127,127,127,127,127,45,61,123,0,0,0,0,0,0,0,0,0,1,1,1,1,1,9,6,2,0,0,0,0,0,0,2,3,0,4,0,50,32,2,60,234,255,0,3,255,28,92,252,92,252,92,252,50,252,22,252,22,252,0,8,0,0,0,0,3,0,252,244,1,2,3,126,166,0,1,3,73,152,253,35,17,30,2,0,251,65,112,10,0,2,18,74,0,251,0,255,128,14,29,112,80,48,160,192,96,96,44,3,4,252,1,0,1,1,0,89,62,26,0,0,0,0,0,170,5,35,55,127,127,127,127,127,127,44,61,123,0,0,0,0,0,0,0,0,0,1,1,1,1,1,10,7,3,0,0,0,0,0,0,2,3,0,4,0,50,32,2,206,168,255,0,3,255,28,92,252,92,252,92,252,50,252,22,252,22,252,0,8,0,0,0,0,3,0,252,244
2026-08-04_08-19-29,1,299,0,0.0,0,400.0,-1,-1,1,2,3,126,166,0,1,3,73,152,253,35,17,30,2,0,251,65,112,10,0,2,18,74,0,251,0,255,128,14,29,112,80,48,160,192,96,96,44,3,4,252,1,0,1,1,0,89,62,26,0,0,0,0,0,170,5,35,55,127,127,127,127,127,127,44,61,123,0,0,0,0,0,0,0,0,0,1,1,1,1,1,10,7,3,0,0,0,0,0,0,2,3,0,4,0,50,32,2,206,168,255,0,3,255,28,92,252,92,252,92,252,50,252,22,252,22,252,0,8,0,0,0,0,3,0,252,244,1,2,3,126,170,0,1,3,73,152,253,35,17,30,2,0,251,69,112,10,0,2,18,74,0,251,0,255,128,14,29,144,80,48,160,192,96,96,44,2,4,252,1,0,1,1,0,89,71,35,0,0,0,0,0,114,5,35,55,127,127,127,127,127,127,43,61,123,0,0,0,0,0,0,0,0,0,1,1,1,1,1,11,8,4,0,0,0,0,0,0,2,3,0,4,0,50,32,2,234,138,255,0,3,255,28,92,252,92,252,92,252,50,252,22,252,22,252,0,8,0,0,0,0,3,0,252,244
2026-08-04_08-19-29,1,300,0,0.0,0,400.0,-1,-1,1,2,3,126,170,0,1,3,73,152,253,35,17,30,2,0,251,69,112,10,0,2,18,74,0,251,0,255,128,14,29,144,80,48,160,192,96,96,44,2,4,252,1,0,1,1,0,89,71,35,0,0,0,0,0,114,5,35,55,127,127,127,127,127,127,43,61,123,0,0,0,0,0,0,0,0,0,1,1,1,1,1,11,8,4,0,0,0,0,0,0,2,3,0,4,0,50,32,2,234,138,255,0,3,255,28,92,252,92,252,92,252,50,252,22,252,22,252,0,8,0,0,0,0,3,0,252,244,1,2,3,126,174,0,1,3,73,152,253,35,17,30,2,0,251,73,112,10,0,2,18,74,0,251,0,255,128,14,29,160,80,48,160,192,96,96,44,2,4,252,1,0,1,1,0,80,8,44,0,0,0,0,0,58,5,35,55,127,127,127,127,127,127,42,61,123,0,0,0,0,0,0,0,0,0,1,1,1,1,1,9,1,5,0,0,0,0,0,0,2,3,0,4,0,50,32,2,168,167,255,0,3,255,28,92,252,92,252,92,252,50,252,22,252,22,252,0,8,0,0,0,0,3,0,252,244
2026-08-04_08-19-29,1,301,0,0.0,0,400.0,-1,-1,1,2,3,126,174,0,1,3,73,152,253,35,17,30,2,0,251,73,112,10,0,2,18,74,0,251,0,255,128,14,29,160,80,48,160,192,96,96,44,2,4,252,1,0,1,1,0,80,8,44,0,0,0,0,0,58,5,35,55,127,127,127,127,127,127,42,61,123,0,0,0,0,0,0,0,0,0,1,1,1,1,1,9,1,5,0,0,0,0,0,0,2,3,0,4,0,50,32,2,168,167,255,0,3,255,28,92,252,92,252,92,252,50,252,22,252,22,252,0,8,0,0,0,0,3,0,252,244,1,2,3,126,178,0,1,3,73,152,253,35,17,30,2,0,251,77,112,10,0,2,18,74,0,251,0,255,128,14,29,176,80,48,160,192,96,96,44,2,4,252,1,0,1,1,0,89,17,53,0,0,0,0,0,2,5,35,55,127,127,127,127,127,127,41,61,123,0,0,0,0,0,0,0,0,0,1,1,1,1,1,10,2,6,0,0,0,0,0,0,2,3,0,4,0,50,32,2,138,127,255,0,3,255,28,92,252,92,252,92,252,50,252,22,252,22,252,0,8,0,0,0,0,3,0,252,244
2026-08-04_08-19-29,1,302,0,0.0,0,400.0,-1,-1,1,2,3,126,178,0,1,3,73,152,253,35,17,30,2,0,251,77,112,10,0,2,18,74,0,251,0,255,128,14,29,176,80,48,160,192,96,96,44,2,4,252,1,0,1,1,0,89,17,53,0,0,0,0,0,2,5,35,55,127,127,127,127,127,127,41,61,123,0,0,0,0,0,0,0,0,0,1,1,1,1,1,10,2,6,0,0,0,0,0,0,2,3,0,4,0,50,32,2,138,127,255,0,3,255,28,92,252,92,252,92,252,50,252,22,252,22,252,0,8,0,0,0,0,3,0,252,244,1,2,3,126,182,0,1,3,73,152,253,35,17,30,2,0,251,81,112,10,0,2,18,74,0,251,0,255,128,14,29,176,80,48,160,192,96,96,44,2,4,252,1,0,1,1,0,89,17,53,0,0,0,0,0,202,5,35,55,127,127,127,127,127,127,41,61,123,0,0,0,0,0,0,0,0,0,1,1,1,1,1,10,2,6,0,0,0,0,0,0,2,3,0,4,0,50,32,2,167,243,255,0,3,255,28,92,252,92,252,92,252,50,252,22,252,22,252,0,8,0,0,0,0,3,0,252,244
2026-08-04_08-19-29,1,303,0,0.0,0,400.0,-1,-1,1,2,3,126,182,0,1,3,73,152,253,35,17,30,2,0,251,81,112,10,0,2,18,74,0,251,0,255,128,14,29,176,80,48,160,192,96,96,44,2,4,252,1,0,1,1,0,89,17,53,0,0,0,0,0,202,5,35,55,127,127,127,127,127,127,41,61,123,0,0,0,0,0,0,0,0,0,1,1,1,1,1,10,2,6,0,0,0,0,0,0,2,3,0,4,0,50,32,2,167,243,255,0,3,255,28,92,252,92,252,92,252,50,252,22,252,22,252,0,8,0,0,0,0,3,0,252,244,1,2,3,126,186,0,1,3,73,152,253,35,17,30,2,0,251,85,112,10,0,2,18,74,0,251,0,255,128,14,29,192,80,48,160,192,96,96,44,2,4,252,1,0,1,1,0,89,26,62,0,0,0,0,0,146,5,35,55,127,127,127,127,127,127,40,61,123,0,0,0,0,0,0,0,0,0,1,1,1,1,1,11,3,7,0,0,0,0,0,0,2,3,0,4,0,50,32,2,127,61,255,0,3,255,28,92,252,92,252,92,252,50,252,22,252,22,252,0,8,0,0,0,0,3,0,252,244
2026-08-04_08-19-29,1,304,0,0.0,0,400.0,-1,-1,1,2,3,126,186,0,1,3,73,152,253,35,17,30,2,0,251,85,112,10,0,2,18,74,0,251,0,255,128,14,29,192,80,48,160,192,96,96,44,2,4,252,1,0,1,1,0,89,26,62,0,0,0,0,0,146,5,35,55,127,127,127,127,127,127,40,61,123,0,0,0,0,0,0,0,0,0,1,1,1,1,1,11,3,7,0,0,0,0,0,0,2,3,0,4,0,50,32,2,127,61,255,0,3,255,28,92,252,92,252,92,252,50,252,22,252,22,252,0,8,0,0,0,0,3,0,252,244,1,2,3,126,190,0,1,3,73,152,253,35,17,30,2,0,251,89,112,10,0,2,18,74,0,251,0,255,128,14,29,208,80,48,160,192,96,96,44,2,4,252,1,0,1,1,0,80,35,71,0,0,0,0,0,90,5,35,55,127,127,127,127,127,127,39,61,123,0,0,0,0,0,0,0,0,0,1,1,1,1,1,9,4,8,0,0,0,0,0,0,2,3,0,4,0,50,32,2,243,208,255,0,3,255,28,92,252,92,252,92,252,50,252,22,252,22,252,0,8,0,0,0,0,3,0,252,244
2026-08-04_08-19-29,1,305,0,0.0,0,400.0,-1,-1,1,2,3,126,190,0,1,3,73,152,253,35,17,30,2,0,251,89,112,10,0,2,18,74,0,251,0,255,128,14,29,208,80,48,160,192,96,96,44,2,4,252,1,0,1,1,0,80,35,71,0,0,0,0,0,90,5,35,55,127,127,127,127,127,127,39,61,123,0,0,0,0,0,0,0,0,0,1,1,1,1,1,9,4,8,0,0,0,0,0,0,2,3,0,4,0,50,32,2,243,208,255,0,3,255,28,92,252,92,252,92,252,50,252,22,252,22,252,0,8,0,0,0,0,3,0,252,244,1,2,3,126,194,0,1,3,73,152,253,35,17,30,2,0,251,93,112,10,0,2,18,74,0,251,0,255,128,14,29,224,80,48,160,192,96,96,44,2,4,252,1,0,1,1,0,89,44,8,0,0,0,0,0,34,5,35,55,127,127,127,127,127,127,38,61,123,0,0,0,0,0,0,0,0,0,1,1,1,1,1,10,5,1,0,0,0,0,0,0,2,3,0,4,0,50,32,2,61,2,255,0,3,255,28,92,252,92,252,92,252,50,252,22,252,22,252,0,8,0,0,0,0,3,0,252,244
2026-08-04_08-19-29,1,306,0,0.0,0,400.0,-1,-1,1,2,3,126,194,0,1,3,73,152,253,35,17,30,2,0,251,93,112,10,0,2,18,74,0,251,0,255,128,14,29,224,80,48,160,192,96,96,44,2,4,252,1,0,1,1,0,89,44,8,0,0,0,0,0,34,5,35,55,127,127,127,127,127,127,38,61,123,0,0,0,0,0,0,0,0,0,1,1,1,1,1,10,5,1,0,0,0,0,0,0,2,3,0,4,0,50,32,2,61,2,255,0,3,255,28,92,252,92,252,92,252,50,252,22,252,22,252,0,8,0,0,0,0,3,0,252,244,1,2,3,126,198,0,1,3,73,152,253,35,17,30,2,0,251,97,112,10,0,2,18,74,0,251,0,255,128,14,29,224,80,48,160,192,96,96,44,2,4,252,1,0,1,1,0,89,44,8,0,0,0,0,0,234,5,35,55,127,127,127,127,127,127,38,61,123,0,0,0,0,0,0,0,0,0,1,1,1,1,1,10,5,1,0,0,0,0,0,0,2,3,0,4,0,50,32,2,208,40,255,0,3,255,28,92,252,92,252,92,252,50,252,22,252,22,252,0,8,0,0,0,0,3,0,252,244
2026-08-04_08-19-29,1,307,0,0.0,0,400.0,-1,-1,1,2,3,126,198,0,1,3,73,152,253,35,17,30,2,0,251,97,112,10,0,2,18,74,0,251,0,255,128,14,29,224,80,48,160,192,96,96,44,2,4,252,1,0,1,1,0,89,44,8,0,0,0,0,0,234,5,35,55,127,127,127,127,127,127,38,61,123,0,0,0,0,0,0,0,0,0,1,1,1,1,1,10,5,1,0,0,0,0,0,0,2,3,0,4,0,50,32,2,208,40,255,0,3,255,28,92,252,92,252,92,252,50,252,22,252,22,252,0,8,0,0,0,0,3,0,252,244,1,2,3,126,202,0,1,3,73,152,253,35,17,30,2,0,251,101,112,10,0,2,18,74,0,251,0,255,128,14,29,240,80,48,160,192,96,96,44,2,4,252,1,0,1,1,0,89,53,17,0,0,0,0,0,178,5,35,55,127,127,127,127,127,127,37,61,123,0,0,0,0,0,0,0,0,0,1,1,1,1,1,11,6,2,0,0,0,0,0,0,2,3,0,4,0,50,32,2,2,142,255,0,3,255,28,92,252,92,252,92,252,50,252,22,252,22,252,0,8,0,0,0,0,3,0,252,244
2026-08-04_08-19-29,1,308,0,0.0,0,400.0,-1,-1,1,2,3,126,202,0,1,3,73,152,253,35,17,30,2,0,251,101,112,10,0,2,18,74,0,251,0,255,128,14,29,240,80,48,160,192,96,96,44,2,4,252,1,0,1,1,0,89,53,17,0,0,0,0,0,178,5,35,55,127,127,127,127,127,127,37,61,123,0,0,0,0,0,0,0,0,0,1,1,1,1,1,11,6,2,0,0,0,0,0,0,2,3,0,4,0,50,32,2,2,142,255,0,3,255,28,92,252,92,252,92,252,50,252,22,252,22,252,0,8,0,0,0,0,3,0,252,244,1,2,3,126,206,0,1,3,73,152,253,35,17,30,2,0,251,105,112,10,0,2,18,74,0,251,0,255,128,14,29,0,80,48,160,192,96,96,44,2,4,252,1,0,1,1,0,80,62,26,0,0,0,0,0,122,5,35,55,127,127,127,127,127,127,36,61,123,0,0,0,0,0,0,0,0,0,1,1,1,1,1,9,7,3,0,0,0,0,0,0,2,3,0,4,0,50,32,2,40,224,255,0,3,255,28,92,252,92,252,92,252,50,252,22,252,22,252,0,8,0,0,0,0,3,0,252,244
2026-08-04_08-19-29,1,309,0,0.0,0,400.0,-1,-1,1,2,3,126,206,0,1,3,73,152,253,35,17,30,2,0,251,105,112,10,0,2,18,74,0,251,0,255,128,14,29,0,80,48,160,192,96,96,44,2,4,252,1,0,1,1,0,80,62,26,0,0,0,0,0,122,5,35,55,127,127,127,127,127,127,36,61,123,0,0,0,0,0,0,0,0,0,1,1,1,1,1,9,7,3,0,0,0,0,0,0,2,3,0,4,0,50,32,2,40,224,255,0,3,255,28,92,252,92,252,92,252,50,252,22,252,22,252,0,8,0,0,0,0,3,0,252,244,1,2,3,126,210,0,1,3,73,152,253,35,17,30,2,0,251,109,112,10,0,2,18,74,0,251,0,255,128,14,29,16,80,48,160,192,96,96,44,2,4,252,1,0,1,1,0,89,71,35,0,0,0,0,0,66,5,35,55,127,127,127,127,127,127,35,61,123,0,0,0,0,0,0,0,0,0,1,1,1,1,1,10,8,4,0,0,0,0,0,0,2,3,0,4,0,50,32,2,142,15,255,0,3,255,28,92,252,92,252,92,252,50,252,22,252,22,252,0,8,0,0,0,0,3,0,252,244
2026-08-04_08-19-29,1,310,0,0.0,0,400.0,-1,-1,1,2,3,126,210,0,1,3,73,152,253,35,17,30,2,0,251,109,112,10,0,2,18,74,0,251,0,255,128,14,29,16,80,48,160,192,96,96,44,2,4,252,1,0,1,1,0,89,71,35,0,0,0,0,0,66,5,35,55,127,127,127,127,127,127,35,61,123,0,0,0,0,0,0,0,0,0,1,1,1,1,1,10,8,4,0,0,0,0,0,0,2,3,0,4,0,50,32,2,142,15,255,0,3,255,28,92,252,92,252,92,252,50,252,22,252,22,252,0,8,0,0,0,0,3,0,252,244,1,2,3,126,214,0,1,3,73,152,253,35,17,30,2,0,251,113,112,10,0,2,18,74,0,251,0,255,128,14,29,32,80,48,160,192,96,96,44,2,4,252,1,0,1,1,0,89,8,44,0,0,0,0,0,10,5,35,55,127,127,127,127,127,127,34,61,123,0,0,0,0,0,0,0,0,0,1,1,1,1,1,11,1,5,0,0,0,0,0,0,2,3,0,4,0,50,32,2,224,242,255,0,3,255,28,92,252,92,252,92,252,50,252,22,252,22,252,0,8,0,0,0,0,3,0,252,244
2026-08-04_08-19-29,1,311,0,0.0,0,400.0,-1,-1,1,2,3,126,214,0,1,3,73,152,253,35,17,30,2,0,251,113,112,10,0,2,18,74,0,251,0,255,128,14,29,32,80,48,160,192,96,96,44,2,4,252,1,0,1,1,0,89,8,44,0,0,0,0,0,10,5,35,55,127,127,127,127,127,127,34,61,123,0,0,0,0,0,0,0,0,0,1,1,1,1,1,11,1,5,0,0,0,0,0,0,2,3,0,4,0,50,32,2,224,242,255,0,3,255,28,92,252,92,252,92,252,50,252,22,252,22,252,0,8,0,0,0,0,3,0,252,244,1,2,3,126,218,0,1,3,73,152,253,35,17,30,2,0,251,117,112,10,0,2,18,74,0,251,0,255,128,14,29,32,80,48,160,192,96,96,44,2,4,252,1,0,1,1,0,89,8,44,0,0,0,0,0,210,5,35,55,127,127,127,127,127,127,34,61,123,0,0,0,0,0,0,0,0,0,1,1,1,1,1,11,1,5,0,0,0,0,0,0,2,3,0,4,0,50,32,2,15,36,255,0,3,255,28,92,252,92,252,92,252,50,252,22,252,22,252,0,8,0,0,0,0,3,0,252,244
2026-08-04_08-19-29,1,312,0,0.0,0,400.0,-1,-1,1,2,3,126,218,0,1,3,73,152,253,35,17,30,2,0,251,117,112,10,0,2,18,74,0,251,0,255,128,14,29,32,80,48,160,192,96,96,44,2,4,252,1,0,1,1,0,89,8,44,0,0,0,0,0,210,5,35,55,127,127,127,127,127,127,34,61,123,0,0,0,0,0,0,0,0,0,1,1,1,1,1,11,1,5,0,0,0,0,0,0,2,3,0,4,0,50,32,2,15,36,255,0,3,255,28,92,252,92,252,92,252,50,252,22,252,22,252,0,8,0,0,0,0,3,0,252,244,1,2,3,126,222,0,1,3,73,152,253,35,17,30,2,0,251,121,112,10,0,2,18,74,0,251,0,255,128,14,29,48,80,48,160,192,96,96,44,2,4,252,1,0,1,1,0,80,17,53,0,0,0,0,0,154,5,35,55,127,127,127,127,127,127,33,61,123,0,0,0,0,0,0,0,0,0,1,1,1,1,1,9,2,6,0,0,0,0,0,0,2,3,0,4,0,50,32,2,242,66,255,0,3,255,28,92,252,92,252,92,252,50,252,22,252,22,252,0,8,0,0,0,0,3,0,252,244
2026-08-04_08-19-29,1,313,0,0.0,0,400.0,-1,-1,1,2,3,126,222,0,1,3,73,152,253,35,17,30,2,0,251,121,112,10,0,2,18,74,0,251,0,255,128,14,29,48,80,48,160,192,96,96,44,2,4,252,1,0,1,1,0,80,17,53,0,0,0,0,0,154,5,35,55,127,127,127,127,127,127,33,61,123,0,0,0,0,0,0,0,0,0,1,1,1,1,1,9,2,6,0,0,0,0,0,0,2,3,0,4,0,50,32,2,242,66,255,0,3,255,28,92,252,92,252,92,252,50,252,22,252,22,252,0,8,0,0,0,0,3,0,252,244,1,2,3,126,226,0,1,3,73,152,253,35,17,30,2,0,251,125,112,10,0,2,18,74,0,251,0,255,128,14,29,64,80,48,160,192,96,96,44,2,4,252,1,0,1,1,0,89,26,62,0,0,0,0,0,98,5,35,55,127,127,127,127,127,127,32,61,123,0,0,0,0,0,0,0,0,0,1,1,1,1,1,10,3,7,0,0,0,0,0,0,2,3,0,4,0,50,32,2,36,34,255,0,3,255,28,92,252,92,252,92,252,50,252,22,252,22,252,0,8,0,0,0,0,3,0,252,244
2026-08-04_08-19-29,1,314,0,0.0,0,400.0,-1,-1,1,2,3,126,226,0,1,3,73,152,253,35,17,30,2,0,251,125,112,10,0,2,18,74,0,251,0,255,128,14,29,64,80,48,160,192,96,96,44,2,4,252,1,0,1,1,0,89,26,62,0,0,0,0,0,98,5,35,55,127,127,127,127,127,127,32,61,123,0,0,0,0,0,0,0,0,0,1,1,1,1,1,10,3,7,0,0,0,0,0,0,2,3,0,4,0,50,32,2,36,34,255,0,3,255,28,92,252,92,252,92,252,50,252,22,252,22,252,0,8,0,0,0,0,3,0,252,244,1,2,3,126,230,0,1,3,73,152,253,35,17,30,2,0,251,129,112,10,0,2,18,74,0,251,0,255,128,14,29,80,80,48,160,192,96,96,44,2,4,252,1,0,1,1,0,89,35,71,0,0,0,0,0,42,5,35,55,127,127,127,127,127,127,31,61,123,0,0,0,0,0,0,0,0,0,1,1,1,1,1,11,4,8,0,0,0,0,0,0,2,3,0,4,0,50,32,2,66,45,255,0,3,255,28,92,252,92,252,92,252,50,252,22,252,22,252,0,8,0,0,0,0,3,0,252,244
2026-08-04_08-19-29,1,315,0,0.0,1,400.0,-1,-1,1,2,3,126,230,0,1,3,73,152,253,35,17,30,2,0,251,129,112,10,0,2,18,74,0,251,0,255,128,14,29,80,80,48,160,192,96,96,44,2,4,252,1,0,1,1,0,89,35,71,0,0,0,0,0,42,5,35,55,127,127,127,127,127,127,31,61,123,0,0,0,0,0,0,0,0,0,1,1,1,1,1,11,4,8,0,0,0,0,0,0,2,3,0,4,0,50,32,2,66,45,255,0,3,255,28,92,252,92,252,92,252,50,252,22,252,22,252,0,8,0,0,0,0,3,0,252,244,1,255,3,126,1,0,1,3,73,106,253,127,63,76,2,0,251,0,112,10,0,2,18,74,0,251,15,255,0,14,29,80,80,48,160,192,96,96,1,2,4,252,1,0,1,1,0,89,35,71,0,0,0,0,0,192,127,35,55,127,127,127,127,127,127,31,61,123,0,0,0,0,0,0,0,0,0,1,1,1,87,1,11,4,8,0,0,0,0,0,255,2,4,0,4,0,48,32,2,17,108,255,3,3,255,0,92,252,92,252,92,252,92,252,92,252,92,252,0,0,0,0,0,0,3,0,252,244
