run_ts,episode,step,action,reward,done,episode_return,lives_pre,lives_post,ram_pre_0,ram_pre_1,ram_pre_2,ram_pre_3,ram_pre_4,ram_pre_5,ram_pre_6,ram_pre_7,ram_pre_8,ram_pre_9,ram_pre_10,ram_pre_11,ram_pre_12,ram_pre_13,ram_pre_14,ram_pre_15,ram_pre_16,ram_pre_17,ram_pre_18,ram_pre_19,ram_pre_20,ram_pre_21,ram_pre_22,ram_pre_23,ram_pre_24,ram_pre_25,ram_pre_26,ram_pre_27,ram_pre_28,ram_pre_29,ram_pre_30,ram_pre_31,ram_pre_32,ram_pre_33,ram_pre_34,ram_pre_35,ram_pre_36,ram_pre_37,ram_pre_38,ram_pre_39,ram_pre_40,ram_pre_41,ram_pre_42,ram_pre_43,ram_pre_44,ram_pre_45,ram_pre_46,ram_pre_47,ram_pre_48,ram_pre_49,ram_pre_50,ram_pre_51,ram_pre_52,ram_pre_53,ram_pre_54,ram_pre_55,ram_pre_56,ram_pre_57,ram_pre_58,ram_pre_59,ram_pre_60,ram_pre_61,ram_pre_62,ram_pre_63,ram_pre_64,ram_pre_65,ram_pre_66,ram_pre_67,ram_pre_68,ram_pre_69,ram_pre_70,ram_pre_71,ram_pre_72,ram_pre_73,ram_pre_74,ram_pre_75,ram_pre_76,ram_pre_77,ram_pre_78,ram_pre_79,ram_pre_80,ram_pre_81,ram_pre_82,ram_pre_83,ram_pre_84,ram_pre_85,ram_pre_86,ram_pre_87,ram_pre_88,ram_pre_89,ram_pre_90,ram_pre_91,ram_pre_92,ram_pre_93,ram_pre_94,ram_pre_95,ram_pre_96,ram_pre_97,ram_pre_98,ram_pre_99,ram_pre_100,ram_pre_101,ram_pre_102,ram_pre_103,ram_pre_104,ram_pre_105,ram_pre_106,ram_pre_107,ram_pre_108,ram_pre_109,ram_pre_110,ram_pre_111,ram_pre_112,ram_pre_113,ram_pre_114,ram_pre_115,ram_pre_116,ram_pre_117,ram_pre_118,ram_pre_119,ram_pre_120,ram_pre_121,ram_pre_122,ram_pre_123,ram_pre_124,ram_pre_125,ram_pre_126,ram_pre_127,ram_post_0,ram_post_1,ram_post_2,ram_post_3,ram_post_4,ram_post_5,ram_post_6,ram_post_7,ram_post_8,ram_post_9,ram_post_10,ram_post_11,ram_post_12,ram_post_13,ram_post_14,ram_post_15,ram_post_16,ram_post_17,ram_post_18,ram_post_19,ram_post_20,ram_post_21,ram_post_22,ram_post_23,ram_post_24,ram_post_25,ram_post_26,ram_post_27,ram_post_28,ram_post_29,ram_post_30,ram_post_31,ram_post_32,ram_post_33,ram_post_34,ram_post_35,ram_post_36,ram_post_37,ram_post_38,ram_post_39,ram_post_40,ram_post_41,ram_post_42,ram_post_43,ram_post_44,ram_post_45,ram_post_46,ram_post_47,ram_post_48,ram_post_49,ram_post_50,ram_post_51,ram_post_52,ram_post_53,ram_post_54,ram_post_55,ram_post_56,ram_post_57,ram_post_58,ram_post_59,ram_post_60,ram_post_61,ram_post_62,ram_post_63,ram_post_64,ram_post_65,ram_post_66,ram_post_67,ram_post_68,ram_post_69,ram_post_70,ram_post_71,ram_post_72,ram_post_73,ram_post_74,ram_post_75,ram_post_76,ram_post_77,ram_post_78,ram_post_79,ram_post_80,ram_post_81,ram_post_82,ram_post_83,ram_post_84,ram_post_85,ram_post_86,ram_post_87,ram_post_88,ram_post_89,ram_post_90,ram_post_91,ram_post_92,ram_post_93,ram_post_94,ram_post_95,ram_post_96,ram_post_97,ram_post_98,ram_post_99,ram_post_100,ram_post_101,ram_post_102,ram_post_103,ram_post_104,ram_post_105,ram_post_106,ram_post_107,ram_post_108,ram_post_109,ram_post_110,ram_post_111,ram_post_112,ram_post_113,ram_post_114,ram_post_115,ram_post_116,ram_post_117,ram_post_118,ram_post_119,ram_post_120,ram_post_121,ram_post_122,ram_post_123,ram_post_124,ram_post_125,ram_post_126,ram_post_127
2026-08-03_14-39-02,1,0,0,0.0,0,0.0,-1,-1,0,64,87,247,53,80,224,0,0,0,0,0,11,73,224,0,0,0,0,0,0,182,104,182,0,0,0,0,0,0,246,244,0,0,0,0,0,0,0,0,0,0,0,0,0,0,0,0,1,3,0,0,0,0,0,0,0,19,0,66,64,0,0,64,0,0,0,0,3,32,0,0,0,29,41,0,0,0,0,0,0,198,224,253,253,166,224,224,224,0,0,0,2,10,0,0,0,192,62,131,208,136,209,3,2,182,244,7,223,14,223,7,222,14,222,13,1,58,4,0,240,3,0,70,247,250,201,241,0,5,120,245,51,78,224,0,0,0,0,0,242,13,75,224,0,0,0,0,0,182,104,182,0,0,0,0,0,0,244,246,244,0,0,0,0,0,0,0,0,0,0,0,0,0,0,0,3,1,3,0,0,0,0,0,0,23,0,35,64,0,0,64,0,0,0,0,7,64,0,0,0,29,41,0,0,0,0,0,0,198,224,253,253,166,224,224,224,0,0,0,2,11,0,0,0,192,62,131,208,136,209,3,2,182,244,9,223,12,223,9,222,12,222,245,2,58,4,0,240,3,0,70,247,250,201,241
2026-08-03_14-39-02,1,1,0,0.0,0,0.0,-1,-1,0,5,120,245,51,78,224,0,0,0,0,0,242,13,75,224,0,0,0,0,0,182,104,182,0,0,0,0,0,0,244,246,244,0,0,0,0,0,0,0,0,0,0,0,0,0,0,0,3,1,3,0,0,0,0,0,0,23,0,35,64,0,0,64,0,0,0,0,7,64,0,0,0,29,41,0,0,0,0,0,0,198,224,253,253,166,224,224,224,0,0,0,2,11,0,0,0,192,62,131,208,136,209,3,2,182,244,9,223,12,223,9,222,12,222,245,2,58,4,0,240,3,0,70,247,250,201,241,0,87,129,243,49,76,224,0,0,0,0,0,244,15,77,224,0,0,0,0,0,166,88,166,0,0,0,0,0,0,228,230,228,0,0,0,0,0,0,0,0,0,0,0,0,0,0,0,3,1,3,0,0,0,0,0,0,27,0,113,64,0,0,64,0,0,0,0,3,64,0,0,0,29,41,0,0,0,0,0,0,198,224,253,253,166,224,224,224,0,0,0,2,11,0,0,0,192,62,131,208,136,209,3,2,166,228,11,223,10,223,11,222,10,222,245,2,58,4,0,240,3,0,70,247,250,201,241
2026-08-03_14-39-02,1,2,0,0.0,0,0.0,-1,-1,0,87,129,243,49,76,224,0,0,0,0,0,244,15,77,224,0,0,0,0,0,166,88,166,0,0,0,0,0,0,228,230,228,0,0,0,0,0,0,0,0,0,0,0,0,0,0,0,3,1,3,0,0,0,0,0,0,27,0,113,64,0,0,64,0,0,0,0,3,64,0,0,0,29,41,0,0,0,0,0,0,198,224,253,253,166,224,224,224,0,0,0,2,11,0,0,0,192,62,131,208,136,209,3,2,166,228,11,223,10,223,11,222,10,222,245,2,58,4,0,240,3,0,70,247,250,201,241,0,120,31,47,74,224,224,0,0,0,0,0,246,17,79,224,0,0,0,0,0,88,166,0,0,0,0,0,0,0,228,230,228,0,0,0,0,0,0,0,0,0,0,0,0,0,0,0,3,1,3,0,0,0,0,0,0,31,0,82,64,0,0,64,0,0,0,0,13,96,0,0,0,29,41,0,0,0,0,0,0,198,224,253,253,166,224,224,224,0,0,0,1,11,0,0,0,192,62,131,208,136,209,3,2,166,228,13,223,8,223,13,222,8,222,245,3,58,4,0,240,3,0,70,247,250,201,241
2026-08-03_14-39-02,1,3,0,0.0,0,0.0,-1,-1,0,120,31,47,74,224,224,0,0,0,0,0,246,17,79,224,0,0,0,0,0,88,166,0,0,0,0,0,0,0,228,230,228,0,0,0,0,0,0,0,0,0,0,0,0,0,0,0,3,1,3,0,0,0,0,0,0,31,0,82,64,0,0,64,0,0,0,0,13,96,0,0,0,29,41,0,0,0,0,0,0,198,224,253,253,166,224,224,224,0,0,0,1,11,0,0,0,192,62,131,208,136,209,3,2,166,228,13,223,8,223,13,222,8,222,245,3,58,4,0,240,3,0,70,247,250,201,241,0,129,241,45,72,224,224,0,0,0,0,0,248,19,81,224,0,0,0,0,0,88,166,0,0,0,0,0,0,0,228,230,228,0,0,0,0,0,0,0,0,0,0,0,0,0,0,0,3,1,3,0,0,0,0,0,0,35,0,51,64,0,0,64,0,0,0,0,9,96,0,0,0,29,41,0,0,0,0,0,0,198,224,253,253,166,224,224,224,0,0,0,1,11,0,0,0,192,62,131,208,136,209,3,2,166,228,15,223,6,223,15,222,6,222,5,3,58,4,0,240,3,0,70,247,250,201,241
2026-08-03_14-39-02,1,4,0,0.0,0,0.0,-1,-1,0,129,241,45,72,224,224,0,0,0,0,0,248,19,81,224,0,0,0,0,0,88,166,0,0,0,0,0,0,0,228,230,228,0,0,0,0,0,0,0,0,0,0,0,0,0,0,0,3,1,3,0,0,0,0,0,0,35,0,51,64,0,0,64,0,0,0,0,9,96,0,0,0,29,41,0,0,0,0,0,0,198,224,253,253,166,224,224,224,0,0,0,1,11,0,0,0,192,62,131,208,136,209,3,2,166,228,15,223,6,223,15,222,6,222,5,3,58,4,0,240,3,0,70,247,250,201,241,0,31,16,43,70,224,224,0,0,0,0,0,250,21,83,224,0,0,0,0,0,88,166,0,0,0,0,0,0,0,228,230,228,0,0,0,0,0,0,0,0,0,0,0,0,0,0,0,3,1,3,0,0,0,0,0,0,39,0,17,64,0,0,64,0,0,0,0,5,96,0,0,0,29,41,0,0,0,0,0,0,198,224,253,253,166,224,224,224,0,0,0,1,11,0,0,0,192,62,192,208,136,209,0,2,0,228,0,223,4,223,0,222,0,0,0,3,58,4,131,63,3,199,251,43,251,201,241
2026-08-03_14-39-02,1,5,0,0.0,0,0.0,-1,-1,0,31,16,43,70,224,224,0,0,0,0,0,250,21,83,224,0,0,0,0,0,88,166,0,0,0,0,0,0,0,228,230,228,0,0,0,0,0,0,0,0,0,0,0,0,0,0,0,3,1,3,0,0,0,0,0,0,39,0,17,64,0,0,64,0,0,0,0,5,96,0,0,0,29,41,0,0,0,0,0,0,198,224,253,253,166,224,224,224,0,0,0,1,11,0,0,0,192,62,192,208,136,209,0,2,0,228,0,223,4,223,0,222,0,0,0,3,58,4,131,63,3,199,251,43,251,201,241,0,241,4,41,68,224,224,0,0,0,0,0,252,23,85,224,0,0,0,0,0,72,150,0,0,0,0,0,0,0,212,214,212,0,0,0,0,0,0,0,0,0,0,0,0,0,0,0,3,1,3,0,0,0,0,0,0,43,0,98,64,0,0,64,0,0,0,0,1,96,0,0,0,29,41,0,0,0,0,0,0,198,224,253,253,166,224,224,224,0,0,0,1,11,0,0,0,192,62,192,208,136,209,0,2,0,212,0,223,2,223,0,222,0,0,0,3,58,4,132,61,3,199,251,43,251,201,241
2026-08-03_14-39-02,1,6,0,0.0,0,0.0,-1,-1,0,241,4,41,68,224,224,0,0,0,0,0,252,23,85,224,0,0,0,0,0,72,150,0,0,0,0,0,0,0,212,214,212,0,0,0,0,0,0,0,0,0,0,0,0,0,0,0,3,1,3,0,0,0,0,0,0,43,0,98,64,0,0,64,0,0,0,0,1,96,0,0,0,29,41,0,0,0,0,0,0,198,224,253,253,166,224,224,224,0,0,0,1,11,0,0,0,192,62,192,208,136,209,0,2,0,212,0,223,2,223,0,222,0,0,0,3,58,4,132,61,3,199,251,43,251,201,241,0,16,66,39,66,224,224,0,0,0,0,0,254,25,87,224,0,0,0,0,0,72,150,0,0,0,0,0,0,0,212,214,212,0,0,0,0,0,0,0,0,0,0,0,0,0,0,0,3,1,3,0,0,0,0,0,0,47,0,67,64,0,0,64,0,0,0,0,5,0,0,0,0,29,41,0,0,0,0,0,0,198,224,253,253,166,224,224,224,0,0,0,1,11,0,0,0,192,62,192,208,11,209,0,2,0,212,0,223,0,223,0,222,0,0,0,0,58,4,132,59,3,199,251,43,251,201,241
2026-08-03_14-39-02,1,7,0,0.0,0,0.0,-1,-1,0,16,66,39,66,224,224,0,0,0,0,0,254,25,87,224,0,0,0,0,0,72,150,0,0,0,0,0,0,0,212,214,212,0,0,0,0,0,0,0,0,0,0,0,0,0,0,0,3,1,3,0,0,0,0,0,0,47,0,67,64,0,0,64,0,0,0,0,5,0,0,0,0,29,41,0,0,0,0,0,0,198,224,253,253,166,224,224,224,0,0,0,1,11,0,0,0,192,62,192,208,11,209,0,2,0,212,0,223,0,223,0,222,0,0,0,0,58,4,132,59,3,199,251,43,251,201,241,0,4,38,37,64,224,224,0,0,0,0,0,0,27,224,224,0,0,0,0,0,72,150,0,0,0,0,0,0,0,212,214,212,0,0,0,0,0,0,0,0,0,0,0,0,0,0,0,3,1,3,0,0,0,0,0,0,51,0,33,64,0,0,64,0,0,0,0,1,0,0,0,0,29,41,0,0,0,0,0,0,198,224,253,253,166,224,224,224,0,0,0,1,10,0,0,0,192,62,192,208,207,209,0,2,0,212,0,223,0,223,0,222,10,0,0,0,58,4,124,47,3,199,251,123,251,201,241
2026-08-03_14-39-02,1,8,0,0.0,0,0.0,-1,-1,0,4,38,37,64,224,224,0,0,0,0,0,0,27,224,224,0,0,0,0,0,72,150,0,0,0,0,0,0,0,212,214,212,0,0,0,0,0,0,0,0,0,0,0,0,0,0,0,3,1,3,0,0,0,0,0,0,51,0,33,64,0,0,64,0,0,0,0,1,0,0,0,0,29,41,0,0,0,0,0,0,198,224,253,253,166,224,224,224,0,0,0,1,10,0,0,0,192,62,192,208,207,209,0,2,0,212,0,223,0,223,0,222,10,0,0,0,58,4,124,47,3,199,251,123,251,201,241,0,66,97,35,62,224,224,0,0,0,0,0,2,29,224,224,0,0,0,0,0,56,134,0,0,0,0,0,0,0,196,198,212,0,0,0,0,0,0,0,0,0,0,0,0,0,0,0,3,1,3,0,0,0,0,0,0,55,0,114,64,0,0,64,0,0,0,0,11,32,0,0,0,29,41,0,0,0,0,0,0,198,224,253,253,166,224,224,224,0,0,0,1,10,0,0,0,192,62,192,208,207,209,0,2,0,212,0,223,0,223,0,222,10,0,0,1,58,4,125,49,3,199,251,123,251,201,241
2026-08-03_14-39-02,1,9,0,0.0,0,0.0,-1,-1,0,66,97,35,62,224,224,0,0,0,0,0,2,29,224,224,0,0,0,0,0,56,134,0,0,0,0,0,0,0,196,198,212,0,0,0,0,0,0,0,0,0,0,0,0,0,0,0,3,1,3,0,0,0,0,0,0,55,0,114,64,0,0,64,0,0,0,0,11,32,0,0,0,29,41,0,0,0,0,0,0,198,224,253,253,166,224,224,224,0,0,0,1,10,0,0,0,192,62,192,208,207,209,0,2,0,212,0,223,0,223,0,222,10,0,0,1,58,4,125,49,3,199,251,123,251,201,241,0,38,24,33,60,224,224,0,0,0,0,0,4,31,224,224,0,0,0,0,0,56,134,0,0,0,0,0,0,0,196,198,212,0,0,0,0,0,0,0,0,0,0,0,0,0,0,0,3,1,3,0,0,0,0,0,0,59,0,83,64,0,0,64,0,0,0,0,7,32,0,0,0,29,41,0,0,0,0,0,0,198,224,253,253,166,224,224,224,0,0,0,1,10,0,0,0,192,62,192,208,207,209,0,2,0,212,0,223,0,223,0,222,10,0,0,1,58,4,125,51,3,199,251,123,251,201,241
2026-08-03_14-39-02,1,10,0,0.0,0,0.0,-1,-1,0,38,24,33,60,224,224,0,0,0,0,0,4,31,224,224,0,0,0,0,0,56,134,0,0,0,0,0,0,0,196,198,212,0,0,0,0,0,0,0,0,0,0,0,0,0,0,0,3,1,3,0,0,0,0,0,0,59,0,83,64,0,0,64,0,0,0,0,7,32,0,0,0,29,41,0,0,0,0,0,0,198,224,253,253,166,224,224,224,0,0,0,1,10,0,0,0,192,62,192,208,207,209,0,2,0,212,0,223,0,223,0,222,10,0,0,1,58,4,125,51,3,199,251,123,251,201,241,0,97,141,31,58,224,224,0,0,0,0,0,6,33,224,224,0,0,0,0,0,56,134,0,0,0,0,0,0,0,196,198,212,0,0,0,0,0,0,0,0,0,0,0,0,0,0,0,3,1,3,0,0,0,0,0,0,63,0,49,64,0,0,64,0,0,0,0,3,32,0,0,0,29,41,0,0,0,0,0,0,198,224,253,253,166,224,224,224,0,0,0,1,10,0,0,0,192,62,192,208,207,209,0,2,0,212,0,223,0,223,0,222,10,0,0,1,58,4,125,53,3,199,251,123,251,201,241
2026-08-03_14-39-02,1,11,0,0.0,0,0.0,-1,-1,0,97,141,31,58,224,224,0,0,0,0,0,6,33,224,224,0,0,0,0,0,56,134,0,0,0,0,0,0,0,196,198,212,0,0,0,0,0,0,0,0,0,0,0,0,0,0,0,3,1,3,0,0,0,0,0,0,63,0,49,64,0,0,64,0,0,0,0,3,32,0,0,0,29,41,0,0,0,0,0,0,198,224,253,253,166,224,224,224,0,0,0,1,10,0,0,0,192,62,192,208,207,209,0,2,0,212,0,223,0,223,0,222,10,0,0,1,58,4,125,53,3,199,251,123,251,201,241,0,24,212,29,56,224,224,0,0,0,0,0,8,35,224,224,0,0,0,0,0,56,134,0,0,0,0,0,0,0,196,198,212,0,0,0,0,0,0,0,0,0,0,0,0,0,0,0,3,1,3,0,0,0,0,0,0,67,0,18,64,0,0,64,0,0,0,0,7,64,0,0,0,29,41,0,0,0,0,0,0,198,224,253,253,166,224,224,224,0,0,0,1,10,0,0,0,192,62,192,208,207,209,0,2,0,212,0,223,0,223,0,222,10,0,0,2,58,4,125,55,3,199,251,123,251,201,241
2026-08-03_14-39-02,1,12,0,0.0,0,0.0,-1,-1,0,24,212,29,56,224,224,0,0,0,0,0,8,35,224,224,0,0,0,0,0,56,134,0,0,0,0,0,0,0,196,198,212,0,0,0,0,0,0,0,0,0,0,0,0,0,0,0,3,1,3,0,0,0,0,0,0,67,0,18,64,0,0,64,0,0,0,0,7,64,0,0,0,29,41,0,0,0,0,0,0,198,224,253,253,166,224,224,224,0,0,0,1,10,0,0,0,192,62,192,208,207,209,0,2,0,212,0,223,0,223,0,222,10,0,0,2,58,4,125,55,3,199,251,123,251,201,241,0,141,69,27,54,224,224,0,0,0,0,0,10,37,224,224,0,0,0,0,0,40,104,0,0,0,0,0,0,0,180,182,212,0,0,0,0,0,0,0,0,0,0,0,0,0,0,0,3,1,3,0,0,0,0,0,0,71,0,99,64,0,0,64,0,0,0,0,3,64,0,0,0,29,41,0,0,0,0,0,0,198,224,253,253,166,224,224,224,0,0,0,1,10,0,0,0,192,62,192,208,207,209,0,2,0,212,0,223,0,223,0,222,10,0,0,2,58,4,126,57,3,199,251,123,251,201,241
2026-08-03_14-39-02,1,13,0,0.0,0,0.0,-1,-1,0,141,69,27,54,224,224,0,0,0,0,0,10,37,224,224,0,0,0,0,0,40,104,0,0,0,0,0,0,0,180,182,212,0,0,0,0,0,0,0,0,0,0,0,0,0,0,0,3,1,3,0,0,0,0,0,0,71,0,99,64,0,0,64,0,0,0,0,3,64,0,0,0,29,41,0,0,0,0,0,0,198,224,253,253,166,224,224,224,0,0,0,1,10,0,0,0,192,62,192,208,207,209,0,2,0,212,0,223,0,223,0,222,10,0,0,2,58,4,126,57,3,199,251,123,251,201,241,0,212,82,25,52,224,224,0,0,0,0,0,12,39,224,224,0,0,0,0,0,40,104,0,0,0,0,0,0,0,180,182,212,0,0,0,0,0,0,0,0,0,0,0,0,0,0,0,3,1,3,0,0,0,0,0,0,75,0,65,64,0,0,64,0,0,0,0,13,96,0,0,0,29,41,0,0,0,0,0,0,198,224,253,253,166,224,224,224,0,0,0,1,10,0,0,0,192,62,192,208,207,209,0,2,0,212,0,223,0,223,0,222,10,0,0,3,58,4,126,59,3,199,251,123,251,201,241
2026-08-03_14-39-02,1,14,0,0.0,0,0.0,-1,-1,0,212,82,25,52,224,224,0,0,0,0,0,12,39,224,224,0,0,0,0,0,40,104,0,0,0,0,0,0,0,180,182,212,0,0,0,0,0,0,0,0,0,0,0,0,0,0,0,3,1,3,0,0,0,0,0,0,75,0,65,64,0,0,64,0,0,0,0,13,96,0,0,0,29,41,0,0,0,0,0,0,198,224,253,253,166,224,224,224,0,0,0,1,10,0,0,0,192,62,192,208,207,209,0,2,0,212,0,223,0,223,0,222,10,0,0,3,58,4,126,59,3,199,251,123,251,201,241,0,69,47,23,50,224,224,0,0,0,0,0,14,41,224,224,0,0,0,0,0,40,104,0,0,0,0,0,0,0,180,182,212,0,0,0,0,0,0,0,0,0,0,0,0,0,0,0,3,1,3,0,0,0,0,0,0,79,0,34,64,0,0,64,0,0,0,0,9,96,0,0,0,29,41,0,0,0,0,0,0,198,224,253,253,166,224,224,224,0,0,0,1,10,0,0,0,192,62,192,208,207,209,0,2,0,212,0,223,0,223,0,222,10,0,0,3,58,4,126,61,3,199,251,123,251,201,241
2026-08-03_14-39-02,1,15,0,0.0,0,0.0,-1,-1,0,69,47,23,50,224,224,0,0,0,0,0,14,41,224,224,0,0,0,0,0,40,104,0,0,0,0,0,0,0,180,182,212,0,0,0,0,0,0,0,0,0,0,0,0,0,0,0,3,1,3,0,0,0,0,0,0,79,0,34,64,0,0,64,0,0,0,0,9,96,0,0,0,29,41,0,0,0,0,0,0,198,224,253,253,166,224,224,224,0,0,0,1,10,0,0,0,192,62,192,208,207,209,0,2,0,212,0,223,0,223,0,222,10,0,0,3,58,4,126,61,3,199,251,123,251,201,241,0,82,249,21,48,224,224,0,0,0,0,0,16,43,224,224,0,0,0,0,0,24,88,0,0,0,0,0,0,0,164,166,212,0,0,0,0,0,0,0,0,0,0,0,0,0,0,0,3,1,3,0,0,0,0,0,0,83,0,115,64,0,0,64,0,0,0,0,5,96,0,0,0,29,41,0,0,0,0,0,0,198,224,253,253,166,224,224,224,0,0,0,1,10,0,0,0,192,62,192,208,207,209,0,2,0,212,0,223,0,223,0,222,10,0,0,3,58,4,127,63,3,199,251,123,251,201,241
2026-08-03_14-39-02,1,16,0,0.0,0,0.0,-1,-1,0,82,249,21,48,224,224,0,0,0,0,0,16,43,224,224,0,0,0,0,0,24,88,0,0,0,0,0,0,0,164,166,212,0,0,0,0,0,0,0,0,0,0,0,0,0,0,0,3,1,3,0,0,0,0,0,0,83,0,115,64,0,0,64,0,0,0,0,5,96,0,0,0,29,41,0,0,0,0,0,0,198,224,253,253,166,224,224,224,0,0,0,1,10,0,0,0,192,62,192,208,207,209,0,2,0,212,0,223,0,223,0,222,10,0,0,3,58,4,127,63,3,199,251,123,251,201,241,0,47,158,19,46,224,224,0,0,0,0,0,18,45,224,224,0,0,0,0,0,24,88,0,0,0,0,0,0,0,164,166,212,0,0,0,0,0,0,0,0,0,0,0,0,0,0,0,3,1,3,0,0,0,0,0,0,87,0,81,64,0,0,64,0,0,0,0,1,96,0,0,0,29,41,0,0,0,0,0,0,198,224,253,253,166,224,224,224,0,0,0,1,10,0,0,0,192,62,192,208,207,209,0,2,0,212,0,223,0,223,0,222,0,222,13,3,58,4,0,240,3,0,70,247,250,201,241
2026-08-03_14-39-02,1,17,0,0.0,0,0.0,-1,-1,0,47,158,19,46,224,224,0,0,0,0,0,18,45,224,224,0,0,0,0,0,24,88,0,0,0,0,0,0,0,164,166,212,0,0,0,0,0,0,0,0,0,0,0,0,0,0,0,3,1,3,0,0,0,0,0,0,87,0,81,64,0,0,64,0,0,0,0,1,96,0,0,0,29,41,0,0,0,0,0,0,198,224,253,253,166,224,224,224,0,0,0,1,10,0,0,0,192,62,192,208,207,209,0,2,0,212,0,223,0,223,0,222,0,222,13,3,58,4,0,240,3,0,70,247,250,201,241,0,249,238,17,44,224,224,0,0,0,0,0,20,47,224,224,0,0,0,0,0,24,88,0,0,0,0,0,0,0,164,166,212,0,0,0,0,0,0,0,0,0,0,0,0,0,0,0,3,1,3,0,0,0,0,0,0,91,0,50,64,0,0,64,0,0,0,0,5,0,0,0,0,29,41,0,0,0,0,0,0,198,224,253,253,166,224,224,224,0,0,0,1,10,0,0,0,192,62,192,208,207,209,0,2,0,212,0,223,0,223,0,222,1,0,0,0,58,4,88,64,3,0,70,43,251,201,241
2026-08-03_14-39-02,1,18,0,0.0,0,0.0,-1,-1,0,249,238,17,44,224,224,0,0,0,0,0,20,47,224,224,0,0,0,0,0,24,88,0,0,0,0,0,0,0,164,166,212,0,0,0,0,0,0,0,0,0,0,0,0,0,0,0,3,1,3,0,0,0,0,0,0,91,0,50,64,0,0,64,0,0,0,0,5,0,0,0,0,29,41,0,0,0,0,0,0,198,224,253,253,166,224,224,224,0,0,0,1,10,0,0,0,192,62,192,208,207,209,0,2,0,212,0,223,0,223,0,222,1,0,0,0,58,4,88,64,3,0,70,43,251,201,241,0,158,225,15,42,224,224,0,0,0,0,0,22,49,224,224,0,0,0,0,0,24,88,0,0,0,0,0,0,0,164,166,212,0,0,0,0,0,0,0,0,0,0,0,0,0,0,0,3,1,3,0,0,0,0,0,0,95,0,19,64,0,0,64,0,0,0,0,1,0,0,0,0,29,41,0,0,0,0,0,0,198,224,253,253,166,224,224,224,0,0,0,1,10,0,0,0,192,62,192,208,207,209,0,2,0,212,0,223,0,223,0,222,1,0,0,0,58,4,131,62,3,199,251,43,251,201,241
2026-08-03_14-39-02,1,19,0,0.0,0,0.0,-1,-1,0,158,225,15,42,224,224,0,0,0,0,0,22,49,224,224,0,0,0,0,0,24,88,0,0,0,0,0,0,0,164,166,212,0,0,0,0,0,0,0,0,0,0,0,0,0,0,0,3,1,3,0,0,0,0,0,0,95,0,19,64,0,0,64,0,0,0,0,1,0,0,0,0,29,41,0,0,0,0,0,0,198,224,253,253,166,224,224,224,0,0,0,1,10,0,0,0,192,62,192,208,207,209,0,2,0,212,0,223,0,223,0,222,1,0,0,0,58,4,131,62,3,199,251,43,251,201,241,0,238,20,13,40,224,224,0,0,0,0,0,24,51,224,224,0,0,0,0,0,8,72,0,0,0,0,0,0,0,148,150,212,0,0,0,0,0,0,0,0,0,0,0,0,0,0,0,3,1,3,0,0,0,0,0,0,99,0,97,64,0,0,64,0,0,0,0,11,32,0,0,0,29,41,0,0,0,0,0,0,198,224,253,253,166,224,224,224,0,0,0,1,10,0,0,0,192,62,192,208,207,209,0,2,0,212,0,223,0,223,0,222,1,0,0,1,58,4,132,60,3,199,251,43,251,201,241
2026-08-03_14-39-02,1,20,0,0.0,0,0.0,-1,-1,0,238,20,13,40,224,224,0,0,0,0,0,24,51,224,224,0,0,0,0,0,8,72,0,0,0,0,0,0,0,148,150,212,0,0,0,0,0,0,0,0,0,0,0,0,0,0,0,3,1,3,0,0,0,0,0,0,99,0,97,64,0,0,64,0,0,0,0,11,32,0,0,0,29,41,0,0,0,0,0,0,198,224,253,253,166,224,224,224,0,0,0,1,10,0,0,0,192,62,192,208,207,209,0,2,0,212,0,223,0,223,0,222,1,0,0,1,58,4,132,60,3,199,251,43,251,201,241,0,225,70,11,38,224,224,0,0,0,0,0,26,53,224,224,0,0,0,0,0,8,72,0,0,0,0,0,0,0,148,150,212,0,0,0,0,0,0,0,0,0,0,0,0,0,0,0,3,1,3,0,0,0,0,0,0,103,0,66,64,0,0,64,0,0,0,0,7,32,0,0,0,29,41,0,0,0,0,0,0,198,224,253,253,166,224,224,224,0,0,0,1,10,0,0,0,192,62,192,208,207,209,0,2,0,212,0,223,0,223,0,222,9,0,0,1,58,4,113,46,3,199,251,123,251,201,241
2026-08-03_14-39-02,1,21,0,0.0,0,0.0,-1,-1,0,225,70,11,38,224,224,0,0,0,0,0,26,53,224,224,0,0,0,0,0,8,72,0,0,0,0,0,0,0,148,150,212,0,0,0,0,0,0,0,0,0,0,0,0,0,0,0,3,1,3,0,0,0,0,0,0,103,0,66,64,0,0,64,0,0,0,0,7,32,0,0,0,29,41,0,0,0,0,0,0,198,224,253,253,166,224,224,224,0,0,0,1,10,0,0,0,192,62,192,208,207,209,0,2,0,212,0,223,0,223,0,222,9,0,0,1,58,4,113,46,3,199,251,123,251,201,241,0,20,100,9,36,224,224,0,0,0,0,0,28,55,224,224,0,0,0,0,0,8,72,0,0,0,0,0,0,0,148,150,212,0,0,0,0,0,0,0,0,0,0,0,0,0,0,0,3,1,3,0,0,0,0,0,0,107,0,35,64,0,0,64,0,0,0,0,3,32,0,0,0,29,41,0,0,0,0,0,0,198,224,253,253,166,224,224,224,0,0,0,1,10,0,0,0,192,62,192,208,207,209,0,2,0,212,0,223,0,223,0,222,9,0,0,1,58,4,113,48,3,199,251,123,251,201,241
2026-08-03_14-39-02,1,22,0,0.0,0,0.0,-1,-1,0,20,100,9,36,224,224,0,0,0,0,0,28,55,224,224,0,0,0,0,0,8,72,0,0,0,0,0,0,0,148,150,212,0,0,0,0,0,0,0,0,0,0,0,0,0,0,0,3,1,3,0,0,0,0,0,0,107,0,35,64,0,0,64,0,0,0,0,3,32,0,0,0,29,41,0,0,0,0,0,0,198,224,253,253,166,224,224,224,0,0,0,1,10,0,0,0,192,62,192,208,207,209,0,2,0,212,0,223,0,223,0,222,9,0,0,1,58,4,113,48,3,199,251,123,251,201,241,0,70,71,7,34,224,224,0,0,0,0,0,30,57,224,224,0,0,0,0,0,248,56,0,0,0,0,0,0,0,132,134,212,0,0,0,0,0,0,0,0,0,0,0,0,0,0,0,3,1,3,0,0,0,0,0,0,111,0,113,64,0,0,64,0,0,0,0,7,64,0,0,0,29,41,0,0,0,0,0,0,198,224,253,253,166,224,224,224,0,0,0,1,10,0,0,0,192,62,192,208,207,209,0,2,0,212,0,223,0,223,0,222,9,0,0,2,58,4,114,50,3,199,251,123,251,201,241
2026-08-03_14-39-02,1,23,0,0.0,0,0.0,-1,-1,0,70,71,7,34,224,224,0,0,0,0,0,30,57,224,224,0,0,0,0,0,248,56,0,0,0,0,0,0,0,132,134,212,0,0,0,0,0,0,0,0,0,0,0,0,0,0,0,3,1,3,0,0,0,0,0,0,111,0,113,64,0,0,64,0,0,0,0,7,64,0,0,0,29,41,0,0,0,0,0,0,198,224,253,253,166,224,224,224,0,0,0,1,10,0,0,0,192,62,192,208,207,209,0,2,0,212,0,223,0,223,0,222,9,0,0,2,58,4,114,50,3,199,251,123,251,201,241,0,100,121,5,32,224,224,0,0,0,0,0,32,59,224,224,0,0,0,0,0,248,56,0,0,0,0,0,0,0,132,134,212,0,0,0,0,0,0,0,0,0,0,0,0,0,0,0,3,1,3,0,0,0,0,0,0,115,0,82,64,0,0,64,0,0,0,0,3,64,0,0,0,29,41,0,0,0,0,0,0,198,224,253,253,166,224,224,224,0,0,0,1,10,0,0,0,192,62,192,208,207,209,0,2,0,212,0,223,0,223,0,222,9,0,0,2,58,4,114,52,3,199,251,123,251,201,241
2026-08-03_14-39-02,1,24,0,0.0,0,0.0,-1,-1,0,100,121,5,32,224,224,0,0,0,0,0,32,59,224,224,0,0,0,0,0,248,56,0,0,0,0,0,0,0,132,134,212,0,0,0,0,0,0,0,0,0,0,0,0,0,0,0,3,1,3,0,0,0,0,0,0,115,0,82,64,0,0,64,0,0,0,0,3,64,0,0,0,29,41,0,0,0,0,0,0,198,224,253,253,166,224,224,224,0,0,0,1,10,0,0,0,192,62,192,208,207,209,0,2,0,212,0,223,0,223,0,222,9,0,0,2,58,4,114,52,3,199,251,123,251,201,241,0,71,149,3,30,224,224,0,0,0,0,0,34,61,224,224,0,0,0,0,0,248,56,0,0,0,0,0,0,0,132,134,212,0,0,0,0,0,0,0,0,0,0,0,0,0,0,0,3,1,3,0,0,0,0,0,0,119,0,51,64,0,0,64,0,0,0,0,13,96,0,0,0,29,41,0,0,0,0,0,0,198,224,253,253,166,224,224,224,0,0,0,1,10,0,0,0,192,62,192,208,207,209,0,2,0,212,0,223,0,223,0,222,9,0,0,3,58,4,114,54,3,199,251,123,251,201,241
2026-08-03_14-39-02,1,25,0,0.0,0,0.0,-1,-1,0,71,149,3,30,224,224,0,0,0,0,0,34,61,224,224,0,0,0,0,0,248,56,0,0,0,0,0,0,0,132,134,212,0,0,0,0,0,0,0,0,0,0,0,0,0,0,0,3,1,3,0,0,0,0,0,0,119,0,51,64,0,0,64,0,0,0,0,13,96,0,0,0,29,41,0,0,0,0,0,0,198,224,253,253,166,224,224,224,0,0,0,1,10,0,0,0,192,62,192,208,207,209,0,2,0,212,0,223,0,223,0,222,9,0,0,3,58,4,114,54,3,199,251,123,251,201,241,0,121,89,1,28,224,224,0,0,0,0,0,36,63,224,224,0,0,0,0,0,248,56,0,0,0,0,0,0,0,132,134,212,0,0,0,0,0,0,0,0,0,0,0,0,0,0,0,3,1,3,0,0,0,0,0,0,123,0,17,64,0,0,64,0,0,0,0,9,96,0,0,0,29,41,0,0,0,0,0,0,198,224,253,253,166,224,224,224,0,0,0,1,10,0,0,0,192,62,192,208,207,209,0,2,0,212,0,223,0,223,0,222,9,0,0,3,58,4,114,56,3,199,251,123,251,201,241
2026-08-03_14-39-02,1,26,0,0.0,0,0.0,-1,-1,0,121,89,1,28,224,224,0,0,0,0,0,36,63,224,224,0,0,0,0,0,248,56,0,0,0,0,0,0,0,132,134,212,0,0,0,0,0,0,0,0,0,0,0,0,0,0,0,3,1,3,0,0,0,0,0,0,123,0,17,64,0,0,64,0,0,0,0,9,96,0,0,0,29,41,0,0,0,0,0,0,198,224,253,253,166,224,224,224,0,0,0,1,10,0,0,0,192,62,192,208,207,209,0,2,0,212,0,223,0,223,0,222,9,0,0,3,58,4,114,56,3,199,251,123,251,201,241,0,149,145,255,26,88,224,0,0,0,0,0,38,65,224,224,0,0,0,0,0,232,40,232,0,0,0,0,0,0,102,104,212,0,0,0,0,0,0,0,0,0,0,0,0,0,0,0,3,1,3,0,0,0,0,0,0,127,0,98,64,0,0,64,0,0,0,0,5,96,0,0,0,29,41,0,0,0,0,0,0,198,224,253,253,166,224,224,224,0,0,0,2,10,0,0,0,192,62,14,208,207,209,4,2,232,212,0,223,0,223,0,222,9,0,0,3,58,4,115,58,3,199,251,123,251,201,241
2026-08-03_14-39-02,1,27,0,0.0,0,0.0,-1,-1,0,149,145,255,26,88,224,0,0,0,0,0,38,65,224,224,0,0,0,0,0,232,40,232,0,0,0,0,0,0,102,104,212,0,0,0,0,0,0,0,0,0,0,0,0,0,0,0,3,1,3,0,0,0,0,0,0,127,0,98,64,0,0,64,0,0,0,0,5,96,0,0,0,29,41,0,0,0,0,0,0,198,224,253,253,166,224,224,224,0,0,0,2,10,0,0,0,192,62,14,208,207,209,4,2,232,212,0,223,0,223,0,222,9,0,0,3,58,4,115,58,3,199,251,123,251,201,241,0,89,23,253,24,86,224,0,0,0,0,0,40,67,224,224,0,0,0,0,0,232,40,232,0,0,0,0,0,0,102,104,212,0,0,0,0,0,0,0,0,0,0,0,0,0,0,0,3,1,3,0,0,0,0,0,0,131,0,67,64,0,0,64,0,0,0,0,1,96,0,0,0,29,41,0,0,0,0,0,0,198,224,253,253,166,224,224,224,0,0,0,2,10,0,0,0,192,62,131,208,207,209,4,2,232,212,1,223,0,223,1,222,9,0,0,3,58,4,115,60,3,199,251,123,251,201,241
2026-08-03_14-39-02,1,28,0,0.0,0,0.0,-1,-1,0,89,23,253,24,86,224,0,0,0,0,0,40,67,224,224,0,0,0,0,0,232,40,232,0,0,0,0,0,0,102,104,212,0,0,0,0,0,0,0,0,0,0,0,0,0,0,0,3,1,3,0,0,0,0,0,0,131,0,67,64,0,0,64,0,0,0,0,1,96,0,0,0,29,41,0,0,0,0,0,0,198,224,253,253,166,224,224,224,0,0,0,2,10,0,0,0,192,62,131,208,207,209,4,2,232,212,1,223,0,223,1,222,9,0,0,3,58,4,115,60,3,199,251,123,251,201,241,0,145,125,251,22,84,224,0,0,0,0,0,42,69,224,224,0,0,0,0,0,232,40,232,0,0,0,0,0,0,102,104,212,0,0,0,0,0,0,0,0,0,0,0,0,0,0,0,3,1,3,0,0,0,0,0,0,135,0,33,64,0,0,64,0,0,0,0,5,0,0,0,0,29,41,0,0,0,0,0,0,198,224,253,253,166,224,224,224,0,0,0,2,10,0,0,0,192,62,131,208,207,209,4,2,232,212,3,223,0,223,3,222,9,0,0,0,58,4,115,62,3,199,251,123,251,201,241
2026-08-03_14-39-02,1,29,5,0.0,0,0.0,-1,-1,0,145,125,251,22,84,224,0,0,0,0,0,42,69,224,224,0,0,0,0,0,232,40,232,0,0,0,0,0,0,102,104,212,0,0,0,0,0,0,0,0,0,0,0,0,0,0,0,3,1,3,0,0,0,0,0,0,135,0,33,64,0,0,64,0,0,0,0,5,0,0,0,0,29,41,0,0,0,0,0,0,198,224,253,253,166,224,224,224,0,0,0,2,10,0,0,0,192,62,131,208,207,209,4,2,232,212,3,223,0,223,3,222,9,0,0,0,58,4,115,62,3,199,251,123,251,201,241,0,23,214,249,20,82,224,0,0,0,0,0,44,71,224,224,0,0,0,0,0,216,24,216,0,0,0,0,0,0,86,88,212,0,0,0,0,0,0,0,0,0,0,0,0,0,0,0,3,1,3,0,0,0,0,0,0,139,0,114,64,0,0,64,0,0,0,0,1,0,0,0,0,230,224,0,0,0,0,0,0,198,224,198,198,166,224,224,224,0,0,0,2,10,31,69,0,192,62,131,208,136,209,4,2,216,212,5,223,15,223,5,222,15,222,5,0,221,24,0,240,1,0,70,0,0,224,180
2026-08-03_14-39-02,1,30,5,0.0,0,0.0,-1,-1,0,23,214,249,20,82,224,0,0,0,0,0,44,71,224,224,0,0,0,0,0,216,24,216,0,0,0,0,0,0,86,88,212,0,0,0,0,0,0,0,0,0,0,0,0,0,0,0,3,1,3,0,0,0,0,0,0,139,0,114,64,0,0,64,0,0,0,0,1,0,0,0,0,230,224,0,0,0,0,0,0,198,224,198,198,166,224,224,224,0,0,0,2,10,31,69,0,192,62,131,208,136,209,4,2,216,212,5,223,15,223,5,222,15,222,5,0,221,24,0,240,1,0,70,0,0,224,180,0,125,103,247,18,80,224,0,0,0,0,0,46,73,224,224,0,0,0,0,0,216,24,216,0,0,0,0,0,0,86,88,212,0,0,0,0,0,0,0,0,0,0,0,0,0,0,0,3,1,3,0,0,0,0,0,0,143,0,83,64,0,0,64,0,0,0,0,11,32,0,0,0,230,224,0,0,0,0,0,0,198,224,198,198,166,224,224,224,0,0,0,2,10,29,69,0,192,62,131,208,136,209,4,4,216,88,7,223,14,223,7,222,14,222,13,1,221,24,0,240,1,0,70,0,0,224,52
2026-08-03_14-39-02,1,31,5,0.0,0,0.0,-1,-1,0,125,103,247,18,80,224,0,0,0,0,0,46,73,224,224,0,0,0,0,0,216,24,216,0,0,0,0,0,0,86,88,212,0,0,0,0,0,0,0,0,0,0,0,0,0,0,0,3,1,3,0,0,0,0,0,0,143,0,83,64,0,0,64,0,0,0,0,11,32,0,0,0,230,224,0,0,0,0,0,0,198,224,198,198,166,224,224,224,0,0,0,2,10,29,69,0,192,62,131,208,136,209,4,4,216,88,7,223,14,223,7,222,14,222,13,1,221,24,0,240,1,0,70,0,0,224,52,0,214,112,245,16,78,224,0,0,0,0,0,242,48,75,224,0,0,0,0,0,216,24,216,0,0,0,0,0,0,88,86,88,212,0,0,0,0,0,0,0,0,0,0,0,0,0,0,1,3,1,3,0,0,0,0,0,147,0,49,64,0,0,64,0,0,0,0,7,32,0,0,0,230,224,0,0,0,0,0,0,198,224,198,198,166,224,224,224,0,0,0,2,11,27,69,0,192,62,131,208,136,209,4,4,216,88,9,223,12,223,9,222,12,222,245,1,221,68,0,240,1,0,70,0,0,224,52
2026-08-03_14-39-02,1,32,5,0.0,0,0.0,-1,-1,0,214,112,245,16,78,224,0,0,0,0,0,242,48,75,224,0,0,0,0,0,216,24,216,0,0,0,0,0,0,88,86,88,212,0,0,0,0,0,0,0,0,0,0,0,0,0,0,1,3,1,3,0,0,0,0,0,147,0,49,64,0,0,64,0,0,0,0,7,32,0,0,0,230,224,0,0,0,0,0,0,198,224,198,198,166,224,224,224,0,0,0,2,11,27,69,0,192,62,131,208,136,209,4,4,216,88,9,223,12,223,9,222,12,222,245,1,221,68,0,240,1,0,70,0,0,224,52,0,103,15,243,14,76,224,0,0,0,0,0,244,50,77,224,0,0,0,0,0,216,24,216,0,0,0,0,0,0,88,86,88,212,0,0,0,0,0,0,0,0,0,0,0,0,0,0,1,3,1,3,0,0,0,0,0,151,0,18,64,0,0,64,0,0,0,0,3,32,0,0,0,230,224,0,0,0,0,0,0,198,224,198,198,166,224,224,224,0,0,0,2,11,25,69,0,192,62,131,208,136,209,4,4,216,88,11,223,10,223,11,222,10,222,245,1,221,68,0,240,1,0,70,0,0,224,52
2026-08-03_14-39-02,1,33,5,0.0,0,0.0,-1,-1,0,103,15,243,14,76,224,0,0,0,0,0,244,50,77,224,0,0,0,0,0,216,24,216,0,0,0,0,0,0,88,86,88,212,0,0,0,0,0,0,0,0,0,0,0,0,0,0,1,3,1,3,0,0,0,0,0,151,0,18,64,0,0,64,0,0,0,0,3,32,0,0,0,230,224,0,0,0,0,0,0,198,224,198,198,166,224,224,224,0,0,0,2,11,25,69,0,192,62,131,208,136,209,4,4,216,88,11,223,10,223,11,222,10,222,245,1,221,68,0,240,1,0,70,0,0,224,52,0,112,245,12,74,224,224,0,0,0,0,0,246,52,79,224,0,0,0,0,0,8,200,0,0,0,0,0,0,0,72,70,72,212,0,0,0,0,0,0,0,0,0,0,0,0,0,0,1,3,1,3,0,0,0,0,0,155,0,99,64,0,0,64,0,0,0,0,7,64,0,0,0,230,224,0,0,0,0,0,0,198,224,198,198,166,224,224,224,0,0,0,1,11,23,69,0,192,62,131,208,136,209,4,4,200,72,13,223,8,223,13,222,8,222,245,2,221,68,0,240,1,0,70,0,0,224,52
2026-08-03_14-39-02,1,34,5,0.0,0,0.0,-1,-1,0,112,245,12,74,224,224,0,0,0,0,0,246,52,79,224,0,0,0,0,0,8,200,0,0,0,0,0,0,0,72,70,72,212,0,0,0,0,0,0,0,0,0,0,0,0,0,0,1,3,1,3,0,0,0,0,0,155,0,99,64,0,0,64,0,0,0,0,7,64,0,0,0,230,224,0,0,0,0,0,0,198,224,198,198,166,224,224,224,0,0,0,1,11,23,69,0,192,62,131,208,136,209,4,4,200,72,13,223,8,223,13,222,8,222,245,2,221,68,0,240,1,0,70,0,0,224,52,0,15,82,10,72,224,224,0,0,0,0,0,248,54,81,224,0,0,0,0,0,8,200,0,0,0,0,0,0,0,72,70,72,212,0,0,0,0,0,0,0,0,0,0,0,0,0,0,1,3,1,3,0,0,0,0,0,159,0,65,64,0,0,64,0,0,0,0,3,64,0,0,0,230,224,0,0,0,0,0,0,198,224,198,198,166,224,224,224,0,0,0,1,11,21,69,0,192,62,131,208,136,209,4,4,200,72,15,223,6,223,15,222,6,222,5,2,221,68,0,240,1,0,70,0,0,224,52
2026-08-03_14-39-02,1,35,0,0.0,0,0.0,-1,-1,0,15,82,10,72,224,224,0,0,0,0,0,248,54,81,224,0,0,0,0,0,8,200,0,0,0,0,0,0,0,72,70,72,212,0,0,0,0,0,0,0,0,0,0,0,0,0,0,1,3,1,3,0,0,0,0,0,159,0,65,64,0,0,64,0,0,0,0,3,64,0,0,0,230,224,0,0,0,0,0,0,198,224,198,198,166,224,224,224,0,0,0,1,11,21,69,0,192,62,131,208,136,209,4,4,200,72,15,223,6,223,15,222,6,222,5,2,221,68,0,240,1,0,70,0,0,224,52,0,245,34,8,70,224,224,0,0,0,0,0,250,56,83,224,0,0,0,0,0,8,200,0,0,0,0,0,0,0,72,70,72,212,0,0,0,0,0,0,0,0,0,0,0,0,0,0,1,3,1,3,0,0,0,0,0,163,0,34,64,0,0,64,0,0,0,0,13,96,0,0,0,230,224,0,0,0,0,0,0,198,224,198,198,166,224,224,224,0,0,0,1,11,19,69,0,192,62,192,208,136,209,0,4,0,72,0,223,4,223,0,222,4,222,5,3,221,68,0,240,1,0,70,0,0,224,52
2026-08-03_14-39-02,1,36,0,0.0,0,0.0,-1,-1,0,245,34,8,70,224,224,0,0,0,0,0,250,56,83,224,0,0,0,0,0,8,200,0,0,0,0,0,0,0,72,70,72,212,0,0,0,0,0,0,0,0,0,0,0,0,0,0,1,3,1,3,0,0,0,0,0,163,0,34,64,0,0,64,0,0,0,0,13,96,0,0,0,230,224,0,0,0,0,0,0,198,224,198,198,166,224,224,224,0,0,0,1,11,19,69,0,192,62,192,208,136,209,0,4,0,72,0,223,4,223,0,222,4,222,5,3,221,68,0,240,1,0,70,0,0,224,52,0,82,35,6,68,224,224,0,0,0,0,0,252,58,85,224,0,0,0,0,0,248,184,0,0,0,0,0,0,0,56,54,56,212,0,0,0,0,0,0,0,0,0,0,0,0,0,0,1,3,1,3,0,0,0,0,0,167,0,115,64,0,0,64,0,0,0,0,9,96,0,0,0,230,224,0,0,0,0,0,0,198,224,198,198,166,224,224,224,0,0,0,1,11,17,69,0,192,62,192,208,136,209,0,4,0,56,0,223,2,223,0,222,2,222,13,3,221,68,0,240,1,0,70,0,0,224,52
2026-08-03_14-39-02,1,37,0,0.0,0,0.0,-1,-1,0,82,35,6,68,224,224,0,0,0,0,0,252,58,85,224,0,0,0,0,0,248,184,0,0,0,0,0,0,0,56,54,56,212,0,0,0,0,0,0,0,0,0,0,0,0,0,0,1,3,1,3,0,0,0,0,0,167,0,115,64,0,0,64,0,0,0,0,9,96,0,0,0,230,224,0,0,0,0,0,0,198,224,198,198,166,224,224,224,0,0,0,1,11,17,69,0,192,62,192,208,136,209,0,4,0,56,0,223,2,223,0,222,2,222,13,3,221,68,0,240,1,0,70,0,0,224,52,0,34,62,4,66,224,224,0,0,0,0,0,254,60,87,224,0,0,0,0,0,248,184,0,0,0,0,0,0,0,56,54,56,212,0,0,0,0,0,0,0,0,0,0,0,0,0,0,1,3,1,3,0,0,0,0,0,171,0,81,64,0,0,64,0,0,0,0,5,96,0,0,0,230,224,0,0,0,0,0,0,198,224,198,198,166,224,224,224,0,0,0,1,11,15,69,0,192,62,192,208,11,209,0,4,0,56,0,223,0,223,0,222,0,222,13,3,221,68,0,240,1,0,70,0,0,224,52
2026-08-03_14-39-02,1,38,0,0.0,0,0.0,-1,-1,0,34,62,4,66,224,224,0,0,0,0,0,254,60,87,224,0,0,0,0,0,248,184,0,0,0,0,0,0,0,56,54,56,212,0,0,0,0,0,0,0,0,0,0,0,0,0,0,1,3,1,3,0,0,0,0,0,171,0,81,64,0,0,64,0,0,0,0,5,96,0,0,0,230,224,0,0,0,0,0,0,198,224,198,198,166,224,224,224,0,0,0,1,11,15,69,0,192,62,192,208,11,209,0,4,0,56,0,223,0,223,0,222,0,222,13,3,221,68,0,240,1,0,70,0,0,224,52,0,35,236,2,64,224,224,0,0,0,0,0,0,62,224,224,0,0,0,0,0,248,184,0,0,0,0,0,0,0,56,54,56,212,0,0,0,0,0,0,0,0,0,0,0,0,0,0,1,3,1,3,0,0,0,0,0,175,0,50,64,0,0,64,0,0,0,0,1,96,0,0,0,230,224,0,0,0,0,0,0,198,224,198,198,166,224,224,224,0,0,0,1,10,13,69,0,192,62,192,208,207,209,0,4,0,56,0,223,0,223,0,222,0,222,13,3,221,68,0,240,1,0,70,0,0,224,52
2026-08-03_14-39-02,1,39,0,0.0,0,0.0,-1,-1,0,35,236,2,64,224,224,0,0,0,0,0,0,62,224,224,0,0,0,0,0,248,184,0,0,0,0,0,0,0,56,54,56,212,0,0,0,0,0,0,0,0,0,0,0,0,0,0,1,3,1,3,0,0,0,0,0,175,0,50,64,0,0,64,0,0,0,0,1,96,0,0,0,230,224,0,0,0,0,0,0,198,224,198,198,166,224,224,224,0,0,0,1,10,13,69,0,192,62,192,208,207,209,0,4,0,56,0,223,0,223,0,222,0,222,13,3,221,68,0,240,1,0,70,0,0,224,52,0,62,204,0,62,224,224,0,0,0,0,0,2,64,224,224,0,0,0,0,0,248,184,0,0,0,0,0,0,0,56,54,56,212,0,0,0,0,0,0,0,0,0,0,0,0,0,0,1,3,1,3,0,0,0,0,0,179,0,19,64,0,0,64,0,0,0,0,5,0,0,0,0,230,224,0,0,0,0,0,0,198,224,198,198,166,224,224,224,0,0,0,1,10,11,69,0,192,62,192,208,207,209,0,4,0,56,0,223,0,223,0,222,0,222,13,0,221,68,0,240,1,0,70,0,0,224,52
2026-08-03_14-39-02,1,40,0,0.0,0,0.0,-1,-1,0,62,204,0,62,224,224,0,0,0,0,0,2,64,224,224,0,0,0,0,0,248,184,0,0,0,0,0,0,0,56,54,56,212,0,0,0,0,0,0,0,0,0,0,0,0,0,0,1,3,1,3,0,0,0,0,0,179,0,19,64,0,0,64,0,0,0,0,5,0,0,0,0,230,224,0,0,0,0,0,0,198,224,198,198,166,224,224,224,0,0,0,1,10,11,69,0,192,62,192,208,207,209,0,4,0,56,0,223,0,223,0,222,0,222,13,0,221,68,0,240,1,0,70,0,0,224,52,0,236,200,254,60,87,224,0,0,0,0,0,4,66,224,224,0,0,0,0,0,232,168,232,0,0,0,0,0,0,40,38,56,212,0,0,0,0,0,0,0,0,0,0,0,0,0,0,1,3,1,3,0,0,0,0,0,183,0,97,64,0,0,64,0,0,0,0,1,0,0,0,0,230,224,0,0,0,0,0,0,198,224,198,198,166,224,224,224,0,0,0,2,10,9,69,0,192,62,131,208,207,209,4,4,232,56,0,223,0,223,0,222,0,222,13,0,221,68,0,240,1,0,70,0,0,224,54
2026-08-03_14-39-02,1,41,0,0.0,0,0.0,-1,-1,0,236,200,254,60,87,224,0,0,0,0,0,4,66,224,224,0,0,0,0,0,232,168,232,0,0,0,0,0,0,40,38,56,212,0,0,0,0,0,0,0,0,0,0,0,0,0,0,1,3,1,3,0,0,0,0,0,183,0,97,64,0,0,64,0,0,0,0,1,0,0,0,0,230,224,0,0,0,0,0,0,198,224,198,198,166,224,224,224,0,0,0,2,10,9,69,0,192,62,131,208,207,209,4,4,232,56,0,223,0,223,0,222,0,222,13,0,221,68,0,240,1,0,70,0,0,224,54,0,204,134,252,58,85,224,0,0,0,0,0,6,68,224,224,0,0,0,0,0,232,168,232,0,0,0,0,0,0,40,38,56,212,0,0,0,0,0,0,0,0,0,0,0,0,0,0,1,3,1,3,0,0,0,0,0,187,0,66,64,0,0,64,0,0,0,0,11,32,0,0,0,230,224,0,0,0,0,0,0,198,224,198,198,166,224,224,224,0,0,0,2,10,7,69,0,192,62,131,208,207,209,4,4,232,56,2,223,0,223,2,222,0,222,13,1,221,68,0,240,1,0,70,0,0,224,54
2026-08-03_14-39-02,1,42,0,0.0,0,0.0,-1,-1,0,204,134,252,58,85,224,0,0,0,0,0,6,68,224,224,0,0,0,0,0,232,168,232,0,0,0,0,0,0,40,38,56,212,0,0,0,0,0,0,0,0,0,0,0,0,0,0,1,3,1,3,0,0,0,0,0,187,0,66,64,0,0,64,0,0,0,0,11,32,0,0,0,230,224,0,0,0,0,0,0,198,224,198,198,166,224,224,224,0,0,0,2,10,7,69,0,192,62,131,208,207,209,4,4,232,56,2,223,0,223,2,222,0,222,13,1,221,68,0,240,1,0,70,0,0,224,54,0,200,106,250,56,83,224,0,0,0,0,0,8,70,224,224,0,0,0,0,0,232,168,232,0,0,0,0,0,0,40,38,56,212,0,0,0,0,0,0,0,0,0,0,0,0,0,0,1,3,1,3,0,0,0,0,0,191,0,35,64,0,0,64,0,0,0,0,7,32,0,0,0,230,224,0,0,0,0,0,0,198,224,198,198,166,224,224,224,0,0,0,2,10,5,69,0,192,62,131,208,207,209,4,4,232,56,4,223,0,223,4,222,0,222,5,1,221,68,0,240,1,0,70,0,0,224,180
2026-08-03_14-39-02,1,43,0,0.0,0,0.0,-1,-1,0,200,106,250,56,83,224,0,0,0,0,0,8,70,224,224,0,0,0,0,0,232,168,232,0,0,0,0,0,0,40,38,56,212,0,0,0,0,0,0,0,0,0,0,0,0,0,0,1,3,1,3,0,0,0,0,0,191,0,35,64,0,0,64,0,0,0,0,7,32,0,0,0,230,224,0,0,0,0,0,0,198,224,198,198,166,224,224,224,0,0,0,2,10,5,69,0,192,62,131,208,207,209,4,4,232,56,4,223,0,223,4,222,0,222,5,1,221,68,0,240,1,0,70,0,0,224,180,0,134,171,248,54,81,224,0,0,0,0,0,10,72,224,224,0,0,0,0,0,216,152,216,0,0,0,0,0,0,24,22,56,212,0,0,0,0,0,0,0,0,0,0,0,0,0,0,1,3,1,3,0,0,0,0,0,195,0,113,64,0,0,64,0,0,0,0,3,32,0,0,0,230,224,0,0,0,0,0,0,198,224,198,198,166,224,224,224,0,0,0,2,10,3,69,0,192,62,131,208,136,209,4,3,216,22,6,223,15,223,6,222,15,222,13,1,221,68,0,240,3,0,70,0,0,224,180
2026-08-03_14-39-02,1,44,2,0.0,0,0.0,-1,-1,0,134,171,248,54,81,224,0,0,0,0,0,10,72,224,224,0,0,0,0,0,216,152,216,0,0,0,0,0,0,24,22,56,212,0,0,0,0,0,0,0,0,0,0,0,0,0,0,1,3,1,3,0,0,0,0,0,195,0,113,64,0,0,64,0,0,0,0,3,32,0,0,0,230,224,0,0,0,0,0,0,198,224,198,198,166,224,224,224,0,0,0,2,10,3,69,0,192,62,131,208,136,209,4,3,216,22,6,223,15,223,6,222,15,222,13,1,221,68,0,240,3,0,70,0,0,224,180,0,106,177,246,52,79,224,0,0,0,0,0,12,74,224,224,0,0,0,0,0,216,152,216,0,0,0,0,0,0,24,22,56,212,0,0,0,0,0,0,0,0,0,0,0,0,0,0,1,3,1,3,0,0,0,0,0,199,0,82,64,0,0,64,0,0,0,0,7,64,0,0,0,230,224,0,0,0,0,0,0,198,224,198,198,166,224,224,224,0,0,0,2,10,1,69,0,192,62,131,208,136,209,4,3,216,22,8,223,13,223,8,222,13,222,13,2,221,68,0,240,3,0,70,0,0,224,52
2026-08-03_14-39-02,1,45,2,0.0,0,0.0,-1,-1,0,106,177,246,52,79,224,0,0,0,0,0,12,74,224,224,0,0,0,0,0,216,152,216,0,0,0,0,0,0,24,22,56,212,0,0,0,0,0,0,0,0,0,0,0,0,0,0,1,3,1,3,0,0,0,0,0,199,0,82,64,0,0,64,0,0,0,0,7,64,0,0,0,230,224,0,0,0,0,0,0,198,224,198,198,166,224,224,224,0,0,0,2,10,1,69,0,192,62,131,208,136,209,4,3,216,22,8,223,13,223,8,222,13,222,13,2,221,68,0,240,3,0,70,0,0,224,52,0,171,23,244,50,77,224,0,0,0,0,0,243,14,76,224,0,0,0,0,0,216,152,216,0,0,0,0,0,0,22,24,22,56,0,0,0,0,0,0,0,0,0,0,0,0,0,0,3,1,3,1,0,0,0,0,0,203,0,51,64,0,0,0,0,0,0,0,3,66,0,0,0,230,68,0,248,0,255,0,129,198,224,198,198,166,224,224,224,0,0,0,2,11,0,69,0,128,89,131,208,136,209,4,3,216,22,10,223,11,223,10,222,11,222,29,34,85,4,0,240,3,0,70,247,250,201,241
2026-08-03_14-39-02,1,46,2,0.0,0,0.0,-1,-1,0,171,23,244,50,77,224,0,0,0,0,0,243,14,76,224,0,0,0,0,0,216,152,216,0,0,0,0,0,0,22,24,22,56,0,0,0,0,0,0,0,0,0,0,0,0,0,0,3,1,3,1,0,0,0,0,0,203,0,51,64,0,0,0,0,0,0,0,3,66,0,0,0,230,68,0,248,0,255,0,129,198,224,198,198,166,224,224,224,0,0,0,2,11,0,69,0,128,89,131,208,136,209,4,3,216,22,10,223,11,223,10,222,11,222,29,34,85,4,0,240,3,0,70,247,250,201,241,0,177,127,242,48,75,224,0,0,0,0,0,245,16,78,224,0,0,0,0,0,216,152,216,0,0,0,0,0,0,22,24,22,56,0,0,0,0,0,0,0,0,0,0,0,0,0,0,3,1,3,1,0,0,0,0,0,207,0,17,64,0,0,0,0,0,0,0,13,98,0,0,0,230,68,0,208,0,254,0,131,198,224,198,198,166,224,224,224,0,0,0,2,11,0,69,0,128,89,131,208,136,209,4,3,216,22,12,223,9,223,12,222,9,222,29,35,85,4,0,240,3,0,70,247,250,201,241
2026-08-03_14-39-02,1,47,0,0.0,0,0.0,-1,-1,0,177,127,242,48,75,224,0,0,0,0,0,245,16,78,224,0,0,0,0,0,216,152,216,0,0,0,0,0,0,22,24,22,56,0,0,0,0,0,0,0,0,0,0,0,0,0,0,3,1,3,1,0,0,0,0,0,207,0,17,64,0,0,0,0,0,0,0,13,98,0,0,0,230,68,0,208,0,254,0,131,198,224,198,198,166,224,224,224,0,0,0,2,11,0,69,0,128,89,131,208,136,209,4,3,216,22,12,223,9,223,12,222,9,222,29,35,85,4,0,240,3,0,70,247,250,201,241,0,23,250,46,73,224,224,0,0,0,0,0,247,18,80,224,0,0,0,0,0,136,200,0,0,0,0,0,0,0,6,8,6,56,0,0,0,0,0,0,0,0,0,0,0,0,0,0,3,1,3,1,0,0,0,0,0,211,0,98,64,0,0,0,0,0,0,0,9,96,0,0,0,230,68,0,160,0,254,0,139,198,224,198,198,166,224,224,224,0,0,0,1,11,0,69,0,128,89,131,208,136,209,4,3,200,6,14,223,7,223,14,222,7,222,5,3,85,4,0,240,3,0,70,247,250,201,241
2026-08-03_14-39-02,1,48,2,0.0,0,0.0,-1,-1,0,23,250,46,73,224,224,0,0,0,0,0,247,18,80,224,0,0,0,0,0,136,200,0,0,0,0,0,0,0,6,8,6,56,0,0,0,0,0,0,0,0,0,0,0,0,0,0,3,1,3,1,0,0,0,0,0,211,0,98,64,0,0,0,0,0,0,0,9,96,0,0,0,230,68,0,160,0,254,0,139,198,224,198,198,166,224,224,224,0,0,0,1,11,0,69,0,128,89,131,208,136,209,4,3,200,6,14,223,7,223,14,222,7,222,5,3,85,4,0,240,3,0,70,247,250,201,241,0,127,167,44,71,224,224,0,0,0,0,0,249,20,82,224,0,0,0,0,0,136,200,0,0,0,0,0,0,0,6,8,6,56,0,0,0,0,0,0,0,0,0,0,0,0,0,0,3,1,3,1,0,0,0,0,0,215,0,67,64,0,0,0,0,0,0,0,5,98,0,0,0,230,68,0,105,0,254,0,16,198,224,198,198,166,224,224,224,0,0,0,1,11,0,69,0,128,89,192,208,136,209,0,3,0,6,15,223,5,223,15,222,1,0,0,35,85,4,200,91,3,0,70,43,251,201,241
2026-08-03_14-39-02,1,49,2,0.0,0,0.0,-1,-1,0,127,167,44,71,224,224,0,0,0,0,0,249,20,82,224,0,0,0,0,0,136,200,0,0,0,0,0,0,0,6,8,6,56,0,0,0,0,0,0,0,0,0,0,0,0,0,0,3,1,3,1,0,0,0,0,0,215,0,67,64,0,0,0,0,0,0,0,5,98,0,0,0,230,68,0,105,0,254,0,16,198,224,198,198,166,224,224,224,0,0,0,1,11,0,69,0,128,89,192,208,136,209,0,3,0,6,15,223,5,223,15,222,1,0,0,35,85,4,200,91,3,0,70,43,251,201,241,0,250,112,42,69,224,224,0,0,0,0,0,251,22,84,224,0,0,0,0,0,136,200,0,0,0,0,0,0,0,6,8,6,56,0,0,0,0,0,0,0,0,0,0,0,0,0,0,3,1,3,1,0,0,0,0,0,219,0,33,64,0,0,0,0,0,0,0,1,98,0,0,0,230,68,0,19,0,253,0,18,198,224,198,198,166,224,224,224,0,0,0,1,11,0,69,0,128,89,192,208,136,209,0,3,0,6,0,223,3,223,0,222,1,0,0,35,85,4,140,89,3,199,251,43,251,201,241
2026-08-03_14-39-02,1,50,0,0.0,0,0.0,-1,-1,0,250,112,42,69,224,224,0,0,0,0,0,251,22,84,224,0,0,0,0,0,136,200,0,0,0,0,0,0,0,6,8,6,56,0,0,0,0,0,0,0,0,0,0,0,0,0,0,3,1,3,1,0,0,0,0,0,219,0,33,64,0,0,0,0,0,0,0,1,98,0,0,0,230,68,0,19,0,253,0,18,198,224,198,198,166,224,224,224,0,0,0,1,11,0,69,0,128,89,192,208,136,209,0,3,0,6,0,223,3,223,0,222,1,0,0,35,85,4,140,89,3,199,251,43,251,201,241,0,167,1,40,67,224,224,0,0,0,0,0,253,24,86,224,0,0,0,0,0,106,184,0,0,0,0,0,0,0,246,248,246,56,0,0,0,0,0,0,0,0,0,0,0,0,0,0,3,1,3,1,0,0,0,0,0,223,0,114,64,0,0,0,0,0,0,0,5,0,0,0,0,230,67,0,165,0,252,0,155,198,224,198,198,166,224,224,224,0,0,0,1,11,0,69,0,128,88,192,208,136,209,0,3,0,246,0,223,1,223,0,222,1,0,0,0,84,4,141,87,3,199,251,43,251,201,241
2026-08-03_14-39-02,1,51,0,0.0,0,0.0,-1,-1,0,167,1,40,67,224,224,0,0,0,0,0,253,24,86,224,0,0,0,0,0,106,184,0,0,0,0,0,0,0,246,248,246,56,0,0,0,0,0,0,0,0,0,0,0,0,0,0,3,1,3,1,0,0,0,0,0,223,0,114,64,0,0,0,0,0,0,0,5,0,0,0,0,230,67,0,165,0,252,0,155,198,224,198,198,166,224,224,224,0,0,0,1,11,0,69,0,128,88,192,208,136,209,0,3,0,246,0,223,1,223,0,222,1,0,0,0,84,4,141,87,3,199,251,43,251,201,241,0,112,29,38,65,224,224,0,0,0,0,0,255,26,88,224,0,0,0,0,0,106,184,0,0,0,0,0,0,0,246,248,246,56,0,0,0,0,0,0,0,0,0,0,0,0,0,0,3,1,3,1,0,0,0,0,0,227,0,83,64,0,0,0,0,0,0,0,1,0,0,0,0,230,67,0,57,0,252,0,171,198,224,198,198,166,224,224,224,0,0,0,1,11,0,69,0,128,88,192,208,11,209,0,3,0,246,0,223,0,223,0,222,1,0,0,0,84,4,141,85,3,199,251,43,251,201,241
2026-08-03_14-39-02,1,52,0,0.0,0,0.0,-1,-1,0,112,29,38,65,224,224,0,0,0,0,0,255,26,88,224,0,0,0,0,0,106,184,0,0,0,0,0,0,0,246,248,246,56,0,0,0,0,0,0,0,0,0,0,0,0,0,0,3,1,3,1,0,0,0,0,0,227,0,83,64,0,0,0,0,0,0,0,1,0,0,0,0,230,67,0,57,0,252,0,171,198,224,198,198,166,224,224,224,0,0,0,1,11,0,69,0,128,88,192,208,11,209,0,3,0,246,0,223,0,223,0,222,1,0,0,0,84,4,141,85,3,199,251,43,251,201,241,0,1,210,36,63,224,224,0,0,0,0,0,1,28,224,224,0,0,0,0,0,106,184,0,0,0,0,0,0,0,246,248,246,56,0,0,0,0,0,0,0,0,0,0,0,0,0,0,3,1,3,1,0,0,0,0,0,231,0,49,64,0,0,0,0,0,0,0,11,32,0,0,0,230,66,0,207,0,252,0,187,198,224,198,198,166,224,224,224,0,0,0,1,10,0,69,0,128,87,192,208,207,209,0,3,0,246,0,223,0,223,0,222,1,0,0,1,83,4,141,83,3,199,251,43,251,201,241
2026-08-03_14-39-02,1,53,0,0.0,0,0.0,-1,-1,0,1,210,36,63,224,224,0,0,0,0,0,1,28,224,224,0,0,0,0,0,106,184,0,0,0,0,0,0,0,246,248,246,56,0,0,0,0,0,0,0,0,0,0,0,0,0,0,3,1,3,1,0,0,0,0,0,231,0,49,64,0,0,0,0,0,0,0,11,32,0,0,0,230,66,0,207,0,252,0,187,198,224,198,198,166,224,224,224,0,0,0,1,10,0,69,0,128,87,192,208,207,209,0,3,0,246,0,223,0,223,0,222,1,0,0,1,83,4,141,83,3,199,251,43,251,201,241,0,29,32,34,61,224,224,0,0,0,0,0,3,30,224,224,0,0,0,0,0,106,184,0,0,0,0,0,0,0,246,248,246,56,0,0,0,0,0,0,0,0,0,0,0,0,0,0,3,1,3,1,0,0,0,0,0,235,0,18,64,0,0,0,0,0,0,0,7,32,0,0,0,230,66,0,103,0,252,0,203,198,224,198,198,166,224,224,224,0,0,0,1,10,0,69,0,128,87,192,208,207,209,0,3,0,246,0,223,0,223,0,222,1,0,0,1,83,4,141,81,3,199,251,43,251,201,241
2026-08-03_14-39-02,1,54,0,0.0,0,0.0,-1,-1,0,29,32,34,61,224,224,0,0,0,0,0,3,30,224,224,0,0,0,0,0,106,184,0,0,0,0,0,0,0,246,248,246,56,0,0,0,0,0,0,0,0,0,0,0,0,0,0,3,1,3,1,0,0,0,0,0,235,0,18,64,0,0,0,0,0,0,0,7,32,0,0,0,230,66,0,103,0,252,0,203,198,224,198,198,166,224,224,224,0,0,0,1,10,0,69,0,128,87,192,208,207,209,0,3,0,246,0,223,0,223,0,222,1,0,0,1,83,4,141,81,3,199,251,43,251,201,241,0,210,4,32,59,224,224,0,0,0,0,0,5,32,224,224,0,0,0,0,0,90,168,0,0,0,0,0,0,0,230,232,246,56,0,0,0,0,0,0,0,0,0,0,0,0,0,0,3,1,3,1,0,0,0,0,0,239,0,99,64,0,0,0,0,0,0,0,3,32,0,0,0,230,66,0,1,0,252,0,219,198,224,198,198,166,224,224,224,0,0,0,1,10,0,69,0,128,87,192,208,207,209,0,3,0,246,0,223,0,223,0,222,1,0,0,1,83,4,142,79,3,199,251,43,251,201,241
2026-08-03_14-39-02,1,55,0,0.0,0,0.0,-1,-1,0,210,4,32,59,224,224,0,0,0,0,0,5,32,224,224,0,0,0,0,0,90,168,0,0,0,0,0,0,0,230,232,246,56,0,0,0,0,0,0,0,0,0,0,0,0,0,0,3,1,3,1,0,0,0,0,0,239,0,99,64,0,0,0,0,0,0,0,3,32,0,0,0,230,66,0,1,0,252,0,219,198,224,198,198,166,224,224,224,0,0,0,1,10,0,69,0,128,87,192,208,207,209,0,3,0,246,0,223,0,223,0,222,1,0,0,1,83,4,142,79,3,199,251,43,251,201,241,0,32,78,30,57,224,224,0,0,0,0,0,7,34,224,224,0,0,0,0,0,90,168,0,0,0,0,0,0,0,230,232,246,56,0,0,0,0,0,0,0,0,0,0,0,0,0,0,3,1,3,1,0,0,0,0,0,243,0,65,64,0,0,0,0,0,0,0,7,66,0,0,0,230,65,0,149,0,252,0,100,198,224,198,198,166,224,224,224,0,0,0,1,10,0,69,0,128,86,192,208,207,209,0,3,0,246,0,223,0,223,0,222,1,0,0,34,82,4,142,77,3,199,251,43,251,201,241
2026-08-03_14-39-02,1,56,2,0.0,0,0.0,-1,-1,0,32,78,30,57,224,224,0,0,0,0,0,7,34,224,224,0,0,0,0,0,90,168,0,0,0,0,0,0,0,230,232,246,56,0,0,0,0,0,0,0,0,0,0,0,0,0,0,3,1,3,1,0,0,0,0,0,243,0,65,64,0,0,0,0,0,0,0,7,66,0,0,0,230,65,0,149,0,252,0,100,198,224,198,198,166,224,224,224,0,0,0,1,10,0,69,0,128,86,192,208,207,209,0,3,0,246,0,223,0,223,0,222,1,0,0,34,82,4,142,77,3,199,251,43,251,201,241,0,4,236,28,55,224,224,0,0,0,0,0,9,36,224,224,0,0,0,0,0,90,168,0,0,0,0,0,0,0,230,232,246,56,0,0,0,0,0,0,0,0,0,0,0,0,0,0,3,1,3,1,0,0,0,0,0,247,0,34,64,0,0,0,0,0,0,0,3,66,0,0,0,230,65,0,9,0,251,0,102,198,224,198,198,166,224,224,224,0,0,0,1,10,0,69,0,128,86,192,208,207,209,0,3,0,246,0,223,0,223,0,222,1,0,0,34,82,4,142,75,3,199,251,43,251,201,241
2026-08-03_14-39-02,1,57,2,0.0,0,0.0,-1,-1,0,4,236,28,55,224,224,0,0,0,0,0,9,36,224,224,0,0,0,0,0,90,168,0,0,0,0,0,0,0,230,232,246,56,0,0,0,0,0,0,0,0,0,0,0,0,0,0,3,1,3,1,0,0,0,0,0,247,0,34,64,0,0,0,0,0,0,0,3,66,0,0,0,230,65,0,9,0,251,0,102,198,224,198,198,166,224,224,224,0,0,0,1,10,0,69,0,128,86,192,208,207,209,0,3,0,246,0,223,0,223,0,222,1,0,0,34,82,4,142,75,3,199,251,43,251,201,241,0,78,193,26,53,224,224,0,0,0,0,0,11,38,224,224,0,0,0,0,0,74,152,0,0,0,0,0,0,0,214,216,246,56,0,0,0,0,0,0,0,0,0,0,0,0,0,0,3,1,3,1,0,0,0,0,0,251,0,115,64,0,0,0,0,0,0,0,13,98,0,0,0,230,64,0,93,0,250,0,104,198,224,198,198,166,224,224,224,0,0,0,1,10,0,69,0,128,85,192,208,207,209,0,3,0,246,0,223,0,223,0,222,1,0,0,35,81,4,143,73,3,199,251,43,251,201,241
2026-08-03_14-39-02,1,58,0,0.0,0,0.0,-1,-1,0,78,193,26,53,224,224,0,0,0,0,0,11,38,224,224,0,0,0,0,0,74,152,0,0,0,0,0,0,0,214,216,246,56,0,0,0,0,0,0,0,0,0,0,0,0,0,0,3,1,3,1,0,0,0,0,0,251,0,115,64,0,0,0,0,0,0,0,13,98,0,0,0,230,64,0,93,0,250,0,104,198,224,198,198,166,224,224,224,0,0,0,1,10,0,69,0,128,85,192,208,207,209,0,3,0,246,0,223,0,223,0,222,1,0,0,35,81,4,143,73,3,199,251,43,251,201,241,0,236,26,24,51,224,224,0,0,0,0,0,13,40,224,224,0,0,0,0,0,74,152,0,0,0,0,0,0,0,214,216,246,56,0,0,0,0,0,0,0,0,0,0,0,0,0,0,3,1,3,1,0,0,0,0,0,255,0,81,64,0,0,0,0,0,0,0,9,96,0,0,0,230,63,0,172,0,250,0,128,198,224,198,198,166,224,224,224,0,0,0,1,10,0,69,0,128,84,192,208,207,209,0,3,0,246,0,223,0,223,0,222,1,0,0,3,80,4,143,71,3,199,251,43,251,201,241
2026-08-03_14-39-02,1,59,2,0.0,0,0.0,-1,-1,0,236,26,24,51,224,224,0,0,0,0,0,13,40,224,224,0,0,0,0,0,74,152,0,0,0,0,0,0,0,214,216,246,56,0,0,0,0,0,0,0,0,0,0,0,0,0,0,3,1,3,1,0,0,0,0,0,255,0,81,64,0,0,0,0,0,0,0,9,96,0,0,0,230,63,0,172,0,250,0,128,198,224,198,198,166,224,224,224,0,0,0,1,10,0,69,0,128,84,192,208,207,209,0,3,0,246,0,223,0,223,0,222,1,0,0,3,80,4,143,71,3,199,251,43,251,201,241,0,193,166,22,49,224,224,0,0,0,0,0,15,42,224,224,0,0,0,0,0,74,152,0,0,0,0,0,0,0,214,216,246,56,0,0,0,0,0,0,0,0,0,0,0,0,0,0,3,1,3,1,0,0,0,0,0,3,1,50,64,0,0,0,0,0,0,0,5,98,0,0,0,230,62,0,244,0,250,0,13,198,224,198,198,166,224,224,224,0,0,0,1,10,0,69,0,128,83,192,208,207,209,0,3,0,246,0,223,0,223,0,222,1,0,0,35,79,4,143,69,3,199,251,43,251,201,241
2026-08-03_14-39-02,1,60,2,0.0,0,0.0,-1,-1,0,193,166,22,49,224,224,0,0,0,0,0,15,42,224,224,0,0,0,0,0,74,152,0,0,0,0,0,0,0,214,216,246,56,0,0,0,0,0,0,0,0,0,0,0,0,0,0,3,1,3,1,0,0,0,0,0,3,1,50,64,0,0,0,0,0,0,0,5,98,0,0,0,230,62,0,244,0,250,0,13,198,224,198,198,166,224,224,224,0,0,0,1,10,0,69,0,128,83,192,208,207,209,0,3,0,246,0,223,0,223,0,222,1,0,0,35,79,4,143,69,3,199,251,43,251,201,241,0,26,104,20,47,224,224,0,0,0,0,0,17,44,224,224,0,0,0,0,0,74,152,0,0,0,0,0,0,0,214,216,246,56,0,0,0,0,0,0,0,0,0,0,0,0,0,0,3,1,3,1,0,0,0,0,0,7,1,19,64,0,0,0,0,0,0,0,1,98,0,0,0,230,62,0,28,0,249,0,15,198,224,198,198,166,224,224,224,0,0,0,1,10,0,69,0,128,83,192,208,207,209,0,3,0,246,0,223,0,223,0,222,1,0,0,35,79,4,143,67,3,199,251,43,251,201,241
2026-08-03_14-39-02,1,61,2,0.0,0,0.0,-1,-1,0,26,104,20,47,224,224,0,0,0,0,0,17,44,224,224,0,0,0,0,0,74,152,0,0,0,0,0,0,0,214,216,246,56,0,0,0,0,0,0,0,0,0,0,0,0,0,0,3,1,3,1,0,0,0,0,0,7,1,19,64,0,0,0,0,0,0,0,1,98,0,0,0,230,62,0,28,0,249,0,15,198,224,198,198,166,224,224,224,0,0,0,1,10,0,69,0,128,83,192,208,207,209,0,3,0,246,0,223,0,223,0,222,1,0,0,35,79,4,143,67,3,199,251,43,251,201,241,0,166,133,18,45,224,224,0,0,0,0,0,19,46,224,224,0,0,0,0,0,58,136,0,0,0,0,0,0,0,198,200,246,56,0,0,0,0,0,0,0,0,0,0,0,0,0,0,3,1,3,1,0,0,0,0,0,11,1,97,64,0,0,0,0,0,0,0,5,0,0,0,0,230,61,0,47,0,248,0,160,198,224,198,198,166,224,224,224,0,0,0,1,10,0,69,0,128,82,192,208,207,209,0,3,0,246,0,223,0,223,0,222,10,0,0,0,78,4,140,66,3,199,251,123,251,201,241
2026-08-03_14-39-02,1,62,0,0.0,0,0.0,-1,-1,0,166,133,18,45,224,224,0,0,0,0,0,19,46,224,224,0,0,0,0,0,58,136,0,0,0,0,0,0,0,198,200,246,56,0,0,0,0,0,0,0,0,0,0,0,0,0,0,3,1,3,1,0,0,0,0,0,11,1,97,64,0,0,0,0,0,0,0,5,0,0,0,0,230,61,0,47,0,248,0,160,198,224,198,198,166,224,224,224,0,0,0,1,10,0,69,0,128,82,192,208,207,209,0,3,0,246,0,223,0,223,0,222,10,0,0,0,78,4,140,66,3,199,251,123,251,201,241,0,104,93,16,43,224,224,0,0,0,0,0,21,48,224,224,0,0,0,0,0,58,136,0,0,0,0,0,0,0,198,200,246,56,0,0,0,0,0,0,0,0,0,0,0,0,0,0,3,1,3,1,0,0,0,0,0,15,1,66,64,0,0,0,0,0,0,0,1,0,0,0,0,230,60,0,70,0,248,0,192,198,224,198,198,166,224,224,224,0,0,0,1,10,0,69,0,128,81,192,208,207,209,0,3,0,246,0,223,0,223,0,222,10,0,0,0,77,4,140,68,3,199,251,123,251,201,241
2026-08-03_14-39-02,1,63,2,0.0,0,0.0,-1,-1,0,104,93,16,43,224,224,0,0,0,0,0,21,48,224,224,0,0,0,0,0,58,136,0,0,0,0,0,0,0,198,200,246,56,0,0,0,0,0,0,0,0,0,0,0,0,0,0,3,1,3,1,0,0,0,0,0,15,1,66,64,0,0,0,0,0,0,0,1,0,0,0,0,230,60,0,70,0,248,0,192,198,224,198,198,166,224,224,224,0,0,0,1,10,0,69,0,128,81,192,208,207,209,0,3,0,246,0,223,0,223,0,222,10,0,0,0,77,4,140,68,3,199,251,123,251,201,241,0,133,215,14,41,224,224,0,0,0,0,0,23,50,224,224,0,0,0,0,0,58,136,0,0,0,0,0,0,0,198,200,246,56,0,0,0,0,0,0,0,0,0,0,0,0,0,0,3,1,3,1,0,0,0,0,0,19,1,35,64,0,0,0,0,0,0,0,10,34,0,0,0,230,59,0,70,0,247,0,194,198,224,198,198,166,224,224,224,0,0,0,1,10,0,69,0,128,80,192,208,207,209,0,3,0,246,0,223,0,223,0,222,10,0,0,33,76,4,140,70,3,199,251,123,251,201,241
2026-08-03_14-39-02,1,64,2,0.0,0,0.0,-1,-1,0,133,215,14,41,224,224,0,0,0,0,0,23,50,224,224,0,0,0,0,0,58,136,0,0,0,0,0,0,0,198,200,246,56,0,0,0,0,0,0,0,0,0,0,0,0,0,0,3,1,3,1,0,0,0,0,0,19,1,35,64,0,0,0,0,0,0,0,10,34,0,0,0,230,59,0,70,0,247,0,194,198,224,198,198,166,224,224,224,0,0,0,1,10,0,69,0,128,80,192,208,207,209,0,3,0,246,0,223,0,223,0,222,10,0,0,33,76,4,140,70,3,199,251,123,251,201,241,0,93,113,12,39,224,224,0,0,0,0,0,25,52,224,224,0,0,0,0,0,42,106,0,0,0,0,0,0,0,182,184,246,56,0,0,0,0,0,0,0,0,0,0,0,0,0,0,3,1,3,1,0,0,0,0,0,23,1,113,64,0,0,0,0,0,0,0,6,32,0,0,0,230,58,0,47,0,247,0,85,198,224,198,198,166,224,224,224,0,0,0,1,10,0,69,0,128,79,192,208,207,209,0,3,0,246,0,223,0,223,0,222,10,0,0,1,75,4,141,72,3,199,251,123,251,201,241
2026-08-03_14-39-02,1,65,0,0.0,0,0.0,-1,-1,0,93,113,12,39,224,224,0,0,0,0,0,25,52,224,224,0,0,0,0,0,42,106,0,0,0,0,0,0,0,182,184,246,56,0,0,0,0,0,0,0,0,0,0,0,0,0,0,3,1,3,1,0,0,0,0,0,23,1,113,64,0,0,0,0,0,0,0,6,32,0,0,0,230,58,0,47,0,247,0,85,198,224,198,198,166,224,224,224,0,0,0,1,10,0,69,0,128,79,192,208,207,209,0,3,0,246,0,223,0,223,0,222,10,0,0,1,75,4,141,72,3,199,251,123,251,201,241,0,215,28,10,37,224,224,0,0,0,0,0,27,54,224,224,0,0,0,0,0,42,106,0,0,0,0,0,0,0,182,184,246,56,0,0,0,0,0,0,0,0,0,0,0,0,0,0,3,1,3,1,0,0,0,0,0,27,1,82,64,0,0,0,0,0,0,0,2,32,0,0,0,230,57,0,28,0,247,0,121,198,224,198,198,166,224,224,224,0,0,0,1,10,0,69,0,128,78,192,208,207,209,0,3,0,246,0,223,0,223,0,222,10,0,0,1,74,4,141,74,3,199,251,123,251,201,241
2026-08-03_14-39-02,1,66,0,0.0,0,0.0,-1,-1,0,215,28,10,37,224,224,0,0,0,0,0,27,54,224,224,0,0,0,0,0,42,106,0,0,0,0,0,0,0,182,184,246,56,0,0,0,0,0,0,0,0,0,0,0,0,0,0,3,1,3,1,0,0,0,0,0,27,1,82,64,0,0,0,0,0,0,0,2,32,0,0,0,230,57,0,28,0,247,0,121,198,224,198,198,166,224,224,224,0,0,0,1,10,0,69,0,128,78,192,208,207,209,0,3,0,246,0,223,0,223,0,222,10,0,0,1,74,4,141,74,3,199,251,123,251,201,241,0,113,207,8,35,224,224,0,0,0,0,0,29,56,224,224,0,0,0,0,0,42,106,0,0,0,0,0,0,0,182,184,246,56,0,0,0,0,0,0,0,0,0,0,0,0,0,0,3,1,3,1,0,0,0,0,0,31,1,51,64,0,0,0,0,0,0,0,6,64,0,0,0,230,56,0,13,0,247,0,157,198,224,198,198,166,224,224,224,0,0,0,1,10,0,69,0,128,77,192,208,207,209,0,3,0,246,0,223,0,223,0,222,10,0,0,2,73,4,141,76,3,199,251,123,251,201,241
2026-08-03_14-39-02,1,67,0,0.0,0,0.0,-1,-1,0,113,207,8,35,224,224,0,0,0,0,0,29,56,224,224,0,0,0,0,0,42,106,0,0,0,0,0,0,0,182,184,246,56,0,0,0,0,0,0,0,0,0,0,0,0,0,0,3,1,3,1,0,0,0,0,0,31,1,51,64,0,0,0,0,0,0,0,6,64,0,0,0,230,56,0,13,0,247,0,157,198,224,198,198,166,224,224,224,0,0,0,1,10,0,69,0,128,77,192,208,207,209,0,3,0,246,0,223,0,223,0,222,10,0,0,2,73,4,141,76,3,199,251,123,251,201,241,0,28,242,6,33,224,224,0,0,0,0,0,31,58,224,224,0,0,0,0,0,42,106,0,0,0,0,0,0,0,182,184,246,56,0,0,0,0,0,0,0,0,0,0,0,0,0,0,3,1,3,1,0,0,0,0,0,35,1,17,64,0,0,0,0,0,0,0,2,64,0,0,0,230,55,0,3,0,247,0,193,198,224,198,198,166,224,224,224,0,0,0,1,10,0,69,0,128,76,192,208,207,209,0,3,0,246,0,223,0,223,0,222,10,0,0,2,72,4,184,78,3,0,70,123,251,201,241
2026-08-03_14-39-02,1,68,0,0.0,0,0.0,-1,-1,0,28,242,6,33,224,224,0,0,0,0,0,31,58,224,224,0,0,0,0,0,42,106,0,0,0,0,0,0,0,182,184,246,56,0,0,0,0,0,0,0,0,0,0,0,0,0,0,3,1,3,1,0,0,0,0,0,35,1,17,64,0,0,0,0,0,0,0,2,64,0,0,0,230,55,0,3,0,247,0,193,198,224,198,198,166,224,224,224,0,0,0,1,10,0,69,0,128,76,192,208,207,209,0,3,0,246,0,223,0,223,0,222,10,0,0,2,72,4,184,78,3,0,70,123,251,201,241,0,207,36,4,31,224,224,0,0,0,0,0,33,60,224,224,0,0,0,0,0,26,90,0,0,0,0,0,0,0,166,168,246,56,0,0,0,0,0,0,0,0,0,0,0,0,0,0,3,1,3,1,0,0,0,0,0,39,1,98,64,0,0,0,0,0,0,0,11,96,0,0,0,230,53,0,254,0,247,0,229,198,224,198,198,166,224,224,224,0,0,0,1,10,0,69,0,128,74,192,208,207,209,0,3,0,246,0,223,0,223,0,222,0,222,13,3,70,4,0,240,3,0,70,247,250,201,241
2026-08-03_14-39-02,1,69,0,0.0,0,0.0,-1,-1,0,207,36,4,31,224,224,0,0,0,0,0,33,60,224,224,0,0,0,0,0,26,90,0,0,0,0,0,0,0,166,168,246,56,0,0,0,0,0,0,0,0,0,0,0,0,0,0,3,1,3,1,0,0,0,0,0,39,1,98,64,0,0,0,0,0,0,0,11,96,0,0,0,230,53,0,254,0,247,0,229,198,224,198,198,166,224,224,224,0,0,0,1,10,0,69,0,128,74,192,208,207,209,0,3,0,246,0,223,0,223,0,222,0,222,13,3,70,4,0,240,3,0,70,247,250,201,241,0,242,74,2,29,224,224,0,0,0,0,0,35,62,224,224,0,0,0,0,0,26,90,0,0,0,0,0,0,0,166,168,246,56,0,0,0,0,0,0,0,0,0,0,0,0,0,0,3,1,3,1,0,0,0,0,0,43,1,67,64,0,0,0,0,0,0,0,7,96,0,0,0,230,52,0,253,0,248,0,9,198,224,198,198,166,224,224,224,0,0,0,1,10,0,69,0,128,73,192,208,207,209,0,3,0,246,0,223,0,223,0,222,0,222,13,3,69,4,0,240,3,0,70,247,250,201,241
2026-08-03_14-39-02,1,70,0,20.0,0,20.0,-1,-1,0,242,74,2,29,224,224,0,0,0,0,0,35,62,224,224,0,0,0,0,0,26,90,0,0,0,0,0,0,0,166,168,246,56,0,0,0,0,0,0,0,0,0,0,0,0,0,0,3,1,3,1,0,0,0,0,0,43,1,67,64,0,0,0,0,0,0,0,7,96,0,0,0,230,52,0,253,0,248,0,9,198,224,198,198,166,224,224,224,0,0,0,1,10,0,69,0,128,73,192,208,207,209,0,3,0,246,0,223,0,223,0,222,0,222,13,3,69,4,0,240,3,0,70,247,250,201,241,0,36,162,0,27,224,224,0,0,0,0,0,37,64,224,224,0,0,0,0,0,26,90,0,0,0,0,0,0,0,166,168,246,56,0,0,0,0,0,0,0,0,0,0,0,0,0,0,71,1,3,1,0,0,0,0,0,47,1,33,64,0,2,0,0,0,71,15,3,97,0,0,2,230,52,0,0,0,248,0,41,198,224,198,198,166,224,224,224,0,0,0,1,10,128,69,0,128,73,192,208,207,209,0,3,0,246,0,223,0,223,0,222,9,0,0,19,69,4,127,57,3,199,251,123,251,201,241
2026-08-03_14-39-02,1,71,0,0.0,0,20.0,-1,-1,0,36,162,0,27,224,224,0,0,0,0,0,37,64,224,224,0,0,0,0,0,26,90,0,0,0,0,0,0,0,166,168,246,56,0,0,0,0,0,0,0,0,0,0,0,0,0,0,71,1,3,1,0,0,0,0,0,47,1,33,64,0,2,0,0,0,71,15,3,97,0,0,2,230,52,0,0,0,248,0,41,198,224,198,198,166,224,224,224,0,0,0,1,10,128,69,0,128,73,192,208,207,209,0,3,0,246,0,223,0,223,0,222,9,0,0,19,69,4,127,57,3,199,251,123,251,201,241,0,40,182,254,25,87,224,0,0,0,0,0,39,49,66,224,0,0,0,0,0,10,74,10,0,0,0,0,0,0,182,150,152,246,0,0,0,0,0,0,0,0,0,0,0,0,0,0,171,38,1,3,0,0,0,0,0,51,1,114,64,0,2,0,0,0,0,13,7,1,0,0,2,230,52,0,0,0,248,0,41,198,224,198,198,166,224,224,224,0,0,0,2,11,130,69,0,192,73,131,208,207,209,5,3,10,246,0,223,0,223,0,222,0,222,13,16,221,24,0,240,3,0,70,0,0,238,54
2026-08-03_14-39-02,1,72,0,0.0,0,20.0,-1,-1,0,40,182,254,25,87,224,0,0,0,0,0,39,49,66,224,0,0,0,0,0,10,74,10,0,0,0,0,0,0,182,150,152,246,0,0,0,0,0,0,0,0,0,0,0,0,0,0,171,38,1,3,0,0,0,0,0,51,1,114,64,0,2,0,0,0,0,13,7,1,0,0,2,230,52,0,0,0,248,0,41,198,224,198,198,166,224,224,224,0,0,0,2,11,130,69,0,192,73,131,208,207,209,5,3,10,246,0,223,0,223,0,222,0,222,13,16,221,24,0,240,3,0,70,0,0,238,54,0,139,111,252,23,85,224,0,0,0,0,0,41,51,68,224,0,0,0,0,0,10,74,10,0,0,0,0,0,0,182,150,152,246,0,0,0,0,0,0,0,0,0,0,0,0,0,0,171,38,1,3,0,0,0,0,0,55,1,83,64,0,2,0,0,0,0,11,3,1,0,0,2,230,52,0,0,0,248,0,41,198,224,198,198,166,224,224,224,0,0,0,2,11,132,69,0,192,73,131,208,207,209,5,3,10,246,2,223,0,223,2,222,0,222,13,16,221,24,0,240,3,0,70,0,0,238,54
2026-08-03_14-39-02,1,73,0,0.0,0,20.0,-1,-1,0,139,111,252,23,85,224,0,0,0,0,0,41,51,68,224,0,0,0,0,0,10,74,10,0,0,0,0,0,0,182,150,152,246,0,0,0,0,0,0,0,0,0,0,0,0,0,0,171,38,1,3,0,0,0,0,0,55,1,83,64,0,2,0,0,0,0,11,3,1,0,0,2,230,52,0,0,0,248,0,41,198,224,198,198,166,224,224,224,0,0,0,2,11,132,69,0,192,73,131,208,207,209,5,3,10,246,2,223,0,223,2,222,0,222,13,16,221,24,0,240,3,0,70,0,0,238,54,0,182,243,250,21,83,224,0,0,0,0,0,43,53,70,224,0,0,0,0,0,10,74,10,0,0,0,0,0,0,182,150,152,246,0,0,0,0,0,0,0,0,0,0,0,0,0,0,171,38,1,3,0,0,0,0,0,59,1,49,48,0,2,0,0,0,0,9,12,33,0,0,2,29,224,0,0,0,248,0,41,198,224,253,253,166,224,224,224,0,0,0,2,11,63,41,0,192,73,131,208,207,209,5,3,10,246,4,223,0,223,4,222,0,222,5,17,221,24,0,240,3,0,65,0,0,238,180
2026-08-03_14-39-02,1,74,0,0.0,0,20.0,-1,-1,0,182,243,250,21,83,224,0,0,0,0,0,43,53,70,224,0,0,0,0,0,10,74,10,0,0,0,0,0,0,182,150,152,246,0,0,0,0,0,0,0,0,0,0,0,0,0,0,171,38,1,3,0,0,0,0,0,59,1,49,48,0,2,0,0,0,0,9,12,33,0,0,2,29,224,0,0,0,248,0,41,198,224,253,253,166,224,224,224,0,0,0,2,11,63,41,0,192,73,131,208,207,209,5,3,10,246,4,223,0,223,4,222,0,222,5,17,221,24,0,240,3,0,65,0,0,238,180,0,111,59,248,19,81,224,0,0,0,0,0,45,55,72,224,0,0,0,0,0,10,74,10,0,0,0,0,0,0,182,150,152,246,0,0,0,0,0,0,0,0,0,0,0,0,0,0,171,38,1,3,0,0,0,0,0,63,1,18,48,0,2,0,0,0,0,7,8,33,0,0,2,29,224,0,0,0,248,0,41,198,224,253,253,166,224,224,224,0,0,0,2,11,61,41,0,192,73,131,208,136,209,5,4,10,152,6,223,15,223,6,222,15,222,13,17,221,24,0,240,1,0,65,0,0,238,180
2026-08-03_14-39-02,1,75,0,0.0,0,20.0,-1,-1,0,111,59,248,19,81,224,0,0,0,0,0,45,55,72,224,0,0,0,0,0,10,74,10,0,0,0,0,0,0,182,150,152,246,0,0,0,0,0,0,0,0,0,0,0,0,0,0,171,38,1,3,0,0,0,0,0,63,1,18,48,0,2,0,0,0,0,7,8,33,0,0,2,29,224,0,0,0,248,0,41,198,224,253,253,166,224,224,224,0,0,0,2,11,61,41,0,192,73,131,208,136,209,5,4,10,152,6,223,15,223,6,222,15,222,13,17,221,24,0,240,1,0,65,0,0,238,180,0,243,182,246,17,79,224,0,0,0,0,0,47,57,74,224,0,0,0,0,0,250,58,250,0,0,0,0,0,0,198,134,136,246,0,0,0,0,0,0,0,0,0,0,0,0,0,0,171,38,1,3,0,0,0,0,0,67,1,99,48,0,2,0,0,0,0,5,4,33,0,0,2,29,224,0,0,0,248,0,41,198,224,253,253,166,224,224,224,0,0,0,2,11,59,41,0,192,73,131,208,136,209,5,4,250,136,8,223,13,223,8,222,13,222,13,17,221,24,0,240,1,0,65,0,0,238,52
2026-08-03_14-39-02,1,76,0,0.0,0,20.0,-1,-1,0,243,182,246,17,79,224,0,0,0,0,0,47,57,74,224,0,0,0,0,0,250,58,250,0,0,0,0,0,0,198,134,136,246,0,0,0,0,0,0,0,0,0,0,0,0,0,0,171,38,1,3,0,0,0,0,0,67,1,99,48,0,2,0,0,0,0,5,4,33,0,0,2,29,224,0,0,0,248,0,41,198,224,253,253,166,224,224,224,0,0,0,2,11,59,41,0,192,73,131,208,136,209,5,4,250,136,8,223,13,223,8,222,13,222,13,17,221,24,0,240,1,0,65,0,0,238,52,0,59,98,244,15,77,224,0,0,0,0,0,243,49,59,76,224,0,0,0,0,250,58,250,0,0,0,0,0,0,136,198,134,136,246,0,0,0,0,0,0,0,0,0,0,0,0,0,1,171,38,1,3,0,0,0,0,71,1,65,48,0,2,0,0,0,0,3,8,65,0,0,2,29,224,0,0,0,248,0,41,198,224,253,253,166,224,224,224,0,0,0,2,12,57,41,0,192,73,131,208,136,209,5,4,250,136,10,223,11,223,10,222,11,222,29,132,221,68,0,240,1,0,65,0,0,238,54
2026-08-03_14-39-02,1,77,0,0.0,0,20.0,-1,-1,0,59,98,244,15,77,224,0,0,0,0,0,243,49,59,76,224,0,0,0,0,250,58,250,0,0,0,0,0,0,136,198,134,136,246,0,0,0,0,0,0,0,0,0,0,0,0,0,1,171,38,1,3,0,0,0,0,71,1,65,48,0,2,0,0,0,0,3,8,65,0,0,2,29,224,0,0,0,248,0,41,198,224,253,253,166,224,224,224,0,0,0,2,12,57,41,0,192,73,131,208,136,209,5,4,250,136,10,223,11,223,10,222,11,222,29,132,221,68,0,240,1,0,65,0,0,238,54,0,182,41,242,13,75,224,0,0,0,0,0,245,51,61,78,224,0,0,0,0,250,58,250,0,0,0,0,0,0,136,198,134,136,246,0,0,0,0,0,0,0,0,0,0,0,0,0,1,171,38,1,3,0,0,0,0,75,1,34,48,0,2,0,0,0,0,1,4,65,0,0,2,29,224,0,0,0,248,0,41,198,224,253,253,166,224,224,224,0,0,0,2,12,55,41,0,192,73,131,208,136,209,5,4,250,136,12,223,9,223,12,222,9,222,29,18,221,68,0,240,1,0,65,0,0,238,52
2026-08-03_14-39-02,1,78,0,0.0,0,20.0,-1,-1,0,182,41,242,13,75,224,0,0,0,0,0,245,51,61,78,224,0,0,0,0,250,58,250,0,0,0,0,0,0,136,198,134,136,246,0,0,0,0,0,0,0,0,0,0,0,0,0,1,171,38,1,3,0,0,0,0,75,1,34,48,0,2,0,0,0,0,1,4,65,0,0,2,29,224,0,0,0,248,0,41,198,224,253,253,166,224,224,224,0,0,0,2,12,55,41,0,192,73,131,208,136,209,5,4,250,136,12,223,9,223,12,222,9,222,29,18,221,68,0,240,1,0,65,0,0,238,52,0,98,155,11,73,224,224,0,0,0,0,0,247,53,63,80,224,0,0,0,0,42,234,0,0,0,0,0,0,0,106,214,104,106,246,0,0,0,0,0,0,0,0,0,0,0,0,0,1,171,38,1,3,0,0,0,0,79,1,115,48,0,2,0,0,0,0,0,13,96,0,0,2,29,224,0,0,0,248,0,41,198,224,253,253,166,224,224,224,0,0,0,1,12,53,41,0,192,73,131,208,136,209,5,5,234,106,14,223,7,223,14,222,7,222,5,0,221,68,0,240,1,0,65,0,0,238,52
2026-08-03_14-39-02,1,79,0,0.0,0,20.0,-1,-1,0,98,155,11,73,224,224,0,0,0,0,0,247,53,63,80,224,0,0,0,0,42,234,0,0,0,0,0,0,0,106,214,104,106,246,0,0,0,0,0,0,0,0,0,0,0,0,0,1,171,38,1,3,0,0,0,0,79,1,115,48,0,2,0,0,0,0,0,13,96,0,0,2,29,224,0,0,0,248,0,41,198,224,253,253,166,224,224,224,0,0,0,1,12,53,41,0,192,73,131,208,136,209,5,5,234,106,14,223,7,223,14,222,7,222,5,0,221,68,0,240,1,0,65,0,0,238,52,0,41,180,9,71,224,224,0,0,0,0,0,249,55,65,82,224,0,0,0,0,42,234,0,0,0,0,0,0,0,106,214,104,106,246,0,0,0,0,0,0,0,0,0,0,0,0,0,1,171,38,1,3,0,0,0,0,83,1,81,48,0,2,0,0,0,0,0,9,96,0,0,2,29,224,0,0,0,248,0,41,198,224,253,253,166,224,224,224,0,0,0,1,12,51,41,0,192,73,192,208,136,209,0,5,0,106,15,223,5,223,15,222,5,222,5,3,221,68,0,240,1,0,65,0,0,238,52
2026-08-03_14-39-02,1,80,0,0.0,0,20.0,-1,-1,0,41,180,9,71,224,224,0,0,0,0,0,249,55,65,82,224,0,0,0,0,42,234,0,0,0,0,0,0,0,106,214,104,106,246,0,0,0,0,0,0,0,0,0,0,0,0,0,1,171,38,1,3,0,0,0,0,83,1,81,48,0,2,0,0,0,0,0,9,96,0,0,2,29,224,0,0,0,248,0,41,198,224,253,253,166,224,224,224,0,0,0,1,12,51,41,0,192,73,192,208,136,209,0,5,0,106,15,223,5,223,15,222,5,222,5,3,221,68,0,240,1,0,65,0,0,238,52,0,155,79,7,69,224,224,0,0,0,0,0,251,57,67,84,224,0,0,0,0,42,234,0,0,0,0,0,0,0,106,214,104,106,246,0,0,0,0,0,0,0,0,0,0,0,0,0,1,171,38,1,3,0,0,0,0,87,1,50,48,0,2,0,0,0,0,0,5,96,0,0,2,29,224,0,0,0,248,0,41,198,224,253,253,166,224,224,224,0,0,0,1,12,49,41,0,192,73,192,208,136,209,0,5,0,106,0,223,3,223,0,222,3,222,29,3,221,68,0,240,1,0,65,0,0,238,52
2026-08-03_14-39-02,1,81,0,0.0,0,20.0,-1,-1,0,155,79,7,69,224,224,0,0,0,0,0,251,57,67,84,224,0,0,0,0,42,234,0,0,0,0,0,0,0,106,214,104,106,246,0,0,0,0,0,0,0,0,0,0,0,0,0,1,171,38,1,3,0,0,0,0,87,1,50,48,0,2,0,0,0,0,0,5,96,0,0,2,29,224,0,0,0,248,0,41,198,224,253,253,166,224,224,224,0,0,0,1,12,49,41,0,192,73,192,208,136,209,0,5,0,106,0,223,3,223,0,222,3,222,29,3,221,68,0,240,1,0,65,0,0,238,52,0,180,245,5,67,224,224,0,0,0,0,0,253,59,69,86,224,0,0,0,0,42,234,0,0,0,0,0,0,0,106,214,104,106,246,0,0,0,0,0,0,0,0,0,0,0,0,0,1,171,38,1,3,0,0,0,0,91,1,19,48,0,2,0,0,0,0,0,1,96,0,0,2,29,224,0,0,0,248,0,41,198,224,253,253,166,224,224,224,0,0,0,1,12,47,41,0,192,73,192,208,136,209,0,5,0,106,0,223,1,223,0,222,1,222,13,3,221,68,0,240,1,0,65,0,0,238,52
2026-08-03_14-39-02,1,82,0,0.0,0,20.0,-1,-1,0,180,245,5,67,224,224,0,0,0,0,0,253,59,69,86,224,0,0,0,0,42,234,0,0,0,0,0,0,0,106,214,104,106,246,0,0,0,0,0,0,0,0,0,0,0,0,0,1,171,38,1,3,0,0,0,0,91,1,19,48,0,2,0,0,0,0,0,1,96,0,0,2,29,224,0,0,0,248,0,41,198,224,253,253,166,224,224,224,0,0,0,1,12,47,41,0,192,73,192,208,136,209,0,5,0,106,0,223,1,223,0,222,1,222,13,3,221,68,0,240,1,0,65,0,0,238,52,0,79,91,3,65,224,224,0,0,0,0,0,255,61,71,88,224,0,0,0,0,26,218,0,0,0,0,0,0,0,90,230,88,90,246,0,0,0,0,0,0,0,0,0,0,0,0,0,1,171,38,1,3,0,0,0,0,95,1,97,48,0,2,0,0,0,0,0,5,0,0,0,2,29,224,0,0,0,248,0,41,198,224,253,253,166,224,224,224,0,0,0,1,12,45,41,0,192,73,192,208,11,209,0,5,0,90,0,223,0,223,0,222,0,222,13,0,221,68,0,240,1,0,65,0,0,238,52
2026-08-03_14-39-02,1,83,0,0.0,0,20.0,-1,-1,0,79,91,3,65,224,224,0,0,0,0,0,255,61,71,88,224,0,0,0,0,26,218,0,0,0,0,0,0,0,90,230,88,90,246,0,0,0,0,0,0,0,0,0,0,0,0,0,1,171,38,1,3,0,0,0,0,95,1,97,48,0,2,0,0,0,0,0,5,0,0,0,2,29,224,0,0,0,248,0,41,198,224,253,253,166,224,224,224,0,0,0,1,12,45,41,0,192,73,192,208,11,209,0,5,0,90,0,223,0,223,0,222,0,222,13,0,221,68,0,240,1,0,65,0,0,238,52,0,245,186,1,63,224,224,0,0,0,0,0,1,63,73,224,224,0,0,0,0,26,218,0,0,0,0,0,0,0,90,230,88,90,246,0,0,0,0,0,0,0,0,0,0,0,0,0,1,171,38,1,3,0,0,0,0,99,1,66,48,0,2,0,0,0,0,0,1,0,0,0,2,29,224,0,0,0,248,0,41,198,224,253,253,166,224,224,224,0,0,0,1,11,43,41,0,192,73,192,208,207,209,0,5,0,90,0,223,0,223,0,222,0,222,8,0,221,68,0,240,1,0,65,0,0,238,52
2026-08-03_14-39-02,1,84,0,0.0,0,20.0,-1,-1,0,245,186,1,63,224,224,0,0,0,0,0,1,63,73,224,224,0,0,0,0,26,218,0,0,0,0,0,0,0,90,230,88,90,246,0,0,0,0,0,0,0,0,0,0,0,0,0,1,171,38,1,3,0,0,0,0,99,1,66,48,0,2,0,0,0,0,0,1,0,0,0,2,29,224,0,0,0,248,0,41,198,224,253,253,166,224,224,224,0,0,0,1,11,43,41,0,192,73,192,208,207,209,0,5,0,90,0,223,0,223,0,222,0,222,8,0,221,68,0,240,1,0,65,0,0,238,52,0,91,163,255,61,88,224,0,0,0,0,0,3,65,75,224,224,0,0,0,0,26,218,26,0,0,0,0,0,0,90,230,88,90,246,0,0,0,0,0,0,0,0,0,0,0,0,0,1,171,38,1,3,0,0,0,0,103,1,35,48,0,2,0,0,0,0,0,10,32,0,0,2,29,224,0,0,0,248,0,41,198,224,253,253,166,224,224,224,0,0,0,2,11,41,41,0,192,73,14,208,207,209,5,5,26,90,0,223,0,223,0,222,0,222,8,1,221,68,0,240,1,0,65,0,0,238,52
2026-08-03_14-39-02,1,85,0,0.0,0,20.0,-1,-1,0,91,163,255,61,88,224,0,0,0,0,0,3,65,75,224,224,0,0,0,0,26,218,26,0,0,0,0,0,0,90,230,88,90,246,0,0,0,0,0,0,0,0,0,0,0,0,0,1,171,38,1,3,0,0,0,0,103,1,35,48,0,2,0,0,0,0,0,10,32,0,0,2,29,224,0,0,0,248,0,41,198,224,253,253,166,224,224,224,0,0,0,2,11,41,41,0,192,73,14,208,207,209,5,5,26,90,0,223,0,223,0,222,0,222,8,1,221,68,0,240,1,0,65,0,0,238,52,0,186,61,253,59,86,224,0,0,0,0,0,5,67,77,224,224,0,0,0,0,10,202,10,0,0,0,0,0,0,74,246,72,90,246,0,0,0,0,0,0,0,0,0,0,0,0,0,1,171,38,1,3,0,0,0,0,107,1,113,48,0,2,0,0,0,0,0,6,32,0,0,2,29,224,0,0,0,248,0,41,198,224,253,253,166,224,224,224,0,0,0,2,11,39,41,0,192,73,131,208,207,209,5,5,10,90,1,223,0,223,1,222,0,222,13,1,221,68,0,240,1,0,65,0,0,238,54
2026-08-03_14-39-02,1,86,0,0.0,0,20.0,-1,-1,0,186,61,253,59,86,224,0,0,0,0,0,5,67,77,224,224,0,0,0,0,10,202,10,0,0,0,0,0,0,74,246,72,90,246,0,0,0,0,0,0,0,0,0,0,0,0,0,1,171,38,1,3,0,0,0,0,107,1,113,48,0,2,0,0,0,0,0,6,32,0,0,2,29,224,0,0,0,248,0,41,198,224,253,253,166,224,224,224,0,0,0,2,11,39,41,0,192,73,131,208,207,209,5,5,10,90,1,223,0,223,1,222,0,222,13,1,221,68,0,240,1,0,65,0,0,238,54,0,163,217,251,57,84,224,0,0,0,0,0,7,69,79,224,224,0,0,0,0,10,202,10,0,0,0,0,0,0,74,246,72,90,246,0,0,0,0,0,0,0,0,0,0,0,0,0,1,171,38,1,3,0,0,0,0,111,1,82,48,0,2,0,0,0,0,0,2,32,0,0,2,29,224,0,0,0,248,0,41,198,224,253,253,166,224,224,224,0,0,0,2,11,37,41,0,192,73,131,208,136,209,5,5,10,90,3,223,39,223,3,222,39,222,29,1,221,68,0,240,6,0,65,0,0,238,52
2026-08-03_14-39-02,1,87,0,0.0,0,20.0,-1,-1,0,163,217,251,57,84,224,0,0,0,0,0,7,69,79,224,224,0,0,0,0,10,202,10,0,0,0,0,0,0,74,246,72,90,246,0,0,0,0,0,0,0,0,0,0,0,0,0,1,171,38,1,3,0,0,0,0,111,1,82,48,0,2,0,0,0,0,0,2,32,0,0,2,29,224,0,0,0,248,0,41,198,224,253,253,166,224,224,224,0,0,0,2,11,37,41,0,192,73,131,208,136,209,5,5,10,90,3,223,39,223,3,222,39,222,29,1,221,68,0,240,6,0,65,0,0,238,52,0,61,156,249,55,82,224,0,0,0,0,0,9,71,81,224,224,0,0,0,0,10,202,10,0,0,0,0,0,0,74,246,72,90,246,0,0,0,0,0,0,0,0,0,0,0,0,0,1,171,38,1,3,0,0,0,0,115,1,51,48,0,2,0,0,0,0,0,6,64,0,0,2,29,224,0,0,0,248,0,41,198,224,253,253,166,224,224,224,0,0,0,2,11,35,41,0,192,73,131,208,136,209,5,4,10,72,5,223,38,223,5,222,38,222,8,2,221,68,0,240,6,0,65,0,0,238,54
2026-08-03_14-39-02,1,88,0,0.0,0,20.0,-1,-1,0,61,156,249,55,82,224,0,0,0,0,0,9,71,81,224,224,0,0,0,0,10,202,10,0,0,0,0,0,0,74,246,72,90,246,0,0,0,0,0,0,0,0,0,0,0,0,0,1,171,38,1,3,0,0,0,0,115,1,51,48,0,2,0,0,0,0,0,6,64,0,0,2,29,224,0,0,0,248,0,41,198,224,253,253,166,224,224,224,0,0,0,2,11,35,41,0,192,73,131,208,136,209,5,4,10,72,5,223,38,223,5,222,38,222,8,2,221,68,0,240,6,0,65,0,0,238,54,0,217,200,247,53,80,224,0,0,0,0,0,250,11,73,83,224,0,0,0,0,10,202,10,0,0,0,0,0,0,72,74,246,72,90,0,0,0,0,0,0,0,0,0,0,0,0,0,38,1,171,38,1,0,0,0,0,119,1,17,48,0,2,0,0,0,0,0,2,64,0,0,2,29,224,0,0,0,248,0,41,198,224,253,253,166,224,224,224,0,0,0,2,12,33,41,0,192,73,131,208,136,209,5,4,10,72,7,223,36,223,7,222,36,222,8,2,221,118,0,240,6,0,65,0,0,238,52
2026-08-03_14-39-02,1,89,0,0.0,0,20.0,-1,-1,0,217,200,247,53,80,224,0,0,0,0,0,250,11,73,83,224,0,0,0,0,10,202,10,0,0,0,0,0,0,72,74,246,72,90,0,0,0,0,0,0,0,0,0,0,0,0,0,38,1,171,38,1,0,0,0,0,119,1,17,48,0,2,0,0,0,0,0,2,64,0,0,2,29,224,0,0,0,248,0,41,198,224,253,253,166,224,224,224,0,0,0,2,12,33,41,0,192,73,131,208,136,209,5,4,10,72,7,223,36,223,7,222,36,222,8,2,221,118,0,240,6,0,65,0,0,238,52,0,156,141,245,51,78,224,0,0,0,0,0,252,13,75,85,224,0,0,0,0,250,186,250,0,0,0,0,0,0,56,58,6,56,90,0,0,0,0,0,0,0,0,0,0,0,0,0,38,1,171,38,1,0,0,0,0,123,1,98,48,0,2,0,0,0,0,0,11,96,0,0,2,29,224,0,0,0,248,0,41,198,224,253,253,166,224,224,224,0,0,0,2,12,31,41,0,192,73,131,208,136,209,5,4,250,56,9,223,34,223,9,222,34,222,8,3,221,118,0,240,6,0,65,0,0,238,52
2026-08-03_14-39-02,1,90,0,0.0,0,20.0,-1,-1,0,156,141,245,51,78,224,0,0,0,0,0,252,13,75,85,224,0,0,0,0,250,186,250,0,0,0,0,0,0,56,58,6,56,90,0,0,0,0,0,0,0,0,0,0,0,0,0,38,1,171,38,1,0,0,0,0,123,1,98,48,0,2,0,0,0,0,0,11,96,0,0,2,29,224,0,0,0,248,0,41,198,224,253,253,166,224,224,224,0,0,0,2,12,31,41,0,192,73,131,208,136,209,5,4,250,56,9,223,34,223,9,222,34,222,8,3,221,118,0,240,6,0,65,0,0,238,52,0,200,212,243,49,76,224,0,0,0,0,0,254,15,77,87,224,0,0,0,0,250,186,250,0,0,0,0,0,0,56,58,6,56,90,0,0,0,0,0,0,0,0,0,0,0,0,0,38,1,171,38,1,0,0,0,0,127,1,67,48,0,2,0,0,0,0,0,7,96,0,0,2,29,224,0,0,0,248,0,41,198,224,253,253,166,224,224,224,0,0,0,2,12,29,41,0,192,73,131,208,11,209,5,4,250,56,11,223,32,223,11,222,32,222,29,3,221,118,0,240,6,0,65,0,0,238,52
2026-08-03_14-39-02,1,91,0,0.0,0,20.0,-1,-1,0,200,212,243,49,76,224,0,0,0,0,0,254,15,77,87,224,0,0,0,0,250,186,250,0,0,0,0,0,0,56,58,6,56,90,0,0,0,0,0,0,0,0,0,0,0,0,0,38,1,171,38,1,0,0,0,0,127,1,67,48,0,2,0,0,0,0,0,7,96,0,0,2,29,224,0,0,0,248,0,41,198,224,253,253,166,224,224,224,0,0,0,2,12,29,41,0,192,73,131,208,11,209,5,4,250,56,11,223,32,223,11,222,32,222,29,3,221,118,0,240,6,0,65,0,0,238,52,0,141,75,47,74,224,224,0,0,0,0,0,0,17,79,224,224,0,0,0,0,186,250,0,0,0,0,0,0,0,56,58,6,56,90,0,0,0,0,0,0,0,0,0,0,0,0,0,38,1,171,38,1,0,0,0,0,131,1,33,48,0,2,0,0,0,0,0,3,96,0,0,2,29,224,0,0,0,248,0,41,198,224,253,253,166,224,224,224,0,0,0,1,11,27,41,0,192,73,131,208,136,209,5,4,250,56,13,223,39,223,13,222,39,222,13,3,221,118,0,240,3,0,65,0,0,238,52
2026-08-03_14-39-02,1,92,0,0.0,0,20.0,-1,-1,0,141,75,47,74,224,224,0,0,0,0,0,0,17,79,224,224,0,0,0,0,186,250,0,0,0,0,0,0,0,56,58,6,56,90,0,0,0,0,0,0,0,0,0,0,0,0,0,38,1,171,38,1,0,0,0,0,131,1,33,48,0,2,0,0,0,0,0,3,96,0,0,2,29,224,0,0,0,248,0,41,198,224,253,253,166,224,224,224,0,0,0,1,11,27,41,0,192,73,131,208,136,209,5,4,250,56,13,223,39,223,13,222,39,222,13,3,221,118,0,240,3,0,65,0,0,238,52,0,212,178,45,72,224,224,0,0,0,0,0,2,19,81,224,224,0,0,0,0,170,234,0,0,0,0,0,0,0,40,42,22,56,90,0,0,0,0,0,0,0,0,0,0,0,0,0,38,1,171,38,1,0,0,0,0,135,1,114,48,0,2,0,0,0,0,0,7,0,0,0,2,29,224,0,0,0,248,0,41,198,224,253,253,166,224,224,224,0,0,0,1,11,25,41,0,192,73,131,208,136,209,5,3,234,22,15,223,38,223,15,222,38,222,8,0,221,118,0,240,3,0,65,0,0,238,52
2026-08-03_14-39-02,1,93,0,0.0,0,20.0,-1,-1,0,212,178,45,72,224,224,0,0,0,0,0,2,19,81,224,224,0,0,0,0,170,234,0,0,0,0,0,0,0,40,42,22,56,90,0,0,0,0,0,0,0,0,0,0,0,0,0,38,1,171,38,1,0,0,0,0,135,1,114,48,0,2,0,0,0,0,0,7,0,0,0,2,29,224,0,0,0,248,0,41,198,224,253,253,166,224,224,224,0,0,0,1,11,25,41,0,192,73,131,208,136,209,5,3,234,22,15,223,38,223,15,222,38,222,8,0,221,118,0,240,3,0,65,0,0,238,52,0,75,47,43,70,224,224,0,0,0,0,0,250,4,21,83,224,0,0,0,0,170,234,0,0,0,0,0,0,0,22,40,42,22,56,0,0,0,0,0,0,0,0,0,0,0,0,0,171,38,1,171,38,0,0,0,0,139,1,83,48,0,2,0,0,0,0,0,3,0,0,0,2,29,224,0,0,0,248,0,41,198,224,253,253,166,224,224,224,0,0,0,1,12,23,41,0,192,73,192,208,136,209,0,3,0,22,0,223,36,223,0,222,36,222,8,0,221,24,0,240,3,0,65,0,0,238,52
2026-08-03_14-39-02,1,94,4,0.0,0,20.0,-1,-1,0,75,47,43,70,224,224,0,0,0,0,0,250,4,21,83,224,0,0,0,0,170,234,0,0,0,0,0,0,0,22,40,42,22,56,0,0,0,0,0,0,0,0,0,0,0,0,0,171,38,1,171,38,0,0,0,0,139,1,83,48,0,2,0,0,0,0,0,3,0,0,0,2,29,224,0,0,0,248,0,41,198,224,253,253,166,224,224,224,0,0,0,1,12,23,41,0,192,73,192,208,136,209,0,3,0,22,0,223,36,223,0,222,36,222,8,0,221,24,0,240,3,0,65,0,0,238,52,0,178,251,41,68,224,224,0,0,0,0,0,252,6,23,85,224,0,0,0,0,170,234,0,0,0,0,0,0,0,22,40,42,22,56,0,0,0,0,0,0,0,0,0,0,0,0,0,171,38,1,171,38,0,0,0,0,143,1,49,48,0,2,0,0,0,0,0,12,32,0,0,2,29,224,0,0,0,248,0,41,198,224,253,253,166,224,224,224,0,0,0,1,12,21,41,0,192,73,192,208,136,209,0,3,0,22,0,223,34,223,0,222,34,222,8,1,221,24,0,240,3,0,65,0,0,238,52
2026-08-03_14-39-02,1,95,4,0.0,0,20.0,-1,-1,0,178,251,41,68,224,224,0,0,0,0,0,252,6,23,85,224,0,0,0,0,170,234,0,0,0,0,0,0,0,22,40,42,22,56,0,0,0,0,0,0,0,0,0,0,0,0,0,171,38,1,171,38,0,0,0,0,143,1,49,48,0,2,0,0,0,0,0,12,32,0,0,2,29,224,0,0,0,248,0,41,198,224,253,253,166,224,224,224,0,0,0,1,12,21,41,0,192,73,192,208,136,209,0,3,0,22,0,223,34,223,0,222,34,222,8,1,221,24,0,240,3,0,65,0,0,238,52,0,47,186,39,66,224,224,0,0,0,0,0,254,8,25,87,224,0,0,0,0,170,234,0,0,0,0,0,0,0,22,40,42,22,56,0,0,0,0,0,0,0,0,0,0,0,0,0,171,38,1,171,38,0,0,0,0,147,1,18,48,0,2,0,0,0,0,0,8,32,0,0,2,29,224,0,0,0,248,0,41,198,224,253,253,166,224,224,224,0,0,0,1,12,19,41,0,192,73,192,208,11,209,0,3,0,22,0,223,32,223,0,222,32,222,13,1,221,24,0,240,3,0,65,0,0,238,52
2026-08-03_14-39-02,1,96,4,0.0,0,20.0,-1,-1,0,47,186,39,66,224,224,0,0,0,0,0,254,8,25,87,224,0,0,0,0,170,234,0,0,0,0,0,0,0,22,40,42,22,56,0,0,0,0,0,0,0,0,0,0,0,0,0,171,38,1,171,38,0,0,0,0,147,1,18,48,0,2,0,0,0,0,0,8,32,0,0,2,29,224,0,0,0,248,0,41,198,224,253,253,166,224,224,224,0,0,0,1,12,19,41,0,192,73,192,208,11,209,0,3,0,22,0,223,32,223,0,222,32,222,13,1,221,24,0,240,3,0,65,0,0,238,52,0,251,174,37,64,224,224,0,0,0,0,0,0,10,27,224,224,0,0,0,0,154,218,0,0,0,0,0,0,0,38,24,26,38,56,0,0,0,0,0,0,0,0,0,0,0,0,0,171,38,1,171,38,0,0,0,0,151,1,99,48,0,2,0,0,0,0,0,4,32,0,0,2,29,224,0,0,0,248,0,41,198,224,253,253,166,224,224,224,0,0,0,1,11,17,41,0,192,73,192,208,207,209,0,3,0,38,0,223,32,223,0,222,32,222,13,1,221,24,0,240,3,0,65,0,0,238,54
2026-08-03_14-39-02,1,97,0,0.0,0,20.0,-1,-1,0,251,174,37,64,224,224,0,0,0,0,0,0,10,27,224,224,0,0,0,0,154,218,0,0,0,0,0,0,0,38,24,26,38,56,0,0,0,0,0,0,0,0,0,0,0,0,0,171,38,1,171,38,0,0,0,0,151,1,99,48,0,2,0,0,0,0,0,4,32,0,0,2,29,224,0,0,0,248,0,41,198,224,253,253,166,224,224,224,0,0,0,1,11,17,41,0,192,73,192,208,207,209,0,3,0,38,0,223,32,223,0,222,32,222,13,1,221,24,0,240,3,0,65,0,0,238,54,0,186,225,35,62,224,224,0,0,0,0,0,2,12,29,224,224,0,0,0,0,154,218,0,0,0,0,0,0,0,38,24,26,38,56,0,0,0,0,0,0,0,0,0,0,0,0,0,171,38,1,171,38,0,0,0,0,155,1,65,48,0,2,0,0,0,0,0,8,64,0,0,2,29,224,0,0,0,248,0,41,198,224,253,253,166,224,224,224,0,0,0,1,11,15,41,0,192,73,192,208,207,209,0,3,0,38,0,223,32,223,0,222,32,222,13,128,221,24,0,240,3,0,65,0,0,238,54
2026-08-03_14-39-02,1,98,4,0.0,0,20.0,-1,-1,0,186,225,35,62,224,224,0,0,0,0,0,2,12,29,224,224,0,0,0,0,154,218,0,0,0,0,0,0,0,38,24,26,38,56,0,0,0,0,0,0,0,0,0,0,0,0,0,171,38,1,171,38,0,0,0,0,155,1,65,48,0,2,0,0,0,0,0,8,64,0,0,2,29,224,0,0,0,248,0,41,198,224,253,253,166,224,224,224,0,0,0,1,11,15,41,0,192,73,192,208,207,209,0,3,0,38,0,223,32,223,0,222,32,222,13,128,221,24,0,240,3,0,65,0,0,238,54,0,174,25,33,60,224,224,0,0,0,0,0,4,14,31,224,224,0,0,0,0,154,218,0,0,0,0,0,0,0,38,24,26,38,56,0,0,0,0,0,0,0,0,0,0,0,0,0,171,38,1,171,38,0,0,0,0,159,1,34,48,0,2,0,0,0,0,0,4,64,0,0,2,29,224,0,0,0,248,0,41,198,224,253,253,166,224,224,224,0,0,0,1,11,13,41,0,192,73,192,208,207,209,0,3,0,38,0,223,32,223,0,222,32,222,13,2,221,24,0,240,3,0,65,0,0,238,54
2026-08-03_14-39-02,1,99,4,0.0,0,20.0,-1,-1,0,174,25,33,60,224,224,0,0,0,0,0,4,14,31,224,224,0,0,0,0,154,218,0,0,0,0,0,0,0,38,24,26,38,56,0,0,0,0,0,0,0,0,0,0,0,0,0,171,38,1,171,38,0,0,0,0,159,1,34,48,0,2,0,0,0,0,0,4,64,0,0,2,29,224,0,0,0,248,0,41,198,224,253,253,166,224,224,224,0,0,0,1,11,13,41,0,192,73,192,208,207,209,0,3,0,38,0,223,32,223,0,222,32,222,13,2,221,24,0,240,3,0,65,0,0,238,54,0,225,158,31,58,224,224,0,0,0,0,0,6,16,33,224,224,0,0,0,0,138,202,0,0,0,0,0,0,0,54,8,10,38,56,0,0,0,0,0,0,0,0,0,0,0,0,0,171,38,1,171,38,0,0,0,0,163,1,115,48,0,2,0,0,0,0,0,13,96,0,0,2,29,224,0,0,0,248,0,41,198,224,253,253,166,224,224,224,0,0,0,1,11,11,41,0,192,73,192,208,207,209,0,3,0,38,0,223,32,223,0,222,32,222,13,0,221,24,0,240,3,0,65,0,0,238,54
2026-08-03_14-39-02,1,100,4,0.0,0,20.0,-1,-1,0,225,158,31,58,224,224,0,0,0,0,0,6,16,33,224,224,0,0,0,0,138,202,0,0,0,0,0,0,0,54,8,10,38,56,0,0,0,0,0,0,0,0,0,0,0,0,0,171,38,1,171,38,0,0,0,0,163,1,115,48,0,2,0,0,0,0,0,13,96,0,0,2,29,224,0,0,0,248,0,41,198,224,253,253,166,224,224,224,0,0,0,1,11,11,41,0,192,73,192,208,207,209,0,3,0,38,0,223,32,223,0,222,32,222,13,0,221,24,0,240,3,0,65,0,0,238,54,0,25,228,29,56,224,224,0,0,0,0,0,8,18,35,224,224,0,0,0,0,138,202,0,0,0,0,0,0,0,54,8,10,38,56,0,0,0,0,0,0,0,0,0,0,0,0,0,171,38,1,171,38,0,0,0,0,167,1,81,48,0,2,0,0,0,0,0,9,96,0,0,2,29,224,0,0,0,248,0,41,198,224,253,253,166,224,224,224,0,0,0,1,11,9,41,0,192,73,192,208,207,209,0,3,0,38,0,223,32,223,0,222,32,222,13,3,221,24,0,240,3,0,65,0,0,238,54
2026-08-03_14-39-02,1,101,4,0.0,0,20.0,-1,-1,0,25,228,29,56,224,224,0,0,0,0,0,8,18,35,224,224,0,0,0,0,138,202,0,0,0,0,0,0,0,54,8,10,38,56,0,0,0,0,0,0,0,0,0,0,0,0,0,171,38,1,171,38,0,0,0,0,167,1,81,48,0,2,0,0,0,0,0,9,96,0,0,2,29,224,0,0,0,248,0,41,198,224,253,253,166,224,224,224,0,0,0,1,11,9,41,0,192,73,192,208,207,209,0,3,0,38,0,223,32,223,0,222,32,222,13,3,221,24,0,240,3,0,65,0,0,238,54,0,158,69,27,54,224,224,0,0,0,0,0,10,20,37,224,224,0,0,0,0,138,202,0,0,0,0,0,0,0,54,8,10,38,56,0,0,0,0,0,0,0,0,0,0,0,0,0,171,38,1,171,38,0,0,0,0,171,1,50,48,0,2,0,0,0,0,0,5,96,0,0,2,29,224,0,0,0,248,0,41,198,224,253,253,166,224,224,224,0,0,0,1,11,7,41,0,192,73,192,208,207,209,0,3,0,38,0,223,32,223,0,222,32,222,13,3,221,24,0,240,3,0,65,0,0,238,54
2026-08-03_14-39-02,1,102,4,0.0,0,20.0,-1,-1,0,158,69,27,54,224,224,0,0,0,0,0,10,20,37,224,224,0,0,0,0,138,202,0,0,0,0,0,0,0,54,8,10,38,56,0,0,0,0,0,0,0,0,0,0,0,0,0,171,38,1,171,38,0,0,0,0,171,1,50,48,0,2,0,0,0,0,0,5,96,0,0,2,29,224,0,0,0,248,0,41,198,224,253,253,166,224,224,224,0,0,0,1,11,7,41,0,192,73,192,208,207,209,0,3,0,38,0,223,32,223,0,222,32,222,13,3,221,24,0,240,3,0,65,0,0,238,54,0,228,84,25,52,224,224,0,0,0,0,0,12,22,39,224,224,0,0,0,0,138,202,0,0,0,0,0,0,0,54,8,10,38,56,0,0,0,0,0,0,0,0,0,0,0,0,0,171,38,1,171,38,0,0,0,0,175,1,19,48,0,2,0,0,0,0,0,1,96,0,0,2,29,224,0,0,0,248,0,41,198,224,253,253,166,224,224,224,0,0,0,1,11,5,41,0,192,73,192,208,207,209,0,3,0,38,0,223,32,223,0,222,32,222,13,3,221,24,0,240,3,0,65,0,0,238,180
2026-08-03_14-39-02,1,103,0,0.0,0,20.0,-1,-1,0,228,84,25,52,224,224,0,0,0,0,0,12,22,39,224,224,0,0,0,0,138,202,0,0,0,0,0,0,0,54,8,10,38,56,0,0,0,0,0,0,0,0,0,0,0,0,0,171,38,1,171,38,0,0,0,0,175,1,19,48,0,2,0,0,0,0,0,1,96,0,0,2,29,224,0,0,0,248,0,41,198,224,253,253,166,224,224,224,0,0,0,1,11,5,41,0,192,73,192,208,207,209,0,3,0,38,0,223,32,223,0,222,32,222,13,3,221,24,0,240,3,0,65,0,0,238,180,0,69,69,23,50,224,224,0,0,0,0,0,14,24,41,224,224,0,0,0,0,99,186,0,0,0,0,0,0,0,70,248,250,38,56,0,0,0,0,0,0,0,0,0,0,0,0,0,171,38,1,171,38,0,0,0,0,179,1,97,48,0,2,0,0,0,0,0,5,0,0,0,2,29,224,0,0,0,248,0,41,198,224,253,253,166,224,224,224,0,0,0,1,11,3,41,0,192,73,192,208,207,209,0,3,0,38,0,223,32,223,0,222,32,222,13,0,221,24,0,240,3,0,65,0,0,238,180
2026-08-03_14-39-02,1,104,5,0.0,0,20.0,-1,-1,0,69,69,23,50,224,224,0,0,0,0,0,14,24,41,224,224,0,0,0,0,99,186,0,0,0,0,0,0,0,70,248,250,38,56,0,0,0,0,0,0,0,0,0,0,0,0,0,171,38,1,171,38,0,0,0,0,179,1,97,48,0,2,0,0,0,0,0,5,0,0,0,2,29,224,0,0,0,248,0,41,198,224,253,253,166,224,224,224,0,0,0,1,11,3,41,0,192,73,192,208,207,209,0,3,0,38,0,223,32,223,0,222,32,222,13,0,221,24,0,240,3,0,65,0,0,238,180,0,84,89,21,48,224,224,0,0,0,0,0,16,26,43,224,224,0,0,0,0,99,186,0,0,0,0,0,0,0,70,248,250,38,56,0,0,0,0,0,0,0,0,0,0,0,0,0,171,38,1,171,38,0,0,0,0,183,1,66,48,0,2,0,0,0,0,0,1,0,0,0,2,29,224,0,0,0,248,0,41,198,224,253,253,166,224,224,224,0,0,0,1,11,1,41,0,192,73,192,208,207,209,0,3,0,38,0,223,32,223,0,222,32,222,13,0,221,24,0,240,3,0,65,0,0,238,52
2026-08-03_14-39-02,1,105,5,0.0,0,20.0,-1,-1,0,84,89,21,48,224,224,0,0,0,0,0,16,26,43,224,224,0,0,0,0,99,186,0,0,0,0,0,0,0,70,248,250,38,56,0,0,0,0,0,0,0,0,0,0,0,0,0,171,38,1,171,38,0,0,0,0,183,1,66,48,0,2,0,0,0,0,0,1,0,0,0,2,29,224,0,0,0,248,0,41,198,224,253,253,166,224,224,224,0,0,0,1,11,1,41,0,192,73,192,208,207,209,0,3,0,38,0,223,32,223,0,222,32,222,13,0,221,24,0,240,3,0,65,0,0,238,52,0,69,159,19,46,224,224,0,0,0,0,0,18,28,45,224,224,0,0,0,0,99,186,0,0,0,0,0,0,0,70,248,250,38,56,0,0,0,0,0,0,0,0,0,0,0,0,0,171,38,1,171,38,0,0,0,0,187,1,35,48,0,2,0,0,0,0,0,10,32,0,0,6,29,41,0,0,0,0,0,0,198,224,253,253,166,224,224,224,0,0,0,1,11,0,41,0,128,62,192,208,207,209,0,3,0,38,0,223,32,223,0,222,10,2,2,1,58,4,248,48,3,0,65,123,251,201,241
2026-08-03_14-39-02,1,106,5,0.0,0,20.0,-1,-1,0,69,159,19,46,224,224,0,0,0,0,0,18,28,45,224,224,0,0,0,0,99,186,0,0,0,0,0,0,0,70,248,250,38,56,0,0,0,0,0,0,0,0,0,0,0,0,0,171,38,1,171,38,0,0,0,0,187,1,35,48,0,2,0,0,0,0,0,10,32,0,0,6,29,41,0,0,0,0,0,0,198,224,253,253,166,224,224,224,0,0,0,1,11,0,41,0,128,62,192,208,207,209,0,3,0,38,0,223,32,223,0,222,10,2,2,1,58,4,248,48,3,0,65,123,251,201,241,0,89,249,17,44,224,224,0,0,0,0,0,20,30,47,224,224,0,0,0,0,83,170,0,0,0,0,0,0,0,86,232,234,38,56,0,0,0,0,0,0,0,0,0,0,0,0,0,171,38,1,171,38,0,0,0,0,191,1,113,48,0,2,0,0,0,0,0,6,32,0,0,0,53,224,0,0,0,0,0,0,198,224,21,21,166,224,224,224,0,0,0,1,11,30,69,0,128,62,192,208,207,209,0,3,0,38,0,223,32,223,0,222,32,222,13,1,221,24,0,240,3,0,65,0,0,238,52
2026-08-03_14-39-02,1,107,5,0.0,0,20.0,-1,-1,0,89,249,17,44,224,224,0,0,0,0,0,20,30,47,224,224,0,0,0,0,83,170,0,0,0,0,0,0,0,86,232,234,38,56,0,0,0,0,0,0,0,0,0,0,0,0,0,171,38,1,171,38,0,0,0,0,191,1,113,48,0,2,0,0,0,0,0,6,32,0,0,0,53,224,0,0,0,0,0,0,198,224,21,21,166,224,224,224,0,0,0,1,11,30,69,0,128,62,192,208,207,209,0,3,0,38,0,223,32,223,0,222,32,222,13,1,221,24,0,240,3,0,65,0,0,238,52,0,159,157,15,42,224,224,0,0,0,0,0,22,32,49,224,224,0,0,0,0,83,170,0,0,0,0,0,0,0,86,232,234,38,56,0,0,0,0,0,0,0,0,0,0,0,0,0,171,38,1,171,38,0,0,0,0,195,1,82,48,0,2,0,0,0,0,0,2,32,0,0,0,53,224,0,0,0,0,0,0,198,224,21,21,166,224,224,224,0,0,0,1,11,28,69,0,128,62,192,208,207,209,0,3,0,38,0,223,32,223,0,222,32,222,13,1,221,24,0,240,3,0,65,0,0,238,52
2026-08-03_14-39-02,1,108,5,0.0,0,20.0,-1,-1,0,159,157,15,42,224,224,0,0,0,0,0,22,32,49,224,224,0,0,0,0,83,170,0,0,0,0,0,0,0,86,232,234,38,56,0,0,0,0,0,0,0,0,0,0,0,0,0,171,38,1,171,38,0,0,0,0,195,1,82,48,0,2,0,0,0,0,0,2,32,0,0,0,53,224,0,0,0,0,0,0,198,224,21,21,166,224,224,224,0,0,0,1,11,28,69,0,128,62,192,208,207,209,0,3,0,38,0,223,32,223,0,222,32,222,13,1,221,24,0,240,3,0,65,0,0,238,52,0,249,212,13,40,224,224,0,0,0,0,0,24,34,51,224,224,0,0,0,0,83,170,0,0,0,0,0,0,0,86,232,234,38,56,0,0,0,0,0,0,0,0,0,0,0,0,0,171,38,1,171,38,0,0,0,0,199,1,51,48,0,2,0,0,0,0,0,6,64,0,0,0,53,224,0,0,0,0,0,0,198,224,21,21,166,224,224,224,0,0,0,1,11,26,69,0,128,62,192,208,207,209,0,3,0,38,0,223,32,223,0,222,32,222,13,2,221,24,0,240,3,0,65,0,0,238,52
2026-08-03_14-39-02,1,109,5,0.0,0,20.0,-1,-1,0,249,212,13,40,224,224,0,0,0,0,0,24,34,51,224,224,0,0,0,0,83,170,0,0,0,0,0,0,0,86,232,234,38,56,0,0,0,0,0,0,0,0,0,0,0,0,0,171,38,1,171,38,0,0,0,0,199,1,51,48,0,2,0,0,0,0,0,6,64,0,0,0,53,224,0,0,0,0,0,0,198,224,21,21,166,224,224,224,0,0,0,1,11,26,69,0,128,62,192,208,207,209,0,3,0,38,0,223,32,223,0,222,32,222,13,2,221,24,0,240,3,0,65,0,0,238,52,0,157,65,11,38,224,224,0,0,0,0,0,26,36,53,224,224,0,0,0,0,83,170,0,0,0,0,0,0,0,86,232,234,38,56,0,0,0,0,0,0,0,0,0,0,0,0,0,171,38,1,171,38,0,0,0,0,203,1,17,48,0,2,0,0,0,0,0,2,64,0,0,0,53,224,0,0,0,0,0,0,198,224,21,21,166,224,224,224,0,0,0,1,11,24,69,0,128,62,192,208,207,209,0,3,0,38,0,223,32,223,0,222,32,222,13,2,221,24,0,240,3,0,65,0,0,238,52
2026-08-03_14-39-02,1,110,5,0.0,0,20.0,-1,-1,0,157,65,11,38,224,224,0,0,0,0,0,26,36,53,224,224,0,0,0,0,83,170,0,0,0,0,0,0,0,86,232,234,38,56,0,0,0,0,0,0,0,0,0,0,0,0,0,171,38,1,171,38,0,0,0,0,203,1,17,48,0,2,0,0,0,0,0,2,64,0,0,0,53,224,0,0,0,0,0,0,198,224,21,21,166,224,224,224,0,0,0,1,11,24,69,0,128,62,192,208,207,209,0,3,0,38,0,223,32,223,0,222,32,222,13,2,221,24,0,240,3,0,65,0,0,238,52,0,212,20,9,36,224,224,0,0,0,0,0,28,38,55,224,224,0,0,0,0,67,154,0,0,0,0,0,0,0,102,216,218,38,56,0,0,0,0,0,0,0,0,0,0,0,0,0,171,38,1,171,38,0,0,0,0,207,1,98,48,0,2,0,0,0,0,0,11,96,0,0,0,53,224,0,0,0,0,0,0,198,224,21,21,166,224,224,224,0,0,0,1,11,22,69,0,128,62,192,208,207,209,0,3,0,38,0,223,32,223,0,222,32,222,13,3,221,24,0,240,3,0,65,0,0,238,52
2026-08-03_14-39-02,1,111,0,0.0,0,20.0,-1,-1,0,212,20,9,36,224,224,0,0,0,0,0,28,38,55,224,224,0,0,0,0,67,154,0,0,0,0,0,0,0,102,216,218,38,56,0,0,0,0,0,0,0,0,0,0,0,0,0,171,38,1,171,38,0,0,0,0,207,1,98,48,0,2,0,0,0,0,0,11,96,0,0,0,53,224,0,0,0,0,0,0,198,224,21,21,166,224,224,224,0,0,0,1,11,22,69,0,128,62,192,208,207,209,0,3,0,38,0,223,32,223,0,222,32,222,13,3,221,24,0,240,3,0,65,0,0,238,52,0,65,79,7,34,224,224,0,0,0,0,0,30,40,57,224,224,0,0,0,0,67,154,0,0,0,0,0,0,0,102,216,218,38,56,0,0,0,0,0,0,0,0,0,0,0,0,0,171,38,1,171,38,0,0,0,0,211,1,67,48,0,2,0,0,0,0,0,7,96,0,0,0,53,224,0,0,0,0,0,0,198,224,21,21,166,224,224,224,0,0,0,1,11,20,69,0,128,62,192,208,207,209,0,3,0,38,0,223,32,223,0,222,32,222,13,3,221,24,0,240,3,0,65,0,0,238,52
2026-08-03_14-39-02,1,112,0,0.0,0,20.0,-1,-1,0,65,79,7,34,224,224,0,0,0,0,0,30,40,57,224,224,0,0,0,0,67,154,0,0,0,0,0,0,0,102,216,218,38,56,0,0,0,0,0,0,0,0,0,0,0,0,0,171,38,1,171,38,0,0,0,0,211,1,67,48,0,2,0,0,0,0,0,7,96,0,0,0,53,224,0,0,0,0,0,0,198,224,21,21,166,224,224,224,0,0,0,1,11,20,69,0,128,62,192,208,207,209,0,3,0,38,0,223,32,223,0,222,32,222,13,3,221,24,0,240,3,0,65,0,0,238,52,0,20,248,5,32,224,224,0,0,0,0,0,32,42,59,224,224,0,0,0,0,67,154,0,0,0,0,0,0,0,102,216,218,38,56,0,0,0,0,0,0,0,0,0,0,0,0,0,171,38,1,171,38,0,0,0,0,215,1,33,48,0,2,0,0,0,0,0,3,96,0,0,0,53,224,0,0,0,0,0,0,198,224,21,21,166,224,224,224,0,0,0,1,11,18,69,0,128,62,192,208,207,209,0,3,0,38,0,223,32,223,0,222,32,222,13,3,221,24,0,240,3,0,65,0,0,238,52
2026-08-03_14-39-02,1,113,5,0.0,0,20.0,-1,-1,0,20,248,5,32,224,224,0,0,0,0,0,32,42,59,224,224,0,0,0,0,67,154,0,0,0,0,0,0,0,102,216,218,38,56,0,0,0,0,0,0,0,0,0,0,0,0,0,171,38,1,171,38,0,0,0,0,215,1,33,48,0,2,0,0,0,0,0,3,96,0,0,0,53,224,0,0,0,0,0,0,198,224,21,21,166,224,224,224,0,0,0,1,11,18,69,0,128,62,192,208,207,209,0,3,0,38,0,223,32,223,0,222,32,222,13,3,221,24,0,240,3,0,65,0,0,238,52,0,79,135,3,30,224,224,0,0,0,0,0,34,44,61,224,224,0,0,0,0,51,138,0,0,0,0,0,0,0,132,200,202,38,56,0,0,0,0,0,0,0,0,0,0,0,0,0,171,38,1,171,38,0,0,0,0,219,1,114,48,0,2,0,0,0,0,0,7,0,0,0,0,53,224,0,0,0,0,0,0,198,224,21,21,166,224,224,224,0,0,0,1,11,16,69,0,128,62,192,208,207,209,0,3,0,38,0,223,32,223,0,222,32,222,13,0,221,24,0,240,3,0,65,0,0,238,52
2026-08-03_14-39-02,1,114,5,0.0,0,20.0,-1,-1,0,79,135,3,30,224,224,0,0,0,0,0,34,44,61,224,224,0,0,0,0,51,138,0,0,0,0,0,0,0,132,200,202,38,56,0,0,0,0,0,0,0,0,0,0,0,0,0,171,38,1,171,38,0,0,0,0,219,1,114,48,0,2,0,0,0,0,0,7,0,0,0,0,53,224,0,0,0,0,0,0,198,224,21,21,166,224,224,224,0,0,0,1,11,16,69,0,128,62,192,208,207,209,0,3,0,38,0,223,32,223,0,222,32,222,13,0,221,24,0,240,3,0,65,0,0,238,52,0,248,122,1,28,224,224,0,0,0,0,0,36,46,63,224,224,0,0,0,0,51,138,0,0,0,0,0,0,0,132,200,202,38,56,0,0,0,0,0,0,0,0,0,0,0,0,0,171,38,1,171,38,0,0,0,0,223,1,83,48,0,2,0,0,0,0,0,3,0,0,0,0,53,224,0,0,0,0,0,0,198,224,21,21,166,224,224,224,0,0,0,1,11,14,69,0,128,62,192,208,207,209,0,3,0,38,0,223,32,223,0,222,32,222,13,0,221,24,0,240,3,0,65,0,0,238,52
2026-08-03_14-39-02,1,115,0,0.0,0,20.0,-1,-1,0,248,122,1,28,224,224,0,0,0,0,0,36,46,63,224,224,0,0,0,0,51,138,0,0,0,0,0,0,0,132,200,202,38,56,0,0,0,0,0,0,0,0,0,0,0,0,0,171,38,1,171,38,0,0,0,0,223,1,83,48,0,2,0,0,0,0,0,3,0,0,0,0,53,224,0,0,0,0,0,0,198,224,21,21,166,224,224,224,0,0,0,1,11,14,69,0,128,62,192,208,207,209,0,3,0,38,0,223,32,223,0,222,32,222,13,0,221,24,0,240,3,0,65,0,0,238,52,0,135,161,255,26,88,224,0,0,0,0,0,38,48,65,224,224,0,0,0,0,51,138,51,0,0,0,0,0,0,132,200,202,38,56,0,0,0,0,0,0,0,0,0,0,0,0,0,171,38,1,171,38,0,0,0,0,227,1,49,48,0,2,0,0,0,0,0,12,32,0,0,0,53,224,0,0,0,0,0,0,198,224,21,21,166,224,224,224,0,0,0,2,11,12,69,0,128,62,70,208,207,209,1,3,51,38,0,223,32,223,0,222,32,222,13,1,221,24,0,240,3,0,65,0,0,238,52
2026-08-03_14-39-02,1,116,0,0.0,0,20.0,-1,-1,0,135,161,255,26,88,224,0,0,0,0,0,38,48,65,224,224,0,0,0,0,51,138,51,0,0,0,0,0,0,132,200,202,38,56,0,0,0,0,0,0,0,0,0,0,0,0,0,171,38,1,171,38,0,0,0,0,227,1,49,48,0,2,0,0,0,0,0,12,32,0,0,0,53,224,0,0,0,0,0,0,198,224,21,21,166,224,224,224,0,0,0,2,11,12,69,0,128,62,70,208,207,209,1,3,51,38,0,223,32,223,0,222,32,222,13,1,221,24,0,240,3,0,65,0,0,238,52,0,122,17,253,24,86,224,0,0,0,0,0,40,50,67,224,224,0,0,0,0,51,138,51,0,0,0,0,0,0,132,200,202,38,56,0,0,0,0,0,0,0,0,0,0,0,0,0,171,38,1,171,38,0,0,0,0,231,1,18,48,0,2,0,0,0,0,0,8,32,0,0,0,53,224,0,0,0,0,0,0,198,224,21,21,166,224,224,224,0,0,0,2,11,10,69,0,128,62,131,208,207,209,1,3,51,38,1,223,32,223,1,222,32,222,13,1,221,24,0,240,3,0,65,0,0,238,52
2026-08-03_14-39-02,1,117,5,0.0,0,20.0,-1,-1,0,122,17,253,24,86,224,0,0,0,0,0,40,50,67,224,224,0,0,0,0,51,138,51,0,0,0,0,0,0,132,200,202,38,56,0,0,0,0,0,0,0,0,0,0,0,0,0,171,38,1,171,38,0,0,0,0,231,1,18,48,0,2,0,0,0,0,0,8,32,0,0,0,53,224,0,0,0,0,0,0,198,224,21,21,166,224,224,224,0,0,0,2,11,10,69,0,128,62,131,208,207,209,1,3,51,38,1,223,32,223,1,222,32,222,13,1,221,24,0,240,3,0,65,0,0,238,52,0,161,17,251,22,84,224,0,0,0,0,0,42,52,69,224,224,0,0,0,0,35,99,35,0,0,0,0,0,0,148,184,186,38,56,0,0,0,0,0,0,0,0,0,0,0,0,0,171,38,1,171,38,0,0,0,0,235,1,99,48,0,2,0,0,0,0,0,4,32,0,0,0,53,224,0,0,0,0,0,0,198,224,21,21,166,224,224,224,0,0,0,2,11,8,69,0,128,62,131,208,207,209,1,3,35,38,3,223,32,223,3,222,32,222,29,1,221,24,0,240,3,0,65,0,0,238,52
2026-08-03_14-39-02,1,118,5,0.0,0,20.0,-1,-1,0,161,17,251,22,84,224,0,0,0,0,0,42,52,69,224,224,0,0,0,0,35,99,35,0,0,0,0,0,0,148,184,186,38,56,0,0,0,0,0,0,0,0,0,0,0,0,0,171,38,1,171,38,0,0,0,0,235,1,99,48,0,2,0,0,0,0,0,4,32,0,0,0,53,224,0,0,0,0,0,0,198,224,21,21,166,224,224,224,0,0,0,2,11,8,69,0,128,62,131,208,207,209,1,3,35,38,3,223,32,223,3,222,32,222,29,1,221,24,0,240,3,0,65,0,0,238,52,0,17,28,249,20,82,224,0,0,0,0,0,44,54,71,224,224,0,0,0,0,35,99,35,0,0,0,0,0,0,148,184,186,38,56,0,0,0,0,0,0,0,0,0,0,0,0,0,171,38,1,171,38,0,0,0,0,239,1,65,48,0,2,0,0,0,0,0,8,64,0,0,0,53,224,0,0,0,0,0,0,198,224,21,21,166,224,224,224,0,0,0,2,11,6,69,0,128,62,131,208,136,209,1,3,35,38,5,223,15,223,5,222,15,222,5,128,221,24,0,240,1,0,65,0,0,238,52
2026-08-03_14-39-02,1,119,0,0.0,0,20.0,-1,-1,0,17,28,249,20,82,224,0,0,0,0,0,44,54,71,224,224,0,0,0,0,35,99,35,0,0,0,0,0,0,148,184,186,38,56,0,0,0,0,0,0,0,0,0,0,0,0,0,171,38,1,171,38,0,0,0,0,239,1,65,48,0,2,0,0,0,0,0,8,64,0,0,0,53,224,0,0,0,0,0,0,198,224,21,21,166,224,224,224,0,0,0,2,11,6,69,0,128,62,131,208,136,209,1,3,35,38,5,223,15,223,5,222,15,222,5,128,221,24,0,240,1,0,65,0,0,238,52,0,17,198,247,18,80,224,0,0,0,0,0,46,56,73,224,224,0,0,0,0,35,99,35,0,0,0,0,0,0,148,184,186,38,56,0,0,0,0,0,0,0,0,0,0,0,0,0,171,38,1,171,38,0,0,0,0,243,1,34,48,0,2,0,0,0,0,0,4,64,0,0,0,53,224,0,0,0,0,0,0,198,224,21,21,166,224,224,224,0,0,0,2,11,4,69,0,128,62,131,208,136,209,1,5,35,186,7,223,14,223,7,222,14,222,13,2,221,24,0,240,1,0,65,0,0,238,52
2026-08-03_14-39-02,1,120,5,0.0,0,20.0,-1,-1,0,17,198,247,18,80,224,0,0,0,0,0,46,56,73,224,224,0,0,0,0,35,99,35,0,0,0,0,0,0,148,184,186,38,56,0,0,0,0,0,0,0,0,0,0,0,0,0,171,38,1,171,38,0,0,0,0,243,1,34,48,0,2,0,0,0,0,0,4,64,0,0,0,53,224,0,0,0,0,0,0,198,224,21,21,166,224,224,224,0,0,0,2,11,4,69,0,128,62,131,208,136,209,1,5,35,186,7,223,14,223,7,222,14,222,13,2,221,24,0,240,1,0,65,0,0,238,52,0,28,102,245,16,78,224,0,0,0,0,0,242,48,58,75,224,0,0,0,0,19,83,19,0,0,0,0,0,0,170,164,168,170,38,0,0,0,0,0,0,0,0,0,0,0,0,0,1,171,38,1,171,0,0,0,0,247,1,115,48,0,2,0,0,0,0,0,13,96,0,0,0,53,224,0,0,0,0,0,0,198,224,21,21,166,224,224,224,0,0,0,2,12,2,69,0,128,62,131,208,136,209,1,5,19,170,9,223,12,223,9,222,12,222,245,0,221,68,0,240,1,0,65,0,0,238,52
2026-08-03_14-39-02,1,121,0,0.0,0,20.0,-1,-1,0,28,102,245,16,78,224,0,0,0,0,0,242,48,58,75,224,0,0,0,0,19,83,19,0,0,0,0,0,0,170,164,168,170,38,0,0,0,0,0,0,0,0,0,0,0,0,0,1,171,38,1,171,0,0,0,0,247,1,115,48,0,2,0,0,0,0,0,13,96,0,0,0,53,224,0,0,0,0,0,0,198,224,21,21,166,224,224,224,0,0,0,2,12,2,69,0,128,62,131,208,136,209,1,5,19,170,9,223,12,223,9,222,12,222,245,0,221,68,0,240,1,0,65,0,0,238,52,0,198,100,243,14,76,224,0,0,0,0,0,244,50,60,77,224,0,0,0,0,19,83,19,0,0,0,0,0,0,170,164,168,170,38,0,0,0,0,0,0,0,0,0,0,0,0,0,1,171,38,1,171,0,0,0,0,251,1,81,48,0,2,0,0,0,0,0,9,96,0,0,0,53,69,0,0,0,0,0,0,198,224,21,21,166,224,224,224,0,0,0,2,12,0,69,0,192,90,131,208,136,209,1,5,19,170,11,223,10,223,11,222,11,2,2,3,86,4,142,80,1,199,251,123,251,201,241
2026-08-03_14-39-02,1,122,0,0.0,0,20.0,-1,-1,0,198,100,243,14,76,224,0,0,0,0,0,244,50,60,77,224,0,0,0,0,19,83,19,0,0,0,0,0,0,170,164,168,170,38,0,0,0,0,0,0,0,0,0,0,0,0,0,1,171,38,1,171,0,0,0,0,251,1,81,48,0,2,0,0,0,0,0,9,96,0,0,0,53,69,0,0,0,0,0,0,198,224,21,21,166,224,224,224,0,0,0,2,12,0,69,0,192,90,131,208,136,209,1,5,19,170,11,223,10,223,11,222,11,2,2,3,86,4,142,80,1,199,251,123,251,201,241,0,102,73,12,74,224,224,0,0,0,0,0,246,52,62,79,224,0,0,0,0,83,19,0,0,0,0,0,0,0,170,164,168,170,38,0,0,0,0,0,0,0,0,0,0,0,0,0,1,171,38,1,171,0,0,0,0,255,1,50,48,0,2,0,0,0,0,0,5,96,0,0,0,53,69,0,0,0,0,0,0,198,224,21,21,166,224,224,224,0,0,0,1,12,0,69,0,192,90,131,208,136,209,1,5,19,170,13,223,8,223,13,222,11,2,2,3,86,4,142,82,1,199,251,123,251,201,241
2026-08-03_14-39-02,1,123,0,0.0,0,20.0,-1,-1,0,102,73,12,74,224,224,0,0,0,0,0,246,52,62,79,224,0,0,0,0,83,19,0,0,0,0,0,0,0,170,164,168,170,38,0,0,0,0,0,0,0,0,0,0,0,0,0,1,171,38,1,171,0,0,0,0,255,1,50,48,0,2,0,0,0,0,0,5,96,0,0,0,53,69,0,0,0,0,0,0,198,224,21,21,166,224,224,224,0,0,0,1,12,0,69,0,192,90,131,208,136,209,1,5,19,170,13,223,8,223,13,222,11,2,2,3,86,4,142,82,1,199,251,123,251,201,241,0,100,149,10,72,224,224,0,0,0,0,0,248,54,64,81,224,0,0,0,0,83,19,0,0,0,0,0,0,0,170,164,168,170,38,0,0,0,0,0,0,0,0,0,0,0,0,0,1,171,38,1,171,0,0,0,0,3,2,19,48,0,2,0,0,0,0,0,1,96,0,0,0,53,69,0,0,0,0,0,0,198,224,21,21,166,224,224,224,0,0,0,1,12,0,69,0,192,90,131,208,136,209,1,5,19,170,15,223,6,223,15,222,11,2,2,3,86,4,142,84,1,199,251,123,251,201,241
2026-08-03_14-39-02,1,124,3,20.0,0,40.0,-1,-1,0,100,149,10,72,224,224,0,0,0,0,0,248,54,64,81,224,0,0,0,0,83,19,0,0,0,0,0,0,0,170,164,168,170,38,0,0,0,0,0,0,0,0,0,0,0,0,0,1,171,38,1,171,0,0,0,0,3,2,19,48,0,2,0,0,0,0,0,1,96,0,0,0,53,69,0,0,0,0,0,0,198,224,21,21,166,224,224,224,0,0,0,1,12,0,69,0,192,90,131,208,136,209,1,5,19,170,15,223,6,223,15,222,11,2,2,3,86,4,142,84,1,199,251,123,251,201,241,0,37,86,8,70,80,224,0,0,0,0,0,250,56,66,83,224,0,0,0,0,67,3,3,0,0,0,0,0,0,154,180,152,154,38,0,0,0,0,0,37,171,0,0,0,0,0,0,1,171,38,1,171,0,0,0,0,7,2,97,48,0,4,0,0,0,0,14,5,1,0,0,2,53,69,0,0,0,0,0,0,198,224,21,21,166,224,224,224,0,0,0,2,12,129,69,0,128,90,131,208,136,209,1,5,3,154,39,223,4,223,39,222,4,222,5,16,221,68,0,240,1,0,65,0,0,232,52
2026-08-03_14-39-02,1,125,3,0.0,0,40.0,-1,-1,0,37,86,8,70,80,224,0,0,0,0,0,250,56,66,83,224,0,0,0,0,67,3,3,0,0,0,0,0,0,154,180,152,154,38,0,0,0,0,0,37,171,0,0,0,0,0,0,1,171,38,1,171,0,0,0,0,7,2,97,48,0,4,0,0,0,0,14,5,1,0,0,2,53,69,0,0,0,0,0,0,198,224,21,21,166,224,224,224,0,0,0,2,12,129,69,0,128,90,131,208,136,209,1,5,3,154,39,223,4,223,39,222,4,222,5,16,221,68,0,240,1,0,65,0,0,232,52,0,85,109,6,68,78,224,0,0,0,0,0,252,58,68,85,224,0,0,0,0,67,3,3,0,0,0,0,0,0,154,180,152,154,38,0,0,0,0,0,37,171,0,0,0,0,0,0,1,171,38,1,171,0,0,0,0,11,2,66,48,0,4,0,0,0,0,12,1,1,0,0,2,53,69,0,0,0,0,0,0,198,224,21,21,166,224,224,224,0,0,0,2,12,131,69,0,128,90,192,208,136,209,0,5,0,154,0,223,2,223,0,222,2,222,13,16,221,68,0,240,1,0,65,0,0,232,52
2026-08-03_14-39-02,1,126,3,0.0,0,40.0,-1,-1,0,85,109,6,68,78,224,0,0,0,0,0,252,58,68,85,224,0,0,0,0,67,3,3,0,0,0,0,0,0,154,180,152,154,38,0,0,0,0,0,37,171,0,0,0,0,0,0,1,171,38,1,171,0,0,0,0,11,2,66,48,0,4,0,0,0,0,12,1,1,0,0,2,53,69,0,0,0,0,0,0,198,224,21,21,166,224,224,224,0,0,0,2,12,131,69,0,128,90,192,208,136,209,0,5,0,154,0,223,2,223,0,222,2,222,13,16,221,68,0,240,1,0,65,0,0,232,52,0,86,223,4,66,76,224,0,0,0,0,0,254,60,70,87,224,0,0,0,0,67,3,3,0,0,0,0,0,0,154,180,152,154,38,0,0,0,0,0,37,171,0,0,0,0,0,0,1,171,38,1,171,0,0,0,0,15,2,35,48,0,4,0,0,0,0,10,9,33,0,0,2,53,69,0,0,0,0,0,0,198,224,21,21,166,224,224,224,0,0,0,2,12,133,69,0,128,90,192,208,11,209,0,5,0,154,0,223,0,223,0,222,0,222,8,17,221,68,0,240,1,0,65,0,0,232,52
2026-08-03_14-39-02,1,127,0,0.0,0,40.0,-1,-1,0,86,223,4,66,76,224,0,0,0,0,0,254,60,70,87,224,0,0,0,0,67,3,3,0,0,0,0,0,0,154,180,152,154,38,0,0,0,0,0,37,171,0,0,0,0,0,0,1,171,38,1,171,0,0,0,0,15,2,35,48,0,4,0,0,0,0,10,9,33,0,0,2,53,69,0,0,0,0,0,0,198,224,21,21,166,224,224,224,0,0,0,2,12,133,69,0,128,90,192,208,11,209,0,5,0,154,0,223,0,223,0,222,0,222,8,17,221,68,0,240,1,0,65,0,0,232,52,0,109,255,2,64,74,224,0,0,0,0,0,0,62,72,224,224,0,0,0,0,51,243,19,0,0,0,0,0,0,138,196,136,138,38,0,0,0,0,0,37,171,0,0,0,0,0,0,1,171,38,1,171,0,0,0,0,19,2,113,32,0,4,0,0,0,0,8,5,33,0,0,2,29,224,0,0,0,0,0,0,198,224,253,253,166,224,224,224,0,0,0,2,11,62,41,0,128,90,192,208,207,209,0,5,0,138,0,223,0,223,0,222,0,222,8,17,221,68,0,240,1,0,60,0,0,232,53
2026-08-03_14-39-02,1,128,4,0.0,0,40.0,-1,-1,0,109,255,2,64,74,224,0,0,0,0,0,0,62,72,224,224,0,0,0,0,51,243,19,0,0,0,0,0,0,138,196,136,138,38,0,0,0,0,0,37,171,0,0,0,0,0,0,1,171,38,1,171,0,0,0,0,19,2,113,32,0,4,0,0,0,0,8,5,33,0,0,2,29,224,0,0,0,0,0,0,198,224,253,253,166,224,224,224,0,0,0,2,11,62,41,0,128,90,192,208,207,209,0,5,0,138,0,223,0,223,0,222,0,222,8,17,221,68,0,240,1,0,60,0,0,232,53,0,223,246,0,62,72,224,0,0,0,0,0,2,64,74,224,224,0,0,0,0,51,243,19,0,0,0,0,0,0,138,196,136,138,38,0,0,0,0,0,37,171,0,0,0,0,0,0,1,171,38,1,171,0,0,0,0,23,2,82,32,0,4,0,0,0,0,6,1,33,0,0,2,29,224,0,0,0,0,0,0,198,224,253,253,166,224,224,224,0,0,0,2,11,60,41,0,128,90,192,208,207,209,0,5,0,138,0,223,0,223,0,222,0,222,8,17,221,68,0,240,1,0,60,0,0,232,52
2026-08-03_14-39-02,1,129,4,0.0,0,40.0,-1,-1,0,223,246,0,62,72,224,0,0,0,0,0,2,64,74,224,224,0,0,0,0,51,243,19,0,0,0,0,0,0,138,196,136,138,38,0,0,0,0,0,37,171,0,0,0,0,0,0,1,171,38,1,171,0,0,0,0,23,2,82,32,0,4,0,0,0,0,6,1,33,0,0,2,29,224,0,0,0,0,0,0,198,224,253,253,166,224,224,224,0,0,0,2,11,60,41,0,128,90,192,208,207,209,0,5,0,138,0,223,0,223,0,222,0,222,8,17,221,68,0,240,1,0,60,0,0,232,52,0,255,108,254,60,70,87,224,0,0,0,0,4,66,76,224,224,0,0,0,0,51,243,19,51,0,0,0,0,0,138,196,136,138,38,0,0,0,0,0,37,171,0,0,0,0,0,0,1,171,38,1,171,0,0,0,0,27,2,51,32,0,4,0,0,0,0,4,5,65,0,0,2,29,224,0,0,0,0,0,0,198,224,253,253,166,224,224,224,0,0,0,3,11,58,41,0,128,90,131,208,207,209,1,5,51,138,0,223,0,223,0,222,0,222,8,18,221,68,0,240,1,0,60,0,0,232,52
2026-08-03_14-39-02,1,130,0,0.0,0,40.0,-1,-1,0,255,108,254,60,70,87,224,0,0,0,0,4,66,76,224,224,0,0,0,0,51,243,19,51,0,0,0,0,0,138,196,136,138,38,0,0,0,0,0,37,171,0,0,0,0,0,0,1,171,38,1,171,0,0,0,0,27,2,51,32,0,4,0,0,0,0,4,5,65,0,0,2,29,224,0,0,0,0,0,0,198,224,253,253,166,224,224,224,0,0,0,3,11,58,41,0,128,90,131,208,207,209,1,5,51,138,0,223,0,223,0,222,0,222,8,18,221,68,0,240,1,0,60,0,0,232,52,0,246,192,252,58,68,85,224,0,0,0,0,6,68,78,224,224,0,0,0,0,51,243,19,51,0,0,0,0,0,138,196,136,138,38,0,0,0,0,0,37,171,0,0,0,0,0,0,1,171,38,1,171,0,0,0,0,31,2,17,32,0,4,0,0,0,0,2,1,65,0,0,2,29,224,0,0,0,0,0,0,198,224,253,253,166,224,224,224,0,0,0,3,11,56,41,0,128,90,131,208,207,209,1,5,51,138,2,223,0,223,2,222,0,222,13,18,221,68,0,240,1,0,60,0,0,232,52
2026-08-03_14-39-02,1,131,0,0.0,0,40.0,-1,-1,0,246,192,252,58,68,85,224,0,0,0,0,6,68,78,224,224,0,0,0,0,51,243,19,51,0,0,0,0,0,138,196,136,138,38,0,0,0,0,0,37,171,0,0,0,0,0,0,1,171,38,1,171,0,0,0,0,31,2,17,32,0,4,0,0,0,0,2,1,65,0,0,2,29,224,0,0,0,0,0,0,198,224,253,253,166,224,224,224,0,0,0,3,11,56,41,0,128,90,131,208,207,209,1,5,51,138,2,223,0,223,2,222,0,222,13,18,221,68,0,240,1,0,60,0,0,232,52,0,108,3,250,56,66,83,224,0,0,0,0,8,70,80,224,224,0,0,0,0,35,227,35,35,0,0,0,0,0,99,212,106,138,38,0,0,0,0,0,37,171,0,0,0,0,0,0,1,171,38,1,171,0,0,0,0,35,2,98,32,0,4,0,0,0,0,0,9,96,0,0,2,29,224,0,0,0,0,0,0,198,224,253,253,166,224,224,224,0,0,0,3,11,54,41,0,128,90,131,208,136,209,1,5,35,106,4,223,39,223,4,222,39,222,8,3,221,68,0,240,6,0,60,0,0,232,52
2026-08-03_14-39-02,1,132,3,0.0,0,40.0,-1,-1,0,108,3,250,56,66,83,224,0,0,0,0,8,70,80,224,224,0,0,0,0,35,227,35,35,0,0,0,0,0,99,212,106,138,38,0,0,0,0,0,37,171,0,0,0,0,0,0,1,171,38,1,171,0,0,0,0,35,2,98,32,0,4,0,0,0,0,0,9,96,0,0,2,29,224,0,0,0,0,0,0,198,224,253,253,166,224,224,224,0,0,0,3,11,54,41,0,128,90,131,208,136,209,1,5,35,106,4,223,39,223,4,222,39,222,8,3,221,68,0,240,6,0,60,0,0,232,52,0,192,54,248,54,64,81,224,0,0,0,0,10,72,82,224,224,0,0,0,0,35,227,35,35,0,0,0,0,0,99,212,106,138,38,0,0,0,0,0,37,171,0,0,0,0,0,0,1,171,38,1,171,0,0,0,0,39,2,67,32,0,4,0,0,0,0,0,5,96,0,0,2,29,224,0,0,0,0,0,0,198,224,253,253,166,224,224,224,0,0,0,3,11,52,41,0,128,90,131,208,136,209,1,5,35,106,6,223,37,223,6,222,37,222,8,3,221,68,0,240,6,0,60,0,0,232,52
2026-08-03_14-39-02,1,133,3,0.0,0,40.0,-1,-1,0,192,54,248,54,64,81,224,0,0,0,0,10,72,82,224,224,0,0,0,0,35,227,35,35,0,0,0,0,0,99,212,106,138,38,0,0,0,0,0,37,171,0,0,0,0,0,0,1,171,38,1,171,0,0,0,0,39,2,67,32,0,4,0,0,0,0,0,5,96,0,0,2,29,224,0,0,0,0,0,0,198,224,253,253,166,224,224,224,0,0,0,3,11,52,41,0,128,90,131,208,136,209,1,5,35,106,6,223,37,223,6,222,37,222,8,3,221,68,0,240,6,0,60,0,0,232,52,0,3,104,246,52,62,79,224,0,0,0,0,251,12,74,84,224,0,0,0,0,35,227,35,35,0,0,0,0,0,106,99,212,106,138,0,0,0,0,0,37,171,0,0,0,0,0,0,38,1,171,38,1,0,0,0,0,43,2,33,32,0,4,0,0,0,0,0,1,96,0,0,2,29,224,0,0,0,0,0,0,198,224,253,253,166,224,224,224,0,0,0,3,12,50,41,0,128,90,131,208,136,209,1,5,35,106,8,223,35,223,8,222,35,222,8,3,221,118,0,240,6,0,60,0,0,232,52
2026-08-03_14-39-02,1,134,3,0.0,0,40.0,-1,-1,0,3,104,246,52,62,79,224,0,0,0,0,251,12,74,84,224,0,0,0,0,35,227,35,35,0,0,0,0,0,106,99,212,106,138,0,0,0,0,0,37,171,0,0,0,0,0,0,38,1,171,38,1,0,0,0,0,43,2,33,32,0,4,0,0,0,0,0,1,96,0,0,2,29,224,0,0,0,0,0,0,198,224,253,253,166,224,224,224,0,0,0,3,12,50,41,0,128,90,131,208,136,209,1,5,35,106,8,223,35,223,8,222,35,222,8,3,221,118,0,240,6,0,60,0,0,232,52,0,54,128,244,50,60,77,224,0,0,0,0,253,14,76,86,224,0,0,0,0,19,211,51,19,0,0,0,0,0,90,83,228,90,138,0,0,0,0,0,37,171,0,0,0,0,0,0,38,1,171,38,1,0,0,0,0,47,2,114,32,0,4,0,0,0,0,0,5,0,0,0,2,29,224,0,0,0,0,0,0,198,224,253,253,166,224,224,224,0,0,0,3,12,48,41,0,128,90,131,208,136,209,1,5,19,90,10,223,33,223,10,222,33,222,8,0,221,118,0,240,6,0,60,0,0,232,52
2026-08-03_14-39-02,1,135,0,0.0,0,40.0,-1,-1,0,54,128,244,50,60,77,224,0,0,0,0,253,14,76,86,224,0,0,0,0,19,211,51,19,0,0,0,0,0,90,83,228,90,138,0,0,0,0,0,37,171,0,0,0,0,0,0,38,1,171,38,1,0,0,0,0,47,2,114,32,0,4,0,0,0,0,0,5,0,0,0,2,29,224,0,0,0,0,0,0,198,224,253,253,166,224,224,224,0,0,0,3,12,48,41,0,128,90,131,208,136,209,1,5,19,90,10,223,33,223,10,222,33,222,8,0,221,118,0,240,6,0,60,0,0,232,52,0,104,11,242,48,58,75,224,0,0,0,0,255,16,78,88,224,0,0,0,0,19,211,51,19,0,0,0,0,0,90,83,228,90,138,0,0,0,0,0,37,171,0,0,0,0,0,0,38,1,171,38,1,0,0,0,0,51,2,83,32,0,4,0,0,0,0,0,1,0,0,0,2,29,224,0,0,0,0,0,0,198,224,253,253,166,224,224,224,0,0,0,3,12,46,41,0,128,90,131,208,11,209,1,5,19,90,12,223,32,223,12,222,32,222,245,0,221,118,0,240,6,0,60,0,0,232,52
2026-08-03_14-39-02,1,136,0,0.0,0,40.0,-1,-1,0,104,11,242,48,58,75,224,0,0,0,0,255,16,78,88,224,0,0,0,0,19,211,51,19,0,0,0,0,0,90,83,228,90,138,0,0,0,0,0,37,171,0,0,0,0,0,0,38,1,171,38,1,0,0,0,0,51,2,83,32,0,4,0,0,0,0,0,1,0,0,0,2,29,224,0,0,0,0,0,0,198,224,253,253,166,224,224,224,0,0,0,3,12,46,41,0,128,90,131,208,11,209,1,5,19,90,12,223,32,223,12,222,32,222,245,0,221,118,0,240,6,0,60,0,0,232,52,0,128,183,46,56,73,224,224,0,0,0,0,1,18,80,224,224,0,0,0,0,211,51,19,0,0,0,0,0,0,90,83,228,90,138,0,0,0,0,37,171,0,0,0,0,0,0,0,38,1,171,38,1,0,0,0,0,55,2,49,32,0,4,0,0,0,0,0,9,32,0,0,2,29,224,0,0,0,0,0,0,198,224,253,253,166,224,224,224,0,0,0,2,11,44,41,0,128,90,131,208,136,209,1,2,19,228,14,223,39,223,14,222,39,222,8,1,221,118,0,240,3,0,60,0,0,232,52
2026-08-03_14-39-02,1,137,0,0.0,0,40.0,-1,-1,0,128,183,46,56,73,224,224,0,0,0,0,1,18,80,224,224,0,0,0,0,211,51,19,0,0,0,0,0,0,90,83,228,90,138,0,0,0,0,37,171,0,0,0,0,0,0,0,38,1,171,38,1,0,0,0,0,55,2,49,32,0,4,0,0,0,0,0,9,32,0,0,2,29,224,0,0,0,0,0,0,198,224,253,253,166,224,224,224,0,0,0,2,11,44,41,0,128,90,131,208,136,209,1,2,19,228,14,223,39,223,14,222,39,222,8,1,221,118,0,240,3,0,60,0,0,232,52,0,11,112,44,54,71,224,224,0,0,0,0,3,20,82,224,224,0,0,0,0,211,51,19,0,0,0,0,0,0,90,83,228,90,138,0,0,0,0,37,171,0,0,0,0,0,0,0,38,1,171,38,1,0,0,0,0,59,2,18,32,0,4,0,0,0,0,0,5,32,0,0,2,29,224,0,0,0,0,0,0,198,224,253,253,166,224,224,224,0,0,0,2,11,42,41,0,128,90,192,208,136,209,0,2,0,228,15,223,37,223,15,222,37,222,8,1,221,118,0,240,3,0,60,0,0,232,52
2026-08-03_14-39-02,1,138,0,0.0,0,40.0,-1,-1,0,11,112,44,54,71,224,224,0,0,0,0,3,20,82,224,224,0,0,0,0,211,51,19,0,0,0,0,0,0,90,83,228,90,138,0,0,0,0,37,171,0,0,0,0,0,0,0,38,1,171,38,1,0,0,0,0,59,2,18,32,0,4,0,0,0,0,0,5,32,0,0,2,29,224,0,0,0,0,0,0,198,224,253,253,166,224,224,224,0,0,0,2,11,42,41,0,128,90,192,208,136,209,0,2,0,228,15,223,37,223,15,222,37,222,8,1,221,118,0,240,3,0,60,0,0,232,52,0,183,3,42,52,69,224,224,0,0,0,0,251,5,22,84,224,0,0,0,0,195,67,3,0,0,0,0,0,0,244,74,67,244,90,0,0,0,0,37,171,0,0,0,0,0,0,0,171,38,1,171,38,0,0,0,0,63,2,99,32,0,4,0,0,0,0,0,1,32,0,0,2,29,224,0,0,0,0,0,0,198,224,253,253,166,224,224,224,0,0,0,2,12,40,41,0,128,90,192,208,136,209,0,2,0,244,0,223,35,223,0,222,35,222,8,1,221,24,0,240,3,0,60,0,0,232,52
2026-08-03_14-39-02,1,139,3,0.0,0,40.0,-1,-1,0,183,3,42,52,69,224,224,0,0,0,0,251,5,22,84,224,0,0,0,0,195,67,3,0,0,0,0,0,0,244,74,67,244,90,0,0,0,0,37,171,0,0,0,0,0,0,0,171,38,1,171,38,0,0,0,0,63,2,99,32,0,4,0,0,0,0,0,1,32,0,0,2,29,224,0,0,0,0,0,0,198,224,253,253,166,224,224,224,0,0,0,2,12,40,41,0,128,90,192,208,136,209,0,2,0,244,0,223,35,223,0,222,35,222,8,1,221,24,0,240,3,0,60,0,0,232,52,0,112,59,40,50,67,224,224,0,0,0,0,253,7,24,86,224,0,0,0,0,195,67,3,0,0,0,0,0,0,244,74,67,244,90,0,0,0,0,37,171,0,0,0,0,0,0,0,171,38,1,171,38,0,0,0,0,67,2,65,32,0,4,0,0,0,0,0,5,64,0,0,2,29,224,0,0,0,0,0,0,198,224,253,253,166,224,224,224,0,0,0,2,12,38,41,0,128,90,192,208,136,209,0,2,0,244,0,223,33,223,0,222,33,222,8,2,221,24,0,240,3,0,60,0,0,232,52
2026-08-03_14-39-02,1,140,3,0.0,0,40.0,-1,-1,0,112,59,40,50,67,224,224,0,0,0,0,253,7,24,86,224,0,0,0,0,195,67,3,0,0,0,0,0,0,244,74,67,244,90,0,0,0,0,37,171,0,0,0,0,0,0,0,171,38,1,171,38,0,0,0,0,67,2,65,32,0,4,0,0,0,0,0,5,64,0,0,2,29,224,0,0,0,0,0,0,198,224,253,253,166,224,224,224,0,0,0,2,12,38,41,0,128,90,192,208,136,209,0,2,0,244,0,223,33,223,0,222,33,222,8,2,221,24,0,240,3,0,60,0,0,232,52,0,3,178,38,48,65,224,224,0,0,0,0,255,9,26,88,224,0,0,0,0,195,67,3,0,0,0,0,0,0,244,74,67,244,90,0,0,0,0,37,171,0,0,0,0,0,0,0,171,38,1,171,38,0,0,0,0,71,2,34,32,0,4,0,0,0,0,0,1,64,0,0,2,29,224,0,0,0,0,0,0,198,224,253,253,166,224,224,224,0,0,0,2,12,36,41,0,128,90,192,208,11,209,0,2,0,244,0,223,32,223,0,222,32,222,13,2,221,24,0,240,3,0,60,0,0,232,52
2026-08-03_14-39-02,1,141,3,0.0,0,40.0,-1,-1,0,3,178,38,48,65,224,224,0,0,0,0,255,9,26,88,224,0,0,0,0,195,67,3,0,0,0,0,0,0,244,74,67,244,90,0,0,0,0,37,171,0,0,0,0,0,0,0,171,38,1,171,38,0,0,0,0,71,2,34,32,0,4,0,0,0,0,0,1,64,0,0,2,29,224,0,0,0,0,0,0,198,224,253,253,166,224,224,224,0,0,0,2,12,36,41,0,128,90,192,208,11,209,0,2,0,244,0,223,32,223,0,222,32,222,13,2,221,24,0,240,3,0,60,0,0,232,52,0,59,32,36,46,63,224,224,0,0,0,0,1,11,28,224,224,0,0,0,0,179,83,243,0,0,0,0,0,0,4,58,51,244,90,0,0,0,0,37,171,0,0,0,0,0,0,0,171,38,1,171,38,0,0,0,0,75,2,115,32,0,4,0,0,0,0,0,9,96,0,0,2,29,224,0,0,0,0,0,0,198,224,253,253,166,224,224,224,0,0,0,2,11,34,41,0,128,90,192,208,207,209,0,2,0,244,0,223,32,223,0,222,32,222,13,3,221,24,0,240,3,0,60,0,0,232,52
2026-08-03_14-39-02,1,142,0,0.0,0,40.0,-1,-1,0,59,32,36,46,63,224,224,0,0,0,0,1,11,28,224,224,0,0,0,0,179,83,243,0,0,0,0,0,0,4,58,51,244,90,0,0,0,0,37,171,0,0,0,0,0,0,0,171,38,1,171,38,0,0,0,0,75,2,115,32,0,4,0,0,0,0,0,9,96,0,0,2,29,224,0,0,0,0,0,0,198,224,253,253,166,224,224,224,0,0,0,2,11,34,41,0,128,90,192,208,207,209,0,2,0,244,0,223,32,223,0,222,32,222,13,3,221,24,0,240,3,0,60,0,0,232,52,0,178,9,34,44,61,224,224,0,0,0,0,3,13,30,224,224,0,0,0,0,179,83,243,0,0,0,0,0,0,4,58,51,244,90,0,0,0,0,37,171,0,0,0,0,0,0,0,171,38,1,171,38,0,0,0,0,79,2,81,32,0,4,0,0,0,0,0,5,96,0,0,2,29,224,0,0,0,0,0,0,198,224,253,253,166,224,224,224,0,0,0,2,11,32,41,0,128,90,192,208,207,209,0,2,0,244,0,223,32,223,0,222,32,222,13,3,221,24,0,240,3,0,60,0,0,232,52
2026-08-03_14-39-02,1,143,0,0.0,0,40.0,-1,-1,0,178,9,34,44,61,224,224,0,0,0,0,3,13,30,224,224,0,0,0,0,179,83,243,0,0,0,0,0,0,4,58,51,244,90,0,0,0,0,37,171,0,0,0,0,0,0,0,171,38,1,171,38,0,0,0,0,79,2,81,32,0,4,0,0,0,0,0,5,96,0,0,2,29,224,0,0,0,0,0,0,198,224,253,253,166,224,224,224,0,0,0,2,11,32,41,0,128,90,192,208,207,209,0,2,0,244,0,223,32,223,0,222,32,222,13,3,221,24,0,240,3,0,60,0,0,232,52,0,32,154,32,42,59,224,224,0,0,0,0,5,15,32,224,224,0,0,0,0,179,83,243,0,0,0,0,0,0,4,58,51,244,90,0,0,0,0,37,171,0,0,0,0,0,0,0,171,38,1,171,38,0,0,0,0,83,2,50,32,0,4,0,0,0,0,0,1,96,0,0,2,29,224,0,0,0,0,0,0,198,224,253,253,166,224,224,224,0,0,0,2,11,30,41,0,128,90,192,208,207,209,0,2,0,244,0,223,32,223,0,222,32,222,13,3,221,24,0,240,3,0,60,0,0,232,52
2026-08-03_14-39-02,1,144,0,0.0,0,40.0,-1,-1,0,32,154,32,42,59,224,224,0,0,0,0,5,15,32,224,224,0,0,0,0,179,83,243,0,0,0,0,0,0,4,58,51,244,90,0,0,0,0,37,171,0,0,0,0,0,0,0,171,38,1,171,38,0,0,0,0,83,2,50,32,0,4,0,0,0,0,0,1,96,0,0,2,29,224,0,0,0,0,0,0,198,224,253,253,166,224,224,224,0,0,0,2,11,30,41,0,128,90,192,208,207,209,0,2,0,244,0,223,32,223,0,222,32,222,13,3,221,24,0,240,3,0,60,0,0,232,52,0,9,172,30,40,57,224,224,0,0,0,0,7,17,34,224,224,0,0,0,0,179,83,243,0,0,0,0,0,0,4,58,51,244,90,0,0,0,0,37,171,0,0,0,0,0,0,0,171,38,1,171,38,0,0,0,0,87,2,19,32,0,4,0,0,0,0,0,5,0,0,0,2,29,224,0,0,0,0,0,0,198,224,253,253,166,224,224,224,0,0,0,2,11,28,41,0,128,90,192,208,207,209,0,2,0,244,0,223,32,223,0,222,32,222,13,0,221,24,0,240,3,0,60,0,0,232,52
2026-08-03_14-39-02,1,145,0,0.0,0,40.0,-1,-1,0,9,172,30,40,57,224,224,0,0,0,0,7,17,34,224,224,0,0,0,0,179,83,243,0,0,0,0,0,0,4,58,51,244,90,0,0,0,0,37,171,0,0,0,0,0,0,0,171,38,1,171,38,0,0,0,0,87,2,19,32,0,4,0,0,0,0,0,5,0,0,0,2,29,224,0,0,0,0,0,0,198,224,253,253,166,224,224,224,0,0,0,2,11,28,41,0,128,90,192,208,207,209,0,2,0,244,0,223,32,223,0,222,32,222,13,0,221,24,0,240,3,0,60,0,0,232,52,0,154,195,28,38,55,224,224,0,0,0,0,9,19,36,224,224,0,0,0,0,163,99,227,0,0,0,0,0,0,20,42,35,244,90,0,0,0,0,37,171,0,0,0,0,0,0,0,171,38,1,171,38,0,0,0,0,91,2,97,32,0,4,0,0,0,0,0,1,0,0,0,2,29,224,0,0,0,0,0,0,198,224,253,253,166,224,224,224,0,0,0,2,11,26,41,0,128,90,192,208,207,209,0,2,0,244,0,223,32,223,0,222,32,222,13,0,221,24,0,240,3,0,60,0,0,232,52
2026-08-03_14-39-02,1,146,0,0.0,0,40.0,-1,-1,0,154,195,28,38,55,224,224,0,0,0,0,9,19,36,224,224,0,0,0,0,163,99,227,0,0,0,0,0,0,20,42,35,244,90,0,0,0,0,37,171,0,0,0,0,0,0,0,171,38,1,171,38,0,0,0,0,91,2,97,32,0,4,0,0,0,0,0,1,0,0,0,2,29,224,0,0,0,0,0,0,198,224,253,253,166,224,224,224,0,0,0,2,11,26,41,0,128,90,192,208,207,209,0,2,0,244,0,223,32,223,0,222,32,222,13,0,221,24,0,240,3,0,60,0,0,232,52,0,172,53,26,36,53,224,224,0,0,0,0,11,21,38,224,224,0,0,0,0,163,99,227,0,0,0,0,0,0,20,42,35,244,90,0,0,0,0,37,171,0,0,0,0,0,0,0,171,38,1,171,38,0,0,0,0,95,2,66,32,0,4,0,0,0,0,0,9,32,0,0,2,29,224,0,0,0,0,0,0,198,224,253,253,166,224,224,224,0,0,0,2,11,24,41,0,128,90,192,208,207,209,0,2,0,244,0,223,32,223,0,222,32,222,13,1,221,24,0,240,3,0,60,0,0,232,52
2026-08-03_14-39-02,1,147,0,0.0,0,40.0,-1,-1,0,172,53,26,36,53,224,224,0,0,0,0,11,21,38,224,224,0,0,0,0,163,99,227,0,0,0,0,0,0,20,42,35,244,90,0,0,0,0,37,171,0,0,0,0,0,0,0,171,38,1,171,38,0,0,0,0,95,2,66,32,0,4,0,0,0,0,0,9,32,0,0,2,29,224,0,0,0,0,0,0,198,224,253,253,166,224,224,224,0,0,0,2,11,24,41,0,128,90,192,208,207,209,0,2,0,244,0,223,32,223,0,222,32,222,13,1,221,24,0,240,3,0,60,0,0,232,52,0,195,94,24,34,51,224,224,0,0,0,0,13,23,40,224,224,0,0,0,0,163,99,227,0,0,0,0,0,0,20,42,35,244,90,0,0,0,0,37,171,0,0,0,0,0,0,0,171,38,1,171,38,0,0,0,0,99,2,35,32,0,4,0,0,0,0,0,5,32,0,0,2,29,224,0,0,0,0,0,0,198,224,253,253,166,224,224,224,0,0,0,2,11,22,41,0,128,90,192,208,207,209,0,2,0,244,0,223,32,223,0,222,32,222,13,1,221,24,0,240,3,0,60,0,0,232,53
2026-08-03_14-39-02,1,148,0,0.0,0,40.0,-1,-1,0,195,94,24,34,51,224,224,0,0,0,0,13,23,40,224,224,0,0,0,0,163,99,227,0,0,0,0,0,0,20,42,35,244,90,0,0,0,0,37,171,0,0,0,0,0,0,0,171,38,1,171,38,0,0,0,0,99,2,35,32,0,4,0,0,0,0,0,5,32,0,0,2,29,224,0,0,0,0,0,0,198,224,253,253,166,224,224,224,0,0,0,2,11,22,41,0,128,90,192,208,207,209,0,2,0,244,0,223,32,223,0,222,32,222,13,1,221,24,0,240,3,0,60,0,0,232,53,0,53,232,22,32,49,224,224,0,0,0,0,15,25,42,224,224,0,0,0,0,101,138,211,0,0,0,0,0,0,36,26,19,244,90,0,0,0,0,37,171,0,0,0,0,0,0,0,171,38,1,171,38,0,0,0,0,103,2,113,32,0,4,0,0,0,0,0,1,32,0,0,2,29,224,0,0,0,0,0,0,198,224,253,253,166,224,224,224,0,0,0,2,11,20,41,0,128,90,192,208,207,209,0,2,0,244,0,223,32,223,0,222,32,222,13,1,221,24,0,240,3,0,60,0,0,232,52
2026-08-03_14-39-02,1,149,0,0.0,0,40.0,-1,-1,0,53,232,22,32,49,224,224,0,0,0,0,15,25,42,224,224,0,0,0,0,101,138,211,0,0,0,0,0,0,36,26,19,244,90,0,0,0,0,37,171,0,0,0,0,0,0,0,171,38,1,171,38,0,0,0,0,103,2,113,32,0,4,0,0,0,0,0,1,32,0,0,2,29,224,0,0,0,0,0,0,198,224,253,253,166,224,224,224,0,0,0,2,11,20,41,0,128,90,192,208,207,209,0,2,0,244,0,223,32,223,0,222,32,222,13,1,221,24,0,240,3,0,60,0,0,232,52,0,94,139,20,30,47,224,224,0,0,0,0,17,27,44,224,224,0,0,0,0,101,138,211,0,0,0,0,0,0,36,26,19,244,90,0,0,0,0,37,171,0,0,0,0,0,0,0,171,38,1,171,38,0,0,0,0,107,2,82,32,0,4,0,0,0,0,0,5,64,0,0,2,29,224,0,0,0,0,0,0,198,224,253,253,166,224,224,224,0,0,0,2,11,18,41,0,128,90,192,208,207,209,0,2,0,244,0,223,32,223,0,222,32,222,13,2,221,24,0,240,3,0,60,0,0,232,52
2026-08-03_14-39-02,1,150,0,0.0,0,40.0,-1,-1,0,94,139,20,30,47,224,224,0,0,0,0,17,27,44,224,224,0,0,0,0,101,138,211,0,0,0,0,0,0,36,26,19,244,90,0,0,0,0,37,171,0,0,0,0,0,0,0,171,38,1,171,38,0,0,0,0,107,2,82,32,0,4,0,0,0,0,0,5,64,0,0,2,29,224,0,0,0,0,0,0,198,224,253,253,166,224,224,224,0,0,0,2,11,18,41,0,128,90,192,208,207,209,0,2,0,244,0,223,32,223,0,222,32,222,13,2,221,24,0,240,3,0,60,0,0,232,52,0,232,188,18,28,45,224,224,0,0,0,0,19,29,46,224,224,0,0,0,0,101,138,211,0,0,0,0,0,0,36,26,19,244,90,0,0,0,0,37,171,0,0,0,0,0,0,0,171,38,1,171,38,0,0,0,0,111,2,51,32,0,4,0,0,0,0,0,1,64,0,0,2,29,224,0,0,0,0,0,0,198,224,253,253,166,224,224,224,0,0,0,2,11,16,41,0,128,90,192,208,207,209,0,2,0,244,0,223,32,223,0,222,32,222,13,2,221,24,0,240,3,0,60,0,0,232,52
2026-08-03_14-39-02,1,151,0,0.0,0,40.0,-1,-1,0,232,188,18,28,45,224,224,0,0,0,0,19,29,46,224,224,0,0,0,0,101,138,211,0,0,0,0,0,0,36,26,19,244,90,0,0,0,0,37,171,0,0,0,0,0,0,0,171,38,1,171,38,0,0,0,0,111,2,51,32,0,4,0,0,0,0,0,1,64,0,0,2,29,224,0,0,0,0,0,0,198,224,253,253,166,224,224,224,0,0,0,2,11,16,41,0,128,90,192,208,207,209,0,2,0,244,0,223,32,223,0,222,32,222,13,2,221,24,0,240,3,0,60,0,0,232,52,0,139,199,16,26,43,224,224,0,0,0,0,21,31,48,224,224,0,0,0,0,101,138,211,0,0,0,0,0,0,36,26,19,244,90,0,0,0,0,37,171,0,0,0,0,0,0,0,171,38,1,171,38,0,0,0,0,115,2,17,32,0,4,0,0,0,0,0,9,96,0,0,2,29,224,0,0,0,0,0,0,198,224,253,253,166,224,224,224,0,0,0,2,11,14,41,0,128,90,192,208,207,209,0,2,0,244,0,223,32,223,0,222,32,222,13,3,221,24,0,240,3,0,60,0,0,232,52
2026-08-03_14-39-02,1,152,0,0.0,0,40.0,-1,-1,0,139,199,16,26,43,224,224,0,0,0,0,21,31,48,224,224,0,0,0,0,101,138,211,0,0,0,0,0,0,36,26,19,244,90,0,0,0,0,37,171,0,0,0,0,0,0,0,171,38,1,171,38,0,0,0,0,115,2,17,32,0,4,0,0,0,0,0,9,96,0,0,2,29,224,0,0,0,0,0,0,198,224,253,253,166,224,224,224,0,0,0,2,11,14,41,0,128,90,192,208,207,209,0,2,0,244,0,223,32,223,0,222,32,222,13,3,221,24,0,240,3,0,60,0,0,232,52,0,188,115,14,24,41,224,224,0,0,0,0,23,33,50,224,224,0,0,0,0,85,154,195,0,0,0,0,0,0,52,10,3,244,90,0,0,0,0,37,171,0,0,0,0,0,0,0,171,38,1,171,38,0,0,0,0,119,2,98,32,0,4,0,0,0,0,0,5,96,0,0,2,29,224,0,0,0,0,0,0,198,224,253,253,166,224,224,224,0,0,0,2,11,12,41,0,128,90,192,208,207,209,0,2,0,244,0,223,32,223,0,222,32,222,13,3,221,24,0,240,3,0,60,0,0,232,52
2026-08-03_14-39-02,1,153,0,0.0,0,40.0,-1,-1,0,188,115,14,24,41,224,224,0,0,0,0,23,33,50,224,224,0,0,0,0,85,154,195,0,0,0,0,0,0,52,10,3,244,90,0,0,0,0,37,171,0,0,0,0,0,0,0,171,38,1,171,38,0,0,0,0,119,2,98,32,0,4,0,0,0,0,0,5,96,0,0,2,29,224,0,0,0,0,0,0,198,224,253,253,166,224,224,224,0,0,0,2,11,12,41,0,128,90,192,208,207,209,0,2,0,244,0,223,32,223,0,222,32,222,13,3,221,24,0,240,3,0,60,0,0,232,52,0,199,56,12,22,39,224,224,0,0,0,0,25,35,52,224,224,0,0,0,0,85,154,195,0,0,0,0,0,0,52,10,3,244,90,0,0,0,0,37,171,0,0,0,0,0,0,0,171,38,1,171,38,0,0,0,0,123,2,67,32,0,4,0,0,0,0,0,1,96,0,0,2,29,224,0,0,0,0,0,0,198,224,253,253,166,224,224,224,0,0,0,2,11,10,41,0,128,90,192,208,207,209,0,2,0,244,0,223,32,223,0,222,32,222,13,3,221,24,0,240,3,0,60,0,0,232,52
2026-08-03_14-39-02,1,154,0,0.0,0,40.0,-1,-1,0,199,56,12,22,39,224,224,0,0,0,0,25,35,52,224,224,0,0,0,0,85,154,195,0,0,0,0,0,0,52,10,3,244,90,0,0,0,0,37,171,0,0,0,0,0,0,0,171,38,1,171,38,0,0,0,0,123,2,67,32,0,4,0,0,0,0,0,1,96,0,0,2,29,224,0,0,0,0,0,0,198,224,253,253,166,224,224,224,0,0,0,2,11,10,41,0,128,90,192,208,207,209,0,2,0,244,0,223,32,223,0,222,32,222,13,3,221,24,0,240,3,0,60,0,0,232,52,0,115,137,10,20,37,224,224,0,0,0,0,27,37,54,224,224,0,0,0,0,85,154,195,0,0,0,0,0,0,52,10,3,244,90,0,0,0,0,37,171,0,0,0,0,0,0,0,171,38,1,171,38,0,0,0,0,127,2,33,32,0,4,0,0,0,0,0,5,0,0,0,2,29,224,0,0,0,0,0,0,198,224,253,253,166,224,224,224,0,0,0,2,11,8,41,0,128,90,192,208,207,209,0,2,0,244,0,223,32,223,0,222,32,222,13,0,221,24,0,240,3,0,60,0,0,232,52
2026-08-03_14-39-02,1,155,0,0.0,0,40.0,-1,-1,0,115,137,10,20,37,224,224,0,0,0,0,27,37,54,224,224,0,0,0,0,85,154,195,0,0,0,0,0,0,52,10,3,244,90,0,0,0,0,37,171,0,0,0,0,0,0,0,171,38,1,171,38,0,0,0,0,127,2,33,32,0,4,0,0,0,0,0,5,0,0,0,2,29,224,0,0,0,0,0,0,198,224,253,253,166,224,224,224,0,0,0,2,11,8,41,0,128,90,192,208,207,209,0,2,0,244,0,223,32,223,0,222,32,222,13,0,221,24,0,240,3,0,60,0,0,232,52,0,56,146,8,18,35,224,224,0,0,0,0,29,39,56,224,224,0,0,0,0,69,170,179,0,0,0,0,0,0,68,250,243,244,90,0,0,0,0,37,171,0,0,0,0,0,0,0,171,38,1,171,38,0,0,0,0,131,2,114,32,0,4,0,0,0,0,0,1,0,0,0,2,29,224,0,0,0,0,0,0,198,224,253,253,166,224,224,224,0,0,0,2,11,6,41,0,128,90,192,208,207,209,0,2,0,244,0,223,32,223,0,222,32,222,13,0,221,24,0,240,3,0,60,0,0,232,52
2026-08-03_14-39-02,1,156,0,0.0,0,40.0,-1,-1,0,56,146,8,18,35,224,224,0,0,0,0,29,39,56,224,224,0,0,0,0,69,170,179,0,0,0,0,0,0,68,250,243,244,90,0,0,0,0,37,171,0,0,0,0,0,0,0,171,38,1,171,38,0,0,0,0,131,2,114,32,0,4,0,0,0,0,0,1,0,0,0,2,29,224,0,0,0,0,0,0,198,224,253,253,166,224,224,224,0,0,0,2,11,6,41,0,128,90,192,208,207,209,0,2,0,244,0,223,32,223,0,222,32,222,13,0,221,24,0,240,3,0,60,0,0,232,52,0,137,41,6,16,33,224,224,0,0,0,0,31,41,58,224,224,0,0,0,0,69,170,179,0,0,0,0,0,0,68,250,243,244,90,0,0,0,0,37,171,0,0,0,0,0,0,0,171,38,1,171,38,0,0,0,0,135,2,83,32,0,4,0,0,0,0,0,9,32,0,0,2,29,224,0,0,0,0,0,0,198,224,253,253,166,224,224,224,0,0,0,2,11,4,41,0,128,90,192,208,207,209,0,2,0,244,0,223,32,223,0,222,32,222,13,1,221,24,0,240,3,0,60,0,0,232,52
2026-08-03_14-39-02,1,157,0,0.0,0,40.0,-1,-1,0,137,41,6,16,33,224,224,0,0,0,0,31,41,58,224,224,0,0,0,0,69,170,179,0,0,0,0,0,0,68,250,243,244,90,0,0,0,0,37,171,0,0,0,0,0,0,0,171,38,1,171,38,0,0,0,0,135,2,83,32,0,4,0,0,0,0,0,9,32,0,0,2,29,224,0,0,0,0,0,0,198,224,253,253,166,224,224,224,0,0,0,2,11,4,41,0,128,90,192,208,207,209,0,2,0,244,0,223,32,223,0,222,32,222,13,1,221,24,0,240,3,0,60,0,0,232,52,0,146,147,4,14,31,224,224,0,0,0,0,33,43,60,224,224,0,0,0,0,69,170,179,0,0,0,0,0,0,68,250,243,244,90,0,0,0,0,37,171,0,0,0,0,0,0,0,171,38,1,171,38,0,0,0,0,139,2,49,32,0,4,0,0,0,0,0,5,32,0,0,2,29,224,0,0,0,0,0,0,198,224,253,253,166,224,224,224,0,0,0,2,11,2,41,0,128,90,192,208,207,209,0,2,0,244,0,223,32,223,0,222,32,222,13,1,221,24,0,240,3,0,60,0,0,232,52
2026-08-03_14-39-02,1,158,0,0.0,0,40.0,-1,-1,0,146,147,4,14,31,224,224,0,0,0,0,33,43,60,224,224,0,0,0,0,69,170,179,0,0,0,0,0,0,68,250,243,244,90,0,0,0,0,37,171,0,0,0,0,0,0,0,171,38,1,171,38,0,0,0,0,139,2,49,32,0,4,0,0,0,0,0,5,32,0,0,2,29,224,0,0,0,0,0,0,198,224,253,253,166,224,224,224,0,0,0,2,11,2,41,0,128,90,192,208,207,209,0,2,0,244,0,223,32,223,0,222,32,222,13,1,221,24,0,240,3,0,60,0,0,232,52,0,41,54,2,12,29,224,224,0,0,0,0,35,45,62,224,224,0,0,0,0,69,170,179,0,0,0,0,0,0,68,250,243,244,90,0,0,0,0,37,171,0,0,0,0,0,0,0,171,38,1,171,38,0,0,0,0,143,2,18,32,0,4,0,0,0,0,0,1,32,0,0,2,29,41,0,0,0,0,0,0,198,224,253,253,166,224,224,224,0,0,0,2,11,0,41,0,192,62,192,208,207,209,0,2,0,244,0,223,32,223,0,222,9,2,2,1,58,4,102,55,3,199,251,123,251,201,241
2026-08-03_14-39-02,1,159,0,0.0,0,40.0,-1,-1,0,41,54,2,12,29,224,224,0,0,0,0,35,45,62,224,224,0,0,0,0,69,170,179,0,0,0,0,0,0,68,250,243,244,90,0,0,0,0,37,171,0,0,0,0,0,0,0,171,38,1,171,38,0,0,0,0,143,2,18,32,0,4,0,0,0,0,0,1,32,0,0,2,29,41,0,0,0,0,0,0,198,224,253,253,166,224,224,224,0,0,0,2,11,0,41,0,192,62,192,208,207,209,0,2,0,244,0,223,32,223,0,222,9,2,2,1,58,4,102,55,3,199,251,123,251,201,241,0,147,111,0,10,27,224,224,0,0,0,0,37,47,64,224,224,0,0,0,0,53,186,163,0,0,0,0,0,0,84,234,227,244,90,0,0,0,0,37,171,0,0,0,0,0,0,0,171,38,1,171,38,0,0,0,0,147,2,99,32,0,4,0,0,0,0,0,5,64,0,0,2,29,41,0,0,0,0,0,0,198,224,253,253,166,224,224,224,0,0,0,2,11,0,41,0,192,62,192,208,207,209,0,2,0,244,0,223,32,223,0,222,9,2,2,2,58,4,101,57,3,199,251,123,251,201,241
2026-08-03_14-39-02,1,160,0,0.0,0,40.0,-1,-1,0,147,111,0,10,27,224,224,0,0,0,0,37,47,64,224,224,0,0,0,0,53,186,163,0,0,0,0,0,0,84,234,227,244,90,0,0,0,0,37,171,0,0,0,0,0,0,0,171,38,1,171,38,0,0,0,0,147,2,99,32,0,4,0,0,0,0,0,5,64,0,0,2,29,41,0,0,0,0,0,0,198,224,253,253,166,224,224,224,0,0,0,2,11,0,41,0,192,62,192,208,207,209,0,2,0,244,0,223,32,223,0,222,9,2,2,2,58,4,101,57,3,199,251,123,251,201,241,0,54,246,254,8,25,87,224,0,0,0,0,39,49,66,224,224,0,0,0,0,53,186,163,53,0,0,0,0,0,84,234,227,244,90,0,0,0,0,37,171,0,37,0,0,0,0,0,171,38,1,171,38,0,0,0,0,151,2,65,32,0,4,0,0,0,0,0,1,64,0,0,2,29,41,0,0,0,0,0,0,198,224,253,253,166,224,224,224,0,0,0,3,11,0,41,0,192,62,131,208,207,209,2,2,53,244,32,223,32,223,32,222,9,2,2,2,58,4,101,59,3,199,251,123,251,201,241
2026-08-03_14-39-02,1,161,0,0.0,0,40.0,-1,-1,0,54,246,254,8,25,87,224,0,0,0,0,39,49,66,224,224,0,0,0,0,53,186,163,53,0,0,0,0,0,84,234,227,244,90,0,0,0,0,37,171,0,37,0,0,0,0,0,171,38,1,171,38,0,0,0,0,151,2,65,32,0,4,0,0,0,0,0,1,64,0,0,2,29,41,0,0,0,0,0,0,198,224,253,253,166,224,224,224,0,0,0,3,11,0,41,0,192,62,131,208,207,209,2,2,53,244,32,223,32,223,32,222,9,2,2,2,58,4,101,59,3,199,251,123,251,201,241,0,111,107,252,6,23,85,224,0,0,0,0,41,51,68,224,224,0,0,0,0,53,186,163,53,0,0,0,0,0,84,234,227,244,90,0,0,0,0,37,171,0,37,0,0,0,0,0,171,38,1,171,38,0,0,0,0,155,2,34,32,0,4,0,0,0,0,0,9,96,0,0,2,29,41,0,0,0,0,0,0,198,224,253,253,166,224,224,224,0,0,0,3,11,0,41,0,192,62,131,208,207,209,2,2,53,244,34,223,32,223,34,222,9,2,2,3,58,4,101,61,3,199,251,123,251,201,241
2026-08-03_14-39-02,1,162,3,0.0,0,40.0,-1,-1,0,111,107,252,6,23,85,224,0,0,0,0,41,51,68,224,224,0,0,0,0,53,186,163,53,0,0,0,0,0,84,234,227,244,90,0,0,0,0,37,171,0,37,0,0,0,0,0,171,38,1,171,38,0,0,0,0,155,2,34,32,0,4,0,0,0,0,0,9,96,0,0,2,29,41,0,0,0,0,0,0,198,224,253,253,166,224,224,224,0,0,0,3,11,0,41,0,192,62,131,208,207,209,2,2,53,244,34,223,32,223,34,222,9,2,2,3,58,4,101,61,3,199,251,123,251,201,241,0,246,182,250,4,21,83,224,0,0,0,0,43,53,70,224,224,0,0,0,0,37,202,101,37,0,0,0,0,0,100,218,211,244,90,0,0,0,0,37,171,0,37,0,0,0,0,0,171,38,1,171,38,0,0,0,0,159,2,115,47,0,4,0,0,0,0,0,5,96,0,0,2,29,41,0,0,0,0,0,0,198,224,253,253,166,224,224,224,0,0,0,3,11,0,41,0,192,62,131,208,207,209,2,2,37,244,36,223,32,223,36,222,9,2,2,3,58,4,100,63,3,199,251,123,251,201,241
2026-08-03_14-39-02,1,163,3,0.0,0,40.0,-1,-1,0,246,182,250,4,21,83,224,0,0,0,0,43,53,70,224,224,0,0,0,0,37,202,101,37,0,0,0,0,0,100,218,211,244,90,0,0,0,0,37,171,0,37,0,0,0,0,0,171,38,1,171,38,0,0,0,0,159,2,115,47,0,4,0,0,0,0,0,5,96,0,0,2,29,41,0,0,0,0,0,0,198,224,253,253,166,224,224,224,0,0,0,3,11,0,41,0,192,62,131,208,207,209,2,2,37,244,36,223,32,223,36,222,9,2,2,3,58,4,100,63,3,199,251,123,251,201,241,0,107,99,2,19,81,224,224,0,0,0,0,45,55,72,224,224,0,0,0,0,202,101,37,0,0,0,0,0,0,100,218,211,244,90,0,0,0,0,171,0,37,0,0,0,0,0,0,171,38,1,171,38,0,0,0,0,163,2,81,46,0,4,0,0,0,0,0,1,96,0,0,2,29,41,0,0,0,0,0,0,198,224,253,253,166,224,224,224,0,0,0,2,11,0,41,0,192,62,131,208,136,209,2,1,37,211,38,223,15,223,38,222,15,222,13,3,58,4,0,240,1,0,60,247,250,201,241
2026-08-03_14-39-02,1,164,3,0.0,0,40.0,-1,-1,0,107,99,2,19,81,224,224,0,0,0,0,45,55,72,224,224,0,0,0,0,202,101,37,0,0,0,0,0,0,100,218,211,244,90,0,0,0,0,171,0,37,0,0,0,0,0,0,171,38,1,171,38,0,0,0,0,163,2,81,46,0,4,0,0,0,0,0,1,96,0,0,2,29,41,0,0,0,0,0,0,198,224,253,253,166,224,224,224,0,0,0,2,11,0,41,0,192,62,131,208,136,209,2,1,37,211,38,223,15,223,38,222,15,222,13,3,58,4,0,240,1,0,60,247,250,201,241,0,182,55,0,17,79,224,224,0,0,0,0,47,57,74,224,224,0,0,0,0,202,101,37,0,0,0,0,0,0,100,218,211,244,90,0,0,0,0,171,0,37,0,0,0,0,0,0,171,38,1,171,38,0,0,0,0,167,2,50,45,0,4,0,0,0,0,0,5,0,0,0,2,29,41,0,0,0,0,0,0,198,224,253,253,166,224,224,224,0,0,0,2,11,0,41,0,192,62,192,208,136,209,0,1,0,211,39,223,13,223,39,222,13,222,13,0,58,4,0,240,1,0,60,247,250,201,241
2026-08-03_14-39-02,1,165,3,0.0,0,40.0,-1,-1,0,182,55,0,17,79,224,224,0,0,0,0,47,57,74,224,224,0,0,0,0,202,101,37,0,0,0,0,0,0,100,218,211,244,90,0,0,0,0,171,0,37,0,0,0,0,0,0,171,38,1,171,38,0,0,0,0,167,2,50,45,0,4,0,0,0,0,0,5,0,0,0,2,29,41,0,0,0,0,0,0,198,224,253,253,166,224,224,224,0,0,0,2,11,0,41,0,192,62,192,208,136,209,0,1,0,211,39,223,13,223,39,222,13,222,13,0,58,4,0,240,1,0,60,247,250,201,241,0,99,123,254,15,77,87,224,0,0,0,0,243,49,59,76,224,0,0,0,0,202,101,37,202,0,0,0,0,0,211,100,218,211,244,0,0,0,0,171,0,37,171,0,0,0,0,0,1,171,38,1,171,0,0,0,0,171,2,19,44,0,4,0,0,0,0,0,1,0,0,0,2,29,41,0,0,0,0,0,0,198,224,253,253,166,224,224,224,0,0,0,3,12,0,41,0,192,62,131,208,136,209,5,1,202,211,32,223,11,223,32,222,11,222,29,0,58,4,0,240,1,0,60,247,250,201,241
2026-08-03_14-39-02,1,166,0,0.0,0,40.0,-1,-1,0,99,123,254,15,77,87,224,0,0,0,0,243,49,59,76,224,0,0,0,0,202,101,37,202,0,0,0,0,0,211,100,218,211,244,0,0,0,0,171,0,37,171,0,0,0,0,0,1,171,38,1,171,0,0,0,0,171,2,19,44,0,4,0,0,0,0,0,1,0,0,0,2,29,41,0,0,0,0,0,0,198,224,253,253,166,224,224,224,0,0,0,3,12,0,41,0,192,62,131,208,136,209,5,1,202,211,32,223,11,223,32,222,11,222,29,0,58,4,0,240,1,0,60,247,250,201,241,0,55,180,252,13,75,85,224,0,0,0,0,245,51,61,78,224,0,0,0,0,218,85,21,218,0,0,0,0,0,195,130,202,195,244,0,0,0,0,171,0,37,171,0,0,0,0,0,1,171,38,1,171,0,0,0,0,175,2,97,44,0,4,0,0,0,0,0,9,32,0,0,2,29,41,0,0,0,0,0,0,198,224,253,253,166,224,224,224,0,0,0,3,12,0,41,0,192,62,131,208,136,209,5,1,218,195,34,223,9,223,34,222,9,222,29,1,58,4,0,240,1,0,60,247,250,201,241
2026-08-03_14-39-02,1,167,0,0.0,0,40.0,-1,-1,0,55,180,252,13,75,85,224,0,0,0,0,245,51,61,78,224,0,0,0,0,218,85,21,218,0,0,0,0,0,195,130,202,195,244,0,0,0,0,171,0,37,171,0,0,0,0,0,1,171,38,1,171,0,0,0,0,175,2,97,44,0,4,0,0,0,0,0,9,32,0,0,2,29,41,0,0,0,0,0,0,198,224,253,253,166,224,224,224,0,0,0,3,12,0,41,0,192,62,131,208,136,209,5,1,218,195,34,223,9,223,34,222,9,222,29,1,58,4,0,240,1,0,60,247,250,201,241,0,123,75,250,11,73,83,224,0,0,0,0,247,53,63,80,224,0,0,0,0,218,85,21,218,0,0,0,0,0,195,130,202,195,244,0,0,0,0,171,0,37,171,0,0,0,0,0,1,171,38,1,171,0,0,0,0,179,2,66,44,0,4,0,0,0,0,0,5,32,0,0,2,29,41,0,0,0,0,0,0,198,224,253,253,166,224,224,224,0,0,0,3,12,0,41,0,192,62,131,208,136,209,5,1,218,195,36,223,7,223,36,222,7,222,5,1,58,4,0,240,1,0,60,247,250,201,241
2026-08-03_14-39-02,1,168,0,0.0,0,40.0,-1,-1,0,123,75,250,11,73,83,224,0,0,0,0,247,53,63,80,224,0,0,0,0,218,85,21,218,0,0,0,0,0,195,130,202,195,244,0,0,0,0,171,0,37,171,0,0,0,0,0,1,171,38,1,171,0,0,0,0,179,2,66,44,0,4,0,0,0,0,0,5,32,0,0,2,29,41,0,0,0,0,0,0,198,224,253,253,166,224,224,224,0,0,0,3,12,0,41,0,192,62,131,208,136,209,5,1,218,195,36,223,7,223,36,222,7,222,5,1,58,4,0,240,1,0,60,247,250,201,241,0,180,177,9,71,81,224,224,0,0,0,0,249,55,65,82,224,0,0,0,0,85,21,218,0,0,0,0,0,0,195,130,202,195,244,0,0,0,0,0,37,171,0,0,0,0,0,0,1,171,38,1,171,0,0,0,0,183,2,35,44,0,4,0,0,0,0,0,1,32,0,0,2,29,41,0,0,0,0,0,0,198,224,253,253,166,224,224,224,0,0,0,2,12,0,41,0,192,62,131,208,136,209,5,1,218,195,38,223,5,223,38,222,5,222,5,1,58,4,0,240,1,0,60,247,250,201,241
2026-08-03_14-39-02,1,169,0,0.0,0,40.0,-1,-1,0,180,177,9,71,81,224,224,0,0,0,0,249,55,65,82,224,0,0,0,0,85,21,218,0,0,0,0,0,0,195,130,202,195,244,0,0,0,0,0,37,171,0,0,0,0,0,0,1,171,38,1,171,0,0,0,0,183,2,35,44,0,4,0,0,0,0,0,1,32,0,0,2,29,41,0,0,0,0,0,0,198,224,253,253,166,224,224,224,0,0,0,2,12,0,41,0,192,62,131,208,136,209,5,1,218,195,38,223,5,223,38,222,5,222,5,1,58,4,0,240,1,0,60,247,250,201,241,0,75,27,7,69,79,224,224,0,0,0,0,251,57,67,84,224,0,0,0,0,69,5,234,0,0,0,0,0,0,179,146,186,179,244,0,0,0,0,0,37,171,0,0,0,0,0,0,1,171,38,1,171,0,0,0,0,187,2,113,44,0,4,0,0,0,0,0,5,64,0,0,2,29,41,0,0,0,0,0,0,198,224,253,253,166,224,224,224,0,0,0,2,12,0,41,0,192,62,192,208,136,209,0,1,0,179,39,223,3,223,39,222,3,222,29,2,58,4,0,240,1,0,60,247,250,201,241
2026-08-03_14-39-02,1,170,3,0.0,0,40.0,-1,-1,0,75,27,7,69,79,224,224,0,0,0,0,251,57,67,84,224,0,0,0,0,69,5,234,0,0,0,0,0,0,179,146,186,179,244,0,0,0,0,0,37,171,0,0,0,0,0,0,1,171,38,1,171,0,0,0,0,187,2,113,44,0,4,0,0,0,0,0,5,64,0,0,2,29,41,0,0,0,0,0,0,198,224,253,253,166,224,224,224,0,0,0,2,12,0,41,0,192,62,192,208,136,209,0,1,0,179,39,223,3,223,39,222,3,222,29,2,58,4,0,240,1,0,60,247,250,201,241,0,177,187,5,67,77,224,224,0,0,0,0,253,59,69,86,224,0,0,0,0,69,5,234,0,0,0,0,0,0,179,146,186,179,244,0,0,0,0,0,37,171,0,0,0,0,0,0,1,171,38,1,171,0,0,0,0,191,2,82,43,0,4,0,0,0,0,0,1,64,0,0,2,29,41,0,0,0,0,0,0,198,224,253,253,166,224,224,224,0,0,0,2,12,0,41,0,192,62,192,208,136,209,0,1,0,179,0,223,1,223,0,222,1,222,13,2,58,4,0,240,1,0,60,247,250,201,241
2026-08-03_14-39-02,1,171,3,0.0,0,40.0,-1,-1,0,177,187,5,67,77,224,224,0,0,0,0,253,59,69,86,224,0,0,0,0,69,5,234,0,0,0,0,0,0,179,146,186,179,244,0,0,0,0,0,37,171,0,0,0,0,0,0,1,171,38,1,171,0,0,0,0,191,2,82,43,0,4,0,0,0,0,0,1,64,0,0,2,29,41,0,0,0,0,0,0,198,224,253,253,166,224,224,224,0,0,0,2,12,0,41,0,192,62,192,208,136,209,0,1,0,179,0,223,1,223,0,222,1,222,13,2,58,4,0,240,1,0,60,247,250,201,241,0,27,186,3,65,75,224,224,0,0,0,0,255,61,71,88,224,0,0,0,0,69,5,234,0,0,0,0,0,0,179,146,186,179,244,0,0,0,0,0,37,171,0,0,0,0,0,0,1,171,38,1,171,0,0,0,0,195,2,51,42,0,4,0,0,0,0,0,9,96,0,0,2,29,41,0,0,0,0,0,0,198,224,253,253,166,224,224,224,0,0,0,2,12,0,41,0,192,62,192,208,69,209,0,1,0,179,0,223,0,223,0,222,0,222,8,3,58,4,0,240,1,0,60,247,250,201,241
2026-08-03_14-39-02,1,172,0,0.0,0,40.0,-1,-1,0,27,186,3,65,75,224,224,0,0,0,0,255,61,71,88,224,0,0,0,0,69,5,234,0,0,0,0,0,0,179,146,186,179,244,0,0,0,0,0,37,171,0,0,0,0,0,0,1,171,38,1,171,0,0,0,0,195,2,51,42,0,4,0,0,0,0,0,9,96,0,0,2,29,41,0,0,0,0,0,0,198,224,253,253,166,224,224,224,0,0,0,2,12,0,41,0,192,62,192,208,69,209,0,1,0,179,0,223,0,223,0,222,0,222,8,3,58,4,0,240,1,0,60,247,250,201,241,0,187,165,1,63,73,224,224,0,0,0,0,1,63,73,224,224,0,0,0,0,69,5,234,0,0,0,0,0,0,179,146,186,179,244,0,0,0,0,0,37,171,0,0,0,0,0,0,1,171,38,1,171,0,0,0,0,199,2,17,42,0,4,0,0,0,0,0,5,96,0,0,2,29,41,0,0,0,0,0,0,198,224,253,253,166,224,224,224,0,0,0,2,11,0,41,0,192,62,192,208,207,209,0,1,0,179,0,223,0,223,0,222,0,222,8,3,58,4,0,240,1,0,60,247,250,201,241
2026-08-03_14-39-02,1,173,0,0.0,0,40.0,-1,-1,0,187,165,1,63,73,224,224,0,0,0,0,1,63,73,224,224,0,0,0,0,69,5,234,0,0,0,0,0,0,179,146,186,179,244,0,0,0,0,0,37,171,0,0,0,0,0,0,1,171,38,1,171,0,0,0,0,199,2,17,42,0,4,0,0,0,0,0,5,96,0,0,2,29,41,0,0,0,0,0,0,198,224,253,253,166,224,224,224,0,0,0,2,11,0,41,0,192,62,192,208,207,209,0,1,0,179,0,223,0,223,0,222,0,222,8,3,58,4,0,240,1,0,60,247,250,201,241,0,186,89,255,61,71,88,224,0,0,0,0,3,65,75,224,224,0,0,0,0,53,245,250,53,0,0,0,0,0,163,162,170,179,244,0,0,0,0,0,37,171,0,0,0,0,0,0,1,171,38,1,171,0,0,0,0,203,2,98,42,0,4,0,0,0,0,0,1,96,0,0,2,29,41,0,0,0,0,0,0,198,224,253,253,166,224,224,224,0,0,0,3,11,0,41,0,192,62,70,208,207,209,2,1,53,179,0,223,0,223,0,222,0,222,8,3,58,4,0,240,1,0,60,247,250,201,241
2026-08-03_14-39-02,1,174,0,0.0,0,40.0,-1,-1,0,186,89,255,61,71,88,224,0,0,0,0,3,65,75,224,224,0,0,0,0,53,245,250,53,0,0,0,0,0,163,162,170,179,244,0,0,0,0,0,37,171,0,0,0,0,0,0,1,171,38,1,171,0,0,0,0,203,2,98,42,0,4,0,0,0,0,0,1,96,0,0,2,29,41,0,0,0,0,0,0,198,224,253,253,166,224,224,224,0,0,0,3,11,0,41,0,192,62,70,208,207,209,2,1,53,179,0,223,0,223,0,222,0,222,8,3,58,4,0,240,1,0,60,247,250,201,241,0,165,153,253,59,69,86,224,0,0,0,0,5,67,77,224,224,0,0,0,0,53,245,250,53,0,0,0,0,0,163,162,170,179,244,0,0,0,0,0,37,171,0,0,0,0,0,0,1,171,38,1,171,0,0,0,0,207,2,67,42,0,4,0,0,0,0,0,5,0,0,0,2,29,41,0,0,0,0,0,0,198,224,253,253,166,224,224,224,0,0,0,3,11,0,41,0,192,62,131,208,207,209,2,1,53,179,1,223,0,223,1,222,0,222,13,0,58,4,0,240,1,0,60,247,250,201,241
2026-08-03_14-39-02,1,175,0,0.0,0,40.0,-1,-1,0,165,153,253,59,69,86,224,0,0,0,0,5,67,77,224,224,0,0,0,0,53,245,250,53,0,0,0,0,0,163,162,170,179,244,0,0,0,0,0,37,171,0,0,0,0,0,0,1,171,38,1,171,0,0,0,0,207,2,67,42,0,4,0,0,0,0,0,5,0,0,0,2,29,41,0,0,0,0,0,0,198,224,253,253,166,224,224,224,0,0,0,3,11,0,41,0,192,62,131,208,207,209,2,1,53,179,1,223,0,223,1,222,0,222,13,0,58,4,0,240,1,0,60,247,250,201,241,0,89,157,251,57,67,84,224,0,0,0,0,7,69,79,224,224,0,0,0,0,53,245,250,53,0,0,0,0,0,163,162,170,179,244,0,0,0,0,0,37,171,0,0,0,0,0,0,1,171,38,1,171,0,0,0,0,211,2,33,42,0,4,0,0,0,0,0,1,0,0,0,2,29,41,0,0,0,0,0,0,198,224,253,253,166,224,224,224,0,0,0,3,11,0,41,0,192,62,131,208,136,209,2,1,53,179,3,223,39,223,3,222,39,222,29,0,58,4,0,240,6,0,60,247,250,201,241
2026-08-03_14-39-02,1,176,0,0.0,0,40.0,-1,-1,0,89,157,251,57,67,84,224,0,0,0,0,7,69,79,224,224,0,0,0,0,53,245,250,53,0,0,0,0,0,163,162,170,179,244,0,0,0,0,0,37,171,0,0,0,0,0,0,1,171,38,1,171,0,0,0,0,211,2,33,42,0,4,0,0,0,0,0,1,0,0,0,2,29,41,0,0,0,0,0,0,198,224,253,253,166,224,224,224,0,0,0,3,11,0,41,0,192,62,131,208,136,209,2,1,53,179,3,223,39,223,3,222,39,222,29,0,58,4,0,240,6,0,60,247,250,201,241,0,153,221,249,55,65,82,224,0,0,0,0,9,71,81,224,224,0,0,0,0,37,229,10,37,0,0,0,0,0,101,178,154,179,244,0,0,0,0,0,37,171,0,0,0,0,0,0,1,171,38,1,171,0,0,0,0,215,2,114,42,0,4,0,0,0,0,0,9,32,0,0,2,29,41,0,0,0,0,0,0,198,224,253,253,166,224,224,224,0,0,0,3,11,0,41,0,192,62,131,208,136,209,2,5,37,154,5,223,38,223,5,222,38,222,8,1,58,4,0,240,6,0,60,247,250,201,241
2026-08-03_14-39-02,1,177,0,0.0,0,40.0,-1,-1,0,153,221,249,55,65,82,224,0,0,0,0,9,71,81,224,224,0,0,0,0,37,229,10,37,0,0,0,0,0,101,178,154,179,244,0,0,0,0,0,37,171,0,0,0,0,0,0,1,171,38,1,171,0,0,0,0,215,2,114,42,0,4,0,0,0,0,0,9,32,0,0,2,29,41,0,0,0,0,0,0,198,224,253,253,166,224,224,224,0,0,0,3,11,0,41,0,192,62,131,208,136,209,2,5,37,154,5,223,38,223,5,222,38,222,8,1,58,4,0,240,6,0,60,247,250,201,241,0,157,213,247,53,63,80,224,0,0,0,0,250,11,73,83,224,0,0,0,0,37,229,10,37,0,0,0,0,0,154,101,178,154,179,0,0,0,0,0,37,171,0,0,0,0,0,0,38,1,171,38,1,0,0,0,0,219,2,83,42,0,4,0,0,0,0,0,5,32,0,0,2,29,41,0,0,0,0,0,0,198,224,253,253,166,224,224,224,0,0,0,3,12,0,41,0,192,62,131,208,136,209,2,5,37,154,7,223,36,223,7,222,36,222,8,1,58,4,0,240,6,0,60,247,250,201,241
2026-08-03_14-39-02,1,178,0,0.0,0,40.0,-1,-1,0,157,213,247,53,63,80,224,0,0,0,0,250,11,73,83,224,0,0,0,0,37,229,10,37,0,0,0,0,0,154,101,178,154,179,0,0,0,0,0,37,171,0,0,0,0,0,0,38,1,171,38,1,0,0,0,0,219,2,83,42,0,4,0,0,0,0,0,5,32,0,0,2,29,41,0,0,0,0,0,0,198,224,253,253,166,224,224,224,0,0,0,3,12,0,41,0,192,62,131,208,136,209,2,5,37,154,7,223,36,223,7,222,36,222,8,1,58,4,0,240,6,0,60,247,250,201,241,0,221,84,245,51,61,78,224,0,0,0,0,252,13,75,85,224,0,0,0,0,37,229,10,37,0,0,0,0,0,154,101,178,154,179,0,0,0,0,0,37,171,0,0,0,0,0,0,38,1,171,38,1,0,0,0,0,223,2,49,42,0,4,0,0,0,0,0,1,32,0,0,2,29,41,0,0,0,0,0,0,198,224,253,253,166,224,224,224,0,0,0,3,12,0,41,0,192,62,131,208,136,209,2,5,37,154,9,223,34,223,9,222,34,222,8,1,58,4,0,240,6,0,60,247,250,201,241
2026-08-03_14-39-02,1,179,0,0.0,0,40.0,-1,-1,0,221,84,245,51,61,78,224,0,0,0,0,252,13,75,85,224,0,0,0,0,37,229,10,37,0,0,0,0,0,154,101,178,154,179,0,0,0,0,0,37,171,0,0,0,0,0,0,38,1,171,38,1,0,0,0,0,223,2,49,42,0,4,0,0,0,0,0,1,32,0,0,2,29,41,0,0,0,0,0,0,198,224,253,253,166,224,224,224,0,0,0,3,12,0,41,0,192,62,131,208,136,209,2,5,37,154,9,223,34,223,9,222,34,222,8,1,58,4,0,240,6,0,60,247,250,201,241,0,213,76,243,49,59,76,224,0,0,0,0,254,15,77,87,224,0,0,0,0,37,229,10,37,0,0,0,0,0,154,101,178,154,179,0,0,0,0,0,37,171,0,0,0,0,0,0,38,1,171,38,1,0,0,0,0,227,2,18,42,0,4,0,0,0,0,0,5,64,0,0,2,29,41,0,0,0,0,0,0,198,224,253,253,166,224,224,224,0,0,0,3,12,0,41,0,192,62,131,208,11,209,2,5,37,154,11,223,32,223,11,222,32,222,29,2,58,4,0,240,6,0,60,247,250,201,241
2026-08-03_14-39-02,1,180,0,0.0,0,40.0,-1,-1,0,213,76,243,49,59,76,224,0,0,0,0,254,15,77,87,224,0,0,0,0,37,229,10,37,0,0,0,0,0,154,101,178,154,179,0,0,0,0,0,37,171,0,0,0,0,0,0,38,1,171,38,1,0,0,0,0,227,2,18,42,0,4,0,0,0,0,0,5,64,0,0,2,29,41,0,0,0,0,0,0,198,224,253,253,166,224,224,224,0,0,0,3,12,0,41,0,192,62,131,208,11,209,2,5,37,154,11,223,32,223,11,222,32,222,29,2,58,4,0,240,6,0,60,247,250,201,241,0,84,207,47,57,74,224,224,0,0,0,0,0,17,79,224,224,0,0,0,0,213,26,21,0,0,0,0,0,0,138,85,194,138,179,0,0,0,0,37,171,0,0,0,0,0,0,0,38,1,171,38,1,0,0,0,0,231,2,99,42,0,4,0,0,0,0,0,1,64,0,0,2,29,41,0,0,0,0,0,0,198,224,253,253,166,224,224,224,0,0,0,2,11,0,41,0,192,62,131,208,136,209,2,5,21,138,13,223,39,223,13,222,39,222,13,2,58,4,0,240,3,0,60,247,250,201,241
2026-08-03_14-39-02,1,181,0,0.0,0,40.0,-1,-1,0,84,207,47,57,74,224,224,0,0,0,0,0,17,79,224,224,0,0,0,0,213,26,21,0,0,0,0,0,0,138,85,194,138,179,0,0,0,0,37,171,0,0,0,0,0,0,0,38,1,171,38,1,0,0,0,0,231,2,99,42,0,4,0,0,0,0,0,1,64,0,0,2,29,41,0,0,0,0,0,0,198,224,253,253,166,224,224,224,0,0,0,2,11,0,41,0,192,62,131,208,136,209,2,5,21,138,13,223,39,223,13,222,39,222,13,2,58,4,0,240,3,0,60,247,250,201,241,0,76,255,45,55,72,224,224,0,0,0,0,2,19,81,224,224,0,0,0,0,213,26,21,0,0,0,0,0,0,138,85,194,138,179,0,0,0,0,37,171,0,0,0,0,0,0,0,38,1,171,38,1,0,0,0,0,235,2,65,42,0,4,0,0,0,0,0,9,96,0,0,2,29,41,0,0,0,0,0,0,198,224,253,253,166,224,224,224,0,0,0,2,11,0,41,0,192,62,131,208,136,209,2,1,21,194,15,223,38,223,15,222,38,222,8,3,58,4,0,240,3,0,60,247,250,201,241
2026-08-03_14-39-02,1,182,0,0.0,0,40.0,-1,-1,0,76,255,45,55,72,224,224,0,0,0,0,2,19,81,224,224,0,0,0,0,213,26,21,0,0,0,0,0,0,138,85,194,138,179,0,0,0,0,37,171,0,0,0,0,0,0,0,38,1,171,38,1,0,0,0,0,235,2,65,42,0,4,0,0,0,0,0,9,96,0,0,2,29,41,0,0,0,0,0,0,198,224,253,253,166,224,224,224,0,0,0,2,11,0,41,0,192,62,131,208,136,209,2,1,21,194,15,223,38,223,15,222,38,222,8,3,58,4,0,240,3,0,60,247,250,201,241,0,207,250,43,53,70,224,224,0,0,0,0,250,4,21,83,224,0,0,0,0,213,26,21,0,0,0,0,0,0,194,138,85,194,138,0,0,0,0,37,171,0,0,0,0,0,0,0,171,38,1,171,38,0,0,0,0,239,2,34,42,0,4,0,0,0,0,0,5,96,0,0,2,29,41,0,0,0,0,0,0,198,224,253,253,166,224,224,224,0,0,0,2,12,0,41,0,192,62,192,208,136,209,0,1,0,194,0,223,36,223,0,222,0,2,2,3,58,4,22,63,3,199,251,43,251,201,241
2026-08-03_14-39-02,1,183,0,0.0,0,40.0,-1,-1,0,207,250,43,53,70,224,224,0,0,0,0,250,4,21,83,224,0,0,0,0,213,26,21,0,0,0,0,0,0,194,138,85,194,138,0,0,0,0,37,171,0,0,0,0,0,0,0,171,38,1,171,38,0,0,0,0,239,2,34,42,0,4,0,0,0,0,0,5,96,0,0,2,29,41,0,0,0,0,0,0,198,224,253,253,166,224,224,224,0,0,0,2,12,0,41,0,192,62,192,208,136,209,0,1,0,194,0,223,36,223,0,222,0,2,2,3,58,4,22,63,3,199,251,43,251,201,241,0,255,170,41,51,68,224,224,0,0,0,0,252,6,23,85,224,0,0,0,0,197,42,5,0,0,0,0,0,0,210,99,69,210,138,0,0,0,0,37,171,0,0,0,0,0,0,0,171,38,1,171,38,0,0,0,0,243,2,115,42,0,4,0,0,0,0,0,1,96,0,0,2,29,41,0,0,0,0,0,0,198,224,253,253,166,224,224,224,0,0,0,2,12,0,41,0,192,62,192,208,136,209,0,1,0,210,0,223,34,223,0,222,0,2,2,3,58,4,23,61,3,199,251,43,251,201,241
2026-08-03_14-39-02,1,184,0,0.0,0,40.0,-1,-1,0,255,170,41,51,68,224,224,0,0,0,0,252,6,23,85,224,0,0,0,0,197,42,5,0,0,0,0,0,0,210,99,69,210,138,0,0,0,0,37,171,0,0,0,0,0,0,0,171,38,1,171,38,0,0,0,0,243,2,115,42,0,4,0,0,0,0,0,1,96,0,0,2,29,41,0,0,0,0,0,0,198,224,253,253,166,224,224,224,0,0,0,2,12,0,41,0,192,62,192,208,136,209,0,1,0,210,0,223,34,223,0,222,0,2,2,3,58,4,23,61,3,199,251,43,251,201,241,0,250,160,39,49,66,224,224,0,0,0,0,254,8,25,87,224,0,0,0,0,197,42,5,0,0,0,0,0,0,210,99,69,210,138,0,0,0,0,37,171,0,0,0,0,0,0,0,171,38,1,171,38,0,0,0,0,247,2,81,42,0,4,0,0,0,0,0,13,16,0,16,2,29,41,0,0,0,0,0,0,198,224,253,221,166,224,47,224,0,122,0,2,12,0,41,0,128,62,192,208,11,209,0,1,0,210,0,223,32,223,0,222,0,2,2,0,58,4,23,59,3,199,251,43,251,201,241
2026-08-03_14-39-02,1,185,1,0.0,0,40.0,-1,-1,0,250,160,39,49,66,224,224,0,0,0,0,254,8,25,87,224,0,0,0,0,197,42,5,0,0,0,0,0,0,210,99,69,210,138,0,0,0,0,37,171,0,0,0,0,0,0,0,171,38,1,171,38,0,0,0,0,247,2,81,42,0,4,0,0,0,0,0,13,16,0,16,2,29,41,0,0,0,0,0,0,198,224,253,221,166,224,47,224,0,122,0,2,12,0,41,0,128,62,192,208,11,209,0,1,0,210,0,223,32,223,0,222,0,2,2,0,58,4,23,59,3,199,251,43,251,201,241,0,170,1,37,47,64,224,224,0,0,0,0,0,10,27,224,224,0,0,0,0,197,42,5,0,0,0,0,0,0,210,99,69,210,138,0,0,0,0,37,171,0,0,0,0,0,0,0,171,38,1,171,38,0,0,0,0,251,2,50,42,0,4,0,0,0,0,0,9,16,0,16,2,29,41,0,0,0,0,0,0,198,224,253,18,166,224,53,224,0,106,0,2,11,0,41,0,65,72,192,208,207,209,0,1,0,210,0,223,32,223,0,222,1,2,2,0,70,8,149,67,3,199,251,43,251,136,241
2026-08-03_14-39-02,1,186,1,0.0,0,40.0,-1,-1,0,170,1,37,47,64,224,224,0,0,0,0,0,10,27,224,224,0,0,0,0,197,42,5,0,0,0,0,0,0,210,99,69,210,138,0,0,0,0,37,171,0,0,0,0,0,0,0,171,38,1,171,38,0,0,0,0,251,2,50,42,0,4,0,0,0,0,0,9,16,0,16,2,29,41,0,0,0,0,0,0,198,224,253,18,166,224,53,224,0,106,0,2,11,0,41,0,65,72,192,208,207,209,0,1,0,210,0,223,32,223,0,222,1,2,2,0,70,8,149,67,3,199,251,43,251,136,241,0,160,31,35,45,62,224,224,0,0,0,0,2,12,29,224,224,0,0,0,0,197,42,5,0,0,0,0,0,0,210,99,69,210,138,0,0,0,0,37,171,0,0,0,0,0,0,0,171,38,1,171,38,0,0,0,0,255,2,19,42,0,4,0,0,0,0,0,5,16,0,16,2,29,41,0,0,0,0,0,0,198,224,253,146,166,224,59,224,0,90,0,2,11,0,41,0,192,62,192,208,207,209,0,1,0,210,0,223,32,223,0,222,11,0,0,0,58,4,15,49,3,199,251,123,251,201,241
2026-08-03_14-39-02,1,187,0,0.0,0,40.0,-1,-1,0,160,31,35,45,62,224,224,0,0,0,0,2,12,29,224,224,0,0,0,0,197,42,5,0,0,0,0,0,0,210,99,69,210,138,0,0,0,0,37,171,0,0,0,0,0,0,0,171,38,1,171,38,0,0,0,0,255,2,19,42,0,4,0,0,0,0,0,5,16,0,16,2,29,41,0,0,0,0,0,0,198,224,253,146,166,224,59,224,0,90,0,2,11,0,41,0,192,62,192,208,207,209,0,1,0,210,0,223,32,223,0,222,11,0,0,0,58,4,15,49,3,199,251,123,251,201,241,0,1,252,33,43,60,224,224,0,0,0,0,4,14,31,224,224,0,0,0,0,181,58,245,0,0,0,0,0,0,226,83,53,210,138,0,0,0,0,37,171,0,0,0,0,0,0,0,171,38,1,171,38,0,0,0,0,3,3,97,42,0,4,0,0,0,0,0,1,16,0,0,2,29,41,0,0,0,0,0,0,198,224,253,4,166,224,65,224,0,74,0,2,11,0,41,0,66,84,192,208,207,209,0,1,0,210,0,223,32,223,0,222,2,0,0,0,82,8,20,80,3,199,251,43,251,136,241
2026-08-03_14-39-02,1,188,0,0.0,0,40.0,-1,-1,0,1,252,33,43,60,224,224,0,0,0,0,4,14,31,224,224,0,0,0,0,181,58,245,0,0,0,0,0,0,226,83,53,210,138,0,0,0,0,37,171,0,0,0,0,0,0,0,171,38,1,171,38,0,0,0,0,3,3,97,42,0,4,0,0,0,0,0,1,16,0,0,2,29,41,0,0,0,0,0,0,198,224,253,4,166,224,65,224,0,74,0,2,11,0,41,0,66,84,192,208,207,209,0,1,0,210,0,223,32,223,0,222,2,0,0,0,82,8,20,80,3,199,251,43,251,136,241,0,31,192,31,41,58,224,224,0,0,0,0,6,16,33,224,224,0,0,0,0,181,58,245,0,0,0,0,0,0,226,83,53,210,138,0,0,0,0,37,171,0,0,0,0,0,0,0,171,38,1,171,38,0,0,0,0,7,3,66,42,0,4,0,0,0,0,0,5,96,0,0,2,29,41,0,0,0,0,0,0,198,224,253,132,166,224,71,224,0,58,0,2,11,0,41,0,64,90,192,208,207,209,0,1,0,210,0,223,32,223,0,222,2,0,0,3,88,8,20,78,3,199,251,43,251,136,241
2026-08-03_14-39-02,1,189,0,0.0,0,40.0,-1,-1,0,31,192,31,41,58,224,224,0,0,0,0,6,16,33,224,224,0,0,0,0,181,58,245,0,0,0,0,0,0,226,83,53,210,138,0,0,0,0,37,171,0,0,0,0,0,0,0,171,38,1,171,38,0,0,0,0,7,3,66,42,0,4,0,0,0,0,0,5,96,0,0,2,29,41,0,0,0,0,0,0,198,224,253,132,166,224,71,224,0,58,0,2,11,0,41,0,64,90,192,208,207,209,0,1,0,210,0,223,32,223,0,222,2,0,0,3,88,8,20,78,3,199,251,43,251,136,241,0,252,4,29,39,56,224,224,0,0,0,0,8,18,35,224,224,0,0,0,0,181,58,245,0,0,0,0,0,0,226,83,53,210,138,0,0,0,0,37,171,0,0,0,0,0,0,0,171,38,1,171,38,0,0,0,0,11,3,35,42,0,4,0,0,0,0,0,1,96,0,0,2,29,41,0,0,0,0,0,0,198,224,253,246,166,224,77,224,0,42,0,2,11,0,41,0,128,62,192,208,207,209,0,1,0,210,0,223,32,223,0,222,11,0,0,3,58,4,16,55,3,199,251,123,251,201,241
2026-08-03_14-39-02,1,190,0,0.0,0,40.0,-1,-1,0,252,4,29,39,56,224,224,0,0,0,0,8,18,35,224,224,0,0,0,0,181,58,245,0,0,0,0,0,0,226,83,53,210,138,0,0,0,0,37,171,0,0,0,0,0,0,0,171,38,1,171,38,0,0,0,0,11,3,35,42,0,4,0,0,0,0,0,1,96,0,0,2,29,41,0,0,0,0,0,0,198,224,253,246,166,224,77,224,0,42,0,2,11,0,41,0,128,62,192,208,207,209,0,1,0,210,0,223,32,223,0,222,11,0,0,3,58,4,16,55,3,199,251,123,251,201,241,0,192,64,27,37,54,224,224,0,0,0,0,10,20,37,224,224,0,0,0,0,165,74,229,0,0,0,0,0,0,242,67,37,210,138,0,0,0,0,37,171,0,0,0,0,0,0,0,171,38,1,171,38,0,0,0,0,15,3,113,42,0,4,0,0,0,0,0,5,0,0,0,2,29,41,0,0,0,0,0,0,198,224,253,104,166,224,83,224,0,26,0,2,11,0,41,0,65,102,192,208,207,209,0,1,0,210,0,223,32,223,0,222,32,222,13,0,100,8,0,240,3,0,60,247,250,136,241
2026-08-03_14-39-02,1,191,0,0.0,0,40.0,-1,-1,0,192,64,27,37,54,224,224,0,0,0,0,10,20,37,224,224,0,0,0,0,165,74,229,0,0,0,0,0,0,242,67,37,210,138,0,0,0,0,37,171,0,0,0,0,0,0,0,171,38,1,171,38,0,0,0,0,15,3,113,42,0,4,0,0,0,0,0,5,0,0,0,2,29,41,0,0,0,0,0,0,198,224,253,104,166,224,83,224,0,26,0,2,11,0,41,0,65,102,192,208,207,209,0,1,0,210,0,223,32,223,0,222,32,222,13,0,100,8,0,240,3,0,60,247,250,136,241,0,4,8,25,35,52,224,224,0,0,0,0,12,22,39,224,224,0,0,0,0,165,74,229,0,0,0,0,0,0,242,67,37,210,138,0,0,0,0,37,171,0,0,0,0,0,0,0,171,38,1,171,38,0,0,0,0,19,3,82,42,0,4,0,0,0,0,0,1,0,0,0,2,29,41,0,0,0,0,0,0,198,224,253,253,166,224,224,224,0,0,0,2,11,0,41,0,192,62,192,208,207,209,0,1,0,210,0,223,32,223,0,222,11,0,0,0,58,4,17,59,3,199,251,123,251,201,241
2026-08-03_14-39-02,1,192,0,0.0,0,40.0,-1,-1,0,4,8,25,35,52,224,224,0,0,0,0,12,22,39,224,224,0,0,0,0,165,74,229,0,0,0,0,0,0,242,67,37,210,138,0,0,0,0,37,171,0,0,0,0,0,0,0,171,38,1,171,38,0,0,0,0,19,3,82,42,0,4,0,0,0,0,0,1,0,0,0,2,29,41,0,0,0,0,0,0,198,224,253,253,166,224,224,224,0,0,0,2,11,0,41,0,192,62,192,208,207,209,0,1,0,210,0,223,32,223,0,222,11,0,0,0,58,4,17,59,3,199,251,123,251,201,241,0,64,129,23,33,50,224,224,0,0,0,0,14,24,41,224,224,0,0,0,0,165,74,229,0,0,0,0,0,0,242,67,37,210,138,0,0,0,0,37,171,0,0,0,0,0,0,0,171,38,1,171,38,0,0,0,0,23,3,51,42,0,4,0,0,0,0,0,8,32,0,0,2,29,41,0,0,0,0,0,0,198,224,253,253,166,224,224,224,0,0,0,2,11,0,41,0,192,62,192,208,207,209,0,1,0,210,0,223,32,223,0,222,11,0,0,1,58,4,17,61,3,199,251,123,251,201,241
2026-08-03_14-39-02,1,193,0,0.0,0,40.0,-1,-1,0,64,129,23,33,50,224,224,0,0,0,0,14,24,41,224,224,0,0,0,0,165,74,229,0,0,0,0,0,0,242,67,37,210,138,0,0,0,0,37,171,0,0,0,0,0,0,0,171,38,1,171,38,0,0,0,0,23,3,51,42,0,4,0,0,0,0,0,8,32,0,0,2,29,41,0,0,0,0,0,0,198,224,253,253,166,224,224,224,0,0,0,2,11,0,41,0,192,62,192,208,207,209,0,1,0,210,0,223,32,223,0,222,11,0,0,1,58,4,17,61,3,199,251,123,251,201,241,0,8,24,21,31,48,224,224,0,0,0,0,16,26,43,224,224,0,0,0,0,165,74,229,0,0,0,0,0,0,242,67,37,210,138,0,0,0,0,37,171,0,0,0,0,0,0,0,171,38,1,171,38,0,0,0,0,27,3,17,42,0,4,0,0,0,0,0,4,32,0,0,2,29,41,0,0,0,0,0,0,198,224,253,253,166,224,224,224,0,0,0,2,11,0,41,0,192,62,192,208,207,209,0,1,0,210,0,223,32,223,0,222,11,0,0,1,58,4,17,63,3,199,251,123,251,201,241
2026-08-03_14-39-02,1,194,0,0.0,0,40.0,-1,-1,0,8,24,21,31,48,224,224,0,0,0,0,16,26,43,224,224,0,0,0,0,165,74,229,0,0,0,0,0,0,242,67,37,210,138,0,0,0,0,37,171,0,0,0,0,0,0,0,171,38,1,171,38,0,0,0,0,27,3,17,42,0,4,0,0,0,0,0,4,32,0,0,2,29,41,0,0,0,0,0,0,198,224,253,253,166,224,224,224,0,0,0,2,11,0,41,0,192,62,192,208,207,209,0,1,0,210,0,223,32,223,0,222,11,0,0,1,58,4,17,63,3,199,251,123,251,201,241,0,129,131,19,29,46,224,224,0,0,0,0,18,28,45,224,224,0,0,0,0,149,90,213,0,0,0,0,0,0,2,51,21,210,138,0,0,0,0,37,171,0,0,0,0,0,0,0,171,38,1,171,38,0,0,0,0,31,3,98,42,0,4,0,0,0,0,0,8,64,0,0,2,29,41,0,0,0,0,0,0,198,224,253,253,166,224,224,224,0,0,0,2,11,0,41,0,192,62,192,208,207,209,0,1,0,210,0,223,32,223,0,222,10,2,2,128,58,4,51,48,3,0,60,123,251,201,241
2026-08-03_14-39-02,1,195,0,0.0,0,40.0,-1,-1,0,129,131,19,29,46,224,224,0,0,0,0,18,28,45,224,224,0,0,0,0,149,90,213,0,0,0,0,0,0,2,51,21,210,138,0,0,0,0,37,171,0,0,0,0,0,0,0,171,38,1,171,38,0,0,0,0,31,3,98,42,0,4,0,0,0,0,0,8,64,0,0,2,29,41,0,0,0,0,0,0,198,224,253,253,166,224,224,224,0,0,0,2,11,0,41,0,192,62,192,208,207,209,0,1,0,210,0,223,32,223,0,222,10,2,2,128,58,4,51,48,3,0,60,123,251,201,241,0,24,48,17,27,44,224,224,0,0,0,0,20,30,47,224,224,0,0,0,0,149,90,213,0,0,0,0,0,0,2,51,21,210,138,0,0,0,0,37,171,0,0,0,0,0,0,0,171,38,1,171,38,0,0,0,0,35,3,67,42,0,4,0,0,0,0,0,4,64,0,0,2,29,41,0,0,0,0,0,0,198,224,253,253,166,224,224,224,0,0,0,2,11,0,41,0,192,62,192,208,207,209,0,1,0,210,0,223,32,223,0,222,10,2,2,2,58,4,51,50,3,0,60,123,251,201,241
2026-08-03_14-39-02,1,196,0,0.0,0,40.0,-1,-1,0,24,48,17,27,44,224,224,0,0,0,0,20,30,47,224,224,0,0,0,0,149,90,213,0,0,0,0,0,0,2,51,21,210,138,0,0,0,0,37,171,0,0,0,0,0,0,0,171,38,1,171,38,0,0,0,0,35,3,67,42,0,4,0,0,0,0,0,4,64,0,0,2,29,41,0,0,0,0,0,0,198,224,253,253,166,224,224,224,0,0,0,2,11,0,41,0,192,62,192,208,207,209,0,1,0,210,0,223,32,223,0,222,10,2,2,2,58,4,51,50,3,0,60,123,251,201,241,0,131,5,15,25,42,224,224,0,0,0,0,22,32,49,224,224,0,0,0,0,149,90,213,0,0,0,0,0,0,2,51,21,210,138,0,0,0,0,37,171,0,0,0,0,0,0,0,171,38,1,171,38,0,0,0,0,39,3,33,42,0,4,0,0,0,0,0,11,96,0,0,2,29,41,0,0,0,0,0,0,198,224,253,253,166,224,224,224,0,0,0,2,11,0,41,0,192,62,192,208,207,209,0,1,0,210,0,223,32,223,0,222,10,2,2,0,58,4,3,52,3,199,251,123,251,201,241
2026-08-03_14-39-02,1,197,0,0.0,0,40.0,-1,-1,0,131,5,15,25,42,224,224,0,0,0,0,22,32,49,224,224,0,0,0,0,149,90,213,0,0,0,0,0,0,2,51,21,210,138,0,0,0,0,37,171,0,0,0,0,0,0,0,171,38,1,171,38,0,0,0,0,39,3,33,42,0,4,0,0,0,0,0,11,96,0,0,2,29,41,0,0,0,0,0,0,198,224,253,253,166,224,224,224,0,0,0,2,11,0,41,0,192,62,192,208,207,209,0,1,0,210,0,223,32,223,0,222,10,2,2,0,58,4,3,52,3,199,251,123,251,201,241,0,48,80,13,23,40,224,224,0,0,0,0,24,34,51,224,224,0,0,0,0,133,106,197,0,0,0,0,0,0,18,35,5,210,138,0,0,0,0,37,171,0,0,0,0,0,0,0,171,38,1,171,38,0,0,0,0,43,3,114,42,0,4,0,0,0,0,0,7,96,0,0,2,29,41,0,0,0,0,0,0,198,224,253,253,166,224,224,224,0,0,0,2,11,0,41,0,192,62,192,208,207,209,0,1,0,210,0,223,32,223,0,222,10,2,2,3,58,4,4,54,3,199,251,123,251,201,241
2026-08-03_14-39-02,1,198,0,0.0,0,40.0,-1,-1,0,48,80,13,23,40,224,224,0,0,0,0,24,34,51,224,224,0,0,0,0,133,106,197,0,0,0,0,0,0,18,35,5,210,138,0,0,0,0,37,171,0,0,0,0,0,0,0,171,38,1,171,38,0,0,0,0,43,3,114,42,0,4,0,0,0,0,0,7,96,0,0,2,29,41,0,0,0,0,0,0,198,224,253,253,166,224,224,224,0,0,0,2,11,0,41,0,192,62,192,208,207,209,0,1,0,210,0,223,32,223,0,222,10,2,2,3,58,4,4,54,3,199,251,123,251,201,241,0,5,10,11,21,38,224,224,0,0,0,0,26,36,53,224,224,0,0,0,0,133,106,197,0,0,0,0,0,0,18,35,5,210,138,0,0,0,0,37,171,0,0,0,0,0,0,0,171,38,1,171,38,0,0,0,0,47,3,83,42,0,4,0,0,0,0,0,3,96,0,0,2,29,41,0,0,0,0,0,0,198,224,253,253,166,224,224,224,0,0,0,2,11,0,41,0,192,62,192,208,207,209,0,1,0,210,0,223,32,223,0,222,10,2,2,3,58,4,4,56,3,199,251,123,251,201,241
2026-08-03_14-39-02,1,199,0,0.0,0,40.0,-1,-1,0,5,10,11,21,38,224,224,0,0,0,0,26,36,53,224,224,0,0,0,0,133,106,197,0,0,0,0,0,0,18,35,5,210,138,0,0,0,0,37,171,0,0,0,0,0,0,0,171,38,1,171,38,0,0,0,0,47,3,83,42,0,4,0,0,0,0,0,3,96,0,0,2,29,41,0,0,0,0,0,0,198,224,253,253,166,224,224,224,0,0,0,2,11,0,41,0,192,62,192,208,207,209,0,1,0,210,0,223,32,223,0,222,10,2,2,3,58,4,4,56,3,199,251,123,251,201,241,0,80,161,9,19,36,224,224,0,0,0,0,28,38,55,224,224,0,0,0,0,133,106,197,0,0,0,0,0,0,18,35,5,210,138,0,0,0,0,37,171,0,0,0,0,0,0,0,171,38,1,171,38,0,0,0,0,51,3,49,42,0,4,0,0,0,0,0,7,0,0,0,2,29,41,0,0,0,0,0,0,198,224,253,253,166,224,224,224,0,0,0,2,11,0,41,0,192,62,192,208,207,209,0,1,0,210,0,223,32,223,0,222,10,2,2,0,58,4,4,58,3,199,251,123,251,201,241
2026-08-03_14-39-02,1,200,0,0.0,0,40.0,-1,-1,0,80,161,9,19,36,224,224,0,0,0,0,28,38,55,224,224,0,0,0,0,133,106,197,0,0,0,0,0,0,18,35,5,210,138,0,0,0,0,37,171,0,0,0,0,0,0,0,171,38,1,171,38,0,0,0,0,51,3,49,42,0,4,0,0,0,0,0,7,0,0,0,2,29,41,0,0,0,0,0,0,198,224,253,253,166,224,224,224,0,0,0,2,11,0,41,0,192,62,192,208,207,209,0,1,0,210,0,223,32,223,0,222,10,2,2,0,58,4,4,58,3,199,251,123,251,201,241,0,10,30,7,17,34,224,224,0,0,0,0,30,40,57,224,224,0,0,0,0,133,106,197,0,0,0,0,0,0,18,35,5,210,138,0,0,0,0,37,171,0,0,0,0,0,0,0,171,38,1,171,38,0,0,0,0,55,3,18,42,0,4,0,0,0,0,0,3,0,0,0,2,29,41,0,0,0,0,0,0,198,224,253,253,166,224,224,224,0,0,0,2,11,0,41,0,192,62,192,208,207,209,0,1,0,210,0,223,32,223,0,222,10,2,2,0,58,4,4,60,3,199,251,123,251,201,241
2026-08-03_14-39-02,1,201,3,0.0,0,40.0,-1,-1,0,10,30,7,17,34,224,224,0,0,0,0,30,40,57,224,224,0,0,0,0,133,106,197,0,0,0,0,0,0,18,35,5,210,138,0,0,0,0,37,171,0,0,0,0,0,0,0,171,38,1,171,38,0,0,0,0,55,3,18,42,0,4,0,0,0,0,0,3,0,0,0,2,29,41,0,0,0,0,0,0,198,224,253,253,166,224,224,224,0,0,0,2,11,0,41,0,192,62,192,208,207,209,0,1,0,210,0,223,32,223,0,222,10,2,2,0,58,4,4,60,3,199,251,123,251,201,241,0,161,227,5,15,32,224,224,0,0,0,0,32,42,59,224,224,0,0,0,0,103,136,181,0,0,0,0,0,0,34,19,245,210,138,0,0,0,0,37,171,0,0,0,0,0,0,0,171,38,1,171,38,0,0,0,0,59,3,99,41,0,4,0,0,0,0,0,10,32,0,0,2,29,41,0,0,0,0,0,0,198,224,253,253,166,224,224,224,0,0,0,2,11,0,41,0,192,62,192,208,207,209,0,1,0,210,0,223,32,223,0,222,10,2,2,1,58,4,5,62,3,199,251,123,251,201,241
2026-08-03_14-39-02,1,202,3,0.0,0,40.0,-1,-1,0,161,227,5,15,32,224,224,0,0,0,0,32,42,59,224,224,0,0,0,0,103,136,181,0,0,0,0,0,0,34,19,245,210,138,0,0,0,0,37,171,0,0,0,0,0,0,0,171,38,1,171,38,0,0,0,0,59,3,99,41,0,4,0,0,0,0,0,10,32,0,0,2,29,41,0,0,0,0,0,0,198,224,253,253,166,224,224,224,0,0,0,2,11,0,41,0,192,62,192,208,207,209,0,1,0,210,0,223,32,223,0,222,10,2,2,1,58,4,5,62,3,199,251,123,251,201,241,0,30,60,3,13,30,224,224,0,0,0,0,34,44,61,224,224,0,0,0,0,103,136,181,0,0,0,0,0,0,34,19,245,210,138,0,0,0,0,37,171,0,0,0,0,0,0,0,171,38,1,171,38,0,0,0,0,63,3,65,41,0,4,0,0,0,0,0,6,32,0,0,2,29,41,0,0,0,0,0,0,198,224,253,253,166,224,224,224,0,0,0,2,11,0,41,0,192,62,192,208,207,209,0,1,0,210,0,223,32,223,0,222,10,2,2,1,58,4,19,64,3,199,251,123,251,201,241
2026-08-03_14-39-02,1,203,0,0.0,0,40.0,-1,-1,0,30,60,3,13,30,224,224,0,0,0,0,34,44,61,224,224,0,0,0,0,103,136,181,0,0,0,0,0,0,34,19,245,210,138,0,0,0,0,37,171,0,0,0,0,0,0,0,171,38,1,171,38,0,0,0,0,63,3,65,41,0,4,0,0,0,0,0,6,32,0,0,2,29,41,0,0,0,0,0,0,198,224,253,253,166,224,224,224,0,0,0,2,11,0,41,0,192,62,192,208,207,209,0,1,0,210,0,223,32,223,0,222,10,2,2,1,58,4,19,64,3,199,251,123,251,201,241,0,227,196,1,11,28,224,224,0,0,0,0,36,46,63,224,224,0,0,0,0,103,136,181,0,0,0,0,0,0,34,19,245,210,138,0,0,0,0,37,171,0,0,0,0,0,0,0,171,38,1,171,38,0,0,0,0,67,3,34,40,0,4,0,0,0,0,0,2,32,0,0,2,29,41,0,0,0,0,0,0,198,224,253,253,166,224,224,224,0,0,0,2,11,0,41,0,192,62,192,208,207,209,0,1,0,210,0,223,32,223,0,222,9,2,2,1,58,4,89,56,3,199,251,123,251,201,241
2026-08-03_14-39-02,1,204,3,0.0,0,40.0,-1,-1,0,227,196,1,11,28,224,224,0,0,0,0,36,46,63,224,224,0,0,0,0,103,136,181,0,0,0,0,0,0,34,19,245,210,138,0,0,0,0,37,171,0,0,0,0,0,0,0,171,38,1,171,38,0,0,0,0,67,3,34,40,0,4,0,0,0,0,0,2,32,0,0,2,29,41,0,0,0,0,0,0,198,224,253,253,166,224,224,224,0,0,0,2,11,0,41,0,192,62,192,208,207,209,0,1,0,210,0,223,32,223,0,222,9,2,2,1,58,4,89,56,3,199,251,123,251,201,241,0,60,68,255,9,26,88,224,0,0,0,0,38,48,65,224,224,0,0,0,0,87,152,165,87,0,0,0,0,0,50,3,229,210,138,0,0,0,0,37,171,0,37,0,0,0,0,0,171,38,1,171,38,0,0,0,0,71,3,115,39,0,4,0,0,0,0,0,6,64,0,0,2,29,41,0,0,0,0,0,0,198,224,253,253,166,224,224,224,0,0,0,3,11,0,41,0,192,62,70,208,207,209,3,1,87,210,32,223,32,223,32,222,9,2,2,2,58,4,88,58,3,199,251,123,251,201,241
2026-08-03_14-39-02,1,205,0,0.0,0,40.0,-1,-1,0,60,68,255,9,26,88,224,0,0,0,0,38,48,65,224,224,0,0,0,0,87,152,165,87,0,0,0,0,0,50,3,229,210,138,0,0,0,0,37,171,0,37,0,0,0,0,0,171,38,1,171,38,0,0,0,0,71,3,115,39,0,4,0,0,0,0,0,6,64,0,0,2,29,41,0,0,0,0,0,0,198,224,253,253,166,224,224,224,0,0,0,3,11,0,41,0,192,62,70,208,207,209,3,1,87,210,32,223,32,223,32,222,9,2,2,2,58,4,88,58,3,199,251,123,251,201,241,0,196,72,253,7,24,86,224,0,0,0,0,40,50,67,224,224,0,0,0,0,87,152,165,87,0,0,0,0,0,50,3,229,210,138,0,0,0,0,37,171,0,37,0,0,0,0,0,171,38,1,171,38,0,0,0,0,75,3,81,39,0,4,0,0,0,0,0,2,64,0,0,2,29,41,0,0,0,0,0,0,198,224,253,253,166,224,224,224,0,0,0,3,11,0,41,0,192,62,131,208,207,209,3,1,87,210,33,223,32,223,33,222,9,2,2,2,58,4,88,60,3,199,251,123,251,201,241
2026-08-03_14-39-02,1,206,3,0.0,0,40.0,-1,-1,0,196,72,253,7,24,86,224,0,0,0,0,40,50,67,224,224,0,0,0,0,87,152,165,87,0,0,0,0,0,50,3,229,210,138,0,0,0,0,37,171,0,37,0,0,0,0,0,171,38,1,171,38,0,0,0,0,75,3,81,39,0,4,0,0,0,0,0,2,64,0,0,2,29,41,0,0,0,0,0,0,198,224,253,253,166,224,224,224,0,0,0,3,11,0,41,0,192,62,131,208,207,209,3,1,87,210,33,223,32,223,33,222,9,2,2,2,58,4,88,60,3,199,251,123,251,201,241,0,68,137,251,5,22,84,224,0,0,0,0,42,52,69,224,224,0,0,0,0,87,152,165,87,0,0,0,0,0,50,3,229,210,138,0,0,0,0,37,171,0,37,0,0,0,0,0,171,38,1,171,38,0,0,0,0,79,3,50,38,0,4,0,0,0,0,0,9,96,0,0,2,29,41,0,0,0,0,0,0,198,224,253,253,166,224,224,224,0,0,0,3,11,0,41,0,192,62,131,208,207,209,3,1,87,210,35,223,32,223,35,222,9,2,2,3,58,4,88,62,3,199,251,123,251,201,241
2026-08-03_14-39-02,1,207,3,0.0,0,40.0,-1,-1,0,68,137,251,5,22,84,224,0,0,0,0,42,52,69,224,224,0,0,0,0,87,152,165,87,0,0,0,0,0,50,3,229,210,138,0,0,0,0,37,171,0,37,0,0,0,0,0,171,38,1,171,38,0,0,0,0,79,3,50,38,0,4,0,0,0,0,0,9,96,0,0,2,29,41,0,0,0,0,0,0,198,224,253,253,166,224,224,224,0,0,0,3,11,0,41,0,192,62,131,208,207,209,3,1,87,210,35,223,32,223,35,222,9,2,2,3,58,4,88,62,3,199,251,123,251,201,241,0,72,153,3,20,82,224,224,0,0,0,0,44,54,71,224,224,0,0,0,0,152,165,87,0,0,0,0,0,0,50,3,229,210,138,0,0,0,0,171,0,37,0,0,0,0,0,0,171,38,1,171,38,0,0,0,0,83,3,19,37,0,4,0,0,0,0,0,5,96,0,0,2,29,41,0,0,0,0,0,0,198,224,253,253,166,224,224,224,0,0,0,2,11,0,41,0,192,62,131,208,136,209,3,1,87,210,37,223,15,223,37,222,9,2,2,3,58,4,50,64,1,0,60,123,251,201,241
2026-08-03_14-39-02,1,208,0,0.0,0,40.0,-1,-1,0,72,153,3,20,82,224,224,0,0,0,0,44,54,71,224,224,0,0,0,0,152,165,87,0,0,0,0,0,0,50,3,229,210,138,0,0,0,0,171,0,37,0,0,0,0,0,0,171,38,1,171,38,0,0,0,0,83,3,19,37,0,4,0,0,0,0,0,5,96,0,0,2,29,41,0,0,0,0,0,0,198,224,253,253,166,224,224,224,0,0,0,2,11,0,41,0,192,62,131,208,136,209,3,1,87,210,37,223,15,223,37,222,9,2,2,3,58,4,50,64,1,0,60,123,251,201,241,0,137,155,1,18,80,224,224,0,0,0,0,46,56,73,224,224,0,0,0,0,168,149,71,0,0,0,0,0,0,141,243,213,210,138,0,0,0,0,171,0,37,0,0,0,0,0,0,171,38,1,171,38,0,0,0,0,87,3,97,37,0,4,0,0,0,0,0,1,96,0,0,2,29,41,0,0,0,0,0,0,198,224,253,253,166,224,224,224,0,0,0,2,11,0,41,0,192,62,131,208,136,209,3,2,71,213,39,223,14,223,39,222,14,222,13,3,58,4,0,240,1,0,60,247,250,201,241
2026-08-03_14-39-02,1,209,3,0.0,0,40.0,-1,-1,0,137,155,1,18,80,224,224,0,0,0,0,46,56,73,224,224,0,0,0,0,168,149,71,0,0,0,0,0,0,141,243,213,210,138,0,0,0,0,171,0,37,0,0,0,0,0,0,171,38,1,171,38,0,0,0,0,87,3,97,37,0,4,0,0,0,0,0,1,96,0,0,2,29,41,0,0,0,0,0,0,198,224,253,253,166,224,224,224,0,0,0,2,11,0,41,0,192,62,131,208,136,209,3,2,71,213,39,223,14,223,39,222,14,222,13,3,58,4,0,240,1,0,60,247,250,201,241,0,153,179,255,16,78,88,224,0,0,0,0,242,48,58,75,224,0,0,0,0,168,149,71,168,0,0,0,0,0,213,141,243,213,210,0,0,0,0,171,0,37,171,0,0,0,0,0,1,171,38,1,171,0,0,0,0,91,3,66,36,0,4,0,0,0,0,0,5,0,0,0,2,29,41,0,0,0,0,0,0,198,224,253,253,166,224,224,224,0,0,0,3,12,0,41,0,192,62,14,208,136,209,4,2,168,213,32,223,12,223,32,222,12,222,245,0,58,4,0,240,1,0,60,247,250,201,241
2026-08-03_14-39-02,1,210,3,0.0,0,40.0,-1,-1,0,153,179,255,16,78,88,224,0,0,0,0,242,48,58,75,224,0,0,0,0,168,149,71,168,0,0,0,0,0,213,141,243,213,210,0,0,0,0,171,0,37,171,0,0,0,0,0,1,171,38,1,171,0,0,0,0,91,3,66,36,0,4,0,0,0,0,0,5,0,0,0,2,29,41,0,0,0,0,0,0,198,224,253,253,166,224,224,224,0,0,0,3,12,0,41,0,192,62,14,208,136,209,4,2,168,213,32,223,12,223,32,222,12,222,245,0,58,4,0,240,1,0,60,247,250,201,241,0,155,53,253,14,76,86,224,0,0,0,0,244,50,60,77,224,0,0,0,0,168,149,71,168,0,0,0,0,0,213,141,243,213,210,0,0,0,0,171,0,37,171,0,0,0,0,0,1,171,38,1,171,0,0,0,0,95,3,35,35,0,4,0,0,0,0,0,1,0,0,0,2,29,41,0,0,0,0,0,0,198,224,253,253,166,224,224,224,0,0,0,3,12,0,41,0,192,62,131,208,136,209,4,2,168,213,33,223,10,223,33,222,10,222,245,0,58,4,0,240,1,0,60,247,250,201,241
2026-08-03_14-39-02,1,211,0,0.0,0,40.0,-1,-1,0,155,53,253,14,76,86,224,0,0,0,0,244,50,60,77,224,0,0,0,0,168,149,71,168,0,0,0,0,0,213,141,243,213,210,0,0,0,0,171,0,37,171,0,0,0,0,0,1,171,38,1,171,0,0,0,0,95,3,35,35,0,4,0,0,0,0,0,1,0,0,0,2,29,41,0,0,0,0,0,0,198,224,253,253,166,224,224,224,0,0,0,3,12,0,41,0,192,62,131,208,136,209,4,2,168,213,33,223,10,223,33,222,10,222,245,0,58,4,0,240,1,0,60,247,250,201,241,0,179,85,251,12,74,84,224,0,0,0,0,246,52,62,79,224,0,0,0,0,184,133,55,184,0,0,0,0,0,197,157,227,197,210,0,0,0,0,171,0,37,171,0,0,0,0,0,1,171,38,1,171,0,0,0,0,99,3,113,35,0,4,0,0,0,0,0,8,32,0,0,2,29,41,0,0,0,0,0,0,198,224,253,253,166,224,224,224,0,0,0,3,12,0,41,0,192,62,131,208,136,209,4,2,184,197,35,223,8,223,35,222,8,222,245,1,58,4,0,240,1,0,60,247,250,201,241
2026-08-03_14-39-02,1,212,0,0.0,0,40.0,-1,-1,0,179,85,251,12,74,84,224,0,0,0,0,246,52,62,79,224,0,0,0,0,184,133,55,184,0,0,0,0,0,197,157,227,197,210,0,0,0,0,171,0,37,171,0,0,0,0,0,1,171,38,1,171,0,0,0,0,99,3,113,35,0,4,0,0,0,0,0,8,32,0,0,2,29,41,0,0,0,0,0,0,198,224,253,253,166,224,224,224,0,0,0,3,12,0,41,0,192,62,131,208,136,209,4,2,184,197,35,223,8,223,35,222,8,222,245,1,58,4,0,240,1,0,60,247,250,201,241,0,53,90,10,72,82,224,224,0,0,0,0,248,54,64,81,224,0,0,0,0,133,55,184,0,0,0,0,0,0,197,157,227,197,210,0,0,0,0,0,37,171,0,0,0,0,0,0,1,171,38,1,171,0,0,0,0,103,3,82,35,0,4,0,0,0,0,0,4,32,0,0,2,29,41,0,0,0,0,0,0,198,224,253,253,166,224,224,224,0,0,0,2,12,0,41,0,192,62,131,208,136,209,4,2,184,197,37,223,6,223,37,222,6,222,5,1,58,4,0,240,1,0,60,247,250,201,241
2026-08-03_14-39-02,1,213,1,0.0,0,40.0,-1,-1,0,53,90,10,72,82,224,224,0,0,0,0,248,54,64,81,224,0,0,0,0,133,55,184,0,0,0,0,0,0,197,157,227,197,210,0,0,0,0,0,37,171,0,0,0,0,0,0,1,171,38,1,171,0,0,0,0,103,3,82,35,0,4,0,0,0,0,0,4,32,0,0,2,29,41,0,0,0,0,0,0,198,224,253,253,166,224,224,224,0,0,0,2,12,0,41,0,192,62,131,208,136,209,4,2,184,197,37,223,6,223,37,222,6,222,5,1,58,4,0,240,1,0,60,247,250,201,241,0,85,171,8,70,80,224,224,0,0,0,0,250,56,66,83,224,0,0,0,0,133,55,184,0,0,0,0,0,0,197,157,227,197,210,0,0,0,0,0,37,171,0,0,0,0,0,0,1,171,38,1,171,0,0,0,0,107,3,51,35,0,4,0,0,0,0,0,11,48,0,16,2,29,41,0,0,0,0,0,0,198,224,253,139,166,224,42,224,0,163,0,2,12,0,41,0,66,61,131,208,136,209,4,2,184,197,39,223,4,223,39,222,4,222,5,1,59,8,0,240,1,0,60,247,250,136,241
2026-08-03_14-39-02,1,214,1,0.0,0,40.0,-1,-1,0,85,171,8,70,80,224,224,0,0,0,0,250,56,66,83,224,0,0,0,0,133,55,184,0,0,0,0,0,0,197,157,227,197,210,0,0,0,0,0,37,171,0,0,0,0,0,0,1,171,38,1,171,0,0,0,0,107,3,51,35,0,4,0,0,0,0,0,11,48,0,16,2,29,41,0,0,0,0,0,0,198,224,253,139,166,224,42,224,0,163,0,2,12,0,41,0,66,61,131,208,136,209,4,2,184,197,39,223,4,223,39,222,4,222,5,1,59,8,0,240,1,0,60,247,250,136,241,0,90,191,6,68,78,224,224,0,0,0,0,252,58,68,85,224,0,0,0,0,133,55,184,0,0,0,0,0,0,197,157,227,197,210,0,0,0,0,0,37,171,0,0,0,0,0,0,1,171,38,1,171,0,0,0,0,111,3,17,35,0,4,0,0,0,0,0,7,48,0,16,2,29,41,0,0,0,0,0,0,198,224,253,235,166,224,40,224,0,147,0,2,12,0,41,0,64,59,192,208,136,209,0,2,0,197,0,223,2,223,0,222,2,222,13,1,57,8,0,240,1,0,60,247,250,136,241
2026-08-03_14-39-02,1,215,1,0.0,0,40.0,-1,-1,0,90,191,6,68,78,224,224,0,0,0,0,252,58,68,85,224,0,0,0,0,133,55,184,0,0,0,0,0,0,197,157,227,197,210,0,0,0,0,0,37,171,0,0,0,0,0,0,1,171,38,1,171,0,0,0,0,111,3,17,35,0,4,0,0,0,0,0,7,48,0,16,2,29,41,0,0,0,0,0,0,198,224,253,235,166,224,40,224,0,147,0,2,12,0,41,0,64,59,192,208,136,209,0,2,0,197,0,223,2,223,0,222,2,222,13,1,57,8,0,240,1,0,60,247,250,136,241,0,171,253,4,66,76,224,224,0,0,0,0,254,60,70,87,224,0,0,0,0,103,39,200,0,0,0,0,0,0,181,173,211,181,210,0,0,0,0,0,37,171,0,0,0,0,0,0,1,171,38,1,171,0,0,0,0,115,3,98,35,0,4,0,0,0,0,0,3,48,0,16,2,29,41,0,0,0,0,0,0,198,224,253,75,166,224,38,224,0,131,0,2,12,0,41,0,128,62,192,208,69,209,0,2,0,181,0,223,0,223,0,222,0,222,8,1,58,4,0,240,1,0,60,247,250,201,241
2026-08-03_14-39-02,1,216,0,0.0,0,40.0,-1,-1,0,171,253,4,66,76,224,224,0,0,0,0,254,60,70,87,224,0,0,0,0,103,39,200,0,0,0,0,0,0,181,173,211,181,210,0,0,0,0,0,37,171,0,0,0,0,0,0,1,171,38,1,171,0,0,0,0,115,3,98,35,0,4,0,0,0,0,0,3,48,0,16,2,29,41,0,0,0,0,0,0,198,224,253,75,166,224,38,224,0,131,0,2,12,0,41,0,128,62,192,208,69,209,0,2,0,181,0,223,0,223,0,222,0,222,8,1,58,4,0,240,1,0,60,247,250,201,241,0,191,223,2,64,74,224,224,0,0,0,0,0,62,72,224,224,0,0,0,0,103,39,200,0,0,0,0,0,0,181,173,211,181,210,0,0,0,0,0,37,171,0,0,0,0,0,0,1,171,38,1,171,0,0,0,0,119,3,67,35,0,4,0,0,0,0,0,7,96,0,0,2,29,41,0,0,0,0,0,0,198,224,253,185,166,224,36,224,0,115,0,2,11,0,41,0,65,55,192,208,207,209,0,2,0,181,0,223,0,223,0,222,0,222,8,3,53,8,0,240,1,0,60,247,250,136,241
2026-08-03_14-39-02,1,217,0,0.0,0,40.0,-1,-1,0,191,223,2,64,74,224,224,0,0,0,0,0,62,72,224,224,0,0,0,0,103,39,200,0,0,0,0,0,0,181,173,211,181,210,0,0,0,0,0,37,171,0,0,0,0,0,0,1,171,38,1,171,0,0,0,0,119,3,67,35,0,4,0,0,0,0,0,7,96,0,0,2,29,41,0,0,0,0,0,0,198,224,253,185,166,224,36,224,0,115,0,2,11,0,41,0,65,55,192,208,207,209,0,2,0,181,0,223,0,223,0,222,0,222,8,3,53,8,0,240,1,0,60,247,250,136,241,0,253,248,0,62,72,224,224,0,0,0,0,2,64,74,224,224,0,0,0,0,103,39,200,0,0,0,0,0,0,181,173,211,181,210,0,0,0,0,0,37,171,0,0,0,0,0,0,1,171,38,1,171,0,0,0,0,123,3,33,35,0,4,0,0,0,0,0,3,96,0,0,2,29,41,0,0,0,0,0,0,198,224,253,25,166,224,34,224,0,99,0,2,11,0,41,0,192,62,192,208,207,209,0,2,0,181,0,223,0,223,0,222,0,222,8,3,58,4,0,240,1,0,60,247,250,201,241
2026-08-03_14-39-02,1,218,0,0.0,0,40.0,-1,-1,0,253,248,0,62,72,224,224,0,0,0,0,2,64,74,224,224,0,0,0,0,103,39,200,0,0,0,0,0,0,181,173,211,181,210,0,0,0,0,0,37,171,0,0,0,0,0,0,1,171,38,1,171,0,0,0,0,123,3,33,35,0,4,0,0,0,0,0,3,96,0,0,2,29,41,0,0,0,0,0,0,198,224,253,25,166,224,34,224,0,99,0,2,11,0,41,0,192,62,192,208,207,209,0,2,0,181,0,223,0,223,0,222,0,222,8,3,58,4,0,240,1,0,60,247,250,201,241,0,223,128,254,60,70,87,224,0,0,0,0,4,66,76,224,224,0,0,0,0,87,23,216,87,0,0,0,0,0,165,189,195,181,210,0,0,0,0,0,37,171,0,0,0,0,0,0,1,171,38,1,171,0,0,0,0,127,3,114,35,0,4,0,0,0,0,0,7,0,0,0,2,29,41,0,0,0,0,0,0,198,224,253,135,166,224,32,224,0,83,0,3,11,0,41,0,66,51,131,208,207,209,3,2,87,181,0,223,0,223,0,222,0,222,8,0,49,8,0,240,1,0,60,247,250,136,241
2026-08-03_14-39-02,1,219,0,0.0,0,40.0,-1,-1,0,223,128,254,60,70,87,224,0,0,0,0,4,66,76,224,224,0,0,0,0,87,23,216,87,0,0,0,0,0,165,189,195,181,210,0,0,0,0,0,37,171,0,0,0,0,0,0,1,171,38,1,171,0,0,0,0,127,3,114,35,0,4,0,0,0,0,0,7,0,0,0,2,29,41,0,0,0,0,0,0,198,224,253,135,166,224,32,224,0,83,0,3,11,0,41,0,66,51,131,208,207,209,3,2,87,181,0,223,0,223,0,222,0,222,8,0,49,8,0,240,1,0,60,247,250,136,241,0,248,12,252,58,68,85,224,0,0,0,0,6,68,78,224,224,0,0,0,0,87,23,216,87,0,0,0,0,0,165,189,195,181,210,0,0,0,0,0,37,171,0,0,0,0,0,0,1,171,38,1,171,0,0,0,0,131,3,83,35,0,4,0,0,0,0,0,3,0,0,0,2,29,41,0,0,0,0,0,0,198,224,253,231,166,224,30,224,0,67,0,3,11,0,41,0,64,49,131,208,207,209,3,2,87,181,2,223,0,223,2,222,0,222,13,0,47,8,0,240,1,0,60,247,250,136,241
2026-08-03_14-39-02,1,220,3,0.0,0,40.0,-1,-1,0,248,12,252,58,68,85,224,0,0,0,0,6,68,78,224,224,0,0,0,0,87,23,216,87,0,0,0,0,0,165,189,195,181,210,0,0,0,0,0,37,171,0,0,0,0,0,0,1,171,38,1,171,0,0,0,0,131,3,83,35,0,4,0,0,0,0,0,3,0,0,0,2,29,41,0,0,0,0,0,0,198,224,253,231,166,224,30,224,0,67,0,3,11,0,41,0,64,49,131,208,207,209,3,2,87,181,2,223,0,223,2,222,0,222,13,0,47,8,0,240,1,0,60,247,250,136,241,0,128,193,250,56,66,83,224,0,0,0,0,8,70,80,224,224,0,0,0,0,87,23,216,87,0,0,0,0,0,165,189,195,181,210,0,0,0,0,0,37,171,0,0,0,0,0,0,1,171,38,1,171,0,0,0,0,135,3,49,34,0,4,0,0,0,0,0,10,32,0,0,2,29,41,0,0,0,0,0,0,198,224,253,71,166,224,28,224,0,51,0,3,11,0,41,0,128,62,131,208,136,209,3,1,87,195,4,223,39,223,4,222,39,222,8,1,58,4,0,240,6,0,60,247,250,201,241
2026-08-03_14-39-02,1,221,3,0.0,0,40.0,-1,-1,0,128,193,250,56,66,83,224,0,0,0,0,8,70,80,224,224,0,0,0,0,87,23,216,87,0,0,0,0,0,165,189,195,181,210,0,0,0,0,0,37,171,0,0,0,0,0,0,1,171,38,1,171,0,0,0,0,135,3,49,34,0,4,0,0,0,0,0,10,32,0,0,2,29,41,0,0,0,0,0,0,198,224,253,71,166,224,28,224,0,51,0,3,11,0,41,0,128,62,131,208,136,209,3,1,87,195,4,223,39,223,4,222,39,222,8,1,58,4,0,240,6,0,60,247,250,201,241,0,12,16,248,54,64,81,224,0,0,0,0,10,72,82,224,224,0,0,0,0,87,23,216,87,0,0,0,0,0,165,189,195,181,210,0,0,0,0,0,37,171,0,0,0,0,0,0,1,171,38,1,171,0,0,0,0,139,3,18,33,0,4,0,0,0,0,0,6,32,0,0,2,29,41,0,0,0,0,0,0,198,224,253,181,166,224,26,224,0,35,0,3,11,0,41,0,65,45,131,208,136,209,3,1,87,195,6,223,37,223,6,222,37,222,8,1,43,8,0,240,6,0,60,247,250,136,241
2026-08-03_14-39-02,1,222,0,0.0,0,40.0,-1,-1,0,12,16,248,54,64,81,224,0,0,0,0,10,72,82,224,224,0,0,0,0,87,23,216,87,0,0,0,0,0,165,189,195,181,210,0,0,0,0,0,37,171,0,0,0,0,0,0,1,171,38,1,171,0,0,0,0,139,3,18,33,0,4,0,0,0,0,0,6,32,0,0,2,29,41,0,0,0,0,0,0,198,224,253,181,166,224,26,224,0,35,0,3,11,0,41,0,65,45,131,208,136,209,3,1,87,195,6,223,37,223,6,222,37,222,8,1,43,8,0,240,6,0,60,247,250,136,241,0,193,2,246,52,62,79,224,0,0,0,0,251,12,74,84,224,0,0,0,0,71,7,232,71,0,0,0,0,0,179,149,205,179,181,0,0,0,0,0,37,171,0,0,0,0,0,0,38,1,171,38,1,0,0,0,0,143,3,99,33,0,4,0,0,0,0,0,2,32,0,0,2,29,41,0,0,0,0,0,0,198,224,253,21,166,224,24,224,0,19,0,3,12,0,41,0,192,62,131,208,136,209,3,1,71,179,8,223,35,223,8,222,35,222,8,1,58,4,0,240,6,0,60,247,250,201,241
2026-08-03_14-39-02,1,223,3,0.0,0,40.0,-1,-1,0,193,2,246,52,62,79,224,0,0,0,0,251,12,74,84,224,0,0,0,0,71,7,232,71,0,0,0,0,0,179,149,205,179,181,0,0,0,0,0,37,171,0,0,0,0,0,0,38,1,171,38,1,0,0,0,0,143,3,99,33,0,4,0,0,0,0,0,2,32,0,0,2,29,41,0,0,0,0,0,0,198,224,253,21,166,224,24,224,0,19,0,3,12,0,41,0,192,62,131,208,136,209,3,1,71,179,8,223,35,223,8,222,35,222,8,1,58,4,0,240,6,0,60,247,250,201,241,0,16,40,244,50,60,77,224,0,0,0,0,253,14,76,86,224,0,0,0,0,71,7,232,71,0,0,0,0,0,179,149,205,179,181,0,0,0,0,0,37,171,0,0,0,0,0,0,38,1,171,38,1,0,0,0,0,147,3,65,32,0,4,0,0,0,0,0,6,64,0,0,2,29,41,0,0,0,0,0,0,198,224,253,253,166,224,224,224,0,0,0,3,12,0,41,0,192,62,131,208,136,209,3,1,71,179,10,223,33,223,10,222,33,222,8,2,58,4,0,240,6,0,60,247,250,201,241
2026-08-03_14-39-02,1,224,3,0.0,0,40.0,-1,-1,0,16,40,244,50,60,77,224,0,0,0,0,253,14,76,86,224,0,0,0,0,71,7,232,71,0,0,0,0,0,179,149,205,179,181,0,0,0,0,0,37,171,0,0,0,0,0,0,38,1,171,38,1,0,0,0,0,147,3,65,32,0,4,0,0,0,0,0,6,64,0,0,2,29,41,0,0,0,0,0,0,198,224,253,253,166,224,224,224,0,0,0,3,12,0,41,0,192,62,131,208,136,209,3,1,71,179,10,223,33,223,10,222,33,222,8,2,58,4,0,240,6,0,60,247,250,201,241,0,2,134,242,48,58,75,224,0,0,0,0,255,16,78,88,224,0,0,0,0,71,7,232,71,0,0,0,0,0,179,149,205,179,181,0,0,0,0,0,37,171,0,0,0,0,0,0,38,1,171,38,1,0,0,0,0,151,3,34,47,0,4,0,0,0,0,0,2,64,0,0,2,29,41,0,0,0,0,0,0,198,224,253,253,166,224,224,224,0,0,0,3,12,0,41,0,192,62,131,208,69,209,3,1,71,179,12,223,32,223,12,222,32,222,245,2,58,4,0,240,6,0,60,247,250,201,241
2026-08-03_14-39-02,1,225,0,0.0,0,40.0,-1,-1,0,2,134,242,48,58,75,224,0,0,0,0,255,16,78,88,224,0,0,0,0,71,7,232,71,0,0,0,0,0,179,149,205,179,181,0,0,0,0,0,37,171,0,0,0,0,0,0,38,1,171,38,1,0,0,0,0,151,3,34,47,0,4,0,0,0,0,0,2,64,0,0,2,29,41,0,0,0,0,0,0,198,224,253,253,166,224,224,224,0,0,0,3,12,0,41,0,192,62,131,208,69,209,3,1,71,179,12,223,32,223,12,222,32,222,245,2,58,4,0,240,6,0,60,247,250,201,241,0,40,96,46,56,73,224,224,0,0,0,0,1,18,80,224,224,0,0,0,0,247,248,55,0,0,0,0,0,0,163,133,221,179,181,0,0,0,0,37,171,0,0,0,0,0,0,0,38,1,171,38,1,0,0,0,0,155,3,115,46,0,4,0,0,0,0,0,9,96,0,0,2,29,41,0,0,0,0,0,0,198,224,253,253,166,224,224,224,0,0,0,2,11,0,41,0,192,62,131,208,136,209,3,6,55,221,14,223,39,223,14,222,39,222,8,3,58,4,0,240,3,0,60,247,250,201,241
2026-08-03_14-39-02,1,226,3,0.0,0,40.0,-1,-1,0,40,96,46,56,73,224,224,0,0,0,0,1,18,80,224,224,0,0,0,0,247,248,55,0,0,0,0,0,0,163,133,221,179,181,0,0,0,0,37,171,0,0,0,0,0,0,0,38,1,171,38,1,0,0,0,0,155,3,115,46,0,4,0,0,0,0,0,9,96,0,0,2,29,41,0,0,0,0,0,0,198,224,253,253,166,224,224,224,0,0,0,2,11,0,41,0,192,62,131,208,136,209,3,6,55,221,14,223,39,223,14,222,39,222,8,3,58,4,0,240,3,0,60,247,250,201,241,0,134,15,44,54,71,224,224,0,0,0,0,3,20,82,224,224,0,0,0,0,247,248,55,0,0,0,0,0,0,163,133,221,179,181,0,0,0,0,37,171,0,0,0,0,0,0,0,38,1,171,38,1,0,0,0,0,159,3,81,45,0,4,0,0,0,0,0,5,96,0,0,2,29,41,0,0,0,0,0,0,198,224,253,253,166,224,224,224,0,0,0,2,11,0,41,0,192,62,192,208,136,209,0,6,0,221,15,223,37,223,15,222,0,2,2,3,58,4,247,64,3,0,60,43,251,201,241
2026-08-03_14-39-02,1,227,0,0.0,0,40.0,-1,-1,0,134,15,44,54,71,224,224,0,0,0,0,3,20,82,224,224,0,0,0,0,247,248,55,0,0,0,0,0,0,163,133,221,179,181,0,0,0,0,37,171,0,0,0,0,0,0,0,38,1,171,38,1,0,0,0,0,159,3,81,45,0,4,0,0,0,0,0,5,96,0,0,2,29,41,0,0,0,0,0,0,198,224,253,253,166,224,224,224,0,0,0,2,11,0,41,0,192,62,192,208,136,209,0,6,0,221,15,223,37,223,15,222,0,2,2,3,58,4,247,64,3,0,60,43,251,201,241,0,96,241,42,52,69,224,224,0,0,0,0,251,5,22,84,224,0,0,0,0,247,248,55,0,0,0,0,0,0,221,163,133,221,179,0,0,0,0,37,171,0,0,0,0,0,0,0,171,38,1,171,38,0,0,0,0,163,3,50,45,0,4,0,0,0,0,0,1,96,0,0,2,29,41,0,0,0,0,0,0,198,224,253,253,166,224,224,224,0,0,0,2,12,0,41,0,192,62,192,208,136,209,0,6,0,221,0,223,35,223,0,222,0,2,2,3,58,4,35,62,3,199,251,43,251,201,241
2026-08-03_14-39-02,1,228,0,0.0,0,40.0,-1,-1,0,96,241,42,52,69,224,224,0,0,0,0,251,5,22,84,224,0,0,0,0,247,248,55,0,0,0,0,0,0,221,163,133,221,179,0,0,0,0,37,171,0,0,0,0,0,0,0,171,38,1,171,38,0,0,0,0,163,3,50,45,0,4,0,0,0,0,0,1,96,0,0,2,29,41,0,0,0,0,0,0,198,224,253,253,166,224,224,224,0,0,0,2,12,0,41,0,192,62,192,208,136,209,0,6,0,221,0,223,35,223,0,222,0,2,2,3,58,4,35,62,3,199,251,43,251,201,241,0,15,20,40,50,67,224,224,0,0,0,0,253,7,24,86,224,0,0,0,0,247,248,55,0,0,0,0,0,0,221,163,133,221,179,0,0,0,0,37,171,0,0,0,0,0,0,0,171,38,1,171,38,0,0,0,0,167,3,19,45,0,4,0,0,0,0,0,5,0,0,0,2,29,41,0,0,0,0,0,0,198,224,253,253,166,224,224,224,0,0,0,2,12,0,41,0,192,62,192,208,136,209,0,6,0,221,0,223,33,223,0,222,0,2,2,0,58,4,35,60,3,199,251,43,251,201,241
2026-08-03_14-39-02,1,229,1,0.0,0,40.0,-1,-1,0,15,20,40,50,67,224,224,0,0,0,0,253,7,24,86,224,0,0,0,0,247,248,55,0,0,0,0,0,0,221,163,133,221,179,0,0,0,0,37,171,0,0,0,0,0,0,0,171,38,1,171,38,0,0,0,0,167,3,19,45,0,4,0,0,0,0,0,5,0,0,0,2,29,41,0,0,0,0,0,0,198,224,253,253,166,224,224,224,0,0,0,2,12,0,41,0,192,62,192,208,136,209,0,6,0,221,0,223,33,223,0,222,0,2,2,0,58,4,35,60,3,199,251,43,251,201,241,0,241,66,38,48,65,224,224,0,0,0,0,255,9,26,88,224,0,0,0,0,231,8,39,0,0,0,0,0,0,237,101,103,237,179,0,0,0,0,37,171,0,0,0,0,0,0,0,171,38,1,171,38,0,0,0,0,171,3,97,45,0,4,0,0,0,0,0,11,16,0,16,2,29,41,0,0,0,0,0,0,198,224,253,157,166,224,42,224,0,173,0,2,12,0,41,0,66,61,192,208,69,209,0,6,0,237,0,223,32,223,0,222,0,2,2,0,59,8,36,58,3,199,251,43,251,136,241
2026-08-03_14-39-02,1,230,1,0.0,0,40.0,-1,-1,0,241,66,38,48,65,224,224,0,0,0,0,255,9,26,88,224,0,0,0,0,231,8,39,0,0,0,0,0,0,237,101,103,237,179,0,0,0,0,37,171,0,0,0,0,0,0,0,171,38,1,171,38,0,0,0,0,171,3,97,45,0,4,0,0,0,0,0,11,16,0,16,2,29,41,0,0,0,0,0,0,198,224,253,157,166,224,42,224,0,173,0,2,12,0,41,0,66,61,192,208,69,209,0,6,0,237,0,223,32,223,0,222,0,2,2,0,59,8,36,58,3,199,251,43,251,136,241,0,20,34,36,46,63,224,224,0,0,0,0,1,11,28,224,224,0,0,0,0,231,8,39,0,0,0,0,0,0,237,101,103,237,179,0,0,0,0,37,171,0,0,0,0,0,0,0,171,38,1,171,38,0,0,0,0,175,3,66,45,0,4,0,0,0,0,0,7,16,0,16,2,29,41,0,0,0,0,0,0,198,224,253,210,166,224,40,224,0,157,0,2,11,0,41,0,64,59,192,208,207,209,0,6,0,237,0,223,32,223,0,222,11,0,0,0,57,8,28,48,3,199,251,123,251,136,241
2026-08-03_14-39-02,1,231,0,0.0,0,40.0,-1,-1,0,20,34,36,46,63,224,224,0,0,0,0,1,11,28,224,224,0,0,0,0,231,8,39,0,0,0,0,0,0,237,101,103,237,179,0,0,0,0,37,171,0,0,0,0,0,0,0,171,38,1,171,38,0,0,0,0,175,3,66,45,0,4,0,0,0,0,0,7,16,0,16,2,29,41,0,0,0,0,0,0,198,224,253,210,166,224,40,224,0,157,0,2,11,0,41,0,64,59,192,208,207,209,0,6,0,237,0,223,32,223,0,222,11,0,0,0,57,8,28,48,3,199,251,123,251,136,241,0,66,39,34,44,61,224,224,0,0,0,0,3,13,30,224,224,0,0,0,0,231,8,39,0,0,0,0,0,0,237,101,103,237,179,0,0,0,0,37,171,0,0,0,0,0,0,0,171,38,1,171,38,0,0,0,0,179,3,35,45,0,4,0,0,0,0,0,3,16,0,0,2,29,41,0,0,0,0,0,0,198,224,253,68,166,224,38,224,0,141,0,2,11,0,41,0,128,62,192,208,207,209,0,6,0,237,0,223,32,223,0,222,11,0,0,0,58,4,28,50,3,199,251,123,251,201,241
2026-08-03_14-39-02,1,232,0,0.0,0,40.0,-1,-1,0,66,39,34,44,61,224,224,0,0,0,0,3,13,30,224,224,0,0,0,0,231,8,39,0,0,0,0,0,0,237,101,103,237,179,0,0,0,0,37,171,0,0,0,0,0,0,0,171,38,1,171,38,0,0,0,0,179,3,35,45,0,4,0,0,0,0,0,3,16,0,0,2,29,41,0,0,0,0,0,0,198,224,253,68,166,224,38,224,0,141,0,2,11,0,41,0,128,62,192,208,207,209,0,6,0,237,0,223,32,223,0,222,11,0,0,0,58,4,28,50,3,199,251,123,251,201,241,0,34,120,32,42,59,224,224,0,0,0,0,5,15,32,224,224,0,0,0,0,215,24,23,0,0,0,0,0,0,253,85,87,237,179,0,0,0,0,37,171,0,0,0,0,0,0,0,171,38,1,171,38,0,0,0,0,183,3,113,45,0,4,0,0,0,0,0,7,96,0,0,2,29,41,0,0,0,0,0,0,198,224,253,196,166,224,36,224,0,125,0,2,11,0,41,0,65,55,192,208,207,209,0,6,0,237,0,223,32,223,0,222,11,0,0,3,53,8,29,52,3,199,251,123,251,136,241
2026-08-03_14-39-02,1,233,0,0.0,0,40.0,-1,-1,0,34,120,32,42,59,224,224,0,0,0,0,5,15,32,224,224,0,0,0,0,215,24,23,0,0,0,0,0,0,253,85,87,237,179,0,0,0,0,37,171,0,0,0,0,0,0,0,171,38,1,171,38,0,0,0,0,183,3,113,45,0,4,0,0,0,0,0,7,96,0,0,2,29,41,0,0,0,0,0,0,198,224,253,196,166,224,36,224,0,125,0,2,11,0,41,0,65,55,192,208,207,209,0,6,0,237,0,223,32,223,0,222,11,0,0,3,53,8,29,52,3,199,251,123,251,136,241,0,39,140,30,40,57,224,224,0,0,0,0,7,17,34,224,224,0,0,0,0,215,24,23,0,0,0,0,0,0,253,85,87,237,179,0,0,0,0,37,171,0,0,0,0,0,0,0,171,38,1,171,38,0,0,0,0,187,3,82,45,0,4,0,0,0,0,0,3,96,0,0,2,29,41,0,0,0,0,0,0,198,224,253,54,166,224,34,224,0,109,0,2,11,0,41,0,192,62,192,208,207,209,0,6,0,237,0,223,32,223,0,222,11,0,0,3,58,4,29,54,3,199,251,123,251,201,241
2026-08-03_14-39-02,1,234,0,0.0,0,40.0,-1,-1,0,39,140,30,40,57,224,224,0,0,0,0,7,17,34,224,224,0,0,0,0,215,24,23,0,0,0,0,0,0,253,85,87,237,179,0,0,0,0,37,171,0,0,0,0,0,0,0,171,38,1,171,38,0,0,0,0,187,3,82,45,0,4,0,0,0,0,0,3,96,0,0,2,29,41,0,0,0,0,0,0,198,224,253,54,166,224,34,224,0,109,0,2,11,0,41,0,192,62,192,208,207,209,0,6,0,237,0,223,32,223,0,222,11,0,0,3,58,4,29,54,3,199,251,123,251,201,241,0,120,205,28,38,55,224,224,0,0,0,0,9,19,36,224,224,0,0,0,0,215,24,23,0,0,0,0,0,0,253,85,87,237,179,0,0,0,0,37,171,0,0,0,0,0,0,0,171,38,1,171,38,0,0,0,0,191,3,51,45,0,4,0,0,0,0,0,7,0,0,0,2,29,41,0,0,0,0,0,0,198,224,253,182,166,224,32,224,0,93,0,2,11,0,41,0,66,51,192,208,207,209,0,6,0,237,0,223,32,223,0,222,10,2,2,0,49,8,85,39,3,199,251,123,251,136,241
2026-08-03_14-39-02,1,235,0,0.0,0,40.0,-1,-1,0,120,205,28,38,55,224,224,0,0,0,0,9,19,36,224,224,0,0,0,0,215,24,23,0,0,0,0,0,0,253,85,87,237,179,0,0,0,0,37,171,0,0,0,0,0,0,0,171,38,1,171,38,0,0,0,0,191,3,51,45,0,4,0,0,0,0,0,7,0,0,0,2,29,41,0,0,0,0,0,0,198,224,253,182,166,224,32,224,0,93,0,2,11,0,41,0,66,51,192,208,207,209,0,6,0,237,0,223,32,223,0,222,10,2,2,0,49,8,85,39,3,199,251,123,251,136,241,0,140,209,26,36,53,224,224,0,0,0,0,11,21,38,224,224,0,0,0,0,215,24,23,0,0,0,0,0,0,253,85,87,237,179,0,0,0,0,37,171,0,0,0,0,0,0,0,171,38,1,171,38,0,0,0,0,195,3,17,45,0,4,0,0,0,0,0,3,0,0,0,2,29,41,0,0,0,0,0,0,198,224,253,40,166,224,30,224,0,77,0,2,11,0,41,0,64,49,192,208,207,209,0,6,0,237,0,223,32,223,0,222,10,2,2,0,47,8,14,41,3,199,251,123,251,136,241
2026-08-03_14-39-02,1,236,0,0.0,0,40.0,-1,-1,0,140,209,26,36,53,224,224,0,0,0,0,11,21,38,224,224,0,0,0,0,215,24,23,0,0,0,0,0,0,253,85,87,237,179,0,0,0,0,37,171,0,0,0,0,0,0,0,171,38,1,171,38,0,0,0,0,195,3,17,45,0,4,0,0,0,0,0,3,0,0,0,2,29,41,0,0,0,0,0,0,198,224,253,40,166,224,30,224,0,77,0,2,11,0,41,0,64,49,192,208,207,209,0,6,0,237,0,223,32,223,0,222,10,2,2,0,47,8,14,41,3,199,251,123,251,136,241,0,205,18,24,34,51,224,224,0,0,0,0,13,23,40,224,224,0,0,0,0,199,40,7,0,0,0,0,0,0,13,69,71,237,179,0,0,0,0,37,171,0,0,0,0,0,0,0,171,38,1,171,38,0,0,0,0,199,3,98,45,0,4,0,0,0,0,0,10,32,0,0,2,29,41,0,0,0,0,0,0,198,224,253,168,166,224,28,224,0,61,0,2,11,0,41,0,128,62,192,208,207,209,0,6,0,237,0,223,32,223,0,222,11,0,0,1,58,4,30,60,3,199,251,123,251,201,241
2026-08-03_14-39-02,1,237,0,0.0,0,40.0,-1,-1,0,205,18,24,34,51,224,224,0,0,0,0,13,23,40,224,224,0,0,0,0,199,40,7,0,0,0,0,0,0,13,69,71,237,179,0,0,0,0,37,171,0,0,0,0,0,0,0,171,38,1,171,38,0,0,0,0,199,3,98,45,0,4,0,0,0,0,0,10,32,0,0,2,29,41,0,0,0,0,0,0,198,224,253,168,166,224,28,224,0,61,0,2,11,0,41,0,128,62,192,208,207,209,0,6,0,237,0,223,32,223,0,222,11,0,0,1,58,4,30,60,3,199,251,123,251,201,241,0,209,42,22,32,49,224,224,0,0,0,0,15,25,42,224,224,0,0,0,0,199,40,7,0,0,0,0,0,0,13,69,71,237,179,0,0,0,0,37,171,0,0,0,0,0,0,0,171,38,1,171,38,0,0,0,0,203,3,67,45,0,4,0,0,0,0,0,6,32,0,0,2,29,41,0,0,0,0,0,0,198,224,253,26,166,224,26,224,0,45,0,2,11,0,41,0,65,45,192,208,207,209,0,6,0,237,0,223,32,223,0,222,10,2,2,1,43,8,15,45,3,199,251,123,251,136,241
2026-08-03_14-39-02,1,238,0,0.0,0,40.0,-1,-1,0,209,42,22,32,49,224,224,0,0,0,0,15,25,42,224,224,0,0,0,0,199,40,7,0,0,0,0,0,0,13,69,71,237,179,0,0,0,0,37,171,0,0,0,0,0,0,0,171,38,1,171,38,0,0,0,0,203,3,67,45,0,4,0,0,0,0,0,6,32,0,0,2,29,41,0,0,0,0,0,0,198,224,253,26,166,224,26,224,0,45,0,2,11,0,41,0,65,45,192,208,207,209,0,6,0,237,0,223,32,223,0,222,10,2,2,1,43,8,15,45,3,199,251,123,251,136,241,0,18,174,20,30,47,224,224,0,0,0,0,17,27,44,224,224,0,0,0,0,199,40,7,0,0,0,0,0,0,13,69,71,237,179,0,0,0,0,37,171,0,0,0,0,0,0,0,171,38,1,171,38,0,0,0,0,207,3,33,45,0,4,0,0,0,0,0,2,32,0,0,2,29,41,0,0,0,0,0,0,198,224,253,154,166,224,24,224,0,29,0,2,11,0,41,0,192,62,192,208,207,209,0,6,0,237,0,223,32,223,0,222,11,0,0,1,58,4,71,64,3,0,60,123,251,201,241
2026-08-03_14-39-02,1,239,3,0.0,0,40.0,-1,-1,0,18,174,20,30,47,224,224,0,0,0,0,17,27,44,224,224,0,0,0,0,199,40,7,0,0,0,0,0,0,13,69,71,237,179,0,0,0,0,37,171,0,0,0,0,0,0,0,171,38,1,171,38,0,0,0,0,207,3,33,45,0,4,0,0,0,0,0,2,32,0,0,2,29,41,0,0,0,0,0,0,198,224,253,154,166,224,24,224,0,29,0,2,11,0,41,0,192,62,192,208,207,209,0,6,0,237,0,223,32,223,0,222,11,0,0,1,58,4,71,64,3,0,60,123,251,201,241,0,42,230,18,28,45,224,224,0,0,0,0,19,29,46,224,224,0,0,0,0,183,56,247,0,0,0,0,0,0,29,53,55,237,179,0,0,0,0,37,171,0,0,0,0,0,0,0,171,38,1,171,38,0,0,0,0,211,3,114,44,0,4,0,0,0,0,0,6,64,0,0,2,29,41,0,0,0,0,0,0,198,224,253,253,166,224,224,224,0,0,0,2,11,0,41,0,192,62,192,208,207,209,0,6,0,237,0,223,32,223,0,222,10,2,2,2,58,4,53,49,3,0,60,123,251,201,241
2026-08-03_14-39-02,1,240,3,0.0,0,40.0,-1,-1,0,42,230,18,28,45,224,224,0,0,0,0,19,29,46,224,224,0,0,0,0,183,56,247,0,0,0,0,0,0,29,53,55,237,179,0,0,0,0,37,171,0,0,0,0,0,0,0,171,38,1,171,38,0,0,0,0,211,3,114,44,0,4,0,0,0,0,0,6,64,0,0,2,29,41,0,0,0,0,0,0,198,224,253,253,166,224,224,224,0,0,0,2,11,0,41,0,192,62,192,208,207,209,0,6,0,237,0,223,32,223,0,222,10,2,2,2,58,4,53,49,3,0,60,123,251,201,241,0,174,111,16,26,43,224,224,0,0,0,0,21,31,48,224,224,0,0,0,0,183,56,247,0,0,0,0,0,0,29,53,55,237,179,0,0,0,0,37,171,0,0,0,0,0,0,0,171,38,1,171,38,0,0,0,0,215,3,83,43,0,4,0,0,0,0,0,2,64,0,0,2,29,41,0,0,0,0,0,0,198,224,253,253,166,224,224,224,0,0,0,2,11,0,41,0,192,62,192,208,207,209,0,6,0,237,0,223,32,223,0,222,10,2,2,2,58,4,53,51,3,199,251,123,251,201,241
2026-08-03_14-39-02,1,241,0,0.0,0,40.0,-1,-1,0,174,111,16,26,43,224,224,0,0,0,0,21,31,48,224,224,0,0,0,0,183,56,247,0,0,0,0,0,0,29,53,55,237,179,0,0,0,0,37,171,0,0,0,0,0,0,0,171,38,1,171,38,0,0,0,0,215,3,83,43,0,4,0,0,0,0,0,2,64,0,0,2,29,41,0,0,0,0,0,0,198,224,253,253,166,224,224,224,0,0,0,2,11,0,41,0,192,62,192,208,207,209,0,6,0,237,0,223,32,223,0,222,10,2,2,2,58,4,53,51,3,199,251,123,251,201,241,0,230,254,14,24,41,224,224,0,0,0,0,23,33,50,224,224,0,0,0,0,183,56,247,0,0,0,0,0,0,29,53,55,237,179,0,0,0,0,37,171,0,0,0,0,0,0,0,171,38,1,171,38,0,0,0,0,219,3,49,43,0,4,0,0,0,0,0,9,96,0,0,2,29,41,0,0,0,0,0,0,198,224,253,253,166,224,224,224,0,0,0,2,11,0,41,0,192,62,192,208,207,209,0,6,0,237,0,223,32,223,0,222,10,2,2,3,58,4,16,53,3,199,251,123,251,201,241
2026-08-03_14-39-02,1,242,0,0.0,0,40.0,-1,-1,0,230,254,14,24,41,224,224,0,0,0,0,23,33,50,224,224,0,0,0,0,183,56,247,0,0,0,0,0,0,29,53,55,237,179,0,0,0,0,37,171,0,0,0,0,0,0,0,171,38,1,171,38,0,0,0,0,219,3,49,43,0,4,0,0,0,0,0,9,96,0,0,2,29,41,0,0,0,0,0,0,198,224,253,253,166,224,224,224,0,0,0,2,11,0,41,0,192,62,192,208,207,209,0,6,0,237,0,223,32,223,0,222,10,2,2,3,58,4,16,53,3,199,251,123,251,201,241,0,111,229,12,22,39,224,224,0,0,0,0,25,35,52,224,224,0,0,0,0,183,56,247,0,0,0,0,0,0,29,53,55,237,179,0,0,0,0,37,171,0,0,0,0,0,0,0,171,38,1,171,38,0,0,0,0,223,3,18,43,0,4,0,0,0,0,0,5,96,0,0,2,29,41,0,0,0,0,0,0,198,224,253,253,166,224,224,224,0,0,0,2,11,0,41,0,192,62,192,208,207,209,0,6,0,237,0,223,32,223,0,222,10,2,2,3,58,4,16,55,3,199,251,123,251,201,241
2026-08-03_14-39-02,1,243,0,0.0,0,40.0,-1,-1,0,111,229,12,22,39,224,224,0,0,0,0,25,35,52,224,224,0,0,0,0,183,56,247,0,0,0,0,0,0,29,53,55,237,179,0,0,0,0,37,171,0,0,0,0,0,0,0,171,38,1,171,38,0,0,0,0,223,3,18,43,0,4,0,0,0,0,0,5,96,0,0,2,29,41,0,0,0,0,0,0,198,224,253,253,166,224,224,224,0,0,0,2,11,0,41,0,192,62,192,208,207,209,0,6,0,237,0,223,32,223,0,222,10,2,2,3,58,4,16,55,3,199,251,123,251,201,241,0,254,86,10,20,37,224,224,0,0,0,0,27,37,54,224,224,0,0,0,0,167,72,231,0,0,0,0,0,0,45,37,39,237,179,0,0,0,0,37,171,0,0,0,0,0,0,0,171,38,1,171,38,0,0,0,0,227,3,99,43,0,4,0,0,0,0,0,1,96,0,0,2,29,41,0,0,0,0,0,0,198,224,253,253,166,224,224,224,0,0,0,2,11,0,41,0,192,62,192,208,207,209,0,6,0,237,0,223,32,223,0,222,10,2,2,3,58,4,17,57,3,199,251,123,251,201,241
2026-08-03_14-39-02,1,244,0,0.0,0,40.0,-1,-1,0,254,86,10,20,37,224,224,0,0,0,0,27,37,54,224,224,0,0,0,0,167,72,231,0,0,0,0,0,0,45,37,39,237,179,0,0,0,0,37,171,0,0,0,0,0,0,0,171,38,1,171,38,0,0,0,0,227,3,99,43,0,4,0,0,0,0,0,1,96,0,0,2,29,41,0,0,0,0,0,0,198,224,253,253,166,224,224,224,0,0,0,2,11,0,41,0,192,62,192,208,207,209,0,6,0,237,0,223,32,223,0,222,10,2,2,3,58,4,17,57,3,199,251,123,251,201,241,0,229,96,8,18,35,224,224,0,0,0,0,29,39,56,224,224,0,0,0,0,167,72,231,0,0,0,0,0,0,45,37,39,237,179,0,0,0,0,37,171,0,0,0,0,0,0,0,171,38,1,171,38,0,0,0,0,231,3,65,43,0,4,0,0,0,0,0,5,0,0,0,2,29,41,0,0,0,0,0,0,198,224,253,253,166,224,224,224,0,0,0,2,11,0,41,0,192,62,192,208,207,209,0,6,0,237,0,223,32,223,0,222,10,2,2,0,58,4,17,59,3,199,251,123,251,201,241
2026-08-03_14-39-02,1,245,0,0.0,0,40.0,-1,-1,0,229,96,8,18,35,224,224,0,0,0,0,29,39,56,224,224,0,0,0,0,167,72,231,0,0,0,0,0,0,45,37,39,237,179,0,0,0,0,37,171,0,0,0,0,0,0,0,171,38,1,171,38,0,0,0,0,231,3,65,43,0,4,0,0,0,0,0,5,0,0,0,2,29,41,0,0,0,0,0,0,198,224,253,253,166,224,224,224,0,0,0,2,11,0,41,0,192,62,192,208,207,209,0,6,0,237,0,223,32,223,0,222,10,2,2,0,58,4,17,59,3,199,251,123,251,201,241,0,86,5,6,16,33,224,224,0,0,0,0,31,41,58,224,224,0,0,0,0,167,72,231,0,0,0,0,0,0,45,37,39,237,179,0,0,0,0,37,171,0,0,0,0,0,0,0,171,38,1,171,38,0,0,0,0,235,3,34,43,0,4,0,0,0,0,0,1,0,0,0,2,29,41,0,0,0,0,0,0,198,224,253,253,166,224,224,224,0,0,0,2,11,0,41,0,192,62,192,208,207,209,0,6,0,237,0,223,32,223,0,222,10,2,2,0,58,4,17,61,3,199,251,123,251,201,241
2026-08-03_14-39-02,1,246,0,50.0,0,90.0,-1,-1,0,86,5,6,16,33,224,224,0,0,0,0,31,41,58,224,224,0,0,0,0,167,72,231,0,0,0,0,0,0,45,37,39,237,179,0,0,0,0,37,171,0,0,0,0,0,0,0,171,38,1,171,38,0,0,0,0,235,3,34,43,0,4,0,0,0,0,0,1,0,0,0,2,29,41,0,0,0,0,0,0,198,224,253,253,166,224,224,224,0,0,0,2,11,0,41,0,192,62,192,208,207,209,0,6,0,237,0,223,32,223,0,222,10,2,2,0,58,4,17,61,3,199,251,123,251,201,241,0,192,190,4,14,31,224,224,0,0,0,0,33,43,60,224,224,0,0,0,0,151,88,215,0,0,0,0,0,0,61,21,23,237,179,0,0,0,0,37,171,0,0,0,0,0,0,0,63,38,1,171,38,0,0,0,0,239,3,115,43,0,9,0,0,0,0,14,8,33,0,0,2,29,41,0,0,0,0,0,0,198,224,253,253,166,224,224,224,0,0,0,2,11,129,41,0,128,62,192,208,207,209,0,6,0,237,0,223,32,223,0,222,32,222,13,17,221,230,0,240,3,0,60,0,0,232,54
2026-08-03_14-39-02,1,247,3,0.0,0,90.0,-1,-1,0,192,190,4,14,31,224,224,0,0,0,0,33,43,60,224,224,0,0,0,0,151,88,215,0,0,0,0,0,0,61,21,23,237,179,0,0,0,0,37,171,0,0,0,0,0,0,0,63,38,1,171,38,0,0,0,0,239,3,115,43,0,9,0,0,0,0,14,8,33,0,0,2,29,41,0,0,0,0,0,0,198,224,253,253,166,224,224,224,0,0,0,2,11,129,41,0,128,62,192,208,207,209,0,6,0,237,0,223,32,223,0,222,32,222,13,17,221,230,0,240,3,0,60,0,0,232,54,0,11,232,2,12,29,224,224,0,0,0,0,35,45,62,224,224,0,0,0,0,151,88,215,0,0,0,0,0,0,61,21,23,237,179,0,0,0,0,37,171,0,0,0,0,0,0,0,63,38,1,171,38,0,0,0,0,243,3,81,43,0,9,0,0,0,0,12,4,33,0,0,2,29,41,0,0,0,0,0,0,198,224,253,253,166,224,224,224,0,0,0,2,11,131,41,0,128,62,192,208,207,209,0,6,0,237,0,223,32,223,0,222,32,222,13,17,221,230,0,240,3,0,60,0,0,232,54
2026-08-03_14-39-02,1,248,0,0.0,0,90.0,-1,-1,0,11,232,2,12,29,224,224,0,0,0,0,35,45,62,224,224,0,0,0,0,151,88,215,0,0,0,0,0,0,61,21,23,237,179,0,0,0,0,37,171,0,0,0,0,0,0,0,63,38,1,171,38,0,0,0,0,243,3,81,43,0,9,0,0,0,0,12,4,33,0,0,2,29,41,0,0,0,0,0,0,198,224,253,253,166,224,224,224,0,0,0,2,11,131,41,0,128,62,192,208,207,209,0,6,0,237,0,223,32,223,0,222,32,222,13,17,221,230,0,240,3,0,60,0,0,232,54,0,190,131,0,10,27,224,224,0,0,0,0,37,47,64,224,224,0,0,0,0,151,88,215,0,0,0,0,0,0,61,21,23,237,179,0,0,0,0,37,171,0,0,0,0,0,0,0,63,38,1,171,38,0,0,0,0,247,3,50,43,0,9,0,0,0,0,10,8,65,0,0,2,29,41,0,0,0,0,0,0,198,224,253,253,166,224,224,224,0,0,0,2,11,133,41,0,128,62,192,208,207,209,0,6,0,237,0,223,32,223,0,222,32,222,13,132,221,230,0,240,3,0,60,0,0,232,54
2026-08-03_14-39-02,1,249,3,0.0,0,90.0,-1,-1,0,190,131,0,10,27,224,224,0,0,0,0,37,47,64,224,224,0,0,0,0,151,88,215,0,0,0,0,0,0,61,21,23,237,179,0,0,0,0,37,171,0,0,0,0,0,0,0,63,38,1,171,38,0,0,0,0,247,3,50,43,0,9,0,0,0,0,10,8,65,0,0,2,29,41,0,0,0,0,0,0,198,224,253,253,166,224,224,224,0,0,0,2,11,133,41,0,128,62,192,208,207,209,0,6,0,237,0,223,32,223,0,222,32,222,13,132,221,230,0,240,3,0,60,0,0,232,54,0,232,56,254,8,25,87,224,0,0,0,0,39,49,66,224,224,0,0,0,0,151,88,215,151,0,0,0,0,0,61,21,23,237,179,0,0,0,0,37,171,0,37,0,0,0,0,0,63,38,1,171,38,0,0,0,0,251,3,19,16,0,9,0,0,0,0,8,4,65,0,0,2,29,224,0,0,0,0,0,0,198,224,253,253,166,224,224,224,0,0,0,3,11,62,41,0,128,62,131,208,207,209,3,6,151,237,32,223,32,223,32,222,32,222,13,18,221,230,0,240,3,0,55,0,0,232,54
2026-08-03_14-39-02,1,250,3,0.0,0,90.0,-1,-1,0,232,56,254,8,25,87,224,0,0,0,0,39,49,66,224,224,0,0,0,0,151,88,215,151,0,0,0,0,0,61,21,23,237,179,0,0,0,0,37,171,0,37,0,0,0,0,0,63,38,1,171,38,0,0,0,0,251,3,19,16,0,9,0,0,0,0,8,4,65,0,0,2,29,224,0,0,0,0,0,0,198,224,253,253,166,224,224,224,0,0,0,3,11,62,41,0,128,62,131,208,207,209,3,6,151,237,32,223,32,223,32,222,32,222,13,18,221,230,0,240,3,0,55,0,0,232,54,0,131,135,252,6,23,85,224,0,0,0,0,41,51,68,224,224,0,0,0,0,135,104,199,135,0,0,0,0,0,77,5,7,237,179,0,0,0,0,37,171,0,37,0,0,0,0,0,63,38,1,171,38,0,0,0,0,255,3,97,16,0,9,0,0,0,0,6,11,97,0,0,2,29,224,0,0,0,0,0,0,198,224,253,253,166,224,224,224,0,0,0,3,11,60,41,0,128,62,131,208,207,209,3,6,135,237,34,223,32,223,34,222,32,222,8,4,221,230,0,240,3,0,55,0,0,232,54
2026-08-03_14-39-02,1,251,0,0.0,0,90.0,-1,-1,0,131,135,252,6,23,85,224,0,0,0,0,41,51,68,224,224,0,0,0,0,135,104,199,135,0,0,0,0,0,77,5,7,237,179,0,0,0,0,37,171,0,37,0,0,0,0,0,63,38,1,171,38,0,0,0,0,255,3,97,16,0,9,0,0,0,0,6,11,97,0,0,2,29,224,0,0,0,0,0,0,198,224,253,253,166,224,224,224,0,0,0,3,11,60,41,0,128,62,131,208,207,209,3,6,135,237,34,223,32,223,34,222,32,222,8,4,221,230,0,240,3,0,55,0,0,232,54,0,56,112,250,4,21,83,224,0,0,0,0,43,53,70,224,224,0,0,0,0,135,104,199,135,0,0,0,0,0,77,5,7,237,179,0,0,0,0,37,171,0,37,0,0,0,0,0,63,38,1,171,38,0,0,0,0,3,4,66,16,0,9,0,0,0,0,4,7,97,0,0,2,29,224,0,0,0,0,0,0,198,224,253,253,166,224,224,224,0,0,0,3,11,58,41,0,128,62,131,208,207,209,3,6,135,237,36,223,32,223,36,222,32,222,8,19,221,230,0,240,3,0,55,0,0,232,54
2026-08-03_14-39-02,1,252,3,0.0,0,90.0,-1,-1,0,56,112,250,4,21,83,224,0,0,0,0,43,53,70,224,224,0,0,0,0,135,104,199,135,0,0,0,0,0,77,5,7,237,179,0,0,0,0,37,171,0,37,0,0,0,0,0,63,38,1,171,38,0,0,0,0,3,4,66,16,0,9,0,0,0,0,4,7,97,0,0,2,29,224,0,0,0,0,0,0,198,224,253,253,166,224,224,224,0,0,0,3,11,58,41,0,128,62,131,208,207,209,3,6,135,237,36,223,32,223,36,222,32,222,8,19,221,230,0,240,3,0,55,0,0,232,54,0,135,9,2,19,81,224,224,0,0,0,0,45,55,72,224,224,0,0,0,0,104,199,135,0,0,0,0,0,0,77,5,7,237,179,0,0,0,0,171,0,37,0,0,0,0,0,0,63,38,1,171,38,0,0,0,0,7,4,35,16,0,9,0,0,0,0,2,3,97,0,0,2,29,224,0,0,0,0,0,0,198,224,253,253,166,224,224,224,0,0,0,2,11,56,41,0,128,62,131,208,136,209,3,3,135,7,38,223,15,223,38,222,15,222,13,19,221,230,0,240,1,0,55,0,0,232,54
2026-08-03_14-39-02,1,253,0,0.0,0,90.0,-1,-1,0,135,9,2,19,81,224,224,0,0,0,0,45,55,72,224,224,0,0,0,0,104,199,135,0,0,0,0,0,0,77,5,7,237,179,0,0,0,0,171,0,37,0,0,0,0,0,0,63,38,1,171,38,0,0,0,0,7,4,35,16,0,9,0,0,0,0,2,3,97,0,0,2,29,224,0,0,0,0,0,0,198,224,253,253,166,224,224,224,0,0,0,2,11,56,41,0,128,62,131,208,136,209,3,3,135,7,38,223,15,223,38,222,15,222,13,19,221,230,0,240,1,0,55,0,0,232,54,0,112,145,0,17,79,224,224,0,0,0,0,47,57,74,224,224,0,0,0,0,134,183,105,0,0,0,0,0,0,93,245,247,237,179,0,0,0,0,171,0,37,0,0,0,0,0,0,63,38,1,171,38,0,0,0,0,11,4,113,16,0,9,0,0,0,0,0,7,0,0,0,2,29,224,0,0,0,0,0,0,198,224,253,253,166,224,224,224,0,0,0,2,11,54,41,0,128,62,192,208,136,209,0,3,0,247,39,223,13,223,39,222,13,222,13,0,221,230,0,240,1,0,55,0,0,232,54
2026-08-03_14-39-02,1,254,0,0.0,0,90.0,-1,-1,0,112,145,0,17,79,224,224,0,0,0,0,47,57,74,224,224,0,0,0,0,134,183,105,0,0,0,0,0,0,93,245,247,237,179,0,0,0,0,171,0,37,0,0,0,0,0,0,63,38,1,171,38,0,0,0,0,11,4,113,16,0,9,0,0,0,0,0,7,0,0,0,2,29,224,0,0,0,0,0,0,198,224,253,253,166,224,224,224,0,0,0,2,11,54,41,0,128,62,192,208,136,209,0,3,0,247,39,223,13,223,39,222,13,222,13,0,221,230,0,240,1,0,55,0,0,232,54,0,9,18,254,15,77,87,224,0,0,0,0,243,49,59,76,224,0,0,0,0,134,183,105,134,0,0,0,0,0,247,93,245,247,237,0,0,0,0,171,0,37,171,0,0,0,0,0,1,63,38,1,171,0,0,0,0,15,4,82,16,0,9,0,0,0,0,0,3,0,0,0,2,29,224,0,0,0,0,0,0,198,224,253,253,166,224,224,224,0,0,0,3,12,52,41,0,128,62,131,208,136,209,3,3,134,247,32,223,11,223,32,222,11,222,29,0,221,68,0,240,1,0,55,0,0,232,180
2026-08-03_14-39-02,1,255,0,0.0,0,90.0,-1,-1,0,9,18,254,15,77,87,224,0,0,0,0,243,49,59,76,224,0,0,0,0,134,183,105,134,0,0,0,0,0,247,93,245,247,237,0,0,0,0,171,0,37,171,0,0,0,0,0,1,63,38,1,171,0,0,0,0,15,4,82,16,0,9,0,0,0,0,0,3,0,0,0,2,29,224,0,0,0,0,0,0,198,224,253,253,166,224,224,224,0,0,0,3,12,52,41,0,128,62,131,208,136,209,3,3,134,247,32,223,11,223,32,222,11,222,29,0,221,68,0,240,1,0,55,0,0,232,180,0,145,35,252,13,75,85,224,0,0,0,0,245,51,61,78,224,0,0,0,0,134,183,105,134,0,0,0,0,0,247,93,245,247,237,0,0,0,0,171,0,37,171,0,0,0,0,0,1,63,38,1,171,0,0,0,0,19,4,51,16,0,9,0,0,0,0,0,9,32,0,0,2,29,224,0,0,0,0,0,0,198,224,253,253,166,224,224,224,0,0,0,3,12,50,41,0,128,62,131,208,136,209,3,3,134,247,34,223,9,223,34,222,9,222,29,1,221,68,0,240,1,0,55,0,0,232,52
2026-08-03_14-39-02,1,256,0,0.0,0,90.0,-1,-1,0,145,35,252,13,75,85,224,0,0,0,0,245,51,61,78,224,0,0,0,0,134,183,105,134,0,0,0,0,0,247,93,245,247,237,0,0,0,0,171,0,37,171,0,0,0,0,0,1,63,38,1,171,0,0,0,0,19,4,51,16,0,9,0,0,0,0,0,9,32,0,0,2,29,224,0,0,0,0,0,0,198,224,253,253,166,224,224,224,0,0,0,3,12,50,41,0,128,62,131,208,136,209,3,3,134,247,34,223,9,223,34,222,9,222,29,1,221,68,0,240,1,0,55,0,0,232,52,0,18,54,250,11,73,83,224,0,0,0,0,247,53,63,80,224,0,0,0,0,134,183,105,134,0,0,0,0,0,247,93,245,247,237,0,0,0,0,171,0,37,171,0,0,0,0,0,1,63,38,1,171,0,0,0,0,23,4,17,16,0,9,0,0,0,0,0,5,32,0,0,2,29,224,0,0,0,0,0,0,198,224,253,253,166,224,224,224,0,0,0,3,12,48,41,0,128,62,131,208,136,209,3,3,134,247,36,223,7,223,36,222,7,222,5,1,221,68,0,240,1,0,55,0,0,232,52
2026-08-03_14-39-02,1,257,0,0.0,0,90.0,-1,-1,0,18,54,250,11,73,83,224,0,0,0,0,247,53,63,80,224,0,0,0,0,134,183,105,134,0,0,0,0,0,247,93,245,247,237,0,0,0,0,171,0,37,171,0,0,0,0,0,1,63,38,1,171,0,0,0,0,23,4,17,16,0,9,0,0,0,0,0,5,32,0,0,2,29,224,0,0,0,0,0,0,198,224,253,253,166,224,224,224,0,0,0,3,12,48,41,0,128,62,131,208,136,209,3,3,134,247,36,223,7,223,36,222,7,222,5,1,221,68,0,240,1,0,55,0,0,232,52,0,35,102,9,71,81,224,224,0,0,0,0,249,55,65,82,224,0,0,0,0,167,89,150,0,0,0,0,0,0,231,109,229,231,237,0,0,0,0,0,37,171,0,0,0,0,0,0,1,63,38,1,171,0,0,0,0,27,4,98,16,0,9,0,0,0,0,0,1,32,0,0,2,29,224,0,0,0,0,0,0,198,224,253,253,166,224,224,224,0,0,0,2,12,46,41,0,128,62,131,208,136,209,3,3,150,231,38,223,5,223,38,222,5,222,5,1,221,68,0,240,1,0,55,0,0,232,54
2026-08-03_14-39-02,1,258,0,0.0,0,90.0,-1,-1,0,35,102,9,71,81,224,224,0,0,0,0,249,55,65,82,224,0,0,0,0,167,89,150,0,0,0,0,0,0,231,109,229,231,237,0,0,0,0,0,37,171,0,0,0,0,0,0,1,63,38,1,171,0,0,0,0,27,4,98,16,0,9,0,0,0,0,0,1,32,0,0,2,29,224,0,0,0,0,0,0,198,224,253,253,166,224,224,224,0,0,0,2,12,46,41,0,128,62,131,208,136,209,3,3,150,231,38,223,5,223,38,222,5,222,5,1,221,68,0,240,1,0,55,0,0,232,54,0,54,108,7,69,79,224,224,0,0,0,0,251,57,67,84,224,0,0,0,0,167,89,150,0,0,0,0,0,0,231,109,229,231,237,0,0,0,0,0,37,171,0,0,0,0,0,0,1,63,38,1,171,0,0,0,0,31,4,67,16,0,9,0,0,0,0,0,5,64,0,0,2,29,224,0,0,0,0,0,0,198,224,253,253,166,224,224,224,0,0,0,2,12,44,41,0,128,62,192,208,136,209,0,3,0,231,39,223,3,223,39,222,3,222,29,2,221,68,0,240,1,0,55,0,0,232,54
2026-08-03_14-39-02,1,259,0,0.0,0,90.0,-1,-1,0,54,108,7,69,79,224,224,0,0,0,0,251,57,67,84,224,0,0,0,0,167,89,150,0,0,0,0,0,0,231,109,229,231,237,0,0,0,0,0,37,171,0,0,0,0,0,0,1,63,38,1,171,0,0,0,0,31,4,67,16,0,9,0,0,0,0,0,5,64,0,0,2,29,224,0,0,0,0,0,0,198,224,253,253,166,224,224,224,0,0,0,2,12,44,41,0,128,62,192,208,136,209,0,3,0,231,39,223,3,223,39,222,3,222,29,2,221,68,0,240,1,0,55,0,0,232,54,0,102,203,5,67,77,224,224,0,0,0,0,253,59,69,86,224,0,0,0,0,167,89,150,0,0,0,0,0,0,231,109,229,231,237,0,0,0,0,0,37,171,0,0,0,0,0,0,1,63,38,1,171,0,0,0,0,35,4,33,16,0,9,0,0,0,0,0,1,64,0,0,2,29,224,0,0,0,0,0,0,198,224,253,253,166,224,224,224,0,0,0,2,12,42,41,0,128,62,192,208,136,209,0,3,0,231,0,223,1,223,0,222,1,222,13,2,221,68,0,240,1,0,55,0,0,232,52
2026-08-03_14-39-02,1,260,0,0.0,0,90.0,-1,-1,0,102,203,5,67,77,224,224,0,0,0,0,253,59,69,86,224,0,0,0,0,167,89,150,0,0,0,0,0,0,231,109,229,231,237,0,0,0,0,0,37,171,0,0,0,0,0,0,1,63,38,1,171,0,0,0,0,35,4,33,16,0,9,0,0,0,0,0,1,64,0,0,2,29,224,0,0,0,0,0,0,198,224,253,253,166,224,224,224,0,0,0,2,12,42,41,0,128,62,192,208,136,209,0,3,0,231,0,223,1,223,0,222,1,222,13,2,221,68,0,240,1,0,55,0,0,232,52,0,108,181,3,65,75,224,224,0,0,0,0,255,61,71,88,224,0,0,0,0,151,73,166,0,0,0,0,0,0,215,139,213,215,237,0,0,0,0,0,37,171,0,0,0,0,0,0,1,63,38,1,171,0,0,0,0,39,4,114,16,0,9,0,0,0,0,0,7,96,0,0,2,29,224,0,0,0,0,0,0,198,224,253,253,166,224,224,224,0,0,0,2,12,40,41,0,128,62,192,208,69,209,0,3,0,215,0,223,0,223,0,222,0,222,8,3,221,68,0,240,1,0,55,0,0,232,52
2026-08-03_14-39-02,1,261,0,0.0,0,90.0,-1,-1,0,108,181,3,65,75,224,224,0,0,0,0,255,61,71,88,224,0,0,0,0,151,73,166,0,0,0,0,0,0,215,139,213,215,237,0,0,0,0,0,37,171,0,0,0,0,0,0,1,63,38,1,171,0,0,0,0,39,4,114,16,0,9,0,0,0,0,0,7,96,0,0,2,29,224,0,0,0,0,0,0,198,224,253,253,166,224,224,224,0,0,0,2,12,40,41,0,128,62,192,208,69,209,0,3,0,215,0,223,0,223,0,222,0,222,8,3,221,68,0,240,1,0,55,0,0,232,52,0,203,86,1,63,73,224,224,0,0,0,0,1,63,73,224,224,0,0,0,0,151,73,166,0,0,0,0,0,0,215,139,213,215,237,0,0,0,0,0,37,171,0,0,0,0,0,0,1,63,38,1,171,0,0,0,0,43,4,83,16,0,9,0,0,0,0,0,3,96,0,0,2,29,224,0,0,0,0,0,0,198,224,253,253,166,224,224,224,0,0,0,2,11,38,41,0,128,62,192,208,207,209,0,3,0,215,0,223,0,223,0,222,0,222,8,3,221,68,0,240,1,0,55,0,0,232,54
2026-08-03_14-39-02,1,262,0,0.0,0,90.0,-1,-1,0,203,86,1,63,73,224,224,0,0,0,0,1,63,73,224,224,0,0,0,0,151,73,166,0,0,0,0,0,0,215,139,213,215,237,0,0,0,0,0,37,171,0,0,0,0,0,0,1,63,38,1,171,0,0,0,0,43,4,83,16,0,9,0,0,0,0,0,3,96,0,0,2,29,224,0,0,0,0,0,0,198,224,253,253,166,224,224,224,0,0,0,2,11,38,41,0,128,62,192,208,207,209,0,3,0,215,0,223,0,223,0,222,0,222,8,3,221,68,0,240,1,0,55,0,0,232,54,0,181,107,255,61,71,88,224,0,0,0,0,3,65,75,224,224,0,0,0,0,151,73,166,151,0,0,0,0,0,215,139,213,215,237,0,0,0,0,0,37,171,0,0,0,0,0,0,1,63,38,1,171,0,0,0,0,47,4,49,16,0,9,0,0,0,0,0,7,0,0,0,2,29,224,0,0,0,0,0,0,198,224,253,253,166,224,224,224,0,0,0,3,11,36,41,0,128,62,70,208,207,209,3,3,151,215,0,223,0,223,0,222,0,222,8,0,221,68,0,240,1,0,55,0,0,232,54
2026-08-03_14-39-02,1,263,0,0.0,0,90.0,-1,-1,0,181,107,255,61,71,88,224,0,0,0,0,3,65,75,224,224,0,0,0,0,151,73,166,151,0,0,0,0,0,215,139,213,215,237,0,0,0,0,0,37,171,0,0,0,0,0,0,1,63,38,1,171,0,0,0,0,47,4,49,16,0,9,0,0,0,0,0,7,0,0,0,2,29,224,0,0,0,0,0,0,198,224,253,253,166,224,224,224,0,0,0,3,11,36,41,0,128,62,70,208,207,209,3,3,151,215,0,223,0,223,0,222,0,222,8,0,221,68,0,240,1,0,55,0,0,232,54,0,86,187,253,59,69,86,224,0,0,0,0,5,67,77,224,224,0,0,0,0,151,73,166,151,0,0,0,0,0,215,139,213,215,237,0,0,0,0,0,37,171,0,0,0,0,0,0,1,63,38,1,171,0,0,0,0,51,4,18,16,0,9,0,0,0,0,0,3,0,0,0,2,29,224,0,0,0,0,0,0,198,224,253,253,166,224,224,224,0,0,0,3,11,34,41,0,128,62,131,208,207,209,3,3,151,215,1,223,0,223,1,222,0,222,13,0,221,68,0,240,1,0,55,0,0,232,52
2026-08-03_14-39-02,1,264,0,0.0,0,90.0,-1,-1,0,86,187,253,59,69,86,224,0,0,0,0,5,67,77,224,224,0,0,0,0,151,73,166,151,0,0,0,0,0,215,139,213,215,237,0,0,0,0,0,37,171,0,0,0,0,0,0,1,63,38,1,171,0,0,0,0,51,4,18,16,0,9,0,0,0,0,0,3,0,0,0,2,29,224,0,0,0,0,0,0,198,224,253,253,166,224,224,224,0,0,0,3,11,34,41,0,128,62,131,208,207,209,3,3,151,215,1,223,0,223,1,222,0,222,13,0,221,68,0,240,1,0,55,0,0,232,52,0,107,191,251,57,67,84,224,0,0,0,0,7,69,79,224,224,0,0,0,0,135,57,182,135,0,0,0,0,0,199,155,197,215,237,0,0,0,0,0,37,171,0,0,0,0,0,0,1,63,38,1,171,0,0,0,0,55,4,99,16,0,9,0,0,0,0,0,9,32,0,0,2,29,224,0,0,0,0,0,0,198,224,253,253,166,224,224,224,0,0,0,3,11,32,41,0,128,62,131,208,136,209,3,3,135,215,3,223,39,223,3,222,39,222,29,1,221,68,0,240,6,0,55,0,0,232,54
2026-08-03_14-39-02,1,265,0,0.0,0,90.0,-1,-1,0,107,191,251,57,67,84,224,0,0,0,0,7,69,79,224,224,0,0,0,0,135,57,182,135,0,0,0,0,0,199,155,197,215,237,0,0,0,0,0,37,171,0,0,0,0,0,0,1,63,38,1,171,0,0,0,0,55,4,99,16,0,9,0,0,0,0,0,9,32,0,0,2,29,224,0,0,0,0,0,0,198,224,253,253,166,224,224,224,0,0,0,3,11,32,41,0,128,62,131,208,136,209,3,3,135,215,3,223,39,223,3,222,39,222,29,1,221,68,0,240,6,0,55,0,0,232,54,0,187,247,249,55,65,82,224,0,0,0,0,9,71,81,224,224,0,0,0,0,135,57,182,135,0,0,0,0,0,199,155,197,215,237,0,0,0,0,0,37,171,0,0,0,0,0,0,1,63,38,1,171,0,0,0,0,59,4,65,16,0,9,0,0,0,0,0,5,32,0,0,2,29,224,0,0,0,0,0,0,198,224,253,253,166,224,224,224,0,0,0,3,11,30,41,0,128,62,131,208,136,209,3,2,135,197,5,223,38,223,5,222,38,222,8,1,221,68,0,240,6,0,55,0,0,232,54
2026-08-03_14-39-02,1,266,0,0.0,0,90.0,-1,-1,0,187,247,249,55,65,82,224,0,0,0,0,9,71,81,224,224,0,0,0,0,135,57,182,135,0,0,0,0,0,199,155,197,215,237,0,0,0,0,0,37,171,0,0,0,0,0,0,1,63,38,1,171,0,0,0,0,59,4,65,16,0,9,0,0,0,0,0,5,32,0,0,2,29,224,0,0,0,0,0,0,198,224,253,253,166,224,224,224,0,0,0,3,11,30,41,0,128,62,131,208,136,209,3,2,135,197,5,223,38,223,5,222,38,222,8,1,221,68,0,240,6,0,55,0,0,232,54,0,191,121,247,53,63,80,224,0,0,0,0,250,11,73,83,224,0,0,0,0,135,57,182,135,0,0,0,0,0,197,199,155,197,215,0,0,0,0,0,37,171,0,0,0,0,0,0,38,1,63,38,1,0,0,0,0,63,4,34,16,0,9,0,0,0,0,0,1,32,0,0,2,29,224,0,0,0,0,0,0,198,224,253,253,166,224,224,224,0,0,0,3,12,28,41,0,128,62,131,208,136,209,3,2,135,197,7,223,36,223,7,222,36,222,8,1,221,118,0,240,6,0,55,0,0,232,54
2026-08-03_14-39-02,1,267,0,0.0,0,90.0,-1,-1,0,191,121,247,53,63,80,224,0,0,0,0,250,11,73,83,224,0,0,0,0,135,57,182,135,0,0,0,0,0,197,199,155,197,215,0,0,0,0,0,37,171,0,0,0,0,0,0,38,1,63,38,1,0,0,0,0,63,4,34,16,0,9,0,0,0,0,0,1,32,0,0,2,29,224,0,0,0,0,0,0,198,224,253,253,166,224,224,224,0,0,0,3,12,28,41,0,128,62,131,208,136,209,3,2,135,197,7,223,36,223,7,222,36,222,8,1,221,118,0,240,6,0,55,0,0,232,54,0,247,152,245,51,61,78,224,0,0,0,0,252,13,75,85,224,0,0,0,0,105,41,198,105,0,0,0,0,0,181,183,171,181,215,0,0,0,0,0,37,171,0,0,0,0,0,0,38,1,63,38,1,0,0,0,0,67,4,115,16,0,9,0,0,0,0,0,5,64,0,0,2,29,224,0,0,0,0,0,0,198,224,253,253,166,224,224,224,0,0,0,3,12,26,41,0,128,62,131,208,136,209,4,2,105,181,9,223,34,223,9,222,34,222,8,2,221,118,0,240,6,0,55,0,0,232,54
2026-08-03_14-39-02,1,268,4,0.0,0,90.0,-1,-1,0,247,152,245,51,61,78,224,0,0,0,0,252,13,75,85,224,0,0,0,0,105,41,198,105,0,0,0,0,0,181,183,171,181,215,0,0,0,0,0,37,171,0,0,0,0,0,0,38,1,63,38,1,0,0,0,0,67,4,115,16,0,9,0,0,0,0,0,5,64,0,0,2,29,224,0,0,0,0,0,0,198,224,253,253,166,224,224,224,0,0,0,3,12,26,41,0,128,62,131,208,136,209,4,2,105,181,9,223,34,223,9,222,34,222,8,2,221,118,0,240,6,0,55,0,0,232,54,0,121,131,243,49,59,76,224,0,0,0,0,254,15,77,87,224,0,0,0,0,105,41,198,105,0,0,0,0,0,181,183,171,181,215,0,0,0,0,0,37,171,0,0,0,0,0,0,38,1,63,38,1,0,0,0,0,71,4,81,16,0,9,0,0,0,0,0,1,64,0,0,2,29,224,0,0,0,0,0,0,198,224,253,253,166,224,224,224,0,0,0,3,12,24,41,0,128,62,131,208,69,209,4,2,105,181,11,223,32,223,11,222,32,222,29,2,221,118,0,240,6,0,55,0,0,232,54
2026-08-03_14-39-02,1,269,4,0.0,0,90.0,-1,-1,0,121,131,243,49,59,76,224,0,0,0,0,254,15,77,87,224,0,0,0,0,105,41,198,105,0,0,0,0,0,181,183,171,181,215,0,0,0,0,0,37,171,0,0,0,0,0,0,38,1,63,38,1,0,0,0,0,71,4,81,16,0,9,0,0,0,0,0,1,64,0,0,2,29,224,0,0,0,0,0,0,198,224,253,253,166,224,224,224,0,0,0,3,12,24,41,0,128,62,131,208,69,209,4,2,105,181,11,223,32,223,11,222,32,222,29,2,221,118,0,240,6,0,55,0,0,232,54,0,152,49,47,57,74,224,224,0,0,0,0,0,17,79,224,224,0,0,0,0,41,198,105,0,0,0,0,0,0,181,183,171,181,215,0,0,0,0,37,171,0,0,0,0,0,0,0,38,1,63,38,1,0,0,0,0,75,4,50,16,0,9,0,0,0,0,0,7,96,0,0,2,29,224,0,0,0,0,0,0,198,224,253,253,166,224,224,224,0,0,0,2,11,22,41,0,128,62,131,208,207,209,4,2,105,181,13,223,32,223,13,222,32,222,13,3,221,118,0,240,6,0,55,0,0,232,54
2026-08-03_14-39-02,1,270,4,0.0,0,90.0,-1,-1,0,152,49,47,57,74,224,224,0,0,0,0,0,17,79,224,224,0,0,0,0,41,198,105,0,0,0,0,0,0,181,183,171,181,215,0,0,0,0,37,171,0,0,0,0,0,0,0,38,1,63,38,1,0,0,0,0,75,4,50,16,0,9,0,0,0,0,0,7,96,0,0,2,29,224,0,0,0,0,0,0,198,224,253,253,166,224,224,224,0,0,0,2,11,22,41,0,128,62,131,208,207,209,4,2,105,181,13,223,32,223,13,222,32,222,13,3,221,118,0,240,6,0,55,0,0,232,54,0,131,21,45,55,72,224,224,0,0,0,0,2,19,81,224,224,0,0,0,0,41,198,105,0,0,0,0,0,0,181,183,171,181,215,0,0,0,0,37,171,0,0,0,0,0,0,0,38,1,63,38,1,0,0,0,0,79,4,19,16,0,9,0,0,0,0,0,3,96,0,0,2,29,224,0,0,0,0,0,0,198,224,253,253,166,224,224,224,0,0,0,2,11,20,41,0,128,62,131,208,207,209,4,2,105,181,15,223,32,223,15,222,32,222,13,3,221,118,0,240,6,0,55,0,0,232,54
2026-08-03_14-39-02,1,271,0,0.0,0,90.0,-1,-1,0,131,21,45,55,72,224,224,0,0,0,0,2,19,81,224,224,0,0,0,0,41,198,105,0,0,0,0,0,0,181,183,171,181,215,0,0,0,0,37,171,0,0,0,0,0,0,0,38,1,63,38,1,0,0,0,0,79,4,19,16,0,9,0,0,0,0,0,3,96,0,0,2,29,224,0,0,0,0,0,0,198,224,253,253,166,224,224,224,0,0,0,2,11,20,41,0,128,62,131,208,207,209,4,2,105,181,15,223,32,223,15,222,32,222,13,3,221,118,0,240,6,0,55,0,0,232,54,0,49,80,43,53,70,224,224,0,0,0,0,4,21,83,224,224,0,0,0,0,25,214,89,0,0,0,0,0,0,165,167,187,181,215,0,0,0,0,37,171,0,0,0,0,0,0,0,38,1,63,38,1,0,0,0,0,83,4,97,16,0,9,0,0,0,0,0,7,0,0,0,2,29,224,0,0,0,0,0,0,198,224,253,253,166,224,224,224,0,0,0,2,11,18,41,0,128,62,192,208,136,209,0,5,0,187,0,223,52,223,0,222,52,222,8,0,221,118,0,240,7,0,55,0,0,232,54
2026-08-03_14-39-02,1,272,0,0.0,0,90.0,-1,-1,0,49,80,43,53,70,224,224,0,0,0,0,4,21,83,224,224,0,0,0,0,25,214,89,0,0,0,0,0,0,165,167,187,181,215,0,0,0,0,37,171,0,0,0,0,0,0,0,38,1,63,38,1,0,0,0,0,83,4,97,16,0,9,0,0,0,0,0,7,0,0,0,2,29,224,0,0,0,0,0,0,198,224,253,253,166,224,224,224,0,0,0,2,11,18,41,0,128,62,192,208,136,209,0,5,0,187,0,223,52,223,0,222,52,222,8,0,221,118,0,240,7,0,55,0,0,232,54,0,21,10,41,51,68,224,224,0,0,0,0,6,23,85,224,224,0,0,0,0,25,214,89,0,0,0,0,0,0,165,167,187,181,215,0,0,0,0,37,171,0,0,0,0,0,0,0,38,1,63,38,1,0,0,0,0,87,4,66,16,0,9,0,0,0,0,0,3,0,0,0,2,29,224,0,0,0,0,0,0,198,224,253,253,166,224,224,224,0,0,0,2,11,16,41,0,128,62,192,208,136,209,0,5,0,187,0,223,50,223,0,222,50,222,8,0,221,118,0,240,7,0,55,0,0,232,54
2026-08-03_14-39-02,1,273,0,0.0,0,90.0,-1,-1,0,21,10,41,51,68,224,224,0,0,0,0,6,23,85,224,224,0,0,0,0,25,214,89,0,0,0,0,0,0,165,167,187,181,215,0,0,0,0,37,171,0,0,0,0,0,0,0,38,1,63,38,1,0,0,0,0,87,4,66,16,0,9,0,0,0,0,0,3,0,0,0,2,29,224,0,0,0,0,0,0,198,224,253,253,166,224,224,224,0,0,0,2,11,16,41,0,128,62,192,208,136,209,0,5,0,187,0,223,50,223,0,222,50,222,8,0,221,118,0,240,7,0,55,0,0,232,54,0,80,167,39,49,66,224,224,0,0,0,0,254,8,25,87,224,0,0,0,0,25,214,89,0,0,0,0,0,0,187,165,167,187,181,0,0,0,0,37,171,0,0,0,0,0,0,0,63,38,1,63,38,0,0,0,0,91,4,35,16,0,9,0,0,0,0,0,9,32,0,0,2,29,224,0,0,0,0,0,0,198,224,253,253,166,224,224,224,0,0,0,2,12,14,41,0,128,62,192,208,69,209,0,5,0,187,0,223,48,223,0,222,48,222,13,1,221,230,0,240,7,0,55,0,0,232,54
2026-08-03_14-39-02,1,274,0,0.0,0,90.0,-1,-1,0,80,167,39,49,66,224,224,0,0,0,0,254,8,25,87,224,0,0,0,0,25,214,89,0,0,0,0,0,0,187,165,167,187,181,0,0,0,0,37,171,0,0,0,0,0,0,0,63,38,1,63,38,0,0,0,0,91,4,35,16,0,9,0,0,0,0,0,9,32,0,0,2,29,224,0,0,0,0,0,0,198,224,253,253,166,224,224,224,0,0,0,2,12,14,41,0,128,62,192,208,69,209,0,5,0,187,0,223,48,223,0,222,48,222,13,1,221,230,0,240,7,0,55,0,0,232,54,0,10,126,37,47,64,224,224,0,0,0,0,0,10,27,224,224,0,0,0,0,9,230,73,0,0,0,0,0,0,203,149,151,203,181,0,0,0,0,37,171,0,0,0,0,0,0,0,63,38,1,63,38,0,0,0,0,95,4,113,16,0,9,0,0,0,0,0,5,32,0,0,2,29,224,0,0,0,0,0,0,198,224,253,253,166,224,224,224,0,0,0,2,11,12,41,0,128,62,192,208,207,209,0,5,0,203,0,223,48,223,0,222,48,222,13,1,221,230,0,240,7,0,55,0,0,232,54
2026-08-03_14-39-02,1,275,0,0.0,0,90.0,-1,-1,0,10,126,37,47,64,224,224,0,0,0,0,0,10,27,224,224,0,0,0,0,9,230,73,0,0,0,0,0,0,203,149,151,203,181,0,0,0,0,37,171,0,0,0,0,0,0,0,63,38,1,63,38,0,0,0,0,95,4,113,16,0,9,0,0,0,0,0,5,32,0,0,2,29,224,0,0,0,0,0,0,198,224,253,253,166,224,224,224,0,0,0,2,11,12,41,0,128,62,192,208,207,209,0,5,0,203,0,223,48,223,0,222,48,222,13,1,221,230,0,240,7,0,55,0,0,232,54,0,167,227,35,45,62,224,224,0,0,0,0,2,12,29,224,224,0,0,0,0,9,230,73,0,0,0,0,0,0,203,149,151,203,181,0,0,0,0,37,171,0,0,0,0,0,0,0,63,38,1,63,38,0,0,0,0,99,4,82,16,0,9,0,0,0,0,0,1,32,0,0,2,29,224,0,0,0,0,0,0,198,224,253,253,166,224,224,224,0,0,0,2,11,10,41,0,128,62,192,208,207,209,0,5,0,203,0,223,48,223,0,222,48,222,13,1,221,230,0,240,7,0,55,0,0,232,52
2026-08-03_14-39-02,1,276,0,0.0,0,90.0,-1,-1,0,167,227,35,45,62,224,224,0,0,0,0,2,12,29,224,224,0,0,0,0,9,230,73,0,0,0,0,0,0,203,149,151,203,181,0,0,0,0,37,171,0,0,0,0,0,0,0,63,38,1,63,38,0,0,0,0,99,4,82,16,0,9,0,0,0,0,0,1,32,0,0,2,29,224,0,0,0,0,0,0,198,224,253,253,166,224,224,224,0,0,0,2,11,10,41,0,128,62,192,208,207,209,0,5,0,203,0,223,48,223,0,222,48,222,13,1,221,230,0,240,7,0,55,0,0,232,52,0,126,61,33,43,60,224,224,0,0,0,0,4,14,31,224,224,0,0,0,0,9,230,73,0,0,0,0,0,0,203,149,151,203,181,0,0,0,0,37,171,0,0,0,0,0,0,0,63,38,1,63,38,0,0,0,0,103,4,51,16,0,9,0,0,0,0,0,5,64,0,0,2,29,224,0,0,0,0,0,0,198,224,253,253,166,224,224,224,0,0,0,2,11,8,41,0,128,62,192,208,207,209,0,5,0,203,0,223,48,223,0,222,48,222,13,2,221,230,0,240,7,0,55,0,0,232,52
2026-08-03_14-39-02,1,277,0,0.0,0,90.0,-1,-1,0,126,61,33,43,60,224,224,0,0,0,0,4,14,31,224,224,0,0,0,0,9,230,73,0,0,0,0,0,0,203,149,151,203,181,0,0,0,0,37,171,0,0,0,0,0,0,0,63,38,1,63,38,0,0,0,0,103,4,51,16,0,9,0,0,0,0,0,5,64,0,0,2,29,224,0,0,0,0,0,0,198,224,253,253,166,224,224,224,0,0,0,2,11,8,41,0,128,62,192,208,207,209,0,5,0,203,0,223,48,223,0,222,48,222,13,2,221,230,0,240,7,0,55,0,0,232,52,0,227,208,31,41,58,224,224,0,0,0,0,6,16,33,224,224,0,0,0,0,9,230,73,0,0,0,0,0,0,203,149,151,203,181,0,0,0,0,37,171,0,0,0,0,0,0,0,63,38,1,63,38,0,0,0,0,107,4,17,16,0,9,0,0,0,0,0,1,64,0,0,2,29,224,0,0,0,0,0,0,198,224,253,253,166,224,224,224,0,0,0,2,11,6,41,0,128,62,192,208,207,209,0,5,0,203,0,223,48,223,0,222,48,222,13,2,221,230,0,240,7,0,55,0,0,232,52
2026-08-03_14-39-02,1,278,0,0.0,0,90.0,-1,-1,0,227,208,31,41,58,224,224,0,0,0,0,6,16,33,224,224,0,0,0,0,9,230,73,0,0,0,0,0,0,203,149,151,203,181,0,0,0,0,37,171,0,0,0,0,0,0,0,63,38,1,63,38,0,0,0,0,107,4,17,16,0,9,0,0,0,0,0,1,64,0,0,2,29,224,0,0,0,0,0,0,198,224,253,253,166,224,224,224,0,0,0,2,11,6,41,0,128,62,192,208,207,209,0,5,0,203,0,223,48,223,0,222,48,222,13,2,221,230,0,240,7,0,55,0,0,232,52,0,61,4,29,39,56,224,224,0,0,0,0,8,18,35,224,224,0,0,0,0,249,246,57,0,0,0,0,0,0,219,133,135,203,181,0,0,0,0,37,171,0,0,0,0,0,0,0,63,38,1,63,38,0,0,0,0,111,4,98,16,0,9,0,0,0,0,0,7,96,0,0,2,29,224,0,0,0,0,0,0,198,224,253,253,166,224,224,224,0,0,0,2,11,4,41,0,128,62,192,208,207,209,0,5,0,203,0,223,48,223,0,222,48,222,13,3,221,230,0,240,7,0,55,0,0,232,52
2026-08-03_14-39-02,1,279,0,0.0,0,90.0,-1,-1,0,61,4,29,39,56,224,224,0,0,0,0,8,18,35,224,224,0,0,0,0,249,246,57,0,0,0,0,0,0,219,133,135,203,181,0,0,0,0,37,171,0,0,0,0,0,0,0,63,38,1,63,38,0,0,0,0,111,4,98,16,0,9,0,0,0,0,0,7,96,0,0,2,29,224,0,0,0,0,0,0,198,224,253,253,166,224,224,224,0,0,0,2,11,4,41,0,128,62,192,208,207,209,0,5,0,203,0,223,48,223,0,222,48,222,13,3,221,230,0,240,7,0,55,0,0,232,52,0,208,72,27,37,54,224,224,0,0,0,0,10,20,37,224,224,0,0,0,0,249,246,57,0,0,0,0,0,0,219,133,135,203,181,0,0,0,0,37,171,0,0,0,0,0,0,0,63,38,1,63,38,0,0,0,0,115,4,67,16,0,9,0,0,0,0,0,3,96,0,0,2,29,224,0,0,0,0,0,0,198,224,253,253,166,224,224,224,0,0,0,2,11,2,41,0,128,62,192,208,207,209,0,5,0,203,0,223,48,223,0,222,48,222,13,3,221,230,0,240,7,0,55,0,0,232,54
2026-08-03_14-39-02,1,280,0,0.0,0,90.0,-1,-1,0,208,72,27,37,54,224,224,0,0,0,0,10,20,37,224,224,0,0,0,0,249,246,57,0,0,0,0,0,0,219,133,135,203,181,0,0,0,0,37,171,0,0,0,0,0,0,0,63,38,1,63,38,0,0,0,0,115,4,67,16,0,9,0,0,0,0,0,3,96,0,0,2,29,224,0,0,0,0,0,0,198,224,253,253,166,224,224,224,0,0,0,2,11,2,41,0,128,62,192,208,207,209,0,5,0,203,0,223,48,223,0,222,48,222,13,3,221,230,0,240,7,0,55,0,0,232,54,0,4,142,25,35,52,224,224,0,0,0,0,12,22,39,224,224,0,0,0,0,249,246,57,0,0,0,0,0,0,219,133,135,203,181,0,0,0,0,37,171,0,0,0,0,0,0,0,63,38,1,63,38,0,0,0,0,119,4,33,16,0,9,0,0,0,0,0,7,0,0,0,2,29,41,0,0,0,0,0,0,198,224,253,253,166,224,224,224,0,0,0,2,11,0,41,0,192,62,192,208,207,209,0,5,0,203,0,223,48,223,0,222,11,0,0,0,58,4,42,59,7,199,251,123,251,201,241
2026-08-03_14-39-02,1,281,0,0.0,0,90.0,-1,-1,0,4,142,25,35,52,224,224,0,0,0,0,12,22,39,224,224,0,0,0,0,249,246,57,0,0,0,0,0,0,219,133,135,203,181,0,0,0,0,37,171,0,0,0,0,0,0,0,63,38,1,63,38,0,0,0,0,119,4,33,16,0,9,0,0,0,0,0,7,0,0,0,2,29,41,0,0,0,0,0,0,198,224,253,253,166,224,224,224,0,0,0,2,11,0,41,0,192,62,192,208,207,209,0,5,0,203,0,223,48,223,0,222,11,0,0,0,58,4,42,59,7,199,251,123,251,201,241,0,72,225,23,33,50,224,224,0,0,0,0,14,24,41,224,224,0,0,0,0,233,6,41,0,0,0,0,0,0,235,103,105,203,181,0,0,0,0,37,171,0,0,0,0,0,0,0,63,38,1,63,38,0,0,0,0,123,4,114,16,0,9,0,0,0,0,0,3,0,0,0,2,29,41,0,0,0,0,0,0,198,224,253,253,166,224,224,224,0,0,0,2,11,0,41,0,192,62,192,208,207,209,0,5,0,203,0,223,48,223,0,222,11,0,0,0,58,4,43,61,7,199,251,123,251,201,241
2026-08-03_14-39-02,1,282,0,0.0,0,90.0,-1,-1,0,72,225,23,33,50,224,224,0,0,0,0,14,24,41,224,224,0,0,0,0,233,6,41,0,0,0,0,0,0,235,103,105,203,181,0,0,0,0,37,171,0,0,0,0,0,0,0,63,38,1,63,38,0,0,0,0,123,4,114,16,0,9,0,0,0,0,0,3,0,0,0,2,29,41,0,0,0,0,0,0,198,224,253,253,166,224,224,224,0,0,0,2,11,0,41,0,192,62,192,208,207,209,0,5,0,203,0,223,48,223,0,222,11,0,0,0,58,4,43,61,7,199,251,123,251,201,241,0,142,27,21,31,48,224,224,0,0,0,0,16,26,43,224,224,0,0,0,0,233,6,41,0,0,0,0,0,0,235,103,105,203,181,0,0,0,0,37,171,0,0,0,0,0,0,0,63,38,1,63,38,0,0,0,0,127,4,83,16,0,9,0,0,0,0,0,9,32,0,0,2,29,41,0,0,0,0,0,0,198,224,253,253,166,224,224,224,0,0,0,2,11,0,41,0,192,62,192,208,207,209,0,5,0,203,0,223,48,223,0,222,11,0,0,1,58,4,43,63,7,199,251,123,251,201,241
2026-08-03_14-39-02,1,283,0,0.0,0,90.0,-1,-1,0,142,27,21,31,48,224,224,0,0,0,0,16,26,43,224,224,0,0,0,0,233,6,41,0,0,0,0,0,0,235,103,105,203,181,0,0,0,0,37,171,0,0,0,0,0,0,0,63,38,1,63,38,0,0,0,0,127,4,83,16,0,9,0,0,0,0,0,9,32,0,0,2,29,41,0,0,0,0,0,0,198,224,253,253,166,224,224,224,0,0,0,2,11,0,41,0,192,62,192,208,207,209,0,5,0,203,0,223,48,223,0,222,11,0,0,1,58,4,43,63,7,199,251,123,251,201,241,0,225,178,19,29,46,224,224,0,0,0,0,18,28,45,224,224,0,0,0,0,233,6,41,0,0,0,0,0,0,235,103,105,203,181,0,0,0,0,37,171,0,0,0,0,0,0,0,63,38,1,63,38,0,0,0,0,131,4,49,16,0,9,0,0,0,0,0,5,32,0,0,2,29,41,0,0,0,0,0,0,198,224,253,253,166,224,224,224,0,0,0,2,11,0,41,0,192,62,192,208,207,209,0,5,0,203,0,223,48,223,0,222,10,2,2,1,58,4,103,48,7,0,55,123,251,201,241
2026-08-03_14-39-02,1,284,0,0.0,0,90.0,-1,-1,0,225,178,19,29,46,224,224,0,0,0,0,18,28,45,224,224,0,0,0,0,233,6,41,0,0,0,0,0,0,235,103,105,203,181,0,0,0,0,37,171,0,0,0,0,0,0,0,63,38,1,63,38,0,0,0,0,131,4,49,16,0,9,0,0,0,0,0,5,32,0,0,2,29,41,0,0,0,0,0,0,198,224,253,253,166,224,224,224,0,0,0,2,11,0,41,0,192,62,192,208,207,209,0,5,0,203,0,223,48,223,0,222,10,2,2,1,58,4,103,48,7,0,55,123,251,201,241,0,27,36,17,27,44,224,224,0,0,0,0,20,30,47,224,224,0,0,0,0,233,6,41,0,0,0,0,0,0,235,103,105,203,181,0,0,0,0,37,171,0,0,0,0,0,0,0,63,38,1,63,38,0,0,0,0,135,4,18,31,0,9,0,0,0,0,0,1,32,0,0,2,29,41,0,0,0,0,0,0,198,224,253,253,166,224,224,224,0,0,0,2,11,0,41,0,192,62,192,208,207,209,0,5,0,203,0,223,48,223,0,222,10,2,2,1,58,4,103,50,7,0,55,123,251,201,241
2026-08-03_14-39-02,1,285,3,0.0,0,90.0,-1,-1,0,27,36,17,27,44,224,224,0,0,0,0,20,30,47,224,224,0,0,0,0,233,6,41,0,0,0,0,0,0,235,103,105,203,181,0,0,0,0,37,171,0,0,0,0,0,0,0,63,38,1,63,38,0,0,0,0,135,4,18,31,0,9,0,0,0,0,0,1,32,0,0,2,29,41,0,0,0,0,0,0,198,224,253,253,166,224,224,224,0,0,0,2,11,0,41,0,192,62,192,208,207,209,0,5,0,203,0,223,48,223,0,222,10,2,2,1,58,4,103,50,7,0,55,123,251,201,241,0,178,69,15,25,42,224,224,0,0,0,0,22,32,49,224,224,0,0,0,0,217,22,25,0,0,0,0,0,0,251,87,89,203,181,0,0,0,0,37,171,0,0,0,0,0,0,0,63,38,1,63,38,0,0,0,0,139,4,99,30,0,9,0,0,0,0,0,5,64,0,0,2,29,41,0,0,0,0,0,0,198,224,253,253,166,224,224,224,0,0,0,2,11,0,41,0,192,62,192,208,207,209,0,5,0,203,0,223,48,223,0,222,10,2,2,2,58,4,29,52,7,199,251,123,251,201,241
2026-08-03_14-39-02,1,286,3,0.0,0,90.0,-1,-1,0,178,69,15,25,42,224,224,0,0,0,0,22,32,49,224,224,0,0,0,0,217,22,25,0,0,0,0,0,0,251,87,89,203,181,0,0,0,0,37,171,0,0,0,0,0,0,0,63,38,1,63,38,0,0,0,0,139,4,99,30,0,9,0,0,0,0,0,5,64,0,0,2,29,41,0,0,0,0,0,0,198,224,253,253,166,224,224,224,0,0,0,2,11,0,41,0,192,62,192,208,207,209,0,5,0,203,0,223,48,223,0,222,10,2,2,2,58,4,29,52,7,199,251,123,251,201,241,0,36,90,13,23,40,224,224,0,0,0,0,24,34,51,224,224,0,0,0,0,217,22,25,0,0,0,0,0,0,251,87,89,203,181,0,0,0,0,37,171,0,0,0,0,0,0,0,63,38,1,63,38,0,0,0,0,143,4,65,29,0,9,0,0,0,0,0,1,64,0,0,2,29,41,0,0,0,0,0,0,198,224,253,253,166,224,224,224,0,0,0,2,11,0,41,0,192,62,192,208,207,209,0,5,0,203,0,223,48,223,0,222,10,2,2,2,58,4,29,54,7,199,251,123,251,201,241
2026-08-03_14-39-02,1,287,0,0.0,0,90.0,-1,-1,0,36,90,13,23,40,224,224,0,0,0,0,24,34,51,224,224,0,0,0,0,217,22,25,0,0,0,0,0,0,251,87,89,203,181,0,0,0,0,37,171,0,0,0,0,0,0,0,63,38,1,63,38,0,0,0,0,143,4,65,29,0,9,0,0,0,0,0,1,64,0,0,2,29,41,0,0,0,0,0,0,198,224,253,253,166,224,224,224,0,0,0,2,11,0,41,0,192,62,192,208,207,209,0,5,0,203,0,223,48,223,0,222,10,2,2,2,58,4,29,54,7,199,251,123,251,201,241,0,69,173,11,21,38,224,224,0,0,0,0,26,36,53,224,224,0,0,0,0,217,22,25,0,0,0,0,0,0,251,87,89,203,181,0,0,0,0,37,171,0,0,0,0,0,0,0,63,38,1,63,38,0,0,0,0,147,4,34,29,0,9,0,0,0,0,0,7,96,0,0,2,29,41,0,0,0,0,0,0,198,224,253,253,166,224,224,224,0,0,0,2,11,0,41,0,192,62,192,208,207,209,0,5,0,203,0,223,48,223,0,222,10,2,2,3,58,4,29,56,7,199,251,123,251,201,241
2026-08-03_14-39-02,1,288,0,0.0,0,90.0,-1,-1,0,69,173,11,21,38,224,224,0,0,0,0,26,36,53,224,224,0,0,0,0,217,22,25,0,0,0,0,0,0,251,87,89,203,181,0,0,0,0,37,171,0,0,0,0,0,0,0,63,38,1,63,38,0,0,0,0,147,4,34,29,0,9,0,0,0,0,0,7,96,0,0,2,29,41,0,0,0,0,0,0,198,224,253,253,166,224,224,224,0,0,0,2,11,0,41,0,192,62,192,208,207,209,0,5,0,203,0,223,48,223,0,222,10,2,2,3,58,4,29,56,7,199,251,123,251,201,241,0,90,217,9,19,36,224,224,0,0,0,0,28,38,55,224,224,0,0,0,0,201,38,9,0,0,0,0,0,0,11,71,73,203,181,0,0,0,0,37,171,0,0,0,0,0,0,0,63,38,1,63,38,0,0,0,0,151,4,115,29,0,9,0,0,0,0,0,3,96,0,0,2,29,41,0,0,0,0,0,0,198,224,253,253,166,224,224,224,0,0,0,2,11,0,41,0,192,62,192,208,207,209,0,5,0,203,0,223,48,223,0,222,10,2,2,3,58,4,30,58,7,199,251,123,251,201,241
2026-08-03_14-39-02,1,289,3,0.0,0,90.0,-1,-1,0,90,217,9,19,36,224,224,0,0,0,0,28,38,55,224,224,0,0,0,0,201,38,9,0,0,0,0,0,0,11,71,73,203,181,0,0,0,0,37,171,0,0,0,0,0,0,0,63,38,1,63,38,0,0,0,0,151,4,115,29,0,9,0,0,0,0,0,3,96,0,0,2,29,41,0,0,0,0,0,0,198,224,253,253,166,224,224,224,0,0,0,2,11,0,41,0,192,62,192,208,207,209,0,5,0,203,0,223,48,223,0,222,10,2,2,3,58,4,30,58,7,199,251,123,251,201,241,0,173,157,7,17,34,224,224,0,0,0,0,30,40,57,224,224,0,0,0,0,201,38,9,0,0,0,0,0,0,11,71,73,203,181,0,0,0,0,37,171,0,0,0,0,0,0,0,63,38,1,63,38,0,0,0,0,155,4,81,28,0,9,0,0,0,0,0,7,0,0,0,2,29,41,0,0,0,0,0,0,198,224,253,253,166,224,224,224,0,0,0,2,11,0,41,0,192,62,192,208,207,209,0,5,0,203,0,223,48,223,0,222,10,2,2,0,58,4,30,60,7,199,251,123,251,201,241
2026-08-03_14-39-02,1,290,3,0.0,0,90.0,-1,-1,0,173,157,7,17,34,224,224,0,0,0,0,30,40,57,224,224,0,0,0,0,201,38,9,0,0,0,0,0,0,11,71,73,203,181,0,0,0,0,37,171,0,0,0,0,0,0,0,63,38,1,63,38,0,0,0,0,155,4,81,28,0,9,0,0,0,0,0,7,0,0,0,2,29,41,0,0,0,0,0,0,198,224,253,253,166,224,224,224,0,0,0,2,11,0,41,0,192,62,192,208,207,209,0,5,0,203,0,223,48,223,0,222,10,2,2,0,58,4,30,60,7,199,251,123,251,201,241,0,217,222,5,15,32,224,224,0,0,0,0,32,42,59,224,224,0,0,0,0,201,38,9,0,0,0,0,0,0,11,71,73,203,181,0,0,0,0,37,171,0,0,0,0,0,0,0,63,38,1,63,38,0,0,0,0,159,4,50,28,0,9,0,0,0,0,0,3,0,0,0,2,29,41,0,0,0,0,0,0,198,224,253,253,166,224,224,224,0,0,0,2,11,0,41,0,192,62,192,208,207,209,0,5,0,203,0,223,48,223,0,222,10,2,2,0,58,4,30,62,7,199,251,123,251,201,241
2026-08-03_14-39-02,1,291,3,0.0,0,90.0,-1,-1,0,217,222,5,15,32,224,224,0,0,0,0,32,42,59,224,224,0,0,0,0,201,38,9,0,0,0,0,0,0,11,71,73,203,181,0,0,0,0,37,171,0,0,0,0,0,0,0,63,38,1,63,38,0,0,0,0,159,4,50,28,0,9,0,0,0,0,0,3,0,0,0,2,29,41,0,0,0,0,0,0,198,224,253,253,166,224,224,224,0,0,0,2,11,0,41,0,192,62,192,208,207,209,0,5,0,203,0,223,48,223,0,222,10,2,2,0,58,4,30,62,7,199,251,123,251,201,241,0,157,237,3,13,30,224,224,0,0,0,0,34,44,61,224,224,0,0,0,0,201,38,9,0,0,0,0,0,0,11,71,73,203,181,0,0,0,0,37,171,0,0,0,0,0,0,0,63,38,1,63,38,0,0,0,0,163,4,19,27,0,9,0,0,0,0,0,9,32,0,0,2,29,41,0,0,0,0,0,0,198,224,253,253,166,224,224,224,0,0,0,2,11,0,41,0,192,62,192,208,207,209,0,5,0,203,0,223,48,223,0,222,10,2,2,1,58,4,71,64,7,199,251,123,251,201,241
2026-08-03_14-39-02,1,292,3,0.0,0,90.0,-1,-1,0,157,237,3,13,30,224,224,0,0,0,0,34,44,61,224,224,0,0,0,0,201,38,9,0,0,0,0,0,0,11,71,73,203,181,0,0,0,0,37,171,0,0,0,0,0,0,0,63,38,1,63,38,0,0,0,0,163,4,19,27,0,9,0,0,0,0,0,9,32,0,0,2,29,41,0,0,0,0,0,0,198,224,253,253,166,224,224,224,0,0,0,2,11,0,41,0,192,62,192,208,207,209,0,5,0,203,0,223,48,223,0,222,10,2,2,1,58,4,71,64,7,199,251,123,251,201,241,0,222,212,1,11,28,224,224,0,0,0,0,36,46,63,224,224,0,0,0,0,185,54,249,0,0,0,0,0,0,27,55,57,203,181,0,0,0,0,37,171,0,0,0,0,0,0,0,63,38,1,63,38,0,0,0,0,167,4,97,26,0,9,0,0,0,0,0,5,32,0,0,2,29,41,0,0,0,0,0,0,198,224,253,253,166,224,224,224,0,0,0,2,11,0,41,0,192,62,192,208,207,209,0,5,0,203,0,223,48,223,0,222,9,3,3,1,58,4,63,56,7,199,251,123,251,201,241
2026-08-03_14-39-02,1,293,3,0.0,0,90.0,-1,-1,0,222,212,1,11,28,224,224,0,0,0,0,36,46,63,224,224,0,0,0,0,185,54,249,0,0,0,0,0,0,27,55,57,203,181,0,0,0,0,37,171,0,0,0,0,0,0,0,63,38,1,63,38,0,0,0,0,167,4,97,26,0,9,0,0,0,0,0,5,32,0,0,2,29,41,0,0,0,0,0,0,198,224,253,253,166,224,224,224,0,0,0,2,11,0,41,0,192,62,192,208,207,209,0,5,0,203,0,223,48,223,0,222,9,3,3,1,58,4,63,56,7,199,251,123,251,201,241,0,237,76,255,9,26,88,224,0,0,0,0,38,48,65,224,224,0,0,0,0,185,54,249,185,0,0,0,0,0,27,55,57,203,181,0,0,0,0,37,171,0,37,0,0,0,0,0,63,38,1,63,38,0,0,0,0,171,4,66,26,0,9,0,0,0,0,0,1,32,0,0,2,29,41,0,0,0,0,0,0,198,224,253,253,166,224,224,224,0,0,0,3,11,0,41,0,192,62,70,208,207,209,4,5,185,203,32,223,48,223,32,222,9,3,3,1,58,4,63,58,7,199,251,123,251,201,241
2026-08-03_14-39-02,1,294,3,0.0,0,90.0,-1,-1,0,237,76,255,9,26,88,224,0,0,0,0,38,48,65,224,224,0,0,0,0,185,54,249,185,0,0,0,0,0,27,55,57,203,181,0,0,0,0,37,171,0,37,0,0,0,0,0,63,38,1,63,38,0,0,0,0,171,4,66,26,0,9,0,0,0,0,0,1,32,0,0,2,29,41,0,0,0,0,0,0,198,224,253,253,166,224,224,224,0,0,0,3,11,0,41,0,192,62,70,208,207,209,4,5,185,203,32,223,48,223,32,222,9,3,3,1,58,4,63,58,7,199,251,123,251,201,241,0,212,198,253,7,24,86,224,0,0,0,0,40,50,67,224,224,0,0,0,0,185,54,249,185,0,0,0,0,0,27,55,57,203,181,0,0,0,0,37,171,0,37,0,0,0,0,0,63,38,1,63,38,0,0,0,0,175,4,35,25,0,9,0,0,0,0,0,5,64,0,0,2,29,41,0,0,0,0,0,0,198,224,253,253,166,224,224,224,0,0,0,3,11,0,41,0,192,62,131,208,207,209,4,5,185,203,33,223,48,223,33,222,9,3,3,2,58,4,63,60,7,199,251,123,251,201,241
2026-08-03_14-39-02,1,295,3,0.0,0,90.0,-1,-1,0,212,198,253,7,24,86,224,0,0,0,0,40,50,67,224,224,0,0,0,0,185,54,249,185,0,0,0,0,0,27,55,57,203,181,0,0,0,0,37,171,0,37,0,0,0,0,0,63,38,1,63,38,0,0,0,0,175,4,35,25,0,9,0,0,0,0,0,5,64,0,0,2,29,41,0,0,0,0,0,0,198,224,253,253,166,224,224,224,0,0,0,3,11,0,41,0,192,62,131,208,207,209,4,5,185,203,33,223,48,223,33,222,9,3,3,2,58,4,63,60,7,199,251,123,251,201,241,0,76,111,251,5,22,84,224,0,0,0,0,42,52,69,224,224,0,0,0,0,169,70,233,169,0,0,0,0,0,43,39,41,203,181,0,0,0,0,37,171,0,37,0,0,0,0,0,63,38,1,63,38,0,0,0,0,179,4,113,24,0,9,0,0,0,0,0,1,64,0,0,2,29,41,0,0,0,0,0,0,198,224,253,253,166,224,224,224,0,0,0,3,11,0,41,0,192,62,131,208,207,209,4,5,169,203,35,223,48,223,35,222,9,3,3,2,58,4,62,62,7,199,251,123,251,201,241
2026-08-03_14-39-02,1,296,3,0.0,0,90.0,-1,-1,0,76,111,251,5,22,84,224,0,0,0,0,42,52,69,224,224,0,0,0,0,169,70,233,169,0,0,0,0,0,43,39,41,203,181,0,0,0,0,37,171,0,37,0,0,0,0,0,63,38,1,63,38,0,0,0,0,179,4,113,24,0,9,0,0,0,0,0,1,64,0,0,2,29,41,0,0,0,0,0,0,198,224,253,253,166,224,224,224,0,0,0,3,11,0,41,0,192,62,131,208,207,209,4,5,169,203,35,223,48,223,35,222,9,3,3,2,58,4,62,62,7,199,251,123,251,201,241,0,198,250,3,20,82,224,224,0,0,0,0,44,54,71,224,224,0,0,0,0,70,233,169,0,0,0,0,0,0,43,39,41,203,181,0,0,0,0,171,0,37,0,0,0,0,0,0,63,38,1,63,38,0,0,0,0,183,4,82,23,0,9,0,0,0,0,0,7,96,0,0,2,29,41,0,0,0,0,0,0,198,224,253,253,166,224,224,224,0,0,0,2,11,0,41,0,192,62,131,208,136,209,4,5,169,203,37,223,15,223,37,222,9,3,3,3,58,4,43,64,1,0,55,123,251,201,241
2026-08-03_14-39-02,1,297,3,0.0,0,90.0,-1,-1,0,198,250,3,20,82,224,224,0,0,0,0,44,54,71,224,224,0,0,0,0,70,233,169,0,0,0,0,0,0,43,39,41,203,181,0,0,0,0,171,0,37,0,0,0,0,0,0,63,38,1,63,38,0,0,0,0,183,4,82,23,0,9,0,0,0,0,0,7,96,0,0,2,29,41,0,0,0,0,0,0,198,224,253,253,166,224,224,224,0,0,0,2,11,0,41,0,192,62,131,208,136,209,4,5,169,203,37,223,15,223,37,222,9,3,3,3,58,4,43,64,1,0,55,123,251,201,241,0,111,169,1,18,80,224,224,0,0,0,0,46,56,73,224,224,0,0,0,0,70,233,169,0,0,0,0,0,0,43,39,41,203,181,0,0,0,0,171,0,37,0,0,0,0,0,0,63,38,1,63,38,0,0,0,0,187,4,51,22,0,9,0,0,0,0,0,3,96,0,0,2,29,41,0,0,0,0,0,0,198,224,253,253,166,224,224,224,0,0,0,2,11,0,41,0,192,62,131,208,136,209,4,4,169,41,39,223,14,223,39,222,14,222,13,3,58,4,0,240,1,0,55,247,250,201,241
2026-08-03_14-39-02,1,298,0,0.0,0,90.0,-1,-1,0,111,169,1,18,80,224,224,0,0,0,0,46,56,73,224,224,0,0,0,0,70,233,169,0,0,0,0,0,0,43,39,41,203,181,0,0,0,0,171,0,37,0,0,0,0,0,0,63,38,1,63,38,0,0,0,0,187,4,51,22,0,9,0,0,0,0,0,3,96,0,0,2,29,41,0,0,0,0,0,0,198,224,253,253,166,224,224,224,0,0,0,2,11,0,41,0,192,62,131,208,136,209,4,4,169,41,39,223,14,223,39,222,14,222,13,3,58,4,0,240,1,0,55,247,250,201,241,0,250,150,255,16,78,88,224,0,0,0,0,242,48,58,75,224,0,0,0,0,70,233,169,70,0,0,0,0,0,41,43,39,41,203,0,0,0,0,171,0,37,171,0,0,0,0,0,1,63,38,1,63,0,0,0,0,191,4,17,22,0,9,0,0,0,0,0,7,0,0,0,2,29,41,0,0,0,0,0,0,198,224,253,253,166,224,224,224,0,0,0,3,12,0,41,0,192,62,14,208,136,209,3,4,70,41,32,223,12,223,32,222,12,222,245,0,58,4,0,240,1,0,55,247,250,201,241
2026-08-03_14-39-02,1,299,3,0.0,0,90.0,-1,-1,0,250,150,255,16,78,88,224,0,0,0,0,242,48,58,75,224,0,0,0,0,70,233,169,70,0,0,0,0,0,41,43,39,41,203,0,0,0,0,171,0,37,171,0,0,0,0,0,1,63,38,1,63,0,0,0,0,191,4,17,22,0,9,0,0,0,0,0,7,0,0,0,2,29,41,0,0,0,0,0,0,198,224,253,253,166,224,224,224,0,0,0,3,12,0,41,0,192,62,14,208,136,209,3,4,70,41,32,223,12,223,32,222,12,222,245,0,58,4,0,240,1,0,55,247,250,201,241,0,169,97,253,14,76,86,224,0,0,0,0,244,50,60,77,224,0,0,0,0,86,217,153,86,0,0,0,0,0,25,59,23,25,203,0,0,0,0,171,0,37,171,0,0,0,0,0,1,63,38,1,63,0,0,0,0,195,4,98,21,0,9,0,0,0,0,0,3,0,0,0,2,29,41,0,0,0,0,0,0,198,224,253,253,166,224,224,224,0,0,0,3,12,0,41,0,192,62,131,208,136,209,3,4,86,25,33,223,10,223,33,222,10,222,245,0,58,4,0,240,1,0,55,247,250,201,241
2026-08-03_14-39-02,1,300,0,0.0,0,90.0,-1,-1,0,169,97,253,14,76,86,224,0,0,0,0,244,50,60,77,224,0,0,0,0,86,217,153,86,0,0,0,0,0,25,59,23,25,203,0,0,0,0,171,0,37,171,0,0,0,0,0,1,63,38,1,63,0,0,0,0,195,4,98,21,0,9,0,0,0,0,0,3,0,0,0,2,29,41,0,0,0,0,0,0,198,224,253,253,166,224,224,224,0,0,0,3,12,0,41,0,192,62,131,208,136,209,3,4,86,25,33,223,10,223,33,222,10,222,245,0,58,4,0,240,1,0,55,247,250,201,241,0,150,31,251,12,74,84,224,0,0,0,0,246,52,62,79,224,0,0,0,0,86,217,153,86,0,0,0,0,0,25,59,23,25,203,0,0,0,0,171,0,37,171,0,0,0,0,0,1,63,38,1,63,0,0,0,0,199,4,67,21,0,9,0,0,0,0,0,9,32,0,0,2,29,41,0,0,0,0,0,0,198,224,253,253,166,224,224,224,0,0,0,3,12,0,41,0,192,62,131,208,136,209,3,4,86,25,35,223,8,223,35,222,8,222,245,1,58,4,0,240,1,0,55,247,250,201,241
2026-08-03_14-39-02,1,301,0,0.0,0,90.0,-1,-1,0,150,31,251,12,74,84,224,0,0,0,0,246,52,62,79,224,0,0,0,0,86,217,153,86,0,0,0,0,0,25,59,23,25,203,0,0,0,0,171,0,37,171,0,0,0,0,0,1,63,38,1,63,0,0,0,0,199,4,67,21,0,9,0,0,0,0,0,9,32,0,0,2,29,41,0,0,0,0,0,0,198,224,253,253,166,224,224,224,0,0,0,3,12,0,41,0,192,62,131,208,136,209,3,4,86,25,35,223,8,223,35,222,8,222,245,1,58,4,0,240,1,0,55,247,250,201,241,0,97,247,10,72,82,224,224,0,0,0,0,248,54,64,81,224,0,0,0,0,217,153,86,0,0,0,0,0,0,25,59,23,25,203,0,0,0,0,0,37,171,0,0,0,0,0,0,1,63,38,1,63,0,0,0,0,203,4,33,21,0,9,0,0,0,0,0,5,32,0,0,2,29,41,0,0,0,0,0,0,198,224,253,253,166,224,224,224,0,0,0,2,12,0,41,0,192,62,131,208,136,209,3,4,86,25,37,223,6,223,37,222,6,222,5,1,58,4,0,240,1,0,55,247,250,201,241
2026-08-03_14-39-02,1,302,0,0.0,0,90.0,-1,-1,0,97,247,10,72,82,224,224,0,0,0,0,248,54,64,81,224,0,0,0,0,217,153,86,0,0,0,0,0,0,25,59,23,25,203,0,0,0,0,0,37,171,0,0,0,0,0,0,1,63,38,1,63,0,0,0,0,203,4,33,21,0,9,0,0,0,0,0,5,32,0,0,2,29,41,0,0,0,0,0,0,198,224,253,253,166,224,224,224,0,0,0,2,12,0,41,0,192,62,131,208,136,209,3,4,86,25,37,223,6,223,37,222,6,222,5,1,58,4,0,240,1,0,55,247,250,201,241,0,31,116,8,70,80,224,224,0,0,0,0,250,56,66,83,224,0,0,0,0,201,137,102,0,0,0,0,0,0,9,75,7,9,203,0,0,0,0,0,37,171,0,0,0,0,0,0,1,63,38,1,63,0,0,0,0,207,4,114,21,0,9,0,0,0,0,0,1,32,0,0,2,29,41,0,0,0,0,0,0,198,224,253,253,166,224,224,224,0,0,0,2,12,0,41,0,192,62,131,208,136,209,3,4,102,9,39,223,4,223,39,222,4,222,5,1,58,4,0,240,1,0,55,247,250,201,241
2026-08-03_14-39-02,1,303,0,0.0,0,90.0,-1,-1,0,31,116,8,70,80,224,224,0,0,0,0,250,56,66,83,224,0,0,0,0,201,137,102,0,0,0,0,0,0,9,75,7,9,203,0,0,0,0,0,37,171,0,0,0,0,0,0,1,63,38,1,63,0,0,0,0,207,4,114,21,0,9,0,0,0,0,0,1,32,0,0,2,29,41,0,0,0,0,0,0,198,224,253,253,166,224,224,224,0,0,0,2,12,0,41,0,192,62,131,208,136,209,3,4,102,9,39,223,4,223,39,222,4,222,5,1,58,4,0,240,1,0,55,247,250,201,241,0,247,68,6,68,78,224,224,0,0,0,0,252,58,68,85,224,0,0,0,0,201,137,102,0,0,0,0,0,0,9,75,7,9,203,0,0,0,0,0,37,171,0,0,0,0,0,0,1,63,38,1,63,0,0,0,0,211,4,83,21,0,9,0,0,0,0,0,5,64,0,0,2,29,41,0,0,0,0,0,0,198,224,253,253,166,224,224,224,0,0,0,2,12,0,41,0,192,62,192,208,136,209,0,4,0,9,0,223,2,223,0,222,2,222,13,2,58,4,0,240,1,0,55,247,250,201,241
2026-08-03_14-39-02,1,304,0,0.0,0,90.0,-1,-1,0,247,68,6,68,78,224,224,0,0,0,0,252,58,68,85,224,0,0,0,0,201,137,102,0,0,0,0,0,0,9,75,7,9,203,0,0,0,0,0,37,171,0,0,0,0,0,0,1,63,38,1,63,0,0,0,0,211,4,83,21,0,9,0,0,0,0,0,5,64,0,0,2,29,41,0,0,0,0,0,0,198,224,253,253,166,224,224,224,0,0,0,2,12,0,41,0,192,62,192,208,136,209,0,4,0,9,0,223,2,223,0,222,2,222,13,2,58,4,0,240,1,0,55,247,250,201,241,0,116,67,4,66,76,224,224,0,0,0,0,254,60,70,87,224,0,0,0,0,201,137,102,0,0,0,0,0,0,9,75,7,9,203,0,0,0,0,0,37,171,0,0,0,0,0,0,1,63,38,1,63,0,0,0,0,215,4,49,21,0,9,0,0,0,0,0,1,64,0,0,2,29,41,0,0,0,0,0,0,198,224,253,253,166,224,224,224,0,0,0,2,12,0,41,0,192,62,192,208,69,209,0,4,0,9,0,223,0,223,0,222,0,222,8,2,58,4,0,240,1,0,55,247,250,201,241
2026-08-03_14-39-02,1,305,0,0.0,0,90.0,-1,-1,0,116,67,4,66,76,224,224,0,0,0,0,254,60,70,87,224,0,0,0,0,201,137,102,0,0,0,0,0,0,9,75,7,9,203,0,0,0,0,0,37,171,0,0,0,0,0,0,1,63,38,1,63,0,0,0,0,215,4,49,21,0,9,0,0,0,0,0,1,64,0,0,2,29,41,0,0,0,0,0,0,198,224,253,253,166,224,224,224,0,0,0,2,12,0,41,0,192,62,192,208,69,209,0,4,0,9,0,223,0,223,0,222,0,222,8,2,58,4,0,240,1,0,55,247,250,201,241,0,68,51,2,64,74,224,224,0,0,0,0,0,62,72,224,224,0,0,0,0,201,137,102,0,0,0,0,0,0,9,75,7,9,203,0,0,0,0,0,37,171,0,0,0,0,0,0,1,63,38,1,63,0,0,0,0,219,4,18,21,0,9,0,0,0,0,0,7,96,0,0,2,29,41,0,0,0,0,0,0,198,224,253,253,166,224,224,224,0,0,0,2,11,0,41,0,192,62,192,208,207,209,0,4,0,9,0,223,0,223,0,222,0,222,8,3,58,4,0,240,1,0,55,247,250,201,241
2026-08-03_14-39-02,1,306,0,0.0,0,90.0,-1,-1,0,68,51,2,64,74,224,224,0,0,0,0,0,62,72,224,224,0,0,0,0,201,137,102,0,0,0,0,0,0,9,75,7,9,203,0,0,0,0,0,37,171,0,0,0,0,0,0,1,63,38,1,63,0,0,0,0,219,4,18,21,0,9,0,0,0,0,0,7,96,0,0,2,29,41,0,0,0,0,0,0,198,224,253,253,166,224,224,224,0,0,0,2,11,0,41,0,192,62,192,208,207,209,0,4,0,9,0,223,0,223,0,222,0,222,8,3,58,4,0,240,1,0,55,247,250,201,241,0,67,57,0,62,72,224,224,0,0,0,0,2,64,74,224,224,0,0,0,0,185,107,132,0,0,0,0,0,0,249,91,247,9,203,0,0,0,0,0,37,171,0,0,0,0,0,0,1,63,38,1,63,0,0,0,0,223,4,99,21,0,9,0,0,0,0,0,3,96,0,0,2,29,41,0,0,0,0,0,0,198,224,253,253,166,224,224,224,0,0,0,2,11,0,41,0,192,62,192,208,207,209,0,4,0,9,0,223,0,223,0,222,0,222,8,3,58,4,0,240,1,0,55,247,250,201,241
2026-08-03_14-39-02,1,307,0,0.0,0,90.0,-1,-1,0,67,57,0,62,72,224,224,0,0,0,0,2,64,74,224,224,0,0,0,0,185,107,132,0,0,0,0,0,0,249,91,247,9,203,0,0,0,0,0,37,171,0,0,0,0,0,0,1,63,38,1,63,0,0,0,0,223,4,99,21,0,9,0,0,0,0,0,3,96,0,0,2,29,41,0,0,0,0,0,0,198,224,253,253,166,224,224,224,0,0,0,2,11,0,41,0,192,62,192,208,207,209,0,4,0,9,0,223,0,223,0,222,0,222,8,3,58,4,0,240,1,0,55,247,250,201,241,0,51,152,254,60,70,87,224,0,0,0,0,4,66,76,224,224,0,0,0,0,185,107,132,185,0,0,0,0,0,249,91,247,9,203,0,0,0,0,0,37,171,0,0,0,0,0,0,1,63,38,1,63,0,0,0,0,227,4,65,21,0,9,0,0,0,0,0,7,0,0,0,2,29,41,0,0,0,0,0,0,198,224,253,253,166,224,224,224,0,0,0,3,11,0,41,0,192,62,131,208,207,209,4,4,185,9,0,223,0,223,0,222,0,222,8,0,58,4,0,240,1,0,55,247,250,201,241
2026-08-03_14-39-02,1,308,0,0.0,0,90.0,-1,-1,0,51,152,254,60,70,87,224,0,0,0,0,4,66,76,224,224,0,0,0,0,185,107,132,185,0,0,0,0,0,249,91,247,9,203,0,0,0,0,0,37,171,0,0,0,0,0,0,1,63,38,1,63,0,0,0,0,227,4,65,21,0,9,0,0,0,0,0,7,0,0,0,2,29,41,0,0,0,0,0,0,198,224,253,253,166,224,224,224,0,0,0,3,11,0,41,0,192,62,131,208,207,209,4,4,185,9,0,223,0,223,0,222,0,222,8,0,58,4,0,240,1,0,55,247,250,201,241,0,57,138,252,58,68,85,224,0,0,0,0,6,68,78,224,224,0,0,0,0,185,107,132,185,0,0,0,0,0,249,91,247,9,203,0,0,0,0,0,37,171,0,0,0,0,0,0,1,63,38,1,63,0,0,0,0,231,4,34,21,0,9,0,0,0,0,0,3,0,0,0,2,29,41,0,0,0,0,0,0,198,224,253,253,166,224,224,224,0,0,0,3,11,0,41,0,192,62,131,208,207,209,4,4,185,9,2,223,0,223,2,222,0,222,13,0,58,4,0,240,1,0,55,247,250,201,241
2026-08-03_14-39-02,1,309,0,0.0,0,90.0,-1,-1,0,57,138,252,58,68,85,224,0,0,0,0,6,68,78,224,224,0,0,0,0,185,107,132,185,0,0,0,0,0,249,91,247,9,203,0,0,0,0,0,37,171,0,0,0,0,0,0,1,63,38,1,63,0,0,0,0,231,4,34,21,0,9,0,0,0,0,0,3,0,0,0,2,29,41,0,0,0,0,0,0,198,224,253,253,166,224,224,224,0,0,0,3,11,0,41,0,192,62,131,208,207,209,4,4,185,9,2,223,0,223,2,222,0,222,13,0,58,4,0,240,1,0,55,247,250,201,241,0,152,169,250,56,66,83,224,0,0,0,0,8,70,80,224,224,0,0,0,0,169,91,148,169,0,0,0,0,0,233,107,231,9,203,0,0,0,0,0,37,171,0,0,0,0,0,0,1,63,38,1,63,0,0,0,0,235,4,115,21,0,9,0,0,0,0,0,9,32,0,0,2,29,41,0,0,0,0,0,0,198,224,253,253,166,224,224,224,0,0,0,3,11,0,41,0,192,62,131,208,136,209,4,3,169,231,4,223,39,223,4,222,39,222,8,1,58,4,0,240,6,0,55,247,250,201,241
2026-08-03_14-39-02,1,310,0,0.0,0,90.0,-1,-1,0,152,169,250,56,66,83,224,0,0,0,0,8,70,80,224,224,0,0,0,0,169,91,148,169,0,0,0,0,0,233,107,231,9,203,0,0,0,0,0,37,171,0,0,0,0,0,0,1,63,38,1,63,0,0,0,0,235,4,115,21,0,9,0,0,0,0,0,9,32,0,0,2,29,41,0,0,0,0,0,0,198,224,253,253,166,224,224,224,0,0,0,3,11,0,41,0,192,62,131,208,136,209,4,3,169,231,4,223,39,223,4,222,39,222,8,1,58,4,0,240,6,0,55,247,250,201,241,0,138,149,248,54,64,81,224,0,0,0,0,10,72,82,224,224,0,0,0,0,169,91,148,169,0,0,0,0,0,233,107,231,9,203,0,0,0,0,0,37,171,0,0,0,0,0,0,1,63,38,1,63,0,0,0,0,239,4,81,21,0,9,0,0,0,0,0,5,32,0,0,2,29,41,0,0,0,0,0,0,198,224,253,253,166,224,224,224,0,0,0,3,11,0,41,0,192,62,131,208,136,209,4,3,169,231,6,223,37,223,6,222,37,222,8,1,58,4,0,240,6,0,55,247,250,201,241
2026-08-03_14-39-02,1,311,0,0.0,0,90.0,-1,-1,0,138,149,248,54,64,81,224,0,0,0,0,10,72,82,224,224,0,0,0,0,169,91,148,169,0,0,0,0,0,233,107,231,9,203,0,0,0,0,0,37,171,0,0,0,0,0,0,1,63,38,1,63,0,0,0,0,239,4,81,21,0,9,0,0,0,0,0,5,32,0,0,2,29,41,0,0,0,0,0,0,198,224,253,253,166,224,224,224,0,0,0,3,11,0,41,0,192,62,131,208,136,209,4,3,169,231,6,223,37,223,6,222,37,222,8,1,58,4,0,240,6,0,55,247,250,201,241,0,169,83,246,52,62,79,224,0,0,0,0,251,12,74,84,224,0,0,0,0,169,91,148,169,0,0,0,0,0,231,233,107,231,9,0,0,0,0,0,37,171,0,0,0,0,0,0,38,1,63,38,1,0,0,0,0,243,4,50,21,0,9,0,0,0,0,0,1,32,0,0,2,29,41,0,0,0,0,0,0,198,224,253,253,166,224,224,224,0,0,0,3,12,0,41,0,192,62,131,208,136,209,4,3,169,231,8,223,35,223,8,222,35,222,8,1,58,4,0,240,6,0,55,247,250,201,241
2026-08-03_14-39-02,1,312,0,0.0,0,90.0,-1,-1,0,169,83,246,52,62,79,224,0,0,0,0,251,12,74,84,224,0,0,0,0,169,91,148,169,0,0,0,0,0,231,233,107,231,9,0,0,0,0,0,37,171,0,0,0,0,0,0,38,1,63,38,1,0,0,0,0,243,4,50,21,0,9,0,0,0,0,0,1,32,0,0,2,29,41,0,0,0,0,0,0,198,224,253,253,166,224,224,224,0,0,0,3,12,0,41,0,192,62,131,208,136,209,4,3,169,231,8,223,35,223,8,222,35,222,8,1,58,4,0,240,6,0,55,247,250,201,241,0,149,63,244,50,60,77,224,0,0,0,0,253,14,76,86,224,0,0,0,0,169,91,148,169,0,0,0,0,0,231,233,107,231,9,0,0,0,0,0,37,171,0,0,0,0,0,0,38,1,63,38,1,0,0,0,0,247,4,19,21,0,9,0,0,0,0,0,5,64,0,0,2,29,41,0,0,0,0,0,0,198,224,253,253,166,224,224,224,0,0,0,3,12,0,41,0,192,62,131,208,136,209,4,3,169,231,10,223,33,223,10,222,33,222,8,2,58,4,0,240,6,0,55,247,250,201,241
2026-08-03_14-39-02,1,313,2,0.0,0,90.0,-1,-1,0,149,63,244,50,60,77,224,0,0,0,0,253,14,76,86,224,0,0,0,0,169,91,148,169,0,0,0,0,0,231,233,107,231,9,0,0,0,0,0,37,171,0,0,0,0,0,0,38,1,63,38,1,0,0,0,0,247,4,19,21,0,9,0,0,0,0,0,5,64,0,0,2,29,41,0,0,0,0,0,0,198,224,253,253,166,224,224,224,0,0,0,3,12,0,41,0,192,62,131,208,136,209,4,3,169,231,10,223,33,223,10,222,33,222,8,2,58,4,0,240,6,0,55,247,250,201,241,0,83,247,242,48,58,75,224,0,0,0,0,255,16,78,88,224,0,0,0,0,153,75,164,153,0,0,0,0,0,215,217,137,215,9,0,0,0,0,0,37,171,0,0,0,0,0,0,38,1,63,38,1,0,0,0,0,251,4,97,21,0,9,0,0,0,0,0,1,66,0,0,2,29,41,21,9,0,0,234,98,198,224,253,253,166,224,224,224,0,0,0,3,12,0,41,0,192,62,131,208,69,209,4,3,153,215,12,223,32,223,12,222,32,222,245,34,58,4,0,240,6,0,55,247,250,201,241
2026-08-03_14-39-02,1,314,2,0.0,0,90.0,-1,-1,0,83,247,242,48,58,75,224,0,0,0,0,255,16,78,88,224,0,0,0,0,153,75,164,153,0,0,0,0,0,215,217,137,215,9,0,0,0,0,0,37,171,0,0,0,0,0,0,38,1,63,38,1,0,0,0,0,251,4,97,21,0,9,0,0,0,0,0,1,66,0,0,2,29,41,21,9,0,0,234,98,198,224,253,253,166,224,224,224,0,0,0,3,12,0,41,0,192,62,131,208,69,209,4,3,153,215,12,223,32,223,12,222,32,222,245,34,58,4,0,240,6,0,55,247,250,201,241,0,63,126,46,56,73,224,224,0,0,0,0,1,18,80,224,224,0,0,0,0,75,164,153,0,0,0,0,0,0,215,217,137,215,9,0,0,0,0,37,171,0,0,0,0,0,0,0,38,1,63,38,1,0,0,0,0,255,4,66,21,0,9,0,0,0,0,0,7,98,0,0,2,29,41,71,30,1,0,212,196,198,224,253,253,166,224,224,224,0,0,0,2,11,0,41,0,192,62,131,208,207,209,4,3,153,215,14,223,32,223,14,222,32,222,13,35,58,4,0,240,6,0,55,247,250,201,241
2026-08-03_14-39-02,1,315,0,0.0,0,90.0,-1,-1,0,63,126,46,56,73,224,224,0,0,0,0,1,18,80,224,224,0,0,0,0,75,164,153,0,0,0,0,0,0,215,217,137,215,9,0,0,0,0,37,171,0,0,0,0,0,0,0,38,1,63,38,1,0,0,0,0,255,4,66,21,0,9,0,0,0,0,0,7,98,0,0,2,29,41,71,30,1,0,212,196,198,224,253,253,166,224,224,224,0,0,0,2,11,0,41,0,192,62,131,208,207,209,4,3,153,215,14,223,32,223,14,222,32,222,13,35,58,4,0,240,6,0,55,247,250,201,241,0,247,232,44,54,71,224,224,0,0,0,0,3,20,82,224,224,0,0,0,0,75,164,153,0,0,0,0,0,0,215,217,137,215,9,0,0,0,0,37,171,0,0,0,0,0,0,0,38,1,63,38,1,0,0,0,0,3,5,35,21,0,9,0,0,0,0,0,3,96,0,0,2,29,41,143,60,2,0,68,244,198,224,253,253,166,224,224,224,0,0,0,2,11,0,41,0,192,62,192,208,136,209,0,3,0,215,15,223,52,223,15,222,0,2,2,3,58,4,75,64,7,0,55,43,251,201,241
2026-08-03_14-39-02,1,316,0,0.0,0,90.0,-1,-1,0,247,232,44,54,71,224,224,0,0,0,0,3,20,82,224,224,0,0,0,0,75,164,153,0,0,0,0,0,0,215,217,137,215,9,0,0,0,0,37,171,0,0,0,0,0,0,0,38,1,63,38,1,0,0,0,0,3,5,35,21,0,9,0,0,0,0,0,3,96,0,0,2,29,41,143,60,2,0,68,244,198,224,253,253,166,224,224,224,0,0,0,2,11,0,41,0,192,62,192,208,136,209,0,3,0,215,15,223,52,223,15,222,0,2,2,3,58,4,75,64,7,0,55,43,251,201,241,0,126,131,42,52,69,224,224,0,0,0,0,5,22,84,224,224,0,0,0,0,59,180,137,0,0,0,0,0,0,199,201,153,215,9,0,0,0,0,37,171,0,0,0,0,0,0,0,38,1,63,38,1,0,0,0,0,7,5,113,21,0,9,0,0,0,0,0,7,0,0,0,2,29,41,213,90,2,0,58,242,198,224,253,253,166,224,224,224,0,0,0,2,11,0,41,0,192,62,192,208,136,209,0,4,0,153,0,223,51,223,0,222,0,2,2,0,58,4,61,62,7,199,251,43,251,201,241
2026-08-03_14-39-02,1,317,0,0.0,0,90.0,-1,-1,0,126,131,42,52,69,224,224,0,0,0,0,5,22,84,224,224,0,0,0,0,59,180,137,0,0,0,0,0,0,199,201,153,215,9,0,0,0,0,37,171,0,0,0,0,0,0,0,38,1,63,38,1,0,0,0,0,7,5,113,21,0,9,0,0,0,0,0,7,0,0,0,2,29,41,213,90,2,0,58,242,198,224,253,253,166,224,224,224,0,0,0,2,11,0,41,0,192,62,192,208,136,209,0,4,0,153,0,223,51,223,0,222,0,2,2,0,58,4,61,62,7,199,251,43,251,201,241,0,232,48,40,50,67,224,224,0,0,0,0,253,7,24,86,224,0,0,0,0,59,180,137,0,0,0,0,0,0,153,199,201,153,215,0,0,0,0,37,171,0,0,0,0,0,0,0,63,38,1,63,38,0,0,0,0,11,5,82,21,0,9,0,0,0,0,0,3,0,0,0,2,45,41,27,120,2,0,48,240,198,224,13,13,166,224,224,224,0,0,0,2,12,0,41,0,192,62,192,208,136,209,0,4,0,153,0,223,49,223,0,222,0,2,2,0,58,4,61,60,7,199,251,43,251,201,241
2026-08-03_14-39-02,1,318,0,0.0,0,90.0,-1,-1,0,232,48,40,50,67,224,224,0,0,0,0,253,7,24,86,224,0,0,0,0,59,180,137,0,0,0,0,0,0,153,199,201,153,215,0,0,0,0,37,171,0,0,0,0,0,0,0,63,38,1,63,38,0,0,0,0,11,5,82,21,0,9,0,0,0,0,0,3,0,0,0,2,45,41,27,120,2,0,48,240,198,224,13,13,166,224,224,224,0,0,0,2,12,0,41,0,192,62,192,208,136,209,0,4,0,153,0,223,49,223,0,222,0,2,2,0,58,4,61,60,7,199,251,43,251,201,241,0,131,7,38,48,65,224,224,0,0,0,0,255,9,26,88,224,0,0,0,0,59,180,137,0,0,0,0,0,0,153,199,201,153,215,0,0,0,0,37,171,0,0,0,0,0,0,0,63,38,1,63,38,0,0,0,0,15,5,51,21,0,9,0,0,0,0,0,8,32,0,0,2,45,41,95,148,2,0,38,238,198,224,13,13,166,224,224,224,0,0,0,2,12,0,41,0,192,62,192,208,69,209,0,4,0,153,0,223,48,223,0,222,11,0,0,1,58,4,53,46,7,199,251,123,251,201,241
2026-08-03_14-39-02,1,319,0,0.0,0,90.0,-1,-1,0,131,7,38,48,65,224,224,0,0,0,0,255,9,26,88,224,0,0,0,0,59,180,137,0,0,0,0,0,0,153,199,201,153,215,0,0,0,0,37,171,0,0,0,0,0,0,0,63,38,1,63,38,0,0,0,0,15,5,51,21,0,9,0,0,0,0,0,8,32,0,0,2,45,41,95,148,2,0,38,238,198,224,13,13,166,224,224,224,0,0,0,2,12,0,41,0,192,62,192,208,69,209,0,4,0,153,0,223,48,223,0,222,11,0,0,1,58,4,53,46,7,199,251,123,251,201,241,0,48,112,36,46,63,224,224,0,0,0,0,1,11,28,224,224,0,0,0,0,59,180,137,0,0,0,0,0,0,153,199,201,153,215,0,0,0,0,37,171,0,0,0,0,0,0,0,63,38,1,63,38,0,0,0,0,19,5,17,21,0,9,0,0,0,0,0,4,32,0,0,2,45,41,162,176,2,0,28,236,198,224,13,13,166,224,224,224,0,0,0,2,11,0,41,0,192,62,192,208,207,209,0,4,0,153,0,223,48,223,0,222,11,0,0,1,58,4,53,48,7,199,251,123,251,201,241
2026-08-03_14-39-02,1,320,0,0.0,0,90.0,-1,-1,0,48,112,36,46,63,224,224,0,0,0,0,1,11,28,224,224,0,0,0,0,59,180,137,0,0,0,0,0,0,153,199,201,153,215,0,0,0,0,37,171,0,0,0,0,0,0,0,63,38,1,63,38,0,0,0,0,19,5,17,21,0,9,0,0,0,0,0,4,32,0,0,2,45,41,162,176,2,0,28,236,198,224,13,13,166,224,224,224,0,0,0,2,11,0,41,0,192,62,192,208,207,209,0,4,0,153,0,223,48,223,0,222,11,0,0,1,58,4,53,48,7,199,251,123,251,201,241,0,7,10,34,44,61,224,224,0,0,0,0,3,13,30,224,224,0,0,0,0,43,196,107,0,0,0,0,0,0,169,183,185,153,215,0,0,0,0,37,171,0,0,0,0,0,0,0,63,38,1,63,38,0,0,0,0,23,5,98,21,0,9,0,0,0,0,0,8,64,0,0,2,45,41,228,204,2,0,18,234,198,224,13,13,166,224,224,224,0,0,0,2,11,0,41,0,192,62,192,208,207,209,0,4,0,153,0,223,48,223,0,222,11,0,0,128,58,4,54,50,7,199,251,123,251,201,241
2026-08-03_14-39-02,1,321,0,0.0,0,90.0,-1,-1,0,7,10,34,44,61,224,224,0,0,0,0,3,13,30,224,224,0,0,0,0,43,196,107,0,0,0,0,0,0,169,183,185,153,215,0,0,0,0,37,171,0,0,0,0,0,0,0,63,38,1,63,38,0,0,0,0,23,5,98,21,0,9,0,0,0,0,0,8,64,0,0,2,45,41,228,204,2,0,18,234,198,224,13,13,166,224,224,224,0,0,0,2,11,0,41,0,192,62,192,208,207,209,0,4,0,153,0,223,48,223,0,222,11,0,0,128,58,4,54,50,7,199,251,123,251,201,241,0,112,161,32,42,59,224,224,0,0,0,0,5,15,32,224,224,0,0,0,0,43,196,107,0,0,0,0,0,0,169,183,185,153,215,0,0,0,0,37,171,0,0,0,0,0,0,0,63,38,1,63,38,0,0,0,0,27,5,67,21,0,9,0,0,0,0,0,4,64,0,0,2,61,41,36,232,2,0,8,232,198,224,29,29,166,224,224,224,0,0,0,2,11,0,41,0,192,62,192,208,207,209,0,4,0,153,0,223,48,223,0,222,11,0,0,2,58,4,54,52,7,199,251,123,251,201,241
2026-08-03_14-39-02,1,322,0,0.0,0,90.0,-1,-1,0,112,161,32,42,59,224,224,0,0,0,0,5,15,32,224,224,0,0,0,0,43,196,107,0,0,0,0,0,0,169,183,185,153,215,0,0,0,0,37,171,0,0,0,0,0,0,0,63,38,1,63,38,0,0,0,0,27,5,67,21,0,9,0,0,0,0,0,4,64,0,0,2,61,41,36,232,2,0,8,232,198,224,29,29,166,224,224,224,0,0,0,2,11,0,41,0,192,62,192,208,207,209,0,4,0,153,0,223,48,223,0,222,11,0,0,2,58,4,54,52,7,199,251,123,251,201,241,0,10,18,30,40,57,224,224,0,0,0,0,7,17,34,224,224,0,0,0,0,43,196,107,0,0,0,0,0,0,169,183,185,153,215,0,0,0,0,37,171,0,0,0,0,0,0,0,63,38,1,63,38,0,0,0,0,31,5,33,21,0,9,0,0,0,0,0,9,96,0,0,2,61,42,99,4,1,0,254,230,198,224,29,29,166,224,224,224,0,0,0,2,11,0,41,0,192,63,192,208,207,209,0,4,0,153,0,223,48,223,0,222,11,0,0,0,59,4,54,54,7,199,251,123,251,201,241
2026-08-03_14-39-02,1,323,0,0.0,0,90.0,-1,-1,0,10,18,30,40,57,224,224,0,0,0,0,7,17,34,224,224,0,0,0,0,43,196,107,0,0,0,0,0,0,169,183,185,153,215,0,0,0,0,37,171,0,0,0,0,0,0,0,63,38,1,63,38,0,0,0,0,31,5,33,21,0,9,0,0,0,0,0,9,96,0,0,2,61,42,99,4,1,0,254,230,198,224,29,29,166,224,224,224,0,0,0,2,11,0,41,0,192,63,192,208,207,209,0,4,0,153,0,223,48,223,0,222,11,0,0,0,59,4,54,54,7,199,251,123,251,201,241,0,161,35,28,38,55,224,224,0,0,0,0,9,19,36,224,224,0,0,0,0,27,212,91,0,0,0,0,0,0,185,167,169,153,215,0,0,0,0,37,171,0,0,0,0,0,0,0,63,38,1,63,38,0,0,0,0,35,5,114,21,0,9,0,0,0,0,0,5,96,0,0,6,61,42,161,32,1,0,248,228,198,224,29,29,166,224,224,224,0,0,0,2,11,0,41,0,192,63,192,208,207,209,0,4,0,153,0,223,48,223,0,222,11,0,0,3,59,4,55,56,7,199,251,123,251,201,241
2026-08-03_14-39-02,1,324,5,0.0,0,90.0,-1,-1,0,161,35,28,38,55,224,224,0,0,0,0,9,19,36,224,224,0,0,0,0,27,212,91,0,0,0,0,0,0,185,167,169,153,215,0,0,0,0,37,171,0,0,0,0,0,0,0,63,38,1,63,38,0,0,0,0,35,5,114,21,0,9,0,0,0,0,0,5,96,0,0,6,61,42,161,32,1,0,248,228,198,224,29,29,166,224,224,224,0,0,0,2,11,0,41,0,192,63,192,208,207,209,0,4,0,153,0,223,48,223,0,222,11,0,0,3,59,4,55,56,7,199,251,123,251,201,241,0,18,60,26,36,53,224,224,0,0,0,0,11,21,38,224,224,0,0,0,0,27,212,91,0,0,0,0,0,0,185,167,169,153,215,0,0,0,0,37,171,0,0,0,0,0,0,0,63,38,1,63,38,0,0,0,0,39,5,83,21,0,9,0,0,0,0,0,1,96,0,0,0,69,224,0,0,0,0,0,0,198,224,37,37,166,224,224,224,0,0,0,2,11,30,33,0,192,63,192,208,207,209,0,4,0,153,0,223,48,223,0,222,48,222,13,3,221,230,0,240,7,0,55,0,0,232,54
2026-08-03_14-39-02,1,325,5,0.0,0,90.0,-1,-1,0,18,60,26,36,53,224,224,0,0,0,0,11,21,38,224,224,0,0,0,0,27,212,91,0,0,0,0,0,0,185,167,169,153,215,0,0,0,0,37,171,0,0,0,0,0,0,0,63,38,1,63,38,0,0,0,0,39,5,83,21,0,9,0,0,0,0,0,1,96,0,0,0,69,224,0,0,0,0,0,0,198,224,37,37,166,224,224,224,0,0,0,2,11,30,33,0,192,63,192,208,207,209,0,4,0,153,0,223,48,223,0,222,48,222,13,3,221,230,0,240,7,0,55,0,0,232,54,0,35,198,24,34,51,224,224,0,0,0,0,13,23,40,224,224,0,0,0,0,27,212,91,0,0,0,0,0,0,185,167,169,153,215,0,0,0,0,37,171,0,0,0,0,0,0,0,63,38,1,63,38,0,0,0,0,43,5,49,21,0,9,0,0,0,0,0,5,0,0,0,0,69,224,0,0,0,0,0,0,198,224,37,37,166,224,224,224,0,0,0,2,11,28,33,0,192,63,192,208,207,209,0,4,0,153,0,223,48,223,0,222,48,222,13,0,221,230,0,240,7,0,55,0,0,232,54
2026-08-03_14-39-02,1,326,5,0.0,0,90.0,-1,-1,0,35,198,24,34,51,224,224,0,0,0,0,13,23,40,224,224,0,0,0,0,27,212,91,0,0,0,0,0,0,185,167,169,153,215,0,0,0,0,37,171,0,0,0,0,0,0,0,63,38,1,63,38,0,0,0,0,43,5,49,21,0,9,0,0,0,0,0,5,0,0,0,0,69,224,0,0,0,0,0,0,198,224,37,37,166,224,224,224,0,0,0,2,11,28,33,0,192,63,192,208,207,209,0,4,0,153,0,223,48,223,0,222,48,222,13,0,221,230,0,240,7,0,55,0,0,232,54,0,60,108,22,32,49,224,224,0,0,0,0,15,25,42,224,224,0,0,0,0,27,212,91,0,0,0,0,0,0,185,167,169,153,215,0,0,0,0,37,171,0,0,0,0,0,0,0,63,38,1,63,38,0,0,0,0,47,5,18,21,0,9,0,0,0,0,0,1,0,0,0,0,69,224,0,0,0,0,0,0,198,224,37,37,166,224,224,224,0,0,0,2,11,26,33,0,192,63,192,208,207,209,0,4,0,153,0,223,48,223,0,222,48,222,13,0,221,230,0,240,7,0,55,0,0,232,52
2026-08-03_14-39-02,1,327,0,0.0,0,90.0,-1,-1,0,60,108,22,32,49,224,224,0,0,0,0,15,25,42,224,224,0,0,0,0,27,212,91,0,0,0,0,0,0,185,167,169,153,215,0,0,0,0,37,171,0,0,0,0,0,0,0,63,38,1,63,38,0,0,0,0,47,5,18,21,0,9,0,0,0,0,0,1,0,0,0,0,69,224,0,0,0,0,0,0,198,224,37,37,166,224,224,224,0,0,0,2,11,26,33,0,192,63,192,208,207,209,0,4,0,153,0,223,48,223,0,222,48,222,13,0,221,230,0,240,7,0,55,0,0,232,52,0,198,200,20,30,47,224,224,0,0,0,0,17,27,44,224,224,0,0,0,0,11,228,75,0,0,0,0,0,0,201,151,153,153,215,0,0,0,0,37,171,0,0,0,0,0,0,0,63,38,1,63,38,0,0,0,0,51,5,99,21,0,9,0,0,0,0,0,6,32,0,0,0,69,224,0,0,0,0,0,0,198,224,37,37,166,224,224,224,0,0,0,2,11,24,33,0,192,63,192,208,207,209,0,4,0,153,0,223,48,223,0,222,48,222,13,1,221,230,0,240,7,0,55,0,0,232,52
2026-08-03_14-39-02,1,328,0,0.0,0,90.0,-1,-1,0,198,200,20,30,47,224,224,0,0,0,0,17,27,44,224,224,0,0,0,0,11,228,75,0,0,0,0,0,0,201,151,153,153,215,0,0,0,0,37,171,0,0,0,0,0,0,0,63,38,1,63,38,0,0,0,0,51,5,99,21,0,9,0,0,0,0,0,6,32,0,0,0,69,224,0,0,0,0,0,0,198,224,37,37,166,224,224,224,0,0,0,2,11,24,33,0,192,63,192,208,207,209,0,4,0,153,0,223,48,223,0,222,48,222,13,1,221,230,0,240,7,0,55,0,0,232,52,0,108,137,18,28,45,224,224,0,0,0,0,19,29,46,224,224,0,0,0,0,11,228,75,0,0,0,0,0,0,201,151,153,153,215,0,0,0,0,37,171,0,0,0,0,0,0,0,63,38,1,63,38,0,0,0,0,55,5,65,21,0,9,0,0,0,0,0,2,32,0,0,0,69,224,0,0,0,0,0,0,198,224,37,37,166,224,224,224,0,0,0,2,11,22,33,0,192,63,192,208,207,209,0,4,0,153,0,223,48,223,0,222,48,222,13,1,221,230,0,240,7,0,55,0,0,232,54
2026-08-03_14-39-02,1,329,0,0.0,0,90.0,-1,-1,0,108,137,18,28,45,224,224,0,0,0,0,19,29,46,224,224,0,0,0,0,11,228,75,0,0,0,0,0,0,201,151,153,153,215,0,0,0,0,37,171,0,0,0,0,0,0,0,63,38,1,63,38,0,0,0,0,55,5,65,21,0,9,0,0,0,0,0,2,32,0,0,0,69,224,0,0,0,0,0,0,198,224,37,37,166,224,224,224,0,0,0,2,11,22,33,0,192,63,192,208,207,209,0,4,0,153,0,223,48,223,0,222,48,222,13,1,221,230,0,240,7,0,55,0,0,232,54,0,200,150,16,26,43,224,224,0,0,0,0,21,31,48,224,224,0,0,0,0,11,228,75,0,0,0,0,0,0,201,151,153,153,215,0,0,0,0,37,171,0,0,0,0,0,0,0,63,38,1,63,38,0,0,0,0,59,5,34,21,0,9,0,0,0,0,0,6,64,0,0,0,69,224,0,0,0,0,0,0,198,224,37,37,166,224,224,224,0,0,0,2,11,20,33,0,192,63,192,208,207,209,0,4,0,153,0,223,48,223,0,222,48,222,13,2,221,230,0,240,7,0,55,0,0,232,52
2026-08-03_14-39-02,1,330,0,0.0,0,90.0,-1,-1,0,200,150,16,26,43,224,224,0,0,0,0,21,31,48,224,224,0,0,0,0,11,228,75,0,0,0,0,0,0,201,151,153,153,215,0,0,0,0,37,171,0,0,0,0,0,0,0,63,38,1,63,38,0,0,0,0,59,5,34,21,0,9,0,0,0,0,0,6,64,0,0,0,69,224,0,0,0,0,0,0,198,224,37,37,166,224,224,224,0,0,0,2,11,20,33,0,192,63,192,208,207,209,0,4,0,153,0,223,48,223,0,222,48,222,13,2,221,230,0,240,7,0,55,0,0,232,52,0,137,107,14,24,41,224,224,0,0,0,0,23,33,50,224,224,0,0,0,0,251,244,59,0,0,0,0,0,0,217,135,137,153,215,0,0,0,0,37,171,0,0,0,0,0,0,0,63,38,1,63,38,0,0,0,0,63,5,115,21,0,9,0,0,0,0,0,2,64,0,0,0,69,224,0,0,0,0,0,0,198,224,37,37,166,224,224,224,0,0,0,2,11,18,33,0,192,63,192,208,207,209,0,4,0,153,0,223,48,223,0,222,48,222,13,2,221,230,0,240,7,0,55,0,0,232,54
2026-08-03_14-39-02,1,331,0,0.0,0,90.0,-1,-1,0,137,107,14,24,41,224,224,0,0,0,0,23,33,50,224,224,0,0,0,0,251,244,59,0,0,0,0,0,0,217,135,137,153,215,0,0,0,0,37,171,0,0,0,0,0,0,0,63,38,1,63,38,0,0,0,0,63,5,115,21,0,9,0,0,0,0,0,2,64,0,0,0,69,224,0,0,0,0,0,0,198,224,37,37,166,224,224,224,0,0,0,2,11,18,33,0,192,63,192,208,207,209,0,4,0,153,0,223,48,223,0,222,48,222,13,2,221,230,0,240,7,0,55,0,0,232,54,0,150,179,12,22,39,224,224,0,0,0,0,25,35,52,224,224,0,0,0,0,251,244,59,0,0,0,0,0,0,217,135,137,153,215,0,0,0,0,37,171,0,0,0,0,0,0,0,63,38,1,63,38,0,0,0,0,67,5,81,21,0,9,0,0,0,0,0,7,96,0,0,0,69,224,0,0,0,0,0,0,198,224,37,37,166,224,224,224,0,0,0,2,11,16,33,0,192,63,192,208,207,209,0,4,0,153,0,223,48,223,0,222,48,222,13,3,221,230,0,240,7,0,55,0,0,232,54
2026-08-03_14-39-02,1,332,0,0.0,0,90.0,-1,-1,0,150,179,12,22,39,224,224,0,0,0,0,25,35,52,224,224,0,0,0,0,251,244,59,0,0,0,0,0,0,217,135,137,153,215,0,0,0,0,37,171,0,0,0,0,0,0,0,63,38,1,63,38,0,0,0,0,67,5,81,21,0,9,0,0,0,0,0,7,96,0,0,0,69,224,0,0,0,0,0,0,198,224,37,37,166,224,224,224,0,0,0,2,11,16,33,0,192,63,192,208,207,209,0,4,0,153,0,223,48,223,0,222,48,222,13,3,221,230,0,240,7,0,55,0,0,232,54,0,107,55,10,20,37,224,224,0,0,0,0,27,37,54,224,224,0,0,0,0,251,244,59,0,0,0,0,0,0,217,135,137,153,215,0,0,0,0,37,171,0,0,0,0,0,0,0,63,38,1,63,38,0,0,0,0,71,5,50,21,0,9,0,0,0,0,0,3,96,0,0,0,69,224,0,0,0,0,0,0,198,224,37,37,166,224,224,224,0,0,0,2,11,14,33,0,192,63,192,208,207,209,0,4,0,153,0,223,48,223,0,222,48,222,13,3,221,230,0,240,7,0,55,0,0,232,54
2026-08-03_14-39-02,1,333,0,0.0,0,90.0,-1,-1,0,107,55,10,20,37,224,224,0,0,0,0,27,37,54,224,224,0,0,0,0,251,244,59,0,0,0,0,0,0,217,135,137,153,215,0,0,0,0,37,171,0,0,0,0,0,0,0,63,38,1,63,38,0,0,0,0,71,5,50,21,0,9,0,0,0,0,0,3,96,0,0,0,69,224,0,0,0,0,0,0,198,224,37,37,166,224,224,224,0,0,0,2,11,14,33,0,192,63,192,208,207,209,0,4,0,153,0,223,48,223,0,222,48,222,13,3,221,230,0,240,7,0,55,0,0,232,54,0,179,119,8,18,35,224,224,0,0,0,0,29,39,56,224,224,0,0,0,0,251,244,59,0,0,0,0,0,0,217,135,137,153,215,0,0,0,0,37,171,0,0,0,0,0,0,0,63,38,1,63,38,0,0,0,0,75,5,19,21,0,9,0,0,0,0,0,7,0,0,0,0,69,224,0,0,0,0,0,0,198,224,37,37,166,224,224,224,0,0,0,2,11,12,33,0,192,63,192,208,207,209,0,4,0,153,0,223,48,223,0,222,48,222,13,0,221,230,0,240,7,0,55,0,0,232,54
2026-08-03_14-39-02,1,334,0,0.0,0,90.0,-1,-1,0,179,119,8,18,35,224,224,0,0,0,0,29,39,56,224,224,0,0,0,0,251,244,59,0,0,0,0,0,0,217,135,137,153,215,0,0,0,0,37,171,0,0,0,0,0,0,0,63,38,1,63,38,0,0,0,0,75,5,19,21,0,9,0,0,0,0,0,7,0,0,0,0,69,224,0,0,0,0,0,0,198,224,37,37,166,224,224,224,0,0,0,2,11,12,33,0,192,63,192,208,207,209,0,4,0,153,0,223,48,223,0,222,48,222,13,0,221,230,0,240,7,0,55,0,0,232,54,0,55,122,6,16,33,224,224,0,0,0,0,31,41,58,224,224,0,0,0,0,235,4,43,0,0,0,0,0,0,233,105,107,153,215,0,0,0,0,37,171,0,0,0,0,0,0,0,63,38,1,63,38,0,0,0,0,79,5,97,21,0,9,0,0,0,0,0,3,0,0,0,0,69,224,0,0,0,0,0,0,198,224,37,37,166,224,224,224,0,0,0,2,11,10,33,0,192,63,192,208,207,209,0,4,0,153,0,223,48,223,0,222,48,222,13,0,221,230,0,240,7,0,55,0,0,232,54
2026-08-03_14-39-02,1,335,0,0.0,0,90.0,-1,-1,0,55,122,6,16,33,224,224,0,0,0,0,31,41,58,224,224,0,0,0,0,235,4,43,0,0,0,0,0,0,233,105,107,153,215,0,0,0,0,37,171,0,0,0,0,0,0,0,63,38,1,63,38,0,0,0,0,79,5,97,21,0,9,0,0,0,0,0,3,0,0,0,0,69,224,0,0,0,0,0,0,198,224,37,37,166,224,224,224,0,0,0,2,11,10,33,0,192,63,192,208,207,209,0,4,0,153,0,223,48,223,0,222,48,222,13,0,221,230,0,240,7,0,55,0,0,232,54,0,119,171,4,14,31,224,224,0,0,0,0,33,43,60,224,224,0,0,0,0,235,4,43,0,0,0,0,0,0,233,105,107,153,215,0,0,0,0,37,171,0,0,0,0,0,0,0,63,38,1,63,38,0,0,0,0,83,5,66,21,0,9,0,0,0,0,0,8,32,0,0,0,69,224,0,0,0,0,0,0,198,224,37,37,166,224,224,224,0,0,0,2,11,8,33,0,192,63,192,208,207,209,0,4,0,153,0,223,48,223,0,222,48,222,13,1,221,230,0,240,7,0,55,0,0,232,54
2026-08-03_14-39-02,1,336,0,0.0,0,90.0,-1,-1,0,119,171,4,14,31,224,224,0,0,0,0,33,43,60,224,224,0,0,0,0,235,4,43,0,0,0,0,0,0,233,105,107,153,215,0,0,0,0,37,171,0,0,0,0,0,0,0,63,38,1,63,38,0,0,0,0,83,5,66,21,0,9,0,0,0,0,0,8,32,0,0,0,69,224,0,0,0,0,0,0,198,224,37,37,166,224,224,224,0,0,0,2,11,8,33,0,192,63,192,208,207,209,0,4,0,153,0,223,48,223,0,222,48,222,13,1,221,230,0,240,7,0,55,0,0,232,54,0,122,179,2,12,29,224,224,0,0,0,0,35,45,62,224,224,0,0,0,0,235,4,43,0,0,0,0,0,0,233,105,107,153,215,0,0,0,0,37,171,0,0,0,0,0,0,0,63,38,1,63,38,0,0,0,0,87,5,35,21,0,9,0,0,0,0,0,4,32,0,0,0,69,224,0,0,0,0,0,0,198,224,37,37,166,224,224,224,0,0,0,2,11,6,33,0,192,63,192,208,207,209,0,4,0,153,0,223,48,223,0,222,48,222,13,1,221,230,0,240,7,0,55,0,0,232,54
2026-08-03_14-39-02,1,337,0,0.0,0,90.0,-1,-1,0,122,179,2,12,29,224,224,0,0,0,0,35,45,62,224,224,0,0,0,0,235,4,43,0,0,0,0,0,0,233,105,107,153,215,0,0,0,0,37,171,0,0,0,0,0,0,0,63,38,1,63,38,0,0,0,0,87,5,35,21,0,9,0,0,0,0,0,4,32,0,0,0,69,224,0,0,0,0,0,0,198,224,37,37,166,224,224,224,0,0,0,2,11,6,33,0,192,63,192,208,207,209,0,4,0,153,0,223,48,223,0,222,48,222,13,1,221,230,0,240,7,0,55,0,0,232,54,0,171,49,0,10,27,224,224,0,0,0,0,37,47,64,224,224,0,0,0,0,219,20,27,0,0,0,0,0,0,249,89,91,153,215,0,0,0,0,37,171,0,0,0,0,0,0,0,63,38,1,63,38,0,0,0,0,91,5,113,21,0,9,0,0,0,0,0,8,64,0,0,0,69,224,0,0,0,0,0,0,198,224,37,37,166,224,224,224,0,0,0,2,11,4,33,0,192,63,192,208,207,209,0,4,0,153,0,223,48,223,0,222,48,222,13,128,221,230,0,240,7,0,55,0,0,232,54
2026-08-03_14-39-02,1,338,0,0.0,0,90.0,-1,-1,0,171,49,0,10,27,224,224,0,0,0,0,37,47,64,224,224,0,0,0,0,219,20,27,0,0,0,0,0,0,249,89,91,153,215,0,0,0,0,37,171,0,0,0,0,0,0,0,63,38,1,63,38,0,0,0,0,91,5,113,21,0,9,0,0,0,0,0,8,64,0,0,0,69,224,0,0,0,0,0,0,198,224,37,37,166,224,224,224,0,0,0,2,11,4,33,0,192,63,192,208,207,209,0,4,0,153,0,223,48,223,0,222,48,222,13,128,221,230,0,240,7,0,55,0,0,232,54,0,179,31,254,8,25,87,224,0,0,0,0,39,49,66,224,224,0,0,0,0,219,20,27,219,0,0,0,0,0,249,89,91,153,215,0,0,0,0,37,171,0,37,0,0,0,0,0,63,38,1,63,38,0,0,0,0,95,5,82,21,0,9,0,0,0,0,0,4,64,0,0,0,69,224,0,0,0,0,0,0,198,224,37,37,166,224,224,224,0,0,0,3,11,2,33,0,192,63,131,208,207,209,5,4,219,153,32,223,48,223,32,222,48,222,13,2,221,230,0,240,7,0,55,0,0,232,54
2026-08-03_14-39-02,1,339,1,0.0,0,90.0,-1,-1,0,179,31,254,8,25,87,224,0,0,0,0,39,49,66,224,224,0,0,0,0,219,20,27,219,0,0,0,0,0,249,89,91,153,215,0,0,0,0,37,171,0,37,0,0,0,0,0,63,38,1,63,38,0,0,0,0,95,5,82,21,0,9,0,0,0,0,0,4,64,0,0,0,69,224,0,0,0,0,0,0,198,224,37,37,166,224,224,224,0,0,0,3,11,2,33,0,192,63,131,208,207,209,5,4,219,153,32,223,48,223,32,222,48,222,13,2,221,230,0,240,7,0,55,0,0,232,54,0,49,250,252,6,23,85,224,0,0,0,0,41,51,68,224,224,0,0,0,0,219,20,27,219,0,0,0,0,0,249,89,91,153,215,0,0,0,0,37,171,0,37,0,0,0,0,0,63,38,1,63,38,0,0,0,0,99,5,51,21,0,9,0,0,0,0,0,9,96,0,0,0,69,33,0,0,0,0,0,0,198,224,37,37,166,224,224,224,0,0,0,3,11,0,33,0,128,54,131,208,207,209,5,4,219,153,34,223,48,223,34,222,2,0,0,0,50,4,63,43,7,199,251,43,251,201,241
2026-08-03_14-39-02,1,340,1,0.0,0,90.0,-1,-1,0,49,250,252,6,23,85,224,0,0,0,0,41,51,68,224,224,0,0,0,0,219,20,27,219,0,0,0,0,0,249,89,91,153,215,0,0,0,0,37,171,0,37,0,0,0,0,0,63,38,1,63,38,0,0,0,0,99,5,51,21,0,9,0,0,0,0,0,9,96,0,0,0,69,33,0,0,0,0,0,0,198,224,37,37,166,224,224,224,0,0,0,3,11,0,33,0,128,54,131,208,207,209,5,4,219,153,34,223,48,223,34,222,2,0,0,0,50,4,63,43,7,199,251,43,251,201,241,0,31,170,250,4,21,83,224,0,0,0,0,43,53,70,224,224,0,0,0,0,219,20,27,219,0,0,0,0,0,249,89,91,153,215,0,0,0,0,37,171,0,37,0,0,0,0,0,63,38,1,63,38,0,0,0,0,103,5,17,21,0,9,0,0,0,0,0,11,112,0,16,0,69,33,0,0,0,0,0,0,198,224,37,179,166,224,38,224,0,165,0,3,11,0,33,0,65,57,131,208,207,209,5,4,219,153,36,223,48,223,36,222,48,222,8,3,55,8,0,240,7,0,55,247,250,136,241
2026-08-03_14-39-02,1,341,0,0.0,0,90.0,-1,-1,0,31,170,250,4,21,83,224,0,0,0,0,43,53,70,224,224,0,0,0,0,219,20,27,219,0,0,0,0,0,249,89,91,153,215,0,0,0,0,37,171,0,37,0,0,0,0,0,63,38,1,63,38,0,0,0,0,103,5,17,21,0,9,0,0,0,0,0,11,112,0,16,0,69,33,0,0,0,0,0,0,198,224,37,179,166,224,38,224,0,165,0,3,11,0,33,0,65,57,131,208,207,209,5,4,219,153,36,223,48,223,36,222,48,222,8,3,55,8,0,240,7,0,55,247,250,136,241,0,250,164,2,19,81,224,224,0,0,0,0,45,55,72,224,224,0,0,0,0,36,11,203,0,0,0,0,0,0,9,73,75,153,215,0,0,0,0,171,0,37,0,0,0,0,0,0,63,38,1,63,38,0,0,0,0,107,5,98,21,0,9,0,0,0,0,0,7,112,0,0,0,69,33,0,0,0,0,0,0,198,224,37,19,166,224,40,224,0,149,0,2,11,0,33,0,192,54,131,208,136,209,5,5,203,75,38,223,15,223,38,222,1,0,0,3,50,4,64,39,1,199,251,43,251,201,241
2026-08-03_14-39-02,1,342,0,0.0,0,90.0,-1,-1,0,250,164,2,19,81,224,224,0,0,0,0,45,55,72,224,224,0,0,0,0,36,11,203,0,0,0,0,0,0,9,73,75,153,215,0,0,0,0,171,0,37,0,0,0,0,0,0,63,38,1,63,38,0,0,0,0,107,5,98,21,0,9,0,0,0,0,0,7,112,0,0,0,69,33,0,0,0,0,0,0,198,224,37,19,166,224,40,224,0,149,0,2,11,0,33,0,192,54,131,208,136,209,5,5,203,75,38,223,15,223,38,222,1,0,0,3,50,4,64,39,1,199,251,43,251,201,241,0,170,65,0,17,79,224,224,0,0,0,0,47,57,74,224,224,0,0,0,0,36,11,203,0,0,0,0,0,0,9,73,75,153,215,0,0,0,0,171,0,37,0,0,0,0,0,0,63,38,1,63,38,0,0,0,0,111,5,67,21,0,9,0,0,0,0,0,3,112,0,0,0,69,33,0,0,0,0,0,0,198,224,37,138,166,224,42,224,0,133,0,2,11,0,33,0,66,61,192,208,136,209,0,5,0,75,39,223,13,223,39,222,13,222,13,3,59,8,0,240,1,0,55,247,250,136,241
2026-08-03_14-39-02,1,343,0,0.0,0,90.0,-1,-1,0,170,65,0,17,79,224,224,0,0,0,0,47,57,74,224,224,0,0,0,0,36,11,203,0,0,0,0,0,0,9,73,75,153,215,0,0,0,0,171,0,37,0,0,0,0,0,0,63,38,1,63,38,0,0,0,0,111,5,67,21,0,9,0,0,0,0,0,3,112,0,0,0,69,33,0,0,0,0,0,0,198,224,37,138,166,224,42,224,0,133,0,2,11,0,33,0,66,61,192,208,136,209,0,5,0,75,39,223,13,223,39,222,13,222,13,3,59,8,0,240,1,0,55,247,250,136,241,0,164,31,254,15,77,87,224,0,0,0,0,243,49,59,76,224,0,0,0,0,36,11,203,36,0,0,0,0,0,75,9,73,75,153,0,0,0,0,171,0,37,171,0,0,0,0,0,1,63,38,1,63,0,0,0,0,115,5,33,21,0,9,0,0,0,0,0,7,96,0,0,0,69,33,0,0,0,0,0,0,198,224,37,234,166,224,44,224,0,117,0,3,12,0,33,0,64,63,131,208,136,209,2,5,36,75,32,223,11,223,32,222,11,222,29,3,61,8,0,240,1,0,55,247,250,136,241
2026-08-03_14-39-02,1,344,0,0.0,0,90.0,-1,-1,0,164,31,254,15,77,87,224,0,0,0,0,243,49,59,76,224,0,0,0,0,36,11,203,36,0,0,0,0,0,75,9,73,75,153,0,0,0,0,171,0,37,171,0,0,0,0,0,1,63,38,1,63,0,0,0,0,115,5,33,21,0,9,0,0,0,0,0,7,96,0,0,0,69,33,0,0,0,0,0,0,198,224,37,234,166,224,44,224,0,117,0,3,12,0,33,0,64,63,131,208,136,209,2,5,36,75,32,223,11,223,32,222,11,222,29,3,61,8,0,240,1,0,55,247,250,136,241,0,65,253,252,13,75,85,224,0,0,0,0,245,51,61,78,224,0,0,0,0,52,251,187,52,0,0,0,0,0,59,25,57,59,153,0,0,0,0,171,0,37,171,0,0,0,0,0,1,63,38,1,63,0,0,0,0,119,5,114,21,0,9,0,0,0,0,0,3,96,0,0,0,69,33,0,0,0,0,0,0,198,224,37,74,166,224,46,224,0,101,0,3,12,0,33,0,128,54,131,208,136,209,2,5,52,59,34,223,9,223,34,222,9,222,29,3,50,4,0,240,1,0,55,247,250,201,241
2026-08-03_14-39-02,1,345,1,0.0,0,90.0,-1,-1,0,65,253,252,13,75,85,224,0,0,0,0,245,51,61,78,224,0,0,0,0,52,251,187,52,0,0,0,0,0,59,25,57,59,153,0,0,0,0,171,0,37,171,0,0,0,0,0,1,63,38,1,63,0,0,0,0,119,5,114,21,0,9,0,0,0,0,0,3,96,0,0,0,69,33,0,0,0,0,0,0,198,224,37,74,166,224,46,224,0,101,0,3,12,0,33,0,128,54,131,208,136,209,2,5,52,59,34,223,9,223,34,222,9,222,29,3,50,4,0,240,1,0,55,247,250,201,241,0,31,216,250,11,73,83,224,0,0,0,0,247,53,63,80,224,0,0,0,0,52,251,187,52,0,0,0,0,0,59,25,57,59,153,0,0,0,0,171,0,37,171,0,0,0,0,0,1,63,38,1,63,0,0,0,0,123,5,83,21,0,9,0,0,0,0,0,13,112,0,16,0,69,33,0,0,0,0,0,0,198,224,131,184,166,37,48,224,181,85,0,3,12,0,33,0,0,56,131,208,136,209,2,5,52,59,36,223,7,223,36,222,7,222,5,3,54,7,0,240,1,0,55,247,250,106,241
2026-08-03_14-39-02,1,346,1,0.0,0,90.0,-1,-1,0,31,216,250,11,73,83,224,0,0,0,0,247,53,63,80,224,0,0,0,0,52,251,187,52,0,0,0,0,0,59,25,57,59,153,0,0,0,0,171,0,37,171,0,0,0,0,0,1,63,38,1,63,0,0,0,0,123,5,83,21,0,9,0,0,0,0,0,13,112,0,16,0,69,33,0,0,0,0,0,0,198,224,131,184,166,37,48,224,181,85,0,3,12,0,33,0,0,56,131,208,136,209,2,5,52,59,36,223,7,223,36,222,7,222,5,3,54,7,0,240,1,0,55,247,250,106,241,0,253,132,9,71,81,224,224,0,0,0,0,249,55,65,82,224,0,0,0,0,251,187,52,0,0,0,0,0,0,59,25,57,59,153,0,0,0,0,0,37,171,0,0,0,0,0,0,1,63,38,1,63,0,0,0,0,127,5,49,21,0,9,0,0,0,0,0,9,112,0,16,0,69,33,0,0,0,0,0,0,198,224,227,24,166,39,50,224,165,69,0,2,12,0,33,0,64,69,131,208,136,209,2,5,52,59,38,223,5,223,38,222,5,222,5,3,67,8,0,240,1,0,55,247,250,136,241
2026-08-03_14-39-02,1,347,1,0.0,0,90.0,-1,-1,0,253,132,9,71,81,224,224,0,0,0,0,249,55,65,82,224,0,0,0,0,251,187,52,0,0,0,0,0,0,59,25,57,59,153,0,0,0,0,0,37,171,0,0,0,0,0,0,1,63,38,1,63,0,0,0,0,127,5,49,21,0,9,0,0,0,0,0,9,112,0,16,0,69,33,0,0,0,0,0,0,198,224,227,24,166,39,50,224,165,69,0,2,12,0,33,0,64,69,131,208,136,209,2,5,52,59,38,223,5,223,38,222,5,222,5,3,67,8,0,240,1,0,55,247,250,136,241,0,216,64,7,69,79,224,224,0,0,0,0,251,57,67,84,224,0,0,0,0,251,187,52,0,0,0,0,0,0,59,25,57,59,153,0,0,0,0,0,37,171,0,0,0,0,0,0,1,63,38,1,63,0,0,0,0,131,5,18,21,0,9,0,0,0,0,0,5,112,0,16,0,69,33,0,0,0,0,0,0,198,224,67,134,166,41,52,224,149,53,0,2,12,0,33,0,0,60,192,208,136,209,0,5,0,59,39,223,3,223,39,222,3,222,29,3,58,7,0,240,1,0,55,247,250,106,241
2026-08-03_14-39-02,1,348,0,0.0,0,90.0,-1,-1,0,216,64,7,69,79,224,224,0,0,0,0,251,57,67,84,224,0,0,0,0,251,187,52,0,0,0,0,0,0,59,25,57,59,153,0,0,0,0,0,37,171,0,0,0,0,0,0,1,63,38,1,63,0,0,0,0,131,5,18,21,0,9,0,0,0,0,0,5,112,0,16,0,69,33,0,0,0,0,0,0,198,224,67,134,166,41,52,224,149,53,0,2,12,0,33,0,0,60,192,208,136,209,0,5,0,59,39,223,3,223,39,222,3,222,29,3,58,7,0,240,1,0,55,247,250,106,241,0,132,13,5,67,77,224,224,0,0,0,0,253,59,69,86,224,0,0,0,0,235,171,68,0,0,0,0,0,0,43,41,41,43,153,0,0,0,0,0,37,171,0,0,0,0,0,0,1,63,38,1,63,0,0,0,0,135,5,99,21,0,9,0,0,0,0,0,1,112,0,0,0,69,33,0,0,0,0,0,0,198,224,186,230,166,43,54,224,133,37,0,2,12,0,33,0,64,73,192,208,136,209,0,5,0,43,0,223,1,223,0,222,1,222,13,3,71,8,0,240,1,0,55,247,250,136,241
2026-08-03_14-39-02,1,349,0,0.0,0,90.0,-1,-1,0,132,13,5,67,77,224,224,0,0,0,0,253,59,69,86,224,0,0,0,0,235,171,68,0,0,0,0,0,0,43,41,41,43,153,0,0,0,0,0,37,171,0,0,0,0,0,0,1,63,38,1,63,0,0,0,0,135,5,99,21,0,9,0,0,0,0,0,1,112,0,0,0,69,33,0,0,0,0,0,0,198,224,186,230,166,43,54,224,133,37,0,2,12,0,33,0,64,73,192,208,136,209,0,5,0,43,0,223,1,223,0,222,1,222,13,3,71,8,0,240,1,0,55,247,250,136,241,0,64,209,3,65,75,224,224,0,0,0,0,255,61,71,88,224,0,0,0,0,235,171,68,0,0,0,0,0,0,43,41,41,43,153,0,0,0,0,0,37,171,0,0,0,0,0,0,1,63,38,1,63,0,0,0,0,139,5,65,21,0,9,0,0,0,0,0,5,96,0,0,0,69,33,0,0,0,0,0,0,198,224,26,70,166,45,56,224,117,21,0,2,12,0,33,0,0,64,192,208,69,209,0,5,0,43,0,223,0,223,0,222,0,222,8,3,62,7,0,240,1,0,55,247,250,106,241
2026-08-03_14-39-02,1,350,0,0.0,0,90.0,-1,-1,0,64,209,3,65,75,224,224,0,0,0,0,255,61,71,88,224,0,0,0,0,235,171,68,0,0,0,0,0,0,43,41,41,43,153,0,0,0,0,0,37,171,0,0,0,0,0,0,1,63,38,1,63,0,0,0,0,139,5,65,21,0,9,0,0,0,0,0,5,96,0,0,0,69,33,0,0,0,0,0,0,198,224,26,70,166,45,56,224,117,21,0,2,12,0,33,0,0,64,192,208,69,209,0,5,0,43,0,223,0,223,0,222,0,222,8,3,62,7,0,240,1,0,55,247,250,106,241,0,13,24,1,63,73,224,224,0,0,0,0,1,63,73,224,224,0,0,0,0,235,171,68,0,0,0,0,0,0,43,41,41,43,153,0,0,0,0,0,37,171,0,0,0,0,0,0,1,63,38,1,63,0,0,0,0,143,5,34,21,0,9,0,0,0,0,0,1,96,0,0,0,69,33,0,0,0,0,0,0,198,224,136,37,166,47,224,224,101,0,0,2,11,0,33,0,192,54,192,208,207,209,0,5,0,43,0,223,0,223,0,222,0,222,8,3,50,4,0,240,1,0,55,247,250,201,241
2026-08-03_14-39-02,1,351,1,0.0,0,90.0,-1,-1,0,13,24,1,63,73,224,224,0,0,0,0,1,63,73,224,224,0,0,0,0,235,171,68,0,0,0,0,0,0,43,41,41,43,153,0,0,0,0,0,37,171,0,0,0,0,0,0,1,63,38,1,63,0,0,0,0,143,5,34,21,0,9,0,0,0,0,0,1,96,0,0,0,69,33,0,0,0,0,0,0,198,224,136,37,166,47,224,224,101,0,0,2,11,0,33,0,192,54,192,208,207,209,0,5,0,43,0,223,0,223,0,222,0,222,8,3,50,4,0,240,1,0,55,247,250,201,241,0,209,130,255,61,71,88,224,0,0,0,0,3,65,75,224,224,0,0,0,0,219,155,84,219,0,0,0,0,0,27,57,25,43,153,0,0,0,0,0,37,171,0,0,0,0,0,0,1,63,38,1,63,0,0,0,0,147,5,115,21,0,9,0,0,0,0,0,11,112,0,16,0,69,33,0,0,0,0,0,0,198,224,232,179,166,49,38,224,85,165,0,3,11,0,33,0,128,54,70,208,207,209,5,5,219,43,0,223,0,223,0,222,0,222,8,3,50,4,0,240,1,0,55,247,250,201,241
2026-08-03_14-39-02,1,352,0,0.0,0,90.0,-1,-1,0,209,130,255,61,71,88,224,0,0,0,0,3,65,75,224,224,0,0,0,0,219,155,84,219,0,0,0,0,0,27,57,25,43,153,0,0,0,0,0,37,171,0,0,0,0,0,0,1,63,38,1,63,0,0,0,0,147,5,115,21,0,9,0,0,0,0,0,11,112,0,16,0,69,33,0,0,0,0,0,0,198,224,232,179,166,49,38,224,85,165,0,3,11,0,33,0,128,54,70,208,207,209,5,5,219,43,0,223,0,223,0,222,0,222,8,3,50,4,0,240,1,0,55,247,250,201,241,0,24,46,253,59,69,86,224,0,0,0,0,5,67,77,224,224,0,0,0,0,219,155,84,219,0,0,0,0,0,27,57,25,43,153,0,0,0,0,0,37,171,0,0,0,0,0,0,1,63,38,1,63,0,0,0,0,151,5,81,21,0,9,0,0,0,0,0,7,112,0,0,0,69,33,0,0,0,0,0,0,198,224,72,19,166,51,40,224,69,149,0,3,11,0,33,0,192,54,131,208,207,209,5,5,219,43,1,223,0,223,1,222,0,222,13,3,50,4,0,240,1,0,55,247,250,201,241
2026-08-03_14-39-02,1,353,0,0.0,0,90.0,-1,-1,0,24,46,253,59,69,86,224,0,0,0,0,5,67,77,224,224,0,0,0,0,219,155,84,219,0,0,0,0,0,27,57,25,43,153,0,0,0,0,0,37,171,0,0,0,0,0,0,1,63,38,1,63,0,0,0,0,151,5,81,21,0,9,0,0,0,0,0,7,112,0,0,0,69,33,0,0,0,0,0,0,198,224,72,19,166,51,40,224,69,149,0,3,11,0,33,0,192,54,131,208,207,209,5,5,219,43,1,223,0,223,1,222,0,222,13,3,50,4,0,240,1,0,55,247,250,201,241,0,130,229,251,57,67,84,224,0,0,0,0,7,69,79,224,224,0,0,0,0,219,155,84,219,0,0,0,0,0,27,57,25,43,153,0,0,0,0,0,37,171,0,0,0,0,0,0,1,63,38,1,63,0,0,0,0,155,5,50,21,0,9,0,0,0,0,0,3,112,0,0,0,69,33,0,0,0,0,0,0,198,224,182,138,166,53,42,224,53,133,0,3,11,0,33,0,128,54,131,208,136,209,5,5,219,43,3,223,39,223,3,222,39,222,29,3,50,4,0,240,6,0,55,247,250,201,241
2026-08-03_14-39-02,1,354,0,0.0,0,90.0,-1,-1,0,130,229,251,57,67,84,224,0,0,0,0,7,69,79,224,224,0,0,0,0,219,155,84,219,0,0,0,0,0,27,57,25,43,153,0,0,0,0,0,37,171,0,0,0,0,0,0,1,63,38,1,63,0,0,0,0,155,5,50,21,0,9,0,0,0,0,0,3,112,0,0,0,69,33,0,0,0,0,0,0,198,224,182,138,166,53,42,224,53,133,0,3,11,0,33,0,128,54,131,208,136,209,5,5,219,43,3,223,39,223,3,222,39,222,29,3,50,4,0,240,6,0,55,247,250,201,241,0,46,80,249,55,65,82,224,0,0,0,0,9,71,81,224,224,0,0,0,0,219,155,84,219,0,0,0,0,0,27,57,25,43,153,0,0,0,0,0,37,171,0,0,0,0,0,0,1,63,38,1,63,0,0,0,0,159,5,19,21,0,9,0,0,0,0,0,7,96,0,0,0,69,33,0,0,0,0,0,0,198,224,22,234,166,55,44,224,37,117,0,3,11,0,33,0,192,54,131,208,136,209,5,4,219,25,5,223,38,223,5,222,38,222,8,3,50,4,0,240,6,0,55,247,250,201,241
2026-08-03_14-39-02,1,355,0,0.0,0,90.0,-1,-1,0,46,80,249,55,65,82,224,0,0,0,0,9,71,81,224,224,0,0,0,0,219,155,84,219,0,0,0,0,0,27,57,25,43,153,0,0,0,0,0,37,171,0,0,0,0,0,0,1,63,38,1,63,0,0,0,0,159,5,19,21,0,9,0,0,0,0,0,7,96,0,0,0,69,33,0,0,0,0,0,0,198,224,22,234,166,55,44,224,37,117,0,3,11,0,33,0,192,54,131,208,136,209,5,4,219,25,5,223,38,223,5,222,38,222,8,3,50,4,0,240,6,0,55,247,250,201,241,0,229,14,247,53,63,80,224,0,0,0,0,250,11,73,83,224,0,0,0,0,203,139,100,203,0,0,0,0,0,9,11,73,9,43,0,0,0,0,0,37,171,0,0,0,0,0,0,38,1,63,38,1,0,0,0,0,163,5,97,21,0,9,0,0,0,0,0,3,96,0,0,0,69,33,0,0,0,0,0,0,198,224,132,74,166,57,46,224,21,101,0,3,12,0,33,0,128,54,131,208,136,209,5,4,203,9,7,223,36,223,7,222,36,222,8,3,50,4,0,240,6,0,55,247,250,201,241
2026-08-03_14-39-02,1,356,3,0.0,0,90.0,-1,-1,0,229,14,247,53,63,80,224,0,0,0,0,250,11,73,83,224,0,0,0,0,203,139,100,203,0,0,0,0,0,9,11,73,9,43,0,0,0,0,0,37,171,0,0,0,0,0,0,38,1,63,38,1,0,0,0,0,163,5,97,21,0,9,0,0,0,0,0,3,96,0,0,0,69,33,0,0,0,0,0,0,198,224,132,74,166,57,46,224,21,101,0,3,12,0,33,0,128,54,131,208,136,209,5,4,203,9,7,223,36,223,7,222,36,222,8,3,50,4,0,240,6,0,55,247,250,201,241,0,80,229,245,51,61,78,224,0,0,0,0,252,13,75,85,224,0,0,0,0,203,139,100,203,0,0,0,0,0,9,11,73,9,43,0,0,0,0,0,37,171,0,0,0,0,0,0,38,1,63,38,1,0,0,0,0,167,5,66,20,0,9,0,0,0,0,0,7,0,0,0,0,69,33,0,0,0,0,0,0,198,224,37,184,166,224,48,224,0,85,0,3,12,0,33,0,65,67,131,208,136,209,5,4,203,9,9,223,34,223,9,222,34,222,8,0,65,8,0,240,6,0,55,247,250,136,241
2026-08-03_14-39-02,1,357,3,0.0,0,90.0,-1,-1,0,80,229,245,51,61,78,224,0,0,0,0,252,13,75,85,224,0,0,0,0,203,139,100,203,0,0,0,0,0,9,11,73,9,43,0,0,0,0,0,37,171,0,0,0,0,0,0,38,1,63,38,1,0,0,0,0,167,5,66,20,0,9,0,0,0,0,0,7,0,0,0,0,69,33,0,0,0,0,0,0,198,224,37,184,166,224,48,224,0,85,0,3,12,0,33,0,65,67,131,208,136,209,5,4,203,9,9,223,34,223,9,222,34,222,8,0,65,8,0,240,6,0,55,247,250,136,241,0,14,94,243,49,59,76,224,0,0,0,0,254,15,77,87,224,0,0,0,0,203,139,100,203,0,0,0,0,0,9,11,73,9,43,0,0,0,0,0,37,171,0,0,0,0,0,0,38,1,63,38,1,0,0,0,0,171,5,35,19,0,9,0,0,0,0,0,3,0,0,0,0,69,33,0,0,0,0,0,0,198,224,37,24,166,224,50,224,0,69,0,3,12,0,33,0,192,54,131,208,69,209,5,4,203,9,11,223,32,223,11,222,32,222,29,0,50,4,0,240,6,0,55,247,250,201,241
2026-08-03_14-39-02,1,358,3,0.0,0,90.0,-1,-1,0,14,94,243,49,59,76,224,0,0,0,0,254,15,77,87,224,0,0,0,0,203,139,100,203,0,0,0,0,0,9,11,73,9,43,0,0,0,0,0,37,171,0,0,0,0,0,0,38,1,63,38,1,0,0,0,0,171,5,35,19,0,9,0,0,0,0,0,3,0,0,0,0,69,33,0,0,0,0,0,0,198,224,37,24,166,224,50,224,0,69,0,3,12,0,33,0,192,54,131,208,69,209,5,4,203,9,11,223,32,223,11,222,32,222,29,0,50,4,0,240,6,0,55,247,250,201,241,0,229,226,47,57,74,224,224,0,0,0,0,0,17,79,224,224,0,0,0,0,109,130,187,0,0,0,0,0,0,249,251,89,249,43,0,0,0,0,37,171,0,0,0,0,0,0,0,38,1,63,38,1,0,0,0,0,175,5,113,18,0,9,0,0,0,0,0,8,32,0,0,0,69,33,0,0,0,0,0,0,198,224,37,134,166,224,52,224,0,53,0,2,11,0,33,0,66,71,131,208,207,209,5,4,187,249,13,223,32,223,13,222,0,2,2,1,69,8,73,67,6,199,251,43,251,136,241
2026-08-03_14-39-02,1,359,0,0.0,0,90.0,-1,-1,0,229,226,47,57,74,224,224,0,0,0,0,0,17,79,224,224,0,0,0,0,109,130,187,0,0,0,0,0,0,249,251,89,249,43,0,0,0,0,37,171,0,0,0,0,0,0,0,38,1,63,38,1,0,0,0,0,175,5,113,18,0,9,0,0,0,0,0,8,32,0,0,0,69,33,0,0,0,0,0,0,198,224,37,134,166,224,52,224,0,53,0,2,11,0,33,0,66,71,131,208,207,209,5,4,187,249,13,223,32,223,13,222,0,2,2,1,69,8,73,67,6,199,251,43,251,136,241,0,94,37,45,55,72,224,224,0,0,0,0,2,19,81,224,224,0,0,0,0,109,130,187,0,0,0,0,0,0,249,251,89,249,43,0,0,0,0,37,171,0,0,0,0,0,0,0,38,1,63,38,1,0,0,0,0,179,5,82,18,0,9,0,0,0,0,0,4,32,0,0,0,69,33,0,0,0,0,0,0,198,224,37,230,166,224,54,224,0,37,0,2,11,0,33,0,64,73,131,208,207,209,5,4,187,249,15,223,32,223,15,222,1,2,2,1,71,8,130,75,6,199,251,43,251,136,241
2026-08-03_14-39-02,1,360,0,0.0,0,90.0,-1,-1,0,94,37,45,55,72,224,224,0,0,0,0,2,19,81,224,224,0,0,0,0,109,130,187,0,0,0,0,0,0,249,251,89,249,43,0,0,0,0,37,171,0,0,0,0,0,0,0,38,1,63,38,1,0,0,0,0,179,5,82,18,0,9,0,0,0,0,0,4,32,0,0,0,69,33,0,0,0,0,0,0,198,224,37,230,166,224,54,224,0,37,0,2,11,0,33,0,64,73,131,208,207,209,5,4,187,249,15,223,32,223,15,222,1,2,2,1,71,8,130,75,6,199,251,43,251,136,241,0,226,92,43,53,70,224,224,0,0,0,0,4,21,83,224,224,0,0,0,0,109,130,187,0,0,0,0,0,0,249,251,89,249,43,0,0,0,0,37,171,0,0,0,0,0,0,0,38,1,63,38,1,0,0,0,0,183,5,51,18,0,9,0,0,0,0,0,8,64,0,0,0,69,33,0,0,0,0,0,0,198,224,37,70,166,224,56,224,0,21,0,2,11,0,33,0,128,54,192,208,136,209,0,4,0,89,0,223,52,223,0,222,10,0,0,128,50,4,65,41,7,199,251,123,251,201,241
2026-08-03_14-39-02,1,361,0,0.0,0,90.0,-1,-1,0,226,92,43,53,70,224,224,0,0,0,0,4,21,83,224,224,0,0,0,0,109,130,187,0,0,0,0,0,0,249,251,89,249,43,0,0,0,0,37,171,0,0,0,0,0,0,0,38,1,63,38,1,0,0,0,0,183,5,51,18,0,9,0,0,0,0,0,8,64,0,0,0,69,33,0,0,0,0,0,0,198,224,37,70,166,224,56,224,0,21,0,2,11,0,33,0,128,54,192,208,136,209,0,4,0,89,0,223,52,223,0,222,10,0,0,128,50,4,65,41,7,199,251,123,251,201,241,0,37,196,41,51,68,224,224,0,0,0,0,6,23,85,224,224,0,0,0,0,109,130,187,0,0,0,0,0,0,249,251,89,249,43,0,0,0,0,37,171,0,0,0,0,0,0,0,38,1,63,38,1,0,0,0,0,187,5,17,18,0,9,0,0,0,0,0,4,64,0,0,0,69,33,0,0,0,0,0,0,198,224,37,37,166,224,224,224,0,0,0,2,11,0,33,0,128,54,192,208,136,209,0,4,0,89,0,223,50,223,0,222,10,0,0,2,50,4,65,43,7,199,251,123,251,201,241
2026-08-03_14-39-02,1,362,3,0.0,0,90.0,-1,-1,0,37,196,41,51,68,224,224,0,0,0,0,6,23,85,224,224,0,0,0,0,109,130,187,0,0,0,0,0,0,249,251,89,249,43,0,0,0,0,37,171,0,0,0,0,0,0,0,38,1,63,38,1,0,0,0,0,187,5,17,18,0,9,0,0,0,0,0,4,64,0,0,0,69,33,0,0,0,0,0,0,198,224,37,37,166,224,224,224,0,0,0,2,11,0,33,0,128,54,192,208,136,209,0,4,0,89,0,223,50,223,0,222,10,0,0,2,50,4,65,43,7,199,251,123,251,201,241,0,92,77,39,49,66,224,224,0,0,0,0,254,8,25,87,224,0,0,0,0,93,146,171,0,0,0,0,0,0,105,233,235,105,249,0,0,0,0,37,171,0,0,0,0,0,0,0,63,38,1,63,38,0,0,0,0,191,5,98,17,0,9,0,0,0,0,0,9,96,0,0,0,69,33,0,0,0,0,0,0,198,224,37,37,166,224,224,224,0,0,0,2,12,0,33,0,128,54,192,208,69,209,0,4,0,105,0,223,48,223,0,222,11,0,0,0,50,4,66,45,7,199,251,123,251,201,241
2026-08-03_14-39-02,1,363,3,0.0,0,90.0,-1,-1,0,92,77,39,49,66,224,224,0,0,0,0,254,8,25,87,224,0,0,0,0,93,146,171,0,0,0,0,0,0,105,233,235,105,249,0,0,0,0,37,171,0,0,0,0,0,0,0,63,38,1,63,38,0,0,0,0,191,5,98,17,0,9,0,0,0,0,0,9,96,0,0,0,69,33,0,0,0,0,0,0,198,224,37,37,166,224,224,224,0,0,0,2,12,0,33,0,128,54,192,208,69,209,0,4,0,105,0,223,48,223,0,222,11,0,0,0,50,4,66,45,7,199,251,123,251,201,241,0,196,220,37,47,64,224,224,0,0,0,0,0,10,27,224,224,0,0,0,0,93,146,171,0,0,0,0,0,0,105,233,235,105,249,0,0,0,0,37,171,0,0,0,0,0,0,0,63,38,1,63,38,0,0,0,0,195,5,67,16,0,9,0,0,0,0,0,5,96,0,0,0,69,33,0,0,0,0,0,0,198,224,37,37,166,224,224,224,0,0,0,2,11,0,33,0,128,54,192,208,207,209,0,4,0,105,0,223,48,223,0,222,11,0,0,3,50,4,66,47,7,199,251,123,251,201,241
2026-08-03_14-39-02,1,364,3,0.0,0,90.0,-1,-1,0,196,220,37,47,64,224,224,0,0,0,0,0,10,27,224,224,0,0,0,0,93,146,171,0,0,0,0,0,0,105,233,235,105,249,0,0,0,0,37,171,0,0,0,0,0,0,0,63,38,1,63,38,0,0,0,0,195,5,67,16,0,9,0,0,0,0,0,5,96,0,0,0,69,33,0,0,0,0,0,0,198,224,37,37,166,224,224,224,0,0,0,2,11,0,33,0,128,54,192,208,207,209,0,4,0,105,0,223,48,223,0,222,11,0,0,3,50,4,66,47,7,199,251,123,251,201,241,0,77,201,35,45,62,224,224,0,0,0,0,2,12,29,224,224,0,0,0,0,93,146,171,0,0,0,0,0,0,105,233,235,105,249,0,0,0,0,37,171,0,0,0,0,0,0,0,63,38,1,63,38,0,0,0,0,199,5,33,31,0,9,0,0,0,0,0,1,96,0,0,0,69,33,0,0,0,0,0,0,198,224,37,37,166,224,224,224,0,0,0,2,11,0,33,0,128,54,192,208,207,209,0,4,0,105,0,223,48,223,0,222,11,0,0,3,50,4,66,49,7,199,251,123,251,201,241
2026-08-03_14-39-02,1,365,3,0.0,0,90.0,-1,-1,0,77,201,35,45,62,224,224,0,0,0,0,2,12,29,224,224,0,0,0,0,93,146,171,0,0,0,0,0,0,105,233,235,105,249,0,0,0,0,37,171,0,0,0,0,0,0,0,63,38,1,63,38,0,0,0,0,199,5,33,31,0,9,0,0,0,0,0,1,96,0,0,0,69,33,0,0,0,0,0,0,198,224,37,37,166,224,224,224,0,0,0,2,11,0,33,0,128,54,192,208,207,209,0,4,0,105,0,223,48,223,0,222,11,0,0,3,50,4,66,49,7,199,251,123,251,201,241,0,220,154,33,43,60,224,224,0,0,0,0,4,14,31,224,224,0,0,0,0,77,162,155,0,0,0,0,0,0,135,217,219,105,249,0,0,0,0,37,171,0,0,0,0,0,0,0,63,38,1,63,38,0,0,0,0,203,5,114,30,0,9,0,0,0,0,0,5,0,0,0,0,69,33,0,0,0,0,0,0,198,224,37,37,166,224,224,224,0,0,0,2,11,0,33,0,128,54,192,208,207,209,0,4,0,105,0,223,48,223,0,222,11,0,0,0,50,4,67,51,7,199,251,123,251,201,241
2026-08-03_14-39-02,1,366,3,0.0,0,90.0,-1,-1,0,220,154,33,43,60,224,224,0,0,0,0,4,14,31,224,224,0,0,0,0,77,162,155,0,0,0,0,0,0,135,217,219,105,249,0,0,0,0,37,171,0,0,0,0,0,0,0,63,38,1,63,38,0,0,0,0,203,5,114,30,0,9,0,0,0,0,0,5,0,0,0,0,69,33,0,0,0,0,0,0,198,224,37,37,166,224,224,224,0,0,0,2,11,0,33,0,128,54,192,208,207,209,0,4,0,105,0,223,48,223,0,222,11,0,0,0,50,4,67,51,7,199,251,123,251,201,241,0,201,172,31,41,58,224,224,0,0,0,0,6,16,33,224,224,0,0,0,0,77,162,155,0,0,0,0,0,0,135,217,219,105,249,0,0,0,0,37,171,0,0,0,0,0,0,0,63,38,1,63,38,0,0,0,0,207,5,83,29,0,9,0,0,0,0,0,1,0,0,0,0,69,33,0,0,0,0,0,0,198,224,37,37,166,224,224,224,0,0,0,2,11,0,33,0,128,54,192,208,207,209,0,4,0,105,0,223,48,223,0,222,11,0,0,0,50,4,67,53,7,199,251,123,251,201,241
2026-08-03_14-39-02,1,367,3,0.0,0,90.0,-1,-1,0,201,172,31,41,58,224,224,0,0,0,0,6,16,33,224,224,0,0,0,0,77,162,155,0,0,0,0,0,0,135,217,219,105,249,0,0,0,0,37,171,0,0,0,0,0,0,0,63,38,1,63,38,0,0,0,0,207,5,83,29,0,9,0,0,0,0,0,1,0,0,0,0,69,33,0,0,0,0,0,0,198,224,37,37,166,224,224,224,0,0,0,2,11,0,33,0,128,54,192,208,207,209,0,4,0,105,0,223,48,223,0,222,11,0,0,0,50,4,67,53,7,199,251,123,251,201,241,0,154,203,29,39,56,224,224,0,0,0,0,8,18,35,224,224,0,0,0,0,77,162,155,0,0,0,0,0,0,135,217,219,105,249,0,0,0,0,37,171,0,0,0,0,0,0,0,63,38,1,63,38,0,0,0,0,211,5,49,28,0,9,0,0,0,0,0,6,32,0,0,0,69,33,0,0,0,0,0,0,198,224,37,37,166,224,224,224,0,0,0,2,11,0,33,0,128,54,192,208,207,209,0,4,0,105,0,223,48,223,0,222,11,0,0,1,50,4,67,55,7,199,251,123,251,201,241
2026-08-03_14-39-02,1,368,3,0.0,0,90.0,-1,-1,0,154,203,29,39,56,224,224,0,0,0,0,8,18,35,224,224,0,0,0,0,77,162,155,0,0,0,0,0,0,135,217,219,105,249,0,0,0,0,37,171,0,0,0,0,0,0,0,63,38,1,63,38,0,0,0,0,211,5,49,28,0,9,0,0,0,0,0,6,32,0,0,0,69,33,0,0,0,0,0,0,198,224,37,37,166,224,224,224,0,0,0,2,11,0,33,0,128,54,192,208,207,209,0,4,0,105,0,223,48,223,0,222,11,0,0,1,50,4,67,55,7,199,251,123,251,201,241,0,172,181,27,37,54,224,224,0,0,0,0,10,20,37,224,224,0,0,0,0,77,162,155,0,0,0,0,0,0,135,217,219,105,249,0,0,0,0,37,171,0,0,0,0,0,0,0,63,38,1,63,38,0,0,0,0,215,5,18,27,0,9,0,0,0,0,0,2,32,0,0,0,69,33,0,0,0,0,0,0,198,224,37,37,166,224,224,224,0,0,0,2,11,0,33,0,128,54,192,208,207,209,0,4,0,105,0,223,48,223,0,222,10,2,2,1,50,4,217,40,7,199,251,123,251,201,241
2026-08-03_14-39-02,1,369,3,0.0,0,90.0,-1,-1,0,172,181,27,37,54,224,224,0,0,0,0,10,20,37,224,224,0,0,0,0,77,162,155,0,0,0,0,0,0,135,217,219,105,249,0,0,0,0,37,171,0,0,0,0,0,0,0,63,38,1,63,38,0,0,0,0,215,5,18,27,0,9,0,0,0,0,0,2,32,0,0,0,69,33,0,0,0,0,0,0,198,224,37,37,166,224,224,224,0,0,0,2,11,0,33,0,128,54,192,208,207,209,0,4,0,105,0,223,48,223,0,222,10,2,2,1,50,4,217,40,7,199,251,123,251,201,241,0,203,94,25,35,52,224,224,0,0,0,0,12,22,39,224,224,0,0,0,0,61,178,139,0,0,0,0,0,0,151,201,203,105,249,0,0,0,0,37,171,0,0,0,0,0,0,0,63,38,1,63,38,0,0,0,0,219,5,99,26,0,9,0,0,0,0,0,6,64,0,0,0,69,33,0,0,0,0,0,0,198,224,37,37,166,224,224,224,0,0,0,2,11,0,33,0,128,54,192,208,207,209,0,4,0,105,0,223,48,223,0,222,10,2,2,2,50,4,201,42,7,199,251,123,251,201,241
2026-08-03_14-39-02,1,370,0,0.0,0,90.0,-1,-1,0,203,94,25,35,52,224,224,0,0,0,0,12,22,39,224,224,0,0,0,0,61,178,139,0,0,0,0,0,0,151,201,203,105,249,0,0,0,0,37,171,0,0,0,0,0,0,0,63,38,1,63,38,0,0,0,0,219,5,99,26,0,9,0,0,0,0,0,6,64,0,0,0,69,33,0,0,0,0,0,0,198,224,37,37,166,224,224,224,0,0,0,2,11,0,33,0,128,54,192,208,207,209,0,4,0,105,0,223,48,223,0,222,10,2,2,2,50,4,201,42,7,199,251,123,251,201,241,0,181,235,23,33,50,224,224,0,0,0,0,14,24,41,224,224,0,0,0,0,61,178,139,0,0,0,0,0,0,151,201,203,105,249,0,0,0,0,37,171,0,0,0,0,0,0,0,63,38,1,63,38,0,0,0,0,223,5,65,26,0,9,0,0,0,0,0,2,64,0,0,0,69,33,0,0,0,0,0,0,198,224,37,37,166,224,224,224,0,0,0,2,11,0,33,0,128,54,192,208,207,209,0,4,0,105,0,223,48,223,0,222,10,2,2,2,50,4,53,44,7,199,251,123,251,201,241
2026-08-03_14-39-02,1,371,0,0.0,0,90.0,-1,-1,0,181,235,23,33,50,224,224,0,0,0,0,14,24,41,224,224,0,0,0,0,61,178,139,0,0,0,0,0,0,151,201,203,105,249,0,0,0,0,37,171,0,0,0,0,0,0,0,63,38,1,63,38,0,0,0,0,223,5,65,26,0,9,0,0,0,0,0,2,64,0,0,0,69,33,0,0,0,0,0,0,198,224,37,37,166,224,224,224,0,0,0,2,11,0,33,0,128,54,192,208,207,209,0,4,0,105,0,223,48,223,0,222,10,2,2,2,50,4,53,44,7,199,251,123,251,201,241,0,94,187,21,31,48,224,224,0,0,0,0,16,26,43,224,224,0,0,0,0,61,178,139,0,0,0,0,0,0,151,201,203,105,249,0,0,0,0,37,171,0,0,0,0,0,0,0,63,38,1,63,38,0,0,0,0,227,5,34,26,0,9,0,0,0,0,0,7,96,0,0,0,69,33,0,0,0,0,0,0,198,224,37,37,166,224,224,224,0,0,0,2,11,0,33,0,128,54,192,208,207,209,0,4,0,105,0,223,48,223,0,222,10,2,2,3,50,4,53,46,7,199,251,123,251,201,241
2026-08-03_14-39-02,1,372,0,0.0,0,90.0,-1,-1,0,94,187,21,31,48,224,224,0,0,0,0,16,26,43,224,224,0,0,0,0,61,178,139,0,0,0,0,0,0,151,201,203,105,249,0,0,0,0,37,171,0,0,0,0,0,0,0,63,38,1,63,38,0,0,0,0,227,5,34,26,0,9,0,0,0,0,0,7,96,0,0,0,69,33,0,0,0,0,0,0,198,224,37,37,166,224,224,224,0,0,0,2,11,0,33,0,128,54,192,208,207,209,0,4,0,105,0,223,48,223,0,222,10,2,2,3,50,4,53,46,7,199,251,123,251,201,241,0,235,188,19,29,46,224,224,0,0,0,0,18,28,45,224,224,0,0,0,0,45,194,109,0,0,0,0,0,0,167,185,187,105,249,0,0,0,0,37,171,0,0,0,0,0,0,0,63,38,1,63,38,0,0,0,0,231,5,115,26,0,9,0,0,0,0,0,3,96,0,0,0,69,33,0,0,0,0,0,0,198,224,37,37,166,224,224,224,0,0,0,2,11,0,33,0,128,54,192,208,207,209,0,4,0,105,0,223,48,223,0,222,10,2,2,3,50,4,54,48,7,199,251,123,251,201,241
2026-08-03_14-39-02,1,373,1,0.0,0,90.0,-1,-1,0,235,188,19,29,46,224,224,0,0,0,0,18,28,45,224,224,0,0,0,0,45,194,109,0,0,0,0,0,0,167,185,187,105,249,0,0,0,0,37,171,0,0,0,0,0,0,0,63,38,1,63,38,0,0,0,0,231,5,115,26,0,9,0,0,0,0,0,3,96,0,0,0,69,33,0,0,0,0,0,0,198,224,37,37,166,224,224,224,0,0,0,2,11,0,33,0,128,54,192,208,207,209,0,4,0,105,0,223,48,223,0,222,10,2,2,3,50,4,54,48,7,199,251,123,251,201,241,0,187,199,17,27,44,224,224,0,0,0,0,20,30,47,224,224,0,0,0,0,45,194,109,0,0,0,0,0,0,167,185,187,105,249,0,0,0,0,37,171,0,0,0,0,0,0,0,63,38,1,63,38,0,0,0,0,235,5,81,26,0,9,0,0,0,0,0,11,112,0,16,0,69,33,0,0,0,0,0,0,198,224,37,197,166,224,42,224,0,106,0,2,11,0,33,0,65,61,192,208,207,209,0,4,0,105,0,223,48,223,0,222,10,2,2,3,59,8,185,50,7,0,55,123,251,136,241
2026-08-03_14-39-02,1,374,1,0.0,0,90.0,-1,-1,0,187,199,17,27,44,224,224,0,0,0,0,20,30,47,224,224,0,0,0,0,45,194,109,0,0,0,0,0,0,167,185,187,105,249,0,0,0,0,37,171,0,0,0,0,0,0,0,63,38,1,63,38,0,0,0,0,235,5,81,26,0,9,0,0,0,0,0,11,112,0,16,0,69,33,0,0,0,0,0,0,198,224,37,197,166,224,42,224,0,106,0,2,11,0,33,0,65,61,192,208,207,209,0,4,0,105,0,223,48,223,0,222,10,2,2,3,59,8,185,50,7,0,55,123,251,136,241,0,188,121,15,25,42,224,224,0,0,0,0,22,32,49,224,224,0,0,0,0,45,194,109,0,0,0,0,0,0,167,185,187,105,249,0,0,0,0,37,171,0,0,0,0,0,0,0,63,38,1,63,38,0,0,0,0,239,5,50,26,0,9,0,0,0,0,0,7,112,0,16,0,69,33,0,0,0,0,0,0,198,224,37,55,166,224,48,224,0,90,0,2,11,0,33,0,192,54,192,208,207,209,0,4,0,105,0,223,48,223,0,222,10,2,2,3,50,4,54,52,7,199,251,123,251,201,241
2026-08-03_14-39-02,1,375,0,0.0,0,90.0,-1,-1,0,188,121,15,25,42,224,224,0,0,0,0,22,32,49,224,224,0,0,0,0,45,194,109,0,0,0,0,0,0,167,185,187,105,249,0,0,0,0,37,171,0,0,0,0,0,0,0,63,38,1,63,38,0,0,0,0,239,5,50,26,0,9,0,0,0,0,0,7,112,0,16,0,69,33,0,0,0,0,0,0,198,224,37,55,166,224,48,224,0,90,0,2,11,0,33,0,192,54,192,208,207,209,0,4,0,105,0,223,48,223,0,222,10,2,2,3,50,4,54,52,7,199,251,123,251,201,241,0,199,152,13,23,40,224,224,0,0,0,0,24,34,51,224,224,0,0,0,0,45,194,109,0,0,0,0,0,0,167,185,187,105,249,0,0,0,0,37,171,0,0,0,0,0,0,0,63,38,1,63,38,0,0,0,0,243,5,19,26,0,9,0,0,0,0,0,3,112,0,0,0,69,33,0,0,0,0,0,0,198,224,37,183,166,224,54,224,0,74,0,2,11,0,33,0,66,73,192,208,207,209,0,4,0,105,0,223,48,223,0,222,11,0,0,3,71,8,69,71,7,199,251,123,251,136,241
2026-08-03_14-39-02,1,376,0,0.0,0,90.0,-1,-1,0,199,152,13,23,40,224,224,0,0,0,0,24,34,51,224,224,0,0,0,0,45,194,109,0,0,0,0,0,0,167,185,187,105,249,0,0,0,0,37,171,0,0,0,0,0,0,0,63,38,1,63,38,0,0,0,0,243,5,19,26,0,9,0,0,0,0,0,3,112,0,0,0,69,33,0,0,0,0,0,0,198,224,37,183,166,224,54,224,0,74,0,2,11,0,33,0,66,73,192,208,207,209,0,4,0,105,0,223,48,223,0,222,11,0,0,3,71,8,69,71,7,199,251,123,251,136,241,0,121,137,11,21,38,224,224,0,0,0,0,26,36,53,224,224,0,0,0,0,29,210,93,0,0,0,0,0,0,183,169,171,105,249,0,0,0,0,37,171,0,0,0,0,0,0,0,63,38,1,63,38,0,0,0,0,247,5,97,26,0,9,0,0,0,0,0,7,96,0,0,0,69,33,0,0,0,0,0,0,198,224,37,41,166,224,60,224,0,58,0,2,11,0,33,0,64,79,192,208,207,209,0,4,0,105,0,223,48,223,0,222,11,0,0,3,77,8,70,73,7,199,251,123,251,136,241
2026-08-03_14-39-02,1,377,0,0.0,0,90.0,-1,-1,0,121,137,11,21,38,224,224,0,0,0,0,26,36,53,224,224,0,0,0,0,29,210,93,0,0,0,0,0,0,183,169,171,105,249,0,0,0,0,37,171,0,0,0,0,0,0,0,63,38,1,63,38,0,0,0,0,247,5,97,26,0,9,0,0,0,0,0,7,96,0,0,0,69,33,0,0,0,0,0,0,198,224,37,41,166,224,60,224,0,58,0,2,11,0,33,0,64,79,192,208,207,209,0,4,0,105,0,223,48,223,0,222,11,0,0,3,77,8,70,73,7,199,251,123,251,136,241,0,152,145,9,19,36,224,224,0,0,0,0,28,38,55,224,224,0,0,0,0,29,210,93,0,0,0,0,0,0,183,169,171,105,249,0,0,0,0,37,171,0,0,0,0,0,0,0,63,38,1,63,38,0,0,0,0,251,5,66,26,0,9,0,0,0,0,0,3,96,0,0,0,69,33,0,0,0,0,0,0,198,224,37,169,166,224,66,224,0,42,0,2,11,0,33,0,128,54,192,208,207,209,0,4,0,105,0,223,48,223,0,222,9,3,3,3,50,4,39,48,7,199,251,123,251,201,241
2026-08-03_14-39-02,1,378,0,0.0,0,90.0,-1,-1,0,152,145,9,19,36,224,224,0,0,0,0,28,38,55,224,224,0,0,0,0,29,210,93,0,0,0,0,0,0,183,169,171,105,249,0,0,0,0,37,171,0,0,0,0,0,0,0,63,38,1,63,38,0,0,0,0,251,5,66,26,0,9,0,0,0,0,0,3,96,0,0,0,69,33,0,0,0,0,0,0,198,224,37,169,166,224,66,224,0,42,0,2,11,0,33,0,128,54,192,208,207,209,0,4,0,105,0,223,48,223,0,222,9,3,3,3,50,4,39,48,7,199,251,123,251,201,241,0,137,21,7,17,34,224,224,0,0,0,0,30,40,57,224,224,0,0,0,0,29,210,93,0,0,0,0,0,0,183,169,171,105,249,0,0,0,0,37,171,0,0,0,0,0,0,0,63,38,1,63,38,0,0,0,0,255,5,35,26,0,9,0,0,0,0,0,7,0,0,0,0,69,33,0,0,0,0,0,0,198,224,37,27,166,224,72,224,0,26,0,2,11,0,33,0,65,91,192,208,207,209,0,4,0,105,0,223,48,223,0,222,11,0,0,0,89,8,70,77,7,199,251,123,251,136,241
2026-08-03_14-39-02,1,379,0,0.0,0,90.0,-1,-1,0,137,21,7,17,34,224,224,0,0,0,0,30,40,57,224,224,0,0,0,0,29,210,93,0,0,0,0,0,0,183,169,171,105,249,0,0,0,0,37,171,0,0,0,0,0,0,0,63,38,1,63,38,0,0,0,0,255,5,35,26,0,9,0,0,0,0,0,7,0,0,0,0,69,33,0,0,0,0,0,0,198,224,37,27,166,224,72,224,0,26,0,2,11,0,33,0,65,91,192,208,207,209,0,4,0,105,0,223,48,223,0,222,11,0,0,0,89,8,70,77,7,199,251,123,251,136,241,0,145,83,5,15,32,224,224,0,0,0,0,32,42,59,224,224,0,0,0,0,13,226,77,0,0,0,0,0,0,199,153,155,105,249,0,0,0,0,37,171,0,0,0,0,0,0,0,63,38,1,63,38,0,0,0,0,3,6,113,26,0,9,0,0,0,0,0,3,0,0,0,0,69,33,0,0,0,0,0,0,198,224,37,37,166,224,224,224,0,0,0,2,11,0,33,0,192,54,192,208,207,209,0,4,0,105,0,223,48,223,0,222,9,3,3,0,50,4,38,52,7,199,251,123,251,201,241
2026-08-03_14-39-02,1,380,0,0.0,0,90.0,-1,-1,0,145,83,5,15,32,224,224,0,0,0,0,32,42,59,224,224,0,0,0,0,13,226,77,0,0,0,0,0,0,199,153,155,105,249,0,0,0,0,37,171,0,0,0,0,0,0,0,63,38,1,63,38,0,0,0,0,3,6,113,26,0,9,0,0,0,0,0,3,0,0,0,0,69,33,0,0,0,0,0,0,198,224,37,37,166,224,224,224,0,0,0,2,11,0,33,0,192,54,192,208,207,209,0,4,0,105,0,223,48,223,0,222,9,3,3,0,50,4,38,52,7,199,251,123,251,201,241,0,21,54,3,13,30,224,224,0,0,0,0,34,44,61,224,224,0,0,0,0,13,226,77,0,0,0,0,0,0,199,153,155,105,249,0,0,0,0,37,171,0,0,0,0,0,0,0,63,38,1,63,38,0,0,0,0,7,6,82,26,0,9,0,0,0,0,0,7,32,0,0,0,69,33,0,0,0,0,0,0,198,224,37,37,166,224,224,224,0,0,0,2,11,0,33,0,192,54,192,208,207,209,0,4,0,105,0,223,48,223,0,222,9,3,3,1,50,4,38,54,7,199,251,123,251,201,241
2026-08-03_14-39-02,1,381,0,0.0,0,90.0,-1,-1,0,21,54,3,13,30,224,224,0,0,0,0,34,44,61,224,224,0,0,0,0,13,226,77,0,0,0,0,0,0,199,153,155,105,249,0,0,0,0,37,171,0,0,0,0,0,0,0,63,38,1,63,38,0,0,0,0,7,6,82,26,0,9,0,0,0,0,0,7,32,0,0,0,69,33,0,0,0,0,0,0,198,224,37,37,166,224,224,224,0,0,0,2,11,0,33,0,192,54,192,208,207,209,0,4,0,105,0,223,48,223,0,222,9,3,3,1,50,4,38,54,7,199,251,123,251,201,241,0,83,103,1,11,28,224,224,0,0,0,0,36,46,63,224,224,0,0,0,0,13,226,77,0,0,0,0,0,0,199,153,155,105,249,0,0,0,0,37,171,0,0,0,0,0,0,0,63,38,1,63,38,0,0,0,0,11,6,51,26,0,9,0,0,0,0,0,3,32,0,0,0,69,33,0,0,0,0,0,0,198,224,37,37,166,224,224,224,0,0,0,2,11,0,33,0,192,54,192,208,207,209,0,4,0,105,0,223,48,223,0,222,9,3,3,1,50,4,199,56,7,199,251,123,251,201,241
2026-08-03_14-39-02,1,382,0,0.0,0,90.0,-1,-1,0,83,103,1,11,28,224,224,0,0,0,0,36,46,63,224,224,0,0,0,0,13,226,77,0,0,0,0,0,0,199,153,155,105,249,0,0,0,0,37,171,0,0,0,0,0,0,0,63,38,1,63,38,0,0,0,0,11,6,51,26,0,9,0,0,0,0,0,3,32,0,0,0,69,33,0,0,0,0,0,0,198,224,37,37,166,224,224,224,0,0,0,2,11,0,33,0,192,54,192,208,207,209,0,4,0,105,0,223,48,223,0,222,9,3,3,1,50,4,199,56,7,199,251,123,251,201,241,0,54,126,255,9,26,88,224,0,0,0,0,38,48,65,224,224,0,0,0,0,13,226,77,13,0,0,0,0,0,199,153,155,105,249,0,0,0,0,37,171,0,37,0,0,0,0,0,63,38,1,63,38,0,0,0,0,15,6,17,26,0,9,0,0,0,0,0,7,64,0,0,0,69,33,0,0,0,0,0,0,198,224,37,37,166,224,224,224,0,0,0,3,11,0,33,0,192,54,70,208,207,209,6,4,13,105,32,223,48,223,32,222,2,0,0,2,50,4,75,46,7,199,251,43,251,201,241
2026-08-03_14-39-02,1,383,0,0.0,0,90.0,-1,-1,0,54,126,255,9,26,88,224,0,0,0,0,38,48,65,224,224,0,0,0,0,13,226,77,13,0,0,0,0,0,199,153,155,105,249,0,0,0,0,37,171,0,37,0,0,0,0,0,63,38,1,63,38,0,0,0,0,15,6,17,26,0,9,0,0,0,0,0,7,64,0,0,0,69,33,0,0,0,0,0,0,198,224,37,37,166,224,224,224,0,0,0,3,11,0,33,0,192,54,70,208,207,209,6,4,13,105,32,223,48,223,32,222,2,0,0,2,50,4,75,46,7,199,251,43,251,201,241,0,103,235,253,7,24,86,224,0,0,0,0,40,50,67,224,224,0,0,0,0,253,242,61,253,0,0,0,0,0,215,137,139,105,249,0,0,0,0,37,171,0,37,0,0,0,0,0,63,38,1,63,38,0,0,0,0,19,6,98,26,0,9,0,0,0,0,0,3,64,0,0,0,69,33,0,0,0,0,0,0,198,224,37,37,166,224,224,224,0,0,0,3,11,0,33,0,192,54,131,208,207,209,6,4,253,105,33,223,48,223,33,222,2,0,0,2,50,4,76,44,7,199,251,43,251,201,241
2026-08-03_14-39-02,1,384,0,0.0,0,90.0,-1,-1,0,103,235,253,7,24,86,224,0,0,0,0,40,50,67,224,224,0,0,0,0,253,242,61,253,0,0,0,0,0,215,137,139,105,249,0,0,0,0,37,171,0,37,0,0,0,0,0,63,38,1,63,38,0,0,0,0,19,6,98,26,0,9,0,0,0,0,0,3,64,0,0,0,69,33,0,0,0,0,0,0,198,224,37,37,166,224,224,224,0,0,0,3,11,0,33,0,192,54,131,208,207,209,6,4,253,105,33,223,48,223,33,222,2,0,0,2,50,4,76,44,7,199,251,43,251,201,241,0,126,181,251,5,22,84,224,0,0,0,0,42,52,69,224,224,0,0,0,0,253,242,61,253,0,0,0,0,0,215,137,139,105,249,0,0,0,0,37,171,0,37,0,0,0,0,0,63,38,1,63,38,0,0,0,0,23,6,67,26,0,9,0,0,0,0,0,7,96,0,0,0,69,33,0,0,0,0,0,0,198,224,37,37,166,224,224,224,0,0,0,3,11,0,33,0,192,54,131,208,207,209,6,4,253,105,35,223,48,223,35,222,2,0,0,3,50,4,76,42,7,199,251,43,251,201,241
2026-08-03_14-39-02,1,385,0,0.0,0,90.0,-1,-1,0,126,181,251,5,22,84,224,0,0,0,0,42,52,69,224,224,0,0,0,0,253,242,61,253,0,0,0,0,0,215,137,139,105,249,0,0,0,0,37,171,0,37,0,0,0,0,0,63,38,1,63,38,0,0,0,0,23,6,67,26,0,9,0,0,0,0,0,7,96,0,0,0,69,33,0,0,0,0,0,0,198,224,37,37,166,224,224,224,0,0,0,3,11,0,33,0,192,54,131,208,207,209,6,4,253,105,35,223,48,223,35,222,2,0,0,3,50,4,76,42,7,199,251,43,251,201,241,0,235,80,3,20,82,224,224,0,0,0,0,44,54,71,224,224,0,0,0,0,242,61,253,0,0,0,0,0,0,215,137,139,105,249,0,0,0,0,171,0,37,0,0,0,0,0,0,63,38,1,63,38,0,0,0,0,27,6,33,26,0,9,0,0,0,0,0,3,96,0,0,0,69,33,0,0,0,0,0,0,198,224,37,37,166,224,224,224,0,0,0,2,11,0,33,0,192,54,131,208,136,209,6,4,253,105,37,223,15,223,37,222,1,0,0,3,50,4,76,40,1,199,251,43,251,201,241
2026-08-03_14-39-02,1,386,0,0.0,0,90.0,-1,-1,0,235,80,3,20,82,224,224,0,0,0,0,44,54,71,224,224,0,0,0,0,242,61,253,0,0,0,0,0,0,215,137,139,105,249,0,0,0,0,171,0,37,0,0,0,0,0,0,63,38,1,63,38,0,0,0,0,27,6,33,26,0,9,0,0,0,0,0,3,96,0,0,0,69,33,0,0,0,0,0,0,198,224,37,37,166,224,224,224,0,0,0,2,11,0,33,0,192,54,131,208,136,209,6,4,253,105,37,223,15,223,37,222,1,0,0,3,50,4,76,40,1,199,251,43,251,201,241,0,181,7,1,18,80,224,224,0,0,0,0,46,56,73,224,224,0,0,0,0,2,45,237,0,0,0,0,0,0,231,107,109,105,249,0,0,0,0,171,0,37,0,0,0,0,0,0,63,38,1,63,38,0,0,0,0,31,6,114,26,0,9,0,0,0,0,0,7,0,0,0,0,69,33,0,0,0,0,0,0,198,224,37,37,166,224,224,224,0,0,0,2,11,0,33,0,192,54,131,208,136,209,6,6,237,109,39,223,14,223,39,222,1,0,0,0,50,4,77,38,1,199,251,43,251,201,241
2026-08-03_14-39-02,1,387,0,0.0,0,90.0,-1,-1,0,181,7,1,18,80,224,224,0,0,0,0,46,56,73,224,224,0,0,0,0,2,45,237,0,0,0,0,0,0,231,107,109,105,249,0,0,0,0,171,0,37,0,0,0,0,0,0,63,38,1,63,38,0,0,0,0,31,6,114,26,0,9,0,0,0,0,0,7,0,0,0,0,69,33,0,0,0,0,0,0,198,224,37,37,166,224,224,224,0,0,0,2,11,0,33,0,192,54,131,208,136,209,6,6,237,109,39,223,14,223,39,222,1,0,0,0,50,4,77,38,1,199,251,43,251,201,241,0,80,123,255,16,78,88,224,0,0,0,0,242,48,58,75,224,0,0,0,0,2,45,237,2,0,0,0,0,0,109,231,107,109,105,0,0,0,0,171,0,37,171,0,0,0,0,0,1,63,38,1,63,0,0,0,0,35,6,83,26,0,9,0,0,0,0,0,13,16,0,16,0,69,33,0,0,0,0,0,0,198,224,37,5,166,224,39,224,0,122,0,3,12,0,33,0,128,54,14,208,136,209,1,6,2,109,32,223,12,223,32,222,12,222,245,0,50,4,0,240,1,0,55,247,250,201,241
2026-08-03_14-39-02,1,388,1,0.0,0,90.0,-1,-1,0,80,123,255,16,78,88,224,0,0,0,0,242,48,58,75,224,0,0,0,0,2,45,237,2,0,0,0,0,0,109,231,107,109,105,0,0,0,0,171,0,37,171,0,0,0,0,0,1,63,38,1,63,0,0,0,0,35,6,83,26,0,9,0,0,0,0,0,13,16,0,16,0,69,33,0,0,0,0,0,0,198,224,37,5,166,224,39,224,0,122,0,3,12,0,33,0,128,54,14,208,136,209,1,6,2,109,32,223,12,223,32,222,12,222,245,0,50,4,0,240,1,0,55,247,250,201,241,0,7,190,253,14,76,86,224,0,0,0,0,244,50,60,77,224,0,0,0,0,2,45,237,2,0,0,0,0,0,109,231,107,109,105,0,0,0,0,171,0,37,171,0,0,0,0,0,1,63,38,1,63,0,0,0,0,39,6,49,26,0,9,0,0,0,0,0,9,16,0,16,0,69,33,0,0,0,0,0,0,198,224,37,133,166,224,45,224,0,106,0,3,12,0,33,0,65,64,131,208,136,209,1,6,2,109,33,223,10,223,33,222,10,222,245,0,62,8,0,240,1,0,55,247,250,136,241
2026-08-03_14-39-02,1,389,1,100.0,0,190.0,-1,-1,0,7,190,253,14,76,86,224,0,0,0,0,244,50,60,77,224,0,0,0,0,2,45,237,2,0,0,0,0,0,109,231,107,109,105,0,0,0,0,171,0,37,171,0,0,0,0,0,1,63,38,1,63,0,0,0,0,39,6,49,26,0,9,0,0,0,0,0,9,16,0,16,0,69,33,0,0,0,0,0,0,198,224,37,133,166,224,45,224,0,106,0,3,12,0,33,0,65,64,131,208,136,209,1,6,2,109,33,223,10,223,33,222,10,222,245,0,62,8,0,240,1,0,55,247,250,136,241,0,123,225,251,12,74,84,224,0,0,0,0,246,62,79,224,224,0,0,0,0,2,45,237,2,0,0,0,0,0,109,107,109,105,105,0,0,0,0,171,0,37,171,0,0,0,0,0,1,38,1,63,63,0,0,0,0,43,6,18,26,0,25,0,0,0,0,14,5,17,0,16,0,69,33,0,0,0,0,0,0,198,224,37,247,166,224,51,224,0,0,0,3,11,0,33,0,66,70,131,208,136,209,1,6,2,109,35,223,8,223,35,222,8,222,245,16,11,10,0,240,1,0,55,249,252,73,241
2026-08-03_14-39-02,1,390,0,0.0,0,190.0,-1,-1,0,123,225,251,12,74,84,224,0,0,0,0,246,62,79,224,224,0,0,0,0,2,45,237,2,0,0,0,0,0,109,107,109,105,105,0,0,0,0,171,0,37,171,0,0,0,0,0,1,38,1,63,63,0,0,0,0,43,6,18,26,0,25,0,0,0,0,14,5,17,0,16,0,69,33,0,0,0,0,0,0,198,224,37,247,166,224,51,224,0,0,0,3,11,0,33,0,66,70,131,208,136,209,1,6,2,109,35,223,8,223,35,222,8,222,245,16,11,10,0,240,1,0,55,249,252,73,241,0,190,17,10,72,82,224,224,0,0,0,0,248,64,81,224,224,0,0,0,0,29,221,18,0,0,0,0,0,0,93,91,93,105,105,0,0,0,0,0,37,171,0,0,0,0,0,0,1,38,1,63,63,0,0,0,0,47,6,99,26,0,25,0,0,0,0,12,1,17,0,0,0,69,33,0,0,0,0,0,0,198,224,37,37,166,224,224,224,0,0,0,2,11,0,33,0,128,54,131,208,136,209,1,6,18,93,37,223,6,223,37,222,6,222,5,16,50,4,0,240,1,0,55,247,250,201,241
2026-08-03_14-39-02,1,391,0,0.0,0,190.0,-1,-1,0,190,17,10,72,82,224,224,0,0,0,0,248,64,81,224,224,0,0,0,0,29,221,18,0,0,0,0,0,0,93,91,93,105,105,0,0,0,0,0,37,171,0,0,0,0,0,0,1,38,1,63,63,0,0,0,0,47,6,99,26,0,25,0,0,0,0,12,1,17,0,0,0,69,33,0,0,0,0,0,0,198,224,37,37,166,224,224,224,0,0,0,2,11,0,33,0,128,54,131,208,136,209,1,6,18,93,37,223,6,223,37,222,6,222,5,16,50,4,0,240,1,0,55,247,250,201,241,0,225,24,8,70,80,224,224,0,0,0,0,250,66,83,224,224,0,0,0,0,29,221,18,0,0,0,0,0,0,93,91,93,105,105,0,0,0,0,0,37,171,0,0,0,0,0,0,1,38,1,63,63,0,0,0,0,51,6,65,26,0,25,0,0,0,0,10,5,97,0,0,0,69,33,0,0,0,0,0,0,198,224,37,37,166,224,224,224,0,0,0,2,11,0,33,0,128,54,131,208,136,209,1,6,18,93,39,223,4,223,39,222,4,222,5,19,50,4,0,240,1,0,55,247,250,201,241
2026-08-03_14-39-02,1,392,0,0.0,0,190.0,-1,-1,0,225,24,8,70,80,224,224,0,0,0,0,250,66,83,224,224,0,0,0,0,29,221,18,0,0,0,0,0,0,93,91,93,105,105,0,0,0,0,0,37,171,0,0,0,0,0,0,1,38,1,63,63,0,0,0,0,51,6,65,26,0,25,0,0,0,0,10,5,97,0,0,0,69,33,0,0,0,0,0,0,198,224,37,37,166,224,224,224,0,0,0,2,11,0,33,0,128,54,131,208,136,209,1,6,18,93,39,223,4,223,39,222,4,222,5,19,50,4,0,240,1,0,55,247,250,201,241,0,17,132,6,68,78,224,224,0,0,0,0,252,68,85,224,224,0,0,0,0,29,221,18,0,0,0,0,0,0,93,91,93,105,105,0,0,0,0,0,37,171,0,0,0,0,0,0,1,38,1,63,63,0,0,0,0,55,6,34,26,0,25,0,0,0,0,8,1,97,0,0,0,69,33,0,0,0,0,0,0,198,224,37,37,166,224,224,224,0,0,0,2,11,0,33,0,128,54,192,208,136,209,0,6,0,93,0,223,2,223,0,222,2,222,13,19,50,4,0,240,1,0,55,247,250,201,241
2026-08-03_14-39-02,1,393,0,0.0,0,190.0,-1,-1,0,17,132,6,68,78,224,224,0,0,0,0,252,68,85,224,224,0,0,0,0,29,221,18,0,0,0,0,0,0,93,91,93,105,105,0,0,0,0,0,37,171,0,0,0,0,0,0,1,38,1,63,63,0,0,0,0,55,6,34,26,0,25,0,0,0,0,8,1,97,0,0,0,69,33,0,0,0,0,0,0,198,224,37,37,166,224,224,224,0,0,0,2,11,0,33,0,128,54,192,208,136,209,0,6,0,93,0,223,2,223,0,222,2,222,13,19,50,4,0,240,1,0,55,247,250,201,241,0,24,70,4,66,76,224,224,0,0,0,0,254,70,87,224,224,0,0,0,0,13,205,34,0,0,0,0,0,0,77,75,77,105,105,0,0,0,0,0,37,171,0,0,0,0,0,0,1,38,1,63,63,0,0,0,0,59,6,115,26,0,25,0,0,0,0,6,5,1,0,0,0,69,33,0,0,0,0,0,0,198,224,37,37,166,224,224,224,0,0,0,2,11,0,33,0,128,54,192,208,69,209,0,6,0,77,0,223,0,223,0,222,0,222,8,16,50,4,0,240,1,0,55,247,250,201,241
2026-08-03_14-39-02,1,394,0,0.0,0,190.0,-1,-1,0,24,70,4,66,76,224,224,0,0,0,0,254,70,87,224,224,0,0,0,0,13,205,34,0,0,0,0,0,0,77,75,77,105,105,0,0,0,0,0,37,171,0,0,0,0,0,0,1,38,1,63,63,0,0,0,0,59,6,115,26,0,25,0,0,0,0,6,5,1,0,0,0,69,33,0,0,0,0,0,0,198,224,37,37,166,224,224,224,0,0,0,2,11,0,33,0,128,54,192,208,69,209,0,6,0,77,0,223,0,223,0,222,0,222,8,16,50,4,0,240,1,0,55,247,250,201,241,0,132,101,2,64,74,224,224,0,0,0,0,0,72,224,224,224,0,0,0,0,13,205,34,0,0,0,0,0,0,77,75,77,105,105,0,0,0,0,0,37,171,0,0,0,0,0,0,1,38,1,63,63,0,0,0,0,63,6,81,26,0,25,0,0,0,0,4,1,1,0,0,0,69,33,0,0,0,0,0,0,198,224,37,37,166,224,224,224,0,0,0,2,10,0,33,0,128,54,192,208,207,209,0,6,0,77,0,223,0,223,0,222,0,222,8,16,50,4,0,240,1,0,55,247,250,201,241
2026-08-03_14-39-02,1,395,0,0.0,0,190.0,-1,-1,0,132,101,2,64,74,224,224,0,0,0,0,0,72,224,224,224,0,0,0,0,13,205,34,0,0,0,0,0,0,77,75,77,105,105,0,0,0,0,0,37,171,0,0,0,0,0,0,1,38,1,63,63,0,0,0,0,63,6,81,26,0,25,0,0,0,0,4,1,1,0,0,0,69,33,0,0,0,0,0,0,198,224,37,37,166,224,224,224,0,0,0,2,10,0,33,0,128,54,192,208,207,209,0,6,0,77,0,223,0,223,0,222,0,222,8,16,50,4,0,240,1,0,55,247,250,201,241,0,70,81,0,62,72,224,224,0,0,0,0,2,74,224,224,224,0,0,0,0,13,205,34,0,0,0,0,0,0,77,75,77,105,105,0,0,0,0,0,37,171,0,0,0,0,0,0,1,38,1,63,63,0,0,0,0,67,6,50,26,0,25,0,0,0,0,2,5,33,0,0,0,69,33,0,0,0,0,0,0,198,224,37,37,166,224,224,224,0,0,0,2,10,0,33,0,128,54,192,208,207,209,0,6,0,77,0,223,0,223,0,222,0,222,8,17,50,4,0,240,1,0,55,247,250,201,241
2026-08-03_14-39-02,1,396,0,0.0,0,190.0,-1,-1,0,70,81,0,62,72,224,224,0,0,0,0,2,74,224,224,224,0,0,0,0,13,205,34,0,0,0,0,0,0,77,75,77,105,105,0,0,0,0,0,37,171,0,0,0,0,0,0,1,38,1,63,63,0,0,0,0,67,6,50,26,0,25,0,0,0,0,2,5,33,0,0,0,69,33,0,0,0,0,0,0,198,224,37,37,166,224,224,224,0,0,0,2,10,0,33,0,128,54,192,208,207,209,0,6,0,77,0,223,0,223,0,222,0,222,8,17,50,4,0,240,1,0,55,247,250,201,241,0,101,25,254,60,70,87,224,0,0,0,0,4,76,224,224,224,0,0,0,0,13,205,34,13,0,0,0,0,0,77,75,77,105,105,0,0,0,0,0,37,171,0,0,0,0,0,0,1,38,1,63,63,0,0,0,0,71,6,19,26,0,25,0,0,0,0,0,1,32,0,0,0,69,33,0,0,0,0,0,0,198,224,37,37,166,224,224,224,0,0,0,3,10,0,33,0,128,54,131,208,207,209,6,6,13,77,0,223,0,223,0,222,0,222,8,1,50,4,0,240,1,0,55,247,250,201,241
2026-08-03_14-39-02,1,397,0,0.0,0,190.0,-1,-1,0,101,25,254,60,70,87,224,0,0,0,0,4,76,224,224,224,0,0,0,0,13,205,34,13,0,0,0,0,0,77,75,77,105,105,0,0,0,0,0,37,171,0,0,0,0,0,0,1,38,1,63,63,0,0,0,0,71,6,19,26,0,25,0,0,0,0,0,1,32,0,0,0,69,33,0,0,0,0,0,0,198,224,37,37,166,224,224,224,0,0,0,3,10,0,33,0,128,54,131,208,207,209,6,6,13,77,0,223,0,223,0,222,0,222,8,1,50,4,0,240,1,0,55,247,250,201,241,0,81,149,252,58,68,85,224,0,0,0,0,6,78,224,224,224,0,0,0,0,253,189,50,253,0,0,0,0,0,61,59,77,105,105,0,0,0,0,0,37,171,0,0,0,0,0,0,1,38,1,63,63,0,0,0,0,75,6,97,26,0,25,0,0,0,0,0,5,64,0,0,0,69,33,0,0,0,0,0,0,198,224,37,37,166,224,224,224,0,0,0,3,10,0,33,0,128,54,131,208,207,209,6,6,253,77,2,223,0,223,2,222,0,222,13,2,50,4,0,240,1,0,55,247,250,201,241
2026-08-03_14-39-02,1,398,0,0.0,0,190.0,-1,-1,0,81,149,252,58,68,85,224,0,0,0,0,6,78,224,224,224,0,0,0,0,253,189,50,253,0,0,0,0,0,61,59,77,105,105,0,0,0,0,0,37,171,0,0,0,0,0,0,1,38,1,63,63,0,0,0,0,75,6,97,26,0,25,0,0,0,0,0,5,64,0,0,0,69,33,0,0,0,0,0,0,198,224,37,37,166,224,224,224,0,0,0,3,10,0,33,0,128,54,131,208,207,209,6,6,253,77,2,223,0,223,2,222,0,222,13,2,50,4,0,240,1,0,55,247,250,201,241,0,25,94,250,56,66,83,224,0,0,0,0,8,80,224,224,224,0,0,0,0,253,189,50,253,0,0,0,0,0,61,59,77,105,105,0,0,0,0,0,37,171,0,0,0,0,0,0,1,38,1,63,63,0,0,0,0,79,6,66,26,0,25,0,0,0,0,0,13,80,0,16,0,69,33,0,0,0,0,0,0,198,224,37,5,166,224,39,224,0,122,0,3,10,0,33,0,66,58,131,208,136,209,6,5,253,59,4,223,39,223,4,222,39,222,8,2,56,8,0,240,6,0,55,247,250,136,241
2026-08-03_14-39-02,1,399,1,0.0,0,190.0,-1,-1,0,25,94,250,56,66,83,224,0,0,0,0,8,80,224,224,224,0,0,0,0,253,189,50,253,0,0,0,0,0,61,59,77,105,105,0,0,0,0,0,37,171,0,0,0,0,0,0,1,38,1,63,63,0,0,0,0,79,6,66,26,0,25,0,0,0,0,0,13,80,0,16,0,69,33,0,0,0,0,0,0,198,224,37,5,166,224,39,224,0,122,0,3,10,0,33,0,66,58,131,208,136,209,6,5,253,59,4,223,39,223,4,222,39,222,8,2,56,8,0,240,6,0,55,247,250,136,241,0,149,229,248,54,64,81,224,0,0,0,0,10,82,224,224,224,0,0,0,0,253,189,50,253,0,0,0,0,0,61,59,77,105,105,0,0,0,0,0,37,171,0,0,0,0,0,0,1,38,1,63,63,0,0,0,0,83,6,35,26,0,25,0,0,0,0,0,9,80,0,16,0,69,33,0,0,0,0,0,0,198,224,37,133,166,224,45,224,0,106,0,3,10,0,33,0,64,64,131,208,136,209,6,5,253,59,6,223,37,223,6,222,37,222,8,2,62,8,0,240,6,0,55,247,250,136,241
2026-08-03_14-39-02,1,400,1,0.0,0,190.0,-1,-1,0,149,229,248,54,64,81,224,0,0,0,0,10,82,224,224,224,0,0,0,0,253,189,50,253,0,0,0,0,0,61,59,77,105,105,0,0,0,0,0,37,171,0,0,0,0,0,0,1,38,1,63,63,0,0,0,0,83,6,35,26,0,25,0,0,0,0,0,9,80,0,16,0,69,33,0,0,0,0,0,0,198,224,37,133,166,224,45,224,0,106,0,3,10,0,33,0,64,64,131,208,136,209,6,5,253,59,6,223,37,223,6,222,37,222,8,2,62,8,0,240,6,0,55,247,250,136,241,0,94,87,246,52,62,79,224,0,0,0,0,251,12,84,224,224,0,0,0,0,237,173,141,237,0,0,0,0,0,43,45,43,77,105,0,0,0,0,0,37,171,0,0,0,0,0,0,38,1,38,1,63,0,0,0,0,87,6,113,26,0,25,0,0,0,0,0,5,80,0,16,0,69,33,0,0,0,0,0,0,198,224,37,247,166,224,51,224,0,90,0,3,11,0,33,0,128,54,131,208,136,209,6,5,237,43,8,223,35,223,8,222,35,222,8,2,50,4,0,240,6,0,55,247,250,201,241
2026-08-03_14-39-02,1,401,0,0.0,0,190.0,-1,-1,0,94,87,246,52,62,79,224,0,0,0,0,251,12,84,224,224,0,0,0,0,237,173,141,237,0,0,0,0,0,43,45,43,77,105,0,0,0,0,0,37,171,0,0,0,0,0,0,38,1,38,1,63,0,0,0,0,87,6,113,26,0,25,0,0,0,0,0,5,80,0,16,0,69,33,0,0,0,0,0,0,198,224,37,247,166,224,51,224,0,90,0,3,11,0,33,0,128,54,131,208,136,209,6,5,237,43,8,223,35,223,8,222,35,222,8,2,50,4,0,240,6,0,55,247,250,201,241,0,229,124,244,50,60,77,224,0,0,0,0,253,14,86,224,224,0,0,0,0,237,173,141,237,0,0,0,0,0,43,45,43,77,105,0,0,0,0,0,37,171,0,0,0,0,0,0,38,1,38,1,63,0,0,0,0,91,6,82,26,0,25,0,0,0,0,0,1,80,0,0,0,69,33,0,0,0,0,0,0,198,224,37,105,166,224,57,224,0,74,0,3,11,0,33,0,65,76,131,208,136,209,6,5,237,43,10,223,33,223,10,222,1,2,2,2,74,8,85,70,6,199,251,43,251,136,241
2026-08-03_14-39-02,1,402,0,0.0,0,190.0,-1,-1,0,229,124,244,50,60,77,224,0,0,0,0,253,14,86,224,224,0,0,0,0,237,173,141,237,0,0,0,0,0,43,45,43,77,105,0,0,0,0,0,37,171,0,0,0,0,0,0,38,1,38,1,63,0,0,0,0,91,6,82,26,0,25,0,0,0,0,0,1,80,0,0,0,69,33,0,0,0,0,0,0,198,224,37,105,166,224,57,224,0,74,0,3,11,0,33,0,65,76,131,208,136,209,6,5,237,43,10,223,33,223,10,222,1,2,2,2,74,8,85,70,6,199,251,43,251,136,241,0,87,197,242,48,58,75,224,0,0,0,0,255,16,88,224,224,0,0,0,0,237,173,141,237,0,0,0,0,0,43,45,43,77,105,0,0,0,0,0,37,171,0,0,0,0,0,0,38,1,38,1,63,0,0,0,0,95,6,51,26,0,25,0,0,0,0,0,5,96,0,0,0,69,33,0,0,0,0,0,0,198,224,37,233,166,224,63,224,0,58,0,3,11,0,33,0,192,54,131,208,69,209,6,5,237,43,12,223,32,223,12,222,32,222,245,3,50,4,0,240,6,0,55,247,250,201,241
2026-08-03_14-39-02,1,403,0,0.0,0,190.0,-1,-1,0,87,197,242,48,58,75,224,0,0,0,0,255,16,88,224,224,0,0,0,0,237,173,141,237,0,0,0,0,0,43,45,43,77,105,0,0,0,0,0,37,171,0,0,0,0,0,0,38,1,38,1,63,0,0,0,0,95,6,51,26,0,25,0,0,0,0,0,5,96,0,0,0,69,33,0,0,0,0,0,0,198,224,37,233,166,224,63,224,0,58,0,3,11,0,33,0,192,54,131,208,69,209,6,5,237,43,12,223,32,223,12,222,32,222,245,3,50,4,0,240,6,0,55,247,250,201,241,0,124,95,46,56,73,224,224,0,0,0,0,1,18,224,224,224,0,0,0,0,173,141,237,0,0,0,0,0,0,43,45,43,77,105,0,0,0,0,37,171,0,0,0,0,0,0,0,38,1,38,1,63,0,0,0,0,99,6,17,26,0,25,0,0,0,0,0,1,96,0,0,0,69,33,0,0,0,0,0,0,198,224,37,91,166,224,69,224,0,42,0,2,10,0,33,0,66,88,131,208,207,209,6,5,237,43,14,223,32,223,14,222,1,2,2,3,86,8,141,76,6,0,55,43,251,136,241
2026-08-03_14-39-02,1,404,0,0.0,0,190.0,-1,-1,0,124,95,46,56,73,224,224,0,0,0,0,1,18,224,224,224,0,0,0,0,173,141,237,0,0,0,0,0,0,43,45,43,77,105,0,0,0,0,37,171,0,0,0,0,0,0,0,38,1,38,1,63,0,0,0,0,99,6,17,26,0,25,0,0,0,0,0,1,96,0,0,0,69,33,0,0,0,0,0,0,198,224,37,91,166,224,69,224,0,42,0,2,10,0,33,0,66,88,131,208,207,209,6,5,237,43,14,223,32,223,14,222,1,2,2,3,86,8,141,76,6,0,55,43,251,136,241,0,197,240,44,54,71,224,224,0,0,0,0,3,20,224,224,224,0,0,0,0,157,157,221,0,0,0,0,0,0,27,29,43,77,105,0,0,0,0,37,171,0,0,0,0,0,0,0,38,1,38,1,63,0,0,0,0,103,6,98,26,0,25,0,0,0,0,0,5,0,0,0,0,69,33,0,0,0,0,0,0,198,224,37,219,166,224,75,224,0,26,0,2,10,0,33,0,64,94,192,208,207,209,0,5,0,43,15,223,32,223,15,222,2,0,0,0,92,8,82,91,6,199,251,43,251,136,241
2026-08-03_14-39-02,1,405,0,0.0,0,190.0,-1,-1,0,197,240,44,54,71,224,224,0,0,0,0,3,20,224,224,224,0,0,0,0,157,157,221,0,0,0,0,0,0,27,29,43,77,105,0,0,0,0,37,171,0,0,0,0,0,0,0,38,1,38,1,63,0,0,0,0,103,6,98,26,0,25,0,0,0,0,0,5,0,0,0,0,69,33,0,0,0,0,0,0,198,224,37,219,166,224,75,224,0,26,0,2,10,0,33,0,64,94,192,208,207,209,0,5,0,43,15,223,32,223,15,222,2,0,0,0,92,8,82,91,6,199,251,43,251,136,241,0,95,9,42,52,69,224,224,0,0,0,0,5,22,224,224,224,0,0,0,0,157,157,221,0,0,0,0,0,0,27,29,43,77,105,0,0,0,0,37,171,0,0,0,0,0,0,0,38,1,38,1,63,0,0,0,0,107,6,67,26,0,25,0,0,0,0,0,1,0,0,0,0,69,33,0,0,0,0,0,0,198,224,37,37,166,224,224,224,0,0,0,2,10,0,33,0,128,54,192,208,207,209,0,5,0,43,0,223,32,223,0,222,10,0,0,0,50,4,78,42,6,199,251,123,251,201,241
2026-08-03_14-39-02,1,406,0,0.0,0,190.0,-1,-1,0,95,9,42,52,69,224,224,0,0,0,0,5,22,224,224,224,0,0,0,0,157,157,221,0,0,0,0,0,0,27,29,43,77,105,0,0,0,0,37,171,0,0,0,0,0,0,0,38,1,38,1,63,0,0,0,0,107,6,67,26,0,25,0,0,0,0,0,1,0,0,0,0,69,33,0,0,0,0,0,0,198,224,37,37,166,224,224,224,0,0,0,2,10,0,33,0,128,54,192,208,207,209,0,5,0,43,0,223,32,223,0,222,10,0,0,0,50,4,78,42,6,199,251,123,251,201,241,0,240,156,40,50,67,224,224,0,0,0,0,7,24,224,224,224,0,0,0,0,157,157,221,0,0,0,0,0,0,27,29,43,77,105,0,0,0,0,37,171,0,0,0,0,0,0,0,38,1,38,1,63,0,0,0,0,111,6,33,26,0,25,0,0,0,0,0,5,32,0,0,0,69,33,0,0,0,0,0,0,198,224,37,37,166,224,224,224,0,0,0,2,10,0,33,0,128,54,192,208,207,209,0,5,0,43,0,223,32,223,0,222,10,0,0,1,50,4,78,44,6,199,251,123,251,201,241
2026-08-03_14-39-02,1,407,0,0.0,0,190.0,-1,-1,0,240,156,40,50,67,224,224,0,0,0,0,7,24,224,224,224,0,0,0,0,157,157,221,0,0,0,0,0,0,27,29,43,77,105,0,0,0,0,37,171,0,0,0,0,0,0,0,38,1,38,1,63,0,0,0,0,111,6,33,26,0,25,0,0,0,0,0,5,32,0,0,0,69,33,0,0,0,0,0,0,198,224,37,37,166,224,224,224,0,0,0,2,10,0,33,0,128,54,192,208,207,209,0,5,0,43,0,223,32,223,0,222,10,0,0,1,50,4,78,44,6,199,251,123,251,201,241,0,9,194,38,48,65,224,224,0,0,0,0,9,26,224,224,224,0,0,0,0,141,173,205,0,0,0,0,0,0,11,13,43,77,105,0,0,0,0,37,171,0,0,0,0,0,0,0,38,1,38,1,63,0,0,0,0,115,6,114,26,0,25,0,0,0,0,0,1,32,0,0,0,69,33,0,0,0,0,0,0,198,224,37,37,166,224,224,224,0,0,0,2,10,0,33,0,128,54,192,208,207,209,0,5,0,43,0,223,32,223,0,222,10,0,0,1,50,4,79,46,6,199,251,123,251,201,241
2026-08-03_14-39-02,1,408,0,0.0,0,190.0,-1,-1,0,9,194,38,48,65,224,224,0,0,0,0,9,26,224,224,224,0,0,0,0,141,173,205,0,0,0,0,0,0,11,13,43,77,105,0,0,0,0,37,171,0,0,0,0,0,0,0,38,1,38,1,63,0,0,0,0,115,6,114,26,0,25,0,0,0,0,0,1,32,0,0,0,69,33,0,0,0,0,0,0,198,224,37,37,166,224,224,224,0,0,0,2,10,0,33,0,128,54,192,208,207,209,0,5,0,43,0,223,32,223,0,222,10,0,0,1,50,4,79,46,6,199,251,123,251,201,241,0,156,35,36,46,63,224,224,0,0,0,0,11,28,224,224,224,0,0,0,0,141,173,205,0,0,0,0,0,0,11,13,43,77,105,0,0,0,0,37,171,0,0,0,0,0,0,0,38,1,38,1,63,0,0,0,0,119,6,83,26,0,25,0,0,0,0,0,5,64,0,0,0,69,33,0,0,0,0,0,0,198,224,37,37,166,224,224,224,0,0,0,2,10,0,33,0,128,54,192,208,207,209,0,5,0,43,0,223,32,223,0,222,10,0,0,2,50,4,79,48,6,199,251,123,251,201,241
2026-08-03_14-39-02,1,409,0,0.0,0,190.0,-1,-1,0,156,35,36,46,63,224,224,0,0,0,0,11,28,224,224,224,0,0,0,0,141,173,205,0,0,0,0,0,0,11,13,43,77,105,0,0,0,0,37,171,0,0,0,0,0,0,0,38,1,38,1,63,0,0,0,0,119,6,83,26,0,25,0,0,0,0,0,5,64,0,0,0,69,33,0,0,0,0,0,0,198,224,37,37,166,224,224,224,0,0,0,2,10,0,33,0,128,54,192,208,207,209,0,5,0,43,0,223,32,223,0,222,10,0,0,2,50,4,79,48,6,199,251,123,251,201,241,0,194,52,34,44,61,224,224,0,0,0,0,13,30,224,224,224,0,0,0,0,141,173,205,0,0,0,0,0,0,11,13,43,77,105,0,0,0,0,37,171,0,0,0,0,0,0,0,38,1,38,1,63,0,0,0,0,123,6,49,26,0,25,0,0,0,0,0,1,64,0,0,0,69,33,0,0,0,0,0,0,198,224,37,37,166,224,224,224,0,0,0,2,10,0,33,0,128,54,192,208,207,209,0,5,0,43,0,223,32,223,0,222,10,0,0,2,50,4,79,50,6,199,251,123,251,201,241
2026-08-03_14-39-02,1,410,0,0.0,0,190.0,-1,-1,0,194,52,34,44,61,224,224,0,0,0,0,13,30,224,224,224,0,0,0,0,141,173,205,0,0,0,0,0,0,11,13,43,77,105,0,0,0,0,37,171,0,0,0,0,0,0,0,38,1,38,1,63,0,0,0,0,123,6,49,26,0,25,0,0,0,0,0,1,64,0,0,0,69,33,0,0,0,0,0,0,198,224,37,37,166,224,224,224,0,0,0,2,10,0,33,0,128,54,192,208,207,209,0,5,0,43,0,223,32,223,0,222,10,0,0,2,50,4,79,50,6,199,251,123,251,201,241,0,35,72,32,42,59,224,224,0,0,0,0,15,32,224,224,224,0,0,0,0,141,173,205,0,0,0,0,0,0,11,13,43,77,105,0,0,0,0,37,171,0,0,0,0,0,0,0,38,1,38,1,63,0,0,0,0,127,6,18,26,0,25,0,0,0,0,0,5,96,0,0,0,69,33,0,0,0,0,0,0,198,224,37,37,166,224,224,224,0,0,0,2,10,0,33,0,128,54,192,208,207,209,0,5,0,43,0,223,32,223,0,222,10,0,0,3,50,4,79,52,6,199,251,123,251,201,241
2026-08-03_14-39-02,1,411,0,0.0,0,190.0,-1,-1,0,35,72,32,42,59,224,224,0,0,0,0,15,32,224,224,224,0,0,0,0,141,173,205,0,0,0,0,0,0,11,13,43,77,105,0,0,0,0,37,171,0,0,0,0,0,0,0,38,1,38,1,63,0,0,0,0,127,6,18,26,0,25,0,0,0,0,0,5,96,0,0,0,69,33,0,0,0,0,0,0,198,224,37,37,166,224,224,224,0,0,0,2,10,0,33,0,128,54,192,208,207,209,0,5,0,43,0,223,32,223,0,222,10,0,0,3,50,4,79,52,6,199,251,123,251,201,241,0,52,140,30,40,57,224,224,0,0,0,0,17,34,224,224,224,0,0,0,0,50,189,189,0,0,0,0,0,0,251,253,43,77,105,0,0,0,0,37,171,0,0,0,0,0,0,0,38,1,38,1,63,0,0,0,0,131,6,99,26,0,25,0,0,0,0,0,1,96,0,0,0,69,33,0,0,0,0,0,0,198,224,37,37,166,224,224,224,0,0,0,2,10,0,33,0,128,54,192,208,207,209,0,5,0,43,0,223,32,223,0,222,10,0,0,3,50,4,80,54,6,199,251,123,251,201,241
2026-08-03_14-39-02,1,412,0,0.0,0,190.0,-1,-1,0,52,140,30,40,57,224,224,0,0,0,0,17,34,224,224,224,0,0,0,0,50,189,189,0,0,0,0,0,0,251,253,43,77,105,0,0,0,0,37,171,0,0,0,0,0,0,0,38,1,38,1,63,0,0,0,0,131,6,99,26,0,25,0,0,0,0,0,1,96,0,0,0,69,33,0,0,0,0,0,0,198,224,37,37,166,224,224,224,0,0,0,2,10,0,33,0,128,54,192,208,207,209,0,5,0,43,0,223,32,223,0,222,10,0,0,3,50,4,80,54,6,199,251,123,251,201,241,0,72,203,28,38,55,224,224,0,0,0,0,19,36,224,224,224,0,0,0,0,50,189,189,0,0,0,0,0,0,251,253,43,77,105,0,0,0,0,37,171,0,0,0,0,0,0,0,38,1,38,1,63,0,0,0,0,135,6,65,26,0,25,0,0,0,0,0,5,0,0,0,0,69,33,0,0,0,0,0,0,198,224,37,37,166,224,224,224,0,0,0,2,10,0,33,0,128,54,192,208,207,209,0,5,0,43,0,223,32,223,0,222,10,0,0,0,50,4,253,56,6,199,251,123,251,201,241
2026-08-03_14-39-02,1,413,1,0.0,0,190.0,-1,-1,0,72,203,28,38,55,224,224,0,0,0,0,19,36,224,224,224,0,0,0,0,50,189,189,0,0,0,0,0,0,251,253,43,77,105,0,0,0,0,37,171,0,0,0,0,0,0,0,38,1,38,1,63,0,0,0,0,135,6,65,26,0,25,0,0,0,0,0,5,0,0,0,0,69,33,0,0,0,0,0,0,198,224,37,37,166,224,224,224,0,0,0,2,10,0,33,0,128,54,192,208,207,209,0,5,0,43,0,223,32,223,0,222,10,0,0,0,50,4,253,56,6,199,251,123,251,201,241,0,140,187,26,36,53,224,224,0,0,0,0,21,38,224,224,224,0,0,0,0,50,189,189,0,0,0,0,0,0,251,253,43,77,105,0,0,0,0,37,171,0,0,0,0,0,0,0,38,1,38,1,63,0,0,0,0,139,6,34,26,0,25,0,0,0,0,0,13,16,0,16,0,69,33,0,0,0,0,0,0,198,224,37,5,166,224,39,224,0,122,0,2,10,0,33,0,66,58,192,208,207,209,0,5,0,43,0,223,32,223,0,222,10,0,0,0,56,8,80,58,6,199,251,123,251,136,241
2026-08-03_14-39-02,1,414,1,0.0,0,190.0,-1,-1,0,140,187,26,36,53,224,224,0,0,0,0,21,38,224,224,224,0,0,0,0,50,189,189,0,0,0,0,0,0,251,253,43,77,105,0,0,0,0,37,171,0,0,0,0,0,0,0,38,1,38,1,63,0,0,0,0,139,6,34,26,0,25,0,0,0,0,0,13,16,0,16,0,69,33,0,0,0,0,0,0,198,224,37,5,166,224,39,224,0,122,0,2,10,0,33,0,66,58,192,208,207,209,0,5,0,43,0,223,32,223,0,222,10,0,0,0,56,8,80,58,6,199,251,123,251,136,241,0,203,178,24,34,51,224,224,0,0,0,0,23,40,224,224,224,0,0,0,0,34,205,173,0,0,0,0,0,0,235,237,43,77,105,0,0,0,0,37,171,0,0,0,0,0,0,0,38,1,38,1,63,0,0,0,0,143,6,115,26,0,25,0,0,0,0,0,9,16,0,16,0,69,33,0,0,0,0,0,0,198,224,37,133,166,224,45,224,0,106,0,2,10,0,33,0,64,64,192,208,207,209,0,5,0,43,0,223,32,223,0,222,10,0,0,0,62,8,81,60,6,199,251,123,251,136,241
2026-08-03_14-39-02,1,415,1,0.0,0,190.0,-1,-1,0,203,178,24,34,51,224,224,0,0,0,0,23,40,224,224,224,0,0,0,0,34,205,173,0,0,0,0,0,0,235,237,43,77,105,0,0,0,0,37,171,0,0,0,0,0,0,0,38,1,38,1,63,0,0,0,0,143,6,115,26,0,25,0,0,0,0,0,9,16,0,16,0,69,33,0,0,0,0,0,0,198,224,37,133,166,224,45,224,0,106,0,2,10,0,33,0,64,64,192,208,207,209,0,5,0,43,0,223,32,223,0,222,10,0,0,0,62,8,81,60,6,199,251,123,251,136,241,0,187,43,22,32,49,224,224,0,0,0,0,25,42,224,224,224,0,0,0,0,34,205,173,0,0,0,0,0,0,235,237,43,77,105,0,0,0,0,37,171,0,0,0,0,0,0,0,38,1,38,1,63,0,0,0,0,147,6,81,26,0,25,0,0,0,0,0,5,16,0,16,0,69,33,0,0,0,0,0,0,198,224,37,247,166,224,51,224,0,90,0,2,10,0,33,0,128,54,192,208,207,209,0,5,0,43,0,223,32,223,0,222,9,2,2,0,50,4,66,45,6,199,251,123,251,201,241
2026-08-03_14-39-02,1,416,1,0.0,0,190.0,-1,-1,0,187,43,22,32,49,224,224,0,0,0,0,25,42,224,224,224,0,0,0,0,34,205,173,0,0,0,0,0,0,235,237,43,77,105,0,0,0,0,37,171,0,0,0,0,0,0,0,38,1,38,1,63,0,0,0,0,147,6,81,26,0,25,0,0,0,0,0,5,16,0,16,0,69,33,0,0,0,0,0,0,198,224,37,247,166,224,51,224,0,90,0,2,10,0,33,0,128,54,192,208,207,209,0,5,0,43,0,223,32,223,0,222,9,2,2,0,50,4,66,45,6,199,251,123,251,201,241,0,178,185,20,30,47,224,224,0,0,0,0,27,44,224,224,224,0,0,0,0,34,205,173,0,0,0,0,0,0,235,237,43,77,105,0,0,0,0,37,171,0,0,0,0,0,0,0,38,1,38,1,63,0,0,0,0,151,6,50,26,0,25,0,0,0,0,0,1,16,0,0,0,69,33,0,0,0,0,0,0,198,224,37,105,166,224,57,224,0,74,0,2,10,0,33,0,65,76,192,208,207,209,0,5,0,43,0,223,32,223,0,222,10,0,0,0,74,8,81,64,6,199,251,123,251,136,241
2026-08-03_14-39-02,1,417,0,0.0,0,190.0,-1,-1,0,178,185,20,30,47,224,224,0,0,0,0,27,44,224,224,224,0,0,0,0,34,205,173,0,0,0,0,0,0,235,237,43,77,105,0,0,0,0,37,171,0,0,0,0,0,0,0,38,1,38,1,63,0,0,0,0,151,6,50,26,0,25,0,0,0,0,0,1,16,0,0,0,69,33,0,0,0,0,0,0,198,224,37,105,166,224,57,224,0,74,0,2,10,0,33,0,65,76,192,208,207,209,0,5,0,43,0,223,32,223,0,222,10,0,0,0,74,8,81,64,6,199,251,123,251,136,241,0,43,154,18,28,45,224,224,0,0,0,0,29,46,224,224,224,0,0,0,0,34,205,173,0,0,0,0,0,0,235,237,43,77,105,0,0,0,0,37,171,0,0,0,0,0,0,0,38,1,38,1,63,0,0,0,0,155,6,19,26,0,25,0,0,0,0,0,5,96,0,0,0,69,33,0,0,0,0,0,0,198,224,37,233,166,224,63,224,0,58,0,2,10,0,33,0,192,54,192,208,207,209,0,5,0,43,0,223,32,223,0,222,9,2,2,3,50,4,66,49,6,199,251,123,251,201,241
2026-08-03_14-39-02,1,418,0,0.0,0,190.0,-1,-1,0,43,154,18,28,45,224,224,0,0,0,0,29,46,224,224,224,0,0,0,0,34,205,173,0,0,0,0,0,0,235,237,43,77,105,0,0,0,0,37,171,0,0,0,0,0,0,0,38,1,38,1,63,0,0,0,0,155,6,19,26,0,25,0,0,0,0,0,5,96,0,0,0,69,33,0,0,0,0,0,0,198,224,37,233,166,224,63,224,0,58,0,2,10,0,33,0,192,54,192,208,207,209,0,5,0,43,0,223,32,223,0,222,9,2,2,3,50,4,66,49,6,199,251,123,251,201,241,0,185,175,16,26,43,224,224,0,0,0,0,31,48,224,224,224,0,0,0,0,18,221,157,0,0,0,0,0,0,219,221,43,77,105,0,0,0,0,37,171,0,0,0,0,0,0,0,38,1,38,1,63,0,0,0,0,159,6,97,26,0,25,0,0,0,0,0,1,96,0,0,0,69,33,0,0,0,0,0,0,198,224,37,91,166,224,69,224,0,42,0,2,10,0,33,0,66,88,192,208,207,209,0,5,0,43,0,223,32,223,0,222,32,222,13,3,86,8,0,240,6,0,55,247,250,136,241
2026-08-03_14-39-02,1,419,0,0.0,0,190.0,-1,-1,0,185,175,16,26,43,224,224,0,0,0,0,31,48,224,224,224,0,0,0,0,18,221,157,0,0,0,0,0,0,219,221,43,77,105,0,0,0,0,37,171,0,0,0,0,0,0,0,38,1,38,1,63,0,0,0,0,159,6,97,26,0,25,0,0,0,0,0,1,96,0,0,0,69,33,0,0,0,0,0,0,198,224,37,91,166,224,69,224,0,42,0,2,10,0,33,0,66,88,192,208,207,209,0,5,0,43,0,223,32,223,0,222,32,222,13,3,86,8,0,240,6,0,55,247,250,136,241,0,154,249,14,24,41,224,224,0,0,0,0,33,50,224,224,224,0,0,0,0,18,221,157,0,0,0,0,0,0,219,221,43,77,105,0,0,0,0,37,171,0,0,0,0,0,0,0,38,1,38,1,63,0,0,0,0,163,6,66,26,0,25,0,0,0,0,0,5,0,0,0,0,69,33,0,0,0,0,0,0,198,224,37,219,166,224,75,224,0,26,0,2,10,0,33,0,64,94,192,208,207,209,0,5,0,43,0,223,32,223,0,222,32,222,13,0,92,8,0,240,6,0,55,247,250,136,241
2026-08-03_14-39-02,1,420,0,0.0,0,190.0,-1,-1,0,154,249,14,24,41,224,224,0,0,0,0,33,50,224,224,224,0,0,0,0,18,221,157,0,0,0,0,0,0,219,221,43,77,105,0,0,0,0,37,171,0,0,0,0,0,0,0,38,1,38,1,63,0,0,0,0,163,6,66,26,0,25,0,0,0,0,0,5,0,0,0,0,69,33,0,0,0,0,0,0,198,224,37,219,166,224,75,224,0,26,0,2,10,0,33,0,64,94,192,208,207,209,0,5,0,43,0,223,32,223,0,222,32,222,13,0,92,8,0,240,6,0,55,247,250,136,241,0,175,149,12,22,39,224,224,0,0,0,0,35,52,224,224,224,0,0,0,0,18,221,157,0,0,0,0,0,0,219,221,43,77,105,0,0,0,0,37,171,0,0,0,0,0,0,0,38,1,38,1,63,0,0,0,0,167,6,35,26,0,25,0,0,0,0,0,1,0,0,0,0,69,33,0,0,0,0,0,0,198,224,37,37,166,224,224,224,0,0,0,2,10,0,33,0,128,54,192,208,207,209,0,5,0,43,0,223,32,223,0,222,9,2,2,0,50,4,67,55,6,199,251,123,251,201,241
2026-08-03_14-39-02,1,421,0,0.0,0,190.0,-1,-1,0,175,149,12,22,39,224,224,0,0,0,0,35,52,224,224,224,0,0,0,0,18,221,157,0,0,0,0,0,0,219,221,43,77,105,0,0,0,0,37,171,0,0,0,0,0,0,0,38,1,38,1,63,0,0,0,0,167,6,35,26,0,25,0,0,0,0,0,1,0,0,0,0,69,33,0,0,0,0,0,0,198,224,37,37,166,224,224,224,0,0,0,2,10,0,33,0,128,54,192,208,207,209,0,5,0,43,0,223,32,223,0,222,9,2,2,0,50,4,67,55,6,199,251,123,251,201,241,0,249,94,10,20,37,224,224,0,0,0,0,37,54,224,224,224,0,0,0,0,2,237,141,0,0,0,0,0,0,203,205,43,77,105,0,0,0,0,37,171,0,0,0,0,0,0,0,38,1,38,1,63,0,0,0,0,171,6,113,26,0,25,0,0,0,0,0,5,32,0,0,0,69,33,0,0,0,0,0,0,198,224,37,37,166,224,224,224,0,0,0,2,10,0,33,0,128,54,192,208,207,209,0,5,0,43,0,223,32,223,0,222,1,2,2,1,50,4,237,40,6,0,55,43,251,201,241
2026-08-03_14-39-02,1,422,0,0.0,0,190.0,-1,-1,0,249,94,10,20,37,224,224,0,0,0,0,37,54,224,224,224,0,0,0,0,2,237,141,0,0,0,0,0,0,203,205,43,77,105,0,0,0,0,37,171,0,0,0,0,0,0,0,38,1,38,1,63,0,0,0,0,171,6,113,26,0,25,0,0,0,0,0,5,32,0,0,0,69,33,0,0,0,0,0,0,198,224,37,37,166,224,224,224,0,0,0,2,10,0,33,0,128,54,192,208,207,209,0,5,0,43,0,223,32,223,0,222,1,2,2,1,50,4,237,40,6,0,55,43,251,201,241,0,149,225,8,18,35,224,224,0,0,0,0,39,56,224,224,224,0,0,0,0,2,237,141,0,0,0,0,0,0,203,205,43,77,105,0,0,0,0,37,171,0,0,0,0,0,0,0,38,1,38,1,63,0,0,0,0,175,6,82,26,0,25,0,0,0,0,0,1,32,0,0,0,69,33,0,0,0,0,0,0,198,224,37,37,166,224,224,224,0,0,0,2,10,0,33,0,128,54,192,208,207,209,0,5,0,43,0,223,32,223,0,222,2,0,0,1,50,4,87,55,6,199,251,43,251,201,241
2026-08-03_14-39-02,1,423,0,0.0,0,190.0,-1,-1,0,149,225,8,18,35,224,224,0,0,0,0,39,56,224,224,224,0,0,0,0,2,237,141,0,0,0,0,0,0,203,205,43,77,105,0,0,0,0,37,171,0,0,0,0,0,0,0,38,1,38,1,63,0,0,0,0,175,6,82,26,0,25,0,0,0,0,0,1,32,0,0,0,69,33,0,0,0,0,0,0,198,224,37,37,166,224,224,224,0,0,0,2,10,0,33,0,128,54,192,208,207,209,0,5,0,43,0,223,32,223,0,222,2,0,0,1,50,4,87,55,6,199,251,43,251,201,241,0,94,23,6,16,33,224,224,0,0,0,0,41,58,224,224,224,0,0,0,0,2,237,141,0,0,0,0,0,0,203,205,43,77,105,0,0,0,0,37,171,0,0,0,0,0,0,0,38,1,38,1,63,0,0,0,0,179,6,51,26,0,25,0,0,0,0,0,5,64,0,0,0,69,33,0,0,0,0,0,0,198,224,37,37,166,224,224,224,0,0,0,2,10,0,33,0,128,54,192,208,207,209,0,5,0,43,0,223,32,223,0,222,2,0,0,2,50,4,87,53,6,199,251,43,251,201,241
2026-08-03_14-39-02,1,424,0,0.0,0,190.0,-1,-1,0,94,23,6,16,33,224,224,0,0,0,0,41,58,224,224,224,0,0,0,0,2,237,141,0,0,0,0,0,0,203,205,43,77,105,0,0,0,0,37,171,0,0,0,0,0,0,0,38,1,38,1,63,0,0,0,0,179,6,51,26,0,25,0,0,0,0,0,5,64,0,0,0,69,33,0,0,0,0,0,0,198,224,37,37,166,224,224,224,0,0,0,2,10,0,33,0,128,54,192,208,207,209,0,5,0,43,0,223,32,223,0,222,2,0,0,2,50,4,87,53,6,199,251,43,251,201,241,0,225,124,4,14,31,224,224,0,0,0,0,43,60,224,224,224,0,0,0,0,2,237,141,0,0,0,0,0,0,203,205,43,77,105,0,0,0,0,37,171,0,0,0,0,0,0,0,38,1,38,1,63,0,0,0,0,183,6,17,26,0,25,0,0,0,0,0,1,64,0,0,0,69,33,0,0,0,0,0,0,198,224,37,37,166,224,224,224,0,0,0,2,10,0,33,0,128,54,192,208,207,209,0,5,0,43,0,223,32,223,0,222,2,0,0,2,50,4,87,51,6,199,251,43,251,201,241
2026-08-03_14-39-02,1,425,4,0.0,0,190.0,-1,-1,0,225,124,4,14,31,224,224,0,0,0,0,43,60,224,224,224,0,0,0,0,2,237,141,0,0,0,0,0,0,203,205,43,77,105,0,0,0,0,37,171,0,0,0,0,0,0,0,38,1,38,1,63,0,0,0,0,183,6,17,26,0,25,0,0,0,0,0,1,64,0,0,0,69,33,0,0,0,0,0,0,198,224,37,37,166,224,224,224,0,0,0,2,10,0,33,0,128,54,192,208,207,209,0,5,0,43,0,223,32,223,0,222,2,0,0,2,50,4,87,51,6,199,251,43,251,201,241,0,23,196,2,12,29,224,224,0,0,0,0,45,62,224,224,224,0,0,0,0,242,253,50,0,0,0,0,0,0,187,189,43,77,105,0,0,0,0,37,171,0,0,0,0,0,0,0,38,1,38,1,63,0,0,0,0,187,6,98,27,0,25,0,0,0,0,0,5,96,0,0,0,69,33,0,0,0,0,0,0,198,224,37,37,166,224,224,224,0,0,0,2,10,0,33,0,128,54,192,208,207,209,0,5,0,43,0,223,32,223,0,222,2,0,0,3,50,4,88,49,6,199,251,43,251,201,241
2026-08-03_14-39-02,1,426,4,0.0,0,190.0,-1,-1,0,23,196,2,12,29,224,224,0,0,0,0,45,62,224,224,224,0,0,0,0,242,253,50,0,0,0,0,0,0,187,189,43,77,105,0,0,0,0,37,171,0,0,0,0,0,0,0,38,1,38,1,63,0,0,0,0,187,6,98,27,0,25,0,0,0,0,0,5,96,0,0,0,69,33,0,0,0,0,0,0,198,224,37,37,166,224,224,224,0,0,0,2,10,0,33,0,128,54,192,208,207,209,0,5,0,43,0,223,32,223,0,222,2,0,0,3,50,4,88,49,6,199,251,43,251,201,241,0,124,71,0,10,27,224,224,0,0,0,0,47,64,224,224,224,0,0,0,0,242,253,50,0,0,0,0,0,0,187,189,43,77,105,0,0,0,0,37,171,0,0,0,0,0,0,0,38,1,38,1,63,0,0,0,0,191,6,67,28,0,25,0,0,0,0,0,1,96,0,0,0,69,33,0,0,0,0,0,0,198,224,37,37,166,224,224,224,0,0,0,2,10,0,33,0,128,54,192,208,207,209,0,5,0,43,0,223,32,223,0,222,2,0,0,3,50,4,88,47,6,199,251,43,251,201,241
2026-08-03_14-39-02,1,427,4,0.0,0,190.0,-1,-1,0,124,71,0,10,27,224,224,0,0,0,0,47,64,224,224,224,0,0,0,0,242,253,50,0,0,0,0,0,0,187,189,43,77,105,0,0,0,0,37,171,0,0,0,0,0,0,0,38,1,38,1,63,0,0,0,0,191,6,67,28,0,25,0,0,0,0,0,1,96,0,0,0,69,33,0,0,0,0,0,0,198,224,37,37,166,224,224,224,0,0,0,2,10,0,33,0,128,54,192,208,207,209,0,5,0,43,0,223,32,223,0,222,2,0,0,3,50,4,88,47,6,199,251,43,251,201,241,0,196,112,254,8,25,87,224,0,0,0,0,49,66,224,224,224,0,0,0,0,242,253,50,242,0,0,0,0,0,187,189,43,77,105,0,0,0,0,37,171,0,37,0,0,0,0,0,38,1,38,1,63,0,0,0,0,195,6,33,28,0,25,0,0,0,0,0,5,0,0,0,0,69,33,0,0,0,0,0,0,198,224,37,37,166,224,224,224,0,0,0,3,10,0,33,0,128,54,131,208,207,209,1,5,242,43,32,223,32,223,32,222,2,0,0,0,50,4,88,45,6,199,251,43,251,201,241
2026-08-03_14-39-02,1,428,4,0.0,0,190.0,-1,-1,0,196,112,254,8,25,87,224,0,0,0,0,49,66,224,224,224,0,0,0,0,242,253,50,242,0,0,0,0,0,187,189,43,77,105,0,0,0,0,37,171,0,37,0,0,0,0,0,38,1,38,1,63,0,0,0,0,195,6,33,28,0,25,0,0,0,0,0,5,0,0,0,0,69,33,0,0,0,0,0,0,198,224,37,37,166,224,224,224,0,0,0,3,10,0,33,0,128,54,131,208,207,209,1,5,242,43,32,223,32,223,32,222,2,0,0,0,50,4,88,45,6,199,251,43,251,201,241,0,71,9,252,6,23,85,224,0,0,0,0,51,68,224,224,224,0,0,0,0,226,13,34,226,0,0,0,0,0,171,173,43,77,105,0,0,0,0,37,171,0,37,0,0,0,0,0,38,1,38,1,63,0,0,0,0,199,6,114,29,0,25,0,0,0,0,0,1,0,0,0,0,69,33,0,0,0,0,0,0,198,224,37,37,166,224,224,224,0,0,0,3,10,0,33,0,128,54,131,208,207,209,1,5,226,43,34,223,32,223,34,222,2,0,0,0,50,4,89,43,6,199,251,43,251,201,241
2026-08-03_14-39-02,1,429,4,0.0,0,190.0,-1,-1,0,71,9,252,6,23,85,224,0,0,0,0,51,68,224,224,224,0,0,0,0,226,13,34,226,0,0,0,0,0,171,173,43,77,105,0,0,0,0,37,171,0,37,0,0,0,0,0,38,1,38,1,63,0,0,0,0,199,6,114,29,0,25,0,0,0,0,0,1,0,0,0,0,69,33,0,0,0,0,0,0,198,224,37,37,166,224,224,224,0,0,0,3,10,0,33,0,128,54,131,208,207,209,1,5,226,43,34,223,32,223,34,222,2,0,0,0,50,4,89,43,6,199,251,43,251,201,241,0,112,153,250,4,21,83,224,0,0,0,0,53,70,224,224,224,0,0,0,0,226,13,34,226,0,0,0,0,0,171,173,43,77,105,0,0,0,0,37,171,0,37,0,0,0,0,0,38,1,38,1,63,0,0,0,0,203,6,83,30,0,25,0,0,0,0,0,5,32,0,0,0,69,33,0,0,0,0,0,0,198,224,37,37,166,224,224,224,0,0,0,3,10,0,33,0,128,54,131,208,207,209,1,5,226,43,36,223,32,223,36,222,2,0,0,1,50,4,89,41,6,199,251,43,251,201,241
2026-08-03_14-39-02,1,430,0,0.0,0,190.0,-1,-1,0,112,153,250,4,21,83,224,0,0,0,0,53,70,224,224,224,0,0,0,0,226,13,34,226,0,0,0,0,0,171,173,43,77,105,0,0,0,0,37,171,0,37,0,0,0,0,0,38,1,38,1,63,0,0,0,0,203,6,83,30,0,25,0,0,0,0,0,5,32,0,0,0,69,33,0,0,0,0,0,0,198,224,37,37,166,224,224,224,0,0,0,3,10,0,33,0,128,54,131,208,207,209,1,5,226,43,36,223,32,223,36,222,2,0,0,1,50,4,89,41,6,199,251,43,251,201,241,0,9,146,2,19,81,224,224,0,0,0,0,55,72,224,224,224,0,0,0,0,13,34,226,0,0,0,0,0,0,171,173,43,77,105,0,0,0,0,171,0,37,0,0,0,0,0,0,38,1,38,1,63,0,0,0,0,207,6,49,31,0,25,0,0,0,0,0,1,32,0,0,0,69,33,0,0,0,0,0,0,198,224,37,37,166,224,224,224,0,0,0,2,10,0,33,0,128,54,131,208,136,209,1,6,226,173,38,223,15,223,38,222,1,0,0,1,50,4,89,39,1,199,251,43,251,201,241
2026-08-03_14-39-02,1,431,4,0.0,0,190.0,-1,-1,0,9,146,2,19,81,224,224,0,0,0,0,55,72,224,224,224,0,0,0,0,13,34,226,0,0,0,0,0,0,171,173,43,77,105,0,0,0,0,171,0,37,0,0,0,0,0,0,38,1,38,1,63,0,0,0,0,207,6,49,31,0,25,0,0,0,0,0,1,32,0,0,0,69,33,0,0,0,0,0,0,198,224,37,37,166,224,224,224,0,0,0,2,10,0,33,0,128,54,131,208,136,209,1,6,226,173,38,223,15,223,38,222,1,0,0,1,50,4,89,39,1,199,251,43,251,201,241,0,153,35,0,17,79,224,224,0,0,0,0,57,74,224,224,224,0,0,0,0,13,34,226,0,0,0,0,0,0,171,173,43,77,105,0,0,0,0,171,0,37,0,0,0,0,0,0,38,1,38,1,63,0,0,0,0,211,6,18,16,0,25,0,0,0,0,0,5,64,0,0,0,69,33,0,0,0,0,0,0,198,224,37,37,166,224,224,224,0,0,0,2,10,0,33,0,128,54,192,208,136,209,0,6,0,173,39,223,13,223,39,222,13,222,13,2,50,4,0,240,1,0,55,247,250,201,241
2026-08-03_14-39-02,1,432,0,0.0,0,190.0,-1,-1,0,153,35,0,17,79,224,224,0,0,0,0,57,74,224,224,224,0,0,0,0,13,34,226,0,0,0,0,0,0,171,173,43,77,105,0,0,0,0,171,0,37,0,0,0,0,0,0,38,1,38,1,63,0,0,0,0,211,6,18,16,0,25,0,0,0,0,0,5,64,0,0,0,69,33,0,0,0,0,0,0,198,224,37,37,166,224,224,224,0,0,0,2,10,0,33,0,128,54,192,208,136,209,0,6,0,173,39,223,13,223,39,222,13,222,13,2,50,4,0,240,1,0,55,247,250,201,241,0,146,53,254,15,77,87,224,0,0,0,0,243,59,76,224,224,0,0,0,0,29,18,210,29,0,0,0,0,0,157,155,157,43,105,0,0,0,0,171,0,37,171,0,0,0,0,0,1,38,1,38,63,0,0,0,0,215,6,99,16,0,25,0,0,0,0,0,1,64,0,0,0,69,33,0,0,0,0,0,0,198,224,37,37,166,224,224,224,0,0,0,3,11,0,33,0,128,54,131,208,136,209,6,6,29,157,32,223,11,223,32,222,11,222,29,2,50,4,0,240,1,0,55,247,250,201,241
2026-08-03_14-39-02,1,433,0,0.0,0,190.0,-1,-1,0,146,53,254,15,77,87,224,0,0,0,0,243,59,76,224,224,0,0,0,0,29,18,210,29,0,0,0,0,0,157,155,157,43,105,0,0,0,0,171,0,37,171,0,0,0,0,0,1,38,1,38,63,0,0,0,0,215,6,99,16,0,25,0,0,0,0,0,1,64,0,0,0,69,33,0,0,0,0,0,0,198,224,37,37,166,224,224,224,0,0,0,3,11,0,33,0,128,54,131,208,136,209,6,6,29,157,32,223,11,223,32,222,11,222,29,2,50,4,0,240,1,0,55,247,250,201,241,0,35,86,252,13,75,85,224,0,0,0,0,245,61,78,224,224,0,0,0,0,29,18,210,29,0,0,0,0,0,157,155,157,43,105,0,0,0,0,171,0,37,171,0,0,0,0,0,1,38,1,38,63,0,0,0,0,219,6,65,16,0,25,0,0,0,0,0,5,96,0,0,0,69,33,0,0,0,0,0,0,198,224,37,37,166,224,224,224,0,0,0,3,11,0,33,0,128,54,131,208,136,209,6,6,29,157,34,223,9,223,34,222,9,222,29,3,50,4,0,240,1,0,55,247,250,201,241
2026-08-03_14-39-02,1,434,0,0.0,0,190.0,-1,-1,0,35,86,252,13,75,85,224,0,0,0,0,245,61,78,224,224,0,0,0,0,29,18,210,29,0,0,0,0,0,157,155,157,43,105,0,0,0,0,171,0,37,171,0,0,0,0,0,1,38,1,38,63,0,0,0,0,219,6,65,16,0,25,0,0,0,0,0,5,96,0,0,0,69,33,0,0,0,0,0,0,198,224,37,37,166,224,224,224,0,0,0,3,11,0,33,0,128,54,131,208,136,209,6,6,29,157,34,223,9,223,34,222,9,222,29,3,50,4,0,240,1,0,55,247,250,201,241,0,53,108,250,11,73,83,224,0,0,0,0,247,63,80,224,224,0,0,0,0,29,18,210,29,0,0,0,0,0,157,155,157,43,105,0,0,0,0,171,0,37,171,0,0,0,0,0,1,38,1,38,63,0,0,0,0,223,6,34,16,0,25,0,0,0,0,0,1,96,0,0,0,69,33,0,0,0,0,0,0,198,224,37,37,166,224,224,224,0,0,0,3,11,0,33,0,128,54,131,208,136,209,6,6,29,157,36,223,7,223,36,222,7,222,5,3,50,4,0,240,1,0,55,247,250,201,241
2026-08-03_14-39-02,1,435,0,0.0,0,190.0,-1,-1,0,53,108,250,11,73,83,224,0,0,0,0,247,63,80,224,224,0,0,0,0,29,18,210,29,0,0,0,0,0,157,155,157,43,105,0,0,0,0,171,0,37,171,0,0,0,0,0,1,38,1,38,63,0,0,0,0,223,6,34,16,0,25,0,0,0,0,0,1,96,0,0,0,69,33,0,0,0,0,0,0,198,224,37,37,166,224,224,224,0,0,0,3,11,0,33,0,128,54,131,208,136,209,6,6,29,157,36,223,7,223,36,222,7,222,5,3,50,4,0,240,1,0,55,247,250,201,241,0,86,203,9,71,81,224,224,0,0,0,0,249,65,82,224,224,0,0,0,0,2,194,45,0,0,0,0,0,0,141,139,141,43,105,0,0,0,0,0,37,171,0,0,0,0,0,0,1,38,1,38,63,0,0,0,0,227,6,115,16,0,25,0,0,0,0,0,5,0,0,0,0,69,33,0,0,0,0,0,0,198,224,37,37,166,224,224,224,0,0,0,2,11,0,33,0,128,54,131,208,136,209,6,6,45,141,38,223,5,223,38,222,5,222,5,0,50,4,0,240,1,0,55,247,250,201,241
2026-08-03_14-39-02,1,436,0,0.0,0,190.0,-1,-1,0,86,203,9,71,81,224,224,0,0,0,0,249,65,82,224,224,0,0,0,0,2,194,45,0,0,0,0,0,0,141,139,141,43,105,0,0,0,0,0,37,171,0,0,0,0,0,0,1,38,1,38,63,0,0,0,0,227,6,115,16,0,25,0,0,0,0,0,5,0,0,0,0,69,33,0,0,0,0,0,0,198,224,37,37,166,224,224,224,0,0,0,2,11,0,33,0,128,54,131,208,136,209,6,6,45,141,38,223,5,223,38,222,5,222,5,0,50,4,0,240,1,0,55,247,250,201,241,0,108,191,7,69,79,224,224,0,0,0,0,251,67,84,224,224,0,0,0,0,2,194,45,0,0,0,0,0,0,141,139,141,43,105,0,0,0,0,0,37,171,0,0,0,0,0,0,1,38,1,38,63,0,0,0,0,231,6,81,16,0,25,0,0,0,0,0,1,0,0,0,0,69,33,0,0,0,0,0,0,198,224,37,37,166,224,224,224,0,0,0,2,11,0,33,0,128,54,192,208,136,209,0,6,0,141,39,223,3,223,39,222,3,222,29,0,50,4,0,240,1,0,55,247,250,201,241
2026-08-03_14-39-02,1,437,0,0.0,0,190.0,-1,-1,0,108,191,7,69,79,224,224,0,0,0,0,251,67,84,224,224,0,0,0,0,2,194,45,0,0,0,0,0,0,141,139,141,43,105,0,0,0,0,0,37,171,0,0,0,0,0,0,1,38,1,38,63,0,0,0,0,231,6,81,16,0,25,0,0,0,0,0,1,0,0,0,0,69,33,0,0,0,0,0,0,198,224,37,37,166,224,224,224,0,0,0,2,11,0,33,0,128,54,192,208,136,209,0,6,0,141,39,223,3,223,39,222,3,222,29,0,50,4,0,240,1,0,55,247,250,201,241,0,203,246,5,67,77,224,224,0,0,0,0,253,69,86,224,224,0,0,0,0,2,194,45,0,0,0,0,0,0,141,139,141,43,105,0,0,0,0,0,37,171,0,0,0,0,0,0,1,38,1,38,63,0,0,0,0,235,6,50,31,0,25,0,0,0,0,0,5,32,0,0,0,69,33,0,0,0,0,0,0,198,224,37,37,166,224,224,224,0,0,0,2,11,0,33,0,128,54,192,208,136,209,0,6,0,141,0,223,1,223,0,222,1,222,13,1,50,4,0,240,1,0,55,247,250,201,241
2026-08-03_14-39-02,1,438,3,0.0,0,190.0,-1,-1,0,203,246,5,67,77,224,224,0,0,0,0,253,69,86,224,224,0,0,0,0,2,194,45,0,0,0,0,0,0,141,139,141,43,105,0,0,0,0,0,37,171,0,0,0,0,0,0,1,38,1,38,63,0,0,0,0,235,6,50,31,0,25,0,0,0,0,0,5,32,0,0,0,69,33,0,0,0,0,0,0,198,224,37,37,166,224,224,224,0,0,0,2,11,0,33,0,128,54,192,208,136,209,0,6,0,141,0,223,1,223,0,222,1,222,13,1,50,4,0,240,1,0,55,247,250,201,241,0,191,107,3,65,75,224,224,0,0,0,0,255,71,88,224,224,0,0,0,0,2,194,45,0,0,0,0,0,0,141,139,141,43,105,0,0,0,0,0,37,171,0,0,0,0,0,0,1,38,1,38,63,0,0,0,0,239,6,19,30,0,25,0,0,0,0,0,1,32,0,0,0,69,33,0,0,0,0,0,0,198,224,37,37,166,224,224,224,0,0,0,2,11,0,33,0,128,54,192,208,69,209,0,6,0,141,0,223,0,223,0,222,0,222,8,1,50,4,0,240,1,0,55,247,250,201,241
2026-08-03_14-39-02,1,439,3,0.0,0,190.0,-1,-1,0,191,107,3,65,75,224,224,0,0,0,0,255,71,88,224,224,0,0,0,0,2,194,45,0,0,0,0,0,0,141,139,141,43,105,0,0,0,0,0,37,171,0,0,0,0,0,0,1,38,1,38,63,0,0,0,0,239,6,19,30,0,25,0,0,0,0,0,1,32,0,0,0,69,33,0,0,0,0,0,0,198,224,37,37,166,224,224,224,0,0,0,2,11,0,33,0,128,54,192,208,69,209,0,6,0,141,0,223,0,223,0,222,0,222,8,1,50,4,0,240,1,0,55,247,250,201,241,0,246,184,1,63,73,224,224,0,0,0,0,1,73,224,224,224,0,0,0,0,242,178,61,0,0,0,0,0,0,50,109,50,43,105,0,0,0,0,0,37,171,0,0,0,0,0,0,1,38,1,38,63,0,0,0,0,243,6,97,30,0,25,0,0,0,0,0,5,64,0,0,0,69,33,0,0,0,0,0,0,198,224,37,37,166,224,224,224,0,0,0,2,10,0,33,0,128,54,192,208,207,209,0,1,0,50,0,223,0,223,0,222,0,222,8,2,50,4,0,240,1,0,55,247,250,201,241
2026-08-03_14-39-02,1,440,3,0.0,0,190.0,-1,-1,0,246,184,1,63,73,224,224,0,0,0,0,1,73,224,224,224,0,0,0,0,242,178,61,0,0,0,0,0,0,50,109,50,43,105,0,0,0,0,0,37,171,0,0,0,0,0,0,1,38,1,38,63,0,0,0,0,243,6,97,30,0,25,0,0,0,0,0,5,64,0,0,0,69,33,0,0,0,0,0,0,198,224,37,37,166,224,224,224,0,0,0,2,10,0,33,0,128,54,192,208,207,209,0,1,0,50,0,223,0,223,0,222,0,222,8,2,50,4,0,240,1,0,55,247,250,201,241,0,107,131,255,61,71,88,224,0,0,0,0,3,75,224,224,224,0,0,0,0,242,178,61,242,0,0,0,0,0,50,109,50,43,105,0,0,0,0,0,37,171,0,0,0,0,0,0,1,38,1,38,63,0,0,0,0,247,6,66,29,0,25,0,0,0,0,0,1,64,0,0,0,69,33,0,0,0,0,0,0,198,224,37,37,166,224,224,224,0,0,0,3,10,0,33,0,128,54,14,208,207,209,1,1,242,50,0,223,0,223,0,222,0,222,8,2,50,4,0,240,1,0,55,247,250,201,241
2026-08-03_14-39-02,1,441,3,0.0,0,190.0,-1,-1,0,107,131,255,61,71,88,224,0,0,0,0,3,75,224,224,224,0,0,0,0,242,178,61,242,0,0,0,0,0,50,109,50,43,105,0,0,0,0,0,37,171,0,0,0,0,0,0,1,38,1,38,63,0,0,0,0,247,6,66,29,0,25,0,0,0,0,0,1,64,0,0,0,69,33,0,0,0,0,0,0,198,224,37,37,166,224,224,224,0,0,0,3,10,0,33,0,128,54,14,208,207,209,1,1,242,50,0,223,0,223,0,222,0,222,8,2,50,4,0,240,1,0,55,247,250,201,241,0,184,55,253,59,69,86,224,0,0,0,0,5,77,224,224,224,0,0,0,0,242,178,61,242,0,0,0,0,0,50,109,50,43,105,0,0,0,0,0,37,171,0,0,0,0,0,0,1,38,1,38,63,0,0,0,0,251,6,35,28,0,25,0,0,0,0,0,5,96,0,0,0,69,33,0,0,0,0,0,0,198,224,37,37,166,224,224,224,0,0,0,3,10,0,33,0,128,54,131,208,207,209,1,1,242,50,1,223,0,223,1,222,0,222,13,3,50,4,0,240,1,0,55,247,250,201,241
2026-08-03_14-39-02,1,442,0,0.0,0,190.0,-1,-1,0,184,55,253,59,69,86,224,0,0,0,0,5,77,224,224,224,0,0,0,0,242,178,61,242,0,0,0,0,0,50,109,50,43,105,0,0,0,0,0,37,171,0,0,0,0,0,0,1,38,1,38,63,0,0,0,0,251,6,35,28,0,25,0,0,0,0,0,5,96,0,0,0,69,33,0,0,0,0,0,0,198,224,37,37,166,224,224,224,0,0,0,3,10,0,33,0,128,54,131,208,207,209,1,1,242,50,1,223,0,223,1,222,0,222,13,3,50,4,0,240,1,0,55,247,250,201,241,0,131,121,251,57,67,84,224,0,0,0,0,7,79,224,224,224,0,0,0,0,226,162,77,226,0,0,0,0,0,34,93,50,43,105,0,0,0,0,0,37,171,0,0,0,0,0,0,1,38,1,38,63,0,0,0,0,255,6,113,28,0,25,0,0,0,0,0,1,96,0,0,0,69,33,0,0,0,0,0,0,198,224,37,37,166,224,224,224,0,0,0,3,10,0,33,0,128,54,131,208,136,209,1,1,226,50,3,223,39,223,3,222,39,222,29,3,50,4,0,240,6,0,55,247,250,201,241
2026-08-03_14-39-02,1,443,0,0.0,0,190.0,-1,-1,0,131,121,251,57,67,84,224,0,0,0,0,7,79,224,224,224,0,0,0,0,226,162,77,226,0,0,0,0,0,34,93,50,43,105,0,0,0,0,0,37,171,0,0,0,0,0,0,1,38,1,38,63,0,0,0,0,255,6,113,28,0,25,0,0,0,0,0,1,96,0,0,0,69,33,0,0,0,0,0,0,198,224,37,37,166,224,224,224,0,0,0,3,10,0,33,0,128,54,131,208,136,209,1,1,226,50,3,223,39,223,3,222,39,222,29,3,50,4,0,240,6,0,55,247,250,201,241,0,55,144,249,55,65,82,224,0,0,0,0,9,81,224,224,224,0,0,0,0,226,162,77,226,0,0,0,0,0,34,93,50,43,105,0,0,0,0,0,37,171,0,0,0,0,0,0,1,38,1,38,63,0,0,0,0,3,7,82,28,0,25,0,0,0,0,0,5,0,0,0,0,69,33,0,0,0,0,0,0,198,224,37,37,166,224,224,224,0,0,0,3,10,0,33,0,128,54,131,208,136,209,1,6,226,93,5,223,38,223,5,222,38,222,8,0,50,4,0,240,6,0,55,247,250,201,241
2026-08-03_14-39-02,1,444,0,0.0,0,190.0,-1,-1,0,55,144,249,55,65,82,224,0,0,0,0,9,81,224,224,224,0,0,0,0,226,162,77,226,0,0,0,0,0,34,93,50,43,105,0,0,0,0,0,37,171,0,0,0,0,0,0,1,38,1,38,63,0,0,0,0,3,7,82,28,0,25,0,0,0,0,0,5,0,0,0,0,69,33,0,0,0,0,0,0,198,224,37,37,166,224,224,224,0,0,0,3,10,0,33,0,128,54,131,208,136,209,1,6,226,93,5,223,38,223,5,222,38,222,8,0,50,4,0,240,6,0,55,247,250,201,241,0,121,11,247,53,63,80,224,0,0,0,0,250,11,83,224,224,0,0,0,0,226,162,77,226,0,0,0,0,0,93,34,93,50,105,0,0,0,0,0,37,171,0,0,0,0,0,0,38,1,38,1,63,0,0,0,0,7,7,51,28,0,25,0,0,0,0,0,1,0,0,0,0,69,33,0,0,0,0,0,0,198,224,37,37,166,224,224,224,0,0,0,3,11,0,33,0,128,54,131,208,136,209,1,6,226,93,7,223,36,223,7,222,36,222,8,0,50,4,0,240,6,0,55,247,250,201,241
2026-08-03_14-39-02,1,445,0,0.0,0,190.0,-1,-1,0,121,11,247,53,63,80,224,0,0,0,0,250,11,83,224,224,0,0,0,0,226,162,77,226,0,0,0,0,0,93,34,93,50,105,0,0,0,0,0,37,171,0,0,0,0,0,0,38,1,38,1,63,0,0,0,0,7,7,51,28,0,25,0,0,0,0,0,1,0,0,0,0,69,33,0,0,0,0,0,0,198,224,37,37,166,224,224,224,0,0,0,3,11,0,33,0,128,54,131,208,136,209,1,6,226,93,7,223,36,223,7,222,36,222,8,0,50,4,0,240,6,0,55,247,250,201,241,0,144,177,245,51,61,78,224,0,0,0,0,252,13,85,224,224,0,0,0,0,226,162,77,226,0,0,0,0,0,93,34,93,50,105,0,0,0,0,0,37,171,0,0,0,0,0,0,38,1,38,1,63,0,0,0,0,11,7,17,28,0,25,0,0,0,0,0,4,32,0,0,0,69,33,0,0,0,0,0,0,198,224,37,37,166,224,224,224,0,0,0,3,11,0,33,0,128,54,131,208,136,209,1,6,226,93,9,223,34,223,9,222,34,222,8,1,50,4,0,240,6,0,55,247,250,201,241
2026-08-03_14-39-02,1,446,0,0.0,0,190.0,-1,-1,0,144,177,245,51,61,78,224,0,0,0,0,252,13,85,224,224,0,0,0,0,226,162,77,226,0,0,0,0,0,93,34,93,50,105,0,0,0,0,0,37,171,0,0,0,0,0,0,38,1,38,1,63,0,0,0,0,11,7,17,28,0,25,0,0,0,0,0,4,32,0,0,0,69,33,0,0,0,0,0,0,198,224,37,37,166,224,224,224,0,0,0,3,11,0,33,0,128,54,131,208,136,209,1,6,226,93,9,223,34,223,9,222,34,222,8,1,50,4,0,240,6,0,55,247,250,201,241,0,11,22,243,49,59,76,224,0,0,0,0,254,15,87,224,224,0,0,0,0,210,146,93,210,0,0,0,0,0,77,18,77,50,105,0,0,0,0,0,37,171,0,0,0,0,0,0,38,1,38,1,63,0,0,0,0,15,7,98,28,0,25,0,0,0,0,0,8,64,0,0,0,69,33,0,0,0,0,0,0,198,224,37,37,166,224,224,224,0,0,0,3,11,0,33,0,128,54,131,208,69,209,1,6,210,77,11,223,32,223,11,222,32,222,29,128,50,4,0,240,6,0,55,247,250,201,241
2026-08-03_14-39-02,1,447,1,0.0,0,190.0,-1,-1,0,11,22,243,49,59,76,224,0,0,0,0,254,15,87,224,224,0,0,0,0,210,146,93,210,0,0,0,0,0,77,18,77,50,105,0,0,0,0,0,37,171,0,0,0,0,0,0,38,1,38,1,63,0,0,0,0,15,7,98,28,0,25,0,0,0,0,0,8,64,0,0,0,69,33,0,0,0,0,0,0,198,224,37,37,166,224,224,224,0,0,0,3,11,0,33,0,128,54,131,208,69,209,1,6,210,77,11,223,32,223,11,222,32,222,29,128,50,4,0,240,6,0,55,247,250,201,241,0,177,99,47,57,74,224,224,0,0,0,0,0,17,224,224,224,0,0,0,0,146,93,210,0,0,0,0,0,0,77,18,77,50,105,0,0,0,0,37,171,0,0,0,0,0,0,0,38,1,38,1,63,0,0,0,0,19,7,67,28,0,25,0,0,0,0,0,13,80,0,16,0,69,33,0,0,0,0,0,0,198,224,37,245,166,224,36,224,0,156,0,2,10,0,33,0,66,55,131,208,207,209,1,6,210,77,13,223,32,223,13,222,32,222,13,2,53,8,0,240,6,0,55,247,250,136,241
2026-08-03_14-39-02,1,448,1,0.0,0,190.0,-1,-1,0,177,99,47,57,74,224,224,0,0,0,0,0,17,224,224,224,0,0,0,0,146,93,210,0,0,0,0,0,0,77,18,77,50,105,0,0,0,0,37,171,0,0,0,0,0,0,0,38,1,38,1,63,0,0,0,0,19,7,67,28,0,25,0,0,0,0,0,13,80,0,16,0,69,33,0,0,0,0,0,0,198,224,37,245,166,224,36,224,0,156,0,2,10,0,33,0,66,55,131,208,207,209,1,6,210,77,13,223,32,223,13,222,32,222,13,2,53,8,0,240,6,0,55,247,250,136,241,0,22,58,45,55,72,224,224,0,0,0,0,2,19,224,224,224,0,0,0,0,146,93,210,0,0,0,0,0,0,77,18,77,50,105,0,0,0,0,37,171,0,0,0,0,0,0,0,38,1,38,1,63,0,0,0,0,23,7,33,28,0,25,0,0,0,0,0,9,80,0,16,0,69,33,0,0,0,0,0,0,198,224,37,71,166,224,36,224,0,140,0,2,10,0,33,0,64,55,131,208,207,209,1,6,210,77,15,223,32,223,15,222,32,222,13,2,53,8,0,240,6,0,55,247,250,136,241
2026-08-03_14-39-02,1,449,1,0.0,0,190.0,-1,-1,0,22,58,45,55,72,224,224,0,0,0,0,2,19,224,224,224,0,0,0,0,146,93,210,0,0,0,0,0,0,77,18,77,50,105,0,0,0,0,37,171,0,0,0,0,0,0,0,38,1,38,1,63,0,0,0,0,23,7,33,28,0,25,0,0,0,0,0,9,80,0,16,0,69,33,0,0,0,0,0,0,198,224,37,71,166,224,36,224,0,140,0,2,10,0,33,0,64,55,131,208,207,209,1,6,210,77,15,223,32,223,15,222,32,222,13,2,53,8,0,240,6,0,55,247,250,136,241,0,99,167,43,53,70,224,224,0,0,0,0,4,21,224,224,224,0,0,0,0,130,109,194,0,0,0,0,0,0,61,2,77,50,105,0,0,0,0,37,171,0,0,0,0,0,0,0,38,1,38,1,63,0,0,0,0,27,7,114,28,0,25,0,0,0,0,0,5,80,0,0,0,69,33,0,0,0,0,0,0,198,224,37,167,166,224,36,224,0,124,0,2,10,0,33,0,128,54,192,208,207,209,0,6,0,77,0,223,32,223,0,222,10,0,0,2,50,4,91,41,6,199,251,123,251,201,241
2026-08-03_14-39-02,1,450,0,0.0,0,190.0,-1,-1,0,99,167,43,53,70,224,224,0,0,0,0,4,21,224,224,224,0,0,0,0,130,109,194,0,0,0,0,0,0,61,2,77,50,105,0,0,0,0,37,171,0,0,0,0,0,0,0,38,1,38,1,63,0,0,0,0,27,7,114,28,0,25,0,0,0,0,0,5,80,0,0,0,69,33,0,0,0,0,0,0,198,224,37,167,166,224,36,224,0,124,0,2,10,0,33,0,128,54,192,208,207,209,0,6,0,77,0,223,32,223,0,222,10,0,0,2,50,4,91,41,6,199,251,123,251,201,241,0,58,116,41,51,68,224,224,0,0,0,0,6,23,224,224,224,0,0,0,0,130,109,194,0,0,0,0,0,0,61,2,77,50,105,0,0,0,0,37,171,0,0,0,0,0,0,0,38,1,38,1,63,0,0,0,0,31,7,83,28,0,25,0,0,0,0,0,1,80,0,0,0,69,33,0,0,0,0,0,0,198,224,37,249,166,224,36,224,0,108,0,2,10,0,33,0,65,55,192,208,207,209,0,6,0,77,0,223,32,223,0,222,10,0,0,2,53,8,91,43,6,199,251,123,251,136,241
2026-08-03_14-39-02,1,451,0,0.0,0,190.0,-1,-1,0,58,116,41,51,68,224,224,0,0,0,0,6,23,224,224,224,0,0,0,0,130,109,194,0,0,0,0,0,0,61,2,77,50,105,0,0,0,0,37,171,0,0,0,0,0,0,0,38,1,38,1,63,0,0,0,0,31,7,83,28,0,25,0,0,0,0,0,1,80,0,0,0,69,33,0,0,0,0,0,0,198,224,37,249,166,224,36,224,0,108,0,2,10,0,33,0,65,55,192,208,207,209,0,6,0,77,0,223,32,223,0,222,10,0,0,2,53,8,91,43,6,199,251,123,251,136,241,0,167,73,39,49,66,224,224,0,0,0,0,8,25,224,224,224,0,0,0,0,130,109,194,0,0,0,0,0,0,61,2,77,50,105,0,0,0,0,37,171,0,0,0,0,0,0,0,38,1,38,1,63,0,0,0,0,35,7,49,28,0,25,0,0,0,0,0,5,96,0,0,0,69,33,0,0,0,0,0,0,198,224,37,75,166,224,36,224,0,92,0,2,10,0,33,0,192,54,192,208,207,209,0,6,0,77,0,223,32,223,0,222,10,0,0,3,50,4,91,45,6,199,251,123,251,201,241
2026-08-03_14-39-02,1,452,0,0.0,0,190.0,-1,-1,0,167,73,39,49,66,224,224,0,0,0,0,8,25,224,224,224,0,0,0,0,130,109,194,0,0,0,0,0,0,61,2,77,50,105,0,0,0,0,37,171,0,0,0,0,0,0,0,38,1,38,1,63,0,0,0,0,35,7,49,28,0,25,0,0,0,0,0,5,96,0,0,0,69,33,0,0,0,0,0,0,198,224,37,75,166,224,36,224,0,92,0,2,10,0,33,0,192,54,192,208,207,209,0,6,0,77,0,223,32,223,0,222,10,0,0,3,50,4,91,45,6,199,251,123,251,201,241,0,116,157,37,47,64,224,224,0,0,0,0,10,27,224,224,224,0,0,0,0,130,109,194,0,0,0,0,0,0,61,2,77,50,105,0,0,0,0,37,171,0,0,0,0,0,0,0,38,1,38,1,63,0,0,0,0,39,7,18,28,0,25,0,0,0,0,0,1,96,0,0,0,69,33,0,0,0,0,0,0,198,224,37,171,166,224,36,224,0,76,0,2,10,0,33,0,66,55,192,208,207,209,0,6,0,77,0,223,32,223,0,222,10,0,0,3,53,8,91,47,6,199,251,123,251,136,241
2026-08-03_14-39-02,1,453,0,0.0,0,190.0,-1,-1,0,116,157,37,47,64,224,224,0,0,0,0,10,27,224,224,224,0,0,0,0,130,109,194,0,0,0,0,0,0,61,2,77,50,105,0,0,0,0,37,171,0,0,0,0,0,0,0,38,1,38,1,63,0,0,0,0,39,7,18,28,0,25,0,0,0,0,0,1,96,0,0,0,69,33,0,0,0,0,0,0,198,224,37,171,166,224,36,224,0,76,0,2,10,0,33,0,66,55,192,208,207,209,0,6,0,77,0,223,32,223,0,222,10,0,0,3,53,8,91,47,6,199,251,123,251,136,241,0,73,211,35,45,62,224,224,0,0,0,0,12,29,224,224,224,0,0,0,0,100,139,178,0,0,0,0,0,0,45,242,77,50,105,0,0,0,0,37,171,0,0,0,0,0,0,0,38,1,38,1,63,0,0,0,0,43,7,99,28,0,25,0,0,0,0,0,5,0,0,0,0,69,33,0,0,0,0,0,0,198,224,37,253,166,224,36,224,0,60,0,2,10,0,33,0,64,55,192,208,207,209,0,6,0,77,0,223,32,223,0,222,10,0,0,0,53,8,92,49,6,199,251,123,251,136,241
2026-08-03_14-39-02,1,454,0,20.0,0,210.0,-1,-1,0,73,211,35,45,62,224,224,0,0,0,0,12,29,224,224,224,0,0,0,0,100,139,178,0,0,0,0,0,0,45,242,77,50,105,0,0,0,0,37,171,0,0,0,0,0,0,0,38,1,38,1,63,0,0,0,0,43,7,99,28,0,25,0,0,0,0,0,5,0,0,0,0,69,33,0,0,0,0,0,0,198,224,37,253,166,224,36,224,0,60,0,2,10,0,33,0,64,55,192,208,207,209,0,6,0,77,0,223,32,223,0,222,10,0,0,0,53,8,92,49,6,199,251,123,251,136,241,0,116,237,33,43,60,224,224,0,0,0,0,14,31,41,224,224,0,0,0,0,100,139,178,0,0,0,0,0,0,45,242,242,77,105,0,0,0,0,37,171,0,0,0,0,0,0,0,38,38,173,38,63,0,0,0,0,47,7,65,28,0,33,0,0,0,0,14,1,1,0,0,0,69,33,0,0,0,0,0,0,198,224,37,18,166,224,36,224,0,0,0,2,11,0,33,0,65,55,192,208,207,209,0,6,0,77,0,223,32,223,0,222,32,222,13,16,11,118,0,240,6,0,55,136,253,73,241
2026-08-03_14-39-02,1,455,0,0.0,0,210.0,-1,-1,0,116,237,33,43,60,224,224,0,0,0,0,14,31,41,224,224,0,0,0,0,100,139,178,0,0,0,0,0,0,45,242,242,77,105,0,0,0,0,37,171,0,0,0,0,0,0,0,38,38,173,38,63,0,0,0,0,47,7,65,28,0,33,0,0,0,0,14,1,1,0,0,0,69,33,0,0,0,0,0,0,198,224,37,18,166,224,36,224,0,0,0,2,11,0,33,0,65,55,192,208,207,209,0,6,0,77,0,223,32,223,0,222,32,222,13,16,11,118,0,240,6,0,55,136,253,73,241,0,78,211,31,41,58,224,224,0,0,0,0,16,33,43,224,224,0,0,0,0,100,139,178,0,0,0,0,0,0,45,242,242,77,105,0,0,0,0,37,171,0,0,0,0,0,0,0,38,38,173,38,63,0,0,0,0,51,7,34,28,0,33,0,0,0,0,12,4,33,0,0,0,69,33,0,0,0,0,0,0,198,224,37,37,166,224,224,224,0,0,0,2,11,0,33,0,192,54,192,208,207,209,0,6,0,77,0,223,32,223,0,222,10,2,2,17,50,4,92,53,6,199,251,123,251,201,241
2026-08-03_14-39-02,1,456,0,0.0,0,210.0,-1,-1,0,78,211,31,41,58,224,224,0,0,0,0,16,33,43,224,224,0,0,0,0,100,139,178,0,0,0,0,0,0,45,242,242,77,105,0,0,0,0,37,171,0,0,0,0,0,0,0,38,38,173,38,63,0,0,0,0,51,7,34,28,0,33,0,0,0,0,12,4,33,0,0,0,69,33,0,0,0,0,0,0,198,224,37,37,166,224,224,224,0,0,0,2,11,0,33,0,192,54,192,208,207,209,0,6,0,77,0,223,32,223,0,222,10,2,2,17,50,4,92,53,6,199,251,123,251,201,241,0,237,58,29,39,56,224,224,0,0,0,0,18,35,45,224,224,0,0,0,0,84,155,162,0,0,0,0,0,0,29,226,2,77,105,0,0,0,0,37,171,0,0,0,0,0,0,0,38,38,173,38,63,0,0,0,0,55,7,115,28,0,33,0,0,0,0,10,8,65,0,0,0,69,33,0,0,0,0,0,0,198,224,37,37,166,224,224,224,0,0,0,2,11,0,33,0,192,54,192,208,207,209,0,6,0,77,0,223,32,223,0,222,10,2,2,132,50,4,93,55,6,199,251,123,251,201,241
2026-08-03_14-39-02,1,457,0,0.0,0,210.0,-1,-1,0,237,58,29,39,56,224,224,0,0,0,0,18,35,45,224,224,0,0,0,0,84,155,162,0,0,0,0,0,0,29,226,2,77,105,0,0,0,0,37,171,0,0,0,0,0,0,0,38,38,173,38,63,0,0,0,0,55,7,115,28,0,33,0,0,0,0,10,8,65,0,0,0,69,33,0,0,0,0,0,0,198,224,37,37,166,224,224,224,0,0,0,2,11,0,33,0,192,54,192,208,207,209,0,6,0,77,0,223,32,223,0,222,10,2,2,132,50,4,93,55,6,199,251,123,251,201,241,0,211,166,27,37,54,224,224,0,0,0,0,20,37,47,224,224,0,0,0,0,84,155,162,0,0,0,0,0,0,29,226,2,77,105,0,0,0,0,37,171,0,0,0,0,0,0,0,38,38,173,38,63,0,0,0,0,59,7,81,28,0,33,0,0,0,0,8,4,65,0,0,0,69,33,0,0,0,0,0,0,198,224,37,37,166,224,224,224,0,0,0,2,11,0,33,0,192,54,192,208,207,209,0,6,0,77,0,223,32,223,0,222,9,2,2,18,50,4,29,40,6,199,251,123,251,201,241
2026-08-03_14-39-02,1,458,0,0.0,0,210.0,-1,-1,0,211,166,27,37,54,224,224,0,0,0,0,20,37,47,224,224,0,0,0,0,84,155,162,0,0,0,0,0,0,29,226,2,77,105,0,0,0,0,37,171,0,0,0,0,0,0,0,38,38,173,38,63,0,0,0,0,59,7,81,28,0,33,0,0,0,0,8,4,65,0,0,0,69,33,0,0,0,0,0,0,198,224,37,37,166,224,224,224,0,0,0,2,11,0,33,0,192,54,192,208,207,209,0,6,0,77,0,223,32,223,0,222,9,2,2,18,50,4,29,40,6,199,251,123,251,201,241,0,58,110,25,35,52,224,224,0,0,0,0,22,39,49,224,224,0,0,0,0,84,155,162,0,0,0,0,0,0,29,226,2,77,105,0,0,0,0,37,171,0,0,0,0,0,0,0,38,38,173,38,63,0,0,0,0,63,7,50,28,0,33,0,0,0,0,6,7,97,0,0,0,69,33,0,0,0,0,0,0,198,224,37,37,166,224,224,224,0,0,0,2,11,0,33,0,192,54,192,208,207,209,0,6,0,77,0,223,32,223,0,222,9,2,2,4,50,4,29,42,6,199,251,123,251,201,241
2026-08-03_14-39-02,1,459,0,0.0,0,210.0,-1,-1,0,58,110,25,35,52,224,224,0,0,0,0,22,39,49,224,224,0,0,0,0,84,155,162,0,0,0,0,0,0,29,226,2,77,105,0,0,0,0,37,171,0,0,0,0,0,0,0,38,38,173,38,63,0,0,0,0,63,7,50,28,0,33,0,0,0,0,6,7,97,0,0,0,69,33,0,0,0,0,0,0,198,224,37,37,166,224,224,224,0,0,0,2,11,0,33,0,192,54,192,208,207,209,0,6,0,77,0,223,32,223,0,222,9,2,2,4,50,4,29,42,6,199,251,123,251,201,241,0,166,233,23,33,50,224,224,0,0,0,0,24,41,51,224,224,0,0,0,0,84,155,162,0,0,0,0,0,0,29,226,2,77,105,0,0,0,0,37,171,0,0,0,0,0,0,0,38,38,173,38,63,0,0,0,0,67,7,19,28,0,33,0,0,0,0,4,3,97,0,0,0,69,33,0,0,0,0,0,0,198,224,37,37,166,224,224,224,0,0,0,2,11,0,33,0,192,54,192,208,207,209,0,6,0,77,0,223,32,223,0,222,9,2,2,19,50,4,78,44,6,199,251,123,251,201,241
2026-08-03_14-39-02,1,460,0,0.0,0,210.0,-1,-1,0,166,233,23,33,50,224,224,0,0,0,0,24,41,51,224,224,0,0,0,0,84,155,162,0,0,0,0,0,0,29,226,2,77,105,0,0,0,0,37,171,0,0,0,0,0,0,0,38,38,173,38,63,0,0,0,0,67,7,19,28,0,33,0,0,0,0,4,3,97,0,0,0,69,33,0,0,0,0,0,0,198,224,37,37,166,224,224,224,0,0,0,2,11,0,33,0,192,54,192,208,207,209,0,6,0,77,0,223,32,223,0,222,9,2,2,19,50,4,78,44,6,199,251,123,251,201,241,0,110,157,21,31,48,224,224,0,0,0,0,26,43,53,224,224,0,0,0,0,68,171,146,0,0,0,0,0,0,13,210,18,77,105,0,0,0,0,37,171,0,0,0,0,0,0,0,38,38,173,38,63,0,0,0,0,71,7,97,28,0,33,0,0,0,0,2,7,1,0,0,0,69,33,0,0,0,0,0,0,198,224,37,37,166,224,224,224,0,0,0,2,11,0,33,0,192,54,192,208,207,209,0,6,0,77,0,223,32,223,0,222,9,2,2,16,50,4,79,46,6,199,251,123,251,201,241
2026-08-03_14-39-02,1,461,0,0.0,0,210.0,-1,-1,0,110,157,21,31,48,224,224,0,0,0,0,26,43,53,224,224,0,0,0,0,68,171,146,0,0,0,0,0,0,13,210,18,77,105,0,0,0,0,37,171,0,0,0,0,0,0,0,38,38,173,38,63,0,0,0,0,71,7,97,28,0,33,0,0,0,0,2,7,1,0,0,0,69,33,0,0,0,0,0,0,198,224,37,37,166,224,224,224,0,0,0,2,11,0,33,0,192,54,192,208,207,209,0,6,0,77,0,223,32,223,0,222,9,2,2,16,50,4,79,46,6,199,251,123,251,201,241,0,233,214,19,29,46,224,224,0,0,0,0,28,45,55,224,224,0,0,0,0,68,171,146,0,0,0,0,0,0,13,210,18,77,105,0,0,0,0,37,171,0,0,0,0,0,0,0,38,38,173,38,63,0,0,0,0,75,7,66,28,0,33,0,0,0,0,0,3,0,0,0,0,69,33,0,0,0,0,0,0,198,224,37,37,166,224,224,224,0,0,0,2,11,0,33,0,192,54,192,208,207,209,0,6,0,77,0,223,32,223,0,222,9,2,2,0,50,4,79,48,6,199,251,123,251,201,241
2026-08-03_14-39-02,1,462,0,0.0,0,210.0,-1,-1,0,233,214,19,29,46,224,224,0,0,0,0,28,45,55,224,224,0,0,0,0,68,171,146,0,0,0,0,0,0,13,210,18,77,105,0,0,0,0,37,171,0,0,0,0,0,0,0,38,38,173,38,63,0,0,0,0,75,7,66,28,0,33,0,0,0,0,0,3,0,0,0,0,69,33,0,0,0,0,0,0,198,224,37,37,166,224,224,224,0,0,0,2,11,0,33,0,192,54,192,208,207,209,0,6,0,77,0,223,32,223,0,222,9,2,2,0,50,4,79,48,6,199,251,123,251,201,241,0,157,103,17,27,44,224,224,0,0,0,0,30,47,57,224,224,0,0,0,0,68,171,146,0,0,0,0,0,0,13,210,18,77,105,0,0,0,0,37,171,0,0,0,0,0,0,0,38,38,173,38,63,0,0,0,0,79,7,35,28,0,33,0,0,0,0,0,6,32,0,0,0,69,33,0,0,0,0,0,0,198,224,37,37,166,224,224,224,0,0,0,2,11,0,33,0,192,54,192,208,207,209,0,6,0,77,0,223,32,223,0,222,9,2,2,1,50,4,79,50,6,199,251,123,251,201,241
2026-08-03_14-39-02,1,463,0,0.0,0,210.0,-1,-1,0,157,103,17,27,44,224,224,0,0,0,0,30,47,57,224,224,0,0,0,0,68,171,146,0,0,0,0,0,0,13,210,18,77,105,0,0,0,0,37,171,0,0,0,0,0,0,0,38,38,173,38,63,0,0,0,0,79,7,35,28,0,33,0,0,0,0,0,6,32,0,0,0,69,33,0,0,0,0,0,0,198,224,37,37,166,224,224,224,0,0,0,2,11,0,33,0,192,54,192,208,207,209,0,6,0,77,0,223,32,223,0,222,9,2,2,1,50,4,79,50,6,199,251,123,251,201,241,0,214,116,15,25,42,224,224,0,0,0,0,32,49,59,224,224,0,0,0,0,52,187,130,0,0,0,0,0,0,253,194,34,77,105,0,0,0,0,37,171,0,0,0,0,0,0,0,38,38,173,38,63,0,0,0,0,83,7,113,27,0,33,0,0,0,0,0,2,32,0,0,0,69,33,0,0,0,0,0,0,198,224,37,37,166,224,224,224,0,0,0,2,11,0,33,0,192,54,192,208,207,209,0,6,0,77,0,223,32,223,0,222,9,2,2,1,50,4,80,52,6,199,251,123,251,201,241
2026-08-03_14-39-02,1,464,3,0.0,0,210.0,-1,-1,0,214,116,15,25,42,224,224,0,0,0,0,32,49,59,224,224,0,0,0,0,52,187,130,0,0,0,0,0,0,253,194,34,77,105,0,0,0,0,37,171,0,0,0,0,0,0,0,38,38,173,38,63,0,0,0,0,83,7,113,27,0,33,0,0,0,0,0,2,32,0,0,0,69,33,0,0,0,0,0,0,198,224,37,37,166,224,224,224,0,0,0,2,11,0,33,0,192,54,192,208,207,209,0,6,0,77,0,223,32,223,0,222,9,2,2,1,50,4,80,52,6,199,251,123,251,201,241,0,103,79,13,23,40,224,224,0,0,0,0,34,51,61,224,224,0,0,0,0,52,187,130,0,0,0,0,0,0,253,194,34,77,105,0,0,0,0,37,171,0,0,0,0,0,0,0,38,38,173,38,63,0,0,0,0,87,7,82,26,0,33,0,0,0,0,0,6,64,0,0,0,69,33,0,0,0,0,0,0,198,224,37,37,166,224,224,224,0,0,0,2,11,0,33,0,192,54,192,208,207,209,0,6,0,77,0,223,32,223,0,222,9,2,2,2,50,4,80,54,6,199,251,123,251,201,241
2026-08-03_14-39-02,1,465,3,0.0,0,210.0,-1,-1,0,103,79,13,23,40,224,224,0,0,0,0,34,51,61,224,224,0,0,0,0,52,187,130,0,0,0,0,0,0,253,194,34,77,105,0,0,0,0,37,171,0,0,0,0,0,0,0,38,38,173,38,63,0,0,0,0,87,7,82,26,0,33,0,0,0,0,0,6,64,0,0,0,69,33,0,0,0,0,0,0,198,224,37,37,166,224,224,224,0,0,0,2,11,0,33,0,192,54,192,208,207,209,0,6,0,77,0,223,32,223,0,222,9,2,2,2,50,4,80,54,6,199,251,123,251,201,241,0,116,245,11,21,38,224,224,0,0,0,0,36,53,63,224,224,0,0,0,0,52,187,130,0,0,0,0,0,0,253,194,34,77,105,0,0,0,0,37,171,0,0,0,0,0,0,0,38,38,173,38,63,0,0,0,0,91,7,51,25,0,33,0,0,0,0,0,2,64,0,0,0,69,33,0,0,0,0,0,0,198,224,37,37,166,224,224,224,0,0,0,2,11,0,33,0,192,54,192,208,207,209,0,6,0,77,0,223,32,223,0,222,9,2,2,2,50,4,253,56,6,0,55,123,251,201,241
2026-08-03_14-39-02,1,466,0,0.0,0,210.0,-1,-1,0,116,245,11,21,38,224,224,0,0,0,0,36,53,63,224,224,0,0,0,0,52,187,130,0,0,0,0,0,0,253,194,34,77,105,0,0,0,0,37,171,0,0,0,0,0,0,0,38,38,173,38,63,0,0,0,0,91,7,51,25,0,33,0,0,0,0,0,2,64,0,0,0,69,33,0,0,0,0,0,0,198,224,37,37,166,224,224,224,0,0,0,2,11,0,33,0,192,54,192,208,207,209,0,6,0,77,0,223,32,223,0,222,9,2,2,2,50,4,253,56,6,0,55,123,251,201,241,0,79,83,9,19,36,224,224,0,0,0,0,38,55,65,224,224,0,0,0,0,52,187,130,0,0,0,0,0,0,253,194,34,77,105,0,0,0,0,37,171,0,0,0,0,0,0,0,38,38,173,38,63,0,0,0,0,95,7,17,25,0,33,0,0,0,0,0,5,96,0,0,0,69,33,0,0,0,0,0,0,198,224,37,37,166,224,224,224,0,0,0,2,11,0,33,0,192,54,192,208,207,209,0,6,0,77,0,223,32,223,0,222,2,0,0,3,50,4,130,56,6,0,55,43,251,201,241
2026-08-03_14-39-02,1,467,0,0.0,0,210.0,-1,-1,0,79,83,9,19,36,224,224,0,0,0,0,38,55,65,224,224,0,0,0,0,52,187,130,0,0,0,0,0,0,253,194,34,77,105,0,0,0,0,37,171,0,0,0,0,0,0,0,38,38,173,38,63,0,0,0,0,95,7,17,25,0,33,0,0,0,0,0,5,96,0,0,0,69,33,0,0,0,0,0,0,198,224,37,37,166,224,224,224,0,0,0,2,11,0,33,0,192,54,192,208,207,209,0,6,0,77,0,223,32,223,0,222,2,0,0,3,50,4,130,56,6,0,55,43,251,201,241,0,245,58,7,17,34,224,224,0,0,0,0,40,57,67,224,224,0,0,0,0,36,203,100,0,0,0,0,0,0,237,178,50,77,105,0,0,0,0,37,171,0,0,0,0,0,0,0,38,38,173,38,63,0,0,0,0,99,7,98,25,0,33,0,0,0,0,0,1,96,0,0,0,69,33,0,0,0,0,0,0,198,224,37,37,166,224,224,224,0,0,0,2,11,0,33,0,192,54,192,208,207,209,0,6,0,77,0,223,32,223,0,222,2,0,0,3,50,4,100,54,6,199,251,43,251,201,241
2026-08-03_14-39-02,1,468,0,0.0,0,210.0,-1,-1,0,245,58,7,17,34,224,224,0,0,0,0,40,57,67,224,224,0,0,0,0,36,203,100,0,0,0,0,0,0,237,178,50,77,105,0,0,0,0,37,171,0,0,0,0,0,0,0,38,38,173,38,63,0,0,0,0,99,7,98,25,0,33,0,0,0,0,0,1,96,0,0,0,69,33,0,0,0,0,0,0,198,224,37,37,166,224,224,224,0,0,0,2,11,0,33,0,192,54,192,208,207,209,0,6,0,77,0,223,32,223,0,222,2,0,0,3,50,4,100,54,6,199,251,43,251,201,241,0,83,163,5,15,32,224,224,0,0,0,0,42,59,69,224,224,0,0,0,0,36,203,100,0,0,0,0,0,0,237,178,50,77,105,0,0,0,0,37,171,0,0,0,0,0,0,0,38,38,173,38,63,0,0,0,0,103,7,67,25,0,33,0,0,0,0,0,5,0,0,0,0,69,33,0,0,0,0,0,0,198,224,37,37,166,224,224,224,0,0,0,2,11,0,33,0,192,54,192,208,207,209,0,6,0,77,0,223,32,223,0,222,2,0,0,0,50,4,100,52,6,199,251,43,251,201,241
2026-08-03_14-39-02,1,469,0,0.0,0,210.0,-1,-1,0,83,163,5,15,32,224,224,0,0,0,0,42,59,69,224,224,0,0,0,0,36,203,100,0,0,0,0,0,0,237,178,50,77,105,0,0,0,0,37,171,0,0,0,0,0,0,0,38,38,173,38,63,0,0,0,0,103,7,67,25,0,33,0,0,0,0,0,5,0,0,0,0,69,33,0,0,0,0,0,0,198,224,37,37,166,224,224,224,0,0,0,2,11,0,33,0,192,54,192,208,207,209,0,6,0,77,0,223,32,223,0,222,2,0,0,0,50,4,100,52,6,199,251,43,251,201,241,0,58,62,3,13,30,224,224,0,0,0,0,44,61,71,224,224,0,0,0,0,36,203,100,0,0,0,0,0,0,237,178,50,77,105,0,0,0,0,37,171,0,0,0,0,0,0,0,38,38,173,38,63,0,0,0,0,107,7,33,25,0,33,0,0,0,0,0,1,0,0,0,0,69,33,0,0,0,0,0,0,198,224,37,37,166,224,224,224,0,0,0,2,11,0,33,0,192,54,192,208,207,209,0,6,0,77,0,223,32,223,0,222,2,0,0,0,50,4,100,50,6,199,251,43,251,201,241
2026-08-03_14-39-02,1,470,0,0.0,0,210.0,-1,-1,0,58,62,3,13,30,224,224,0,0,0,0,44,61,71,224,224,0,0,0,0,36,203,100,0,0,0,0,0,0,237,178,50,77,105,0,0,0,0,37,171,0,0,0,0,0,0,0,38,38,173,38,63,0,0,0,0,107,7,33,25,0,33,0,0,0,0,0,1,0,0,0,0,69,33,0,0,0,0,0,0,198,224,37,37,166,224,224,224,0,0,0,2,11,0,33,0,192,54,192,208,207,209,0,6,0,77,0,223,32,223,0,222,2,0,0,0,50,4,100,50,6,199,251,43,251,201,241,0,163,233,1,11,28,224,224,0,0,0,0,46,63,73,224,224,0,0,0,0,20,219,84,0,0,0,0,0,0,221,162,141,77,105,0,0,0,0,37,171,0,0,0,0,0,0,0,38,38,173,38,63,0,0,0,0,111,7,114,25,0,33,0,0,0,0,0,4,32,0,0,0,69,33,0,0,0,0,0,0,198,224,37,37,166,224,224,224,0,0,0,2,11,0,33,0,192,54,192,208,207,209,0,6,0,77,0,223,32,223,0,222,2,0,0,1,50,4,101,48,6,199,251,43,251,201,241
2026-08-03_14-39-02,1,471,0,0.0,0,210.0,-1,-1,0,163,233,1,11,28,224,224,0,0,0,0,46,63,73,224,224,0,0,0,0,20,219,84,0,0,0,0,0,0,221,162,141,77,105,0,0,0,0,37,171,0,0,0,0,0,0,0,38,38,173,38,63,0,0,0,0,111,7,114,25,0,33,0,0,0,0,0,4,32,0,0,0,69,33,0,0,0,0,0,0,198,224,37,37,166,224,224,224,0,0,0,2,11,0,33,0,192,54,192,208,207,209,0,6,0,77,0,223,32,223,0,222,2,0,0,1,50,4,101,48,6,199,251,43,251,201,241,0,62,156,255,9,26,88,224,0,0,0,0,48,65,75,224,224,0,0,0,0,20,219,84,20,0,0,0,0,0,221,162,141,77,105,0,0,0,0,37,171,0,37,0,0,0,0,0,38,38,173,38,63,0,0,0,0,115,7,83,25,0,33,0,0,0,0,0,8,64,0,0,0,69,33,0,0,0,0,0,0,198,224,37,37,166,224,224,224,0,0,0,3,11,0,33,0,192,54,14,208,207,209,2,6,20,77,32,223,32,223,32,222,2,0,0,128,50,4,101,46,6,199,251,43,251,201,241
2026-08-03_14-39-02,1,472,0,0.0,0,210.0,-1,-1,0,62,156,255,9,26,88,224,0,0,0,0,48,65,75,224,224,0,0,0,0,20,219,84,20,0,0,0,0,0,221,162,141,77,105,0,0,0,0,37,171,0,37,0,0,0,0,0,38,38,173,38,63,0,0,0,0,115,7,83,25,0,33,0,0,0,0,0,8,64,0,0,0,69,33,0,0,0,0,0,0,198,224,37,37,166,224,224,224,0,0,0,3,11,0,33,0,192,54,14,208,207,209,2,6,20,77,32,223,32,223,32,222,2,0,0,128,50,4,101,46,6,199,251,43,251,201,241,0,233,200,253,7,24,86,224,0,0,0,0,50,67,77,224,224,0,0,0,0,20,219,84,20,0,0,0,0,0,221,162,141,77,105,0,0,0,0,37,171,0,37,0,0,0,0,0,38,38,173,38,63,0,0,0,0,119,7,49,25,0,33,0,0,0,0,0,4,64,0,0,0,69,33,0,0,0,0,0,0,198,224,37,37,166,224,224,224,0,0,0,3,11,0,33,0,192,54,131,208,207,209,2,6,20,77,33,223,32,223,33,222,2,0,0,2,50,4,101,44,6,199,251,43,251,201,241
2026-08-03_14-39-02,1,473,0,0.0,0,210.0,-1,-1,0,233,200,253,7,24,86,224,0,0,0,0,50,67,77,224,224,0,0,0,0,20,219,84,20,0,0,0,0,0,221,162,141,77,105,0,0,0,0,37,171,0,37,0,0,0,0,0,38,38,173,38,63,0,0,0,0,119,7,49,25,0,33,0,0,0,0,0,4,64,0,0,0,69,33,0,0,0,0,0,0,198,224,37,37,166,224,224,224,0,0,0,3,11,0,33,0,192,54,131,208,207,209,2,6,20,77,33,223,32,223,33,222,2,0,0,2,50,4,101,44,6,199,251,43,251,201,241,0,156,135,251,5,22,84,224,0,0,0,0,52,69,79,224,224,0,0,0,0,20,219,84,20,0,0,0,0,0,221,162,141,77,105,0,0,0,0,37,171,0,37,0,0,0,0,0,38,38,173,38,63,0,0,0,0,123,7,18,25,0,33,0,0,0,0,0,7,96,0,0,0,69,33,0,0,0,0,0,0,198,224,37,37,166,224,224,224,0,0,0,3,11,0,33,0,192,54,131,208,136,209,2,6,20,77,35,223,39,223,35,222,2,0,0,0,50,4,101,42,5,199,251,43,251,201,241
2026-08-03_14-39-02,1,474,0,0.0,0,210.0,-1,-1,0,156,135,251,5,22,84,224,0,0,0,0,52,69,79,224,224,0,0,0,0,20,219,84,20,0,0,0,0,0,221,162,141,77,105,0,0,0,0,37,171,0,37,0,0,0,0,0,38,38,173,38,63,0,0,0,0,123,7,18,25,0,33,0,0,0,0,0,7,96,0,0,0,69,33,0,0,0,0,0,0,198,224,37,37,166,224,224,224,0,0,0,3,11,0,33,0,192,54,131,208,136,209,2,6,20,77,35,223,39,223,35,222,2,0,0,0,50,4,101,42,5,199,251,43,251,201,241,0,200,116,3,20,82,224,224,0,0,0,0,54,71,81,224,224,0,0,0,0,235,68,4,0,0,0,0,0,0,205,146,157,77,105,0,0,0,0,171,0,37,0,0,0,0,0,0,38,38,173,38,63,0,0,0,0,127,7,99,25,0,33,0,0,0,0,0,3,96,0,0,0,69,33,0,0,0,0,0,0,198,224,37,37,166,224,224,224,0,0,0,2,11,0,33,0,192,54,131,208,136,209,2,6,4,157,37,223,38,223,37,222,1,0,0,3,50,4,102,40,5,199,251,43,251,201,241
2026-08-03_14-39-02,1,475,0,0.0,0,210.0,-1,-1,0,200,116,3,20,82,224,224,0,0,0,0,54,71,81,224,224,0,0,0,0,235,68,4,0,0,0,0,0,0,205,146,157,77,105,0,0,0,0,171,0,37,0,0,0,0,0,0,38,38,173,38,63,0,0,0,0,127,7,99,25,0,33,0,0,0,0,0,3,96,0,0,0,69,33,0,0,0,0,0,0,198,224,37,37,166,224,224,224,0,0,0,2,11,0,33,0,192,54,131,208,136,209,2,6,4,157,37,223,38,223,37,222,1,0,0,3,50,4,102,40,5,199,251,43,251,201,241,0,135,75,1,18,80,224,224,0,0,0,0,250,56,73,83,224,0,0,0,0,235,68,4,0,0,0,0,0,0,157,205,146,157,77,0,0,0,0,171,0,37,0,0,0,0,0,0,173,38,38,173,38,0,0,0,0,131,7,65,25,0,33,0,0,0,0,0,7,0,0,0,0,69,33,0,0,0,0,0,0,198,224,37,37,166,224,224,224,0,0,0,2,12,0,33,0,192,54,131,208,136,209,2,6,4,157,39,223,36,223,39,222,1,0,0,0,50,4,102,38,5,199,251,43,251,201,241
2026-08-03_14-39-02,1,476,4,0.0,0,210.0,-1,-1,0,135,75,1,18,80,224,224,0,0,0,0,250,56,73,83,224,0,0,0,0,235,68,4,0,0,0,0,0,0,157,205,146,157,77,0,0,0,0,171,0,37,0,0,0,0,0,0,173,38,38,173,38,0,0,0,0,131,7,65,25,0,33,0,0,0,0,0,7,0,0,0,0,69,33,0,0,0,0,0,0,198,224,37,37,166,224,224,224,0,0,0,2,12,0,33,0,192,54,131,208,136,209,2,6,4,157,39,223,36,223,39,222,1,0,0,0,50,4,102,38,5,199,251,43,251,201,241,0,116,177,255,16,78,88,224,0,0,0,0,252,58,75,85,224,0,0,0,0,235,68,4,235,0,0,0,0,0,157,205,146,157,77,0,0,0,0,171,0,37,171,0,0,0,0,0,173,38,38,173,38,0,0,0,0,135,7,34,26,0,33,0,0,0,0,0,3,0,0,0,0,69,33,0,0,0,0,0,0,198,224,37,37,166,224,224,224,0,0,0,3,12,0,33,0,192,54,70,208,136,209,5,6,235,157,32,223,34,223,32,222,34,222,8,0,50,4,0,240,5,0,55,247,250,201,241
2026-08-03_14-39-02,1,477,4,0.0,0,210.0,-1,-1,0,116,177,255,16,78,88,224,0,0,0,0,252,58,75,85,224,0,0,0,0,235,68,4,235,0,0,0,0,0,157,205,146,157,77,0,0,0,0,171,0,37,171,0,0,0,0,0,173,38,38,173,38,0,0,0,0,135,7,34,26,0,33,0,0,0,0,0,3,0,0,0,0,69,33,0,0,0,0,0,0,198,224,37,37,166,224,224,224,0,0,0,3,12,0,33,0,192,54,70,208,136,209,5,6,235,157,32,223,34,223,32,222,34,222,8,0,50,4,0,240,5,0,55,247,250,201,241,0,75,19,253,14,76,86,224,0,0,0,0,254,60,77,87,224,0,0,0,0,251,52,244,251,0,0,0,0,0,173,189,130,173,77,0,0,0,0,171,0,37,171,0,0,0,0,0,173,38,38,173,38,0,0,0,0,139,7,115,27,0,33,0,0,0,0,0,6,32,0,0,0,69,33,0,0,0,0,0,0,198,224,37,37,166,224,224,224,0,0,0,3,12,0,33,0,192,54,131,208,69,209,5,6,251,173,33,223,32,223,33,222,32,222,8,1,50,4,0,240,5,0,55,247,250,201,241
2026-08-03_14-39-02,1,478,0,0.0,0,210.0,-1,-1,0,75,19,253,14,76,86,224,0,0,0,0,254,60,77,87,224,0,0,0,0,251,52,244,251,0,0,0,0,0,173,189,130,173,77,0,0,0,0,171,0,37,171,0,0,0,0,0,173,38,38,173,38,0,0,0,0,139,7,115,27,0,33,0,0,0,0,0,6,32,0,0,0,69,33,0,0,0,0,0,0,198,224,37,37,166,224,224,224,0,0,0,3,12,0,33,0,192,54,131,208,69,209,5,6,251,173,33,223,32,223,33,222,32,222,8,1,50,4,0,240,5,0,55,247,250,201,241,0,177,59,251,12,74,84,224,0,0,0,0,0,62,79,224,224,0,0,0,0,251,52,244,251,0,0,0,0,0,173,189,130,173,77,0,0,0,0,171,0,37,171,0,0,0,0,0,173,38,38,173,38,0,0,0,0,143,7,81,27,0,33,0,0,0,0,0,2,32,0,0,0,69,33,0,0,0,0,0,0,198,224,37,37,166,224,224,224,0,0,0,3,11,0,33,0,192,54,131,208,136,209,5,6,251,173,35,223,39,223,35,222,39,222,8,1,50,4,0,240,6,0,55,247,250,201,241
2026-08-03_14-39-02,1,479,4,0.0,0,210.0,-1,-1,0,177,59,251,12,74,84,224,0,0,0,0,0,62,79,224,224,0,0,0,0,251,52,244,251,0,0,0,0,0,173,189,130,173,77,0,0,0,0,171,0,37,171,0,0,0,0,0,173,38,38,173,38,0,0,0,0,143,7,81,27,0,33,0,0,0,0,0,2,32,0,0,0,69,33,0,0,0,0,0,0,198,224,37,37,166,224,224,224,0,0,0,3,11,0,33,0,192,54,131,208,136,209,5,6,251,173,35,223,39,223,35,222,39,222,8,1,50,4,0,240,6,0,55,247,250,201,241,0,19,186,10,72,82,224,224,0,0,0,0,2,64,81,224,224,0,0,0,0,52,244,251,0,0,0,0,0,0,173,189,130,173,77,0,0,0,0,0,37,171,0,0,0,0,0,0,173,38,38,173,38,0,0,0,0,147,7,50,28,0,33,0,0,0,0,0,6,64,0,0,0,69,33,0,0,0,0,0,0,198,224,37,37,166,224,224,224,0,0,0,2,11,0,33,0,192,54,131,208,136,209,5,1,251,130,37,223,38,223,37,222,38,222,8,2,50,4,0,240,6,0,55,247,250,201,241
2026-08-03_14-39-02,1,480,0,0.0,0,210.0,-1,-1,0,19,186,10,72,82,224,224,0,0,0,0,2,64,81,224,224,0,0,0,0,52,244,251,0,0,0,0,0,0,173,189,130,173,77,0,0,0,0,0,37,171,0,0,0,0,0,0,173,38,38,173,38,0,0,0,0,147,7,50,28,0,33,0,0,0,0,0,6,64,0,0,0,69,33,0,0,0,0,0,0,198,224,37,37,166,224,224,224,0,0,0,2,11,0,33,0,192,54,131,208,136,209,5,1,251,130,37,223,38,223,37,222,38,222,8,2,50,4,0,240,6,0,55,247,250,201,241,0,59,166,8,70,80,224,224,0,0,0,0,250,4,66,83,224,0,0,0,0,52,244,251,0,0,0,0,0,0,130,173,189,130,173,0,0,0,0,0,37,171,0,0,0,0,0,0,38,173,38,38,173,0,0,0,0,151,7,19,28,0,33,0,0,0,0,0,2,64,0,0,0,69,33,0,0,0,0,0,0,198,224,37,37,166,224,224,224,0,0,0,2,12,0,33,0,192,54,131,208,136,209,5,1,251,130,39,223,36,223,39,222,36,222,8,2,50,4,0,240,6,0,55,247,250,201,241
2026-08-03_14-39-02,1,481,0,0.0,0,210.0,-1,-1,0,59,166,8,70,80,224,224,0,0,0,0,250,4,66,83,224,0,0,0,0,52,244,251,0,0,0,0,0,0,130,173,189,130,173,0,0,0,0,0,37,171,0,0,0,0,0,0,38,173,38,38,173,0,0,0,0,151,7,19,28,0,33,0,0,0,0,0,2,64,0,0,0,69,33,0,0,0,0,0,0,198,224,37,37,166,224,224,224,0,0,0,2,12,0,33,0,192,54,131,208,136,209,5,1,251,130,39,223,36,223,39,222,36,222,8,2,50,4,0,240,6,0,55,247,250,201,241,0,186,105,6,68,78,224,224,0,0,0,0,252,6,68,85,224,0,0,0,0,36,228,11,0,0,0,0,0,0,100,189,173,100,173,0,0,0,0,0,37,171,0,0,0,0,0,0,38,173,38,38,173,0,0,0,0,155,7,97,28,0,33,0,0,0,0,0,5,96,0,0,0,69,33,0,0,0,0,0,0,198,224,37,37,166,224,224,224,0,0,0,2,12,0,33,0,192,54,192,208,136,209,0,2,0,100,0,223,34,223,0,222,34,222,8,3,50,4,0,240,6,0,55,247,250,201,241
2026-08-03_14-39-02,1,482,0,0.0,0,210.0,-1,-1,0,186,105,6,68,78,224,224,0,0,0,0,252,6,68,85,224,0,0,0,0,36,228,11,0,0,0,0,0,0,100,189,173,100,173,0,0,0,0,0,37,171,0,0,0,0,0,0,38,173,38,38,173,0,0,0,0,155,7,97,28,0,33,0,0,0,0,0,5,96,0,0,0,69,33,0,0,0,0,0,0,198,224,37,37,166,224,224,224,0,0,0,2,12,0,33,0,192,54,192,208,136,209,0,2,0,100,0,223,34,223,0,222,34,222,8,3,50,4,0,240,6,0,55,247,250,201,241,0,166,153,4,66,76,224,224,0,0,0,0,254,8,70,87,224,0,0,0,0,36,228,11,0,0,0,0,0,0,100,189,173,100,173,0,0,0,0,0,37,171,0,0,0,0,0,0,38,173,38,38,173,0,0,0,0,159,7,66,28,0,33,0,0,0,0,0,1,96,0,0,0,69,33,0,0,0,0,0,0,198,224,37,37,166,224,224,224,0,0,0,2,12,0,33,0,192,54,192,208,11,209,0,2,0,100,0,223,32,223,0,222,32,222,8,3,50,4,0,240,6,0,55,247,250,201,241
2026-08-03_14-39-02,1,483,0,0.0,0,210.0,-1,-1,0,166,153,4,66,76,224,224,0,0,0,0,254,8,70,87,224,0,0,0,0,36,228,11,0,0,0,0,0,0,100,189,173,100,173,0,0,0,0,0,37,171,0,0,0,0,0,0,38,173,38,38,173,0,0,0,0,159,7,66,28,0,33,0,0,0,0,0,1,96,0,0,0,69,33,0,0,0,0,0,0,198,224,37,37,166,224,224,224,0,0,0,2,12,0,33,0,192,54,192,208,11,209,0,2,0,100,0,223,32,223,0,222,32,222,8,3,50,4,0,240,6,0,55,247,250,201,241,0,105,157,2,64,74,224,224,0,0,0,0,0,10,72,224,224,0,0,0,0,36,228,11,0,0,0,0,0,0,100,189,173,100,173,0,0,0,0,0,37,171,0,0,0,0,0,0,38,173,38,38,173,0,0,0,0,163,7,35,28,0,33,0,0,0,0,0,5,0,0,0,0,69,33,0,0,0,0,0,0,198,224,37,37,166,224,224,224,0,0,0,2,11,0,33,0,192,54,192,208,207,209,0,2,0,100,0,223,32,223,0,222,32,222,8,0,50,4,0,240,6,0,55,247,250,201,241
2026-08-03_14-39-02,1,484,0,0.0,0,210.0,-1,-1,0,105,157,2,64,74,224,224,0,0,0,0,0,10,72,224,224,0,0,0,0,36,228,11,0,0,0,0,0,0,100,189,173,100,173,0,0,0,0,0,37,171,0,0,0,0,0,0,38,173,38,38,173,0,0,0,0,163,7,35,28,0,33,0,0,0,0,0,5,0,0,0,0,69,33,0,0,0,0,0,0,198,224,37,37,166,224,224,224,0,0,0,2,11,0,33,0,192,54,192,208,207,209,0,2,0,100,0,223,32,223,0,222,32,222,8,0,50,4,0,240,6,0,55,247,250,201,241,0,153,215,0,62,72,224,224,0,0,0,0,2,12,74,224,224,0,0,0,0,20,212,27,0,0,0,0,0,0,84,205,157,100,173,0,0,0,0,0,37,171,0,0,0,0,0,0,38,173,38,38,173,0,0,0,0,167,7,113,28,0,33,0,0,0,0,0,1,0,0,0,0,69,33,0,0,0,0,0,0,198,224,37,37,166,224,224,224,0,0,0,2,11,0,33,0,192,54,192,208,207,209,0,2,0,100,0,223,32,223,0,222,32,222,8,0,50,4,0,240,6,0,55,247,250,201,241
2026-08-03_14-39-02,1,485,0,0.0,0,210.0,-1,-1,0,153,215,0,62,72,224,224,0,0,0,0,2,12,74,224,224,0,0,0,0,20,212,27,0,0,0,0,0,0,84,205,157,100,173,0,0,0,0,0,37,171,0,0,0,0,0,0,38,173,38,38,173,0,0,0,0,167,7,113,28,0,33,0,0,0,0,0,1,0,0,0,0,69,33,0,0,0,0,0,0,198,224,37,37,166,224,224,224,0,0,0,2,11,0,33,0,192,54,192,208,207,209,0,2,0,100,0,223,32,223,0,222,32,222,8,0,50,4,0,240,6,0,55,247,250,201,241,0,157,117,254,60,70,87,224,0,0,0,0,4,14,76,224,224,0,0,0,0,20,212,27,20,0,0,0,0,0,84,205,157,100,173,0,0,0,0,0,37,171,0,0,0,0,0,0,38,173,38,38,173,0,0,0,0,171,7,82,28,0,33,0,0,0,0,0,4,32,0,0,0,69,33,0,0,0,0,0,0,198,224,37,37,166,224,224,224,0,0,0,3,11,0,33,0,192,54,131,208,207,209,2,2,20,100,0,223,32,223,0,222,32,222,8,1,50,4,0,240,6,0,55,247,250,201,241
2026-08-03_14-39-02,1,486,0,0.0,0,210.0,-1,-1,0,157,117,254,60,70,87,224,0,0,0,0,4,14,76,224,224,0,0,0,0,20,212,27,20,0,0,0,0,0,84,205,157,100,173,0,0,0,0,0,37,171,0,0,0,0,0,0,38,173,38,38,173,0,0,0,0,171,7,82,28,0,33,0,0,0,0,0,4,32,0,0,0,69,33,0,0,0,0,0,0,198,224,37,37,166,224,224,224,0,0,0,3,11,0,33,0,192,54,131,208,207,209,2,2,20,100,0,223,32,223,0,222,32,222,8,1,50,4,0,240,6,0,55,247,250,201,241,0,215,84,252,58,68,85,224,0,0,0,0,6,16,78,224,224,0,0,0,0,20,212,27,20,0,0,0,0,0,84,205,157,100,173,0,0,0,0,0,37,171,0,0,0,0,0,0,38,173,38,38,173,0,0,0,0,175,7,51,28,0,33,0,0,0,0,0,8,64,0,0,0,69,33,0,0,0,0,0,0,198,224,37,37,166,224,224,224,0,0,0,3,11,0,33,0,192,54,131,208,207,209,2,2,20,100,2,223,32,223,2,222,32,222,13,128,50,4,0,240,6,0,55,247,250,201,241
2026-08-03_14-39-02,1,487,0,0.0,0,210.0,-1,-1,0,215,84,252,58,68,85,224,0,0,0,0,6,16,78,224,224,0,0,0,0,20,212,27,20,0,0,0,0,0,84,205,157,100,173,0,0,0,0,0,37,171,0,0,0,0,0,0,38,173,38,38,173,0,0,0,0,175,7,51,28,0,33,0,0,0,0,0,8,64,0,0,0,69,33,0,0,0,0,0,0,198,224,37,37,166,224,224,224,0,0,0,3,11,0,33,0,192,54,131,208,207,209,2,2,20,100,2,223,32,223,2,222,32,222,13,128,50,4,0,240,6,0,55,247,250,201,241,0,117,79,250,56,66,83,224,0,0,0,0,8,18,80,224,224,0,0,0,0,20,212,27,20,0,0,0,0,0,84,205,157,100,173,0,0,0,0,0,37,171,0,0,0,0,0,0,38,173,38,38,173,0,0,0,0,179,7,17,28,0,33,0,0,0,0,0,4,64,0,0,0,69,33,0,0,0,0,0,0,198,224,37,37,166,224,224,224,0,0,0,3,11,0,33,0,192,54,131,208,136,209,2,6,20,157,4,223,39,223,4,222,10,2,2,2,50,4,205,38,6,0,55,123,251,201,241
2026-08-03_14-39-02,1,488,0,0.0,0,210.0,-1,-1,0,117,79,250,56,66,83,224,0,0,0,0,8,18,80,224,224,0,0,0,0,20,212,27,20,0,0,0,0,0,84,205,157,100,173,0,0,0,0,0,37,171,0,0,0,0,0,0,38,173,38,38,173,0,0,0,0,179,7,17,28,0,33,0,0,0,0,0,4,64,0,0,0,69,33,0,0,0,0,0,0,198,224,37,37,166,224,224,224,0,0,0,3,11,0,33,0,192,54,131,208,136,209,2,6,20,157,4,223,39,223,4,222,10,2,2,2,50,4,205,38,6,0,55,123,251,201,241,0,84,243,248,54,64,81,224,0,0,0,0,10,20,82,224,224,0,0,0,0,4,196,43,4,0,0,0,0,0,68,221,141,100,173,0,0,0,0,0,37,171,0,0,0,0,0,0,38,173,38,38,173,0,0,0,0,183,7,98,28,0,33,0,0,0,0,0,7,96,0,0,0,69,33,0,0,0,0,0,0,198,224,37,37,166,224,224,224,0,0,0,3,11,0,33,0,192,54,131,208,136,209,2,6,4,141,6,223,37,223,6,222,10,2,2,0,50,4,221,40,6,0,55,123,251,201,241
2026-08-03_14-39-02,1,489,0,0.0,0,210.0,-1,-1,0,84,243,248,54,64,81,224,0,0,0,0,10,20,82,224,224,0,0,0,0,4,196,43,4,0,0,0,0,0,68,221,141,100,173,0,0,0,0,0,37,171,0,0,0,0,0,0,38,173,38,38,173,0,0,0,0,183,7,98,28,0,33,0,0,0,0,0,7,96,0,0,0,69,33,0,0,0,0,0,0,198,224,37,37,166,224,224,224,0,0,0,3,11,0,33,0,192,54,131,208,136,209,2,6,4,141,6,223,37,223,6,222,10,2,2,0,50,4,221,40,6,0,55,123,251,201,241,0,79,63,246,52,62,79,224,0,0,0,0,251,12,22,84,224,0,0,0,0,4,196,43,4,0,0,0,0,0,141,68,221,141,100,0,0,0,0,0,37,171,0,0,0,0,0,0,38,38,173,38,38,0,0,0,0,187,7,67,28,0,33,0,0,0,0,0,3,96,0,0,0,69,33,0,0,0,0,0,0,198,224,37,37,166,224,224,224,0,0,0,3,12,0,33,0,192,54,131,208,136,209,2,6,4,141,8,223,35,223,8,222,11,2,2,3,50,4,221,42,6,0,55,123,251,201,241
2026-08-03_14-39-02,1,490,0,0.0,0,210.0,-1,-1,0,79,63,246,52,62,79,224,0,0,0,0,251,12,22,84,224,0,0,0,0,4,196,43,4,0,0,0,0,0,141,68,221,141,100,0,0,0,0,0,37,171,0,0,0,0,0,0,38,38,173,38,38,0,0,0,0,187,7,67,28,0,33,0,0,0,0,0,3,96,0,0,0,69,33,0,0,0,0,0,0,198,224,37,37,166,224,224,224,0,0,0,3,12,0,33,0,192,54,131,208,136,209,2,6,4,141,8,223,35,223,8,222,11,2,2,3,50,4,221,42,6,0,55,123,251,201,241,0,243,250,244,50,60,77,224,0,0,0,0,253,14,24,86,224,0,0,0,0,4,196,43,4,0,0,0,0,0,141,68,221,141,100,0,0,0,0,0,37,171,0,0,0,0,0,0,38,38,173,38,38,0,0,0,0,191,7,33,28,0,33,0,0,0,0,0,13,112,0,16,0,69,33,0,0,0,0,0,0,198,224,37,245,166,224,36,224,0,156,0,3,12,0,33,0,128,54,131,208,136,209,2,6,4,141,10,223,33,223,10,222,11,2,2,3,50,4,82,44,6,199,251,123,251,201,241
2026-08-03_14-39-02,1,491,1,0.0,0,210.0,-1,-1,0,243,250,244,50,60,77,224,0,0,0,0,253,14,24,86,224,0,0,0,0,4,196,43,4,0,0,0,0,0,141,68,221,141,100,0,0,0,0,0,37,171,0,0,0,0,0,0,38,38,173,38,38,0,0,0,0,191,7,33,28,0,33,0,0,0,0,0,13,112,0,16,0,69,33,0,0,0,0,0,0,198,224,37,245,166,224,36,224,0,156,0,3,12,0,33,0,128,54,131,208,136,209,2,6,4,141,10,223,33,223,10,222,11,2,2,3,50,4,82,44,6,199,251,123,251,201,241,0,63,162,242,48,58,75,224,0,0,0,0,255,16,26,88,224,0,0,0,0,244,180,59,244,0,0,0,0,0,50,52,237,50,100,0,0,0,0,0,37,171,0,0,0,0,0,0,38,38,173,38,38,0,0,0,0,195,7,114,28,0,33,0,0,0,0,0,9,112,0,16,0,69,33,0,0,0,0,0,0,198,224,37,71,166,224,36,224,0,140,0,3,12,0,33,0,65,55,131,208,11,209,2,1,244,50,12,223,32,223,12,222,11,2,2,3,53,8,237,46,6,0,55,123,251,136,241
2026-08-03_14-39-02,1,492,1,0.0,0,210.0,-1,-1,0,63,162,242,48,58,75,224,0,0,0,0,255,16,26,88,224,0,0,0,0,244,180,59,244,0,0,0,0,0,50,52,237,50,100,0,0,0,0,0,37,171,0,0,0,0,0,0,38,38,173,38,38,0,0,0,0,195,7,114,28,0,33,0,0,0,0,0,9,112,0,16,0,69,33,0,0,0,0,0,0,198,224,37,71,166,224,36,224,0,140,0,3,12,0,33,0,65,55,131,208,11,209,2,1,244,50,12,223,32,223,12,222,11,2,2,3,53,8,237,46,6,0,55,123,251,136,241,0,250,40,46,56,73,224,224,0,0,0,0,1,18,28,224,224,0,0,0,0,180,59,244,0,0,0,0,0,0,50,52,237,50,100,0,0,0,0,37,171,0,0,0,0,0,0,0,38,38,173,38,38,0,0,0,0,199,7,83,28,0,33,0,0,0,0,0,5,112,0,16,0,69,33,0,0,0,0,0,0,198,224,37,167,166,224,36,224,0,124,0,2,11,0,33,0,192,54,131,208,207,209,2,1,244,50,14,223,32,223,14,222,11,2,2,3,50,4,81,48,6,199,251,123,251,201,241
2026-08-03_14-39-02,1,493,0,0.0,0,210.0,-1,-1,0,250,40,46,56,73,224,224,0,0,0,0,1,18,28,224,224,0,0,0,0,180,59,244,0,0,0,0,0,0,50,52,237,50,100,0,0,0,0,37,171,0,0,0,0,0,0,0,38,38,173,38,38,0,0,0,0,199,7,83,28,0,33,0,0,0,0,0,5,112,0,16,0,69,33,0,0,0,0,0,0,198,224,37,167,166,224,36,224,0,124,0,2,11,0,33,0,192,54,131,208,207,209,2,1,244,50,14,223,32,223,14,222,11,2,2,3,50,4,81,48,6,199,251,123,251,201,241,0,162,129,44,54,71,224,224,0,0,0,0,3,20,30,224,224,0,0,0,0,180,59,244,0,0,0,0,0,0,50,52,237,50,100,0,0,0,0,37,171,0,0,0,0,0,0,0,38,38,173,38,38,0,0,0,0,203,7,49,28,0,33,0,0,0,0,0,1,112,0,0,0,69,33,0,0,0,0,0,0,198,224,37,249,166,224,36,224,0,108,0,2,11,0,33,0,66,55,192,208,207,209,0,1,0,50,15,223,32,223,15,222,11,2,2,3,53,8,81,50,6,199,251,123,251,136,241
2026-08-03_14-39-02,1,494,0,0.0,0,210.0,-1,-1,0,162,129,44,54,71,224,224,0,0,0,0,3,20,30,224,224,0,0,0,0,180,59,244,0,0,0,0,0,0,50,52,237,50,100,0,0,0,0,37,171,0,0,0,0,0,0,0,38,38,173,38,38,0,0,0,0,203,7,49,28,0,33,0,0,0,0,0,1,112,0,0,0,69,33,0,0,0,0,0,0,198,224,37,249,166,224,36,224,0,108,0,2,11,0,33,0,66,55,192,208,207,209,0,1,0,50,15,223,32,223,15,222,11,2,2,3,53,8,81,50,6,199,251,123,251,136,241,0,40,28,42,52,69,224,224,0,0,0,0,5,22,32,224,224,0,0,0,0,180,59,244,0,0,0,0,0,0,50,52,237,50,100,0,0,0,0,37,171,0,0,0,0,0,0,0,38,38,173,38,38,0,0,0,0,207,7,18,28,0,33,0,0,0,0,0,5,96,0,0,0,69,33,0,0,0,0,0,0,198,224,37,75,166,224,36,224,0,92,0,2,11,0,33,0,64,55,192,208,207,209,0,1,0,50,0,223,32,223,0,222,11,2,2,3,53,8,81,52,6,199,251,123,251,136,241
2026-08-03_14-39-02,1,495,0,0.0,0,210.0,-1,-1,0,40,28,42,52,69,224,224,0,0,0,0,5,22,32,224,224,0,0,0,0,180,59,244,0,0,0,0,0,0,50,52,237,50,100,0,0,0,0,37,171,0,0,0,0,0,0,0,38,38,173,38,38,0,0,0,0,207,7,18,28,0,33,0,0,0,0,0,5,96,0,0,0,69,33,0,0,0,0,0,0,198,224,37,75,166,224,36,224,0,92,0,2,11,0,33,0,64,55,192,208,207,209,0,1,0,50,0,223,32,223,0,222,11,2,2,3,53,8,81,52,6,199,251,123,251,136,241,0,129,207,40,50,67,224,224,0,0,0,0,7,24,34,224,224,0,0,0,0,164,75,228,0,0,0,0,0,0,34,36,253,50,100,0,0,0,0,37,171,0,0,0,0,0,0,0,38,38,173,38,38,0,0,0,0,211,7,99,28,0,33,0,0,0,0,0,1,96,0,0,0,69,33,0,0,0,0,0,0,198,224,37,171,166,224,36,224,0,76,0,2,11,0,33,0,128,54,192,208,207,209,0,1,0,50,0,223,32,223,0,222,11,2,2,3,50,4,80,54,6,199,251,123,251,201,241
2026-08-03_14-39-02,1,496,0,50.0,0,260.0,-1,-1,0,129,207,40,50,67,224,224,0,0,0,0,7,24,34,224,224,0,0,0,0,164,75,228,0,0,0,0,0,0,34,36,253,50,100,0,0,0,0,37,171,0,0,0,0,0,0,0,38,38,173,38,38,0,0,0,0,211,7,99,28,0,33,0,0,0,0,0,1,96,0,0,0,69,33,0,0,0,0,0,0,198,224,37,171,166,224,36,224,0,76,0,2,11,0,33,0,128,54,192,208,207,209,0,1,0,50,0,223,32,223,0,222,11,2,2,3,50,4,80,54,6,199,251,123,251,201,241,0,28,240,38,48,65,224,224,0,0,0,0,9,26,36,224,224,0,0,0,0,164,75,228,0,0,0,0,0,0,34,36,253,50,100,0,0,0,0,37,171,0,0,0,0,0,0,0,38,38,237,38,38,0,0,0,0,215,7,65,28,0,38,0,0,0,237,15,5,1,0,0,0,69,33,0,0,0,0,0,0,198,224,37,253,166,224,36,224,0,0,0,2,11,0,33,0,65,55,192,208,207,209,0,1,0,50,0,223,32,223,0,222,11,2,2,16,53,8,80,56,6,199,251,123,251,136,241
2026-08-03_14-39-02,1,497,0,0.0,0,260.0,-1,-1,0,28,240,38,48,65,224,224,0,0,0,0,9,26,36,224,224,0,0,0,0,164,75,228,0,0,0,0,0,0,34,36,253,50,100,0,0,0,0,37,171,0,0,0,0,0,0,0,38,38,237,38,38,0,0,0,0,215,7,65,28,0,38,0,0,0,237,15,5,1,0,0,0,69,33,0,0,0,0,0,0,198,224,37,253,166,224,36,224,0,0,0,2,11,0,33,0,65,55,192,208,207,209,0,1,0,50,0,223,32,223,0,222,11,2,2,16,53,8,80,56,6,199,251,123,251,136,241,0,158,9,36,46,63,224,224,0,0,0,0,11,28,38,224,224,0,0,0,0,164,75,228,0,0,0,0,0,0,34,36,253,50,100,0,0,0,0,37,171,0,0,0,0,0,0,0,38,38,177,38,38,0,0,0,0,219,7,34,28,0,38,0,0,0,0,13,1,1,0,0,0,69,33,0,0,0,0,0,0,198,224,37,37,166,224,224,224,0,0,0,2,11,0,33,0,128,54,192,208,207,209,0,1,0,50,0,223,32,223,0,222,10,2,2,16,50,4,104,48,6,199,251,123,251,201,241
2026-08-03_14-39-02,1,498,0,0.0,0,260.0,-1,-1,0,158,9,36,46,63,224,224,0,0,0,0,11,28,38,224,224,0,0,0,0,164,75,228,0,0,0,0,0,0,34,36,253,50,100,0,0,0,0,37,171,0,0,0,0,0,0,0,38,38,177,38,38,0,0,0,0,219,7,34,28,0,38,0,0,0,0,13,1,1,0,0,0,69,33,0,0,0,0,0,0,198,224,37,37,166,224,224,224,0,0,0,2,11,0,33,0,128,54,192,208,207,209,0,1,0,50,0,223,32,223,0,222,10,2,2,16,50,4,104,48,6,199,251,123,251,201,241,0,224,148,34,44,61,224,224,0,0,0,0,13,30,40,224,224,0,0,0,0,148,91,212,0,0,0,0,0,0,18,20,237,50,100,0,0,0,0,37,171,0,0,0,0,0,0,0,38,38,177,38,38,0,0,0,0,223,7,115,28,0,38,0,0,0,0,11,4,33,0,0,0,69,33,0,0,0,0,0,0,198,224,37,37,166,224,224,224,0,0,0,2,11,0,33,0,128,54,192,208,207,209,0,1,0,50,0,223,32,223,0,222,10,2,2,17,50,4,105,50,6,199,251,123,251,201,241
2026-08-03_14-39-02,1,499,0,0.0,0,260.0,-1,-1,0,224,148,34,44,61,224,224,0,0,0,0,13,30,40,224,224,0,0,0,0,148,91,212,0,0,0,0,0,0,18,20,237,50,100,0,0,0,0,37,171,0,0,0,0,0,0,0,38,38,177,38,38,0,0,0,0,223,7,115,28,0,38,0,0,0,0,11,4,33,0,0,0,69,33,0,0,0,0,0,0,198,224,37,37,166,224,224,224,0,0,0,2,11,0,33,0,128,54,192,208,207,209,0,1,0,50,0,223,32,223,0,222,10,2,2,17,50,4,105,50,6,199,251,123,251,201,241,0,9,68,32,42,59,224,224,0,0,0,0,15,32,42,224,224,0,0,0,0,148,91,212,0,0,0,0,0,0,18,20,237,50,100,0,0,0,0,37,171,0,0,0,0,0,0,0,38,38,177,38,38,0,0,0,0,227,7,81,28,0,38,0,0,0,0,9,8,65,0,0,0,69,33,0,0,0,0,0,0,198,224,37,37,166,224,224,224,0,0,0,2,11,0,33,0,128,54,192,208,207,209,0,1,0,50,0,223,32,223,0,222,10,2,2,132,50,4,105,52,6,199,251,123,251,201,241
2026-08-03_14-39-02,1,500,0,0.0,0,260.0,-1,-1,0,9,68,32,42,59,224,224,0,0,0,0,15,32,42,224,224,0,0,0,0,148,91,212,0,0,0,0,0,0,18,20,237,50,100,0,0,0,0,37,171,0,0,0,0,0,0,0,38,38,177,38,38,0,0,0,0,227,7,81,28,0,38,0,0,0,0,9,8,65,0,0,0,69,33,0,0,0,0,0,0,198,224,37,37,166,224,224,224,0,0,0,2,11,0,33,0,128,54,192,208,207,209,0,1,0,50,0,223,32,223,0,222,10,2,2,132,50,4,105,52,6,199,251,123,251,201,241,0,148,67,30,40,57,224,224,0,0,0,0,17,34,44,224,224,0,0,0,0,148,91,212,0,0,0,0,0,0,18,20,237,50,100,0,0,0,0,37,171,0,0,0,0,0,0,0,38,38,177,38,38,0,0,0,0,231,7,50,28,0,38,0,0,0,0,7,4,65,0,0,0,69,33,0,0,0,0,0,0,198,224,37,37,166,224,224,224,0,0,0,2,11,0,33,0,128,54,192,208,207,209,0,1,0,50,0,223,32,223,0,222,10,2,2,18,50,4,105,54,6,199,251,123,251,201,241
2026-08-03_14-39-02,1,501,0,0.0,0,260.0,-1,-1,0,148,67,30,40,57,224,224,0,0,0,0,17,34,44,224,224,0,0,0,0,148,91,212,0,0,0,0,0,0,18,20,237,50,100,0,0,0,0,37,171,0,0,0,0,0,0,0,38,38,177,38,38,0,0,0,0,231,7,50,28,0,38,0,0,0,0,7,4,65,0,0,0,69,33,0,0,0,0,0,0,198,224,37,37,166,224,224,224,0,0,0,2,11,0,33,0,128,54,192,208,207,209,0,1,0,50,0,223,32,223,0,222,10,2,2,18,50,4,105,54,6,199,251,123,251,201,241,0,68,55,28,38,55,224,224,0,0,0,0,19,36,46,224,224,0,0,0,0,148,91,212,0,0,0,0,0,0,18,20,237,50,100,0,0,0,0,37,171,0,0,0,0,0,0,0,38,38,177,38,38,0,0,0,0,235,7,19,28,0,38,0,0,0,0,5,7,97,0,0,0,69,33,0,0,0,0,0,0,198,224,37,37,166,224,224,224,0,0,0,2,11,0,33,0,128,54,192,208,207,209,0,1,0,50,0,223,32,223,0,222,10,2,2,4,50,4,20,56,6,199,251,123,251,201,241
2026-08-03_14-39-02,1,502,0,0.0,0,260.0,-1,-1,0,68,55,28,38,55,224,224,0,0,0,0,19,36,46,224,224,0,0,0,0,148,91,212,0,0,0,0,0,0,18,20,237,50,100,0,0,0,0,37,171,0,0,0,0,0,0,0,38,38,177,38,38,0,0,0,0,235,7,19,28,0,38,0,0,0,0,5,7,97,0,0,0,69,33,0,0,0,0,0,0,198,224,37,37,166,224,224,224,0,0,0,2,11,0,33,0,128,54,192,208,207,209,0,1,0,50,0,223,32,223,0,222,10,2,2,4,50,4,20,56,6,199,251,123,251,201,241,0,67,121,26,36,53,224,224,0,0,0,0,21,38,48,224,224,0,0,0,0,132,107,196,0,0,0,0,0,0,2,4,221,50,100,0,0,0,0,37,171,0,0,0,0,0,0,0,38,38,177,38,38,0,0,0,0,239,7,97,28,0,38,0,0,0,0,3,3,97,0,0,0,69,33,0,0,0,0,0,0,198,224,37,37,166,224,224,224,0,0,0,2,11,0,33,0,128,54,192,208,207,209,0,1,0,50,0,223,32,223,0,222,9,2,2,19,50,4,2,41,6,199,251,123,251,201,241
2026-08-03_14-39-02,1,503,0,0.0,0,260.0,-1,-1,0,67,121,26,36,53,224,224,0,0,0,0,21,38,48,224,224,0,0,0,0,132,107,196,0,0,0,0,0,0,2,4,221,50,100,0,0,0,0,37,171,0,0,0,0,0,0,0,38,38,177,38,38,0,0,0,0,239,7,97,28,0,38,0,0,0,0,3,3,97,0,0,0,69,33,0,0,0,0,0,0,198,224,37,37,166,224,224,224,0,0,0,2,11,0,33,0,128,54,192,208,207,209,0,1,0,50,0,223,32,223,0,222,9,2,2,19,50,4,2,41,6,199,251,123,251,201,241,0,55,152,24,34,51,224,224,0,0,0,0,23,40,50,224,224,0,0,0,0,132,107,196,0,0,0,0,0,0,2,4,221,50,100,0,0,0,0,37,171,0,0,0,0,0,0,0,38,38,177,38,38,0,0,0,0,243,7,66,28,0,38,0,0,0,0,1,7,1,0,0,0,69,33,0,0,0,0,0,0,198,224,37,37,166,224,224,224,0,0,0,2,11,0,33,0,128,54,192,208,207,209,0,1,0,50,0,223,32,223,0,222,9,2,2,16,50,4,2,43,6,199,251,123,251,201,241
2026-08-03_14-39-02,1,504,1,0.0,0,260.0,-1,-1,0,55,152,24,34,51,224,224,0,0,0,0,23,40,50,224,224,0,0,0,0,132,107,196,0,0,0,0,0,0,2,4,221,50,100,0,0,0,0,37,171,0,0,0,0,0,0,0,38,38,177,38,38,0,0,0,0,243,7,66,28,0,38,0,0,0,0,1,7,1,0,0,0,69,33,0,0,0,0,0,0,198,224,37,37,166,224,224,224,0,0,0,2,11,0,33,0,128,54,192,208,207,209,0,1,0,50,0,223,32,223,0,222,9,2,2,16,50,4,2,43,6,199,251,123,251,201,241,0,121,139,22,32,49,224,224,0,0,0,0,25,42,52,224,224,0,0,0,0,132,107,196,0,0,0,0,0,0,2,4,221,50,100,0,0,0,0,37,171,0,0,0,0,0,0,0,38,38,177,38,38,0,0,0,0,247,7,35,28,0,38,0,0,0,0,0,11,16,0,16,0,69,33,0,0,0,0,0,0,198,224,37,165,166,224,36,224,0,140,0,2,11,0,33,0,65,55,192,208,207,209,0,1,0,50,0,223,32,223,0,222,9,2,2,0,53,8,2,45,6,199,251,123,251,136,241
2026-08-03_14-39-02,1,505,1,0.0,0,260.0,-1,-1,0,121,139,22,32,49,224,224,0,0,0,0,25,42,52,224,224,0,0,0,0,132,107,196,0,0,0,0,0,0,2,4,221,50,100,0,0,0,0,37,171,0,0,0,0,0,0,0,38,38,177,38,38,0,0,0,0,247,7,35,28,0,38,0,0,0,0,0,11,16,0,16,0,69,33,0,0,0,0,0,0,198,224,37,165,166,224,36,224,0,140,0,2,11,0,33,0,65,55,192,208,207,209,0,1,0,50,0,223,32,223,0,222,9,2,2,0,53,8,2,45,6,199,251,123,251,136,241,0,152,177,20,30,47,224,224,0,0,0,0,27,44,54,224,224,0,0,0,0,102,137,180,0,0,0,0,0,0,242,244,205,50,100,0,0,0,0,37,171,0,0,0,0,0,0,0,38,38,177,38,38,0,0,0,0,251,7,113,28,0,38,0,0,0,0,0,7,16,0,16,0,69,33,0,0,0,0,0,0,198,224,37,247,166,224,36,224,0,124,0,2,11,0,33,0,192,54,192,208,207,209,0,1,0,50,0,223,32,223,0,222,9,2,2,0,50,4,92,47,6,199,251,123,251,201,241
2026-08-03_14-39-02,1,506,0,0.0,0,260.0,-1,-1,0,152,177,20,30,47,224,224,0,0,0,0,27,44,54,224,224,0,0,0,0,102,137,180,0,0,0,0,0,0,242,244,205,50,100,0,0,0,0,37,171,0,0,0,0,0,0,0,38,38,177,38,38,0,0,0,0,251,7,113,28,0,38,0,0,0,0,0,7,16,0,16,0,69,33,0,0,0,0,0,0,198,224,37,247,166,224,36,224,0,124,0,2,11,0,33,0,192,54,192,208,207,209,0,1,0,50,0,223,32,223,0,222,9,2,2,0,50,4,92,47,6,199,251,123,251,201,241,0,139,21,18,28,45,224,224,0,0,0,0,29,46,56,224,224,0,0,0,0,102,137,180,0,0,0,0,0,0,242,244,205,50,100,0,0,0,0,37,171,0,0,0,0,0,0,0,38,38,177,38,38,0,0,0,0,255,7,82,28,0,38,0,0,0,0,0,3,16,0,0,0,69,33,0,0,0,0,0,0,198,224,37,73,166,224,36,224,0,108,0,2,11,0,33,0,66,55,192,208,207,209,0,1,0,50,0,223,32,223,0,222,9,2,2,0,53,8,92,49,6,199,251,123,251,136,241
2026-08-03_14-39-02,1,507,0,0.0,0,260.0,-1,-1,0,139,21,18,28,45,224,224,0,0,0,0,29,46,56,224,224,0,0,0,0,102,137,180,0,0,0,0,0,0,242,244,205,50,100,0,0,0,0,37,171,0,0,0,0,0,0,0,38,38,177,38,38,0,0,0,0,255,7,82,28,0,38,0,0,0,0,0,3,16,0,0,0,69,33,0,0,0,0,0,0,198,224,37,73,166,224,36,224,0,108,0,2,11,0,33,0,66,55,192,208,207,209,0,1,0,50,0,223,32,223,0,222,9,2,2,0,53,8,92,49,6,199,251,123,251,136,241,0,177,83,16,26,43,224,224,0,0,0,0,31,48,58,224,224,0,0,0,0,102,137,180,0,0,0,0,0,0,242,244,205,50,100,0,0,0,0,37,171,0,0,0,0,0,0,0,38,38,177,38,38,0,0,0,0,3,8,51,28,0,38,0,0,0,0,0,7,96,0,0,0,69,33,0,0,0,0,0,0,198,224,37,169,166,224,36,224,0,92,0,2,11,0,33,0,64,55,192,208,207,209,0,1,0,50,0,223,32,223,0,222,9,2,2,3,53,8,92,51,6,199,251,123,251,136,241
2026-08-03_14-39-02,1,508,0,0.0,0,260.0,-1,-1,0,177,83,16,26,43,224,224,0,0,0,0,31,48,58,224,224,0,0,0,0,102,137,180,0,0,0,0,0,0,242,244,205,50,100,0,0,0,0,37,171,0,0,0,0,0,0,0,38,38,177,38,38,0,0,0,0,3,8,51,28,0,38,0,0,0,0,0,7,96,0,0,0,69,33,0,0,0,0,0,0,198,224,37,169,166,224,36,224,0,92,0,2,11,0,33,0,64,55,192,208,207,209,0,1,0,50,0,223,32,223,0,222,9,2,2,3,53,8,92,51,6,199,251,123,251,136,241,0,21,58,14,24,41,224,224,0,0,0,0,33,50,60,224,224,0,0,0,0,102,137,180,0,0,0,0,0,0,242,244,205,50,100,0,0,0,0,37,171,0,0,0,0,0,0,0,38,38,177,38,38,0,0,0,0,7,8,17,28,0,38,0,0,0,0,0,3,96,0,0,0,69,33,0,0,0,0,0,0,198,224,37,251,166,224,36,224,0,76,0,2,11,0,33,0,128,54,192,208,207,209,0,1,0,50,0,223,32,223,0,222,9,2,2,3,50,4,92,53,6,199,251,123,251,201,241
2026-08-03_14-39-02,1,509,0,0.0,0,260.0,-1,-1,0,21,58,14,24,41,224,224,0,0,0,0,33,50,60,224,224,0,0,0,0,102,137,180,0,0,0,0,0,0,242,244,205,50,100,0,0,0,0,37,171,0,0,0,0,0,0,0,38,38,177,38,38,0,0,0,0,7,8,17,28,0,38,0,0,0,0,0,3,96,0,0,0,69,33,0,0,0,0,0,0,198,224,37,251,166,224,36,224,0,76,0,2,11,0,33,0,128,54,192,208,207,209,0,1,0,50,0,223,32,223,0,222,9,2,2,3,50,4,92,53,6,199,251,123,251,201,241,0,83,167,12,22,39,224,224,0,0,0,0,35,52,62,224,224,0,0,0,0,86,153,164,0,0,0,0,0,0,226,228,189,50,100,0,0,0,0,37,171,0,0,0,0,0,0,0,38,38,177,38,38,0,0,0,0,11,8,98,28,0,38,0,0,0,0,0,7,0,0,0,0,69,33,0,0,0,0,0,0,198,224,37,77,166,224,36,224,0,60,0,2,11,0,33,0,65,55,192,208,207,209,0,1,0,50,0,223,32,223,0,222,9,2,2,0,53,8,93,55,6,199,251,123,251,136,241
2026-08-03_14-39-02,1,510,0,0.0,0,260.0,-1,-1,0,83,167,12,22,39,224,224,0,0,0,0,35,52,62,224,224,0,0,0,0,86,153,164,0,0,0,0,0,0,226,228,189,50,100,0,0,0,0,37,171,0,0,0,0,0,0,0,38,38,177,38,38,0,0,0,0,11,8,98,28,0,38,0,0,0,0,0,7,0,0,0,0,69,33,0,0,0,0,0,0,198,224,37,77,166,224,36,224,0,60,0,2,11,0,33,0,65,55,192,208,207,209,0,1,0,50,0,223,32,223,0,222,9,2,2,0,53,8,93,55,6,199,251,123,251,136,241,0,58,126,10,20,37,224,224,0,0,0,0,37,54,64,224,224,0,0,0,0,86,153,164,0,0,0,0,0,0,226,228,189,50,100,0,0,0,0,37,171,0,0,0,0,0,0,0,38,38,177,38,38,0,0,0,0,15,8,67,28,0,38,0,0,0,0,0,3,0,0,0,0,69,33,0,0,0,0,0,0,198,224,37,173,166,224,36,224,0,44,0,2,11,0,33,0,192,54,192,208,207,209,0,1,0,50,0,223,32,223,0,222,1,2,2,0,50,4,153,40,6,0,55,43,251,201,241
2026-08-03_14-39-02,1,511,0,0.0,0,260.0,-1,-1,0,58,126,10,20,37,224,224,0,0,0,0,37,54,64,224,224,0,0,0,0,86,153,164,0,0,0,0,0,0,226,228,189,50,100,0,0,0,0,37,171,0,0,0,0,0,0,0,38,38,177,38,38,0,0,0,0,15,8,67,28,0,38,0,0,0,0,0,3,0,0,0,0,69,33,0,0,0,0,0,0,198,224,37,173,166,224,36,224,0,44,0,2,11,0,33,0,192,54,192,208,207,209,0,1,0,50,0,223,32,223,0,222,1,2,2,0,50,4,153,40,6,0,55,43,251,201,241,0,167,233,8,18,35,224,224,0,0,0,0,39,56,66,224,224,0,0,0,0,86,153,164,0,0,0,0,0,0,226,228,189,50,100,0,0,0,0,37,171,0,0,0,0,0,0,0,38,38,177,38,38,0,0,0,0,19,8,33,28,0,38,0,0,0,0,0,5,32,0,0,0,69,33,0,0,0,0,0,0,198,224,37,194,166,224,36,224,0,28,0,2,11,0,33,0,66,55,192,208,207,209,0,1,0,50,0,223,32,223,0,222,2,0,0,1,53,8,112,55,6,199,251,43,251,136,241
2026-08-03_14-39-02,1,512,0,0.0,0,260.0,-1,-1,0,167,233,8,18,35,224,224,0,0,0,0,39,56,66,224,224,0,0,0,0,86,153,164,0,0,0,0,0,0,226,228,189,50,100,0,0,0,0,37,171,0,0,0,0,0,0,0,38,38,177,38,38,0,0,0,0,19,8,33,28,0,38,0,0,0,0,0,5,32,0,0,0,69,33,0,0,0,0,0,0,198,224,37,194,166,224,36,224,0,28,0,2,11,0,33,0,66,55,192,208,207,209,0,1,0,50,0,223,32,223,0,222,2,0,0,1,53,8,112,55,6,199,251,43,251,136,241,0,126,157,6,16,33,224,224,0,0,0,0,41,58,68,224,224,0,0,0,0,70,169,148,0,0,0,0,0,0,210,212,173,50,100,0,0,0,0,37,171,0,0,0,0,0,0,0,38,38,177,38,38,0,0,0,0,23,8,114,28,0,38,0,0,0,0,0,1,32,0,0,0,69,33,0,0,0,0,0,0,198,224,37,37,166,224,224,224,0,0,0,2,11,0,33,0,128,54,192,208,207,209,0,1,0,50,0,223,32,223,0,222,2,0,0,1,50,4,113,53,6,199,251,43,251,201,241
2026-08-03_14-39-02,1,513,0,0.0,0,260.0,-1,-1,0,126,157,6,16,33,224,224,0,0,0,0,41,58,68,224,224,0,0,0,0,70,169,148,0,0,0,0,0,0,210,212,173,50,100,0,0,0,0,37,171,0,0,0,0,0,0,0,38,38,177,38,38,0,0,0,0,23,8,114,28,0,38,0,0,0,0,0,1,32,0,0,0,69,33,0,0,0,0,0,0,198,224,37,37,166,224,224,224,0,0,0,2,11,0,33,0,128,54,192,208,207,209,0,1,0,50,0,223,32,223,0,222,2,0,0,1,50,4,113,53,6,199,251,43,251,201,241,0,233,208,4,14,31,224,224,0,0,0,0,43,60,70,224,224,0,0,0,0,70,169,148,0,0,0,0,0,0,210,212,173,50,100,0,0,0,0,37,171,0,0,0,0,0,0,0,38,38,177,38,38,0,0,0,0,27,8,83,28,0,38,0,0,0,0,0,5,64,0,0,0,69,33,0,0,0,0,0,0,198,224,37,37,166,224,224,224,0,0,0,2,11,0,33,0,128,54,192,208,207,209,0,1,0,50,0,223,32,223,0,222,2,0,0,2,50,4,113,51,6,199,251,43,251,201,241
2026-08-03_14-39-02,1,514,0,0.0,0,260.0,-1,-1,0,233,208,4,14,31,224,224,0,0,0,0,43,60,70,224,224,0,0,0,0,70,169,148,0,0,0,0,0,0,210,212,173,50,100,0,0,0,0,37,171,0,0,0,0,0,0,0,38,38,177,38,38,0,0,0,0,27,8,83,28,0,38,0,0,0,0,0,5,64,0,0,0,69,33,0,0,0,0,0,0,198,224,37,37,166,224,224,224,0,0,0,2,11,0,33,0,128,54,192,208,207,209,0,1,0,50,0,223,32,223,0,222,2,0,0,2,50,4,113,51,6,199,251,43,251,201,241,0,157,7,2,12,29,224,224,0,0,0,0,45,62,72,224,224,0,0,0,0,70,169,148,0,0,0,0,0,0,210,212,173,50,100,0,0,0,0,37,171,0,0,0,0,0,0,0,38,38,177,38,38,0,0,0,0,31,8,49,28,0,38,0,0,0,0,0,1,64,0,0,0,69,33,0,0,0,0,0,0,198,224,37,37,166,224,224,224,0,0,0,2,11,0,33,0,128,54,192,208,207,209,0,1,0,50,0,223,32,223,0,222,2,0,0,2,50,4,113,49,6,199,251,43,251,201,241
2026-08-03_14-39-02,1,515,0,0.0,0,260.0,-1,-1,0,157,7,2,12,29,224,224,0,0,0,0,45,62,72,224,224,0,0,0,0,70,169,148,0,0,0,0,0,0,210,212,173,50,100,0,0,0,0,37,171,0,0,0,0,0,0,0,38,38,177,38,38,0,0,0,0,31,8,49,28,0,38,0,0,0,0,0,1,64,0,0,0,69,33,0,0,0,0,0,0,198,224,37,37,166,224,224,224,0,0,0,2,11,0,33,0,128,54,192,208,207,209,0,1,0,50,0,223,32,223,0,222,2,0,0,2,50,4,113,49,6,199,251,43,251,201,241,0,208,116,0,10,27,224,224,0,0,0,0,47,64,74,224,224,0,0,0,0,70,169,148,0,0,0,0,0,0,210,212,173,50,100,0,0,0,0,37,171,0,0,0,0,0,0,0,38,38,177,38,38,0,0,0,0,35,8,18,28,0,38,0,0,0,0,0,3,96,0,0,0,69,33,0,0,0,0,0,0,198,224,37,37,166,224,224,224,0,0,0,2,11,0,33,0,128,54,192,208,207,209,0,1,0,50,0,223,32,223,0,222,2,0,0,3,50,4,113,47,6,199,251,43,251,201,241
2026-08-03_14-39-02,1,516,0,0.0,0,260.0,-1,-1,0,208,116,0,10,27,224,224,0,0,0,0,47,64,74,224,224,0,0,0,0,70,169,148,0,0,0,0,0,0,210,212,173,50,100,0,0,0,0,37,171,0,0,0,0,0,0,0,38,38,177,38,38,0,0,0,0,35,8,18,28,0,38,0,0,0,0,0,3,96,0,0,0,69,33,0,0,0,0,0,0,198,224,37,37,166,224,224,224,0,0,0,2,11,0,33,0,128,54,192,208,207,209,0,1,0,50,0,223,32,223,0,222,2,0,0,3,50,4,113,47,6,199,251,43,251,201,241,0,7,78,254,8,25,87,224,0,0,0,0,49,66,76,224,224,0,0,0,0,54,185,132,54,0,0,0,0,0,194,196,157,50,100,0,0,0,0,37,171,0,37,0,0,0,0,0,38,38,177,38,38,0,0,0,0,39,8,99,28,0,38,0,0,0,0,0,7,0,0,0,0,69,33,0,0,0,0,0,0,198,224,37,37,166,224,224,224,0,0,0,3,11,0,33,0,128,54,131,208,207,209,3,1,54,50,32,223,32,223,32,222,2,0,0,0,50,4,114,45,6,199,251,43,251,201,241
2026-08-03_14-39-02,1,517,0,0.0,0,260.0,-1,-1,0,7,78,254,8,25,87,224,0,0,0,0,49,66,76,224,224,0,0,0,0,54,185,132,54,0,0,0,0,0,194,196,157,50,100,0,0,0,0,37,171,0,37,0,0,0,0,0,38,38,177,38,38,0,0,0,0,39,8,99,28,0,38,0,0,0,0,0,7,0,0,0,0,69,33,0,0,0,0,0,0,198,224,37,37,166,224,224,224,0,0,0,3,11,0,33,0,128,54,131,208,207,209,3,1,54,50,32,223,32,223,32,222,2,0,0,0,50,4,114,45,6,199,251,43,251,201,241,0,116,225,252,6,23,85,224,0,0,0,0,51,68,78,224,224,0,0,0,0,54,185,132,54,0,0,0,0,0,194,196,157,50,100,0,0,0,0,37,171,0,37,0,0,0,0,0,38,38,177,38,38,0,0,0,0,43,8,65,28,0,38,0,0,0,0,0,3,0,0,0,0,69,33,0,0,0,0,0,0,198,224,37,37,166,224,224,224,0,0,0,3,11,0,33,0,128,54,131,208,207,209,3,1,54,50,34,223,32,223,34,222,2,0,0,0,50,4,114,43,6,199,251,43,251,201,241
2026-08-03_14-39-02,1,518,0,0.0,0,260.0,-1,-1,0,116,225,252,6,23,85,224,0,0,0,0,51,68,78,224,224,0,0,0,0,54,185,132,54,0,0,0,0,0,194,196,157,50,100,0,0,0,0,37,171,0,37,0,0,0,0,0,38,38,177,38,38,0,0,0,0,43,8,65,28,0,38,0,0,0,0,0,3,0,0,0,0,69,33,0,0,0,0,0,0,198,224,37,37,166,224,224,224,0,0,0,3,11,0,33,0,128,54,131,208,207,209,3,1,54,50,34,223,32,223,34,222,2,0,0,0,50,4,114,43,6,199,251,43,251,201,241,0,78,19,250,4,21,83,224,0,0,0,0,53,70,80,224,224,0,0,0,0,54,185,132,54,0,0,0,0,0,194,196,157,50,100,0,0,0,0,37,171,0,37,0,0,0,0,0,38,38,177,38,38,0,0,0,0,47,8,34,28,0,38,0,0,0,0,0,5,32,0,0,0,69,33,0,0,0,0,0,0,198,224,37,37,166,224,224,224,0,0,0,3,11,0,33,0,128,54,131,208,207,209,3,1,54,50,36,223,32,223,36,222,2,0,0,1,50,4,114,41,6,199,251,43,251,201,241
2026-08-03_14-39-02,1,519,0,0.0,0,260.0,-1,-1,0,78,19,250,4,21,83,224,0,0,0,0,53,70,80,224,224,0,0,0,0,54,185,132,54,0,0,0,0,0,194,196,157,50,100,0,0,0,0,37,171,0,37,0,0,0,0,0,38,38,177,38,38,0,0,0,0,47,8,34,28,0,38,0,0,0,0,0,5,32,0,0,0,69,33,0,0,0,0,0,0,198,224,37,37,166,224,224,224,0,0,0,3,11,0,33,0,128,54,131,208,207,209,3,1,54,50,36,223,32,223,36,222,2,0,0,1,50,4,114,41,6,199,251,43,251,201,241,0,225,58,2,19,81,224,224,0,0,0,0,55,72,82,224,224,0,0,0,0,201,102,38,0,0,0,0,0,0,178,180,141,50,100,0,0,0,0,171,0,37,0,0,0,0,0,0,38,38,177,38,38,0,0,0,0,51,8,115,28,0,38,0,0,0,0,0,13,48,0,16,0,69,33,0,0,0,0,0,0,198,224,37,245,166,224,36,224,0,156,0,2,11,0,33,0,66,55,131,208,136,209,3,1,38,50,38,223,52,223,38,222,52,222,8,1,53,8,0,240,1,0,55,247,250,136,241
2026-08-03_14-39-02,1,520,1,0.0,0,260.0,-1,-1,0,225,58,2,19,81,224,224,0,0,0,0,55,72,82,224,224,0,0,0,0,201,102,38,0,0,0,0,0,0,178,180,141,50,100,0,0,0,0,171,0,37,0,0,0,0,0,0,38,38,177,38,38,0,0,0,0,51,8,115,28,0,38,0,0,0,0,0,13,48,0,16,0,69,33,0,0,0,0,0,0,198,224,37,245,166,224,36,224,0,156,0,2,11,0,33,0,66,55,131,208,136,209,3,1,38,50,38,223,52,223,38,222,52,222,8,1,53,8,0,240,1,0,55,247,250,136,241,0,19,164,0,17,79,224,224,0,0,0,0,57,74,84,224,224,0,0,0,0,201,102,38,0,0,0,0,0,0,178,180,141,50,100,0,0,0,0,171,0,37,0,0,0,0,0,0,38,38,177,38,38,0,0,0,0,55,8,81,28,0,38,0,0,0,0,0,9,48,0,16,0,69,33,0,0,0,0,0,0,198,224,37,71,166,224,36,224,0,140,0,2,11,0,33,0,64,55,192,208,136,209,0,6,0,141,39,223,51,223,39,222,51,222,8,1,53,8,0,240,1,0,55,247,250,136,241
2026-08-03_14-39-02,1,521,1,0.0,0,260.0,-1,-1,0,19,164,0,17,79,224,224,0,0,0,0,57,74,84,224,224,0,0,0,0,201,102,38,0,0,0,0,0,0,178,180,141,50,100,0,0,0,0,171,0,37,0,0,0,0,0,0,38,38,177,38,38,0,0,0,0,55,8,81,28,0,38,0,0,0,0,0,9,48,0,16,0,69,33,0,0,0,0,0,0,198,224,37,71,166,224,36,224,0,140,0,2,11,0,33,0,64,55,192,208,136,209,0,6,0,141,39,223,51,223,39,222,51,222,8,1,53,8,0,240,1,0,55,247,250,136,241,0,58,70,254,15,77,87,224,0,0,0,0,253,59,76,86,224,0,0,0,0,201,102,38,201,0,0,0,0,0,141,178,180,141,50,0,0,0,0,171,0,37,171,0,0,0,0,0,177,38,38,177,38,0,0,0,0,59,8,50,28,0,38,0,0,0,0,0,5,48,0,16,0,69,33,0,0,0,0,0,0,198,224,37,167,166,224,36,224,0,124,0,3,12,0,33,0,128,54,131,208,136,209,4,6,201,141,32,223,49,223,32,222,49,222,8,1,50,4,0,240,1,0,55,247,250,201,241
2026-08-03_14-39-02,1,522,0,0.0,0,260.0,-1,-1,0,58,70,254,15,77,87,224,0,0,0,0,253,59,76,86,224,0,0,0,0,201,102,38,201,0,0,0,0,0,141,178,180,141,50,0,0,0,0,171,0,37,171,0,0,0,0,0,177,38,38,177,38,0,0,0,0,59,8,50,28,0,38,0,0,0,0,0,5,48,0,16,0,69,33,0,0,0,0,0,0,198,224,37,167,166,224,36,224,0,124,0,3,12,0,33,0,128,54,131,208,136,209,4,6,201,141,32,223,49,223,32,222,49,222,8,1,50,4,0,240,1,0,55,247,250,201,241,0,164,105,252,13,75,85,224,0,0,0,0,255,61,78,88,224,0,0,0,0,201,102,38,201,0,0,0,0,0,141,178,180,141,50,0,0,0,0,171,0,37,171,0,0,0,0,0,177,38,38,177,38,0,0,0,0,63,8,19,28,0,38,0,0,0,0,0,1,48,0,0,0,69,33,0,0,0,0,0,0,198,224,37,249,166,224,36,224,0,108,0,3,12,0,33,0,65,55,131,208,69,209,4,6,201,141,34,223,48,223,34,222,48,222,8,1,53,8,0,240,1,0,55,247,250,136,241
2026-08-03_14-39-02,1,523,0,0.0,0,260.0,-1,-1,0,164,105,252,13,75,85,224,0,0,0,0,255,61,78,88,224,0,0,0,0,201,102,38,201,0,0,0,0,0,141,178,180,141,50,0,0,0,0,171,0,37,171,0,0,0,0,0,177,38,38,177,38,0,0,0,0,63,8,19,28,0,38,0,0,0,0,0,1,48,0,0,0,69,33,0,0,0,0,0,0,198,224,37,249,166,224,36,224,0,108,0,3,12,0,33,0,65,55,131,208,69,209,4,6,201,141,34,223,48,223,34,222,48,222,8,1,53,8,0,240,1,0,55,247,250,136,241,0,70,157,250,11,73,83,224,0,0,0,0,1,63,80,224,224,0,0,0,0,217,86,22,217,0,0,0,0,0,50,162,164,50,50,0,0,0,0,171,0,37,171,0,0,0,0,0,177,38,38,177,38,0,0,0,0,67,8,97,28,0,38,0,0,0,0,0,5,96,0,0,0,69,33,0,0,0,0,0,0,198,224,37,75,166,224,36,224,0,92,0,3,11,0,33,0,192,54,131,208,136,209,4,2,217,164,36,223,39,223,36,222,39,222,8,3,50,4,0,240,6,0,55,247,250,201,241
2026-08-03_14-39-02,1,524,0,0.0,0,260.0,-1,-1,0,70,157,250,11,73,83,224,0,0,0,0,1,63,80,224,224,0,0,0,0,217,86,22,217,0,0,0,0,0,50,162,164,50,50,0,0,0,0,171,0,37,171,0,0,0,0,0,177,38,38,177,38,0,0,0,0,67,8,97,28,0,38,0,0,0,0,0,5,96,0,0,0,69,33,0,0,0,0,0,0,198,224,37,75,166,224,36,224,0,92,0,3,11,0,33,0,192,54,131,208,136,209,4,2,217,164,36,223,39,223,36,222,39,222,8,3,50,4,0,240,6,0,55,247,250,201,241,0,105,217,9,71,81,224,224,0,0,0,0,3,65,82,224,224,0,0,0,0,86,22,217,0,0,0,0,0,0,50,162,164,50,50,0,0,0,0,0,37,171,0,0,0,0,0,0,177,38,38,177,38,0,0,0,0,71,8,66,28,0,38,0,0,0,0,0,1,96,0,0,0,69,33,0,0,0,0,0,0,198,224,37,171,166,224,36,224,0,76,0,2,11,0,33,0,66,55,131,208,136,209,4,2,217,164,38,223,37,223,38,222,37,222,8,3,53,8,0,240,6,0,55,247,250,136,241
2026-08-03_14-39-02,1,525,0,0.0,0,260.0,-1,-1,0,105,217,9,71,81,224,224,0,0,0,0,3,65,82,224,224,0,0,0,0,86,22,217,0,0,0,0,0,0,50,162,164,50,50,0,0,0,0,0,37,171,0,0,0,0,0,0,177,38,38,177,38,0,0,0,0,71,8,66,28,0,38,0,0,0,0,0,1,96,0,0,0,69,33,0,0,0,0,0,0,198,224,37,171,166,224,36,224,0,76,0,2,11,0,33,0,66,55,131,208,136,209,4,2,217,164,38,223,37,223,38,222,37,222,8,3,53,8,0,240,6,0,55,247,250,136,241,0,157,151,7,69,79,224,224,0,0,0,0,251,5,67,84,224,0,0,0,0,86,22,217,0,0,0,0,0,0,164,50,162,164,50,0,0,0,0,0,37,171,0,0,0,0,0,0,38,177,38,38,177,0,0,0,0,75,8,35,28,0,38,0,0,0,0,0,5,0,0,0,0,69,33,0,0,0,0,0,0,198,224,37,253,166,224,36,224,0,60,0,2,12,0,33,0,64,55,192,208,136,209,0,2,0,164,39,223,35,223,39,222,35,222,8,0,53,8,0,240,6,0,55,247,250,136,241
2026-08-03_14-39-02,1,526,0,0.0,0,260.0,-1,-1,0,157,151,7,69,79,224,224,0,0,0,0,251,5,67,84,224,0,0,0,0,86,22,217,0,0,0,0,0,0,164,50,162,164,50,0,0,0,0,0,37,171,0,0,0,0,0,0,38,177,38,38,177,0,0,0,0,75,8,35,28,0,38,0,0,0,0,0,5,0,0,0,0,69,33,0,0,0,0,0,0,198,224,37,253,166,224,36,224,0,60,0,2,12,0,33,0,64,55,192,208,136,209,0,2,0,164,39,223,35,223,39,222,35,222,8,0,53,8,0,240,6,0,55,247,250,136,241,0,217,116,5,67,77,224,224,0,0,0,0,253,7,69,86,224,0,0,0,0,70,6,233,0,0,0,0,0,0,148,34,146,148,50,0,0,0,0,0,37,171,0,0,0,0,0,0,38,177,38,38,177,0,0,0,0,79,8,113,28,0,38,0,0,0,0,0,1,0,0,0,0,69,33,0,0,0,0,0,0,198,224,37,18,166,224,36,224,0,44,0,2,12,0,33,0,128,54,192,208,136,209,0,2,0,148,0,223,33,223,0,222,33,222,8,0,50,4,0,240,6,0,55,247,250,201,241
2026-08-03_14-39-02,1,527,0,0.0,0,260.0,-1,-1,0,217,116,5,67,77,224,224,0,0,0,0,253,7,69,86,224,0,0,0,0,70,6,233,0,0,0,0,0,0,148,34,146,148,50,0,0,0,0,0,37,171,0,0,0,0,0,0,38,177,38,38,177,0,0,0,0,79,8,113,28,0,38,0,0,0,0,0,1,0,0,0,0,69,33,0,0,0,0,0,0,198,224,37,18,166,224,36,224,0,44,0,2,12,0,33,0,128,54,192,208,136,209,0,2,0,148,0,223,33,223,0,222,33,222,8,0,50,4,0,240,6,0,55,247,250,201,241,0,151,77,3,65,75,224,224,0,0,0,0,255,9,71,88,224,0,0,0,0,70,6,233,0,0,0,0,0,0,148,34,146,148,50,0,0,0,0,0,37,171,0,0,0,0,0,0,38,177,38,38,177,0,0,0,0,83,8,82,28,0,38,0,0,0,0,0,3,32,0,0,0,69,33,0,0,0,0,0,0,198,224,37,100,166,224,36,224,0,28,0,2,12,0,33,0,65,55,192,208,11,209,0,2,0,148,0,223,32,223,0,222,32,222,8,1,53,8,0,240,6,0,55,247,250,136,241
2026-08-03_14-39-02,1,528,0,0.0,0,260.0,-1,-1,0,151,77,3,65,75,224,224,0,0,0,0,255,9,71,88,224,0,0,0,0,70,6,233,0,0,0,0,0,0,148,34,146,148,50,0,0,0,0,0,37,171,0,0,0,0,0,0,38,177,38,38,177,0,0,0,0,83,8,82,28,0,38,0,0,0,0,0,3,32,0,0,0,69,33,0,0,0,0,0,0,198,224,37,100,166,224,36,224,0,28,0,2,12,0,33,0,65,55,192,208,11,209,0,2,0,148,0,223,32,223,0,222,32,222,8,1,53,8,0,240,6,0,55,247,250,136,241,0,116,215,1,63,73,224,224,0,0,0,0,1,11,73,224,224,0,0,0,0,70,6,233,0,0,0,0,0,0,148,34,146,148,50,0,0,0,0,0,37,171,0,0,0,0,0,0,38,177,38,38,177,0,0,0,0,87,8,51,28,0,38,0,0,0,0,0,7,64,0,0,0,69,33,0,0,0,0,0,0,198,224,37,37,166,224,224,224,0,0,0,2,11,0,33,0,192,54,192,208,207,209,0,2,0,148,0,223,32,223,0,222,32,222,8,2,50,4,0,240,6,0,55,247,250,201,241
2026-08-03_14-39-02,1,529,0,0.0,0,260.0,-1,-1,0,116,215,1,63,73,224,224,0,0,0,0,1,11,73,224,224,0,0,0,0,70,6,233,0,0,0,0,0,0,148,34,146,148,50,0,0,0,0,0,37,171,0,0,0,0,0,0,38,177,38,38,177,0,0,0,0,87,8,51,28,0,38,0,0,0,0,0,7,64,0,0,0,69,33,0,0,0,0,0,0,198,224,37,37,166,224,224,224,0,0,0,2,11,0,33,0,192,54,192,208,207,209,0,2,0,148,0,223,32,223,0,222,32,222,8,2,50,4,0,240,6,0,55,247,250,201,241,0,77,115,255,61,71,88,224,0,0,0,0,3,13,75,224,224,0,0,0,0,70,6,233,70,0,0,0,0,0,148,34,146,148,50,0,0,0,0,0,37,171,0,0,0,0,0,0,38,177,38,38,177,0,0,0,0,91,8,17,28,0,38,0,0,0,0,0,3,64,0,0,0,69,33,0,0,0,0,0,0,198,224,37,37,166,224,224,224,0,0,0,3,11,0,33,0,192,54,14,208,207,209,3,2,70,148,0,223,32,223,0,222,32,222,8,2,50,4,0,240,6,0,55,247,250,201,241
2026-08-03_14-39-02,1,530,0,0.0,0,260.0,-1,-1,0,77,115,255,61,71,88,224,0,0,0,0,3,13,75,224,224,0,0,0,0,70,6,233,70,0,0,0,0,0,148,34,146,148,50,0,0,0,0,0,37,171,0,0,0,0,0,0,38,177,38,38,177,0,0,0,0,91,8,17,28,0,38,0,0,0,0,0,3,64,0,0,0,69,33,0,0,0,0,0,0,198,224,37,37,166,224,224,224,0,0,0,3,11,0,33,0,192,54,14,208,207,209,3,2,70,148,0,223,32,223,0,222,32,222,8,2,50,4,0,240,6,0,55,247,250,201,241,0,215,58,253,59,69,86,224,0,0,0,0,5,15,77,224,224,0,0,0,0,54,246,249,54,0,0,0,0,0,132,18,130,148,50,0,0,0,0,0,37,171,0,0,0,0,0,0,38,177,38,38,177,0,0,0,0,95,8,98,28,0,38,0,0,0,0,0,5,96,0,0,0,69,33,0,0,0,0,0,0,198,224,37,37,166,224,224,224,0,0,0,3,11,0,33,0,192,54,131,208,207,209,3,2,54,148,1,223,32,223,1,222,32,222,13,3,50,4,0,240,6,0,55,247,250,201,241
2026-08-03_14-39-02,1,531,0,0.0,0,260.0,-1,-1,0,215,58,253,59,69,86,224,0,0,0,0,5,15,77,224,224,0,0,0,0,54,246,249,54,0,0,0,0,0,132,18,130,148,50,0,0,0,0,0,37,171,0,0,0,0,0,0,38,177,38,38,177,0,0,0,0,95,8,98,28,0,38,0,0,0,0,0,5,96,0,0,0,69,33,0,0,0,0,0,0,198,224,37,37,166,224,224,224,0,0,0,3,11,0,33,0,192,54,131,208,207,209,3,2,54,148,1,223,32,223,1,222,32,222,13,3,50,4,0,240,6,0,55,247,250,201,241,0,115,175,251,57,67,84,224,0,0,0,0,7,17,79,224,224,0,0,0,0,54,246,249,54,0,0,0,0,0,132,18,130,148,50,0,0,0,0,0,37,171,0,0,0,0,0,0,38,177,38,38,177,0,0,0,0,99,8,67,28,0,38,0,0,0,0,0,1,96,0,0,0,69,33,0,0,0,0,0,0,198,224,37,37,166,224,224,224,0,0,0,3,11,0,33,0,192,54,131,208,136,209,3,2,54,148,3,223,39,223,3,222,39,222,29,3,50,4,0,240,6,0,55,247,250,201,241
2026-08-03_14-39-02,1,532,0,0.0,0,260.0,-1,-1,0,115,175,251,57,67,84,224,0,0,0,0,7,17,79,224,224,0,0,0,0,54,246,249,54,0,0,0,0,0,132,18,130,148,50,0,0,0,0,0,37,171,0,0,0,0,0,0,38,177,38,38,177,0,0,0,0,99,8,67,28,0,38,0,0,0,0,0,1,96,0,0,0,69,33,0,0,0,0,0,0,198,224,37,37,166,224,224,224,0,0,0,3,11,0,33,0,192,54,131,208,136,209,3,2,54,148,3,223,39,223,3,222,39,222,29,3,50,4,0,240,6,0,55,247,250,201,241,0,58,242,249,55,65,82,224,0,0,0,0,9,19,81,224,224,0,0,0,0,54,246,249,54,0,0,0,0,0,132,18,130,148,50,0,0,0,0,0,37,171,0,0,0,0,0,0,38,177,38,38,177,0,0,0,0,103,8,33,28,0,38,0,0,0,0,0,5,0,0,0,0,69,33,0,0,0,0,0,0,198,224,37,37,166,224,224,224,0,0,0,3,11,0,33,0,192,54,131,208,136,209,3,1,54,130,5,223,38,223,5,222,10,3,3,0,50,4,18,39,6,0,55,123,251,201,241
2026-08-03_14-39-02,1,533,0,0.0,0,260.0,-1,-1,0,58,242,249,55,65,82,224,0,0,0,0,9,19,81,224,224,0,0,0,0,54,246,249,54,0,0,0,0,0,132,18,130,148,50,0,0,0,0,0,37,171,0,0,0,0,0,0,38,177,38,38,177,0,0,0,0,103,8,33,28,0,38,0,0,0,0,0,5,0,0,0,0,69,33,0,0,0,0,0,0,198,224,37,37,166,224,224,224,0,0,0,3,11,0,33,0,192,54,131,208,136,209,3,1,54,130,5,223,38,223,5,222,10,3,3,0,50,4,18,39,6,0,55,123,251,201,241,0,175,41,247,53,63,80,224,0,0,0,0,250,11,21,83,224,0,0,0,0,38,230,9,38,0,0,0,0,0,100,102,2,100,148,0,0,0,0,0,37,171,0,0,0,0,0,0,38,38,177,38,38,0,0,0,0,107,8,114,28,0,38,0,0,0,0,0,1,0,0,0,0,69,33,0,0,0,0,0,0,198,224,37,37,166,224,224,224,0,0,0,3,12,0,33,0,192,54,131,208,136,209,3,2,38,100,7,223,36,223,7,222,11,3,3,0,50,4,2,41,6,0,55,123,251,201,241
2026-08-03_14-39-02,1,534,0,0.0,0,260.0,-1,-1,0,175,41,247,53,63,80,224,0,0,0,0,250,11,21,83,224,0,0,0,0,38,230,9,38,0,0,0,0,0,100,102,2,100,148,0,0,0,0,0,37,171,0,0,0,0,0,0,38,38,177,38,38,0,0,0,0,107,8,114,28,0,38,0,0,0,0,0,1,0,0,0,0,69,33,0,0,0,0,0,0,198,224,37,37,166,224,224,224,0,0,0,3,12,0,33,0,192,54,131,208,136,209,3,2,38,100,7,223,36,223,7,222,11,3,3,0,50,4,2,41,6,0,55,123,251,201,241,0,242,158,245,51,61,78,224,0,0,0,0,252,13,23,85,224,0,0,0,0,38,230,9,38,0,0,0,0,0,100,102,2,100,148,0,0,0,0,0,37,171,0,0,0,0,0,0,38,38,177,38,38,0,0,0,0,111,8,83,28,0,38,0,0,0,0,0,3,32,0,0,0,69,33,0,0,0,0,0,0,198,224,37,37,166,224,224,224,0,0,0,3,12,0,33,0,192,54,131,208,136,209,3,2,38,100,9,223,34,223,9,222,11,3,3,1,50,4,2,43,6,0,55,123,251,201,241
2026-08-03_14-39-02,1,535,0,0.0,0,260.0,-1,-1,0,242,158,245,51,61,78,224,0,0,0,0,252,13,23,85,224,0,0,0,0,38,230,9,38,0,0,0,0,0,100,102,2,100,148,0,0,0,0,0,37,171,0,0,0,0,0,0,38,38,177,38,38,0,0,0,0,111,8,83,28,0,38,0,0,0,0,0,3,32,0,0,0,69,33,0,0,0,0,0,0,198,224,37,37,166,224,224,224,0,0,0,3,12,0,33,0,192,54,131,208,136,209,3,2,38,100,9,223,34,223,9,222,11,3,3,1,50,4,2,43,6,0,55,123,251,201,241,0,41,226,243,49,59,76,224,0,0,0,0,254,15,25,87,224,0,0,0,0,38,230,9,38,0,0,0,0,0,100,102,2,100,148,0,0,0,0,0,37,171,0,0,0,0,0,0,38,38,177,38,38,0,0,0,0,115,8,49,28,0,38,0,0,0,0,0,7,64,0,0,0,69,33,0,0,0,0,0,0,198,224,37,37,166,224,224,224,0,0,0,3,12,0,33,0,192,54,131,208,11,209,3,2,38,100,11,223,32,223,11,222,11,3,3,2,50,4,2,45,6,0,55,123,251,201,241
2026-08-03_14-39-02,1,536,0,0.0,0,260.0,-1,-1,0,41,226,243,49,59,76,224,0,0,0,0,254,15,25,87,224,0,0,0,0,38,230,9,38,0,0,0,0,0,100,102,2,100,148,0,0,0,0,0,37,171,0,0,0,0,0,0,38,38,177,38,38,0,0,0,0,115,8,49,28,0,38,0,0,0,0,0,7,64,0,0,0,69,33,0,0,0,0,0,0,198,224,37,37,166,224,224,224,0,0,0,3,12,0,33,0,192,54,131,208,11,209,3,2,38,100,11,223,32,223,11,222,11,3,3,2,50,4,2,45,6,0,55,123,251,201,241,0,158,47,47,57,74,224,224,0,0,0,0,0,17,27,224,224,0,0,0,0,230,9,38,0,0,0,0,0,0,100,102,2,100,148,0,0,0,0,37,171,0,0,0,0,0,0,0,38,38,177,38,38,0,0,0,0,119,8,18,28,0,38,0,0,0,0,0,3,64,0,0,0,69,33,0,0,0,0,0,0,198,224,37,37,166,224,224,224,0,0,0,2,11,0,33,0,192,54,131,208,207,209,3,2,38,100,13,223,32,223,13,222,11,3,3,2,50,4,91,47,6,199,251,123,251,201,241
2026-08-03_14-39-02,1,537,0,0.0,0,260.0,-1,-1,0,158,47,47,57,74,224,224,0,0,0,0,0,17,27,224,224,0,0,0,0,230,9,38,0,0,0,0,0,0,100,102,2,100,148,0,0,0,0,37,171,0,0,0,0,0,0,0,38,38,177,38,38,0,0,0,0,119,8,18,28,0,38,0,0,0,0,0,3,64,0,0,0,69,33,0,0,0,0,0,0,198,224,37,37,166,224,224,224,0,0,0,2,11,0,33,0,192,54,131,208,207,209,3,2,38,100,13,223,32,223,13,222,11,3,3,2,50,4,91,47,6,199,251,123,251,201,241,0,226,244,45,55,72,224,224,0,0,0,0,2,19,29,224,224,0,0,0,0,214,25,22,0,0,0,0,0,0,84,86,242,100,148,0,0,0,0,37,171,0,0,0,0,0,0,0,38,38,177,38,38,0,0,0,0,123,8,99,28,0,38,0,0,0,0,0,5,96,0,0,0,69,33,0,0,0,0,0,0,198,224,37,37,166,224,224,224,0,0,0,2,11,0,33,0,192,54,131,208,207,209,3,2,22,100,15,223,32,223,15,222,11,3,3,3,50,4,92,49,6,199,251,123,251,201,241
2026-08-03_14-39-02,1,538,0,0.0,0,260.0,-1,-1,0,226,244,45,55,72,224,224,0,0,0,0,2,19,29,224,224,0,0,0,0,214,25,22,0,0,0,0,0,0,84,86,242,100,148,0,0,0,0,37,171,0,0,0,0,0,0,0,38,38,177,38,38,0,0,0,0,123,8,99,28,0,38,0,0,0,0,0,5,96,0,0,0,69,33,0,0,0,0,0,0,198,224,37,37,166,224,224,224,0,0,0,2,11,0,33,0,192,54,131,208,207,209,3,2,22,100,15,223,32,223,15,222,11,3,3,3,50,4,92,49,6,199,251,123,251,201,241,0,47,68,43,53,70,224,224,0,0,0,0,4,21,31,224,224,0,0,0,0,214,25,22,0,0,0,0,0,0,84,86,242,100,148,0,0,0,0,37,171,0,0,0,0,0,0,0,38,38,177,38,38,0,0,0,0,127,8,65,28,0,38,0,0,0,0,0,1,96,0,0,0,69,33,0,0,0,0,0,0,198,224,37,37,166,224,224,224,0,0,0,2,11,0,33,0,192,54,192,208,207,209,0,2,0,100,0,223,32,223,0,222,11,3,3,3,50,4,92,51,6,199,251,123,251,201,241
2026-08-03_14-39-02,1,539,0,0.0,0,260.0,-1,-1,0,47,68,43,53,70,224,224,0,0,0,0,4,21,31,224,224,0,0,0,0,214,25,22,0,0,0,0,0,0,84,86,242,100,148,0,0,0,0,37,171,0,0,0,0,0,0,0,38,38,177,38,38,0,0,0,0,127,8,65,28,0,38,0,0,0,0,0,1,96,0,0,0,69,33,0,0,0,0,0,0,198,224,37,37,166,224,224,224,0,0,0,2,11,0,33,0,192,54,192,208,207,209,0,2,0,100,0,223,32,223,0,222,11,3,3,3,50,4,92,51,6,199,251,123,251,201,241,0,244,78,41,51,68,224,224,0,0,0,0,6,23,33,224,224,0,0,0,0,214,25,22,0,0,0,0,0,0,84,86,242,100,148,0,0,0,0,37,171,0,0,0,0,0,0,0,38,38,177,38,38,0,0,0,0,131,8,34,28,0,38,0,0,0,0,0,5,0,0,0,0,69,33,0,0,0,0,0,0,198,224,37,37,166,224,224,224,0,0,0,2,11,0,33,0,192,54,192,208,207,209,0,2,0,100,0,223,32,223,0,222,11,3,3,0,50,4,92,53,6,199,251,123,251,201,241
2026-08-03_14-39-02,1,540,0,0.0,0,260.0,-1,-1,0,244,78,41,51,68,224,224,0,0,0,0,6,23,33,224,224,0,0,0,0,214,25,22,0,0,0,0,0,0,84,86,242,100,148,0,0,0,0,37,171,0,0,0,0,0,0,0,38,38,177,38,38,0,0,0,0,131,8,34,28,0,38,0,0,0,0,0,5,0,0,0,0,69,33,0,0,0,0,0,0,198,224,37,37,166,224,224,224,0,0,0,2,11,0,33,0,192,54,192,208,207,209,0,2,0,100,0,223,32,223,0,222,11,3,3,0,50,4,92,53,6,199,251,123,251,201,241,0,68,227,39,49,66,224,224,0,0,0,0,8,25,35,224,224,0,0,0,0,198,41,6,0,0,0,0,0,0,68,70,226,100,148,0,0,0,0,37,171,0,0,0,0,0,0,0,38,38,177,38,38,0,0,0,0,135,8,115,28,0,38,0,0,0,0,0,1,0,0,0,0,69,33,0,0,0,0,0,0,198,224,37,37,166,224,224,224,0,0,0,2,11,0,33,0,192,54,192,208,207,209,0,2,0,100,0,223,32,223,0,222,11,3,3,0,50,4,93,55,6,199,251,123,251,201,241
2026-08-03_14-39-02,1,541,0,0.0,0,260.0,-1,-1,0,68,227,39,49,66,224,224,0,0,0,0,8,25,35,224,224,0,0,0,0,198,41,6,0,0,0,0,0,0,68,70,226,100,148,0,0,0,0,37,171,0,0,0,0,0,0,0,38,38,177,38,38,0,0,0,0,135,8,115,28,0,38,0,0,0,0,0,1,0,0,0,0,69,33,0,0,0,0,0,0,198,224,37,37,166,224,224,224,0,0,0,2,11,0,33,0,192,54,192,208,207,209,0,2,0,100,0,223,32,223,0,222,11,3,3,0,50,4,93,55,6,199,251,123,251,201,241,0,78,57,37,47,64,224,224,0,0,0,0,10,27,37,224,224,0,0,0,0,198,41,6,0,0,0,0,0,0,68,70,226,100,148,0,0,0,0,37,171,0,0,0,0,0,0,0,38,38,177,38,38,0,0,0,0,139,8,81,28,0,38,0,0,0,0,0,3,32,0,0,0,69,33,0,0,0,0,0,0,198,224,37,37,166,224,224,224,0,0,0,2,11,0,33,0,192,54,192,208,207,209,0,2,0,100,0,223,32,223,0,222,10,2,2,1,50,4,117,47,6,199,251,123,251,201,241
2026-08-03_14-39-02,1,542,0,0.0,0,260.0,-1,-1,0,78,57,37,47,64,224,224,0,0,0,0,10,27,37,224,224,0,0,0,0,198,41,6,0,0,0,0,0,0,68,70,226,100,148,0,0,0,0,37,171,0,0,0,0,0,0,0,38,38,177,38,38,0,0,0,0,139,8,81,28,0,38,0,0,0,0,0,3,32,0,0,0,69,33,0,0,0,0,0,0,198,224,37,37,166,224,224,224,0,0,0,2,11,0,33,0,192,54,192,208,207,209,0,2,0,100,0,223,32,223,0,222,10,2,2,1,50,4,117,47,6,199,251,123,251,201,241,0,227,154,35,45,62,224,224,0,0,0,0,12,29,39,224,224,0,0,0,0,198,41,6,0,0,0,0,0,0,68,70,226,100,148,0,0,0,0,37,171,0,0,0,0,0,0,0,38,38,177,38,38,0,0,0,0,143,8,50,28,0,38,0,0,0,0,0,7,64,0,0,0,69,33,0,0,0,0,0,0,198,224,37,37,166,224,224,224,0,0,0,2,11,0,33,0,192,54,192,208,207,209,0,2,0,100,0,223,32,223,0,222,10,2,2,2,50,4,117,49,6,199,251,123,251,201,241
2026-08-03_14-39-02,1,543,0,0.0,0,260.0,-1,-1,0,227,154,35,45,62,224,224,0,0,0,0,12,29,39,224,224,0,0,0,0,198,41,6,0,0,0,0,0,0,68,70,226,100,148,0,0,0,0,37,171,0,0,0,0,0,0,0,38,38,177,38,38,0,0,0,0,143,8,50,28,0,38,0,0,0,0,0,7,64,0,0,0,69,33,0,0,0,0,0,0,198,224,37,37,166,224,224,224,0,0,0,2,11,0,33,0,192,54,192,208,207,209,0,2,0,100,0,223,32,223,0,222,10,2,2,2,50,4,117,49,6,199,251,123,251,201,241,0,57,164,33,43,60,224,224,0,0,0,0,14,31,41,224,224,0,0,0,0,198,41,6,0,0,0,0,0,0,68,70,226,100,148,0,0,0,0,37,171,0,0,0,0,0,0,0,38,38,177,38,38,0,0,0,0,147,8,19,28,0,38,0,0,0,0,0,3,64,0,0,0,69,33,0,0,0,0,0,0,198,224,37,37,166,224,224,224,0,0,0,2,11,0,33,0,192,54,192,208,207,209,0,2,0,100,0,223,32,223,0,222,10,2,2,2,50,4,117,51,6,199,251,123,251,201,241
2026-08-03_14-39-02,1,544,0,0.0,0,260.0,-1,-1,0,57,164,33,43,60,224,224,0,0,0,0,14,31,41,224,224,0,0,0,0,198,41,6,0,0,0,0,0,0,68,70,226,100,148,0,0,0,0,37,171,0,0,0,0,0,0,0,38,38,177,38,38,0,0,0,0,147,8,19,28,0,38,0,0,0,0,0,3,64,0,0,0,69,33,0,0,0,0,0,0,198,224,37,37,166,224,224,224,0,0,0,2,11,0,33,0,192,54,192,208,207,209,0,2,0,100,0,223,32,223,0,222,10,2,2,2,50,4,117,51,6,199,251,123,251,201,241,0,154,73,31,41,58,224,224,0,0,0,0,16,33,43,224,224,0,0,0,0,182,57,246,0,0,0,0,0,0,52,54,210,100,148,0,0,0,0,37,171,0,0,0,0,0,0,0,38,38,177,38,38,0,0,0,0,151,8,97,28,0,38,0,0,0,0,0,5,96,0,0,0,69,33,0,0,0,0,0,0,198,224,37,37,166,224,224,224,0,0,0,2,11,0,33,0,192,54,192,208,207,209,0,2,0,100,0,223,32,223,0,222,10,2,2,3,50,4,118,53,6,199,251,123,251,201,241
2026-08-03_14-39-02,1,545,0,0.0,0,260.0,-1,-1,0,154,73,31,41,58,224,224,0,0,0,0,16,33,43,224,224,0,0,0,0,182,57,246,0,0,0,0,0,0,52,54,210,100,148,0,0,0,0,37,171,0,0,0,0,0,0,0,38,38,177,38,38,0,0,0,0,151,8,97,28,0,38,0,0,0,0,0,5,96,0,0,0,69,33,0,0,0,0,0,0,198,224,37,37,166,224,224,224,0,0,0,2,11,0,33,0,192,54,192,208,207,209,0,2,0,100,0,223,32,223,0,222,10,2,2,3,50,4,118,53,6,199,251,123,251,201,241,0,164,149,29,39,56,224,224,0,0,0,0,18,35,45,224,224,0,0,0,0,182,57,246,0,0,0,0,0,0,52,54,210,100,148,0,0,0,0,37,171,0,0,0,0,0,0,0,38,38,177,38,38,0,0,0,0,155,8,66,28,0,38,0,0,0,0,0,1,96,0,0,0,69,33,0,0,0,0,0,0,198,224,37,37,166,224,224,224,0,0,0,2,11,0,33,0,192,54,192,208,207,209,0,2,0,100,0,223,32,223,0,222,10,2,2,3,50,4,118,55,6,199,251,123,251,201,241
2026-08-03_14-39-02,1,546,0,0.0,0,260.0,-1,-1,0,164,149,29,39,56,224,224,0,0,0,0,18,35,45,224,224,0,0,0,0,182,57,246,0,0,0,0,0,0,52,54,210,100,148,0,0,0,0,37,171,0,0,0,0,0,0,0,38,38,177,38,38,0,0,0,0,155,8,66,28,0,38,0,0,0,0,0,1,96,0,0,0,69,33,0,0,0,0,0,0,198,224,37,37,166,224,224,224,0,0,0,2,11,0,33,0,192,54,192,208,207,209,0,2,0,100,0,223,32,223,0,222,10,2,2,3,50,4,118,55,6,199,251,123,251,201,241,0,73,93,27,37,54,224,224,0,0,0,0,20,37,47,224,224,0,0,0,0,182,57,246,0,0,0,0,0,0,52,54,210,100,148,0,0,0,0,37,171,0,0,0,0,0,0,0,38,38,177,38,38,0,0,0,0,159,8,35,28,0,38,0,0,0,0,0,5,0,0,0,0,69,33,0,0,0,0,0,0,198,224,37,37,166,224,224,224,0,0,0,2,11,0,33,0,192,54,192,208,207,209,0,2,0,100,0,223,32,223,0,222,9,2,2,0,50,4,52,40,6,199,251,123,251,201,241
2026-08-03_14-39-02,1,547,0,0.0,0,260.0,-1,-1,0,73,93,27,37,54,224,224,0,0,0,0,20,37,47,224,224,0,0,0,0,182,57,246,0,0,0,0,0,0,52,54,210,100,148,0,0,0,0,37,171,0,0,0,0,0,0,0,38,38,177,38,38,0,0,0,0,159,8,35,28,0,38,0,0,0,0,0,5,0,0,0,0,69,33,0,0,0,0,0,0,198,224,37,37,166,224,224,224,0,0,0,2,11,0,33,0,192,54,192,208,207,209,0,2,0,100,0,223,32,223,0,222,9,2,2,0,50,4,52,40,6,199,251,123,251,201,241,0,149,219,25,35,52,224,224,0,0,0,0,22,39,49,224,224,0,0,0,0,166,73,230,0,0,0,0,0,0,36,38,194,100,148,0,0,0,0,37,171,0,0,0,0,0,0,0,38,38,177,38,38,0,0,0,0,163,8,113,28,0,38,0,0,0,0,0,1,0,0,0,0,69,33,0,0,0,0,0,0,198,224,37,37,166,224,224,224,0,0,0,2,11,0,33,0,192,54,192,208,207,209,0,2,0,100,0,223,32,223,0,222,9,2,2,0,50,4,36,42,6,199,251,123,251,201,241
2026-08-03_14-39-02,1,548,1,0.0,0,260.0,-1,-1,0,149,219,25,35,52,224,224,0,0,0,0,22,39,49,224,224,0,0,0,0,166,73,230,0,0,0,0,0,0,36,38,194,100,148,0,0,0,0,37,171,0,0,0,0,0,0,0,38,38,177,38,38,0,0,0,0,163,8,113,28,0,38,0,0,0,0,0,1,0,0,0,0,69,33,0,0,0,0,0,0,198,224,37,37,166,224,224,224,0,0,0,2,11,0,33,0,192,54,192,208,207,209,0,2,0,100,0,223,32,223,0,222,9,2,2,0,50,4,36,42,6,199,251,123,251,201,241,0,93,183,23,33,50,224,224,0,0,0,0,24,41,51,224,224,0,0,0,0,166,73,230,0,0,0,0,0,0,36,38,194,100,148,0,0,0,0,37,171,0,0,0,0,0,0,0,38,38,177,38,38,0,0,0,0,167,8,82,28,0,38,0,0,0,0,0,13,48,0,16,0,69,33,0,0,0,0,0,0,198,224,37,245,166,224,36,224,0,156,0,2,11,0,33,0,128,54,192,208,207,209,0,2,0,100,0,223,32,223,0,222,9,2,2,1,50,4,104,44,6,199,251,123,251,201,241
2026-08-03_14-39-02,1,549,1,0.0,0,260.0,-1,-1,0,93,183,23,33,50,224,224,0,0,0,0,24,41,51,224,224,0,0,0,0,166,73,230,0,0,0,0,0,0,36,38,194,100,148,0,0,0,0,37,171,0,0,0,0,0,0,0,38,38,177,38,38,0,0,0,0,167,8,82,28,0,38,0,0,0,0,0,13,48,0,16,0,69,33,0,0,0,0,0,0,198,224,37,245,166,224,36,224,0,156,0,2,11,0,33,0,128,54,192,208,207,209,0,2,0,100,0,223,32,223,0,222,9,2,2,1,50,4,104,44,6,199,251,123,251,201,241,0,219,124,21,31,48,224,224,0,0,0,0,26,43,53,224,224,0,0,0,0,166,73,230,0,0,0,0,0,0,36,38,194,100,148,0,0,0,0,37,171,0,0,0,0,0,0,0,38,38,177,38,38,0,0,0,0,171,8,51,28,0,38,0,0,0,0,0,9,48,0,16,0,69,33,0,0,0,0,0,0,198,224,37,71,166,224,36,224,0,140,0,2,11,0,33,0,65,55,192,208,207,209,0,2,0,100,0,223,32,223,0,222,9,2,2,1,53,8,36,46,6,199,251,123,251,136,241
2026-08-03_14-39-02,1,550,1,0.0,0,260.0,-1,-1,0,219,124,21,31,48,224,224,0,0,0,0,26,43,53,224,224,0,0,0,0,166,73,230,0,0,0,0,0,0,36,38,194,100,148,0,0,0,0,37,171,0,0,0,0,0,0,0,38,38,177,38,38,0,0,0,0,171,8,51,28,0,38,0,0,0,0,0,9,48,0,16,0,69,33,0,0,0,0,0,0,198,224,37,71,166,224,36,224,0,140,0,2,11,0,33,0,65,55,192,208,207,209,0,2,0,100,0,223,32,223,0,222,9,2,2,1,53,8,36,46,6,199,251,123,251,136,241,0,183,205,19,29,46,224,224,0,0,0,0,28,45,55,224,224,0,0,0,0,166,73,230,0,0,0,0,0,0,36,38,194,100,148,0,0,0,0,37,171,0,0,0,0,0,0,0,38,38,177,38,38,0,0,0,0,175,8,17,28,0,38,0,0,0,0,0,5,48,0,16,0,69,33,0,0,0,0,0,0,198,224,37,167,166,224,36,224,0,124,0,2,11,0,33,0,192,54,192,208,207,209,0,2,0,100,0,223,32,223,0,222,9,2,2,1,50,4,104,48,6,199,251,123,251,201,241
2026-08-03_14-39-02,1,551,0,50.0,0,310.0,-1,-1,0,183,205,19,29,46,224,224,0,0,0,0,28,45,55,224,224,0,0,0,0,166,73,230,0,0,0,0,0,0,36,38,194,100,148,0,0,0,0,37,171,0,0,0,0,0,0,0,38,38,177,38,38,0,0,0,0,175,8,17,28,0,38,0,0,0,0,0,5,48,0,16,0,69,33,0,0,0,0,0,0,198,224,37,167,166,224,36,224,0,124,0,2,11,0,33,0,192,54,192,208,207,209,0,2,0,100,0,223,32,223,0,222,9,2,2,1,50,4,104,48,6,199,251,123,251,201,241,0,249,182,17,27,44,224,224,0,0,0,0,30,47,57,224,224,0,0,0,0,150,89,214,0,0,0,0,0,0,20,22,178,100,148,0,0,0,0,37,61,0,0,0,0,0,0,0,38,38,177,38,38,0,0,0,0,179,8,98,28,0,49,0,0,0,0,13,1,49,0,0,0,69,33,0,0,0,0,0,0,198,224,37,37,166,224,224,224,0,0,0,2,11,0,33,0,192,54,192,208,207,209,0,2,0,100,0,223,32,223,0,222,9,2,2,17,50,4,105,50,6,199,251,123,251,201,241
2026-08-03_14-39-02,1,552,0,0.0,0,310.0,-1,-1,0,249,182,17,27,44,224,224,0,0,0,0,30,47,57,224,224,0,0,0,0,150,89,214,0,0,0,0,0,0,20,22,178,100,148,0,0,0,0,37,61,0,0,0,0,0,0,0,38,38,177,38,38,0,0,0,0,179,8,98,28,0,49,0,0,0,0,13,1,49,0,0,0,69,33,0,0,0,0,0,0,198,224,37,37,166,224,224,224,0,0,0,2,11,0,33,0,192,54,192,208,207,209,0,2,0,100,0,223,32,223,0,222,9,2,2,17,50,4,105,50,6,199,251,123,251,201,241,0,155,97,15,25,42,224,224,0,0,0,0,32,49,59,224,224,0,0,0,0,150,89,214,0,0,0,0,0,0,20,22,178,100,148,0,0,0,0,37,61,0,0,0,0,0,0,0,38,38,177,38,38,0,0,0,0,183,8,67,28,0,49,0,0,0,0,11,5,97,0,0,0,69,33,0,0,0,0,0,0,198,224,37,37,166,224,224,224,0,0,0,2,11,0,33,0,192,54,192,208,207,209,0,2,0,100,0,223,32,223,0,222,9,2,2,19,50,4,105,52,6,199,251,123,251,201,241
2026-08-03_14-39-02,1,553,0,0.0,0,310.0,-1,-1,0,155,97,15,25,42,224,224,0,0,0,0,32,49,59,224,224,0,0,0,0,150,89,214,0,0,0,0,0,0,20,22,178,100,148,0,0,0,0,37,61,0,0,0,0,0,0,0,38,38,177,38,38,0,0,0,0,183,8,67,28,0,49,0,0,0,0,11,5,97,0,0,0,69,33,0,0,0,0,0,0,198,224,37,37,166,224,224,224,0,0,0,2,11,0,33,0,192,54,192,208,207,209,0,2,0,100,0,223,32,223,0,222,9,2,2,19,50,4,105,52,6,199,251,123,251,201,241,0,182,21,13,23,40,224,224,0,0,0,0,34,51,61,224,224,0,0,0,0,150,89,214,0,0,0,0,0,0,20,22,178,100,148,0,0,0,0,37,61,0,0,0,0,0,0,0,38,38,177,38,38,0,0,0,0,187,8,33,28,0,49,0,0,0,0,9,1,97,0,0,0,69,33,0,0,0,0,0,0,198,224,37,37,166,224,224,224,0,0,0,2,11,0,33,0,192,54,192,208,207,209,0,2,0,100,0,223,32,223,0,222,9,2,2,19,50,4,105,54,6,199,251,123,251,201,241
2026-08-03_14-39-02,1,554,0,0.0,0,310.0,-1,-1,0,182,21,13,23,40,224,224,0,0,0,0,34,51,61,224,224,0,0,0,0,150,89,214,0,0,0,0,0,0,20,22,178,100,148,0,0,0,0,37,61,0,0,0,0,0,0,0,38,38,177,38,38,0,0,0,0,187,8,33,28,0,49,0,0,0,0,9,1,97,0,0,0,69,33,0,0,0,0,0,0,198,224,37,37,166,224,224,224,0,0,0,2,11,0,33,0,192,54,192,208,207,209,0,2,0,100,0,223,32,223,0,222,9,2,2,19,50,4,105,54,6,199,251,123,251,201,241,0,97,91,11,21,38,224,224,0,0,0,0,36,53,63,224,224,0,0,0,0,134,105,198,0,0,0,0,0,0,4,6,162,100,148,0,0,0,0,37,61,0,0,0,0,0,0,0,38,38,177,38,38,0,0,0,0,191,8,114,28,0,49,0,0,0,0,7,5,1,0,0,0,69,33,0,0,0,0,0,0,198,224,37,37,166,224,224,224,0,0,0,2,11,0,33,0,192,54,192,208,207,209,0,2,0,100,0,223,32,223,0,222,9,2,2,16,50,4,4,56,6,0,55,123,251,201,241
2026-08-03_14-39-02,1,555,0,0.0,0,310.0,-1,-1,0,97,91,11,21,38,224,224,0,0,0,0,36,53,63,224,224,0,0,0,0,134,105,198,0,0,0,0,0,0,4,6,162,100,148,0,0,0,0,37,61,0,0,0,0,0,0,0,38,38,177,38,38,0,0,0,0,191,8,114,28,0,49,0,0,0,0,7,5,1,0,0,0,69,33,0,0,0,0,0,0,198,224,37,37,166,224,224,224,0,0,0,2,11,0,33,0,192,54,192,208,207,209,0,2,0,100,0,223,32,223,0,222,9,2,2,16,50,4,4,56,6,0,55,123,251,201,241,0,21,180,9,19,36,224,224,0,0,0,0,38,55,65,224,224,0,0,0,0,134,105,198,0,0,0,0,0,0,4,6,162,100,148,0,0,0,0,37,61,0,0,0,0,0,0,0,38,38,177,38,38,0,0,0,0,195,8,83,28,0,49,0,0,0,0,5,1,1,0,0,0,69,33,0,0,0,0,0,0,198,224,37,37,166,224,224,224,0,0,0,2,11,0,33,0,192,54,192,208,207,209,0,2,0,100,0,223,32,223,0,222,2,0,0,16,50,4,198,56,6,0,55,43,251,201,241
2026-08-03_14-39-02,1,556,0,0.0,0,310.0,-1,-1,0,21,180,9,19,36,224,224,0,0,0,0,38,55,65,224,224,0,0,0,0,134,105,198,0,0,0,0,0,0,4,6,162,100,148,0,0,0,0,37,61,0,0,0,0,0,0,0,38,38,177,38,38,0,0,0,0,195,8,83,28,0,49,0,0,0,0,5,1,1,0,0,0,69,33,0,0,0,0,0,0,198,224,37,37,166,224,224,224,0,0,0,2,11,0,33,0,192,54,192,208,207,209,0,2,0,100,0,223,32,223,0,222,2,0,0,16,50,4,198,56,6,0,55,43,251,201,241,0,91,71,7,17,34,224,224,0,0,0,0,40,57,67,224,224,0,0,0,0,134,105,198,0,0,0,0,0,0,4,6,162,100,148,0,0,0,0,37,61,0,0,0,0,0,0,0,38,38,177,38,38,0,0,0,0,199,8,49,28,0,49,0,0,0,0,3,3,33,0,0,0,69,33,0,0,0,0,0,0,198,224,37,37,166,224,224,224,0,0,0,2,11,0,33,0,192,54,192,208,207,209,0,2,0,100,0,223,32,223,0,222,2,0,0,17,50,4,125,54,6,199,251,43,251,201,241
2026-08-03_14-39-02,1,557,0,0.0,0,310.0,-1,-1,0,91,71,7,17,34,224,224,0,0,0,0,40,57,67,224,224,0,0,0,0,134,105,198,0,0,0,0,0,0,4,6,162,100,148,0,0,0,0,37,61,0,0,0,0,0,0,0,38,38,177,38,38,0,0,0,0,199,8,49,28,0,49,0,0,0,0,3,3,33,0,0,0,69,33,0,0,0,0,0,0,198,224,37,37,166,224,224,224,0,0,0,2,11,0,33,0,192,54,192,208,207,209,0,2,0,100,0,223,32,223,0,222,2,0,0,17,50,4,125,54,6,199,251,43,251,201,241,0,180,125,5,15,32,224,224,0,0,0,0,42,59,69,224,224,0,0,0,0,134,105,198,0,0,0,0,0,0,4,6,162,100,148,0,0,0,0,37,61,0,0,0,0,0,0,0,38,38,177,38,38,0,0,0,0,203,8,18,28,0,49,0,0,0,0,1,7,65,0,0,0,69,33,0,0,0,0,0,0,198,224,37,37,166,224,224,224,0,0,0,2,11,0,33,0,192,54,192,208,207,209,0,2,0,100,0,223,32,223,0,222,2,0,0,18,50,4,125,52,6,199,251,43,251,201,241
2026-08-03_14-39-02,1,558,0,0.0,0,310.0,-1,-1,0,180,125,5,15,32,224,224,0,0,0,0,42,59,69,224,224,0,0,0,0,134,105,198,0,0,0,0,0,0,4,6,162,100,148,0,0,0,0,37,61,0,0,0,0,0,0,0,38,38,177,38,38,0,0,0,0,203,8,18,28,0,49,0,0,0,0,1,7,65,0,0,0,69,33,0,0,0,0,0,0,198,224,37,37,166,224,224,224,0,0,0,2,11,0,33,0,192,54,192,208,207,209,0,2,0,100,0,223,32,223,0,222,2,0,0,18,50,4,125,52,6,199,251,43,251,201,241,0,71,219,3,13,30,224,224,0,0,0,0,44,61,71,224,224,0,0,0,0,104,135,182,0,0,0,0,0,0,244,246,146,100,148,0,0,0,0,37,61,0,0,0,0,0,0,0,38,38,177,38,38,0,0,0,0,207,8,99,28,0,49,0,0,0,0,0,3,64,0,0,0,69,33,0,0,0,0,0,0,198,224,37,37,166,224,224,224,0,0,0,2,11,0,33,0,192,54,192,208,207,209,0,2,0,100,0,223,32,223,0,222,2,0,0,2,50,4,126,50,6,199,251,43,251,201,241
2026-08-03_14-39-02,1,559,0,0.0,0,310.0,-1,-1,0,71,219,3,13,30,224,224,0,0,0,0,44,61,71,224,224,0,0,0,0,104,135,182,0,0,0,0,0,0,244,246,146,100,148,0,0,0,0,37,61,0,0,0,0,0,0,0,38,38,177,38,38,0,0,0,0,207,8,99,28,0,49,0,0,0,0,0,3,64,0,0,0,69,33,0,0,0,0,0,0,198,224,37,37,166,224,224,224,0,0,0,2,11,0,33,0,192,54,192,208,207,209,0,2,0,100,0,223,32,223,0,222,2,0,0,2,50,4,126,50,6,199,251,43,251,201,241,0,125,185,1,11,28,224,224,0,0,0,0,46,63,73,224,224,0,0,0,0,104,135,182,0,0,0,0,0,0,244,246,146,100,148,0,0,0,0,37,61,0,0,0,0,0,0,0,38,38,177,38,38,0,0,0,0,211,8,65,28,0,49,0,0,0,0,0,5,96,0,0,0,69,33,0,0,0,0,0,0,198,224,37,37,166,224,224,224,0,0,0,2,11,0,33,0,192,54,192,208,207,209,0,2,0,100,0,223,32,223,0,222,2,0,0,3,50,4,126,48,6,199,251,43,251,201,241
2026-08-03_14-39-02,1,560,1,0.0,0,310.0,-1,-1,0,125,185,1,11,28,224,224,0,0,0,0,46,63,73,224,224,0,0,0,0,104,135,182,0,0,0,0,0,0,244,246,146,100,148,0,0,0,0,37,61,0,0,0,0,0,0,0,38,38,177,38,38,0,0,0,0,211,8,65,28,0,49,0,0,0,0,0,5,96,0,0,0,69,33,0,0,0,0,0,0,198,224,37,37,166,224,224,224,0,0,0,2,11,0,33,0,192,54,192,208,207,209,0,2,0,100,0,223,32,223,0,222,2,0,0,3,50,4,126,48,6,199,251,43,251,201,241,0,219,144,255,9,26,88,224,0,0,0,0,48,65,75,224,224,0,0,0,0,104,135,182,104,0,0,0,0,0,244,246,146,100,148,0,0,0,0,37,61,0,37,0,0,0,0,0,38,38,177,38,38,0,0,0,0,215,8,34,28,0,49,0,0,0,0,0,11,112,0,16,0,69,33,0,0,0,0,0,0,198,224,37,165,166,224,36,224,0,140,0,3,11,0,33,0,66,55,14,208,207,209,4,2,104,100,32,223,32,223,32,222,2,0,0,3,53,8,126,46,6,199,251,43,251,136,241
2026-08-03_14-39-02,1,561,1,0.0,0,310.0,-1,-1,0,219,144,255,9,26,88,224,0,0,0,0,48,65,75,224,224,0,0,0,0,104,135,182,104,0,0,0,0,0,244,246,146,100,148,0,0,0,0,37,61,0,37,0,0,0,0,0,38,38,177,38,38,0,0,0,0,215,8,34,28,0,49,0,0,0,0,0,11,112,0,16,0,69,33,0,0,0,0,0,0,198,224,37,165,166,224,36,224,0,140,0,3,11,0,33,0,66,55,14,208,207,209,4,2,104,100,32,223,32,223,32,222,2,0,0,3,53,8,126,46,6,199,251,43,251,136,241,0,185,13,253,7,24,86,224,0,0,0,0,50,67,77,224,224,0,0,0,0,88,151,166,88,0,0,0,0,0,228,230,130,100,148,0,0,0,0,37,61,0,37,0,0,0,0,0,38,38,177,38,38,0,0,0,0,219,8,115,28,0,49,0,0,0,0,0,7,112,0,16,0,69,33,0,0,0,0,0,0,198,224,37,247,166,224,36,224,0,124,0,3,11,0,33,0,64,55,131,208,207,209,4,2,88,100,33,223,32,223,33,222,2,0,0,3,53,8,127,44,6,199,251,43,251,136,241
2026-08-03_14-39-02,1,562,0,0.0,0,310.0,-1,-1,0,185,13,253,7,24,86,224,0,0,0,0,50,67,77,224,224,0,0,0,0,88,151,166,88,0,0,0,0,0,228,230,130,100,148,0,0,0,0,37,61,0,37,0,0,0,0,0,38,38,177,38,38,0,0,0,0,219,8,115,28,0,49,0,0,0,0,0,7,112,0,16,0,69,33,0,0,0,0,0,0,198,224,37,247,166,224,36,224,0,124,0,3,11,0,33,0,64,55,131,208,207,209,4,2,88,100,33,223,32,223,33,222,2,0,0,3,53,8,127,44,6,199,251,43,251,136,241,0,144,217,251,5,22,84,224,0,0,0,0,52,69,79,224,224,0,0,0,0,88,151,166,88,0,0,0,0,0,228,230,130,100,148,0,0,0,0,37,61,0,37,0,0,0,0,0,38,38,177,38,38,0,0,0,0,223,8,81,28,0,49,0,0,0,0,0,3,112,0,0,0,69,33,0,0,0,0,0,0,198,224,37,73,166,224,36,224,0,108,0,3,11,0,33,0,128,54,131,208,207,209,4,2,88,100,35,223,32,223,35,222,2,0,0,3,50,4,127,42,6,199,251,43,251,201,241
2026-08-03_14-39-02,1,563,0,0.0,0,310.0,-1,-1,0,144,217,251,5,22,84,224,0,0,0,0,52,69,79,224,224,0,0,0,0,88,151,166,88,0,0,0,0,0,228,230,130,100,148,0,0,0,0,37,61,0,37,0,0,0,0,0,38,38,177,38,38,0,0,0,0,223,8,81,28,0,49,0,0,0,0,0,3,112,0,0,0,69,33,0,0,0,0,0,0,198,224,37,73,166,224,36,224,0,108,0,3,11,0,33,0,128,54,131,208,207,209,4,2,88,100,35,223,32,223,35,222,2,0,0,3,50,4,127,42,6,199,251,43,251,201,241,0,13,150,3,20,82,224,224,0,0,0,0,54,71,81,224,224,0,0,0,0,151,166,88,0,0,0,0,0,0,228,230,130,100,148,0,0,0,0,61,0,37,0,0,0,0,0,0,38,38,177,38,38,0,0,0,0,227,8,50,28,0,49,0,0,0,0,0,7,96,0,0,0,69,33,0,0,0,0,0,0,198,224,37,169,166,224,36,224,0,92,0,2,11,0,33,0,65,55,131,208,207,209,4,2,88,100,37,223,32,223,37,222,32,222,8,3,53,8,0,240,6,0,55,247,250,136,241
2026-08-03_14-39-02,1,564,0,0.0,0,310.0,-1,-1,0,13,150,3,20,82,224,224,0,0,0,0,54,71,81,224,224,0,0,0,0,151,166,88,0,0,0,0,0,0,228,230,130,100,148,0,0,0,0,61,0,37,0,0,0,0,0,0,38,38,177,38,38,0,0,0,0,227,8,50,28,0,49,0,0,0,0,0,7,96,0,0,0,69,33,0,0,0,0,0,0,198,224,37,169,166,224,36,224,0,92,0,2,11,0,33,0,65,55,131,208,207,209,4,2,88,100,37,223,32,223,37,222,32,222,8,3,53,8,0,240,6,0,55,247,250,136,241,0,217,98,1,18,80,224,224,0,0,0,0,56,73,83,224,224,0,0,0,0,151,166,88,0,0,0,0,0,0,228,230,130,100,148,0,0,0,0,61,0,37,0,0,0,0,0,0,38,38,177,38,38,0,0,0,0,231,8,19,28,0,49,0,0,0,0,0,3,96,0,0,0,69,33,0,0,0,0,0,0,198,224,37,251,166,224,36,224,0,76,0,2,11,0,33,0,192,54,131,208,136,209,4,1,88,130,39,223,52,223,39,222,1,0,0,3,50,4,127,38,1,199,251,43,251,201,241
2026-08-03_14-39-02,1,565,0,0.0,0,310.0,-1,-1,0,217,98,1,18,80,224,224,0,0,0,0,56,73,83,224,224,0,0,0,0,151,166,88,0,0,0,0,0,0,228,230,130,100,148,0,0,0,0,61,0,37,0,0,0,0,0,0,38,38,177,38,38,0,0,0,0,231,8,19,28,0,49,0,0,0,0,0,3,96,0,0,0,69,33,0,0,0,0,0,0,198,224,37,251,166,224,36,224,0,76,0,2,11,0,33,0,192,54,131,208,136,209,4,1,88,130,39,223,52,223,39,222,1,0,0,3,50,4,127,38,1,199,251,43,251,201,241,0,150,45,255,16,78,88,224,0,0,0,0,58,75,85,224,224,0,0,0,0,167,150,72,167,0,0,0,0,0,212,214,100,100,148,0,0,0,0,61,0,37,61,0,0,0,0,0,38,38,177,38,38,0,0,0,0,235,8,97,28,0,49,0,0,0,0,0,7,0,0,0,0,69,33,0,0,0,0,0,0,198,224,37,77,166,224,36,224,0,60,0,3,11,0,33,0,66,55,70,208,136,209,3,2,167,100,48,223,50,223,48,222,50,222,8,0,53,8,0,240,1,0,55,247,250,136,241
2026-08-03_14-39-02,1,566,0,0.0,0,310.0,-1,-1,0,150,45,255,16,78,88,224,0,0,0,0,58,75,85,224,224,0,0,0,0,167,150,72,167,0,0,0,0,0,212,214,100,100,148,0,0,0,0,61,0,37,61,0,0,0,0,0,38,38,177,38,38,0,0,0,0,235,8,97,28,0,49,0,0,0,0,0,7,0,0,0,0,69,33,0,0,0,0,0,0,198,224,37,77,166,224,36,224,0,60,0,3,11,0,33,0,66,55,70,208,136,209,3,2,167,100,48,223,50,223,48,222,50,222,8,0,53,8,0,240,1,0,55,247,250,136,241,0,98,215,253,14,76,86,224,0,0,0,0,254,60,77,87,224,0,0,0,0,167,150,72,167,0,0,0,0,0,100,212,214,100,100,0,0,0,0,61,0,37,61,0,0,0,0,0,177,38,38,177,38,0,0,0,0,239,8,66,28,0,49,0,0,0,0,0,3,0,0,0,0,69,33,0,0,0,0,0,0,198,224,37,173,166,224,36,224,0,44,0,3,12,0,33,0,64,55,131,208,11,209,3,2,167,100,49,223,48,223,49,222,48,222,8,0,53,8,0,240,1,0,55,247,250,136,241
2026-08-03_14-39-02,1,567,0,0.0,0,310.0,-1,-1,0,98,215,253,14,76,86,224,0,0,0,0,254,60,77,87,224,0,0,0,0,167,150,72,167,0,0,0,0,0,100,212,214,100,100,0,0,0,0,61,0,37,61,0,0,0,0,0,177,38,38,177,38,0,0,0,0,239,8,66,28,0,49,0,0,0,0,0,3,0,0,0,0,69,33,0,0,0,0,0,0,198,224,37,173,166,224,36,224,0,44,0,3,12,0,33,0,64,55,131,208,11,209,3,2,167,100,49,223,48,223,49,222,48,222,8,0,53,8,0,240,1,0,55,247,250,136,241,0,45,116,12,74,84,224,224,0,0,0,0,0,62,79,224,224,0,0,0,0,150,72,167,0,0,0,0,0,0,100,212,214,100,100,0,0,0,0,0,37,61,0,0,0,0,0,0,177,38,38,177,38,0,0,0,0,243,8,35,28,0,49,0,0,0,0,0,5,32,0,0,0,69,33,0,0,0,0,0,0,198,224,37,194,166,224,36,224,0,28,0,2,11,0,33,0,128,54,131,208,136,209,3,2,167,100,51,223,39,223,51,222,39,222,8,1,50,4,0,240,6,0,55,247,250,201,241
2026-08-03_14-39-02,1,568,0,0.0,0,310.0,-1,-1,0,45,116,12,74,84,224,224,0,0,0,0,0,62,79,224,224,0,0,0,0,150,72,167,0,0,0,0,0,0,100,212,214,100,100,0,0,0,0,0,37,61,0,0,0,0,0,0,177,38,38,177,38,0,0,0,0,243,8,35,28,0,49,0,0,0,0,0,5,32,0,0,0,69,33,0,0,0,0,0,0,198,224,37,194,166,224,36,224,0,28,0,2,11,0,33,0,128,54,131,208,136,209,3,2,167,100,51,223,39,223,51,222,39,222,8,1,50,4,0,240,6,0,55,247,250,201,241,0,215,78,10,72,82,224,224,0,0,0,0,2,64,81,224,224,0,0,0,0,134,56,183,0,0,0,0,0,0,84,196,198,100,100,0,0,0,0,0,37,61,0,0,0,0,0,0,177,38,38,177,38,0,0,0,0,247,8,113,28,0,49,0,0,0,0,0,1,32,0,0,0,69,33,0,0,0,0,0,0,198,224,37,37,166,224,224,224,0,0,0,2,11,0,33,0,128,54,192,208,136,209,0,3,0,198,52,223,38,223,52,222,38,222,8,1,50,4,0,240,6,0,55,247,250,201,241
2026-08-03_14-39-02,1,569,0,0.0,0,310.0,-1,-1,0,215,78,10,72,82,224,224,0,0,0,0,2,64,81,224,224,0,0,0,0,134,56,183,0,0,0,0,0,0,84,196,198,100,100,0,0,0,0,0,37,61,0,0,0,0,0,0,177,38,38,177,38,0,0,0,0,247,8,113,28,0,49,0,0,0,0,0,1,32,0,0,0,69,33,0,0,0,0,0,0,198,224,37,37,166,224,224,224,0,0,0,2,11,0,33,0,128,54,192,208,136,209,0,3,0,198,52,223,38,223,52,222,38,222,8,1,50,4,0,240,6,0,55,247,250,201,241,0,116,239,8,70,80,224,224,0,0,0,0,250,4,66,83,224,0,0,0,0,134,56,183,0,0,0,0,0,0,198,84,196,198,100,0,0,0,0,0,37,61,0,0,0,0,0,0,38,177,38,38,177,0,0,0,0,251,8,82,28,0,49,0,0,0,0,0,5,64,0,0,0,69,33,0,0,0,0,0,0,198,224,37,37,166,224,224,224,0,0,0,2,12,0,33,0,128,54,192,208,136,209,0,3,0,198,0,223,36,223,0,222,36,222,8,2,50,4,0,240,6,0,55,247,250,201,241
2026-08-03_14-39-02,1,570,0,0.0,0,310.0,-1,-1,0,116,239,8,70,80,224,224,0,0,0,0,250,4,66,83,224,0,0,0,0,134,56,183,0,0,0,0,0,0,198,84,196,198,100,0,0,0,0,0,37,61,0,0,0,0,0,0,38,177,38,38,177,0,0,0,0,251,8,82,28,0,49,0,0,0,0,0,5,64,0,0,0,69,33,0,0,0,0,0,0,198,224,37,37,166,224,224,224,0,0,0,2,12,0,33,0,128,54,192,208,136,209,0,3,0,198,0,223,36,223,0,222,36,222,8,2,50,4,0,240,6,0,55,247,250,201,241,0,78,243,6,68,78,224,224,0,0,0,0,252,6,68,85,224,0,0,0,0,134,56,183,0,0,0,0,0,0,198,84,196,198,100,0,0,0,0,0,37,61,0,0,0,0,0,0,38,177,38,38,177,0,0,0,0,255,8,51,28,0,49,0,0,0,0,0,1,64,0,0,0,69,33,0,0,0,0,0,0,198,224,37,37,166,224,224,224,0,0,0,2,12,0,33,0,128,54,192,208,136,209,0,3,0,198,0,223,34,223,0,222,34,222,8,2,50,4,0,240,6,0,55,247,250,201,241
2026-08-03_14-39-02,1,571,0,0.0,0,310.0,-1,-1,0,78,243,6,68,78,224,224,0,0,0,0,252,6,68,85,224,0,0,0,0,134,56,183,0,0,0,0,0,0,198,84,196,198,100,0,0,0,0,0,37,61,0,0,0,0,0,0,38,177,38,38,177,0,0,0,0,255,8,51,28,0,49,0,0,0,0,0,1,64,0,0,0,69,33,0,0,0,0,0,0,198,224,37,37,166,224,224,224,0,0,0,2,12,0,33,0,128,54,192,208,136,209,0,3,0,198,0,223,34,223,0,222,34,222,8,2,50,4,0,240,6,0,55,247,250,201,241,0,239,58,4,66,76,224,224,0,0,0,0,254,8,70,87,224,0,0,0,0,134,56,183,0,0,0,0,0,0,198,84,196,198,100,0,0,0,0,0,37,61,0,0,0,0,0,0,38,177,38,38,177,0,0,0,0,3,9,17,28,0,49,0,0,0,0,0,3,96,0,0,0,69,33,0,0,0,0,0,0,198,224,37,37,166,224,224,224,0,0,0,2,12,0,33,0,128,54,192,208,11,209,0,3,0,198,0,223,32,223,0,222,32,222,8,3,50,4,0,240,6,0,55,247,250,201,241
2026-08-03_14-39-02,1,572,0,0.0,0,310.0,-1,-1,0,239,58,4,66,76,224,224,0,0,0,0,254,8,70,87,224,0,0,0,0,134,56,183,0,0,0,0,0,0,198,84,196,198,100,0,0,0,0,0,37,61,0,0,0,0,0,0,38,177,38,38,177,0,0,0,0,3,9,17,28,0,49,0,0,0,0,0,3,96,0,0,0,69,33,0,0,0,0,0,0,198,224,37,37,166,224,224,224,0,0,0,2,12,0,33,0,128,54,192,208,11,209,0,3,0,198,0,223,32,223,0,222,32,222,8,3,50,4,0,240,6,0,55,247,250,201,241,0,243,166,2,64,74,224,224,0,0,0,0,0,10,72,224,224,0,0,0,0,104,40,199,0,0,0,0,0,0,182,68,180,182,100,0,0,0,0,0,37,61,0,0,0,0,0,0,38,177,38,38,177,0,0,0,0,7,9,98,28,0,49,0,0,0,0,0,7,0,0,0,0,69,33,0,0,0,0,0,0,198,224,37,37,166,224,224,224,0,0,0,2,11,0,33,0,128,54,192,208,207,209,0,3,0,182,0,223,32,223,0,222,32,222,8,0,50,4,0,240,6,0,55,247,250,201,241
2026-08-03_14-39-02,1,573,0,0.0,0,310.0,-1,-1,0,243,166,2,64,74,224,224,0,0,0,0,0,10,72,224,224,0,0,0,0,104,40,199,0,0,0,0,0,0,182,68,180,182,100,0,0,0,0,0,37,61,0,0,0,0,0,0,38,177,38,38,177,0,0,0,0,7,9,98,28,0,49,0,0,0,0,0,7,0,0,0,0,69,33,0,0,0,0,0,0,198,224,37,37,166,224,224,224,0,0,0,2,11,0,33,0,128,54,192,208,207,209,0,3,0,182,0,223,32,223,0,222,32,222,8,0,50,4,0,240,6,0,55,247,250,201,241,0,58,98,0,62,72,224,224,0,0,0,0,2,12,74,224,224,0,0,0,0,104,40,199,0,0,0,0,0,0,182,68,180,182,100,0,0,0,0,0,37,61,0,0,0,0,0,0,38,177,38,38,177,0,0,0,0,11,9,67,28,0,49,0,0,0,0,0,3,0,0,0,0,69,33,0,0,0,0,0,0,198,224,37,37,166,224,224,224,0,0,0,2,11,0,33,0,128,54,192,208,207,209,0,3,0,182,0,223,32,223,0,222,32,222,8,0,50,4,0,240,6,0,55,247,250,201,241
2026-08-03_14-39-02,1,574,0,0.0,0,310.0,-1,-1,0,58,98,0,62,72,224,224,0,0,0,0,2,12,74,224,224,0,0,0,0,104,40,199,0,0,0,0,0,0,182,68,180,182,100,0,0,0,0,0,37,61,0,0,0,0,0,0,38,177,38,38,177,0,0,0,0,11,9,67,28,0,49,0,0,0,0,0,3,0,0,0,0,69,33,0,0,0,0,0,0,198,224,37,37,166,224,224,224,0,0,0,2,11,0,33,0,128,54,192,208,207,209,0,3,0,182,0,223,32,223,0,222,32,222,8,0,50,4,0,240,6,0,55,247,250,201,241,0,166,41,254,60,70,87,224,0,0,0,0,4,14,76,224,224,0,0,0,0,104,40,199,104,0,0,0,0,0,182,68,180,182,100,0,0,0,0,0,37,61,0,0,0,0,0,0,38,177,38,38,177,0,0,0,0,15,9,33,28,0,49,0,0,0,0,0,5,32,0,0,0,69,33,0,0,0,0,0,0,198,224,37,37,166,224,224,224,0,0,0,3,11,0,33,0,128,54,131,208,207,209,4,3,104,182,0,223,32,223,0,222,32,222,8,1,50,4,0,240,6,0,55,247,250,201,241
2026-08-03_14-39-02,1,575,0,0.0,0,310.0,-1,-1,0,166,41,254,60,70,87,224,0,0,0,0,4,14,76,224,224,0,0,0,0,104,40,199,104,0,0,0,0,0,182,68,180,182,100,0,0,0,0,0,37,61,0,0,0,0,0,0,38,177,38,38,177,0,0,0,0,15,9,33,28,0,49,0,0,0,0,0,5,32,0,0,0,69,33,0,0,0,0,0,0,198,224,37,37,166,224,224,224,0,0,0,3,11,0,33,0,128,54,131,208,207,209,4,3,104,182,0,223,32,223,0,222,32,222,8,1,50,4,0,240,6,0,55,247,250,201,241,0,98,157,252,58,68,85,224,0,0,0,0,6,16,78,224,224,0,0,0,0,88,24,215,88,0,0,0,0,0,166,52,164,182,100,0,0,0,0,0,37,61,0,0,0,0,0,0,38,177,38,38,177,0,0,0,0,19,9,114,28,0,49,0,0,0,0,0,1,32,0,0,0,69,33,0,0,0,0,0,0,198,224,37,37,166,224,224,224,0,0,0,3,11,0,33,0,128,54,131,208,207,209,4,3,88,182,2,223,32,223,2,222,32,222,13,1,50,4,0,240,6,0,55,247,250,201,241
2026-08-03_14-39-02,1,576,0,0.0,0,310.0,-1,-1,0,98,157,252,58,68,85,224,0,0,0,0,6,16,78,224,224,0,0,0,0,88,24,215,88,0,0,0,0,0,166,52,164,182,100,0,0,0,0,0,37,61,0,0,0,0,0,0,38,177,38,38,177,0,0,0,0,19,9,114,28,0,49,0,0,0,0,0,1,32,0,0,0,69,33,0,0,0,0,0,0,198,224,37,37,166,224,224,224,0,0,0,3,11,0,33,0,128,54,131,208,207,209,4,3,88,182,2,223,32,223,2,222,32,222,13,1,50,4,0,240,6,0,55,247,250,201,241,0,41,212,250,56,66,83,224,0,0,0,0,8,18,80,224,224,0,0,0,0,88,24,215,88,0,0,0,0,0,166,52,164,182,100,0,0,0,0,0,37,61,0,0,0,0,0,0,38,177,38,38,177,0,0,0,0,23,9,83,28,0,49,0,0,0,0,0,5,64,0,0,0,69,33,0,0,0,0,0,0,198,224,37,37,166,224,224,224,0,0,0,3,11,0,33,0,128,54,131,208,136,209,4,2,88,164,4,223,39,223,4,222,10,3,3,2,50,4,52,38,6,0,55,123,251,201,241
2026-08-03_14-39-02,1,577,1,0.0,0,310.0,-1,-1,0,41,212,250,56,66,83,224,0,0,0,0,8,18,80,224,224,0,0,0,0,88,24,215,88,0,0,0,0,0,166,52,164,182,100,0,0,0,0,0,37,61,0,0,0,0,0,0,38,177,38,38,177,0,0,0,0,23,9,83,28,0,49,0,0,0,0,0,5,64,0,0,0,69,33,0,0,0,0,0,0,198,224,37,37,166,224,224,224,0,0,0,3,11,0,33,0,128,54,131,208,136,209,4,2,88,164,4,223,39,223,4,222,10,3,3,2,50,4,52,38,6,0,55,123,251,201,241,0,157,79,248,54,64,81,224,0,0,0,0,10,20,82,224,224,0,0,0,0,88,24,215,88,0,0,0,0,0,166,52,164,182,100,0,0,0,0,0,37,61,0,0,0,0,0,0,38,177,38,38,177,0,0,0,0,27,9,49,28,0,49,0,0,0,0,0,13,80,0,16,0,69,33,0,0,0,0,0,0,198,224,37,245,166,224,36,224,0,156,0,3,11,0,33,0,66,55,131,208,136,209,4,2,88,164,6,223,37,223,6,222,37,222,8,2,53,8,0,240,6,0,55,247,250,136,241
2026-08-03_14-39-02,1,578,1,0.0,0,310.0,-1,-1,0,157,79,248,54,64,81,224,0,0,0,0,10,20,82,224,224,0,0,0,0,88,24,215,88,0,0,0,0,0,166,52,164,182,100,0,0,0,0,0,37,61,0,0,0,0,0,0,38,177,38,38,177,0,0,0,0,27,9,49,28,0,49,0,0,0,0,0,13,80,0,16,0,69,33,0,0,0,0,0,0,198,224,37,245,166,224,36,224,0,156,0,3,11,0,33,0,66,55,131,208,136,209,4,2,88,164,6,223,37,223,6,222,37,222,8,2,53,8,0,240,6,0,55,247,250,136,241,0,212,244,246,52,62,79,224,0,0,0,0,251,12,22,84,224,0,0,0,0,88,24,215,88,0,0,0,0,0,164,166,52,164,182,0,0,0,0,0,37,61,0,0,0,0,0,0,38,38,177,38,38,0,0,0,0,31,9,18,28,0,49,0,0,0,0,0,9,80,0,16,0,69,33,0,0,0,0,0,0,198,224,37,71,166,224,36,224,0,140,0,3,12,0,33,0,64,55,131,208,136,209,4,2,88,164,8,223,35,223,8,222,11,3,3,2,53,8,52,42,6,0,55,123,251,136,241
2026-08-03_14-39-02,1,579,1,0.0,0,310.0,-1,-1,0,212,244,246,52,62,79,224,0,0,0,0,251,12,22,84,224,0,0,0,0,88,24,215,88,0,0,0,0,0,164,166,52,164,182,0,0,0,0,0,37,61,0,0,0,0,0,0,38,38,177,38,38,0,0,0,0,31,9,18,28,0,49,0,0,0,0,0,9,80,0,16,0,69,33,0,0,0,0,0,0,198,224,37,71,166,224,36,224,0,140,0,3,12,0,33,0,64,55,131,208,136,209,4,2,88,164,8,223,35,223,8,222,11,3,3,2,53,8,52,42,6,0,55,123,251,136,241,0,79,79,244,50,60,77,224,0,0,0,0,253,14,24,86,224,0,0,0,0,72,8,231,72,0,0,0,0,0,148,150,36,148,182,0,0,0,0,0,37,61,0,0,0,0,0,0,38,38,177,38,38,0,0,0,0,35,9,99,28,0,49,0,0,0,0,0,5,80,0,16,0,69,33,0,0,0,0,0,0,198,224,37,167,166,224,36,224,0,124,0,3,12,0,33,0,128,54,131,208,136,209,4,2,72,148,10,223,33,223,10,222,11,3,3,2,50,4,36,44,6,0,55,123,251,201,241
2026-08-03_14-39-02,1,580,0,0.0,0,310.0,-1,-1,0,79,79,244,50,60,77,224,0,0,0,0,253,14,24,86,224,0,0,0,0,72,8,231,72,0,0,0,0,0,148,150,36,148,182,0,0,0,0,0,37,61,0,0,0,0,0,0,38,38,177,38,38,0,0,0,0,35,9,99,28,0,49,0,0,0,0,0,5,80,0,16,0,69,33,0,0,0,0,0,0,198,224,37,167,166,224,36,224,0,124,0,3,12,0,33,0,128,54,131,208,136,209,4,2,72,148,10,223,33,223,10,222,11,3,3,2,50,4,36,44,6,0,55,123,251,201,241,0,244,250,242,48,58,75,224,0,0,0,0,255,16,26,88,224,0,0,0,0,72,8,231,72,0,0,0,0,0,148,150,36,148,182,0,0,0,0,0,37,61,0,0,0,0,0,0,38,38,177,38,38,0,0,0,0,39,9,65,28,0,49,0,0,0,0,0,1,80,0,0,0,69,33,0,0,0,0,0,0,198,224,37,249,166,224,36,224,0,108,0,3,12,0,33,0,65,55,131,208,11,209,4,2,72,148,12,223,32,223,12,222,11,3,3,2,53,8,36,46,6,0,55,123,251,136,241
2026-08-03_14-39-02,1,581,0,0.0,0,310.0,-1,-1,0,244,250,242,48,58,75,224,0,0,0,0,255,16,26,88,224,0,0,0,0,72,8,231,72,0,0,0,0,0,148,150,36,148,182,0,0,0,0,0,37,61,0,0,0,0,0,0,38,38,177,38,38,0,0,0,0,39,9,65,28,0,49,0,0,0,0,0,1,80,0,0,0,69,33,0,0,0,0,0,0,198,224,37,249,166,224,36,224,0,108,0,3,12,0,33,0,65,55,131,208,11,209,4,2,72,148,12,223,32,223,12,222,11,3,3,2,53,8,36,46,6,0,55,123,251,136,241,0,79,163,46,56,73,224,224,0,0,0,0,1,18,28,224,224,0,0,0,0,8,231,72,0,0,0,0,0,0,148,150,36,148,182,0,0,0,0,37,61,0,0,0,0,0,0,0,38,38,177,38,38,0,0,0,0,43,9,34,28,0,49,0,0,0,0,0,5,96,0,0,0,69,33,0,0,0,0,0,0,198,224,37,75,166,224,36,224,0,92,0,2,11,0,33,0,192,54,131,208,207,209,4,2,72,148,14,223,32,223,14,222,11,3,3,3,50,4,104,48,6,199,251,123,251,201,241
2026-08-03_14-39-02,1,582,0,0.0,0,310.0,-1,-1,0,79,163,46,56,73,224,224,0,0,0,0,1,18,28,224,224,0,0,0,0,8,231,72,0,0,0,0,0,0,148,150,36,148,182,0,0,0,0,37,61,0,0,0,0,0,0,0,38,38,177,38,38,0,0,0,0,43,9,34,28,0,49,0,0,0,0,0,5,96,0,0,0,69,33,0,0,0,0,0,0,198,224,37,75,166,224,36,224,0,92,0,2,11,0,33,0,192,54,131,208,207,209,4,2,72,148,14,223,32,223,14,222,11,3,3,3,50,4,104,48,6,199,251,123,251,201,241,0,250,58,44,54,71,224,224,0,0,0,0,3,20,30,224,224,0,0,0,0,248,247,56,0,0,0,0,0,0,132,134,20,148,182,0,0,0,0,37,61,0,0,0,0,0,0,0,38,38,177,38,38,0,0,0,0,47,9,115,28,0,49,0,0,0,0,0,1,96,0,0,0,69,33,0,0,0,0,0,0,198,224,37,171,166,224,36,224,0,76,0,2,11,0,33,0,66,55,192,208,207,209,0,2,0,148,15,223,32,223,15,222,11,3,3,3,53,8,105,50,6,199,251,123,251,136,241
2026-08-03_14-39-02,1,583,0,0.0,0,310.0,-1,-1,0,250,58,44,54,71,224,224,0,0,0,0,3,20,30,224,224,0,0,0,0,248,247,56,0,0,0,0,0,0,132,134,20,148,182,0,0,0,0,37,61,0,0,0,0,0,0,0,38,38,177,38,38,0,0,0,0,47,9,115,28,0,49,0,0,0,0,0,1,96,0,0,0,69,33,0,0,0,0,0,0,198,224,37,171,166,224,36,224,0,76,0,2,11,0,33,0,66,55,192,208,207,209,0,2,0,148,15,223,32,223,15,222,11,3,3,3,53,8,105,50,6,199,251,123,251,136,241,0,163,161,42,52,69,224,224,0,0,0,0,5,22,32,224,224,0,0,0,0,248,247,56,0,0,0,0,0,0,132,134,20,148,182,0,0,0,0,37,61,0,0,0,0,0,0,0,38,38,177,38,38,0,0,0,0,51,9,81,28,0,49,0,0,0,0,0,5,0,0,0,0,69,33,0,0,0,0,0,0,198,224,37,253,166,224,36,224,0,60,0,2,11,0,33,0,64,55,192,208,207,209,0,2,0,148,0,223,32,223,0,222,11,3,3,0,53,8,105,52,6,199,251,123,251,136,241
2026-08-03_14-39-02,1,584,0,0.0,0,310.0,-1,-1,0,163,161,42,52,69,224,224,0,0,0,0,5,22,32,224,224,0,0,0,0,248,247,56,0,0,0,0,0,0,132,134,20,148,182,0,0,0,0,37,61,0,0,0,0,0,0,0,38,38,177,38,38,0,0,0,0,51,9,81,28,0,49,0,0,0,0,0,5,0,0,0,0,69,33,0,0,0,0,0,0,198,224,37,253,166,224,36,224,0,60,0,2,11,0,33,0,64,55,192,208,207,209,0,2,0,148,0,223,32,223,0,222,11,3,3,0,53,8,105,52,6,199,251,123,251,136,241,0,58,28,40,50,67,224,224,0,0,0,0,7,24,34,224,224,0,0,0,0,248,247,56,0,0,0,0,0,0,132,134,20,148,182,0,0,0,0,37,61,0,0,0,0,0,0,0,38,38,177,38,38,0,0,0,0,55,9,50,28,0,49,0,0,0,0,0,1,0,0,0,0,69,33,0,0,0,0,0,0,198,224,37,18,166,224,36,224,0,44,0,2,11,0,33,0,128,54,192,208,207,209,0,2,0,148,0,223,32,223,0,222,11,3,3,0,50,4,105,54,6,199,251,123,251,201,241
2026-08-03_14-39-02,1,585,0,0.0,0,310.0,-1,-1,0,58,28,40,50,67,224,224,0,0,0,0,7,24,34,224,224,0,0,0,0,248,247,56,0,0,0,0,0,0,132,134,20,148,182,0,0,0,0,37,61,0,0,0,0,0,0,0,38,38,177,38,38,0,0,0,0,55,9,50,28,0,49,0,0,0,0,0,1,0,0,0,0,69,33,0,0,0,0,0,0,198,224,37,18,166,224,36,224,0,44,0,2,11,0,33,0,128,54,192,208,207,209,0,2,0,148,0,223,32,223,0,222,11,3,3,0,50,4,105,54,6,199,251,123,251,201,241,0,161,201,38,48,65,224,224,0,0,0,0,9,26,36,224,224,0,0,0,0,248,247,56,0,0,0,0,0,0,132,134,20,148,182,0,0,0,0,37,61,0,0,0,0,0,0,0,38,38,177,38,38,0,0,0,0,59,9,19,28,0,49,0,0,0,0,0,3,32,0,0,0,69,33,0,0,0,0,0,0,198,224,37,100,166,224,36,224,0,28,0,2,11,0,33,0,65,55,192,208,207,209,0,2,0,148,0,223,32,223,0,222,11,3,3,1,53,8,105,56,6,199,251,123,251,136,241
2026-08-03_14-39-02,1,586,0,0.0,0,310.0,-1,-1,0,161,201,38,48,65,224,224,0,0,0,0,9,26,36,224,224,0,0,0,0,248,247,56,0,0,0,0,0,0,132,134,20,148,182,0,0,0,0,37,61,0,0,0,0,0,0,0,38,38,177,38,38,0,0,0,0,59,9,19,28,0,49,0,0,0,0,0,3,32,0,0,0,69,33,0,0,0,0,0,0,198,224,37,100,166,224,36,224,0,28,0,2,11,0,33,0,65,55,192,208,207,209,0,2,0,148,0,223,32,223,0,222,11,3,3,1,53,8,105,56,6,199,251,123,251,136,241,0,28,156,36,46,63,224,224,0,0,0,0,11,28,38,224,224,0,0,0,0,232,7,40,0,0,0,0,0,0,102,104,4,148,182,0,0,0,0,37,61,0,0,0,0,0,0,0,38,38,177,38,38,0,0,0,0,63,9,97,28,0,49,0,0,0,0,0,7,64,0,0,0,69,33,0,0,0,0,0,0,198,224,37,37,166,224,224,224,0,0,0,2,11,0,33,0,192,54,192,208,207,209,0,2,0,148,0,223,32,223,0,222,10,2,2,2,50,4,130,48,6,199,251,123,251,201,241
2026-08-03_14-39-02,1,587,0,0.0,0,310.0,-1,-1,0,28,156,36,46,63,224,224,0,0,0,0,11,28,38,224,224,0,0,0,0,232,7,40,0,0,0,0,0,0,102,104,4,148,182,0,0,0,0,37,61,0,0,0,0,0,0,0,38,38,177,38,38,0,0,0,0,63,9,97,28,0,49,0,0,0,0,0,7,64,0,0,0,69,33,0,0,0,0,0,0,198,224,37,37,166,224,224,224,0,0,0,2,11,0,33,0,192,54,192,208,207,209,0,2,0,148,0,223,32,223,0,222,10,2,2,2,50,4,130,48,6,199,251,123,251,201,241,0,201,196,34,44,61,224,224,0,0,0,0,13,30,40,224,224,0,0,0,0,232,7,40,0,0,0,0,0,0,102,104,4,148,182,0,0,0,0,37,61,0,0,0,0,0,0,0,38,38,177,38,38,0,0,0,0,67,9,66,28,0,49,0,0,0,0,0,3,64,0,0,0,69,33,0,0,0,0,0,0,198,224,37,37,166,224,224,224,0,0,0,2,11,0,33,0,192,54,192,208,207,209,0,2,0,148,0,223,32,223,0,222,10,2,2,2,50,4,130,50,6,199,251,123,251,201,241
2026-08-03_14-39-02,1,588,0,0.0,0,310.0,-1,-1,0,201,196,34,44,61,224,224,0,0,0,0,13,30,40,224,224,0,0,0,0,232,7,40,0,0,0,0,0,0,102,104,4,148,182,0,0,0,0,37,61,0,0,0,0,0,0,0,38,38,177,38,38,0,0,0,0,67,9,66,28,0,49,0,0,0,0,0,3,64,0,0,0,69,33,0,0,0,0,0,0,198,224,37,37,166,224,224,224,0,0,0,2,11,0,33,0,192,54,192,208,207,209,0,2,0,148,0,223,32,223,0,222,10,2,2,2,50,4,130,50,6,199,251,123,251,201,241,0,156,75,32,42,59,224,224,0,0,0,0,15,32,42,224,224,0,0,0,0,232,7,40,0,0,0,0,0,0,102,104,4,148,182,0,0,0,0,37,61,0,0,0,0,0,0,0,38,38,177,38,38,0,0,0,0,71,9,35,28,0,49,0,0,0,0,0,5,96,0,0,0,69,33,0,0,0,0,0,0,198,224,37,37,166,224,224,224,0,0,0,2,11,0,33,0,192,54,192,208,207,209,0,2,0,148,0,223,32,223,0,222,10,2,2,3,50,4,130,52,6,199,251,123,251,201,241
2026-08-03_14-39-02,1,589,0,0.0,0,310.0,-1,-1,0,156,75,32,42,59,224,224,0,0,0,0,15,32,42,224,224,0,0,0,0,232,7,40,0,0,0,0,0,0,102,104,4,148,182,0,0,0,0,37,61,0,0,0,0,0,0,0,38,38,177,38,38,0,0,0,0,71,9,35,28,0,49,0,0,0,0,0,5,96,0,0,0,69,33,0,0,0,0,0,0,198,224,37,37,166,224,224,224,0,0,0,2,11,0,33,0,192,54,192,208,207,209,0,2,0,148,0,223,32,223,0,222,10,2,2,3,50,4,130,52,6,199,251,123,251,201,241,0,196,180,30,40,57,224,224,0,0,0,0,17,34,44,224,224,0,0,0,0,216,23,24,0,0,0,0,0,0,86,88,244,148,182,0,0,0,0,37,61,0,0,0,0,0,0,0,38,38,177,38,38,0,0,0,0,75,9,113,28,0,49,0,0,0,0,0,1,96,0,0,0,69,33,0,0,0,0,0,0,198,224,37,37,166,224,224,224,0,0,0,2,11,0,33,0,192,54,192,208,207,209,0,2,0,148,0,223,32,223,0,222,10,2,2,3,50,4,131,54,6,199,251,123,251,201,241
2026-08-03_14-39-02,1,590,0,0.0,0,310.0,-1,-1,0,196,180,30,40,57,224,224,0,0,0,0,17,34,44,224,224,0,0,0,0,216,23,24,0,0,0,0,0,0,86,88,244,148,182,0,0,0,0,37,61,0,0,0,0,0,0,0,38,38,177,38,38,0,0,0,0,75,9,113,28,0,49,0,0,0,0,0,1,96,0,0,0,69,33,0,0,0,0,0,0,198,224,37,37,166,224,224,224,0,0,0,2,11,0,33,0,192,54,192,208,207,209,0,2,0,148,0,223,32,223,0,222,10,2,2,3,50,4,131,54,6,199,251,123,251,201,241,0,75,73,28,38,55,224,224,0,0,0,0,19,36,46,224,224,0,0,0,0,216,23,24,0,0,0,0,0,0,86,88,244,148,182,0,0,0,0,37,61,0,0,0,0,0,0,0,38,38,177,38,38,0,0,0,0,79,9,82,28,0,49,0,0,0,0,0,5,0,0,0,0,69,33,0,0,0,0,0,0,198,224,37,37,166,224,224,224,0,0,0,2,11,0,33,0,192,54,192,208,207,209,0,2,0,148,0,223,32,223,0,222,10,2,2,0,50,4,88,56,6,199,251,123,251,201,241
2026-08-03_14-39-02,1,591,0,0.0,0,310.0,-1,-1,0,75,73,28,38,55,224,224,0,0,0,0,19,36,46,224,224,0,0,0,0,216,23,24,0,0,0,0,0,0,86,88,244,148,182,0,0,0,0,37,61,0,0,0,0,0,0,0,38,38,177,38,38,0,0,0,0,79,9,82,28,0,49,0,0,0,0,0,5,0,0,0,0,69,33,0,0,0,0,0,0,198,224,37,37,166,224,224,224,0,0,0,2,11,0,33,0,192,54,192,208,207,209,0,2,0,148,0,223,32,223,0,222,10,2,2,0,50,4,88,56,6,199,251,123,251,201,241,0,180,155,26,36,53,224,224,0,0,0,0,21,38,48,224,224,0,0,0,0,216,23,24,0,0,0,0,0,0,86,88,244,148,182,0,0,0,0,37,61,0,0,0,0,0,0,0,38,38,177,38,38,0,0,0,0,83,9,51,28,0,49,0,0,0,0,0,1,0,0,0,0,69,33,0,0,0,0,0,0,198,224,37,37,166,224,224,224,0,0,0,2,11,0,33,0,192,54,192,208,207,209,0,2,0,148,0,223,32,223,0,222,9,2,2,0,50,4,86,41,6,199,251,123,251,201,241
2026-08-03_14-39-02,1,592,0,0.0,0,310.0,-1,-1,0,180,155,26,36,53,224,224,0,0,0,0,21,38,48,224,224,0,0,0,0,216,23,24,0,0,0,0,0,0,86,88,244,148,182,0,0,0,0,37,61,0,0,0,0,0,0,0,38,38,177,38,38,0,0,0,0,83,9,51,28,0,49,0,0,0,0,0,1,0,0,0,0,69,33,0,0,0,0,0,0,198,224,37,37,166,224,224,224,0,0,0,2,11,0,33,0,192,54,192,208,207,209,0,2,0,148,0,223,32,223,0,222,9,2,2,0,50,4,86,41,6,199,251,123,251,201,241,0,73,187,24,34,51,224,224,0,0,0,0,23,40,50,224,224,0,0,0,0,216,23,24,0,0,0,0,0,0,86,88,244,148,182,0,0,0,0,37,61,0,0,0,0,0,0,0,38,38,177,38,38,0,0,0,0,87,9,17,28,0,49,0,0,0,0,0,3,32,0,0,0,69,33,0,0,0,0,0,0,198,224,37,37,166,224,224,224,0,0,0,2,11,0,33,0,192,54,192,208,207,209,0,2,0,148,0,223,32,223,0,222,9,2,2,1,50,4,86,43,6,199,251,123,251,201,241
2026-08-03_14-39-02,1,593,0,0.0,0,310.0,-1,-1,0,73,187,24,34,51,224,224,0,0,0,0,23,40,50,224,224,0,0,0,0,216,23,24,0,0,0,0,0,0,86,88,244,148,182,0,0,0,0,37,61,0,0,0,0,0,0,0,38,38,177,38,38,0,0,0,0,87,9,17,28,0,49,0,0,0,0,0,3,32,0,0,0,69,33,0,0,0,0,0,0,198,224,37,37,166,224,224,224,0,0,0,2,11,0,33,0,192,54,192,208,207,209,0,2,0,148,0,223,32,223,0,222,9,2,2,1,50,4,86,43,6,199,251,123,251,201,241,0,155,187,22,32,49,224,224,0,0,0,0,25,42,52,224,224,0,0,0,0,200,39,8,0,0,0,0,0,0,70,72,228,148,182,0,0,0,0,37,61,0,0,0,0,0,0,0,38,38,177,38,38,0,0,0,0,91,9,98,28,0,49,0,0,0,0,0,7,64,0,0,0,69,33,0,0,0,0,0,0,198,224,37,37,166,224,224,224,0,0,0,2,11,0,33,0,192,54,192,208,207,209,0,2,0,148,0,223,32,223,0,222,9,2,2,2,50,4,117,45,6,199,251,123,251,201,241
2026-08-03_14-39-02,1,594,0,0.0,0,310.0,-1,-1,0,155,187,22,32,49,224,224,0,0,0,0,25,42,52,224,224,0,0,0,0,200,39,8,0,0,0,0,0,0,70,72,228,148,182,0,0,0,0,37,61,0,0,0,0,0,0,0,38,38,177,38,38,0,0,0,0,91,9,98,28,0,49,0,0,0,0,0,7,64,0,0,0,69,33,0,0,0,0,0,0,198,224,37,37,166,224,224,224,0,0,0,2,11,0,33,0,192,54,192,208,207,209,0,2,0,148,0,223,32,223,0,222,9,2,2,2,50,4,117,45,6,199,251,123,251,201,241,0,187,181,20,30,47,224,224,0,0,0,0,27,44,54,224,224,0,0,0,0,200,39,8,0,0,0,0,0,0,70,72,228,148,182,0,0,0,0,37,61,0,0,0,0,0,0,0,38,38,177,38,38,0,0,0,0,95,9,67,28,0,49,0,0,0,0,0,3,64,0,0,0,69,33,0,0,0,0,0,0,198,224,37,37,166,224,224,224,0,0,0,2,11,0,33,0,192,54,192,208,207,209,0,2,0,148,0,223,32,223,0,222,9,2,2,2,50,4,117,47,6,199,251,123,251,201,241
2026-08-03_14-39-02,1,595,0,0.0,0,310.0,-1,-1,0,187,181,20,30,47,224,224,0,0,0,0,27,44,54,224,224,0,0,0,0,200,39,8,0,0,0,0,0,0,70,72,228,148,182,0,0,0,0,37,61,0,0,0,0,0,0,0,38,38,177,38,38,0,0,0,0,95,9,67,28,0,49,0,0,0,0,0,3,64,0,0,0,69,33,0,0,0,0,0,0,198,224,37,37,166,224,224,224,0,0,0,2,11,0,33,0,192,54,192,208,207,209,0,2,0,148,0,223,32,223,0,222,9,2,2,2,50,4,117,47,6,199,251,123,251,201,241,0,187,89,18,28,45,224,224,0,0,0,0,29,46,56,224,224,0,0,0,0,200,39,8,0,0,0,0,0,0,70,72,228,148,182,0,0,0,0,37,61,0,0,0,0,0,0,0,38,38,177,38,38,0,0,0,0,99,9,33,28,0,49,0,0,0,0,0,5,96,0,0,0,69,33,0,0,0,0,0,0,198,224,37,37,166,224,224,224,0,0,0,2,11,0,33,0,192,54,192,208,207,209,0,2,0,148,0,223,32,223,0,222,9,2,2,3,50,4,117,49,6,199,251,123,251,201,241
2026-08-03_14-39-02,1,596,1,0.0,0,310.0,-1,-1,0,187,89,18,28,45,224,224,0,0,0,0,29,46,56,224,224,0,0,0,0,200,39,8,0,0,0,0,0,0,70,72,228,148,182,0,0,0,0,37,61,0,0,0,0,0,0,0,38,38,177,38,38,0,0,0,0,99,9,33,28,0,49,0,0,0,0,0,5,96,0,0,0,69,33,0,0,0,0,0,0,198,224,37,37,166,224,224,224,0,0,0,2,11,0,33,0,192,54,192,208,207,209,0,2,0,148,0,223,32,223,0,222,9,2,2,3,50,4,117,49,6,199,251,123,251,201,241,0,181,153,16,26,43,224,224,0,0,0,0,31,48,58,224,224,0,0,0,0,184,55,248,0,0,0,0,0,0,54,56,212,148,182,0,0,0,0,37,61,0,0,0,0,0,0,0,38,38,177,38,38,0,0,0,0,103,9,114,28,0,49,0,0,0,0,0,11,112,0,16,0,69,33,0,0,0,0,0,0,198,224,37,165,166,224,36,224,0,140,0,2,11,0,33,0,66,55,192,208,207,209,0,2,0,148,0,223,32,223,0,222,9,2,2,3,53,8,118,51,6,199,251,123,251,136,241
2026-08-03_14-39-02,1,597,1,0.0,0,310.0,-1,-1,0,181,153,16,26,43,224,224,0,0,0,0,31,48,58,224,224,0,0,0,0,184,55,248,0,0,0,0,0,0,54,56,212,148,182,0,0,0,0,37,61,0,0,0,0,0,0,0,38,38,177,38,38,0,0,0,0,103,9,114,28,0,49,0,0,0,0,0,11,112,0,16,0,69,33,0,0,0,0,0,0,198,224,37,165,166,224,36,224,0,140,0,2,11,0,33,0,66,55,192,208,207,209,0,2,0,148,0,223,32,223,0,222,9,2,2,3,53,8,118,51,6,199,251,123,251,136,241,0,89,155,14,24,41,224,224,0,0,0,0,33,50,60,224,224,0,0,0,0,184,55,248,0,0,0,0,0,0,54,56,212,148,182,0,0,0,0,37,61,0,0,0,0,0,0,0,38,38,177,38,38,0,0,0,0,107,9,83,28,0,49,0,0,0,0,0,7,112,0,16,0,69,33,0,0,0,0,0,0,198,224,37,247,166,224,36,224,0,124,0,2,11,0,33,0,64,55,192,208,207,209,0,2,0,148,0,223,32,223,0,222,9,2,2,3,53,8,118,53,6,199,251,123,251,136,241
2026-08-03_14-39-02,1,598,1,0.0,0,310.0,-1,-1,0,89,155,14,24,41,224,224,0,0,0,0,33,50,60,224,224,0,0,0,0,184,55,248,0,0,0,0,0,0,54,56,212,148,182,0,0,0,0,37,61,0,0,0,0,0,0,0,38,38,177,38,38,0,0,0,0,107,9,83,28,0,49,0,0,0,0,0,7,112,0,16,0,69,33,0,0,0,0,0,0,198,224,37,247,166,224,36,224,0,124,0,2,11,0,33,0,64,55,192,208,207,209,0,2,0,148,0,223,32,223,0,222,9,2,2,3,53,8,118,53,6,199,251,123,251,136,241,0,153,189,12,22,39,224,224,0,0,0,0,35,52,62,224,224,0,0,0,0,184,55,248,0,0,0,0,0,0,54,56,212,148,182,0,0,0,0,37,61,0,0,0,0,0,0,0,38,38,177,38,38,0,0,0,0,111,9,49,28,0,49,0,0,0,0,0,3,112,0,16,0,69,33,0,0,0,0,0,0,198,224,37,73,166,224,36,224,0,108,0,2,11,0,33,0,128,54,192,208,207,209,0,2,0,148,0,223,32,223,0,222,9,2,2,3,50,4,118,55,6,199,251,123,251,201,241
2026-08-03_14-39-02,1,599,0,0.0,0,310.0,-1,-1,0,153,189,12,22,39,224,224,0,0,0,0,35,52,62,224,224,0,0,0,0,184,55,248,0,0,0,0,0,0,54,56,212,148,182,0,0,0,0,37,61,0,0,0,0,0,0,0,38,38,177,38,38,0,0,0,0,111,9,49,28,0,49,0,0,0,0,0,3,112,0,16,0,69,33,0,0,0,0,0,0,198,224,37,73,166,224,36,224,0,108,0,2,11,0,33,0,128,54,192,208,207,209,0,2,0,148,0,223,32,223,0,222,9,2,2,3,50,4,118,55,6,199,251,123,251,201,241,0,155,213,10,20,37,224,224,0,0,0,0,37,54,64,224,224,0,0,0,0,184,55,248,0,0,0,0,0,0,54,56,212,148,182,0,0,0,0,37,61,0,0,0,0,0,0,0,38,38,177,38,38,0,0,0,0,115,9,18,28,0,49,0,0,0,0,0,7,96,0,0,0,69,33,0,0,0,0,0,0,198,224,37,169,166,224,36,224,0,92,0,2,11,0,33,0,65,55,192,208,207,209,0,2,0,148,0,223,32,223,0,222,9,2,2,3,53,8,54,57,6,0,55,123,251,136,241
2026-08-03_14-39-02,1,600,0,0.0,0,310.0,-1,-1,0,155,213,10,20,37,224,224,0,0,0,0,37,54,64,224,224,0,0,0,0,184,55,248,0,0,0,0,0,0,54,56,212,148,182,0,0,0,0,37,61,0,0,0,0,0,0,0,38,38,177,38,38,0,0,0,0,115,9,18,28,0,49,0,0,0,0,0,7,96,0,0,0,69,33,0,0,0,0,0,0,198,224,37,169,166,224,36,224,0,92,0,2,11,0,33,0,65,55,192,208,207,209,0,2,0,148,0,223,32,223,0,222,9,2,2,3,53,8,54,57,6,0,55,123,251,136,241,0,189,85,8,18,35,224,224,0,0,0,0,39,56,66,224,224,0,0,0,0,168,71,232,0,0,0,0,0,0,38,40,196,148,182,0,0,0,0,37,61,0,0,0,0,0,0,0,38,38,177,38,38,0,0,0,0,119,9,99,28,0,49,0,0,0,0,0,3,96,0,0,0,69,33,0,0,0,0,0,0,198,224,37,251,166,224,36,224,0,76,0,2,11,0,33,0,192,54,192,208,207,209,0,2,0,148,0,223,32,223,0,222,2,0,0,3,50,4,138,55,6,199,251,43,251,201,241
2026-08-03_14-39-02,1,601,0,0.0,0,310.0,-1,-1,0,189,85,8,18,35,224,224,0,0,0,0,39,56,66,224,224,0,0,0,0,168,71,232,0,0,0,0,0,0,38,40,196,148,182,0,0,0,0,37,61,0,0,0,0,0,0,0,38,38,177,38,38,0,0,0,0,119,9,99,28,0,49,0,0,0,0,0,3,96,0,0,0,69,33,0,0,0,0,0,0,198,224,37,251,166,224,36,224,0,76,0,2,11,0,33,0,192,54,192,208,207,209,0,2,0,148,0,223,32,223,0,222,2,0,0,3,50,4,138,55,6,199,251,43,251,201,241,0,213,88,6,16,33,224,224,0,0,0,0,41,58,68,224,224,0,0,0,0,168,71,232,0,0,0,0,0,0,38,40,196,148,182,0,0,0,0,37,61,0,0,0,0,0,0,0,38,38,177,38,38,0,0,0,0,123,9,65,28,0,49,0,0,0,0,0,7,0,0,0,0,69,33,0,0,0,0,0,0,198,224,37,77,166,224,36,224,0,60,0,2,11,0,33,0,66,55,192,208,207,209,0,2,0,148,0,223,32,223,0,222,2,0,0,0,53,8,138,53,6,199,251,43,251,136,241
2026-08-03_14-39-02,1,602,0,0.0,0,310.0,-1,-1,0,213,88,6,16,33,224,224,0,0,0,0,41,58,68,224,224,0,0,0,0,168,71,232,0,0,0,0,0,0,38,40,196,148,182,0,0,0,0,37,61,0,0,0,0,0,0,0,38,38,177,38,38,0,0,0,0,123,9,65,28,0,49,0,0,0,0,0,7,0,0,0,0,69,33,0,0,0,0,0,0,198,224,37,77,166,224,36,224,0,60,0,2,11,0,33,0,66,55,192,208,207,209,0,2,0,148,0,223,32,223,0,222,2,0,0,0,53,8,138,53,6,199,251,43,251,136,241,0,85,143,4,14,31,224,224,0,0,0,0,43,60,70,224,224,0,0,0,0,168,71,232,0,0,0,0,0,0,38,40,196,148,182,0,0,0,0,37,61,0,0,0,0,0,0,0,38,38,177,38,38,0,0,0,0,127,9,34,28,0,49,0,0,0,0,0,3,0,0,0,0,69,33,0,0,0,0,0,0,198,224,37,173,166,224,36,224,0,44,0,2,11,0,33,0,64,55,192,208,207,209,0,2,0,148,0,223,32,223,0,222,2,0,0,0,53,8,138,51,6,199,251,43,251,136,241
2026-08-03_14-39-02,1,603,0,0.0,0,310.0,-1,-1,0,85,143,4,14,31,224,224,0,0,0,0,43,60,70,224,224,0,0,0,0,168,71,232,0,0,0,0,0,0,38,40,196,148,182,0,0,0,0,37,61,0,0,0,0,0,0,0,38,38,177,38,38,0,0,0,0,127,9,34,28,0,49,0,0,0,0,0,3,0,0,0,0,69,33,0,0,0,0,0,0,198,224,37,173,166,224,36,224,0,44,0,2,11,0,33,0,64,55,192,208,207,209,0,2,0,148,0,223,32,223,0,222,2,0,0,0,53,8,138,51,6,199,251,43,251,136,241,0,88,255,2,12,29,224,224,0,0,0,0,45,62,72,224,224,0,0,0,0,152,87,216,0,0,0,0,0,0,22,24,180,148,182,0,0,0,0,37,61,0,0,0,0,0,0,0,38,38,177,38,38,0,0,0,0,131,9,115,28,0,49,0,0,0,0,0,5,32,0,0,0,69,33,0,0,0,0,0,0,198,224,37,194,166,224,36,224,0,28,0,2,11,0,33,0,128,54,192,208,207,209,0,2,0,148,0,223,32,223,0,222,2,0,0,1,50,4,139,49,6,199,251,43,251,201,241
2026-08-03_14-39-02,1,604,0,0.0,0,310.0,-1,-1,0,88,255,2,12,29,224,224,0,0,0,0,45,62,72,224,224,0,0,0,0,152,87,216,0,0,0,0,0,0,22,24,180,148,182,0,0,0,0,37,61,0,0,0,0,0,0,0,38,38,177,38,38,0,0,0,0,131,9,115,28,0,49,0,0,0,0,0,5,32,0,0,0,69,33,0,0,0,0,0,0,198,224,37,194,166,224,36,224,0,28,0,2,11,0,33,0,128,54,192,208,207,209,0,2,0,148,0,223,32,223,0,222,2,0,0,1,50,4,139,49,6,199,251,43,251,201,241,0,143,253,0,10,27,224,224,0,0,0,0,47,64,74,224,224,0,0,0,0,152,87,216,0,0,0,0,0,0,22,24,180,148,182,0,0,0,0,37,61,0,0,0,0,0,0,0,38,38,177,38,38,0,0,0,0,135,9,81,28,0,49,0,0,0,0,0,1,32,0,0,0,69,33,0,0,0,0,0,0,198,224,37,37,166,224,224,224,0,0,0,2,11,0,33,0,128,54,192,208,207,209,0,2,0,148,0,223,32,223,0,222,2,0,0,1,50,4,139,47,6,199,251,43,251,201,241
2026-08-03_14-39-02,1,605,0,0.0,0,310.0,-1,-1,0,143,253,0,10,27,224,224,0,0,0,0,47,64,74,224,224,0,0,0,0,152,87,216,0,0,0,0,0,0,22,24,180,148,182,0,0,0,0,37,61,0,0,0,0,0,0,0,38,38,177,38,38,0,0,0,0,135,9,81,28,0,49,0,0,0,0,0,1,32,0,0,0,69,33,0,0,0,0,0,0,198,224,37,37,166,224,224,224,0,0,0,2,11,0,33,0,128,54,192,208,207,209,0,2,0,148,0,223,32,223,0,222,2,0,0,1,50,4,139,47,6,199,251,43,251,201,241,0,255,210,254,8,25,87,224,0,0,0,0,49,66,76,224,224,0,0,0,0,152,87,216,152,0,0,0,0,0,22,24,180,148,182,0,0,0,0,37,61,0,37,0,0,0,0,0,38,38,177,38,38,0,0,0,0,139,9,50,28,0,49,0,0,0,0,0,5,64,0,0,0,69,33,0,0,0,0,0,0,198,224,37,37,166,224,224,224,0,0,0,3,11,0,33,0,128,54,131,208,207,209,4,2,152,148,32,223,32,223,32,222,2,0,0,2,50,4,139,45,6,199,251,43,251,201,241
2026-08-03_14-39-02,1,606,0,0.0,0,310.0,-1,-1,0,255,210,254,8,25,87,224,0,0,0,0,49,66,76,224,224,0,0,0,0,152,87,216,152,0,0,0,0,0,22,24,180,148,182,0,0,0,0,37,61,0,37,0,0,0,0,0,38,38,177,38,38,0,0,0,0,139,9,50,28,0,49,0,0,0,0,0,5,64,0,0,0,69,33,0,0,0,0,0,0,198,224,37,37,166,224,224,224,0,0,0,3,11,0,33,0,128,54,131,208,207,209,4,2,152,148,32,223,32,223,32,222,2,0,0,2,50,4,139,45,6,199,251,43,251,201,241,0,253,32,252,6,23,85,224,0,0,0,0,51,68,78,224,224,0,0,0,0,152,87,216,152,0,0,0,0,0,22,24,180,148,182,0,0,0,0,37,61,0,37,0,0,0,0,0,38,38,177,38,38,0,0,0,0,143,9,19,28,0,49,0,0,0,0,0,1,64,0,0,0,69,33,0,0,0,0,0,0,198,224,37,37,166,224,224,224,0,0,0,3,11,0,33,0,128,54,131,208,207,209,4,2,152,148,34,223,32,223,34,222,2,0,0,2,50,4,139,43,6,199,251,43,251,201,241
2026-08-03_14-39-02,1,607,0,0.0,0,310.0,-1,-1,0,253,32,252,6,23,85,224,0,0,0,0,51,68,78,224,224,0,0,0,0,152,87,216,152,0,0,0,0,0,22,24,180,148,182,0,0,0,0,37,61,0,37,0,0,0,0,0,38,38,177,38,38,0,0,0,0,143,9,19,28,0,49,0,0,0,0,0,1,64,0,0,0,69,33,0,0,0,0,0,0,198,224,37,37,166,224,224,224,0,0,0,3,11,0,33,0,128,54,131,208,207,209,4,2,152,148,34,223,32,223,34,222,2,0,0,2,50,4,139,43,6,199,251,43,251,201,241,0,210,0,250,4,21,83,224,0,0,0,0,53,70,80,224,224,0,0,0,0,136,103,200,136,0,0,0,0,0,6,8,164,148,182,0,0,0,0,37,61,0,37,0,0,0,0,0,38,38,177,38,38,0,0,0,0,147,9,97,28,0,49,0,0,0,0,0,3,96,0,0,0,69,33,0,0,0,0,0,0,198,224,37,37,166,224,224,224,0,0,0,3,11,0,33,0,128,54,131,208,207,209,4,2,136,148,36,223,32,223,36,222,2,0,0,3,50,4,140,41,6,199,251,43,251,201,241
2026-08-03_14-39-02,1,608,0,0.0,0,310.0,-1,-1,0,210,0,250,4,21,83,224,0,0,0,0,53,70,80,224,224,0,0,0,0,136,103,200,136,0,0,0,0,0,6,8,164,148,182,0,0,0,0,37,61,0,37,0,0,0,0,0,38,38,177,38,38,0,0,0,0,147,9,97,28,0,49,0,0,0,0,0,3,96,0,0,0,69,33,0,0,0,0,0,0,198,224,37,37,166,224,224,224,0,0,0,3,11,0,33,0,128,54,131,208,207,209,4,2,136,148,36,223,32,223,36,222,2,0,0,3,50,4,140,41,6,199,251,43,251,201,241,0,32,14,2,19,81,224,224,0,0,0,0,55,72,82,224,224,0,0,0,0,103,200,136,0,0,0,0,0,0,6,8,164,148,182,0,0,0,0,61,0,37,0,0,0,0,0,0,38,38,177,38,38,0,0,0,0,151,9,66,28,0,49,0,0,0,0,0,7,0,0,0,0,69,33,0,0,0,0,0,0,198,224,37,37,166,224,224,224,0,0,0,2,11,0,33,0,128,54,131,208,136,209,4,2,136,148,38,223,52,223,38,222,1,0,0,0,50,4,140,39,1,199,251,43,251,201,241
2026-08-03_14-39-02,1,609,0,0.0,0,310.0,-1,-1,0,32,14,2,19,81,224,224,0,0,0,0,55,72,82,224,224,0,0,0,0,103,200,136,0,0,0,0,0,0,6,8,164,148,182,0,0,0,0,61,0,37,0,0,0,0,0,0,38,38,177,38,38,0,0,0,0,151,9,66,28,0,49,0,0,0,0,0,7,0,0,0,0,69,33,0,0,0,0,0,0,198,224,37,37,166,224,224,224,0,0,0,2,11,0,33,0,128,54,131,208,136,209,4,2,136,148,38,223,52,223,38,222,1,0,0,0,50,4,140,39,1,199,251,43,251,201,241,0,0,236,0,17,79,224,224,0,0,0,0,57,74,84,224,224,0,0,0,0,103,200,136,0,0,0,0,0,0,6,8,164,148,182,0,0,0,0,61,0,37,0,0,0,0,0,0,38,38,177,38,38,0,0,0,0,155,9,35,28,0,49,0,0,0,0,0,3,0,0,0,0,69,33,0,0,0,0,0,0,198,224,37,37,166,224,224,224,0,0,0,2,11,0,33,0,128,54,192,208,136,209,0,2,0,164,39,223,51,223,39,222,51,222,8,0,50,4,0,240,1,0,55,247,250,201,241
2026-08-03_14-39-02,1,610,0,0.0,0,310.0,-1,-1,0,0,236,0,17,79,224,224,0,0,0,0,57,74,84,224,224,0,0,0,0,103,200,136,0,0,0,0,0,0,6,8,164,148,182,0,0,0,0,61,0,37,0,0,0,0,0,0,38,38,177,38,38,0,0,0,0,155,9,35,28,0,49,0,0,0,0,0,3,0,0,0,0,69,33,0,0,0,0,0,0,198,224,37,37,166,224,224,224,0,0,0,2,11,0,33,0,128,54,192,208,136,209,0,2,0,164,39,223,51,223,39,222,51,222,8,0,50,4,0,240,1,0,55,247,250,201,241,0,14,192,254,15,77,87,224,0,0,0,0,253,59,76,86,224,0,0,0,0,133,184,106,133,0,0,0,0,0,148,246,248,148,148,0,0,0,0,61,0,37,61,0,0,0,0,0,177,38,38,177,38,0,0,0,0,159,9,113,28,0,49,0,0,0,0,0,5,32,0,0,0,69,33,0,0,0,0,0,0,198,224,37,37,166,224,224,224,0,0,0,3,12,0,33,0,128,54,131,208,136,209,2,2,133,148,48,223,49,223,48,222,49,222,8,1,50,4,0,240,1,0,55,247,250,201,241
2026-08-03_14-39-02,1,611,0,0.0,0,310.0,-1,-1,0,14,192,254,15,77,87,224,0,0,0,0,253,59,76,86,224,0,0,0,0,133,184,106,133,0,0,0,0,0,148,246,248,148,148,0,0,0,0,61,0,37,61,0,0,0,0,0,177,38,38,177,38,0,0,0,0,159,9,113,28,0,49,0,0,0,0,0,5,32,0,0,0,69,33,0,0,0,0,0,0,198,224,37,37,166,224,224,224,0,0,0,3,12,0,33,0,128,54,131,208,136,209,2,2,133,148,48,223,49,223,48,222,49,222,8,1,50,4,0,240,1,0,55,247,250,201,241,0,236,2,13,75,85,224,224,0,0,0,0,255,61,78,88,224,0,0,0,0,184,106,133,0,0,0,0,0,0,148,246,248,148,148,0,0,0,0,0,37,61,0,0,0,0,0,0,177,38,38,177,38,0,0,0,0,163,9,82,28,0,49,0,0,0,0,0,1,32,0,0,0,69,33,0,0,0,0,0,0,198,224,37,37,166,224,224,224,0,0,0,2,12,0,33,0,128,54,131,208,11,209,2,2,133,148,50,223,48,223,50,222,48,222,8,1,50,4,0,240,1,0,55,247,250,201,241
2026-08-03_14-39-02,1,612,0,0.0,0,310.0,-1,-1,0,236,2,13,75,85,224,224,0,0,0,0,255,61,78,88,224,0,0,0,0,184,106,133,0,0,0,0,0,0,148,246,248,148,148,0,0,0,0,0,37,61,0,0,0,0,0,0,177,38,38,177,38,0,0,0,0,163,9,82,28,0,49,0,0,0,0,0,1,32,0,0,0,69,33,0,0,0,0,0,0,198,224,37,37,166,224,224,224,0,0,0,2,12,0,33,0,128,54,131,208,11,209,2,2,133,148,50,223,48,223,50,222,48,222,8,1,50,4,0,240,1,0,55,247,250,201,241,0,192,38,11,73,83,224,224,0,0,0,0,1,63,80,224,224,0,0,0,0,184,106,133,0,0,0,0,0,0,148,246,248,148,148,0,0,0,0,0,37,61,0,0,0,0,0,0,177,38,38,177,38,0,0,0,0,167,9,51,28,0,49,0,0,0,0,0,5,64,0,0,0,69,33,0,0,0,0,0,0,198,224,37,37,166,224,224,224,0,0,0,2,11,0,33,0,128,54,131,208,136,209,2,4,133,248,52,223,39,223,52,222,39,222,8,2,50,4,0,240,6,0,55,247,250,201,241
2026-08-03_14-39-02,1,613,1,0.0,0,310.0,-1,-1,0,192,38,11,73,83,224,224,0,0,0,0,1,63,80,224,224,0,0,0,0,184,106,133,0,0,0,0,0,0,148,246,248,148,148,0,0,0,0,0,37,61,0,0,0,0,0,0,177,38,38,177,38,0,0,0,0,167,9,51,28,0,49,0,0,0,0,0,5,64,0,0,0,69,33,0,0,0,0,0,0,198,224,37,37,166,224,224,224,0,0,0,2,11,0,33,0,128,54,131,208,136,209,2,4,133,248,52,223,39,223,52,222,39,222,8,2,50,4,0,240,6,0,55,247,250,201,241,0,2,104,9,71,81,224,224,0,0,0,0,3,65,82,224,224,0,0,0,0,184,106,133,0,0,0,0,0,0,148,246,248,148,148,0,0,0,0,0,37,61,0,0,0,0,0,0,177,38,38,177,38,0,0,0,0,171,9,17,28,0,49,0,0,0,0,0,11,80,0,16,0,69,33,0,0,0,0,0,0,198,224,37,165,166,224,36,224,0,140,0,2,11,0,33,0,65,55,192,208,136,209,0,4,0,248,0,223,37,223,0,222,37,222,8,2,53,8,0,240,6,0,55,247,250,136,241
2026-08-03_14-39-02,1,614,1,0.0,0,310.0,-1,-1,0,2,104,9,71,81,224,224,0,0,0,0,3,65,82,224,224,0,0,0,0,184,106,133,0,0,0,0,0,0,148,246,248,148,148,0,0,0,0,0,37,61,0,0,0,0,0,0,177,38,38,177,38,0,0,0,0,171,9,17,28,0,49,0,0,0,0,0,11,80,0,16,0,69,33,0,0,0,0,0,0,198,224,37,165,166,224,36,224,0,140,0,2,11,0,33,0,65,55,192,208,136,209,0,4,0,248,0,223,37,223,0,222,37,222,8,2,53,8,0,240,6,0,55,247,250,136,241,0,38,128,7,69,79,224,224,0,0,0,0,251,5,67,84,224,0,0,0,0,168,90,149,0,0,0,0,0,0,232,132,230,232,148,0,0,0,0,0,37,61,0,0,0,0,0,0,38,177,38,38,177,0,0,0,0,175,9,98,28,0,49,0,0,0,0,0,7,80,0,16,0,69,33,0,0,0,0,0,0,198,224,37,247,166,224,36,224,0,124,0,2,12,0,33,0,192,54,192,208,136,209,0,4,0,232,0,223,35,223,0,222,35,222,8,2,50,4,0,240,6,0,55,247,250,201,241
2026-08-03_14-39-02,1,615,0,0.0,0,310.0,-1,-1,0,38,128,7,69,79,224,224,0,0,0,0,251,5,67,84,224,0,0,0,0,168,90,149,0,0,0,0,0,0,232,132,230,232,148,0,0,0,0,0,37,61,0,0,0,0,0,0,38,177,38,38,177,0,0,0,0,175,9,98,28,0,49,0,0,0,0,0,7,80,0,16,0,69,33,0,0,0,0,0,0,198,224,37,247,166,224,36,224,0,124,0,2,12,0,33,0,192,54,192,208,136,209,0,4,0,232,0,223,35,223,0,222,35,222,8,2,50,4,0,240,6,0,55,247,250,201,241,0,104,13,5,67,77,224,224,0,0,0,0,253,7,69,86,224,0,0,0,0,168,90,149,0,0,0,0,0,0,232,132,230,232,148,0,0,0,0,0,37,61,0,0,0,0,0,0,38,177,38,38,177,0,0,0,0,179,9,67,28,0,49,0,0,0,0,0,3,80,0,0,0,69,33,0,0,0,0,0,0,198,224,37,73,166,224,36,224,0,108,0,2,12,0,33,0,66,55,192,208,136,209,0,4,0,232,0,223,33,223,0,222,33,222,8,2,53,8,0,240,6,0,55,247,250,136,241
2026-08-03_14-39-02,1,616,0,0.0,0,310.0,-1,-1,0,104,13,5,67,77,224,224,0,0,0,0,253,7,69,86,224,0,0,0,0,168,90,149,0,0,0,0,0,0,232,132,230,232,148,0,0,0,0,0,37,61,0,0,0,0,0,0,38,177,38,38,177,0,0,0,0,179,9,67,28,0,49,0,0,0,0,0,3,80,0,0,0,69,33,0,0,0,0,0,0,198,224,37,73,166,224,36,224,0,108,0,2,12,0,33,0,66,55,192,208,136,209,0,4,0,232,0,223,33,223,0,222,33,222,8,2,53,8,0,240,6,0,55,247,250,136,241,0,128,215,3,65,75,224,224,0,0,0,0,255,9,71,88,224,0,0,0,0,168,90,149,0,0,0,0,0,0,232,132,230,232,148,0,0,0,0,0,37,61,0,0,0,0,0,0,38,177,38,38,177,0,0,0,0,183,9,33,28,0,49,0,0,0,0,0,7,96,0,0,0,69,33,0,0,0,0,0,0,198,224,37,169,166,224,36,224,0,92,0,2,12,0,33,0,64,55,192,208,11,209,0,4,0,232,0,223,32,223,0,222,32,222,8,3,53,8,0,240,6,0,55,247,250,136,241
2026-08-03_14-39-02,1,617,0,0.0,0,310.0,-1,-1,0,128,215,3,65,75,224,224,0,0,0,0,255,9,71,88,224,0,0,0,0,168,90,149,0,0,0,0,0,0,232,132,230,232,148,0,0,0,0,0,37,61,0,0,0,0,0,0,38,177,38,38,177,0,0,0,0,183,9,33,28,0,49,0,0,0,0,0,7,96,0,0,0,69,33,0,0,0,0,0,0,198,224,37,169,166,224,36,224,0,92,0,2,12,0,33,0,64,55,192,208,11,209,0,4,0,232,0,223,32,223,0,222,32,222,8,3,53,8,0,240,6,0,55,247,250,136,241,0,13,112,1,63,73,224,224,0,0,0,0,1,11,73,224,224,0,0,0,0,152,74,165,0,0,0,0,0,0,216,102,214,232,148,0,0,0,0,0,37,61,0,0,0,0,0,0,38,177,38,38,177,0,0,0,0,187,9,114,28,0,49,0,0,0,0,0,3,96,0,0,0,69,33,0,0,0,0,0,0,198,224,37,251,166,224,36,224,0,76,0,2,11,0,33,0,128,54,192,208,207,209,0,4,0,232,0,223,32,223,0,222,32,222,8,3,50,4,0,240,6,0,55,247,250,201,241
2026-08-03_14-39-02,1,618,0,0.0,0,310.0,-1,-1,0,13,112,1,63,73,224,224,0,0,0,0,1,11,73,224,224,0,0,0,0,152,74,165,0,0,0,0,0,0,216,102,214,232,148,0,0,0,0,0,37,61,0,0,0,0,0,0,38,177,38,38,177,0,0,0,0,187,9,114,28,0,49,0,0,0,0,0,3,96,0,0,0,69,33,0,0,0,0,0,0,198,224,37,251,166,224,36,224,0,76,0,2,11,0,33,0,128,54,192,208,207,209,0,4,0,232,0,223,32,223,0,222,32,222,8,3,50,4,0,240,6,0,55,247,250,201,241,0,215,2,255,61,71,88,224,0,0,0,0,3,13,75,224,224,0,0,0,0,152,74,165,152,0,0,0,0,0,216,102,214,232,148,0,0,0,0,0,37,61,0,0,0,0,0,0,38,177,38,38,177,0,0,0,0,191,9,83,28,0,49,0,0,0,0,0,7,0,0,0,0,69,33,0,0,0,0,0,0,198,224,37,77,166,224,36,224,0,60,0,3,11,0,33,0,65,55,14,208,207,209,4,4,152,232,0,223,32,223,0,222,32,222,8,0,53,8,0,240,6,0,55,247,250,136,241
2026-08-03_14-39-02,1,619,0,0.0,0,310.0,-1,-1,0,215,2,255,61,71,88,224,0,0,0,0,3,13,75,224,224,0,0,0,0,152,74,165,152,0,0,0,0,0,216,102,214,232,148,0,0,0,0,0,37,61,0,0,0,0,0,0,38,177,38,38,177,0,0,0,0,191,9,83,28,0,49,0,0,0,0,0,7,0,0,0,0,69,33,0,0,0,0,0,0,198,224,37,77,166,224,36,224,0,60,0,3,11,0,33,0,65,55,14,208,207,209,4,4,152,232,0,223,32,223,0,222,32,222,8,0,53,8,0,240,6,0,55,247,250,136,241,0,112,47,253,59,69,86,224,0,0,0,0,5,15,77,224,224,0,0,0,0,152,74,165,152,0,0,0,0,0,216,102,214,232,148,0,0,0,0,0,37,61,0,0,0,0,0,0,38,177,38,38,177,0,0,0,0,195,9,49,28,0,49,0,0,0,0,0,3,0,0,0,0,69,33,0,0,0,0,0,0,198,224,37,173,166,224,36,224,0,44,0,3,11,0,33,0,192,54,131,208,207,209,4,4,152,232,1,223,32,223,1,222,32,222,13,0,50,4,0,240,6,0,55,247,250,201,241
2026-08-03_14-39-02,1,620,0,0.0,0,310.0,-1,-1,0,112,47,253,59,69,86,224,0,0,0,0,5,15,77,224,224,0,0,0,0,152,74,165,152,0,0,0,0,0,216,102,214,232,148,0,0,0,0,0,37,61,0,0,0,0,0,0,38,177,38,38,177,0,0,0,0,195,9,49,28,0,49,0,0,0,0,0,3,0,0,0,0,69,33,0,0,0,0,0,0,198,224,37,173,166,224,36,224,0,44,0,3,11,0,33,0,192,54,131,208,207,209,4,4,152,232,1,223,32,223,1,222,32,222,13,0,50,4,0,240,6,0,55,247,250,201,241,0,2,242,251,57,67,84,224,0,0,0,0,7,17,79,224,224,0,0,0,0,152,74,165,152,0,0,0,0,0,216,102,214,232,148,0,0,0,0,0,37,61,0,0,0,0,0,0,38,177,38,38,177,0,0,0,0,199,9,18,28,0,49,0,0,0,0,0,5,32,0,0,0,69,33,0,0,0,0,0,0,198,224,37,194,166,224,36,224,0,28,0,3,11,0,33,0,66,55,131,208,136,209,4,4,152,232,3,223,39,223,3,222,39,222,29,1,53,8,0,240,6,0,55,247,250,136,241
2026-08-03_14-39-02,1,621,0,0.0,0,310.0,-1,-1,0,2,242,251,57,67,84,224,0,0,0,0,7,17,79,224,224,0,0,0,0,152,74,165,152,0,0,0,0,0,216,102,214,232,148,0,0,0,0,0,37,61,0,0,0,0,0,0,38,177,38,38,177,0,0,0,0,199,9,18,28,0,49,0,0,0,0,0,5,32,0,0,0,69,33,0,0,0,0,0,0,198,224,37,194,166,224,36,224,0,28,0,3,11,0,33,0,66,55,131,208,136,209,4,4,152,232,3,223,39,223,3,222,39,222,29,1,53,8,0,240,6,0,55,247,250,136,241,0,47,32,249,55,65,82,224,0,0,0,0,9,19,81,224,224,0,0,0,0,136,58,181,136,0,0,0,0,0,200,86,198,232,148,0,0,0,0,0,37,61,0,0,0,0,0,0,38,177,38,38,177,0,0,0,0,203,9,99,28,0,49,0,0,0,0,0,1,32,0,0,0,69,33,0,0,0,0,0,0,198,224,37,37,166,224,224,224,0,0,0,3,11,0,33,0,128,54,131,208,136,209,4,3,136,198,5,223,38,223,5,222,10,3,3,1,50,4,86,39,6,0,55,123,251,201,241
2026-08-03_14-39-02,1,622,0,0.0,0,310.0,-1,-1,0,47,32,249,55,65,82,224,0,0,0,0,9,19,81,224,224,0,0,0,0,136,58,181,136,0,0,0,0,0,200,86,198,232,148,0,0,0,0,0,37,61,0,0,0,0,0,0,38,177,38,38,177,0,0,0,0,203,9,99,28,0,49,0,0,0,0,0,1,32,0,0,0,69,33,0,0,0,0,0,0,198,224,37,37,166,224,224,224,0,0,0,3,11,0,33,0,128,54,131,208,136,209,4,3,136,198,5,223,38,223,5,222,10,3,3,1,50,4,86,39,6,0,55,123,251,201,241,0,242,14,247,53,63,80,224,0,0,0,0,250,11,21,83,224,0,0,0,0,136,58,181,136,0,0,0,0,0,198,200,86,198,232,0,0,0,0,0,37,61,0,0,0,0,0,0,38,38,177,38,38,0,0,0,0,207,9,65,28,0,49,0,0,0,0,0,5,64,0,0,0,69,33,0,0,0,0,0,0,198,224,37,37,166,224,224,224,0,0,0,3,12,0,33,0,128,54,131,208,136,209,4,3,136,198,7,223,36,223,7,222,11,3,3,2,50,4,86,41,6,0,55,123,251,201,241
2026-08-03_14-39-02,1,623,0,0.0,0,310.0,-1,-1,0,242,14,247,53,63,80,224,0,0,0,0,250,11,21,83,224,0,0,0,0,136,58,181,136,0,0,0,0,0,198,200,86,198,232,0,0,0,0,0,37,61,0,0,0,0,0,0,38,38,177,38,38,0,0,0,0,207,9,65,28,0,49,0,0,0,0,0,5,64,0,0,0,69,33,0,0,0,0,0,0,198,224,37,37,166,224,224,224,0,0,0,3,12,0,33,0,128,54,131,208,136,209,4,3,136,198,7,223,36,223,7,222,11,3,3,2,50,4,86,41,6,0,55,123,251,201,241,0,32,226,245,51,61,78,224,0,0,0,0,252,13,23,85,224,0,0,0,0,136,58,181,136,0,0,0,0,0,198,200,86,198,232,0,0,0,0,0,37,61,0,0,0,0,0,0,38,38,177,38,38,0,0,0,0,211,9,34,28,0,49,0,0,0,0,0,1,64,0,0,0,69,33,0,0,0,0,0,0,198,224,37,37,166,224,224,224,0,0,0,3,12,0,33,0,128,54,131,208,136,209,4,3,136,198,9,223,34,223,9,222,11,3,3,2,50,4,86,43,6,0,55,123,251,201,241
2026-08-03_14-39-02,1,624,0,0.0,0,310.0,-1,-1,0,32,226,245,51,61,78,224,0,0,0,0,252,13,23,85,224,0,0,0,0,136,58,181,136,0,0,0,0,0,198,200,86,198,232,0,0,0,0,0,37,61,0,0,0,0,0,0,38,38,177,38,38,0,0,0,0,211,9,34,28,0,49,0,0,0,0,0,1,64,0,0,0,69,33,0,0,0,0,0,0,198,224,37,37,166,224,224,224,0,0,0,3,12,0,33,0,128,54,131,208,136,209,4,3,136,198,9,223,34,223,9,222,11,3,3,2,50,4,86,43,6,0,55,123,251,201,241,0,14,44,243,49,59,76,224,0,0,0,0,254,15,25,87,224,0,0,0,0,106,42,197,106,0,0,0,0,0,182,184,70,182,232,0,0,0,0,0,37,61,0,0,0,0,0,0,38,38,177,38,38,0,0,0,0,215,9,115,28,0,49,0,0,0,0,0,3,96,0,0,0,69,33,0,0,0,0,0,0,198,224,37,37,166,224,224,224,0,0,0,3,12,0,33,0,128,54,131,208,11,209,5,3,106,182,11,223,32,223,11,222,11,3,3,3,50,4,70,45,6,0,55,123,251,201,241
2026-08-03_14-39-02,1,625,0,0.0,0,310.0,-1,-1,0,14,44,243,49,59,76,224,0,0,0,0,254,15,25,87,224,0,0,0,0,106,42,197,106,0,0,0,0,0,182,184,70,182,232,0,0,0,0,0,37,61,0,0,0,0,0,0,38,38,177,38,38,0,0,0,0,215,9,115,28,0,49,0,0,0,0,0,3,96,0,0,0,69,33,0,0,0,0,0,0,198,224,37,37,166,224,224,224,0,0,0,3,12,0,33,0,128,54,131,208,11,209,5,3,106,182,11,223,32,223,11,222,11,3,3,3,50,4,70,45,6,0,55,123,251,201,241,0,226,194,47,57,74,224,224,0,0,0,0,0,17,27,224,224,0,0,0,0,42,197,106,0,0,0,0,0,0,182,184,70,182,232,0,0,0,0,37,61,0,0,0,0,0,0,0,38,38,177,38,38,0,0,0,0,219,9,81,28,0,49,0,0,0,0,0,7,0,0,0,0,69,33,0,0,0,0,0,0,198,224,37,37,166,224,224,224,0,0,0,2,11,0,33,0,128,54,131,208,207,209,5,3,106,182,13,223,32,223,13,222,11,3,3,0,50,4,117,47,6,199,251,123,251,201,241
2026-08-03_14-39-02,1,626,0,0.0,0,310.0,-1,-1,0,226,194,47,57,74,224,224,0,0,0,0,0,17,27,224,224,0,0,0,0,42,197,106,0,0,0,0,0,0,182,184,70,182,232,0,0,0,0,37,61,0,0,0,0,0,0,0,38,38,177,38,38,0,0,0,0,219,9,81,28,0,49,0,0,0,0,0,7,0,0,0,0,69,33,0,0,0,0,0,0,198,224,37,37,166,224,224,224,0,0,0,2,11,0,33,0,128,54,131,208,207,209,5,3,106,182,13,223,32,223,13,222,11,3,3,0,50,4,117,47,6,199,251,123,251,201,241,0,44,36,45,55,72,224,224,0,0,0,0,2,19,29,224,224,0,0,0,0,42,197,106,0,0,0,0,0,0,182,184,70,182,232,0,0,0,0,37,61,0,0,0,0,0,0,0,38,38,177,38,38,0,0,0,0,223,9,50,28,0,49,0,0,0,0,0,3,0,0,0,0,69,33,0,0,0,0,0,0,198,224,37,37,166,224,224,224,0,0,0,2,11,0,33,0,128,54,131,208,207,209,5,3,106,182,15,223,32,223,15,222,11,3,3,0,50,4,117,49,6,199,251,123,251,201,241
2026-08-03_14-39-02,1,627,1,0.0,0,310.0,-1,-1,0,44,36,45,55,72,224,224,0,0,0,0,2,19,29,224,224,0,0,0,0,42,197,106,0,0,0,0,0,0,182,184,70,182,232,0,0,0,0,37,61,0,0,0,0,0,0,0,38,38,177,38,38,0,0,0,0,223,9,50,28,0,49,0,0,0,0,0,3,0,0,0,0,69,33,0,0,0,0,0,0,198,224,37,37,166,224,224,224,0,0,0,2,11,0,33,0,128,54,131,208,207,209,5,3,106,182,15,223,32,223,15,222,11,3,3,0,50,4,117,49,6,199,251,123,251,201,241,0,194,78,43,53,70,224,224,0,0,0,0,4,21,31,224,224,0,0,0,0,42,197,106,0,0,0,0,0,0,182,184,70,182,232,0,0,0,0,37,61,0,0,0,0,0,0,0,38,38,177,38,38,0,0,0,0,227,9,19,28,0,49,0,0,0,0,0,11,16,0,16,0,69,33,0,0,0,0,0,0,198,224,37,165,166,224,36,224,0,140,0,2,11,0,33,0,65,55,192,208,207,209,0,3,0,182,0,223,32,223,0,222,11,3,3,0,53,8,117,51,6,199,251,123,251,136,241
2026-08-03_14-39-02,1,628,1,0.0,0,310.0,-1,-1,0,194,78,43,53,70,224,224,0,0,0,0,4,21,31,224,224,0,0,0,0,42,197,106,0,0,0,0,0,0,182,184,70,182,232,0,0,0,0,37,61,0,0,0,0,0,0,0,38,38,177,38,38,0,0,0,0,227,9,19,28,0,49,0,0,0,0,0,11,16,0,16,0,69,33,0,0,0,0,0,0,198,224,37,165,166,224,36,224,0,140,0,2,11,0,33,0,65,55,192,208,207,209,0,3,0,182,0,223,32,223,0,222,11,3,3,0,53,8,117,51,6,199,251,123,251,136,241,0,36,232,41,51,68,224,224,0,0,0,0,6,23,33,224,224,0,0,0,0,26,213,90,0,0,0,0,0,0,166,168,54,182,232,0,0,0,0,37,61,0,0,0,0,0,0,0,38,38,177,38,38,0,0,0,0,231,9,97,28,0,49,0,0,0,0,0,7,16,0,16,0,69,33,0,0,0,0,0,0,198,224,37,247,166,224,36,224,0,124,0,2,11,0,33,0,192,54,192,208,207,209,0,3,0,182,0,223,32,223,0,222,11,3,3,0,50,4,118,53,6,199,251,123,251,201,241
2026-08-03_14-39-02,1,629,1,0.0,0,310.0,-1,-1,0,36,232,41,51,68,224,224,0,0,0,0,6,23,33,224,224,0,0,0,0,26,213,90,0,0,0,0,0,0,166,168,54,182,232,0,0,0,0,37,61,0,0,0,0,0,0,0,38,38,177,38,38,0,0,0,0,231,9,97,28,0,49,0,0,0,0,0,7,16,0,16,0,69,33,0,0,0,0,0,0,198,224,37,247,166,224,36,224,0,124,0,2,11,0,33,0,192,54,192,208,207,209,0,3,0,182,0,223,32,223,0,222,11,3,3,0,50,4,118,53,6,199,251,123,251,201,241,0,78,141,39,49,66,224,224,0,0,0,0,8,25,35,224,224,0,0,0,0,26,213,90,0,0,0,0,0,0,166,168,54,182,232,0,0,0,0,37,61,0,0,0,0,0,0,0,38,38,177,38,38,0,0,0,0,235,9,66,28,0,49,0,0,0,0,0,3,16,0,0,0,69,33,0,0,0,0,0,0,198,224,37,73,166,224,36,224,0,108,0,2,11,0,33,0,66,55,192,208,207,209,0,3,0,182,0,223,32,223,0,222,11,3,3,0,53,8,118,55,6,199,251,123,251,136,241
2026-08-03_14-39-02,1,630,0,0.0,0,310.0,-1,-1,0,78,141,39,49,66,224,224,0,0,0,0,8,25,35,224,224,0,0,0,0,26,213,90,0,0,0,0,0,0,166,168,54,182,232,0,0,0,0,37,61,0,0,0,0,0,0,0,38,38,177,38,38,0,0,0,0,235,9,66,28,0,49,0,0,0,0,0,3,16,0,0,0,69,33,0,0,0,0,0,0,198,224,37,73,166,224,36,224,0,108,0,2,11,0,33,0,66,55,192,208,207,209,0,3,0,182,0,223,32,223,0,222,11,3,3,0,53,8,118,55,6,199,251,123,251,136,241,0,232,218,37,47,64,224,224,0,0,0,0,10,27,37,224,224,0,0,0,0,26,213,90,0,0,0,0,0,0,166,168,54,182,232,0,0,0,0,37,61,0,0,0,0,0,0,0,38,38,177,38,38,0,0,0,0,239,9,35,28,0,49,0,0,0,0,0,7,96,0,0,0,69,33,0,0,0,0,0,0,198,224,37,169,166,224,36,224,0,92,0,2,11,0,33,0,64,55,192,208,207,209,0,3,0,182,0,223,32,223,0,222,11,3,3,3,53,8,54,57,6,199,251,123,251,136,241
2026-08-03_14-39-02,1,631,0,0.0,0,310.0,-1,-1,0,232,218,37,47,64,224,224,0,0,0,0,10,27,37,224,224,0,0,0,0,26,213,90,0,0,0,0,0,0,166,168,54,182,232,0,0,0,0,37,61,0,0,0,0,0,0,0,38,38,177,38,38,0,0,0,0,239,9,35,28,0,49,0,0,0,0,0,7,96,0,0,0,69,33,0,0,0,0,0,0,198,224,37,169,166,224,36,224,0,92,0,2,11,0,33,0,64,55,192,208,207,209,0,3,0,182,0,223,32,223,0,222,11,3,3,3,53,8,54,57,6,199,251,123,251,136,241,0,141,167,35,45,62,224,224,0,0,0,0,12,29,39,224,224,0,0,0,0,10,229,74,0,0,0,0,0,0,150,152,38,182,232,0,0,0,0,37,61,0,0,0,0,0,0,0,38,38,177,38,38,0,0,0,0,243,9,113,28,0,49,0,0,0,0,0,3,96,0,0,0,69,33,0,0,0,0,0,0,198,224,37,251,166,224,36,224,0,76,0,2,11,0,33,0,128,54,192,208,207,209,0,3,0,182,0,223,32,223,0,222,10,2,2,3,50,4,143,49,6,199,251,123,251,201,241
2026-08-03_14-39-02,1,632,0,0.0,0,310.0,-1,-1,0,141,167,35,45,62,224,224,0,0,0,0,12,29,39,224,224,0,0,0,0,10,229,74,0,0,0,0,0,0,150,152,38,182,232,0,0,0,0,37,61,0,0,0,0,0,0,0,38,38,177,38,38,0,0,0,0,243,9,113,28,0,49,0,0,0,0,0,3,96,0,0,0,69,33,0,0,0,0,0,0,198,224,37,251,166,224,36,224,0,76,0,2,11,0,33,0,128,54,192,208,207,209,0,3,0,182,0,223,32,223,0,222,10,2,2,3,50,4,143,49,6,199,251,123,251,201,241,0,218,114,33,43,60,224,224,0,0,0,0,14,31,41,224,224,0,0,0,0,10,229,74,0,0,0,0,0,0,150,152,38,182,232,0,0,0,0,37,61,0,0,0,0,0,0,0,38,38,177,38,38,0,0,0,0,247,9,82,28,0,49,0,0,0,0,0,7,0,0,0,0,69,33,0,0,0,0,0,0,198,224,37,77,166,224,36,224,0,60,0,2,11,0,33,0,65,55,192,208,207,209,0,3,0,182,0,223,32,223,0,222,10,2,2,0,53,8,143,51,6,199,251,123,251,136,241
2026-08-03_14-39-02,1,633,0,0.0,0,310.0,-1,-1,0,218,114,33,43,60,224,224,0,0,0,0,14,31,41,224,224,0,0,0,0,10,229,74,0,0,0,0,0,0,150,152,38,182,232,0,0,0,0,37,61,0,0,0,0,0,0,0,38,38,177,38,38,0,0,0,0,247,9,82,28,0,49,0,0,0,0,0,7,0,0,0,0,69,33,0,0,0,0,0,0,198,224,37,77,166,224,36,224,0,60,0,2,11,0,33,0,65,55,192,208,207,209,0,3,0,182,0,223,32,223,0,222,10,2,2,0,53,8,143,51,6,199,251,123,251,136,241,0,167,45,31,41,58,224,224,0,0,0,0,16,33,43,224,224,0,0,0,0,10,229,74,0,0,0,0,0,0,150,152,38,182,232,0,0,0,0,37,61,0,0,0,0,0,0,0,38,38,177,38,38,0,0,0,0,251,9,51,28,0,49,0,0,0,0,0,3,0,0,0,0,69,33,0,0,0,0,0,0,198,224,37,173,166,224,36,224,0,44,0,2,11,0,33,0,192,54,192,208,207,209,0,3,0,182,0,223,32,223,0,222,10,2,2,0,50,4,143,53,6,199,251,123,251,201,241
2026-08-03_14-39-02,1,634,0,0.0,0,310.0,-1,-1,0,167,45,31,41,58,224,224,0,0,0,0,16,33,43,224,224,0,0,0,0,10,229,74,0,0,0,0,0,0,150,152,38,182,232,0,0,0,0,37,61,0,0,0,0,0,0,0,38,38,177,38,38,0,0,0,0,251,9,51,28,0,49,0,0,0,0,0,3,0,0,0,0,69,33,0,0,0,0,0,0,198,224,37,173,166,224,36,224,0,44,0,2,11,0,33,0,192,54,192,208,207,209,0,3,0,182,0,223,32,223,0,222,10,2,2,0,50,4,143,53,6,199,251,123,251,201,241,0,114,221,29,39,56,224,224,0,0,0,0,18,35,45,224,224,0,0,0,0,10,229,74,0,0,0,0,0,0,150,152,38,182,232,0,0,0,0,37,61,0,0,0,0,0,0,0,38,38,177,38,38,0,0,0,0,255,9,17,28,0,49,0,0,0,0,0,5,32,0,0,0,69,33,0,0,0,0,0,0,198,224,37,194,166,224,36,224,0,28,0,2,11,0,33,0,66,55,192,208,207,209,0,3,0,182,0,223,32,223,0,222,10,2,2,1,53,8,143,55,6,199,251,123,251,136,241
2026-08-03_14-39-02,1,635,0,0.0,0,310.0,-1,-1,0,114,221,29,39,56,224,224,0,0,0,0,18,35,45,224,224,0,0,0,0,10,229,74,0,0,0,0,0,0,150,152,38,182,232,0,0,0,0,37,61,0,0,0,0,0,0,0,38,38,177,38,38,0,0,0,0,255,9,17,28,0,49,0,0,0,0,0,5,32,0,0,0,69,33,0,0,0,0,0,0,198,224,37,194,166,224,36,224,0,28,0,2,11,0,33,0,66,55,192,208,207,209,0,3,0,182,0,223,32,223,0,222,10,2,2,1,53,8,143,55,6,199,251,123,251,136,241,0,45,210,27,37,54,224,224,0,0,0,0,20,37,47,224,224,0,0,0,0,250,245,58,0,0,0,0,0,0,134,136,22,182,232,0,0,0,0,37,61,0,0,0,0,0,0,0,38,38,177,38,38,0,0,0,0,3,10,98,28,0,49,0,0,0,0,0,1,32,0,0,0,69,33,0,0,0,0,0,0,198,224,37,37,166,224,224,224,0,0,0,2,11,0,33,0,128,54,192,208,207,209,0,3,0,182,0,223,32,223,0,222,9,2,2,1,50,4,134,40,6,199,251,123,251,201,241
2026-08-03_14-39-02,1,636,0,100.0,0,410.0,-1,-1,0,45,210,27,37,54,224,224,0,0,0,0,20,37,47,224,224,0,0,0,0,250,245,58,0,0,0,0,0,0,134,136,22,182,232,0,0,0,0,37,61,0,0,0,0,0,0,0,38,38,177,38,38,0,0,0,0,3,10,98,28,0,49,0,0,0,0,0,1,32,0,0,0,69,33,0,0,0,0,0,0,198,224,37,37,166,224,224,224,0,0,0,2,11,0,33,0,128,54,192,208,207,209,0,3,0,182,0,223,32,223,0,222,9,2,2,1,50,4,134,40,6,199,251,123,251,201,241,0,221,46,25,35,52,224,224,0,0,0,0,22,39,49,224,224,0,0,0,0,250,245,58,0,0,0,0,0,0,134,136,22,182,232,0,0,0,0,37,125,0,0,0,0,0,0,0,38,38,177,38,38,0,0,0,0,7,10,67,28,0,65,0,0,0,125,15,5,65,0,0,2,69,33,0,0,0,0,0,0,198,224,37,37,166,224,224,224,0,0,0,2,11,128,33,0,128,54,192,208,207,209,0,3,0,182,0,223,32,223,0,222,1,3,3,18,50,4,20,55,6,199,251,43,251,201,241
2026-08-03_14-39-02,1,637,0,0.0,0,410.0,-1,-1,0,221,46,25,35,52,224,224,0,0,0,0,22,39,49,224,224,0,0,0,0,250,245,58,0,0,0,0,0,0,134,136,22,182,232,0,0,0,0,37,125,0,0,0,0,0,0,0,38,38,177,38,38,0,0,0,0,7,10,67,28,0,65,0,0,0,125,15,5,65,0,0,2,69,33,0,0,0,0,0,0,198,224,37,37,166,224,224,224,0,0,0,2,11,128,33,0,128,54,192,208,207,209,0,3,0,182,0,223,32,223,0,222,1,3,3,18,50,4,20,55,6,199,251,43,251,201,241,0,210,236,23,50,224,224,224,0,0,0,0,24,41,51,224,224,0,0,0,0,250,58,0,0,0,0,0,0,0,134,136,22,182,232,0,0,0,0,37,0,0,0,0,0,0,0,0,38,38,177,38,38,0,0,0,0,11,10,33,28,0,65,0,0,0,0,13,1,65,0,0,2,69,33,0,0,0,0,0,0,198,224,37,37,166,224,224,224,0,0,0,1,11,130,33,0,192,54,192,208,207,209,0,3,0,182,0,223,32,223,0,222,32,222,13,18,221,118,0,240,6,0,55,0,1,238,52
2026-08-03_14-39-02,1,638,0,0.0,0,410.0,-1,-1,0,210,236,23,50,224,224,224,0,0,0,0,24,41,51,224,224,0,0,0,0,250,58,0,0,0,0,0,0,0,134,136,22,182,232,0,0,0,0,37,0,0,0,0,0,0,0,0,38,38,177,38,38,0,0,0,0,11,10,33,28,0,65,0,0,0,0,13,1,65,0,0,2,69,33,0,0,0,0,0,0,198,224,37,37,166,224,224,224,0,0,0,1,11,130,33,0,192,54,192,208,207,209,0,3,0,182,0,223,32,223,0,222,32,222,13,18,221,118,0,240,6,0,55,0,1,238,52,0,46,206,21,48,224,224,224,0,0,0,0,26,43,53,224,224,0,0,0,0,234,42,0,0,0,0,0,0,0,104,106,6,182,232,0,0,0,0,37,0,0,0,0,0,0,0,0,38,38,177,38,38,0,0,0,0,15,10,114,28,0,65,0,0,0,0,11,3,97,0,0,2,69,33,0,0,0,0,0,0,198,224,37,37,166,224,224,224,0,0,0,1,11,132,33,0,192,54,192,208,207,209,0,3,0,182,0,223,32,223,0,222,32,222,13,19,221,118,0,240,6,0,55,0,1,238,52
2026-08-03_14-39-02,1,639,0,0.0,0,410.0,-1,-1,0,46,206,21,48,224,224,224,0,0,0,0,26,43,53,224,224,0,0,0,0,234,42,0,0,0,0,0,0,0,104,106,6,182,232,0,0,0,0,37,0,0,0,0,0,0,0,0,38,38,177,38,38,0,0,0,0,15,10,114,28,0,65,0,0,0,0,11,3,97,0,0,2,69,33,0,0,0,0,0,0,198,224,37,37,166,224,224,224,0,0,0,1,11,132,33,0,192,54,192,208,207,209,0,3,0,182,0,223,32,223,0,222,32,222,13,19,221,118,0,240,6,0,55,0,1,238,52,0,236,238,19,46,224,224,224,0,0,0,0,28,45,55,224,224,0,0,0,0,234,42,0,0,0,0,0,0,0,104,106,6,182,232,0,0,0,0,37,0,0,0,0,0,0,0,0,38,38,177,38,38,0,0,0,0,19,10,83,0,0,65,0,0,0,0,9,7,1,0,0,2,29,224,0,0,0,0,0,0,198,224,253,253,166,224,224,224,0,0,0,1,11,63,41,0,192,54,192,208,207,209,0,3,0,182,0,223,32,223,0,222,32,222,13,16,221,118,0,240,6,0,50,0,1,238,52
2026-08-03_14-39-02,1,640,0,0.0,0,410.0,-1,-1,0,236,238,19,46,224,224,224,0,0,0,0,28,45,55,224,224,0,0,0,0,234,42,0,0,0,0,0,0,0,104,106,6,182,232,0,0,0,0,37,0,0,0,0,0,0,0,0,38,38,177,38,38,0,0,0,0,19,10,83,0,0,65,0,0,0,0,9,7,1,0,0,2,29,224,0,0,0,0,0,0,198,224,253,253,166,224,224,224,0,0,0,1,11,63,41,0,192,54,192,208,207,209,0,3,0,182,0,223,32,223,0,222,32,222,13,16,221,118,0,240,6,0,50,0,1,238,52,0,206,230,17,44,224,224,224,0,0,0,0,30,47,57,224,224,0,0,0,0,234,42,0,0,0,0,0,0,0,104,106,6,182,232,0,0,0,0,37,0,0,0,0,0,0,0,0,38,38,177,38,38,0,0,0,0,3,1,49,0,0,65,0,0,0,0,9,7,1,0,0,3,29,224,0,0,0,0,0,0,198,224,253,253,166,224,224,224,0,0,0,1,11,63,41,16,192,54,192,208,207,209,0,3,0,182,0,223,32,223,0,222,32,222,8,255,221,118,0,240,6,0,55,0,1,238,52
2026-08-03_14-39-02,1,641,0,0.0,0,410.0,-1,-1,0,206,230,17,44,224,224,224,0,0,0,0,30,47,57,224,224,0,0,0,0,234,42,0,0,0,0,0,0,0,104,106,6,182,232,0,0,0,0,37,0,0,0,0,0,0,0,0,38,38,177,38,38,0,0,0,0,3,1,49,0,0,65,0,0,0,0,9,7,1,0,0,3,29,224,0,0,0,0,0,0,198,224,253,253,166,224,224,224,0,0,0,1,11,63,41,16,192,54,192,208,207,209,0,3,0,182,0,223,32,223,0,222,32,222,8,255,221,118,0,240,6,0,55,0,1,238,52,0,238,106,15,42,224,224,224,0,0,0,0,32,49,59,224,224,0,0,0,0,234,42,0,0,0,0,0,0,0,104,106,6,182,232,0,0,0,0,37,0,0,0,0,0,0,0,0,38,38,177,38,38,0,0,0,0,7,1,18,0,0,65,0,0,0,0,9,7,1,0,0,3,29,224,0,0,0,0,0,0,198,224,253,253,166,224,224,224,0,0,0,1,11,63,41,16,192,54,192,208,207,209,0,3,0,182,0,223,32,223,0,222,32,222,8,255,221,118,0,240,6,0,55,0,1,238,52
2026-08-03_14-39-02,1,642,0,0.0,0,410.0,-1,-1,0,238,106,15,42,224,224,224,0,0,0,0,32,49,59,224,224,0,0,0,0,234,42,0,0,0,0,0,0,0,104,106,6,182,232,0,0,0,0,37,0,0,0,0,0,0,0,0,38,38,177,38,38,0,0,0,0,7,1,18,0,0,65,0,0,0,0,9,7,1,0,0,3,29,224,0,0,0,0,0,0,198,224,253,253,166,224,224,224,0,0,0,1,11,63,41,16,192,54,192,208,207,209,0,3,0,182,0,223,32,223,0,222,32,222,8,255,221,118,0,240,6,0,55,0,1,238,52,0,230,166,13,40,224,224,224,0,0,0,0,34,51,61,224,224,0,0,0,0,218,26,0,0,0,0,0,0,0,88,90,246,182,232,0,0,0,0,37,0,0,0,0,0,0,0,0,38,38,177,38,38,0,0,0,0,11,1,99,0,0,65,0,0,0,0,9,7,1,0,0,3,29,224,0,0,0,0,0,0,198,224,253,253,166,224,224,224,0,0,0,1,11,63,41,16,192,54,192,208,207,209,0,3,0,182,0,223,32,223,0,222,32,222,8,255,221,118,0,240,6,0,55,0,1,238,52
2026-08-03_14-39-02,1,643,0,0.0,0,410.0,-1,-1,0,230,166,13,40,224,224,224,0,0,0,0,34,51,61,224,224,0,0,0,0,218,26,0,0,0,0,0,0,0,88,90,246,182,232,0,0,0,0,37,0,0,0,0,0,0,0,0,38,38,177,38,38,0,0,0,0,11,1,99,0,0,65,0,0,0,0,9,7,1,0,0,3,29,224,0,0,0,0,0,0,198,224,253,253,166,224,224,224,0,0,0,1,11,63,41,16,192,54,192,208,207,209,0,3,0,182,0,223,32,223,0,222,32,222,8,255,221,118,0,240,6,0,55,0,1,238,52,0,106,101,11,38,224,224,224,0,0,0,0,36,53,63,224,224,0,0,0,0,218,26,0,0,0,0,0,0,0,88,90,246,182,232,0,0,0,0,37,0,0,0,0,0,0,0,0,38,38,177,38,38,0,0,0,0,15,1,65,0,0,65,0,0,0,0,9,7,1,0,0,3,29,224,0,0,0,0,0,0,198,224,253,253,166,224,224,224,0,0,0,1,11,63,41,16,192,54,192,208,207,209,0,3,0,182,0,223,32,223,0,222,32,222,8,255,221,118,0,240,6,0,55,0,1,238,52
2026-08-03_14-39-02,1,644,0,0.0,0,410.0,-1,-1,0,106,101,11,38,224,224,224,0,0,0,0,36,53,63,224,224,0,0,0,0,218,26,0,0,0,0,0,0,0,88,90,246,182,232,0,0,0,0,37,0,0,0,0,0,0,0,0,38,38,177,38,38,0,0,0,0,15,1,65,0,0,65,0,0,0,0,9,7,1,0,0,3,29,224,0,0,0,0,0,0,198,224,253,253,166,224,224,224,0,0,0,1,11,63,41,16,192,54,192,208,207,209,0,3,0,182,0,223,32,223,0,222,32,222,8,255,221,118,0,240,6,0,55,0,1,238,52,0,166,87,9,36,224,224,224,0,0,0,0,38,55,65,224,224,0,0,0,0,218,26,0,0,0,0,0,0,0,88,90,246,182,232,0,0,0,0,37,0,0,0,0,0,0,0,0,38,38,177,38,38,0,0,0,0,19,1,34,0,0,65,0,0,0,0,9,7,1,0,0,3,29,224,0,0,0,0,0,0,198,224,253,253,166,224,224,224,0,0,0,1,11,63,41,16,192,54,192,208,207,209,0,3,0,182,0,223,32,223,0,222,32,222,8,255,221,118,0,240,6,0,55,0,1,238,52
2026-08-03_14-39-02,1,645,0,0.0,0,410.0,-1,-1,0,166,87,9,36,224,224,224,0,0,0,0,38,55,65,224,224,0,0,0,0,218,26,0,0,0,0,0,0,0,88,90,246,182,232,0,0,0,0,37,0,0,0,0,0,0,0,0,38,38,177,38,38,0,0,0,0,19,1,34,0,0,65,0,0,0,0,9,7,1,0,0,3,29,224,0,0,0,0,0,0,198,224,253,253,166,224,224,224,0,0,0,1,11,63,41,16,192,54,192,208,207,209,0,3,0,182,0,223,32,223,0,222,32,222,8,255,221,118,0,240,6,0,55,0,1,238,52,0,101,125,7,34,224,224,224,0,0,0,0,40,57,67,224,224,0,0,0,0,202,10,0,0,0,0,0,0,0,72,74,230,182,232,0,0,0,0,37,0,0,0,0,0,0,0,0,38,38,177,38,38,0,0,0,0,23,1,115,0,0,65,0,0,0,0,9,7,1,0,0,3,29,224,0,0,0,0,0,0,198,224,253,253,166,224,224,224,0,0,0,1,11,63,41,16,192,54,192,208,207,209,0,3,0,182,0,223,32,223,0,222,32,222,8,255,221,118,0,240,6,0,55,0,1,238,52
2026-08-03_14-39-02,1,646,0,0.0,0,410.0,-1,-1,0,101,125,7,34,224,224,224,0,0,0,0,40,57,67,224,224,0,0,0,0,202,10,0,0,0,0,0,0,0,72,74,230,182,232,0,0,0,0,37,0,0,0,0,0,0,0,0,38,38,177,38,38,0,0,0,0,23,1,115,0,0,65,0,0,0,0,9,7,1,0,0,3,29,224,0,0,0,0,0,0,198,224,253,253,166,224,224,224,0,0,0,1,11,63,41,16,192,54,192,208,207,209,0,3,0,182,0,223,32,223,0,222,32,222,8,255,221,118,0,240,6,0,55,0,1,238,52,0,87,213,5,32,224,224,224,0,0,0,0,42,59,69,224,224,0,0,0,0,202,10,0,0,0,0,0,0,0,72,74,230,182,232,0,0,0,0,37,0,0,0,0,0,0,0,0,38,38,177,38,38,0,0,0,0,27,1,81,0,0,65,0,0,0,0,9,7,1,0,0,3,29,224,0,0,0,0,0,0,198,224,253,253,166,224,224,224,0,0,0,1,11,63,41,16,192,54,192,208,207,209,0,3,0,182,0,223,32,223,0,222,32,222,8,255,221,118,0,240,6,0,55,0,1,238,52
