run_ts,episode,step,action,reward,done,episode_return,lives_pre,lives_post,ram_pre_0,ram_pre_1,ram_pre_2,ram_pre_3,ram_pre_4,ram_pre_5,ram_pre_6,ram_pre_7,ram_pre_8,ram_pre_9,ram_pre_10,ram_pre_11,ram_pre_12,ram_pre_13,ram_pre_14,ram_pre_15,ram_pre_16,ram_pre_17,ram_pre_18,ram_pre_19,ram_pre_20,ram_pre_21,ram_pre_22,ram_pre_23,ram_pre_24,ram_pre_25,ram_pre_26,ram_pre_27,ram_pre_28,ram_pre_29,ram_pre_30,ram_pre_31,ram_pre_32,ram_pre_33,ram_pre_34,ram_pre_35,ram_pre_36,ram_pre_37,ram_pre_38,ram_pre_39,ram_pre_40,ram_pre_41,ram_pre_42,ram_pre_43,ram_pre_44,ram_pre_45,ram_pre_46,ram_pre_47,ram_pre_48,ram_pre_49,ram_pre_50,ram_pre_51,ram_pre_52,ram_pre_53,ram_pre_54,ram_pre_55,ram_pre_56,ram_pre_57,ram_pre_58,ram_pre_59,ram_pre_60,ram_pre_61,ram_pre_62,ram_pre_63,ram_pre_64,ram_pre_65,ram_pre_66,ram_pre_67,ram_pre_68,ram_pre_69,ram_pre_70,ram_pre_71,ram_pre_72,ram_pre_73,ram_pre_74,ram_pre_75,ram_pre_76,ram_pre_77,ram_pre_78,ram_pre_79,ram_pre_80,ram_pre_81,ram_pre_82,ram_pre_83,ram_pre_84,ram_pre_85,ram_pre_86,ram_pre_87,ram_pre_88,ram_pre_89,ram_pre_90,ram_pre_91,ram_pre_92,ram_pre_93,ram_pre_94,ram_pre_95,ram_pre_96,ram_pre_97,ram_pre_98,ram_pre_99,ram_pre_100,ram_pre_101,ram_pre_102,ram_pre_103,ram_pre_104,ram_pre_105,ram_pre_106,ram_pre_107,ram_pre_108,ram_pre_109,ram_pre_110,ram_pre_111,ram_pre_112,ram_pre_113,ram_pre_114,ram_pre_115,ram_pre_116,ram_pre_117,ram_pre_118,ram_pre_119,ram_pre_120,ram_pre_121,ram_pre_122,ram_pre_123,ram_pre_124,ram_pre_125,ram_pre_126,ram_pre_127,ram_post_0,ram_post_1,ram_post_2,ram_post_3,ram_post_4,ram_post_5,ram_post_6,ram_post_7,ram_post_8,ram_post_9,ram_post_10,ram_post_11,ram_post_12,ram_post_13,ram_post_14,ram_post_15,ram_post_16,ram_post_17,ram_post_18,ram_post_19,ram_post_20,ram_post_21,ram_post_22,ram_post_23,ram_post_24,ram_post_25,ram_post_26,ram_post_27,ram_post_28,ram_post_29,ram_post_30,ram_post_31,ram_post_32,ram_post_33,ram_post_34,ram_post_35,ram_post_36,ram_post_37,ram_post_38,ram_post_39,ram_post_40,ram_post_41,ram_post_42,ram_post_43,ram_post_44,ram_post_45,ram_post_46,ram_post_47,ram_post_48,ram_post_49,ram_post_50,ram_post_51,ram_post_52,ram_post_53,ram_post_54,ram_post_55,ram_post_56,ram_post_57,ram_post_58,ram_post_59,ram_post_60,ram_post_61,ram_post_62,ram_post_63,ram_post_64,ram_post_65,ram_post_66,ram_post_67,ram_post_68,ram_post_69,ram_post_70,ram_post_71,ram_post_72,ram_post_73,ram_post_74,ram_post_75,ram_post_76,ram_post_77,ram_post_78,ram_post_79,ram_post_80,ram_post_81,ram_post_82,ram_post_83,ram_post_84,ram_post_85,ram_post_86,ram_post_87,ram_post_88,ram_post_89,ram_post_90,ram_post_91,ram_post_92,ram_post_93,ram_post_94,ram_post_95,ram_post_96,ram_post_97,ram_post_98,ram_post_99,ram_post_100,ram_post_101,ram_post_102,ram_post_103,ram_post_104,ram_post_105,ram_post_106,ram_post_107,ram_post_108,ram_post_109,ram_post_110,ram_post_111,ram_post_112,ram_post_113,ram_post_114,ram_post_115,ram_post_116,ram_post_117,ram_post_118,ram_post_119,ram_post_120,ram_post_121,ram_post_122,ram_post_123,ram_post_124,ram_post_125,ram_post_126,ram_post_127
2026-08-17_14-08-30,1,0,0,0.0,0,0.0,-1,-1,193,175,0,0,0,0,0,0,0,0,0,0,0,0,0,0,0,0,0,0,0,0,0,0,0,0,0,32,0,3,3,1,1,31,64,47,108,218,108,218,62,220,62,220,209,221,179,218,215,218,177,219,3,255,64,103,2,10,2,2,0,0,0,0,0,0,0,0,2,0,191,95,49,49,209,39,39,0,64,0,0,0,0,202,36,49,49,155,165,165,0,3,8,5,0,128,188,141,157,223,157,223,157,223,157,223,0,223,180,223,185,223,190,223,157,223,157,223,2,141,216,0,165,26,150,250,141,211,197,253,0,0,0,0,0,0,0,0,0,0,0,0,0,0,0,0,0,0,0,0,0,0,0,0,0,32,0,3,3,1,1,31,64,47,108,218,108,218,62,220,62,220,209,221,179,218,215,218,177,219,3,255,64,103,3,10,5,2,0,0,0,0,0,0,0,0,2,0,191,95,49,49,209,39,39,0,64,0,0,0,0,202,36,49,49,155,165,165,0,3,8,5,0,128,188,141,157,223,157,223,157,223,157,223,0,223,180,223,185,223,190,223,157,223,157,223,2,141,216,0,165,26,150,250,141,211
2026-08-17_14-08-30,1,1,0,0.0,0,0.0,-1,-1,197,253,0,0,0,0,0,0,0,0,0,0,0,0,0,0,0,0,0,0,0,0,0,0,0,0,0,32,0,3,3,1,1,31,64,47,108,218,108,218,62,220,62,220,209,221,179,218,215,218,177,219,3,255,64,103,3,10,5,2,0,0,0,0,0,0,0,0,2,0,191,95,49,49,209,39,39,0,64,0,0,0,0,202,36,49,49,155,165,165,0,3,8,5,0,128,188,141,157,223,157,223,157,223,157,223,0,223,180,223,185,223,190,223,157,223,157,223,2,141,216,0,165,26,150,250,141,211,201,209,0,0,0,0,0,0,0,0,0,0,0,0,0,0,0,0,0,0,0,0,0,0,0,0,0,32,0,3,3,1,1,31,64,47,108,218,108,218,62,220,62,220,209,221,179,218,215,218,177,219,3,255,64,103,3,10,1,2,0,0,0,0,0,0,0,0,2,0,191,95,49,49,209,39,39,0,64,0,0,0,0,202,36,49,49,155,165,165,0,3,8,5,0,128,188,141,157,223,157,223,157,223,157,223,0,223,180,223,185,223,190,223,157,223,157,223,2,141,216,0,165,26,150,250,141,211
2026-08-17_14-08-30,1,2,0,0.0,0,0.0,-1,-1,201,209,0,0,0,0,0,0,0,0,0,0,0,0,0,0,0,0,0,0,0,0,0,0,0,0,0,32,0,3,3,1,1,31,64,47,108,218,108,218,62,220,62,220,209,221,179,218,215,218,177,219,3,255,64,103,3,10,1,2,0,0,0,0,0,0,0,0,2,0,191,95,49,49,209,39,39,0,64,0,0,0,0,202,36,49,49,155,165,165,0,3,8,5,0,128,188,141,157,223,157,223,157,223,157,223,0,223,180,223,185,223,190,223,157,223,157,223,2,141,216,0,165,26,150,250,141,211,205,21,0,0,0,0,0,0,0,0,0,0,0,0,0,0,0,0,0,0,0,0,0,0,0,0,0,32,0,3,3,1,1,31,64,47,108,218,108,218,62,220,62,220,209,221,179,218,215,218,177,219,3,255,64,103,4,10,4,2,0,0,0,0,0,0,0,0,2,0,191,95,49,49,209,39,39,0,64,0,0,0,0,202,36,49,49,155,165,165,0,3,8,5,0,128,188,141,157,223,157,223,157,223,157,223,0,223,180,223,185,223,190,223,157,223,157,223,2,141,216,0,165,26,150,250,141,211
2026-08-17_14-08-30,1,3,0,0.0,0,0.0,-1,-1,205,21,0,0,0,0,0,0,0,0,0,0,0,0,0,0,0,0,0,0,0,0,0,0,0,0,0,32,0,3,3,1,1,31,64,47,108,218,108,218,62,220,62,220,209,221,179,218,215,218,177,219,3,255,64,103,4,10,4,2,0,0,0,0,0,0,0,0,2,0,191,95,49,49,209,39,39,0,64,0,0,0,0,202,36,49,49,155,165,165,0,3,8,5,0,128,188,141,157,223,157,223,157,223,157,223,0,223,180,223,185,223,190,223,157,223,157,223,2,141,216,0,165,26,150,250,141,211,209,91,0,0,0,0,0,0,0,0,0,0,0,0,0,0,0,0,0,0,0,0,0,0,0,0,0,32,0,3,3,1,1,31,64,47,108,218,108,218,62,220,62,220,209,221,179,218,215,218,177,219,3,255,64,103,4,10,0,2,0,0,0,0,0,0,0,0,2,0,191,95,49,49,209,39,39,0,64,0,0,0,0,202,36,49,49,155,165,165,0,3,8,5,0,128,188,141,157,223,157,223,157,223,157,223,0,223,180,223,185,223,190,223,157,223,157,223,2,141,216,0,165,26,150,250,141,211
2026-08-17_14-08-30,1,4,0,0.0,0,0.0,-1,-1,209,91,0,0,0,0,0,0,0,0,0,0,0,0,0,0,0,0,0,0,0,0,0,0,0,0,0,32,0,3,3,1,1,31,64,47,108,218,108,218,62,220,62,220,209,221,179,218,215,218,177,219,3,255,64,103,4,10,0,2,0,0,0,0,0,0,0,0,2,0,191,95,49,49,209,39,39,0,64,0,0,0,0,202,36,49,49,155,165,165,0,3,8,5,0,128,188,141,157,223,157,223,157,223,157,223,0,223,180,223,185,223,190,223,157,223,157,223,2,141,216,0,165,26,150,250,141,211,213,184,0,0,0,0,0,0,0,0,0,0,0,0,0,0,0,0,0,0,0,0,0,0,0,0,0,32,0,3,3,1,1,31,64,47,108,218,108,218,62,220,62,220,209,221,179,218,215,218,177,219,3,255,64,103,5,10,3,2,0,0,0,0,0,0,0,0,2,0,191,95,49,49,209,39,39,0,64,0,0,0,0,202,36,49,49,155,165,165,0,3,8,5,0,128,188,141,157,223,157,223,157,223,157,223,0,223,180,223,185,223,190,223,157,223,157,223,2,141,216,0,165,26,150,250,141,211
2026-08-17_14-08-30,1,5,0,0.0,0,0.0,-1,-1,213,184,0,0,0,0,0,0,0,0,0,0,0,0,0,0,0,0,0,0,0,0,0,0,0,0,0,32,0,3,3,1,1,31,64,47,108,218,108,218,62,220,62,220,209,221,179,218,215,218,177,219,3,255,64,103,5,10,3,2,0,0,0,0,0,0,0,0,2,0,191,95,49,49,209,39,39,0,64,0,0,0,0,202,36,49,49,155,165,165,0,3,8,5,0,128,188,141,157,223,157,223,157,223,157,223,0,223,180,223,185,223,190,223,157,223,157,223,2,141,216,0,165,26,150,250,141,211,217,135,0,0,0,0,0,0,0,0,0,0,0,0,0,0,0,0,0,0,0,0,0,0,0,0,0,32,0,3,3,1,1,31,64,47,108,218,108,218,62,220,62,220,209,221,179,218,215,218,177,219,3,255,64,103,6,10,6,2,0,0,0,0,0,0,0,0,2,0,191,95,49,49,209,39,39,0,64,0,0,0,0,202,36,49,49,155,165,165,0,3,8,5,0,128,188,141,157,223,157,223,157,223,157,223,0,223,180,223,185,223,190,223,157,223,157,223,2,141,216,0,165,26,150,250,141,211
2026-08-17_14-08-30,1,6,0,0.0,0,0.0,-1,-1,217,135,0,0,0,0,0,0,0,0,0,0,0,0,0,0,0,0,0,0,0,0,0,0,0,0,0,32,0,3,3,1,1,31,64,47,108,218,108,218,62,220,62,220,209,221,179,218,215,218,177,219,3,255,64,103,6,10,6,2,0,0,0,0,0,0,0,0,2,0,191,95,49,49,209,39,39,0,64,0,0,0,0,202,36,49,49,155,165,165,0,3,8,5,0,128,188,141,157,223,157,223,157,223,157,223,0,223,180,223,185,223,190,223,157,223,157,223,2,141,216,0,165,26,150,250,141,211,221,123,0,0,0,0,0,0,0,0,0,0,0,0,0,0,0,0,0,0,0,0,0,0,0,0,0,32,0,3,3,1,1,31,64,47,108,218,108,218,62,220,62,220,209,221,179,218,215,218,177,219,3,255,64,103,6,10,2,2,0,0,0,0,0,0,0,0,2,0,191,95,49,49,209,39,39,0,64,0,0,0,0,202,36,49,49,155,165,165,0,3,8,5,0,128,188,141,157,223,157,223,157,223,157,223,0,223,180,223,185,223,190,223,157,223,157,223,2,141,216,0,165,26,150,250,141,211
2026-08-17_14-08-30,1,7,0,0.0,0,0.0,-1,-1,221,123,0,0,0,0,0,0,0,0,0,0,0,0,0,0,0,0,0,0,0,0,0,0,0,0,0,32,0,3,3,1,1,31,64,47,108,218,108,218,62,220,62,220,209,221,179,218,215,218,177,219,3,255,64,103,6,10,2,2,0,0,0,0,0,0,0,0,2,0,191,95,49,49,209,39,39,0,64,0,0,0,0,202,36,49,49,155,165,165,0,3,8,5,0,128,188,141,157,223,157,223,157,223,157,223,0,223,180,223,185,223,190,223,157,223,157,223,2,141,216,0,165,26,150,250,141,211,225,186,0,0,0,0,0,0,0,0,0,0,0,0,0,0,0,0,0,0,0,0,0,0,0,0,0,32,0,3,3,1,1,31,64,47,108,218,108,218,62,220,62,220,209,221,179,218,215,218,177,219,3,255,64,103,7,10,5,2,0,0,0,0,0,0,0,0,2,0,191,95,49,49,209,39,39,0,64,0,0,0,0,202,36,49,49,155,165,165,0,3,8,5,0,128,188,141,157,223,157,223,157,223,157,223,0,223,180,223,185,223,190,223,157,223,157,223,2,141,216,0,165,26,150,250,141,211
2026-08-17_14-08-30,1,8,0,0.0,0,0.0,-1,-1,225,186,0,0,0,0,0,0,0,0,0,0,0,0,0,0,0,0,0,0,0,0,0,0,0,0,0,32,0,3,3,1,1,31,64,47,108,218,108,218,62,220,62,220,209,221,179,218,215,218,177,219,3,255,64,103,7,10,5,2,0,0,0,0,0,0,0,0,2,0,191,95,49,49,209,39,39,0,64,0,0,0,0,202,36,49,49,155,165,165,0,3,8,5,0,128,188,141,157,223,157,223,157,223,157,223,0,223,180,223,185,223,190,223,157,223,157,223,2,141,216,0,165,26,150,250,141,211,229,166,0,0,0,0,0,0,0,0,0,0,0,0,0,0,0,0,0,0,0,0,0,0,0,0,0,32,0,3,3,1,1,31,64,47,108,218,108,218,62,220,62,220,209,221,179,218,215,218,177,219,3,255,64,103,7,10,1,2,0,0,0,0,0,0,0,0,2,0,191,95,49,49,209,39,39,0,64,0,0,0,0,202,36,49,49,155,165,165,0,3,8,5,0,128,188,141,157,223,157,223,157,223,157,223,0,223,180,223,185,223,190,223,157,223,157,223,2,141,216,0,165,26,150,250,141,211
2026-08-17_14-08-30,1,9,0,0.0,0,0.0,-1,-1,229,166,0,0,0,0,0,0,0,0,0,0,0,0,0,0,0,0,0,0,0,0,0,0,0,0,0,32,0,3,3,1,1,31,64,47,108,218,108,218,62,220,62,220,209,221,179,218,215,218,177,219,3,255,64,103,7,10,1,2,0,0,0,0,0,0,0,0,2,0,191,95,49,49,209,39,39,0,64,0,0,0,0,202,36,49,49,155,165,165,0,3,8,5,0,128,188,141,157,223,157,223,157,223,157,223,0,223,180,223,185,223,190,223,157,223,157,223,2,141,216,0,165,26,150,250,141,211,233,105,0,0,0,0,0,0,0,0,0,0,0,0,0,0,0,0,0,0,0,0,0,0,0,0,0,32,0,3,3,1,1,31,64,47,108,218,108,218,62,220,62,220,209,221,179,218,215,218,177,219,3,255,64,103,8,10,4,2,0,0,0,0,0,0,0,0,2,0,191,95,49,49,209,39,39,0,64,0,0,0,0,202,36,49,49,155,165,165,0,3,8,5,0,128,188,141,157,223,157,223,157,223,157,223,0,223,180,223,185,223,190,223,157,223,157,223,2,141,216,0,165,26,150,250,141,211
2026-08-17_14-08-30,1,10,0,0.0,0,0.0,-1,-1,233,105,0,0,0,0,0,0,0,0,0,0,0,0,0,0,0,0,0,0,0,0,0,0,0,0,0,32,0,3,3,1,1,31,64,47,108,218,108,218,62,220,62,220,209,221,179,218,215,218,177,219,3,255,64,103,8,10,4,2,0,0,0,0,0,0,0,0,2,0,191,95,49,49,209,39,39,0,64,0,0,0,0,202,36,49,49,155,165,165,0,3,8,5,0,128,188,141,157,223,157,223,157,223,157,223,0,223,180,223,185,223,190,223,157,223,157,223,2,141,216,0,165,26,150,250,141,211,237,146,0,0,0,0,0,0,0,0,0,0,0,0,0,0,0,0,0,0,0,0,0,0,0,0,0,32,0,3,3,1,1,31,64,47,108,218,108,218,62,220,62,220,209,221,179,218,215,218,177,219,3,255,64,103,8,10,0,2,0,0,0,0,0,0,0,0,2,0,191,95,49,49,209,39,39,0,64,0,0,0,0,202,36,49,49,155,165,165,0,3,8,5,0,128,188,141,157,223,157,223,157,223,157,223,0,223,180,223,185,223,190,223,157,223,157,223,2,141,216,0,165,26,150,250,141,211
2026-08-17_14-08-30,1,11,0,0.0,0,0.0,-1,-1,237,146,0,0,0,0,0,0,0,0,0,0,0,0,0,0,0,0,0,0,0,0,0,0,0,0,0,32,0,3,3,1,1,31,64,47,108,218,108,218,62,220,62,220,209,221,179,218,215,218,177,219,3,255,64,103,8,10,0,2,0,0,0,0,0,0,0,0,2,0,191,95,49,49,209,39,39,0,64,0,0,0,0,202,36,49,49,155,165,165,0,3,8,5,0,128,188,141,157,223,157,223,157,223,157,223,0,223,180,223,185,223,190,223,157,223,157,223,2,141,216,0,165,26,150,250,141,211,241,32,0,0,0,0,0,0,0,0,0,0,0,0,0,0,0,0,0,0,0,0,0,0,0,0,0,32,0,3,3,1,1,31,64,47,108,218,108,218,62,220,62,220,209,221,179,218,215,218,177,219,3,255,64,103,9,10,3,2,0,0,0,0,0,0,0,0,2,0,191,95,49,49,209,39,39,0,64,0,0,0,0,202,36,49,49,155,165,165,0,3,8,5,0,128,188,141,157,223,157,223,157,223,157,223,0,223,180,223,185,223,190,223,157,223,157,223,2,141,216,0,165,26,150,250,141,211
2026-08-17_14-08-30,1,12,0,0.0,0,0.0,-1,-1,241,32,0,0,0,0,0,0,0,0,0,0,0,0,0,0,0,0,0,0,0,0,0,0,0,0,0,32,0,3,3,1,1,31,64,47,108,218,108,218,62,220,62,220,209,221,179,218,215,218,177,219,3,255,64,103,9,10,3,2,0,0,0,0,0,0,0,0,2,0,191,95,49,49,209,39,39,0,64,0,0,0,0,202,36,49,49,155,165,165,0,3,8,5,0,128,188,141,157,223,157,223,157,223,157,223,0,223,180,223,185,223,190,223,157,223,157,223,2,141,216,0,165,26,150,250,141,211,245,2,0,0,0,0,0,0,0,0,0,0,0,0,0,0,0,0,0,0,0,0,0,0,0,0,0,32,0,3,3,1,1,31,64,47,108,218,108,218,62,220,62,220,209,221,179,218,215,218,177,219,3,255,64,103,10,10,6,2,0,0,0,0,0,0,0,0,2,0,191,95,49,49,209,39,39,0,64,0,0,0,0,202,36,49,49,155,165,165,0,3,8,5,0,128,188,141,157,223,157,223,157,223,157,223,0,223,180,223,185,223,190,223,157,223,157,223,2,141,216,0,165,26,150,250,141,211
2026-08-17_14-08-30,1,13,0,0.0,0,0.0,-1,-1,245,2,0,0,0,0,0,0,0,0,0,0,0,0,0,0,0,0,0,0,0,0,0,0,0,0,0,32,0,3,3,1,1,31,64,47,108,218,108,218,62,220,62,220,209,221,179,218,215,218,177,219,3,255,64,103,10,10,6,2,0,0,0,0,0,0,0,0,2,0,191,95,49,49,209,39,39,0,64,0,0,0,0,202,36,49,49,155,165,165,0,3,8,5,0,128,188,141,157,223,157,223,157,223,157,223,0,223,180,223,185,223,190,223,157,223,157,223,2,141,216,0,165,26,150,250,141,211,249,33,0,0,0,0,0,0,0,0,0,0,0,0,0,0,0,0,0,0,0,0,0,0,0,0,0,32,0,3,3,1,1,31,64,47,108,218,108,218,62,220,62,220,209,221,179,218,215,218,177,219,3,255,64,103,10,10,2,2,0,0,0,0,0,0,0,0,2,0,191,95,49,49,209,39,39,0,64,0,0,0,0,202,36,49,49,155,165,165,0,3,8,5,0,128,188,141,157,223,157,223,157,223,157,223,0,223,180,223,185,223,190,223,157,223,157,223,2,141,216,0,165,26,150,250,141,211
2026-08-17_14-08-30,1,14,0,0.0,0,0.0,-1,-1,249,33,0,0,0,0,0,0,0,0,0,0,0,0,0,0,0,0,0,0,0,0,0,0,0,0,0,32,0,3,3,1,1,31,64,47,108,218,108,218,62,220,62,220,209,221,179,218,215,218,177,219,3,255,64,103,10,10,2,2,0,0,0,0,0,0,0,0,2,0,191,95,49,49,209,39,39,0,64,0,0,0,0,202,36,49,49,155,165,165,0,3,8,5,0,128,188,141,157,223,157,223,157,223,157,223,0,223,180,223,185,223,190,223,157,223,157,223,2,141,216,0,165,26,150,250,141,211,253,18,0,0,0,0,0,0,0,0,0,0,0,0,0,0,0,0,0,0,0,0,0,0,0,0,0,32,0,3,3,1,1,31,64,47,108,218,108,218,62,220,62,220,209,221,179,218,215,218,177,219,3,255,64,103,11,10,5,2,0,0,0,0,0,0,0,0,2,0,191,95,49,49,209,39,39,0,64,0,0,0,0,202,36,49,49,155,165,165,0,3,8,5,0,128,188,141,157,223,157,223,157,223,157,223,0,223,180,223,185,223,190,223,157,223,157,223,2,141,216,0,165,26,150,250,141,211
2026-08-17_14-08-30,1,15,0,0.0,0,0.0,-1,-1,253,18,0,0,0,0,0,0,0,0,0,0,0,0,0,0,0,0,0,0,0,0,0,0,0,0,0,32,0,3,3,1,1,31,64,47,108,218,108,218,62,220,62,220,209,221,179,218,215,218,177,219,3,255,64,103,11,10,5,2,0,0,0,0,0,0,0,0,2,0,191,95,49,49,209,39,39,0,64,0,0,0,0,202,36,49,49,155,165,165,0,3,8,5,0,128,188,141,157,223,157,223,157,223,157,223,0,223,180,223,185,223,190,223,157,223,157,223,2,141,216,0,165,26,150,250,141,211,1,40,0,1,0,0,0,0,0,0,0,0,0,0,0,0,0,0,0,0,0,0,0,0,0,0,0,32,0,3,3,1,1,31,64,47,108,218,108,218,62,220,62,220,209,221,179,218,215,218,177,219,3,255,64,103,11,10,1,2,0,0,0,0,0,0,0,0,2,0,191,95,49,49,209,39,39,0,64,0,0,0,0,202,36,49,49,155,165,165,0,3,8,5,0,128,188,141,157,223,157,223,157,223,157,223,0,223,180,223,185,223,190,223,157,223,157,223,2,141,216,0,165,26,150,250,141,211
2026-08-17_14-08-30,1,16,0,0.0,0,0.0,-1,-1,1,40,0,1,0,0,0,0,0,0,0,0,0,0,0,0,0,0,0,0,0,0,0,0,0,0,0,32,0,3,3,1,1,31,64,47,108,218,108,218,62,220,62,220,209,221,179,218,215,218,177,219,3,255,64,103,11,10,1,2,0,0,0,0,0,0,0,0,2,0,191,95,49,49,209,39,39,0,64,0,0,0,0,202,36,49,49,155,165,165,0,3,8,5,0,128,188,141,157,223,157,223,157,223,157,223,0,223,180,223,185,223,190,223,157,223,157,223,2,141,216,0,165,26,150,250,141,211,5,134,0,1,0,0,0,0,0,0,0,0,0,0,0,0,0,0,0,0,0,0,0,0,0,0,0,32,0,3,3,1,1,31,64,47,108,218,108,218,62,220,62,220,209,221,179,218,215,218,177,219,3,255,64,103,0,10,4,1,0,0,0,0,0,0,0,0,2,0,191,95,49,49,209,39,39,0,64,0,0,0,0,202,36,49,49,155,165,165,0,3,8,5,0,128,188,141,157,223,157,223,157,223,157,223,0,223,180,223,185,223,190,223,157,223,157,223,2,141,216,0,165,26,150,250,141,211
2026-08-17_14-08-30,1,17,0,0.0,0,0.0,-1,-1,5,134,0,1,0,0,0,0,0,0,0,0,0,0,0,0,0,0,0,0,0,0,0,0,0,0,0,32,0,3,3,1,1,31,64,47,108,218,108,218,62,220,62,220,209,221,179,218,215,218,177,219,3,255,64,103,0,10,4,1,0,0,0,0,0,0,0,0,2,0,191,95,49,49,209,39,39,0,64,0,0,0,0,202,36,49,49,155,165,165,0,3,8,5,0,128,188,141,157,223,157,223,157,223,157,223,0,223,180,223,185,223,190,223,157,223,157,223,2,141,216,0,165,26,150,250,141,211,9,107,0,1,0,0,0,0,0,0,0,0,0,0,0,0,0,0,0,0,0,0,0,0,0,0,0,32,0,3,3,1,1,31,64,47,108,218,108,218,62,220,62,220,209,221,179,218,215,218,177,219,3,255,64,103,0,10,0,1,0,0,0,0,0,0,0,0,2,0,191,95,49,49,209,39,39,0,64,0,0,0,0,202,36,49,49,155,165,165,0,3,8,5,0,128,188,141,157,223,157,223,157,223,157,223,0,223,180,223,185,223,190,223,157,223,157,223,2,141,216,0,165,26,150,250,141,211
2026-08-17_14-08-30,1,18,0,0.0,0,0.0,-1,-1,9,107,0,1,0,0,0,0,0,0,0,0,0,0,0,0,0,0,0,0,0,0,0,0,0,0,0,32,0,3,3,1,1,31,64,47,108,218,108,218,62,220,62,220,209,221,179,218,215,218,177,219,3,255,64,103,0,10,0,1,0,0,0,0,0,0,0,0,2,0,191,95,49,49,209,39,39,0,64,0,0,0,0,202,36,49,49,155,165,165,0,3,8,5,0,128,188,141,157,223,157,223,157,223,157,223,0,223,180,223,185,223,190,223,157,223,157,223,2,141,216,0,165,26,150,250,141,211,13,179,0,1,0,0,0,0,0,0,0,0,0,0,0,0,0,0,0,0,0,0,0,0,0,0,0,32,0,3,3,1,1,31,64,47,108,218,108,218,62,220,62,220,209,221,179,218,215,218,177,219,3,255,64,103,1,10,3,1,0,0,0,0,0,0,0,0,2,0,191,95,49,49,209,39,39,0,64,0,0,0,0,202,36,49,49,155,165,165,0,3,8,5,0,128,188,141,157,223,157,223,157,223,157,223,0,223,180,223,185,223,190,223,157,223,157,223,2,141,216,0,165,26,150,250,141,211
2026-08-17_14-08-30,1,19,2,0.0,0,0.0,-1,-1,13,179,0,1,0,0,0,0,0,0,0,0,0,0,0,0,0,0,0,0,0,0,0,0,0,0,0,32,0,3,3,1,1,31,64,47,108,218,108,218,62,220,62,220,209,221,179,218,215,218,177,219,3,255,64,103,1,10,3,1,0,0,0,0,0,0,0,0,2,0,191,95,49,49,209,39,39,0,64,0,0,0,0,202,36,49,49,155,165,165,0,3,8,5,0,128,188,141,157,223,157,223,157,223,157,223,0,223,180,223,185,223,190,223,157,223,157,223,2,141,216,0,165,26,150,250,141,211,17,50,0,1,0,0,0,0,0,0,0,0,0,0,0,0,0,0,0,0,0,0,0,0,0,0,0,32,0,3,3,1,1,31,64,47,108,218,108,218,62,220,62,220,209,221,179,218,215,218,177,219,3,255,64,103,2,10,6,1,0,0,0,0,0,0,0,0,2,0,191,95,49,49,209,39,39,0,64,0,0,0,0,202,36,49,49,155,165,165,0,3,8,5,0,128,188,141,157,223,157,223,157,223,157,223,0,223,180,223,185,223,190,223,157,223,157,223,2,141,216,0,165,26,150,250,141,211
2026-08-17_14-08-30,1,20,2,0.0,0,0.0,-1,-1,17,50,0,1,0,0,0,0,0,0,0,0,0,0,0,0,0,0,0,0,0,0,0,0,0,0,0,32,0,3,3,1,1,31,64,47,108,218,108,218,62,220,62,220,209,221,179,218,215,218,177,219,3,255,64,103,2,10,6,1,0,0,0,0,0,0,0,0,2,0,191,95,49,49,209,39,39,0,64,0,0,0,0,202,36,49,49,155,165,165,0,3,8,5,0,128,188,141,157,223,157,223,157,223,157,223,0,223,180,223,185,223,190,223,157,223,157,223,2,141,216,0,165,26,150,250,141,211,21,42,0,1,0,0,0,0,0,0,0,0,0,0,0,0,0,0,0,0,0,0,0,0,0,0,0,32,0,3,3,1,1,31,64,47,108,218,108,218,62,220,62,220,209,221,179,218,215,218,177,219,3,255,64,103,2,10,2,1,0,0,0,0,0,0,0,0,2,0,191,95,49,49,209,39,39,0,64,0,0,0,0,202,36,49,49,155,165,165,0,3,8,5,0,128,188,141,157,223,157,223,157,223,157,223,0,223,180,223,185,223,190,223,157,223,157,223,2,141,216,0,165,26,150,250,141,211
2026-08-17_14-08-30,1,21,2,0.0,0,0.0,-1,-1,21,42,0,1,0,0,0,0,0,0,0,0,0,0,0,0,0,0,0,0,0,0,0,0,0,0,0,32,0,3,3,1,1,31,64,47,108,218,108,218,62,220,62,220,209,221,179,218,215,218,177,219,3,255,64,103,2,10,2,1,0,0,0,0,0,0,0,0,2,0,191,95,49,49,209,39,39,0,64,0,0,0,0,202,36,49,49,155,165,165,0,3,8,5,0,128,188,141,157,223,157,223,157,223,157,223,0,223,180,223,185,223,190,223,157,223,157,223,2,141,216,0,165,26,150,250,141,211,25,167,0,1,0,0,0,0,0,0,0,0,0,0,0,0,0,0,0,0,0,0,0,0,0,0,0,32,0,3,3,1,1,31,64,47,108,218,108,218,62,220,62,220,209,221,179,218,215,218,177,219,3,255,64,103,3,10,5,1,0,0,0,0,0,0,0,0,2,0,191,95,49,49,209,39,39,0,64,0,0,0,0,202,36,49,49,155,165,165,0,3,8,5,0,128,188,141,157,223,157,223,157,223,157,223,0,223,180,223,185,223,190,223,157,223,157,223,2,141,216,0,165,26,150,250,141,211
2026-08-17_14-08-30,1,22,0,0.0,0,0.0,-1,-1,25,167,0,1,0,0,0,0,0,0,0,0,0,0,0,0,0,0,0,0,0,0,0,0,0,0,0,32,0,3,3,1,1,31,64,47,108,218,108,218,62,220,62,220,209,221,179,218,215,218,177,219,3,255,64,103,3,10,5,1,0,0,0,0,0,0,0,0,2,0,191,95,49,49,209,39,39,0,64,0,0,0,0,202,36,49,49,155,165,165,0,3,8,5,0,128,188,141,157,223,157,223,157,223,157,223,0,223,180,223,185,223,190,223,157,223,157,223,2,141,216,0,165,26,150,250,141,211,29,121,0,1,0,0,0,0,0,0,0,0,0,0,0,0,0,0,0,0,0,0,0,0,0,0,0,32,0,3,3,1,1,31,64,47,108,218,108,218,62,220,62,220,209,221,179,218,215,218,177,219,3,255,64,103,3,10,1,1,0,0,0,0,0,0,0,0,2,0,191,95,49,49,209,39,39,0,64,0,0,0,0,202,36,49,49,155,165,165,0,3,8,5,0,128,188,141,157,223,157,223,157,223,157,223,0,223,180,223,185,223,190,223,157,223,157,223,2,141,216,0,165,26,150,250,141,211
2026-08-17_14-08-30,1,23,0,0.0,0,0.0,-1,-1,29,121,0,1,0,0,0,0,0,0,0,0,0,0,0,0,0,0,0,0,0,0,0,0,0,0,0,32,0,3,3,1,1,31,64,47,108,218,108,218,62,220,62,220,209,221,179,218,215,218,177,219,3,255,64,103,3,10,1,1,0,0,0,0,0,0,0,0,2,0,191,95,49,49,209,39,39,0,64,0,0,0,0,202,36,49,49,155,165,165,0,3,8,5,0,128,188,141,157,223,157,223,157,223,157,223,0,223,180,223,185,223,190,223,157,223,157,223,2,141,216,0,165,26,150,250,141,211,33,155,0,1,0,0,0,0,0,0,0,0,0,0,0,0,0,0,0,0,0,0,0,0,0,0,0,32,0,3,3,1,1,31,64,47,108,218,108,218,62,220,62,220,209,221,179,218,215,218,177,219,3,255,64,103,4,10,4,1,0,0,0,0,0,0,0,0,2,0,191,95,49,49,209,39,39,0,64,0,0,0,0,202,36,49,49,155,165,165,0,3,8,5,0,128,188,141,157,223,157,223,157,223,157,223,0,223,180,223,185,223,190,223,157,223,157,223,2,141,216,0,165,26,150,250,141,211
2026-08-17_14-08-30,1,24,0,0.0,0,0.0,-1,-1,33,155,0,1,0,0,0,0,0,0,0,0,0,0,0,0,0,0,0,0,0,0,0,0,0,0,0,32,0,3,3,1,1,31,64,47,108,218,108,218,62,220,62,220,209,221,179,218,215,218,177,219,3,255,64,103,4,10,4,1,0,0,0,0,0,0,0,0,2,0,191,95,49,49,209,39,39,0,64,0,0,0,0,202,36,49,49,155,165,165,0,3,8,5,0,128,188,141,157,223,157,223,157,223,157,223,0,223,180,223,185,223,190,223,157,223,157,223,2,141,216,0,165,26,150,250,141,211,37,180,0,1,0,0,0,0,0,0,0,0,0,0,0,0,0,0,0,0,0,0,0,0,0,0,0,32,0,3,3,1,1,31,64,47,108,218,108,218,62,220,62,220,209,221,179,218,215,218,177,219,3,255,64,103,4,10,0,1,0,0,0,0,0,0,0,0,2,0,191,95,49,49,209,39,39,0,64,0,0,0,0,202,36,49,49,155,165,165,0,3,8,5,0,128,188,141,157,223,157,223,157,223,157,223,0,223,180,223,185,223,190,223,157,223,157,223,2,141,216,0,165,26,150,250,141,211
2026-08-17_14-08-30,1,25,0,0.0,0,0.0,-1,-1,37,180,0,1,0,0,0,0,0,0,0,0,0,0,0,0,0,0,0,0,0,0,0,0,0,0,0,32,0,3,3,1,1,31,64,47,108,218,108,218,62,220,62,220,209,221,179,218,215,218,177,219,3,255,64,103,4,10,0,1,0,0,0,0,0,0,0,0,2,0,191,95,49,49,209,39,39,0,64,0,0,0,0,202,36,49,49,155,165,165,0,3,8,5,0,128,188,141,157,223,157,223,157,223,157,223,0,223,180,223,185,223,190,223,157,223,157,223,2,141,216,0,165,26,150,250,141,211,41,65,0,1,0,0,0,0,0,0,0,0,0,0,0,0,0,0,0,0,0,0,0,0,0,0,0,32,0,3,3,1,1,31,64,47,108,218,108,218,62,220,62,220,209,221,179,218,215,218,177,219,3,255,64,103,5,10,3,1,0,0,0,0,0,0,0,0,2,0,191,95,49,49,209,39,39,0,64,0,0,0,0,202,36,49,49,155,165,165,0,3,8,5,0,128,188,141,157,223,157,223,157,223,157,223,0,223,180,223,185,223,190,223,157,223,157,223,2,141,216,0,165,26,150,250,141,211
2026-08-17_14-08-30,1,26,0,0.0,0,0.0,-1,-1,41,65,0,1,0,0,0,0,0,0,0,0,0,0,0,0,0,0,0,0,0,0,0,0,0,0,0,32,0,3,3,1,1,31,64,47,108,218,108,218,62,220,62,220,209,221,179,218,215,218,177,219,3,255,64,103,5,10,3,1,0,0,0,0,0,0,0,0,2,0,191,95,49,49,209,39,39,0,64,0,0,0,0,202,36,49,49,155,165,165,0,3,8,5,0,128,188,141,157,223,157,223,157,223,157,223,0,223,180,223,185,223,190,223,157,223,157,223,2,141,216,0,165,26,150,250,141,211,45,20,0,1,0,0,0,0,0,0,0,0,0,0,0,0,0,0,0,0,0,0,0,0,0,0,0,32,0,3,3,1,1,31,64,47,108,218,108,218,62,220,62,220,209,221,179,218,215,218,177,219,3,255,64,103,6,10,6,1,0,0,0,0,0,0,0,0,2,0,191,95,49,49,209,39,39,0,64,0,0,0,0,202,36,49,49,155,165,165,0,3,8,5,0,128,188,141,157,223,157,223,157,223,157,223,0,223,180,223,185,223,190,223,157,223,157,223,2,141,216,0,165,26,150,250,141,211
2026-08-17_14-08-30,1,27,0,0.0,0,0.0,-1,-1,45,20,0,1,0,0,0,0,0,0,0,0,0,0,0,0,0,0,0,0,0,0,0,0,0,0,0,32,0,3,3,1,1,31,64,47,108,218,108,218,62,220,62,220,209,221,179,218,215,218,177,219,3,255,64,103,6,10,6,1,0,0,0,0,0,0,0,0,2,0,191,95,49,49,209,39,39,0,64,0,0,0,0,202,36,49,49,155,165,165,0,3,8,5,0,128,188,141,157,223,157,223,157,223,157,223,0,223,180,223,185,223,190,223,157,223,157,223,2,141,216,0,165,26,150,250,141,211,49,75,0,1,0,0,0,0,0,0,0,0,0,0,0,0,0,0,0,0,0,0,0,0,0,0,0,32,0,3,3,1,1,31,64,47,108,218,108,218,62,220,62,220,209,221,179,218,215,218,177,219,3,255,64,103,6,10,2,1,0,0,0,0,0,0,0,0,2,0,191,95,49,49,209,39,39,0,64,0,0,0,0,202,36,49,49,155,165,165,0,3,8,5,0,128,188,141,157,223,157,223,157,223,157,223,0,223,180,223,185,223,190,223,157,223,157,223,2,141,216,0,165,26,150,250,141,211
2026-08-17_14-08-30,1,28,0,0.0,0,0.0,-1,-1,49,75,0,1,0,0,0,0,0,0,0,0,0,0,0,0,0,0,0,0,0,0,0,0,0,0,0,32,0,3,3,1,1,31,64,47,108,218,108,218,62,220,62,220,209,221,179,218,215,218,177,219,3,255,64,103,6,10,2,1,0,0,0,0,0,0,0,0,2,0,191,95,49,49,209,39,39,0,64,0,0,0,0,202,36,49,49,155,165,165,0,3,8,5,0,128,188,141,157,223,157,223,157,223,157,223,0,223,180,223,185,223,190,223,157,223,157,223,2,141,216,0,165,26,150,250,141,211,53,177,0,1,0,0,0,0,0,0,0,0,0,0,0,0,0,0,0,0,0,0,0,0,0,0,0,32,0,3,3,1,1,31,64,47,108,218,108,218,62,220,62,220,209,221,179,218,215,218,177,219,3,255,64,103,7,10,5,1,0,0,0,0,0,0,0,0,2,0,191,95,49,49,209,39,39,0,64,0,0,0,0,202,36,49,49,155,165,165,0,3,8,5,0,128,188,141,157,223,157,223,157,223,157,223,0,223,180,223,185,223,190,223,157,223,157,223,2,141,216,0,165,26,150,250,141,211
2026-08-17_14-08-30,1,29,0,0.0,0,0.0,-1,-1,53,177,0,1,0,0,0,0,0,0,0,0,0,0,0,0,0,0,0,0,0,0,0,0,0,0,0,32,0,3,3,1,1,31,64,47,108,218,108,218,62,220,62,220,209,221,179,218,215,218,177,219,3,255,64,103,7,10,5,1,0,0,0,0,0,0,0,0,2,0,191,95,49,49,209,39,39,0,64,0,0,0,0,202,36,49,49,155,165,165,0,3,8,5,0,128,188,141,157,223,157,223,157,223,157,223,0,223,180,223,185,223,190,223,157,223,157,223,2,141,216,0,165,26,150,250,141,211,57,19,0,1,0,0,0,0,0,0,0,0,0,0,0,0,0,0,0,0,0,0,0,0,0,0,0,32,0,3,3,1,1,31,64,47,108,218,108,218,62,220,62,220,209,221,179,218,215,218,177,219,3,255,64,103,7,10,1,1,0,0,0,0,0,0,0,0,2,0,191,95,49,49,209,39,39,0,64,0,0,0,0,202,36,49,49,155,165,165,0,3,8,5,0,128,188,141,157,223,157,223,157,223,157,223,0,223,180,223,185,223,190,223,157,223,157,223,2,141,216,0,165,26,150,250,141,211
2026-08-17_14-08-30,1,30,0,0.0,0,0.0,-1,-1,57,19,0,1,0,0,0,0,0,0,0,0,0,0,0,0,0,0,0,0,0,0,0,0,0,0,0,32,0,3,3,1,1,31,64,47,108,218,108,218,62,220,62,220,209,221,179,218,215,218,177,219,3,255,64,103,7,10,1,1,0,0,0,0,0,0,0,0,2,0,191,95,49,49,209,39,39,0,64,0,0,0,0,202,36,49,49,155,165,165,0,3,8,5,0,128,188,141,157,223,157,223,157,223,157,223,0,223,180,223,185,223,190,223,157,223,157,223,2,141,216,0,165,26,150,250,141,211,61,56,0,1,0,0,0,0,0,0,0,0,0,0,0,0,0,0,0,0,0,0,0,0,0,0,0,32,0,3,3,1,1,31,64,47,108,218,108,218,62,220,62,220,209,221,179,218,215,218,177,219,3,255,64,103,8,10,4,1,0,0,0,0,0,0,0,0,2,0,191,95,49,49,209,39,39,0,64,0,0,0,0,202,36,49,49,155,165,165,0,3,8,5,0,128,188,141,157,223,157,223,157,223,157,223,0,223,180,223,185,223,190,223,157,223,157,223,2,141,216,0,165,26,150,250,141,211
2026-08-17_14-08-30,1,31,0,0.0,0,0.0,-1,-1,61,56,0,1,0,0,0,0,0,0,0,0,0,0,0,0,0,0,0,0,0,0,0,0,0,0,0,32,0,3,3,1,1,31,64,47,108,218,108,218,62,220,62,220,209,221,179,218,215,218,177,219,3,255,64,103,8,10,4,1,0,0,0,0,0,0,0,0,2,0,191,95,49,49,209,39,39,0,64,0,0,0,0,202,36,49,49,155,165,165,0,3,8,5,0,128,188,141,157,223,157,223,157,223,157,223,0,223,180,223,185,223,190,223,157,223,157,223,2,141,216,0,165,26,150,250,141,211,65,143,0,1,0,0,0,0,0,0,0,0,0,0,0,0,0,0,0,0,0,0,0,0,0,0,0,32,0,3,3,1,1,31,64,47,108,218,108,218,62,220,62,220,209,221,179,218,215,218,177,219,3,255,64,103,8,10,0,1,0,0,0,0,0,0,0,0,2,0,191,95,49,49,209,39,39,0,64,0,0,0,0,202,36,49,49,155,165,165,0,3,8,5,0,128,188,141,157,223,157,223,157,223,157,223,0,223,180,223,185,223,190,223,157,223,157,223,2,141,216,0,165,26,150,250,141,211
2026-08-17_14-08-30,1,32,0,0.0,0,0.0,-1,-1,65,143,0,1,0,0,0,0,0,0,0,0,0,0,0,0,0,0,0,0,0,0,0,0,0,0,0,32,0,3,3,1,1,31,64,47,108,218,108,218,62,220,62,220,209,221,179,218,215,218,177,219,3,255,64,103,8,10,0,1,0,0,0,0,0,0,0,0,2,0,191,95,49,49,209,39,39,0,64,0,0,0,0,202,36,49,49,155,165,165,0,3,8,5,0,128,188,141,157,223,157,223,157,223,157,223,0,223,180,223,185,223,190,223,157,223,157,223,2,141,216,0,165,26,150,250,141,211,69,255,0,1,0,0,0,0,0,0,0,0,0,0,0,0,0,0,0,0,0,0,0,0,0,0,0,32,0,3,3,1,1,31,64,47,108,218,108,218,62,220,62,220,209,221,179,218,215,218,177,219,3,255,64,103,9,10,3,1,0,0,0,0,0,0,0,0,2,0,191,95,49,49,209,39,39,0,64,0,0,0,0,202,36,49,49,155,165,165,0,3,8,5,0,128,188,141,157,223,157,223,157,223,157,223,0,223,180,223,185,223,190,223,157,223,157,223,2,141,216,0,165,26,150,250,141,211
2026-08-17_14-08-30,1,33,0,0.0,0,0.0,-1,-1,69,255,0,1,0,0,0,0,0,0,0,0,0,0,0,0,0,0,0,0,0,0,0,0,0,0,0,32,0,3,3,1,1,31,64,47,108,218,108,218,62,220,62,220,209,221,179,218,215,218,177,219,3,255,64,103,9,10,3,1,0,0,0,0,0,0,0,0,2,0,191,95,49,49,209,39,39,0,64,0,0,0,0,202,36,49,49,155,165,165,0,3,8,5,0,128,188,141,157,223,157,223,157,223,157,223,0,223,180,223,185,223,190,223,157,223,157,223,2,141,216,0,165,26,150,250,141,211,73,240,0,1,0,0,0,0,0,0,0,0,0,0,0,0,0,0,0,0,0,0,0,0,0,0,0,32,0,3,3,1,1,31,64,47,108,218,108,218,62,220,62,220,209,221,179,218,215,218,177,219,3,255,64,103,10,10,6,1,0,0,0,0,0,0,0,0,2,0,191,95,49,49,209,39,39,0,64,0,0,0,0,202,36,49,49,155,165,165,0,3,8,5,0,128,188,141,157,223,157,223,157,223,157,223,0,223,180,223,185,223,190,223,157,223,157,223,2,141,216,0,165,26,150,250,141,211
2026-08-17_14-08-30,1,34,0,0.0,0,0.0,-1,-1,73,240,0,1,0,0,0,0,0,0,0,0,0,0,0,0,0,0,0,0,0,0,0,0,0,0,0,32,0,3,3,1,1,31,64,47,108,218,108,218,62,220,62,220,209,221,179,218,215,218,177,219,3,255,64,103,10,10,6,1,0,0,0,0,0,0,0,0,2,0,191,95,49,49,209,39,39,0,64,0,0,0,0,202,36,49,49,155,165,165,0,3,8,5,0,128,188,141,157,223,157,223,157,223,157,223,0,223,180,223,185,223,190,223,157,223,157,223,2,141,216,0,165,26,150,250,141,211,77,7,0,1,0,0,0,0,0,0,0,0,0,0,0,0,0,0,0,0,0,0,0,0,0,0,0,32,0,3,3,1,1,31,64,47,108,218,108,218,62,220,62,220,209,221,179,218,215,218,177,219,3,255,64,103,10,10,2,1,0,0,0,0,0,0,0,0,2,0,191,95,49,49,209,39,39,0,64,0,0,0,0,202,36,49,49,155,165,165,0,3,8,5,0,128,188,141,157,223,157,223,157,223,157,223,0,223,180,223,185,223,190,223,157,223,157,223,2,141,216,0,165,26,150,250,141,211
2026-08-17_14-08-30,1,35,3,0.0,0,0.0,-1,-1,77,7,0,1,0,0,0,0,0,0,0,0,0,0,0,0,0,0,0,0,0,0,0,0,0,0,0,32,0,3,3,1,1,31,64,47,108,218,108,218,62,220,62,220,209,221,179,218,215,218,177,219,3,255,64,103,10,10,2,1,0,0,0,0,0,0,0,0,2,0,191,95,49,49,209,39,39,0,64,0,0,0,0,202,36,49,49,155,165,165,0,3,8,5,0,128,188,141,157,223,157,223,157,223,157,223,0,223,180,223,185,223,190,223,157,223,157,223,2,141,216,0,165,26,150,250,141,211,81,115,0,1,0,0,0,0,0,0,0,0,0,0,0,0,0,0,0,0,0,0,0,0,0,0,0,32,0,3,3,1,1,31,64,47,108,218,108,218,62,220,62,220,209,221,179,218,215,218,177,219,3,255,64,103,11,10,5,1,0,0,0,0,0,0,0,0,2,0,191,95,49,49,209,39,39,0,64,0,0,0,0,202,36,49,49,155,165,165,0,3,8,5,0,128,188,141,157,223,157,223,157,223,157,223,0,223,180,223,185,223,190,223,157,223,157,223,2,141,216,0,165,26,150,250,141,211
2026-08-17_14-08-30,1,36,2,0.0,0,0.0,-1,-1,81,115,0,1,0,0,0,0,0,0,0,0,0,0,0,0,0,0,0,0,0,0,0,0,0,0,0,32,0,3,3,1,1,31,64,47,108,218,108,218,62,220,62,220,209,221,179,218,215,218,177,219,3,255,64,103,11,10,5,1,0,0,0,0,0,0,0,0,2,0,191,95,49,49,209,39,39,0,64,0,0,0,0,202,36,49,49,155,165,165,0,3,8,5,0,128,188,141,157,223,157,223,157,223,157,223,0,223,180,223,185,223,190,223,157,223,157,223,2,141,216,0,165,26,150,250,141,211,85,62,0,1,0,0,0,0,0,0,0,0,0,0,0,0,0,0,0,0,0,0,0,0,0,0,0,32,0,3,3,1,1,31,64,47,108,218,108,218,62,220,62,220,209,221,179,218,215,218,177,219,3,255,64,103,11,10,1,1,0,0,0,0,0,0,0,0,2,0,191,95,49,49,209,39,39,0,64,0,0,0,0,202,36,49,49,155,165,165,0,3,8,5,0,128,188,141,157,223,157,223,157,223,157,223,0,223,180,223,185,223,190,223,157,223,157,223,2,141,216,0,165,26,150,250,141,211
2026-08-17_14-08-30,1,37,2,0.0,0,0.0,-1,-1,85,62,0,1,0,0,0,0,0,0,0,0,0,0,0,0,0,0,0,0,0,0,0,0,0,0,0,32,0,3,3,1,1,31,64,47,108,218,108,218,62,220,62,220,209,221,179,218,215,218,177,219,3,255,64,103,11,10,1,1,0,0,0,0,0,0,0,0,2,0,191,95,49,49,209,39,39,0,64,0,0,0,0,202,36,49,49,155,165,165,0,3,8,5,0,128,188,141,157,223,157,223,157,223,157,223,0,223,180,223,185,223,190,223,157,223,157,223,2,141,216,0,165,26,150,250,141,211,89,236,0,1,0,0,0,0,0,0,0,0,0,0,0,0,0,0,0,0,0,0,0,0,0,0,0,32,0,3,3,1,1,31,64,47,108,218,108,218,62,220,62,220,209,221,179,218,215,218,177,219,3,255,64,103,0,10,4,0,0,0,0,0,0,0,0,0,2,0,191,95,49,49,209,39,39,0,64,0,0,0,0,202,36,49,49,155,165,165,0,3,8,5,0,128,188,141,157,223,157,223,157,223,157,223,0,223,180,223,185,223,190,223,157,223,157,223,2,141,216,0,165,26,150,250,141,211
2026-08-17_14-08-30,1,38,3,0.0,0,0.0,-1,-1,89,236,0,1,0,0,0,0,0,0,0,0,0,0,0,0,0,0,0,0,0,0,0,0,0,0,0,32,0,3,3,1,1,31,64,47,108,218,108,218,62,220,62,220,209,221,179,218,215,218,177,219,3,255,64,103,0,10,4,0,0,0,0,0,0,0,0,0,2,0,191,95,49,49,209,39,39,0,64,0,0,0,0,202,36,49,49,155,165,165,0,3,8,5,0,128,188,141,157,223,157,223,157,223,157,223,0,223,180,223,185,223,190,223,157,223,157,223,2,141,216,0,165,26,150,250,141,211,93,200,0,1,0,0,0,0,0,0,0,0,0,0,0,0,0,0,0,0,0,0,0,0,0,0,0,32,0,3,3,1,1,31,64,47,108,218,108,218,62,220,62,220,209,221,179,218,215,218,177,219,3,255,64,103,0,10,0,0,0,0,0,0,0,0,0,0,2,0,191,95,49,49,209,39,39,0,64,0,0,0,0,202,36,49,49,155,165,165,0,3,8,5,0,128,188,141,157,223,157,223,157,223,157,223,0,223,180,223,185,223,190,223,157,223,157,223,2,141,216,0,165,26,150,250,141,211
2026-08-17_14-08-30,1,39,0,0.0,0,0.0,-1,-1,93,200,0,1,0,0,0,0,0,0,0,0,0,0,0,0,0,0,0,0,0,0,0,0,0,0,0,32,0,3,3,1,1,31,64,47,108,218,108,218,62,220,62,220,209,221,179,218,215,218,177,219,3,255,64,103,0,10,0,0,0,0,0,0,0,0,0,0,2,0,191,95,49,49,209,39,39,0,64,0,0,0,0,202,36,49,49,155,165,165,0,3,8,5,0,128,188,141,157,223,157,223,157,223,157,223,0,223,180,223,185,223,190,223,157,223,157,223,2,141,216,0,165,26,150,250,141,211,97,136,0,1,0,0,0,0,0,0,0,0,0,0,0,0,0,0,0,0,0,0,0,0,0,0,0,32,0,3,3,1,1,31,64,47,108,218,108,218,62,220,62,220,209,221,179,218,215,218,177,219,3,255,64,103,1,10,3,0,0,0,0,0,0,0,0,0,2,0,191,95,49,49,209,39,39,0,64,0,0,0,0,202,36,49,49,155,165,165,0,3,8,5,0,128,188,141,157,223,157,223,157,223,157,223,0,223,180,223,185,223,190,223,157,223,157,223,2,141,216,0,165,26,150,250,141,211
2026-08-17_14-08-30,1,40,0,0.0,0,0.0,-1,-1,97,136,0,1,0,0,0,0,0,0,0,0,0,0,0,0,0,0,0,0,0,0,0,0,0,0,0,32,0,3,3,1,1,31,64,47,108,218,108,218,62,220,62,220,209,221,179,218,215,218,177,219,3,255,64,103,1,10,3,0,0,0,0,0,0,0,0,0,2,0,191,95,49,49,209,39,39,0,64,0,0,0,0,202,36,49,49,155,165,165,0,3,8,5,0,128,188,141,157,223,157,223,157,223,157,223,0,223,180,223,185,223,190,223,157,223,157,223,2,141,216,0,165,26,150,250,141,211,101,140,0,1,0,0,0,0,0,0,0,0,0,0,0,0,0,0,0,0,0,0,0,0,0,0,0,32,0,3,3,1,1,31,64,47,108,218,108,218,62,220,62,220,209,221,179,218,215,218,177,219,3,255,64,103,2,10,6,0,0,0,0,0,0,0,0,0,2,0,191,95,49,49,209,39,39,0,64,0,0,0,0,202,36,49,49,155,165,165,0,3,8,5,0,128,188,141,157,223,157,223,157,223,157,223,0,223,180,223,185,223,190,223,157,223,157,223,2,141,216,0,165,26,150,250,141,211
2026-08-17_14-08-30,1,41,0,0.0,0,0.0,-1,-1,101,140,0,1,0,0,0,0,0,0,0,0,0,0,0,0,0,0,0,0,0,0,0,0,0,0,0,32,0,3,3,1,1,31,64,47,108,218,108,218,62,220,62,220,209,221,179,218,215,218,177,219,3,255,64,103,2,10,6,0,0,0,0,0,0,0,0,0,2,0,191,95,49,49,209,39,39,0,64,0,0,0,0,202,36,49,49,155,165,165,0,3,8,5,0,128,188,141,157,223,157,223,157,223,157,223,0,223,180,223,185,223,190,223,157,223,157,223,2,141,216,0,165,26,150,250,141,211,105,206,0,1,0,0,0,0,0,0,0,0,0,0,0,0,0,0,0,0,0,0,0,0,0,0,0,32,0,3,3,1,1,31,64,47,108,218,108,218,62,220,62,220,209,221,179,218,215,218,177,219,3,255,64,103,2,10,2,0,0,0,0,0,0,0,0,0,2,0,191,95,49,49,209,39,39,0,64,0,0,0,0,202,36,49,49,155,165,165,0,3,8,5,0,128,188,141,157,223,157,223,157,223,157,223,0,223,180,223,185,223,190,223,157,223,157,223,2,141,216,0,165,26,150,250,141,211
2026-08-17_14-08-30,1,42,0,0.0,0,0.0,-1,-1,105,206,0,1,0,0,0,0,0,0,0,0,0,0,0,0,0,0,0,0,0,0,0,0,0,0,0,32,0,3,3,1,1,31,64,47,108,218,108,218,62,220,62,220,209,221,179,218,215,218,177,219,3,255,64,103,2,10,2,0,0,0,0,0,0,0,0,0,2,0,191,95,49,49,209,39,39,0,64,0,0,0,0,202,36,49,49,155,165,165,0,3,8,5,0,128,188,141,157,223,157,223,157,223,157,223,0,223,180,223,185,223,190,223,157,223,157,223,2,141,216,0,165,26,150,250,141,211,109,235,0,1,0,0,0,0,0,0,0,0,0,0,0,0,0,0,0,0,0,0,0,0,0,0,0,32,0,3,3,1,1,31,64,47,108,218,108,218,62,220,62,220,209,221,179,218,215,218,177,219,3,255,64,103,3,10,5,0,0,0,0,0,0,0,0,0,2,0,191,95,49,49,209,39,39,0,64,0,0,0,0,202,36,49,49,155,165,165,0,3,8,5,0,128,188,141,157,223,157,223,157,223,157,223,0,223,180,223,185,223,190,223,157,223,157,223,2,141,216,0,165,26,150,250,141,211
2026-08-17_14-08-30,1,43,0,0.0,0,0.0,-1,-1,109,235,0,1,0,0,0,0,0,0,0,0,0,0,0,0,0,0,0,0,0,0,0,0,0,0,0,32,0,3,3,1,1,31,64,47,108,218,108,218,62,220,62,220,209,221,179,218,215,218,177,219,3,255,64,103,3,10,5,0,0,0,0,0,0,0,0,0,2,0,191,95,49,49,209,39,39,0,64,0,0,0,0,202,36,49,49,155,165,165,0,3,8,5,0,128,188,141,157,223,157,223,157,223,157,223,0,223,180,223,185,223,190,223,157,223,157,223,2,141,216,0,165,26,150,250,141,211,113,187,0,1,0,0,0,0,0,0,0,0,0,0,0,0,0,0,0,0,0,0,0,0,0,0,0,32,0,3,3,1,1,31,64,47,108,218,108,218,62,220,62,220,209,221,179,218,215,218,177,219,3,255,64,103,3,10,1,0,0,0,0,0,0,0,0,0,2,0,191,95,49,49,209,39,39,0,64,0,0,0,0,202,36,49,49,155,165,165,0,3,8,5,0,128,188,141,157,223,157,223,157,223,157,223,0,223,180,223,185,223,190,223,157,223,157,223,2,141,216,0,165,26,150,250,141,211
2026-08-17_14-08-30,1,44,0,0.0,0,0.0,-1,-1,113,187,0,1,0,0,0,0,0,0,0,0,0,0,0,0,0,0,0,0,0,0,0,0,0,0,0,32,0,3,3,1,1,31,64,47,108,218,108,218,62,220,62,220,209,221,179,218,215,218,177,219,3,255,64,103,3,10,1,0,0,0,0,0,0,0,0,0,2,0,191,95,49,49,209,39,39,0,64,0,0,0,0,202,36,49,49,155,165,165,0,3,8,5,0,128,188,141,157,223,157,223,157,223,157,223,0,223,180,223,185,223,190,223,157,223,157,223,2,141,216,0,165,26,150,250,141,211,117,182,0,1,0,0,0,0,0,0,0,0,0,0,0,0,0,0,0,0,0,0,0,0,0,0,0,32,0,3,3,1,1,31,64,47,108,218,108,218,62,220,62,220,209,221,179,218,215,218,177,219,3,255,64,103,4,10,4,0,0,0,0,0,0,0,0,0,2,0,191,95,49,49,209,39,39,0,64,0,0,0,0,202,36,49,49,155,165,165,0,3,8,5,0,128,188,141,157,223,157,223,157,223,157,223,0,223,180,223,185,223,190,223,157,223,157,223,2,141,216,0,165,26,150,250,141,211
2026-08-17_14-08-30,1,45,0,0.0,0,0.0,-1,-1,117,182,0,1,0,0,0,0,0,0,0,0,0,0,0,0,0,0,0,0,0,0,0,0,0,0,0,32,0,3,3,1,1,31,64,47,108,218,108,218,62,220,62,220,209,221,179,218,215,218,177,219,3,255,64,103,4,10,4,0,0,0,0,0,0,0,0,0,2,0,191,95,49,49,209,39,39,0,64,0,0,0,0,202,36,49,49,155,165,165,0,3,8,5,0,128,188,141,157,223,157,223,157,223,157,223,0,223,180,223,185,223,190,223,157,223,157,223,2,141,216,0,165,26,150,250,141,211,121,96,0,1,0,0,0,0,0,0,0,0,0,0,0,0,0,0,0,0,0,0,0,0,0,0,0,32,0,3,3,1,1,31,64,47,108,218,108,218,62,220,62,220,209,221,179,218,215,218,177,219,3,255,64,103,4,10,0,0,0,0,0,0,0,0,0,0,2,0,191,95,49,49,209,39,39,0,64,0,0,0,0,202,36,49,49,155,165,165,0,3,8,5,0,128,188,141,157,223,157,223,157,223,157,223,0,223,180,223,185,223,190,223,157,223,157,223,2,141,216,0,165,26,150,250,141,211
2026-08-17_14-08-30,1,46,0,0.0,0,0.0,-1,-1,121,96,0,1,0,0,0,0,0,0,0,0,0,0,0,0,0,0,0,0,0,0,0,0,0,0,0,32,0,3,3,1,1,31,64,47,108,218,108,218,62,220,62,220,209,221,179,218,215,218,177,219,3,255,64,103,4,10,0,0,0,0,0,0,0,0,0,0,2,0,191,95,49,49,209,39,39,0,64,0,0,0,0,202,36,49,49,155,165,165,0,3,8,5,0,128,188,141,157,223,157,223,157,223,157,223,0,223,180,223,185,223,190,223,157,223,157,223,2,141,216,0,165,26,150,250,141,211,125,6,0,1,0,0,0,0,0,0,0,0,0,0,0,0,0,0,0,0,0,0,0,0,0,0,0,32,0,3,3,1,1,31,64,47,108,218,108,218,62,220,62,220,209,221,179,218,215,218,177,219,3,255,64,103,5,10,3,0,0,0,0,0,0,0,0,0,2,0,191,95,49,49,209,39,39,0,64,0,0,0,0,202,36,49,49,155,165,165,0,3,8,5,0,128,188,141,157,223,157,223,157,223,157,223,0,223,180,223,185,223,190,223,157,223,157,223,2,141,216,0,165,26,150,250,141,211
2026-08-17_14-08-30,1,47,0,0.0,0,0.0,-1,-1,125,6,0,1,0,0,0,0,0,0,0,0,0,0,0,0,0,0,0,0,0,0,0,0,0,0,0,32,0,3,3,1,1,31,64,47,108,218,108,218,62,220,62,220,209,221,179,218,215,218,177,219,3,255,64,103,5,10,3,0,0,0,0,0,0,0,0,0,2,0,191,95,49,49,209,39,39,0,64,0,0,0,0,202,36,49,49,155,165,165,0,3,8,5,0,128,188,141,157,223,157,223,157,223,157,223,0,223,180,223,185,223,190,223,157,223,157,223,2,141,216,0,165,26,150,250,141,211,129,99,0,1,0,0,0,0,0,0,0,0,0,0,0,0,0,0,0,0,0,0,0,0,0,0,0,32,0,3,3,1,1,31,64,47,108,218,108,218,62,220,62,220,209,221,179,218,215,218,177,219,3,255,64,103,6,10,6,0,0,0,0,0,0,0,0,0,2,0,191,95,49,49,209,39,39,0,64,0,0,0,0,202,36,49,49,155,165,165,0,3,8,5,0,128,188,141,157,223,157,223,157,223,157,223,0,223,180,223,185,223,190,223,157,223,157,223,2,141,216,0,165,26,150,250,141,211
2026-08-17_14-08-30,1,48,2,0.0,0,0.0,-1,-1,129,99,0,1,0,0,0,0,0,0,0,0,0,0,0,0,0,0,0,0,0,0,0,0,0,0,0,32,0,3,3,1,1,31,64,47,108,218,108,218,62,220,62,220,209,221,179,218,215,218,177,219,3,255,64,103,6,10,6,0,0,0,0,0,0,0,0,0,2,0,191,95,49,49,209,39,39,0,64,0,0,0,0,202,36,49,49,155,165,165,0,3,8,5,0,128,188,141,157,223,157,223,157,223,157,223,0,223,180,223,185,223,190,223,157,223,157,223,2,141,216,0,165,26,150,250,141,211,133,55,0,1,0,0,0,0,0,0,0,0,0,0,0,0,0,0,0,0,0,0,0,0,0,0,0,32,0,3,3,1,1,31,64,47,108,218,108,218,62,220,62,220,209,221,179,218,215,218,177,219,3,255,64,103,6,10,2,0,0,0,0,0,0,0,0,0,2,0,191,95,49,49,209,39,39,0,64,0,0,0,0,202,36,49,49,155,165,165,0,3,8,5,0,128,188,141,157,223,157,223,157,223,157,223,0,223,180,223,185,223,190,223,157,223,157,223,2,141,216,0,165,26,150,250,141,211
2026-08-17_14-08-30,1,49,2,0.0,0,0.0,-1,-1,133,55,0,1,0,0,0,0,0,0,0,0,0,0,0,0,0,0,0,0,0,0,0,0,0,0,0,32,0,3,3,1,1,31,64,47,108,218,108,218,62,220,62,220,209,221,179,218,215,218,177,219,3,255,64,103,6,10,2,0,0,0,0,0,0,0,0,0,2,0,191,95,49,49,209,39,39,0,64,0,0,0,0,202,36,49,49,155,165,165,0,3,8,5,0,128,188,141,157,223,157,223,157,223,157,223,0,223,180,223,185,223,190,223,157,223,157,223,2,141,216,0,165,26,150,250,141,211,137,120,0,1,0,0,0,0,0,0,0,0,0,0,0,0,0,0,0,0,0,0,0,0,0,0,0,32,0,3,3,1,1,31,64,47,108,218,108,218,62,220,62,220,209,221,179,218,215,218,177,219,3,255,64,103,7,10,5,0,0,0,0,0,0,0,0,0,2,0,191,95,49,49,209,39,39,0,64,0,0,0,0,202,36,49,49,155,165,165,0,3,8,5,0,128,188,141,157,223,157,223,157,223,157,223,0,223,180,223,185,223,190,223,157,223,157,223,2,141,216,0,165,26,150,250,141,211
2026-08-17_14-08-30,1,50,2,0.0,0,0.0,-1,-1,137,120,0,1,0,0,0,0,0,0,0,0,0,0,0,0,0,0,0,0,0,0,0,0,0,0,0,32,0,3,3,1,1,31,64,47,108,218,108,218,62,220,62,220,209,221,179,218,215,218,177,219,3,255,64,103,7,10,5,0,0,0,0,0,0,0,0,0,2,0,191,95,49,49,209,39,39,0,64,0,0,0,0,202,36,49,49,155,165,165,0,3,8,5,0,128,188,141,157,223,157,223,157,223,157,223,0,223,180,223,185,223,190,223,157,223,157,223,2,141,216,0,165,26,150,250,141,211,141,139,0,1,0,0,0,0,0,0,0,0,0,0,0,0,0,0,0,0,0,0,0,0,0,0,0,32,0,3,3,1,1,31,64,47,108,218,108,218,62,220,62,220,209,221,179,218,215,218,177,219,3,255,64,103,7,10,1,0,0,0,0,0,0,0,0,0,2,0,191,95,49,49,209,39,39,0,64,0,0,0,0,202,36,49,49,155,165,165,0,3,8,5,0,128,188,141,157,223,157,223,157,223,157,223,0,223,180,223,185,223,190,223,157,223,157,223,2,141,216,0,165,26,150,250,141,211
2026-08-17_14-08-30,1,51,2,0.0,0,0.0,-1,-1,141,139,0,1,0,0,0,0,0,0,0,0,0,0,0,0,0,0,0,0,0,0,0,0,0,0,0,32,0,3,3,1,1,31,64,47,108,218,108,218,62,220,62,220,209,221,179,218,215,218,177,219,3,255,64,103,7,10,1,0,0,0,0,0,0,0,0,0,2,0,191,95,49,49,209,39,39,0,64,0,0,0,0,202,36,49,49,155,165,165,0,3,8,5,0,128,188,141,157,223,157,223,157,223,157,223,0,223,180,223,185,223,190,223,157,223,157,223,2,141,216,0,165,26,150,250,141,211,145,189,0,1,0,0,0,0,0,0,0,0,0,0,0,0,0,0,0,0,0,0,0,0,0,0,0,32,0,3,3,1,1,31,64,47,108,218,108,218,62,220,62,220,209,221,179,218,215,218,177,219,3,255,64,103,8,10,4,0,0,0,0,0,0,0,0,0,2,0,191,95,49,49,209,39,39,0,64,0,0,0,0,202,36,49,49,155,165,165,0,3,8,5,0,128,188,141,157,223,157,223,157,223,157,223,0,223,180,223,185,223,190,223,157,223,157,223,2,141,216,0,165,26,150,250,141,211
2026-08-17_14-08-30,1,52,2,0.0,0,0.0,-1,-1,145,189,0,1,0,0,0,0,0,0,0,0,0,0,0,0,0,0,0,0,0,0,0,0,0,0,0,32,0,3,3,1,1,31,64,47,108,218,108,218,62,220,62,220,209,221,179,218,215,218,177,219,3,255,64,103,8,10,4,0,0,0,0,0,0,0,0,0,2,0,191,95,49,49,209,39,39,0,64,0,0,0,0,202,36,49,49,155,165,165,0,3,8,5,0,128,188,141,157,223,157,223,157,223,157,223,0,223,180,223,185,223,190,223,157,223,157,223,2,141,216,0,165,26,150,250,141,211,149,213,0,1,0,0,0,0,0,0,0,0,0,0,0,0,0,0,0,0,0,0,0,0,0,0,0,32,0,3,3,1,1,31,64,47,108,218,108,218,62,220,62,220,209,221,179,218,215,218,177,219,3,255,64,103,8,10,0,0,0,0,0,0,0,0,0,0,2,0,191,95,49,49,209,39,39,0,64,0,0,0,0,202,36,49,49,155,165,165,0,3,8,5,0,128,188,141,157,223,157,223,157,223,157,223,0,223,180,223,185,223,190,223,157,223,157,223,2,141,216,0,165,26,150,250,141,211
2026-08-17_14-08-30,1,53,2,0.0,0,0.0,-1,-1,149,213,0,1,0,0,0,0,0,0,0,0,0,0,0,0,0,0,0,0,0,0,0,0,0,0,0,32,0,3,3,1,1,31,64,47,108,218,108,218,62,220,62,220,209,221,179,218,215,218,177,219,3,255,64,103,8,10,0,0,0,0,0,0,0,0,0,0,2,0,191,95,49,49,209,39,39,0,64,0,0,0,0,202,36,49,49,155,165,165,0,3,8,5,0,128,188,141,157,223,157,223,157,223,157,223,0,223,180,223,185,223,190,223,157,223,157,223,2,141,216,0,165,26,150,250,141,211,153,87,0,1,0,0,0,0,0,0,0,0,0,0,0,0,0,0,0,0,0,0,0,0,0,0,0,32,0,3,3,1,1,31,64,47,108,218,108,218,62,220,62,220,209,221,179,218,215,218,177,219,3,255,64,103,9,10,3,0,0,0,0,0,0,0,0,0,2,0,191,95,49,49,209,39,39,0,64,0,0,0,0,202,36,49,49,155,165,165,0,3,8,5,0,128,188,141,157,223,157,223,157,223,157,223,0,223,180,223,185,223,190,223,157,223,157,223,2,141,216,0,165,26,150,250,141,211
2026-08-17_14-08-30,1,54,2,0.0,0,0.0,-1,-1,153,87,0,1,0,0,0,0,0,0,0,0,0,0,0,0,0,0,0,0,0,0,0,0,0,0,0,32,0,3,3,1,1,31,64,47,108,218,108,218,62,220,62,220,209,221,179,218,215,218,177,219,3,255,64,103,9,10,3,0,0,0,0,0,0,0,0,0,2,0,191,95,49,49,209,39,39,0,64,0,0,0,0,202,36,49,49,155,165,165,0,3,8,5,0,128,188,141,157,223,157,223,157,223,157,223,0,223,180,223,185,223,190,223,157,223,157,223,2,141,216,0,165,26,150,250,141,211,157,126,0,1,0,0,0,0,0,0,0,0,0,0,0,0,0,0,0,0,0,0,0,0,0,0,0,32,0,3,3,1,1,31,64,47,108,218,108,218,62,220,62,220,209,221,179,218,215,218,177,219,3,255,64,103,10,10,6,0,0,0,0,0,0,0,0,0,2,0,191,95,49,49,209,39,39,0,64,0,0,0,0,202,36,49,49,155,165,165,0,3,8,5,0,128,188,141,157,223,157,223,157,223,157,223,0,223,180,223,185,223,190,223,157,223,157,223,2,141,216,0,165,26,150,250,141,211
2026-08-17_14-08-30,1,55,3,0.0,0,0.0,-1,-1,157,126,0,1,0,0,0,0,0,0,0,0,0,0,0,0,0,0,0,0,0,0,0,0,0,0,0,32,0,3,3,1,1,31,64,47,108,218,108,218,62,220,62,220,209,221,179,218,215,218,177,219,3,255,64,103,10,10,6,0,0,0,0,0,0,0,0,0,2,0,191,95,49,49,209,39,39,0,64,0,0,0,0,202,36,49,49,155,165,165,0,3,8,5,0,128,188,141,157,223,157,223,157,223,157,223,0,223,180,223,185,223,190,223,157,223,157,223,2,141,216,0,165,26,150,250,141,211,161,232,0,1,0,0,0,0,0,0,0,0,0,0,0,0,0,0,0,0,0,0,0,0,0,0,0,32,0,3,3,1,1,31,64,47,108,218,108,218,62,220,62,220,209,221,179,218,215,218,177,219,3,255,64,103,10,10,2,0,0,0,0,0,0,0,0,0,2,0,191,95,49,49,209,39,39,0,64,0,0,0,0,202,36,49,49,155,165,165,0,3,8,5,0,128,188,141,157,223,157,223,157,223,157,223,0,223,180,223,185,223,190,223,157,223,157,223,2,141,216,0,165,26,150,250,141,211
2026-08-17_14-08-30,1,56,3,0.0,0,0.0,-1,-1,161,232,0,1,0,0,0,0,0,0,0,0,0,0,0,0,0,0,0,0,0,0,0,0,0,0,0,32,0,3,3,1,1,31,64,47,108,218,108,218,62,220,62,220,209,221,179,218,215,218,177,219,3,255,64,103,10,10,2,0,0,0,0,0,0,0,0,0,2,0,191,95,49,49,209,39,39,0,64,0,0,0,0,202,36,49,49,155,165,165,0,3,8,5,0,128,188,141,157,223,157,223,157,223,157,223,0,223,180,223,185,223,190,223,157,223,157,223,2,141,216,0,165,26,150,250,141,211,165,138,0,1,0,0,0,0,0,0,0,0,0,0,0,0,0,0,0,0,0,0,0,0,0,0,0,32,0,3,3,1,1,31,64,47,108,218,108,218,62,220,62,220,209,221,179,218,215,218,177,219,3,255,64,103,11,10,5,0,0,0,0,0,0,0,0,0,2,0,191,95,49,49,209,39,39,0,64,0,0,0,0,202,36,49,49,155,165,165,0,3,8,5,0,128,188,141,157,223,157,223,157,223,157,223,0,223,180,223,185,223,190,223,157,223,157,223,2,141,216,0,165,26,150,250,141,211
2026-08-17_14-08-30,1,57,3,0.0,0,0.0,-1,-1,165,138,0,1,0,0,0,0,0,0,0,0,0,0,0,0,0,0,0,0,0,0,0,0,0,0,0,32,0,3,3,1,1,31,64,47,108,218,108,218,62,220,62,220,209,221,179,218,215,218,177,219,3,255,64,103,11,10,5,0,0,0,0,0,0,0,0,0,2,0,191,95,49,49,209,39,39,0,64,0,0,0,0,202,36,49,49,155,165,165,0,3,8,5,0,128,188,141,157,223,157,223,157,223,157,223,0,223,180,223,185,223,190,223,157,223,157,223,2,141,216,0,165,26,150,250,141,211,169,173,0,1,0,0,0,0,0,0,0,0,0,0,0,0,0,0,0,0,0,0,0,0,0,0,0,32,0,3,3,1,1,31,64,47,108,218,108,218,62,220,62,220,209,221,179,218,215,218,177,219,3,255,64,103,11,10,1,0,0,0,0,0,0,0,0,0,2,0,191,95,49,49,209,39,39,0,64,0,0,0,0,202,36,49,49,155,165,165,0,3,8,5,0,128,188,141,157,223,157,223,157,223,157,223,0,223,180,223,185,223,190,223,157,223,157,223,2,141,216,0,165,26,150,250,141,211
2026-08-17_14-08-30,1,58,3,0.0,0,0.0,-1,-1,169,173,0,1,0,0,0,0,0,0,0,0,0,0,0,0,0,0,0,0,0,0,0,0,0,0,0,32,0,3,3,1,1,31,64,47,108,218,108,218,62,220,62,220,209,221,179,218,215,218,177,219,3,255,64,103,11,10,1,0,0,0,0,0,0,0,0,0,2,0,191,95,49,49,209,39,39,0,64,0,0,0,0,202,36,49,49,155,165,165,0,3,8,5,0,128,188,141,157,223,157,223,157,223,157,223,0,223,180,223,185,223,190,223,157,223,157,223,2,141,216,0,165,26,150,250,141,211,173,220,0,1,0,0,0,0,0,0,0,0,0,0,0,0,0,0,0,0,0,0,0,0,0,0,0,32,0,3,3,1,1,31,64,47,108,218,108,218,62,220,62,220,209,221,179,218,215,218,177,219,3,255,64,103,12,10,4,255,0,0,0,0,0,0,0,0,2,0,191,95,49,49,209,39,39,0,64,0,0,0,0,202,36,49,49,155,165,165,0,3,8,5,0,128,188,141,157,223,157,223,157,223,157,223,0,223,180,223,185,223,190,223,157,223,157,223,2,141,216,0,165,26,150,250,141,211
2026-08-17_14-08-30,1,59,3,0.0,0,0.0,-1,-1,173,220,0,1,0,0,0,0,0,0,0,0,0,0,0,0,0,0,0,0,0,0,0,0,0,0,0,32,0,3,3,1,1,31,64,47,108,218,108,218,62,220,62,220,209,221,179,218,215,218,177,219,3,255,64,103,12,10,4,255,0,0,0,0,0,0,0,0,2,0,191,95,49,49,209,39,39,0,64,0,0,0,0,202,36,49,49,155,165,165,0,3,8,5,0,128,188,141,157,223,157,223,157,223,157,223,0,223,180,223,185,223,190,223,157,223,157,223,2,141,216,0,165,26,150,250,141,211,177,195,0,1,0,0,0,0,0,0,0,0,0,0,0,0,0,0,0,0,0,0,0,0,0,0,0,32,0,3,3,1,1,31,64,47,108,218,108,218,62,220,62,220,209,221,179,218,215,218,177,219,3,255,64,103,12,10,0,255,0,0,0,0,0,0,0,0,2,0,191,95,49,49,209,39,39,0,64,0,0,0,0,202,36,49,49,155,165,165,0,3,8,5,0,128,188,141,157,223,157,223,157,223,157,223,0,223,180,223,185,223,190,223,157,223,157,223,2,141,216,0,165,26,150,250,141,211
2026-08-17_14-08-30,1,60,0,0.0,0,0.0,-1,-1,177,195,0,1,0,0,0,0,0,0,0,0,0,0,0,0,0,0,0,0,0,0,0,0,0,0,0,32,0,3,3,1,1,31,64,47,108,218,108,218,62,220,62,220,209,221,179,218,215,218,177,219,3,255,64,103,12,10,0,255,0,0,0,0,0,0,0,0,2,0,191,95,49,49,209,39,39,0,64,0,0,0,0,202,36,49,49,155,165,165,0,3,8,5,0,128,188,141,157,223,157,223,157,223,157,223,0,223,180,223,185,223,190,223,157,223,157,223,2,141,216,0,165,26,150,250,141,211,181,61,0,1,0,0,0,0,0,0,0,0,0,0,0,0,0,0,0,0,0,0,0,0,0,0,0,32,0,3,3,1,1,31,64,47,108,218,108,218,62,220,62,220,209,221,179,218,215,218,177,219,3,255,64,103,13,10,3,254,0,0,0,0,0,0,0,0,2,0,191,95,49,49,209,39,39,0,64,0,0,0,0,202,36,49,49,155,165,165,0,3,8,5,0,128,188,141,157,223,157,223,157,223,157,223,0,223,180,223,185,223,190,223,157,223,157,223,2,141,216,0,165,26,150,250,141,211
2026-08-17_14-08-30,1,61,0,0.0,0,0.0,-1,-1,181,61,0,1,0,0,0,0,0,0,0,0,0,0,0,0,0,0,0,0,0,0,0,0,0,0,0,32,0,3,3,1,1,31,64,47,108,218,108,218,62,220,62,220,209,221,179,218,215,218,177,219,3,255,64,103,13,10,3,254,0,0,0,0,0,0,0,0,2,0,191,95,49,49,209,39,39,0,64,0,0,0,0,202,36,49,49,155,165,165,0,3,8,5,0,128,188,141,157,223,157,223,157,223,157,223,0,223,180,223,185,223,190,223,157,223,157,223,2,141,216,0,165,26,150,250,141,211,185,221,0,1,0,0,0,0,0,0,0,0,0,0,0,0,0,0,0,0,0,0,0,0,0,0,0,32,0,3,3,1,1,31,64,47,108,218,108,218,62,220,62,220,209,221,179,218,215,218,177,219,3,255,64,103,14,10,6,253,0,0,0,0,0,0,0,0,2,0,191,95,49,49,209,39,39,0,64,0,0,0,0,202,36,49,49,155,165,165,0,3,8,5,0,128,188,141,157,223,157,223,157,223,157,223,0,223,180,223,185,223,190,223,157,223,157,223,2,141,216,0,165,26,150,250,141,211
2026-08-17_14-08-30,1,62,0,0.0,0,0.0,-1,-1,185,221,0,1,0,0,0,0,0,0,0,0,0,0,0,0,0,0,0,0,0,0,0,0,0,0,0,32,0,3,3,1,1,31,64,47,108,218,108,218,62,220,62,220,209,221,179,218,215,218,177,219,3,255,64,103,14,10,6,253,0,0,0,0,0,0,0,0,2,0,191,95,49,49,209,39,39,0,64,0,0,0,0,202,36,49,49,155,165,165,0,3,8,5,0,128,188,141,157,223,157,223,157,223,157,223,0,223,180,223,185,223,190,223,157,223,157,223,2,141,216,0,165,26,150,250,141,211,189,211,0,1,0,0,0,0,0,0,0,0,0,0,0,0,0,0,0,0,0,0,0,0,0,0,0,32,0,3,3,1,1,31,64,47,108,218,108,218,62,220,62,220,209,221,179,218,215,218,177,219,3,255,64,103,14,10,2,253,0,0,0,0,0,0,0,0,2,0,191,95,49,49,209,39,39,0,64,0,0,0,0,202,36,49,49,155,165,165,0,3,8,5,0,128,188,141,157,223,157,223,157,223,157,223,0,223,180,223,185,223,190,223,157,223,157,223,2,141,216,0,165,26,150,250,141,211
2026-08-17_14-08-30,1,63,0,0.0,0,0.0,-1,-1,189,211,0,1,0,0,0,0,0,0,0,0,0,0,0,0,0,0,0,0,0,0,0,0,0,0,0,32,0,3,3,1,1,31,64,47,108,218,108,218,62,220,62,220,209,221,179,218,215,218,177,219,3,255,64,103,14,10,2,253,0,0,0,0,0,0,0,0,2,0,191,95,49,49,209,39,39,0,64,0,0,0,0,202,36,49,49,155,165,165,0,3,8,5,0,128,188,141,157,223,157,223,157,223,157,223,0,223,180,223,185,223,190,223,157,223,157,223,2,141,216,0,165,26,150,250,141,211,193,52,0,1,0,0,0,0,0,0,0,0,0,0,0,0,0,0,0,0,0,0,0,0,0,0,0,32,0,3,3,1,1,31,64,47,108,218,108,218,62,220,62,220,209,221,179,218,215,218,177,219,3,255,64,103,15,10,5,252,0,0,0,0,0,0,0,0,2,0,191,95,49,49,209,39,39,0,64,0,0,0,0,202,36,49,49,155,165,165,0,3,8,5,0,128,188,141,157,223,157,223,157,223,157,223,0,223,180,223,185,223,190,223,157,223,157,223,2,141,216,0,165,26,150,250,141,211
2026-08-17_14-08-30,1,64,0,0.0,0,0.0,-1,-1,193,52,0,1,0,0,0,0,0,0,0,0,0,0,0,0,0,0,0,0,0,0,0,0,0,0,0,32,0,3,3,1,1,31,64,47,108,218,108,218,62,220,62,220,209,221,179,218,215,218,177,219,3,255,64,103,15,10,5,252,0,0,0,0,0,0,0,0,2,0,191,95,49,49,209,39,39,0,64,0,0,0,0,202,36,49,49,155,165,165,0,3,8,5,0,128,188,141,157,223,157,223,157,223,157,223,0,223,180,223,185,223,190,223,157,223,157,223,2,141,216,0,165,26,150,250,141,211,197,73,0,1,0,0,0,0,0,0,0,0,0,0,0,0,0,0,0,0,0,0,0,0,0,0,0,32,0,3,3,1,1,31,64,47,108,218,108,218,62,220,62,220,209,221,179,218,215,218,177,219,3,255,64,103,15,10,1,252,0,0,0,0,0,0,0,0,2,0,191,95,49,49,209,39,39,0,64,0,0,0,0,202,36,49,49,155,165,165,0,3,8,5,0,128,188,141,157,223,157,223,157,223,157,223,0,223,180,223,185,223,190,223,157,223,157,223,2,141,216,0,165,26,150,250,141,211
2026-08-17_14-08-30,1,65,0,0.0,0,0.0,-1,-1,197,73,0,1,0,0,0,0,0,0,0,0,0,0,0,0,0,0,0,0,0,0,0,0,0,0,0,32,0,3,3,1,1,31,64,47,108,218,108,218,62,220,62,220,209,221,179,218,215,218,177,219,3,255,64,103,15,10,1,252,0,0,0,0,0,0,0,0,2,0,191,95,49,49,209,39,39,0,64,0,0,0,0,202,36,49,49,155,165,165,0,3,8,5,0,128,188,141,157,223,157,223,157,223,157,223,0,223,180,223,185,223,190,223,157,223,157,223,2,141,216,0,165,26,150,250,141,211,201,144,0,1,0,0,0,0,0,0,0,0,0,0,0,0,0,0,0,0,0,0,0,0,0,0,0,32,0,3,3,1,1,31,64,47,144,218,108,218,62,220,62,220,209,221,179,218,215,218,177,219,3,255,64,103,15,10,253,252,0,0,5,0,5,0,0,0,2,0,191,95,49,49,207,39,39,0,64,0,0,0,0,202,36,49,49,187,165,165,0,3,8,8,0,128,188,141,157,223,157,223,157,223,157,223,0,223,180,223,185,223,190,223,157,223,157,223,2,141,216,0,165,26,200,250,141,211
2026-08-17_14-08-30,1,66,0,0.0,0,0.0,-1,-1,201,144,0,1,0,0,0,0,0,0,0,0,0,0,0,0,0,0,0,0,0,0,0,0,0,0,0,32,0,3,3,1,1,31,64,47,144,218,108,218,62,220,62,220,209,221,179,218,215,218,177,219,3,255,64,103,15,10,253,252,0,0,5,0,5,0,0,0,2,0,191,95,49,49,207,39,39,0,64,0,0,0,0,202,36,49,49,187,165,165,0,3,8,8,0,128,188,141,157,223,157,223,157,223,157,223,0,223,180,223,185,223,190,223,157,223,157,223,2,141,216,0,165,26,200,250,141,211,205,1,0,1,0,0,0,0,0,0,0,0,0,0,0,0,0,0,0,0,0,0,0,0,0,0,0,32,0,3,3,1,1,31,64,47,144,218,108,218,62,220,62,220,209,221,179,218,215,218,177,219,3,255,64,103,15,10,249,252,0,0,1,0,5,0,0,0,2,0,191,95,49,49,203,39,39,0,64,0,0,0,0,202,36,49,49,251,165,165,0,3,8,8,0,128,188,141,157,223,157,223,157,223,157,223,0,223,180,223,185,223,190,223,157,223,157,223,2,141,216,0,165,26,200,250,141,211
2026-08-17_14-08-30,1,67,0,0.0,0,0.0,-1,-1,205,1,0,1,0,0,0,0,0,0,0,0,0,0,0,0,0,0,0,0,0,0,0,0,0,0,0,32,0,3,3,1,1,31,64,47,144,218,108,218,62,220,62,220,209,221,179,218,215,218,177,219,3,255,64,103,15,10,249,252,0,0,1,0,5,0,0,0,2,0,191,95,49,49,203,39,39,0,64,0,0,0,0,202,36,49,49,251,165,165,0,3,8,8,0,128,188,141,157,223,157,223,157,223,157,223,0,223,180,223,185,223,190,223,157,223,157,223,2,141,216,0,165,26,200,250,141,211,209,16,0,1,0,0,0,0,0,0,0,0,0,0,0,0,0,0,0,0,0,0,0,0,0,0,0,32,0,3,3,1,1,31,64,47,108,218,108,218,62,220,62,220,209,221,179,218,215,218,177,219,3,255,64,103,15,10,245,252,0,0,4,0,5,0,0,0,2,0,191,95,49,49,199,39,39,0,64,0,0,0,0,202,36,49,49,59,165,165,0,3,8,7,0,128,188,141,157,223,157,223,157,223,157,223,0,223,180,223,185,223,190,223,157,223,157,223,2,141,216,0,165,26,200,250,141,211
2026-08-17_14-08-30,1,68,0,0.0,0,0.0,-1,-1,209,16,0,1,0,0,0,0,0,0,0,0,0,0,0,0,0,0,0,0,0,0,0,0,0,0,0,32,0,3,3,1,1,31,64,47,108,218,108,218,62,220,62,220,209,221,179,218,215,218,177,219,3,255,64,103,15,10,245,252,0,0,4,0,5,0,0,0,2,0,191,95,49,49,199,39,39,0,64,0,0,0,0,202,36,49,49,59,165,165,0,3,8,7,0,128,188,141,157,223,157,223,157,223,157,223,0,223,180,223,185,223,190,223,157,223,157,223,2,141,216,0,165,26,200,250,141,211,213,9,0,1,0,0,0,0,0,0,0,0,0,0,0,0,0,0,0,0,0,0,0,0,0,0,0,32,0,3,3,1,1,31,64,47,108,218,108,218,62,220,62,220,209,221,179,218,215,218,177,219,3,255,64,103,15,10,241,252,0,0,0,0,0,0,0,0,2,0,191,95,49,49,195,39,39,0,64,0,0,0,0,202,36,49,49,123,165,165,0,3,8,7,0,128,188,141,157,223,157,223,157,223,157,223,0,223,180,223,185,223,190,223,157,223,157,223,2,141,216,0,165,26,200,250,141,211
2026-08-17_14-08-30,1,69,0,0.0,0,0.0,-1,-1,213,9,0,1,0,0,0,0,0,0,0,0,0,0,0,0,0,0,0,0,0,0,0,0,0,0,0,32,0,3,3,1,1,31,64,47,108,218,108,218,62,220,62,220,209,221,179,218,215,218,177,219,3,255,64,103,15,10,241,252,0,0,0,0,0,0,0,0,2,0,191,95,49,49,195,39,39,0,64,0,0,0,0,202,36,49,49,123,165,165,0,3,8,7,0,128,188,141,157,223,157,223,157,223,157,223,0,223,180,223,185,223,190,223,157,223,157,223,2,141,216,0,165,26,200,250,141,211,217,148,0,1,0,0,0,0,0,0,0,0,0,0,0,0,0,0,0,0,0,0,0,0,0,0,0,32,0,3,3,1,1,31,64,47,144,218,108,218,62,220,62,220,209,221,179,218,215,218,177,219,3,255,64,103,15,10,237,252,0,0,3,0,5,0,0,0,2,0,191,95,49,49,191,39,39,0,64,0,0,0,0,202,36,49,49,202,165,165,0,3,8,8,0,128,188,141,157,223,157,223,157,223,157,223,0,223,180,223,185,223,190,223,157,223,157,223,2,141,216,0,165,26,200,250,141,211
2026-08-17_14-08-30,1,70,0,0.0,0,0.0,-1,-1,217,148,0,1,0,0,0,0,0,0,0,0,0,0,0,0,0,0,0,0,0,0,0,0,0,0,0,32,0,3,3,1,1,31,64,47,144,218,108,218,62,220,62,220,209,221,179,218,215,218,177,219,3,255,64,103,15,10,237,252,0,0,3,0,5,0,0,0,2,0,191,95,49,49,191,39,39,0,64,0,0,0,0,202,36,49,49,202,165,165,0,3,8,8,0,128,188,141,157,223,157,223,157,223,157,223,0,223,180,223,185,223,190,223,157,223,157,223,2,141,216,0,165,26,200,250,141,211,221,67,0,1,0,0,0,0,0,0,0,0,0,0,0,0,0,0,0,0,0,0,0,0,0,0,0,32,0,3,3,1,1,31,64,47,144,218,108,218,62,220,62,220,209,221,179,218,215,218,177,219,3,255,64,103,15,10,233,252,0,0,6,0,5,0,0,0,2,0,191,95,49,49,187,39,39,0,64,0,0,0,0,202,36,49,49,10,165,165,0,3,8,8,0,128,188,141,157,223,157,223,157,223,157,223,0,223,180,223,185,223,190,223,157,223,157,223,2,141,216,0,165,26,200,250,141,211
2026-08-17_14-08-30,1,71,0,0.0,0,0.0,-1,-1,221,67,0,1,0,0,0,0,0,0,0,0,0,0,0,0,0,0,0,0,0,0,0,0,0,0,0,32,0,3,3,1,1,31,64,47,144,218,108,218,62,220,62,220,209,221,179,218,215,218,177,219,3,255,64,103,15,10,233,252,0,0,6,0,5,0,0,0,2,0,191,95,49,49,187,39,39,0,64,0,0,0,0,202,36,49,49,10,165,165,0,3,8,8,0,128,188,141,157,223,157,223,157,223,157,223,0,223,180,223,185,223,190,223,157,223,157,223,2,141,216,0,165,26,200,250,141,211,225,53,0,1,0,0,0,0,0,0,0,0,0,0,0,0,0,0,0,0,0,0,0,0,0,0,0,32,0,3,3,1,1,31,64,47,108,218,108,218,62,220,62,220,209,221,179,218,215,218,177,219,3,255,64,103,15,10,229,252,0,0,2,0,5,0,0,0,2,0,191,95,49,49,183,39,39,0,64,0,0,0,0,202,36,49,49,74,165,165,0,3,8,7,0,128,188,141,157,223,157,223,157,223,157,223,0,223,180,223,185,223,190,223,157,223,157,223,2,141,216,0,165,26,200,250,141,211
2026-08-17_14-08-30,1,72,0,0.0,0,0.0,-1,-1,225,53,0,1,0,0,0,0,0,0,0,0,0,0,0,0,0,0,0,0,0,0,0,0,0,0,0,32,0,3,3,1,1,31,64,47,108,218,108,218,62,220,62,220,209,221,179,218,215,218,177,219,3,255,64,103,15,10,229,252,0,0,2,0,5,0,0,0,2,0,191,95,49,49,183,39,39,0,64,0,0,0,0,202,36,49,49,74,165,165,0,3,8,7,0,128,188,141,157,223,157,223,157,223,157,223,0,223,180,223,185,223,190,223,157,223,157,223,2,141,216,0,165,26,200,250,141,211,229,89,0,1,0,0,0,0,0,0,0,0,0,0,0,0,0,0,0,0,0,0,0,0,0,0,0,32,0,3,3,1,1,31,64,47,108,218,108,218,62,220,62,220,209,221,179,218,215,218,177,219,3,255,64,103,15,10,225,252,0,0,5,0,5,0,0,0,2,0,191,95,49,49,179,39,39,0,64,0,0,0,0,202,36,49,49,153,165,165,0,3,8,7,0,128,188,141,157,223,157,223,157,223,157,223,0,223,180,223,185,223,190,223,157,223,157,223,2,141,216,0,165,26,200,250,141,211
2026-08-17_14-08-30,1,73,0,0.0,0,0.0,-1,-1,229,89,0,1,0,0,0,0,0,0,0,0,0,0,0,0,0,0,0,0,0,0,0,0,0,0,0,32,0,3,3,1,1,31,64,47,108,218,108,218,62,220,62,220,209,221,179,218,215,218,177,219,3,255,64,103,15,10,225,252,0,0,5,0,5,0,0,0,2,0,191,95,49,49,179,39,39,0,64,0,0,0,0,202,36,49,49,153,165,165,0,3,8,7,0,128,188,141,157,223,157,223,157,223,157,223,0,223,180,223,185,223,190,223,157,223,157,223,2,141,216,0,165,26,200,250,141,211,233,153,0,1,0,0,0,0,0,0,0,0,0,0,0,0,0,0,0,0,0,0,0,0,0,0,0,32,0,3,3,1,1,31,64,47,144,218,108,218,62,220,62,220,209,221,179,218,215,218,177,219,3,255,64,103,15,10,221,252,0,0,1,0,5,0,0,0,2,0,191,95,49,49,175,39,39,0,64,0,0,0,0,202,36,49,49,217,165,165,0,3,8,8,0,128,188,141,157,223,157,223,157,223,157,223,0,223,180,223,185,223,190,223,157,223,157,223,2,141,216,0,165,26,200,250,141,211
2026-08-17_14-08-30,1,74,0,0.0,0,0.0,-1,-1,233,153,0,1,0,0,0,0,0,0,0,0,0,0,0,0,0,0,0,0,0,0,0,0,0,0,0,32,0,3,3,1,1,31,64,47,144,218,108,218,62,220,62,220,209,221,179,218,215,218,177,219,3,255,64,103,15,10,221,252,0,0,1,0,5,0,0,0,2,0,191,95,49,49,175,39,39,0,64,0,0,0,0,202,36,49,49,217,165,165,0,3,8,8,0,128,188,141,157,223,157,223,157,223,157,223,0,223,180,223,185,223,190,223,157,223,157,223,2,141,216,0,165,26,200,250,141,211,237,149,0,1,0,0,0,0,0,0,0,0,0,0,0,0,0,0,0,0,0,0,0,0,0,0,0,32,0,3,3,1,1,31,64,47,144,218,108,218,62,220,62,220,209,221,179,218,215,218,177,219,3,255,64,103,15,10,217,252,0,0,4,0,5,0,0,0,2,0,191,95,49,49,171,39,39,0,64,0,0,0,0,202,36,49,49,25,165,165,0,3,8,8,0,128,188,141,157,223,157,223,157,223,157,223,0,223,180,223,185,223,190,223,157,223,157,223,2,141,216,0,165,26,200,250,141,211
2026-08-17_14-08-30,1,75,0,0.0,0,0.0,-1,-1,237,149,0,1,0,0,0,0,0,0,0,0,0,0,0,0,0,0,0,0,0,0,0,0,0,0,0,32,0,3,3,1,1,31,64,47,144,218,108,218,62,220,62,220,209,221,179,218,215,218,177,219,3,255,64,103,15,10,217,252,0,0,4,0,5,0,0,0,2,0,191,95,49,49,171,39,39,0,64,0,0,0,0,202,36,49,49,25,165,165,0,3,8,8,0,128,188,141,157,223,157,223,157,223,157,223,0,223,180,223,185,223,190,223,157,223,157,223,2,141,216,0,165,26,200,250,141,211,241,83,0,1,0,0,0,0,0,0,0,0,0,0,0,0,0,0,0,0,0,0,0,0,0,0,0,32,0,3,3,1,1,31,64,47,108,218,108,218,62,220,62,220,209,221,179,218,215,218,177,219,3,255,64,103,15,10,213,252,0,0,0,0,0,0,0,0,2,0,191,95,49,49,167,39,39,0,64,0,0,0,0,202,36,49,49,89,165,165,0,3,8,7,0,128,188,141,157,223,157,223,157,223,157,223,0,223,180,223,185,223,190,223,157,223,157,223,2,141,216,0,165,26,200,250,141,211
2026-08-17_14-08-30,1,76,0,0.0,0,0.0,-1,-1,241,83,0,1,0,0,0,0,0,0,0,0,0,0,0,0,0,0,0,0,0,0,0,0,0,0,0,32,0,3,3,1,1,31,64,47,108,218,108,218,62,220,62,220,209,221,179,218,215,218,177,219,3,255,64,103,15,10,213,252,0,0,0,0,0,0,0,0,2,0,191,95,49,49,167,39,39,0,64,0,0,0,0,202,36,49,49,89,165,165,0,3,8,7,0,128,188,141,157,223,157,223,157,223,157,223,0,223,180,223,185,223,190,223,157,223,157,223,2,141,216,0,165,26,200,250,141,211,245,60,0,1,0,0,0,0,0,0,0,0,0,0,0,0,0,0,0,0,0,0,0,0,0,0,0,32,0,3,3,1,1,31,64,47,108,218,108,218,62,220,62,220,209,221,179,218,215,218,177,219,3,255,64,103,15,10,209,252,0,0,3,0,5,0,0,0,2,0,191,95,49,49,163,39,39,0,64,0,0,0,0,202,36,49,49,168,165,165,0,3,8,7,0,128,188,141,157,223,157,223,157,223,157,223,0,223,180,223,185,223,190,223,157,223,157,223,2,141,216,0,165,26,200,250,141,211
2026-08-17_14-08-30,1,77,0,0.0,0,0.0,-1,-1,245,60,0,1,0,0,0,0,0,0,0,0,0,0,0,0,0,0,0,0,0,0,0,0,0,0,0,32,0,3,3,1,1,31,64,47,108,218,108,218,62,220,62,220,209,221,179,218,215,218,177,219,3,255,64,103,15,10,209,252,0,0,3,0,5,0,0,0,2,0,191,95,49,49,163,39,39,0,64,0,0,0,0,202,36,49,49,168,165,165,0,3,8,7,0,128,188,141,157,223,157,223,157,223,157,223,0,223,180,223,185,223,190,223,157,223,157,223,2,141,216,0,165,26,200,250,141,211,249,205,0,1,0,0,0,0,0,0,0,0,0,0,0,0,0,0,0,0,0,0,0,0,0,0,0,32,0,3,3,1,1,31,64,47,144,218,108,218,62,220,62,220,209,221,179,218,215,218,177,219,3,255,64,103,15,10,205,252,0,0,6,0,5,0,0,0,2,0,191,95,49,49,159,39,39,0,64,0,0,0,0,202,36,49,49,232,165,165,0,3,8,8,0,128,188,141,157,223,157,223,157,223,157,223,0,223,180,223,185,223,190,223,157,223,157,223,2,141,216,0,165,26,200,250,141,211
2026-08-17_14-08-30,1,78,0,0.0,0,0.0,-1,-1,249,205,0,1,0,0,0,0,0,0,0,0,0,0,0,0,0,0,0,0,0,0,0,0,0,0,0,32,0,3,3,1,1,31,64,47,144,218,108,218,62,220,62,220,209,221,179,218,215,218,177,219,3,255,64,103,15,10,205,252,0,0,6,0,5,0,0,0,2,0,191,95,49,49,159,39,39,0,64,0,0,0,0,202,36,49,49,232,165,165,0,3,8,8,0,128,188,141,157,223,157,223,157,223,157,223,0,223,180,223,185,223,190,223,157,223,157,223,2,141,216,0,165,26,200,250,141,211,253,218,0,1,0,0,0,0,0,0,0,0,0,0,0,0,0,0,0,0,0,0,0,0,0,0,0,32,0,3,3,1,1,31,64,47,144,218,108,218,62,220,62,220,209,221,179,218,215,218,177,219,3,255,64,103,15,10,201,252,0,0,2,0,5,0,0,0,2,0,191,95,49,49,155,39,39,0,64,0,0,0,0,202,36,49,49,40,165,165,0,3,8,8,0,128,188,141,157,223,157,223,157,223,157,223,0,223,180,223,185,223,190,223,157,223,157,223,2,141,216,0,165,26,200,250,141,211
2026-08-17_14-08-30,1,79,0,0.0,0,0.0,-1,-1,253,218,0,1,0,0,0,0,0,0,0,0,0,0,0,0,0,0,0,0,0,0,0,0,0,0,0,32,0,3,3,1,1,31,64,47,144,218,108,218,62,220,62,220,209,221,179,218,215,218,177,219,3,255,64,103,15,10,201,252,0,0,2,0,5,0,0,0,2,0,191,95,49,49,155,39,39,0,64,0,0,0,0,202,36,49,49,40,165,165,0,3,8,8,0,128,188,141,157,223,157,223,157,223,157,223,0,223,180,223,185,223,190,223,157,223,157,223,2,141,216,0,165,26,200,250,141,211,1,160,0,2,0,0,0,0,0,0,0,0,0,0,0,0,0,0,0,0,0,0,0,0,0,0,0,32,0,3,3,1,1,31,64,47,108,218,108,218,62,220,62,220,209,221,179,218,215,218,177,219,3,255,64,103,15,10,197,252,0,0,5,0,5,0,0,0,2,0,191,95,49,49,151,39,39,0,64,0,0,0,0,202,36,49,49,104,165,165,0,3,8,7,0,128,188,141,157,223,157,223,157,223,157,223,0,223,180,223,185,223,190,223,157,223,157,223,2,141,216,0,165,26,200,250,141,211
2026-08-17_14-08-30,1,80,0,0.0,0,0.0,-1,-1,1,160,0,2,0,0,0,0,0,0,0,0,0,0,0,0,0,0,0,0,0,0,0,0,0,0,0,32,0,3,3,1,1,31,64,47,108,218,108,218,62,220,62,220,209,221,179,218,215,218,177,219,3,255,64,103,15,10,197,252,0,0,5,0,5,0,0,0,2,0,191,95,49,49,151,39,39,0,64,0,0,0,0,202,36,49,49,104,165,165,0,3,8,7,0,128,188,141,157,223,157,223,157,223,157,223,0,223,180,223,185,223,190,223,157,223,157,223,2,141,216,0,165,26,200,250,141,211,5,10,0,2,0,0,0,0,0,0,0,0,0,0,0,0,0,0,0,0,0,0,0,0,0,0,0,32,0,3,3,1,1,31,64,47,108,218,108,218,62,220,62,220,209,221,179,218,215,218,177,219,3,255,64,103,15,10,193,252,0,0,1,0,5,0,0,0,2,0,191,95,49,49,147,39,39,0,64,0,0,0,0,202,36,49,49,183,165,165,0,3,8,7,0,128,188,141,157,223,157,223,157,223,157,223,0,223,180,223,185,223,190,223,157,223,157,223,2,141,216,0,165,26,200,250,141,211
2026-08-17_14-08-30,1,81,0,0.0,0,0.0,-1,-1,5,10,0,2,0,0,0,0,0,0,0,0,0,0,0,0,0,0,0,0,0,0,0,0,0,0,0,32,0,3,3,1,1,31,64,47,108,218,108,218,62,220,62,220,209,221,179,218,215,218,177,219,3,255,64,103,15,10,193,252,0,0,1,0,5,0,0,0,2,0,191,95,49,49,147,39,39,0,64,0,0,0,0,202,36,49,49,183,165,165,0,3,8,7,0,128,188,141,157,223,157,223,157,223,157,223,0,223,180,223,185,223,190,223,157,223,157,223,2,141,216,0,165,26,200,250,141,211,9,165,0,2,0,0,0,0,0,0,0,0,0,0,0,0,0,0,0,0,0,0,0,0,0,0,0,32,0,3,3,1,1,31,64,47,144,218,108,218,62,220,62,220,209,221,179,218,215,218,177,219,3,255,64,103,15,10,189,252,0,0,4,0,5,0,0,0,2,0,191,95,49,49,143,39,39,0,64,0,0,0,0,202,36,49,49,247,165,165,0,3,8,8,0,128,188,141,157,223,157,223,157,223,157,223,0,223,180,223,185,223,190,223,157,223,157,223,2,141,216,0,165,26,200,250,141,211
2026-08-17_14-08-30,1,82,0,0.0,0,0.0,-1,-1,9,165,0,2,0,0,0,0,0,0,0,0,0,0,0,0,0,0,0,0,0,0,0,0,0,0,0,32,0,3,3,1,1,31,64,47,144,218,108,218,62,220,62,220,209,221,179,218,215,218,177,219,3,255,64,103,15,10,189,252,0,0,4,0,5,0,0,0,2,0,191,95,49,49,143,39,39,0,64,0,0,0,0,202,36,49,49,247,165,165,0,3,8,8,0,128,188,141,157,223,157,223,157,223,157,223,0,223,180,223,185,223,190,223,157,223,157,223,2,141,216,0,165,26,200,250,141,211,13,88,0,2,0,0,0,0,0,0,0,0,0,0,0,0,0,0,0,0,0,0,0,0,0,0,0,32,0,3,3,1,1,31,64,47,144,218,108,218,62,220,62,220,209,221,179,218,215,218,177,219,3,255,64,103,15,10,185,252,0,0,0,0,0,0,0,0,2,0,191,95,49,49,139,39,39,0,64,0,0,0,0,202,36,49,49,55,165,165,0,3,8,8,0,128,188,141,157,223,157,223,157,223,157,223,0,223,180,223,185,223,190,223,157,223,157,223,2,141,216,0,165,26,200,250,141,211
2026-08-17_14-08-30,1,83,0,0.0,0,0.0,-1,-1,13,88,0,2,0,0,0,0,0,0,0,0,0,0,0,0,0,0,0,0,0,0,0,0,0,0,0,32,0,3,3,1,1,31,64,47,144,218,108,218,62,220,62,220,209,221,179,218,215,218,177,219,3,255,64,103,15,10,185,252,0,0,0,0,0,0,0,0,2,0,191,95,49,49,139,39,39,0,64,0,0,0,0,202,36,49,49,55,165,165,0,3,8,8,0,128,188,141,157,223,157,223,157,223,157,223,0,223,180,223,185,223,190,223,157,223,157,223,2,141,216,0,165,26,200,250,141,211,17,137,0,2,0,0,0,0,0,0,0,0,0,0,0,0,0,0,0,0,0,0,0,0,0,0,0,32,0,3,3,1,1,31,64,47,108,218,108,218,62,220,62,220,209,221,179,218,215,218,177,219,3,255,64,103,15,10,181,252,0,0,3,0,5,0,0,0,2,0,191,95,49,49,135,39,39,0,64,0,0,0,0,202,36,49,49,119,165,165,0,3,8,7,0,128,188,141,157,223,157,223,157,223,157,223,0,223,180,223,185,223,190,223,157,223,157,223,2,141,216,0,165,26,200,250,141,211
2026-08-17_14-08-30,1,84,4,0.0,0,0.0,-1,-1,17,137,0,2,0,0,0,0,0,0,0,0,0,0,0,0,0,0,0,0,0,0,0,0,0,0,0,32,0,3,3,1,1,31,64,47,108,218,108,218,62,220,62,220,209,221,179,218,215,218,177,219,3,255,64,103,15,10,181,252,0,0,3,0,5,0,0,0,2,0,191,95,49,49,135,39,39,0,64,0,0,0,0,202,36,49,49,119,165,165,0,3,8,7,0,128,188,141,157,223,157,223,157,223,157,223,0,223,180,223,185,223,190,223,157,223,157,223,2,141,216,0,165,26,200,250,141,211,21,156,0,2,0,0,0,0,0,0,0,0,0,0,0,0,0,0,0,0,0,0,0,0,0,0,0,32,0,3,3,1,1,31,64,47,108,218,108,218,62,220,62,220,209,221,179,218,215,218,177,219,3,255,64,103,15,10,177,252,0,0,6,0,5,0,0,0,2,0,191,95,49,49,131,39,39,0,64,0,0,0,0,202,36,49,49,198,165,165,0,3,8,7,0,128,188,141,157,223,157,223,157,223,157,223,0,223,180,223,185,223,190,223,157,223,157,223,2,141,216,0,165,26,200,250,141,211
2026-08-17_14-08-30,1,85,4,0.0,0,0.0,-1,-1,21,156,0,2,0,0,0,0,0,0,0,0,0,0,0,0,0,0,0,0,0,0,0,0,0,0,0,32,0,3,3,1,1,31,64,47,108,218,108,218,62,220,62,220,209,221,179,218,215,218,177,219,3,255,64,103,15,10,177,252,0,0,6,0,5,0,0,0,2,0,191,95,49,49,131,39,39,0,64,0,0,0,0,202,36,49,49,198,165,165,0,3,8,7,0,128,188,141,157,223,157,223,157,223,157,223,0,223,180,223,185,223,190,223,157,223,157,223,2,141,216,0,165,26,200,250,141,211,25,199,0,2,64,0,0,93,0,0,0,0,0,0,0,0,0,0,0,0,0,0,0,0,0,0,0,25,153,3,3,1,1,31,0,47,172,222,144,218,54,220,62,220,209,221,185,218,215,218,92,219,3,255,0,103,0,9,2,2,0,0,2,0,5,0,0,0,0,0,191,95,53,49,131,39,39,0,64,0,0,0,0,202,36,241,49,198,165,165,0,0,8,1,0,128,188,141,157,223,157,223,157,223,157,223,0,223,180,223,185,223,190,223,157,223,157,223,2,141,216,0,165,26,140,252,141,211
2026-08-17_14-08-30,1,86,4,0.0,0,0.0,-1,-1,25,199,0,2,64,0,0,93,0,0,0,0,0,0,0,0,0,0,0,0,0,0,0,0,0,0,0,25,153,3,3,1,1,31,0,47,172,222,144,218,54,220,62,220,209,221,185,218,215,218,92,219,3,255,0,103,0,9,2,2,0,0,2,0,5,0,0,0,0,0,191,95,53,49,131,39,39,0,64,0,0,0,0,202,36,241,49,198,165,165,0,0,8,1,0,128,188,141,157,223,157,223,157,223,157,223,0,223,180,223,185,223,190,223,157,223,157,223,2,141,216,0,165,26,140,252,141,211,29,127,0,2,64,0,0,217,0,0,0,0,0,0,0,0,0,0,0,0,0,0,0,0,0,0,0,25,152,3,3,1,1,31,0,47,172,222,144,218,54,220,62,220,209,221,185,218,215,218,92,219,3,255,0,103,1,9,4,2,0,0,0,0,0,0,0,0,0,0,191,95,57,49,131,39,39,0,64,0,0,0,0,202,36,177,49,198,165,165,0,0,8,1,0,128,188,141,157,223,157,223,157,223,157,223,0,223,180,223,185,223,190,223,157,223,157,223,2,141,216,0,165,26,140,252,141,211
2026-08-17_14-08-30,1,87,4,0.0,0,0.0,-1,-1,29,127,0,2,64,0,0,217,0,0,0,0,0,0,0,0,0,0,0,0,0,0,0,0,0,0,0,25,152,3,3,1,1,31,0,47,172,222,144,218,54,220,62,220,209,221,185,218,215,218,92,219,3,255,0,103,1,9,4,2,0,0,0,0,0,0,0,0,0,0,191,95,57,49,131,39,39,0,64,0,0,0,0,202,36,177,49,198,165,165,0,0,8,1,0,128,188,141,157,223,157,223,157,223,157,223,0,223,180,223,185,223,190,223,157,223,157,223,2,141,216,0,165,26,140,252,141,211,33,248,0,2,64,0,0,85,0,0,0,0,0,0,0,0,0,0,0,0,0,0,0,0,0,0,0,25,151,3,3,1,1,31,0,47,72,218,108,218,62,220,62,220,209,221,179,218,215,218,92,219,3,255,0,103,1,9,0,2,0,0,0,0,0,0,0,0,0,0,191,95,62,49,131,39,39,0,64,0,0,0,0,202,36,82,49,198,165,165,0,0,8,5,0,128,188,141,157,223,157,223,157,223,157,223,0,223,180,223,185,223,190,223,157,223,157,223,2,141,216,0,165,26,140,252,141,211
2026-08-17_14-08-30,1,88,0,0.0,0,0.0,-1,-1,33,248,0,2,64,0,0,85,0,0,0,0,0,0,0,0,0,0,0,0,0,0,0,0,0,0,0,25,151,3,3,1,1,31,0,47,72,218,108,218,62,220,62,220,209,221,179,218,215,218,92,219,3,255,0,103,1,9,0,2,0,0,0,0,0,0,0,0,0,0,191,95,62,49,131,39,39,0,64,0,0,0,0,202,36,82,49,198,165,165,0,0,8,5,0,128,188,141,157,223,157,223,157,223,157,223,0,223,180,223,185,223,190,223,157,223,157,223,2,141,216,0,165,26,140,252,141,211,37,131,0,2,64,0,0,209,0,0,0,0,0,0,0,0,0,0,0,0,0,0,0,0,0,0,0,25,150,3,3,1,1,31,0,47,72,218,108,218,62,220,62,220,209,221,179,218,215,218,92,219,3,255,0,103,2,9,2,2,0,0,0,0,0,0,0,0,0,0,191,95,66,49,131,39,39,0,64,0,0,0,0,202,36,18,49,198,165,165,0,0,8,5,0,128,188,141,157,223,157,223,157,223,157,223,0,223,180,223,185,223,190,223,157,223,157,223,2,141,216,0,165,26,140,252,141,211
2026-08-17_14-08-30,1,89,0,0.0,0,0.0,-1,-1,37,131,0,2,64,0,0,209,0,0,0,0,0,0,0,0,0,0,0,0,0,0,0,0,0,0,0,25,150,3,3,1,1,31,0,47,72,218,108,218,62,220,62,220,209,221,179,218,215,218,92,219,3,255,0,103,2,9,2,2,0,0,0,0,0,0,0,0,0,0,191,95,66,49,131,39,39,0,64,0,0,0,0,202,36,18,49,198,165,165,0,0,8,5,0,128,188,141,157,223,157,223,157,223,157,223,0,223,180,223,185,223,190,223,157,223,157,223,2,141,216,0,165,26,140,252,141,211,41,57,0,2,64,0,0,77,0,0,0,0,0,0,0,0,0,0,0,0,0,0,0,0,0,0,0,25,149,3,3,1,1,31,0,47,72,218,144,218,62,220,62,220,209,221,179,218,215,218,92,219,3,255,0,103,3,9,4,2,0,0,0,0,0,0,0,0,0,0,191,95,71,49,131,39,39,0,64,0,0,0,0,202,36,194,49,198,165,165,0,0,8,5,0,128,188,141,157,223,157,223,157,223,157,223,0,223,180,223,185,223,190,223,157,223,157,223,2,141,216,0,165,26,140,252,141,211
2026-08-17_14-08-30,1,90,0,0.0,0,0.0,-1,-1,41,57,0,2,64,0,0,77,0,0,0,0,0,0,0,0,0,0,0,0,0,0,0,0,0,0,0,25,149,3,3,1,1,31,0,47,72,218,144,218,62,220,62,220,209,221,179,218,215,218,92,219,3,255,0,103,3,9,4,2,0,0,0,0,0,0,0,0,0,0,191,95,71,49,131,39,39,0,64,0,0,0,0,202,36,194,49,198,165,165,0,0,8,5,0,128,188,141,157,223,157,223,157,223,157,223,0,223,180,223,185,223,190,223,157,223,157,223,2,141,216,0,165,26,140,252,141,211,45,159,0,2,64,0,0,201,0,0,0,0,0,0,0,0,0,0,0,0,0,0,0,0,0,0,0,25,148,3,3,1,1,31,0,47,72,218,144,218,62,220,62,220,209,221,179,218,215,218,92,219,3,255,0,103,3,9,0,2,0,0,0,0,0,0,0,0,0,0,191,95,75,49,131,39,39,0,64,0,0,0,0,202,36,115,49,198,165,165,0,0,8,5,0,128,188,141,157,223,157,223,157,223,157,223,0,223,180,223,185,223,190,223,157,223,157,223,2,141,216,0,165,26,140,252,141,211
2026-08-17_14-08-30,1,91,4,0.0,0,0.0,-1,-1,45,159,0,2,64,0,0,201,0,0,0,0,0,0,0,0,0,0,0,0,0,0,0,0,0,0,0,25,148,3,3,1,1,31,0,47,72,218,144,218,62,220,62,220,209,221,179,218,215,218,92,219,3,255,0,103,3,9,0,2,0,0,0,0,0,0,0,0,0,0,191,95,75,49,131,39,39,0,64,0,0,0,0,202,36,115,49,198,165,165,0,0,8,5,0,128,188,141,157,223,157,223,157,223,157,223,0,223,180,223,185,223,190,223,157,223,157,223,2,141,216,0,165,26,140,252,141,211,49,246,0,2,64,0,0,69,0,0,0,0,0,0,0,0,0,0,0,0,0,0,0,0,0,0,0,25,147,3,3,1,1,31,0,47,172,222,108,218,54,220,62,220,209,221,185,218,215,218,92,219,3,255,0,103,0,9,2,1,0,0,0,0,0,0,0,0,0,0,191,95,80,49,131,39,39,0,64,0,0,0,0,202,36,35,49,198,165,165,0,0,8,1,0,128,188,141,157,223,157,223,157,223,157,223,0,223,180,223,185,223,190,223,157,223,157,223,2,141,216,0,165,26,140,252,141,211
2026-08-17_14-08-30,1,92,4,0.0,0,0.0,-1,-1,49,246,0,2,64,0,0,69,0,0,0,0,0,0,0,0,0,0,0,0,0,0,0,0,0,0,0,25,147,3,3,1,1,31,0,47,172,222,108,218,54,220,62,220,209,221,185,218,215,218,92,219,3,255,0,103,0,9,2,1,0,0,0,0,0,0,0,0,0,0,191,95,80,49,131,39,39,0,64,0,0,0,0,202,36,35,49,198,165,165,0,0,8,1,0,128,188,141,157,223,157,223,157,223,157,223,0,223,180,223,185,223,190,223,157,223,157,223,2,141,216,0,165,26,140,252,141,211,53,100,0,2,64,0,0,193,0,0,0,0,0,0,0,0,0,0,0,0,0,0,0,0,0,0,0,25,146,3,3,1,1,31,0,47,172,222,108,218,54,220,62,220,209,221,185,218,215,218,92,219,3,255,0,103,1,9,4,1,0,0,0,0,0,0,0,0,0,0,191,95,84,49,131,39,39,0,64,0,0,0,0,202,36,227,49,198,165,165,0,0,8,1,0,128,188,141,157,223,157,223,157,223,157,223,0,223,180,223,185,223,190,223,157,223,157,223,2,141,216,0,165,26,140,252,141,211
2026-08-17_14-08-30,1,93,4,0.0,0,0.0,-1,-1,53,100,0,2,64,0,0,193,0,0,0,0,0,0,0,0,0,0,0,0,0,0,0,0,0,0,0,25,146,3,3,1,1,31,0,47,172,222,108,218,54,220,62,220,209,221,185,218,215,218,92,219,3,255,0,103,1,9,4,1,0,0,0,0,0,0,0,0,0,0,191,95,84,49,131,39,39,0,64,0,0,0,0,202,36,227,49,198,165,165,0,0,8,1,0,128,188,141,157,223,157,223,157,223,157,223,0,223,180,223,185,223,190,223,157,223,157,223,2,141,216,0,165,26,140,252,141,211,57,68,0,2,64,0,0,61,0,0,0,0,0,0,0,0,0,0,0,0,0,0,0,0,0,0,0,25,145,3,3,1,1,31,0,47,172,222,144,218,54,220,62,220,209,221,185,218,215,218,92,219,3,255,0,103,1,9,0,1,0,0,0,0,0,0,0,0,0,0,191,95,89,49,131,39,39,0,64,0,0,0,0,202,36,147,49,198,165,165,0,0,8,1,0,128,188,141,157,223,157,223,157,223,157,223,0,223,180,223,185,223,190,223,157,223,157,223,2,141,216,0,165,26,140,252,141,211
2026-08-17_14-08-30,1,94,4,0.0,0,0.0,-1,-1,57,68,0,2,64,0,0,61,0,0,0,0,0,0,0,0,0,0,0,0,0,0,0,0,0,0,0,25,145,3,3,1,1,31,0,47,172,222,144,218,54,220,62,220,209,221,185,218,215,218,92,219,3,255,0,103,1,9,0,1,0,0,0,0,0,0,0,0,0,0,191,95,89,49,131,39,39,0,64,0,0,0,0,202,36,147,49,198,165,165,0,0,8,1,0,128,188,141,157,223,157,223,157,223,157,223,0,223,180,223,185,223,190,223,157,223,157,223,2,141,216,0,165,26,140,252,141,211,61,70,0,2,64,0,0,185,0,0,0,0,0,0,0,0,0,0,0,0,0,0,0,0,0,0,0,25,144,3,3,1,1,31,0,47,172,222,144,218,54,220,62,220,209,221,185,218,215,218,92,219,3,255,0,103,2,9,2,1,0,0,0,0,0,0,0,0,0,0,191,95,93,49,131,39,39,0,64,0,0,0,0,202,36,68,49,198,165,165,0,0,8,1,0,128,188,141,157,223,157,223,157,223,157,223,0,223,180,223,185,223,190,223,157,223,157,223,2,141,216,0,165,26,140,252,141,211
2026-08-17_14-08-30,1,95,4,0.0,0,0.0,-1,-1,61,70,0,2,64,0,0,185,0,0,0,0,0,0,0,0,0,0,0,0,0,0,0,0,0,0,0,25,144,3,3,1,1,31,0,47,172,222,144,218,54,220,62,220,209,221,185,218,215,218,92,219,3,255,0,103,2,9,2,1,0,0,0,0,0,0,0,0,0,0,191,95,93,49,131,39,39,0,64,0,0,0,0,202,36,68,49,198,165,165,0,0,8,1,0,128,188,141,157,223,157,223,157,223,157,223,0,223,180,223,185,223,190,223,157,223,157,223,2,141,216,0,165,26,140,252,141,211,65,103,0,2,64,0,0,53,0,0,0,0,0,0,0,0,0,0,0,0,0,0,0,0,0,0,0,25,137,3,3,1,1,31,0,47,72,218,108,218,62,220,62,220,209,221,179,218,215,218,92,219,3,255,0,103,3,9,4,1,0,0,0,0,0,0,0,0,0,0,191,95,98,49,131,39,39,0,64,0,0,0,0,202,36,244,49,198,165,165,0,0,8,5,0,128,188,141,157,223,157,223,157,223,157,223,0,223,180,223,185,223,190,223,157,223,157,223,2,141,216,0,165,26,140,252,141,211
2026-08-17_14-08-30,1,96,0,0.0,0,0.0,-1,-1,65,103,0,2,64,0,0,53,0,0,0,0,0,0,0,0,0,0,0,0,0,0,0,0,0,0,0,25,137,3,3,1,1,31,0,47,72,218,108,218,62,220,62,220,209,221,179,218,215,218,92,219,3,255,0,103,3,9,4,1,0,0,0,0,0,0,0,0,0,0,191,95,98,49,131,39,39,0,64,0,0,0,0,202,36,244,49,198,165,165,0,0,8,5,0,128,188,141,157,223,157,223,157,223,157,223,0,223,180,223,185,223,190,223,157,223,157,223,2,141,216,0,165,26,140,252,141,211,69,117,0,2,64,0,0,177,0,0,0,0,0,0,0,0,0,0,0,0,0,0,0,0,0,0,0,25,136,3,3,1,1,31,0,47,72,218,108,218,62,220,62,220,209,221,179,218,215,218,92,219,3,255,0,103,3,9,0,1,0,0,0,0,0,0,0,0,0,0,191,95,102,49,131,39,39,0,64,0,0,0,0,202,36,180,49,198,165,165,0,0,8,5,0,128,188,141,157,223,157,223,157,223,157,223,0,223,180,223,185,223,190,223,157,223,157,223,2,141,216,0,165,26,140,252,141,211
2026-08-17_14-08-30,1,97,0,0.0,0,0.0,-1,-1,69,117,0,2,64,0,0,177,0,0,0,0,0,0,0,0,0,0,0,0,0,0,0,0,0,0,0,25,136,3,3,1,1,31,0,47,72,218,108,218,62,220,62,220,209,221,179,218,215,218,92,219,3,255,0,103,3,9,0,1,0,0,0,0,0,0,0,0,0,0,191,95,102,49,131,39,39,0,64,0,0,0,0,202,36,180,49,198,165,165,0,0,8,5,0,128,188,141,157,223,157,223,157,223,157,223,0,223,180,223,185,223,190,223,157,223,157,223,2,141,216,0,165,26,140,252,141,211,73,93,0,2,64,0,0,45,0,0,0,0,0,0,0,0,0,0,0,0,0,0,0,0,0,0,0,25,135,3,3,1,1,31,0,47,72,218,144,218,62,220,62,220,209,221,179,218,215,218,92,219,3,255,0,103,0,9,2,0,0,0,0,0,0,0,0,0,0,0,191,95,107,49,131,39,39,0,64,0,0,0,0,202,36,85,49,198,165,165,0,0,8,5,0,128,188,141,157,223,157,223,157,223,157,223,0,223,180,223,185,223,190,223,157,223,157,223,2,141,216,0,165,26,140,252,141,211
2026-08-17_14-08-30,1,98,1,0.0,0,0.0,-1,-1,73,93,0,2,64,0,0,45,0,0,0,0,0,0,0,0,0,0,0,0,0,0,0,0,0,0,0,25,135,3,3,1,1,31,0,47,72,218,144,218,62,220,62,220,209,221,179,218,215,218,92,219,3,255,0,103,0,9,2,0,0,0,0,0,0,0,0,0,0,0,191,95,107,49,131,39,39,0,64,0,0,0,0,202,36,85,49,198,165,165,0,0,8,5,0,128,188,141,157,223,157,223,157,223,157,223,0,223,180,223,185,223,190,223,157,223,157,223,2,141,216,0,165,26,140,252,141,211,77,219,0,2,128,0,0,169,0,0,0,0,0,0,0,0,0,0,0,0,0,0,0,0,0,0,0,25,134,3,3,1,1,31,0,47,165,221,144,218,62,220,62,220,201,221,171,218,207,218,92,219,3,255,0,103,1,9,4,0,9,0,0,0,0,0,0,0,0,0,191,95,111,49,131,39,39,0,64,0,0,0,0,202,36,21,49,198,165,165,0,0,8,6,0,128,188,141,157,223,157,223,157,223,157,223,0,223,180,223,185,223,190,223,157,223,157,223,2,141,216,0,165,26,140,252,141,211
2026-08-17_14-08-30,1,99,1,0.0,0,0.0,-1,-1,77,219,0,2,128,0,0,169,0,0,0,0,0,0,0,0,0,0,0,0,0,0,0,0,0,0,0,25,134,3,3,1,1,31,0,47,165,221,144,218,62,220,62,220,201,221,171,218,207,218,92,219,3,255,0,103,1,9,4,0,9,0,0,0,0,0,0,0,0,0,191,95,111,49,131,39,39,0,64,0,0,0,0,202,36,21,49,198,165,165,0,0,8,6,0,128,188,141,157,223,157,223,157,223,157,223,0,223,180,223,185,223,190,223,157,223,157,223,2,141,216,0,165,26,140,252,141,211,81,176,0,2,128,0,0,37,0,0,0,0,0,0,0,0,0,0,0,0,0,0,0,0,0,0,0,25,133,3,3,1,1,31,0,47,159,221,108,218,62,220,62,220,195,221,165,218,201,218,92,219,3,255,0,103,1,9,0,0,15,0,0,0,0,0,0,0,0,0,191,95,116,49,131,39,39,0,64,0,0,0,0,202,36,197,49,198,165,165,0,0,8,6,0,128,188,141,157,223,157,223,157,223,157,223,0,223,180,223,185,223,190,223,157,223,157,223,2,141,216,0,165,26,140,252,141,211
2026-08-17_14-08-30,1,100,1,0.0,0,0.0,-1,-1,81,176,0,2,128,0,0,37,0,0,0,0,0,0,0,0,0,0,0,0,0,0,0,0,0,0,0,25,133,3,3,1,1,31,0,47,159,221,108,218,62,220,62,220,195,221,165,218,201,218,92,219,3,255,0,103,1,9,0,0,15,0,0,0,0,0,0,0,0,0,191,95,116,49,131,39,39,0,64,0,0,0,0,202,36,197,49,198,165,165,0,0,8,6,0,128,188,141,157,223,157,223,157,223,157,223,0,223,180,223,185,223,190,223,157,223,157,223,2,141,216,0,165,26,140,252,141,211,85,3,0,2,128,0,0,161,0,0,0,0,0,0,0,0,0,0,0,0,0,0,0,0,0,0,0,25,132,3,3,1,1,31,0,47,154,221,108,218,62,220,62,220,190,221,160,218,196,218,92,219,3,255,0,103,2,9,2,0,20,0,0,0,0,0,0,0,0,0,191,95,120,49,131,39,39,0,64,0,0,0,0,202,36,118,49,198,165,165,0,0,8,6,0,128,188,141,157,223,157,223,157,223,157,223,0,223,180,223,185,223,190,223,157,223,157,223,2,141,216,0,165,26,140,252,141,211
2026-08-17_14-08-30,1,101,1,0.0,0,0.0,-1,-1,85,3,0,2,128,0,0,161,0,0,0,0,0,0,0,0,0,0,0,0,0,0,0,0,0,0,0,25,132,3,3,1,1,31,0,47,154,221,108,218,62,220,62,220,190,221,160,218,196,218,92,219,3,255,0,103,2,9,2,0,20,0,0,0,0,0,0,0,0,0,191,95,120,49,131,39,39,0,64,0,0,0,0,202,36,118,49,198,165,165,0,0,8,6,0,128,188,141,157,223,157,223,157,223,157,223,0,223,180,223,185,223,190,223,157,223,157,223,2,141,216,0,165,26,140,252,141,211,89,49,0,2,192,0,0,161,0,0,0,0,0,0,0,0,0,0,0,0,2,0,0,0,0,0,0,25,131,3,3,1,1,31,0,47,149,221,36,218,62,220,62,220,185,221,155,218,191,218,92,219,3,255,0,103,3,9,4,0,25,0,0,0,0,0,0,0,0,0,191,95,120,49,131,39,39,0,64,0,0,5,0,202,36,118,49,198,165,165,0,0,8,6,0,128,188,141,157,223,157,223,157,223,157,223,0,223,180,223,185,223,190,223,157,223,157,223,2,141,216,0,165,26,140,252,141,211
2026-08-17_14-08-30,1,102,0,0.0,0,0.0,-1,-1,89,49,0,2,192,0,0,161,0,0,0,0,0,0,0,0,0,0,0,0,2,0,0,0,0,0,0,25,131,3,3,1,1,31,0,47,149,221,36,218,62,220,62,220,185,221,155,218,191,218,92,219,3,255,0,103,3,9,4,0,25,0,0,0,0,0,0,0,0,0,191,95,120,49,131,39,39,0,64,0,0,5,0,202,36,118,49,198,165,165,0,0,8,6,0,128,188,141,157,223,157,223,157,223,157,223,0,223,180,223,185,223,190,223,157,223,157,223,2,141,216,0,165,26,140,252,141,211,93,27,0,2,192,0,0,161,0,0,0,0,0,0,0,0,0,0,0,0,2,0,0,0,0,0,0,25,130,3,3,1,1,31,0,47,154,221,36,218,62,220,62,220,190,221,160,218,196,218,92,219,3,255,0,103,3,9,0,0,20,0,0,0,0,0,0,0,0,0,191,95,120,49,131,39,39,0,64,0,0,4,0,202,36,118,49,198,165,165,0,0,8,6,0,128,188,141,157,223,157,223,157,223,157,223,0,223,180,223,185,223,190,223,157,223,157,223,2,141,216,0,165,26,140,252,141,211
2026-08-17_14-08-30,1,103,0,0.0,0,0.0,-1,-1,93,27,0,2,192,0,0,161,0,0,0,0,0,0,0,0,0,0,0,0,2,0,0,0,0,0,0,25,130,3,3,1,1,31,0,47,154,221,36,218,62,220,62,220,190,221,160,218,196,218,92,219,3,255,0,103,3,9,0,0,20,0,0,0,0,0,0,0,0,0,191,95,120,49,131,39,39,0,64,0,0,4,0,202,36,118,49,198,165,165,0,0,8,6,0,128,188,141,157,223,157,223,157,223,157,223,0,223,180,223,185,223,190,223,157,223,157,223,2,141,216,0,165,26,140,252,141,211,97,188,0,2,192,0,0,161,0,0,0,0,0,0,0,0,0,0,0,0,2,0,0,0,0,0,0,25,129,3,3,1,1,31,0,47,159,221,36,218,62,220,62,220,195,221,165,218,201,218,92,219,3,255,0,103,4,9,2,255,15,0,0,0,0,0,0,0,0,0,191,95,120,49,131,39,39,0,64,0,0,3,0,202,36,118,49,198,165,165,0,0,8,6,0,128,188,141,157,223,157,223,157,223,157,223,0,223,180,223,185,223,190,223,157,223,157,223,2,141,216,0,165,26,140,252,141,211
2026-08-17_14-08-30,1,104,0,0.0,0,0.0,-1,-1,97,188,0,2,192,0,0,161,0,0,0,0,0,0,0,0,0,0,0,0,2,0,0,0,0,0,0,25,129,3,3,1,1,31,0,47,159,221,36,218,62,220,62,220,195,221,165,218,201,218,92,219,3,255,0,103,4,9,2,255,15,0,0,0,0,0,0,0,0,0,191,95,120,49,131,39,39,0,64,0,0,3,0,202,36,118,49,198,165,165,0,0,8,6,0,128,188,141,157,223,157,223,157,223,157,223,0,223,180,223,185,223,190,223,157,223,157,223,2,141,216,0,165,26,140,252,141,211,101,197,0,2,192,0,0,161,0,0,0,0,0,0,0,0,0,0,0,0,2,0,0,0,0,0,0,25,128,3,3,1,1,31,0,47,165,221,36,218,62,220,62,220,201,221,171,218,207,218,92,219,3,255,0,103,5,9,4,254,9,0,0,0,0,0,0,0,0,0,191,95,120,49,131,39,39,0,64,0,0,2,0,202,36,118,49,198,165,165,0,0,8,6,0,128,188,141,157,223,157,223,157,223,157,223,0,223,180,223,185,223,190,223,157,223,157,223,2,141,216,0,165,26,140,252,141,211
2026-08-17_14-08-30,1,105,0,0.0,0,0.0,-1,-1,101,197,0,2,192,0,0,161,0,0,0,0,0,0,0,0,0,0,0,0,2,0,0,0,0,0,0,25,128,3,3,1,1,31,0,47,165,221,36,218,62,220,62,220,201,221,171,218,207,218,92,219,3,255,0,103,5,9,4,254,9,0,0,0,0,0,0,0,0,0,191,95,120,49,131,39,39,0,64,0,0,2,0,202,36,118,49,198,165,165,0,0,8,6,0,128,188,141,157,223,157,223,157,223,157,223,0,223,180,223,185,223,190,223,157,223,157,223,2,141,216,0,165,26,140,252,141,211,105,94,0,2,192,0,0,161,0,0,0,0,0,0,0,0,0,0,0,0,1,0,0,0,0,0,0,25,121,3,3,1,1,31,0,47,172,221,36,218,62,220,62,220,208,221,178,218,214,218,92,219,3,255,0,103,5,9,0,254,2,0,0,0,0,0,0,0,0,0,191,95,120,49,131,39,39,0,64,0,0,1,0,202,36,118,49,198,165,165,0,0,8,6,0,128,188,141,157,223,157,223,157,223,157,223,0,223,180,223,185,223,190,223,157,223,157,223,2,141,216,0,165,26,140,252,141,211
2026-08-17_14-08-30,1,106,0,0.0,0,0.0,-1,-1,105,94,0,2,192,0,0,161,0,0,0,0,0,0,0,0,0,0,0,0,1,0,0,0,0,0,0,25,121,3,3,1,1,31,0,47,172,221,36,218,62,220,62,220,208,221,178,218,214,218,92,219,3,255,0,103,5,9,0,254,2,0,0,0,0,0,0,0,0,0,191,95,120,49,131,39,39,0,64,0,0,1,0,202,36,118,49,198,165,165,0,0,8,6,0,128,188,141,157,223,157,223,157,223,157,223,0,223,180,223,185,223,190,223,157,223,157,223,2,141,216,0,165,26,140,252,141,211,109,234,0,2,64,0,0,192,0,0,0,0,0,0,0,0,0,0,0,0,1,0,0,0,0,0,0,25,120,3,3,1,1,31,0,47,72,218,36,218,62,220,62,220,209,221,179,218,215,218,92,219,3,255,0,103,6,9,2,253,0,0,0,0,0,0,0,0,0,0,191,95,119,49,131,39,39,0,64,0,0,0,0,202,36,149,49,198,165,165,0,0,0,5,0,0,188,141,157,223,157,223,157,223,157,223,0,223,180,223,185,223,190,223,157,223,157,223,2,141,216,0,165,26,140,252,141,211
2026-08-17_14-08-30,1,107,0,0.0,0,0.0,-1,-1,109,234,0,2,64,0,0,192,0,0,0,0,0,0,0,0,0,0,0,0,1,0,0,0,0,0,0,25,120,3,3,1,1,31,0,47,72,218,36,218,62,220,62,220,209,221,179,218,215,218,92,219,3,255,0,103,6,9,2,253,0,0,0,0,0,0,0,0,0,0,191,95,119,49,131,39,39,0,64,0,0,0,0,202,36,149,49,198,165,165,0,0,0,5,0,0,188,141,157,223,157,223,157,223,157,223,0,223,180,223,185,223,190,223,157,223,157,223,2,141,216,0,165,26,140,252,141,211,113,171,0,2,64,0,0,60,0,0,0,0,0,0,0,0,0,0,0,0,1,0,0,0,0,0,0,25,119,3,3,1,1,31,0,47,72,218,108,218,62,220,62,220,209,221,179,218,215,218,92,219,3,255,0,103,7,9,4,252,0,0,0,0,0,0,0,0,0,0,191,95,114,49,131,39,39,0,64,0,0,0,0,202,36,229,49,198,165,165,0,0,0,5,0,0,188,141,157,223,157,223,157,223,157,223,0,223,180,223,185,223,190,223,157,223,157,223,2,141,216,0,165,26,140,252,141,211
2026-08-17_14-08-30,1,108,0,0.0,0,0.0,-1,-1,113,171,0,2,64,0,0,60,0,0,0,0,0,0,0,0,0,0,0,0,1,0,0,0,0,0,0,25,119,3,3,1,1,31,0,47,72,218,108,218,62,220,62,220,209,221,179,218,215,218,92,219,3,255,0,103,7,9,4,252,0,0,0,0,0,0,0,0,0,0,191,95,114,49,131,39,39,0,64,0,0,0,0,202,36,229,49,198,165,165,0,0,0,5,0,0,188,141,157,223,157,223,157,223,157,223,0,223,180,223,185,223,190,223,157,223,157,223,2,141,216,0,165,26,140,252,141,211,117,191,0,2,64,0,0,184,0,0,0,0,0,0,0,0,0,0,0,0,1,0,0,0,0,0,0,25,118,3,3,1,1,31,0,47,72,218,108,218,62,220,62,220,209,221,179,218,215,218,92,219,3,255,0,103,7,9,0,252,0,0,0,0,0,0,0,0,0,0,191,95,110,49,131,39,39,0,64,0,0,0,0,202,36,37,49,198,165,165,0,0,0,5,0,0,188,141,157,223,157,223,157,223,157,223,0,223,180,223,185,223,190,223,157,223,157,223,2,141,216,0,165,26,140,252,141,211
2026-08-17_14-08-30,1,109,0,0.0,0,0.0,-1,-1,117,191,0,2,64,0,0,184,0,0,0,0,0,0,0,0,0,0,0,0,1,0,0,0,0,0,0,25,118,3,3,1,1,31,0,47,72,218,108,218,62,220,62,220,209,221,179,218,215,218,92,219,3,255,0,103,7,9,0,252,0,0,0,0,0,0,0,0,0,0,191,95,110,49,131,39,39,0,64,0,0,0,0,202,36,37,49,198,165,165,0,0,0,5,0,0,188,141,157,223,157,223,157,223,157,223,0,223,180,223,185,223,190,223,157,223,157,223,2,141,216,0,165,26,140,252,141,211,121,244,0,2,64,0,0,52,0,0,0,0,0,0,0,0,0,0,0,0,1,0,0,0,0,0,0,25,117,3,3,1,1,31,0,47,72,218,144,218,62,220,62,220,209,221,179,218,215,218,92,219,3,255,0,103,0,8,2,2,0,0,0,0,0,0,0,0,0,0,191,95,105,49,131,39,39,0,64,0,0,0,0,202,36,117,49,198,165,165,0,0,0,5,0,0,188,141,157,223,157,223,157,223,157,223,0,223,180,223,185,223,190,223,157,223,157,223,2,141,216,0,165,26,140,252,141,211
2026-08-17_14-08-30,1,110,0,0.0,0,0.0,-1,-1,121,244,0,2,64,0,0,52,0,0,0,0,0,0,0,0,0,0,0,0,1,0,0,0,0,0,0,25,117,3,3,1,1,31,0,47,72,218,144,218,62,220,62,220,209,221,179,218,215,218,92,219,3,255,0,103,0,8,2,2,0,0,0,0,0,0,0,0,0,0,191,95,105,49,131,39,39,0,64,0,0,0,0,202,36,117,49,198,165,165,0,0,0,5,0,0,188,141,157,223,157,223,157,223,157,223,0,223,180,223,185,223,190,223,157,223,157,223,2,141,216,0,165,26,140,252,141,211,125,69,0,2,64,0,0,176,0,0,0,0,0,0,0,0,0,0,0,0,1,0,0,0,0,0,0,25,116,3,3,1,1,31,0,47,72,218,144,218,62,220,62,220,209,221,179,218,215,218,92,219,3,255,0,103,1,8,4,2,0,0,0,0,0,0,0,0,0,0,191,95,101,49,131,39,39,0,64,0,0,0,0,202,36,196,49,198,165,165,0,0,0,5,0,0,188,141,157,223,157,223,157,223,157,223,0,223,180,223,185,223,190,223,157,223,157,223,2,141,216,0,165,26,140,252,141,211
2026-08-17_14-08-30,1,111,0,0.0,0,0.0,-1,-1,125,69,0,2,64,0,0,176,0,0,0,0,0,0,0,0,0,0,0,0,1,0,0,0,0,0,0,25,116,3,3,1,1,31,0,47,72,218,144,218,62,220,62,220,209,221,179,218,215,218,92,219,3,255,0,103,1,8,4,2,0,0,0,0,0,0,0,0,0,0,191,95,101,49,131,39,39,0,64,0,0,0,0,202,36,196,49,198,165,165,0,0,0,5,0,0,188,141,157,223,157,223,157,223,157,223,0,223,180,223,185,223,190,223,157,223,157,223,2,141,216,0,165,26,140,252,141,211,129,86,0,2,64,0,0,44,0,0,0,0,0,0,0,0,0,0,0,0,1,0,0,0,0,0,0,25,115,3,3,1,1,31,0,47,72,218,108,218,62,220,62,220,209,221,179,218,215,218,92,219,3,255,0,103,1,8,0,2,0,0,0,0,0,0,0,0,0,0,191,95,96,49,131,39,39,0,64,0,0,0,0,202,36,20,49,198,165,165,0,0,0,5,0,0,188,141,157,223,157,223,157,223,157,223,0,223,180,223,185,223,190,223,157,223,157,223,2,141,216,0,165,26,140,252,141,211
2026-08-17_14-08-30,1,112,0,0.0,0,0.0,-1,-1,129,86,0,2,64,0,0,44,0,0,0,0,0,0,0,0,0,0,0,0,1,0,0,0,0,0,0,25,115,3,3,1,1,31,0,47,72,218,108,218,62,220,62,220,209,221,179,218,215,218,92,219,3,255,0,103,1,8,0,2,0,0,0,0,0,0,0,0,0,0,191,95,96,49,131,39,39,0,64,0,0,0,0,202,36,20,49,198,165,165,0,0,0,5,0,0,188,141,157,223,157,223,157,223,157,223,0,223,180,223,185,223,190,223,157,223,157,223,2,141,216,0,165,26,140,252,141,211,133,110,0,2,64,0,0,168,0,0,0,0,0,0,0,0,0,0,0,0,1,0,0,0,0,0,0,25,114,3,3,1,1,31,0,47,72,218,108,218,62,220,62,220,209,221,179,218,215,218,92,219,3,255,0,103,2,8,2,2,0,0,0,0,0,0,0,0,0,0,191,95,92,49,131,39,39,0,64,0,0,0,0,202,36,84,49,198,165,165,0,0,0,5,0,0,188,141,157,223,157,223,157,223,157,223,0,223,180,223,185,223,190,223,157,223,157,223,2,141,216,0,165,26,140,252,141,211
2026-08-17_14-08-30,1,113,0,0.0,0,0.0,-1,-1,133,110,0,2,64,0,0,168,0,0,0,0,0,0,0,0,0,0,0,0,1,0,0,0,0,0,0,25,114,3,3,1,1,31,0,47,72,218,108,218,62,220,62,220,209,221,179,218,215,218,92,219,3,255,0,103,2,8,2,2,0,0,0,0,0,0,0,0,0,0,191,95,92,49,131,39,39,0,64,0,0,0,0,202,36,84,49,198,165,165,0,0,0,5,0,0,188,141,157,223,157,223,157,223,157,223,0,223,180,223,185,223,190,223,157,223,157,223,2,141,216,0,165,26,140,252,141,211,137,225,0,2,64,0,0,36,0,0,0,0,0,0,0,0,0,0,0,0,1,0,0,0,0,0,0,25,113,3,3,1,1,31,0,47,72,218,144,218,62,220,62,220,209,221,179,218,215,218,92,219,3,255,0,103,3,8,4,2,0,0,0,0,0,0,0,0,0,0,191,95,87,49,131,39,39,0,64,0,0,0,0,202,36,179,49,198,165,165,0,0,0,5,0,0,188,141,157,223,157,223,157,223,157,223,0,223,180,223,185,223,190,223,157,223,157,223,2,141,216,0,165,26,140,252,141,211
2026-08-17_14-08-30,1,114,0,0.0,0,0.0,-1,-1,137,225,0,2,64,0,0,36,0,0,0,0,0,0,0,0,0,0,0,0,1,0,0,0,0,0,0,25,113,3,3,1,1,31,0,47,72,218,144,218,62,220,62,220,209,221,179,218,215,218,92,219,3,255,0,103,3,8,4,2,0,0,0,0,0,0,0,0,0,0,191,95,87,49,131,39,39,0,64,0,0,0,0,202,36,179,49,198,165,165,0,0,0,5,0,0,188,141,157,223,157,223,157,223,157,223,0,223,180,223,185,223,190,223,157,223,157,223,2,141,216,0,165,26,140,252,141,211,141,30,0,2,64,0,0,129,0,0,0,0,0,0,0,0,0,0,0,0,3,0,0,0,0,0,0,25,112,3,3,1,1,31,0,47,72,218,0,218,62,220,62,220,209,221,179,218,215,218,92,219,3,255,0,103,3,8,0,2,0,0,0,0,0,0,0,0,0,0,191,95,84,49,131,39,39,0,64,0,0,30,0,202,36,227,49,198,165,165,0,0,8,5,0,0,188,141,157,223,157,223,157,223,157,223,0,223,180,223,185,223,190,223,157,223,157,223,2,141,216,0,165,26,140,252,141,211
2026-08-17_14-08-30,1,115,0,0.0,0,0.0,-1,-1,141,30,0,2,64,0,0,129,0,0,0,0,0,0,0,0,0,0,0,0,3,0,0,0,0,0,0,25,112,3,3,1,1,31,0,47,72,218,0,218,62,220,62,220,209,221,179,218,215,218,92,219,3,255,0,103,3,8,0,2,0,0,0,0,0,0,0,0,0,0,191,95,84,49,131,39,39,0,64,0,0,30,0,202,36,227,49,198,165,165,0,0,8,5,0,0,188,141,157,223,157,223,157,223,157,223,0,223,180,223,185,223,190,223,157,223,157,223,2,141,216,0,165,26,140,252,141,211,145,238,0,2,64,0,0,129,0,0,0,0,0,0,0,0,0,0,0,0,3,0,0,0,0,0,0,25,105,3,3,1,1,31,0,47,72,218,0,218,62,220,62,220,209,221,179,218,215,218,92,219,3,255,0,103,0,8,2,1,0,0,0,0,0,0,0,0,0,0,191,95,84,49,131,39,39,0,64,0,0,29,0,202,36,227,49,198,165,165,0,0,8,5,0,0,188,141,157,223,157,223,157,223,157,223,0,223,180,223,185,223,190,223,157,223,157,223,2,141,216,0,165,26,140,252,141,211
2026-08-17_14-08-30,1,116,0,0.0,0,0.0,-1,-1,145,238,0,2,64,0,0,129,0,0,0,0,0,0,0,0,0,0,0,0,3,0,0,0,0,0,0,25,105,3,3,1,1,31,0,47,72,218,0,218,62,220,62,220,209,221,179,218,215,218,92,219,3,255,0,103,0,8,2,1,0,0,0,0,0,0,0,0,0,0,191,95,84,49,131,39,39,0,64,0,0,29,0,202,36,227,49,198,165,165,0,0,8,5,0,0,188,141,157,223,157,223,157,223,157,223,0,223,180,223,185,223,190,223,157,223,157,223,2,141,216,0,165,26,140,252,141,211,149,233,0,2,64,0,0,129,0,0,0,0,0,0,0,0,0,0,0,0,3,0,0,0,0,0,0,25,104,3,3,1,1,31,0,47,72,218,0,218,62,220,62,220,209,221,179,218,215,218,92,219,3,255,0,103,1,8,4,1,0,0,0,0,0,0,0,0,0,0,191,95,84,49,131,39,39,0,64,0,0,28,0,202,36,227,49,198,165,165,0,0,8,5,0,0,188,141,157,223,157,223,157,223,157,223,0,223,180,223,185,223,190,223,157,223,157,223,2,141,216,0,165,26,140,252,141,211
2026-08-17_14-08-30,1,117,0,0.0,0,0.0,-1,-1,149,233,0,2,64,0,0,129,0,0,0,0,0,0,0,0,0,0,0,0,3,0,0,0,0,0,0,25,104,3,3,1,1,31,0,47,72,218,0,218,62,220,62,220,209,221,179,218,215,218,92,219,3,255,0,103,1,8,4,1,0,0,0,0,0,0,0,0,0,0,191,95,84,49,131,39,39,0,64,0,0,28,0,202,36,227,49,198,165,165,0,0,8,5,0,0,188,141,157,223,157,223,157,223,157,223,0,223,180,223,185,223,190,223,157,223,157,223,2,141,216,0,165,26,140,252,141,211,153,154,0,2,64,0,0,129,0,0,0,0,0,0,0,0,0,0,0,0,2,0,0,0,0,0,0,25,103,3,3,1,1,31,0,47,72,218,0,218,62,220,62,220,209,221,179,218,215,218,92,219,3,255,0,103,1,8,0,1,0,0,0,0,0,0,0,0,0,0,191,95,84,49,131,39,39,0,64,0,0,27,0,202,36,227,49,198,165,165,0,0,8,5,0,0,188,141,157,223,157,223,157,223,157,223,0,223,180,223,185,223,190,223,157,223,157,223,2,141,216,0,165,26,140,252,141,211
2026-08-17_14-08-30,1,118,0,0.0,0,0.0,-1,-1,153,154,0,2,64,0,0,129,0,0,0,0,0,0,0,0,0,0,0,0,2,0,0,0,0,0,0,25,103,3,3,1,1,31,0,47,72,218,0,218,62,220,62,220,209,221,179,218,215,218,92,219,3,255,0,103,1,8,0,1,0,0,0,0,0,0,0,0,0,0,191,95,84,49,131,39,39,0,64,0,0,27,0,202,36,227,49,198,165,165,0,0,8,5,0,0,188,141,157,223,157,223,157,223,157,223,0,223,180,223,185,223,190,223,157,223,157,223,2,141,216,0,165,26,140,252,141,211,157,164,0,2,64,0,0,129,0,0,0,0,0,0,0,0,0,0,0,0,2,0,0,0,0,0,0,25,102,3,3,1,1,31,0,47,72,218,0,218,62,220,62,220,209,221,179,218,215,218,92,219,3,255,0,103,2,8,2,1,0,0,0,0,0,0,0,0,0,0,191,95,84,49,131,39,39,0,64,0,0,26,0,202,36,227,49,198,165,165,0,0,8,5,0,0,188,141,157,223,157,223,157,223,157,223,0,223,180,223,185,223,190,223,157,223,157,223,2,141,216,0,165,26,140,252,141,211
2026-08-17_14-08-30,1,119,0,0.0,0,0.0,-1,-1,157,164,0,2,64,0,0,129,0,0,0,0,0,0,0,0,0,0,0,0,2,0,0,0,0,0,0,25,102,3,3,1,1,31,0,47,72,218,0,218,62,220,62,220,209,221,179,218,215,218,92,219,3,255,0,103,2,8,2,1,0,0,0,0,0,0,0,0,0,0,191,95,84,49,131,39,39,0,64,0,0,26,0,202,36,227,49,198,165,165,0,0,8,5,0,0,188,141,157,223,157,223,157,223,157,223,0,223,180,223,185,223,190,223,157,223,157,223,2,141,216,0,165,26,140,252,141,211,161,72,0,2,64,0,0,129,0,0,0,0,0,0,0,0,0,0,0,0,1,0,0,0,0,0,0,25,101,3,3,1,1,31,0,47,72,218,0,218,62,220,62,220,209,221,179,218,215,218,92,219,3,255,0,103,3,8,4,1,0,0,0,0,0,0,0,0,0,0,191,95,84,49,131,39,39,0,64,0,0,25,0,202,36,227,49,198,165,165,0,0,8,5,0,0,188,141,157,223,157,223,157,223,157,223,0,223,180,223,185,223,190,223,157,223,157,223,2,141,216,0,165,26,140,252,141,211
2026-08-17_14-08-30,1,120,0,0.0,0,0.0,-1,-1,161,72,0,2,64,0,0,129,0,0,0,0,0,0,0,0,0,0,0,0,1,0,0,0,0,0,0,25,101,3,3,1,1,31,0,47,72,218,0,218,62,220,62,220,209,221,179,218,215,218,92,219,3,255,0,103,3,8,4,1,0,0,0,0,0,0,0,0,0,0,191,95,84,49,131,39,39,0,64,0,0,25,0,202,36,227,49,198,165,165,0,0,8,5,0,0,188,141,157,223,157,223,157,223,157,223,0,223,180,223,185,223,190,223,157,223,157,223,2,141,216,0,165,26,140,252,141,211,165,128,0,2,64,0,0,129,0,0,0,0,0,18,18,0,8,36,0,0,3,0,0,0,0,0,0,25,100,3,3,1,1,31,0,47,72,218,144,218,62,220,62,220,209,221,179,218,215,218,92,219,3,255,0,29,3,8,0,1,0,0,5,0,6,0,0,0,0,0,191,95,84,92,131,39,39,0,64,0,0,24,0,202,36,227,84,198,165,165,0,0,8,5,0,0,6,141,157,223,157,223,157,223,157,223,0,223,180,223,185,223,190,223,157,223,157,223,2,141,216,0,165,26,140,252,141,211
2026-08-17_14-08-30,1,121,0,0.0,0,0.0,-1,-1,165,128,0,2,64,0,0,129,0,0,0,0,0,18,18,0,8,36,0,0,3,0,0,0,0,0,0,25,100,3,3,1,1,31,0,47,72,218,144,218,62,220,62,220,209,221,179,218,215,218,92,219,3,255,0,29,3,8,0,1,0,0,5,0,6,0,0,0,0,0,191,95,84,92,131,39,39,0,64,0,0,24,0,202,36,227,84,198,165,165,0,0,8,5,0,0,6,141,157,223,157,223,157,223,157,223,0,223,180,223,185,223,190,223,157,223,157,223,2,141,216,0,165,26,140,252,141,211,169,8,0,2,64,0,0,129,0,0,0,0,0,18,18,0,8,36,0,0,3,0,0,0,0,0,0,25,99,3,3,1,1,31,0,47,72,218,144,218,62,220,62,220,209,221,179,218,215,218,92,219,3,255,0,29,0,8,2,0,0,0,1,0,6,0,0,0,0,0,191,95,84,97,131,39,39,0,64,0,0,23,0,202,36,227,4,198,165,165,0,0,8,5,0,0,6,141,157,223,157,223,157,223,157,223,0,223,180,223,185,223,190,223,157,223,157,223,2,141,216,0,165,26,140,252,141,211
2026-08-17_14-08-30,1,122,0,0.0,0,0.0,-1,-1,169,8,0,2,64,0,0,129,0,0,0,0,0,18,18,0,8,36,0,0,3,0,0,0,0,0,0,25,99,3,3,1,1,31,0,47,72,218,144,218,62,220,62,220,209,221,179,218,215,218,92,219,3,255,0,29,0,8,2,0,0,0,1,0,6,0,0,0,0,0,191,95,84,97,131,39,39,0,64,0,0,23,0,202,36,227,4,198,165,165,0,0,8,5,0,0,6,141,157,223,157,223,157,223,157,223,0,223,180,223,185,223,190,223,157,223,157,223,2,141,216,0,165,26,140,252,141,211,173,132,0,2,64,0,0,129,0,0,0,0,0,18,18,0,8,36,0,0,3,0,0,0,0,0,0,25,98,3,3,1,1,31,0,47,72,218,144,218,62,220,62,220,209,221,179,218,215,218,92,219,3,255,0,29,1,8,4,0,0,0,0,0,0,0,0,0,0,0,191,95,84,102,131,39,39,0,64,0,0,22,0,202,36,227,180,198,165,165,0,0,8,5,0,0,6,141,157,223,157,223,157,223,157,223,0,223,180,223,185,223,190,223,157,223,157,223,2,141,216,0,165,26,140,252,141,211
2026-08-17_14-08-30,1,123,0,0.0,0,0.0,-1,-1,173,132,0,2,64,0,0,129,0,0,0,0,0,18,18,0,8,36,0,0,3,0,0,0,0,0,0,25,98,3,3,1,1,31,0,47,72,218,144,218,62,220,62,220,209,221,179,218,215,218,92,219,3,255,0,29,1,8,4,0,0,0,0,0,0,0,0,0,0,0,191,95,84,102,131,39,39,0,64,0,0,22,0,202,36,227,180,198,165,165,0,0,8,5,0,0,6,141,157,223,157,223,157,223,157,223,0,223,180,223,185,223,190,223,157,223,157,223,2,141,216,0,165,26,140,252,141,211,177,74,0,2,64,0,0,129,0,0,0,0,0,18,18,0,8,36,0,0,3,0,0,0,0,0,0,25,97,3,3,1,1,31,0,47,72,218,144,218,62,220,62,220,209,221,179,218,215,218,92,219,3,255,0,29,1,8,0,0,0,0,0,0,0,0,0,0,0,0,191,95,84,107,131,39,39,0,64,0,0,21,0,202,36,227,85,198,165,165,0,0,8,5,0,0,6,141,157,223,157,223,157,223,157,223,0,223,180,223,185,223,190,223,157,223,157,223,2,141,216,0,165,26,140,252,141,211
2026-08-17_14-08-30,1,124,0,0.0,0,0.0,-1,-1,177,74,0,2,64,0,0,129,0,0,0,0,0,18,18,0,8,36,0,0,3,0,0,0,0,0,0,25,97,3,3,1,1,31,0,47,72,218,144,218,62,220,62,220,209,221,179,218,215,218,92,219,3,255,0,29,1,8,0,0,0,0,0,0,0,0,0,0,0,0,191,95,84,107,131,39,39,0,64,0,0,21,0,202,36,227,85,198,165,165,0,0,8,5,0,0,6,141,157,223,157,223,157,223,157,223,0,223,180,223,185,223,190,223,157,223,157,223,2,141,216,0,165,26,140,252,141,211,181,161,0,2,64,0,0,129,0,0,0,0,0,18,18,0,8,36,0,0,3,0,0,0,0,0,0,25,96,3,3,1,1,31,0,47,72,218,144,218,62,220,62,220,209,221,179,218,215,218,92,219,3,255,0,29,2,8,2,0,0,0,0,0,0,0,0,0,0,0,191,95,84,112,131,39,39,0,64,0,0,20,0,202,36,227,5,198,165,165,0,0,8,5,0,0,6,141,157,223,157,223,157,223,157,223,0,223,180,223,185,223,190,223,157,223,157,223,2,141,216,0,165,26,140,252,141,211
2026-08-17_14-08-30,1,125,0,0.0,0,0.0,-1,-1,181,161,0,2,64,0,0,129,0,0,0,0,0,18,18,0,8,36,0,0,3,0,0,0,0,0,0,25,96,3,3,1,1,31,0,47,72,218,144,218,62,220,62,220,209,221,179,218,215,218,92,219,3,255,0,29,2,8,2,0,0,0,0,0,0,0,0,0,0,0,191,95,84,112,131,39,39,0,64,0,0,20,0,202,36,227,5,198,165,165,0,0,8,5,0,0,6,141,157,223,157,223,157,223,157,223,0,223,180,223,185,223,190,223,157,223,157,223,2,141,216,0,165,26,140,252,141,211,185,26,0,2,64,0,0,129,0,0,0,0,0,18,18,0,8,36,0,0,3,0,0,0,0,0,0,25,89,3,3,1,1,31,0,47,72,218,144,218,62,220,62,220,209,221,179,218,215,218,92,219,3,255,0,29,3,8,4,0,0,0,0,0,0,0,0,0,0,0,191,95,84,117,131,39,39,0,64,0,0,19,0,202,36,227,181,198,165,165,0,0,8,5,0,0,6,141,157,223,157,223,157,223,157,223,0,223,180,223,185,223,190,223,157,223,157,223,2,141,216,0,165,26,140,252,141,211
2026-08-17_14-08-30,1,126,0,0.0,0,0.0,-1,-1,185,26,0,2,64,0,0,129,0,0,0,0,0,18,18,0,8,36,0,0,3,0,0,0,0,0,0,25,89,3,3,1,1,31,0,47,72,218,144,218,62,220,62,220,209,221,179,218,215,218,92,219,3,255,0,29,3,8,4,0,0,0,0,0,0,0,0,0,0,0,191,95,84,117,131,39,39,0,64,0,0,19,0,202,36,227,181,198,165,165,0,0,8,5,0,0,6,141,157,223,157,223,157,223,157,223,0,223,180,223,185,223,190,223,157,223,157,223,2,141,216,0,165,26,140,252,141,211,189,172,0,2,64,0,0,129,0,0,0,0,0,18,18,0,8,36,0,0,3,0,0,0,0,0,0,25,88,3,3,1,1,31,0,47,72,218,144,218,62,220,62,220,209,221,179,218,215,218,92,219,3,255,0,29,3,8,0,0,0,0,0,0,0,0,0,0,0,0,191,95,84,122,131,39,39,0,64,0,0,18,0,202,36,227,86,198,165,165,0,0,8,5,0,0,6,141,157,223,157,223,157,223,157,223,0,223,180,223,185,223,190,223,157,223,157,223,2,141,216,0,165,26,140,252,141,211
2026-08-17_14-08-30,1,127,1,0.0,0,0.0,-1,-1,189,172,0,2,64,0,0,129,0,0,0,0,0,18,18,0,8,36,0,0,3,0,0,0,0,0,0,25,88,3,3,1,1,31,0,47,72,218,144,218,62,220,62,220,209,221,179,218,215,218,92,219,3,255,0,29,3,8,0,0,0,0,0,0,0,0,0,0,0,0,191,95,84,122,131,39,39,0,64,0,0,18,0,202,36,227,86,198,165,165,0,0,8,5,0,0,6,141,157,223,157,223,157,223,157,223,0,223,180,223,185,223,190,223,157,223,157,223,2,141,216,0,165,26,140,252,141,211,193,204,0,2,128,0,0,129,0,0,0,0,0,18,18,0,8,36,0,0,3,0,0,0,0,0,0,25,87,3,3,1,1,31,0,47,165,221,144,218,62,220,62,220,201,221,171,218,207,218,92,219,3,255,0,29,4,8,2,255,9,0,0,0,0,0,0,0,0,0,191,95,84,127,131,39,39,0,64,0,0,17,0,202,36,227,6,198,165,165,0,0,8,6,0,0,6,141,157,223,157,223,157,223,157,223,0,223,180,223,185,223,190,223,157,223,157,223,2,141,216,0,165,26,140,252,141,211
2026-08-17_14-08-30,1,128,1,0.0,0,0.0,-1,-1,193,204,0,2,128,0,0,129,0,0,0,0,0,18,18,0,8,36,0,0,3,0,0,0,0,0,0,25,87,3,3,1,1,31,0,47,165,221,144,218,62,220,62,220,201,221,171,218,207,218,92,219,3,255,0,29,4,8,2,255,9,0,0,0,0,0,0,0,0,0,191,95,84,127,131,39,39,0,64,0,0,17,0,202,36,227,6,198,165,165,0,0,8,6,0,0,6,141,157,223,157,223,157,223,157,223,0,223,180,223,185,223,190,223,157,223,157,223,2,141,216,0,165,26,140,252,141,211,197,202,0,2,128,0,0,129,0,0,0,0,0,18,18,0,8,36,0,0,3,0,0,0,0,0,0,25,86,3,3,1,1,31,0,47,159,221,144,218,62,220,62,220,195,221,165,218,201,218,92,219,3,255,0,29,5,8,4,254,15,0,0,0,0,0,0,0,0,0,191,95,84,132,131,39,39,0,64,0,0,16,0,202,36,227,182,198,165,165,0,0,8,6,0,0,6,141,157,223,157,223,157,223,157,223,0,223,180,223,185,223,190,223,157,223,157,223,2,141,216,0,165,26,140,252,141,211
2026-08-17_14-08-30,1,129,1,0.0,0,0.0,-1,-1,197,202,0,2,128,0,0,129,0,0,0,0,0,18,18,0,8,36,0,0,3,0,0,0,0,0,0,25,86,3,3,1,1,31,0,47,159,221,144,218,62,220,62,220,195,221,165,218,201,218,92,219,3,255,0,29,5,8,4,254,15,0,0,0,0,0,0,0,0,0,191,95,84,132,131,39,39,0,64,0,0,16,0,202,36,227,182,198,165,165,0,0,8,6,0,0,6,141,157,223,157,223,157,223,157,223,0,223,180,223,185,223,190,223,157,223,157,223,2,141,216,0,165,26,140,252,141,211,201,169,0,2,128,0,0,129,0,0,0,0,0,18,18,0,8,36,0,0,2,0,0,0,0,0,0,25,85,3,3,1,1,31,0,47,154,221,144,218,62,220,62,220,190,221,160,218,196,218,92,219,3,255,0,103,5,8,0,254,20,0,3,0,7,0,64,0,0,0,191,95,84,49,131,32,39,0,64,0,0,15,0,202,36,227,49,198,21,165,0,0,8,6,0,0,188,141,157,223,157,223,157,223,157,223,0,223,180,223,185,223,190,223,157,223,157,223,2,141,216,0,165,26,140,252,141,211
2026-08-17_14-08-30,1,130,1,0.0,0,0.0,-1,-1,201,169,0,2,128,0,0,129,0,0,0,0,0,18,18,0,8,36,0,0,2,0,0,0,0,0,0,25,85,3,3,1,1,31,0,47,154,221,144,218,62,220,62,220,190,221,160,218,196,218,92,219,3,255,0,103,5,8,0,254,20,0,3,0,7,0,64,0,0,0,191,95,84,49,131,32,39,0,64,0,0,15,0,202,36,227,49,198,21,165,0,0,8,6,0,0,188,141,157,223,157,223,157,223,157,223,0,223,180,223,185,223,190,223,157,223,157,223,2,141,216,0,165,26,140,252,141,211,205,158,0,2,128,0,0,129,0,0,0,0,0,18,18,0,8,36,0,0,1,0,0,0,0,0,0,25,84,3,3,1,1,31,0,47,150,221,144,218,62,220,62,220,186,221,156,218,192,218,92,219,3,255,0,103,6,8,2,253,24,0,0,0,0,0,64,0,0,0,191,95,84,49,131,32,39,0,64,0,0,14,0,202,36,227,49,198,21,165,0,0,8,6,0,0,188,141,157,223,157,223,157,223,157,223,0,223,180,223,185,223,190,223,157,223,157,223,2,141,216,0,165,26,140,252,141,211
2026-08-17_14-08-30,1,131,1,0.0,0,0.0,-1,-1,205,158,0,2,128,0,0,129,0,0,0,0,0,18,18,0,8,36,0,0,1,0,0,0,0,0,0,25,84,3,3,1,1,31,0,47,150,221,144,218,62,220,62,220,186,221,156,218,192,218,92,219,3,255,0,103,6,8,2,253,24,0,0,0,0,0,64,0,0,0,191,95,84,49,131,32,39,0,64,0,0,14,0,202,36,227,49,198,21,165,0,0,8,6,0,0,188,141,157,223,157,223,157,223,157,223,0,223,180,223,185,223,190,223,157,223,157,223,2,141,216,0,165,26,140,252,141,211,209,230,0,2,192,0,0,129,0,0,0,0,0,18,18,0,8,36,0,0,1,0,0,0,0,0,0,25,83,3,3,1,1,31,0,47,153,221,144,218,62,220,62,220,189,221,159,218,195,218,92,219,3,255,0,103,7,8,4,252,21,0,0,0,0,0,64,0,0,0,191,95,84,49,131,32,39,0,64,0,0,13,0,202,36,227,49,198,21,165,0,0,8,6,0,0,188,141,157,223,157,223,157,223,157,223,0,223,180,223,185,223,190,223,157,223,157,223,2,141,216,0,165,26,140,252,141,211
2026-08-17_14-08-30,1,132,1,0.0,0,0.0,-1,-1,209,230,0,2,192,0,0,129,0,0,0,0,0,18,18,0,8,36,0,0,1,0,0,0,0,0,0,25,83,3,3,1,1,31,0,47,153,221,144,218,62,220,62,220,189,221,159,218,195,218,92,219,3,255,0,103,7,8,4,252,21,0,0,0,0,0,64,0,0,0,191,95,84,49,131,32,39,0,64,0,0,13,0,202,36,227,49,198,21,165,0,0,8,6,0,0,188,141,157,223,157,223,157,223,157,223,0,223,180,223,185,223,190,223,157,223,157,223,2,141,216,0,165,26,140,252,141,211,213,109,0,2,192,0,0,129,0,0,0,0,0,18,18,0,8,36,0,0,3,0,0,0,0,0,0,25,82,3,3,1,1,31,0,47,158,221,144,218,62,220,62,220,194,221,164,218,200,218,92,219,3,255,0,6,7,8,0,252,16,0,5,0,6,0,64,0,0,0,191,95,84,92,131,32,39,0,64,0,0,12,0,202,36,227,84,198,21,165,0,0,8,6,0,0,29,141,157,223,157,223,157,223,157,223,0,223,180,223,185,223,190,223,157,223,157,223,2,141,216,0,165,26,140,252,141,211
2026-08-17_14-08-30,1,133,1,0.0,0,0.0,-1,-1,213,109,0,2,192,0,0,129,0,0,0,0,0,18,18,0,8,36,0,0,3,0,0,0,0,0,0,25,82,3,3,1,1,31,0,47,158,221,144,218,62,220,62,220,194,221,164,218,200,218,92,219,3,255,0,6,7,8,0,252,16,0,5,0,6,0,64,0,0,0,191,95,84,92,131,32,39,0,64,0,0,12,0,202,36,227,84,198,21,165,0,0,8,6,0,0,29,141,157,223,157,223,157,223,157,223,0,223,180,223,185,223,190,223,157,223,157,223,2,141,216,0,165,26,140,252,141,211,217,208,0,2,192,0,0,129,0,0,0,0,0,18,18,0,8,36,0,0,3,0,0,0,0,0,0,25,81,3,3,1,1,31,0,47,164,221,144,218,62,220,62,220,200,221,170,218,206,218,92,219,3,255,0,6,0,7,2,2,10,0,1,0,6,0,64,0,0,0,191,95,84,97,131,32,39,0,64,0,0,11,0,202,36,227,4,198,21,165,0,0,8,6,0,0,29,141,157,223,157,223,157,223,157,223,0,223,180,223,185,223,190,223,157,223,157,223,2,141,216,0,165,26,140,252,141,211
2026-08-17_14-08-30,1,134,1,0.0,0,0.0,-1,-1,217,208,0,2,192,0,0,129,0,0,0,0,0,18,18,0,8,36,0,0,3,0,0,0,0,0,0,25,81,3,3,1,1,31,0,47,164,221,144,218,62,220,62,220,200,221,170,218,206,218,92,219,3,255,0,6,0,7,2,2,10,0,1,0,6,0,64,0,0,0,191,95,84,97,131,32,39,0,64,0,0,11,0,202,36,227,4,198,21,165,0,0,8,6,0,0,29,141,157,223,157,223,157,223,157,223,0,223,180,223,185,223,190,223,157,223,157,223,2,141,216,0,165,26,140,252,141,211,221,5,0,2,192,0,0,129,0,0,0,0,0,18,18,0,8,36,0,0,3,0,0,0,0,0,0,25,80,3,3,1,1,31,0,47,171,221,144,218,62,220,62,220,207,221,177,218,213,218,92,219,3,255,0,6,1,7,4,2,3,0,0,0,0,0,64,0,0,0,191,95,84,102,131,32,39,0,64,0,0,10,0,202,36,227,180,198,21,165,0,0,8,6,0,0,29,141,157,223,157,223,157,223,157,223,0,223,180,223,185,223,190,223,157,223,157,223,2,141,216,0,165,26,140,252,141,211
2026-08-17_14-08-30,1,135,1,0.0,0,0.0,-1,-1,221,5,0,2,192,0,0,129,0,0,0,0,0,18,18,0,8,36,0,0,3,0,0,0,0,0,0,25,80,3,3,1,1,31,0,47,171,221,144,218,62,220,62,220,207,221,177,218,213,218,92,219,3,255,0,6,1,7,4,2,3,0,0,0,0,0,64,0,0,0,191,95,84,102,131,32,39,0,64,0,0,10,0,202,36,227,180,198,21,165,0,0,8,6,0,0,29,141,157,223,157,223,157,223,157,223,0,223,180,223,185,223,190,223,157,223,157,223,2,141,216,0,165,26,140,252,141,211,225,82,0,2,192,0,0,129,0,0,0,0,0,18,18,0,8,36,0,0,3,0,0,0,0,0,0,25,73,3,3,1,1,31,0,47,72,218,144,218,62,220,62,220,209,221,179,218,215,218,92,219,3,255,0,6,1,7,0,2,0,0,0,0,0,0,64,0,0,0,191,95,84,107,131,32,39,0,64,0,0,9,0,202,36,227,85,198,21,165,0,0,8,5,0,0,29,141,157,223,157,223,157,223,157,223,0,223,180,223,185,223,190,223,157,223,157,223,2,141,216,0,165,26,140,252,141,211
2026-08-17_14-08-30,1,136,1,0.0,0,0.0,-1,-1,225,82,0,2,192,0,0,129,0,0,0,0,0,18,18,0,8,36,0,0,3,0,0,0,0,0,0,25,73,3,3,1,1,31,0,47,72,218,144,218,62,220,62,220,209,221,179,218,215,218,92,219,3,255,0,6,1,7,0,2,0,0,0,0,0,0,64,0,0,0,191,95,84,107,131,32,39,0,64,0,0,9,0,202,36,227,85,198,21,165,0,0,8,5,0,0,29,141,157,223,157,223,157,223,157,223,0,223,180,223,185,223,190,223,157,223,157,223,2,141,216,0,165,26,140,252,141,211,229,44,0,2,192,0,0,129,0,0,0,0,0,18,18,0,8,36,0,0,3,0,0,0,0,0,0,25,72,3,3,1,1,31,0,47,72,218,144,218,62,220,62,220,209,221,179,218,215,218,92,219,3,255,0,6,2,7,2,2,0,0,0,0,0,0,64,0,0,0,191,95,84,112,131,32,39,0,64,0,0,8,0,202,36,227,5,198,21,165,0,0,8,5,0,0,29,141,157,223,157,223,157,223,157,223,0,223,180,223,185,223,190,223,157,223,157,223,2,141,216,0,165,26,140,252,141,211
2026-08-17_14-08-30,1,137,1,0.0,0,0.0,-1,-1,229,44,0,2,192,0,0,129,0,0,0,0,0,18,18,0,8,36,0,0,3,0,0,0,0,0,0,25,72,3,3,1,1,31,0,47,72,218,144,218,62,220,62,220,209,221,179,218,215,218,92,219,3,255,0,6,2,7,2,2,0,0,0,0,0,0,64,0,0,0,191,95,84,112,131,32,39,0,64,0,0,8,0,202,36,227,5,198,21,165,0,0,8,5,0,0,29,141,157,223,157,223,157,223,157,223,0,223,180,223,185,223,190,223,157,223,157,223,2,141,216,0,165,26,140,252,141,211,233,196,0,2,64,0,0,129,0,0,0,0,0,18,18,0,8,36,0,0,3,0,0,0,0,0,0,25,71,3,3,1,1,31,0,47,72,218,144,218,62,220,62,220,209,221,179,218,215,218,92,219,3,255,0,6,3,7,4,2,0,0,0,0,0,0,64,0,0,0,191,95,84,117,131,32,39,0,64,0,0,7,0,202,36,227,181,198,21,165,0,0,8,5,0,0,29,141,157,223,157,223,157,223,157,223,0,223,180,223,185,223,190,223,157,223,157,223,2,141,216,0,165,26,140,252,141,211
2026-08-17_14-08-30,1,138,0,0.0,0,0.0,-1,-1,233,196,0,2,64,0,0,129,0,0,0,0,0,18,18,0,8,36,0,0,3,0,0,0,0,0,0,25,71,3,3,1,1,31,0,47,72,218,144,218,62,220,62,220,209,221,179,218,215,218,92,219,3,255,0,6,3,7,4,2,0,0,0,0,0,0,64,0,0,0,191,95,84,117,131,32,39,0,64,0,0,7,0,202,36,227,181,198,21,165,0,0,8,5,0,0,29,141,157,223,157,223,157,223,157,223,0,223,180,223,185,223,190,223,157,223,157,223,2,141,216,0,165,26,140,252,141,211,237,78,0,2,64,0,0,129,0,0,0,0,0,18,18,0,8,36,0,0,3,0,0,0,0,0,0,25,70,3,3,1,1,31,0,47,72,218,144,218,62,220,62,220,209,221,179,218,215,218,92,219,3,255,0,6,3,7,0,2,0,0,0,0,0,0,64,0,0,0,191,95,84,122,131,32,39,0,64,0,0,6,0,202,36,227,86,198,21,165,0,0,8,5,0,0,29,141,157,223,157,223,157,223,157,223,0,223,180,223,185,223,190,223,157,223,157,223,2,141,216,0,165,26,140,252,141,211
2026-08-17_14-08-30,1,139,4,0.0,0,0.0,-1,-1,237,78,0,2,64,0,0,129,0,0,0,0,0,18,18,0,8,36,0,0,3,0,0,0,0,0,0,25,70,3,3,1,1,31,0,47,72,218,144,218,62,220,62,220,209,221,179,218,215,218,92,219,3,255,0,6,3,7,0,2,0,0,0,0,0,0,64,0,0,0,191,95,84,122,131,32,39,0,64,0,0,6,0,202,36,227,86,198,21,165,0,0,8,5,0,0,29,141,157,223,157,223,157,223,157,223,0,223,180,223,185,223,190,223,157,223,157,223,2,141,216,0,165,26,140,252,141,211,241,227,0,2,64,0,0,129,0,0,0,0,0,18,18,0,8,36,0,0,3,0,0,0,0,0,0,25,69,3,3,1,1,31,0,47,172,222,144,218,54,220,62,220,209,221,185,218,215,218,92,219,3,255,0,6,0,7,2,1,0,0,0,0,0,0,64,0,0,0,191,95,84,127,131,32,39,0,64,0,0,5,0,202,36,227,6,198,21,165,0,0,8,1,0,0,29,141,157,223,157,223,157,223,157,223,0,223,180,223,185,223,190,223,157,223,157,223,2,141,216,0,165,26,140,252,141,211
2026-08-17_14-08-30,1,140,4,0.0,0,0.0,-1,-1,241,227,0,2,64,0,0,129,0,0,0,0,0,18,18,0,8,36,0,0,3,0,0,0,0,0,0,25,69,3,3,1,1,31,0,47,172,222,144,218,54,220,62,220,209,221,185,218,215,218,92,219,3,255,0,6,0,7,2,1,0,0,0,0,0,0,64,0,0,0,191,95,84,127,131,32,39,0,64,0,0,5,0,202,36,227,6,198,21,165,0,0,8,1,0,0,29,141,157,223,157,223,157,223,157,223,0,223,180,223,185,223,190,223,157,223,157,223,2,141,216,0,165,26,140,252,141,211,245,63,0,2,64,0,0,129,0,0,0,0,0,18,18,0,8,36,0,0,3,0,0,0,0,0,0,25,68,3,3,1,1,31,0,47,172,222,144,218,54,220,62,220,209,221,185,218,215,218,92,219,3,255,0,6,1,7,4,1,0,0,0,0,0,0,64,0,0,0,191,95,84,132,131,32,39,0,64,0,0,4,0,202,36,227,182,198,21,165,0,0,8,1,0,0,29,141,157,223,157,223,157,223,157,223,0,223,180,223,185,223,190,223,157,223,157,223,66,141,216,0,165,26,140,252,141,211
2026-08-17_14-08-30,1,141,4,0.0,0,0.0,-1,-1,245,63,0,2,64,0,0,129,0,0,0,0,0,18,18,0,8,36,0,0,3,0,0,0,0,0,0,25,68,3,3,1,1,31,0,47,172,222,144,218,54,220,62,220,209,221,185,218,215,218,92,219,3,255,0,6,1,7,4,1,0,0,0,0,0,0,64,0,0,0,191,95,84,132,131,32,39,0,64,0,0,4,0,202,36,227,182,198,21,165,0,0,8,1,0,0,29,141,157,223,157,223,157,223,157,223,0,223,180,223,185,223,190,223,157,223,157,223,66,141,216,0,165,26,140,252,141,211,249,252,0,2,64,0,0,129,0,0,0,0,0,18,18,0,8,36,0,0,3,0,0,0,0,0,0,25,67,3,3,1,1,31,0,47,172,222,144,218,54,220,62,220,209,221,185,218,215,218,92,219,3,255,0,103,1,7,0,1,0,0,2,0,7,0,64,0,0,0,191,95,84,49,131,25,39,0,64,0,0,3,0,202,36,227,49,198,148,165,0,0,8,1,0,0,188,141,157,223,157,223,157,223,157,223,0,223,180,223,185,223,190,223,157,223,157,223,2,141,216,0,165,26,140,252,141,211
2026-08-17_14-08-30,1,142,4,0.0,0,0.0,-1,-1,249,252,0,2,64,0,0,129,0,0,0,0,0,18,18,0,8,36,0,0,3,0,0,0,0,0,0,25,67,3,3,1,1,31,0,47,172,222,144,218,54,220,62,220,209,221,185,218,215,218,92,219,3,255,0,103,1,7,0,1,0,0,2,0,7,0,64,0,0,0,191,95,84,49,131,25,39,0,64,0,0,3,0,202,36,227,49,198,148,165,0,0,8,1,0,0,188,141,157,223,157,223,157,223,157,223,0,223,180,223,185,223,190,223,157,223,157,223,2,141,216,0,165,26,140,252,141,211,253,193,0,2,64,0,0,129,0,0,0,0,0,18,18,0,8,36,0,0,3,0,0,0,0,0,0,25,66,3,3,1,1,31,0,47,172,222,144,218,54,220,62,220,209,221,185,218,215,218,92,219,3,255,0,103,2,7,2,1,0,0,0,0,0,0,64,0,0,0,191,95,84,49,131,25,39,0,64,0,0,2,0,202,36,227,49,198,148,165,0,0,8,1,0,0,188,141,157,223,157,223,157,223,157,223,0,223,180,223,185,223,190,223,157,223,157,223,2,141,216,0,165,26,140,252,141,211
2026-08-17_14-08-30,1,143,4,0.0,0,0.0,-1,-1,253,193,0,2,64,0,0,129,0,0,0,0,0,18,18,0,8,36,0,0,3,0,0,0,0,0,0,25,66,3,3,1,1,31,0,47,172,222,144,218,54,220,62,220,209,221,185,218,215,218,92,219,3,255,0,103,2,7,2,1,0,0,0,0,0,0,64,0,0,0,191,95,84,49,131,25,39,0,64,0,0,2,0,202,36,227,49,198,148,165,0,0,8,1,0,0,188,141,157,223,157,223,157,223,157,223,0,223,180,223,185,223,190,223,157,223,157,223,2,141,216,0,165,26,140,252,141,211,1,28,0,3,64,0,0,129,0,0,0,0,0,18,18,0,8,36,0,0,2,0,0,0,0,0,0,25,65,3,3,1,1,31,0,47,172,222,144,218,54,220,62,220,209,221,185,218,215,218,92,219,3,255,0,103,3,7,4,1,0,0,0,0,0,0,64,0,0,0,191,95,84,49,131,25,39,0,64,0,0,1,0,202,36,227,49,198,148,165,0,0,8,1,0,0,188,141,157,223,157,223,157,223,157,223,0,223,180,223,185,223,190,223,157,223,157,223,2,141,216,0,165,26,140,252,141,211
2026-08-17_14-08-30,1,144,4,0.0,0,0.0,-1,-1,1,28,0,3,64,0,0,129,0,0,0,0,0,18,18,0,8,36,0,0,2,0,0,0,0,0,0,25,65,3,3,1,1,31,0,47,172,222,144,218,54,220,62,220,209,221,185,218,215,218,92,219,3,255,0,103,3,7,4,1,0,0,0,0,0,0,64,0,0,0,191,95,84,49,131,25,39,0,64,0,0,1,0,202,36,227,49,198,148,165,0,0,8,1,0,0,188,141,157,223,157,223,157,223,157,223,0,223,180,223,185,223,190,223,157,223,157,223,2,141,216,0,165,26,140,252,141,211,5,207,0,3,64,0,0,160,0,0,0,0,0,18,18,0,8,36,0,0,2,0,0,0,0,0,0,25,64,3,3,1,1,31,0,47,172,222,144,218,54,220,62,220,209,221,185,218,215,218,92,219,3,255,0,103,3,7,0,1,0,0,0,0,0,0,64,0,0,0,191,95,83,49,131,25,39,0,64,0,0,0,0,202,36,243,49,198,148,165,0,0,0,1,0,0,188,141,157,223,157,223,157,223,157,223,0,223,180,223,185,223,190,223,157,223,157,223,2,141,216,0,165,26,140,252,141,211
2026-08-17_14-08-30,1,145,4,0.0,0,0.0,-1,-1,5,207,0,3,64,0,0,160,0,0,0,0,0,18,18,0,8,36,0,0,2,0,0,0,0,0,0,25,64,3,3,1,1,31,0,47,172,222,144,218,54,220,62,220,209,221,185,218,215,218,92,219,3,255,0,103,3,7,0,1,0,0,0,0,0,0,64,0,0,0,191,95,83,49,131,25,39,0,64,0,0,0,0,202,36,243,49,198,148,165,0,0,0,1,0,0,188,141,157,223,157,223,157,223,157,223,0,223,180,223,185,223,190,223,157,223,157,223,2,141,216,0,165,26,140,252,141,211,9,251,0,3,64,0,0,28,0,0,0,0,0,18,18,0,8,36,0,0,2,0,0,0,0,0,0,25,57,3,3,1,1,31,0,47,172,222,108,218,54,220,62,220,209,221,185,218,215,218,92,219,3,255,0,103,0,7,2,0,0,0,0,0,0,0,64,0,0,0,191,95,78,49,131,25,39,0,64,0,0,0,0,202,36,67,49,198,148,165,0,0,0,1,0,0,188,141,157,223,157,223,157,223,157,223,0,223,180,223,185,223,190,223,157,223,157,223,2,141,216,0,165,26,140,252,141,211
2026-08-17_14-08-30,1,146,1,0.0,0,0.0,-1,-1,9,251,0,3,64,0,0,28,0,0,0,0,0,18,18,0,8,36,0,0,2,0,0,0,0,0,0,25,57,3,3,1,1,31,0,47,172,222,108,218,54,220,62,220,209,221,185,218,215,218,92,219,3,255,0,103,0,7,2,0,0,0,0,0,0,0,64,0,0,0,191,95,78,49,131,25,39,0,64,0,0,0,0,202,36,67,49,198,148,165,0,0,0,1,0,0,188,141,157,223,157,223,157,223,157,223,0,223,180,223,185,223,190,223,157,223,157,223,2,141,216,0,165,26,140,252,141,211,13,178,0,3,128,0,0,152,0,0,0,0,0,18,18,0,8,36,0,0,2,0,0,0,0,0,0,25,56,3,3,1,1,31,0,47,165,221,108,218,62,220,62,220,201,221,171,218,207,218,92,219,3,255,0,103,1,7,4,0,9,0,0,0,0,0,64,0,0,0,191,95,74,49,131,25,39,0,64,0,0,0,0,202,36,146,49,198,148,165,0,0,0,6,0,0,188,141,157,223,157,223,157,223,157,223,0,223,180,223,185,223,190,223,157,223,157,223,2,141,216,0,165,26,140,252,141,211
2026-08-17_14-08-30,1,147,1,0.0,0,0.0,-1,-1,13,178,0,3,128,0,0,152,0,0,0,0,0,18,18,0,8,36,0,0,2,0,0,0,0,0,0,25,56,3,3,1,1,31,0,47,165,221,108,218,62,220,62,220,201,221,171,218,207,218,92,219,3,255,0,103,1,7,4,0,9,0,0,0,0,0,64,0,0,0,191,95,74,49,131,25,39,0,64,0,0,0,0,202,36,146,49,198,148,165,0,0,0,6,0,0,188,141,157,223,157,223,157,223,157,223,0,223,180,223,185,223,190,223,157,223,157,223,2,141,216,0,165,26,140,252,141,211,17,34,0,3,128,0,0,20,0,0,0,0,0,18,18,0,8,36,0,0,2,0,0,0,0,0,0,25,55,3,3,1,1,31,0,47,159,221,144,218,62,220,62,220,195,221,165,218,201,218,92,219,3,255,0,103,1,7,0,0,15,0,0,0,0,0,64,0,0,0,191,95,69,49,131,25,39,0,64,0,0,0,0,202,36,226,49,198,148,165,0,0,0,6,0,0,188,141,157,223,157,223,157,223,157,223,0,223,180,223,185,223,190,223,157,223,157,223,2,141,216,0,165,26,140,252,141,211
2026-08-17_14-08-30,1,148,0,0.0,0,0.0,-1,-1,17,34,0,3,128,0,0,20,0,0,0,0,0,18,18,0,8,36,0,0,2,0,0,0,0,0,0,25,55,3,3,1,1,31,0,47,159,221,144,218,62,220,62,220,195,221,165,218,201,218,92,219,3,255,0,103,1,7,0,0,15,0,0,0,0,0,64,0,0,0,191,95,69,49,131,25,39,0,64,0,0,0,0,202,36,226,49,198,148,165,0,0,0,6,0,0,188,141,157,223,157,223,157,223,157,223,0,223,180,223,185,223,190,223,157,223,157,223,2,141,216,0,165,26,140,252,141,211,21,35,0,3,128,0,0,144,0,0,0,0,0,18,18,0,8,36,0,0,2,0,0,0,0,0,0,25,54,3,3,1,1,31,0,47,154,221,144,218,62,220,62,220,190,221,160,218,196,218,92,219,3,255,0,103,2,7,2,0,20,0,0,0,0,0,64,0,0,0,191,95,65,49,131,25,39,0,64,0,0,0,0,202,36,34,49,198,148,165,0,0,0,6,0,0,188,141,157,223,157,223,157,223,157,223,0,223,180,223,185,223,190,223,157,223,157,223,2,141,216,0,165,26,140,252,141,211
2026-08-17_14-08-30,1,149,0,0.0,0,0.0,-1,-1,21,35,0,3,128,0,0,144,0,0,0,0,0,18,18,0,8,36,0,0,2,0,0,0,0,0,0,25,54,3,3,1,1,31,0,47,154,221,144,218,62,220,62,220,190,221,160,218,196,218,92,219,3,255,0,103,2,7,2,0,20,0,0,0,0,0,64,0,0,0,191,95,65,49,131,25,39,0,64,0,0,0,0,202,36,34,49,198,148,165,0,0,0,6,0,0,188,141,157,223,157,223,157,223,157,223,0,223,180,223,185,223,190,223,157,223,157,223,2,141,216,0,165,26,140,252,141,211,25,51,0,3,192,0,0,12,0,0,0,0,0,18,18,0,8,36,0,0,2,0,0,0,0,0,0,25,53,3,3,1,1,31,0,47,149,221,108,218,62,220,62,220,185,221,155,218,191,218,92,219,3,255,0,103,3,7,4,0,25,0,0,0,0,0,64,0,0,0,191,95,60,49,131,25,39,0,64,0,0,0,0,202,36,114,49,198,148,165,0,0,0,6,0,0,188,141,157,223,157,223,157,223,157,223,0,223,180,223,185,223,190,223,157,223,157,223,2,141,216,0,165,26,140,252,141,211
2026-08-17_14-08-30,1,150,0,0.0,0,0.0,-1,-1,25,51,0,3,192,0,0,12,0,0,0,0,0,18,18,0,8,36,0,0,2,0,0,0,0,0,0,25,53,3,3,1,1,31,0,47,149,221,108,218,62,220,62,220,185,221,155,218,191,218,92,219,3,255,0,103,3,7,4,0,25,0,0,0,0,0,64,0,0,0,191,95,60,49,131,25,39,0,64,0,0,0,0,202,36,114,49,198,148,165,0,0,0,6,0,0,188,141,157,223,157,223,157,223,157,223,0,223,180,223,185,223,190,223,157,223,157,223,2,141,216,0,165,26,140,252,141,211,29,58,0,3,192,0,0,136,0,0,0,0,0,18,18,0,8,36,0,0,2,0,0,0,0,0,0,25,52,3,3,1,1,31,0,47,154,221,108,218,62,220,62,220,190,221,160,218,196,218,92,219,3,255,0,103,3,7,0,0,20,0,0,0,0,0,64,0,0,0,191,95,56,49,131,25,39,0,64,0,0,0,0,202,36,193,49,198,148,165,0,0,0,6,0,0,188,141,157,223,157,223,157,223,157,223,0,223,180,223,185,223,190,223,157,223,157,223,2,141,216,0,165,26,140,252,141,211
2026-08-17_14-08-30,1,151,0,0.0,0,0.0,-1,-1,29,58,0,3,192,0,0,136,0,0,0,0,0,18,18,0,8,36,0,0,2,0,0,0,0,0,0,25,52,3,3,1,1,31,0,47,154,221,108,218,62,220,62,220,190,221,160,218,196,218,92,219,3,255,0,103,3,7,0,0,20,0,0,0,0,0,64,0,0,0,191,95,56,49,131,25,39,0,64,0,0,0,0,202,36,193,49,198,148,165,0,0,0,6,0,0,188,141,157,223,157,223,157,223,157,223,0,223,180,223,185,223,190,223,157,223,157,223,2,141,216,0,165,26,140,252,141,211,33,174,0,3,192,0,0,4,0,0,0,0,0,18,18,0,8,36,0,0,2,0,0,0,0,0,0,25,51,3,3,1,1,31,0,47,159,221,144,218,62,220,62,220,195,221,165,218,201,218,92,219,3,255,0,103,4,7,2,255,15,0,0,0,0,0,64,0,0,0,191,95,51,49,131,25,39,0,64,0,0,0,0,202,36,17,49,198,148,165,0,0,0,6,0,0,188,141,157,223,157,223,157,223,157,223,0,223,180,223,185,223,190,223,157,223,157,223,2,141,216,0,165,26,140,252,141,211
2026-08-17_14-08-30,1,152,0,0.0,0,0.0,-1,-1,33,174,0,3,192,0,0,4,0,0,0,0,0,18,18,0,8,36,0,0,2,0,0,0,0,0,0,25,51,3,3,1,1,31,0,47,159,221,144,218,62,220,62,220,195,221,165,218,201,218,92,219,3,255,0,103,4,7,2,255,15,0,0,0,0,0,64,0,0,0,191,95,51,49,131,25,39,0,64,0,0,0,0,202,36,17,49,198,148,165,0,0,0,6,0,0,188,141,157,223,157,223,157,223,157,223,0,223,180,223,185,223,190,223,157,223,157,223,2,141,216,0,165,26,140,252,141,211,37,237,0,3,192,0,0,66,0,0,0,0,0,18,18,0,8,36,0,27,2,0,0,0,0,0,0,25,50,3,3,1,1,31,0,47,165,221,144,218,62,220,62,220,201,221,171,218,207,218,92,219,3,255,64,103,5,7,4,254,9,0,0,0,0,0,0,0,0,0,191,95,49,49,131,25,39,0,64,0,0,0,0,202,36,49,49,198,148,165,0,0,0,6,0,0,188,141,157,223,157,223,157,223,157,223,0,223,180,223,185,223,190,223,157,223,157,223,2,141,216,0,165,26,63,252,141,211
2026-08-17_14-08-30,1,153,0,0.0,0,0.0,-1,-1,37,237,0,3,192,0,0,66,0,0,0,0,0,18,18,0,8,36,0,27,2,0,0,0,0,0,0,25,50,3,3,1,1,31,0,47,165,221,144,218,62,220,62,220,201,221,171,218,207,218,92,219,3,255,64,103,5,7,4,254,9,0,0,0,0,0,0,0,0,0,191,95,49,49,131,25,39,0,64,0,0,0,0,202,36,49,49,198,148,165,0,0,0,6,0,0,188,141,157,223,157,223,157,223,157,223,0,223,180,223,185,223,190,223,157,223,157,223,2,141,216,0,165,26,63,252,141,211,41,216,0,3,192,0,0,66,0,0,0,0,0,18,18,0,8,36,0,23,2,0,0,0,0,0,0,25,49,3,3,1,1,31,0,47,172,221,144,218,62,220,62,220,208,221,178,218,214,218,92,219,3,255,64,103,5,7,0,254,2,0,0,0,0,0,0,0,0,0,191,95,49,49,131,25,39,0,64,0,0,0,0,202,36,49,49,198,148,165,0,0,0,6,0,0,188,141,157,223,157,223,157,223,157,223,0,223,180,223,185,223,190,223,157,223,157,223,2,141,216,0,165,26,63,252,141,211
2026-08-17_14-08-30,1,154,0,0.0,0,0.0,-1,-1,41,216,0,3,192,0,0,66,0,0,0,0,0,18,18,0,8,36,0,23,2,0,0,0,0,0,0,25,49,3,3,1,1,31,0,47,172,221,144,218,62,220,62,220,208,221,178,218,214,218,92,219,3,255,64,103,5,7,0,254,2,0,0,0,0,0,0,0,0,0,191,95,49,49,131,25,39,0,64,0,0,0,0,202,36,49,49,198,148,165,0,0,0,6,0,0,188,141,157,223,157,223,157,223,157,223,0,223,180,223,185,223,190,223,157,223,157,223,2,141,216,0,165,26,63,252,141,211,45,129,0,3,64,0,0,66,0,0,0,0,0,18,18,0,8,36,0,19,2,0,0,0,0,0,0,25,48,3,3,1,1,31,0,47,72,218,144,218,62,220,62,220,209,221,179,218,215,218,92,219,3,255,64,103,6,7,2,253,0,0,0,0,0,0,0,0,0,0,191,95,49,49,131,25,39,0,64,0,0,0,0,202,36,49,49,198,148,165,0,0,0,5,0,0,188,141,157,223,157,223,157,223,157,223,0,223,180,223,185,223,190,223,157,223,157,223,2,141,216,0,165,26,63,252,141,211
2026-08-17_14-08-30,1,155,0,0.0,0,0.0,-1,-1,45,129,0,3,64,0,0,66,0,0,0,0,0,18,18,0,8,36,0,19,2,0,0,0,0,0,0,25,48,3,3,1,1,31,0,47,72,218,144,218,62,220,62,220,209,221,179,218,215,218,92,219,3,255,64,103,6,7,2,253,0,0,0,0,0,0,0,0,0,0,191,95,49,49,131,25,39,0,64,0,0,0,0,202,36,49,49,198,148,165,0,0,0,5,0,0,188,141,157,223,157,223,157,223,157,223,0,223,180,223,185,223,190,223,157,223,157,223,2,141,216,0,165,26,63,252,141,211,49,24,0,3,64,0,0,66,0,0,0,0,0,18,18,0,8,36,0,15,2,0,0,0,0,0,0,25,41,3,3,1,1,31,0,47,72,218,144,218,62,220,62,220,209,221,179,218,215,218,92,219,3,255,64,103,7,7,4,252,0,0,0,0,0,0,0,0,0,0,191,95,49,49,131,25,39,0,64,0,0,0,0,202,36,49,49,198,148,165,0,0,0,5,0,0,188,141,157,223,157,223,157,223,157,223,0,223,180,223,185,223,190,223,157,223,157,223,2,141,216,0,165,26,63,252,141,211
2026-08-17_14-08-30,1,156,0,0.0,0,0.0,-1,-1,49,24,0,3,64,0,0,66,0,0,0,0,0,18,18,0,8,36,0,15,2,0,0,0,0,0,0,25,41,3,3,1,1,31,0,47,72,218,144,218,62,220,62,220,209,221,179,218,215,218,92,219,3,255,64,103,7,7,4,252,0,0,0,0,0,0,0,0,0,0,191,95,49,49,131,25,39,0,64,0,0,0,0,202,36,49,49,198,148,165,0,0,0,5,0,0,188,141,157,223,157,223,157,223,157,223,0,223,180,223,185,223,190,223,157,223,157,223,2,141,216,0,165,26,63,252,141,211,53,141,0,3,64,0,0,66,0,0,0,0,0,18,18,0,8,36,0,11,2,0,0,0,0,0,0,25,40,3,3,1,1,31,0,47,72,218,144,218,62,220,62,220,209,221,179,218,215,218,92,219,3,255,64,103,7,7,0,252,0,0,0,0,0,0,0,0,0,0,191,95,49,49,131,25,39,0,64,0,0,0,0,202,36,49,49,198,148,165,0,0,0,5,0,0,188,141,157,223,157,223,157,223,157,223,0,223,180,223,185,223,190,223,157,223,157,223,2,141,216,0,165,26,63,252,141,211
2026-08-17_14-08-30,1,157,0,0.0,0,0.0,-1,-1,53,141,0,3,64,0,0,66,0,0,0,0,0,18,18,0,8,36,0,11,2,0,0,0,0,0,0,25,40,3,3,1,1,31,0,47,72,218,144,218,62,220,62,220,209,221,179,218,215,218,92,219,3,255,64,103,7,7,0,252,0,0,0,0,0,0,0,0,0,0,191,95,49,49,131,25,39,0,64,0,0,0,0,202,36,49,49,198,148,165,0,0,0,5,0,0,188,141,157,223,157,223,157,223,157,223,0,223,180,223,185,223,190,223,157,223,157,223,2,141,216,0,165,26,63,252,141,211,57,222,0,3,64,0,0,66,0,0,0,0,0,18,18,0,8,36,0,7,2,0,0,0,0,0,0,25,39,3,3,1,1,31,0,47,72,218,144,218,62,220,62,220,209,221,179,218,215,218,92,219,3,255,64,103,0,6,2,2,0,0,0,0,0,0,0,0,0,0,191,95,49,49,131,25,39,0,64,0,0,0,0,202,36,49,49,198,148,165,0,0,0,5,0,0,188,141,157,223,157,223,157,223,157,223,0,223,180,223,185,223,190,223,157,223,157,223,2,141,216,0,165,26,63,252,141,211
2026-08-17_14-08-30,1,158,0,0.0,0,0.0,-1,-1,57,222,0,3,64,0,0,66,0,0,0,0,0,18,18,0,8,36,0,7,2,0,0,0,0,0,0,25,39,3,3,1,1,31,0,47,72,218,144,218,62,220,62,220,209,221,179,218,215,218,92,219,3,255,64,103,0,6,2,2,0,0,0,0,0,0,0,0,0,0,191,95,49,49,131,25,39,0,64,0,0,0,0,202,36,49,49,198,148,165,0,0,0,5,0,0,188,141,157,223,157,223,157,223,157,223,0,223,180,223,185,223,190,223,157,223,157,223,2,141,216,0,165,26,63,252,141,211,61,226,0,3,64,0,0,66,0,0,0,0,0,18,18,0,8,36,0,3,2,0,0,0,0,0,0,25,38,3,3,1,1,31,0,47,72,218,144,218,62,220,62,220,209,221,179,218,215,218,92,219,3,255,64,103,1,6,4,2,0,0,0,0,0,0,0,0,0,0,191,95,49,49,131,25,39,0,64,0,0,0,0,202,36,49,49,198,148,165,0,0,0,5,0,0,188,141,157,223,157,223,157,223,157,223,0,223,180,223,185,223,190,223,157,223,157,223,2,141,216,0,165,26,63,252,141,211
2026-08-17_14-08-30,1,159,1,0.0,0,0.0,-1,-1,61,226,0,3,64,0,0,66,0,0,0,0,0,18,18,0,8,36,0,3,2,0,0,0,0,0,0,25,38,3,3,1,1,31,0,47,72,218,144,218,62,220,62,220,209,221,179,218,215,218,92,219,3,255,64,103,1,6,4,2,0,0,0,0,0,0,0,0,0,0,191,95,49,49,131,25,39,0,64,0,0,0,0,202,36,49,49,198,148,165,0,0,0,5,0,0,188,141,157,223,157,223,157,223,157,223,0,223,180,223,185,223,190,223,157,223,157,223,2,141,216,0,165,26,63,252,141,211,65,47,0,3,128,0,0,97,0,0,0,0,0,18,18,0,8,36,0,0,2,0,0,0,0,0,0,25,37,3,3,1,1,31,0,47,167,221,144,218,62,220,62,220,203,221,173,218,209,218,177,219,3,255,2,103,1,6,0,2,7,0,0,0,0,0,0,0,0,0,191,95,51,49,131,25,39,0,64,0,0,0,0,202,36,17,49,198,148,165,0,3,8,6,0,128,188,141,157,223,157,223,157,223,157,223,0,223,180,223,185,223,190,223,157,223,157,223,2,141,216,0,165,26,140,252,141,211
2026-08-17_14-08-30,1,160,1,0.0,0,0.0,-1,-1,65,47,0,3,128,0,0,97,0,0,0,0,0,18,18,0,8,36,0,0,2,0,0,0,0,0,0,25,37,3,3,1,1,31,0,47,167,221,144,218,62,220,62,220,203,221,173,218,209,218,177,219,3,255,2,103,1,6,0,2,7,0,0,0,0,0,0,0,0,0,191,95,51,49,131,25,39,0,64,0,0,0,0,202,36,17,49,198,148,165,0,3,8,6,0,128,188,141,157,223,157,223,157,223,157,223,0,223,180,223,185,223,190,223,157,223,157,223,2,141,216,0,165,26,140,252,141,211,69,245,0,3,128,0,0,221,0,0,0,0,0,18,18,0,8,36,0,0,2,0,0,0,0,0,0,25,36,3,3,1,1,31,0,47,161,221,144,218,62,220,62,220,197,221,167,218,203,218,177,219,3,255,2,103,2,6,2,2,13,0,0,0,0,0,0,0,0,0,191,95,55,49,131,25,39,0,64,0,0,0,0,202,36,209,49,198,148,165,0,3,8,6,0,128,188,141,157,223,157,223,157,223,157,223,0,223,180,223,185,223,190,223,157,223,157,223,2,141,216,0,165,26,140,252,141,211
2026-08-17_14-08-30,1,161,1,0.0,0,0.0,-1,-1,69,245,0,3,128,0,0,221,0,0,0,0,0,18,18,0,8,36,0,0,2,0,0,0,0,0,0,25,36,3,3,1,1,31,0,47,161,221,144,218,62,220,62,220,197,221,167,218,203,218,177,219,3,255,2,103,2,6,2,2,13,0,0,0,0,0,0,0,0,0,191,95,55,49,131,25,39,0,64,0,0,0,0,202,36,209,49,198,148,165,0,3,8,6,0,128,188,141,157,223,157,223,157,223,157,223,0,223,180,223,185,223,190,223,157,223,157,223,2,141,216,0,165,26,140,252,141,211,73,85,0,3,128,0,0,89,0,0,0,0,0,18,18,0,8,36,0,0,2,0,0,0,0,0,0,25,35,3,3,1,1,31,0,47,155,221,108,218,62,220,62,220,191,221,161,218,197,218,177,219,3,255,2,103,3,6,4,2,19,0,0,0,0,0,0,0,0,0,191,95,60,49,131,25,39,0,64,0,0,0,0,202,36,114,49,198,148,165,0,3,8,6,0,128,188,141,157,223,157,223,157,223,157,223,0,223,180,223,185,223,190,223,157,223,157,223,2,141,216,0,165,26,140,252,141,211
2026-08-17_14-08-30,1,162,1,0.0,0,0.0,-1,-1,73,85,0,3,128,0,0,89,0,0,0,0,0,18,18,0,8,36,0,0,2,0,0,0,0,0,0,25,35,3,3,1,1,31,0,47,155,221,108,218,62,220,62,220,191,221,161,218,197,218,177,219,3,255,2,103,3,6,4,2,19,0,0,0,0,0,0,0,0,0,191,95,60,49,131,25,39,0,64,0,0,0,0,202,36,114,49,198,148,165,0,3,8,6,0,128,188,141,157,223,157,223,157,223,157,223,0,223,180,223,185,223,190,223,157,223,157,223,2,141,216,0,165,26,140,252,141,211,77,95,0,3,128,0,0,213,0,0,0,0,0,18,18,0,8,36,0,0,2,0,0,0,0,0,0,25,34,3,3,1,1,31,0,47,150,221,108,218,62,220,62,220,186,221,156,218,192,218,177,219,3,255,2,103,3,6,0,2,24,0,0,0,0,0,0,0,0,0,191,95,64,49,131,25,39,0,64,0,0,0,0,202,36,50,49,198,148,165,0,3,8,6,0,128,188,141,157,223,157,223,157,223,157,223,0,223,180,223,185,223,190,223,157,223,157,223,2,141,216,0,165,26,140,252,141,211
2026-08-17_14-08-30,1,163,1,0.0,0,0.0,-1,-1,77,95,0,3,128,0,0,213,0,0,0,0,0,18,18,0,8,36,0,0,2,0,0,0,0,0,0,25,34,3,3,1,1,31,0,47,150,221,108,218,62,220,62,220,186,221,156,218,192,218,177,219,3,255,2,103,3,6,0,2,24,0,0,0,0,0,0,0,0,0,191,95,64,49,131,25,39,0,64,0,0,0,0,202,36,50,49,198,148,165,0,3,8,6,0,128,188,141,157,223,157,223,157,223,157,223,0,223,180,223,185,223,190,223,157,223,157,223,2,141,216,0,165,26,140,252,141,211,81,250,0,3,192,0,0,81,0,0,0,0,0,18,18,0,8,36,0,0,2,0,0,0,0,0,0,25,33,3,3,1,1,31,0,47,153,221,144,218,62,220,62,220,189,221,159,218,195,218,177,219,3,255,2,103,0,6,2,1,21,0,0,1,0,0,0,0,0,0,191,95,53,49,131,25,39,0,64,0,0,0,0,202,36,241,49,198,148,165,0,3,8,6,0,128,188,141,157,223,157,223,157,223,157,223,0,223,180,223,185,223,190,223,157,223,157,223,2,141,216,0,165,26,140,252,141,211
2026-08-17_14-08-30,1,164,1,0.0,0,0.0,-1,-1,81,250,0,3,192,0,0,81,0,0,0,0,0,18,18,0,8,36,0,0,2,0,0,0,0,0,0,25,33,3,3,1,1,31,0,47,153,221,144,218,62,220,62,220,189,221,159,218,195,218,177,219,3,255,2,103,0,6,2,1,21,0,0,1,0,0,0,0,0,0,191,95,53,49,131,25,39,0,64,0,0,0,0,202,36,241,49,198,148,165,0,3,8,6,0,128,188,141,157,223,157,223,157,223,157,223,0,223,180,223,185,223,190,223,157,223,157,223,2,141,216,0,165,26,140,252,141,211,85,162,0,3,192,0,0,205,0,0,0,0,0,18,18,0,8,36,0,0,2,0,0,0,0,0,0,25,32,3,3,1,1,31,0,47,158,221,144,218,62,220,62,220,194,221,164,218,200,218,177,219,3,255,2,103,1,6,4,1,16,0,0,1,0,0,0,0,0,0,191,95,57,49,131,25,39,0,64,0,0,0,0,202,36,177,49,198,148,165,0,3,8,6,0,128,188,141,157,223,157,223,157,223,157,223,0,223,180,223,185,223,190,223,157,223,157,223,2,141,216,0,165,26,140,252,141,211
2026-08-17_14-08-30,1,165,4,0.0,0,0.0,-1,-1,85,162,0,3,192,0,0,205,0,0,0,0,0,18,18,0,8,36,0,0,2,0,0,0,0,0,0,25,32,3,3,1,1,31,0,47,158,221,144,218,62,220,62,220,194,221,164,218,200,218,177,219,3,255,2,103,1,6,4,1,16,0,0,1,0,0,0,0,0,0,191,95,57,49,131,25,39,0,64,0,0,0,0,202,36,177,49,198,148,165,0,3,8,6,0,128,188,141,157,223,157,223,157,223,157,223,0,223,180,223,185,223,190,223,157,223,157,223,2,141,216,0,165,26,140,252,141,211,89,43,0,3,192,0,0,73,0,0,0,0,0,18,18,0,8,36,0,0,2,0,0,0,0,0,0,25,25,3,3,1,1,31,0,47,164,221,108,218,62,220,62,220,200,221,170,218,206,218,177,219,3,255,2,103,1,6,0,1,10,0,0,1,0,0,0,0,0,0,191,95,62,49,131,25,39,0,64,0,0,0,0,202,36,82,49,198,148,165,0,3,8,6,0,128,188,141,157,223,157,223,157,223,157,223,0,223,180,223,185,223,190,223,157,223,157,223,2,141,216,0,165,26,140,252,141,211
2026-08-17_14-08-30,1,166,4,0.0,0,0.0,-1,-1,89,43,0,3,192,0,0,73,0,0,0,0,0,18,18,0,8,36,0,0,2,0,0,0,0,0,0,25,25,3,3,1,1,31,0,47,164,221,108,218,62,220,62,220,200,221,170,218,206,218,177,219,3,255,2,103,1,6,0,1,10,0,0,1,0,0,0,0,0,0,191,95,62,49,131,25,39,0,64,0,0,0,0,202,36,82,49,198,148,165,0,3,8,6,0,128,188,141,157,223,157,223,157,223,157,223,0,223,180,223,185,223,190,223,157,223,157,223,2,141,216,0,165,26,140,252,141,211,93,183,0,3,192,0,0,197,0,0,0,0,0,18,18,0,8,36,0,0,2,0,0,0,0,0,0,25,24,3,3,1,1,31,0,47,171,221,108,218,62,220,62,220,207,221,177,218,213,218,177,219,3,255,2,103,2,6,2,1,3,0,0,3,0,0,0,0,0,0,191,95,50,49,131,25,39,0,64,0,0,0,0,202,36,33,49,198,148,165,0,3,8,6,0,128,188,141,157,223,157,223,157,223,157,223,0,223,180,223,185,223,190,223,157,223,157,223,2,141,216,0,165,26,140,252,141,211
2026-08-17_14-08-30,1,167,4,0.0,0,0.0,-1,-1,93,183,0,3,192,0,0,197,0,0,0,0,0,18,18,0,8,36,0,0,2,0,0,0,0,0,0,25,24,3,3,1,1,31,0,47,171,221,108,218,62,220,62,220,207,221,177,218,213,218,177,219,3,255,2,103,2,6,2,1,3,0,0,3,0,0,0,0,0,0,191,95,50,49,131,25,39,0,64,0,0,0,0,202,36,33,49,198,148,165,0,3,8,6,0,128,188,141,157,223,157,223,157,223,157,223,0,223,180,223,185,223,190,223,157,223,157,223,2,141,216,0,165,26,140,252,141,211,97,112,0,3,64,0,0,65,0,0,0,0,0,18,18,0,8,36,0,0,2,0,0,0,0,0,0,25,23,3,3,1,1,31,0,47,172,222,144,218,54,220,62,220,209,221,185,218,215,218,177,219,3,255,2,103,3,6,4,1,0,0,0,3,0,0,0,0,0,0,191,95,55,49,131,25,39,0,64,0,0,0,0,202,36,209,49,198,148,165,0,3,8,1,0,128,188,141,157,223,157,223,157,223,157,223,0,223,180,223,185,223,190,223,157,223,157,223,2,141,216,0,165,26,140,252,141,211
2026-08-17_14-08-30,1,168,4,0.0,0,0.0,-1,-1,97,112,0,3,64,0,0,65,0,0,0,0,0,18,18,0,8,36,0,0,2,0,0,0,0,0,0,25,23,3,3,1,1,31,0,47,172,222,144,218,54,220,62,220,209,221,185,218,215,218,177,219,3,255,2,103,3,6,4,1,0,0,0,3,0,0,0,0,0,0,191,95,55,49,131,25,39,0,64,0,0,0,0,202,36,209,49,198,148,165,0,3,8,1,0,128,188,141,157,223,157,223,157,223,157,223,0,223,180,223,185,223,190,223,157,223,157,223,2,141,216,0,165,26,140,252,141,211,101,15,0,3,64,0,0,189,0,0,0,0,0,18,18,0,8,36,0,0,2,0,0,0,0,0,0,25,22,3,3,1,1,31,0,47,172,222,144,218,54,220,62,220,209,221,185,218,215,218,177,219,3,255,2,103,3,6,0,1,0,0,0,3,0,0,0,0,0,0,191,95,59,49,131,25,39,0,64,0,0,0,0,202,36,145,49,198,148,165,0,3,8,1,0,128,188,141,157,223,157,223,157,223,157,223,0,223,180,223,185,223,190,223,157,223,157,223,2,141,216,0,165,26,140,252,141,211
2026-08-17_14-08-30,1,169,0,0.0,0,0.0,-1,-1,101,15,0,3,64,0,0,189,0,0,0,0,0,18,18,0,8,36,0,0,2,0,0,0,0,0,0,25,22,3,3,1,1,31,0,47,172,222,144,218,54,220,62,220,209,221,185,218,215,218,177,219,3,255,2,103,3,6,0,1,0,0,0,3,0,0,0,0,0,0,191,95,59,49,131,25,39,0,64,0,0,0,0,202,36,145,49,198,148,165,0,3,8,1,0,128,188,141,157,223,157,223,157,223,157,223,0,223,180,223,185,223,190,223,157,223,157,223,2,141,216,0,165,26,140,252,141,211,105,247,0,3,64,0,0,57,0,0,0,0,0,18,18,0,8,36,0,0,2,0,0,0,0,0,0,25,21,3,3,1,1,31,0,47,72,218,108,218,62,220,62,220,209,221,179,218,215,218,177,219,3,255,2,103,0,6,2,0,0,0,0,3,0,0,0,0,0,0,191,95,64,49,131,25,39,0,64,0,0,0,0,202,36,50,49,198,148,165,0,3,8,5,0,128,188,141,157,223,157,223,157,223,157,223,0,223,180,223,185,223,190,223,157,223,157,223,2,141,216,0,165,26,140,252,141,211
2026-08-17_14-08-30,1,170,0,0.0,0,0.0,-1,-1,105,247,0,3,64,0,0,57,0,0,0,0,0,18,18,0,8,36,0,0,2,0,0,0,0,0,0,25,21,3,3,1,1,31,0,47,72,218,108,218,62,220,62,220,209,221,179,218,215,218,177,219,3,255,2,103,0,6,2,0,0,0,0,3,0,0,0,0,0,0,191,95,64,49,131,25,39,0,64,0,0,0,0,202,36,50,49,198,148,165,0,3,8,5,0,128,188,141,157,223,157,223,157,223,157,223,0,223,180,223,185,223,190,223,157,223,157,223,2,141,216,0,165,26,140,252,141,211,109,116,0,3,64,0,0,181,0,0,0,0,0,18,18,0,8,36,0,0,2,0,0,0,0,0,0,25,20,3,3,1,1,31,0,47,72,218,108,218,62,220,62,220,209,221,179,218,215,218,177,219,3,255,2,103,1,6,4,0,0,0,0,3,0,0,0,0,0,0,191,95,68,49,131,25,39,0,64,0,0,0,0,202,36,242,49,198,148,165,0,3,8,5,0,128,188,141,157,223,157,223,157,223,157,223,0,223,180,223,185,223,190,223,157,223,157,223,2,141,216,0,165,26,140,252,141,211
2026-08-17_14-08-30,1,171,0,0.0,0,0.0,-1,-1,109,116,0,3,64,0,0,181,0,0,0,0,0,18,18,0,8,36,0,0,2,0,0,0,0,0,0,25,20,3,3,1,1,31,0,47,72,218,108,218,62,220,62,220,209,221,179,218,215,218,177,219,3,255,2,103,1,6,4,0,0,0,0,3,0,0,0,0,0,0,191,95,68,49,131,25,39,0,64,0,0,0,0,202,36,242,49,198,148,165,0,3,8,5,0,128,188,141,157,223,157,223,157,223,157,223,0,223,180,223,185,223,190,223,157,223,157,223,2,141,216,0,165,26,140,252,141,211,113,77,0,3,64,0,0,49,0,0,0,0,0,18,18,0,8,36,0,0,2,0,0,0,0,0,0,25,19,3,3,1,1,31,0,47,72,218,144,218,62,220,62,220,209,221,179,218,215,218,177,219,3,255,2,103,1,6,0,0,0,0,0,3,0,0,0,0,0,0,191,95,73,49,131,25,39,0,64,0,0,0,0,202,36,162,49,198,148,165,0,3,8,5,0,128,188,141,157,223,157,223,157,223,157,223,0,223,180,223,185,223,190,223,157,223,157,223,2,141,216,0,165,26,140,252,141,211
2026-08-17_14-08-30,1,172,0,0.0,0,0.0,-1,-1,113,77,0,3,64,0,0,49,0,0,0,0,0,18,18,0,8,36,0,0,2,0,0,0,0,0,0,25,19,3,3,1,1,31,0,47,72,218,144,218,62,220,62,220,209,221,179,218,215,218,177,219,3,255,2,103,1,6,0,0,0,0,0,3,0,0,0,0,0,0,191,95,73,49,131,25,39,0,64,0,0,0,0,202,36,162,49,198,148,165,0,3,8,5,0,128,188,141,157,223,157,223,157,223,157,223,0,223,180,223,185,223,190,223,157,223,157,223,2,141,216,0,165,26,140,252,141,211,117,210,0,3,64,0,0,173,0,0,0,0,0,18,18,0,8,36,0,0,2,0,0,0,0,0,0,25,18,3,3,1,1,31,0,47,72,218,144,218,62,220,62,220,209,221,179,218,215,218,177,219,3,255,2,103,2,6,2,0,0,0,0,3,0,0,0,0,0,0,191,95,77,49,131,25,39,0,64,0,0,0,0,202,36,83,49,198,148,165,0,3,8,5,0,128,188,141,157,223,157,223,157,223,157,223,0,223,180,223,185,223,190,223,157,223,157,223,2,141,216,0,165,26,140,252,141,211
2026-08-17_14-08-30,1,173,0,0.0,0,0.0,-1,-1,117,210,0,3,64,0,0,173,0,0,0,0,0,18,18,0,8,36,0,0,2,0,0,0,0,0,0,25,18,3,3,1,1,31,0,47,72,218,144,218,62,220,62,220,209,221,179,218,215,218,177,219,3,255,2,103,2,6,2,0,0,0,0,3,0,0,0,0,0,0,191,95,77,49,131,25,39,0,64,0,0,0,0,202,36,83,49,198,148,165,0,3,8,5,0,128,188,141,157,223,157,223,157,223,157,223,0,223,180,223,185,223,190,223,157,223,157,223,2,141,216,0,165,26,140,252,141,211,121,36,0,3,64,0,0,41,0,0,0,0,0,18,18,0,8,36,0,0,2,0,0,0,0,0,0,25,17,3,3,1,1,31,0,47,72,218,108,218,62,220,62,220,209,221,179,218,215,218,177,219,3,255,2,103,3,6,4,0,0,0,0,3,0,0,0,0,0,0,191,95,82,49,131,25,39,0,64,0,0,0,0,202,36,3,49,198,148,165,0,3,8,5,0,128,188,141,157,223,157,223,157,223,157,223,0,223,180,223,185,223,190,223,157,223,157,223,2,141,216,0,165,26,140,252,141,211
2026-08-17_14-08-30,1,174,0,0.0,0,0.0,-1,-1,121,36,0,3,64,0,0,41,0,0,0,0,0,18,18,0,8,36,0,0,2,0,0,0,0,0,0,25,17,3,3,1,1,31,0,47,72,218,108,218,62,220,62,220,209,221,179,218,215,218,177,219,3,255,2,103,3,6,4,0,0,0,0,3,0,0,0,0,0,0,191,95,82,49,131,25,39,0,64,0,0,0,0,202,36,3,49,198,148,165,0,3,8,5,0,128,188,141,157,223,157,223,157,223,157,223,0,223,180,223,185,223,190,223,157,223,157,223,2,141,216,0,165,26,140,252,141,211,125,64,0,3,64,0,0,165,0,0,0,0,0,18,18,0,8,36,0,0,2,0,0,0,0,0,0,25,16,3,3,1,1,31,0,47,72,218,108,218,62,220,62,220,209,221,179,218,215,218,177,219,3,255,2,103,3,6,0,0,0,0,0,3,0,0,0,0,0,0,191,95,86,49,131,25,39,0,64,0,0,0,0,202,36,195,49,198,148,165,0,3,8,5,0,128,188,141,157,223,157,223,157,223,157,223,0,223,180,223,185,223,190,223,157,223,157,223,2,141,216,0,165,26,140,252,141,211
2026-08-17_14-08-30,1,175,0,0.0,0,0.0,-1,-1,125,64,0,3,64,0,0,165,0,0,0,0,0,18,18,0,8,36,0,0,2,0,0,0,0,0,0,25,16,3,3,1,1,31,0,47,72,218,108,218,62,220,62,220,209,221,179,218,215,218,177,219,3,255,2,103,3,6,0,0,0,0,0,3,0,0,0,0,0,0,191,95,86,49,131,25,39,0,64,0,0,0,0,202,36,195,49,198,148,165,0,3,8,5,0,128,188,141,157,223,157,223,157,223,157,223,0,223,180,223,185,223,190,223,157,223,157,223,2,141,216,0,165,26,140,252,141,211,129,4,0,3,64,0,0,33,0,0,0,0,0,18,18,0,8,36,0,0,2,0,0,0,0,0,0,25,9,3,3,1,1,31,0,47,72,218,144,218,62,220,62,220,209,221,179,218,215,218,177,219,3,255,2,103,4,6,2,255,0,0,0,3,0,0,0,0,0,0,191,95,91,49,131,25,39,0,64,0,0,0,0,202,36,100,49,198,148,165,0,3,8,5,0,128,188,141,157,223,157,223,157,223,157,223,0,223,180,223,185,223,190,223,157,223,157,223,2,141,216,0,165,26,140,252,141,211
2026-08-17_14-08-30,1,176,1,0.0,0,0.0,-1,-1,129,4,0,3,64,0,0,33,0,0,0,0,0,18,18,0,8,36,0,0,2,0,0,0,0,0,0,25,9,3,3,1,1,31,0,47,72,218,144,218,62,220,62,220,209,221,179,218,215,218,177,219,3,255,2,103,4,6,2,255,0,0,0,3,0,0,0,0,0,0,191,95,91,49,131,25,39,0,64,0,0,0,0,202,36,100,49,198,148,165,0,3,8,5,0,128,188,141,157,223,157,223,157,223,157,223,0,223,180,223,185,223,190,223,157,223,157,223,2,141,216,0,165,26,140,252,141,211,133,66,0,3,128,0,0,33,0,0,0,0,0,18,18,0,8,36,0,0,2,0,0,0,0,0,0,25,8,3,3,1,1,31,0,47,165,221,144,218,62,220,62,220,201,221,171,218,207,218,177,219,3,255,2,103,5,6,4,254,9,128,0,3,0,0,0,0,0,0,191,95,91,49,131,24,39,0,64,0,0,0,0,202,36,100,49,198,164,165,0,3,8,6,0,128,188,141,157,223,157,223,157,223,157,223,0,223,180,223,185,223,190,223,157,223,157,223,2,141,216,0,165,26,140,252,141,211
2026-08-17_14-08-30,1,177,1,0.0,0,0.0,-1,-1,133,66,0,3,128,0,0,33,0,0,0,0,0,18,18,0,8,36,0,0,2,0,0,0,0,0,0,25,8,3,3,1,1,31,0,47,165,221,144,218,62,220,62,220,201,221,171,218,207,218,177,219,3,255,2,103,5,6,4,254,9,128,0,3,0,0,0,0,0,0,191,95,91,49,131,24,39,0,64,0,0,0,0,202,36,100,49,198,164,165,0,3,8,6,0,128,188,141,157,223,157,223,157,223,157,223,0,223,180,223,185,223,190,223,157,223,157,223,2,141,216,0,165,26,140,252,141,211,137,37,0,3,128,0,0,33,0,0,0,0,0,18,18,0,8,36,0,0,2,0,0,0,0,0,0,25,7,3,3,1,1,31,0,47,159,221,144,218,62,220,62,220,195,221,165,218,201,218,177,219,3,255,2,103,5,6,0,254,15,128,0,3,0,0,0,0,0,0,191,95,91,49,131,23,39,0,64,0,0,0,0,202,36,100,49,198,180,165,0,3,8,6,0,128,188,141,157,223,157,223,157,223,157,223,0,223,180,223,185,223,190,223,157,223,157,223,2,141,216,0,165,26,140,252,141,211
2026-08-17_14-08-30,1,178,1,0.0,0,0.0,-1,-1,137,37,0,3,128,0,0,33,0,0,0,0,0,18,18,0,8,36,0,0,2,0,0,0,0,0,0,25,7,3,3,1,1,31,0,47,159,221,144,218,62,220,62,220,195,221,165,218,201,218,177,219,3,255,2,103,5,6,0,254,15,128,0,3,0,0,0,0,0,0,191,95,91,49,131,23,39,0,64,0,0,0,0,202,36,100,49,198,180,165,0,3,8,6,0,128,188,141,157,223,157,223,157,223,157,223,0,223,180,223,185,223,190,223,157,223,157,223,2,141,216,0,165,26,140,252,141,211,141,80,0,3,128,0,0,33,0,0,0,0,0,18,18,0,8,36,0,0,2,0,0,0,0,0,0,25,6,3,3,1,1,31,0,47,154,221,144,218,62,220,62,220,190,221,160,218,196,218,177,219,3,255,2,103,6,6,2,253,20,128,0,3,0,0,0,0,0,0,191,95,91,49,131,22,39,0,64,0,0,0,0,202,36,100,49,198,196,165,0,3,8,6,0,128,188,141,157,223,157,223,157,223,157,223,0,223,180,223,185,223,190,223,157,223,157,223,2,141,216,0,165,26,140,252,141,211
2026-08-17_14-08-30,1,179,1,0.0,0,0.0,-1,-1,141,80,0,3,128,0,0,33,0,0,0,0,0,18,18,0,8,36,0,0,2,0,0,0,0,0,0,25,6,3,3,1,1,31,0,47,154,221,144,218,62,220,62,220,190,221,160,218,196,218,177,219,3,255,2,103,6,6,2,253,20,128,0,3,0,0,0,0,0,0,191,95,91,49,131,22,39,0,64,0,0,0,0,202,36,100,49,198,196,165,0,3,8,6,0,128,188,141,157,223,157,223,157,223,157,223,0,223,180,223,185,223,190,223,157,223,157,223,2,141,216,0,165,26,140,252,141,211,145,13,0,3,192,0,0,33,0,0,0,0,0,18,18,0,8,36,0,0,2,0,0,0,0,0,0,25,5,3,3,1,1,31,0,47,149,221,144,218,62,220,62,220,185,221,155,218,191,218,177,219,3,255,2,103,7,6,4,252,25,128,0,3,0,0,0,0,0,0,191,95,91,49,131,21,39,0,64,0,0,0,0,202,36,100,49,198,212,165,0,3,8,6,0,128,188,141,157,223,157,223,157,223,157,223,0,223,180,223,185,223,190,223,157,223,157,223,2,141,216,0,165,26,140,252,141,211
2026-08-17_14-08-30,1,180,1,0.0,0,0.0,-1,-1,145,13,0,3,192,0,0,33,0,0,0,0,0,18,18,0,8,36,0,0,2,0,0,0,0,0,0,25,5,3,3,1,1,31,0,47,149,221,144,218,62,220,62,220,185,221,155,218,191,218,177,219,3,255,2,103,7,6,4,252,25,128,0,3,0,0,0,0,0,0,191,95,91,49,131,21,39,0,64,0,0,0,0,202,36,100,49,198,212,165,0,3,8,6,0,128,188,141,157,223,157,223,157,223,157,223,0,223,180,223,185,223,190,223,157,223,157,223,2,141,216,0,165,26,140,252,141,211,149,214,0,3,192,0,0,33,0,0,0,0,0,18,18,0,8,36,0,0,2,0,0,0,0,0,0,25,4,3,3,1,1,31,0,47,154,221,144,218,62,220,62,220,190,221,160,218,196,218,177,219,3,255,2,103,7,6,0,252,20,128,0,3,0,0,0,0,0,0,191,95,91,49,131,20,39,0,64,0,0,0,0,202,36,100,49,198,228,165,0,3,8,6,0,128,188,141,157,223,157,223,157,223,157,223,0,223,180,223,185,223,190,223,157,223,157,223,2,141,216,0,165,26,140,252,141,211
2026-08-17_14-08-30,1,181,1,0.0,0,0.0,-1,-1,149,214,0,3,192,0,0,33,0,0,0,0,0,18,18,0,8,36,0,0,2,0,0,0,0,0,0,25,4,3,3,1,1,31,0,47,154,221,144,218,62,220,62,220,190,221,160,218,196,218,177,219,3,255,2,103,7,6,0,252,20,128,0,3,0,0,0,0,0,0,191,95,91,49,131,20,39,0,64,0,0,0,0,202,36,100,49,198,228,165,0,3,8,6,0,128,188,141,157,223,157,223,157,223,157,223,0,223,180,223,185,223,190,223,157,223,157,223,2,141,216,0,165,26,140,252,141,211,153,102,0,3,192,0,0,33,0,0,0,0,0,18,18,0,8,36,0,0,2,0,0,0,0,0,0,25,3,3,3,1,1,31,0,47,159,221,144,218,62,220,62,220,195,221,165,218,201,218,177,219,3,255,2,103,0,5,2,2,15,128,0,3,0,0,0,0,0,0,191,95,91,49,131,19,39,0,64,0,0,0,0,202,36,100,49,198,244,165,0,3,8,6,0,128,188,141,157,223,157,223,157,223,157,223,0,223,180,223,185,223,190,223,157,223,157,223,2,141,216,0,165,26,140,252,141,211
2026-08-17_14-08-30,1,182,1,0.0,0,0.0,-1,-1,153,102,0,3,192,0,0,33,0,0,0,0,0,18,18,0,8,36,0,0,2,0,0,0,0,0,0,25,3,3,3,1,1,31,0,47,159,221,144,218,62,220,62,220,195,221,165,218,201,218,177,219,3,255,2,103,0,5,2,2,15,128,0,3,0,0,0,0,0,0,191,95,91,49,131,19,39,0,64,0,0,0,0,202,36,100,49,198,244,165,0,3,8,6,0,128,188,141,157,223,157,223,157,223,157,223,0,223,180,223,185,223,190,223,157,223,157,223,2,141,216,0,165,26,140,252,141,211,157,101,0,3,192,0,0,33,0,0,0,0,0,18,18,0,8,36,0,0,2,0,0,0,0,0,0,25,2,3,3,1,1,31,0,47,165,221,144,218,62,220,62,220,201,221,171,218,207,218,177,219,3,255,2,103,1,5,4,2,9,128,0,3,0,0,0,0,0,0,191,95,91,49,131,18,39,0,64,0,0,0,0,202,36,100,49,198,4,165,0,3,8,6,0,128,188,141,157,223,157,223,157,223,157,223,0,223,180,223,185,223,190,223,157,223,157,223,2,141,216,0,165,26,140,252,141,211
2026-08-17_14-08-30,1,183,1,0.0,0,0.0,-1,-1,157,101,0,3,192,0,0,33,0,0,0,0,0,18,18,0,8,36,0,0,2,0,0,0,0,0,0,25,2,3,3,1,1,31,0,47,165,221,144,218,62,220,62,220,201,221,171,218,207,218,177,219,3,255,2,103,1,5,4,2,9,128,0,3,0,0,0,0,0,0,191,95,91,49,131,18,39,0,64,0,0,0,0,202,36,100,49,198,4,165,0,3,8,6,0,128,188,141,157,223,157,223,157,223,157,223,0,223,180,223,185,223,190,223,157,223,157,223,2,141,216,0,165,26,140,252,141,211,161,84,0,3,192,0,0,33,0,0,0,0,0,18,18,0,8,36,0,0,2,0,0,0,0,0,0,25,1,3,3,1,1,31,0,47,172,221,144,218,62,220,62,220,208,221,178,218,214,218,177,219,3,255,2,103,1,5,0,2,2,128,0,3,0,0,0,0,0,0,191,95,91,49,131,17,39,0,64,0,0,0,0,202,36,100,49,198,20,165,0,3,8,6,0,128,188,141,157,223,157,223,157,223,157,223,0,223,180,223,185,223,190,223,157,223,157,223,2,141,216,0,165,26,140,252,141,211
2026-08-17_14-08-30,1,184,1,0.0,0,0.0,-1,-1,161,84,0,3,192,0,0,33,0,0,0,0,0,18,18,0,8,36,0,0,2,0,0,0,0,0,0,25,1,3,3,1,1,31,0,47,172,221,144,218,62,220,62,220,208,221,178,218,214,218,177,219,3,255,2,103,1,5,0,2,2,128,0,3,0,0,0,0,0,0,191,95,91,49,131,17,39,0,64,0,0,0,0,202,36,100,49,198,20,165,0,3,8,6,0,128,188,141,157,223,157,223,157,223,157,223,0,223,180,223,185,223,190,223,157,223,157,223,2,141,216,0,165,26,140,252,141,211,165,79,0,3,192,0,0,33,0,0,0,0,0,18,18,0,8,36,0,0,2,0,0,0,0,0,0,25,0,3,3,1,1,31,0,47,72,218,144,218,62,220,62,220,209,221,179,218,215,218,177,219,3,255,2,103,2,5,2,2,0,128,0,3,0,0,0,0,0,0,191,95,91,49,131,16,39,0,64,0,0,0,0,202,36,100,49,198,36,165,0,3,8,5,0,128,188,141,157,223,157,223,157,223,157,223,0,223,180,223,185,223,190,223,157,223,157,223,2,141,216,0,165,26,140,252,141,211
2026-08-17_14-08-30,1,185,4,0.0,0,0.0,-1,-1,165,79,0,3,192,0,0,33,0,0,0,0,0,18,18,0,8,36,0,0,2,0,0,0,0,0,0,25,0,3,3,1,1,31,0,47,72,218,144,218,62,220,62,220,209,221,179,218,215,218,177,219,3,255,2,103,2,5,2,2,0,128,0,3,0,0,0,0,0,0,191,95,91,49,131,16,39,0,64,0,0,0,0,202,36,100,49,198,36,165,0,3,8,5,0,128,188,141,157,223,157,223,157,223,157,223,0,223,180,223,185,223,190,223,157,223,157,223,2,141,216,0,165,26,140,252,141,211,169,243,0,3,64,0,0,33,0,0,0,0,0,18,18,0,8,36,0,0,2,0,0,0,0,0,0,24,153,3,3,1,1,31,0,47,172,222,144,218,54,220,62,220,209,221,185,218,215,218,177,219,3,255,2,103,3,5,4,2,0,128,0,3,0,0,0,0,0,0,191,95,91,49,131,15,39,0,64,0,0,0,0,202,36,100,49,198,52,165,0,3,8,1,0,128,188,141,157,223,157,223,157,223,157,223,0,223,180,223,185,223,190,223,157,223,157,223,2,141,216,0,165,26,140,252,141,211
2026-08-17_14-08-30,1,186,4,0.0,0,0.0,-1,-1,169,243,0,3,64,0,0,33,0,0,0,0,0,18,18,0,8,36,0,0,2,0,0,0,0,0,0,24,153,3,3,1,1,31,0,47,172,222,144,218,54,220,62,220,209,221,185,218,215,218,177,219,3,255,2,103,3,5,4,2,0,128,0,3,0,0,0,0,0,0,191,95,91,49,131,15,39,0,64,0,0,0,0,202,36,100,49,198,52,165,0,3,8,1,0,128,188,141,157,223,157,223,157,223,157,223,0,223,180,223,185,223,190,223,157,223,157,223,2,141,216,0,165,26,140,252,141,211,173,54,0,3,64,0,0,33,0,0,0,0,0,18,18,0,8,36,0,0,2,0,0,0,0,0,0,24,152,3,3,1,1,31,0,47,172,222,144,218,54,220,62,220,209,221,185,218,215,218,177,219,3,255,2,103,3,5,0,2,0,128,0,3,0,0,0,0,0,0,191,95,91,49,131,14,39,0,64,0,0,0,0,202,36,100,49,198,68,165,0,3,8,1,0,128,188,141,157,223,157,223,157,223,157,223,0,223,180,223,185,223,190,223,157,223,157,223,2,141,216,0,165,26,140,252,141,211
2026-08-17_14-08-30,1,187,4,0.0,0,0.0,-1,-1,173,54,0,3,64,0,0,33,0,0,0,0,0,18,18,0,8,36,0,0,2,0,0,0,0,0,0,24,152,3,3,1,1,31,0,47,172,222,144,218,54,220,62,220,209,221,185,218,215,218,177,219,3,255,2,103,3,5,0,2,0,128,0,3,0,0,0,0,0,0,191,95,91,49,131,14,39,0,64,0,0,0,0,202,36,100,49,198,68,165,0,3,8,1,0,128,188,141,157,223,157,223,157,223,157,223,0,223,180,223,185,223,190,223,157,223,157,223,2,141,216,0,165,26,140,252,141,211,177,104,0,3,64,0,0,33,0,0,0,0,0,18,18,0,8,36,0,0,2,0,0,0,0,0,0,24,151,3,3,1,1,31,0,47,172,222,144,218,54,220,62,220,209,221,185,218,215,218,177,219,3,255,2,103,0,5,2,1,0,128,0,3,0,0,0,0,0,0,191,95,91,49,131,13,39,0,64,0,0,0,0,202,36,100,49,198,84,165,0,3,8,1,0,128,188,141,157,223,157,223,157,223,157,223,0,223,180,223,185,223,190,223,157,223,157,223,2,141,216,0,165,26,140,252,141,211
2026-08-17_14-08-30,1,188,4,0.0,0,0.0,-1,-1,177,104,0,3,64,0,0,33,0,0,0,0,0,18,18,0,8,36,0,0,2,0,0,0,0,0,0,24,151,3,3,1,1,31,0,47,172,222,144,218,54,220,62,220,209,221,185,218,215,218,177,219,3,255,2,103,0,5,2,1,0,128,0,3,0,0,0,0,0,0,191,95,91,49,131,13,39,0,64,0,0,0,0,202,36,100,49,198,84,165,0,3,8,1,0,128,188,141,157,223,157,223,157,223,157,223,0,223,180,223,185,223,190,223,157,223,157,223,2,141,216,0,165,26,140,252,141,211,181,130,0,3,64,0,0,33,0,0,0,0,0,18,18,0,8,36,0,0,2,0,0,0,0,0,0,24,150,3,3,1,1,31,0,47,172,222,144,218,54,220,62,220,209,221,185,218,215,218,177,219,3,255,2,103,1,5,4,1,0,128,0,3,0,0,0,0,0,0,191,95,91,49,131,12,39,0,64,0,0,0,0,202,36,100,49,198,100,165,0,3,8,1,0,128,188,141,157,223,157,223,157,223,157,223,0,223,180,223,185,223,190,223,157,223,157,223,2,141,216,0,165,26,140,252,141,211
2026-08-17_14-08-30,1,189,4,0.0,0,0.0,-1,-1,181,130,0,3,64,0,0,33,0,0,0,0,0,18,18,0,8,36,0,0,2,0,0,0,0,0,0,24,150,3,3,1,1,31,0,47,172,222,144,218,54,220,62,220,209,221,185,218,215,218,177,219,3,255,2,103,1,5,4,1,0,128,0,3,0,0,0,0,0,0,191,95,91,49,131,12,39,0,64,0,0,0,0,202,36,100,49,198,100,165,0,3,8,1,0,128,188,141,157,223,157,223,157,223,157,223,0,223,180,223,185,223,190,223,157,223,157,223,2,141,216,0,165,26,140,252,141,211,185,41,0,3,64,0,0,33,0,0,0,0,0,18,18,0,8,36,0,0,2,0,0,0,0,0,0,24,149,3,3,1,1,31,0,47,172,222,144,218,54,220,62,220,209,221,185,218,215,218,177,219,3,255,2,103,1,5,0,1,0,128,0,3,0,0,0,0,0,0,191,95,91,49,131,11,39,0,64,0,0,0,0,202,36,100,49,198,116,165,0,3,8,1,0,128,188,141,157,223,157,223,157,223,157,223,0,223,180,223,185,223,190,223,157,223,157,223,2,141,216,0,165,26,140,252,141,211
2026-08-17_14-08-30,1,190,4,0.0,0,0.0,-1,-1,185,41,0,3,64,0,0,33,0,0,0,0,0,18,18,0,8,36,0,0,2,0,0,0,0,0,0,24,149,3,3,1,1,31,0,47,172,222,144,218,54,220,62,220,209,221,185,218,215,218,177,219,3,255,2,103,1,5,0,1,0,128,0,3,0,0,0,0,0,0,191,95,91,49,131,11,39,0,64,0,0,0,0,202,36,100,49,198,116,165,0,3,8,1,0,128,188,141,157,223,157,223,157,223,157,223,0,223,180,223,185,223,190,223,157,223,157,223,2,141,216,0,165,26,140,252,141,211,189,150,0,3,64,0,0,33,0,0,0,0,0,18,18,0,8,36,0,0,2,0,0,0,0,0,0,24,148,3,3,1,1,31,0,47,172,222,144,218,54,220,62,220,209,221,185,218,215,218,177,219,3,255,2,103,2,5,2,1,0,128,0,3,0,0,0,0,0,0,191,95,91,49,131,10,39,0,64,0,0,0,0,202,36,100,49,198,147,165,0,3,8,1,0,128,188,141,157,223,157,223,157,223,157,223,0,223,180,223,185,223,190,223,157,223,157,223,2,141,216,0,165,26,140,252,141,211
2026-08-17_14-08-30,1,191,4,0.0,0,0.0,-1,-1,189,150,0,3,64,0,0,33,0,0,0,0,0,18,18,0,8,36,0,0,2,0,0,0,0,0,0,24,148,3,3,1,1,31,0,47,172,222,144,218,54,220,62,220,209,221,185,218,215,218,177,219,3,255,2,103,2,5,2,1,0,128,0,3,0,0,0,0,0,0,191,95,91,49,131,10,39,0,64,0,0,0,0,202,36,100,49,198,147,165,0,3,8,1,0,128,188,141,157,223,157,223,157,223,157,223,0,223,180,223,185,223,190,223,157,223,157,223,2,141,216,0,165,26,140,252,141,211,193,98,0,3,64,0,0,33,0,0,0,0,0,18,18,0,8,36,0,0,2,0,0,0,0,0,0,24,147,3,3,1,1,31,0,47,172,222,144,218,54,220,62,220,209,221,185,218,215,218,177,219,3,255,2,103,3,5,4,1,0,128,0,3,0,0,0,0,0,0,191,95,91,49,131,9,39,0,64,0,0,0,0,202,36,100,49,198,163,165,0,3,8,1,0,128,188,141,157,223,157,223,157,223,157,223,0,223,180,223,185,223,190,223,157,223,157,223,2,141,216,0,165,26,140,252,141,211
2026-08-17_14-08-30,1,192,1,0.0,0,0.0,-1,-1,193,98,0,3,64,0,0,33,0,0,0,0,0,18,18,0,8,36,0,0,2,0,0,0,0,0,0,24,147,3,3,1,1,31,0,47,172,222,144,218,54,220,62,220,209,221,185,218,215,218,177,219,3,255,2,103,3,5,4,1,0,128,0,3,0,0,0,0,0,0,191,95,91,49,131,9,39,0,64,0,0,0,0,202,36,100,49,198,163,165,0,3,8,1,0,128,188,141,157,223,157,223,157,223,157,223,0,223,180,223,185,223,190,223,157,223,157,223,2,141,216,0,165,26,140,252,141,211,197,39,0,3,128,0,0,33,0,0,0,0,0,18,18,0,8,36,0,0,2,0,0,0,0,0,0,24,146,3,3,1,1,31,0,47,165,221,144,218,62,220,62,220,201,221,171,218,207,218,177,219,3,255,2,103,3,5,0,1,9,128,0,3,0,0,0,0,0,0,191,95,91,49,131,8,39,0,64,0,0,0,0,202,36,100,49,198,179,165,0,3,8,6,0,128,188,141,157,223,157,223,157,223,157,223,0,223,180,223,185,223,190,223,157,223,157,223,2,141,216,0,165,26,140,252,141,211
2026-08-17_14-08-30,1,193,1,0.0,0,0.0,-1,-1,197,39,0,3,128,0,0,33,0,0,0,0,0,18,18,0,8,36,0,0,2,0,0,0,0,0,0,24,146,3,3,1,1,31,0,47,165,221,144,218,62,220,62,220,201,221,171,218,207,218,177,219,3,255,2,103,3,5,0,1,9,128,0,3,0,0,0,0,0,0,191,95,91,49,131,8,39,0,64,0,0,0,0,202,36,100,49,198,179,165,0,3,8,6,0,128,188,141,157,223,157,223,157,223,157,223,0,223,180,223,185,223,190,223,157,223,157,223,2,141,216,0,165,26,140,252,141,211,201,113,0,3,128,0,0,33,0,0,0,0,0,18,18,0,8,36,0,0,2,0,0,0,0,0,0,24,145,3,3,1,1,31,0,47,159,221,144,218,62,220,62,220,195,221,165,218,201,218,177,219,3,255,2,103,0,5,2,0,15,128,0,3,0,0,0,0,0,0,191,95,91,49,131,7,39,0,64,0,0,0,0,202,36,100,49,198,195,165,0,3,8,6,0,128,188,141,157,223,157,223,157,223,157,223,0,223,180,223,185,223,190,223,157,223,157,223,2,141,216,0,165,26,140,252,141,211
2026-08-17_14-08-30,1,194,1,0.0,0,0.0,-1,-1,201,113,0,3,128,0,0,33,0,0,0,0,0,18,18,0,8,36,0,0,2,0,0,0,0,0,0,24,145,3,3,1,1,31,0,47,159,221,144,218,62,220,62,220,195,221,165,218,201,218,177,219,3,255,2,103,0,5,2,0,15,128,0,3,0,0,0,0,0,0,191,95,91,49,131,7,39,0,64,0,0,0,0,202,36,100,49,198,195,165,0,3,8,6,0,128,188,141,157,223,157,223,157,223,157,223,0,223,180,223,185,223,190,223,157,223,157,223,2,141,216,0,165,26,140,252,141,211,205,31,0,3,128,0,0,33,0,0,0,0,0,18,18,0,8,36,0,0,2,0,0,0,0,0,0,24,144,3,3,1,1,31,0,47,154,221,144,218,62,220,62,220,190,221,160,218,196,218,177,219,3,255,2,103,1,5,4,0,20,128,0,3,0,0,0,0,0,0,191,95,91,49,131,6,39,0,64,0,0,0,0,202,36,100,49,198,211,165,0,3,8,6,0,128,188,141,157,223,157,223,157,223,157,223,0,223,180,223,185,223,190,223,157,223,157,223,2,141,216,0,165,26,140,252,141,211
2026-08-17_14-08-30,1,195,1,0.0,0,0.0,-1,-1,205,31,0,3,128,0,0,33,0,0,0,0,0,18,18,0,8,36,0,0,2,0,0,0,0,0,0,24,144,3,3,1,1,31,0,47,154,221,144,218,62,220,62,220,190,221,160,218,196,218,177,219,3,255,2,103,1,5,4,0,20,128,0,3,0,0,0,0,0,0,191,95,91,49,131,6,39,0,64,0,0,0,0,202,36,100,49,198,211,165,0,3,8,6,0,128,188,141,157,223,157,223,157,223,157,223,0,223,180,223,185,223,190,223,157,223,157,223,2,141,216,0,165,26,140,252,141,211,209,254,0,3,192,0,0,33,0,0,0,0,0,18,18,0,8,36,0,0,2,0,0,0,0,0,0,24,137,3,3,1,1,31,0,47,149,221,144,218,62,220,62,220,185,221,155,218,191,218,177,219,3,255,2,103,1,5,0,0,25,128,0,3,0,0,0,0,0,0,191,95,91,49,131,5,39,0,64,0,0,0,0,202,36,100,49,198,227,165,0,3,8,6,0,128,188,141,157,223,157,223,157,223,157,223,0,223,180,223,185,223,190,223,157,223,157,223,2,141,216,0,165,26,140,252,141,211
2026-08-17_14-08-30,1,196,1,0.0,0,0.0,-1,-1,209,254,0,3,192,0,0,33,0,0,0,0,0,18,18,0,8,36,0,0,2,0,0,0,0,0,0,24,137,3,3,1,1,31,0,47,149,221,144,218,62,220,62,220,185,221,155,218,191,218,177,219,3,255,2,103,1,5,0,0,25,128,0,3,0,0,0,0,0,0,191,95,91,49,131,5,39,0,64,0,0,0,0,202,36,100,49,198,227,165,0,3,8,6,0,128,188,141,157,223,157,223,157,223,157,223,0,223,180,223,185,223,190,223,157,223,157,223,2,141,216,0,165,26,140,252,141,211,213,224,0,3,192,0,0,33,0,0,0,0,0,18,18,0,8,36,0,0,2,0,0,0,0,0,0,24,136,3,3,1,1,31,0,47,154,221,144,218,62,220,62,220,190,221,160,218,196,218,177,219,3,255,2,103,2,5,2,0,20,128,0,3,0,0,0,0,0,0,191,95,91,49,131,4,39,0,64,0,0,0,0,202,36,100,49,198,243,165,0,3,8,6,0,128,188,141,157,223,157,223,157,223,157,223,0,223,180,223,185,223,190,223,157,223,157,223,2,141,216,0,165,26,140,252,141,211
2026-08-17_14-08-30,1,197,1,0.0,0,0.0,-1,-1,213,224,0,3,192,0,0,33,0,0,0,0,0,18,18,0,8,36,0,0,2,0,0,0,0,0,0,24,136,3,3,1,1,31,0,47,154,221,144,218,62,220,62,220,190,221,160,218,196,218,177,219,3,255,2,103,2,5,2,0,20,128,0,3,0,0,0,0,0,0,191,95,91,49,131,4,39,0,64,0,0,0,0,202,36,100,49,198,243,165,0,3,8,6,0,128,188,141,157,223,157,223,157,223,157,223,0,223,180,223,185,223,190,223,157,223,157,223,2,141,216,0,165,26,140,252,141,211,217,14,0,3,192,0,0,33,0,0,0,0,0,18,18,0,8,36,0,0,2,0,0,0,0,0,0,24,135,3,3,1,1,31,0,47,159,221,144,218,62,220,62,220,195,221,165,218,201,218,177,219,3,255,2,103,3,5,4,0,15,128,0,3,0,0,0,0,0,0,191,95,91,49,131,3,39,0,64,0,0,0,0,202,36,100,49,198,3,165,0,3,8,6,0,128,188,141,157,223,157,223,157,223,157,223,0,223,180,223,185,223,190,223,157,223,157,223,2,141,216,0,165,26,140,252,141,211
2026-08-17_14-08-30,1,198,1,0.0,0,0.0,-1,-1,217,14,0,3,192,0,0,33,0,0,0,0,0,18,18,0,8,36,0,0,2,0,0,0,0,0,0,24,135,3,3,1,1,31,0,47,159,221,144,218,62,220,62,220,195,221,165,218,201,218,177,219,3,255,2,103,3,5,4,0,15,128,0,3,0,0,0,0,0,0,191,95,91,49,131,3,39,0,64,0,0,0,0,202,36,100,49,198,3,165,0,3,8,6,0,128,188,141,157,223,157,223,157,223,157,223,0,223,180,223,185,223,190,223,157,223,157,223,2,141,216,0,165,26,140,252,141,211,221,231,0,3,192,0,0,33,0,0,0,0,0,18,18,0,8,36,0,0,2,0,0,0,0,0,0,24,134,3,3,1,1,31,0,47,165,221,144,218,62,220,62,220,201,221,171,218,207,218,177,219,3,255,2,103,3,5,0,0,9,128,0,3,0,0,0,0,0,0,191,95,91,49,131,2,39,0,64,0,0,0,0,202,36,100,49,198,19,165,0,3,8,6,0,128,188,141,157,223,157,223,157,223,157,223,0,223,180,223,185,223,190,223,157,223,157,223,2,141,216,0,165,26,140,252,141,211
2026-08-17_14-08-30,1,199,1,0.0,0,0.0,-1,-1,221,231,0,3,192,0,0,33,0,0,0,0,0,18,18,0,8,36,0,0,2,0,0,0,0,0,0,24,134,3,3,1,1,31,0,47,165,221,144,218,62,220,62,220,201,221,171,218,207,218,177,219,3,255,2,103,3,5,0,0,9,128,0,3,0,0,0,0,0,0,191,95,91,49,131,2,39,0,64,0,0,0,0,202,36,100,49,198,19,165,0,3,8,6,0,128,188,141,157,223,157,223,157,223,157,223,0,223,180,223,185,223,190,223,157,223,157,223,2,141,216,0,165,26,140,252,141,211,225,125,0,3,192,0,0,33,0,0,0,0,0,18,18,0,8,36,0,0,2,0,0,0,0,0,0,24,133,3,3,1,1,31,0,47,172,221,144,218,62,220,62,220,208,221,178,218,214,218,177,219,3,255,2,103,4,5,2,255,2,128,0,3,0,0,0,0,0,0,191,95,91,49,131,1,39,0,64,0,0,0,0,202,36,100,49,198,35,165,0,3,8,6,0,128,188,141,157,223,157,223,157,223,157,223,0,223,180,223,185,223,190,223,157,223,157,223,2,141,216,0,165,26,140,252,141,211
2026-08-17_14-08-30,1,200,4,0.0,0,0.0,-1,-1,225,125,0,3,192,0,0,33,0,0,0,0,0,18,18,0,8,36,0,0,2,0,0,0,0,0,0,24,133,3,3,1,1,31,0,47,172,221,144,218,62,220,62,220,208,221,178,218,214,218,177,219,3,255,2,103,4,5,2,255,2,128,0,3,0,0,0,0,0,0,191,95,91,49,131,1,39,0,64,0,0,0,0,202,36,100,49,198,35,165,0,3,8,6,0,128,188,141,157,223,157,223,157,223,157,223,0,223,180,223,185,223,190,223,157,223,157,223,2,141,216,0,165,26,140,252,141,211,229,217,0,3,64,0,0,33,0,0,0,0,0,18,18,0,8,36,0,0,2,0,0,0,0,0,0,24,132,3,3,1,1,31,1,47,172,222,144,218,54,220,62,220,209,221,185,218,215,218,177,219,3,255,2,103,27,5,255,254,0,128,38,3,9,0,0,0,0,0,191,95,91,49,131,0,39,0,64,0,0,0,0,202,36,100,49,198,51,165,0,3,8,1,0,128,188,141,157,223,157,223,157,223,157,223,0,223,180,223,185,223,190,223,157,223,157,223,2,141,216,0,165,26,140,252,141,211
2026-08-17_14-08-30,1,201,4,0.0,0,0.0,-1,-1,229,217,0,3,64,0,0,33,0,0,0,0,0,18,18,0,8,36,0,0,2,0,0,0,0,0,0,24,132,3,3,1,1,31,1,47,172,222,144,218,54,220,62,220,209,221,185,218,215,218,177,219,3,255,2,103,27,5,255,254,0,128,38,3,9,0,0,0,0,0,191,95,91,49,131,0,39,0,64,0,0,0,0,202,36,100,49,198,51,165,0,3,8,1,0,128,188,141,157,223,157,223,157,223,157,223,0,223,180,223,185,223,190,223,157,223,157,223,2,141,216,0,165,26,140,252,141,211,233,145,0,3,64,0,0,33,0,0,0,0,0,18,18,0,8,36,0,0,2,0,0,0,0,0,0,24,132,3,3,1,1,31,1,47,172,222,144,218,54,220,62,220,209,221,185,218,215,218,177,219,3,255,2,103,27,5,255,254,0,128,34,3,9,0,0,0,0,0,191,95,91,49,131,0,39,0,64,0,0,0,0,202,36,100,49,198,51,165,0,3,8,1,0,128,188,141,157,223,157,223,157,223,157,223,0,223,180,223,185,223,190,223,157,223,157,223,2,141,216,0,165,26,140,252,141,211
2026-08-17_14-08-30,1,202,5,0.0,0,0.0,-1,-1,233,145,0,3,64,0,0,33,0,0,0,0,0,18,18,0,8,36,0,0,2,0,0,0,0,0,0,24,132,3,3,1,1,31,1,47,172,222,144,218,54,220,62,220,209,221,185,218,215,218,177,219,3,255,2,103,27,5,255,254,0,128,34,3,9,0,0,0,0,0,191,95,91,49,131,0,39,0,64,0,0,0,0,202,36,100,49,198,51,165,0,3,8,1,0,128,188,141,157,223,157,223,157,223,157,223,0,223,180,223,185,223,190,223,157,223,157,223,2,141,216,0,165,26,140,252,141,211,237,17,0,3,64,0,0,33,0,0,0,0,0,18,18,0,8,36,0,0,2,0,0,0,0,0,0,24,132,3,3,1,1,31,1,47,172,222,144,218,54,220,62,220,209,221,185,218,215,218,177,219,3,255,2,103,27,5,255,254,0,128,30,3,9,0,0,0,0,0,191,95,91,49,131,0,39,0,64,0,0,0,0,202,36,100,49,198,51,165,0,3,8,1,0,128,188,141,157,223,157,223,157,223,157,223,0,223,180,223,185,223,190,223,157,223,157,223,2,141,216,0,165,26,140,252,141,211
2026-08-17_14-08-30,1,203,5,0.0,0,0.0,-1,-1,237,17,0,3,64,0,0,33,0,0,0,0,0,18,18,0,8,36,0,0,2,0,0,0,0,0,0,24,132,3,3,1,1,31,1,47,172,222,144,218,54,220,62,220,209,221,185,218,215,218,177,219,3,255,2,103,27,5,255,254,0,128,30,3,9,0,0,0,0,0,191,95,91,49,131,0,39,0,64,0,0,0,0,202,36,100,49,198,51,165,0,3,8,1,0,128,188,141,157,223,157,223,157,223,157,223,0,223,180,223,185,223,190,223,157,223,157,223,2,141,216,0,165,26,140,252,141,211,241,25,0,3,64,0,0,33,0,0,0,0,0,18,18,0,8,36,0,0,2,0,0,0,0,0,0,24,132,3,3,1,1,31,1,47,172,222,144,218,54,220,62,220,209,221,185,218,215,218,177,219,3,255,2,103,27,5,255,254,0,128,26,3,9,0,0,0,0,0,191,95,91,49,131,0,39,0,64,0,0,0,0,202,36,100,49,198,51,165,0,3,8,1,0,128,188,141,157,223,157,223,157,223,157,223,0,223,180,223,185,223,190,223,157,223,157,223,2,141,216,0,165,26,140,252,141,211
2026-08-17_14-08-30,1,204,2,0.0,0,0.0,-1,-1,241,25,0,3,64,0,0,33,0,0,0,0,0,18,18,0,8,36,0,0,2,0,0,0,0,0,0,24,132,3,3,1,1,31,1,47,172,222,144,218,54,220,62,220,209,221,185,218,215,218,177,219,3,255,2,103,27,5,255,254,0,128,26,3,9,0,0,0,0,0,191,95,91,49,131,0,39,0,64,0,0,0,0,202,36,100,49,198,51,165,0,3,8,1,0,128,188,141,157,223,157,223,157,223,157,223,0,223,180,223,185,223,190,223,157,223,157,223,2,141,216,0,165,26,140,252,141,211,245,157,0,3,64,0,0,33,0,0,0,0,0,18,18,0,8,36,0,0,2,0,0,0,0,0,0,24,132,3,3,1,1,31,1,47,172,222,144,218,54,220,62,220,209,221,185,218,215,218,177,219,3,255,2,103,27,5,255,254,0,128,22,3,9,0,0,0,0,0,191,95,91,49,131,0,39,0,64,0,0,0,0,202,36,100,49,198,51,165,0,3,8,1,0,128,188,141,157,223,157,223,157,223,157,223,0,223,180,223,185,223,190,223,157,223,157,223,2,141,216,0,165,26,140,252,141,211
2026-08-17_14-08-30,1,205,2,0.0,0,0.0,-1,-1,245,157,0,3,64,0,0,33,0,0,0,0,0,18,18,0,8,36,0,0,2,0,0,0,0,0,0,24,132,3,3,1,1,31,1,47,172,222,144,218,54,220,62,220,209,221,185,218,215,218,177,219,3,255,2,103,27,5,255,254,0,128,22,3,9,0,0,0,0,0,191,95,91,49,131,0,39,0,64,0,0,0,0,202,36,100,49,198,51,165,0,3,8,1,0,128,188,141,157,223,157,223,157,223,157,223,0,223,180,223,185,223,190,223,157,223,157,223,2,141,216,0,165,26,140,252,141,211,249,215,0,3,64,0,0,33,0,0,0,0,0,18,18,0,8,36,0,0,2,0,0,0,0,0,0,24,132,3,3,1,1,31,1,47,172,222,144,218,54,220,62,220,209,221,185,218,215,218,177,219,3,255,2,103,27,5,255,254,0,128,18,3,9,0,0,0,0,0,191,95,91,49,131,0,39,0,64,0,0,0,0,202,36,100,49,198,51,165,0,3,8,1,0,128,188,141,157,223,157,223,157,223,157,223,0,223,180,223,185,223,190,223,157,223,157,223,2,141,216,0,165,26,140,252,141,211
2026-08-17_14-08-30,1,206,2,0.0,0,0.0,-1,-1,249,215,0,3,64,0,0,33,0,0,0,0,0,18,18,0,8,36,0,0,2,0,0,0,0,0,0,24,132,3,3,1,1,31,1,47,172,222,144,218,54,220,62,220,209,221,185,218,215,218,177,219,3,255,2,103,27,5,255,254,0,128,18,3,9,0,0,0,0,0,191,95,91,49,131,0,39,0,64,0,0,0,0,202,36,100,49,198,51,165,0,3,8,1,0,128,188,141,157,223,157,223,157,223,157,223,0,223,180,223,185,223,190,223,157,223,157,223,2,141,216,0,165,26,140,252,141,211,253,118,0,3,64,0,0,33,0,0,0,0,0,18,18,0,8,36,0,0,2,0,0,0,0,0,0,24,132,3,3,1,1,31,1,47,172,222,144,218,54,220,62,220,209,221,185,218,215,218,177,219,3,255,2,103,27,5,255,254,0,128,14,3,9,0,0,0,0,0,191,95,91,49,131,0,39,0,64,0,0,0,0,202,36,100,49,198,51,165,0,3,8,1,0,128,188,141,157,223,157,223,157,223,157,223,0,223,180,223,185,223,190,223,157,223,157,223,2,141,216,0,165,26,140,252,141,211
2026-08-17_14-08-30,1,207,2,0.0,0,0.0,-1,-1,253,118,0,3,64,0,0,33,0,0,0,0,0,18,18,0,8,36,0,0,2,0,0,0,0,0,0,24,132,3,3,1,1,31,1,47,172,222,144,218,54,220,62,220,209,221,185,218,215,218,177,219,3,255,2,103,27,5,255,254,0,128,14,3,9,0,0,0,0,0,191,95,91,49,131,0,39,0,64,0,0,0,0,202,36,100,49,198,51,165,0,3,8,1,0,128,188,141,157,223,157,223,157,223,157,223,0,223,180,223,185,223,190,223,157,223,157,223,2,141,216,0,165,26,140,252,141,211,1,108,0,4,64,0,0,33,0,0,0,0,0,18,18,0,8,36,0,0,2,0,0,0,0,0,0,24,132,3,3,1,1,31,1,47,172,222,144,218,54,220,62,220,209,221,185,218,215,218,177,219,3,255,2,103,27,5,255,254,0,128,10,3,9,0,0,0,0,0,191,95,91,49,131,0,39,0,64,0,0,0,0,202,36,100,49,198,51,165,0,3,8,1,0,128,188,141,157,223,157,223,157,223,157,223,0,223,180,223,185,223,190,223,157,223,157,223,2,141,216,0,165,26,140,252,141,211
2026-08-17_14-08-30,1,208,2,0.0,0,0.0,-1,-1,1,108,0,4,64,0,0,33,0,0,0,0,0,18,18,0,8,36,0,0,2,0,0,0,0,0,0,24,132,3,3,1,1,31,1,47,172,222,144,218,54,220,62,220,209,221,185,218,215,218,177,219,3,255,2,103,27,5,255,254,0,128,10,3,9,0,0,0,0,0,191,95,91,49,131,0,39,0,64,0,0,0,0,202,36,100,49,198,51,165,0,3,8,1,0,128,188,141,157,223,157,223,157,223,157,223,0,223,180,223,185,223,190,223,157,223,157,223,2,141,216,0,165,26,140,252,141,211,5,192,0,4,64,0,0,33,0,0,0,0,0,18,18,0,8,36,0,0,2,0,0,0,0,0,0,24,132,3,3,1,1,31,1,47,172,222,144,218,54,220,62,220,209,221,185,218,215,218,177,219,3,255,2,103,27,5,255,254,0,128,6,3,9,0,0,0,0,0,191,95,91,49,131,0,39,0,64,0,0,0,0,202,36,100,49,198,51,165,0,3,8,1,0,128,188,141,157,223,157,223,157,223,157,223,0,223,180,223,185,223,190,223,157,223,157,223,2,141,216,0,165,26,140,252,141,211
2026-08-17_14-08-30,1,209,2,0.0,0,0.0,-1,-1,5,192,0,4,64,0,0,33,0,0,0,0,0,18,18,0,8,36,0,0,2,0,0,0,0,0,0,24,132,3,3,1,1,31,1,47,172,222,144,218,54,220,62,220,209,221,185,218,215,218,177,219,3,255,2,103,27,5,255,254,0,128,6,3,9,0,0,0,0,0,191,95,91,49,131,0,39,0,64,0,0,0,0,202,36,100,49,198,51,165,0,3,8,1,0,128,188,141,157,223,157,223,157,223,157,223,0,223,180,223,185,223,190,223,157,223,157,223,2,141,216,0,165,26,140,252,141,211,9,12,0,4,64,0,0,33,0,0,0,0,0,18,18,0,8,36,0,0,2,0,0,0,0,0,0,24,132,3,3,1,1,31,1,47,172,222,144,218,54,220,62,220,209,221,185,218,215,218,177,219,3,255,2,103,27,5,255,254,0,128,2,3,9,0,0,0,0,0,191,95,91,49,131,0,39,0,64,0,0,0,0,202,36,100,49,198,51,165,0,3,8,1,0,128,188,141,157,223,157,223,157,223,157,223,0,223,180,223,185,223,190,223,157,223,157,223,2,141,216,0,165,26,140,252,141,211
2026-08-17_14-08-30,1,210,2,0.0,0,0.0,-1,-1,9,12,0,4,64,0,0,33,0,0,0,0,0,18,18,0,8,36,0,0,2,0,0,0,0,0,0,24,132,3,3,1,1,31,1,47,172,222,144,218,54,220,62,220,209,221,185,218,215,218,177,219,3,255,2,103,27,5,255,254,0,128,2,3,9,0,0,0,0,0,191,95,91,49,131,0,39,0,64,0,0,0,0,202,36,100,49,198,51,165,0,3,8,1,0,128,188,141,157,223,157,223,157,223,157,223,0,223,180,223,185,223,190,223,157,223,157,223,2,141,216,0,165,26,140,252,141,211,13,198,0,4,64,0,0,33,0,0,0,0,0,18,18,0,8,36,0,0,2,0,0,0,0,0,0,32,0,2,3,1,1,31,64,47,108,218,108,218,62,220,62,220,209,221,179,218,215,218,177,219,3,255,64,103,16,11,253,251,0,0,5,0,5,0,0,0,2,0,191,95,49,49,207,39,39,0,64,0,0,0,0,202,36,49,49,187,165,165,0,3,8,1,0,128,188,141,157,223,157,223,157,223,157,223,0,223,180,223,185,223,190,223,157,223,157,223,2,141,216,0,165,26,200,250,141,211
2026-08-17_14-08-30,1,211,2,0.0,0,0.0,-1,-1,13,198,0,4,64,0,0,33,0,0,0,0,0,18,18,0,8,36,0,0,2,0,0,0,0,0,0,32,0,2,3,1,1,31,64,47,108,218,108,218,62,220,62,220,209,221,179,218,215,218,177,219,3,255,64,103,16,11,253,251,0,0,5,0,5,0,0,0,2,0,191,95,49,49,207,39,39,0,64,0,0,0,0,202,36,49,49,187,165,165,0,3,8,1,0,128,188,141,157,223,157,223,157,223,157,223,0,223,180,223,185,223,190,223,157,223,157,223,2,141,216,0,165,26,200,250,141,211,17,111,0,4,64,0,0,33,0,0,0,0,0,18,18,0,8,36,0,0,2,0,0,0,0,0,0,32,0,2,3,1,1,31,64,47,144,218,108,218,62,220,62,220,209,221,179,218,215,218,177,219,3,255,64,103,16,11,249,251,0,0,1,0,5,0,0,0,2,0,191,95,49,49,203,39,39,0,64,0,0,0,0,202,36,49,49,251,165,165,0,3,8,8,0,128,188,141,157,223,157,223,157,223,157,223,0,223,180,223,185,223,190,223,157,223,157,223,2,141,216,0,165,26,200,250,141,211
2026-08-17_14-08-30,1,212,0,0.0,0,0.0,-1,-1,17,111,0,4,64,0,0,33,0,0,0,0,0,18,18,0,8,36,0,0,2,0,0,0,0,0,0,32,0,2,3,1,1,31,64,47,144,218,108,218,62,220,62,220,209,221,179,218,215,218,177,219,3,255,64,103,16,11,249,251,0,0,1,0,5,0,0,0,2,0,191,95,49,49,203,39,39,0,64,0,0,0,0,202,36,49,49,251,165,165,0,3,8,8,0,128,188,141,157,223,157,223,157,223,157,223,0,223,180,223,185,223,190,223,157,223,157,223,2,141,216,0,165,26,200,250,141,211,21,241,0,4,64,0,0,33,0,0,0,0,0,18,18,0,8,36,0,0,2,0,0,0,0,0,0,32,0,2,3,1,1,31,64,47,144,218,108,218,62,220,62,220,209,221,179,218,215,218,177,219,3,255,64,103,16,11,245,251,0,0,4,0,5,0,0,0,2,0,191,95,49,49,199,39,39,0,64,0,0,0,0,202,36,49,49,59,165,165,0,3,8,8,0,128,188,141,157,223,157,223,157,223,157,223,0,223,180,223,185,223,190,223,157,223,157,223,2,141,216,0,165,26,200,250,141,211
2026-08-17_14-08-30,1,213,0,0.0,0,0.0,-1,-1,21,241,0,4,64,0,0,33,0,0,0,0,0,18,18,0,8,36,0,0,2,0,0,0,0,0,0,32,0,2,3,1,1,31,64,47,144,218,108,218,62,220,62,220,209,221,179,218,215,218,177,219,3,255,64,103,16,11,245,251,0,0,4,0,5,0,0,0,2,0,191,95,49,49,199,39,39,0,64,0,0,0,0,202,36,49,49,59,165,165,0,3,8,8,0,128,188,141,157,223,157,223,157,223,157,223,0,223,180,223,185,223,190,223,157,223,157,223,2,141,216,0,165,26,200,250,141,211,25,23,0,4,64,0,0,33,0,0,0,0,0,18,18,0,8,36,0,0,2,0,0,0,0,0,0,32,0,2,3,1,1,31,64,47,108,218,108,218,62,220,62,220,209,221,179,218,215,218,177,219,3,255,64,103,16,11,241,251,0,0,0,0,0,0,0,0,2,0,191,95,49,49,195,39,39,0,64,0,0,0,0,202,36,49,49,123,165,165,0,3,8,7,0,128,188,141,157,223,157,223,157,223,157,223,0,223,180,223,185,223,190,223,157,223,157,223,2,141,216,0,165,26,200,250,141,211
2026-08-17_14-08-30,1,214,0,0.0,0,0.0,-1,-1,25,23,0,4,64,0,0,33,0,0,0,0,0,18,18,0,8,36,0,0,2,0,0,0,0,0,0,32,0,2,3,1,1,31,64,47,108,218,108,218,62,220,62,220,209,221,179,218,215,218,177,219,3,255,64,103,16,11,241,251,0,0,0,0,0,0,0,0,2,0,191,95,49,49,195,39,39,0,64,0,0,0,0,202,36,49,49,123,165,165,0,3,8,7,0,128,188,141,157,223,157,223,157,223,157,223,0,223,180,223,185,223,190,223,157,223,157,223,2,141,216,0,165,26,200,250,141,211,29,122,0,4,64,0,0,33,0,0,0,0,0,18,18,0,8,36,0,0,2,0,0,0,0,0,0,32,0,2,3,1,1,31,64,47,108,218,108,218,62,220,62,220,209,221,179,218,215,218,177,219,3,255,64,103,16,11,237,251,0,0,3,0,5,0,0,0,2,0,191,95,49,49,191,39,39,0,64,0,0,0,0,202,36,49,49,202,165,165,0,3,8,7,0,128,188,141,157,223,157,223,157,223,157,223,0,223,180,223,185,223,190,223,157,223,157,223,2,141,216,0,165,26,200,250,141,211
2026-08-17_14-08-30,1,215,0,0.0,0,0.0,-1,-1,29,122,0,4,64,0,0,33,0,0,0,0,0,18,18,0,8,36,0,0,2,0,0,0,0,0,0,32,0,2,3,1,1,31,64,47,108,218,108,218,62,220,62,220,209,221,179,218,215,218,177,219,3,255,64,103,16,11,237,251,0,0,3,0,5,0,0,0,2,0,191,95,49,49,191,39,39,0,64,0,0,0,0,202,36,49,49,202,165,165,0,3,8,7,0,128,188,141,157,223,157,223,157,223,157,223,0,223,180,223,185,223,190,223,157,223,157,223,2,141,216,0,165,26,200,250,141,211,33,170,0,4,64,0,0,33,0,0,0,0,0,18,18,0,8,36,0,0,2,0,0,0,0,0,0,32,0,2,3,1,1,31,64,47,144,218,108,218,62,220,62,220,209,221,179,218,215,218,177,219,3,255,64,103,16,11,233,251,0,0,6,0,5,0,0,0,2,0,191,95,49,49,187,39,39,0,64,0,0,0,0,202,36,49,49,10,165,165,0,3,8,8,0,128,188,141,157,223,157,223,157,223,157,223,0,223,180,223,185,223,190,223,157,223,157,223,2,141,216,0,165,26,200,250,141,211
2026-08-17_14-08-30,1,216,0,0.0,0,0.0,-1,-1,33,170,0,4,64,0,0,33,0,0,0,0,0,18,18,0,8,36,0,0,2,0,0,0,0,0,0,32,0,2,3,1,1,31,64,47,144,218,108,218,62,220,62,220,209,221,179,218,215,218,177,219,3,255,64,103,16,11,233,251,0,0,6,0,5,0,0,0,2,0,191,95,49,49,187,39,39,0,64,0,0,0,0,202,36,49,49,10,165,165,0,3,8,8,0,128,188,141,157,223,157,223,157,223,157,223,0,223,180,223,185,223,190,223,157,223,157,223,2,141,216,0,165,26,200,250,141,211,37,175,0,4,64,0,0,33,0,0,0,0,0,18,18,0,8,36,0,0,2,0,0,0,0,0,0,32,0,2,3,1,1,31,64,47,144,218,108,218,62,220,62,220,209,221,179,218,215,218,177,219,3,255,64,103,16,11,229,251,0,0,2,0,5,0,0,0,2,0,191,95,49,49,183,39,39,0,64,0,0,0,0,202,36,49,49,74,165,165,0,3,8,8,0,128,188,141,157,223,157,223,157,223,157,223,0,223,180,223,185,223,190,223,157,223,157,223,2,141,216,0,165,26,200,250,141,211
2026-08-17_14-08-30,1,217,0,0.0,0,0.0,-1,-1,37,175,0,4,64,0,0,33,0,0,0,0,0,18,18,0,8,36,0,0,2,0,0,0,0,0,0,32,0,2,3,1,1,31,64,47,144,218,108,218,62,220,62,220,209,221,179,218,215,218,177,219,3,255,64,103,16,11,229,251,0,0,2,0,5,0,0,0,2,0,191,95,49,49,183,39,39,0,64,0,0,0,0,202,36,49,49,74,165,165,0,3,8,8,0,128,188,141,157,223,157,223,157,223,157,223,0,223,180,223,185,223,190,223,157,223,157,223,2,141,216,0,165,26,200,250,141,211,41,253,0,4,64,0,0,33,0,0,0,0,0,18,18,0,8,36,0,0,2,0,0,0,0,0,0,32,0,2,3,1,1,31,64,47,108,218,108,218,62,220,62,220,209,221,179,218,215,218,177,219,3,255,64,103,16,11,225,251,0,0,5,0,5,0,0,0,2,0,191,95,49,49,179,39,39,0,64,0,0,0,0,202,36,49,49,153,165,165,0,3,8,7,0,128,188,141,157,223,157,223,157,223,157,223,0,223,180,223,185,223,190,223,157,223,157,223,2,141,216,0,165,26,200,250,141,211
2026-08-17_14-08-30,1,218,0,0.0,0,0.0,-1,-1,41,253,0,4,64,0,0,33,0,0,0,0,0,18,18,0,8,36,0,0,2,0,0,0,0,0,0,32,0,2,3,1,1,31,64,47,108,218,108,218,62,220,62,220,209,221,179,218,215,218,177,219,3,255,64,103,16,11,225,251,0,0,5,0,5,0,0,0,2,0,191,95,49,49,179,39,39,0,64,0,0,0,0,202,36,49,49,153,165,165,0,3,8,7,0,128,188,141,157,223,157,223,157,223,157,223,0,223,180,223,185,223,190,223,157,223,157,223,2,141,216,0,165,26,200,250,141,211,45,209,0,4,64,0,0,33,0,0,0,0,0,18,18,0,8,36,0,0,2,0,0,0,0,0,0,32,0,2,3,1,1,31,64,47,108,218,108,218,62,220,62,220,209,221,179,218,215,218,177,219,3,255,64,103,16,11,221,251,0,0,1,0,5,0,0,0,2,0,191,95,49,49,175,39,39,0,64,0,0,0,0,202,36,49,49,217,165,165,0,3,8,7,0,128,188,141,157,223,157,223,157,223,157,223,0,223,180,223,185,223,190,223,157,223,157,223,2,141,216,0,165,26,200,250,141,211
2026-08-17_14-08-30,1,219,0,0.0,0,0.0,-1,-1,45,209,0,4,64,0,0,33,0,0,0,0,0,18,18,0,8,36,0,0,2,0,0,0,0,0,0,32,0,2,3,1,1,31,64,47,108,218,108,218,62,220,62,220,209,221,179,218,215,218,177,219,3,255,64,103,16,11,221,251,0,0,1,0,5,0,0,0,2,0,191,95,49,49,175,39,39,0,64,0,0,0,0,202,36,49,49,217,165,165,0,3,8,7,0,128,188,141,157,223,157,223,157,223,157,223,0,223,180,223,185,223,190,223,157,223,157,223,2,141,216,0,165,26,200,250,141,211,49,21,0,4,64,0,0,33,0,0,0,0,0,18,18,0,8,36,0,0,2,0,0,0,0,0,0,32,0,2,3,1,1,31,64,47,144,218,108,218,62,220,62,220,209,221,179,218,215,218,177,219,3,255,64,103,16,11,217,251,0,0,4,0,5,0,0,0,2,0,191,95,49,49,171,39,39,0,64,0,0,0,0,202,36,49,49,25,165,165,0,3,8,8,0,128,188,141,157,223,157,223,157,223,157,223,0,223,180,223,185,223,190,223,157,223,157,223,2,141,216,0,165,26,200,250,141,211
2026-08-17_14-08-30,1,220,0,0.0,0,0.0,-1,-1,49,21,0,4,64,0,0,33,0,0,0,0,0,18,18,0,8,36,0,0,2,0,0,0,0,0,0,32,0,2,3,1,1,31,64,47,144,218,108,218,62,220,62,220,209,221,179,218,215,218,177,219,3,255,64,103,16,11,217,251,0,0,4,0,5,0,0,0,2,0,191,95,49,49,171,39,39,0,64,0,0,0,0,202,36,49,49,25,165,165,0,3,8,8,0,128,188,141,157,223,157,223,157,223,157,223,0,223,180,223,185,223,190,223,157,223,157,223,2,141,216,0,165,26,200,250,141,211,53,91,0,4,64,0,0,33,0,0,0,0,0,18,18,0,8,36,0,0,2,0,0,0,0,0,0,32,0,2,3,1,1,31,64,47,144,218,108,218,62,220,62,220,209,221,179,218,215,218,177,219,3,255,64,103,16,11,213,251,0,0,0,0,0,0,0,0,2,0,191,95,49,49,167,39,39,0,64,0,0,0,0,202,36,49,49,89,165,165,0,3,8,8,0,128,188,141,157,223,157,223,157,223,157,223,0,223,180,223,185,223,190,223,157,223,157,223,2,141,216,0,165,26,200,250,141,211
2026-08-17_14-08-30,1,221,0,0.0,0,0.0,-1,-1,53,91,0,4,64,0,0,33,0,0,0,0,0,18,18,0,8,36,0,0,2,0,0,0,0,0,0,32,0,2,3,1,1,31,64,47,144,218,108,218,62,220,62,220,209,221,179,218,215,218,177,219,3,255,64,103,16,11,213,251,0,0,0,0,0,0,0,0,2,0,191,95,49,49,167,39,39,0,64,0,0,0,0,202,36,49,49,89,165,165,0,3,8,8,0,128,188,141,157,223,157,223,157,223,157,223,0,223,180,223,185,223,190,223,157,223,157,223,2,141,216,0,165,26,200,250,141,211,57,184,0,4,64,0,0,33,0,0,0,0,0,18,18,0,8,36,0,0,2,0,0,0,0,0,0,32,0,2,3,1,1,31,64,47,108,218,108,218,62,220,62,220,209,221,179,218,215,218,177,219,3,255,64,103,16,11,209,251,0,0,3,0,5,0,0,0,2,0,191,95,49,49,163,39,39,0,64,0,0,0,0,202,36,49,49,168,165,165,0,3,8,7,0,128,188,141,157,223,157,223,157,223,157,223,0,223,180,223,185,223,190,223,157,223,157,223,2,141,216,0,165,26,200,250,141,211
2026-08-17_14-08-30,1,222,0,0.0,0,0.0,-1,-1,57,184,0,4,64,0,0,33,0,0,0,0,0,18,18,0,8,36,0,0,2,0,0,0,0,0,0,32,0,2,3,1,1,31,64,47,108,218,108,218,62,220,62,220,209,221,179,218,215,218,177,219,3,255,64,103,16,11,209,251,0,0,3,0,5,0,0,0,2,0,191,95,49,49,163,39,39,0,64,0,0,0,0,202,36,49,49,168,165,165,0,3,8,7,0,128,188,141,157,223,157,223,157,223,157,223,0,223,180,223,185,223,190,223,157,223,157,223,2,141,216,0,165,26,200,250,141,211,61,135,0,4,64,0,0,33,0,0,0,0,0,18,18,0,8,36,0,0,2,0,0,0,0,0,0,32,0,2,3,1,1,31,64,47,108,218,108,218,62,220,62,220,209,221,179,218,215,218,177,219,3,255,64,103,16,11,205,251,0,0,6,0,5,0,0,0,2,0,191,95,49,49,159,39,39,0,64,0,0,0,0,202,36,49,49,232,165,165,0,3,8,7,0,128,188,141,157,223,157,223,157,223,157,223,0,223,180,223,185,223,190,223,157,223,157,223,2,141,216,0,165,26,200,250,141,211
2026-08-17_14-08-30,1,223,0,0.0,0,0.0,-1,-1,61,135,0,4,64,0,0,33,0,0,0,0,0,18,18,0,8,36,0,0,2,0,0,0,0,0,0,32,0,2,3,1,1,31,64,47,108,218,108,218,62,220,62,220,209,221,179,218,215,218,177,219,3,255,64,103,16,11,205,251,0,0,6,0,5,0,0,0,2,0,191,95,49,49,159,39,39,0,64,0,0,0,0,202,36,49,49,232,165,165,0,3,8,7,0,128,188,141,157,223,157,223,157,223,157,223,0,223,180,223,185,223,190,223,157,223,157,223,2,141,216,0,165,26,200,250,141,211,65,123,0,4,64,0,0,33,0,0,0,0,0,18,18,0,8,36,0,0,2,0,0,0,0,0,0,32,0,2,3,1,1,31,64,47,144,218,108,218,62,220,62,220,209,221,179,218,215,218,177,219,3,255,64,103,16,11,201,251,0,0,2,0,5,0,0,0,2,0,191,95,49,49,155,39,39,0,64,0,0,0,0,202,36,49,49,40,165,165,0,3,8,8,0,128,188,141,157,223,157,223,157,223,157,223,0,223,180,223,185,223,190,223,157,223,157,223,2,141,216,0,165,26,200,250,141,211
2026-08-17_14-08-30,1,224,0,0.0,0,0.0,-1,-1,65,123,0,4,64,0,0,33,0,0,0,0,0,18,18,0,8,36,0,0,2,0,0,0,0,0,0,32,0,2,3,1,1,31,64,47,144,218,108,218,62,220,62,220,209,221,179,218,215,218,177,219,3,255,64,103,16,11,201,251,0,0,2,0,5,0,0,0,2,0,191,95,49,49,155,39,39,0,64,0,0,0,0,202,36,49,49,40,165,165,0,3,8,8,0,128,188,141,157,223,157,223,157,223,157,223,0,223,180,223,185,223,190,223,157,223,157,223,2,141,216,0,165,26,200,250,141,211,69,186,0,4,64,0,0,33,0,0,0,0,0,18,18,0,8,36,0,0,2,0,0,0,0,0,0,32,0,2,3,1,1,31,64,47,144,218,108,218,62,220,62,220,209,221,179,218,215,218,177,219,3,255,64,103,16,11,197,251,0,0,5,0,5,0,0,0,2,0,191,95,49,49,151,39,39,0,64,0,0,0,0,202,36,49,49,104,165,165,0,3,8,8,0,128,188,141,157,223,157,223,157,223,157,223,0,223,180,223,185,223,190,223,157,223,157,223,2,141,216,0,165,26,200,250,141,211
2026-08-17_14-08-30,1,225,0,0.0,0,0.0,-1,-1,69,186,0,4,64,0,0,33,0,0,0,0,0,18,18,0,8,36,0,0,2,0,0,0,0,0,0,32,0,2,3,1,1,31,64,47,144,218,108,218,62,220,62,220,209,221,179,218,215,218,177,219,3,255,64,103,16,11,197,251,0,0,5,0,5,0,0,0,2,0,191,95,49,49,151,39,39,0,64,0,0,0,0,202,36,49,49,104,165,165,0,3,8,8,0,128,188,141,157,223,157,223,157,223,157,223,0,223,180,223,185,223,190,223,157,223,157,223,2,141,216,0,165,26,200,250,141,211,73,166,0,4,64,0,0,33,0,0,0,0,0,18,18,0,8,36,0,0,2,0,0,0,0,0,0,32,0,2,3,1,1,31,64,47,108,218,108,218,62,220,62,220,209,221,179,218,215,218,177,219,3,255,64,103,16,11,193,251,0,0,1,0,5,0,0,0,2,0,191,95,49,49,147,39,39,0,64,0,0,0,0,202,36,49,49,183,165,165,0,3,8,7,0,128,188,141,157,223,157,223,157,223,157,223,0,223,180,223,185,223,190,223,157,223,157,223,2,141,216,0,165,26,200,250,141,211
2026-08-17_14-08-30,1,226,0,0.0,0,0.0,-1,-1,73,166,0,4,64,0,0,33,0,0,0,0,0,18,18,0,8,36,0,0,2,0,0,0,0,0,0,32,0,2,3,1,1,31,64,47,108,218,108,218,62,220,62,220,209,221,179,218,215,218,177,219,3,255,64,103,16,11,193,251,0,0,1,0,5,0,0,0,2,0,191,95,49,49,147,39,39,0,64,0,0,0,0,202,36,49,49,183,165,165,0,3,8,7,0,128,188,141,157,223,157,223,157,223,157,223,0,223,180,223,185,223,190,223,157,223,157,223,2,141,216,0,165,26,200,250,141,211,77,105,0,4,64,0,0,33,0,0,0,0,0,18,18,0,8,36,0,0,2,0,0,0,0,0,0,32,0,2,3,1,1,31,64,47,108,218,108,218,62,220,62,220,209,221,179,218,215,218,177,219,3,255,64,103,16,11,189,251,0,0,4,0,5,0,0,0,2,0,191,95,49,49,143,39,39,0,64,0,0,0,0,202,36,49,49,247,165,165,0,3,8,7,0,128,188,141,157,223,157,223,157,223,157,223,0,223,180,223,185,223,190,223,157,223,157,223,2,141,216,0,165,26,200,250,141,211
2026-08-17_14-08-30,1,227,0,0.0,0,0.0,-1,-1,77,105,0,4,64,0,0,33,0,0,0,0,0,18,18,0,8,36,0,0,2,0,0,0,0,0,0,32,0,2,3,1,1,31,64,47,108,218,108,218,62,220,62,220,209,221,179,218,215,218,177,219,3,255,64,103,16,11,189,251,0,0,4,0,5,0,0,0,2,0,191,95,49,49,143,39,39,0,64,0,0,0,0,202,36,49,49,247,165,165,0,3,8,7,0,128,188,141,157,223,157,223,157,223,157,223,0,223,180,223,185,223,190,223,157,223,157,223,2,141,216,0,165,26,200,250,141,211,81,146,0,4,64,0,0,33,0,0,0,0,0,18,18,0,8,36,0,0,2,0,0,0,0,0,0,32,0,2,3,1,1,31,64,47,144,218,108,218,62,220,62,220,209,221,179,218,215,218,177,219,3,255,64,103,16,11,185,251,0,0,0,0,0,0,0,0,2,0,191,95,49,49,139,39,39,0,64,0,0,0,0,202,36,49,49,55,165,165,0,3,8,8,0,128,188,141,157,223,157,223,157,223,157,223,0,223,180,223,185,223,190,223,157,223,157,223,2,141,216,0,165,26,200,250,141,211
2026-08-17_14-08-30,1,228,0,0.0,0,0.0,-1,-1,81,146,0,4,64,0,0,33,0,0,0,0,0,18,18,0,8,36,0,0,2,0,0,0,0,0,0,32,0,2,3,1,1,31,64,47,144,218,108,218,62,220,62,220,209,221,179,218,215,218,177,219,3,255,64,103,16,11,185,251,0,0,0,0,0,0,0,0,2,0,191,95,49,49,139,39,39,0,64,0,0,0,0,202,36,49,49,55,165,165,0,3,8,8,0,128,188,141,157,223,157,223,157,223,157,223,0,223,180,223,185,223,190,223,157,223,157,223,2,141,216,0,165,26,200,250,141,211,85,32,0,4,64,0,0,33,0,0,0,0,0,18,18,0,8,36,0,0,2,0,0,0,0,0,0,32,0,2,3,1,1,31,64,47,144,218,108,218,62,220,62,220,209,221,179,218,215,218,177,219,3,255,64,103,16,11,181,251,0,0,3,0,5,0,0,0,2,0,191,95,49,49,135,39,39,0,64,0,0,0,0,202,36,49,49,119,165,165,0,3,8,8,0,128,188,141,157,223,157,223,157,223,157,223,0,223,180,223,185,223,190,223,157,223,157,223,2,141,216,0,165,26,200,250,141,211
2026-08-17_14-08-30,1,229,0,0.0,0,0.0,-1,-1,85,32,0,4,64,0,0,33,0,0,0,0,0,18,18,0,8,36,0,0,2,0,0,0,0,0,0,32,0,2,3,1,1,31,64,47,144,218,108,218,62,220,62,220,209,221,179,218,215,218,177,219,3,255,64,103,16,11,181,251,0,0,3,0,5,0,0,0,2,0,191,95,49,49,135,39,39,0,64,0,0,0,0,202,36,49,49,119,165,165,0,3,8,8,0,128,188,141,157,223,157,223,157,223,157,223,0,223,180,223,185,223,190,223,157,223,157,223,2,141,216,0,165,26,200,250,141,211,89,2,0,4,64,0,0,33,0,0,0,0,0,18,18,0,8,36,0,0,2,0,0,0,0,0,0,32,0,2,3,1,1,31,64,47,108,218,108,218,62,220,62,220,209,221,179,218,215,218,177,219,3,255,64,103,16,11,177,251,0,0,6,0,5,0,0,0,2,0,191,95,49,49,131,39,39,0,64,0,0,0,0,202,36,49,49,198,165,165,0,3,8,7,0,128,188,141,157,223,157,223,157,223,157,223,0,223,180,223,185,223,190,223,157,223,157,223,2,141,216,0,165,26,200,250,141,211
2026-08-17_14-08-30,1,230,0,0.0,0,0.0,-1,-1,89,2,0,4,64,0,0,33,0,0,0,0,0,18,18,0,8,36,0,0,2,0,0,0,0,0,0,32,0,2,3,1,1,31,64,47,108,218,108,218,62,220,62,220,209,221,179,218,215,218,177,219,3,255,64,103,16,11,177,251,0,0,6,0,5,0,0,0,2,0,191,95,49,49,131,39,39,0,64,0,0,0,0,202,36,49,49,198,165,165,0,3,8,7,0,128,188,141,157,223,157,223,157,223,157,223,0,223,180,223,185,223,190,223,157,223,157,223,2,141,216,0,165,26,200,250,141,211,93,33,0,4,64,0,0,126,0,0,0,0,0,18,18,0,8,36,0,0,2,0,0,0,0,0,0,25,153,2,3,1,1,31,0,47,72,218,108,218,62,220,62,220,209,221,179,218,215,218,92,219,3,255,0,103,0,9,2,2,0,0,2,0,5,0,0,0,0,0,191,95,53,49,131,39,39,0,64,0,0,0,0,202,36,241,49,198,165,165,0,0,8,5,0,128,188,141,157,223,157,223,157,223,157,223,0,223,180,223,185,223,190,223,157,223,157,223,2,141,216,0,165,26,140,252,141,211
2026-08-17_14-08-30,1,231,0,0.0,0,0.0,-1,-1,93,33,0,4,64,0,0,126,0,0,0,0,0,18,18,0,8,36,0,0,2,0,0,0,0,0,0,25,153,2,3,1,1,31,0,47,72,218,108,218,62,220,62,220,209,221,179,218,215,218,92,219,3,255,0,103,0,9,2,2,0,0,2,0,5,0,0,0,0,0,191,95,53,49,131,39,39,0,64,0,0,0,0,202,36,241,49,198,165,165,0,0,8,5,0,128,188,141,157,223,157,223,157,223,157,223,0,223,180,223,185,223,190,223,157,223,157,223,2,141,216,0,165,26,140,252,141,211,97,18,0,4,64,0,0,250,0,0,0,0,0,18,18,0,8,36,0,0,2,0,0,0,0,0,0,25,152,2,3,1,1,31,0,47,72,218,144,218,62,220,62,220,209,221,179,218,215,218,92,219,3,255,0,103,1,9,4,2,0,0,0,0,0,0,0,0,0,0,191,95,57,49,131,39,39,0,64,0,0,0,0,202,36,177,49,198,165,165,0,0,8,5,0,128,188,141,157,223,157,223,157,223,157,223,0,223,180,223,185,223,190,223,157,223,157,223,2,141,216,0,165,26,140,252,141,211
2026-08-17_14-08-30,1,232,0,0.0,0,0.0,-1,-1,97,18,0,4,64,0,0,250,0,0,0,0,0,18,18,0,8,36,0,0,2,0,0,0,0,0,0,25,152,2,3,1,1,31,0,47,72,218,144,218,62,220,62,220,209,221,179,218,215,218,92,219,3,255,0,103,1,9,4,2,0,0,0,0,0,0,0,0,0,0,191,95,57,49,131,39,39,0,64,0,0,0,0,202,36,177,49,198,165,165,0,0,8,5,0,128,188,141,157,223,157,223,157,223,157,223,0,223,180,223,185,223,190,223,157,223,157,223,2,141,216,0,165,26,140,252,141,211,101,40,0,4,64,0,0,118,0,0,0,0,0,18,18,0,8,36,0,0,2,0,0,0,0,0,0,25,151,2,3,1,1,31,0,47,72,218,144,218,62,220,62,220,209,221,179,218,215,218,92,219,3,255,0,103,1,9,0,2,0,0,0,0,0,0,0,0,0,0,191,95,62,49,131,39,39,0,64,0,0,0,0,202,36,82,49,198,165,165,0,0,8,5,0,128,188,141,157,223,157,223,157,223,157,223,0,223,180,223,185,223,190,223,157,223,157,223,2,141,216,0,165,26,140,252,141,211
2026-08-17_14-08-30,1,233,0,0.0,0,0.0,-1,-1,101,40,0,4,64,0,0,118,0,0,0,0,0,18,18,0,8,36,0,0,2,0,0,0,0,0,0,25,151,2,3,1,1,31,0,47,72,218,144,218,62,220,62,220,209,221,179,218,215,218,92,219,3,255,0,103,1,9,0,2,0,0,0,0,0,0,0,0,0,0,191,95,62,49,131,39,39,0,64,0,0,0,0,202,36,82,49,198,165,165,0,0,8,5,0,128,188,141,157,223,157,223,157,223,157,223,0,223,180,223,185,223,190,223,157,223,157,223,2,141,216,0,165,26,140,252,141,211,105,134,0,4,64,0,0,242,0,0,0,0,0,18,18,0,8,36,0,0,2,0,0,0,0,0,0,25,150,2,3,1,1,31,0,47,72,218,108,218,62,220,62,220,209,221,179,218,215,218,92,219,3,255,0,103,2,9,2,2,0,0,0,0,0,0,0,0,0,0,191,95,66,49,131,39,39,0,64,0,0,0,0,202,36,18,49,198,165,165,0,0,8,5,0,128,188,141,157,223,157,223,157,223,157,223,0,223,180,223,185,223,190,223,157,223,157,223,2,141,216,0,165,26,140,252,141,211
2026-08-17_14-08-30,1,234,0,0.0,0,0.0,-1,-1,105,134,0,4,64,0,0,242,0,0,0,0,0,18,18,0,8,36,0,0,2,0,0,0,0,0,0,25,150,2,3,1,1,31,0,47,72,218,108,218,62,220,62,220,209,221,179,218,215,218,92,219,3,255,0,103,2,9,2,2,0,0,0,0,0,0,0,0,0,0,191,95,66,49,131,39,39,0,64,0,0,0,0,202,36,18,49,198,165,165,0,0,8,5,0,128,188,141,157,223,157,223,157,223,157,223,0,223,180,223,185,223,190,223,157,223,157,223,2,141,216,0,165,26,140,252,141,211,109,107,0,4,64,0,0,110,0,0,0,0,0,18,18,0,8,36,0,0,2,0,0,0,0,0,0,25,149,2,3,1,1,31,0,47,72,218,108,218,62,220,62,220,209,221,179,218,215,218,92,219,3,255,0,103,3,9,4,2,0,0,0,0,0,0,0,0,0,0,191,95,71,49,131,39,39,0,64,0,0,0,0,202,36,194,49,198,165,165,0,0,8,5,0,128,188,141,157,223,157,223,157,223,157,223,0,223,180,223,185,223,190,223,157,223,157,223,2,141,216,0,165,26,140,252,141,211
2026-08-17_14-08-30,1,235,0,0.0,0,0.0,-1,-1,109,107,0,4,64,0,0,110,0,0,0,0,0,18,18,0,8,36,0,0,2,0,0,0,0,0,0,25,149,2,3,1,1,31,0,47,72,218,108,218,62,220,62,220,209,221,179,218,215,218,92,219,3,255,0,103,3,9,4,2,0,0,0,0,0,0,0,0,0,0,191,95,71,49,131,39,39,0,64,0,0,0,0,202,36,194,49,198,165,165,0,0,8,5,0,128,188,141,157,223,157,223,157,223,157,223,0,223,180,223,185,223,190,223,157,223,157,223,2,141,216,0,165,26,140,252,141,211,113,179,0,4,64,0,0,234,0,0,0,0,0,18,18,0,8,36,0,0,2,0,0,0,0,0,0,25,148,2,3,1,1,31,0,47,72,218,144,218,62,220,62,220,209,221,179,218,215,218,92,219,3,255,0,103,3,9,0,2,0,0,0,0,0,0,0,0,0,0,191,95,75,49,131,39,39,0,64,0,0,0,0,202,36,115,49,198,165,165,0,0,8,5,0,128,188,141,157,223,157,223,157,223,157,223,0,223,180,223,185,223,190,223,157,223,157,223,2,141,216,0,165,26,140,252,141,211
2026-08-17_14-08-30,1,236,0,0.0,0,0.0,-1,-1,113,179,0,4,64,0,0,234,0,0,0,0,0,18,18,0,8,36,0,0,2,0,0,0,0,0,0,25,148,2,3,1,1,31,0,47,72,218,144,218,62,220,62,220,209,221,179,218,215,218,92,219,3,255,0,103,3,9,0,2,0,0,0,0,0,0,0,0,0,0,191,95,75,49,131,39,39,0,64,0,0,0,0,202,36,115,49,198,165,165,0,0,8,5,0,128,188,141,157,223,157,223,157,223,157,223,0,223,180,223,185,223,190,223,157,223,157,223,2,141,216,0,165,26,140,252,141,211,117,50,0,4,64,0,0,102,0,0,0,0,0,18,18,0,8,36,0,0,2,0,0,0,0,0,0,25,147,2,3,1,1,31,0,47,72,218,144,218,62,220,62,220,209,221,179,218,215,218,92,219,3,255,0,103,0,9,2,1,0,0,0,0,0,0,0,0,0,0,191,95,80,49,131,39,39,0,64,0,0,0,0,202,36,35,49,198,165,165,0,0,8,5,0,128,188,141,157,223,157,223,157,223,157,223,0,223,180,223,185,223,190,223,157,223,157,223,2,141,216,0,165,26,140,252,141,211
2026-08-17_14-08-30,1,237,0,0.0,0,0.0,-1,-1,117,50,0,4,64,0,0,102,0,0,0,0,0,18,18,0,8,36,0,0,2,0,0,0,0,0,0,25,147,2,3,1,1,31,0,47,72,218,144,218,62,220,62,220,209,221,179,218,215,218,92,219,3,255,0,103,0,9,2,1,0,0,0,0,0,0,0,0,0,0,191,95,80,49,131,39,39,0,64,0,0,0,0,202,36,35,49,198,165,165,0,0,8,5,0,128,188,141,157,223,157,223,157,223,157,223,0,223,180,223,185,223,190,223,157,223,157,223,2,141,216,0,165,26,140,252,141,211,121,42,0,4,64,0,0,226,0,0,0,0,0,18,18,0,8,36,0,0,2,0,0,0,0,0,0,25,146,2,3,1,1,31,0,47,72,218,108,218,62,220,62,220,209,221,179,218,215,218,92,219,3,255,0,103,1,9,4,1,0,0,0,0,0,0,0,0,0,0,191,95,84,49,131,39,39,0,64,0,0,0,0,202,36,227,49,198,165,165,0,0,8,5,0,128,188,141,157,223,157,223,157,223,157,223,0,223,180,223,185,223,190,223,157,223,157,223,2,141,216,0,165,26,140,252,141,211
2026-08-17_14-08-30,1,238,0,0.0,0,0.0,-1,-1,121,42,0,4,64,0,0,226,0,0,0,0,0,18,18,0,8,36,0,0,2,0,0,0,0,0,0,25,146,2,3,1,1,31,0,47,72,218,108,218,62,220,62,220,209,221,179,218,215,218,92,219,3,255,0,103,1,9,4,1,0,0,0,0,0,0,0,0,0,0,191,95,84,49,131,39,39,0,64,0,0,0,0,202,36,227,49,198,165,165,0,0,8,5,0,128,188,141,157,223,157,223,157,223,157,223,0,223,180,223,185,223,190,223,157,223,157,223,2,141,216,0,165,26,140,252,141,211,125,167,0,4,64,0,0,94,0,0,0,0,0,18,18,0,8,36,0,0,2,0,0,0,0,0,0,25,145,2,3,1,1,31,0,47,72,218,108,218,62,220,62,220,209,221,179,218,215,218,92,219,3,255,0,103,1,9,0,1,0,0,0,0,0,0,0,0,0,0,191,95,89,49,131,39,39,0,64,0,0,0,0,202,36,147,49,198,165,165,0,0,8,5,0,128,188,141,157,223,157,223,157,223,157,223,0,223,180,223,185,223,190,223,157,223,157,223,2,141,216,0,165,26,140,252,141,211
2026-08-17_14-08-30,1,239,0,0.0,0,0.0,-1,-1,125,167,0,4,64,0,0,94,0,0,0,0,0,18,18,0,8,36,0,0,2,0,0,0,0,0,0,25,145,2,3,1,1,31,0,47,72,218,108,218,62,220,62,220,209,221,179,218,215,218,92,219,3,255,0,103,1,9,0,1,0,0,0,0,0,0,0,0,0,0,191,95,89,49,131,39,39,0,64,0,0,0,0,202,36,147,49,198,165,165,0,0,8,5,0,128,188,141,157,223,157,223,157,223,157,223,0,223,180,223,185,223,190,223,157,223,157,223,2,141,216,0,165,26,140,252,141,211,129,121,0,4,64,0,0,218,0,0,0,0,0,18,18,0,8,36,0,0,2,0,0,0,0,0,0,25,144,2,3,1,1,31,0,47,72,218,144,218,62,220,62,220,209,221,179,218,215,218,92,219,3,255,0,103,2,9,2,1,0,0,0,0,0,0,0,0,0,0,191,95,93,49,131,39,39,0,64,0,0,0,0,202,36,68,49,198,165,165,0,0,8,5,0,128,188,141,157,223,157,223,157,223,157,223,0,223,180,223,185,223,190,223,157,223,157,223,2,141,216,0,165,26,140,252,141,211
2026-08-17_14-08-30,1,240,0,0.0,0,0.0,-1,-1,129,121,0,4,64,0,0,218,0,0,0,0,0,18,18,0,8,36,0,0,2,0,0,0,0,0,0,25,144,2,3,1,1,31,0,47,72,218,144,218,62,220,62,220,209,221,179,218,215,218,92,219,3,255,0,103,2,9,2,1,0,0,0,0,0,0,0,0,0,0,191,95,93,49,131,39,39,0,64,0,0,0,0,202,36,68,49,198,165,165,0,0,8,5,0,128,188,141,157,223,157,223,157,223,157,223,0,223,180,223,185,223,190,223,157,223,157,223,2,141,216,0,165,26,140,252,141,211,133,155,0,4,64,0,0,86,0,0,0,0,0,18,18,0,8,36,0,0,2,0,0,0,0,0,0,25,137,2,3,1,1,31,0,47,72,218,144,218,62,220,62,220,209,221,179,218,215,218,92,219,3,255,0,103,3,9,4,1,0,0,0,0,0,0,0,0,0,0,191,95,98,49,131,39,39,0,64,0,0,0,0,202,36,244,49,198,165,165,0,0,8,5,0,128,188,141,157,223,157,223,157,223,157,223,0,223,180,223,185,223,190,223,157,223,157,223,2,141,216,0,165,26,140,252,141,211
2026-08-17_14-08-30,1,241,0,0.0,0,0.0,-1,-1,133,155,0,4,64,0,0,86,0,0,0,0,0,18,18,0,8,36,0,0,2,0,0,0,0,0,0,25,137,2,3,1,1,31,0,47,72,218,144,218,62,220,62,220,209,221,179,218,215,218,92,219,3,255,0,103,3,9,4,1,0,0,0,0,0,0,0,0,0,0,191,95,98,49,131,39,39,0,64,0,0,0,0,202,36,244,49,198,165,165,0,0,8,5,0,128,188,141,157,223,157,223,157,223,157,223,0,223,180,223,185,223,190,223,157,223,157,223,2,141,216,0,165,26,140,252,141,211,137,180,0,4,64,0,0,210,0,0,0,0,0,18,18,0,8,36,0,0,2,0,0,0,0,0,0,25,136,2,3,1,1,31,0,47,72,218,108,218,62,220,62,220,209,221,179,218,215,218,92,219,3,255,0,103,3,9,0,1,0,0,0,0,0,0,0,0,0,0,191,95,102,49,131,39,39,0,64,0,0,0,0,202,36,180,49,198,165,165,0,0,8,5,0,128,188,141,157,223,157,223,157,223,157,223,0,223,180,223,185,223,190,223,157,223,157,223,2,141,216,0,165,26,140,252,141,211
2026-08-17_14-08-30,1,242,0,0.0,0,0.0,-1,-1,137,180,0,4,64,0,0,210,0,0,0,0,0,18,18,0,8,36,0,0,2,0,0,0,0,0,0,25,136,2,3,1,1,31,0,47,72,218,108,218,62,220,62,220,209,221,179,218,215,218,92,219,3,255,0,103,3,9,0,1,0,0,0,0,0,0,0,0,0,0,191,95,102,49,131,39,39,0,64,0,0,0,0,202,36,180,49,198,165,165,0,0,8,5,0,128,188,141,157,223,157,223,157,223,157,223,0,223,180,223,185,223,190,223,157,223,157,223,2,141,216,0,165,26,140,252,141,211,141,65,0,4,64,0,0,78,0,0,0,0,0,18,18,0,8,36,0,0,2,0,0,0,0,0,0,25,135,2,3,1,1,31,0,47,72,218,108,218,62,220,62,220,209,221,179,218,215,218,92,219,3,255,0,103,0,9,2,0,0,0,0,0,0,0,0,0,0,0,191,95,107,49,131,39,39,0,64,0,0,0,0,202,36,85,49,198,165,165,0,0,8,5,0,128,188,141,157,223,157,223,157,223,157,223,0,223,180,223,185,223,190,223,157,223,157,223,2,141,216,0,165,26,140,252,141,211
2026-08-17_14-08-30,1,243,0,0.0,0,0.0,-1,-1,141,65,0,4,64,0,0,78,0,0,0,0,0,18,18,0,8,36,0,0,2,0,0,0,0,0,0,25,135,2,3,1,1,31,0,47,72,218,108,218,62,220,62,220,209,221,179,218,215,218,92,219,3,255,0,103,0,9,2,0,0,0,0,0,0,0,0,0,0,0,191,95,107,49,131,39,39,0,64,0,0,0,0,202,36,85,49,198,165,165,0,0,8,5,0,128,188,141,157,223,157,223,157,223,157,223,0,223,180,223,185,223,190,223,157,223,157,223,2,141,216,0,165,26,140,252,141,211,145,20,0,4,64,0,0,140,0,0,0,0,0,18,18,0,8,36,0,0,2,0,0,0,0,0,0,25,134,2,3,1,1,31,0,47,72,218,0,218,62,220,62,220,209,221,179,218,215,218,92,219,3,255,0,103,1,9,4,0,0,0,0,0,0,0,0,0,0,0,191,95,109,49,131,39,39,0,64,0,0,9,0,202,36,53,49,198,165,165,0,0,8,5,0,128,188,141,157,223,157,223,157,223,157,223,0,223,180,223,185,223,190,223,157,223,157,223,2,141,216,0,165,26,140,252,141,211
2026-08-17_14-08-30,1,244,0,0.0,0,0.0,-1,-1,145,20,0,4,64,0,0,140,0,0,0,0,0,18,18,0,8,36,0,0,2,0,0,0,0,0,0,25,134,2,3,1,1,31,0,47,72,218,0,218,62,220,62,220,209,221,179,218,215,218,92,219,3,255,0,103,1,9,4,0,0,0,0,0,0,0,0,0,0,0,191,95,109,49,131,39,39,0,64,0,0,9,0,202,36,53,49,198,165,165,0,0,8,5,0,128,188,141,157,223,157,223,157,223,157,223,0,223,180,223,185,223,190,223,157,223,157,223,2,141,216,0,165,26,140,252,141,211,149,75,0,4,64,0,0,140,0,0,0,0,0,18,18,0,8,36,0,0,2,0,0,0,0,0,0,25,133,2,3,1,1,31,0,47,72,218,0,218,62,220,62,220,209,221,179,218,215,218,92,219,3,255,0,103,1,9,0,0,0,0,0,0,0,0,0,0,0,0,191,95,109,49,131,39,39,0,64,0,0,8,0,202,36,53,49,198,165,165,0,0,8,5,0,128,188,141,157,223,157,223,157,223,157,223,0,223,180,223,185,223,190,223,157,223,157,223,2,141,216,0,165,26,140,252,141,211
2026-08-17_14-08-30,1,245,0,0.0,0,0.0,-1,-1,149,75,0,4,64,0,0,140,0,0,0,0,0,18,18,0,8,36,0,0,2,0,0,0,0,0,0,25,133,2,3,1,1,31,0,47,72,218,0,218,62,220,62,220,209,221,179,218,215,218,92,219,3,255,0,103,1,9,0,0,0,0,0,0,0,0,0,0,0,0,191,95,109,49,131,39,39,0,64,0,0,8,0,202,36,53,49,198,165,165,0,0,8,5,0,128,188,141,157,223,157,223,157,223,157,223,0,223,180,223,185,223,190,223,157,223,157,223,2,141,216,0,165,26,140,252,141,211,153,177,0,4,64,0,0,140,0,0,0,0,0,18,18,0,8,36,0,0,1,0,0,0,0,0,0,25,132,2,3,1,1,31,0,47,72,218,0,218,62,220,62,220,209,221,179,218,215,218,92,219,3,255,0,103,2,9,2,0,0,0,0,0,0,0,0,0,0,0,191,95,109,49,131,39,39,0,64,0,0,7,0,202,36,53,49,198,165,165,0,0,8,5,0,128,188,141,157,223,157,223,157,223,157,223,0,223,180,223,185,223,190,223,157,223,157,223,2,141,216,0,165,26,140,252,141,211
2026-08-17_14-08-30,1,246,0,0.0,0,0.0,-1,-1,153,177,0,4,64,0,0,140,0,0,0,0,0,18,18,0,8,36,0,0,1,0,0,0,0,0,0,25,132,2,3,1,1,31,0,47,72,218,0,218,62,220,62,220,209,221,179,218,215,218,92,219,3,255,0,103,2,9,2,0,0,0,0,0,0,0,0,0,0,0,191,95,109,49,131,39,39,0,64,0,0,7,0,202,36,53,49,198,165,165,0,0,8,5,0,128,188,141,157,223,157,223,157,223,157,223,0,223,180,223,185,223,190,223,157,223,157,223,2,141,216,0,165,26,140,252,141,211,157,19,0,4,64,0,0,140,0,0,0,0,0,18,18,0,8,36,0,0,1,0,0,0,0,0,0,25,131,2,3,1,1,31,0,47,72,218,0,218,62,220,62,220,209,221,179,218,215,218,92,219,3,255,0,103,3,9,4,0,0,0,0,0,0,0,0,0,0,0,191,95,109,49,131,39,39,0,64,0,0,6,0,202,36,53,49,198,165,165,0,0,8,5,0,128,188,141,157,223,157,223,157,223,157,223,0,223,180,223,185,223,190,223,157,223,157,223,2,141,216,0,165,26,140,252,141,211
2026-08-17_14-08-30,1,247,0,0.0,0,0.0,-1,-1,157,19,0,4,64,0,0,140,0,0,0,0,0,18,18,0,8,36,0,0,1,0,0,0,0,0,0,25,131,2,3,1,1,31,0,47,72,218,0,218,62,220,62,220,209,221,179,218,215,218,92,219,3,255,0,103,3,9,4,0,0,0,0,0,0,0,0,0,0,0,191,95,109,49,131,39,39,0,64,0,0,6,0,202,36,53,49,198,165,165,0,0,8,5,0,128,188,141,157,223,157,223,157,223,157,223,0,223,180,223,185,223,190,223,157,223,157,223,2,141,216,0,165,26,140,252,141,211,161,56,0,4,64,0,0,140,0,0,0,0,0,18,18,0,8,36,0,0,1,0,0,0,0,0,0,25,130,2,3,1,1,31,0,47,72,218,0,218,62,220,62,220,209,221,179,218,215,218,92,219,3,255,0,103,3,9,0,0,0,0,0,0,0,0,0,0,0,0,191,95,109,49,131,39,39,0,64,0,0,5,0,202,36,53,49,198,165,165,0,0,8,5,0,128,188,141,157,223,157,223,157,223,157,223,0,223,180,223,185,223,190,223,157,223,157,223,2,141,216,0,165,26,140,252,141,211
2026-08-17_14-08-30,1,248,0,0.0,0,0.0,-1,-1,161,56,0,4,64,0,0,140,0,0,0,0,0,18,18,0,8,36,0,0,1,0,0,0,0,0,0,25,130,2,3,1,1,31,0,47,72,218,0,218,62,220,62,220,209,221,179,218,215,218,92,219,3,255,0,103,3,9,0,0,0,0,0,0,0,0,0,0,0,0,191,95,109,49,131,39,39,0,64,0,0,5,0,202,36,53,49,198,165,165,0,0,8,5,0,128,188,141,157,223,157,223,157,223,157,223,0,223,180,223,185,223,190,223,157,223,157,223,2,141,216,0,165,26,140,252,141,211,165,143,0,4,64,0,0,140,0,0,0,0,0,18,18,0,8,36,0,0,1,0,0,0,0,0,0,25,129,2,3,1,1,31,0,47,72,218,0,218,62,220,62,220,209,221,179,218,215,218,92,219,3,255,0,103,4,9,2,255,0,0,0,0,0,0,0,0,0,0,191,95,109,49,131,39,39,0,64,0,0,4,0,202,36,53,49,198,165,165,0,0,8,5,0,128,188,141,157,223,157,223,157,223,157,223,0,223,180,223,185,223,190,223,157,223,157,223,2,141,216,0,165,26,140,252,141,211
2026-08-17_14-08-30,1,249,0,0.0,0,0.0,-1,-1,165,143,0,4,64,0,0,140,0,0,0,0,0,18,18,0,8,36,0,0,1,0,0,0,0,0,0,25,129,2,3,1,1,31,0,47,72,218,0,218,62,220,62,220,209,221,179,218,215,218,92,219,3,255,0,103,4,9,2,255,0,0,0,0,0,0,0,0,0,0,191,95,109,49,131,39,39,0,64,0,0,4,0,202,36,53,49,198,165,165,0,0,8,5,0,128,188,141,157,223,157,223,157,223,157,223,0,223,180,223,185,223,190,223,157,223,157,223,2,141,216,0,165,26,140,252,141,211,169,255,0,4,64,0,0,140,0,0,0,0,0,18,18,0,8,36,0,0,1,0,0,0,0,0,0,25,128,2,3,1,1,31,0,47,72,218,0,218,62,220,62,220,209,221,179,218,215,218,92,219,3,255,0,103,5,9,4,254,0,0,0,0,0,0,0,0,0,0,191,95,109,49,131,39,39,0,64,0,0,3,0,202,36,53,49,198,165,165,0,0,8,5,0,128,188,141,157,223,157,223,157,223,157,223,0,223,180,223,185,223,190,223,157,223,157,223,2,141,216,0,165,26,140,252,141,211
2026-08-17_14-08-30,1,250,0,0.0,0,0.0,-1,-1,169,255,0,4,64,0,0,140,0,0,0,0,0,18,18,0,8,36,0,0,1,0,0,0,0,0,0,25,128,2,3,1,1,31,0,47,72,218,0,218,62,220,62,220,209,221,179,218,215,218,92,219,3,255,0,103,5,9,4,254,0,0,0,0,0,0,0,0,0,0,191,95,109,49,131,39,39,0,64,0,0,3,0,202,36,53,49,198,165,165,0,0,8,5,0,128,188,141,157,223,157,223,157,223,157,223,0,223,180,223,185,223,190,223,157,223,157,223,2,141,216,0,165,26,140,252,141,211,173,240,0,4,64,0,0,140,0,0,0,0,0,18,18,0,8,36,0,0,1,0,0,0,0,0,0,25,121,2,3,1,1,31,0,47,72,218,0,218,62,220,62,220,209,221,179,218,215,218,92,219,3,255,0,103,5,9,0,254,0,0,0,0,0,0,0,0,0,0,191,95,109,49,131,39,39,0,64,0,0,2,0,202,36,53,49,198,165,165,0,0,8,5,0,128,188,141,157,223,157,223,157,223,157,223,0,223,180,223,185,223,190,223,157,223,157,223,2,141,216,0,165,26,140,252,141,211
2026-08-17_14-08-30,1,251,0,0.0,0,0.0,-1,-1,173,240,0,4,64,0,0,140,0,0,0,0,0,18,18,0,8,36,0,0,1,0,0,0,0,0,0,25,121,2,3,1,1,31,0,47,72,218,0,218,62,220,62,220,209,221,179,218,215,218,92,219,3,255,0,103,5,9,0,254,0,0,0,0,0,0,0,0,0,0,191,95,109,49,131,39,39,0,64,0,0,2,0,202,36,53,49,198,165,165,0,0,8,5,0,128,188,141,157,223,157,223,157,223,157,223,0,223,180,223,185,223,190,223,157,223,157,223,2,141,216,0,165,26,140,252,141,211,177,7,0,4,64,0,0,140,0,0,0,0,0,18,18,0,8,36,0,0,1,0,0,0,0,0,0,25,120,2,3,1,1,31,0,47,72,218,0,218,62,220,62,220,209,221,179,218,215,218,92,219,3,255,0,103,6,9,2,253,0,0,0,0,0,0,0,0,0,0,191,95,109,49,131,39,39,0,64,0,0,1,0,202,36,53,49,198,165,165,0,0,8,5,0,128,188,141,157,223,157,223,157,223,157,223,0,223,180,223,185,223,190,223,157,223,157,223,2,141,216,0,165,26,140,252,141,211
2026-08-17_14-08-30,1,252,0,0.0,0,0.0,-1,-1,177,7,0,4,64,0,0,140,0,0,0,0,0,18,18,0,8,36,0,0,1,0,0,0,0,0,0,25,120,2,3,1,1,31,0,47,72,218,0,218,62,220,62,220,209,221,179,218,215,218,92,219,3,255,0,103,6,9,2,253,0,0,0,0,0,0,0,0,0,0,191,95,109,49,131,39,39,0,64,0,0,1,0,202,36,53,49,198,165,165,0,0,8,5,0,128,188,141,157,223,157,223,157,223,157,223,0,223,180,223,185,223,190,223,157,223,157,223,2,141,216,0,165,26,140,252,141,211,181,115,0,4,64,0,0,171,0,0,0,0,0,18,18,0,8,36,0,0,1,0,0,0,0,0,0,25,119,2,3,1,1,31,0,47,72,218,0,218,62,220,62,220,209,221,179,218,215,218,92,219,3,255,0,103,7,9,4,252,0,0,0,0,0,0,0,0,0,0,191,95,108,49,131,39,39,0,64,0,0,0,0,202,36,69,49,198,165,165,0,0,0,5,0,0,188,141,157,223,157,223,157,223,157,223,0,223,180,223,185,223,190,223,157,223,157,223,2,141,216,0,165,26,140,252,141,211
2026-08-17_14-08-30,1,253,0,0.0,0,0.0,-1,-1,181,115,0,4,64,0,0,171,0,0,0,0,0,18,18,0,8,36,0,0,1,0,0,0,0,0,0,25,119,2,3,1,1,31,0,47,72,218,0,218,62,220,62,220,209,221,179,218,215,218,92,219,3,255,0,103,7,9,4,252,0,0,0,0,0,0,0,0,0,0,191,95,108,49,131,39,39,0,64,0,0,0,0,202,36,69,49,198,165,165,0,0,0,5,0,0,188,141,157,223,157,223,157,223,157,223,0,223,180,223,185,223,190,223,157,223,157,223,2,141,216,0,165,26,140,252,141,211,185,62,0,4,64,0,0,39,0,0,0,0,0,18,18,0,8,36,0,0,1,0,0,0,0,0,0,25,118,2,3,1,1,31,0,47,72,218,108,218,62,220,62,220,209,221,179,218,215,218,92,219,3,255,0,103,7,9,0,252,0,0,0,0,0,0,0,0,0,0,191,95,103,49,131,39,39,0,64,0,0,0,0,202,36,164,49,198,165,165,0,0,0,5,0,0,188,141,157,223,157,223,157,223,157,223,0,223,180,223,185,223,190,223,157,223,157,223,2,141,216,0,165,26,140,252,141,211
2026-08-17_14-08-30,1,254,0,0.0,0,0.0,-1,-1,185,62,0,4,64,0,0,39,0,0,0,0,0,18,18,0,8,36,0,0,1,0,0,0,0,0,0,25,118,2,3,1,1,31,0,47,72,218,108,218,62,220,62,220,209,221,179,218,215,218,92,219,3,255,0,103,7,9,0,252,0,0,0,0,0,0,0,0,0,0,191,95,103,49,131,39,39,0,64,0,0,0,0,202,36,164,49,198,165,165,0,0,0,5,0,0,188,141,157,223,157,223,157,223,157,223,0,223,180,223,185,223,190,223,157,223,157,223,2,141,216,0,165,26,140,252,141,211,189,236,0,4,64,0,0,163,0,0,0,0,0,18,18,0,8,36,0,0,1,0,0,0,0,0,0,25,117,2,3,1,1,31,0,47,72,218,108,218,62,220,62,220,209,221,179,218,215,218,92,219,3,255,0,103,0,8,2,2,0,0,0,0,0,0,0,0,0,0,191,95,99,49,131,39,39,0,64,0,0,0,0,202,36,228,49,198,165,165,0,0,0,5,0,0,188,141,157,223,157,223,157,223,157,223,0,223,180,223,185,223,190,223,157,223,157,223,2,141,216,0,165,26,140,252,141,211
2026-08-17_14-08-30,1,255,0,0.0,0,0.0,-1,-1,189,236,0,4,64,0,0,163,0,0,0,0,0,18,18,0,8,36,0,0,1,0,0,0,0,0,0,25,117,2,3,1,1,31,0,47,72,218,108,218,62,220,62,220,209,221,179,218,215,218,92,219,3,255,0,103,0,8,2,2,0,0,0,0,0,0,0,0,0,0,191,95,99,49,131,39,39,0,64,0,0,0,0,202,36,228,49,198,165,165,0,0,0,5,0,0,188,141,157,223,157,223,157,223,157,223,0,223,180,223,185,223,190,223,157,223,157,223,2,141,216,0,165,26,140,252,141,211,193,200,0,4,64,0,0,31,0,0,0,0,0,18,18,0,8,36,0,0,1,0,0,0,0,0,0,25,116,2,3,1,1,31,0,47,72,218,144,218,62,220,62,220,209,221,179,218,215,218,92,219,3,255,0,103,1,8,4,2,0,0,0,0,0,0,0,0,0,0,191,95,94,49,131,39,39,0,64,0,0,0,0,202,36,52,49,198,165,165,0,0,0,5,0,0,188,141,157,223,157,223,157,223,157,223,0,223,180,223,185,223,190,223,157,223,157,223,2,141,216,0,165,26,140,252,141,211
2026-08-17_14-08-30,1,256,0,0.0,0,0.0,-1,-1,193,200,0,4,64,0,0,31,0,0,0,0,0,18,18,0,8,36,0,0,1,0,0,0,0,0,0,25,116,2,3,1,1,31,0,47,72,218,144,218,62,220,62,220,209,221,179,218,215,218,92,219,3,255,0,103,1,8,4,2,0,0,0,0,0,0,0,0,0,0,191,95,94,49,131,39,39,0,64,0,0,0,0,202,36,52,49,198,165,165,0,0,0,5,0,0,188,141,157,223,157,223,157,223,157,223,0,223,180,223,185,223,190,223,157,223,157,223,2,141,216,0,165,26,140,252,141,211,197,136,0,4,64,0,0,155,0,0,0,0,0,18,18,0,8,36,0,0,1,0,0,0,0,0,0,25,115,2,3,1,1,31,0,47,72,218,144,218,62,220,62,220,209,221,179,218,215,218,92,219,3,255,0,103,1,8,0,2,0,0,0,0,0,0,0,0,0,0,191,95,90,49,131,39,39,0,64,0,0,0,0,202,36,116,49,198,165,165,0,0,0,5,0,0,188,141,157,223,157,223,157,223,157,223,0,223,180,223,185,223,190,223,157,223,157,223,2,141,216,0,165,26,140,252,141,211
2026-08-17_14-08-30,1,257,0,0.0,0,0.0,-1,-1,197,136,0,4,64,0,0,155,0,0,0,0,0,18,18,0,8,36,0,0,1,0,0,0,0,0,0,25,115,2,3,1,1,31,0,47,72,218,144,218,62,220,62,220,209,221,179,218,215,218,92,219,3,255,0,103,1,8,0,2,0,0,0,0,0,0,0,0,0,0,191,95,90,49,131,39,39,0,64,0,0,0,0,202,36,116,49,198,165,165,0,0,0,5,0,0,188,141,157,223,157,223,157,223,157,223,0,223,180,223,185,223,190,223,157,223,157,223,2,141,216,0,165,26,140,252,141,211,201,140,0,4,64,0,0,23,0,0,0,0,0,18,18,0,8,36,0,0,1,0,0,0,0,0,0,25,114,2,3,1,1,31,0,47,72,218,108,218,62,220,62,220,209,221,179,218,215,218,92,219,3,255,0,103,2,8,2,2,0,0,0,0,0,0,0,0,0,0,191,95,85,49,131,39,39,0,64,0,0,0,0,202,36,211,49,198,165,165,0,0,0,5,0,0,188,141,157,223,157,223,157,223,157,223,0,223,180,223,185,223,190,223,157,223,157,223,2,141,216,0,165,26,140,252,141,211
2026-08-17_14-08-30,1,258,0,0.0,0,0.0,-1,-1,201,140,0,4,64,0,0,23,0,0,0,0,0,18,18,0,8,36,0,0,1,0,0,0,0,0,0,25,114,2,3,1,1,31,0,47,72,218,108,218,62,220,62,220,209,221,179,218,215,218,92,219,3,255,0,103,2,8,2,2,0,0,0,0,0,0,0,0,0,0,191,95,85,49,131,39,39,0,64,0,0,0,0,202,36,211,49,198,165,165,0,0,0,5,0,0,188,141,157,223,157,223,157,223,157,223,0,223,180,223,185,223,190,223,157,223,157,223,2,141,216,0,165,26,140,252,141,211,205,206,0,4,64,0,0,147,0,0,0,0,0,18,18,0,8,36,0,0,1,0,0,0,0,0,0,25,113,2,3,1,1,31,0,47,72,218,108,218,62,220,62,220,209,221,179,218,215,218,92,219,3,255,0,103,3,8,4,2,0,0,0,0,0,0,0,0,0,0,191,95,81,49,131,39,39,0,64,0,0,0,0,202,36,19,49,198,165,165,0,0,0,5,0,0,188,141,157,223,157,223,157,223,157,223,0,223,180,223,185,223,190,223,157,223,157,223,2,141,216,0,165,26,140,252,141,211
2026-08-17_14-08-30,1,259,0,0.0,0,0.0,-1,-1,205,206,0,4,64,0,0,147,0,0,0,0,0,18,18,0,8,36,0,0,1,0,0,0,0,0,0,25,113,2,3,1,1,31,0,47,72,218,108,218,62,220,62,220,209,221,179,218,215,218,92,219,3,255,0,103,3,8,4,2,0,0,0,0,0,0,0,0,0,0,191,95,81,49,131,39,39,0,64,0,0,0,0,202,36,19,49,198,165,165,0,0,0,5,0,0,188,141,157,223,157,223,157,223,157,223,0,223,180,223,185,223,190,223,157,223,157,223,2,141,216,0,165,26,140,252,141,211,209,235,0,4,64,0,0,15,0,0,0,0,0,18,18,0,8,36,0,0,1,0,0,0,0,0,0,25,112,2,3,1,1,31,0,47,72,218,144,218,62,220,62,220,209,221,179,218,215,218,92,219,3,255,0,103,3,8,0,2,0,0,0,0,0,0,0,0,0,0,191,95,76,49,131,39,39,0,64,0,0,0,0,202,36,99,49,198,165,165,0,0,0,5,0,0,188,141,157,223,157,223,157,223,157,223,0,223,180,223,185,223,190,223,157,223,157,223,2,141,216,0,165,26,140,252,141,211
2026-08-17_14-08-30,1,260,0,0.0,0,0.0,-1,-1,209,235,0,4,64,0,0,15,0,0,0,0,0,18,18,0,8,36,0,0,1,0,0,0,0,0,0,25,112,2,3,1,1,31,0,47,72,218,144,218,62,220,62,220,209,221,179,218,215,218,92,219,3,255,0,103,3,8,0,2,0,0,0,0,0,0,0,0,0,0,191,95,76,49,131,39,39,0,64,0,0,0,0,202,36,99,49,198,165,165,0,0,0,5,0,0,188,141,157,223,157,223,157,223,157,223,0,223,180,223,185,223,190,223,157,223,157,223,2,141,216,0,165,26,140,252,141,211,213,187,0,4,64,0,0,139,0,0,0,0,0,18,18,0,8,36,0,0,1,0,0,0,0,0,0,25,105,2,3,1,1,31,0,47,72,218,144,218,62,220,62,220,209,221,179,218,215,218,92,219,3,255,0,103,0,8,2,1,0,0,0,0,0,0,0,0,0,0,191,95,72,49,131,39,39,0,64,0,0,0,0,202,36,178,49,198,165,165,0,0,0,5,0,0,188,141,157,223,157,223,157,223,157,223,0,223,180,223,185,223,190,223,157,223,157,223,2,141,216,0,165,26,140,252,141,211
2026-08-17_14-08-30,1,261,0,0.0,0,0.0,-1,-1,213,187,0,4,64,0,0,139,0,0,0,0,0,18,18,0,8,36,0,0,1,0,0,0,0,0,0,25,105,2,3,1,1,31,0,47,72,218,144,218,62,220,62,220,209,221,179,218,215,218,92,219,3,255,0,103,0,8,2,1,0,0,0,0,0,0,0,0,0,0,191,95,72,49,131,39,39,0,64,0,0,0,0,202,36,178,49,198,165,165,0,0,0,5,0,0,188,141,157,223,157,223,157,223,157,223,0,223,180,223,185,223,190,223,157,223,157,223,2,141,216,0,165,26,140,252,141,211,217,182,0,4,64,0,0,7,0,0,0,0,0,18,18,0,8,36,0,0,1,0,0,0,0,0,0,25,104,2,3,1,1,31,0,47,72,218,108,218,62,220,62,220,209,221,179,218,215,218,92,219,3,255,0,103,1,8,4,1,0,0,0,0,0,0,0,0,0,0,191,95,67,49,131,39,39,0,64,0,0,0,0,202,36,2,49,198,165,165,0,0,0,5,0,0,188,141,157,223,157,223,157,223,157,223,0,223,180,223,185,223,190,223,157,223,157,223,2,141,216,0,165,26,140,252,141,211
2026-08-17_14-08-30,1,262,0,0.0,0,0.0,-1,-1,217,182,0,4,64,0,0,7,0,0,0,0,0,18,18,0,8,36,0,0,1,0,0,0,0,0,0,25,104,2,3,1,1,31,0,47,72,218,108,218,62,220,62,220,209,221,179,218,215,218,92,219,3,255,0,103,1,8,4,1,0,0,0,0,0,0,0,0,0,0,191,95,67,49,131,39,39,0,64,0,0,0,0,202,36,2,49,198,165,165,0,0,0,5,0,0,188,141,157,223,157,223,157,223,157,223,0,223,180,223,185,223,190,223,157,223,157,223,2,141,216,0,165,26,140,252,141,211,221,96,0,4,64,0,0,131,0,0,0,0,0,18,18,0,8,36,0,0,1,0,0,0,0,0,0,25,103,2,3,1,1,31,0,47,72,218,108,218,62,220,62,220,209,221,179,218,215,218,92,219,3,255,0,103,1,8,0,1,0,0,0,0,0,0,0,0,0,0,191,95,63,49,131,39,39,0,64,0,0,0,0,202,36,66,49,198,165,165,0,0,0,5,0,0,188,141,157,223,157,223,157,223,157,223,0,223,180,223,185,223,190,223,157,223,157,223,2,141,216,0,165,26,140,252,141,211
2026-08-17_14-08-30,1,263,0,0.0,0,0.0,-1,-1,221,96,0,4,64,0,0,131,0,0,0,0,0,18,18,0,8,36,0,0,1,0,0,0,0,0,0,25,103,2,3,1,1,31,0,47,72,218,108,218,62,220,62,220,209,221,179,218,215,218,92,219,3,255,0,103,1,8,0,1,0,0,0,0,0,0,0,0,0,0,191,95,63,49,131,39,39,0,64,0,0,0,0,202,36,66,49,198,165,165,0,0,0,5,0,0,188,141,157,223,157,223,157,223,157,223,0,223,180,223,185,223,190,223,157,223,157,223,2,141,216,0,165,26,140,252,141,211,225,6,0,4,64,0,0,255,0,0,0,0,0,18,18,0,8,36,0,0,1,0,0,0,0,0,0,25,102,2,3,1,1,31,0,47,72,218,144,218,62,220,62,220,209,221,179,218,215,218,92,219,3,255,0,103,2,8,2,1,0,0,0,0,0,0,0,0,0,0,191,95,59,49,131,39,39,0,64,0,0,0,0,202,36,145,49,198,165,165,0,0,0,5,0,0,188,141,157,223,157,223,157,223,157,223,0,223,180,223,185,223,190,223,157,223,157,223,2,141,216,0,165,26,140,252,141,211
2026-08-17_14-08-30,1,264,0,0.0,0,0.0,-1,-1,225,6,0,4,64,0,0,255,0,0,0,0,0,18,18,0,8,36,0,0,1,0,0,0,0,0,0,25,102,2,3,1,1,31,0,47,72,218,144,218,62,220,62,220,209,221,179,218,215,218,92,219,3,255,0,103,2,8,2,1,0,0,0,0,0,0,0,0,0,0,191,95,59,49,131,39,39,0,64,0,0,0,0,202,36,145,49,198,165,165,0,0,0,5,0,0,188,141,157,223,157,223,157,223,157,223,0,223,180,223,185,223,190,223,157,223,157,223,2,141,216,0,165,26,140,252,141,211,229,99,0,4,64,0,0,123,0,0,0,0,0,18,18,0,8,36,0,0,1,0,0,0,0,0,0,25,101,2,3,1,1,31,0,47,72,218,144,218,62,220,62,220,209,221,179,218,215,218,92,219,3,255,0,103,3,8,4,1,0,0,0,0,0,0,0,0,0,0,191,95,54,49,131,39,39,0,64,0,0,0,0,202,36,225,49,198,165,165,0,0,0,5,0,0,188,141,157,223,157,223,157,223,157,223,0,223,180,223,185,223,190,223,157,223,157,223,2,141,216,0,165,26,140,252,141,211
2026-08-17_14-08-30,1,265,0,0.0,0,0.0,-1,-1,229,99,0,4,64,0,0,123,0,0,0,0,0,18,18,0,8,36,0,0,1,0,0,0,0,0,0,25,101,2,3,1,1,31,0,47,72,218,144,218,62,220,62,220,209,221,179,218,215,218,92,219,3,255,0,103,3,8,4,1,0,0,0,0,0,0,0,0,0,0,191,95,54,49,131,39,39,0,64,0,0,0,0,202,36,225,49,198,165,165,0,0,0,5,0,0,188,141,157,223,157,223,157,223,157,223,0,223,180,223,185,223,190,223,157,223,157,223,2,141,216,0,165,26,140,252,141,211,233,55,0,4,64,0,0,247,0,0,0,0,0,18,18,0,8,36,0,0,1,0,0,0,0,0,0,25,100,2,3,1,1,31,0,47,72,218,108,218,62,220,62,220,209,221,179,218,215,218,92,219,3,255,0,103,3,8,0,1,0,0,0,0,0,0,0,0,0,0,191,95,50,49,131,39,39,0,64,0,0,0,0,202,36,33,49,198,165,165,0,0,0,5,0,0,188,141,157,223,157,223,157,223,157,223,0,223,180,223,185,223,190,223,157,223,157,223,2,141,216,0,165,26,140,252,141,211
2026-08-17_14-08-30,1,266,0,0.0,0,0.0,-1,-1,233,55,0,4,64,0,0,247,0,0,0,0,0,18,18,0,8,36,0,0,1,0,0,0,0,0,0,25,100,2,3,1,1,31,0,47,72,218,108,218,62,220,62,220,209,221,179,218,215,218,92,219,3,255,0,103,3,8,0,1,0,0,0,0,0,0,0,0,0,0,191,95,50,49,131,39,39,0,64,0,0,0,0,202,36,33,49,198,165,165,0,0,0,5,0,0,188,141,157,223,157,223,157,223,157,223,0,223,180,223,185,223,190,223,157,223,157,223,2,141,216,0,165,26,140,252,141,211,237,120,0,4,64,0,0,22,0,0,0,0,0,18,18,0,8,36,0,52,1,0,0,0,0,0,0,25,99,2,3,1,1,31,0,47,72,218,108,218,62,220,62,220,209,221,179,218,215,218,92,219,3,255,64,103,0,8,2,0,0,0,0,0,0,0,0,0,0,0,191,95,49,49,131,39,39,0,64,0,0,0,0,202,36,49,49,198,165,165,0,0,0,5,0,0,188,141,157,223,157,223,157,223,157,223,0,223,180,223,185,223,190,223,157,223,157,223,2,141,216,0,165,26,63,252,141,211
2026-08-17_14-08-30,1,267,0,0.0,0,0.0,-1,-1,237,120,0,4,64,0,0,22,0,0,0,0,0,18,18,0,8,36,0,52,1,0,0,0,0,0,0,25,99,2,3,1,1,31,0,47,72,218,108,218,62,220,62,220,209,221,179,218,215,218,92,219,3,255,64,103,0,8,2,0,0,0,0,0,0,0,0,0,0,0,191,95,49,49,131,39,39,0,64,0,0,0,0,202,36,49,49,198,165,165,0,0,0,5,0,0,188,141,157,223,157,223,157,223,157,223,0,223,180,223,185,223,190,223,157,223,157,223,2,141,216,0,165,26,63,252,141,211,241,139,0,4,64,0,0,22,0,0,0,0,0,18,18,0,8,36,0,48,1,0,0,0,0,0,0,25,98,2,3,1,1,31,0,47,72,218,108,218,62,220,62,220,209,221,179,218,215,218,92,219,3,255,64,103,1,8,4,0,0,0,0,0,0,0,0,0,0,0,191,95,49,49,131,39,39,0,64,0,0,0,0,202,36,49,49,198,165,165,0,0,0,5,0,0,188,141,157,223,157,223,157,223,157,223,0,223,180,223,185,223,190,223,157,223,157,223,2,141,216,0,165,26,63,252,141,211
2026-08-17_14-08-30,1,268,0,0.0,0,0.0,-1,-1,241,139,0,4,64,0,0,22,0,0,0,0,0,18,18,0,8,36,0,48,1,0,0,0,0,0,0,25,98,2,3,1,1,31,0,47,72,218,108,218,62,220,62,220,209,221,179,218,215,218,92,219,3,255,64,103,1,8,4,0,0,0,0,0,0,0,0,0,0,0,191,95,49,49,131,39,39,0,64,0,0,0,0,202,36,49,49,198,165,165,0,0,0,5,0,0,188,141,157,223,157,223,157,223,157,223,0,223,180,223,185,223,190,223,157,223,157,223,2,141,216,0,165,26,63,252,141,211,245,189,0,4,64,0,0,22,0,0,0,0,0,18,18,0,8,36,0,44,1,0,0,0,0,0,0,25,97,2,3,1,1,31,0,47,72,218,108,218,62,220,62,220,209,221,179,218,215,218,92,219,3,255,64,103,1,8,0,0,0,0,0,0,0,0,0,0,0,0,191,95,49,49,131,39,39,0,64,0,0,0,0,202,36,49,49,198,165,165,0,0,0,5,0,0,188,141,157,223,157,223,157,223,157,223,0,223,180,223,185,223,190,223,157,223,157,223,2,141,216,0,165,26,63,252,141,211
2026-08-17_14-08-30,1,269,0,0.0,0,0.0,-1,-1,245,189,0,4,64,0,0,22,0,0,0,0,0,18,18,0,8,36,0,44,1,0,0,0,0,0,0,25,97,2,3,1,1,31,0,47,72,218,108,218,62,220,62,220,209,221,179,218,215,218,92,219,3,255,64,103,1,8,0,0,0,0,0,0,0,0,0,0,0,0,191,95,49,49,131,39,39,0,64,0,0,0,0,202,36,49,49,198,165,165,0,0,0,5,0,0,188,141,157,223,157,223,157,223,157,223,0,223,180,223,185,223,190,223,157,223,157,223,2,141,216,0,165,26,63,252,141,211,249,213,0,4,64,0,0,22,0,0,0,0,0,18,18,0,8,36,0,40,1,0,0,0,0,0,0,25,96,2,3,1,1,31,0,47,72,218,108,218,62,220,62,220,209,221,179,218,215,218,92,219,3,255,64,103,2,8,2,0,0,0,0,0,0,0,0,0,0,0,191,95,49,49,131,39,39,0,64,0,0,0,0,202,36,49,49,198,165,165,0,0,0,5,0,0,188,141,157,223,157,223,157,223,157,223,0,223,180,223,185,223,190,223,157,223,157,223,2,141,216,0,165,26,63,252,141,211
2026-08-17_14-08-30,1,270,0,0.0,0,0.0,-1,-1,249,213,0,4,64,0,0,22,0,0,0,0,0,18,18,0,8,36,0,40,1,0,0,0,0,0,0,25,96,2,3,1,1,31,0,47,72,218,108,218,62,220,62,220,209,221,179,218,215,218,92,219,3,255,64,103,2,8,2,0,0,0,0,0,0,0,0,0,0,0,191,95,49,49,131,39,39,0,64,0,0,0,0,202,36,49,49,198,165,165,0,0,0,5,0,0,188,141,157,223,157,223,157,223,157,223,0,223,180,223,185,223,190,223,157,223,157,223,2,141,216,0,165,26,63,252,141,211,253,87,0,4,64,0,0,22,0,0,0,0,0,18,18,0,8,36,0,36,1,0,0,0,0,0,0,25,89,2,3,1,1,31,0,47,72,218,108,218,62,220,62,220,209,221,179,218,215,218,92,219,3,255,64,103,3,8,4,0,0,0,0,0,0,0,0,0,0,0,191,95,49,49,131,39,39,0,64,0,0,0,0,202,36,49,49,198,165,165,0,0,0,5,0,0,188,141,157,223,157,223,157,223,157,223,0,223,180,223,185,223,190,223,157,223,157,223,2,141,216,0,165,26,63,252,141,211
2026-08-17_14-08-30,1,271,0,0.0,0,0.0,-1,-1,253,87,0,4,64,0,0,22,0,0,0,0,0,18,18,0,8,36,0,36,1,0,0,0,0,0,0,25,89,2,3,1,1,31,0,47,72,218,108,218,62,220,62,220,209,221,179,218,215,218,92,219,3,255,64,103,3,8,4,0,0,0,0,0,0,0,0,0,0,0,191,95,49,49,131,39,39,0,64,0,0,0,0,202,36,49,49,198,165,165,0,0,0,5,0,0,188,141,157,223,157,223,157,223,157,223,0,223,180,223,185,223,190,223,157,223,157,223,2,141,216,0,165,26,63,252,141,211,1,126,0,5,64,0,0,22,0,0,0,0,0,18,18,0,8,36,0,32,1,0,0,0,0,0,0,25,88,2,3,1,1,31,0,47,72,218,108,218,62,220,62,220,209,221,179,218,215,218,92,219,3,255,64,103,3,8,0,0,0,0,0,0,0,0,0,0,0,0,191,95,49,49,131,39,39,0,64,0,0,0,0,202,36,49,49,198,165,165,0,0,0,5,0,0,188,141,157,223,157,223,157,223,157,223,0,223,180,223,185,223,190,223,157,223,157,223,2,141,216,0,165,26,63,252,141,211
2026-08-17_14-08-30,1,272,0,0.0,0,0.0,-1,-1,1,126,0,5,64,0,0,22,0,0,0,0,0,18,18,0,8,36,0,32,1,0,0,0,0,0,0,25,88,2,3,1,1,31,0,47,72,218,108,218,62,220,62,220,209,221,179,218,215,218,92,219,3,255,64,103,3,8,0,0,0,0,0,0,0,0,0,0,0,0,191,95,49,49,131,39,39,0,64,0,0,0,0,202,36,49,49,198,165,165,0,0,0,5,0,0,188,141,157,223,157,223,157,223,157,223,0,223,180,223,185,223,190,223,157,223,157,223,2,141,216,0,165,26,63,252,141,211,5,232,0,5,64,0,0,22,0,0,0,0,0,18,18,0,8,36,0,28,1,0,0,0,0,0,0,25,87,2,3,1,1,31,0,47,72,218,108,218,62,220,62,220,209,221,179,218,215,218,92,219,3,255,64,103,4,8,2,255,0,0,0,0,0,0,0,0,0,0,191,95,49,49,131,39,39,0,64,0,0,0,0,202,36,49,49,198,165,165,0,0,0,5,0,0,188,141,157,223,157,223,157,223,157,223,0,223,180,223,185,223,190,223,157,223,157,223,2,141,216,0,165,26,63,252,141,211
2026-08-17_14-08-30,1,273,0,0.0,0,0.0,-1,-1,5,232,0,5,64,0,0,22,0,0,0,0,0,18,18,0,8,36,0,28,1,0,0,0,0,0,0,25,87,2,3,1,1,31,0,47,72,218,108,218,62,220,62,220,209,221,179,218,215,218,92,219,3,255,64,103,4,8,2,255,0,0,0,0,0,0,0,0,0,0,191,95,49,49,131,39,39,0,64,0,0,0,0,202,36,49,49,198,165,165,0,0,0,5,0,0,188,141,157,223,157,223,157,223,157,223,0,223,180,223,185,223,190,223,157,223,157,223,2,141,216,0,165,26,63,252,141,211,9,138,0,5,64,0,0,22,0,0,0,0,0,18,18,0,8,36,0,24,1,0,0,0,0,0,0,25,86,2,3,1,1,31,0,47,72,218,108,218,62,220,62,220,209,221,179,218,215,218,92,219,3,255,64,103,5,8,4,254,0,0,0,0,0,0,0,0,0,0,191,95,49,49,131,39,39,0,64,0,0,0,0,202,36,49,49,198,165,165,0,0,0,5,0,0,188,141,157,223,157,223,157,223,157,223,0,223,180,223,185,223,190,223,157,223,157,223,2,141,216,0,165,26,63,252,141,211
2026-08-17_14-08-30,1,274,0,0.0,0,0.0,-1,-1,9,138,0,5,64,0,0,22,0,0,0,0,0,18,18,0,8,36,0,24,1,0,0,0,0,0,0,25,86,2,3,1,1,31,0,47,72,218,108,218,62,220,62,220,209,221,179,218,215,218,92,219,3,255,64,103,5,8,4,254,0,0,0,0,0,0,0,0,0,0,191,95,49,49,131,39,39,0,64,0,0,0,0,202,36,49,49,198,165,165,0,0,0,5,0,0,188,141,157,223,157,223,157,223,157,223,0,223,180,223,185,223,190,223,157,223,157,223,2,141,216,0,165,26,63,252,141,211,13,173,0,5,64,0,0,22,0,0,0,0,0,18,18,0,8,36,0,20,1,0,0,0,0,0,0,25,85,2,3,1,1,31,0,47,72,218,108,218,62,220,62,220,209,221,179,218,215,218,92,219,3,255,64,103,5,8,0,254,0,0,0,0,0,0,0,0,0,0,191,95,49,49,131,39,39,0,64,0,0,0,0,202,36,49,49,198,165,165,0,0,0,5,0,0,188,141,157,223,157,223,157,223,157,223,0,223,180,223,185,223,190,223,157,223,157,223,2,141,216,0,165,26,63,252,141,211
2026-08-17_14-08-30,1,275,0,0.0,0,0.0,-1,-1,13,173,0,5,64,0,0,22,0,0,0,0,0,18,18,0,8,36,0,20,1,0,0,0,0,0,0,25,85,2,3,1,1,31,0,47,72,218,108,218,62,220,62,220,209,221,179,218,215,218,92,219,3,255,64,103,5,8,0,254,0,0,0,0,0,0,0,0,0,0,191,95,49,49,131,39,39,0,64,0,0,0,0,202,36,49,49,198,165,165,0,0,0,5,0,0,188,141,157,223,157,223,157,223,157,223,0,223,180,223,185,223,190,223,157,223,157,223,2,141,216,0,165,26,63,252,141,211,17,220,0,5,64,0,0,22,0,0,0,0,0,18,18,0,8,36,0,16,1,0,0,0,0,0,0,25,84,2,3,1,1,31,0,47,72,218,108,218,62,220,62,220,209,221,179,218,215,218,92,219,3,255,64,103,6,8,2,253,0,0,0,0,0,0,0,0,0,0,191,95,49,49,131,39,39,0,64,0,0,0,0,202,36,49,49,198,165,165,0,0,0,5,0,0,188,141,157,223,157,223,157,223,157,223,0,223,180,223,185,223,190,223,157,223,157,223,2,141,216,0,165,26,63,252,141,211
2026-08-17_14-08-30,1,276,0,0.0,0,0.0,-1,-1,17,220,0,5,64,0,0,22,0,0,0,0,0,18,18,0,8,36,0,16,1,0,0,0,0,0,0,25,84,2,3,1,1,31,0,47,72,218,108,218,62,220,62,220,209,221,179,218,215,218,92,219,3,255,64,103,6,8,2,253,0,0,0,0,0,0,0,0,0,0,191,95,49,49,131,39,39,0,64,0,0,0,0,202,36,49,49,198,165,165,0,0,0,5,0,0,188,141,157,223,157,223,157,223,157,223,0,223,180,223,185,223,190,223,157,223,157,223,2,141,216,0,165,26,63,252,141,211,21,195,0,5,64,0,0,22,0,0,0,0,0,18,18,0,8,36,0,12,1,0,0,0,0,0,0,25,83,2,3,1,1,31,0,47,72,218,108,218,62,220,62,220,209,221,179,218,215,218,92,219,3,255,64,103,7,8,4,252,0,0,0,0,0,0,0,0,0,0,191,95,49,49,131,39,39,0,64,0,0,0,0,202,36,49,49,198,165,165,0,0,0,5,0,0,188,141,157,223,157,223,157,223,157,223,0,223,180,223,185,223,190,223,157,223,157,223,2,141,216,0,165,26,63,252,141,211
2026-08-17_14-08-30,1,277,0,0.0,0,0.0,-1,-1,21,195,0,5,64,0,0,22,0,0,0,0,0,18,18,0,8,36,0,12,1,0,0,0,0,0,0,25,83,2,3,1,1,31,0,47,72,218,108,218,62,220,62,220,209,221,179,218,215,218,92,219,3,255,64,103,7,8,4,252,0,0,0,0,0,0,0,0,0,0,191,95,49,49,131,39,39,0,64,0,0,0,0,202,36,49,49,198,165,165,0,0,0,5,0,0,188,141,157,223,157,223,157,223,157,223,0,223,180,223,185,223,190,223,157,223,157,223,2,141,216,0,165,26,63,252,141,211,25,61,0,5,64,0,0,22,0,0,0,0,0,18,18,0,8,36,0,8,1,0,0,0,0,0,0,25,82,2,3,1,1,31,0,47,72,218,108,218,62,220,62,220,209,221,179,218,215,218,92,219,3,255,64,103,7,8,0,252,0,0,0,0,0,0,0,0,0,0,191,95,49,49,131,39,39,0,64,0,0,0,0,202,36,49,49,198,165,165,0,0,0,5,0,0,188,141,157,223,157,223,157,223,157,223,0,223,180,223,185,223,190,223,157,223,157,223,2,141,216,0,165,26,63,252,141,211
2026-08-17_14-08-30,1,278,0,0.0,0,0.0,-1,-1,25,61,0,5,64,0,0,22,0,0,0,0,0,18,18,0,8,36,0,8,1,0,0,0,0,0,0,25,82,2,3,1,1,31,0,47,72,218,108,218,62,220,62,220,209,221,179,218,215,218,92,219,3,255,64,103,7,8,0,252,0,0,0,0,0,0,0,0,0,0,191,95,49,49,131,39,39,0,64,0,0,0,0,202,36,49,49,198,165,165,0,0,0,5,0,0,188,141,157,223,157,223,157,223,157,223,0,223,180,223,185,223,190,223,157,223,157,223,2,141,216,0,165,26,63,252,141,211,29,221,0,5,64,0,0,22,0,0,0,0,0,18,18,0,8,36,0,4,1,0,0,0,0,0,0,25,81,2,3,1,1,31,0,47,72,218,108,218,62,220,62,220,209,221,179,218,215,218,92,219,3,255,64,103,0,7,2,2,0,0,0,0,0,0,0,0,0,0,191,95,49,49,131,39,39,0,64,0,0,0,0,202,36,49,49,198,165,165,0,0,0,5,0,0,188,141,157,223,157,223,157,223,157,223,0,223,180,223,185,223,190,223,157,223,157,223,2,141,216,0,165,26,63,252,141,211
2026-08-17_14-08-30,1,279,0,0.0,0,0.0,-1,-1,29,221,0,5,64,0,0,22,0,0,0,0,0,18,18,0,8,36,0,4,1,0,0,0,0,0,0,25,81,2,3,1,1,31,0,47,72,218,108,218,62,220,62,220,209,221,179,218,215,218,92,219,3,255,64,103,0,7,2,2,0,0,0,0,0,0,0,0,0,0,191,95,49,49,131,39,39,0,64,0,0,0,0,202,36,49,49,198,165,165,0,0,0,5,0,0,188,141,157,223,157,223,157,223,157,223,0,223,180,223,185,223,190,223,157,223,157,223,2,141,216,0,165,26,63,252,141,211,33,211,0,5,64,0,0,22,0,0,0,0,0,18,18,0,8,36,0,0,1,0,0,0,0,0,0,25,80,2,3,1,1,31,0,47,72,218,108,218,62,220,62,220,209,221,179,218,215,218,92,219,3,255,64,103,1,7,4,2,0,0,0,0,0,0,0,0,0,0,191,95,49,49,131,39,39,0,64,0,0,0,0,202,36,49,49,198,165,165,0,0,0,5,0,0,188,141,157,223,157,223,157,223,157,223,0,223,180,223,185,223,190,223,157,223,157,223,2,141,216,0,165,26,63,252,141,211
2026-08-17_14-08-30,1,280,0,0.0,0,0.0,-1,-1,33,211,0,5,64,0,0,22,0,0,0,0,0,18,18,0,8,36,0,0,1,0,0,0,0,0,0,25,80,2,3,1,1,31,0,47,72,218,108,218,62,220,62,220,209,221,179,218,215,218,92,219,3,255,64,103,1,7,4,2,0,0,0,0,0,0,0,0,0,0,191,95,49,49,131,39,39,0,64,0,0,0,0,202,36,49,49,198,165,165,0,0,0,5,0,0,188,141,157,223,157,223,157,223,157,223,0,223,180,223,185,223,190,223,157,223,157,223,2,141,216,0,165,26,63,252,141,211,37,52,0,5,64,0,0,146,0,0,0,0,0,18,18,0,8,36,0,0,1,0,0,0,0,0,0,25,73,2,3,1,1,31,0,47,72,218,108,218,62,220,62,220,209,221,179,218,215,218,177,219,3,255,2,103,1,7,0,2,0,0,0,0,0,0,0,0,0,0,191,95,54,49,131,39,39,0,64,0,0,0,0,202,36,225,49,198,165,165,0,3,8,5,0,128,188,141,157,223,157,223,157,223,157,223,0,223,180,223,185,223,190,223,157,223,157,223,2,141,216,0,165,26,140,252,141,211
2026-08-17_14-08-30,1,281,0,0.0,0,0.0,-1,-1,37,52,0,5,64,0,0,146,0,0,0,0,0,18,18,0,8,36,0,0,1,0,0,0,0,0,0,25,73,2,3,1,1,31,0,47,72,218,108,218,62,220,62,220,209,221,179,218,215,218,177,219,3,255,2,103,1,7,0,2,0,0,0,0,0,0,0,0,0,0,191,95,54,49,131,39,39,0,64,0,0,0,0,202,36,225,49,198,165,165,0,3,8,5,0,128,188,141,157,223,157,223,157,223,157,223,0,223,180,223,185,223,190,223,157,223,157,223,2,141,216,0,165,26,140,252,141,211,41,73,0,5,64,0,0,14,0,0,0,0,0,18,18,0,8,36,0,0,1,0,0,0,0,0,0,25,72,2,3,1,1,31,0,47,72,218,144,218,62,220,62,220,209,221,179,218,215,218,177,219,3,255,2,103,2,7,2,2,0,0,0,0,0,0,0,0,0,0,191,95,59,49,131,39,39,0,64,0,0,0,0,202,36,145,49,198,165,165,0,3,8,5,0,128,188,141,157,223,157,223,157,223,157,223,0,223,180,223,185,223,190,223,157,223,157,223,2,141,216,0,165,26,140,252,141,211
2026-08-17_14-08-30,1,282,0,0.0,0,0.0,-1,-1,41,73,0,5,64,0,0,14,0,0,0,0,0,18,18,0,8,36,0,0,1,0,0,0,0,0,0,25,72,2,3,1,1,31,0,47,72,218,144,218,62,220,62,220,209,221,179,218,215,218,177,219,3,255,2,103,2,7,2,2,0,0,0,0,0,0,0,0,0,0,191,95,59,49,131,39,39,0,64,0,0,0,0,202,36,145,49,198,165,165,0,3,8,5,0,128,188,141,157,223,157,223,157,223,157,223,0,223,180,223,185,223,190,223,157,223,157,223,2,141,216,0,165,26,140,252,141,211,45,144,0,5,64,0,0,138,0,0,0,0,0,18,18,0,8,36,0,0,1,0,0,0,0,0,0,25,71,2,3,1,1,31,0,47,72,218,144,218,62,220,62,220,209,221,179,218,215,218,177,219,3,255,2,103,3,7,4,2,0,0,0,0,0,0,0,0,0,0,191,95,63,49,131,39,39,0,64,0,0,0,0,202,36,66,49,198,165,165,0,3,8,5,0,128,188,141,157,223,157,223,157,223,157,223,0,223,180,223,185,223,190,223,157,223,157,223,2,141,216,0,165,26,140,252,141,211
2026-08-17_14-08-30,1,283,0,0.0,0,0.0,-1,-1,45,144,0,5,64,0,0,138,0,0,0,0,0,18,18,0,8,36,0,0,1,0,0,0,0,0,0,25,71,2,3,1,1,31,0,47,72,218,144,218,62,220,62,220,209,221,179,218,215,218,177,219,3,255,2,103,3,7,4,2,0,0,0,0,0,0,0,0,0,0,191,95,63,49,131,39,39,0,64,0,0,0,0,202,36,66,49,198,165,165,0,3,8,5,0,128,188,141,157,223,157,223,157,223,157,223,0,223,180,223,185,223,190,223,157,223,157,223,2,141,216,0,165,26,140,252,141,211,49,1,0,5,64,0,0,6,0,0,0,0,0,18,18,0,8,36,0,0,1,0,0,0,0,0,0,25,70,2,3,1,1,31,0,47,72,218,108,218,62,220,62,220,209,221,179,218,215,218,177,219,3,255,2,103,3,7,0,2,0,0,0,1,0,0,0,0,0,0,191,95,52,49,131,39,39,0,64,0,0,0,0,202,36,1,49,198,165,165,0,3,8,5,0,128,188,141,157,223,157,223,157,223,157,223,0,223,180,223,185,223,190,223,157,223,157,223,2,141,216,0,165,26,140,252,141,211
2026-08-17_14-08-30,1,284,0,0.0,0,0.0,-1,-1,49,1,0,5,64,0,0,6,0,0,0,0,0,18,18,0,8,36,0,0,1,0,0,0,0,0,0,25,70,2,3,1,1,31,0,47,72,218,108,218,62,220,62,220,209,221,179,218,215,218,177,219,3,255,2,103,3,7,0,2,0,0,0,1,0,0,0,0,0,0,191,95,52,49,131,39,39,0,64,0,0,0,0,202,36,1,49,198,165,165,0,3,8,5,0,128,188,141,157,223,157,223,157,223,157,223,0,223,180,223,185,223,190,223,157,223,157,223,2,141,216,0,165,26,140,252,141,211,53,16,0,5,64,0,0,130,0,0,0,0,0,18,18,0,8,36,0,0,1,0,0,0,0,0,0,25,69,2,3,1,1,31,0,47,72,218,108,218,62,220,62,220,209,221,179,218,215,218,177,219,3,255,2,103,0,7,2,1,0,0,0,1,0,0,0,0,0,0,191,95,56,49,131,39,39,0,64,0,0,0,0,202,36,193,49,198,165,165,0,3,8,5,0,128,188,141,157,223,157,223,157,223,157,223,0,223,180,223,185,223,190,223,157,223,157,223,2,141,216,0,165,26,140,252,141,211
2026-08-17_14-08-30,1,285,0,0.0,0,0.0,-1,-1,53,16,0,5,64,0,0,130,0,0,0,0,0,18,18,0,8,36,0,0,1,0,0,0,0,0,0,25,69,2,3,1,1,31,0,47,72,218,108,218,62,220,62,220,209,221,179,218,215,218,177,219,3,255,2,103,0,7,2,1,0,0,0,1,0,0,0,0,0,0,191,95,56,49,131,39,39,0,64,0,0,0,0,202,36,193,49,198,165,165,0,3,8,5,0,128,188,141,157,223,157,223,157,223,157,223,0,223,180,223,185,223,190,223,157,223,157,223,2,141,216,0,165,26,140,252,141,211,57,9,0,5,64,0,0,254,0,0,0,0,0,18,18,0,8,36,0,0,1,0,0,0,0,0,0,25,68,2,3,1,1,31,0,47,72,218,144,218,62,220,62,220,209,221,179,218,215,218,177,219,3,255,2,103,1,7,4,1,0,0,0,1,0,0,0,0,0,0,191,95,60,49,131,39,39,0,64,0,0,0,0,202,36,114,49,198,165,165,0,3,8,5,0,128,188,141,157,223,157,223,157,223,157,223,0,223,180,223,185,223,190,223,157,223,157,223,2,141,216,0,165,26,140,252,141,211
2026-08-17_14-08-30,1,286,0,0.0,0,0.0,-1,-1,57,9,0,5,64,0,0,254,0,0,0,0,0,18,18,0,8,36,0,0,1,0,0,0,0,0,0,25,68,2,3,1,1,31,0,47,72,218,144,218,62,220,62,220,209,221,179,218,215,218,177,219,3,255,2,103,1,7,4,1,0,0,0,1,0,0,0,0,0,0,191,95,60,49,131,39,39,0,64,0,0,0,0,202,36,114,49,198,165,165,0,3,8,5,0,128,188,141,157,223,157,223,157,223,157,223,0,223,180,223,185,223,190,223,157,223,157,223,2,141,216,0,165,26,140,252,141,211,61,148,0,5,64,0,0,122,0,0,0,0,0,18,18,0,8,36,0,0,1,0,0,0,0,0,0,25,67,2,3,1,1,31,0,47,72,218,144,218,62,220,62,220,209,221,179,218,215,218,177,219,3,255,2,103,1,7,0,1,0,0,0,1,0,0,0,0,0,0,191,95,65,49,131,39,39,0,64,0,0,0,0,202,36,34,49,198,165,165,0,3,8,5,0,128,188,141,157,223,157,223,157,223,157,223,0,223,180,223,185,223,190,223,157,223,157,223,2,141,216,0,165,26,140,252,141,211
2026-08-17_14-08-30,1,287,0,0.0,0,0.0,-1,-1,61,148,0,5,64,0,0,122,0,0,0,0,0,18,18,0,8,36,0,0,1,0,0,0,0,0,0,25,67,2,3,1,1,31,0,47,72,218,144,218,62,220,62,220,209,221,179,218,215,218,177,219,3,255,2,103,1,7,0,1,0,0,0,1,0,0,0,0,0,0,191,95,65,49,131,39,39,0,64,0,0,0,0,202,36,34,49,198,165,165,0,3,8,5,0,128,188,141,157,223,157,223,157,223,157,223,0,223,180,223,185,223,190,223,157,223,157,223,2,141,216,0,165,26,140,252,141,211,65,67,0,5,64,0,0,246,0,0,0,0,0,18,18,0,8,36,0,0,1,0,0,0,0,0,0,25,66,2,3,1,1,31,0,47,72,218,108,218,62,220,62,220,209,221,179,218,215,218,177,219,3,255,2,103,2,7,2,1,0,0,0,3,0,0,0,0,0,0,191,95,53,49,131,39,39,0,64,0,0,0,0,202,36,241,49,198,165,165,0,3,8,5,0,128,188,141,157,223,157,223,157,223,157,223,0,223,180,223,185,223,190,223,157,223,157,223,2,141,216,0,165,26,140,252,141,211
2026-08-17_14-08-30,1,288,0,0.0,0,0.0,-1,-1,65,67,0,5,64,0,0,246,0,0,0,0,0,18,18,0,8,36,0,0,1,0,0,0,0,0,0,25,66,2,3,1,1,31,0,47,72,218,108,218,62,220,62,220,209,221,179,218,215,218,177,219,3,255,2,103,2,7,2,1,0,0,0,3,0,0,0,0,0,0,191,95,53,49,131,39,39,0,64,0,0,0,0,202,36,241,49,198,165,165,0,3,8,5,0,128,188,141,157,223,157,223,157,223,157,223,0,223,180,223,185,223,190,223,157,223,157,223,2,141,216,0,165,26,140,252,141,211,69,53,0,5,64,0,0,114,0,0,0,0,0,18,18,0,8,36,0,0,1,0,0,0,0,0,0,25,65,2,3,1,1,31,0,47,72,218,108,218,62,220,62,220,209,221,179,218,215,218,177,219,3,255,2,103,3,7,4,1,0,0,0,3,0,0,0,0,0,0,191,95,58,49,131,39,39,0,64,0,0,0,0,202,36,161,49,198,165,165,0,3,8,5,0,128,188,141,157,223,157,223,157,223,157,223,0,223,180,223,185,223,190,223,157,223,157,223,2,141,216,0,165,26,140,252,141,211
2026-08-17_14-08-30,1,289,0,0.0,0,0.0,-1,-1,69,53,0,5,64,0,0,114,0,0,0,0,0,18,18,0,8,36,0,0,1,0,0,0,0,0,0,25,65,2,3,1,1,31,0,47,72,218,108,218,62,220,62,220,209,221,179,218,215,218,177,219,3,255,2,103,3,7,4,1,0,0,0,3,0,0,0,0,0,0,191,95,58,49,131,39,39,0,64,0,0,0,0,202,36,161,49,198,165,165,0,3,8,5,0,128,188,141,157,223,157,223,157,223,157,223,0,223,180,223,185,223,190,223,157,223,157,223,2,141,216,0,165,26,140,252,141,211,73,89,0,5,64,0,0,238,0,0,0,0,0,18,18,0,8,36,0,0,1,0,0,0,0,0,0,25,64,2,3,1,1,31,0,47,72,218,144,218,62,220,62,220,209,221,179,218,215,218,177,219,3,255,2,103,3,7,0,1,0,0,0,3,0,0,0,0,0,0,191,95,62,49,131,39,39,0,64,0,0,0,0,202,36,82,49,198,165,165,0,3,8,5,0,128,188,141,157,223,157,223,157,223,157,223,0,223,180,223,185,223,190,223,157,223,157,223,2,141,216,0,165,26,140,252,141,211
2026-08-17_14-08-30,1,290,0,0.0,0,0.0,-1,-1,73,89,0,5,64,0,0,238,0,0,0,0,0,18,18,0,8,36,0,0,1,0,0,0,0,0,0,25,64,2,3,1,1,31,0,47,72,218,144,218,62,220,62,220,209,221,179,218,215,218,177,219,3,255,2,103,3,7,0,1,0,0,0,3,0,0,0,0,0,0,191,95,62,49,131,39,39,0,64,0,0,0,0,202,36,82,49,198,165,165,0,3,8,5,0,128,188,141,157,223,157,223,157,223,157,223,0,223,180,223,185,223,190,223,157,223,157,223,2,141,216,0,165,26,140,252,141,211,77,153,0,5,64,0,0,106,0,0,0,0,0,18,18,0,8,36,0,0,1,0,0,0,0,0,0,25,57,2,3,1,1,31,0,47,72,218,144,218,62,220,62,220,209,221,179,218,215,218,177,219,3,255,2,103,0,7,2,0,0,0,0,3,0,0,0,0,0,0,191,95,67,49,131,39,39,0,64,0,0,0,0,202,36,2,49,198,165,165,0,3,8,5,0,128,188,141,157,223,157,223,157,223,157,223,0,223,180,223,185,223,190,223,157,223,157,223,2,141,216,0,165,26,140,252,141,211
2026-08-17_14-08-30,1,291,0,0.0,0,0.0,-1,-1,77,153,0,5,64,0,0,106,0,0,0,0,0,18,18,0,8,36,0,0,1,0,0,0,0,0,0,25,57,2,3,1,1,31,0,47,72,218,144,218,62,220,62,220,209,221,179,218,215,218,177,219,3,255,2,103,0,7,2,0,0,0,0,3,0,0,0,0,0,0,191,95,67,49,131,39,39,0,64,0,0,0,0,202,36,2,49,198,165,165,0,3,8,5,0,128,188,141,157,223,157,223,157,223,157,223,0,223,180,223,185,223,190,223,157,223,157,223,2,141,216,0,165,26,140,252,141,211,81,149,0,5,64,0,0,230,0,0,0,0,0,18,18,0,8,36,0,0,1,0,0,0,0,0,0,25,56,2,3,1,1,31,0,47,72,218,108,218,62,220,62,220,209,221,179,218,215,218,177,219,3,255,2,103,1,7,4,0,0,0,0,3,0,0,0,0,0,0,191,95,71,49,131,39,39,0,64,0,0,0,0,202,36,194,49,198,165,165,0,3,8,5,0,128,188,141,157,223,157,223,157,223,157,223,0,223,180,223,185,223,190,223,157,223,157,223,2,141,216,0,165,26,140,252,141,211
2026-08-17_14-08-30,1,292,0,0.0,0,0.0,-1,-1,81,149,0,5,64,0,0,230,0,0,0,0,0,18,18,0,8,36,0,0,1,0,0,0,0,0,0,25,56,2,3,1,1,31,0,47,72,218,108,218,62,220,62,220,209,221,179,218,215,218,177,219,3,255,2,103,1,7,4,0,0,0,0,3,0,0,0,0,0,0,191,95,71,49,131,39,39,0,64,0,0,0,0,202,36,194,49,198,165,165,0,3,8,5,0,128,188,141,157,223,157,223,157,223,157,223,0,223,180,223,185,223,190,223,157,223,157,223,2,141,216,0,165,26,140,252,141,211,85,83,0,5,64,0,0,98,0,0,0,0,0,18,18,0,8,36,0,0,1,0,0,0,0,0,0,25,55,2,3,1,1,31,0,47,72,218,108,218,62,220,62,220,209,221,179,218,215,218,177,219,3,255,2,103,1,7,0,0,0,0,0,3,0,0,0,0,0,0,191,95,76,49,131,39,39,0,64,0,0,0,0,202,36,99,49,198,165,165,0,3,8,5,0,128,188,141,157,223,157,223,157,223,157,223,0,223,180,223,185,223,190,223,157,223,157,223,2,141,216,0,165,26,140,252,141,211
2026-08-17_14-08-30,1,293,0,0.0,0,0.0,-1,-1,85,83,0,5,64,0,0,98,0,0,0,0,0,18,18,0,8,36,0,0,1,0,0,0,0,0,0,25,55,2,3,1,1,31,0,47,72,218,108,218,62,220,62,220,209,221,179,218,215,218,177,219,3,255,2,103,1,7,0,0,0,0,0,3,0,0,0,0,0,0,191,95,76,49,131,39,39,0,64,0,0,0,0,202,36,99,49,198,165,165,0,3,8,5,0,128,188,141,157,223,157,223,157,223,157,223,0,223,180,223,185,223,190,223,157,223,157,223,2,141,216,0,165,26,140,252,141,211,89,60,0,5,64,0,0,222,0,0,0,0,0,18,18,0,8,36,0,0,1,0,0,0,0,0,0,25,54,2,3,1,1,31,0,47,72,218,144,218,62,220,62,220,209,221,179,218,215,218,177,219,3,255,2,103,2,7,2,0,0,0,0,3,0,0,0,0,0,0,191,95,80,49,131,39,39,0,64,0,0,0,0,202,36,35,49,198,165,165,0,3,8,5,0,128,188,141,157,223,157,223,157,223,157,223,0,223,180,223,185,223,190,223,157,223,157,223,2,141,216,0,165,26,140,252,141,211
2026-08-17_14-08-30,1,294,0,0.0,0,0.0,-1,-1,89,60,0,5,64,0,0,222,0,0,0,0,0,18,18,0,8,36,0,0,1,0,0,0,0,0,0,25,54,2,3,1,1,31,0,47,72,218,144,218,62,220,62,220,209,221,179,218,215,218,177,219,3,255,2,103,2,7,2,0,0,0,0,3,0,0,0,0,0,0,191,95,80,49,131,39,39,0,64,0,0,0,0,202,36,35,49,198,165,165,0,3,8,5,0,128,188,141,157,223,157,223,157,223,157,223,0,223,180,223,185,223,190,223,157,223,157,223,2,141,216,0,165,26,140,252,141,211,93,205,0,5,64,0,0,90,0,0,0,0,0,18,18,0,8,36,0,0,1,0,0,0,0,0,0,25,53,2,3,1,1,31,0,47,72,218,144,218,62,220,62,220,209,221,179,218,215,218,177,219,3,255,2,103,3,7,4,0,0,0,0,3,0,0,0,0,0,0,191,95,85,49,131,39,39,0,64,0,0,0,0,202,36,211,49,198,165,165,0,3,8,5,0,128,188,141,157,223,157,223,157,223,157,223,0,223,180,223,185,223,190,223,157,223,157,223,2,141,216,0,165,26,140,252,141,211
2026-08-17_14-08-30,1,295,0,0.0,0,0.0,-1,-1,93,205,0,5,64,0,0,90,0,0,0,0,0,18,18,0,8,36,0,0,1,0,0,0,0,0,0,25,53,2,3,1,1,31,0,47,72,218,144,218,62,220,62,220,209,221,179,218,215,218,177,219,3,255,2,103,3,7,4,0,0,0,0,3,0,0,0,0,0,0,191,95,85,49,131,39,39,0,64,0,0,0,0,202,36,211,49,198,165,165,0,3,8,5,0,128,188,141,157,223,157,223,157,223,157,223,0,223,180,223,185,223,190,223,157,223,157,223,2,141,216,0,165,26,140,252,141,211,97,218,0,5,64,0,0,214,0,0,0,0,0,18,18,0,8,36,0,0,1,0,0,0,0,0,0,25,52,2,3,1,1,31,0,47,72,218,108,218,62,220,62,220,209,221,179,218,215,218,177,219,3,255,2,103,3,7,0,0,0,0,0,3,0,0,0,0,0,0,191,95,89,49,131,39,39,0,64,0,0,0,0,202,36,147,49,198,165,165,0,3,8,5,0,128,188,141,157,223,157,223,157,223,157,223,0,223,180,223,185,223,190,223,157,223,157,223,2,141,216,0,165,26,140,252,141,211
2026-08-17_14-08-30,1,296,0,0.0,0,0.0,-1,-1,97,218,0,5,64,0,0,214,0,0,0,0,0,18,18,0,8,36,0,0,1,0,0,0,0,0,0,25,52,2,3,1,1,31,0,47,72,218,108,218,62,220,62,220,209,221,179,218,215,218,177,219,3,255,2,103,3,7,0,0,0,0,0,3,0,0,0,0,0,0,191,95,89,49,131,39,39,0,64,0,0,0,0,202,36,147,49,198,165,165,0,3,8,5,0,128,188,141,157,223,157,223,157,223,157,223,0,223,180,223,185,223,190,223,157,223,157,223,2,141,216,0,165,26,140,252,141,211,101,160,0,5,64,0,0,20,0,0,0,0,0,18,18,0,8,36,0,0,1,0,0,0,0,0,0,25,51,2,3,1,1,31,0,47,72,218,108,218,62,220,62,220,209,221,179,218,215,218,177,219,3,255,2,103,4,7,2,255,0,128,0,3,0,0,0,0,0,0,191,95,92,49,131,38,39,0,64,0,0,0,0,202,36,84,49,198,181,165,0,3,8,5,0,128,188,141,157,223,157,223,157,223,157,223,0,223,180,223,185,223,190,223,157,223,157,223,130,141,216,0,165,26,140,252,141,211
2026-08-17_14-08-30,1,297,0,0.0,0,0.0,-1,-1,101,160,0,5,64,0,0,20,0,0,0,0,0,18,18,0,8,36,0,0,1,0,0,0,0,0,0,25,51,2,3,1,1,31,0,47,72,218,108,218,62,220,62,220,209,221,179,218,215,218,177,219,3,255,2,103,4,7,2,255,0,128,0,3,0,0,0,0,0,0,191,95,92,49,131,38,39,0,64,0,0,0,0,202,36,84,49,198,181,165,0,3,8,5,0,128,188,141,157,223,157,223,157,223,157,223,0,223,180,223,185,223,190,223,157,223,157,223,130,141,216,0,165,26,140,252,141,211,105,10,0,5,64,0,0,20,0,0,0,0,0,18,18,0,8,36,0,0,1,0,0,0,0,0,0,25,50,2,3,1,1,31,0,47,72,218,108,218,62,220,62,220,209,221,179,218,215,218,177,219,3,255,2,103,5,7,4,254,0,128,0,3,0,0,0,0,0,0,191,95,92,49,131,37,39,0,64,0,0,0,0,202,36,84,49,198,197,165,0,3,8,5,0,128,188,141,157,223,157,223,157,223,157,223,0,223,180,223,185,223,190,223,157,223,157,223,130,141,216,0,165,26,140,252,141,211
2026-08-17_14-08-30,1,298,0,0.0,0,0.0,-1,-1,105,10,0,5,64,0,0,20,0,0,0,0,0,18,18,0,8,36,0,0,1,0,0,0,0,0,0,25,50,2,3,1,1,31,0,47,72,218,108,218,62,220,62,220,209,221,179,218,215,218,177,219,3,255,2,103,5,7,4,254,0,128,0,3,0,0,0,0,0,0,191,95,92,49,131,37,39,0,64,0,0,0,0,202,36,84,49,198,197,165,0,3,8,5,0,128,188,141,157,223,157,223,157,223,157,223,0,223,180,223,185,223,190,223,157,223,157,223,130,141,216,0,165,26,140,252,141,211,109,165,0,5,64,0,0,20,0,0,0,0,0,18,18,0,8,36,0,0,1,0,0,0,0,0,0,25,49,2,3,1,1,31,0,47,72,218,108,218,62,220,62,220,209,221,179,218,215,218,177,219,3,255,2,103,5,7,0,254,0,128,0,3,0,0,0,0,0,0,191,95,92,49,131,36,39,0,64,0,0,0,0,202,36,84,49,198,213,165,0,3,8,5,0,128,188,141,157,223,157,223,157,223,157,223,0,223,180,223,185,223,190,223,157,223,157,223,130,141,216,0,165,26,140,252,141,211
2026-08-17_14-08-30,1,299,0,0.0,0,0.0,-1,-1,109,165,0,5,64,0,0,20,0,0,0,0,0,18,18,0,8,36,0,0,1,0,0,0,0,0,0,25,49,2,3,1,1,31,0,47,72,218,108,218,62,220,62,220,209,221,179,218,215,218,177,219,3,255,2,103,5,7,0,254,0,128,0,3,0,0,0,0,0,0,191,95,92,49,131,36,39,0,64,0,0,0,0,202,36,84,49,198,213,165,0,3,8,5,0,128,188,141,157,223,157,223,157,223,157,223,0,223,180,223,185,223,190,223,157,223,157,223,130,141,216,0,165,26,140,252,141,211,113,88,0,5,64,0,0,20,0,0,0,0,0,18,18,0,8,36,0,0,1,0,0,0,0,0,0,25,48,2,3,1,1,31,0,47,72,218,108,218,62,220,62,220,209,221,179,218,215,218,177,219,3,255,2,103,6,7,2,253,0,128,0,3,0,0,0,0,0,0,191,95,92,49,131,35,39,0,64,0,0,0,0,202,36,84,49,198,229,165,0,3,8,5,0,128,188,141,157,223,157,223,157,223,157,223,0,223,180,223,185,223,190,223,157,223,157,223,130,141,216,0,165,26,140,252,141,211
2026-08-17_14-08-30,1,300,0,0.0,0,0.0,-1,-1,113,88,0,5,64,0,0,20,0,0,0,0,0,18,18,0,8,36,0,0,1,0,0,0,0,0,0,25,48,2,3,1,1,31,0,47,72,218,108,218,62,220,62,220,209,221,179,218,215,218,177,219,3,255,2,103,6,7,2,253,0,128,0,3,0,0,0,0,0,0,191,95,92,49,131,35,39,0,64,0,0,0,0,202,36,84,49,198,229,165,0,3,8,5,0,128,188,141,157,223,157,223,157,223,157,223,0,223,180,223,185,223,190,223,157,223,157,223,130,141,216,0,165,26,140,252,141,211,117,137,0,5,64,0,0,20,0,0,0,0,0,18,18,0,8,36,0,0,1,0,0,0,0,0,0,25,41,2,3,1,1,31,0,47,72,218,108,218,62,220,62,220,209,221,179,218,215,218,177,219,3,255,2,103,7,7,4,252,0,128,0,3,0,0,0,0,0,0,191,95,92,49,131,34,39,0,64,0,0,0,0,202,36,84,49,198,245,165,0,3,8,5,0,128,188,141,157,223,157,223,157,223,157,223,0,223,180,223,185,223,190,223,157,223,157,223,130,141,216,0,165,26,140,252,141,211
2026-08-17_14-08-30,1,301,0,0.0,0,0.0,-1,-1,117,137,0,5,64,0,0,20,0,0,0,0,0,18,18,0,8,36,0,0,1,0,0,0,0,0,0,25,41,2,3,1,1,31,0,47,72,218,108,218,62,220,62,220,209,221,179,218,215,218,177,219,3,255,2,103,7,7,4,252,0,128,0,3,0,0,0,0,0,0,191,95,92,49,131,34,39,0,64,0,0,0,0,202,36,84,49,198,245,165,0,3,8,5,0,128,188,141,157,223,157,223,157,223,157,223,0,223,180,223,185,223,190,223,157,223,157,223,130,141,216,0,165,26,140,252,141,211,121,156,0,5,64,0,0,20,0,0,0,0,0,18,18,0,8,36,0,0,1,0,0,0,0,0,0,25,40,2,3,1,1,31,0,47,72,218,108,218,62,220,62,220,209,221,179,218,215,218,177,219,3,255,2,103,7,7,0,252,0,128,0,3,0,0,0,0,0,0,191,95,92,49,131,33,39,0,64,0,0,0,0,202,36,84,49,198,5,165,0,3,8,5,0,128,188,141,157,223,157,223,157,223,157,223,0,223,180,223,185,223,190,223,157,223,157,223,130,141,216,0,165,26,140,252,141,211
2026-08-17_14-08-30,1,302,0,0.0,0,0.0,-1,-1,121,156,0,5,64,0,0,20,0,0,0,0,0,18,18,0,8,36,0,0,1,0,0,0,0,0,0,25,40,2,3,1,1,31,0,47,72,218,108,218,62,220,62,220,209,221,179,218,215,218,177,219,3,255,2,103,7,7,0,252,0,128,0,3,0,0,0,0,0,0,191,95,92,49,131,33,39,0,64,0,0,0,0,202,36,84,49,198,5,165,0,3,8,5,0,128,188,141,157,223,157,223,157,223,157,223,0,223,180,223,185,223,190,223,157,223,157,223,130,141,216,0,165,26,140,252,141,211,125,199,0,5,64,0,0,20,0,0,0,0,0,18,18,0,8,36,0,0,1,0,0,0,0,0,0,25,39,2,3,1,1,31,0,47,72,218,108,218,62,220,62,220,209,221,179,218,215,218,177,219,3,255,2,103,0,6,2,2,0,128,0,3,0,0,0,0,0,0,191,95,92,49,131,32,39,0,64,0,0,0,0,202,36,84,49,198,21,165,0,3,8,5,0,128,188,141,157,223,157,223,157,223,157,223,0,223,180,223,185,223,190,223,157,223,157,223,130,141,216,0,165,26,140,252,141,211
2026-08-17_14-08-30,1,303,0,0.0,0,0.0,-1,-1,125,199,0,5,64,0,0,20,0,0,0,0,0,18,18,0,8,36,0,0,1,0,0,0,0,0,0,25,39,2,3,1,1,31,0,47,72,218,108,218,62,220,62,220,209,221,179,218,215,218,177,219,3,255,2,103,0,6,2,2,0,128,0,3,0,0,0,0,0,0,191,95,92,49,131,32,39,0,64,0,0,0,0,202,36,84,49,198,21,165,0,3,8,5,0,128,188,141,157,223,157,223,157,223,157,223,0,223,180,223,185,223,190,223,157,223,157,223,130,141,216,0,165,26,140,252,141,211,129,127,0,5,64,0,0,20,0,0,0,0,0,18,18,0,8,36,0,0,1,0,0,0,0,0,0,25,38,2,3,1,1,31,0,47,72,218,108,218,62,220,62,220,209,221,179,218,215,218,177,219,3,255,2,103,1,6,4,2,0,128,0,3,0,0,0,0,0,0,191,95,92,49,131,31,39,0,64,0,0,0,0,202,36,84,49,198,37,165,0,3,8,5,0,128,188,141,157,223,157,223,157,223,157,223,0,223,180,223,185,223,190,223,157,223,157,223,130,141,216,0,165,26,140,252,141,211
2026-08-17_14-08-30,1,304,0,0.0,0,0.0,-1,-1,129,127,0,5,64,0,0,20,0,0,0,0,0,18,18,0,8,36,0,0,1,0,0,0,0,0,0,25,38,2,3,1,1,31,0,47,72,218,108,218,62,220,62,220,209,221,179,218,215,218,177,219,3,255,2,103,1,6,4,2,0,128,0,3,0,0,0,0,0,0,191,95,92,49,131,31,39,0,64,0,0,0,0,202,36,84,49,198,37,165,0,3,8,5,0,128,188,141,157,223,157,223,157,223,157,223,0,223,180,223,185,223,190,223,157,223,157,223,130,141,216,0,165,26,140,252,141,211,133,248,0,5,64,0,0,20,0,0,0,0,0,18,18,0,8,36,0,0,1,0,0,0,0,0,0,25,37,2,3,1,1,31,0,47,72,218,108,218,62,220,62,220,209,221,179,218,215,218,177,219,3,255,2,103,1,6,0,2,0,128,0,3,0,0,0,0,0,0,191,95,92,49,131,30,39,0,64,0,0,0,0,202,36,84,49,198,53,165,0,3,8,5,0,128,188,141,157,223,157,223,157,223,157,223,0,223,180,223,185,223,190,223,157,223,157,223,130,141,216,0,165,26,140,252,141,211
2026-08-17_14-08-30,1,305,0,0.0,0,0.0,-1,-1,133,248,0,5,64,0,0,20,0,0,0,0,0,18,18,0,8,36,0,0,1,0,0,0,0,0,0,25,37,2,3,1,1,31,0,47,72,218,108,218,62,220,62,220,209,221,179,218,215,218,177,219,3,255,2,103,1,6,0,2,0,128,0,3,0,0,0,0,0,0,191,95,92,49,131,30,39,0,64,0,0,0,0,202,36,84,49,198,53,165,0,3,8,5,0,128,188,141,157,223,157,223,157,223,157,223,0,223,180,223,185,223,190,223,157,223,157,223,130,141,216,0,165,26,140,252,141,211,137,131,0,5,64,0,0,20,0,0,0,0,0,18,18,0,8,36,0,0,1,0,0,0,0,0,0,25,36,2,3,1,1,31,0,47,72,218,108,218,62,220,62,220,209,221,179,218,215,218,177,219,3,255,2,103,2,6,2,2,0,128,0,3,0,0,0,0,0,0,191,95,92,49,131,29,39,0,64,0,0,0,0,202,36,84,49,198,69,165,0,3,8,5,0,128,188,141,157,223,157,223,157,223,157,223,0,223,180,223,185,223,190,223,157,223,157,223,130,141,216,0,165,26,140,252,141,211
2026-08-17_14-08-30,1,306,0,0.0,0,0.0,-1,-1,137,131,0,5,64,0,0,20,0,0,0,0,0,18,18,0,8,36,0,0,1,0,0,0,0,0,0,25,36,2,3,1,1,31,0,47,72,218,108,218,62,220,62,220,209,221,179,218,215,218,177,219,3,255,2,103,2,6,2,2,0,128,0,3,0,0,0,0,0,0,191,95,92,49,131,29,39,0,64,0,0,0,0,202,36,84,49,198,69,165,0,3,8,5,0,128,188,141,157,223,157,223,157,223,157,223,0,223,180,223,185,223,190,223,157,223,157,223,130,141,216,0,165,26,140,252,141,211,141,57,0,5,64,0,0,20,0,0,0,0,0,18,18,0,8,36,0,0,1,0,0,0,0,0,0,25,35,2,3,1,1,31,0,47,72,218,108,218,62,220,62,220,209,221,179,218,215,218,177,219,3,255,2,103,3,6,4,2,0,128,0,3,0,0,0,0,0,0,191,95,92,49,131,28,39,0,64,0,0,0,0,202,36,84,49,198,85,165,0,3,8,5,0,128,188,141,157,223,157,223,157,223,157,223,0,223,180,223,185,223,190,223,157,223,157,223,130,141,216,0,165,26,140,252,141,211
2026-08-17_14-08-30,1,307,0,0.0,0,0.0,-1,-1,141,57,0,5,64,0,0,20,0,0,0,0,0,18,18,0,8,36,0,0,1,0,0,0,0,0,0,25,35,2,3,1,1,31,0,47,72,218,108,218,62,220,62,220,209,221,179,218,215,218,177,219,3,255,2,103,3,6,4,2,0,128,0,3,0,0,0,0,0,0,191,95,92,49,131,28,39,0,64,0,0,0,0,202,36,84,49,198,85,165,0,3,8,5,0,128,188,141,157,223,157,223,157,223,157,223,0,223,180,223,185,223,190,223,157,223,157,223,130,141,216,0,165,26,140,252,141,211,145,159,0,5,64,0,0,20,0,0,0,0,0,18,18,0,8,36,0,0,1,0,0,0,0,0,0,25,34,2,3,1,1,31,0,47,72,218,108,218,62,220,62,220,209,221,179,218,215,218,177,219,3,255,2,103,3,6,0,2,0,128,0,3,0,0,0,0,0,0,191,95,92,49,131,27,39,0,64,0,0,0,0,202,36,84,49,198,101,165,0,3,8,5,0,128,188,141,157,223,157,223,157,223,157,223,0,223,180,223,185,223,190,223,157,223,157,223,130,141,216,0,165,26,140,252,141,211
2026-08-17_14-08-30,1,308,0,0.0,0,0.0,-1,-1,145,159,0,5,64,0,0,20,0,0,0,0,0,18,18,0,8,36,0,0,1,0,0,0,0,0,0,25,34,2,3,1,1,31,0,47,72,218,108,218,62,220,62,220,209,221,179,218,215,218,177,219,3,255,2,103,3,6,0,2,0,128,0,3,0,0,0,0,0,0,191,95,92,49,131,27,39,0,64,0,0,0,0,202,36,84,49,198,101,165,0,3,8,5,0,128,188,141,157,223,157,223,157,223,157,223,0,223,180,223,185,223,190,223,157,223,157,223,130,141,216,0,165,26,140,252,141,211,149,246,0,5,64,0,0,20,0,0,0,0,0,18,18,0,8,36,0,0,1,0,0,0,0,0,0,25,33,2,3,1,1,31,0,47,72,218,108,218,62,220,62,220,209,221,179,218,215,218,177,219,3,255,2,103,0,6,2,1,0,128,0,3,0,0,0,0,0,0,191,95,92,49,131,26,39,0,64,0,0,0,0,202,36,84,49,198,117,165,0,3,8,5,0,128,188,141,157,223,157,223,157,223,157,223,0,223,180,223,185,223,190,223,157,223,157,223,130,141,216,0,165,26,140,252,141,211
2026-08-17_14-08-30,1,309,0,0.0,0,0.0,-1,-1,149,246,0,5,64,0,0,20,0,0,0,0,0,18,18,0,8,36,0,0,1,0,0,0,0,0,0,25,33,2,3,1,1,31,0,47,72,218,108,218,62,220,62,220,209,221,179,218,215,218,177,219,3,255,2,103,0,6,2,1,0,128,0,3,0,0,0,0,0,0,191,95,92,49,131,26,39,0,64,0,0,0,0,202,36,84,49,198,117,165,0,3,8,5,0,128,188,141,157,223,157,223,157,223,157,223,0,223,180,223,185,223,190,223,157,223,157,223,130,141,216,0,165,26,140,252,141,211,153,100,0,5,64,0,0,20,0,0,0,0,0,18,18,0,8,36,0,0,1,0,0,0,0,0,0,25,32,2,3,1,1,31,0,47,72,218,108,218,62,220,62,220,209,221,179,218,215,218,177,219,3,255,2,103,1,6,4,1,0,128,0,3,0,0,0,0,0,0,191,95,92,49,131,25,39,0,64,0,0,0,0,202,36,84,49,198,148,165,0,3,8,5,0,128,188,141,157,223,157,223,157,223,157,223,0,223,180,223,185,223,190,223,157,223,157,223,130,141,216,0,165,26,140,252,141,211
2026-08-17_14-08-30,1,310,0,0.0,0,0.0,-1,-1,153,100,0,5,64,0,0,20,0,0,0,0,0,18,18,0,8,36,0,0,1,0,0,0,0,0,0,25,32,2,3,1,1,31,0,47,72,218,108,218,62,220,62,220,209,221,179,218,215,218,177,219,3,255,2,103,1,6,4,1,0,128,0,3,0,0,0,0,0,0,191,95,92,49,131,25,39,0,64,0,0,0,0,202,36,84,49,198,148,165,0,3,8,5,0,128,188,141,157,223,157,223,157,223,157,223,0,223,180,223,185,223,190,223,157,223,157,223,130,141,216,0,165,26,140,252,141,211,157,68,0,5,64,0,0,20,0,0,0,0,0,18,18,0,8,36,0,0,1,0,0,0,0,0,0,25,25,2,3,1,1,31,0,47,72,218,108,218,62,220,62,220,209,221,179,218,215,218,177,219,3,255,2,103,1,6,0,1,0,128,0,3,0,0,0,0,0,0,191,95,92,49,131,24,39,0,64,0,0,0,0,202,36,84,49,198,164,165,0,3,8,5,0,128,188,141,157,223,157,223,157,223,157,223,0,223,180,223,185,223,190,223,157,223,157,223,130,141,216,0,165,26,140,252,141,211
2026-08-17_14-08-30,1,311,0,0.0,0,0.0,-1,-1,157,68,0,5,64,0,0,20,0,0,0,0,0,18,18,0,8,36,0,0,1,0,0,0,0,0,0,25,25,2,3,1,1,31,0,47,72,218,108,218,62,220,62,220,209,221,179,218,215,218,177,219,3,255,2,103,1,6,0,1,0,128,0,3,0,0,0,0,0,0,191,95,92,49,131,24,39,0,64,0,0,0,0,202,36,84,49,198,164,165,0,3,8,5,0,128,188,141,157,223,157,223,157,223,157,223,0,223,180,223,185,223,190,223,157,223,157,223,130,141,216,0,165,26,140,252,141,211,161,70,0,5,64,0,0,20,0,0,0,0,0,18,18,0,8,36,0,0,1,0,0,0,0,0,0,25,24,2,3,1,1,31,0,47,72,218,108,218,62,220,62,220,209,221,179,218,215,218,177,219,3,255,2,103,2,6,2,1,0,128,0,3,0,0,0,0,0,0,191,95,92,49,131,23,39,0,64,0,0,0,0,202,36,84,49,198,180,165,0,3,8,5,0,128,188,141,157,223,157,223,157,223,157,223,0,223,180,223,185,223,190,223,157,223,157,223,130,141,216,0,165,26,140,252,141,211
2026-08-17_14-08-30,1,312,0,0.0,0,0.0,-1,-1,161,70,0,5,64,0,0,20,0,0,0,0,0,18,18,0,8,36,0,0,1,0,0,0,0,0,0,25,24,2,3,1,1,31,0,47,72,218,108,218,62,220,62,220,209,221,179,218,215,218,177,219,3,255,2,103,2,6,2,1,0,128,0,3,0,0,0,0,0,0,191,95,92,49,131,23,39,0,64,0,0,0,0,202,36,84,49,198,180,165,0,3,8,5,0,128,188,141,157,223,157,223,157,223,157,223,0,223,180,223,185,223,190,223,157,223,157,223,130,141,216,0,165,26,140,252,141,211,165,103,0,5,64,0,0,20,0,0,0,0,0,18,18,0,8,36,0,0,1,0,0,0,0,0,0,25,23,2,3,1,1,31,0,47,72,218,108,218,62,220,62,220,209,221,179,218,215,218,177,219,3,255,2,103,3,6,4,1,0,128,0,3,0,0,0,0,0,0,191,95,92,49,131,22,39,0,64,0,0,0,0,202,36,84,49,198,196,165,0,3,8,5,0,128,188,141,157,223,157,223,157,223,157,223,0,223,180,223,185,223,190,223,157,223,157,223,130,141,216,0,165,26,140,252,141,211
2026-08-17_14-08-30,1,313,0,0.0,0,0.0,-1,-1,165,103,0,5,64,0,0,20,0,0,0,0,0,18,18,0,8,36,0,0,1,0,0,0,0,0,0,25,23,2,3,1,1,31,0,47,72,218,108,218,62,220,62,220,209,221,179,218,215,218,177,219,3,255,2,103,3,6,4,1,0,128,0,3,0,0,0,0,0,0,191,95,92,49,131,22,39,0,64,0,0,0,0,202,36,84,49,198,196,165,0,3,8,5,0,128,188,141,157,223,157,223,157,223,157,223,0,223,180,223,185,223,190,223,157,223,157,223,130,141,216,0,165,26,140,252,141,211,169,117,0,5,64,0,0,20,0,0,0,0,0,18,18,0,8,36,0,0,1,0,0,0,0,0,0,25,22,2,3,1,1,31,0,47,72,218,108,218,62,220,62,220,209,221,179,218,215,218,177,219,3,255,2,103,3,6,0,1,0,128,0,3,0,0,0,0,0,0,191,95,92,49,131,21,39,0,64,0,0,0,0,202,36,84,49,198,212,165,0,3,8,5,0,128,188,141,157,223,157,223,157,223,157,223,0,223,180,223,185,223,190,223,157,223,157,223,130,141,216,0,165,26,140,252,141,211
2026-08-17_14-08-30,1,314,0,0.0,0,0.0,-1,-1,169,117,0,5,64,0,0,20,0,0,0,0,0,18,18,0,8,36,0,0,1,0,0,0,0,0,0,25,22,2,3,1,1,31,0,47,72,218,108,218,62,220,62,220,209,221,179,218,215,218,177,219,3,255,2,103,3,6,0,1,0,128,0,3,0,0,0,0,0,0,191,95,92,49,131,21,39,0,64,0,0,0,0,202,36,84,49,198,212,165,0,3,8,5,0,128,188,141,157,223,157,223,157,223,157,223,0,223,180,223,185,223,190,223,157,223,157,223,130,141,216,0,165,26,140,252,141,211,173,93,0,5,64,0,0,20,0,0,0,0,0,18,18,0,8,36,0,0,1,0,0,0,0,0,0,25,21,2,3,1,1,31,0,47,72,218,108,218,62,220,62,220,209,221,179,218,215,218,177,219,3,255,2,103,0,6,2,0,0,128,0,3,0,0,0,0,0,0,191,95,92,49,131,20,39,0,64,0,0,0,0,202,36,84,49,198,228,165,0,3,8,5,0,128,188,141,157,223,157,223,157,223,157,223,0,223,180,223,185,223,190,223,157,223,157,223,130,141,216,0,165,26,140,252,141,211
2026-08-17_14-08-30,1,315,0,0.0,0,0.0,-1,-1,173,93,0,5,64,0,0,20,0,0,0,0,0,18,18,0,8,36,0,0,1,0,0,0,0,0,0,25,21,2,3,1,1,31,0,47,72,218,108,218,62,220,62,220,209,221,179,218,215,218,177,219,3,255,2,103,0,6,2,0,0,128,0,3,0,0,0,0,0,0,191,95,92,49,131,20,39,0,64,0,0,0,0,202,36,84,49,198,228,165,0,3,8,5,0,128,188,141,157,223,157,223,157,223,157,223,0,223,180,223,185,223,190,223,157,223,157,223,130,141,216,0,165,26,140,252,141,211,177,219,0,5,64,0,0,20,0,0,0,0,0,18,18,0,8,36,0,0,1,0,0,0,0,0,0,25,20,2,3,1,1,31,0,47,72,218,108,218,62,220,62,220,209,221,179,218,215,218,177,219,3,255,2,103,1,6,4,0,0,128,0,3,0,0,0,0,0,0,191,95,92,49,131,19,39,0,64,0,0,0,0,202,36,84,49,198,244,165,0,3,8,5,0,128,188,141,157,223,157,223,157,223,157,223,0,223,180,223,185,223,190,223,157,223,157,223,130,141,216,0,165,26,140,252,141,211
2026-08-17_14-08-30,1,316,0,0.0,0,0.0,-1,-1,177,219,0,5,64,0,0,20,0,0,0,0,0,18,18,0,8,36,0,0,1,0,0,0,0,0,0,25,20,2,3,1,1,31,0,47,72,218,108,218,62,220,62,220,209,221,179,218,215,218,177,219,3,255,2,103,1,6,4,0,0,128,0,3,0,0,0,0,0,0,191,95,92,49,131,19,39,0,64,0,0,0,0,202,36,84,49,198,244,165,0,3,8,5,0,128,188,141,157,223,157,223,157,223,157,223,0,223,180,223,185,223,190,223,157,223,157,223,130,141,216,0,165,26,140,252,141,211,181,176,0,5,64,0,0,20,0,0,0,0,0,18,18,0,8,36,0,0,1,0,0,0,0,0,0,25,19,2,3,1,1,31,0,47,72,218,108,218,62,220,62,220,209,221,179,218,215,218,177,219,3,255,2,103,1,6,0,0,0,128,0,3,0,0,0,0,0,0,191,95,92,49,131,18,39,0,64,0,0,0,0,202,36,84,49,198,4,165,0,3,8,5,0,128,188,141,157,223,157,223,157,223,157,223,0,223,180,223,185,223,190,223,157,223,157,223,130,141,216,0,165,26,140,252,141,211
2026-08-17_14-08-30,1,317,0,0.0,0,0.0,-1,-1,181,176,0,5,64,0,0,20,0,0,0,0,0,18,18,0,8,36,0,0,1,0,0,0,0,0,0,25,19,2,3,1,1,31,0,47,72,218,108,218,62,220,62,220,209,221,179,218,215,218,177,219,3,255,2,103,1,6,0,0,0,128,0,3,0,0,0,0,0,0,191,95,92,49,131,18,39,0,64,0,0,0,0,202,36,84,49,198,4,165,0,3,8,5,0,128,188,141,157,223,157,223,157,223,157,223,0,223,180,223,185,223,190,223,157,223,157,223,130,141,216,0,165,26,140,252,141,211,185,3,0,5,64,0,0,20,0,0,0,0,0,18,18,0,8,36,0,0,1,0,0,0,0,0,0,25,18,2,3,1,1,31,0,47,72,218,108,218,62,220,62,220,209,221,179,218,215,218,177,219,3,255,2,103,2,6,2,0,0,128,0,3,0,0,0,0,0,0,191,95,92,49,131,17,39,0,64,0,0,0,0,202,36,84,49,198,20,165,0,3,8,5,0,128,188,141,157,223,157,223,157,223,157,223,0,223,180,223,185,223,190,223,157,223,157,223,130,141,216,0,165,26,140,252,141,211
2026-08-17_14-08-30,1,318,0,0.0,0,0.0,-1,-1,185,3,0,5,64,0,0,20,0,0,0,0,0,18,18,0,8,36,0,0,1,0,0,0,0,0,0,25,18,2,3,1,1,31,0,47,72,218,108,218,62,220,62,220,209,221,179,218,215,218,177,219,3,255,2,103,2,6,2,0,0,128,0,3,0,0,0,0,0,0,191,95,92,49,131,17,39,0,64,0,0,0,0,202,36,84,49,198,20,165,0,3,8,5,0,128,188,141,157,223,157,223,157,223,157,223,0,223,180,223,185,223,190,223,157,223,157,223,130,141,216,0,165,26,140,252,141,211,189,49,0,5,64,0,0,20,0,0,0,0,0,18,18,0,8,36,0,0,1,0,0,0,0,0,0,25,17,2,3,1,1,31,0,47,72,218,108,218,62,220,62,220,209,221,179,218,215,218,177,219,3,255,2,103,3,6,4,0,0,128,0,3,0,0,0,0,0,0,191,95,92,49,131,16,39,0,64,0,0,0,0,202,36,84,49,198,36,165,0,3,8,5,0,128,188,141,157,223,157,223,157,223,157,223,0,223,180,223,185,223,190,223,157,223,157,223,130,141,216,0,165,26,140,252,141,211
2026-08-17_14-08-30,1,319,0,0.0,0,0.0,-1,-1,189,49,0,5,64,0,0,20,0,0,0,0,0,18,18,0,8,36,0,0,1,0,0,0,0,0,0,25,17,2,3,1,1,31,0,47,72,218,108,218,62,220,62,220,209,221,179,218,215,218,177,219,3,255,2,103,3,6,4,0,0,128,0,3,0,0,0,0,0,0,191,95,92,49,131,16,39,0,64,0,0,0,0,202,36,84,49,198,36,165,0,3,8,5,0,128,188,141,157,223,157,223,157,223,157,223,0,223,180,223,185,223,190,223,157,223,157,223,130,141,216,0,165,26,140,252,141,211,193,27,0,5,64,0,0,20,0,0,0,0,0,18,18,0,8,36,0,0,1,0,0,0,0,0,0,25,16,2,3,1,1,31,0,47,72,218,108,218,62,220,62,220,209,221,179,218,215,218,177,219,3,255,2,103,3,6,0,0,0,128,0,3,0,0,0,0,0,0,191,95,92,49,131,15,39,0,64,0,0,0,0,202,36,84,49,198,52,165,0,3,8,5,0,128,188,141,157,223,157,223,157,223,157,223,0,223,180,223,185,223,190,223,157,223,157,223,130,141,216,0,165,26,140,252,141,211
2026-08-17_14-08-30,1,320,0,0.0,0,0.0,-1,-1,193,27,0,5,64,0,0,20,0,0,0,0,0,18,18,0,8,36,0,0,1,0,0,0,0,0,0,25,16,2,3,1,1,31,0,47,72,218,108,218,62,220,62,220,209,221,179,218,215,218,177,219,3,255,2,103,3,6,0,0,0,128,0,3,0,0,0,0,0,0,191,95,92,49,131,15,39,0,64,0,0,0,0,202,36,84,49,198,52,165,0,3,8,5,0,128,188,141,157,223,157,223,157,223,157,223,0,223,180,223,185,223,190,223,157,223,157,223,130,141,216,0,165,26,140,252,141,211,197,188,0,5,64,0,0,20,0,0,0,0,0,18,18,0,8,36,0,0,1,0,0,0,0,0,0,25,9,2,3,1,1,31,0,47,72,218,108,218,62,220,62,220,209,221,179,218,215,218,177,219,3,255,2,103,4,6,2,255,0,128,0,3,0,0,0,0,0,0,191,95,92,49,131,14,39,0,64,0,0,0,0,202,36,84,49,198,68,165,0,3,8,5,0,128,188,141,157,223,157,223,157,223,157,223,0,223,180,223,185,223,190,223,157,223,157,223,130,141,216,0,165,26,140,252,141,211
2026-08-17_14-08-30,1,321,0,0.0,0,0.0,-1,-1,197,188,0,5,64,0,0,20,0,0,0,0,0,18,18,0,8,36,0,0,1,0,0,0,0,0,0,25,9,2,3,1,1,31,0,47,72,218,108,218,62,220,62,220,209,221,179,218,215,218,177,219,3,255,2,103,4,6,2,255,0,128,0,3,0,0,0,0,0,0,191,95,92,49,131,14,39,0,64,0,0,0,0,202,36,84,49,198,68,165,0,3,8,5,0,128,188,141,157,223,157,223,157,223,157,223,0,223,180,223,185,223,190,223,157,223,157,223,130,141,216,0,165,26,140,252,141,211,201,197,0,5,64,0,0,20,0,0,0,0,0,18,18,0,8,36,0,0,1,0,0,0,0,0,0,25,8,2,3,1,1,31,0,47,72,218,108,218,62,220,62,220,209,221,179,218,215,218,177,219,3,255,2,103,5,6,4,254,0,128,0,3,0,0,0,0,0,0,191,95,92,49,131,13,39,0,64,0,0,0,0,202,36,84,49,198,84,165,0,3,8,5,0,128,188,141,157,223,157,223,157,223,157,223,0,223,180,223,185,223,190,223,157,223,157,223,130,141,216,0,165,26,140,252,141,211
2026-08-17_14-08-30,1,322,0,0.0,0,0.0,-1,-1,201,197,0,5,64,0,0,20,0,0,0,0,0,18,18,0,8,36,0,0,1,0,0,0,0,0,0,25,8,2,3,1,1,31,0,47,72,218,108,218,62,220,62,220,209,221,179,218,215,218,177,219,3,255,2,103,5,6,4,254,0,128,0,3,0,0,0,0,0,0,191,95,92,49,131,13,39,0,64,0,0,0,0,202,36,84,49,198,84,165,0,3,8,5,0,128,188,141,157,223,157,223,157,223,157,223,0,223,180,223,185,223,190,223,157,223,157,223,130,141,216,0,165,26,140,252,141,211,205,94,0,5,64,0,0,20,0,0,0,0,0,18,18,0,8,36,0,0,1,0,0,0,0,0,0,25,7,2,3,1,1,31,0,47,72,218,108,218,62,220,62,220,209,221,179,218,215,218,177,219,3,255,2,103,5,6,0,254,0,128,0,3,0,0,0,0,0,0,191,95,92,49,131,12,39,0,64,0,0,0,0,202,36,84,49,198,100,165,0,3,8,5,0,128,188,141,157,223,157,223,157,223,157,223,0,223,180,223,185,223,190,223,157,223,157,223,130,141,216,0,165,26,140,252,141,211
2026-08-17_14-08-30,1,323,0,0.0,0,0.0,-1,-1,205,94,0,5,64,0,0,20,0,0,0,0,0,18,18,0,8,36,0,0,1,0,0,0,0,0,0,25,7,2,3,1,1,31,0,47,72,218,108,218,62,220,62,220,209,221,179,218,215,218,177,219,3,255,2,103,5,6,0,254,0,128,0,3,0,0,0,0,0,0,191,95,92,49,131,12,39,0,64,0,0,0,0,202,36,84,49,198,100,165,0,3,8,5,0,128,188,141,157,223,157,223,157,223,157,223,0,223,180,223,185,223,190,223,157,223,157,223,130,141,216,0,165,26,140,252,141,211,209,234,0,5,64,0,0,20,0,0,0,0,0,18,18,0,8,36,0,0,1,0,0,0,0,0,0,25,6,2,3,1,1,31,0,47,72,218,108,218,62,220,62,220,209,221,179,218,215,218,177,219,3,255,2,103,6,6,2,253,0,128,0,3,0,0,0,0,0,0,191,95,92,49,131,11,39,0,64,0,0,0,0,202,36,84,49,198,116,165,0,3,8,5,0,128,188,141,157,223,157,223,157,223,157,223,0,223,180,223,185,223,190,223,157,223,157,223,130,141,216,0,165,26,140,252,141,211
2026-08-17_14-08-30,1,324,0,0.0,0,0.0,-1,-1,209,234,0,5,64,0,0,20,0,0,0,0,0,18,18,0,8,36,0,0,1,0,0,0,0,0,0,25,6,2,3,1,1,31,0,47,72,218,108,218,62,220,62,220,209,221,179,218,215,218,177,219,3,255,2,103,6,6,2,253,0,128,0,3,0,0,0,0,0,0,191,95,92,49,131,11,39,0,64,0,0,0,0,202,36,84,49,198,116,165,0,3,8,5,0,128,188,141,157,223,157,223,157,223,157,223,0,223,180,223,185,223,190,223,157,223,157,223,130,141,216,0,165,26,140,252,141,211,213,171,0,5,64,0,0,20,0,0,0,0,0,18,18,0,8,36,0,0,1,0,0,0,0,0,0,25,5,2,3,1,1,31,0,47,72,218,108,218,62,220,62,220,209,221,179,218,215,218,177,219,3,255,2,103,7,6,4,252,0,128,0,3,0,0,0,0,0,0,191,95,92,49,131,10,39,0,64,0,0,0,0,202,36,84,49,198,147,165,0,3,8,5,0,128,188,141,157,223,157,223,157,223,157,223,0,223,180,223,185,223,190,223,157,223,157,223,130,141,216,0,165,26,140,252,141,211
2026-08-17_14-08-30,1,325,0,0.0,0,0.0,-1,-1,213,171,0,5,64,0,0,20,0,0,0,0,0,18,18,0,8,36,0,0,1,0,0,0,0,0,0,25,5,2,3,1,1,31,0,47,72,218,108,218,62,220,62,220,209,221,179,218,215,218,177,219,3,255,2,103,7,6,4,252,0,128,0,3,0,0,0,0,0,0,191,95,92,49,131,10,39,0,64,0,0,0,0,202,36,84,49,198,147,165,0,3,8,5,0,128,188,141,157,223,157,223,157,223,157,223,0,223,180,223,185,223,190,223,157,223,157,223,130,141,216,0,165,26,140,252,141,211,217,191,0,5,64,0,0,20,0,0,0,0,0,18,18,0,8,36,0,0,1,0,0,0,0,0,0,25,4,2,3,1,1,31,0,47,72,218,108,218,62,220,62,220,209,221,179,218,215,218,177,219,3,255,2,103,7,6,0,252,0,128,0,3,0,0,0,0,0,0,191,95,92,49,131,9,39,0,64,0,0,0,0,202,36,84,49,198,163,165,0,3,8,5,0,128,188,141,157,223,157,223,157,223,157,223,0,223,180,223,185,223,190,223,157,223,157,223,130,141,216,0,165,26,140,252,141,211
2026-08-17_14-08-30,1,326,0,0.0,0,0.0,-1,-1,217,191,0,5,64,0,0,20,0,0,0,0,0,18,18,0,8,36,0,0,1,0,0,0,0,0,0,25,4,2,3,1,1,31,0,47,72,218,108,218,62,220,62,220,209,221,179,218,215,218,177,219,3,255,2,103,7,6,0,252,0,128,0,3,0,0,0,0,0,0,191,95,92,49,131,9,39,0,64,0,0,0,0,202,36,84,49,198,163,165,0,3,8,5,0,128,188,141,157,223,157,223,157,223,157,223,0,223,180,223,185,223,190,223,157,223,157,223,130,141,216,0,165,26,140,252,141,211,221,244,0,5,64,0,0,20,0,0,0,0,0,18,18,0,8,36,0,0,1,0,0,0,0,0,0,25,3,2,3,1,1,31,0,47,72,218,108,218,62,220,62,220,209,221,179,218,215,218,177,219,3,255,2,103,0,5,2,2,0,128,0,3,0,0,0,0,0,0,191,95,92,49,131,8,39,0,64,0,0,0,0,202,36,84,49,198,179,165,0,3,8,5,0,128,188,141,157,223,157,223,157,223,157,223,0,223,180,223,185,223,190,223,157,223,157,223,130,141,216,0,165,26,140,252,141,211
2026-08-17_14-08-30,1,327,0,0.0,0,0.0,-1,-1,221,244,0,5,64,0,0,20,0,0,0,0,0,18,18,0,8,36,0,0,1,0,0,0,0,0,0,25,3,2,3,1,1,31,0,47,72,218,108,218,62,220,62,220,209,221,179,218,215,218,177,219,3,255,2,103,0,5,2,2,0,128,0,3,0,0,0,0,0,0,191,95,92,49,131,8,39,0,64,0,0,0,0,202,36,84,49,198,179,165,0,3,8,5,0,128,188,141,157,223,157,223,157,223,157,223,0,223,180,223,185,223,190,223,157,223,157,223,130,141,216,0,165,26,140,252,141,211,225,69,0,5,64,0,0,20,0,0,0,0,0,18,18,0,8,36,0,0,1,0,0,0,0,0,0,25,2,2,3,1,1,31,0,47,72,218,108,218,62,220,62,220,209,221,179,218,215,218,177,219,3,255,2,103,1,5,4,2,0,128,0,3,0,0,0,0,0,0,191,95,92,49,131,7,39,0,64,0,0,0,0,202,36,84,49,198,195,165,0,3,8,5,0,128,188,141,157,223,157,223,157,223,157,223,0,223,180,223,185,223,190,223,157,223,157,223,130,141,216,0,165,26,140,252,141,211
2026-08-17_14-08-30,1,328,0,0.0,0,0.0,-1,-1,225,69,0,5,64,0,0,20,0,0,0,0,0,18,18,0,8,36,0,0,1,0,0,0,0,0,0,25,2,2,3,1,1,31,0,47,72,218,108,218,62,220,62,220,209,221,179,218,215,218,177,219,3,255,2,103,1,5,4,2,0,128,0,3,0,0,0,0,0,0,191,95,92,49,131,7,39,0,64,0,0,0,0,202,36,84,49,198,195,165,0,3,8,5,0,128,188,141,157,223,157,223,157,223,157,223,0,223,180,223,185,223,190,223,157,223,157,223,130,141,216,0,165,26,140,252,141,211,229,86,0,5,64,0,0,20,0,0,0,0,0,18,18,0,8,36,0,0,1,0,0,0,0,0,0,25,1,2,3,1,1,31,0,47,72,218,108,218,62,220,62,220,209,221,179,218,215,218,177,219,3,255,2,103,1,5,0,2,0,128,0,3,0,0,0,0,0,0,191,95,92,49,131,6,39,0,64,0,0,0,0,202,36,84,49,198,211,165,0,3,8,5,0,128,188,141,157,223,157,223,157,223,157,223,0,223,180,223,185,223,190,223,157,223,157,223,130,141,216,0,165,26,140,252,141,211
2026-08-17_14-08-30,1,329,0,0.0,0,0.0,-1,-1,229,86,0,5,64,0,0,20,0,0,0,0,0,18,18,0,8,36,0,0,1,0,0,0,0,0,0,25,1,2,3,1,1,31,0,47,72,218,108,218,62,220,62,220,209,221,179,218,215,218,177,219,3,255,2,103,1,5,0,2,0,128,0,3,0,0,0,0,0,0,191,95,92,49,131,6,39,0,64,0,0,0,0,202,36,84,49,198,211,165,0,3,8,5,0,128,188,141,157,223,157,223,157,223,157,223,0,223,180,223,185,223,190,223,157,223,157,223,130,141,216,0,165,26,140,252,141,211,233,110,0,5,64,0,0,20,0,0,0,0,0,18,18,0,8,36,0,0,1,0,0,0,0,0,0,25,0,2,3,1,1,31,0,47,72,218,108,218,62,220,62,220,209,221,179,218,215,218,177,219,3,255,2,103,2,5,2,2,0,128,0,3,0,0,0,0,0,0,191,95,92,49,131,5,39,0,64,0,0,0,0,202,36,84,49,198,227,165,0,3,8,5,0,128,188,141,157,223,157,223,157,223,157,223,0,223,180,223,185,223,190,223,157,223,157,223,130,141,216,0,165,26,140,252,141,211
2026-08-17_14-08-30,1,330,0,0.0,0,0.0,-1,-1,233,110,0,5,64,0,0,20,0,0,0,0,0,18,18,0,8,36,0,0,1,0,0,0,0,0,0,25,0,2,3,1,1,31,0,47,72,218,108,218,62,220,62,220,209,221,179,218,215,218,177,219,3,255,2,103,2,5,2,2,0,128,0,3,0,0,0,0,0,0,191,95,92,49,131,5,39,0,64,0,0,0,0,202,36,84,49,198,227,165,0,3,8,5,0,128,188,141,157,223,157,223,157,223,157,223,0,223,180,223,185,223,190,223,157,223,157,223,130,141,216,0,165,26,140,252,141,211,237,225,0,5,64,0,0,20,0,0,0,0,0,18,18,0,8,36,0,0,1,0,0,0,0,0,0,24,153,2,3,1,1,31,0,47,72,218,108,218,62,220,62,220,209,221,179,218,215,218,177,219,3,255,2,103,3,5,4,2,0,128,0,3,0,0,0,0,0,0,191,95,92,49,131,4,39,0,64,0,0,0,0,202,36,84,49,198,243,165,0,3,8,5,0,128,188,141,157,223,157,223,157,223,157,223,0,223,180,223,185,223,190,223,157,223,157,223,130,141,216,0,165,26,140,252,141,211
2026-08-17_14-08-30,1,331,0,0.0,0,0.0,-1,-1,237,225,0,5,64,0,0,20,0,0,0,0,0,18,18,0,8,36,0,0,1,0,0,0,0,0,0,24,153,2,3,1,1,31,0,47,72,218,108,218,62,220,62,220,209,221,179,218,215,218,177,219,3,255,2,103,3,5,4,2,0,128,0,3,0,0,0,0,0,0,191,95,92,49,131,4,39,0,64,0,0,0,0,202,36,84,49,198,243,165,0,3,8,5,0,128,188,141,157,223,157,223,157,223,157,223,0,223,180,223,185,223,190,223,157,223,157,223,130,141,216,0,165,26,140,252,141,211,241,30,0,5,64,0,0,20,0,0,0,0,0,18,18,0,8,36,0,0,1,0,0,0,0,0,0,24,152,2,3,1,1,31,0,47,72,218,108,218,62,220,62,220,209,221,179,218,215,218,177,219,3,255,2,103,3,5,0,2,0,128,0,3,0,0,0,0,0,0,191,95,92,49,131,3,39,0,64,0,0,0,0,202,36,84,49,198,3,165,0,3,8,5,0,128,188,141,157,223,157,223,157,223,157,223,0,223,180,223,185,223,190,223,157,223,157,223,130,141,216,0,165,26,140,252,141,211
2026-08-17_14-08-30,1,332,0,0.0,0,0.0,-1,-1,241,30,0,5,64,0,0,20,0,0,0,0,0,18,18,0,8,36,0,0,1,0,0,0,0,0,0,24,152,2,3,1,1,31,0,47,72,218,108,218,62,220,62,220,209,221,179,218,215,218,177,219,3,255,2,103,3,5,0,2,0,128,0,3,0,0,0,0,0,0,191,95,92,49,131,3,39,0,64,0,0,0,0,202,36,84,49,198,3,165,0,3,8,5,0,128,188,141,157,223,157,223,157,223,157,223,0,223,180,223,185,223,190,223,157,223,157,223,130,141,216,0,165,26,140,252,141,211,245,238,0,5,64,0,0,20,0,0,0,0,0,18,18,0,8,36,0,0,1,0,0,0,0,0,0,24,151,2,3,1,1,31,0,47,72,218,108,218,62,220,62,220,209,221,179,218,215,218,177,219,3,255,2,103,0,5,2,1,0,128,0,3,0,0,0,0,0,0,191,95,92,49,131,2,39,0,64,0,0,0,0,202,36,84,49,198,19,165,0,3,8,5,0,128,188,141,157,223,157,223,157,223,157,223,0,223,180,223,185,223,190,223,157,223,157,223,130,141,216,0,165,26,140,252,141,211
2026-08-17_14-08-30,1,333,0,0.0,0,0.0,-1,-1,245,238,0,5,64,0,0,20,0,0,0,0,0,18,18,0,8,36,0,0,1,0,0,0,0,0,0,24,151,2,3,1,1,31,0,47,72,218,108,218,62,220,62,220,209,221,179,218,215,218,177,219,3,255,2,103,0,5,2,1,0,128,0,3,0,0,0,0,0,0,191,95,92,49,131,2,39,0,64,0,0,0,0,202,36,84,49,198,19,165,0,3,8,5,0,128,188,141,157,223,157,223,157,223,157,223,0,223,180,223,185,223,190,223,157,223,157,223,130,141,216,0,165,26,140,252,141,211,249,233,0,5,64,0,0,20,0,0,0,0,0,18,18,0,8,36,0,0,1,0,0,0,0,0,0,24,150,2,3,1,1,31,0,47,72,218,108,218,62,220,62,220,209,221,179,218,215,218,177,219,3,255,2,103,1,5,4,1,0,128,0,3,0,0,0,0,0,0,191,95,92,49,131,1,39,0,64,0,0,0,0,202,36,84,49,198,35,165,0,3,8,5,0,128,188,141,157,223,157,223,157,223,157,223,0,223,180,223,185,223,190,223,157,223,157,223,130,141,216,0,165,26,140,252,141,211
2026-08-17_14-08-30,1,334,0,0.0,0,0.0,-1,-1,249,233,0,5,64,0,0,20,0,0,0,0,0,18,18,0,8,36,0,0,1,0,0,0,0,0,0,24,150,2,3,1,1,31,0,47,72,218,108,218,62,220,62,220,209,221,179,218,215,218,177,219,3,255,2,103,1,5,4,1,0,128,0,3,0,0,0,0,0,0,191,95,92,49,131,1,39,0,64,0,0,0,0,202,36,84,49,198,35,165,0,3,8,5,0,128,188,141,157,223,157,223,157,223,157,223,0,223,180,223,185,223,190,223,157,223,157,223,130,141,216,0,165,26,140,252,141,211,253,154,0,5,64,0,0,20,0,0,0,0,0,18,18,0,8,36,0,0,1,0,0,0,0,0,0,24,149,2,3,1,1,31,1,47,72,218,108,218,62,220,62,220,209,221,179,218,215,218,177,219,3,255,2,103,27,5,255,1,0,128,38,3,9,0,0,0,0,0,191,95,92,49,131,0,39,0,64,0,0,0,0,202,36,84,49,198,51,165,0,3,8,5,0,128,188,141,157,223,157,223,157,223,157,223,0,223,180,223,185,223,190,223,157,223,157,223,130,141,216,0,165,26,140,252,141,211
2026-08-17_14-08-30,1,335,0,0.0,0,0.0,-1,-1,253,154,0,5,64,0,0,20,0,0,0,0,0,18,18,0,8,36,0,0,1,0,0,0,0,0,0,24,149,2,3,1,1,31,1,47,72,218,108,218,62,220,62,220,209,221,179,218,215,218,177,219,3,255,2,103,27,5,255,1,0,128,38,3,9,0,0,0,0,0,191,95,92,49,131,0,39,0,64,0,0,0,0,202,36,84,49,198,51,165,0,3,8,5,0,128,188,141,157,223,157,223,157,223,157,223,0,223,180,223,185,223,190,223,157,223,157,223,130,141,216,0,165,26,140,252,141,211,1,164,0,6,64,0,0,20,0,0,0,0,0,18,18,0,8,36,0,0,1,0,0,0,0,0,0,24,149,2,3,1,1,31,1,47,72,218,108,218,62,220,62,220,209,221,179,218,215,218,177,219,3,255,2,103,27,5,255,1,0,128,34,3,9,0,0,0,0,0,191,95,92,49,131,0,39,0,64,0,0,0,0,202,36,84,49,198,51,165,0,3,8,5,0,128,188,141,157,223,157,223,157,223,157,223,0,223,180,223,185,223,190,223,157,223,157,223,130,141,216,0,165,26,140,252,141,211
2026-08-17_14-08-30,1,336,0,0.0,0,0.0,-1,-1,1,164,0,6,64,0,0,20,0,0,0,0,0,18,18,0,8,36,0,0,1,0,0,0,0,0,0,24,149,2,3,1,1,31,1,47,72,218,108,218,62,220,62,220,209,221,179,218,215,218,177,219,3,255,2,103,27,5,255,1,0,128,34,3,9,0,0,0,0,0,191,95,92,49,131,0,39,0,64,0,0,0,0,202,36,84,49,198,51,165,0,3,8,5,0,128,188,141,157,223,157,223,157,223,157,223,0,223,180,223,185,223,190,223,157,223,157,223,130,141,216,0,165,26,140,252,141,211,5,72,0,6,64,0,0,20,0,0,0,0,0,18,18,0,8,36,0,0,1,0,0,0,0,0,0,24,149,2,3,1,1,31,1,47,72,218,108,218,62,220,62,220,209,221,179,218,215,218,177,219,3,255,2,103,27,5,255,1,0,128,30,3,9,0,0,0,0,0,191,95,92,49,131,0,39,0,64,0,0,0,0,202,36,84,49,198,51,165,0,3,8,5,0,128,188,141,157,223,157,223,157,223,157,223,0,223,180,223,185,223,190,223,157,223,157,223,130,141,216,0,165,26,140,252,141,211
2026-08-17_14-08-30,1,337,0,0.0,0,0.0,-1,-1,5,72,0,6,64,0,0,20,0,0,0,0,0,18,18,0,8,36,0,0,1,0,0,0,0,0,0,24,149,2,3,1,1,31,1,47,72,218,108,218,62,220,62,220,209,221,179,218,215,218,177,219,3,255,2,103,27,5,255,1,0,128,30,3,9,0,0,0,0,0,191,95,92,49,131,0,39,0,64,0,0,0,0,202,36,84,49,198,51,165,0,3,8,5,0,128,188,141,157,223,157,223,157,223,157,223,0,223,180,223,185,223,190,223,157,223,157,223,130,141,216,0,165,26,140,252,141,211,9,128,0,6,64,0,0,20,0,0,0,0,0,18,18,0,8,36,0,0,1,0,0,0,0,0,0,24,149,2,3,1,1,31,1,47,72,218,108,218,62,220,62,220,209,221,179,218,215,218,177,219,3,255,2,103,27,5,255,1,0,128,26,3,9,0,0,0,0,0,191,95,92,49,131,0,39,0,64,0,0,0,0,202,36,84,49,198,51,165,0,3,8,5,0,128,188,141,157,223,157,223,157,223,157,223,0,223,180,223,185,223,190,223,157,223,157,223,130,141,216,0,165,26,140,252,141,211
2026-08-17_14-08-30,1,338,0,0.0,0,0.0,-1,-1,9,128,0,6,64,0,0,20,0,0,0,0,0,18,18,0,8,36,0,0,1,0,0,0,0,0,0,24,149,2,3,1,1,31,1,47,72,218,108,218,62,220,62,220,209,221,179,218,215,218,177,219,3,255,2,103,27,5,255,1,0,128,26,3,9,0,0,0,0,0,191,95,92,49,131,0,39,0,64,0,0,0,0,202,36,84,49,198,51,165,0,3,8,5,0,128,188,141,157,223,157,223,157,223,157,223,0,223,180,223,185,223,190,223,157,223,157,223,130,141,216,0,165,26,140,252,141,211,13,8,0,6,64,0,0,20,0,0,0,0,0,18,18,0,8,36,0,0,1,0,0,0,0,0,0,24,149,2,3,1,1,31,1,47,72,218,108,218,62,220,62,220,209,221,179,218,215,218,177,219,3,255,2,103,27,5,255,1,0,128,22,3,9,0,0,0,0,0,191,95,92,49,131,0,39,0,64,0,0,0,0,202,36,84,49,198,51,165,0,3,8,5,0,128,188,141,157,223,157,223,157,223,157,223,0,223,180,223,185,223,190,223,157,223,157,223,130,141,216,0,165,26,140,252,141,211
2026-08-17_14-08-30,1,339,0,0.0,0,0.0,-1,-1,13,8,0,6,64,0,0,20,0,0,0,0,0,18,18,0,8,36,0,0,1,0,0,0,0,0,0,24,149,2,3,1,1,31,1,47,72,218,108,218,62,220,62,220,209,221,179,218,215,218,177,219,3,255,2,103,27,5,255,1,0,128,22,3,9,0,0,0,0,0,191,95,92,49,131,0,39,0,64,0,0,0,0,202,36,84,49,198,51,165,0,3,8,5,0,128,188,141,157,223,157,223,157,223,157,223,0,223,180,223,185,223,190,223,157,223,157,223,130,141,216,0,165,26,140,252,141,211,17,132,0,6,64,0,0,20,0,0,0,0,0,18,18,0,8,36,0,0,1,0,0,0,0,0,0,24,149,2,3,1,1,31,1,47,72,218,108,218,62,220,62,220,209,221,179,218,215,218,177,219,3,255,2,103,27,5,255,1,0,128,18,3,9,0,0,0,0,0,191,95,92,49,131,0,39,0,64,0,0,0,0,202,36,84,49,198,51,165,0,3,8,5,0,128,188,141,157,223,157,223,157,223,157,223,0,223,180,223,185,223,190,223,157,223,157,223,130,141,216,0,165,26,140,252,141,211
2026-08-17_14-08-30,1,340,0,0.0,0,0.0,-1,-1,17,132,0,6,64,0,0,20,0,0,0,0,0,18,18,0,8,36,0,0,1,0,0,0,0,0,0,24,149,2,3,1,1,31,1,47,72,218,108,218,62,220,62,220,209,221,179,218,215,218,177,219,3,255,2,103,27,5,255,1,0,128,18,3,9,0,0,0,0,0,191,95,92,49,131,0,39,0,64,0,0,0,0,202,36,84,49,198,51,165,0,3,8,5,0,128,188,141,157,223,157,223,157,223,157,223,0,223,180,223,185,223,190,223,157,223,157,223,130,141,216,0,165,26,140,252,141,211,21,74,0,6,64,0,0,20,0,0,0,0,0,18,18,0,8,36,0,0,1,0,0,0,0,0,0,24,149,2,3,1,1,31,1,47,72,218,108,218,62,220,62,220,209,221,179,218,215,218,177,219,3,255,2,103,27,5,255,1,0,128,14,3,9,0,0,0,0,0,191,95,92,49,131,0,39,0,64,0,0,0,0,202,36,84,49,198,51,165,0,3,8,5,0,128,188,141,157,223,157,223,157,223,157,223,0,223,180,223,185,223,190,223,157,223,157,223,130,141,216,0,165,26,140,252,141,211
2026-08-17_14-08-30,1,341,0,0.0,0,0.0,-1,-1,21,74,0,6,64,0,0,20,0,0,0,0,0,18,18,0,8,36,0,0,1,0,0,0,0,0,0,24,149,2,3,1,1,31,1,47,72,218,108,218,62,220,62,220,209,221,179,218,215,218,177,219,3,255,2,103,27,5,255,1,0,128,14,3,9,0,0,0,0,0,191,95,92,49,131,0,39,0,64,0,0,0,0,202,36,84,49,198,51,165,0,3,8,5,0,128,188,141,157,223,157,223,157,223,157,223,0,223,180,223,185,223,190,223,157,223,157,223,130,141,216,0,165,26,140,252,141,211,25,161,0,6,64,0,0,20,0,0,0,0,0,18,18,0,8,36,0,0,1,0,0,0,0,0,0,24,149,2,3,1,1,31,1,47,72,218,108,218,62,220,62,220,209,221,179,218,215,218,177,219,3,255,2,103,27,5,255,1,0,128,10,3,9,0,0,0,0,0,191,95,92,49,131,0,39,0,64,0,0,0,0,202,36,84,49,198,51,165,0,3,8,5,0,128,188,141,157,223,157,223,157,223,157,223,0,223,180,223,185,223,190,223,157,223,157,223,130,141,216,0,165,26,140,252,141,211
2026-08-17_14-08-30,1,342,0,0.0,0,0.0,-1,-1,25,161,0,6,64,0,0,20,0,0,0,0,0,18,18,0,8,36,0,0,1,0,0,0,0,0,0,24,149,2,3,1,1,31,1,47,72,218,108,218,62,220,62,220,209,221,179,218,215,218,177,219,3,255,2,103,27,5,255,1,0,128,10,3,9,0,0,0,0,0,191,95,92,49,131,0,39,0,64,0,0,0,0,202,36,84,49,198,51,165,0,3,8,5,0,128,188,141,157,223,157,223,157,223,157,223,0,223,180,223,185,223,190,223,157,223,157,223,130,141,216,0,165,26,140,252,141,211,29,26,0,6,64,0,0,20,0,0,0,0,0,18,18,0,8,36,0,0,1,0,0,0,0,0,0,24,149,2,3,1,1,31,1,47,72,218,108,218,62,220,62,220,209,221,179,218,215,218,177,219,3,255,2,103,27,5,255,1,0,128,6,3,9,0,0,0,0,0,191,95,92,49,131,0,39,0,64,0,0,0,0,202,36,84,49,198,51,165,0,3,8,5,0,128,188,141,157,223,157,223,157,223,157,223,0,223,180,223,185,223,190,223,157,223,157,223,130,141,216,0,165,26,140,252,141,211
2026-08-17_14-08-30,1,343,0,0.0,0,0.0,-1,-1,29,26,0,6,64,0,0,20,0,0,0,0,0,18,18,0,8,36,0,0,1,0,0,0,0,0,0,24,149,2,3,1,1,31,1,47,72,218,108,218,62,220,62,220,209,221,179,218,215,218,177,219,3,255,2,103,27,5,255,1,0,128,6,3,9,0,0,0,0,0,191,95,92,49,131,0,39,0,64,0,0,0,0,202,36,84,49,198,51,165,0,3,8,5,0,128,188,141,157,223,157,223,157,223,157,223,0,223,180,223,185,223,190,223,157,223,157,223,130,141,216,0,165,26,140,252,141,211,33,172,0,6,64,0,0,20,0,0,0,0,0,18,18,0,8,36,0,0,1,0,0,0,0,0,0,24,149,2,3,1,1,31,1,47,72,218,108,218,62,220,62,220,209,221,179,218,215,218,177,219,3,255,2,103,27,5,255,1,0,128,2,3,9,0,0,0,0,0,191,95,92,49,131,0,39,0,64,0,0,0,0,202,36,84,49,198,51,165,0,3,8,5,0,128,188,141,157,223,157,223,157,223,157,223,0,223,180,223,185,223,190,223,157,223,157,223,130,141,216,0,165,26,140,252,141,211
2026-08-17_14-08-30,1,344,0,0.0,0,0.0,-1,-1,33,172,0,6,64,0,0,20,0,0,0,0,0,18,18,0,8,36,0,0,1,0,0,0,0,0,0,24,149,2,3,1,1,31,1,47,72,218,108,218,62,220,62,220,209,221,179,218,215,218,177,219,3,255,2,103,27,5,255,1,0,128,2,3,9,0,0,0,0,0,191,95,92,49,131,0,39,0,64,0,0,0,0,202,36,84,49,198,51,165,0,3,8,5,0,128,188,141,157,223,157,223,157,223,157,223,0,223,180,223,185,223,190,223,157,223,157,223,130,141,216,0,165,26,140,252,141,211,37,204,0,6,64,0,0,20,0,0,0,0,0,18,18,0,8,36,0,0,1,0,0,0,0,0,0,32,0,1,3,1,1,31,64,47,108,218,108,218,62,220,62,220,209,221,179,218,215,218,177,219,3,255,64,103,16,11,253,251,0,0,5,0,5,0,0,0,2,0,191,95,49,49,207,39,39,0,64,0,0,0,0,202,36,49,49,187,165,165,0,3,8,5,0,128,188,141,157,223,157,223,157,223,157,223,0,223,180,223,185,223,190,223,157,223,157,223,2,141,216,0,165,26,200,250,141,211
2026-08-17_14-08-30,1,345,0,0.0,0,0.0,-1,-1,37,204,0,6,64,0,0,20,0,0,0,0,0,18,18,0,8,36,0,0,1,0,0,0,0,0,0,32,0,1,3,1,1,31,64,47,108,218,108,218,62,220,62,220,209,221,179,218,215,218,177,219,3,255,64,103,16,11,253,251,0,0,5,0,5,0,0,0,2,0,191,95,49,49,207,39,39,0,64,0,0,0,0,202,36,49,49,187,165,165,0,3,8,5,0,128,188,141,157,223,157,223,157,223,157,223,0,223,180,223,185,223,190,223,157,223,157,223,2,141,216,0,165,26,200,250,141,211,41,202,0,6,64,0,0,20,0,0,0,0,0,18,18,0,8,36,0,0,1,0,0,0,0,0,0,32,0,1,3,1,1,31,64,47,144,218,108,218,62,220,62,220,209,221,179,218,215,218,177,219,3,255,64,103,16,11,249,251,0,0,1,0,5,0,0,0,2,0,191,95,49,49,203,39,39,0,64,0,0,0,0,202,36,49,49,251,165,165,0,3,8,8,0,128,188,141,157,223,157,223,157,223,157,223,0,223,180,223,185,223,190,223,157,223,157,223,2,141,216,0,165,26,200,250,141,211
2026-08-17_14-08-30,1,346,0,0.0,0,0.0,-1,-1,41,202,0,6,64,0,0,20,0,0,0,0,0,18,18,0,8,36,0,0,1,0,0,0,0,0,0,32,0,1,3,1,1,31,64,47,144,218,108,218,62,220,62,220,209,221,179,218,215,218,177,219,3,255,64,103,16,11,249,251,0,0,1,0,5,0,0,0,2,0,191,95,49,49,203,39,39,0,64,0,0,0,0,202,36,49,49,251,165,165,0,3,8,8,0,128,188,141,157,223,157,223,157,223,157,223,0,223,180,223,185,223,190,223,157,223,157,223,2,141,216,0,165,26,200,250,141,211,45,169,0,6,64,0,0,20,0,0,0,0,0,18,18,0,8,36,0,0,1,0,0,0,0,0,0,32,0,1,3,1,1,31,64,47,144,218,108,218,62,220,62,220,209,221,179,218,215,218,177,219,3,255,64,103,16,11,245,251,0,0,4,0,5,0,0,0,2,0,191,95,49,49,199,39,39,0,64,0,0,0,0,202,36,49,49,59,165,165,0,3,8,8,0,128,188,141,157,223,157,223,157,223,157,223,0,223,180,223,185,223,190,223,157,223,157,223,2,141,216,0,165,26,200,250,141,211
2026-08-17_14-08-30,1,347,0,0.0,0,0.0,-1,-1,45,169,0,6,64,0,0,20,0,0,0,0,0,18,18,0,8,36,0,0,1,0,0,0,0,0,0,32,0,1,3,1,1,31,64,47,144,218,108,218,62,220,62,220,209,221,179,218,215,218,177,219,3,255,64,103,16,11,245,251,0,0,4,0,5,0,0,0,2,0,191,95,49,49,199,39,39,0,64,0,0,0,0,202,36,49,49,59,165,165,0,3,8,8,0,128,188,141,157,223,157,223,157,223,157,223,0,223,180,223,185,223,190,223,157,223,157,223,2,141,216,0,165,26,200,250,141,211,49,158,0,6,64,0,0,20,0,0,0,0,0,18,18,0,8,36,0,0,1,0,0,0,0,0,0,32,0,1,3,1,1,31,64,47,108,218,108,218,62,220,62,220,209,221,179,218,215,218,177,219,3,255,64,103,16,11,241,251,0,0,0,0,0,0,0,0,2,0,191,95,49,49,195,39,39,0,64,0,0,0,0,202,36,49,49,123,165,165,0,3,8,7,0,128,188,141,157,223,157,223,157,223,157,223,0,223,180,223,185,223,190,223,157,223,157,223,2,141,216,0,165,26,200,250,141,211
2026-08-17_14-08-30,1,348,0,0.0,0,0.0,-1,-1,49,158,0,6,64,0,0,20,0,0,0,0,0,18,18,0,8,36,0,0,1,0,0,0,0,0,0,32,0,1,3,1,1,31,64,47,108,218,108,218,62,220,62,220,209,221,179,218,215,218,177,219,3,255,64,103,16,11,241,251,0,0,0,0,0,0,0,0,2,0,191,95,49,49,195,39,39,0,64,0,0,0,0,202,36,49,49,123,165,165,0,3,8,7,0,128,188,141,157,223,157,223,157,223,157,223,0,223,180,223,185,223,190,223,157,223,157,223,2,141,216,0,165,26,200,250,141,211,53,230,0,6,64,0,0,20,0,0,0,0,0,18,18,0,8,36,0,0,1,0,0,0,0,0,0,32,0,1,3,1,1,31,64,47,108,218,108,218,62,220,62,220,209,221,179,218,215,218,177,219,3,255,64,103,16,11,237,251,0,0,3,0,5,0,0,0,2,0,191,95,49,49,191,39,39,0,64,0,0,0,0,202,36,49,49,202,165,165,0,3,8,7,0,128,188,141,157,223,157,223,157,223,157,223,0,223,180,223,185,223,190,223,157,223,157,223,2,141,216,0,165,26,200,250,141,211
2026-08-17_14-08-30,1,349,0,0.0,0,0.0,-1,-1,53,230,0,6,64,0,0,20,0,0,0,0,0,18,18,0,8,36,0,0,1,0,0,0,0,0,0,32,0,1,3,1,1,31,64,47,108,218,108,218,62,220,62,220,209,221,179,218,215,218,177,219,3,255,64,103,16,11,237,251,0,0,3,0,5,0,0,0,2,0,191,95,49,49,191,39,39,0,64,0,0,0,0,202,36,49,49,202,165,165,0,3,8,7,0,128,188,141,157,223,157,223,157,223,157,223,0,223,180,223,185,223,190,223,157,223,157,223,2,141,216,0,165,26,200,250,141,211,57,109,0,6,64,0,0,20,0,0,0,0,0,18,18,0,8,36,0,0,1,0,0,0,0,0,0,32,0,1,3,1,1,31,64,47,144,218,108,218,62,220,62,220,209,221,179,218,215,218,177,219,3,255,64,103,16,11,233,251,0,0,6,0,5,0,0,0,2,0,191,95,49,49,187,39,39,0,64,0,0,0,0,202,36,49,49,10,165,165,0,3,8,8,0,128,188,141,157,223,157,223,157,223,157,223,0,223,180,223,185,223,190,223,157,223,157,223,2,141,216,0,165,26,200,250,141,211
2026-08-17_14-08-30,1,350,0,0.0,0,0.0,-1,-1,57,109,0,6,64,0,0,20,0,0,0,0,0,18,18,0,8,36,0,0,1,0,0,0,0,0,0,32,0,1,3,1,1,31,64,47,144,218,108,218,62,220,62,220,209,221,179,218,215,218,177,219,3,255,64,103,16,11,233,251,0,0,6,0,5,0,0,0,2,0,191,95,49,49,187,39,39,0,64,0,0,0,0,202,36,49,49,10,165,165,0,3,8,8,0,128,188,141,157,223,157,223,157,223,157,223,0,223,180,223,185,223,190,223,157,223,157,223,2,141,216,0,165,26,200,250,141,211,61,208,0,6,64,0,0,20,0,0,0,0,0,18,18,0,8,36,0,0,1,0,0,0,0,0,0,32,0,1,3,1,1,31,64,47,144,218,108,218,62,220,62,220,209,221,179,218,215,218,177,219,3,255,64,103,16,11,229,251,0,0,2,0,5,0,0,0,2,0,191,95,49,49,183,39,39,0,64,0,0,0,0,202,36,49,49,74,165,165,0,3,8,8,0,128,188,141,157,223,157,223,157,223,157,223,0,223,180,223,185,223,190,223,157,223,157,223,2,141,216,0,165,26,200,250,141,211
2026-08-17_14-08-30,1,351,0,0.0,0,0.0,-1,-1,61,208,0,6,64,0,0,20,0,0,0,0,0,18,18,0,8,36,0,0,1,0,0,0,0,0,0,32,0,1,3,1,1,31,64,47,144,218,108,218,62,220,62,220,209,221,179,218,215,218,177,219,3,255,64,103,16,11,229,251,0,0,2,0,5,0,0,0,2,0,191,95,49,49,183,39,39,0,64,0,0,0,0,202,36,49,49,74,165,165,0,3,8,8,0,128,188,141,157,223,157,223,157,223,157,223,0,223,180,223,185,223,190,223,157,223,157,223,2,141,216,0,165,26,200,250,141,211,65,5,0,6,64,0,0,20,0,0,0,0,0,18,18,0,8,36,0,0,1,0,0,0,0,0,0,32,0,1,3,1,1,31,64,47,108,218,108,218,62,220,62,220,209,221,179,218,215,218,177,219,3,255,64,103,16,11,225,251,0,0,5,0,5,0,0,0,2,0,191,95,49,49,179,39,39,0,64,0,0,0,0,202,36,49,49,153,165,165,0,3,8,7,0,128,188,141,157,223,157,223,157,223,157,223,0,223,180,223,185,223,190,223,157,223,157,223,2,141,216,0,165,26,200,250,141,211
2026-08-17_14-08-30,1,352,0,0.0,0,0.0,-1,-1,65,5,0,6,64,0,0,20,0,0,0,0,0,18,18,0,8,36,0,0,1,0,0,0,0,0,0,32,0,1,3,1,1,31,64,47,108,218,108,218,62,220,62,220,209,221,179,218,215,218,177,219,3,255,64,103,16,11,225,251,0,0,5,0,5,0,0,0,2,0,191,95,49,49,179,39,39,0,64,0,0,0,0,202,36,49,49,153,165,165,0,3,8,7,0,128,188,141,157,223,157,223,157,223,157,223,0,223,180,223,185,223,190,223,157,223,157,223,2,141,216,0,165,26,200,250,141,211,69,82,0,6,64,0,0,20,0,0,0,0,0,18,18,0,8,36,0,0,1,0,0,0,0,0,0,32,0,1,3,1,1,31,64,47,108,218,108,218,62,220,62,220,209,221,179,218,215,218,177,219,3,255,64,103,16,11,221,251,0,0,1,0,5,0,0,0,2,0,191,95,49,49,175,39,39,0,64,0,0,0,0,202,36,49,49,217,165,165,0,3,8,7,0,128,188,141,157,223,157,223,157,223,157,223,0,223,180,223,185,223,190,223,157,223,157,223,2,141,216,0,165,26,200,250,141,211
2026-08-17_14-08-30,1,353,0,0.0,0,0.0,-1,-1,69,82,0,6,64,0,0,20,0,0,0,0,0,18,18,0,8,36,0,0,1,0,0,0,0,0,0,32,0,1,3,1,1,31,64,47,108,218,108,218,62,220,62,220,209,221,179,218,215,218,177,219,3,255,64,103,16,11,221,251,0,0,1,0,5,0,0,0,2,0,191,95,49,49,175,39,39,0,64,0,0,0,0,202,36,49,49,217,165,165,0,3,8,7,0,128,188,141,157,223,157,223,157,223,157,223,0,223,180,223,185,223,190,223,157,223,157,223,2,141,216,0,165,26,200,250,141,211,73,44,0,6,64,0,0,20,0,0,0,0,0,18,18,0,8,36,0,0,1,0,0,0,0,0,0,32,0,1,3,1,1,31,64,47,144,218,108,218,62,220,62,220,209,221,179,218,215,218,177,219,3,255,64,103,16,11,217,251,0,0,4,0,5,0,0,0,2,0,191,95,49,49,171,39,39,0,64,0,0,0,0,202,36,49,49,25,165,165,0,3,8,8,0,128,188,141,157,223,157,223,157,223,157,223,0,223,180,223,185,223,190,223,157,223,157,223,2,141,216,0,165,26,200,250,141,211
2026-08-17_14-08-30,1,354,0,0.0,0,0.0,-1,-1,73,44,0,6,64,0,0,20,0,0,0,0,0,18,18,0,8,36,0,0,1,0,0,0,0,0,0,32,0,1,3,1,1,31,64,47,144,218,108,218,62,220,62,220,209,221,179,218,215,218,177,219,3,255,64,103,16,11,217,251,0,0,4,0,5,0,0,0,2,0,191,95,49,49,171,39,39,0,64,0,0,0,0,202,36,49,49,25,165,165,0,3,8,8,0,128,188,141,157,223,157,223,157,223,157,223,0,223,180,223,185,223,190,223,157,223,157,223,2,141,216,0,165,26,200,250,141,211,77,196,0,6,64,0,0,20,0,0,0,0,0,18,18,0,8,36,0,0,1,0,0,0,0,0,0,32,0,1,3,1,1,31,64,47,144,218,108,218,62,220,62,220,209,221,179,218,215,218,177,219,3,255,64,103,16,11,213,251,0,0,0,0,0,0,0,0,2,0,191,95,49,49,167,39,39,0,64,0,0,0,0,202,36,49,49,89,165,165,0,3,8,8,0,128,188,141,157,223,157,223,157,223,157,223,0,223,180,223,185,223,190,223,157,223,157,223,2,141,216,0,165,26,200,250,141,211
2026-08-17_14-08-30,1,355,0,0.0,0,0.0,-1,-1,77,196,0,6,64,0,0,20,0,0,0,0,0,18,18,0,8,36,0,0,1,0,0,0,0,0,0,32,0,1,3,1,1,31,64,47,144,218,108,218,62,220,62,220,209,221,179,218,215,218,177,219,3,255,64,103,16,11,213,251,0,0,0,0,0,0,0,0,2,0,191,95,49,49,167,39,39,0,64,0,0,0,0,202,36,49,49,89,165,165,0,3,8,8,0,128,188,141,157,223,157,223,157,223,157,223,0,223,180,223,185,223,190,223,157,223,157,223,2,141,216,0,165,26,200,250,141,211,81,78,0,6,64,0,0,20,0,0,0,0,0,18,18,0,8,36,0,0,1,0,0,0,0,0,0,32,0,1,3,1,1,31,64,47,108,218,108,218,62,220,62,220,209,221,179,218,215,218,177,219,3,255,64,103,16,11,209,251,0,0,3,0,5,0,0,0,2,0,191,95,49,49,163,39,39,0,64,0,0,0,0,202,36,49,49,168,165,165,0,3,8,7,0,128,188,141,157,223,157,223,157,223,157,223,0,223,180,223,185,223,190,223,157,223,157,223,2,141,216,0,165,26,200,250,141,211
2026-08-17_14-08-30,1,356,0,0.0,0,0.0,-1,-1,81,78,0,6,64,0,0,20,0,0,0,0,0,18,18,0,8,36,0,0,1,0,0,0,0,0,0,32,0,1,3,1,1,31,64,47,108,218,108,218,62,220,62,220,209,221,179,218,215,218,177,219,3,255,64,103,16,11,209,251,0,0,3,0,5,0,0,0,2,0,191,95,49,49,163,39,39,0,64,0,0,0,0,202,36,49,49,168,165,165,0,3,8,7,0,128,188,141,157,223,157,223,157,223,157,223,0,223,180,223,185,223,190,223,157,223,157,223,2,141,216,0,165,26,200,250,141,211,85,227,0,6,64,0,0,20,0,0,0,0,0,18,18,0,8,36,0,0,1,0,0,0,0,0,0,32,0,1,3,1,1,31,64,47,108,218,108,218,62,220,62,220,209,221,179,218,215,218,177,219,3,255,64,103,16,11,205,251,0,0,6,0,5,0,0,0,2,0,191,95,49,49,159,39,39,0,64,0,0,0,0,202,36,49,49,232,165,165,0,3,8,7,0,128,188,141,157,223,157,223,157,223,157,223,0,223,180,223,185,223,190,223,157,223,157,223,2,141,216,0,165,26,200,250,141,211
2026-08-17_14-08-30,1,357,0,0.0,0,0.0,-1,-1,85,227,0,6,64,0,0,20,0,0,0,0,0,18,18,0,8,36,0,0,1,0,0,0,0,0,0,32,0,1,3,1,1,31,64,47,108,218,108,218,62,220,62,220,209,221,179,218,215,218,177,219,3,255,64,103,16,11,205,251,0,0,6,0,5,0,0,0,2,0,191,95,49,49,159,39,39,0,64,0,0,0,0,202,36,49,49,232,165,165,0,3,8,7,0,128,188,141,157,223,157,223,157,223,157,223,0,223,180,223,185,223,190,223,157,223,157,223,2,141,216,0,165,26,200,250,141,211,89,63,0,6,64,0,0,20,0,0,0,0,0,18,18,0,8,36,0,0,1,0,0,0,0,0,0,32,0,1,3,1,1,31,64,47,144,218,108,218,62,220,62,220,209,221,179,218,215,218,177,219,3,255,64,103,16,11,201,251,0,0,2,0,5,0,0,0,2,0,191,95,49,49,155,39,39,0,64,0,0,0,0,202,36,49,49,40,165,165,0,3,8,8,0,128,188,141,157,223,157,223,157,223,157,223,0,223,180,223,185,223,190,223,157,223,157,223,2,141,216,0,165,26,200,250,141,211
2026-08-17_14-08-30,1,358,0,0.0,0,0.0,-1,-1,89,63,0,6,64,0,0,20,0,0,0,0,0,18,18,0,8,36,0,0,1,0,0,0,0,0,0,32,0,1,3,1,1,31,64,47,144,218,108,218,62,220,62,220,209,221,179,218,215,218,177,219,3,255,64,103,16,11,201,251,0,0,2,0,5,0,0,0,2,0,191,95,49,49,155,39,39,0,64,0,0,0,0,202,36,49,49,40,165,165,0,3,8,8,0,128,188,141,157,223,157,223,157,223,157,223,0,223,180,223,185,223,190,223,157,223,157,223,2,141,216,0,165,26,200,250,141,211,93,252,0,6,64,0,0,20,0,0,0,0,0,18,18,0,8,36,0,0,1,0,0,0,0,0,0,32,0,1,3,1,1,31,64,47,144,218,108,218,62,220,62,220,209,221,179,218,215,218,177,219,3,255,64,103,16,11,197,251,0,0,5,0,5,0,0,0,2,0,191,95,49,49,151,39,39,0,64,0,0,0,0,202,36,49,49,104,165,165,0,3,8,8,0,128,188,141,157,223,157,223,157,223,157,223,0,223,180,223,185,223,190,223,157,223,157,223,2,141,216,0,165,26,200,250,141,211
2026-08-17_14-08-30,1,359,0,0.0,0,0.0,-1,-1,93,252,0,6,64,0,0,20,0,0,0,0,0,18,18,0,8,36,0,0,1,0,0,0,0,0,0,32,0,1,3,1,1,31,64,47,144,218,108,218,62,220,62,220,209,221,179,218,215,218,177,219,3,255,64,103,16,11,197,251,0,0,5,0,5,0,0,0,2,0,191,95,49,49,151,39,39,0,64,0,0,0,0,202,36,49,49,104,165,165,0,3,8,8,0,128,188,141,157,223,157,223,157,223,157,223,0,223,180,223,185,223,190,223,157,223,157,223,2,141,216,0,165,26,200,250,141,211,97,193,0,6,64,0,0,20,0,0,0,0,0,18,18,0,8,36,0,0,1,0,0,0,0,0,0,32,0,1,3,1,1,31,64,47,108,218,108,218,62,220,62,220,209,221,179,218,215,218,177,219,3,255,64,103,16,11,193,251,0,0,1,0,5,0,0,0,2,0,191,95,49,49,147,39,39,0,64,0,0,0,0,202,36,49,49,183,165,165,0,3,8,7,0,128,188,141,157,223,157,223,157,223,157,223,0,223,180,223,185,223,190,223,157,223,157,223,2,141,216,0,165,26,200,250,141,211
2026-08-17_14-08-30,1,360,0,0.0,0,0.0,-1,-1,97,193,0,6,64,0,0,20,0,0,0,0,0,18,18,0,8,36,0,0,1,0,0,0,0,0,0,32,0,1,3,1,1,31,64,47,108,218,108,218,62,220,62,220,209,221,179,218,215,218,177,219,3,255,64,103,16,11,193,251,0,0,1,0,5,0,0,0,2,0,191,95,49,49,147,39,39,0,64,0,0,0,0,202,36,49,49,183,165,165,0,3,8,7,0,128,188,141,157,223,157,223,157,223,157,223,0,223,180,223,185,223,190,223,157,223,157,223,2,141,216,0,165,26,200,250,141,211,101,28,0,6,64,0,0,20,0,0,0,0,0,18,18,0,8,36,0,0,1,0,0,0,0,0,0,32,0,1,3,1,1,31,64,47,108,218,108,218,62,220,62,220,209,221,179,218,215,218,177,219,3,255,64,103,16,11,189,251,0,0,4,0,5,0,0,0,2,0,191,95,49,49,143,39,39,0,64,0,0,0,0,202,36,49,49,247,165,165,0,3,8,7,0,128,188,141,157,223,157,223,157,223,157,223,0,223,180,223,185,223,190,223,157,223,157,223,2,141,216,0,165,26,200,250,141,211
2026-08-17_14-08-30,1,361,0,0.0,0,0.0,-1,-1,101,28,0,6,64,0,0,20,0,0,0,0,0,18,18,0,8,36,0,0,1,0,0,0,0,0,0,32,0,1,3,1,1,31,64,47,108,218,108,218,62,220,62,220,209,221,179,218,215,218,177,219,3,255,64,103,16,11,189,251,0,0,4,0,5,0,0,0,2,0,191,95,49,49,143,39,39,0,64,0,0,0,0,202,36,49,49,247,165,165,0,3,8,7,0,128,188,141,157,223,157,223,157,223,157,223,0,223,180,223,185,223,190,223,157,223,157,223,2,141,216,0,165,26,200,250,141,211,105,207,0,6,64,0,0,20,0,0,0,0,0,18,18,0,8,36,0,0,1,0,0,0,0,0,0,32,0,1,3,1,1,31,64,47,144,218,108,218,62,220,62,220,209,221,179,218,215,218,177,219,3,255,64,103,16,11,185,251,0,0,0,0,0,0,0,0,2,0,191,95,49,49,139,39,39,0,64,0,0,0,0,202,36,49,49,55,165,165,0,3,8,8,0,128,188,141,157,223,157,223,157,223,157,223,0,223,180,223,185,223,190,223,157,223,157,223,2,141,216,0,165,26,200,250,141,211
2026-08-17_14-08-30,1,362,0,0.0,0,0.0,-1,-1,105,207,0,6,64,0,0,20,0,0,0,0,0,18,18,0,8,36,0,0,1,0,0,0,0,0,0,32,0,1,3,1,1,31,64,47,144,218,108,218,62,220,62,220,209,221,179,218,215,218,177,219,3,255,64,103,16,11,185,251,0,0,0,0,0,0,0,0,2,0,191,95,49,49,139,39,39,0,64,0,0,0,0,202,36,49,49,55,165,165,0,3,8,8,0,128,188,141,157,223,157,223,157,223,157,223,0,223,180,223,185,223,190,223,157,223,157,223,2,141,216,0,165,26,200,250,141,211,109,251,0,6,64,0,0,20,0,0,0,0,0,18,18,0,8,36,0,0,1,0,0,0,0,0,0,32,0,1,3,1,1,31,64,47,144,218,108,218,62,220,62,220,209,221,179,218,215,218,177,219,3,255,64,103,16,11,181,251,0,0,3,0,5,0,0,0,2,0,191,95,49,49,135,39,39,0,64,0,0,0,0,202,36,49,49,119,165,165,0,3,8,8,0,128,188,141,157,223,157,223,157,223,157,223,0,223,180,223,185,223,190,223,157,223,157,223,2,141,216,0,165,26,200,250,141,211
2026-08-17_14-08-30,1,363,0,0.0,0,0.0,-1,-1,109,251,0,6,64,0,0,20,0,0,0,0,0,18,18,0,8,36,0,0,1,0,0,0,0,0,0,32,0,1,3,1,1,31,64,47,144,218,108,218,62,220,62,220,209,221,179,218,215,218,177,219,3,255,64,103,16,11,181,251,0,0,3,0,5,0,0,0,2,0,191,95,49,49,135,39,39,0,64,0,0,0,0,202,36,49,49,119,165,165,0,3,8,8,0,128,188,141,157,223,157,223,157,223,157,223,0,223,180,223,185,223,190,223,157,223,157,223,2,141,216,0,165,26,200,250,141,211,113,178,0,6,64,0,0,20,0,0,0,0,0,18,18,0,8,36,0,0,1,0,0,0,0,0,0,32,0,1,3,1,1,31,64,47,108,218,108,218,62,220,62,220,209,221,179,218,215,218,177,219,3,255,64,103,16,11,177,251,0,0,6,0,5,0,0,0,2,0,191,95,49,49,131,39,39,0,64,0,0,0,0,202,36,49,49,198,165,165,0,3,8,7,0,128,188,141,157,223,157,223,157,223,157,223,0,223,180,223,185,223,190,223,157,223,157,223,2,141,216,0,165,26,200,250,141,211
2026-08-17_14-08-30,1,364,0,0.0,0,0.0,-1,-1,113,178,0,6,64,0,0,20,0,0,0,0,0,18,18,0,8,36,0,0,1,0,0,0,0,0,0,32,0,1,3,1,1,31,64,47,108,218,108,218,62,220,62,220,209,221,179,218,215,218,177,219,3,255,64,103,16,11,177,251,0,0,6,0,5,0,0,0,2,0,191,95,49,49,131,39,39,0,64,0,0,0,0,202,36,49,49,198,165,165,0,3,8,7,0,128,188,141,157,223,157,223,157,223,157,223,0,223,180,223,185,223,190,223,157,223,157,223,2,141,216,0,165,26,200,250,141,211,117,34,0,6,64,0,0,113,0,0,0,0,0,18,18,0,8,36,0,0,1,0,0,0,0,0,0,25,153,1,3,1,1,31,0,47,72,218,108,218,62,220,62,220,209,221,179,218,215,218,92,219,3,255,0,103,0,9,2,2,0,0,2,0,5,0,0,0,0,0,191,95,53,49,131,39,39,0,64,0,0,0,0,202,36,241,49,198,165,165,0,0,8,5,0,128,188,141,157,223,157,223,157,223,157,223,0,223,180,223,185,223,190,223,157,223,157,223,2,141,216,0,165,26,140,252,141,211
2026-08-17_14-08-30,1,365,0,0.0,0,0.0,-1,-1,117,34,0,6,64,0,0,113,0,0,0,0,0,18,18,0,8,36,0,0,1,0,0,0,0,0,0,25,153,1,3,1,1,31,0,47,72,218,108,218,62,220,62,220,209,221,179,218,215,218,92,219,3,255,0,103,0,9,2,2,0,0,2,0,5,0,0,0,0,0,191,95,53,49,131,39,39,0,64,0,0,0,0,202,36,241,49,198,165,165,0,0,8,5,0,128,188,141,157,223,157,223,157,223,157,223,0,223,180,223,185,223,190,223,157,223,157,223,2,141,216,0,165,26,140,252,141,211,121,35,0,6,64,0,0,237,0,0,0,0,0,18,18,0,8,36,0,0,1,0,0,0,0,0,0,25,152,1,3,1,1,31,0,47,72,218,144,218,62,220,62,220,209,221,179,218,215,218,92,219,3,255,0,103,1,9,4,2,0,0,0,0,0,0,0,0,0,0,191,95,57,49,131,39,39,0,64,0,0,0,0,202,36,177,49,198,165,165,0,0,8,5,0,128,188,141,157,223,157,223,157,223,157,223,0,223,180,223,185,223,190,223,157,223,157,223,2,141,216,0,165,26,140,252,141,211
2026-08-17_14-08-30,1,366,0,0.0,0,0.0,-1,-1,121,35,0,6,64,0,0,237,0,0,0,0,0,18,18,0,8,36,0,0,1,0,0,0,0,0,0,25,152,1,3,1,1,31,0,47,72,218,144,218,62,220,62,220,209,221,179,218,215,218,92,219,3,255,0,103,1,9,4,2,0,0,0,0,0,0,0,0,0,0,191,95,57,49,131,39,39,0,64,0,0,0,0,202,36,177,49,198,165,165,0,0,8,5,0,128,188,141,157,223,157,223,157,223,157,223,0,223,180,223,185,223,190,223,157,223,157,223,2,141,216,0,165,26,140,252,141,211,125,51,0,6,64,0,0,105,0,0,0,0,0,18,18,0,8,36,0,0,1,0,0,0,0,0,0,25,151,1,3,1,1,31,0,47,72,218,144,218,62,220,62,220,209,221,179,218,215,218,92,219,3,255,0,103,1,9,0,2,0,0,0,0,0,0,0,0,0,0,191,95,62,49,131,39,39,0,64,0,0,0,0,202,36,82,49,198,165,165,0,0,8,5,0,128,188,141,157,223,157,223,157,223,157,223,0,223,180,223,185,223,190,223,157,223,157,223,2,141,216,0,165,26,140,252,141,211
2026-08-17_14-08-30,1,367,0,0.0,0,0.0,-1,-1,125,51,0,6,64,0,0,105,0,0,0,0,0,18,18,0,8,36,0,0,1,0,0,0,0,0,0,25,151,1,3,1,1,31,0,47,72,218,144,218,62,220,62,220,209,221,179,218,215,218,92,219,3,255,0,103,1,9,0,2,0,0,0,0,0,0,0,0,0,0,191,95,62,49,131,39,39,0,64,0,0,0,0,202,36,82,49,198,165,165,0,0,8,5,0,128,188,141,157,223,157,223,157,223,157,223,0,223,180,223,185,223,190,223,157,223,157,223,2,141,216,0,165,26,140,252,141,211,129,58,0,6,64,0,0,229,0,0,0,0,0,18,18,0,8,36,0,0,1,0,0,0,0,0,0,25,150,1,3,1,1,31,0,47,72,218,108,218,62,220,62,220,209,221,179,218,215,218,92,219,3,255,0,103,2,9,2,2,0,0,0,0,0,0,0,0,0,0,191,95,66,49,131,39,39,0,64,0,0,0,0,202,36,18,49,198,165,165,0,0,8,5,0,128,188,141,157,223,157,223,157,223,157,223,0,223,180,223,185,223,190,223,157,223,157,223,2,141,216,0,165,26,140,252,141,211
2026-08-17_14-08-30,1,368,0,0.0,0,0.0,-1,-1,129,58,0,6,64,0,0,229,0,0,0,0,0,18,18,0,8,36,0,0,1,0,0,0,0,0,0,25,150,1,3,1,1,31,0,47,72,218,108,218,62,220,62,220,209,221,179,218,215,218,92,219,3,255,0,103,2,9,2,2,0,0,0,0,0,0,0,0,0,0,191,95,66,49,131,39,39,0,64,0,0,0,0,202,36,18,49,198,165,165,0,0,8,5,0,128,188,141,157,223,157,223,157,223,157,223,0,223,180,223,185,223,190,223,157,223,157,223,2,141,216,0,165,26,140,252,141,211,133,174,0,6,64,0,0,97,0,0,0,0,0,18,18,0,8,36,0,0,1,0,0,0,0,0,0,25,149,1,3,1,1,31,0,47,72,218,108,218,62,220,62,220,209,221,179,218,215,218,92,219,3,255,0,103,3,9,4,2,0,0,0,0,0,0,0,0,0,0,191,95,71,49,131,39,39,0,64,0,0,0,0,202,36,194,49,198,165,165,0,0,8,5,0,128,188,141,157,223,157,223,157,223,157,223,0,223,180,223,185,223,190,223,157,223,157,223,2,141,216,0,165,26,140,252,141,211
2026-08-17_14-08-30,1,369,0,0.0,0,0.0,-1,-1,133,174,0,6,64,0,0,97,0,0,0,0,0,18,18,0,8,36,0,0,1,0,0,0,0,0,0,25,149,1,3,1,1,31,0,47,72,218,108,218,62,220,62,220,209,221,179,218,215,218,92,219,3,255,0,103,3,9,4,2,0,0,0,0,0,0,0,0,0,0,191,95,71,49,131,39,39,0,64,0,0,0,0,202,36,194,49,198,165,165,0,0,8,5,0,128,188,141,157,223,157,223,157,223,157,223,0,223,180,223,185,223,190,223,157,223,157,223,2,141,216,0,165,26,140,252,141,211,137,237,0,6,64,0,0,221,0,0,0,0,0,18,18,0,8,36,0,0,1,0,0,0,0,0,0,25,148,1,3,1,1,31,0,47,72,218,144,218,62,220,62,220,209,221,179,218,215,218,92,219,3,255,0,103,3,9,0,2,0,0,0,0,0,0,0,0,0,0,191,95,75,49,131,39,39,0,64,0,0,0,0,202,36,115,49,198,165,165,0,0,8,5,0,128,188,141,157,223,157,223,157,223,157,223,0,223,180,223,185,223,190,223,157,223,157,223,2,141,216,0,165,26,140,252,141,211
2026-08-17_14-08-30,1,370,0,0.0,0,0.0,-1,-1,137,237,0,6,64,0,0,221,0,0,0,0,0,18,18,0,8,36,0,0,1,0,0,0,0,0,0,25,148,1,3,1,1,31,0,47,72,218,144,218,62,220,62,220,209,221,179,218,215,218,92,219,3,255,0,103,3,9,0,2,0,0,0,0,0,0,0,0,0,0,191,95,75,49,131,39,39,0,64,0,0,0,0,202,36,115,49,198,165,165,0,0,8,5,0,128,188,141,157,223,157,223,157,223,157,223,0,223,180,223,185,223,190,223,157,223,157,223,2,141,216,0,165,26,140,252,141,211,141,216,0,6,64,0,0,89,0,0,0,0,0,18,18,0,8,36,0,0,1,0,0,0,0,0,0,25,147,1,3,1,1,31,0,47,72,218,144,218,62,220,62,220,209,221,179,218,215,218,92,219,3,255,0,103,0,9,2,1,0,0,0,0,0,0,0,0,0,0,191,95,80,49,131,39,39,0,64,0,0,0,0,202,36,35,49,198,165,165,0,0,8,5,0,128,188,141,157,223,157,223,157,223,157,223,0,223,180,223,185,223,190,223,157,223,157,223,2,141,216,0,165,26,140,252,141,211
2026-08-17_14-08-30,1,371,0,0.0,0,0.0,-1,-1,141,216,0,6,64,0,0,89,0,0,0,0,0,18,18,0,8,36,0,0,1,0,0,0,0,0,0,25,147,1,3,1,1,31,0,47,72,218,144,218,62,220,62,220,209,221,179,218,215,218,92,219,3,255,0,103,0,9,2,1,0,0,0,0,0,0,0,0,0,0,191,95,80,49,131,39,39,0,64,0,0,0,0,202,36,35,49,198,165,165,0,0,8,5,0,128,188,141,157,223,157,223,157,223,157,223,0,223,180,223,185,223,190,223,157,223,157,223,2,141,216,0,165,26,140,252,141,211,145,129,0,6,64,0,0,213,0,0,0,0,0,18,18,0,8,36,0,0,1,0,0,0,0,0,0,25,146,1,3,1,1,31,0,47,72,218,108,218,62,220,62,220,209,221,179,218,215,218,92,219,3,255,0,103,1,9,4,1,0,0,0,0,0,0,0,0,0,0,191,95,84,49,131,39,39,0,64,0,0,0,0,202,36,227,49,198,165,165,0,0,8,5,0,128,188,141,157,223,157,223,157,223,157,223,0,223,180,223,185,223,190,223,157,223,157,223,2,141,216,0,165,26,140,252,141,211
2026-08-17_14-08-30,1,372,0,0.0,0,0.0,-1,-1,145,129,0,6,64,0,0,213,0,0,0,0,0,18,18,0,8,36,0,0,1,0,0,0,0,0,0,25,146,1,3,1,1,31,0,47,72,218,108,218,62,220,62,220,209,221,179,218,215,218,92,219,3,255,0,103,1,9,4,1,0,0,0,0,0,0,0,0,0,0,191,95,84,49,131,39,39,0,64,0,0,0,0,202,36,227,49,198,165,165,0,0,8,5,0,128,188,141,157,223,157,223,157,223,157,223,0,223,180,223,185,223,190,223,157,223,157,223,2,141,216,0,165,26,140,252,141,211,149,24,0,6,64,0,0,244,0,0,0,0,0,18,18,0,8,36,0,0,2,0,0,0,0,0,0,25,145,1,3,1,1,31,0,47,72,218,0,218,62,220,62,220,209,221,179,218,215,218,92,219,3,255,0,103,1,9,0,1,0,0,0,0,0,0,0,0,0,0,191,95,85,49,131,39,39,0,64,0,0,5,0,202,36,211,49,198,165,165,0,0,8,5,0,128,188,141,157,223,157,223,157,223,157,223,0,223,180,223,185,223,190,223,157,223,157,223,2,141,216,0,165,26,140,252,141,211
2026-08-17_14-08-30,1,373,0,0.0,0,0.0,-1,-1,149,24,0,6,64,0,0,244,0,0,0,0,0,18,18,0,8,36,0,0,2,0,0,0,0,0,0,25,145,1,3,1,1,31,0,47,72,218,0,218,62,220,62,220,209,221,179,218,215,218,92,219,3,255,0,103,1,9,0,1,0,0,0,0,0,0,0,0,0,0,191,95,85,49,131,39,39,0,64,0,0,5,0,202,36,211,49,198,165,165,0,0,8,5,0,128,188,141,157,223,157,223,157,223,157,223,0,223,180,223,185,223,190,223,157,223,157,223,2,141,216,0,165,26,140,252,141,211,153,141,0,6,64,0,0,244,0,0,0,0,0,18,18,0,8,36,0,0,2,0,0,0,0,0,0,25,144,1,3,1,1,31,0,47,72,218,0,218,62,220,62,220,209,221,179,218,215,218,92,219,3,255,0,103,2,9,2,1,0,0,0,0,0,0,0,0,0,0,191,95,85,49,131,39,39,0,64,0,0,4,0,202,36,211,49,198,165,165,0,0,8,5,0,128,188,141,157,223,157,223,157,223,157,223,0,223,180,223,185,223,190,223,157,223,157,223,2,141,216,0,165,26,140,252,141,211
2026-08-17_14-08-30,1,374,0,0.0,0,0.0,-1,-1,153,141,0,6,64,0,0,244,0,0,0,0,0,18,18,0,8,36,0,0,2,0,0,0,0,0,0,25,144,1,3,1,1,31,0,47,72,218,0,218,62,220,62,220,209,221,179,218,215,218,92,219,3,255,0,103,2,9,2,1,0,0,0,0,0,0,0,0,0,0,191,95,85,49,131,39,39,0,64,0,0,4,0,202,36,211,49,198,165,165,0,0,8,5,0,128,188,141,157,223,157,223,157,223,157,223,0,223,180,223,185,223,190,223,157,223,157,223,2,141,216,0,165,26,140,252,141,211,157,222,0,6,64,0,0,244,0,0,0,0,0,18,18,0,8,36,0,0,1,0,0,0,0,0,0,25,137,1,3,1,1,31,0,47,72,218,0,218,62,220,62,220,209,221,179,218,215,218,92,219,3,255,0,103,3,9,4,1,0,0,0,0,0,0,0,0,0,0,191,95,85,49,131,39,39,0,64,0,0,3,0,202,36,211,49,198,165,165,0,0,8,5,0,128,188,141,157,223,157,223,157,223,157,223,0,223,180,223,185,223,190,223,157,223,157,223,2,141,216,0,165,26,140,252,141,211
2026-08-17_14-08-30,1,375,0,0.0,0,0.0,-1,-1,157,222,0,6,64,0,0,244,0,0,0,0,0,18,18,0,8,36,0,0,1,0,0,0,0,0,0,25,137,1,3,1,1,31,0,47,72,218,0,218,62,220,62,220,209,221,179,218,215,218,92,219,3,255,0,103,3,9,4,1,0,0,0,0,0,0,0,0,0,0,191,95,85,49,131,39,39,0,64,0,0,3,0,202,36,211,49,198,165,165,0,0,8,5,0,128,188,141,157,223,157,223,157,223,157,223,0,223,180,223,185,223,190,223,157,223,157,223,2,141,216,0,165,26,140,252,141,211,161,226,0,6,64,0,0,244,0,0,0,0,0,18,18,0,8,36,0,0,1,0,0,0,0,0,0,25,136,1,3,1,1,31,0,47,72,218,0,218,62,220,62,220,209,221,179,218,215,218,92,219,3,255,0,103,3,9,0,1,0,0,0,0,0,0,0,0,0,0,191,95,85,49,131,39,39,0,64,0,0,2,0,202,36,211,49,198,165,165,0,0,8,5,0,128,188,141,157,223,157,223,157,223,157,223,0,223,180,223,185,223,190,223,157,223,157,223,2,141,216,0,165,26,140,252,141,211
2026-08-17_14-08-30,1,376,0,0.0,0,0.0,-1,-1,161,226,0,6,64,0,0,244,0,0,0,0,0,18,18,0,8,36,0,0,1,0,0,0,0,0,0,25,136,1,3,1,1,31,0,47,72,218,0,218,62,220,62,220,209,221,179,218,215,218,92,219,3,255,0,103,3,9,0,1,0,0,0,0,0,0,0,0,0,0,191,95,85,49,131,39,39,0,64,0,0,2,0,202,36,211,49,198,165,165,0,0,8,5,0,128,188,141,157,223,157,223,157,223,157,223,0,223,180,223,185,223,190,223,157,223,157,223,2,141,216,0,165,26,140,252,141,211,165,47,0,6,64,0,0,244,0,0,0,0,0,18,18,0,8,36,0,0,3,0,0,0,0,0,0,25,135,1,3,1,1,31,0,47,72,218,144,218,62,220,62,220,209,221,179,218,215,218,92,219,3,255,0,29,0,9,2,0,0,0,5,0,6,0,0,0,0,0,191,95,85,93,131,39,39,0,64,0,0,1,0,202,36,211,68,198,165,165,0,0,8,5,0,128,6,141,157,223,157,223,157,223,157,223,0,223,180,223,185,223,190,223,157,223,157,223,2,141,216,0,165,26,140,252,141,211
2026-08-17_14-08-30,1,377,0,0.0,0,0.0,-1,-1,165,47,0,6,64,0,0,244,0,0,0,0,0,18,18,0,8,36,0,0,3,0,0,0,0,0,0,25,135,1,3,1,1,31,0,47,72,218,144,218,62,220,62,220,209,221,179,218,215,218,92,219,3,255,0,29,0,9,2,0,0,0,5,0,6,0,0,0,0,0,191,95,85,93,131,39,39,0,64,0,0,1,0,202,36,211,68,198,165,165,0,0,8,5,0,128,6,141,157,223,157,223,157,223,157,223,0,223,180,223,185,223,190,223,157,223,157,223,2,141,216,0,165,26,140,252,141,211,169,245,0,6,64,0,0,19,0,0,0,0,0,18,18,0,8,36,0,0,3,0,0,0,0,0,0,25,134,1,3,1,1,31,0,47,72,218,108,218,62,220,62,220,209,221,179,218,215,218,92,219,3,255,0,29,1,9,4,0,0,0,1,0,6,0,0,0,0,0,191,95,83,98,131,39,39,0,64,0,0,0,0,202,36,243,244,198,165,165,0,0,0,5,0,0,6,141,157,223,157,223,157,223,157,223,0,223,180,223,185,223,190,223,157,223,157,223,2,141,216,0,165,26,140,252,141,211
2026-08-17_14-08-30,1,378,0,0.0,0,0.0,-1,-1,169,245,0,6,64,0,0,19,0,0,0,0,0,18,18,0,8,36,0,0,3,0,0,0,0,0,0,25,134,1,3,1,1,31,0,47,72,218,108,218,62,220,62,220,209,221,179,218,215,218,92,219,3,255,0,29,1,9,4,0,0,0,1,0,6,0,0,0,0,0,191,95,83,98,131,39,39,0,64,0,0,0,0,202,36,243,244,198,165,165,0,0,0,5,0,0,6,141,157,223,157,223,157,223,157,223,0,223,180,223,185,223,190,223,157,223,157,223,2,141,216,0,165,26,140,252,141,211,173,85,0,6,64,0,0,143,0,0,0,0,0,18,18,0,8,36,0,0,3,0,0,0,0,0,0,25,133,1,3,1,1,31,0,47,72,218,108,218,62,220,62,220,209,221,179,218,215,218,92,219,3,255,0,29,1,9,0,0,0,0,0,0,0,0,0,0,0,0,191,95,79,103,131,39,39,0,64,0,0,0,0,202,36,51,164,198,165,165,0,0,0,5,0,0,6,141,157,223,157,223,157,223,157,223,0,223,180,223,185,223,190,223,157,223,157,223,2,141,216,0,165,26,140,252,141,211
2026-08-17_14-08-30,1,379,0,0.0,0,0.0,-1,-1,173,85,0,6,64,0,0,143,0,0,0,0,0,18,18,0,8,36,0,0,3,0,0,0,0,0,0,25,133,1,3,1,1,31,0,47,72,218,108,218,62,220,62,220,209,221,179,218,215,218,92,219,3,255,0,29,1,9,0,0,0,0,0,0,0,0,0,0,0,0,191,95,79,103,131,39,39,0,64,0,0,0,0,202,36,51,164,198,165,165,0,0,0,5,0,0,6,141,157,223,157,223,157,223,157,223,0,223,180,223,185,223,190,223,157,223,157,223,2,141,216,0,165,26,140,252,141,211,177,95,0,6,64,0,0,11,0,0,0,0,0,18,18,0,8,36,0,0,3,0,0,0,0,0,0,25,132,1,3,1,1,31,0,47,72,218,144,218,62,220,62,220,209,221,179,218,215,218,92,219,3,255,0,29,2,9,2,0,0,0,0,0,0,0,0,0,0,0,191,95,74,108,131,39,39,0,64,0,0,0,0,202,36,146,69,198,165,165,0,0,0,5,0,0,6,141,157,223,157,223,157,223,157,223,0,223,180,223,185,223,190,223,157,223,157,223,2,141,216,0,165,26,140,252,141,211
2026-08-17_14-08-30,1,380,0,0.0,0,0.0,-1,-1,177,95,0,6,64,0,0,11,0,0,0,0,0,18,18,0,8,36,0,0,3,0,0,0,0,0,0,25,132,1,3,1,1,31,0,47,72,218,144,218,62,220,62,220,209,221,179,218,215,218,92,219,3,255,0,29,2,9,2,0,0,0,0,0,0,0,0,0,0,0,191,95,74,108,131,39,39,0,64,0,0,0,0,202,36,146,69,198,165,165,0,0,0,5,0,0,6,141,157,223,157,223,157,223,157,223,0,223,180,223,185,223,190,223,157,223,157,223,2,141,216,0,165,26,140,252,141,211,181,250,0,6,64,0,0,135,0,0,0,0,0,18,18,0,8,36,0,0,3,0,0,0,0,0,0,25,131,1,3,1,1,31,0,47,72,218,144,218,62,220,62,220,209,221,179,218,215,218,92,219,3,255,0,29,3,9,4,0,0,0,0,0,0,0,0,0,0,0,191,95,70,113,131,39,39,0,64,0,0,0,0,202,36,210,245,198,165,165,0,0,0,5,0,0,6,141,157,223,157,223,157,223,157,223,0,223,180,223,185,223,190,223,157,223,157,223,2,141,216,0,165,26,140,252,141,211
2026-08-17_14-08-30,1,381,0,0.0,0,0.0,-1,-1,181,250,0,6,64,0,0,135,0,0,0,0,0,18,18,0,8,36,0,0,3,0,0,0,0,0,0,25,131,1,3,1,1,31,0,47,72,218,144,218,62,220,62,220,209,221,179,218,215,218,92,219,3,255,0,29,3,9,4,0,0,0,0,0,0,0,0,0,0,0,191,95,70,113,131,39,39,0,64,0,0,0,0,202,36,210,245,198,165,165,0,0,0,5,0,0,6,141,157,223,157,223,157,223,157,223,0,223,180,223,185,223,190,223,157,223,157,223,2,141,216,0,165,26,140,252,141,211,185,162,0,6,64,0,0,3,0,0,0,0,0,18,18,0,8,36,0,0,3,0,0,0,0,0,0,25,130,1,3,1,1,31,0,47,72,218,108,218,62,220,62,220,209,221,179,218,215,218,92,219,3,255,0,29,3,9,0,0,0,0,0,0,0,0,0,0,0,0,191,95,65,118,131,39,39,0,64,0,0,0,0,202,36,34,165,198,165,165,0,0,0,5,0,0,6,141,157,223,157,223,157,223,157,223,0,223,180,223,185,223,190,223,157,223,157,223,2,141,216,0,165,26,140,252,141,211
2026-08-17_14-08-30,1,382,0,0.0,0,0.0,-1,-1,185,162,0,6,64,0,0,3,0,0,0,0,0,18,18,0,8,36,0,0,3,0,0,0,0,0,0,25,130,1,3,1,1,31,0,47,72,218,108,218,62,220,62,220,209,221,179,218,215,218,92,219,3,255,0,29,3,9,0,0,0,0,0,0,0,0,0,0,0,0,191,95,65,118,131,39,39,0,64,0,0,0,0,202,36,34,165,198,165,165,0,0,0,5,0,0,6,141,157,223,157,223,157,223,157,223,0,223,180,223,185,223,190,223,157,223,157,223,2,141,216,0,165,26,140,252,141,211,189,43,0,6,128,0,0,127,0,0,0,0,0,18,18,0,8,36,0,0,3,0,0,0,0,0,0,25,129,1,3,1,1,31,0,47,171,221,108,218,62,220,62,220,207,221,177,218,213,218,92,219,3,255,0,29,4,9,2,255,3,0,0,0,0,0,0,0,0,0,191,95,61,123,131,39,39,0,64,0,0,0,0,202,36,98,70,198,165,165,0,0,0,6,0,0,6,141,157,223,157,223,157,223,157,223,0,223,180,223,185,223,190,223,157,223,157,223,2,141,216,0,165,26,140,252,141,211
2026-08-17_14-08-30,1,383,1,0.0,0,0.0,-1,-1,189,43,0,6,128,0,0,127,0,0,0,0,0,18,18,0,8,36,0,0,3,0,0,0,0,0,0,25,129,1,3,1,1,31,0,47,171,221,108,218,62,220,62,220,207,221,177,218,213,218,92,219,3,255,0,29,4,9,2,255,3,0,0,0,0,0,0,0,0,0,191,95,61,123,131,39,39,0,64,0,0,0,0,202,36,98,70,198,165,165,0,0,0,6,0,0,6,141,157,223,157,223,157,223,157,223,0,223,180,223,185,223,190,223,157,223,157,223,2,141,216,0,165,26,140,252,141,211,193,183,0,6,128,0,0,251,0,0,0,0,0,18,18,0,8,36,0,0,3,0,0,0,0,0,0,25,128,1,3,1,1,31,0,47,164,221,144,218,62,220,62,220,200,221,170,218,206,218,92,219,3,255,0,29,5,9,4,254,10,0,0,0,0,0,0,0,0,0,191,95,57,128,131,39,39,0,64,0,0,0,0,202,36,177,246,198,165,165,0,0,0,6,0,0,6,141,157,223,157,223,157,223,157,223,0,223,180,223,185,223,190,223,157,223,157,223,2,141,216,0,165,26,140,252,141,211
2026-08-17_14-08-30,1,384,1,0.0,0,0.0,-1,-1,193,183,0,6,128,0,0,251,0,0,0,0,0,18,18,0,8,36,0,0,3,0,0,0,0,0,0,25,128,1,3,1,1,31,0,47,164,221,144,218,62,220,62,220,200,221,170,218,206,218,92,219,3,255,0,29,5,9,4,254,10,0,0,0,0,0,0,0,0,0,191,95,57,128,131,39,39,0,64,0,0,0,0,202,36,177,246,198,165,165,0,0,0,6,0,0,6,141,157,223,157,223,157,223,157,223,0,223,180,223,185,223,190,223,157,223,157,223,2,141,216,0,165,26,140,252,141,211,197,112,0,6,128,0,0,119,0,0,0,0,0,18,18,0,8,36,0,0,3,0,0,0,0,0,0,25,121,1,3,1,1,31,0,47,158,221,144,218,62,220,62,220,194,221,164,218,200,218,92,219,3,255,0,29,5,9,0,254,16,0,0,0,0,0,0,0,0,0,191,95,52,133,131,39,39,0,64,0,0,0,0,202,36,1,166,198,165,165,0,0,0,6,0,0,6,141,157,223,157,223,157,223,157,223,0,223,180,223,185,223,190,223,157,223,157,223,66,141,216,0,165,26,140,252,141,211
2026-08-17_14-08-30,1,385,1,0.0,0,0.0,-1,-1,197,112,0,6,128,0,0,119,0,0,0,0,0,18,18,0,8,36,0,0,3,0,0,0,0,0,0,25,121,1,3,1,1,31,0,47,158,221,144,218,62,220,62,220,194,221,164,218,200,218,92,219,3,255,0,29,5,9,0,254,16,0,0,0,0,0,0,0,0,0,191,95,52,133,131,39,39,0,64,0,0,0,0,202,36,1,166,198,165,165,0,0,0,6,0,0,6,141,157,223,157,223,157,223,157,223,0,223,180,223,185,223,190,223,157,223,157,223,66,141,216,0,165,26,140,252,141,211,201,15,0,6,128,0,0,212,0,0,0,0,0,18,18,0,8,36,0,2,3,0,0,0,0,0,0,25,120,1,3,1,1,31,0,47,153,221,144,218,62,220,62,220,189,221,159,218,195,218,92,219,3,255,64,103,6,9,2,253,21,0,2,0,7,0,0,0,0,0,191,95,49,49,131,32,39,0,64,0,0,0,0,202,36,49,49,198,21,165,0,0,0,6,0,0,188,141,157,223,157,223,157,223,157,223,0,223,180,223,185,223,190,223,157,223,157,223,2,141,216,0,165,26,63,252,141,211
2026-08-17_14-08-30,1,386,1,0.0,0,0.0,-1,-1,201,15,0,6,128,0,0,212,0,0,0,0,0,18,18,0,8,36,0,2,3,0,0,0,0,0,0,25,120,1,3,1,1,31,0,47,153,221,144,218,62,220,62,220,189,221,159,218,195,218,92,219,3,255,64,103,6,9,2,253,21,0,2,0,7,0,0,0,0,0,191,95,49,49,131,32,39,0,64,0,0,0,0,202,36,49,49,198,21,165,0,0,0,6,0,0,188,141,157,223,157,223,157,223,157,223,0,223,180,223,185,223,190,223,157,223,157,223,2,141,216,0,165,26,63,252,141,211,205,247,0,6,192,0,0,18,0,0,0,0,0,18,18,0,8,36,0,0,3,0,0,0,0,0,0,25,119,1,3,1,1,31,0,47,149,221,108,218,62,220,62,220,185,221,155,218,191,218,177,219,3,255,2,103,7,9,4,252,25,0,0,0,0,0,0,0,0,0,191,95,53,49,131,32,39,0,64,0,0,0,0,202,36,241,49,198,21,165,0,0,8,6,0,128,188,141,157,223,157,223,157,223,157,223,0,223,180,223,185,223,190,223,157,223,157,223,2,141,216,0,165,26,140,252,141,211
2026-08-17_14-08-30,1,387,0,0.0,0,0.0,-1,-1,205,247,0,6,192,0,0,18,0,0,0,0,0,18,18,0,8,36,0,0,3,0,0,0,0,0,0,25,119,1,3,1,1,31,0,47,149,221,108,218,62,220,62,220,185,221,155,218,191,218,177,219,3,255,2,103,7,9,4,252,25,0,0,0,0,0,0,0,0,0,191,95,53,49,131,32,39,0,64,0,0,0,0,202,36,241,49,198,21,165,0,0,8,6,0,128,188,141,157,223,157,223,157,223,157,223,0,223,180,223,185,223,190,223,157,223,157,223,2,141,216,0,165,26,140,252,141,211,209,116,0,6,192,0,0,142,0,0,0,0,0,18,18,0,8,36,0,0,3,0,0,0,0,0,0,25,118,1,3,1,1,31,0,47,154,221,144,218,62,220,62,220,190,221,160,218,196,218,177,219,3,255,2,103,7,9,0,252,20,0,0,0,0,0,0,0,0,0,191,95,57,49,131,32,39,0,64,0,0,0,0,202,36,177,49,198,21,165,0,0,8,6,0,128,188,141,157,223,157,223,157,223,157,223,0,223,180,223,185,223,190,223,157,223,157,223,2,141,216,0,165,26,140,252,141,211
2026-08-17_14-08-30,1,388,0,0.0,0,0.0,-1,-1,209,116,0,6,192,0,0,142,0,0,0,0,0,18,18,0,8,36,0,0,3,0,0,0,0,0,0,25,118,1,3,1,1,31,0,47,154,221,144,218,62,220,62,220,190,221,160,218,196,218,177,219,3,255,2,103,7,9,0,252,20,0,0,0,0,0,0,0,0,0,191,95,57,49,131,32,39,0,64,0,0,0,0,202,36,177,49,198,21,165,0,0,8,6,0,128,188,141,157,223,157,223,157,223,157,223,0,223,180,223,185,223,190,223,157,223,157,223,2,141,216,0,165,26,140,252,141,211,213,77,0,6,192,0,0,10,0,0,0,0,0,18,18,0,8,36,0,0,3,0,0,0,0,0,0,25,117,1,3,1,1,31,0,47,159,221,144,218,62,220,62,220,195,221,165,218,201,218,177,219,3,255,2,103,0,8,2,2,15,0,0,0,0,0,0,0,0,0,191,95,62,49,131,32,39,0,64,0,0,0,0,202,36,82,49,198,21,165,0,0,8,6,0,128,188,141,157,223,157,223,157,223,157,223,0,223,180,223,185,223,190,223,157,223,157,223,2,141,216,0,165,26,140,252,141,211
2026-08-17_14-08-30,1,389,0,0.0,0,0.0,-1,-1,213,77,0,6,192,0,0,10,0,0,0,0,0,18,18,0,8,36,0,0,3,0,0,0,0,0,0,25,117,1,3,1,1,31,0,47,159,221,144,218,62,220,62,220,195,221,165,218,201,218,177,219,3,255,2,103,0,8,2,2,15,0,0,0,0,0,0,0,0,0,191,95,62,49,131,32,39,0,64,0,0,0,0,202,36,82,49,198,21,165,0,0,8,6,0,128,188,141,157,223,157,223,157,223,157,223,0,223,180,223,185,223,190,223,157,223,157,223,2,141,216,0,165,26,140,252,141,211,217,210,0,6,192,0,0,134,0,0,0,0,0,18,18,0,8,36,0,0,3,0,0,0,0,0,0,25,116,1,3,1,1,31,0,47,165,221,108,218,62,220,62,220,201,221,171,218,207,218,177,219,3,255,2,103,1,8,4,2,9,0,0,0,0,0,0,0,0,0,191,95,66,49,131,32,39,0,64,0,0,0,0,202,36,18,49,198,21,165,0,0,8,6,0,128,188,141,157,223,157,223,157,223,157,223,0,223,180,223,185,223,190,223,157,223,157,223,2,141,216,0,165,26,140,252,141,211
2026-08-17_14-08-30,1,390,0,0.0,0,0.0,-1,-1,217,210,0,6,192,0,0,134,0,0,0,0,0,18,18,0,8,36,0,0,3,0,0,0,0,0,0,25,116,1,3,1,1,31,0,47,165,221,108,218,62,220,62,220,201,221,171,218,207,218,177,219,3,255,2,103,1,8,4,2,9,0,0,0,0,0,0,0,0,0,191,95,66,49,131,32,39,0,64,0,0,0,0,202,36,18,49,198,21,165,0,0,8,6,0,128,188,141,157,223,157,223,157,223,157,223,0,223,180,223,185,223,190,223,157,223,157,223,2,141,216,0,165,26,140,252,141,211,221,36,0,6,192,0,0,2,0,0,0,0,0,18,18,0,8,36,0,0,3,0,0,0,0,0,0,25,115,1,3,1,1,31,0,47,172,221,108,218,62,220,62,220,208,221,178,218,214,218,177,219,3,255,2,103,1,8,0,2,2,0,0,0,0,0,0,0,0,0,191,95,71,49,131,32,39,0,64,0,0,0,0,202,36,194,49,198,21,165,0,0,8,6,0,128,188,141,157,223,157,223,157,223,157,223,0,223,180,223,185,223,190,223,157,223,157,223,2,141,216,0,165,26,140,252,141,211
2026-08-17_14-08-30,1,391,0,0.0,0,0.0,-1,-1,221,36,0,6,192,0,0,2,0,0,0,0,0,18,18,0,8,36,0,0,3,0,0,0,0,0,0,25,115,1,3,1,1,31,0,47,172,221,108,218,62,220,62,220,208,221,178,218,214,218,177,219,3,255,2,103,1,8,0,2,2,0,0,0,0,0,0,0,0,0,191,95,71,49,131,32,39,0,64,0,0,0,0,202,36,194,49,198,21,165,0,0,8,6,0,128,188,141,157,223,157,223,157,223,157,223,0,223,180,223,185,223,190,223,157,223,157,223,2,141,216,0,165,26,140,252,141,211,225,64,0,6,192,0,0,126,0,0,0,0,0,18,18,0,8,36,0,0,3,0,0,0,0,0,0,25,114,1,3,1,1,31,0,47,72,218,144,218,62,220,62,220,209,221,179,218,215,218,177,219,3,255,2,103,2,8,2,2,0,0,0,0,0,0,0,0,0,0,191,95,75,49,131,32,39,0,64,0,0,0,0,202,36,115,49,198,21,165,0,0,8,5,0,128,188,141,157,223,157,223,157,223,157,223,0,223,180,223,185,223,190,223,157,223,157,223,2,141,216,0,165,26,140,252,141,211
2026-08-17_14-08-30,1,392,0,0.0,0,0.0,-1,-1,225,64,0,6,192,0,0,126,0,0,0,0,0,18,18,0,8,36,0,0,3,0,0,0,0,0,0,25,114,1,3,1,1,31,0,47,72,218,144,218,62,220,62,220,209,221,179,218,215,218,177,219,3,255,2,103,2,8,2,2,0,0,0,0,0,0,0,0,0,0,191,95,75,49,131,32,39,0,64,0,0,0,0,202,36,115,49,198,21,165,0,0,8,5,0,128,188,141,157,223,157,223,157,223,157,223,0,223,180,223,185,223,190,223,157,223,157,223,2,141,216,0,165,26,140,252,141,211,229,4,0,6,192,0,0,250,0,0,0,0,0,18,18,0,8,36,0,0,3,0,0,0,0,0,0,25,113,1,3,1,1,31,0,47,72,218,144,218,62,220,62,220,209,221,179,218,215,218,177,219,3,255,2,103,3,8,4,2,0,0,0,0,0,0,0,0,0,0,191,95,79,49,131,32,39,0,64,0,0,0,0,202,36,51,49,198,21,165,0,0,8,5,0,128,188,141,157,223,157,223,157,223,157,223,0,223,180,223,185,223,190,223,157,223,157,223,2,141,216,0,165,26,140,252,141,211
2026-08-17_14-08-30,1,393,0,0.0,0,0.0,-1,-1,229,4,0,6,192,0,0,250,0,0,0,0,0,18,18,0,8,36,0,0,3,0,0,0,0,0,0,25,113,1,3,1,1,31,0,47,72,218,144,218,62,220,62,220,209,221,179,218,215,218,177,219,3,255,2,103,3,8,4,2,0,0,0,0,0,0,0,0,0,0,191,95,79,49,131,32,39,0,64,0,0,0,0,202,36,51,49,198,21,165,0,0,8,5,0,128,188,141,157,223,157,223,157,223,157,223,0,223,180,223,185,223,190,223,157,223,157,223,2,141,216,0,165,26,140,252,141,211,233,66,0,6,64,0,0,118,0,0,0,0,0,18,18,0,8,36,0,0,3,0,0,0,0,0,0,25,112,1,3,1,1,31,0,47,72,218,108,218,62,220,62,220,209,221,179,218,215,218,177,219,3,255,2,103,3,8,0,2,0,0,0,0,0,0,0,0,0,0,191,95,84,49,131,32,39,0,64,0,0,0,0,202,36,227,49,198,21,165,0,0,8,5,0,128,188,141,157,223,157,223,157,223,157,223,0,223,180,223,185,223,190,223,157,223,157,223,2,141,216,0,165,26,140,252,141,211
2026-08-17_14-08-30,1,394,0,0.0,0,0.0,-1,-1,233,66,0,6,64,0,0,118,0,0,0,0,0,18,18,0,8,36,0,0,3,0,0,0,0,0,0,25,112,1,3,1,1,31,0,47,72,218,108,218,62,220,62,220,209,221,179,218,215,218,177,219,3,255,2,103,3,8,0,2,0,0,0,0,0,0,0,0,0,0,191,95,84,49,131,32,39,0,64,0,0,0,0,202,36,227,49,198,21,165,0,0,8,5,0,128,188,141,157,223,157,223,157,223,157,223,0,223,180,223,185,223,190,223,157,223,157,223,2,141,216,0,165,26,140,252,141,211,237,37,0,6,64,0,0,242,0,0,0,0,0,18,18,0,8,36,0,0,3,0,0,0,0,0,0,25,105,1,3,1,1,31,0,47,72,218,108,218,62,220,62,220,209,221,179,218,215,218,177,219,3,255,2,103,0,8,2,1,0,0,0,0,0,0,0,0,0,0,191,95,88,49,131,32,39,0,64,0,0,0,0,202,36,163,49,198,21,165,0,0,8,5,0,128,188,141,157,223,157,223,157,223,157,223,0,223,180,223,185,223,190,223,157,223,157,223,2,141,216,0,165,26,140,252,141,211
2026-08-17_14-08-30,1,395,0,0.0,0,0.0,-1,-1,237,37,0,6,64,0,0,242,0,0,0,0,0,18,18,0,8,36,0,0,3,0,0,0,0,0,0,25,105,1,3,1,1,31,0,47,72,218,108,218,62,220,62,220,209,221,179,218,215,218,177,219,3,255,2,103,0,8,2,1,0,0,0,0,0,0,0,0,0,0,191,95,88,49,131,32,39,0,64,0,0,0,0,202,36,163,49,198,21,165,0,0,8,5,0,128,188,141,157,223,157,223,157,223,157,223,0,223,180,223,185,223,190,223,157,223,157,223,2,141,216,0,165,26,140,252,141,211,241,80,0,6,64,0,0,110,0,0,0,0,0,18,18,0,8,36,0,0,3,0,0,0,0,0,0,25,104,1,3,1,1,31,0,47,72,218,144,218,62,220,62,220,209,221,179,218,215,218,177,219,3,255,2,103,1,8,4,1,0,0,0,0,0,0,0,0,0,0,191,95,93,49,131,32,39,0,64,0,0,0,0,202,36,68,49,198,21,165,0,0,8,5,0,128,188,141,157,223,157,223,157,223,157,223,0,223,180,223,185,223,190,223,157,223,157,223,2,141,216,0,165,26,140,252,141,211
2026-08-17_14-08-30,1,396,0,0.0,0,0.0,-1,-1,241,80,0,6,64,0,0,110,0,0,0,0,0,18,18,0,8,36,0,0,3,0,0,0,0,0,0,25,104,1,3,1,1,31,0,47,72,218,144,218,62,220,62,220,209,221,179,218,215,218,177,219,3,255,2,103,1,8,4,1,0,0,0,0,0,0,0,0,0,0,191,95,93,49,131,32,39,0,64,0,0,0,0,202,36,68,49,198,21,165,0,0,8,5,0,128,188,141,157,223,157,223,157,223,157,223,0,223,180,223,185,223,190,223,157,223,157,223,2,141,216,0,165,26,140,252,141,211,245,13,0,6,64,0,0,234,0,0,0,0,0,18,18,0,8,36,0,0,3,0,0,0,0,0,0,25,103,1,3,1,1,31,0,47,72,218,144,218,62,220,62,220,209,221,179,218,215,218,177,219,3,255,2,103,1,8,0,1,0,0,0,0,0,0,0,0,0,0,191,95,97,49,131,32,39,0,64,0,0,0,0,202,36,4,49,198,21,165,0,0,8,5,0,128,188,141,157,223,157,223,157,223,157,223,0,223,180,223,185,223,190,223,157,223,157,223,2,141,216,0,165,26,140,252,141,211
2026-08-17_14-08-30,1,397,0,0.0,0,0.0,-1,-1,245,13,0,6,64,0,0,234,0,0,0,0,0,18,18,0,8,36,0,0,3,0,0,0,0,0,0,25,103,1,3,1,1,31,0,47,72,218,144,218,62,220,62,220,209,221,179,218,215,218,177,219,3,255,2,103,1,8,0,1,0,0,0,0,0,0,0,0,0,0,191,95,97,49,131,32,39,0,64,0,0,0,0,202,36,4,49,198,21,165,0,0,8,5,0,128,188,141,157,223,157,223,157,223,157,223,0,223,180,223,185,223,190,223,157,223,157,223,2,141,216,0,165,26,140,252,141,211,249,214,0,6,64,0,0,102,0,0,0,0,0,18,18,0,8,36,0,0,3,0,0,0,0,0,0,25,102,1,3,1,1,31,0,47,72,218,108,218,62,220,62,220,209,221,179,218,215,218,177,219,3,255,2,103,2,8,2,1,0,0,0,0,0,0,0,0,0,0,191,95,102,49,131,32,39,0,64,0,0,0,0,202,36,180,49,198,21,165,0,0,8,5,0,128,188,141,157,223,157,223,157,223,157,223,0,223,180,223,185,223,190,223,157,223,157,223,2,141,216,0,165,26,140,252,141,211
2026-08-17_14-08-30,1,398,1,0.0,0,0.0,-1,-1,249,214,0,6,64,0,0,102,0,0,0,0,0,18,18,0,8,36,0,0,3,0,0,0,0,0,0,25,102,1,3,1,1,31,0,47,72,218,108,218,62,220,62,220,209,221,179,218,215,218,177,219,3,255,2,103,2,8,2,1,0,0,0,0,0,0,0,0,0,0,191,95,102,49,131,32,39,0,64,0,0,0,0,202,36,180,49,198,21,165,0,0,8,5,0,128,188,141,157,223,157,223,157,223,157,223,0,223,180,223,185,223,190,223,157,223,157,223,2,141,216,0,165,26,140,252,141,211,253,102,0,6,128,0,0,226,0,0,0,0,0,18,18,0,8,36,0,0,3,0,0,0,0,0,0,25,101,1,3,1,1,31,0,47,165,221,108,218,62,220,62,220,201,221,171,218,207,218,177,219,3,255,2,103,3,8,4,1,9,0,0,0,0,0,0,0,0,0,191,95,106,49,131,32,39,0,64,0,0,0,0,202,36,101,49,198,21,165,0,0,8,6,0,128,188,141,157,223,157,223,157,223,157,223,0,223,180,223,185,223,190,223,157,223,157,223,2,141,216,0,165,26,140,252,141,211
2026-08-17_14-08-30,1,399,1,0.0,0,0.0,-1,-1,253,102,0,6,128,0,0,226,0,0,0,0,0,18,18,0,8,36,0,0,3,0,0,0,0,0,0,25,101,1,3,1,1,31,0,47,165,221,108,218,62,220,62,220,201,221,171,218,207,218,177,219,3,255,2,103,3,8,4,1,9,0,0,0,0,0,0,0,0,0,191,95,106,49,131,32,39,0,64,0,0,0,0,202,36,101,49,198,21,165,0,0,8,6,0,128,188,141,157,223,157,223,157,223,157,223,0,223,180,223,185,223,190,223,157,223,157,223,2,141,216,0,165,26,140,252,141,211,1,101,0,7,128,0,0,94,0,0,0,0,0,18,18,0,8,36,0,0,3,0,0,0,0,0,0,25,100,1,3,1,1,31,0,47,159,221,144,218,62,220,62,220,195,221,165,218,201,218,177,219,3,255,2,103,3,8,0,1,15,0,0,0,0,0,0,0,0,0,191,95,111,49,131,32,39,0,64,0,0,0,0,202,36,21,49,198,21,165,0,0,8,6,0,128,188,141,157,223,157,223,157,223,157,223,0,223,180,223,185,223,190,223,157,223,157,223,2,141,216,0,165,26,140,252,141,211
2026-08-17_14-08-30,1,400,1,0.0,0,0.0,-1,-1,1,101,0,7,128,0,0,94,0,0,0,0,0,18,18,0,8,36,0,0,3,0,0,0,0,0,0,25,100,1,3,1,1,31,0,47,159,221,144,218,62,220,62,220,195,221,165,218,201,218,177,219,3,255,2,103,3,8,0,1,15,0,0,0,0,0,0,0,0,0,191,95,111,49,131,32,39,0,64,0,0,0,0,202,36,21,49,198,21,165,0,0,8,6,0,128,188,141,157,223,157,223,157,223,157,223,0,223,180,223,185,223,190,223,157,223,157,223,2,141,216,0,165,26,140,252,141,211,5,84,0,7,128,0,0,218,0,0,0,0,0,18,18,0,8,36,0,0,3,0,0,0,0,0,0,25,99,1,3,1,1,31,0,47,154,221,144,218,62,220,62,220,190,221,160,218,196,218,177,219,3,255,2,103,0,8,2,0,20,0,0,0,0,0,0,0,0,0,191,95,115,49,131,32,39,0,64,0,0,0,0,202,36,213,49,198,21,165,0,0,8,6,0,128,188,141,157,223,157,223,157,223,157,223,0,223,180,223,185,223,190,223,157,223,157,223,2,141,216,0,165,26,140,252,141,211
2026-08-17_14-08-30,1,401,1,0.0,0,0.0,-1,-1,5,84,0,7,128,0,0,218,0,0,0,0,0,18,18,0,8,36,0,0,3,0,0,0,0,0,0,25,99,1,3,1,1,31,0,47,154,221,144,218,62,220,62,220,190,221,160,218,196,218,177,219,3,255,2,103,0,8,2,0,20,0,0,0,0,0,0,0,0,0,191,95,115,49,131,32,39,0,64,0,0,0,0,202,36,213,49,198,21,165,0,0,8,6,0,128,188,141,157,223,157,223,157,223,157,223,0,223,180,223,185,223,190,223,157,223,157,223,2,141,216,0,165,26,140,252,141,211,9,79,0,7,192,0,0,86,0,0,0,0,0,18,18,0,8,36,0,0,3,0,0,0,0,0,0,25,98,1,3,1,1,31,0,47,149,221,108,218,62,220,62,220,185,221,155,218,191,218,177,219,3,255,2,103,1,8,4,0,25,0,0,0,0,0,0,0,0,0,191,95,120,49,131,32,39,0,64,0,0,0,0,202,36,118,49,198,21,165,0,0,8,6,0,128,188,141,157,223,157,223,157,223,157,223,0,223,180,223,185,223,190,223,157,223,157,223,2,141,216,0,165,26,140,252,141,211
2026-08-17_14-08-30,1,402,0,0.0,0,0.0,-1,-1,9,79,0,7,192,0,0,86,0,0,0,0,0,18,18,0,8,36,0,0,3,0,0,0,0,0,0,25,98,1,3,1,1,31,0,47,149,221,108,218,62,220,62,220,185,221,155,218,191,218,177,219,3,255,2,103,1,8,4,0,25,0,0,0,0,0,0,0,0,0,191,95,120,49,131,32,39,0,64,0,0,0,0,202,36,118,49,198,21,165,0,0,8,6,0,128,188,141,157,223,157,223,157,223,157,223,0,223,180,223,185,223,190,223,157,223,157,223,2,141,216,0,165,26,140,252,141,211,13,243,0,7,192,0,0,179,0,0,0,0,0,18,18,0,8,36,0,0,3,0,0,0,0,0,0,25,97,1,3,1,1,31,0,47,154,221,108,218,62,220,62,220,190,221,160,218,196,218,177,219,3,255,2,103,1,8,0,0,20,128,0,0,0,0,0,0,0,0,191,95,123,49,131,32,39,0,64,0,0,0,0,202,36,70,49,198,21,165,0,0,8,6,0,128,188,141,157,223,157,223,157,223,157,223,0,223,180,223,185,223,190,223,157,223,157,223,2,141,216,0,165,26,140,252,141,211
2026-08-17_14-08-30,1,403,0,0.0,0,0.0,-1,-1,13,243,0,7,192,0,0,179,0,0,0,0,0,18,18,0,8,36,0,0,3,0,0,0,0,0,0,25,97,1,3,1,1,31,0,47,154,221,108,218,62,220,62,220,190,221,160,218,196,218,177,219,3,255,2,103,1,8,0,0,20,128,0,0,0,0,0,0,0,0,191,95,123,49,131,32,39,0,64,0,0,0,0,202,36,70,49,198,21,165,0,0,8,6,0,128,188,141,157,223,157,223,157,223,157,223,0,223,180,223,185,223,190,223,157,223,157,223,2,141,216,0,165,26,140,252,141,211,17,54,0,7,192,0,0,179,0,0,0,0,0,18,18,0,8,36,0,0,3,0,0,0,0,0,0,25,96,1,3,1,1,31,0,47,159,221,108,218,62,220,62,220,195,221,165,218,201,218,177,219,3,255,2,103,2,8,2,0,15,128,0,0,0,0,0,0,0,0,191,95,123,49,131,31,39,0,64,0,0,0,0,202,36,70,49,198,37,165,0,0,8,6,0,128,188,141,157,223,157,223,157,223,157,223,0,223,180,223,185,223,190,223,157,223,157,223,2,141,216,0,165,26,140,252,141,211
2026-08-17_14-08-30,1,404,0,0.0,0,0.0,-1,-1,17,54,0,7,192,0,0,179,0,0,0,0,0,18,18,0,8,36,0,0,3,0,0,0,0,0,0,25,96,1,3,1,1,31,0,47,159,221,108,218,62,220,62,220,195,221,165,218,201,218,177,219,3,255,2,103,2,8,2,0,15,128,0,0,0,0,0,0,0,0,191,95,123,49,131,31,39,0,64,0,0,0,0,202,36,70,49,198,37,165,0,0,8,6,0,128,188,141,157,223,157,223,157,223,157,223,0,223,180,223,185,223,190,223,157,223,157,223,2,141,216,0,165,26,140,252,141,211,21,104,0,7,192,0,0,179,0,0,0,0,0,18,18,0,8,36,0,0,3,0,0,0,0,0,0,25,89,1,3,1,1,31,0,47,165,221,108,218,62,220,62,220,201,221,171,218,207,218,177,219,3,255,2,103,3,8,4,0,9,128,0,0,0,0,0,0,0,0,191,95,123,49,131,31,39,0,64,0,0,0,0,202,36,70,49,198,37,165,0,0,8,6,0,128,188,141,157,223,157,223,157,223,157,223,0,223,180,223,185,223,190,223,157,223,157,223,2,141,216,0,165,26,140,252,141,211
2026-08-17_14-08-30,1,405,0,0.0,0,0.0,-1,-1,21,104,0,7,192,0,0,179,0,0,0,0,0,18,18,0,8,36,0,0,3,0,0,0,0,0,0,25,89,1,3,1,1,31,0,47,165,221,108,218,62,220,62,220,201,221,171,218,207,218,177,219,3,255,2,103,3,8,4,0,9,128,0,0,0,0,0,0,0,0,191,95,123,49,131,31,39,0,64,0,0,0,0,202,36,70,49,198,37,165,0,0,8,6,0,128,188,141,157,223,157,223,157,223,157,223,0,223,180,223,185,223,190,223,157,223,157,223,2,141,216,0,165,26,140,252,141,211,25,130,0,7,192,0,0,179,0,0,0,0,0,18,18,0,8,36,0,0,3,0,0,0,0,0,0,25,88,1,3,1,1,31,0,47,172,221,108,218,62,220,62,220,208,221,178,218,214,218,177,219,3,255,2,103,3,8,0,0,2,128,0,0,0,0,0,0,0,0,191,95,123,49,131,31,39,0,64,0,0,0,0,202,36,70,49,198,37,165,0,0,8,6,0,128,188,141,157,223,157,223,157,223,157,223,0,223,180,223,185,223,190,223,157,223,157,223,2,141,216,0,165,26,140,252,141,211
2026-08-17_14-08-30,1,406,1,0.0,0,0.0,-1,-1,25,130,0,7,192,0,0,179,0,0,0,0,0,18,18,0,8,36,0,0,3,0,0,0,0,0,0,25,88,1,3,1,1,31,0,47,172,221,108,218,62,220,62,220,208,221,178,218,214,218,177,219,3,255,2,103,3,8,0,0,2,128,0,0,0,0,0,0,0,0,191,95,123,49,131,31,39,0,64,0,0,0,0,202,36,70,49,198,37,165,0,0,8,6,0,128,188,141,157,223,157,223,157,223,157,223,0,223,180,223,185,223,190,223,157,223,157,223,2,141,216,0,165,26,140,252,141,211,29,41,0,7,192,0,0,179,0,0,0,0,0,18,18,0,8,36,0,0,3,0,0,0,0,0,0,25,87,1,3,1,1,31,0,47,72,218,108,218,62,220,62,220,209,221,179,218,215,218,177,219,3,255,2,103,4,8,2,255,0,128,0,0,0,0,0,0,0,0,191,95,123,49,131,31,39,0,64,0,0,0,0,202,36,70,49,198,37,165,0,0,8,5,0,128,188,141,157,223,157,223,157,223,157,223,0,223,180,223,185,223,190,223,157,223,157,223,2,141,216,0,165,26,140,252,141,211
2026-08-17_14-08-30,1,407,0,0.0,0,0.0,-1,-1,29,41,0,7,192,0,0,179,0,0,0,0,0,18,18,0,8,36,0,0,3,0,0,0,0,0,0,25,87,1,3,1,1,31,0,47,72,218,108,218,62,220,62,220,209,221,179,218,215,218,177,219,3,255,2,103,4,8,2,255,0,128,0,0,0,0,0,0,0,0,191,95,123,49,131,31,39,0,64,0,0,0,0,202,36,70,49,198,37,165,0,0,8,5,0,128,188,141,157,223,157,223,157,223,157,223,0,223,180,223,185,223,190,223,157,223,157,223,2,141,216,0,165,26,140,252,141,211,33,150,0,7,192,0,0,179,0,0,0,0,0,18,18,0,8,36,0,0,3,0,0,0,0,0,0,25,86,1,3,1,1,31,0,47,72,218,108,218,62,220,62,220,209,221,179,218,215,218,177,219,3,255,2,103,5,8,4,254,0,128,0,0,0,0,0,0,0,0,191,95,123,49,131,30,39,0,64,0,0,0,0,202,36,70,49,198,53,165,0,0,8,5,0,128,188,141,157,223,157,223,157,223,157,223,0,223,180,223,185,223,190,223,157,223,157,223,2,141,216,0,165,26,140,252,141,211
2026-08-17_14-08-30,1,408,0,0.0,0,0.0,-1,-1,33,150,0,7,192,0,0,179,0,0,0,0,0,18,18,0,8,36,0,0,3,0,0,0,0,0,0,25,86,1,3,1,1,31,0,47,72,218,108,218,62,220,62,220,209,221,179,218,215,218,177,219,3,255,2,103,5,8,4,254,0,128,0,0,0,0,0,0,0,0,191,95,123,49,131,30,39,0,64,0,0,0,0,202,36,70,49,198,53,165,0,0,8,5,0,128,188,141,157,223,157,223,157,223,157,223,0,223,180,223,185,223,190,223,157,223,157,223,2,141,216,0,165,26,140,252,141,211,37,98,0,7,192,0,0,179,0,0,0,0,0,18,18,0,8,36,0,0,3,0,0,0,0,0,0,25,85,1,3,1,1,31,0,47,72,218,108,218,62,220,62,220,209,221,179,218,215,218,177,219,3,255,2,103,5,8,0,254,0,128,0,0,0,0,0,0,0,0,191,95,123,49,131,30,39,0,64,0,0,0,0,202,36,70,49,198,53,165,0,0,8,5,0,128,188,141,157,223,157,223,157,223,157,223,0,223,180,223,185,223,190,223,157,223,157,223,2,141,216,0,165,26,140,252,141,211
2026-08-17_14-08-30,1,409,1,0.0,0,0.0,-1,-1,37,98,0,7,192,0,0,179,0,0,0,0,0,18,18,0,8,36,0,0,3,0,0,0,0,0,0,25,85,1,3,1,1,31,0,47,72,218,108,218,62,220,62,220,209,221,179,218,215,218,177,219,3,255,2,103,5,8,0,254,0,128,0,0,0,0,0,0,0,0,191,95,123,49,131,30,39,0,64,0,0,0,0,202,36,70,49,198,53,165,0,0,8,5,0,128,188,141,157,223,157,223,157,223,157,223,0,223,180,223,185,223,190,223,157,223,157,223,2,141,216,0,165,26,140,252,141,211,41,39,0,7,192,0,0,179,0,0,0,0,0,18,18,0,8,36,0,0,3,0,0,0,0,0,0,25,84,1,3,1,1,31,0,47,72,218,108,218,62,220,62,220,209,221,179,218,215,218,177,219,3,255,2,103,6,8,2,253,0,128,0,0,0,0,0,0,0,0,191,95,123,49,131,30,39,0,64,0,0,0,0,202,36,70,49,198,53,165,0,0,8,5,0,128,188,141,157,223,157,223,157,223,157,223,0,223,180,223,185,223,190,223,157,223,157,223,2,141,216,0,165,26,140,252,141,211
2026-08-17_14-08-30,1,410,0,0.0,0,0.0,-1,-1,41,39,0,7,192,0,0,179,0,0,0,0,0,18,18,0,8,36,0,0,3,0,0,0,0,0,0,25,84,1,3,1,1,31,0,47,72,218,108,218,62,220,62,220,209,221,179,218,215,218,177,219,3,255,2,103,6,8,2,253,0,128,0,0,0,0,0,0,0,0,191,95,123,49,131,30,39,0,64,0,0,0,0,202,36,70,49,198,53,165,0,0,8,5,0,128,188,141,157,223,157,223,157,223,157,223,0,223,180,223,185,223,190,223,157,223,157,223,2,141,216,0,165,26,140,252,141,211,45,113,0,7,192,0,0,179,0,0,0,0,0,18,18,0,8,36,0,0,3,0,0,0,0,0,0,25,83,1,3,1,1,31,0,47,72,218,108,218,62,220,62,220,209,221,179,218,215,218,177,219,3,255,2,103,7,8,4,252,0,128,0,0,0,0,0,0,0,0,191,95,123,49,131,30,39,0,64,0,0,0,0,202,36,70,49,198,53,165,0,0,8,5,0,128,188,141,157,223,157,223,157,223,157,223,0,223,180,223,185,223,190,223,157,223,157,223,2,141,216,0,165,26,140,252,141,211
2026-08-17_14-08-30,1,411,0,0.0,0,0.0,-1,-1,45,113,0,7,192,0,0,179,0,0,0,0,0,18,18,0,8,36,0,0,3,0,0,0,0,0,0,25,83,1,3,1,1,31,0,47,72,218,108,218,62,220,62,220,209,221,179,218,215,218,177,219,3,255,2,103,7,8,4,252,0,128,0,0,0,0,0,0,0,0,191,95,123,49,131,30,39,0,64,0,0,0,0,202,36,70,49,198,53,165,0,0,8,5,0,128,188,141,157,223,157,223,157,223,157,223,0,223,180,223,185,223,190,223,157,223,157,223,2,141,216,0,165,26,140,252,141,211,49,31,0,7,192,0,0,179,0,0,0,0,0,18,18,0,8,36,0,0,3,0,0,0,0,0,0,25,82,1,3,1,1,31,0,47,72,218,108,218,62,220,62,220,209,221,179,218,215,218,177,219,3,255,2,103,7,8,0,252,0,128,0,0,0,0,0,0,0,0,191,95,123,49,131,29,39,0,64,0,0,0,0,202,36,70,49,198,69,165,0,0,8,5,0,128,188,141,157,223,157,223,157,223,157,223,0,223,180,223,185,223,190,223,157,223,157,223,2,141,216,0,165,26,140,252,141,211
2026-08-17_14-08-30,1,412,1,0.0,0,0.0,-1,-1,49,31,0,7,192,0,0,179,0,0,0,0,0,18,18,0,8,36,0,0,3,0,0,0,0,0,0,25,82,1,3,1,1,31,0,47,72,218,108,218,62,220,62,220,209,221,179,218,215,218,177,219,3,255,2,103,7,8,0,252,0,128,0,0,0,0,0,0,0,0,191,95,123,49,131,29,39,0,64,0,0,0,0,202,36,70,49,198,69,165,0,0,8,5,0,128,188,141,157,223,157,223,157,223,157,223,0,223,180,223,185,223,190,223,157,223,157,223,2,141,216,0,165,26,140,252,141,211,53,254,0,7,192,0,0,179,0,0,0,0,0,18,18,0,8,36,0,0,3,0,0,0,0,0,0,25,81,1,3,1,1,31,0,47,72,218,108,218,62,220,62,220,209,221,179,218,215,218,177,219,3,255,2,103,0,7,2,2,0,128,0,0,0,0,0,0,0,0,191,95,123,49,131,29,39,0,64,0,0,0,0,202,36,70,49,198,69,165,0,0,8,5,0,128,188,141,157,223,157,223,157,223,157,223,0,223,180,223,185,223,190,223,157,223,157,223,2,141,216,0,165,26,140,252,141,211
2026-08-17_14-08-30,1,413,0,0.0,0,0.0,-1,-1,53,254,0,7,192,0,0,179,0,0,0,0,0,18,18,0,8,36,0,0,3,0,0,0,0,0,0,25,81,1,3,1,1,31,0,47,72,218,108,218,62,220,62,220,209,221,179,218,215,218,177,219,3,255,2,103,0,7,2,2,0,128,0,0,0,0,0,0,0,0,191,95,123,49,131,29,39,0,64,0,0,0,0,202,36,70,49,198,69,165,0,0,8,5,0,128,188,141,157,223,157,223,157,223,157,223,0,223,180,223,185,223,190,223,157,223,157,223,2,141,216,0,165,26,140,252,141,211,57,224,0,7,192,0,0,179,0,0,0,0,0,18,18,0,8,36,0,0,3,0,0,0,0,0,0,25,80,1,3,1,1,31,0,47,72,218,108,218,62,220,62,220,209,221,179,218,215,218,177,219,3,255,2,103,1,7,4,2,0,128,0,0,0,0,0,0,0,0,191,95,123,49,131,29,39,0,64,0,0,0,0,202,36,70,49,198,69,165,0,0,8,5,0,128,188,141,157,223,157,223,157,223,157,223,0,223,180,223,185,223,190,223,157,223,157,223,2,141,216,0,165,26,140,252,141,211
2026-08-17_14-08-30,1,414,0,0.0,0,0.0,-1,-1,57,224,0,7,192,0,0,179,0,0,0,0,0,18,18,0,8,36,0,0,3,0,0,0,0,0,0,25,80,1,3,1,1,31,0,47,72,218,108,218,62,220,62,220,209,221,179,218,215,218,177,219,3,255,2,103,1,7,4,2,0,128,0,0,0,0,0,0,0,0,191,95,123,49,131,29,39,0,64,0,0,0,0,202,36,70,49,198,69,165,0,0,8,5,0,128,188,141,157,223,157,223,157,223,157,223,0,223,180,223,185,223,190,223,157,223,157,223,2,141,216,0,165,26,140,252,141,211,61,14,0,7,64,0,0,179,0,0,0,0,0,18,18,0,8,36,0,0,3,0,0,0,0,0,0,25,73,1,3,1,1,31,0,47,72,218,108,218,62,220,62,220,209,221,179,218,215,218,177,219,3,255,2,103,1,7,0,2,0,128,0,0,0,0,0,0,0,0,191,95,123,49,131,29,39,0,64,0,0,0,0,202,36,70,49,198,69,165,0,0,8,5,0,128,188,141,157,223,157,223,157,223,157,223,0,223,180,223,185,223,190,223,157,223,157,223,2,141,216,0,165,26,140,252,141,211
2026-08-17_14-08-30,1,415,1,0.0,0,0.0,-1,-1,61,14,0,7,64,0,0,179,0,0,0,0,0,18,18,0,8,36,0,0,3,0,0,0,0,0,0,25,73,1,3,1,1,31,0,47,72,218,108,218,62,220,62,220,209,221,179,218,215,218,177,219,3,255,2,103,1,7,0,2,0,128,0,0,0,0,0,0,0,0,191,95,123,49,131,29,39,0,64,0,0,0,0,202,36,70,49,198,69,165,0,0,8,5,0,128,188,141,157,223,157,223,157,223,157,223,0,223,180,223,185,223,190,223,157,223,157,223,2,141,216,0,165,26,140,252,141,211,65,231,0,7,128,0,0,179,0,0,0,0,0,18,18,0,8,36,0,0,3,0,0,0,0,0,0,25,72,1,3,1,1,31,0,47,165,221,108,218,62,220,62,220,201,221,171,218,207,218,177,219,3,255,2,103,2,7,2,2,9,128,0,0,0,0,0,0,0,0,191,95,123,49,131,28,39,0,64,0,0,0,0,202,36,70,49,198,85,165,0,0,8,6,0,128,188,141,157,223,157,223,157,223,157,223,0,223,180,223,185,223,190,223,157,223,157,223,2,141,216,0,165,26,140,252,141,211
2026-08-17_14-08-30,1,416,1,0.0,0,0.0,-1,-1,65,231,0,7,128,0,0,179,0,0,0,0,0,18,18,0,8,36,0,0,3,0,0,0,0,0,0,25,72,1,3,1,1,31,0,47,165,221,108,218,62,220,62,220,201,221,171,218,207,218,177,219,3,255,2,103,2,7,2,2,9,128,0,0,0,0,0,0,0,0,191,95,123,49,131,28,39,0,64,0,0,0,0,202,36,70,49,198,85,165,0,0,8,6,0,128,188,141,157,223,157,223,157,223,157,223,0,223,180,223,185,223,190,223,157,223,157,223,2,141,216,0,165,26,140,252,141,211,69,125,0,7,128,0,0,179,0,0,0,0,0,18,18,0,8,36,0,0,3,0,0,0,0,0,0,25,71,1,3,1,1,31,0,47,159,221,108,218,62,220,62,220,195,221,165,218,201,218,177,219,3,255,2,103,3,7,4,2,15,128,0,0,0,0,0,0,0,0,191,95,123,49,131,28,39,0,64,0,0,0,0,202,36,70,49,198,85,165,0,0,8,6,0,128,188,141,157,223,157,223,157,223,157,223,0,223,180,223,185,223,190,223,157,223,157,223,2,141,216,0,165,26,140,252,141,211
2026-08-17_14-08-30,1,417,1,0.0,0,0.0,-1,-1,69,125,0,7,128,0,0,179,0,0,0,0,0,18,18,0,8,36,0,0,3,0,0,0,0,0,0,25,71,1,3,1,1,31,0,47,159,221,108,218,62,220,62,220,195,221,165,218,201,218,177,219,3,255,2,103,3,7,4,2,15,128,0,0,0,0,0,0,0,0,191,95,123,49,131,28,39,0,64,0,0,0,0,202,36,70,49,198,85,165,0,0,8,6,0,128,188,141,157,223,157,223,157,223,157,223,0,223,180,223,185,223,190,223,157,223,157,223,2,141,216,0,165,26,140,252,141,211,73,217,0,7,128,0,0,179,0,0,0,0,0,18,18,0,8,36,0,0,3,0,0,0,0,0,0,25,70,1,3,1,1,31,0,47,154,221,108,218,62,220,62,220,190,221,160,218,196,218,177,219,3,255,2,103,3,7,0,2,20,128,0,0,0,0,0,0,0,0,191,95,123,49,131,28,39,0,64,0,0,0,0,202,36,70,49,198,85,165,0,0,8,6,0,128,188,141,157,223,157,223,157,223,157,223,0,223,180,223,185,223,190,223,157,223,157,223,2,141,216,0,165,26,140,252,141,211
2026-08-17_14-08-30,1,418,1,0.0,0,0.0,-1,-1,73,217,0,7,128,0,0,179,0,0,0,0,0,18,18,0,8,36,0,0,3,0,0,0,0,0,0,25,70,1,3,1,1,31,0,47,154,221,108,218,62,220,62,220,190,221,160,218,196,218,177,219,3,255,2,103,3,7,0,2,20,128,0,0,0,0,0,0,0,0,191,95,123,49,131,28,39,0,64,0,0,0,0,202,36,70,49,198,85,165,0,0,8,6,0,128,188,141,157,223,157,223,157,223,157,223,0,223,180,223,185,223,190,223,157,223,157,223,2,141,216,0,165,26,140,252,141,211,77,145,0,7,128,0,0,179,0,0,0,0,0,18,18,0,8,36,0,0,3,0,0,0,0,0,0,25,69,1,3,1,1,31,0,47,150,221,108,218,62,220,62,220,186,221,156,218,192,218,177,219,3,255,2,103,0,7,2,1,24,128,0,0,0,0,0,0,0,0,191,95,123,49,131,28,39,0,64,0,0,0,0,202,36,70,49,198,85,165,0,0,8,6,0,128,188,141,157,223,157,223,157,223,157,223,0,223,180,223,185,223,190,223,157,223,157,223,2,141,216,0,165,26,140,252,141,211
2026-08-17_14-08-30,1,419,1,0.0,0,0.0,-1,-1,77,145,0,7,128,0,0,179,0,0,0,0,0,18,18,0,8,36,0,0,3,0,0,0,0,0,0,25,69,1,3,1,1,31,0,47,150,221,108,218,62,220,62,220,186,221,156,218,192,218,177,219,3,255,2,103,0,7,2,1,24,128,0,0,0,0,0,0,0,0,191,95,123,49,131,28,39,0,64,0,0,0,0,202,36,70,49,198,85,165,0,0,8,6,0,128,188,141,157,223,157,223,157,223,157,223,0,223,180,223,185,223,190,223,157,223,157,223,2,141,216,0,165,26,140,252,141,211,81,17,0,7,192,0,0,179,0,0,0,0,0,18,18,0,8,36,0,0,3,0,0,0,0,0,0,25,68,1,3,1,1,31,0,47,153,221,108,218,62,220,62,220,189,221,159,218,195,218,177,219,3,255,2,103,1,7,4,1,21,128,0,0,0,0,0,0,0,0,191,95,123,49,131,27,39,0,64,0,0,0,0,202,36,70,49,198,101,165,0,0,8,6,0,128,188,141,157,223,157,223,157,223,157,223,0,223,180,223,185,223,190,223,157,223,157,223,2,141,216,0,165,26,140,252,141,211
2026-08-17_14-08-30,1,420,0,0.0,0,0.0,-1,-1,81,17,0,7,192,0,0,179,0,0,0,0,0,18,18,0,8,36,0,0,3,0,0,0,0,0,0,25,68,1,3,1,1,31,0,47,153,221,108,218,62,220,62,220,189,221,159,218,195,218,177,219,3,255,2,103,1,7,4,1,21,128,0,0,0,0,0,0,0,0,191,95,123,49,131,27,39,0,64,0,0,0,0,202,36,70,49,198,101,165,0,0,8,6,0,128,188,141,157,223,157,223,157,223,157,223,0,223,180,223,185,223,190,223,157,223,157,223,2,141,216,0,165,26,140,252,141,211,85,25,0,7,192,0,0,179,0,0,0,0,0,18,18,0,8,36,0,0,3,0,0,0,0,0,0,25,67,1,3,1,1,31,0,47,158,221,108,218,62,220,62,220,194,221,164,218,200,218,177,219,3,255,2,103,1,7,0,1,16,128,0,0,0,0,0,0,0,0,191,95,123,49,131,27,39,0,64,0,0,0,0,202,36,70,49,198,101,165,0,0,8,6,0,128,188,141,157,223,157,223,157,223,157,223,0,223,180,223,185,223,190,223,157,223,157,223,2,141,216,0,165,26,140,252,141,211
2026-08-17_14-08-30,1,421,0,0.0,0,0.0,-1,-1,85,25,0,7,192,0,0,179,0,0,0,0,0,18,18,0,8,36,0,0,3,0,0,0,0,0,0,25,67,1,3,1,1,31,0,47,158,221,108,218,62,220,62,220,194,221,164,218,200,218,177,219,3,255,2,103,1,7,0,1,16,128,0,0,0,0,0,0,0,0,191,95,123,49,131,27,39,0,64,0,0,0,0,202,36,70,49,198,101,165,0,0,8,6,0,128,188,141,157,223,157,223,157,223,157,223,0,223,180,223,185,223,190,223,157,223,157,223,2,141,216,0,165,26,140,252,141,211,89,157,0,7,192,0,0,179,0,0,0,0,0,18,18,0,8,36,0,0,3,0,0,0,0,0,0,25,66,1,3,1,1,31,0,47,164,221,108,218,62,220,62,220,200,221,170,218,206,218,177,219,3,255,2,103,2,7,2,1,10,128,0,0,0,0,0,0,0,0,191,95,123,49,131,27,39,0,64,0,0,0,0,202,36,70,49,198,101,165,0,0,8,6,0,128,188,141,157,223,157,223,157,223,157,223,0,223,180,223,185,223,190,223,157,223,157,223,2,141,216,0,165,26,140,252,141,211
2026-08-17_14-08-30,1,422,0,0.0,0,0.0,-1,-1,89,157,0,7,192,0,0,179,0,0,0,0,0,18,18,0,8,36,0,0,3,0,0,0,0,0,0,25,66,1,3,1,1,31,0,47,164,221,108,218,62,220,62,220,200,221,170,218,206,218,177,219,3,255,2,103,2,7,2,1,10,128,0,0,0,0,0,0,0,0,191,95,123,49,131,27,39,0,64,0,0,0,0,202,36,70,49,198,101,165,0,0,8,6,0,128,188,141,157,223,157,223,157,223,157,223,0,223,180,223,185,223,190,223,157,223,157,223,2,141,216,0,165,26,140,252,141,211,93,215,0,7,192,0,0,179,0,0,0,0,0,18,18,0,8,36,0,0,3,0,0,0,0,0,0,25,65,1,3,1,1,31,0,47,171,221,108,218,62,220,62,220,207,221,177,218,213,218,177,219,3,255,2,103,3,7,4,1,3,128,0,0,0,0,0,0,0,0,191,95,123,49,131,27,39,0,64,0,0,0,0,202,36,70,49,198,101,165,0,0,8,6,0,128,188,141,157,223,157,223,157,223,157,223,0,223,180,223,185,223,190,223,157,223,157,223,2,141,216,0,165,26,140,252,141,211
2026-08-17_14-08-30,1,423,0,0.0,0,0.0,-1,-1,93,215,0,7,192,0,0,179,0,0,0,0,0,18,18,0,8,36,0,0,3,0,0,0,0,0,0,25,65,1,3,1,1,31,0,47,171,221,108,218,62,220,62,220,207,221,177,218,213,218,177,219,3,255,2,103,3,7,4,1,3,128,0,0,0,0,0,0,0,0,191,95,123,49,131,27,39,0,64,0,0,0,0,202,36,70,49,198,101,165,0,0,8,6,0,128,188,141,157,223,157,223,157,223,157,223,0,223,180,223,185,223,190,223,157,223,157,223,2,141,216,0,165,26,140,252,141,211,97,118,0,7,192,0,0,179,0,0,0,0,0,18,18,0,8,36,0,0,3,0,0,0,0,0,0,25,64,1,3,1,1,31,0,47,72,218,108,218,62,220,62,220,209,221,179,218,215,218,177,219,3,255,2,103,3,7,0,1,0,128,0,0,0,0,0,0,0,0,191,95,123,49,131,26,39,0,64,0,0,0,0,202,36,70,49,198,117,165,0,0,8,5,0,128,188,141,157,223,157,223,157,223,157,223,0,223,180,223,185,223,190,223,157,223,157,223,2,141,216,0,165,26,140,252,141,211
2026-08-17_14-08-30,1,424,0,0.0,0,0.0,-1,-1,97,118,0,7,192,0,0,179,0,0,0,0,0,18,18,0,8,36,0,0,3,0,0,0,0,0,0,25,64,1,3,1,1,31,0,47,72,218,108,218,62,220,62,220,209,221,179,218,215,218,177,219,3,255,2,103,3,7,0,1,0,128,0,0,0,0,0,0,0,0,191,95,123,49,131,26,39,0,64,0,0,0,0,202,36,70,49,198,117,165,0,0,8,5,0,128,188,141,157,223,157,223,157,223,157,223,0,223,180,223,185,223,190,223,157,223,157,223,2,141,216,0,165,26,140,252,141,211,101,108,0,7,192,0,0,179,0,0,0,0,0,18,18,0,8,36,0,0,3,0,0,0,0,0,0,25,57,1,3,1,1,31,0,47,72,218,108,218,62,220,62,220,209,221,179,218,215,218,177,219,3,255,2,103,0,7,2,0,0,128,0,0,0,0,0,0,0,0,191,95,123,49,131,26,39,0,64,0,0,0,0,202,36,70,49,198,117,165,0,0,8,5,0,128,188,141,157,223,157,223,157,223,157,223,0,223,180,223,185,223,190,223,157,223,157,223,2,141,216,0,165,26,140,252,141,211
2026-08-17_14-08-30,1,425,0,0.0,0,0.0,-1,-1,101,108,0,7,192,0,0,179,0,0,0,0,0,18,18,0,8,36,0,0,3,0,0,0,0,0,0,25,57,1,3,1,1,31,0,47,72,218,108,218,62,220,62,220,209,221,179,218,215,218,177,219,3,255,2,103,0,7,2,0,0,128,0,0,0,0,0,0,0,0,191,95,123,49,131,26,39,0,64,0,0,0,0,202,36,70,49,198,117,165,0,0,8,5,0,128,188,141,157,223,157,223,157,223,157,223,0,223,180,223,185,223,190,223,157,223,157,223,2,141,216,0,165,26,140,252,141,211,105,192,0,7,192,0,0,179,0,0,0,0,0,18,18,0,8,36,0,0,3,0,0,0,0,0,0,25,56,1,3,1,1,31,0,47,72,218,108,218,62,220,62,220,209,221,179,218,215,218,177,219,3,255,2,103,1,7,4,0,0,128,0,0,0,0,0,0,0,0,191,95,123,49,131,26,39,0,64,0,0,0,0,202,36,70,49,198,117,165,0,0,8,5,0,128,188,141,157,223,157,223,157,223,157,223,0,223,180,223,185,223,190,223,157,223,157,223,2,141,216,0,165,26,140,252,141,211
2026-08-17_14-08-30,1,426,0,0.0,0,0.0,-1,-1,105,192,0,7,192,0,0,179,0,0,0,0,0,18,18,0,8,36,0,0,3,0,0,0,0,0,0,25,56,1,3,1,1,31,0,47,72,218,108,218,62,220,62,220,209,221,179,218,215,218,177,219,3,255,2,103,1,7,4,0,0,128,0,0,0,0,0,0,0,0,191,95,123,49,131,26,39,0,64,0,0,0,0,202,36,70,49,198,117,165,0,0,8,5,0,128,188,141,157,223,157,223,157,223,157,223,0,223,180,223,185,223,190,223,157,223,157,223,2,141,216,0,165,26,140,252,141,211,109,12,0,7,64,0,0,179,0,0,0,0,0,18,18,0,8,36,0,0,3,0,0,0,0,0,0,25,55,1,3,1,1,31,0,47,72,218,108,218,62,220,62,220,209,221,179,218,215,218,177,219,3,255,2,103,1,7,0,0,0,128,0,0,0,0,0,0,0,0,191,95,123,49,131,26,39,0,64,0,0,0,0,202,36,70,49,198,117,165,0,0,8,5,0,128,188,141,157,223,157,223,157,223,157,223,0,223,180,223,185,223,190,223,157,223,157,223,2,141,216,0,165,26,140,252,141,211
2026-08-17_14-08-30,1,427,0,0.0,0,0.0,-1,-1,109,12,0,7,64,0,0,179,0,0,0,0,0,18,18,0,8,36,0,0,3,0,0,0,0,0,0,25,55,1,3,1,1,31,0,47,72,218,108,218,62,220,62,220,209,221,179,218,215,218,177,219,3,255,2,103,1,7,0,0,0,128,0,0,0,0,0,0,0,0,191,95,123,49,131,26,39,0,64,0,0,0,0,202,36,70,49,198,117,165,0,0,8,5,0,128,188,141,157,223,157,223,157,223,157,223,0,223,180,223,185,223,190,223,157,223,157,223,2,141,216,0,165,26,140,252,141,211,113,198,0,7,64,0,0,179,0,0,0,0,0,18,18,0,8,36,0,0,3,0,0,0,0,0,0,25,54,1,3,1,1,31,0,47,72,218,108,218,62,220,62,220,209,221,179,218,215,218,177,219,3,255,2,103,2,7,2,0,0,128,0,0,0,0,0,0,0,0,191,95,123,49,131,25,39,0,64,0,0,0,0,202,36,70,49,198,148,165,0,0,8,5,0,128,188,141,157,223,157,223,157,223,157,223,0,223,180,223,185,223,190,223,157,223,157,223,2,141,216,0,165,26,140,252,141,211
2026-08-17_14-08-30,1,428,0,0.0,0,0.0,-1,-1,113,198,0,7,64,0,0,179,0,0,0,0,0,18,18,0,8,36,0,0,3,0,0,0,0,0,0,25,54,1,3,1,1,31,0,47,72,218,108,218,62,220,62,220,209,221,179,218,215,218,177,219,3,255,2,103,2,7,2,0,0,128,0,0,0,0,0,0,0,0,191,95,123,49,131,25,39,0,64,0,0,0,0,202,36,70,49,198,148,165,0,0,8,5,0,128,188,141,157,223,157,223,157,223,157,223,0,223,180,223,185,223,190,223,157,223,157,223,2,141,216,0,165,26,140,252,141,211,117,111,0,7,64,0,0,179,0,0,0,0,0,18,18,0,8,36,0,0,3,0,0,0,0,0,0,25,53,1,3,1,1,31,0,47,72,218,108,218,62,220,62,220,209,221,179,218,215,218,177,219,3,255,2,103,3,7,4,0,0,128,0,0,0,0,0,0,0,0,191,95,123,49,131,25,39,0,64,0,0,0,0,202,36,70,49,198,148,165,0,0,8,5,0,128,188,141,157,223,157,223,157,223,157,223,0,223,180,223,185,223,190,223,157,223,157,223,2,141,216,0,165,26,140,252,141,211
2026-08-17_14-08-30,1,429,0,0.0,0,0.0,-1,-1,117,111,0,7,64,0,0,179,0,0,0,0,0,18,18,0,8,36,0,0,3,0,0,0,0,0,0,25,53,1,3,1,1,31,0,47,72,218,108,218,62,220,62,220,209,221,179,218,215,218,177,219,3,255,2,103,3,7,4,0,0,128,0,0,0,0,0,0,0,0,191,95,123,49,131,25,39,0,64,0,0,0,0,202,36,70,49,198,148,165,0,0,8,5,0,128,188,141,157,223,157,223,157,223,157,223,0,223,180,223,185,223,190,223,157,223,157,223,2,141,216,0,165,26,140,252,141,211,121,241,0,7,64,0,0,179,0,0,0,0,0,18,18,0,8,36,0,0,3,0,0,0,0,0,0,25,52,1,3,1,1,31,0,47,72,218,108,218,62,220,62,220,209,221,179,218,215,218,177,219,3,255,2,103,3,7,0,0,0,128,0,0,0,0,0,0,0,0,191,95,123,49,131,25,39,0,64,0,0,0,0,202,36,70,49,198,148,165,0,0,8,5,0,128,188,141,157,223,157,223,157,223,157,223,0,223,180,223,185,223,190,223,157,223,157,223,2,141,216,0,165,26,140,252,141,211
2026-08-17_14-08-30,1,430,0,0.0,0,0.0,-1,-1,121,241,0,7,64,0,0,179,0,0,0,0,0,18,18,0,8,36,0,0,3,0,0,0,0,0,0,25,52,1,3,1,1,31,0,47,72,218,108,218,62,220,62,220,209,221,179,218,215,218,177,219,3,255,2,103,3,7,0,0,0,128,0,0,0,0,0,0,0,0,191,95,123,49,131,25,39,0,64,0,0,0,0,202,36,70,49,198,148,165,0,0,8,5,0,128,188,141,157,223,157,223,157,223,157,223,0,223,180,223,185,223,190,223,157,223,157,223,2,141,216,0,165,26,140,252,141,211,125,23,0,7,64,0,0,179,0,0,0,0,0,18,18,0,8,36,0,0,3,0,0,0,0,0,0,25,51,1,3,1,1,31,0,47,72,218,108,218,62,220,62,220,209,221,179,218,215,218,177,219,3,255,2,103,4,7,2,255,0,128,0,0,0,0,0,0,0,0,191,95,123,49,131,25,39,0,64,0,0,0,0,202,36,70,49,198,148,165,0,0,8,5,0,128,188,141,157,223,157,223,157,223,157,223,0,223,180,223,185,223,190,223,157,223,157,223,2,141,216,0,165,26,140,252,141,211
2026-08-17_14-08-30,1,431,0,0.0,0,0.0,-1,-1,125,23,0,7,64,0,0,179,0,0,0,0,0,18,18,0,8,36,0,0,3,0,0,0,0,0,0,25,51,1,3,1,1,31,0,47,72,218,108,218,62,220,62,220,209,221,179,218,215,218,177,219,3,255,2,103,4,7,2,255,0,128,0,0,0,0,0,0,0,0,191,95,123,49,131,25,39,0,64,0,0,0,0,202,36,70,49,198,148,165,0,0,8,5,0,128,188,141,157,223,157,223,157,223,157,223,0,223,180,223,185,223,190,223,157,223,157,223,2,141,216,0,165,26,140,252,141,211,129,122,0,7,64,0,0,179,0,0,0,0,0,18,18,0,8,36,0,0,3,0,0,0,0,0,0,25,50,1,3,1,1,31,0,47,72,218,108,218,62,220,62,220,209,221,179,218,215,218,177,219,3,255,2,103,5,7,4,254,0,128,0,0,0,0,0,0,0,0,191,95,123,49,131,24,39,0,64,0,0,0,0,202,36,70,49,198,164,165,0,0,8,5,0,128,188,141,157,223,157,223,157,223,157,223,0,223,180,223,185,223,190,223,157,223,157,223,2,141,216,0,165,26,140,252,141,211
2026-08-17_14-08-30,1,432,0,0.0,0,0.0,-1,-1,129,122,0,7,64,0,0,179,0,0,0,0,0,18,18,0,8,36,0,0,3,0,0,0,0,0,0,25,50,1,3,1,1,31,0,47,72,218,108,218,62,220,62,220,209,221,179,218,215,218,177,219,3,255,2,103,5,7,4,254,0,128,0,0,0,0,0,0,0,0,191,95,123,49,131,24,39,0,64,0,0,0,0,202,36,70,49,198,164,165,0,0,8,5,0,128,188,141,157,223,157,223,157,223,157,223,0,223,180,223,185,223,190,223,157,223,157,223,2,141,216,0,165,26,140,252,141,211,133,170,0,7,64,0,0,179,0,0,0,0,0,18,18,0,8,36,0,0,3,0,0,0,0,0,0,25,49,1,3,1,1,31,0,47,72,218,108,218,62,220,62,220,209,221,179,218,215,218,177,219,3,255,2,103,5,7,0,254,0,128,0,0,0,0,0,0,0,0,191,95,123,49,131,24,39,0,64,0,0,0,0,202,36,70,49,198,164,165,0,0,8,5,0,128,188,141,157,223,157,223,157,223,157,223,0,223,180,223,185,223,190,223,157,223,157,223,2,141,216,0,165,26,140,252,141,211
2026-08-17_14-08-30,1,433,0,0.0,0,0.0,-1,-1,133,170,0,7,64,0,0,179,0,0,0,0,0,18,18,0,8,36,0,0,3,0,0,0,0,0,0,25,49,1,3,1,1,31,0,47,72,218,108,218,62,220,62,220,209,221,179,218,215,218,177,219,3,255,2,103,5,7,0,254,0,128,0,0,0,0,0,0,0,0,191,95,123,49,131,24,39,0,64,0,0,0,0,202,36,70,49,198,164,165,0,0,8,5,0,128,188,141,157,223,157,223,157,223,157,223,0,223,180,223,185,223,190,223,157,223,157,223,2,141,216,0,165,26,140,252,141,211,137,175,0,7,64,0,0,179,0,0,0,0,0,18,18,0,8,36,0,0,3,0,0,0,0,0,0,25,48,1,3,1,1,31,0,47,72,218,108,218,62,220,62,220,209,221,179,218,215,218,177,219,3,255,2,103,6,7,2,253,0,128,0,0,0,0,0,0,0,0,191,95,123,49,131,24,39,0,64,0,0,0,0,202,36,70,49,198,164,165,0,0,8,5,0,128,188,141,157,223,157,223,157,223,157,223,0,223,180,223,185,223,190,223,157,223,157,223,2,141,216,0,165,26,140,252,141,211
2026-08-17_14-08-30,1,434,0,0.0,0,0.0,-1,-1,137,175,0,7,64,0,0,179,0,0,0,0,0,18,18,0,8,36,0,0,3,0,0,0,0,0,0,25,48,1,3,1,1,31,0,47,72,218,108,218,62,220,62,220,209,221,179,218,215,218,177,219,3,255,2,103,6,7,2,253,0,128,0,0,0,0,0,0,0,0,191,95,123,49,131,24,39,0,64,0,0,0,0,202,36,70,49,198,164,165,0,0,8,5,0,128,188,141,157,223,157,223,157,223,157,223,0,223,180,223,185,223,190,223,157,223,157,223,2,141,216,0,165,26,140,252,141,211,141,253,0,7,64,0,0,179,0,0,0,0,0,18,18,0,8,36,0,0,3,0,0,0,0,0,0,25,41,1,3,1,1,31,0,47,72,218,108,218,62,220,62,220,209,221,179,218,215,218,177,219,3,255,2,103,7,7,4,252,0,128,0,0,0,0,0,0,0,0,191,95,123,49,131,24,39,0,64,0,0,0,0,202,36,70,49,198,164,165,0,0,8,5,0,128,188,141,157,223,157,223,157,223,157,223,0,223,180,223,185,223,190,223,157,223,157,223,2,141,216,0,165,26,140,252,141,211
2026-08-17_14-08-30,1,435,0,0.0,0,0.0,-1,-1,141,253,0,7,64,0,0,179,0,0,0,0,0,18,18,0,8,36,0,0,3,0,0,0,0,0,0,25,41,1,3,1,1,31,0,47,72,218,108,218,62,220,62,220,209,221,179,218,215,218,177,219,3,255,2,103,7,7,4,252,0,128,0,0,0,0,0,0,0,0,191,95,123,49,131,24,39,0,64,0,0,0,0,202,36,70,49,198,164,165,0,0,8,5,0,128,188,141,157,223,157,223,157,223,157,223,0,223,180,223,185,223,190,223,157,223,157,223,2,141,216,0,165,26,140,252,141,211,145,209,0,7,64,0,0,179,0,0,0,0,0,18,18,0,8,36,128,0,3,0,0,0,0,0,0,25,40,1,3,1,1,31,0,47,72,218,108,218,62,220,62,220,209,221,179,218,215,218,177,219,3,255,2,103,7,7,0,252,0,128,0,0,0,0,0,0,0,1,191,95,123,49,131,23,39,0,64,0,0,0,0,202,36,70,49,198,180,165,0,0,8,5,0,128,188,141,157,223,157,223,157,223,157,223,0,223,180,223,185,223,190,223,157,223,157,223,2,141,216,0,165,26,140,252,141,211
2026-08-17_14-08-30,1,436,3,0.0,0,0.0,-1,-1,145,209,0,7,64,0,0,179,0,0,0,0,0,18,18,0,8,36,128,0,3,0,0,0,0,0,0,25,40,1,3,1,1,31,0,47,72,218,108,218,62,220,62,220,209,221,179,218,215,218,177,219,3,255,2,103,7,7,0,252,0,128,0,0,0,0,0,0,0,1,191,95,123,49,131,23,39,0,64,0,0,0,0,202,36,70,49,198,180,165,0,0,8,5,0,128,188,141,157,223,157,223,157,223,157,223,0,223,180,223,185,223,190,223,157,223,157,223,2,141,216,0,165,26,140,252,141,211,149,21,0,7,64,0,0,179,0,0,0,0,0,18,18,0,8,36,128,0,3,0,0,0,0,0,0,25,39,1,3,1,1,31,0,47,72,218,108,218,62,220,62,220,209,221,179,218,215,218,177,219,3,255,2,103,0,6,2,2,0,128,0,0,0,0,0,0,0,1,191,95,123,49,131,23,39,0,64,0,0,0,0,202,36,70,49,198,180,165,0,0,8,5,0,128,188,141,157,223,157,223,157,223,157,223,0,223,180,223,185,223,190,223,157,223,157,223,2,141,216,0,165,26,140,252,141,211
2026-08-17_14-08-30,1,437,3,0.0,0,0.0,-1,-1,149,21,0,7,64,0,0,179,0,0,0,0,0,18,18,0,8,36,128,0,3,0,0,0,0,0,0,25,39,1,3,1,1,31,0,47,72,218,108,218,62,220,62,220,209,221,179,218,215,218,177,219,3,255,2,103,0,6,2,2,0,128,0,0,0,0,0,0,0,1,191,95,123,49,131,23,39,0,64,0,0,0,0,202,36,70,49,198,180,165,0,0,8,5,0,128,188,141,157,223,157,223,157,223,157,223,0,223,180,223,185,223,190,223,157,223,157,223,2,141,216,0,165,26,140,252,141,211,153,91,0,7,64,0,0,179,0,0,9,0,0,18,18,0,8,36,128,0,3,0,0,0,0,0,0,25,38,1,3,1,1,31,0,47,126,220,108,218,218,220,62,220,209,221,179,218,215,218,177,219,3,1,2,103,1,6,4,2,0,128,0,0,0,0,0,0,0,0,191,95,123,49,131,23,39,128,64,0,0,0,0,202,36,70,49,198,180,165,0,0,8,2,0,128,188,141,157,223,157,223,157,223,157,223,0,223,180,223,185,223,190,223,157,223,157,223,130,141,216,0,165,26,140,252,141,211
2026-08-17_14-08-30,1,438,8,0.0,0,0.0,-1,-1,153,91,0,7,64,0,0,179,0,0,9,0,0,18,18,0,8,36,128,0,3,0,0,0,0,0,0,25,38,1,3,1,1,31,0,47,126,220,108,218,218,220,62,220,209,221,179,218,215,218,177,219,3,1,2,103,1,6,4,2,0,128,0,0,0,0,0,0,0,0,191,95,123,49,131,23,39,128,64,0,0,0,0,202,36,70,49,198,180,165,0,0,8,2,0,128,188,141,157,223,157,223,157,223,157,223,0,223,180,223,185,223,190,223,157,223,157,223,130,141,216,0,165,26,140,252,141,211,157,184,0,7,64,0,0,179,0,0,5,0,0,18,18,0,8,36,128,0,3,0,0,0,0,0,0,25,37,1,3,1,1,31,0,47,126,220,108,218,218,220,62,220,209,221,179,218,215,218,177,219,3,1,2,103,1,6,0,2,0,128,0,0,0,0,64,0,0,0,191,95,123,49,131,23,39,128,64,0,0,0,0,202,36,70,49,198,180,165,0,0,8,2,0,128,188,141,157,223,157,223,157,223,157,223,0,223,180,223,185,223,190,223,157,223,157,223,130,141,216,0,165,26,140,252,141,211
2026-08-17_14-08-30,1,439,8,0.0,0,0.0,-1,-1,157,184,0,7,64,0,0,179,0,0,5,0,0,18,18,0,8,36,128,0,3,0,0,0,0,0,0,25,37,1,3,1,1,31,0,47,126,220,108,218,218,220,62,220,209,221,179,218,215,218,177,219,3,1,2,103,1,6,0,2,0,128,0,0,0,0,64,0,0,0,191,95,123,49,131,23,39,128,64,0,0,0,0,202,36,70,49,198,180,165,0,0,8,2,0,128,188,141,157,223,157,223,157,223,157,223,0,223,180,223,185,223,190,223,157,223,157,223,130,141,216,0,165,26,140,252,141,211,161,135,0,7,64,0,0,179,0,0,1,0,0,18,18,0,8,36,128,0,3,0,0,0,0,0,0,25,36,1,3,1,1,31,0,47,126,220,108,218,218,220,62,220,209,221,179,218,215,218,177,219,3,1,2,103,2,6,2,2,0,128,0,0,0,0,64,0,0,0,191,95,123,49,131,22,39,128,64,0,0,0,0,202,36,70,49,198,196,165,0,0,8,2,0,128,188,141,157,223,157,223,157,223,157,223,0,223,180,223,185,223,190,223,157,223,157,223,130,141,216,0,165,26,140,252,141,211
2026-08-17_14-08-30,1,440,8,0.0,0,0.0,-1,-1,161,135,0,7,64,0,0,179,0,0,1,0,0,18,18,0,8,36,128,0,3,0,0,0,0,0,0,25,36,1,3,1,1,31,0,47,126,220,108,218,218,220,62,220,209,221,179,218,215,218,177,219,3,1,2,103,2,6,2,2,0,128,0,0,0,0,64,0,0,0,191,95,123,49,131,22,39,128,64,0,0,0,0,202,36,70,49,198,196,165,0,0,8,2,0,128,188,141,157,223,157,223,157,223,157,223,0,223,180,223,185,223,190,223,157,223,157,223,130,141,216,0,165,26,140,252,141,211,165,123,0,7,64,0,0,179,0,0,0,0,0,18,18,0,8,36,128,0,3,0,0,0,0,0,0,25,35,1,3,1,1,31,0,47,72,218,108,218,62,220,62,220,209,221,179,218,215,218,177,219,3,255,2,103,3,6,4,2,0,128,0,0,0,0,1,0,0,0,191,95,123,49,131,22,39,128,64,0,0,0,0,202,36,70,49,198,196,165,0,0,8,5,0,128,188,141,157,223,157,223,157,223,157,223,0,223,180,223,185,223,190,223,157,223,157,223,2,141,216,0,165,26,140,252,141,211
2026-08-17_14-08-30,1,441,8,0.0,0,0.0,-1,-1,165,123,0,7,64,0,0,179,0,0,0,0,0,18,18,0,8,36,128,0,3,0,0,0,0,0,0,25,35,1,3,1,1,31,0,47,72,218,108,218,62,220,62,220,209,221,179,218,215,218,177,219,3,255,2,103,3,6,4,2,0,128,0,0,0,0,1,0,0,0,191,95,123,49,131,22,39,128,64,0,0,0,0,202,36,70,49,198,196,165,0,0,8,5,0,128,188,141,157,223,157,223,157,223,157,223,0,223,180,223,185,223,190,223,157,223,157,223,2,141,216,0,165,26,140,252,141,211,169,186,0,7,64,0,0,179,0,0,0,0,0,18,18,0,8,36,128,0,3,0,0,0,0,0,0,25,34,1,3,1,1,31,0,47,72,218,108,218,62,220,62,220,209,221,179,218,215,218,177,219,3,255,2,103,3,6,0,2,0,128,0,0,0,0,1,0,0,0,191,95,123,49,131,22,39,128,64,0,0,0,0,202,36,70,49,198,196,165,0,0,8,5,0,128,188,141,157,223,157,223,157,223,157,223,0,223,180,223,185,223,190,223,157,223,157,223,2,141,216,0,165,26,140,252,141,211
2026-08-17_14-08-30,1,442,8,0.0,0,0.0,-1,-1,169,186,0,7,64,0,0,179,0,0,0,0,0,18,18,0,8,36,128,0,3,0,0,0,0,0,0,25,34,1,3,1,1,31,0,47,72,218,108,218,62,220,62,220,209,221,179,218,215,218,177,219,3,255,2,103,3,6,0,2,0,128,0,0,0,0,1,0,0,0,191,95,123,49,131,22,39,128,64,0,0,0,0,202,36,70,49,198,196,165,0,0,8,5,0,128,188,141,157,223,157,223,157,223,157,223,0,223,180,223,185,223,190,223,157,223,157,223,2,141,216,0,165,26,140,252,141,211,173,166,0,7,64,0,0,179,0,0,0,0,0,18,18,0,8,36,128,0,3,0,0,0,0,0,0,25,33,1,3,1,1,31,0,47,72,218,108,218,62,220,62,220,209,221,179,218,215,218,177,219,3,255,2,103,0,6,2,1,0,128,0,0,0,0,1,0,0,0,191,95,123,49,131,22,39,128,64,0,0,0,0,202,36,70,49,198,196,165,0,0,8,5,0,128,188,141,157,223,157,223,157,223,157,223,0,223,180,223,185,223,190,223,157,223,157,223,2,141,216,0,165,26,140,252,141,211
2026-08-17_14-08-30,1,443,8,0.0,0,0.0,-1,-1,173,166,0,7,64,0,0,179,0,0,0,0,0,18,18,0,8,36,128,0,3,0,0,0,0,0,0,25,33,1,3,1,1,31,0,47,72,218,108,218,62,220,62,220,209,221,179,218,215,218,177,219,3,255,2,103,0,6,2,1,0,128,0,0,0,0,1,0,0,0,191,95,123,49,131,22,39,128,64,0,0,0,0,202,36,70,49,198,196,165,0,0,8,5,0,128,188,141,157,223,157,223,157,223,157,223,0,223,180,223,185,223,190,223,157,223,157,223,2,141,216,0,165,26,140,252,141,211,177,105,0,7,64,0,0,179,0,0,0,0,0,18,18,0,8,36,128,0,3,0,0,0,0,0,0,25,32,1,3,1,1,31,0,47,72,218,108,218,62,220,62,220,209,221,179,218,215,218,177,219,3,255,2,103,1,6,4,1,0,128,0,0,0,0,1,0,0,0,191,95,123,49,131,21,39,128,64,0,0,0,0,202,36,70,49,198,212,165,0,0,8,5,0,128,188,141,157,223,157,223,157,223,157,223,0,223,180,223,185,223,190,223,157,223,157,223,2,141,216,0,165,26,140,252,141,211
2026-08-17_14-08-30,1,444,3,0.0,0,0.0,-1,-1,177,105,0,7,64,0,0,179,0,0,0,0,0,18,18,0,8,36,128,0,3,0,0,0,0,0,0,25,32,1,3,1,1,31,0,47,72,218,108,218,62,220,62,220,209,221,179,218,215,218,177,219,3,255,2,103,1,6,4,1,0,128,0,0,0,0,1,0,0,0,191,95,123,49,131,21,39,128,64,0,0,0,0,202,36,70,49,198,212,165,0,0,8,5,0,128,188,141,157,223,157,223,157,223,157,223,0,223,180,223,185,223,190,223,157,223,157,223,2,141,216,0,165,26,140,252,141,211,181,146,0,7,64,0,0,179,0,0,0,0,0,18,18,0,8,36,128,0,3,0,0,0,0,0,0,25,25,1,3,1,1,31,0,47,72,218,108,218,62,220,62,220,209,221,179,218,215,218,177,219,3,255,2,103,1,6,0,1,0,128,0,0,0,0,1,0,0,0,191,95,123,49,131,21,39,8,64,0,0,0,0,202,36,70,49,198,212,165,0,0,8,5,0,128,188,141,157,223,157,223,157,223,157,223,0,223,180,223,185,223,190,223,157,223,157,223,2,141,216,0,165,26,140,252,141,211
2026-08-17_14-08-30,1,445,3,0.0,0,0.0,-1,-1,181,146,0,7,64,0,0,179,0,0,0,0,0,18,18,0,8,36,128,0,3,0,0,0,0,0,0,25,25,1,3,1,1,31,0,47,72,218,108,218,62,220,62,220,209,221,179,218,215,218,177,219,3,255,2,103,1,6,0,1,0,128,0,0,0,0,1,0,0,0,191,95,123,49,131,21,39,8,64,0,0,0,0,202,36,70,49,198,212,165,0,0,8,5,0,128,188,141,157,223,157,223,157,223,157,223,0,223,180,223,185,223,190,223,157,223,157,223,2,141,216,0,165,26,140,252,141,211,185,32,0,7,64,0,0,179,0,0,0,0,0,18,18,0,8,36,128,0,3,0,0,0,0,0,0,25,24,1,3,1,1,31,0,47,72,218,108,218,62,220,62,220,209,221,179,218,215,218,177,219,3,255,2,103,2,6,2,1,0,128,0,0,0,0,1,0,0,0,191,95,123,49,131,21,39,0,64,0,0,0,0,202,36,70,49,198,212,165,0,0,8,5,0,128,188,141,157,223,157,223,157,223,157,223,0,223,180,223,185,223,190,223,157,223,157,223,2,141,216,0,165,26,140,252,141,211
2026-08-17_14-08-30,1,446,3,0.0,0,0.0,-1,-1,185,32,0,7,64,0,0,179,0,0,0,0,0,18,18,0,8,36,128,0,3,0,0,0,0,0,0,25,24,1,3,1,1,31,0,47,72,218,108,218,62,220,62,220,209,221,179,218,215,218,177,219,3,255,2,103,2,6,2,1,0,128,0,0,0,0,1,0,0,0,191,95,123,49,131,21,39,0,64,0,0,0,0,202,36,70,49,198,212,165,0,0,8,5,0,128,188,141,157,223,157,223,157,223,157,223,0,223,180,223,185,223,190,223,157,223,157,223,2,141,216,0,165,26,140,252,141,211,189,2,0,7,64,0,0,179,0,0,0,0,0,18,18,0,8,36,128,0,3,0,0,0,0,0,0,25,23,1,3,1,1,31,0,47,72,218,108,218,62,220,62,220,209,221,179,218,215,218,177,219,3,255,2,103,3,6,4,1,0,128,0,0,0,0,1,0,0,0,191,95,123,49,131,21,39,0,64,0,0,0,0,202,36,70,49,198,212,165,0,0,8,5,0,128,188,141,157,223,157,223,157,223,157,223,0,223,180,223,185,223,190,223,157,223,157,223,2,141,216,0,165,26,140,252,141,211
2026-08-17_14-08-30,1,447,3,0.0,0,0.0,-1,-1,189,2,0,7,64,0,0,179,0,0,0,0,0,18,18,0,8,36,128,0,3,0,0,0,0,0,0,25,23,1,3,1,1,31,0,47,72,218,108,218,62,220,62,220,209,221,179,218,215,218,177,219,3,255,2,103,3,6,4,1,0,128,0,0,0,0,1,0,0,0,191,95,123,49,131,21,39,0,64,0,0,0,0,202,36,70,49,198,212,165,0,0,8,5,0,128,188,141,157,223,157,223,157,223,157,223,0,223,180,223,185,223,190,223,157,223,157,223,2,141,216,0,165,26,140,252,141,211,193,33,0,7,64,0,0,179,0,0,0,0,0,18,18,0,8,36,128,0,3,0,0,0,0,0,0,25,22,1,3,1,1,31,0,47,72,218,108,218,62,220,62,220,209,221,179,218,215,218,177,219,3,255,2,103,3,6,0,1,0,128,0,0,0,0,1,0,0,0,191,95,123,49,131,20,39,0,64,0,0,0,0,202,36,70,49,198,228,165,0,0,8,5,0,128,188,141,157,223,157,223,157,223,157,223,0,223,180,223,185,223,190,223,157,223,157,223,2,141,216,0,165,26,140,252,141,211
2026-08-17_14-08-30,1,448,8,0.0,0,0.0,-1,-1,193,33,0,7,64,0,0,179,0,0,0,0,0,18,18,0,8,36,128,0,3,0,0,0,0,0,0,25,22,1,3,1,1,31,0,47,72,218,108,218,62,220,62,220,209,221,179,218,215,218,177,219,3,255,2,103,3,6,0,1,0,128,0,0,0,0,1,0,0,0,191,95,123,49,131,20,39,0,64,0,0,0,0,202,36,70,49,198,228,165,0,0,8,5,0,128,188,141,157,223,157,223,157,223,157,223,0,223,180,223,185,223,190,223,157,223,157,223,2,141,216,0,165,26,140,252,141,211,197,18,0,7,64,0,0,210,0,0,6,0,0,18,18,0,8,36,128,0,3,0,0,0,0,0,0,25,21,1,3,1,1,31,0,47,126,220,108,218,218,220,62,220,209,221,179,218,215,218,177,219,3,1,2,103,0,6,2,0,0,0,7,0,3,0,0,0,0,0,191,95,51,49,131,20,39,128,64,0,0,0,0,202,36,17,49,198,228,165,0,0,8,2,0,128,188,141,157,223,157,223,157,223,157,223,0,223,180,223,185,223,190,223,157,223,157,223,2,141,216,0,165,26,140,252,141,211
2026-08-17_14-08-30,1,449,8,0.0,0,0.0,-1,-1,197,18,0,7,64,0,0,210,0,0,6,0,0,18,18,0,8,36,128,0,3,0,0,0,0,0,0,25,21,1,3,1,1,31,0,47,126,220,108,218,218,220,62,220,209,221,179,218,215,218,177,219,3,1,2,103,0,6,2,0,0,0,7,0,3,0,0,0,0,0,191,95,51,49,131,20,39,128,64,0,0,0,0,202,36,17,49,198,228,165,0,0,8,2,0,128,188,141,157,223,157,223,157,223,157,223,0,223,180,223,185,223,190,223,157,223,157,223,2,141,216,0,165,26,140,252,141,211,201,40,0,7,64,0,0,78,0,0,2,0,0,18,18,0,8,36,128,0,3,0,0,0,0,0,0,25,20,1,3,1,1,31,0,47,126,220,144,218,218,220,62,220,209,221,179,218,215,218,177,219,3,1,2,103,1,6,4,0,0,0,3,0,3,0,0,0,0,0,191,95,56,49,131,20,39,128,64,0,0,0,0,202,36,193,49,198,228,165,0,0,8,2,0,128,188,141,157,223,157,223,157,223,157,223,0,223,180,223,185,223,190,223,157,223,157,223,2,141,216,0,165,26,140,252,141,211
2026-08-17_14-08-30,1,450,8,0.0,0,0.0,-1,-1,201,40,0,7,64,0,0,78,0,0,2,0,0,18,18,0,8,36,128,0,3,0,0,0,0,0,0,25,20,1,3,1,1,31,0,47,126,220,144,218,218,220,62,220,209,221,179,218,215,218,177,219,3,1,2,103,1,6,4,0,0,0,3,0,3,0,0,0,0,0,191,95,56,49,131,20,39,128,64,0,0,0,0,202,36,193,49,198,228,165,0,0,8,2,0,128,188,141,157,223,157,223,157,223,157,223,0,223,180,223,185,223,190,223,157,223,157,223,2,141,216,0,165,26,140,252,141,211,205,134,0,7,64,0,0,202,0,0,0,0,0,18,18,0,8,36,128,0,3,0,0,0,0,0,0,25,19,1,3,1,1,31,0,47,72,218,144,218,62,220,62,220,209,221,179,218,215,218,177,219,3,255,2,103,1,6,0,0,0,0,0,0,0,0,1,0,0,0,191,95,60,49,131,20,39,128,64,0,0,0,0,202,36,114,49,198,228,165,0,0,8,5,0,128,188,141,157,223,157,223,157,223,157,223,0,223,180,223,185,223,190,223,157,223,157,223,2,141,216,0,165,26,140,252,141,211
2026-08-17_14-08-30,1,451,8,0.0,0,0.0,-1,-1,205,134,0,7,64,0,0,202,0,0,0,0,0,18,18,0,8,36,128,0,3,0,0,0,0,0,0,25,19,1,3,1,1,31,0,47,72,218,144,218,62,220,62,220,209,221,179,218,215,218,177,219,3,255,2,103,1,6,0,0,0,0,0,0,0,0,1,0,0,0,191,95,60,49,131,20,39,128,64,0,0,0,0,202,36,114,49,198,228,165,0,0,8,5,0,128,188,141,157,223,157,223,157,223,157,223,0,223,180,223,185,223,190,223,157,223,157,223,2,141,216,0,165,26,140,252,141,211,209,107,0,7,64,0,0,70,0,0,0,0,0,18,18,0,8,36,128,0,3,0,0,0,0,0,0,25,18,1,3,1,1,31,0,47,72,218,108,218,62,220,62,220,209,221,179,218,215,218,177,219,3,255,2,103,2,6,2,0,0,0,0,0,0,0,1,0,0,0,191,95,65,49,131,20,39,128,64,0,0,0,0,202,36,34,49,198,228,165,0,0,8,5,0,128,188,141,157,223,157,223,157,223,157,223,0,223,180,223,185,223,190,223,157,223,157,223,2,141,216,0,165,26,140,252,141,211
2026-08-17_14-08-30,1,452,8,0.0,0,0.0,-1,-1,209,107,0,7,64,0,0,70,0,0,0,0,0,18,18,0,8,36,128,0,3,0,0,0,0,0,0,25,18,1,3,1,1,31,0,47,72,218,108,218,62,220,62,220,209,221,179,218,215,218,177,219,3,255,2,103,2,6,2,0,0,0,0,0,0,0,1,0,0,0,191,95,65,49,131,20,39,128,64,0,0,0,0,202,36,34,49,198,228,165,0,0,8,5,0,128,188,141,157,223,157,223,157,223,157,223,0,223,180,223,185,223,190,223,157,223,157,223,2,141,216,0,165,26,140,252,141,211,213,179,0,7,64,0,0,194,0,0,0,0,0,18,18,0,8,36,128,0,3,0,0,0,0,0,0,25,17,1,3,1,1,31,0,47,72,218,108,218,62,220,62,220,209,221,179,218,215,218,177,219,3,255,2,103,3,6,4,0,0,0,0,0,0,0,1,0,0,0,191,95,69,49,131,20,39,128,64,0,0,0,0,202,36,226,49,198,228,165,0,0,8,5,0,128,188,141,157,223,157,223,157,223,157,223,0,223,180,223,185,223,190,223,157,223,157,223,2,141,216,0,165,26,140,252,141,211
2026-08-17_14-08-30,1,453,3,0.0,0,0.0,-1,-1,213,179,0,7,64,0,0,194,0,0,0,0,0,18,18,0,8,36,128,0,3,0,0,0,0,0,0,25,17,1,3,1,1,31,0,47,72,218,108,218,62,220,62,220,209,221,179,218,215,218,177,219,3,255,2,103,3,6,4,0,0,0,0,0,0,0,1,0,0,0,191,95,69,49,131,20,39,128,64,0,0,0,0,202,36,226,49,198,228,165,0,0,8,5,0,128,188,141,157,223,157,223,157,223,157,223,0,223,180,223,185,223,190,223,157,223,157,223,2,141,216,0,165,26,140,252,141,211,217,50,0,7,64,0,0,62,0,0,0,0,0,18,18,0,8,36,128,0,3,0,0,0,0,0,0,25,16,1,3,1,1,31,0,47,108,218,144,218,62,220,62,220,209,221,179,218,215,218,177,219,3,255,2,103,3,6,0,0,0,0,0,0,0,0,1,0,0,0,193,97,74,49,130,20,39,16,64,0,0,0,0,170,4,146,49,214,228,165,0,0,8,7,0,128,188,141,157,223,157,223,157,223,157,223,0,223,180,223,185,223,190,223,157,223,157,223,2,141,216,0,165,26,140,252,141,211
2026-08-17_14-08-30,1,454,3,0.0,0,0.0,-1,-1,217,50,0,7,64,0,0,62,0,0,0,0,0,18,18,0,8,36,128,0,3,0,0,0,0,0,0,25,16,1,3,1,1,31,0,47,108,218,144,218,62,220,62,220,209,221,179,218,215,218,177,219,3,255,2,103,3,6,0,0,0,0,0,0,0,0,1,0,0,0,193,97,74,49,130,20,39,16,64,0,0,0,0,170,4,146,49,214,228,165,0,0,8,7,0,128,188,141,157,223,157,223,157,223,157,223,0,223,180,223,185,223,190,223,157,223,157,223,2,141,216,0,165,26,140,252,141,211,221,42,0,7,64,0,0,186,0,0,0,0,0,18,18,0,8,36,128,0,3,0,0,0,0,0,0,25,9,1,3,1,1,31,0,47,108,218,144,218,62,220,62,220,209,221,179,218,215,218,177,219,3,255,2,103,4,6,2,255,0,0,0,0,0,0,1,0,0,0,197,101,78,49,130,20,39,1,64,0,0,0,0,91,196,67,49,214,228,165,0,0,8,7,0,128,188,141,157,223,157,223,157,223,157,223,0,223,180,223,185,223,190,223,157,223,157,223,2,141,216,0,165,26,140,252,141,211
2026-08-17_14-08-30,1,455,3,0.0,0,0.0,-1,-1,221,42,0,7,64,0,0,186,0,0,0,0,0,18,18,0,8,36,128,0,3,0,0,0,0,0,0,25,9,1,3,1,1,31,0,47,108,218,144,218,62,220,62,220,209,221,179,218,215,218,177,219,3,255,2,103,4,6,2,255,0,0,0,0,0,0,1,0,0,0,197,101,78,49,130,20,39,1,64,0,0,0,0,91,196,67,49,214,228,165,0,0,8,7,0,128,188,141,157,223,157,223,157,223,157,223,0,223,180,223,185,223,190,223,157,223,157,223,2,141,216,0,165,26,140,252,141,211,225,167,0,7,64,0,0,54,0,0,0,0,0,18,18,0,8,36,128,0,3,0,0,0,0,0,0,25,8,1,3,1,1,31,0,47,144,218,108,218,62,220,62,220,209,221,179,218,215,218,177,219,3,255,2,103,5,6,4,254,0,0,0,0,0,0,1,0,0,0,201,105,83,49,130,20,39,0,64,0,0,0,0,27,117,243,49,214,228,165,0,0,8,8,0,128,188,141,157,223,157,223,157,223,157,223,0,223,180,223,185,223,190,223,157,223,157,223,2,141,216,0,165,26,140,252,141,211
2026-08-17_14-08-30,1,456,8,0.0,0,0.0,-1,-1,225,167,0,7,64,0,0,54,0,0,0,0,0,18,18,0,8,36,128,0,3,0,0,0,0,0,0,25,8,1,3,1,1,31,0,47,144,218,108,218,62,220,62,220,209,221,179,218,215,218,177,219,3,255,2,103,5,6,4,254,0,0,0,0,0,0,1,0,0,0,201,105,83,49,130,20,39,0,64,0,0,0,0,27,117,243,49,214,228,165,0,0,8,8,0,128,188,141,157,223,157,223,157,223,157,223,0,223,180,223,185,223,190,223,157,223,157,223,2,141,216,0,165,26,140,252,141,211,229,121,0,7,64,0,0,178,0,0,6,0,0,18,18,0,8,36,128,0,3,0,0,0,0,0,0,25,7,1,3,1,1,31,0,47,126,220,108,218,218,220,62,220,209,221,179,218,215,218,177,219,3,1,2,103,5,6,0,254,0,0,0,0,0,0,1,0,0,0,201,105,87,49,130,20,39,128,64,0,0,0,0,27,117,179,49,214,228,165,0,0,8,2,0,128,188,141,157,223,157,223,157,223,157,223,0,223,180,223,185,223,190,223,157,223,157,223,2,141,216,0,165,26,140,252,141,211
2026-08-17_14-08-30,1,457,8,0.0,0,0.0,-1,-1,229,121,0,7,64,0,0,178,0,0,6,0,0,18,18,0,8,36,128,0,3,0,0,0,0,0,0,25,7,1,3,1,1,31,0,47,126,220,108,218,218,220,62,220,209,221,179,218,215,218,177,219,3,1,2,103,5,6,0,254,0,0,0,0,0,0,1,0,0,0,201,105,87,49,130,20,39,128,64,0,0,0,0,27,117,179,49,214,228,165,0,0,8,2,0,128,188,141,157,223,157,223,157,223,157,223,0,223,180,223,185,223,190,223,157,223,157,223,2,141,216,0,165,26,140,252,141,211,233,155,0,7,64,0,0,46,0,0,2,0,0,18,18,0,8,36,128,0,3,0,0,0,0,0,0,25,6,1,3,1,1,31,0,47,126,220,144,218,218,220,62,220,209,221,179,218,215,218,177,219,3,1,2,103,6,6,2,253,0,0,0,0,0,0,1,0,0,0,201,105,92,49,130,20,39,128,64,0,0,0,0,27,117,84,49,214,228,165,0,0,8,2,0,128,188,141,157,223,157,223,157,223,157,223,0,223,180,223,185,223,190,223,157,223,157,223,2,141,216,0,165,26,140,252,141,211
2026-08-17_14-08-30,1,458,3,0.0,0,0.0,-1,-1,233,155,0,7,64,0,0,46,0,0,2,0,0,18,18,0,8,36,128,0,3,0,0,0,0,0,0,25,6,1,3,1,1,31,0,47,126,220,144,218,218,220,62,220,209,221,179,218,215,218,177,219,3,1,2,103,6,6,2,253,0,0,0,0,0,0,1,0,0,0,201,105,92,49,130,20,39,128,64,0,0,0,0,27,117,84,49,214,228,165,0,0,8,2,0,128,188,141,157,223,157,223,157,223,157,223,0,223,180,223,185,223,190,223,157,223,157,223,2,141,216,0,165,26,140,252,141,211,237,180,0,7,64,0,0,170,0,0,9,0,0,18,18,0,8,36,128,0,3,0,0,0,0,0,0,25,5,1,3,1,1,31,0,47,126,220,144,218,218,220,62,220,209,221,179,218,215,218,177,219,3,1,2,103,7,6,4,252,0,0,0,0,0,0,1,0,0,0,202,106,96,49,130,20,39,136,64,0,0,0,0,11,101,20,49,214,228,165,0,0,8,2,0,128,188,141,157,223,157,223,157,223,157,223,0,223,180,223,185,223,190,223,157,223,157,223,2,141,216,0,165,26,140,252,141,211
2026-08-17_14-08-30,1,459,8,0.0,0,0.0,-1,-1,237,180,0,7,64,0,0,170,0,0,9,0,0,18,18,0,8,36,128,0,3,0,0,0,0,0,0,25,5,1,3,1,1,31,0,47,126,220,144,218,218,220,62,220,209,221,179,218,215,218,177,219,3,1,2,103,7,6,4,252,0,0,0,0,0,0,1,0,0,0,202,106,96,49,130,20,39,136,64,0,0,0,0,11,101,20,49,214,228,165,0,0,8,2,0,128,188,141,157,223,157,223,157,223,157,223,0,223,180,223,185,223,190,223,157,223,157,223,2,141,216,0,165,26,140,252,141,211,241,65,0,7,64,0,0,38,0,0,5,0,0,18,18,0,8,36,128,0,3,0,0,0,0,0,0,25,4,1,3,1,1,31,0,47,126,220,108,218,218,220,62,220,209,221,179,218,215,218,177,219,3,1,2,103,7,6,0,252,0,0,0,0,0,0,1,0,0,0,202,106,101,49,130,20,39,136,64,0,0,0,0,11,101,196,49,214,228,165,0,0,8,2,0,128,188,141,157,223,157,223,157,223,157,223,0,223,180,223,185,223,190,223,157,223,157,223,2,141,216,0,165,26,140,252,141,211
2026-08-17_14-08-30,1,460,8,0.0,0,0.0,-1,-1,241,65,0,7,64,0,0,38,0,0,5,0,0,18,18,0,8,36,128,0,3,0,0,0,0,0,0,25,4,1,3,1,1,31,0,47,126,220,108,218,218,220,62,220,209,221,179,218,215,218,177,219,3,1,2,103,7,6,0,252,0,0,0,0,0,0,1,0,0,0,202,106,101,49,130,20,39,136,64,0,0,0,0,11,101,196,49,214,228,165,0,0,8,2,0,128,188,141,157,223,157,223,157,223,157,223,0,223,180,223,185,223,190,223,157,223,157,223,2,141,216,0,165,26,140,252,141,211,245,20,0,7,64,0,0,162,0,0,1,0,0,18,18,0,8,36,128,0,3,0,0,0,0,0,0,25,3,1,3,1,1,31,0,47,126,220,108,218,218,220,62,220,209,221,179,218,215,218,177,219,3,1,2,103,0,5,2,2,0,0,0,0,0,0,1,0,0,0,202,106,105,49,130,20,39,68,64,0,0,0,0,11,101,117,49,214,228,165,0,0,8,2,0,128,188,141,157,223,157,223,157,223,157,223,0,223,180,223,185,223,190,223,157,223,157,223,2,141,216,0,165,26,140,252,141,211
2026-08-17_14-08-30,1,461,3,0.0,0,0.0,-1,-1,245,20,0,7,64,0,0,162,0,0,1,0,0,18,18,0,8,36,128,0,3,0,0,0,0,0,0,25,3,1,3,1,1,31,0,47,126,220,108,218,218,220,62,220,209,221,179,218,215,218,177,219,3,1,2,103,0,5,2,2,0,0,0,0,0,0,1,0,0,0,202,106,105,49,130,20,39,68,64,0,0,0,0,11,101,117,49,214,228,165,0,0,8,2,0,128,188,141,157,223,157,223,157,223,157,223,0,223,180,223,185,223,190,223,157,223,157,223,2,141,216,0,165,26,140,252,141,211,249,75,0,7,64,0,0,30,0,0,8,0,0,18,18,0,8,36,128,0,3,0,0,0,0,0,0,25,2,1,3,1,1,31,0,47,126,220,144,218,218,220,62,220,209,221,179,218,215,218,177,219,3,1,2,103,1,5,4,2,0,0,0,0,0,0,1,0,0,0,203,107,110,49,130,20,39,136,64,0,0,0,0,251,85,37,49,214,228,165,0,0,8,2,0,128,188,141,157,223,157,223,157,223,157,223,0,223,180,223,185,223,190,223,157,223,157,223,2,141,216,0,165,26,140,252,141,211
2026-08-17_14-08-30,1,462,8,0.0,0,0.0,-1,-1,249,75,0,7,64,0,0,30,0,0,8,0,0,18,18,0,8,36,128,0,3,0,0,0,0,0,0,25,2,1,3,1,1,31,0,47,126,220,144,218,218,220,62,220,209,221,179,218,215,218,177,219,3,1,2,103,1,5,4,2,0,0,0,0,0,0,1,0,0,0,203,107,110,49,130,20,39,136,64,0,0,0,0,251,85,37,49,214,228,165,0,0,8,2,0,128,188,141,157,223,157,223,157,223,157,223,0,223,180,223,185,223,190,223,157,223,157,223,2,141,216,0,165,26,140,252,141,211,253,177,0,7,64,0,0,154,0,0,4,0,0,18,18,0,8,36,128,0,3,0,0,0,0,0,0,25,1,1,3,1,1,31,0,47,126,220,144,218,218,220,62,220,209,221,179,218,215,218,177,219,3,1,2,103,1,5,0,2,0,0,0,0,0,0,1,0,0,0,203,107,114,49,130,20,39,136,64,0,0,0,0,251,85,229,49,214,228,165,0,0,8,2,0,128,188,141,157,223,157,223,157,223,157,223,0,223,180,223,185,223,190,223,157,223,157,223,2,141,216,0,165,26,140,252,141,211
2026-08-17_14-08-30,1,463,8,0.0,0,0.0,-1,-1,253,177,0,7,64,0,0,154,0,0,4,0,0,18,18,0,8,36,128,0,3,0,0,0,0,0,0,25,1,1,3,1,1,31,0,47,126,220,144,218,218,220,62,220,209,221,179,218,215,218,177,219,3,1,2,103,1,5,0,2,0,0,0,0,0,0,1,0,0,0,203,107,114,49,130,20,39,136,64,0,0,0,0,251,85,229,49,214,228,165,0,0,8,2,0,128,188,141,157,223,157,223,157,223,157,223,0,223,180,223,185,223,190,223,157,223,157,223,2,141,216,0,165,26,140,252,141,211,1,19,0,0,64,0,0,22,0,0,0,0,0,18,18,0,8,36,128,0,3,0,0,0,0,0,0,25,0,1,3,1,1,31,0,47,72,218,108,218,62,220,62,220,209,221,179,218,215,218,177,219,3,255,2,103,2,5,2,2,0,0,0,0,0,0,1,0,0,0,203,107,119,49,130,20,39,145,64,0,0,0,0,251,85,149,49,214,228,165,0,0,8,5,0,128,188,141,157,223,157,223,157,223,157,223,0,223,180,223,185,223,190,223,157,223,157,223,2,141,216,0,165,26,140,252,141,211
2026-08-17_14-08-30,1,464,8,0.0,0,0.0,-1,-1,1,19,0,0,64,0,0,22,0,0,0,0,0,18,18,0,8,36,128,0,3,0,0,0,0,0,0,25,0,1,3,1,1,31,0,47,72,218,108,218,62,220,62,220,209,221,179,218,215,218,177,219,3,255,2,103,2,5,2,2,0,0,0,0,0,0,1,0,0,0,203,107,119,49,130,20,39,145,64,0,0,0,0,251,85,149,49,214,228,165,0,0,8,5,0,128,188,141,157,223,157,223,157,223,157,223,0,223,180,223,185,223,190,223,157,223,157,223,2,141,216,0,165,26,140,252,141,211,5,56,0,0,64,0,0,115,0,0,0,0,0,18,18,0,8,36,128,0,3,0,0,0,0,0,0,24,153,1,3,1,1,31,0,47,72,218,108,218,62,220,62,220,209,221,179,218,215,218,177,219,3,255,2,103,3,5,4,2,0,128,0,0,0,0,1,0,0,0,203,107,122,49,130,20,39,145,64,0,0,0,0,251,85,86,49,214,228,165,0,0,8,5,0,128,188,141,157,223,157,223,157,223,157,223,0,223,180,223,185,223,190,223,157,223,157,223,2,141,216,0,165,26,140,252,141,211
2026-08-17_14-08-30,1,465,8,0.0,0,0.0,-1,-1,5,56,0,0,64,0,0,115,0,0,0,0,0,18,18,0,8,36,128,0,3,0,0,0,0,0,0,24,153,1,3,1,1,31,0,47,72,218,108,218,62,220,62,220,209,221,179,218,215,218,177,219,3,255,2,103,3,5,4,2,0,128,0,0,0,0,1,0,0,0,203,107,122,49,130,20,39,145,64,0,0,0,0,251,85,86,49,214,228,165,0,0,8,5,0,128,188,141,157,223,157,223,157,223,157,223,0,223,180,223,185,223,190,223,157,223,157,223,2,141,216,0,165,26,140,252,141,211,9,143,0,0,64,0,0,115,0,0,0,0,0,18,18,0,8,36,128,0,3,0,0,0,0,0,0,24,152,1,3,1,1,31,0,47,72,218,108,218,62,220,62,220,209,221,179,218,215,218,177,219,3,255,2,103,3,5,0,2,0,128,0,0,0,0,1,0,0,0,203,107,122,49,130,20,39,36,64,0,0,0,0,251,85,86,49,214,228,165,0,0,8,5,0,128,188,141,157,223,157,223,157,223,157,223,0,223,180,223,185,223,190,223,157,223,157,223,2,141,216,0,165,26,140,252,141,211
2026-08-17_14-08-30,1,466,8,0.0,0,0.0,-1,-1,9,143,0,0,64,0,0,115,0,0,0,0,0,18,18,0,8,36,128,0,3,0,0,0,0,0,0,24,152,1,3,1,1,31,0,47,72,218,108,218,62,220,62,220,209,221,179,218,215,218,177,219,3,255,2,103,3,5,0,2,0,128,0,0,0,0,1,0,0,0,203,107,122,49,130,20,39,36,64,0,0,0,0,251,85,86,49,214,228,165,0,0,8,5,0,128,188,141,157,223,157,223,157,223,157,223,0,223,180,223,185,223,190,223,157,223,157,223,2,141,216,0,165,26,140,252,141,211,13,255,0,0,64,0,0,115,0,0,7,0,0,18,18,0,8,36,128,0,3,0,0,0,0,0,0,24,151,1,3,1,1,31,0,47,126,220,108,218,218,220,62,220,209,221,179,218,215,218,177,219,3,1,2,103,0,5,2,1,0,128,0,0,0,0,64,0,0,0,203,107,122,49,130,20,39,137,64,0,0,0,0,251,85,86,49,214,228,165,0,0,8,2,0,128,188,141,157,223,157,223,157,223,157,223,0,223,180,223,185,223,190,223,157,223,157,223,130,141,216,0,165,26,140,252,141,211
2026-08-17_14-08-30,1,467,8,0.0,0,0.0,-1,-1,13,255,0,0,64,0,0,115,0,0,7,0,0,18,18,0,8,36,128,0,3,0,0,0,0,0,0,24,151,1,3,1,1,31,0,47,126,220,108,218,218,220,62,220,209,221,179,218,215,218,177,219,3,1,2,103,0,5,2,1,0,128,0,0,0,0,64,0,0,0,203,107,122,49,130,20,39,137,64,0,0,0,0,251,85,86,49,214,228,165,0,0,8,2,0,128,188,141,157,223,157,223,157,223,157,223,0,223,180,223,185,223,190,223,157,223,157,223,130,141,216,0,165,26,140,252,141,211,17,240,0,0,64,0,0,115,0,0,3,0,0,18,18,0,8,36,128,0,3,0,0,0,0,0,0,24,150,1,3,1,1,31,0,47,126,220,108,218,218,220,62,220,209,221,179,218,215,218,177,219,3,1,2,103,1,5,4,1,0,128,0,0,0,0,64,0,0,0,203,107,122,49,130,19,39,68,64,0,0,0,0,251,85,86,49,214,244,165,0,0,8,2,0,128,188,141,157,223,157,223,157,223,157,223,0,223,180,223,185,223,190,223,157,223,157,223,130,141,216,0,165,26,140,252,141,211
2026-08-17_14-08-30,1,468,3,0.0,0,0.0,-1,-1,17,240,0,0,64,0,0,115,0,0,3,0,0,18,18,0,8,36,128,0,3,0,0,0,0,0,0,24,150,1,3,1,1,31,0,47,126,220,108,218,218,220,62,220,209,221,179,218,215,218,177,219,3,1,2,103,1,5,4,1,0,128,0,0,0,0,64,0,0,0,203,107,122,49,130,19,39,68,64,0,0,0,0,251,85,86,49,214,244,165,0,0,8,2,0,128,188,141,157,223,157,223,157,223,157,223,0,223,180,223,185,223,190,223,157,223,157,223,130,141,216,0,165,26,140,252,141,211,21,7,0,0,64,0,0,115,0,0,0,0,0,18,18,0,8,36,128,0,3,0,0,0,0,0,0,24,149,1,3,1,1,31,0,47,72,218,108,218,62,220,62,220,209,221,179,218,215,218,177,219,3,255,2,103,1,5,0,1,0,128,0,0,0,0,1,0,0,0,203,107,122,49,130,19,39,136,64,0,0,0,0,251,85,86,49,214,244,165,0,0,8,5,0,128,188,141,157,223,157,223,157,223,157,223,0,223,180,223,185,223,190,223,157,223,157,223,2,141,216,0,165,26,140,252,141,211
2026-08-17_14-08-30,1,469,8,0.0,0,0.0,-1,-1,21,7,0,0,64,0,0,115,0,0,0,0,0,18,18,0,8,36,128,0,3,0,0,0,0,0,0,24,149,1,3,1,1,31,0,47,72,218,108,218,62,220,62,220,209,221,179,218,215,218,177,219,3,255,2,103,1,5,0,1,0,128,0,0,0,0,1,0,0,0,203,107,122,49,130,19,39,136,64,0,0,0,0,251,85,86,49,214,244,165,0,0,8,5,0,128,188,141,157,223,157,223,157,223,157,223,0,223,180,223,185,223,190,223,157,223,157,223,2,141,216,0,165,26,140,252,141,211,25,115,0,0,64,0,0,115,0,0,0,0,0,18,18,0,8,36,128,0,3,0,0,0,0,0,0,24,148,1,3,1,1,31,0,47,72,218,108,218,62,220,62,220,209,221,179,218,215,218,177,219,3,255,2,103,2,5,2,1,0,128,0,0,0,0,1,0,0,0,203,107,122,49,130,19,39,136,64,0,0,0,0,251,85,86,49,214,244,165,0,0,8,5,0,128,188,141,157,223,157,223,157,223,157,223,0,223,180,223,185,223,190,223,157,223,157,223,2,141,216,0,165,26,140,252,141,211
2026-08-17_14-08-30,1,470,3,0.0,0,0.0,-1,-1,25,115,0,0,64,0,0,115,0,0,0,0,0,18,18,0,8,36,128,0,3,0,0,0,0,0,0,24,148,1,3,1,1,31,0,47,72,218,108,218,62,220,62,220,209,221,179,218,215,218,177,219,3,255,2,103,2,5,2,1,0,128,0,0,0,0,1,0,0,0,203,107,122,49,130,19,39,136,64,0,0,0,0,251,85,86,49,214,244,165,0,0,8,5,0,128,188,141,157,223,157,223,157,223,157,223,0,223,180,223,185,223,190,223,157,223,157,223,2,141,216,0,165,26,140,252,141,211,29,62,0,0,64,0,0,115,0,0,9,0,0,18,18,0,8,36,128,0,3,0,0,0,0,0,0,24,147,1,3,1,1,31,0,47,126,220,108,218,218,220,62,220,209,221,179,218,215,218,177,219,3,1,2,103,3,5,4,1,0,128,0,0,0,0,1,0,0,0,203,107,122,49,130,19,39,136,64,0,0,0,0,251,85,86,49,214,244,165,0,0,8,2,0,128,188,141,157,223,157,223,157,223,157,223,0,223,180,223,185,223,190,223,157,223,157,223,130,141,216,0,165,26,140,252,141,211
2026-08-17_14-08-30,1,471,8,0.0,0,0.0,-1,-1,29,62,0,0,64,0,0,115,0,0,9,0,0,18,18,0,8,36,128,0,3,0,0,0,0,0,0,24,147,1,3,1,1,31,0,47,126,220,108,218,218,220,62,220,209,221,179,218,215,218,177,219,3,1,2,103,3,5,4,1,0,128,0,0,0,0,1,0,0,0,203,107,122,49,130,19,39,136,64,0,0,0,0,251,85,86,49,214,244,165,0,0,8,2,0,128,188,141,157,223,157,223,157,223,157,223,0,223,180,223,185,223,190,223,157,223,157,223,130,141,216,0,165,26,140,252,141,211,33,236,0,0,64,0,0,115,0,0,5,0,0,18,18,0,8,36,128,0,3,0,0,0,0,0,0,24,146,1,3,1,1,31,0,47,126,220,108,218,218,220,62,220,209,221,179,218,215,218,177,219,3,1,2,103,3,5,0,1,0,128,0,0,0,0,64,0,0,0,203,107,122,49,130,18,39,136,64,0,0,0,0,251,85,86,49,214,4,165,0,0,8,2,0,128,188,141,157,223,157,223,157,223,157,223,0,223,180,223,185,223,190,223,157,223,157,223,130,141,216,0,165,26,140,252,141,211
2026-08-17_14-08-30,1,472,3,0.0,0,0.0,-1,-1,33,236,0,0,64,0,0,115,0,0,5,0,0,18,18,0,8,36,128,0,3,0,0,0,0,0,0,24,146,1,3,1,1,31,0,47,126,220,108,218,218,220,62,220,209,221,179,218,215,218,177,219,3,1,2,103,3,5,0,1,0,128,0,0,0,0,64,0,0,0,203,107,122,49,130,18,39,136,64,0,0,0,0,251,85,86,49,214,4,165,0,0,8,2,0,128,188,141,157,223,157,223,157,223,157,223,0,223,180,223,185,223,190,223,157,223,157,223,130,141,216,0,165,26,140,252,141,211,37,200,0,0,64,0,0,115,0,0,1,0,0,18,18,0,8,36,128,0,3,0,0,0,0,0,0,24,145,1,3,1,1,31,0,47,126,220,108,218,218,220,62,220,209,221,179,218,215,218,177,219,3,1,2,103,0,5,2,0,0,128,0,0,0,0,64,0,0,0,203,107,122,49,130,18,39,17,64,0,0,0,0,251,85,86,49,214,4,165,0,0,8,2,0,128,188,141,157,223,157,223,157,223,157,223,0,223,180,223,185,223,190,223,157,223,157,223,130,141,216,0,165,26,140,252,141,211
2026-08-17_14-08-30,1,473,8,0.0,0,0.0,-1,-1,37,200,0,0,64,0,0,115,0,0,1,0,0,18,18,0,8,36,128,0,3,0,0,0,0,0,0,24,145,1,3,1,1,31,0,47,126,220,108,218,218,220,62,220,209,221,179,218,215,218,177,219,3,1,2,103,0,5,2,0,0,128,0,0,0,0,64,0,0,0,203,107,122,49,130,18,39,17,64,0,0,0,0,251,85,86,49,214,4,165,0,0,8,2,0,128,188,141,157,223,157,223,157,223,157,223,0,223,180,223,185,223,190,223,157,223,157,223,130,141,216,0,165,26,140,252,141,211,41,136,0,0,64,0,0,115,0,0,0,0,0,18,18,0,8,36,128,0,3,0,0,0,0,0,0,24,144,1,3,1,1,31,0,47,72,218,108,218,62,220,62,220,209,221,179,218,215,218,177,219,3,255,2,103,1,5,4,0,0,128,0,0,0,0,1,0,0,0,203,107,122,49,130,18,39,136,64,0,0,0,0,251,85,86,49,214,4,165,0,0,8,5,0,128,188,141,157,223,157,223,157,223,157,223,0,223,180,223,185,223,190,223,157,223,157,223,2,141,216,0,165,26,140,252,141,211
2026-08-17_14-08-30,1,474,8,0.0,0,0.0,-1,-1,41,136,0,0,64,0,0,115,0,0,0,0,0,18,18,0,8,36,128,0,3,0,0,0,0,0,0,24,144,1,3,1,1,31,0,47,72,218,108,218,62,220,62,220,209,221,179,218,215,218,177,219,3,255,2,103,1,5,4,0,0,128,0,0,0,0,1,0,0,0,203,107,122,49,130,18,39,136,64,0,0,0,0,251,85,86,49,214,4,165,0,0,8,5,0,128,188,141,157,223,157,223,157,223,157,223,0,223,180,223,185,223,190,223,157,223,157,223,2,141,216,0,165,26,140,252,141,211,45,140,0,0,64,0,0,115,0,0,0,0,0,18,18,0,8,36,128,0,3,0,0,0,0,0,0,24,137,1,3,1,1,31,0,47,72,218,108,218,62,220,62,220,209,221,179,218,215,218,177,219,3,255,2,103,1,5,0,0,0,128,0,0,0,0,1,0,0,0,203,107,122,49,130,18,39,34,64,0,0,0,0,251,85,86,49,214,4,165,0,0,8,5,0,128,188,141,157,223,157,223,157,223,157,223,0,223,180,223,185,223,190,223,157,223,157,223,2,141,216,0,165,26,140,252,141,211
2026-08-17_14-08-30,1,475,3,0.0,0,0.0,-1,-1,45,140,0,0,64,0,0,115,0,0,0,0,0,18,18,0,8,36,128,0,3,0,0,0,0,0,0,24,137,1,3,1,1,31,0,47,72,218,108,218,62,220,62,220,209,221,179,218,215,218,177,219,3,255,2,103,1,5,0,0,0,128,0,0,0,0,1,0,0,0,203,107,122,49,130,18,39,34,64,0,0,0,0,251,85,86,49,214,4,165,0,0,8,5,0,128,188,141,157,223,157,223,157,223,157,223,0,223,180,223,185,223,190,223,157,223,157,223,2,141,216,0,165,26,140,252,141,211,49,206,0,0,64,0,0,115,0,0,8,0,0,18,18,0,8,36,128,38,3,0,0,0,0,0,0,24,136,1,3,1,1,31,0,47,126,220,108,218,218,220,62,220,209,221,179,218,215,218,177,219,3,1,64,103,2,5,2,0,0,0,9,0,3,0,0,0,0,0,203,107,49,49,130,18,39,132,64,0,0,0,0,251,85,49,49,214,4,165,0,0,8,2,0,0,188,141,157,223,157,223,157,223,157,223,0,223,180,223,185,223,190,223,157,223,157,223,2,141,216,0,165,26,63,252,141,211
2026-08-17_14-08-30,1,476,8,0.0,0,0.0,-1,-1,49,206,0,0,64,0,0,115,0,0,8,0,0,18,18,0,8,36,128,38,3,0,0,0,0,0,0,24,136,1,3,1,1,31,0,47,126,220,108,218,218,220,62,220,209,221,179,218,215,218,177,219,3,1,64,103,2,5,2,0,0,0,9,0,3,0,0,0,0,0,203,107,49,49,130,18,39,132,64,0,0,0,0,251,85,49,49,214,4,165,0,0,8,2,0,0,188,141,157,223,157,223,157,223,157,223,0,223,180,223,185,223,190,223,157,223,157,223,2,141,216,0,165,26,63,252,141,211,53,235,0,0,64,0,0,115,0,0,4,0,0,18,18,0,8,36,128,34,3,0,0,0,0,0,0,24,135,1,3,1,1,31,0,47,126,220,108,218,218,220,62,220,209,221,179,218,215,218,177,219,3,1,64,103,3,5,4,0,0,0,5,0,3,0,0,0,0,0,203,107,49,49,130,18,39,66,64,0,0,0,0,251,85,49,49,214,4,165,0,0,8,2,0,0,188,141,157,223,157,223,157,223,157,223,0,223,180,223,185,223,190,223,157,223,157,223,2,141,216,0,165,26,63,252,141,211
2026-08-17_14-08-30,1,477,3,0.0,0,0.0,-1,-1,53,235,0,0,64,0,0,115,0,0,4,0,0,18,18,0,8,36,128,34,3,0,0,0,0,0,0,24,135,1,3,1,1,31,0,47,126,220,108,218,218,220,62,220,209,221,179,218,215,218,177,219,3,1,64,103,3,5,4,0,0,0,5,0,3,0,0,0,0,0,203,107,49,49,130,18,39,66,64,0,0,0,0,251,85,49,49,214,4,165,0,0,8,2,0,0,188,141,157,223,157,223,157,223,157,223,0,223,180,223,185,223,190,223,157,223,157,223,2,141,216,0,165,26,63,252,141,211,57,187,0,0,64,0,0,115,0,0,0,0,0,18,18,0,8,36,128,30,3,0,0,0,0,0,0,24,134,1,3,1,1,31,0,47,72,218,108,218,62,220,62,220,209,221,179,218,215,218,177,219,3,255,64,103,3,5,0,0,0,0,1,0,3,0,1,0,0,0,203,107,49,49,130,18,39,136,64,0,0,0,0,251,85,49,49,214,4,165,0,0,8,5,0,0,188,141,157,223,157,223,157,223,157,223,0,223,180,223,185,223,190,223,157,223,157,223,2,141,216,0,165,26,63,252,141,211
2026-08-17_14-08-30,1,478,8,0.0,0,0.0,-1,-1,57,187,0,0,64,0,0,115,0,0,0,0,0,18,18,0,8,36,128,30,3,0,0,0,0,0,0,24,134,1,3,1,1,31,0,47,72,218,108,218,62,220,62,220,209,221,179,218,215,218,177,219,3,255,64,103,3,5,0,0,0,0,1,0,3,0,1,0,0,0,203,107,49,49,130,18,39,136,64,0,0,0,0,251,85,49,49,214,4,165,0,0,8,5,0,0,188,141,157,223,157,223,157,223,157,223,0,223,180,223,185,223,190,223,157,223,157,223,2,141,216,0,165,26,63,252,141,211,61,182,0,0,64,0,0,115,0,0,0,0,0,18,18,0,8,36,128,26,3,0,0,0,0,0,0,24,133,1,3,1,1,31,0,47,72,218,108,218,62,220,62,220,209,221,179,218,215,218,177,219,3,255,64,103,4,5,2,255,0,0,0,0,0,0,1,0,0,0,203,107,49,49,130,18,39,136,64,0,0,0,0,251,85,49,49,214,4,165,0,0,8,5,0,0,188,141,157,223,157,223,157,223,157,223,0,223,180,223,185,223,190,223,157,223,157,223,2,141,216,0,165,26,63,252,141,211
2026-08-17_14-08-30,1,479,3,0.0,0,0.0,-1,-1,61,182,0,0,64,0,0,115,0,0,0,0,0,18,18,0,8,36,128,26,3,0,0,0,0,0,0,24,133,1,3,1,1,31,0,47,72,218,108,218,62,220,62,220,209,221,179,218,215,218,177,219,3,255,64,103,4,5,2,255,0,0,0,0,0,0,1,0,0,0,203,107,49,49,130,18,39,136,64,0,0,0,0,251,85,49,49,214,4,165,0,0,8,5,0,0,188,141,157,223,157,223,157,223,157,223,0,223,180,223,185,223,190,223,157,223,157,223,2,141,216,0,165,26,63,252,141,211,65,96,0,0,64,0,0,115,0,0,8,0,0,18,18,0,8,36,128,22,3,0,0,0,0,0,0,24,132,1,3,1,1,31,0,47,126,220,108,218,218,220,62,220,209,221,179,218,215,218,177,219,3,1,64,103,5,5,4,254,0,0,0,0,0,0,1,0,0,0,205,109,49,49,130,18,39,145,64,0,0,0,0,219,53,49,49,214,4,165,0,0,8,2,0,0,188,141,157,223,157,223,157,223,157,223,0,223,180,223,185,223,190,223,157,223,157,223,2,141,216,0,165,26,200,250,141,211
2026-08-17_14-08-30,1,480,8,0.0,0,0.0,-1,-1,65,96,0,0,64,0,0,115,0,0,8,0,0,18,18,0,8,36,128,22,3,0,0,0,0,0,0,24,132,1,3,1,1,31,0,47,126,220,108,218,218,220,62,220,209,221,179,218,215,218,177,219,3,1,64,103,5,5,4,254,0,0,0,0,0,0,1,0,0,0,205,109,49,49,130,18,39,145,64,0,0,0,0,219,53,49,49,214,4,165,0,0,8,2,0,0,188,141,157,223,157,223,157,223,157,223,0,223,180,223,185,223,190,223,157,223,157,223,2,141,216,0,165,26,200,250,141,211,69,6,0,0,64,0,0,115,0,0,4,0,0,18,18,0,8,36,128,18,3,0,0,0,0,0,0,24,131,1,3,1,1,31,0,47,126,220,108,218,218,220,62,220,209,221,179,218,215,218,177,219,3,1,64,103,5,5,0,254,0,0,0,0,0,0,1,0,0,0,205,109,49,49,130,18,39,145,64,0,0,0,0,219,53,49,49,214,4,165,0,0,8,2,0,0,188,141,157,223,157,223,157,223,157,223,0,223,180,223,185,223,190,223,157,223,157,223,2,141,216,0,165,26,200,250,141,211
2026-08-17_14-08-30,1,481,3,0.0,0,0.0,-1,-1,69,6,0,0,64,0,0,115,0,0,4,0,0,18,18,0,8,36,128,18,3,0,0,0,0,0,0,24,131,1,3,1,1,31,0,47,126,220,108,218,218,220,62,220,209,221,179,218,215,218,177,219,3,1,64,103,5,5,0,254,0,0,0,0,0,0,1,0,0,0,205,109,49,49,130,18,39,145,64,0,0,0,0,219,53,49,49,214,4,165,0,0,8,2,0,0,188,141,157,223,157,223,157,223,157,223,0,223,180,223,185,223,190,223,157,223,157,223,2,141,216,0,165,26,200,250,141,211,73,99,0,0,64,0,0,115,0,0,0,0,0,18,18,0,8,36,128,14,3,0,0,0,0,0,0,24,130,1,3,1,1,31,0,47,72,218,108,218,62,220,62,220,209,221,179,218,215,218,177,219,3,255,64,103,6,5,2,253,0,0,0,0,0,0,1,0,0,0,205,109,49,49,130,18,39,146,64,0,0,0,0,219,53,49,49,214,4,165,0,0,8,5,0,0,188,141,157,223,157,223,157,223,157,223,0,223,180,223,185,223,190,223,157,223,157,223,2,141,216,0,165,26,200,250,141,211
2026-08-17_14-08-30,1,482,8,0.0,0,0.0,-1,-1,73,99,0,0,64,0,0,115,0,0,0,0,0,18,18,0,8,36,128,14,3,0,0,0,0,0,0,24,130,1,3,1,1,31,0,47,72,218,108,218,62,220,62,220,209,221,179,218,215,218,177,219,3,255,64,103,6,5,2,253,0,0,0,0,0,0,1,0,0,0,205,109,49,49,130,18,39,146,64,0,0,0,0,219,53,49,49,214,4,165,0,0,8,5,0,0,188,141,157,223,157,223,157,223,157,223,0,223,180,223,185,223,190,223,157,223,157,223,2,141,216,0,165,26,200,250,141,211,77,55,0,0,64,0,0,115,0,0,0,0,0,18,18,0,8,36,128,10,3,0,0,0,0,0,0,24,129,1,3,1,1,31,0,47,72,218,108,218,62,220,62,220,209,221,179,218,215,218,177,219,3,255,64,103,7,5,4,252,0,0,0,0,0,0,1,0,0,0,205,109,49,49,130,18,39,146,64,0,0,0,0,219,53,49,49,214,4,165,0,0,8,5,0,0,188,141,157,223,157,223,157,223,157,223,0,223,180,223,185,223,190,223,157,223,157,223,2,141,216,0,165,26,200,250,141,211
2026-08-17_14-08-30,1,483,8,0.0,0,0.0,-1,-1,77,55,0,0,64,0,0,115,0,0,0,0,0,18,18,0,8,36,128,10,3,0,0,0,0,0,0,24,129,1,3,1,1,31,0,47,72,218,108,218,62,220,62,220,209,221,179,218,215,218,177,219,3,255,64,103,7,5,4,252,0,0,0,0,0,0,1,0,0,0,205,109,49,49,130,18,39,146,64,0,0,0,0,219,53,49,49,214,4,165,0,0,8,5,0,0,188,141,157,223,157,223,157,223,157,223,0,223,180,223,185,223,190,223,157,223,157,223,2,141,216,0,165,26,200,250,141,211,81,120,0,0,64,0,0,115,0,0,7,0,0,18,18,0,8,36,128,6,3,0,0,0,0,0,0,24,128,1,3,1,1,31,0,47,126,220,108,218,218,220,62,220,209,221,179,218,215,218,177,219,3,1,64,103,7,5,0,252,0,0,0,0,0,0,1,0,0,0,206,110,49,49,130,18,39,164,64,0,0,0,0,203,37,49,49,214,4,165,0,0,8,2,0,0,188,141,157,223,157,223,157,223,157,223,0,223,180,223,185,223,190,223,157,223,157,223,2,141,216,0,165,26,200,250,141,211
2026-08-17_14-08-30,1,484,8,0.0,0,0.0,-1,-1,81,120,0,0,64,0,0,115,0,0,7,0,0,18,18,0,8,36,128,6,3,0,0,0,0,0,0,24,128,1,3,1,1,31,0,47,126,220,108,218,218,220,62,220,209,221,179,218,215,218,177,219,3,1,64,103,7,5,0,252,0,0,0,0,0,0,1,0,0,0,206,110,49,49,130,18,39,164,64,0,0,0,0,203,37,49,49,214,4,165,0,0,8,2,0,0,188,141,157,223,157,223,157,223,157,223,0,223,180,223,185,223,190,223,157,223,157,223,2,141,216,0,165,26,200,250,141,211,85,139,0,0,64,0,0,115,0,0,3,0,0,18,18,0,8,36,128,2,3,0,0,0,0,0,0,24,121,1,3,1,1,31,0,47,126,220,108,218,218,220,62,220,209,221,179,218,215,218,177,219,3,1,64,103,0,4,2,2,0,0,0,0,0,0,1,0,0,0,206,110,49,49,130,18,39,164,64,0,0,0,0,203,37,49,49,214,4,165,0,0,8,2,0,0,188,141,157,223,157,223,157,223,157,223,0,223,180,223,185,223,190,223,157,223,157,223,2,141,216,0,165,26,200,250,141,211
2026-08-17_14-08-30,1,485,8,0.0,0,0.0,-1,-1,85,139,0,0,64,0,0,115,0,0,3,0,0,18,18,0,8,36,128,2,3,0,0,0,0,0,0,24,121,1,3,1,1,31,0,47,126,220,108,218,218,220,62,220,209,221,179,218,215,218,177,219,3,1,64,103,0,4,2,2,0,0,0,0,0,0,1,0,0,0,206,110,49,49,130,18,39,164,64,0,0,0,0,203,37,49,49,214,4,165,0,0,8,2,0,0,188,141,157,223,157,223,157,223,157,223,0,223,180,223,185,223,190,223,157,223,157,223,2,141,216,0,165,26,200,250,141,211,89,189,0,0,64,0,0,177,0,0,0,0,0,18,18,0,8,36,128,0,3,0,0,0,0,0,0,24,120,1,3,1,1,31,0,47,72,218,144,218,62,220,62,220,209,221,179,218,215,218,177,219,3,255,2,103,1,4,4,2,0,0,0,0,0,0,1,0,0,0,206,110,52,49,130,18,39,169,64,0,0,0,0,203,37,1,49,214,4,165,0,3,8,5,0,128,188,141,157,223,157,223,157,223,157,223,0,223,180,223,185,223,190,223,157,223,157,223,2,141,216,0,165,26,140,252,141,211
2026-08-17_14-08-30,1,486,8,0.0,0,0.0,-1,-1,89,189,0,0,64,0,0,177,0,0,0,0,0,18,18,0,8,36,128,0,3,0,0,0,0,0,0,24,120,1,3,1,1,31,0,47,72,218,144,218,62,220,62,220,209,221,179,218,215,218,177,219,3,255,2,103,1,4,4,2,0,0,0,0,0,0,1,0,0,0,206,110,52,49,130,18,39,169,64,0,0,0,0,203,37,1,49,214,4,165,0,3,8,5,0,128,188,141,157,223,157,223,157,223,157,223,0,223,180,223,185,223,190,223,157,223,157,223,2,141,216,0,165,26,140,252,141,211,93,213,0,0,64,0,0,45,0,0,0,0,0,18,18,0,8,36,128,0,3,0,0,0,0,0,0,24,119,1,3,1,1,31,0,47,72,218,144,218,62,220,62,220,209,221,179,218,215,218,177,219,3,255,2,103,1,4,0,2,0,0,0,0,0,0,1,0,0,0,206,110,57,49,130,18,39,169,64,0,0,0,0,203,37,177,49,214,4,165,0,3,8,5,0,128,188,141,157,223,157,223,157,223,157,223,0,223,180,223,185,223,190,223,157,223,157,223,2,141,216,0,165,26,140,252,141,211
2026-08-17_14-08-30,1,487,3,0.0,0,0.0,-1,-1,93,213,0,0,64,0,0,45,0,0,0,0,0,18,18,0,8,36,128,0,3,0,0,0,0,0,0,24,119,1,3,1,1,31,0,47,72,218,144,218,62,220,62,220,209,221,179,218,215,218,177,219,3,255,2,103,1,4,0,2,0,0,0,0,0,0,1,0,0,0,206,110,57,49,130,18,39,169,64,0,0,0,0,203,37,177,49,214,4,165,0,3,8,5,0,128,188,141,157,223,157,223,157,223,157,223,0,223,180,223,185,223,190,223,157,223,157,223,2,141,216,0,165,26,140,252,141,211,97,87,0,0,64,0,0,169,0,0,8,0,0,18,18,0,8,36,128,0,3,0,0,0,0,0,0,24,118,1,3,1,1,31,0,47,126,220,108,218,218,220,62,220,209,221,179,218,215,218,177,219,3,1,2,103,2,4,2,2,0,0,0,0,0,0,1,0,0,0,208,112,61,49,130,18,39,149,64,0,0,0,0,171,5,98,49,214,4,165,0,3,8,2,0,128,188,141,157,223,157,223,157,223,157,223,0,223,180,223,185,223,190,223,157,223,157,223,2,141,216,0,165,26,140,252,141,211
2026-08-17_14-08-30,1,488,8,0.0,0,0.0,-1,-1,97,87,0,0,64,0,0,169,0,0,8,0,0,18,18,0,8,36,128,0,3,0,0,0,0,0,0,24,118,1,3,1,1,31,0,47,126,220,108,218,218,220,62,220,209,221,179,218,215,218,177,219,3,1,2,103,2,4,2,2,0,0,0,0,0,0,1,0,0,0,208,112,61,49,130,18,39,149,64,0,0,0,0,171,5,98,49,214,4,165,0,3,8,2,0,128,188,141,157,223,157,223,157,223,157,223,0,223,180,223,185,223,190,223,157,223,157,223,2,141,216,0,165,26,140,252,141,211,101,126,0,0,64,0,0,37,0,0,4,0,0,18,18,0,8,36,128,0,3,0,0,0,0,0,0,24,117,1,3,1,1,31,0,47,126,220,108,218,218,220,62,220,209,221,179,218,215,218,177,219,3,1,2,103,3,4,4,2,0,0,0,1,0,0,1,0,0,0,208,112,50,49,130,18,39,149,64,0,0,0,0,171,5,33,49,214,4,165,0,3,8,2,0,128,188,141,157,223,157,223,157,223,157,223,0,223,180,223,185,223,190,223,157,223,157,223,2,141,216,0,165,26,140,252,141,211
2026-08-17_14-08-30,1,489,3,0.0,0,0.0,-1,-1,101,126,0,0,64,0,0,37,0,0,4,0,0,18,18,0,8,36,128,0,3,0,0,0,0,0,0,24,117,1,3,1,1,31,0,47,126,220,108,218,218,220,62,220,209,221,179,218,215,218,177,219,3,1,2,103,3,4,4,2,0,0,0,1,0,0,1,0,0,0,208,112,50,49,130,18,39,149,64,0,0,0,0,171,5,33,49,214,4,165,0,3,8,2,0,128,188,141,157,223,157,223,157,223,157,223,0,223,180,223,185,223,190,223,157,223,157,223,2,141,216,0,165,26,140,252,141,211,105,232,0,0,64,0,0,161,0,0,0,0,0,18,18,0,8,36,128,0,3,0,0,0,0,0,0,24,116,1,3,1,1,31,0,47,72,218,144,218,62,220,62,220,209,221,179,218,215,218,177,219,3,255,2,103,3,4,0,2,0,0,0,1,0,0,1,0,0,0,208,112,54,49,130,18,39,137,64,0,0,0,0,171,5,225,49,214,4,165,0,3,8,5,0,128,188,141,157,223,157,223,157,223,157,223,0,223,180,223,185,223,190,223,157,223,157,223,2,141,216,0,165,26,140,252,141,211
2026-08-17_14-08-30,1,490,8,0.0,0,0.0,-1,-1,105,232,0,0,64,0,0,161,0,0,0,0,0,18,18,0,8,36,128,0,3,0,0,0,0,0,0,24,116,1,3,1,1,31,0,47,72,218,144,218,62,220,62,220,209,221,179,218,215,218,177,219,3,255,2,103,3,4,0,2,0,0,0,1,0,0,1,0,0,0,208,112,54,49,130,18,39,137,64,0,0,0,0,171,5,225,49,214,4,165,0,3,8,5,0,128,188,141,157,223,157,223,157,223,157,223,0,223,180,223,185,223,190,223,157,223,157,223,2,141,216,0,165,26,140,252,141,211,109,138,0,0,64,0,0,29,0,0,0,0,0,18,18,0,8,36,128,0,3,0,0,0,0,0,0,24,115,1,3,1,1,31,0,47,72,218,144,218,62,220,62,220,209,221,179,218,215,218,177,219,3,255,2,103,0,4,2,1,0,0,0,1,0,0,1,0,0,0,208,112,59,49,130,18,39,137,64,0,0,0,0,171,5,145,49,214,4,165,0,3,8,5,0,128,188,141,157,223,157,223,157,223,157,223,0,223,180,223,185,223,190,223,157,223,157,223,2,141,216,0,165,26,140,252,141,211
2026-08-17_14-08-30,1,491,8,0.0,0,0.0,-1,-1,109,138,0,0,64,0,0,29,0,0,0,0,0,18,18,0,8,36,128,0,3,0,0,0,0,0,0,24,115,1,3,1,1,31,0,47,72,218,144,218,62,220,62,220,209,221,179,218,215,218,177,219,3,255,2,103,0,4,2,1,0,0,0,1,0,0,1,0,0,0,208,112,59,49,130,18,39,137,64,0,0,0,0,171,5,145,49,214,4,165,0,3,8,5,0,128,188,141,157,223,157,223,157,223,157,223,0,223,180,223,185,223,190,223,157,223,157,223,2,141,216,0,165,26,140,252,141,211,113,173,0,0,64,0,1,153,0,0,0,0,0,18,18,0,8,36,128,0,3,0,0,0,0,0,0,24,114,1,3,1,1,31,0,47,108,218,108,218,62,220,62,220,209,221,179,218,215,218,177,219,3,255,2,103,1,4,4,1,0,0,0,1,0,0,1,0,0,0,50,114,63,49,130,18,39,34,64,0,0,0,0,33,229,66,49,214,4,165,0,3,8,7,0,128,188,141,157,223,157,223,157,223,157,223,0,223,180,223,185,223,190,223,157,223,157,223,2,141,216,0,165,26,140,252,141,211
2026-08-17_14-08-30,1,492,8,0.0,0,0.0,-1,-1,113,173,0,0,64,0,1,153,0,0,0,0,0,18,18,0,8,36,128,0,3,0,0,0,0,0,0,24,114,1,3,1,1,31,0,47,108,218,108,218,62,220,62,220,209,221,179,218,215,218,177,219,3,255,2,103,1,4,4,1,0,0,0,1,0,0,1,0,0,0,50,114,63,49,130,18,39,34,64,0,0,0,0,33,229,66,49,214,4,165,0,3,8,7,0,128,188,141,157,223,157,223,157,223,157,223,0,223,180,223,185,223,190,223,157,223,157,223,2,141,216,0,165,26,140,252,141,211,117,220,0,0,64,0,1,21,0,0,7,0,0,18,18,0,8,36,128,0,3,0,0,0,0,0,0,24,113,1,3,1,1,31,0,47,126,220,108,218,218,220,62,220,209,221,179,218,215,218,177,219,3,1,2,103,1,4,0,1,0,0,0,3,0,0,1,0,0,0,51,115,52,49,130,18,39,136,64,0,0,0,0,17,213,1,49,214,4,165,0,3,8,2,0,128,188,141,157,223,157,223,157,223,157,223,0,223,180,223,185,223,190,223,157,223,157,223,2,141,216,0,165,26,140,252,141,211
2026-08-17_14-08-30,1,493,8,0.0,0,0.0,-1,-1,117,220,0,0,64,0,1,21,0,0,7,0,0,18,18,0,8,36,128,0,3,0,0,0,0,0,0,24,113,1,3,1,1,31,0,47,126,220,108,218,218,220,62,220,209,221,179,218,215,218,177,219,3,1,2,103,1,4,0,1,0,0,0,3,0,0,1,0,0,0,51,115,52,49,130,18,39,136,64,0,0,0,0,17,213,1,49,214,4,165,0,3,8,2,0,128,188,141,157,223,157,223,157,223,157,223,0,223,180,223,185,223,190,223,157,223,157,223,2,141,216,0,165,26,140,252,141,211,121,195,0,0,64,0,1,145,0,0,3,0,0,18,18,0,8,36,128,0,3,0,0,0,0,0,0,24,112,1,3,1,1,31,0,47,126,220,144,218,218,220,62,220,209,221,179,218,215,218,177,219,3,1,2,103,2,4,2,1,0,0,0,3,0,0,1,0,0,0,51,115,56,49,130,18,39,68,64,0,0,0,0,17,213,193,49,214,4,165,0,3,8,2,0,128,188,141,157,223,157,223,157,223,157,223,0,223,180,223,185,223,190,223,157,223,157,223,2,141,216,0,165,26,140,252,141,211
2026-08-17_14-08-30,1,494,8,0.0,0,0.0,-1,-1,121,195,0,0,64,0,1,145,0,0,3,0,0,18,18,0,8,36,128,0,3,0,0,0,0,0,0,24,112,1,3,1,1,31,0,47,126,220,144,218,218,220,62,220,209,221,179,218,215,218,177,219,3,1,2,103,2,4,2,1,0,0,0,3,0,0,1,0,0,0,51,115,56,49,130,18,39,68,64,0,0,0,0,17,213,193,49,214,4,165,0,3,8,2,0,128,188,141,157,223,157,223,157,223,157,223,0,223,180,223,185,223,190,223,157,223,157,223,2,141,216,0,165,26,140,252,141,211,125,61,0,0,64,0,1,13,0,0,0,0,0,18,18,0,8,36,128,0,3,0,0,0,0,0,0,24,105,1,3,1,1,31,0,47,72,218,144,218,62,220,62,220,209,221,179,218,215,218,177,219,3,255,2,103,3,4,4,1,0,0,0,3,0,0,1,0,0,0,51,115,61,49,130,18,39,145,64,0,0,0,0,17,213,98,49,214,4,165,0,3,8,5,0,128,188,141,157,223,157,223,157,223,157,223,0,223,180,223,185,223,190,223,157,223,157,223,2,141,216,0,165,26,140,252,141,211
2026-08-17_14-08-30,1,495,8,0.0,0,0.0,-1,-1,125,61,0,0,64,0,1,13,0,0,0,0,0,18,18,0,8,36,128,0,3,0,0,0,0,0,0,24,105,1,3,1,1,31,0,47,72,218,144,218,62,220,62,220,209,221,179,218,215,218,177,219,3,255,2,103,3,4,4,1,0,0,0,3,0,0,1,0,0,0,51,115,61,49,130,18,39,145,64,0,0,0,0,17,213,98,49,214,4,165,0,3,8,5,0,128,188,141,157,223,157,223,157,223,157,223,0,223,180,223,185,223,190,223,157,223,157,223,2,141,216,0,165,26,140,252,141,211,129,221,0,0,64,0,1,137,0,0,0,0,0,18,18,0,8,36,128,0,3,0,0,0,0,0,0,24,104,1,3,1,1,31,0,47,72,218,108,218,62,220,62,220,209,221,179,218,215,218,177,219,3,255,2,103,3,4,0,1,0,0,0,3,0,0,1,0,0,0,51,115,65,49,130,18,39,145,64,0,0,0,0,17,213,34,49,214,4,165,0,3,8,5,0,128,188,141,157,223,157,223,157,223,157,223,0,223,180,223,185,223,190,223,157,223,157,223,2,141,216,0,165,26,140,252,141,211
2026-08-17_14-08-30,1,496,8,0.0,0,0.0,-1,-1,129,221,0,0,64,0,1,137,0,0,0,0,0,18,18,0,8,36,128,0,3,0,0,0,0,0,0,24,104,1,3,1,1,31,0,47,72,218,108,218,62,220,62,220,209,221,179,218,215,218,177,219,3,255,2,103,3,4,0,1,0,0,0,3,0,0,1,0,0,0,51,115,65,49,130,18,39,145,64,0,0,0,0,17,213,34,49,214,4,165,0,3,8,5,0,128,188,141,157,223,157,223,157,223,157,223,0,223,180,223,185,223,190,223,157,223,157,223,2,141,216,0,165,26,140,252,141,211,133,211,0,0,64,0,1,5,0,0,9,0,0,18,18,0,8,36,128,0,3,0,0,0,0,0,0,24,103,1,3,1,1,31,0,47,126,220,108,218,218,220,62,220,209,221,179,218,215,218,177,219,3,1,2,103,0,4,2,0,0,0,0,3,0,0,1,0,0,0,53,117,70,49,130,18,39,146,64,0,0,0,0,241,181,210,49,214,4,165,0,3,8,2,0,128,188,141,157,223,157,223,157,223,157,223,0,223,180,223,185,223,190,223,157,223,157,223,2,141,216,0,165,26,140,252,141,211
2026-08-17_14-08-30,1,497,8,0.0,0,0.0,-1,-1,133,211,0,0,64,0,1,5,0,0,9,0,0,18,18,0,8,36,128,0,3,0,0,0,0,0,0,24,103,1,3,1,1,31,0,47,126,220,108,218,218,220,62,220,209,221,179,218,215,218,177,219,3,1,2,103,0,4,2,0,0,0,0,3,0,0,1,0,0,0,53,117,70,49,130,18,39,146,64,0,0,0,0,241,181,210,49,214,4,165,0,3,8,2,0,128,188,141,157,223,157,223,157,223,157,223,0,223,180,223,185,223,190,223,157,223,157,223,2,141,216,0,165,26,140,252,141,211,137,52,0,0,64,0,1,129,0,0,5,0,0,18,18,0,8,36,128,0,3,0,0,0,0,0,0,24,102,1,3,1,1,31,0,47,126,220,144,218,218,220,62,220,209,221,179,218,215,218,177,219,3,1,2,103,1,4,4,0,0,0,0,3,0,0,1,0,0,0,53,117,74,49,130,18,39,146,64,0,0,0,0,241,181,146,49,214,4,165,0,3,8,2,0,128,188,141,157,223,157,223,157,223,157,223,0,223,180,223,185,223,190,223,157,223,157,223,2,141,216,0,165,26,140,252,141,211
2026-08-17_14-08-30,1,498,3,0.0,0,0.0,-1,-1,137,52,0,0,64,0,1,129,0,0,5,0,0,18,18,0,8,36,128,0,3,0,0,0,0,0,0,24,102,1,3,1,1,31,0,47,126,220,144,218,218,220,62,220,209,221,179,218,215,218,177,219,3,1,2,103,1,4,4,0,0,0,0,3,0,0,1,0,0,0,53,117,74,49,130,18,39,146,64,0,0,0,0,241,181,146,49,214,4,165,0,3,8,2,0,128,188,141,157,223,157,223,157,223,157,223,0,223,180,223,185,223,190,223,157,223,157,223,2,141,216,0,165,26,140,252,141,211,141,73,0,0,64,0,1,253,0,0,1,0,0,18,18,0,8,36,128,0,3,0,0,0,0,0,0,24,101,1,3,1,1,31,0,47,126,220,144,218,218,220,62,220,209,221,179,218,215,218,177,219,3,1,2,103,1,4,0,0,0,0,0,3,0,0,1,0,0,0,53,117,78,49,130,18,39,18,64,0,0,0,0,241,181,67,49,214,4,165,0,3,8,2,0,128,188,141,157,223,157,223,157,223,157,223,0,223,180,223,185,223,190,223,157,223,157,223,2,141,216,0,165,26,140,252,141,211
2026-08-17_14-08-30,1,499,8,0.0,0,0.0,-1,-1,141,73,0,0,64,0,1,253,0,0,1,0,0,18,18,0,8,36,128,0,3,0,0,0,0,0,0,24,101,1,3,1,1,31,0,47,126,220,144,218,218,220,62,220,209,221,179,218,215,218,177,219,3,1,2,103,1,4,0,0,0,0,0,3,0,0,1,0,0,0,53,117,78,49,130,18,39,18,64,0,0,0,0,241,181,67,49,214,4,165,0,3,8,2,0,128,188,141,157,223,157,223,157,223,157,223,0,223,180,223,185,223,190,223,157,223,157,223,2,141,216,0,165,26,140,252,141,211,145,144,0,0,64,0,1,121,0,0,0,0,0,18,18,0,8,36,128,0,3,0,0,0,0,0,0,24,100,1,3,1,1,31,0,47,72,218,108,218,62,220,62,220,209,221,179,218,215,218,177,219,3,255,2,103,2,4,2,0,0,0,0,3,0,0,1,0,0,0,53,117,83,49,130,18,39,137,64,0,0,0,0,241,181,243,49,214,4,165,0,3,8,5,0,128,188,141,157,223,157,223,157,223,157,223,0,223,180,223,185,223,190,223,157,223,157,223,2,141,216,0,165,26,140,252,141,211
2026-08-17_14-08-30,1,500,8,0.0,0,0.0,-1,-1,145,144,0,0,64,0,1,121,0,0,0,0,0,18,18,0,8,36,128,0,3,0,0,0,0,0,0,24,100,1,3,1,1,31,0,47,72,218,108,218,62,220,62,220,209,221,179,218,215,218,177,219,3,255,2,103,2,4,2,0,0,0,0,3,0,0,1,0,0,0,53,117,83,49,130,18,39,137,64,0,0,0,0,241,181,243,49,214,4,165,0,3,8,5,0,128,188,141,157,223,157,223,157,223,157,223,0,223,180,223,185,223,190,223,157,223,157,223,2,141,216,0,165,26,140,252,141,211,149,1,0,0,64,0,1,245,0,0,0,0,0,18,18,0,8,36,128,0,3,0,0,0,0,0,0,24,99,1,3,1,1,31,0,47,72,218,108,218,62,220,62,220,209,221,179,218,215,218,177,219,3,255,2,103,3,4,4,0,0,0,0,3,0,0,1,0,0,0,55,119,87,49,130,18,39,34,64,0,0,0,0,209,149,179,49,214,4,165,0,3,8,5,0,128,188,141,157,223,157,223,157,223,157,223,0,223,180,223,185,223,190,223,157,223,157,223,2,141,216,0,165,26,140,252,141,211
2026-08-17_14-08-30,1,501,8,100.0,0,100.0,-1,-1,149,1,0,0,64,0,1,245,0,0,0,0,0,18,18,0,8,36,128,0,3,0,0,0,0,0,0,24,99,1,3,1,1,31,0,47,72,218,108,218,62,220,62,220,209,221,179,218,215,218,177,219,3,255,2,103,3,4,4,0,0,0,0,3,0,0,1,0,0,0,55,119,87,49,130,18,39,34,64,0,0,0,0,209,149,179,49,214,4,165,0,3,8,5,0,128,188,141,157,223,157,223,157,223,157,223,0,223,180,223,185,223,190,223,157,223,157,223,2,141,216,0,165,26,140,252,141,211,153,16,0,0,64,0,1,113,0,0,7,0,0,18,18,0,8,36,128,0,3,0,0,0,0,1,0,24,98,1,3,1,1,31,0,47,126,220,144,218,218,220,62,220,209,221,179,218,215,218,177,219,3,1,2,103,3,4,0,0,0,0,8,1,3,0,64,0,0,0,56,120,92,49,130,18,39,136,64,0,0,0,0,193,118,84,49,214,4,165,0,1,8,2,0,128,188,141,157,223,157,223,8,223,0,223,0,223,180,223,185,223,190,223,0,223,157,223,2,141,216,0,165,26,140,252,141,211
2026-08-17_14-08-30,1,502,8,0.0,0,100.0,-1,-1,153,16,0,0,64,0,1,113,0,0,7,0,0,18,18,0,8,36,128,0,3,0,0,0,0,1,0,24,98,1,3,1,1,31,0,47,126,220,144,218,218,220,62,220,209,221,179,218,215,218,177,219,3,1,2,103,3,4,0,0,0,0,8,1,3,0,64,0,0,0,56,120,92,49,130,18,39,136,64,0,0,0,0,193,118,84,49,214,4,165,0,1,8,2,0,128,188,141,157,223,157,223,8,223,0,223,0,223,180,223,185,223,190,223,0,223,157,223,2,141,216,0,165,26,140,252,141,211,157,9,0,0,64,0,1,237,0,0,3,0,0,18,18,0,8,36,128,0,3,0,0,0,0,1,0,24,97,1,3,1,1,31,0,47,126,220,144,218,218,220,62,220,209,221,179,218,215,218,177,219,3,1,2,103,4,4,2,255,0,0,4,1,3,0,64,0,0,0,56,120,96,49,130,18,39,136,64,0,0,0,0,193,118,20,49,214,4,165,0,1,8,2,0,128,188,141,157,223,157,223,8,223,0,223,0,223,180,223,185,223,190,223,0,223,157,223,2,141,216,0,165,26,140,252,141,211
2026-08-17_14-08-30,1,503,3,0.0,0,100.0,-1,-1,157,9,0,0,64,0,1,237,0,0,3,0,0,18,18,0,8,36,128,0,3,0,0,0,0,1,0,24,97,1,3,1,1,31,0,47,126,220,144,218,218,220,62,220,209,221,179,218,215,218,177,219,3,1,2,103,4,4,2,255,0,0,4,1,3,0,64,0,0,0,56,120,96,49,130,18,39,136,64,0,0,0,0,193,118,20,49,214,4,165,0,1,8,2,0,128,188,141,157,223,157,223,8,223,0,223,0,223,180,223,185,223,190,223,0,223,157,223,2,141,216,0,165,26,140,252,141,211,161,148,0,0,64,0,1,105,0,0,9,0,0,18,18,0,8,36,128,0,3,0,0,0,0,1,0,24,96,1,3,1,1,31,0,47,126,220,108,218,218,220,62,220,209,221,179,218,215,218,177,219,3,1,2,103,5,4,4,254,0,0,0,1,0,0,1,0,0,0,56,120,101,49,130,18,39,136,64,0,0,0,0,193,118,196,49,214,4,165,0,1,8,2,0,128,188,141,157,223,157,223,8,223,0,223,0,223,180,223,185,223,190,223,0,223,157,223,2,141,216,0,165,26,140,252,141,211
2026-08-17_14-08-30,1,504,8,100.0,0,200.0,-1,-1,161,148,0,0,64,0,1,105,0,0,9,0,0,18,18,0,8,36,128,0,3,0,0,0,0,1,0,24,96,1,3,1,1,31,0,47,126,220,108,218,218,220,62,220,209,221,179,218,215,218,177,219,3,1,2,103,5,4,4,254,0,0,0,1,0,0,1,0,0,0,56,120,101,49,130,18,39,136,64,0,0,0,0,193,118,196,49,214,4,165,0,1,8,2,0,128,188,141,157,223,157,223,8,223,0,223,0,223,180,223,185,223,190,223,0,223,157,223,2,141,216,0,165,26,140,252,141,211,165,67,0,0,64,0,1,229,0,0,5,0,0,18,18,0,8,36,128,0,3,0,0,0,0,2,0,24,89,1,3,1,1,31,0,47,126,220,108,218,218,220,62,220,209,221,179,218,215,218,177,219,3,1,2,103,5,4,0,254,0,0,9,0,3,0,64,0,0,0,56,120,105,49,130,18,39,136,64,0,0,0,0,193,118,117,49,214,4,165,0,0,8,2,0,128,188,141,157,223,157,223,16,223,0,223,0,223,180,223,185,223,190,223,0,223,157,223,2,141,216,0,165,26,140,252,141,211
2026-08-17_14-08-30,1,505,8,0.0,0,200.0,-1,-1,165,67,0,0,64,0,1,229,0,0,5,0,0,18,18,0,8,36,128,0,3,0,0,0,0,2,0,24,89,1,3,1,1,31,0,47,126,220,108,218,218,220,62,220,209,221,179,218,215,218,177,219,3,1,2,103,5,4,0,254,0,0,9,0,3,0,64,0,0,0,56,120,105,49,130,18,39,136,64,0,0,0,0,193,118,117,49,214,4,165,0,0,8,2,0,128,188,141,157,223,157,223,16,223,0,223,0,223,180,223,185,223,190,223,0,223,157,223,2,141,216,0,165,26,140,252,141,211,169,53,0,0,64,0,1,97,0,0,1,0,0,18,18,0,8,36,128,0,3,0,0,0,0,2,0,24,88,1,3,1,1,31,0,47,126,220,144,218,218,220,62,220,209,221,179,218,215,218,177,219,3,1,2,103,6,4,2,253,0,0,5,0,3,0,64,0,0,0,56,120,110,49,130,18,39,34,64,0,0,0,0,193,118,37,49,214,4,165,0,0,8,2,0,128,188,141,157,223,157,223,16,223,0,223,0,223,180,223,185,223,190,223,0,223,157,223,2,141,216,0,165,26,140,252,141,211
2026-08-17_14-08-30,1,506,8,0.0,0,200.0,-1,-1,169,53,0,0,64,0,1,97,0,0,1,0,0,18,18,0,8,36,128,0,3,0,0,0,0,2,0,24,88,1,3,1,1,31,0,47,126,220,144,218,218,220,62,220,209,221,179,218,215,218,177,219,3,1,2,103,6,4,2,253,0,0,5,0,3,0,64,0,0,0,56,120,110,49,130,18,39,34,64,0,0,0,0,193,118,37,49,214,4,165,0,0,8,2,0,128,188,141,157,223,157,223,16,223,0,223,0,223,180,223,185,223,190,223,0,223,157,223,2,141,216,0,165,26,140,252,141,211,173,89,0,0,64,0,1,221,0,0,0,0,0,18,18,0,8,36,128,0,3,0,0,0,0,2,0,24,87,1,3,1,1,31,0,47,72,218,144,218,62,220,62,220,209,221,179,218,215,218,177,219,3,255,2,103,7,4,4,252,0,0,1,0,3,0,1,0,0,0,56,120,114,49,130,18,39,145,64,0,0,0,0,193,118,229,49,214,4,165,0,0,8,5,0,128,188,141,157,223,157,223,16,223,0,223,0,223,180,223,185,223,190,223,0,223,157,223,2,141,216,0,165,26,140,252,141,211
2026-08-17_14-08-30,1,507,8,0.0,0,200.0,-1,-1,173,89,0,0,64,0,1,221,0,0,0,0,0,18,18,0,8,36,128,0,3,0,0,0,0,2,0,24,87,1,3,1,1,31,0,47,72,218,144,218,62,220,62,220,209,221,179,218,215,218,177,219,3,255,2,103,7,4,4,252,0,0,1,0,3,0,1,0,0,0,56,120,114,49,130,18,39,145,64,0,0,0,0,193,118,229,49,214,4,165,0,0,8,5,0,128,188,141,157,223,157,223,16,223,0,223,0,223,180,223,185,223,190,223,0,223,157,223,2,141,216,0,165,26,140,252,141,211,177,153,0,0,64,0,1,89,0,0,0,0,0,18,18,0,8,36,128,0,3,0,0,0,0,2,0,24,86,1,3,1,1,31,0,47,108,218,108,218,62,220,62,220,209,221,179,218,215,218,177,219,3,255,2,103,7,4,0,252,0,0,0,0,0,0,1,0,0,0,57,121,119,49,130,18,39,72,64,0,0,0,0,177,102,149,49,214,4,165,0,0,8,7,0,128,188,141,157,223,157,223,16,223,0,223,0,223,180,223,185,223,190,223,0,223,157,223,2,141,216,0,165,26,140,252,141,211
2026-08-17_14-08-30,1,508,3,100.0,0,300.0,-1,-1,177,153,0,0,64,0,1,89,0,0,0,0,0,18,18,0,8,36,128,0,3,0,0,0,0,2,0,24,86,1,3,1,1,31,0,47,108,218,108,218,62,220,62,220,209,221,179,218,215,218,177,219,3,255,2,103,7,4,0,252,0,0,0,0,0,0,1,0,0,0,57,121,119,49,130,18,39,72,64,0,0,0,0,177,102,149,49,214,4,165,0,0,8,7,0,128,188,141,157,223,157,223,16,223,0,223,0,223,180,223,185,223,190,223,0,223,157,223,2,141,216,0,165,26,140,252,141,211,181,149,0,0,64,0,1,182,0,0,8,0,0,18,18,0,8,36,128,9,3,0,0,0,0,3,0,24,85,1,3,1,1,31,0,47,126,220,108,218,218,220,62,220,209,221,179,218,215,218,177,219,3,1,64,103,0,3,2,2,0,0,9,0,3,0,0,0,0,0,59,123,49,49,130,18,39,137,64,0,0,0,0,145,70,49,49,214,4,165,0,0,8,2,0,0,188,141,157,223,157,223,24,223,0,223,0,223,180,223,185,223,190,223,0,223,157,223,2,141,216,0,165,26,63,252,141,211
2026-08-17_14-08-30,1,509,8,0.0,0,300.0,-1,-1,181,149,0,0,64,0,1,182,0,0,8,0,0,18,18,0,8,36,128,9,3,0,0,0,0,3,0,24,85,1,3,1,1,31,0,47,126,220,108,218,218,220,62,220,209,221,179,218,215,218,177,219,3,1,64,103,0,3,2,2,0,0,9,0,3,0,0,0,0,0,59,123,49,49,130,18,39,137,64,0,0,0,0,145,70,49,49,214,4,165,0,0,8,2,0,0,188,141,157,223,157,223,24,223,0,223,0,223,180,223,185,223,190,223,0,223,157,223,2,141,216,0,165,26,63,252,141,211,185,83,0,0,64,0,1,182,0,0,4,0,0,18,18,0,8,36,128,5,3,0,0,0,0,3,0,24,84,1,3,1,1,31,0,47,126,220,108,218,218,220,62,220,209,221,179,218,215,218,177,219,3,1,64,103,1,3,4,2,0,0,5,0,3,0,0,0,0,0,59,123,49,49,130,18,39,137,64,0,0,0,0,145,70,49,49,214,4,165,0,0,8,2,0,0,188,141,157,223,157,223,24,223,0,223,0,223,180,223,185,223,190,223,0,223,157,223,2,141,216,0,165,26,63,252,141,211
2026-08-17_14-08-30,1,510,3,0.0,0,300.0,-1,-1,185,83,0,0,64,0,1,182,0,0,4,0,0,18,18,0,8,36,128,5,3,0,0,0,0,3,0,24,84,1,3,1,1,31,0,47,126,220,108,218,218,220,62,220,209,221,179,218,215,218,177,219,3,1,64,103,1,3,4,2,0,0,5,0,3,0,0,0,0,0,59,123,49,49,130,18,39,137,64,0,0,0,0,145,70,49,49,214,4,165,0,0,8,2,0,0,188,141,157,223,157,223,24,223,0,223,0,223,180,223,185,223,190,223,0,223,157,223,2,141,216,0,165,26,63,252,141,211,189,60,0,0,64,0,1,182,0,0,0,0,0,18,18,0,8,36,128,1,3,0,0,0,0,3,0,24,83,1,3,1,1,31,0,47,72,218,108,218,62,220,62,220,209,221,179,218,215,218,177,219,3,255,64,103,1,3,0,2,0,0,1,0,3,0,1,0,0,0,59,123,49,49,130,18,39,8,64,0,0,0,0,145,70,49,49,214,4,165,0,0,8,5,0,0,188,141,157,223,157,223,24,223,0,223,0,223,180,223,185,223,190,223,0,223,157,223,2,141,216,0,165,26,63,252,141,211
2026-08-17_14-08-30,1,511,8,0.0,0,300.0,-1,-1,189,60,0,0,64,0,1,182,0,0,0,0,0,18,18,0,8,36,128,1,3,0,0,0,0,3,0,24,83,1,3,1,1,31,0,47,72,218,108,218,62,220,62,220,209,221,179,218,215,218,177,219,3,255,64,103,1,3,0,2,0,0,1,0,3,0,1,0,0,0,59,123,49,49,130,18,39,8,64,0,0,0,0,145,70,49,49,214,4,165,0,0,8,5,0,0,188,141,157,223,157,223,24,223,0,223,0,223,180,223,185,223,190,223,0,223,157,223,2,141,216,0,165,26,63,252,141,211,193,205,0,0,64,0,1,19,0,0,7,0,0,18,18,0,8,36,128,0,3,0,0,0,0,3,0,24,82,1,3,1,1,31,0,47,126,220,144,218,218,220,62,220,209,221,179,218,215,218,177,219,3,1,2,103,2,3,2,2,0,0,0,0,0,0,1,0,0,0,60,124,54,49,130,18,39,130,64,0,0,0,0,114,54,225,49,214,4,165,0,0,8,2,0,128,188,141,157,223,157,223,24,223,0,223,0,223,180,223,185,223,190,223,0,223,157,223,2,141,216,0,165,26,140,252,141,211
2026-08-17_14-08-30,1,512,8,0.0,0,300.0,-1,-1,193,205,0,0,64,0,1,19,0,0,7,0,0,18,18,0,8,36,128,0,3,0,0,0,0,3,0,24,82,1,3,1,1,31,0,47,126,220,144,218,218,220,62,220,209,221,179,218,215,218,177,219,3,1,2,103,2,3,2,2,0,0,0,0,0,0,1,0,0,0,60,124,54,49,130,18,39,130,64,0,0,0,0,114,54,225,49,214,4,165,0,0,8,2,0,128,188,141,157,223,157,223,24,223,0,223,0,223,180,223,185,223,190,223,0,223,157,223,2,141,216,0,165,26,140,252,141,211,197,218,0,0,64,0,1,143,0,0,3,0,0,18,18,0,8,36,128,0,3,0,0,0,0,3,0,24,81,1,3,1,1,31,0,47,126,220,144,218,218,220,62,220,209,221,179,218,215,218,177,219,3,1,2,103,3,3,4,2,0,0,0,0,0,0,1,0,0,0,60,124,58,49,130,18,39,65,64,0,0,0,0,114,54,161,49,214,4,165,0,0,8,2,0,128,188,141,157,223,157,223,24,223,0,223,0,223,180,223,185,223,190,223,0,223,157,223,2,141,216,0,165,26,140,252,141,211
2026-08-17_14-08-30,1,513,3,0.0,0,300.0,-1,-1,197,218,0,0,64,0,1,143,0,0,3,0,0,18,18,0,8,36,128,0,3,0,0,0,0,3,0,24,81,1,3,1,1,31,0,47,126,220,144,218,218,220,62,220,209,221,179,218,215,218,177,219,3,1,2,103,3,3,4,2,0,0,0,0,0,0,1,0,0,0,60,124,58,49,130,18,39,65,64,0,0,0,0,114,54,161,49,214,4,165,0,0,8,2,0,128,188,141,157,223,157,223,24,223,0,223,0,223,180,223,185,223,190,223,0,223,157,223,2,141,216,0,165,26,140,252,141,211,201,160,0,0,64,0,1,11,0,0,0,0,0,18,18,0,8,36,128,0,3,0,0,0,0,3,0,24,80,1,3,1,1,31,0,47,72,218,108,218,62,220,62,220,209,221,179,218,215,218,177,219,3,255,2,103,3,3,0,2,0,0,0,0,0,0,1,0,0,0,60,124,63,49,130,18,39,136,64,0,0,0,0,114,54,66,49,214,4,165,0,0,8,5,0,128,188,141,157,223,157,223,24,223,0,223,0,223,180,223,185,223,190,223,0,223,157,223,2,141,216,0,165,26,140,252,141,211
2026-08-17_14-08-30,1,514,8,0.0,0,300.0,-1,-1,201,160,0,0,64,0,1,11,0,0,0,0,0,18,18,0,8,36,128,0,3,0,0,0,0,3,0,24,80,1,3,1,1,31,0,47,72,218,108,218,62,220,62,220,209,221,179,218,215,218,177,219,3,255,2,103,3,3,0,2,0,0,0,0,0,0,1,0,0,0,60,124,63,49,130,18,39,136,64,0,0,0,0,114,54,66,49,214,4,165,0,0,8,5,0,128,188,141,157,223,157,223,24,223,0,223,0,223,180,223,185,223,190,223,0,223,157,223,2,141,216,0,165,26,140,252,141,211,205,10,0,0,64,0,1,135,0,0,0,0,0,18,18,0,8,36,128,0,3,0,0,0,0,3,0,24,73,1,3,1,1,31,0,47,72,218,108,218,62,220,62,220,209,221,179,218,215,218,177,219,3,255,2,103,0,3,2,1,0,0,0,0,0,0,1,0,0,0,60,124,67,49,130,18,39,136,64,0,0,0,0,114,54,2,49,214,4,165,0,0,8,5,0,128,188,141,157,223,157,223,24,223,0,223,0,223,180,223,185,223,190,223,0,223,157,223,2,141,216,0,165,26,140,252,141,211
2026-08-17_14-08-30,1,515,3,0.0,0,300.0,-1,-1,205,10,0,0,64,0,1,135,0,0,0,0,0,18,18,0,8,36,128,0,3,0,0,0,0,3,0,24,73,1,3,1,1,31,0,47,72,218,108,218,62,220,62,220,209,221,179,218,215,218,177,219,3,255,2,103,0,3,2,1,0,0,0,0,0,0,1,0,0,0,60,124,67,49,130,18,39,136,64,0,0,0,0,114,54,2,49,214,4,165,0,0,8,5,0,128,188,141,157,223,157,223,24,223,0,223,0,223,180,223,185,223,190,223,0,223,157,223,2,141,216,0,165,26,140,252,141,211,209,165,0,0,64,0,1,3,0,0,0,0,0,18,18,0,8,36,128,0,3,0,0,0,0,3,0,24,72,1,3,1,1,31,0,47,108,218,144,218,62,220,62,220,209,221,179,218,215,218,177,219,3,255,2,103,1,3,4,1,0,0,0,0,0,0,1,0,0,0,63,127,72,49,130,18,39,17,64,0,0,0,0,66,6,178,49,214,4,165,0,0,8,7,0,128,188,141,157,223,157,223,24,223,0,223,0,223,180,223,185,223,190,223,0,223,157,223,2,141,216,0,165,26,140,252,141,211
2026-08-17_14-08-30,1,516,8,0.0,0,300.0,-1,-1,209,165,0,0,64,0,1,3,0,0,0,0,0,18,18,0,8,36,128,0,3,0,0,0,0,3,0,24,72,1,3,1,1,31,0,47,108,218,144,218,62,220,62,220,209,221,179,218,215,218,177,219,3,255,2,103,1,3,4,1,0,0,0,0,0,0,1,0,0,0,63,127,72,49,130,18,39,17,64,0,0,0,0,66,6,178,49,214,4,165,0,0,8,7,0,128,188,141,157,223,157,223,24,223,0,223,0,223,180,223,185,223,190,223,0,223,157,223,2,141,216,0,165,26,140,252,141,211,213,88,0,0,64,0,1,127,0,0,7,0,0,18,18,0,8,36,128,0,3,0,0,0,0,3,0,24,71,1,3,1,1,31,0,47,126,220,144,218,218,220,62,220,209,221,179,218,215,218,177,219,3,1,2,103,1,3,0,1,0,0,0,0,0,0,1,0,0,0,64,128,76,49,130,18,39,132,64,0,0,0,0,50,246,99,49,214,4,165,0,0,8,2,0,128,188,141,157,223,157,223,24,223,0,223,0,223,180,223,185,223,190,223,0,223,157,223,2,141,216,0,165,26,140,252,141,211
2026-08-17_14-08-30,1,517,8,0.0,0,300.0,-1,-1,213,88,0,0,64,0,1,127,0,0,7,0,0,18,18,0,8,36,128,0,3,0,0,0,0,3,0,24,71,1,3,1,1,31,0,47,126,220,144,218,218,220,62,220,209,221,179,218,215,218,177,219,3,1,2,103,1,3,0,1,0,0,0,0,0,0,1,0,0,0,64,128,76,49,130,18,39,132,64,0,0,0,0,50,246,99,49,214,4,165,0,0,8,2,0,128,188,141,157,223,157,223,24,223,0,223,0,223,180,223,185,223,190,223,0,223,157,223,2,141,216,0,165,26,140,252,141,211,217,137,0,0,64,0,1,251,0,0,3,0,0,18,18,0,8,36,128,0,3,0,0,0,0,3,0,24,70,1,3,1,1,31,0,47,126,220,108,218,218,220,62,220,209,221,179,218,215,218,177,219,3,1,2,103,2,3,2,1,0,0,0,0,0,0,1,0,0,0,64,128,80,49,130,18,39,66,64,0,0,0,0,50,246,35,49,214,4,165,0,0,8,2,0,128,188,141,157,223,157,223,24,223,0,223,0,223,180,223,185,223,190,223,0,223,157,223,2,141,216,0,165,26,140,252,141,211
2026-08-17_14-08-30,1,518,3,0.0,0,300.0,-1,-1,217,137,0,0,64,0,1,251,0,0,3,0,0,18,18,0,8,36,128,0,3,0,0,0,0,3,0,24,70,1,3,1,1,31,0,47,126,220,108,218,218,220,62,220,209,221,179,218,215,218,177,219,3,1,2,103,2,3,2,1,0,0,0,0,0,0,1,0,0,0,64,128,80,49,130,18,39,66,64,0,0,0,0,50,246,35,49,214,4,165,0,0,8,2,0,128,188,141,157,223,157,223,24,223,0,223,0,223,180,223,185,223,190,223,0,223,157,223,2,141,216,0,165,26,140,252,141,211,221,156,0,0,64,0,1,119,0,0,0,0,0,18,18,0,8,36,128,0,3,0,0,0,0,3,0,24,69,1,3,1,1,31,0,47,72,218,108,218,62,220,62,220,209,221,179,218,215,218,177,219,3,255,2,103,3,3,4,1,0,0,0,0,0,0,1,0,0,0,64,128,85,49,130,18,39,136,64,0,0,0,0,50,246,211,49,214,4,165,0,0,8,5,0,128,188,141,157,223,157,223,24,223,0,223,0,223,180,223,185,223,190,223,0,223,157,223,2,141,216,0,165,26,140,252,141,211
2026-08-17_14-08-30,1,519,8,0.0,0,300.0,-1,-1,221,156,0,0,64,0,1,119,0,0,0,0,0,18,18,0,8,36,128,0,3,0,0,0,0,3,0,24,69,1,3,1,1,31,0,47,72,218,108,218,62,220,62,220,209,221,179,218,215,218,177,219,3,255,2,103,3,3,4,1,0,0,0,0,0,0,1,0,0,0,64,128,85,49,130,18,39,136,64,0,0,0,0,50,246,211,49,214,4,165,0,0,8,5,0,128,188,141,157,223,157,223,24,223,0,223,0,223,180,223,185,223,190,223,0,223,157,223,2,141,216,0,165,26,140,252,141,211,225,199,0,0,64,0,1,243,0,0,0,0,0,18,18,0,8,36,128,0,3,0,0,0,0,3,0,24,68,1,3,1,1,31,0,47,72,218,144,218,62,220,62,220,209,221,179,218,215,218,177,219,3,255,2,103,3,3,0,1,0,0,0,0,0,0,1,0,0,0,64,128,89,49,130,18,39,136,64,0,0,0,0,50,246,147,49,214,4,165,0,0,8,5,0,128,188,141,157,223,157,223,24,223,0,223,0,223,180,223,185,223,190,223,0,223,157,223,2,141,216,0,165,26,140,252,141,211
2026-08-17_14-08-30,1,520,3,0.0,0,300.0,-1,-1,225,199,0,0,64,0,1,243,0,0,0,0,0,18,18,0,8,36,128,0,3,0,0,0,0,3,0,24,68,1,3,1,1,31,0,47,72,218,144,218,62,220,62,220,209,221,179,218,215,218,177,219,3,255,2,103,3,3,0,1,0,0,0,0,0,0,1,0,0,0,64,128,89,49,130,18,39,136,64,0,0,0,0,50,246,147,49,214,4,165,0,0,8,5,0,128,188,141,157,223,157,223,24,223,0,223,0,223,180,223,185,223,190,223,0,223,157,223,2,141,216,0,165,26,140,252,141,211,229,127,0,0,64,0,1,111,0,0,0,0,0,18,18,0,8,36,128,0,3,0,0,0,0,3,0,24,67,1,3,1,1,31,0,47,72,218,144,218,62,220,62,220,209,221,179,218,215,218,177,219,3,255,2,103,0,3,2,0,0,0,0,0,0,0,1,0,0,0,67,131,94,49,130,18,39,17,64,0,0,0,0,2,198,52,49,214,4,165,0,0,8,5,0,128,188,141,157,223,157,223,24,223,0,223,0,223,180,223,185,223,190,223,0,223,157,223,2,141,216,0,165,26,140,252,141,211
2026-08-17_14-08-30,1,521,3,0.0,0,300.0,-1,-1,229,127,0,0,64,0,1,111,0,0,0,0,0,18,18,0,8,36,128,0,3,0,0,0,0,3,0,24,67,1,3,1,1,31,0,47,72,218,144,218,62,220,62,220,209,221,179,218,215,218,177,219,3,255,2,103,0,3,2,0,0,0,0,0,0,0,1,0,0,0,67,131,94,49,130,18,39,17,64,0,0,0,0,2,198,52,49,214,4,165,0,0,8,5,0,128,188,141,157,223,157,223,24,223,0,223,0,223,180,223,185,223,190,223,0,223,157,223,2,141,216,0,165,26,140,252,141,211,233,248,0,0,64,0,1,235,0,0,8,0,0,18,18,0,8,36,128,0,3,0,0,0,0,3,0,24,66,1,3,1,1,31,0,47,126,220,108,218,218,220,62,220,209,221,179,218,215,218,177,219,3,1,2,103,1,3,4,0,0,0,0,0,0,0,1,0,0,0,69,133,98,49,130,18,39,130,64,0,0,0,0,226,166,244,49,214,4,165,0,0,8,2,0,128,188,141,157,223,157,223,24,223,0,223,0,223,180,223,185,223,190,223,0,223,157,223,2,141,216,0,165,26,140,252,141,211
2026-08-17_14-08-30,1,522,8,0.0,0,300.0,-1,-1,233,248,0,0,64,0,1,235,0,0,8,0,0,18,18,0,8,36,128,0,3,0,0,0,0,3,0,24,66,1,3,1,1,31,0,47,126,220,108,218,218,220,62,220,209,221,179,218,215,218,177,219,3,1,2,103,1,3,4,0,0,0,0,0,0,0,1,0,0,0,69,133,98,49,130,18,39,130,64,0,0,0,0,226,166,244,49,214,4,165,0,0,8,2,0,128,188,141,157,223,157,223,24,223,0,223,0,223,180,223,185,223,190,223,0,223,157,223,2,141,216,0,165,26,140,252,141,211,237,131,0,0,64,0,1,103,0,0,4,0,0,18,18,0,8,36,128,0,3,0,0,0,0,3,0,24,65,1,3,1,1,31,0,47,126,220,108,218,218,220,62,220,209,221,179,218,215,218,177,219,3,1,2,103,1,3,0,0,0,0,0,0,0,0,1,0,0,0,69,133,103,49,130,18,39,130,64,0,0,0,0,226,166,164,49,214,4,165,0,0,8,2,0,128,188,141,157,223,157,223,24,223,0,223,0,223,180,223,185,223,190,223,0,223,157,223,2,141,216,0,165,26,140,252,141,211
2026-08-17_14-08-30,1,523,3,0.0,0,300.0,-1,-1,237,131,0,0,64,0,1,103,0,0,4,0,0,18,18,0,8,36,128,0,3,0,0,0,0,3,0,24,65,1,3,1,1,31,0,47,126,220,108,218,218,220,62,220,209,221,179,218,215,218,177,219,3,1,2,103,1,3,0,0,0,0,0,0,0,0,1,0,0,0,69,133,103,49,130,18,39,130,64,0,0,0,0,226,166,164,49,214,4,165,0,0,8,2,0,128,188,141,157,223,157,223,24,223,0,223,0,223,180,223,185,223,190,223,0,223,157,223,2,141,216,0,165,26,140,252,141,211,241,57,0,0,64,0,1,227,0,0,0,0,0,18,18,0,8,36,128,0,3,0,0,0,0,3,0,24,64,1,3,1,1,31,0,47,72,218,144,218,62,220,62,220,209,221,179,218,215,218,177,219,3,255,2,103,2,3,2,0,0,0,0,0,0,0,1,0,0,0,69,133,107,49,130,18,39,16,64,0,0,0,0,226,166,85,49,214,4,165,0,0,8,5,0,128,188,141,157,223,157,223,24,223,0,223,0,223,180,223,185,223,190,223,0,223,157,223,2,141,216,0,165,26,140,252,141,211
2026-08-17_14-08-30,1,524,8,0.0,0,300.0,-1,-1,241,57,0,0,64,0,1,227,0,0,0,0,0,18,18,0,8,36,128,0,3,0,0,0,0,3,0,24,64,1,3,1,1,31,0,47,72,218,144,218,62,220,62,220,209,221,179,218,215,218,177,219,3,255,2,103,2,3,2,0,0,0,0,0,0,0,1,0,0,0,69,133,107,49,130,18,39,16,64,0,0,0,0,226,166,85,49,214,4,165,0,0,8,5,0,128,188,141,157,223,157,223,24,223,0,223,0,223,180,223,185,223,190,223,0,223,157,223,2,141,216,0,165,26,140,252,141,211,245,159,0,0,64,0,1,95,0,0,6,0,0,18,18,0,8,36,128,0,3,0,0,0,0,3,0,24,57,1,3,1,1,31,0,47,126,220,144,218,218,220,62,220,209,221,179,218,215,218,177,219,3,1,2,103,3,3,4,0,0,0,0,0,0,0,1,0,0,0,69,133,112,49,130,18,39,136,64,0,0,0,0,226,166,5,49,214,4,165,0,0,8,2,0,128,188,141,157,223,157,223,24,223,0,223,0,223,180,223,185,223,190,223,0,223,157,223,2,141,216,0,165,26,140,252,141,211
2026-08-17_14-08-30,1,525,8,0.0,0,300.0,-1,-1,245,159,0,0,64,0,1,95,0,0,6,0,0,18,18,0,8,36,128,0,3,0,0,0,0,3,0,24,57,1,3,1,1,31,0,47,126,220,144,218,218,220,62,220,209,221,179,218,215,218,177,219,3,1,2,103,3,3,4,0,0,0,0,0,0,0,1,0,0,0,69,133,112,49,130,18,39,136,64,0,0,0,0,226,166,5,49,214,4,165,0,0,8,2,0,128,188,141,157,223,157,223,24,223,0,223,0,223,180,223,185,223,190,223,0,223,157,223,2,141,216,0,165,26,140,252,141,211,249,246,0,0,64,0,1,219,0,0,2,0,0,18,18,0,8,36,128,0,3,0,0,0,0,3,0,24,56,1,3,1,1,31,0,47,126,220,108,218,218,220,62,220,209,221,179,218,215,218,177,219,3,1,2,103,3,3,0,0,0,0,0,0,0,0,1,0,0,0,69,133,116,49,130,18,39,68,64,0,0,0,0,226,166,197,49,214,4,165,0,0,8,2,0,128,188,141,157,223,157,223,24,223,0,223,0,223,180,223,185,223,190,223,0,223,157,223,2,141,216,0,165,26,140,252,141,211
2026-08-17_14-08-30,1,526,3,100.0,0,400.0,-1,-1,249,246,0,0,64,0,1,219,0,0,2,0,0,18,18,0,8,36,128,0,3,0,0,0,0,3,0,24,56,1,3,1,1,31,0,47,126,220,108,218,218,220,62,220,209,221,179,218,215,218,177,219,3,1,2,103,3,3,0,0,0,0,0,0,0,0,1,0,0,0,69,133,116,49,130,18,39,68,64,0,0,0,0,226,166,197,49,214,4,165,0,0,8,2,0,128,188,141,157,223,157,223,24,223,0,223,0,223,180,223,185,223,190,223,0,223,157,223,2,141,216,0,165,26,140,252,141,211,253,100,0,0,64,0,1,56,0,0,8,0,0,18,18,0,8,36,128,49,3,0,0,0,0,4,0,24,55,1,3,1,1,31,0,47,126,220,108,218,218,220,62,220,209,221,179,218,215,218,177,219,3,1,64,103,4,3,2,255,0,0,9,0,3,0,0,0,0,0,69,133,49,49,130,18,39,136,64,0,0,0,0,226,166,49,49,214,4,165,0,0,8,2,0,0,188,141,157,223,157,223,32,223,0,223,0,223,180,223,185,223,190,223,0,223,157,223,2,141,216,0,165,26,63,252,141,211
2026-08-17_14-08-30,1,527,8,0.0,0,400.0,-1,-1,253,100,0,0,64,0,1,56,0,0,8,0,0,18,18,0,8,36,128,49,3,0,0,0,0,4,0,24,55,1,3,1,1,31,0,47,126,220,108,218,218,220,62,220,209,221,179,218,215,218,177,219,3,1,64,103,4,3,2,255,0,0,9,0,3,0,0,0,0,0,69,133,49,49,130,18,39,136,64,0,0,0,0,226,166,49,49,214,4,165,0,0,8,2,0,0,188,141,157,223,157,223,32,223,0,223,0,223,180,223,185,223,190,223,0,223,157,223,2,141,216,0,165,26,63,252,141,211,1,68,0,1,64,0,1,56,0,0,4,0,0,18,18,0,8,36,128,45,3,0,0,0,0,4,0,24,54,1,3,1,1,31,0,47,126,220,108,218,218,220,62,220,209,221,179,218,215,218,177,219,3,1,64,103,5,3,4,254,0,0,5,0,3,0,0,0,0,0,69,133,49,49,130,18,39,136,64,0,0,0,0,226,166,49,49,214,4,165,0,0,8,2,0,0,188,141,157,223,157,223,32,223,0,223,0,223,180,223,185,223,190,223,0,223,157,223,2,141,216,0,165,26,63,252,141,211
2026-08-17_14-08-30,1,528,3,0.0,0,400.0,-1,-1,1,68,0,1,64,0,1,56,0,0,4,0,0,18,18,0,8,36,128,45,3,0,0,0,0,4,0,24,54,1,3,1,1,31,0,47,126,220,108,218,218,220,62,220,209,221,179,218,215,218,177,219,3,1,64,103,5,3,4,254,0,0,5,0,3,0,0,0,0,0,69,133,49,49,130,18,39,136,64,0,0,0,0,226,166,49,49,214,4,165,0,0,8,2,0,0,188,141,157,223,157,223,32,223,0,223,0,223,180,223,185,223,190,223,0,223,157,223,2,141,216,0,165,26,63,252,141,211,5,70,0,1,64,0,1,56,0,0,0,0,0,18,18,0,8,36,128,41,3,0,0,0,0,4,0,24,53,1,3,1,1,31,0,47,72,218,108,218,62,220,62,220,209,221,179,218,215,218,177,219,3,255,64,103,5,3,0,254,0,0,1,0,3,0,1,0,0,0,69,133,49,49,130,18,39,17,64,0,0,0,0,226,166,49,49,214,4,165,0,0,8,5,0,0,188,141,157,223,157,223,32,223,0,223,0,223,180,223,185,223,190,223,0,223,157,223,2,141,216,0,165,26,63,252,141,211
2026-08-17_14-08-30,1,529,8,0.0,0,400.0,-1,-1,5,70,0,1,64,0,1,56,0,0,0,0,0,18,18,0,8,36,128,41,3,0,0,0,0,4,0,24,53,1,3,1,1,31,0,47,72,218,108,218,62,220,62,220,209,221,179,218,215,218,177,219,3,255,64,103,5,3,0,254,0,0,1,0,3,0,1,0,0,0,69,133,49,49,130,18,39,17,64,0,0,0,0,226,166,49,49,214,4,165,0,0,8,5,0,0,188,141,157,223,157,223,32,223,0,223,0,223,180,223,185,223,190,223,0,223,157,223,2,141,216,0,165,26,63,252,141,211,9,103,0,1,64,0,1,56,0,0,6,0,0,18,18,0,8,36,128,37,3,0,0,0,0,4,0,24,52,1,3,1,1,31,0,47,126,220,108,218,218,220,62,220,209,221,179,218,215,218,177,219,3,1,64,103,6,3,2,253,0,0,0,0,0,0,1,0,0,0,69,133,49,49,130,18,39,136,64,0,0,0,0,226,166,49,49,214,4,165,0,0,8,2,0,0,188,141,157,223,157,223,32,223,0,223,0,223,180,223,185,223,190,223,0,223,157,223,2,141,216,0,165,26,63,252,141,211
2026-08-17_14-08-30,1,530,8,0.0,0,400.0,-1,-1,9,103,0,1,64,0,1,56,0,0,6,0,0,18,18,0,8,36,128,37,3,0,0,0,0,4,0,24,52,1,3,1,1,31,0,47,126,220,108,218,218,220,62,220,209,221,179,218,215,218,177,219,3,1,64,103,6,3,2,253,0,0,0,0,0,0,1,0,0,0,69,133,49,49,130,18,39,136,64,0,0,0,0,226,166,49,49,214,4,165,0,0,8,2,0,0,188,141,157,223,157,223,32,223,0,223,0,223,180,223,185,223,190,223,0,223,157,223,2,141,216,0,165,26,63,252,141,211,13,117,0,1,64,0,1,56,0,0,2,0,0,18,18,0,8,36,128,33,3,0,0,0,0,4,0,24,51,1,3,1,1,31,0,47,126,220,108,218,218,220,62,220,209,221,179,218,215,218,177,219,3,1,64,103,7,3,4,252,0,0,0,0,0,0,1,0,0,0,69,133,49,49,130,18,39,34,64,0,0,0,0,226,166,49,49,214,4,165,0,0,8,2,0,0,188,141,157,223,157,223,32,223,0,223,0,223,180,223,185,223,190,223,0,223,157,223,2,141,216,0,165,26,63,252,141,211
2026-08-17_14-08-30,1,531,3,0.0,0,400.0,-1,-1,13,117,0,1,64,0,1,56,0,0,2,0,0,18,18,0,8,36,128,33,3,0,0,0,0,4,0,24,51,1,3,1,1,31,0,47,126,220,108,218,218,220,62,220,209,221,179,218,215,218,177,219,3,1,64,103,7,3,4,252,0,0,0,0,0,0,1,0,0,0,69,133,49,49,130,18,39,34,64,0,0,0,0,226,166,49,49,214,4,165,0,0,8,2,0,0,188,141,157,223,157,223,32,223,0,223,0,223,180,223,185,223,190,223,0,223,157,223,2,141,216,0,165,26,63,252,141,211,17,93,0,1,64,0,1,56,0,0,8,0,0,18,18,0,8,36,128,29,3,0,0,0,0,4,0,24,50,1,3,1,1,31,0,47,126,220,108,218,218,220,62,220,209,221,179,218,215,218,177,219,3,1,64,103,7,3,0,252,0,0,0,0,0,0,1,0,0,0,69,133,49,49,130,18,39,132,64,0,0,0,0,226,166,49,49,214,4,165,0,0,8,2,0,0,188,141,157,223,157,223,32,223,0,223,0,223,180,223,185,223,190,223,0,223,157,223,2,141,216,0,165,26,63,252,141,211
2026-08-17_14-08-30,1,532,8,0.0,0,400.0,-1,-1,17,93,0,1,64,0,1,56,0,0,8,0,0,18,18,0,8,36,128,29,3,0,0,0,0,4,0,24,50,1,3,1,1,31,0,47,126,220,108,218,218,220,62,220,209,221,179,218,215,218,177,219,3,1,64,103,7,3,0,252,0,0,0,0,0,0,1,0,0,0,69,133,49,49,130,18,39,132,64,0,0,0,0,226,166,49,49,214,4,165,0,0,8,2,0,0,188,141,157,223,157,223,32,223,0,223,0,223,180,223,185,223,190,223,0,223,157,223,2,141,216,0,165,26,63,252,141,211,21,219,0,1,64,0,1,56,0,0,4,0,0,18,18,0,8,36,128,25,3,0,0,0,0,4,0,24,49,1,3,1,1,31,0,47,126,220,108,218,218,220,62,220,209,221,179,218,215,218,177,219,3,1,64,103,0,2,2,2,0,0,0,0,0,0,1,0,0,0,69,133,49,49,130,18,39,132,64,0,0,0,0,226,166,49,49,214,4,165,0,0,8,2,0,0,188,141,157,223,157,223,32,223,0,223,0,223,180,223,185,223,190,223,0,223,157,223,2,141,216,0,165,26,63,252,141,211
2026-08-17_14-08-30,1,533,8,0.0,0,400.0,-1,-1,21,219,0,1,64,0,1,56,0,0,4,0,0,18,18,0,8,36,128,25,3,0,0,0,0,4,0,24,49,1,3,1,1,31,0,47,126,220,108,218,218,220,62,220,209,221,179,218,215,218,177,219,3,1,64,103,0,2,2,2,0,0,0,0,0,0,1,0,0,0,69,133,49,49,130,18,39,132,64,0,0,0,0,226,166,49,49,214,4,165,0,0,8,2,0,0,188,141,157,223,157,223,32,223,0,223,0,223,180,223,185,223,190,223,0,223,157,223,2,141,216,0,165,26,63,252,141,211,25,176,0,1,64,0,1,56,0,0,0,0,0,18,18,0,8,36,128,21,3,0,0,0,0,4,0,24,48,1,3,1,1,31,0,47,72,218,108,218,62,220,62,220,209,221,179,218,215,218,177,219,3,255,64,103,1,2,4,2,0,0,0,0,0,0,1,0,0,0,69,133,49,49,130,18,39,144,64,0,0,0,0,226,166,49,49,214,4,165,0,0,8,5,0,0,188,141,157,223,157,223,32,223,0,223,0,223,180,223,185,223,190,223,0,223,157,223,2,141,216,0,165,26,63,252,141,211
2026-08-17_14-08-30,1,534,8,0.0,0,400.0,-1,-1,25,176,0,1,64,0,1,56,0,0,0,0,0,18,18,0,8,36,128,21,3,0,0,0,0,4,0,24,48,1,3,1,1,31,0,47,72,218,108,218,62,220,62,220,209,221,179,218,215,218,177,219,3,255,64,103,1,2,4,2,0,0,0,0,0,0,1,0,0,0,69,133,49,49,130,18,39,144,64,0,0,0,0,226,166,49,49,214,4,165,0,0,8,5,0,0,188,141,157,223,157,223,32,223,0,223,0,223,180,223,185,223,190,223,0,223,157,223,2,141,216,0,165,26,63,252,141,211,29,3,0,1,64,0,1,56,0,0,0,0,0,18,18,0,8,36,128,17,3,0,0,0,0,4,0,24,41,1,3,1,1,31,0,47,72,218,108,218,62,220,62,220,209,221,179,218,215,218,177,219,3,255,64,103,1,2,0,2,0,0,0,0,0,0,1,0,0,0,69,133,49,49,130,18,39,144,64,0,0,0,0,226,166,49,49,214,4,165,0,0,8,5,0,0,188,141,157,223,157,223,32,223,0,223,0,223,180,223,185,223,190,223,0,223,157,223,2,141,216,0,165,26,63,252,141,211
2026-08-17_14-08-30,1,535,8,0.0,0,400.0,-1,-1,29,3,0,1,64,0,1,56,0,0,0,0,0,18,18,0,8,36,128,17,3,0,0,0,0,4,0,24,41,1,3,1,1,31,0,47,72,218,108,218,62,220,62,220,209,221,179,218,215,218,177,219,3,255,64,103,1,2,0,2,0,0,0,0,0,0,1,0,0,0,69,133,49,49,130,18,39,144,64,0,0,0,0,226,166,49,49,214,4,165,0,0,8,5,0,0,188,141,157,223,157,223,32,223,0,223,0,223,180,223,185,223,190,223,0,223,157,223,2,141,216,0,165,26,63,252,141,211,33,49,0,1,64,0,1,56,0,0,0,0,0,18,18,0,8,36,128,13,3,0,0,0,0,4,0,24,40,1,3,1,1,31,0,47,108,218,108,218,62,220,62,220,209,221,179,218,215,218,177,219,3,255,64,103,2,2,2,2,0,0,0,0,0,0,1,0,0,0,71,135,49,49,130,18,39,36,64,0,0,0,0,194,119,49,49,214,4,165,0,0,8,7,0,0,188,141,157,223,157,223,32,223,0,223,0,223,180,223,185,223,190,223,0,223,157,223,2,141,216,0,165,26,200,250,141,211
2026-08-17_14-08-30,1,536,3,0.0,0,400.0,-1,-1,33,49,0,1,64,0,1,56,0,0,0,0,0,18,18,0,8,36,128,13,3,0,0,0,0,4,0,24,40,1,3,1,1,31,0,47,108,218,108,218,62,220,62,220,209,221,179,218,215,218,177,219,3,255,64,103,2,2,2,2,0,0,0,0,0,0,1,0,0,0,71,135,49,49,130,18,39,36,64,0,0,0,0,194,119,49,49,214,4,165,0,0,8,7,0,0,188,141,157,223,157,223,32,223,0,223,0,223,180,223,185,223,190,223,0,223,157,223,2,141,216,0,165,26,200,250,141,211,37,27,0,1,64,0,1,56,0,0,8,0,0,18,18,0,8,36,128,9,3,0,0,0,0,4,0,24,39,1,3,1,1,31,0,47,126,220,108,218,218,220,62,220,209,221,179,218,215,218,177,219,3,1,64,103,3,2,4,2,0,0,0,0,0,0,1,0,0,0,73,137,49,49,130,18,39,132,64,0,0,0,0,162,87,49,49,214,4,165,0,0,8,2,0,0,188,141,157,223,157,223,32,223,0,223,0,223,180,223,185,223,190,223,0,223,157,223,2,141,216,0,165,26,200,250,141,211
2026-08-17_14-08-30,1,537,8,0.0,0,400.0,-1,-1,37,27,0,1,64,0,1,56,0,0,8,0,0,18,18,0,8,36,128,9,3,0,0,0,0,4,0,24,39,1,3,1,1,31,0,47,126,220,108,218,218,220,62,220,209,221,179,218,215,218,177,219,3,1,64,103,3,2,4,2,0,0,0,0,0,0,1,0,0,0,73,137,49,49,130,18,39,132,64,0,0,0,0,162,87,49,49,214,4,165,0,0,8,2,0,0,188,141,157,223,157,223,32,223,0,223,0,223,180,223,185,223,190,223,0,223,157,223,2,141,216,0,165,26,200,250,141,211,41,188,0,1,64,0,1,56,0,0,4,0,0,18,18,0,8,36,128,5,3,0,0,0,0,4,0,24,38,1,3,1,1,31,0,47,126,220,108,218,218,220,62,220,209,221,179,218,215,218,177,219,3,1,64,103,3,2,0,2,0,0,0,0,0,0,1,0,0,0,73,137,49,49,130,18,39,132,64,0,0,0,0,162,87,49,49,214,4,165,0,0,8,2,0,0,188,141,157,223,157,223,32,223,0,223,0,223,180,223,185,223,190,223,0,223,157,223,2,141,216,0,165,26,200,250,141,211
2026-08-17_14-08-30,1,538,3,0.0,0,400.0,-1,-1,41,188,0,1,64,0,1,56,0,0,4,0,0,18,18,0,8,36,128,5,3,0,0,0,0,4,0,24,38,1,3,1,1,31,0,47,126,220,108,218,218,220,62,220,209,221,179,218,215,218,177,219,3,1,64,103,3,2,0,2,0,0,0,0,0,0,1,0,0,0,73,137,49,49,130,18,39,132,64,0,0,0,0,162,87,49,49,214,4,165,0,0,8,2,0,0,188,141,157,223,157,223,32,223,0,223,0,223,180,223,185,223,190,223,0,223,157,223,2,141,216,0,165,26,200,250,141,211,45,197,0,1,64,0,1,56,0,0,0,0,0,18,18,0,8,36,128,1,3,0,0,0,0,4,0,24,37,1,3,1,1,31,0,47,72,218,108,218,62,220,62,220,209,221,179,218,215,218,177,219,3,255,64,103,0,2,2,1,0,0,0,0,0,0,1,0,0,0,73,137,49,49,130,18,39,16,64,0,0,0,0,162,87,49,49,214,4,165,0,0,8,5,0,0,188,141,157,223,157,223,32,223,0,223,0,223,180,223,185,223,190,223,0,223,157,223,2,141,216,0,165,26,200,250,141,211
2026-08-17_14-08-30,1,539,8,0.0,0,400.0,-1,-1,45,197,0,1,64,0,1,56,0,0,0,0,0,18,18,0,8,36,128,1,3,0,0,0,0,4,0,24,37,1,3,1,1,31,0,47,72,218,108,218,62,220,62,220,209,221,179,218,215,218,177,219,3,255,64,103,0,2,2,1,0,0,0,0,0,0,1,0,0,0,73,137,49,49,130,18,39,16,64,0,0,0,0,162,87,49,49,214,4,165,0,0,8,5,0,0,188,141,157,223,157,223,32,223,0,223,0,223,180,223,185,223,190,223,0,223,157,223,2,141,216,0,165,26,200,250,141,211,49,94,0,1,64,0,1,149,0,0,7,0,0,18,18,0,8,36,128,0,3,0,0,0,0,4,0,24,36,1,3,1,1,31,0,47,126,220,144,218,218,220,62,220,209,221,179,218,215,218,177,219,3,1,2,103,1,2,4,1,0,0,0,0,0,0,1,0,0,0,74,138,53,49,130,18,39,132,64,0,0,0,0,146,71,241,49,214,4,165,0,3,8,2,0,128,188,141,157,223,157,223,32,223,0,223,0,223,180,223,185,223,190,223,0,223,157,223,2,141,216,0,165,26,140,252,141,211
2026-08-17_14-08-30,1,540,8,0.0,0,400.0,-1,-1,49,94,0,1,64,0,1,149,0,0,7,0,0,18,18,0,8,36,128,0,3,0,0,0,0,4,0,24,36,1,3,1,1,31,0,47,126,220,144,218,218,220,62,220,209,221,179,218,215,218,177,219,3,1,2,103,1,2,4,1,0,0,0,0,0,0,1,0,0,0,74,138,53,49,130,18,39,132,64,0,0,0,0,146,71,241,49,214,4,165,0,3,8,2,0,128,188,141,157,223,157,223,32,223,0,223,0,223,180,223,185,223,190,223,0,223,157,223,2,141,216,0,165,26,140,252,141,211,53,234,0,1,64,0,1,17,0,0,3,0,0,18,18,0,8,36,128,0,3,0,0,0,0,4,0,24,35,1,3,1,1,31,0,47,126,220,144,218,218,220,62,220,209,221,179,218,215,218,177,219,3,1,2,103,1,2,0,1,0,0,0,0,0,0,1,0,0,0,74,138,58,49,130,18,39,66,64,0,0,0,0,146,71,161,49,214,4,165,0,3,8,2,0,128,188,141,157,223,157,223,32,223,0,223,0,223,180,223,185,223,190,223,0,223,157,223,2,141,216,0,165,26,140,252,141,211
2026-08-17_14-08-30,1,541,3,0.0,0,400.0,-1,-1,53,234,0,1,64,0,1,17,0,0,3,0,0,18,18,0,8,36,128,0,3,0,0,0,0,4,0,24,35,1,3,1,1,31,0,47,126,220,144,218,218,220,62,220,209,221,179,218,215,218,177,219,3,1,2,103,1,2,0,1,0,0,0,0,0,0,1,0,0,0,74,138,58,49,130,18,39,66,64,0,0,0,0,146,71,161,49,214,4,165,0,3,8,2,0,128,188,141,157,223,157,223,32,223,0,223,0,223,180,223,185,223,190,223,0,223,157,223,2,141,216,0,165,26,140,252,141,211,57,171,0,1,64,0,1,141,0,0,0,0,0,18,18,0,8,36,128,0,3,0,0,0,0,4,0,24,34,1,3,1,1,31,0,47,72,218,108,218,62,220,62,220,209,221,179,218,215,218,177,219,3,255,2,103,2,2,2,1,0,0,0,0,0,0,1,0,0,0,74,138,62,49,130,18,39,136,64,0,0,0,0,146,71,82,49,214,4,165,0,3,8,5,0,128,188,141,157,223,157,223,32,223,0,223,0,223,180,223,185,223,190,223,0,223,157,223,2,141,216,0,165,26,140,252,141,211
2026-08-17_14-08-30,1,542,8,0.0,0,400.0,-1,-1,57,171,0,1,64,0,1,141,0,0,0,0,0,18,18,0,8,36,128,0,3,0,0,0,0,4,0,24,34,1,3,1,1,31,0,47,72,218,108,218,62,220,62,220,209,221,179,218,215,218,177,219,3,255,2,103,2,2,2,1,0,0,0,0,0,0,1,0,0,0,74,138,62,49,130,18,39,136,64,0,0,0,0,146,71,82,49,214,4,165,0,3,8,5,0,128,188,141,157,223,157,223,32,223,0,223,0,223,180,223,185,223,190,223,0,223,157,223,2,141,216,0,165,26,140,252,141,211,61,191,0,1,64,0,1,9,0,0,0,0,0,18,18,0,8,36,128,0,3,0,0,0,0,4,0,24,33,1,3,1,1,31,0,47,72,218,108,218,62,220,62,220,209,221,179,218,215,218,177,219,3,255,2,103,3,2,4,1,0,0,0,1,0,0,1,0,0,0,74,138,51,49,130,18,39,136,64,0,0,0,0,146,71,17,49,214,4,165,0,3,8,5,0,128,188,141,157,223,157,223,32,223,0,223,0,223,180,223,185,223,190,223,0,223,157,223,2,141,216,0,165,26,140,252,141,211
2026-08-17_14-08-30,1,543,3,0.0,0,400.0,-1,-1,61,191,0,1,64,0,1,9,0,0,0,0,0,18,18,0,8,36,128,0,3,0,0,0,0,4,0,24,33,1,3,1,1,31,0,47,72,218,108,218,62,220,62,220,209,221,179,218,215,218,177,219,3,255,2,103,3,2,4,1,0,0,0,1,0,0,1,0,0,0,74,138,51,49,130,18,39,136,64,0,0,0,0,146,71,17,49,214,4,165,0,3,8,5,0,128,188,141,157,223,157,223,32,223,0,223,0,223,180,223,185,223,190,223,0,223,157,223,2,141,216,0,165,26,140,252,141,211,65,244,0,1,64,0,1,133,0,0,0,0,0,18,18,0,8,36,128,0,3,0,0,0,0,4,0,24,32,1,3,1,1,31,0,47,108,218,144,218,62,220,62,220,209,221,179,218,215,218,177,219,3,255,2,103,3,2,0,1,0,0,0,1,0,0,1,0,0,0,77,141,55,49,130,18,39,17,64,0,0,0,0,83,23,209,49,214,4,165,0,3,8,7,0,128,188,141,157,223,157,223,32,223,0,223,0,223,180,223,185,223,190,223,0,223,157,223,2,141,216,0,165,26,140,252,141,211
2026-08-17_14-08-30,1,544,8,0.0,0,400.0,-1,-1,65,244,0,1,64,0,1,133,0,0,0,0,0,18,18,0,8,36,128,0,3,0,0,0,0,4,0,24,32,1,3,1,1,31,0,47,108,218,144,218,62,220,62,220,209,221,179,218,215,218,177,219,3,255,2,103,3,2,0,1,0,0,0,1,0,0,1,0,0,0,77,141,55,49,130,18,39,17,64,0,0,0,0,83,23,209,49,214,4,165,0,3,8,7,0,128,188,141,157,223,157,223,32,223,0,223,0,223,180,223,185,223,190,223,0,223,157,223,2,141,216,0,165,26,140,252,141,211,69,69,0,1,64,0,1,1,0,0,6,0,0,18,18,0,8,36,128,0,3,0,0,0,0,4,0,24,25,1,3,1,1,31,0,47,126,220,144,218,218,220,62,220,209,221,179,218,215,218,177,219,3,1,2,103,0,2,2,0,0,0,0,1,0,0,1,0,0,0,77,141,60,49,130,18,39,136,64,0,0,0,0,83,23,114,49,214,4,165,0,3,8,2,0,128,188,141,157,223,157,223,32,223,0,223,0,223,180,223,185,223,190,223,0,223,157,223,2,141,216,0,165,26,140,252,141,211
2026-08-17_14-08-30,1,545,8,0.0,0,400.0,-1,-1,69,69,0,1,64,0,1,1,0,0,6,0,0,18,18,0,8,36,128,0,3,0,0,0,0,4,0,24,25,1,3,1,1,31,0,47,126,220,144,218,218,220,62,220,209,221,179,218,215,218,177,219,3,1,2,103,0,2,2,0,0,0,0,1,0,0,1,0,0,0,77,141,60,49,130,18,39,136,64,0,0,0,0,83,23,114,49,214,4,165,0,3,8,2,0,128,188,141,157,223,157,223,32,223,0,223,0,223,180,223,185,223,190,223,0,223,157,223,2,141,216,0,165,26,140,252,141,211,73,86,0,1,64,0,1,125,0,0,2,0,0,18,18,0,8,36,128,0,3,0,0,0,0,4,0,24,24,1,3,1,1,31,0,47,126,220,108,218,218,220,62,220,209,221,179,218,215,218,177,219,3,1,2,103,1,2,4,0,0,0,0,1,0,0,1,0,0,0,77,141,64,49,130,18,39,34,64,0,0,0,0,83,23,50,49,214,4,165,0,3,8,2,0,128,188,141,157,223,157,223,32,223,0,223,0,223,180,223,185,223,190,223,0,223,157,223,2,141,216,0,165,26,140,252,141,211
2026-08-17_14-08-30,1,546,8,0.0,0,400.0,-1,-1,73,86,0,1,64,0,1,125,0,0,2,0,0,18,18,0,8,36,128,0,3,0,0,0,0,4,0,24,24,1,3,1,1,31,0,47,126,220,108,218,218,220,62,220,209,221,179,218,215,218,177,219,3,1,2,103,1,2,4,0,0,0,0,1,0,0,1,0,0,0,77,141,64,49,130,18,39,34,64,0,0,0,0,83,23,50,49,214,4,165,0,3,8,2,0,128,188,141,157,223,157,223,32,223,0,223,0,223,180,223,185,223,190,223,0,223,157,223,2,141,216,0,165,26,140,252,141,211,77,110,0,1,64,0,1,249,0,0,0,0,0,18,18,0,8,36,128,0,3,0,0,0,0,4,0,24,23,1,3,1,1,31,0,47,72,218,108,218,62,220,62,220,209,221,179,218,215,218,177,219,3,255,2,103,1,2,0,0,0,0,0,3,0,0,1,0,0,0,77,141,52,49,130,18,39,136,64,0,0,0,0,83,23,1,49,214,4,165,0,3,8,5,0,128,188,141,157,223,157,223,32,223,0,223,0,223,180,223,185,223,190,223,0,223,157,223,2,141,216,0,165,26,140,252,141,211
2026-08-17_14-08-30,1,547,8,0.0,0,400.0,-1,-1,77,110,0,1,64,0,1,249,0,0,0,0,0,18,18,0,8,36,128,0,3,0,0,0,0,4,0,24,23,1,3,1,1,31,0,47,72,218,108,218,62,220,62,220,209,221,179,218,215,218,177,219,3,255,2,103,1,2,0,0,0,0,0,3,0,0,1,0,0,0,77,141,52,49,130,18,39,136,64,0,0,0,0,83,23,1,49,214,4,165,0,3,8,5,0,128,188,141,157,223,157,223,32,223,0,223,0,223,180,223,185,223,190,223,0,223,157,223,2,141,216,0,165,26,140,252,141,211,81,225,0,1,64,0,1,117,0,0,0,0,0,18,18,0,8,36,128,0,3,0,0,0,0,4,0,24,22,1,3,1,1,31,0,47,72,218,144,218,62,220,62,220,209,221,179,218,215,218,177,219,3,255,2,103,2,2,2,0,0,0,0,3,0,0,1,0,0,0,77,141,57,49,130,18,39,136,64,0,0,0,0,83,23,177,49,214,4,165,0,3,8,5,0,128,188,141,157,223,157,223,32,223,0,223,0,223,180,223,185,223,190,223,0,223,157,223,2,141,216,0,165,26,140,252,141,211
2026-08-17_14-08-30,1,548,3,0.0,0,400.0,-1,-1,81,225,0,1,64,0,1,117,0,0,0,0,0,18,18,0,8,36,128,0,3,0,0,0,0,4,0,24,22,1,3,1,1,31,0,47,72,218,144,218,62,220,62,220,209,221,179,218,215,218,177,219,3,255,2,103,2,2,2,0,0,0,0,3,0,0,1,0,0,0,77,141,57,49,130,18,39,136,64,0,0,0,0,83,23,177,49,214,4,165,0,3,8,5,0,128,188,141,157,223,157,223,32,223,0,223,0,223,180,223,185,223,190,223,0,223,157,223,2,141,216,0,165,26,140,252,141,211,85,30,0,1,64,0,1,241,0,0,9,0,0,18,18,0,8,36,128,0,3,0,0,0,0,4,0,24,21,1,3,1,1,31,0,47,126,220,144,218,218,220,62,220,209,221,179,218,215,218,177,219,3,1,2,103,3,2,4,0,0,0,0,3,0,0,1,0,0,0,80,144,61,49,130,18,39,136,64,0,0,0,0,35,231,98,49,214,4,165,0,3,8,2,0,128,188,141,157,223,157,223,32,223,0,223,0,223,180,223,185,223,190,223,0,223,157,223,2,141,216,0,165,26,140,252,141,211
2026-08-17_14-08-30,1,549,8,0.0,0,400.0,-1,-1,85,30,0,1,64,0,1,241,0,0,9,0,0,18,18,0,8,36,128,0,3,0,0,0,0,4,0,24,21,1,3,1,1,31,0,47,126,220,144,218,218,220,62,220,209,221,179,218,215,218,177,219,3,1,2,103,3,2,4,0,0,0,0,3,0,0,1,0,0,0,80,144,61,49,130,18,39,136,64,0,0,0,0,35,231,98,49,214,4,165,0,3,8,2,0,128,188,141,157,223,157,223,32,223,0,223,0,223,180,223,185,223,190,223,0,223,157,223,2,141,216,0,165,26,140,252,141,211,89,238,0,1,64,0,1,109,0,0,5,0,0,18,18,0,8,36,128,0,3,0,0,0,0,4,0,24,20,1,3,1,1,31,0,47,126,220,108,218,218,220,62,220,209,221,179,218,215,218,177,219,3,1,2,103,3,2,0,0,0,0,0,3,0,0,1,0,0,0,80,144,66,49,130,18,39,136,64,0,0,0,0,35,231,18,49,214,4,165,0,3,8,2,0,128,188,141,157,223,157,223,32,223,0,223,0,223,180,223,185,223,190,223,0,223,157,223,2,141,216,0,165,26,140,252,141,211
2026-08-17_14-08-30,1,550,8,0.0,0,400.0,-1,-1,89,238,0,1,64,0,1,109,0,0,5,0,0,18,18,0,8,36,128,0,3,0,0,0,0,4,0,24,20,1,3,1,1,31,0,47,126,220,108,218,218,220,62,220,209,221,179,218,215,218,177,219,3,1,2,103,3,2,0,0,0,0,0,3,0,0,1,0,0,0,80,144,66,49,130,18,39,136,64,0,0,0,0,35,231,18,49,214,4,165,0,3,8,2,0,128,188,141,157,223,157,223,32,223,0,223,0,223,180,223,185,223,190,223,0,223,157,223,2,141,216,0,165,26,140,252,141,211,93,233,0,1,64,0,1,233,0,0,1,0,0,18,18,0,8,36,128,0,3,0,0,0,0,4,0,24,19,1,3,1,1,31,0,47,126,220,108,218,218,220,62,220,209,221,179,218,215,218,177,219,3,1,2,103,4,2,2,255,0,0,0,3,0,0,1,0,0,0,80,144,70,49,130,18,39,68,64,0,0,0,0,35,231,210,49,214,4,165,0,3,8,2,0,128,188,141,157,223,157,223,32,223,0,223,0,223,180,223,185,223,190,223,0,223,157,223,2,141,216,0,165,26,140,252,141,211
2026-08-17_14-08-30,1,551,3,0.0,0,400.0,-1,-1,93,233,0,1,64,0,1,233,0,0,1,0,0,18,18,0,8,36,128,0,3,0,0,0,0,4,0,24,19,1,3,1,1,31,0,47,126,220,108,218,218,220,62,220,209,221,179,218,215,218,177,219,3,1,2,103,4,2,2,255,0,0,0,3,0,0,1,0,0,0,80,144,70,49,130,18,39,68,64,0,0,0,0,35,231,210,49,214,4,165,0,3,8,2,0,128,188,141,157,223,157,223,32,223,0,223,0,223,180,223,185,223,190,223,0,223,157,223,2,141,216,0,165,26,140,252,141,211,97,154,0,1,64,0,1,101,0,0,8,0,0,18,18,0,8,36,128,0,3,0,0,0,0,4,0,24,18,1,3,1,1,31,0,47,126,220,144,218,218,220,62,220,209,221,179,218,215,218,177,219,3,1,2,103,5,2,4,254,0,0,0,3,0,0,1,0,0,0,81,145,75,49,130,18,39,136,64,0,0,0,0,19,215,115,49,214,4,165,0,3,8,2,0,128,188,141,157,223,157,223,32,223,0,223,0,223,180,223,185,223,190,223,0,223,157,223,2,141,216,0,165,26,140,252,141,211
2026-08-17_14-08-30,1,552,8,0.0,0,400.0,-1,-1,97,154,0,1,64,0,1,101,0,0,8,0,0,18,18,0,8,36,128,0,3,0,0,0,0,4,0,24,18,1,3,1,1,31,0,47,126,220,144,218,218,220,62,220,209,221,179,218,215,218,177,219,3,1,2,103,5,2,4,254,0,0,0,3,0,0,1,0,0,0,81,145,75,49,130,18,39,136,64,0,0,0,0,19,215,115,49,214,4,165,0,3,8,2,0,128,188,141,157,223,157,223,32,223,0,223,0,223,180,223,185,223,190,223,0,223,157,223,2,141,216,0,165,26,140,252,141,211,101,164,0,1,64,0,1,225,0,0,4,0,0,18,18,0,8,36,128,0,3,0,0,0,0,4,0,24,17,1,3,1,1,31,0,47,126,220,144,218,218,220,62,220,209,221,179,218,215,218,177,219,3,1,2,103,5,2,0,254,0,0,0,3,0,0,1,0,0,0,81,145,79,49,130,18,39,136,64,0,0,0,0,19,215,51,49,214,4,165,0,3,8,2,0,128,188,141,157,223,157,223,32,223,0,223,0,223,180,223,185,223,190,223,0,223,157,223,2,141,216,0,165,26,140,252,141,211
2026-08-17_14-08-30,1,553,8,0.0,0,400.0,-1,-1,101,164,0,1,64,0,1,225,0,0,4,0,0,18,18,0,8,36,128,0,3,0,0,0,0,4,0,24,17,1,3,1,1,31,0,47,126,220,144,218,218,220,62,220,209,221,179,218,215,218,177,219,3,1,2,103,5,2,0,254,0,0,0,3,0,0,1,0,0,0,81,145,79,49,130,18,39,136,64,0,0,0,0,19,215,51,49,214,4,165,0,3,8,2,0,128,188,141,157,223,157,223,32,223,0,223,0,223,180,223,185,223,190,223,0,223,157,223,2,141,216,0,165,26,140,252,141,211,105,72,0,1,64,0,1,93,0,0,0,0,0,18,18,0,8,36,128,0,3,0,0,0,0,4,0,24,16,1,3,1,1,31,0,47,72,218,108,218,62,220,62,220,209,221,179,218,215,218,177,219,3,255,2,103,6,2,2,253,0,0,0,3,0,0,1,0,0,0,81,145,84,49,130,18,39,34,64,0,0,0,0,19,215,227,49,214,4,165,0,3,8,5,0,128,188,141,157,223,157,223,32,223,0,223,0,223,180,223,185,223,190,223,0,223,157,223,2,141,216,0,165,26,140,252,141,211
2026-08-17_14-08-30,1,554,3,0.0,0,400.0,-1,-1,105,72,0,1,64,0,1,93,0,0,0,0,0,18,18,0,8,36,128,0,3,0,0,0,0,4,0,24,16,1,3,1,1,31,0,47,72,218,108,218,62,220,62,220,209,221,179,218,215,218,177,219,3,255,2,103,6,2,2,253,0,0,0,3,0,0,1,0,0,0,81,145,84,49,130,18,39,34,64,0,0,0,0,19,215,227,49,214,4,165,0,3,8,5,0,128,188,141,157,223,157,223,32,223,0,223,0,223,180,223,185,223,190,223,0,223,157,223,2,141,216,0,165,26,140,252,141,211,109,128,0,1,64,0,1,217,0,0,0,0,0,18,18,0,8,36,128,0,3,0,0,0,0,4,0,24,9,1,3,1,1,31,0,47,72,218,108,218,62,220,62,220,209,221,179,218,215,218,177,219,3,255,2,103,7,2,4,252,0,0,0,3,0,0,1,0,0,0,85,149,88,49,130,18,39,2,64,0,0,0,0,211,151,163,49,214,4,165,0,3,8,5,0,128,188,141,157,223,157,223,32,223,0,223,0,223,180,223,185,223,190,223,0,223,157,223,2,141,216,0,165,26,140,252,141,211
2026-08-17_14-08-30,1,555,3,0.0,0,400.0,-1,-1,109,128,0,1,64,0,1,217,0,0,0,0,0,18,18,0,8,36,128,0,3,0,0,0,0,4,0,24,9,1,3,1,1,31,0,47,72,218,108,218,62,220,62,220,209,221,179,218,215,218,177,219,3,255,2,103,7,2,4,252,0,0,0,3,0,0,1,0,0,0,85,149,88,49,130,18,39,2,64,0,0,0,0,211,151,163,49,214,4,165,0,3,8,5,0,128,188,141,157,223,157,223,32,223,0,223,0,223,180,223,185,223,190,223,0,223,157,223,2,141,216,0,165,26,140,252,141,211,113,8,0,1,64,0,1,23,0,0,0,0,0,18,18,0,8,36,128,0,3,0,0,0,0,4,0,24,8,1,3,1,1,31,0,47,72,218,108,218,62,220,62,220,209,221,179,218,215,218,177,219,3,255,2,103,7,2,0,252,0,128,0,3,0,0,1,0,0,0,88,152,91,49,130,17,39,0,64,0,0,0,0,163,88,100,49,214,20,165,0,3,8,5,0,128,188,141,157,223,157,223,32,223,0,223,0,223,180,223,185,223,190,223,0,223,157,223,130,141,216,0,165,26,200,250,141,211
2026-08-17_14-08-30,1,556,3,0.0,0,400.0,-1,-1,113,8,0,1,64,0,1,23,0,0,0,0,0,18,18,0,8,36,128,0,3,0,0,0,0,4,0,24,8,1,3,1,1,31,0,47,72,218,108,218,62,220,62,220,209,221,179,218,215,218,177,219,3,255,2,103,7,2,0,252,0,128,0,3,0,0,1,0,0,0,88,152,91,49,130,17,39,0,64,0,0,0,0,163,88,100,49,214,20,165,0,3,8,5,0,128,188,141,157,223,157,223,32,223,0,223,0,223,180,223,185,223,190,223,0,223,157,223,130,141,216,0,165,26,200,250,141,211,117,132,0,1,64,0,1,23,0,0,0,0,0,18,18,0,8,36,128,0,3,0,0,0,0,4,0,24,7,1,3,1,1,31,0,47,72,218,108,218,62,220,62,220,209,221,179,218,215,218,177,219,3,255,2,103,0,1,2,2,0,128,0,3,0,0,1,0,0,0,88,152,91,49,130,16,39,0,64,0,0,0,0,163,88,100,49,214,36,165,0,3,8,5,0,128,188,141,157,223,157,223,32,223,0,223,0,223,180,223,185,223,190,223,0,223,157,223,130,141,216,0,165,26,200,250,141,211
2026-08-17_14-08-30,1,557,8,0.0,0,400.0,-1,-1,117,132,0,1,64,0,1,23,0,0,0,0,0,18,18,0,8,36,128,0,3,0,0,0,0,4,0,24,7,1,3,1,1,31,0,47,72,218,108,218,62,220,62,220,209,221,179,218,215,218,177,219,3,255,2,103,0,1,2,2,0,128,0,3,0,0,1,0,0,0,88,152,91,49,130,16,39,0,64,0,0,0,0,163,88,100,49,214,36,165,0,3,8,5,0,128,188,141,157,223,157,223,32,223,0,223,0,223,180,223,185,223,190,223,0,223,157,223,130,141,216,0,165,26,200,250,141,211,121,74,0,1,64,0,1,116,0,0,7,0,0,18,18,0,8,36,128,0,3,0,0,0,0,4,0,24,6,1,3,1,1,31,0,47,126,220,144,218,218,220,62,220,209,221,179,218,215,218,177,219,3,1,2,103,1,1,4,2,0,0,7,1,3,0,64,0,0,0,88,152,94,49,130,16,39,128,64,0,0,0,0,163,88,52,49,214,36,165,0,1,8,2,0,128,188,141,157,223,157,223,32,223,0,223,0,223,180,223,185,223,190,223,0,223,157,223,2,141,216,0,165,26,140,252,141,211
2026-08-17_14-08-30,1,558,8,0.0,0,400.0,-1,-1,121,74,0,1,64,0,1,116,0,0,7,0,0,18,18,0,8,36,128,0,3,0,0,0,0,4,0,24,6,1,3,1,1,31,0,47,126,220,144,218,218,220,62,220,209,221,179,218,215,218,177,219,3,1,2,103,1,1,4,2,0,0,7,1,3,0,64,0,0,0,88,152,94,49,130,16,39,128,64,0,0,0,0,163,88,52,49,214,36,165,0,1,8,2,0,128,188,141,157,223,157,223,32,223,0,223,0,223,180,223,185,223,190,223,0,223,157,223,2,141,216,0,165,26,140,252,141,211,125,161,0,1,64,0,1,240,0,0,3,0,0,18,18,0,8,36,128,0,3,0,0,0,0,4,0,24,5,1,3,1,1,31,0,47,126,220,144,218,218,220,62,220,209,221,179,218,215,218,177,219,3,1,2,103,1,1,0,2,0,0,3,1,3,0,64,0,0,0,88,152,98,49,130,16,39,64,64,0,0,0,0,163,88,244,49,214,36,165,0,1,8,2,0,128,188,141,157,223,157,223,32,223,0,223,0,223,180,223,185,223,190,223,0,223,157,223,2,141,216,0,165,26,140,252,141,211
2026-08-17_14-08-30,1,559,3,0.0,0,400.0,-1,-1,125,161,0,1,64,0,1,240,0,0,3,0,0,18,18,0,8,36,128,0,3,0,0,0,0,4,0,24,5,1,3,1,1,31,0,47,126,220,144,218,218,220,62,220,209,221,179,218,215,218,177,219,3,1,2,103,1,1,0,2,0,0,3,1,3,0,64,0,0,0,88,152,98,49,130,16,39,64,64,0,0,0,0,163,88,244,49,214,36,165,0,1,8,2,0,128,188,141,157,223,157,223,32,223,0,223,0,223,180,223,185,223,190,223,0,223,157,223,2,141,216,0,165,26,140,252,141,211,129,26,0,1,64,0,1,108,0,0,0,0,0,18,18,0,8,36,128,0,3,0,0,0,0,4,0,24,4,1,3,1,1,31,0,47,72,218,108,218,62,220,62,220,209,221,179,218,215,218,177,219,3,255,2,103,2,1,2,2,0,0,0,1,0,0,1,0,0,0,88,152,103,49,130,16,39,136,64,0,0,0,0,163,88,164,49,214,36,165,0,1,8,5,0,128,188,141,157,223,157,223,32,223,0,223,0,223,180,223,185,223,190,223,0,223,157,223,2,141,216,0,165,26,140,252,141,211
2026-08-17_14-08-30,1,560,8,0.0,0,400.0,-1,-1,129,26,0,1,64,0,1,108,0,0,0,0,0,18,18,0,8,36,128,0,3,0,0,0,0,4,0,24,4,1,3,1,1,31,0,47,72,218,108,218,62,220,62,220,209,221,179,218,215,218,177,219,3,255,2,103,2,1,2,2,0,0,0,1,0,0,1,0,0,0,88,152,103,49,130,16,39,136,64,0,0,0,0,163,88,164,49,214,36,165,0,1,8,5,0,128,188,141,157,223,157,223,32,223,0,223,0,223,180,223,185,223,190,223,0,223,157,223,2,141,216,0,165,26,140,252,141,211,133,172,0,1,64,0,1,201,0,0,0,0,0,18,18,0,8,36,128,0,3,0,0,0,0,4,0,24,3,1,3,1,1,31,0,47,72,218,108,218,62,220,62,220,209,221,179,218,215,218,177,219,3,255,2,103,3,1,4,2,0,128,0,1,0,0,1,0,0,0,88,152,106,49,130,16,39,136,64,0,0,0,0,163,88,101,49,214,36,165,0,1,8,5,0,128,188,141,157,223,157,223,32,223,0,223,0,223,180,223,185,223,190,223,0,223,157,223,2,141,216,0,165,26,140,252,141,211
2026-08-17_14-08-30,1,561,3,0.0,0,400.0,-1,-1,133,172,0,1,64,0,1,201,0,0,0,0,0,18,18,0,8,36,128,0,3,0,0,0,0,4,0,24,3,1,3,1,1,31,0,47,72,218,108,218,62,220,62,220,209,221,179,218,215,218,177,219,3,255,2,103,3,1,4,2,0,128,0,1,0,0,1,0,0,0,88,152,106,49,130,16,39,136,64,0,0,0,0,163,88,101,49,214,36,165,0,1,8,5,0,128,188,141,157,223,157,223,32,223,0,223,0,223,180,223,185,223,190,223,0,223,157,223,2,141,216,0,165,26,140,252,141,211,137,204,0,1,64,0,1,201,0,0,0,0,0,18,18,0,8,36,128,0,3,0,0,0,0,4,0,24,2,1,3,1,1,31,0,47,72,218,108,218,62,220,62,220,209,221,179,218,215,218,177,219,3,255,2,103,3,1,0,2,0,128,0,1,0,0,1,0,0,0,88,152,106,49,130,15,39,17,64,0,0,0,0,163,88,101,49,214,52,165,0,1,8,5,0,128,188,141,157,223,157,223,32,223,0,223,0,223,180,223,185,223,190,223,0,223,157,223,2,141,216,0,165,26,140,252,141,211
2026-08-17_14-08-30,1,562,8,0.0,0,400.0,-1,-1,137,204,0,1,64,0,1,201,0,0,0,0,0,18,18,0,8,36,128,0,3,0,0,0,0,4,0,24,2,1,3,1,1,31,0,47,72,218,108,218,62,220,62,220,209,221,179,218,215,218,177,219,3,255,2,103,3,1,0,2,0,128,0,1,0,0,1,0,0,0,88,152,106,49,130,15,39,17,64,0,0,0,0,163,88,101,49,214,52,165,0,1,8,5,0,128,188,141,157,223,157,223,32,223,0,223,0,223,180,223,185,223,190,223,0,223,157,223,2,141,216,0,165,26,140,252,141,211,141,202,0,1,64,0,1,38,0,0,6,0,0,18,18,0,8,36,128,0,3,0,0,0,0,4,0,24,1,1,3,1,1,31,0,47,126,220,108,218,218,220,62,220,209,221,179,218,215,218,177,219,3,1,2,103,0,1,2,1,0,0,7,0,3,0,64,0,0,0,88,152,110,49,130,15,39,136,64,0,0,0,0,163,88,37,49,214,52,165,0,0,8,2,0,128,188,141,157,223,157,223,32,223,0,223,0,223,180,223,185,223,190,223,0,223,157,223,2,141,216,0,165,26,140,252,141,211
2026-08-17_14-08-30,1,563,8,0.0,0,400.0,-1,-1,141,202,0,1,64,0,1,38,0,0,6,0,0,18,18,0,8,36,128,0,3,0,0,0,0,4,0,24,1,1,3,1,1,31,0,47,126,220,108,218,218,220,62,220,209,221,179,218,215,218,177,219,3,1,2,103,0,1,2,1,0,0,7,0,3,0,64,0,0,0,88,152,110,49,130,15,39,136,64,0,0,0,0,163,88,37,49,214,52,165,0,0,8,2,0,128,188,141,157,223,157,223,32,223,0,223,0,223,180,223,185,223,190,223,0,223,157,223,2,141,216,0,165,26,140,252,141,211,145,169,0,1,64,0,1,162,0,0,2,0,0,18,18,0,8,36,128,0,3,0,0,0,0,4,0,24,0,1,3,1,1,31,0,47,126,220,144,218,218,220,62,220,209,221,179,218,215,218,177,219,3,1,2,103,1,1,4,1,0,0,3,0,3,0,64,0,0,0,88,152,114,49,130,15,39,68,64,0,0,0,0,163,88,229,49,214,52,165,0,0,8,2,0,128,188,141,157,223,157,223,32,223,0,223,0,223,180,223,185,223,190,223,0,223,157,223,2,141,216,0,165,26,140,252,141,211
2026-08-17_14-08-30,1,564,8,0.0,0,400.0,-1,-1,145,169,0,1,64,0,1,162,0,0,2,0,0,18,18,0,8,36,128,0,3,0,0,0,0,4,0,24,0,1,3,1,1,31,0,47,126,220,144,218,218,220,62,220,209,221,179,218,215,218,177,219,3,1,2,103,1,1,4,1,0,0,3,0,3,0,64,0,0,0,88,152,114,49,130,15,39,68,64,0,0,0,0,163,88,229,49,214,52,165,0,0,8,2,0,128,188,141,157,223,157,223,32,223,0,223,0,223,180,223,185,223,190,223,0,223,157,223,2,141,216,0,165,26,140,252,141,211,149,158,0,1,64,0,1,30,0,0,0,0,0,18,18,0,8,36,128,0,3,0,0,0,0,4,0,23,153,1,3,1,1,31,0,47,72,218,144,218,62,220,62,220,209,221,179,218,215,218,177,219,3,255,2,103,1,1,0,1,0,0,0,0,0,0,1,0,0,0,88,152,119,49,130,15,39,145,64,0,0,0,0,163,88,149,49,214,52,165,0,0,8,5,0,128,188,141,157,223,157,223,32,223,0,223,0,223,180,223,185,223,190,223,0,223,157,223,2,141,216,0,165,26,140,252,141,211
2026-08-17_14-08-30,1,565,8,0.0,0,400.0,-1,-1,149,158,0,1,64,0,1,30,0,0,0,0,0,18,18,0,8,36,128,0,3,0,0,0,0,4,0,23,153,1,3,1,1,31,0,47,72,218,144,218,62,220,62,220,209,221,179,218,215,218,177,219,3,255,2,103,1,1,0,1,0,0,0,0,0,0,1,0,0,0,88,152,119,49,130,15,39,145,64,0,0,0,0,163,88,149,49,214,52,165,0,0,8,5,0,128,188,141,157,223,157,223,32,223,0,223,0,223,180,223,185,223,190,223,0,223,157,223,2,141,216,0,165,26,140,252,141,211,153,230,0,1,64,0,1,123,0,0,0,0,0,18,18,0,8,36,128,0,3,0,0,0,0,4,0,23,152,1,3,1,1,31,0,47,72,218,144,218,62,220,62,220,209,221,179,218,215,218,177,219,3,255,2,103,2,1,2,1,0,128,0,0,0,0,1,0,0,0,88,152,122,49,130,15,39,145,64,0,0,0,0,163,88,86,49,214,52,165,0,0,8,5,0,128,188,141,157,223,157,223,32,223,0,223,0,223,180,223,185,223,190,223,0,223,157,223,2,141,216,0,165,26,140,252,141,211
2026-08-17_14-08-30,1,566,3,0.0,0,400.0,-1,-1,153,230,0,1,64,0,1,123,0,0,0,0,0,18,18,0,8,36,128,0,3,0,0,0,0,4,0,23,152,1,3,1,1,31,0,47,72,218,144,218,62,220,62,220,209,221,179,218,215,218,177,219,3,255,2,103,2,1,2,1,0,128,0,0,0,0,1,0,0,0,88,152,122,49,130,15,39,145,64,0,0,0,0,163,88,86,49,214,52,165,0,0,8,5,0,128,188,141,157,223,157,223,32,223,0,223,0,223,180,223,185,223,190,223,0,223,157,223,2,141,216,0,165,26,140,252,141,211,157,109,0,1,64,0,1,123,0,0,0,0,0,18,18,0,8,36,128,0,3,0,0,0,0,4,0,23,151,1,3,1,1,31,0,47,72,218,144,218,62,220,62,220,209,221,179,218,215,218,177,219,3,255,2,103,3,1,4,1,0,128,0,0,0,0,1,0,0,0,88,152,122,49,130,15,39,9,64,0,0,0,0,163,88,86,49,214,52,165,0,0,8,5,0,128,188,141,157,223,157,223,32,223,0,223,0,223,180,223,185,223,190,223,0,223,157,223,2,141,216,0,165,26,140,252,141,211
2026-08-17_14-08-30,1,567,8,0.0,0,400.0,-1,-1,157,109,0,1,64,0,1,123,0,0,0,0,0,18,18,0,8,36,128,0,3,0,0,0,0,4,0,23,151,1,3,1,1,31,0,47,72,218,144,218,62,220,62,220,209,221,179,218,215,218,177,219,3,255,2,103,3,1,4,1,0,128,0,0,0,0,1,0,0,0,88,152,122,49,130,15,39,9,64,0,0,0,0,163,88,86,49,214,52,165,0,0,8,5,0,128,188,141,157,223,157,223,32,223,0,223,0,223,180,223,185,223,190,223,0,223,157,223,2,141,216,0,165,26,140,252,141,211,161,208,0,1,64,0,1,123,0,0,6,0,0,18,18,0,8,36,128,23,3,0,0,0,0,4,0,23,150,1,3,1,1,31,0,47,126,220,144,218,218,220,62,220,209,221,179,218,215,218,177,219,3,1,64,103,3,1,0,1,0,0,7,0,3,0,0,0,0,0,88,152,49,49,130,15,39,132,64,0,0,0,0,163,88,49,49,214,52,165,0,0,8,2,0,0,188,141,157,223,157,223,32,223,0,223,0,223,180,223,185,223,190,223,0,223,157,223,2,141,216,0,165,26,63,252,141,211
2026-08-17_14-08-30,1,568,8,0.0,0,400.0,-1,-1,161,208,0,1,64,0,1,123,0,0,6,0,0,18,18,0,8,36,128,23,3,0,0,0,0,4,0,23,150,1,3,1,1,31,0,47,126,220,144,218,218,220,62,220,209,221,179,218,215,218,177,219,3,1,64,103,3,1,0,1,0,0,7,0,3,0,0,0,0,0,88,152,49,49,130,15,39,132,64,0,0,0,0,163,88,49,49,214,52,165,0,0,8,2,0,0,188,141,157,223,157,223,32,223,0,223,0,223,180,223,185,223,190,223,0,223,157,223,2,141,216,0,165,26,63,252,141,211,165,5,0,1,64,0,1,123,0,0,2,0,0,18,18,0,8,36,128,19,3,0,0,0,0,4,0,23,149,1,3,1,1,31,0,47,126,220,144,218,218,220,62,220,209,221,179,218,215,218,177,219,3,1,64,103,0,1,2,0,0,0,3,0,3,0,0,0,0,0,88,152,49,49,130,15,39,66,64,0,0,0,0,163,88,49,49,214,52,165,0,0,8,2,0,0,188,141,157,223,157,223,32,223,0,223,0,223,180,223,185,223,190,223,0,223,157,223,2,141,216,0,165,26,63,252,141,211
2026-08-17_14-08-30,1,569,3,0.0,0,400.0,-1,-1,165,5,0,1,64,0,1,123,0,0,2,0,0,18,18,0,8,36,128,19,3,0,0,0,0,4,0,23,149,1,3,1,1,31,0,47,126,220,144,218,218,220,62,220,209,221,179,218,215,218,177,219,3,1,64,103,0,1,2,0,0,0,3,0,3,0,0,0,0,0,88,152,49,49,130,15,39,66,64,0,0,0,0,163,88,49,49,214,52,165,0,0,8,2,0,0,188,141,157,223,157,223,32,223,0,223,0,223,180,223,185,223,190,223,0,223,157,223,2,141,216,0,165,26,63,252,141,211,169,82,0,1,64,0,1,123,0,0,9,0,0,18,18,0,8,36,128,15,3,0,0,0,0,4,0,23,148,1,3,1,1,31,0,47,126,220,144,218,218,220,62,220,209,221,179,218,215,218,177,219,3,1,64,103,1,1,4,0,0,0,0,0,0,0,1,0,0,0,89,153,49,49,130,15,39,132,64,0,0,0,0,147,72,49,49,214,52,165,0,0,8,2,0,0,188,141,157,223,157,223,32,223,0,223,0,223,180,223,185,223,190,223,0,223,157,223,2,141,216,0,165,26,200,250,141,211
2026-08-17_14-08-30,1,570,8,0.0,0,400.0,-1,-1,169,82,0,1,64,0,1,123,0,0,9,0,0,18,18,0,8,36,128,15,3,0,0,0,0,4,0,23,148,1,3,1,1,31,0,47,126,220,144,218,218,220,62,220,209,221,179,218,215,218,177,219,3,1,64,103,1,1,4,0,0,0,0,0,0,0,1,0,0,0,89,153,49,49,130,15,39,132,64,0,0,0,0,147,72,49,49,214,52,165,0,0,8,2,0,0,188,141,157,223,157,223,32,223,0,223,0,223,180,223,185,223,190,223,0,223,157,223,2,141,216,0,165,26,200,250,141,211,173,44,0,1,64,0,1,123,0,0,5,0,0,18,18,0,8,36,128,11,3,0,0,0,0,4,0,23,147,1,3,1,1,31,0,47,126,220,144,218,218,220,62,220,209,221,179,218,215,218,177,219,3,1,64,103,1,1,0,0,0,0,0,0,0,0,1,0,0,0,89,153,49,49,130,15,39,132,64,0,0,0,0,147,72,49,49,214,52,165,0,0,8,2,0,0,188,141,157,223,157,223,32,223,0,223,0,223,180,223,185,223,190,223,0,223,157,223,2,141,216,0,165,26,200,250,141,211
2026-08-17_14-08-30,1,571,8,0.0,0,400.0,-1,-1,173,44,0,1,64,0,1,123,0,0,5,0,0,18,18,0,8,36,128,11,3,0,0,0,0,4,0,23,147,1,3,1,1,31,0,47,126,220,144,218,218,220,62,220,209,221,179,218,215,218,177,219,3,1,64,103,1,1,0,0,0,0,0,0,0,0,1,0,0,0,89,153,49,49,130,15,39,132,64,0,0,0,0,147,72,49,49,214,52,165,0,0,8,2,0,0,188,141,157,223,157,223,32,223,0,223,0,223,180,223,185,223,190,223,0,223,157,223,2,141,216,0,165,26,200,250,141,211,177,196,0,1,64,0,1,123,0,0,1,0,0,18,18,0,8,36,128,7,3,0,0,0,0,4,0,23,146,1,3,1,1,31,0,47,126,220,144,218,218,220,62,220,209,221,179,218,215,218,177,219,3,1,64,103,2,1,2,0,0,0,0,0,0,0,1,0,0,0,89,153,49,49,130,15,39,33,64,0,0,0,0,147,72,49,49,214,52,165,0,0,8,2,0,0,188,141,157,223,157,223,32,223,0,223,0,223,180,223,185,223,190,223,0,223,157,223,2,141,216,0,165,26,200,250,141,211
2026-08-17_14-08-30,1,572,3,0.0,0,400.0,-1,-1,177,196,0,1,64,0,1,123,0,0,1,0,0,18,18,0,8,36,128,7,3,0,0,0,0,4,0,23,146,1,3,1,1,31,0,47,126,220,144,218,218,220,62,220,209,221,179,218,215,218,177,219,3,1,64,103,2,1,2,0,0,0,0,0,0,0,1,0,0,0,89,153,49,49,130,15,39,33,64,0,0,0,0,147,72,49,49,214,52,165,0,0,8,2,0,0,188,141,157,223,157,223,32,223,0,223,0,223,180,223,185,223,190,223,0,223,157,223,2,141,216,0,165,26,200,250,141,211,181,78,0,1,64,0,1,123,0,0,0,0,0,18,18,0,8,36,128,3,3,0,0,0,0,4,0,23,145,1,3,1,1,31,0,47,72,218,144,218,62,220,62,220,209,221,179,218,215,218,177,219,3,255,64,103,3,1,4,0,0,0,0,0,0,0,1,0,0,0,92,156,49,49,130,15,39,2,64,0,0,0,0,84,24,49,49,214,52,165,0,0,8,5,0,0,188,141,157,223,157,223,32,223,0,223,0,223,180,223,185,223,190,223,0,223,157,223,2,141,216,0,165,26,200,250,141,211
2026-08-17_14-08-30,1,573,8,0.0,0,400.0,-1,-1,181,78,0,1,64,0,1,123,0,0,0,0,0,18,18,0,8,36,128,3,3,0,0,0,0,4,0,23,145,1,3,1,1,31,0,47,72,218,144,218,62,220,62,220,209,221,179,218,215,218,177,219,3,255,64,103,3,1,4,0,0,0,0,0,0,0,1,0,0,0,92,156,49,49,130,15,39,2,64,0,0,0,0,84,24,49,49,214,52,165,0,0,8,5,0,0,188,141,157,223,157,223,32,223,0,223,0,223,180,223,185,223,190,223,0,223,157,223,2,141,216,0,165,26,200,250,141,211,185,227,0,1,64,0,1,154,0,0,6,0,0,18,18,0,8,36,128,0,3,0,0,0,0,4,0,23,144,1,3,1,1,31,0,47,126,220,144,218,218,220,62,220,209,221,179,218,215,218,177,219,3,1,2,103,3,1,0,0,0,0,0,0,0,0,1,0,0,0,92,156,51,49,130,15,39,129,64,0,0,0,0,84,24,17,49,214,52,165,0,0,8,2,0,128,188,141,157,223,157,223,32,223,0,223,0,223,180,223,185,223,190,223,0,223,157,223,2,141,216,0,165,26,140,252,141,211
2026-08-17_14-08-30,1,574,8,0.0,0,400.0,-1,-1,185,227,0,1,64,0,1,154,0,0,6,0,0,18,18,0,8,36,128,0,3,0,0,0,0,4,0,23,144,1,3,1,1,31,0,47,126,220,144,218,218,220,62,220,209,221,179,218,215,218,177,219,3,1,2,103,3,1,0,0,0,0,0,0,0,0,1,0,0,0,92,156,51,49,130,15,39,129,64,0,0,0,0,84,24,17,49,214,52,165,0,0,8,2,0,128,188,141,157,223,157,223,32,223,0,223,0,223,180,223,185,223,190,223,0,223,157,223,2,141,216,0,165,26,140,252,141,211,189,63,0,1,64,0,1,22,0,0,2,0,0,18,18,0,8,36,128,0,3,0,0,0,0,4,0,23,137,1,3,1,1,31,0,47,126,220,144,218,218,220,62,220,209,221,179,218,215,218,177,219,3,1,2,103,4,1,2,255,0,0,0,0,0,0,1,0,0,0,92,156,56,49,130,15,39,129,64,0,0,0,0,84,24,193,49,214,52,165,0,0,8,2,0,128,188,141,157,223,157,223,32,223,0,223,0,223,180,223,185,223,190,223,0,223,157,223,2,141,216,0,165,26,140,252,141,211
2026-08-17_14-08-30,1,575,3,0.0,0,400.0,-1,-1,189,63,0,1,64,0,1,22,0,0,2,0,0,18,18,0,8,36,128,0,3,0,0,0,0,4,0,23,137,1,3,1,1,31,0,47,126,220,144,218,218,220,62,220,209,221,179,218,215,218,177,219,3,1,2,103,4,1,2,255,0,0,0,0,0,0,1,0,0,0,92,156,56,49,130,15,39,129,64,0,0,0,0,84,24,193,49,214,52,165,0,0,8,2,0,128,188,141,157,223,157,223,32,223,0,223,0,223,180,223,185,223,190,223,0,223,157,223,2,141,216,0,165,26,140,252,141,211,193,252,0,1,64,0,1,146,0,0,0,0,0,18,18,0,8,36,128,0,3,0,0,0,0,4,0,23,136,1,3,1,1,31,0,47,108,218,108,218,62,220,62,220,209,221,179,218,215,218,177,219,3,255,2,103,5,1,4,254,0,0,0,0,0,0,1,0,0,0,94,158,60,49,130,15,39,8,64,0,0,0,0,52,248,114,49,214,52,165,0,0,8,7,0,128,188,141,157,223,157,223,32,223,0,223,0,223,180,223,185,223,190,223,0,223,157,223,2,141,216,0,165,26,140,252,141,211
2026-08-17_14-08-30,1,576,8,0.0,0,400.0,-1,-1,193,252,0,1,64,0,1,146,0,0,0,0,0,18,18,0,8,36,128,0,3,0,0,0,0,4,0,23,136,1,3,1,1,31,0,47,108,218,108,218,62,220,62,220,209,221,179,218,215,218,177,219,3,255,2,103,5,1,4,254,0,0,0,0,0,0,1,0,0,0,94,158,60,49,130,15,39,8,64,0,0,0,0,52,248,114,49,214,52,165,0,0,8,7,0,128,188,141,157,223,157,223,32,223,0,223,0,223,180,223,185,223,190,223,0,223,157,223,2,141,216,0,165,26,140,252,141,211,197,193,0,1,64,0,1,14,0,0,7,0,0,18,18,0,8,36,128,0,3,0,0,0,0,4,0,23,135,1,3,1,1,31,0,47,126,220,108,218,218,220,62,220,209,221,179,218,215,218,177,219,3,1,2,103,5,1,0,254,0,0,0,0,0,0,1,0,0,0,95,159,65,49,130,15,39,130,64,0,0,0,0,36,232,34,49,214,52,165,0,0,8,2,0,128,188,141,157,223,157,223,32,223,0,223,0,223,180,223,185,223,190,223,0,223,157,223,2,141,216,0,165,26,140,252,141,211
2026-08-17_14-08-30,1,577,8,0.0,0,400.0,-1,-1,197,193,0,1,64,0,1,14,0,0,7,0,0,18,18,0,8,36,128,0,3,0,0,0,0,4,0,23,135,1,3,1,1,31,0,47,126,220,108,218,218,220,62,220,209,221,179,218,215,218,177,219,3,1,2,103,5,1,0,254,0,0,0,0,0,0,1,0,0,0,95,159,65,49,130,15,39,130,64,0,0,0,0,36,232,34,49,214,52,165,0,0,8,2,0,128,188,141,157,223,157,223,32,223,0,223,0,223,180,223,185,223,190,223,0,223,157,223,2,141,216,0,165,26,140,252,141,211,201,28,0,1,64,0,1,138,0,0,3,0,0,18,18,0,8,36,128,0,3,0,0,0,0,4,0,23,134,1,3,1,1,31,0,47,126,220,144,218,218,220,62,220,209,221,179,218,215,218,177,219,3,1,2,103,6,1,2,253,0,0,0,0,0,0,1,0,0,0,95,159,69,49,130,15,39,130,64,0,0,0,0,36,232,226,49,214,52,165,0,0,8,2,0,128,188,141,157,223,157,223,32,223,0,223,0,223,180,223,185,223,190,223,0,223,157,223,2,141,216,0,165,26,140,252,141,211
2026-08-17_14-08-30,1,578,8,0.0,0,400.0,-1,-1,201,28,0,1,64,0,1,138,0,0,3,0,0,18,18,0,8,36,128,0,3,0,0,0,0,4,0,23,134,1,3,1,1,31,0,47,126,220,144,218,218,220,62,220,209,221,179,218,215,218,177,219,3,1,2,103,6,1,2,253,0,0,0,0,0,0,1,0,0,0,95,159,69,49,130,15,39,130,64,0,0,0,0,36,232,226,49,214,52,165,0,0,8,2,0,128,188,141,157,223,157,223,32,223,0,223,0,223,180,223,185,223,190,223,0,223,157,223,2,141,216,0,165,26,140,252,141,211,205,207,0,1,64,0,1,6,0,0,0,0,0,18,18,0,8,36,128,0,3,0,0,0,0,4,0,23,133,1,3,1,1,31,0,47,72,218,144,218,62,220,62,220,209,221,179,218,215,218,177,219,3,255,2,103,7,1,4,252,0,0,0,0,0,0,1,0,0,0,96,160,74,49,130,15,39,32,64,0,0,0,0,20,216,146,49,214,52,165,0,0,8,5,0,128,188,141,157,223,157,223,32,223,0,223,0,223,180,223,185,223,190,223,0,223,157,223,2,141,216,0,165,26,140,252,141,211
2026-08-17_14-08-30,1,579,3,0.0,0,400.0,-1,-1,205,207,0,1,64,0,1,6,0,0,0,0,0,18,18,0,8,36,128,0,3,0,0,0,0,4,0,23,133,1,3,1,1,31,0,47,72,218,144,218,62,220,62,220,209,221,179,218,215,218,177,219,3,255,2,103,7,1,4,252,0,0,0,0,0,0,1,0,0,0,96,160,74,49,130,15,39,32,64,0,0,0,0,20,216,146,49,214,52,165,0,0,8,5,0,128,188,141,157,223,157,223,32,223,0,223,0,223,180,223,185,223,190,223,0,223,157,223,2,141,216,0,165,26,140,252,141,211,209,251,0,1,64,0,1,130,0,0,8,0,0,18,18,0,8,36,128,0,3,0,0,0,0,4,0,23,132,1,3,1,1,31,0,47,126,220,108,218,218,220,62,220,209,221,179,218,215,218,177,219,3,1,2,103,7,1,0,252,0,0,0,0,0,0,1,0,0,0,98,162,78,49,130,15,39,132,64,0,0,0,0,244,184,67,49,214,52,165,0,0,8,2,0,128,188,141,157,223,157,223,32,223,0,223,0,223,180,223,185,223,190,223,0,223,157,223,2,141,216,0,165,26,140,252,141,211
2026-08-17_14-08-30,1,580,8,0.0,0,400.0,-1,-1,209,251,0,1,64,0,1,130,0,0,8,0,0,18,18,0,8,36,128,0,3,0,0,0,0,4,0,23,132,1,3,1,1,31,0,47,126,220,108,218,218,220,62,220,209,221,179,218,215,218,177,219,3,1,2,103,7,1,0,252,0,0,0,0,0,0,1,0,0,0,98,162,78,49,130,15,39,132,64,0,0,0,0,244,184,67,49,214,52,165,0,0,8,2,0,128,188,141,157,223,157,223,32,223,0,223,0,223,180,223,185,223,190,223,0,223,157,223,2,141,216,0,165,26,140,252,141,211,213,178,0,1,64,0,1,254,0,0,4,0,0,18,18,0,8,36,128,0,3,0,0,0,0,4,0,23,131,1,3,1,1,31,0,47,126,220,108,218,218,220,62,220,209,221,179,218,215,218,177,219,3,1,2,103,0,0,2,2,0,0,0,0,0,0,1,0,0,0,98,162,82,49,130,15,39,132,64,0,0,0,0,244,184,3,49,214,52,165,0,0,8,2,0,128,188,141,157,223,157,223,32,223,0,223,0,223,180,223,185,223,190,223,0,223,157,223,2,141,216,0,165,26,140,252,141,211
2026-08-17_14-08-30,1,581,3,0.0,0,400.0,-1,-1,213,178,0,1,64,0,1,254,0,0,4,0,0,18,18,0,8,36,128,0,3,0,0,0,0,4,0,23,131,1,3,1,1,31,0,47,126,220,108,218,218,220,62,220,209,221,179,218,215,218,177,219,3,1,2,103,0,0,2,2,0,0,0,0,0,0,1,0,0,0,98,162,82,49,130,15,39,132,64,0,0,0,0,244,184,3,49,214,52,165,0,0,8,2,0,128,188,141,157,223,157,223,32,223,0,223,0,223,180,223,185,223,190,223,0,223,157,223,2,141,216,0,165,26,140,252,141,211,217,34,0,1,64,0,1,122,0,0,0,0,0,18,18,0,8,36,128,0,3,0,0,0,0,4,0,23,130,1,3,1,1,31,0,47,72,218,144,218,62,220,62,220,209,221,179,218,215,218,177,219,3,255,2,103,1,0,4,2,0,0,0,0,0,0,1,0,0,0,98,162,87,49,130,15,39,8,64,0,0,0,0,244,184,179,49,214,52,165,0,0,8,5,0,128,188,141,157,223,157,223,32,223,0,223,0,223,180,223,185,223,190,223,0,223,157,223,2,141,216,0,165,26,140,252,141,211
2026-08-17_14-08-30,1,582,3,0.0,0,400.0,-1,-1,217,34,0,1,64,0,1,122,0,0,0,0,0,18,18,0,8,36,128,0,3,0,0,0,0,4,0,23,130,1,3,1,1,31,0,47,72,218,144,218,62,220,62,220,209,221,179,218,215,218,177,219,3,255,2,103,1,0,4,2,0,0,0,0,0,0,1,0,0,0,98,162,87,49,130,15,39,8,64,0,0,0,0,244,184,179,49,214,52,165,0,0,8,5,0,128,188,141,157,223,157,223,32,223,0,223,0,223,180,223,185,223,190,223,0,223,157,223,2,141,216,0,165,26,140,252,141,211,221,35,0,1,64,0,1,246,0,0,0,0,0,18,18,0,8,36,128,0,3,0,0,0,0,4,0,23,129,1,3,1,1,31,0,47,72,218,144,218,62,220,62,220,209,221,179,218,215,218,177,219,3,255,2,103,1,0,0,2,0,0,0,0,0,0,1,0,0,0,102,166,91,49,130,15,39,0,64,0,0,0,0,180,105,100,49,214,52,165,0,0,8,5,0,128,188,141,157,223,157,223,32,223,0,223,0,223,180,223,185,223,190,223,0,223,157,223,2,141,216,0,165,26,140,252,141,211
2026-08-17_14-08-30,1,583,3,0.0,0,400.0,-1,-1,221,35,0,1,64,0,1,246,0,0,0,0,0,18,18,0,8,36,128,0,3,0,0,0,0,4,0,23,129,1,3,1,1,31,0,47,72,218,144,218,62,220,62,220,209,221,179,218,215,218,177,219,3,255,2,103,1,0,0,2,0,0,0,0,0,0,1,0,0,0,102,166,91,49,130,15,39,0,64,0,0,0,0,180,105,100,49,214,52,165,0,0,8,5,0,128,188,141,157,223,157,223,32,223,0,223,0,223,180,223,185,223,190,223,0,223,157,223,2,141,216,0,165,26,140,252,141,211,225,51,0,1,64,0,1,114,0,0,0,0,0,18,18,0,8,36,128,0,3,0,0,0,0,4,0,23,128,1,3,1,1,31,0,47,108,218,108,218,62,220,62,220,209,221,179,218,215,218,177,219,3,255,2,103,2,0,2,2,0,0,0,0,0,0,1,0,0,0,106,170,96,49,130,15,39,0,64,0,0,0,0,101,41,20,49,214,52,165,0,0,8,7,0,128,188,141,157,223,157,223,32,223,0,223,0,223,180,223,185,223,190,223,0,223,157,223,2,141,216,0,165,26,140,252,141,211
2026-08-17_14-08-30,1,584,3,0.0,0,400.0,-1,-1,225,51,0,1,64,0,1,114,0,0,0,0,0,18,18,0,8,36,128,0,3,0,0,0,0,4,0,23,128,1,3,1,1,31,0,47,108,218,108,218,62,220,62,220,209,221,179,218,215,218,177,219,3,255,2,103,2,0,2,2,0,0,0,0,0,0,1,0,0,0,106,170,96,49,130,15,39,0,64,0,0,0,0,101,41,20,49,214,52,165,0,0,8,7,0,128,188,141,157,223,157,223,32,223,0,223,0,223,180,223,185,223,190,223,0,223,157,223,2,141,216,0,165,26,140,252,141,211,229,58,0,1,64,0,1,238,0,0,0,0,0,18,18,0,8,36,128,0,3,0,0,0,0,4,0,23,121,1,3,1,1,31,0,47,108,218,108,218,62,220,62,220,209,221,179,218,215,218,177,219,3,255,2,103,3,0,4,2,0,0,0,0,0,0,1,0,0,0,110,174,100,49,130,15,39,0,64,0,0,0,0,37,233,212,49,214,52,165,0,0,8,7,0,128,188,141,157,223,157,223,32,223,0,223,0,223,180,223,185,223,190,223,0,223,157,223,2,141,216,0,165,26,140,252,141,211
2026-08-17_14-08-30,1,585,3,0.0,0,400.0,-1,-1,229,58,0,1,64,0,1,238,0,0,0,0,0,18,18,0,8,36,128,0,3,0,0,0,0,4,0,23,121,1,3,1,1,31,0,47,108,218,108,218,62,220,62,220,209,221,179,218,215,218,177,219,3,255,2,103,3,0,4,2,0,0,0,0,0,0,1,0,0,0,110,174,100,49,130,15,39,0,64,0,0,0,0,37,233,212,49,214,52,165,0,0,8,7,0,128,188,141,157,223,157,223,32,223,0,223,0,223,180,223,185,223,190,223,0,223,157,223,2,141,216,0,165,26,140,252,141,211,233,174,0,1,64,0,1,106,0,0,0,0,0,18,18,0,8,36,128,0,3,0,0,0,0,4,0,23,120,1,3,1,1,31,0,47,144,218,144,218,62,220,62,220,209,221,179,218,215,218,177,219,3,255,2,103,3,0,0,2,0,0,0,0,0,0,1,0,0,0,114,178,105,49,130,15,39,0,64,0,0,0,0,229,169,117,49,214,52,165,0,0,8,8,0,128,188,141,157,223,157,223,32,223,0,223,0,223,180,223,185,223,190,223,0,223,157,223,2,141,216,0,165,26,140,252,141,211
2026-08-17_14-08-30,1,586,3,0.0,0,400.0,-1,-1,233,174,0,1,64,0,1,106,0,0,0,0,0,18,18,0,8,36,128,0,3,0,0,0,0,4,0,23,120,1,3,1,1,31,0,47,144,218,144,218,62,220,62,220,209,221,179,218,215,218,177,219,3,255,2,103,3,0,0,2,0,0,0,0,0,0,1,0,0,0,114,178,105,49,130,15,39,0,64,0,0,0,0,229,169,117,49,214,52,165,0,0,8,8,0,128,188,141,157,223,157,223,32,223,0,223,0,223,180,223,185,223,190,223,0,223,157,223,2,141,216,0,165,26,140,252,141,211,237,237,0,1,64,0,1,230,0,0,0,0,0,18,18,0,8,36,128,0,3,0,0,0,0,4,0,23,119,1,3,1,1,31,0,47,144,218,144,218,62,220,62,220,209,221,179,218,215,218,177,219,3,255,2,103,0,0,2,1,0,0,0,0,0,0,1,0,0,0,118,182,109,49,130,15,39,0,64,0,0,0,0,165,90,53,49,214,52,165,0,0,8,8,0,128,188,141,157,223,157,223,32,223,0,223,0,223,180,223,185,223,190,223,0,223,157,223,2,141,216,0,165,26,140,252,141,211
2026-08-17_14-08-30,1,587,3,0.0,0,400.0,-1,-1,237,237,0,1,64,0,1,230,0,0,0,0,0,18,18,0,8,36,128,0,3,0,0,0,0,4,0,23,119,1,3,1,1,31,0,47,144,218,144,218,62,220,62,220,209,221,179,218,215,218,177,219,3,255,2,103,0,0,2,1,0,0,0,0,0,0,1,0,0,0,118,182,109,49,130,15,39,0,64,0,0,0,0,165,90,53,49,214,52,165,0,0,8,8,0,128,188,141,157,223,157,223,32,223,0,223,0,223,180,223,185,223,190,223,0,223,157,223,2,141,216,0,165,26,140,252,141,211,241,216,0,1,64,0,1,98,0,0,0,0,0,18,18,0,8,36,128,0,3,0,0,0,0,4,0,23,118,1,3,1,1,31,0,47,108,218,108,218,62,220,62,220,209,221,179,218,215,218,177,219,3,255,2,103,1,0,4,1,0,0,0,0,0,0,1,0,0,0,122,186,114,49,130,15,39,0,64,0,0,0,0,86,26,229,49,214,52,165,0,0,8,7,0,128,188,141,157,223,157,223,32,223,0,223,0,223,180,223,185,223,190,223,0,223,157,223,2,141,216,0,165,26,140,252,141,211
2026-08-17_14-08-30,1,588,3,0.0,0,400.0,-1,-1,241,216,0,1,64,0,1,98,0,0,0,0,0,18,18,0,8,36,128,0,3,0,0,0,0,4,0,23,118,1,3,1,1,31,0,47,108,218,108,218,62,220,62,220,209,221,179,218,215,218,177,219,3,255,2,103,1,0,4,1,0,0,0,0,0,0,1,0,0,0,122,186,114,49,130,15,39,0,64,0,0,0,0,86,26,229,49,214,52,165,0,0,8,7,0,128,188,141,157,223,157,223,32,223,0,223,0,223,180,223,185,223,190,223,0,223,157,223,2,141,216,0,165,26,140,252,141,211,245,129,0,1,64,0,1,222,0,0,8,0,0,18,18,0,8,36,128,0,3,0,0,0,0,4,0,23,117,1,3,1,1,31,0,47,126,220,108,218,218,220,62,220,209,221,179,218,215,218,177,219,3,1,2,103,1,0,0,1,0,0,0,0,0,0,1,0,0,0,124,188,118,49,130,15,39,128,64,0,0,0,0,54,250,165,49,214,52,165,0,0,8,2,0,128,188,141,157,223,157,223,32,223,0,223,0,223,180,223,185,223,190,223,0,223,157,223,2,141,216,0,165,26,140,252,141,211
2026-08-17_14-08-30,1,589,8,100.0,0,500.0,-1,-1,245,129,0,1,64,0,1,222,0,0,8,0,0,18,18,0,8,36,128,0,3,0,0,0,0,4,0,23,117,1,3,1,1,31,0,47,126,220,108,218,218,220,62,220,209,221,179,218,215,218,177,219,3,1,2,103,1,0,0,1,0,0,0,0,0,0,1,0,0,0,124,188,118,49,130,15,39,128,64,0,0,0,0,54,250,165,49,214,52,165,0,0,8,2,0,128,188,141,157,223,157,223,32,223,0,223,0,223,180,223,185,223,190,223,0,223,157,223,2,141,216,0,165,26,140,252,141,211,249,24,0,1,64,0,1,28,0,0,4,0,0,18,18,0,8,36,128,4,3,0,0,0,0,5,0,23,116,1,3,1,1,31,0,47,126,220,108,218,218,220,62,220,209,221,179,218,215,218,177,219,3,1,64,103,2,0,2,1,0,0,8,0,3,0,0,0,0,0,124,188,49,49,130,15,39,128,64,0,0,0,0,54,250,49,49,214,52,165,0,0,8,2,0,0,188,141,157,223,157,223,40,223,0,223,0,223,180,223,185,223,190,223,0,223,157,223,2,141,216,0,165,26,63,252,141,211
2026-08-17_14-08-30,1,590,3,0.0,0,500.0,-1,-1,249,24,0,1,64,0,1,28,0,0,4,0,0,18,18,0,8,36,128,4,3,0,0,0,0,5,0,23,116,1,3,1,1,31,0,47,126,220,108,218,218,220,62,220,209,221,179,218,215,218,177,219,3,1,64,103,2,0,2,1,0,0,8,0,3,0,0,0,0,0,124,188,49,49,130,15,39,128,64,0,0,0,0,54,250,49,49,214,52,165,0,0,8,2,0,0,188,141,157,223,157,223,40,223,0,223,0,223,180,223,185,223,190,223,0,223,157,223,2,141,216,0,165,26,63,252,141,211,253,141,0,1,64,0,1,28,0,0,0,0,0,18,18,0,8,36,128,0,3,0,0,0,0,5,0,23,115,1,3,1,1,31,0,47,72,218,108,218,62,220,62,220,209,221,179,218,215,218,177,219,3,255,64,103,3,0,4,1,0,0,4,0,3,0,1,0,0,0,124,188,49,49,130,15,39,8,64,0,0,0,0,54,250,49,49,214,52,165,0,0,8,5,0,0,188,141,157,223,157,223,40,223,0,223,0,223,180,223,185,223,190,223,0,223,157,223,2,141,216,0,165,26,63,252,141,211
2026-08-17_14-08-30,1,591,8,0.0,0,500.0,-1,-1,253,141,0,1,64,0,1,28,0,0,0,0,0,18,18,0,8,36,128,0,3,0,0,0,0,5,0,23,115,1,3,1,1,31,0,47,72,218,108,218,62,220,62,220,209,221,179,218,215,218,177,219,3,255,64,103,3,0,4,1,0,0,4,0,3,0,1,0,0,0,124,188,49,49,130,15,39,8,64,0,0,0,0,54,250,49,49,214,52,165,0,0,8,5,0,0,188,141,157,223,157,223,40,223,0,223,0,223,180,223,185,223,190,223,0,223,157,223,2,141,216,0,165,26,63,252,141,211,1,222,0,2,64,0,1,152,0,0,6,0,0,18,18,0,8,36,128,0,3,0,0,0,0,5,0,23,114,1,3,1,1,31,0,47,126,220,144,218,218,220,62,220,209,221,179,218,215,218,177,219,3,1,2,103,3,0,0,1,0,0,0,0,0,0,1,0,0,0,124,188,54,49,130,15,39,132,64,0,0,0,0,54,250,225,49,214,52,165,0,0,8,2,0,128,188,141,157,223,157,223,40,223,0,223,0,223,180,223,185,223,190,223,0,223,157,223,2,141,216,0,165,26,140,252,141,211
2026-08-17_14-08-30,1,592,8,0.0,0,500.0,-1,-1,1,222,0,2,64,0,1,152,0,0,6,0,0,18,18,0,8,36,128,0,3,0,0,0,0,5,0,23,114,1,3,1,1,31,0,47,126,220,144,218,218,220,62,220,209,221,179,218,215,218,177,219,3,1,2,103,3,0,0,1,0,0,0,0,0,0,1,0,0,0,124,188,54,49,130,15,39,132,64,0,0,0,0,54,250,225,49,214,52,165,0,0,8,2,0,128,188,141,157,223,157,223,40,223,0,223,0,223,180,223,185,223,190,223,0,223,157,223,2,141,216,0,165,26,140,252,141,211,5,226,0,2,64,0,1,20,0,0,2,0,0,18,18,0,8,36,128,0,3,0,0,0,0,5,0,23,113,1,3,1,1,31,0,47,126,220,144,218,218,220,62,220,209,221,179,218,215,218,177,219,3,1,2,103,0,0,2,0,0,0,0,0,0,0,1,0,0,0,124,188,59,49,130,15,39,132,64,0,0,0,0,54,250,145,49,214,52,165,0,0,8,2,0,128,188,141,157,223,157,223,40,223,0,223,0,223,180,223,185,223,190,223,0,223,157,223,2,141,216,0,165,26,140,252,141,211
2026-08-17_14-08-30,1,593,8,0.0,0,500.0,-1,-1,5,226,0,2,64,0,1,20,0,0,2,0,0,18,18,0,8,36,128,0,3,0,0,0,0,5,0,23,113,1,3,1,1,31,0,47,126,220,144,218,218,220,62,220,209,221,179,218,215,218,177,219,3,1,2,103,0,0,2,0,0,0,0,0,0,0,1,0,0,0,124,188,59,49,130,15,39,132,64,0,0,0,0,54,250,145,49,214,52,165,0,0,8,2,0,128,188,141,157,223,157,223,40,223,0,223,0,223,180,223,185,223,190,223,0,223,157,223,2,141,216,0,165,26,140,252,141,211,9,47,0,2,64,0,1,144,0,0,0,0,0,18,18,0,8,36,128,0,3,0,0,0,0,5,0,23,112,1,3,1,1,31,0,47,72,218,108,218,62,220,62,220,209,221,179,218,215,218,177,219,3,255,2,103,1,0,4,0,0,0,0,0,0,0,1,0,0,0,124,188,63,49,130,15,39,132,64,0,0,0,0,54,250,66,49,214,52,165,0,0,8,5,0,128,188,141,157,223,157,223,40,223,0,223,0,223,180,223,185,223,190,223,0,223,157,223,2,141,216,0,165,26,140,252,141,211
2026-08-17_14-08-30,1,594,8,0.0,0,500.0,-1,-1,9,47,0,2,64,0,1,144,0,0,0,0,0,18,18,0,8,36,128,0,3,0,0,0,0,5,0,23,112,1,3,1,1,31,0,47,72,218,108,218,62,220,62,220,209,221,179,218,215,218,177,219,3,255,2,103,1,0,4,0,0,0,0,0,0,0,1,0,0,0,124,188,63,49,130,15,39,132,64,0,0,0,0,54,250,66,49,214,52,165,0,0,8,5,0,128,188,141,157,223,157,223,40,223,0,223,0,223,180,223,185,223,190,223,0,223,157,223,2,141,216,0,165,26,140,252,141,211,13,245,0,2,64,0,1,12,0,0,0,0,0,18,18,0,8,36,128,0,3,0,0,0,0,5,0,23,105,1,3,1,1,31,0,47,72,218,108,218,62,220,62,220,209,221,179,218,215,218,177,219,3,255,2,103,1,0,0,0,0,0,0,0,0,0,1,0,0,0,126,190,68,49,130,15,39,33,64,0,0,0,0,22,218,242,49,214,52,165,0,0,8,5,0,128,188,141,157,223,157,223,40,223,0,223,0,223,180,223,185,223,190,223,0,223,157,223,2,141,216,0,165,26,140,252,141,211
2026-08-17_14-08-30,1,595,8,0.0,0,500.0,-1,-1,13,245,0,2,64,0,1,12,0,0,0,0,0,18,18,0,8,36,128,0,3,0,0,0,0,5,0,23,105,1,3,1,1,31,0,47,72,218,108,218,62,220,62,220,209,221,179,218,215,218,177,219,3,255,2,103,1,0,0,0,0,0,0,0,0,0,1,0,0,0,126,190,68,49,130,15,39,33,64,0,0,0,0,22,218,242,49,214,52,165,0,0,8,5,0,128,188,141,157,223,157,223,40,223,0,223,0,223,180,223,185,223,190,223,0,223,157,223,2,141,216,0,165,26,140,252,141,211,17,85,0,2,64,0,1,136,0,0,7,0,0,18,18,0,8,36,128,0,3,0,0,0,0,5,0,23,104,1,3,1,1,31,0,47,126,220,144,218,218,220,62,220,209,221,179,218,215,218,177,219,3,1,2,103,2,0,2,0,0,0,0,0,0,0,1,0,0,0,127,191,72,49,130,15,39,136,64,0,0,0,0,6,202,178,49,214,52,165,0,0,8,2,0,128,188,141,157,223,157,223,40,223,0,223,0,223,180,223,185,223,190,223,0,223,157,223,2,141,216,0,165,26,140,252,141,211
2026-08-17_14-08-30,1,596,8,0.0,0,500.0,-1,-1,17,85,0,2,64,0,1,136,0,0,7,0,0,18,18,0,8,36,128,0,3,0,0,0,0,5,0,23,104,1,3,1,1,31,0,47,126,220,144,218,218,220,62,220,209,221,179,218,215,218,177,219,3,1,2,103,2,0,2,0,0,0,0,0,0,0,1,0,0,0,127,191,72,49,130,15,39,136,64,0,0,0,0,6,202,178,49,214,52,165,0,0,8,2,0,128,188,141,157,223,157,223,40,223,0,223,0,223,180,223,185,223,190,223,0,223,157,223,2,141,216,0,165,26,140,252,141,211,21,95,0,2,64,0,1,4,0,0,3,0,0,18,18,0,8,36,128,0,3,0,0,0,0,5,0,23,103,1,3,1,1,31,0,47,126,220,144,218,218,220,62,220,209,221,179,218,215,218,177,219,3,1,2,103,3,0,4,0,0,0,0,0,0,0,1,0,0,0,127,191,77,49,130,15,39,68,64,0,0,0,0,6,202,83,49,214,52,165,0,0,8,2,0,128,188,141,157,223,157,223,40,223,0,223,0,223,180,223,185,223,190,223,0,223,157,223,2,141,216,0,165,26,140,252,141,211
2026-08-17_14-08-30,1,597,3,0.0,0,500.0,-1,-1,21,95,0,2,64,0,1,4,0,0,3,0,0,18,18,0,8,36,128,0,3,0,0,0,0,5,0,23,103,1,3,1,1,31,0,47,126,220,144,218,218,220,62,220,209,221,179,218,215,218,177,219,3,1,2,103,3,0,4,0,0,0,0,0,0,0,1,0,0,0,127,191,77,49,130,15,39,68,64,0,0,0,0,6,202,83,49,214,52,165,0,0,8,2,0,128,188,141,157,223,157,223,40,223,0,223,0,223,180,223,185,223,190,223,0,223,157,223,2,141,216,0,165,26,140,252,141,211,25,250,0,2,64,0,1,128,0,0,0,0,0,18,18,0,8,36,128,0,3,0,0,0,0,5,0,23,102,1,3,1,1,31,0,47,108,218,108,218,62,220,62,220,209,221,179,218,215,218,177,219,3,255,2,103,3,0,0,0,0,0,0,0,0,0,1,0,0,0,128,192,81,49,130,15,39,4,64,0,0,0,0,246,186,19,49,214,52,165,0,0,8,7,0,128,188,141,157,223,157,223,40,223,0,223,0,223,180,223,185,223,190,223,0,223,157,223,2,141,216,0,165,26,140,252,141,211
2026-08-17_14-08-30,1,598,3,0.0,0,500.0,-1,-1,25,250,0,2,64,0,1,128,0,0,0,0,0,18,18,0,8,36,128,0,3,0,0,0,0,5,0,23,102,1,3,1,1,31,0,47,108,218,108,218,62,220,62,220,209,221,179,218,215,218,177,219,3,255,2,103,3,0,0,0,0,0,0,0,0,0,1,0,0,0,128,192,81,49,130,15,39,4,64,0,0,0,0,246,186,19,49,214,52,165,0,0,8,7,0,128,188,141,157,223,157,223,40,223,0,223,0,223,180,223,185,223,190,223,0,223,157,223,2,141,216,0,165,26,140,252,141,211,29,162,0,2,64,0,1,252,0,0,0,0,0,18,18,0,8,36,128,0,3,0,0,0,0,5,0,23,101,1,3,1,1,31,0,47,108,218,108,218,62,220,62,220,209,221,179,218,215,218,177,219,3,255,2,103,4,0,2,255,0,0,0,0,0,0,1,0,0,0,132,196,85,49,130,15,39,0,64,0,0,0,0,182,107,211,49,214,52,165,0,0,8,7,0,128,188,141,157,223,157,223,40,223,0,223,0,223,180,223,185,223,190,223,0,223,157,223,2,141,216,0,165,26,140,252,141,211
2026-08-17_14-08-30,1,599,3,0.0,0,500.0,-1,-1,29,162,0,2,64,0,1,252,0,0,0,0,0,18,18,0,8,36,128,0,3,0,0,0,0,5,0,23,101,1,3,1,1,31,0,47,108,218,108,218,62,220,62,220,209,221,179,218,215,218,177,219,3,255,2,103,4,0,2,255,0,0,0,0,0,0,1,0,0,0,132,196,85,49,130,15,39,0,64,0,0,0,0,182,107,211,49,214,52,165,0,0,8,7,0,128,188,141,157,223,157,223,40,223,0,223,0,223,180,223,185,223,190,223,0,223,157,223,2,141,216,0,165,26,140,252,141,211,33,43,0,2,64,0,1,120,0,0,0,0,0,18,18,0,8,36,128,0,3,0,0,0,0,5,0,23,100,1,3,1,1,31,0,47,144,218,144,218,62,220,62,220,209,221,179,218,215,218,177,219,3,255,2,103,5,0,4,254,0,0,0,0,0,0,1,0,0,0,136,200,90,49,130,15,39,0,64,0,0,0,0,103,43,116,49,214,52,165,0,0,8,8,0,128,188,141,157,223,157,223,40,223,0,223,0,223,180,223,185,223,190,223,0,223,157,223,2,141,216,0,165,26,140,252,141,211
2026-08-17_14-08-30,1,600,3,0.0,0,500.0,-1,-1,33,43,0,2,64,0,1,120,0,0,0,0,0,18,18,0,8,36,128,0,3,0,0,0,0,5,0,23,100,1,3,1,1,31,0,47,144,218,144,218,62,220,62,220,209,221,179,218,215,218,177,219,3,255,2,103,5,0,4,254,0,0,0,0,0,0,1,0,0,0,136,200,90,49,130,15,39,0,64,0,0,0,0,103,43,116,49,214,52,165,0,0,8,8,0,128,188,141,157,223,157,223,40,223,0,223,0,223,180,223,185,223,190,223,0,223,157,223,2,141,216,0,165,26,140,252,141,211,37,183,0,2,64,0,1,244,0,0,0,0,0,18,18,0,8,36,128,0,3,0,0,0,0,5,0,23,99,1,3,1,1,31,0,47,144,218,144,218,62,220,62,220,209,221,179,218,215,218,177,219,3,255,2,103,5,0,0,254,0,0,0,0,0,0,1,0,0,0,140,204,94,49,130,15,39,0,64,0,0,0,0,39,235,52,49,214,52,165,0,0,8,8,0,128,188,141,157,223,157,223,40,223,0,223,0,223,180,223,185,223,190,223,0,223,157,223,2,141,216,0,165,26,140,252,141,211
2026-08-17_14-08-30,1,601,3,0.0,0,500.0,-1,-1,37,183,0,2,64,0,1,244,0,0,0,0,0,18,18,0,8,36,128,0,3,0,0,0,0,5,0,23,99,1,3,1,1,31,0,47,144,218,144,218,62,220,62,220,209,221,179,218,215,218,177,219,3,255,2,103,5,0,0,254,0,0,0,0,0,0,1,0,0,0,140,204,94,49,130,15,39,0,64,0,0,0,0,39,235,52,49,214,52,165,0,0,8,8,0,128,188,141,157,223,157,223,40,223,0,223,0,223,180,223,185,223,190,223,0,223,157,223,2,141,216,0,165,26,140,252,141,211,41,112,0,2,64,0,1,112,0,0,0,0,0,18,18,0,8,36,128,0,3,0,0,0,0,5,0,23,98,1,3,1,1,31,0,47,108,218,108,218,62,220,62,220,209,221,179,218,215,218,177,219,3,255,2,103,6,0,2,253,0,0,0,0,0,0,1,0,0,0,144,208,99,49,130,15,39,0,64,0,0,0,0,231,171,228,49,214,52,165,0,0,8,7,0,128,188,141,157,223,157,223,40,223,0,223,0,223,180,223,185,223,190,223,0,223,157,223,2,141,216,0,165,26,140,252,141,211
2026-08-17_14-08-30,1,602,3,0.0,0,500.0,-1,-1,41,112,0,2,64,0,1,112,0,0,0,0,0,18,18,0,8,36,128,0,3,0,0,0,0,5,0,23,98,1,3,1,1,31,0,47,108,218,108,218,62,220,62,220,209,221,179,218,215,218,177,219,3,255,2,103,6,0,2,253,0,0,0,0,0,0,1,0,0,0,144,208,99,49,130,15,39,0,64,0,0,0,0,231,171,228,49,214,52,165,0,0,8,7,0,128,188,141,157,223,157,223,40,223,0,223,0,223,180,223,185,223,190,223,0,223,157,223,2,141,216,0,165,26,140,252,141,211,45,15,0,2,64,0,2,236,0,0,0,0,0,18,18,0,8,36,128,0,3,0,0,0,0,5,0,23,97,1,3,1,1,31,0,47,108,218,108,218,62,220,62,220,209,221,179,218,215,218,177,219,3,255,2,103,7,0,4,252,0,0,0,0,0,0,1,0,0,0,148,52,103,49,130,15,39,0,64,0,0,0,0,167,1,164,49,214,52,165,0,0,8,7,0,128,188,141,157,223,157,223,40,223,0,223,0,223,180,223,185,223,190,223,0,223,157,223,2,141,216,0,165,26,140,252,141,211
2026-08-17_14-08-30,1,603,3,0.0,0,500.0,-1,-1,45,15,0,2,64,0,2,236,0,0,0,0,0,18,18,0,8,36,128,0,3,0,0,0,0,5,0,23,97,1,3,1,1,31,0,47,108,218,108,218,62,220,62,220,209,221,179,218,215,218,177,219,3,255,2,103,7,0,4,252,0,0,0,0,0,0,1,0,0,0,148,52,103,49,130,15,39,0,64,0,0,0,0,167,1,164,49,214,52,165,0,0,8,7,0,128,188,141,157,223,157,223,40,223,0,223,0,223,180,223,185,223,190,223,0,223,157,223,2,141,216,0,165,26,140,252,141,211,49,247,0,2,64,0,2,104,0,0,0,0,0,18,18,0,8,36,128,0,3,0,0,0,0,5,0,23,96,1,3,1,1,31,0,47,144,218,144,218,62,220,62,220,209,221,179,218,215,218,177,219,3,255,2,103,7,0,0,252,0,0,0,0,0,0,1,0,0,0,152,56,108,49,130,15,39,0,64,0,0,0,0,88,193,69,49,214,52,165,0,0,8,8,0,128,188,141,157,223,157,223,40,223,0,223,0,223,180,223,185,223,190,223,0,223,157,223,2,141,216,0,165,26,140,252,141,211
2026-08-17_14-08-30,1,604,3,0.0,0,500.0,-1,-1,49,247,0,2,64,0,2,104,0,0,0,0,0,18,18,0,8,36,128,0,3,0,0,0,0,5,0,23,96,1,3,1,1,31,0,47,144,218,144,218,62,220,62,220,209,221,179,218,215,218,177,219,3,255,2,103,7,0,0,252,0,0,0,0,0,0,1,0,0,0,152,56,108,49,130,15,39,0,64,0,0,0,0,88,193,69,49,214,52,165,0,0,8,8,0,128,188,141,157,223,157,223,40,223,0,223,0,223,180,223,185,223,190,223,0,223,157,223,2,141,216,0,165,26,140,252,141,211,53,116,0,2,64,0,2,228,0,0,0,0,0,18,18,0,8,36,128,0,3,0,0,0,0,5,0,23,89,1,3,1,1,31,0,47,144,218,144,218,62,220,62,220,209,221,179,218,215,218,177,219,3,255,2,103,0,9,2,2,0,0,0,0,0,0,1,0,0,0,156,60,112,49,130,15,39,0,64,0,0,0,0,24,114,5,49,214,52,165,0,0,8,8,0,128,188,141,157,223,157,223,40,223,0,223,0,223,180,223,185,223,190,223,0,223,157,223,2,141,216,0,165,26,140,252,141,211
2026-08-17_14-08-30,1,605,8,0.0,0,500.0,-1,-1,53,116,0,2,64,0,2,228,0,0,0,0,0,18,18,0,8,36,128,0,3,0,0,0,0,5,0,23,89,1,3,1,1,31,0,47,144,218,144,218,62,220,62,220,209,221,179,218,215,218,177,219,3,255,2,103,0,9,2,2,0,0,0,0,0,0,1,0,0,0,156,60,112,49,130,15,39,0,64,0,0,0,0,24,114,5,49,214,52,165,0,0,8,8,0,128,188,141,157,223,157,223,40,223,0,223,0,223,180,223,185,223,190,223,0,223,157,223,2,141,216,0,165,26,140,252,141,211,57,77,0,2,64,0,2,96,0,0,6,0,0,18,18,0,8,36,128,0,3,0,0,0,0,5,0,23,88,1,3,1,1,31,0,47,126,220,108,218,218,220,62,220,209,221,179,218,215,218,177,219,3,1,2,103,1,9,4,2,0,0,0,0,0,0,1,0,0,0,156,60,117,49,130,15,39,128,64,0,0,0,0,24,114,181,49,214,52,165,0,0,8,2,0,128,188,141,157,223,157,223,40,223,0,223,0,223,180,223,185,223,190,223,0,223,157,223,2,141,216,0,165,26,140,252,141,211
2026-08-17_14-08-30,1,606,8,100.0,0,600.0,-1,-1,57,77,0,2,64,0,2,96,0,0,6,0,0,18,18,0,8,36,128,0,3,0,0,0,0,5,0,23,88,1,3,1,1,31,0,47,126,220,108,218,218,220,62,220,209,221,179,218,215,218,177,219,3,1,2,103,1,9,4,2,0,0,0,0,0,0,1,0,0,0,156,60,117,49,130,15,39,128,64,0,0,0,0,24,114,181,49,214,52,165,0,0,8,2,0,128,188,141,157,223,157,223,40,223,0,223,0,223,180,223,185,223,190,223,0,223,157,223,2,141,216,0,165,26,140,252,141,211,61,210,0,2,64,0,2,189,0,0,2,0,0,18,18,0,8,36,128,40,3,0,0,0,0,6,0,23,87,1,3,1,1,31,0,47,126,220,108,218,218,220,62,220,209,221,179,218,215,218,177,219,3,1,64,103,1,9,0,2,0,0,9,0,3,0,0,0,0,0,156,60,49,49,130,15,39,64,64,0,0,0,0,24,114,49,49,214,52,165,0,0,8,2,0,0,188,141,157,223,157,223,48,223,0,223,0,223,180,223,185,223,190,223,0,223,157,223,2,141,216,0,165,26,63,252,141,211
2026-08-17_14-08-30,1,607,8,0.0,0,600.0,-1,-1,61,210,0,2,64,0,2,189,0,0,2,0,0,18,18,0,8,36,128,40,3,0,0,0,0,6,0,23,87,1,3,1,1,31,0,47,126,220,108,218,218,220,62,220,209,221,179,218,215,218,177,219,3,1,64,103,1,9,0,2,0,0,9,0,3,0,0,0,0,0,156,60,49,49,130,15,39,64,64,0,0,0,0,24,114,49,49,214,52,165,0,0,8,2,0,0,188,141,157,223,157,223,48,223,0,223,0,223,180,223,185,223,190,223,0,223,157,223,2,141,216,0,165,26,63,252,141,211,65,36,0,2,64,0,2,189,0,0,0,0,0,18,18,0,8,36,128,36,3,0,0,0,0,6,0,23,86,1,3,1,1,31,0,47,72,218,108,218,62,220,62,220,209,221,179,218,215,218,177,219,3,255,64,103,2,9,2,2,0,0,5,0,3,0,1,0,0,0,156,60,49,49,130,15,39,144,64,0,0,0,0,24,114,49,49,214,52,165,0,0,8,5,0,0,188,141,157,223,157,223,48,223,0,223,0,223,180,223,185,223,190,223,0,223,157,223,2,141,216,0,165,26,63,252,141,211
2026-08-17_14-08-30,1,608,8,0.0,0,600.0,-1,-1,65,36,0,2,64,0,2,189,0,0,0,0,0,18,18,0,8,36,128,36,3,0,0,0,0,6,0,23,86,1,3,1,1,31,0,47,72,218,108,218,62,220,62,220,209,221,179,218,215,218,177,219,3,255,64,103,2,9,2,2,0,0,5,0,3,0,1,0,0,0,156,60,49,49,130,15,39,144,64,0,0,0,0,24,114,49,49,214,52,165,0,0,8,5,0,0,188,141,157,223,157,223,48,223,0,223,0,223,180,223,185,223,190,223,0,223,157,223,2,141,216,0,165,26,63,252,141,211,69,64,0,2,64,0,2,189,0,0,0,0,0,18,18,0,8,36,128,32,3,0,0,0,0,6,0,23,85,1,3,1,1,31,0,47,72,218,108,218,62,220,62,220,209,221,179,218,215,218,177,219,3,255,64,103,3,9,4,2,0,0,1,0,3,0,1,0,0,0,156,60,49,49,130,15,39,144,64,0,0,0,0,24,114,49,49,214,52,165,0,0,8,5,0,0,188,141,157,223,157,223,48,223,0,223,0,223,180,223,185,223,190,223,0,223,157,223,2,141,216,0,165,26,63,252,141,211
2026-08-17_14-08-30,1,609,3,0.0,0,600.0,-1,-1,69,64,0,2,64,0,2,189,0,0,0,0,0,18,18,0,8,36,128,32,3,0,0,0,0,6,0,23,85,1,3,1,1,31,0,47,72,218,108,218,62,220,62,220,209,221,179,218,215,218,177,219,3,255,64,103,3,9,4,2,0,0,1,0,3,0,1,0,0,0,156,60,49,49,130,15,39,144,64,0,0,0,0,24,114,49,49,214,52,165,0,0,8,5,0,0,188,141,157,223,157,223,48,223,0,223,0,223,180,223,185,223,190,223,0,223,157,223,2,141,216,0,165,26,63,252,141,211,73,4,0,2,64,0,2,189,0,0,9,0,0,18,18,0,8,36,128,28,3,0,0,0,0,6,0,23,84,1,3,1,1,31,0,47,126,220,108,218,218,220,62,220,209,221,179,218,215,218,177,219,3,1,64,103,3,9,0,2,0,0,0,0,0,0,1,0,0,0,159,63,49,49,130,15,39,137,64,0,0,0,0,232,66,49,49,214,52,165,0,0,8,2,0,0,188,141,157,223,157,223,48,223,0,223,0,223,180,223,185,223,190,223,0,223,157,223,2,141,216,0,165,26,200,250,141,211
2026-08-17_14-08-30,1,610,8,0.0,0,600.0,-1,-1,73,4,0,2,64,0,2,189,0,0,9,0,0,18,18,0,8,36,128,28,3,0,0,0,0,6,0,23,84,1,3,1,1,31,0,47,126,220,108,218,218,220,62,220,209,221,179,218,215,218,177,219,3,1,64,103,3,9,0,2,0,0,0,0,0,0,1,0,0,0,159,63,49,49,130,15,39,137,64,0,0,0,0,232,66,49,49,214,52,165,0,0,8,2,0,0,188,141,157,223,157,223,48,223,0,223,0,223,180,223,185,223,190,223,0,223,157,223,2,141,216,0,165,26,200,250,141,211,77,66,0,2,64,0,2,189,0,0,5,0,0,18,18,0,8,36,128,24,3,0,0,0,0,6,0,23,83,1,3,1,1,31,0,47,126,220,108,218,218,220,62,220,209,221,179,218,215,218,177,219,3,1,64,103,0,9,2,1,0,0,0,0,0,0,1,0,0,0,159,63,49,49,130,15,39,137,64,0,0,0,0,232,66,49,49,214,52,165,0,0,8,2,0,0,188,141,157,223,157,223,48,223,0,223,0,223,180,223,185,223,190,223,0,223,157,223,2,141,216,0,165,26,200,250,141,211
2026-08-17_14-08-30,1,611,3,0.0,0,600.0,-1,-1,77,66,0,2,64,0,2,189,0,0,5,0,0,18,18,0,8,36,128,24,3,0,0,0,0,6,0,23,83,1,3,1,1,31,0,47,126,220,108,218,218,220,62,220,209,221,179,218,215,218,177,219,3,1,64,103,0,9,2,1,0,0,0,0,0,0,1,0,0,0,159,63,49,49,130,15,39,137,64,0,0,0,0,232,66,49,49,214,52,165,0,0,8,2,0,0,188,141,157,223,157,223,48,223,0,223,0,223,180,223,185,223,190,223,0,223,157,223,2,141,216,0,165,26,200,250,141,211,81,37,0,2,64,0,2,189,0,0,1,0,0,18,18,0,8,36,128,20,3,0,0,0,0,6,0,23,82,1,3,1,1,31,0,47,126,220,108,218,218,220,62,220,209,221,179,218,215,218,177,219,3,1,64,103,1,9,4,1,0,0,0,0,0,0,1,0,0,0,159,63,49,49,130,15,39,17,64,0,0,0,0,232,66,49,49,214,52,165,0,0,8,2,0,0,188,141,157,223,157,223,48,223,0,223,0,223,180,223,185,223,190,223,0,223,157,223,2,141,216,0,165,26,200,250,141,211
2026-08-17_14-08-30,1,612,8,0.0,0,600.0,-1,-1,81,37,0,2,64,0,2,189,0,0,1,0,0,18,18,0,8,36,128,20,3,0,0,0,0,6,0,23,82,1,3,1,1,31,0,47,126,220,108,218,218,220,62,220,209,221,179,218,215,218,177,219,3,1,64,103,1,9,4,1,0,0,0,0,0,0,1,0,0,0,159,63,49,49,130,15,39,17,64,0,0,0,0,232,66,49,49,214,52,165,0,0,8,2,0,0,188,141,157,223,157,223,48,223,0,223,0,223,180,223,185,223,190,223,0,223,157,223,2,141,216,0,165,26,200,250,141,211,85,80,0,2,64,0,2,189,0,0,7,0,0,18,18,0,8,36,128,16,3,0,0,0,0,6,0,23,81,1,3,1,1,31,0,47,126,220,108,218,218,220,62,220,209,221,179,218,215,218,177,219,3,1,64,103,1,9,0,1,0,0,0,0,0,0,1,0,0,0,159,63,49,49,130,15,39,132,64,0,0,0,0,232,66,49,49,214,52,165,0,0,8,2,0,0,188,141,157,223,157,223,48,223,0,223,0,223,180,223,185,223,190,223,0,223,157,223,2,141,216,0,165,26,200,250,141,211
2026-08-17_14-08-30,1,613,8,0.0,0,600.0,-1,-1,85,80,0,2,64,0,2,189,0,0,7,0,0,18,18,0,8,36,128,16,3,0,0,0,0,6,0,23,81,1,3,1,1,31,0,47,126,220,108,218,218,220,62,220,209,221,179,218,215,218,177,219,3,1,64,103,1,9,0,1,0,0,0,0,0,0,1,0,0,0,159,63,49,49,130,15,39,132,64,0,0,0,0,232,66,49,49,214,52,165,0,0,8,2,0,0,188,141,157,223,157,223,48,223,0,223,0,223,180,223,185,223,190,223,0,223,157,223,2,141,216,0,165,26,200,250,141,211,89,13,0,2,64,0,2,189,0,0,3,0,0,18,18,0,8,36,128,12,3,0,0,0,0,6,0,23,80,1,3,1,1,31,0,47,126,220,108,218,218,220,62,220,209,221,179,218,215,218,177,219,3,1,64,103,2,9,2,1,0,0,0,0,0,0,1,0,0,0,159,63,49,49,130,15,39,66,64,0,0,0,0,232,66,49,49,214,52,165,0,0,8,2,0,0,188,141,157,223,157,223,48,223,0,223,0,223,180,223,185,223,190,223,0,223,157,223,2,141,216,0,165,26,200,250,141,211
2026-08-17_14-08-30,1,614,3,0.0,0,600.0,-1,-1,89,13,0,2,64,0,2,189,0,0,3,0,0,18,18,0,8,36,128,12,3,0,0,0,0,6,0,23,80,1,3,1,1,31,0,47,126,220,108,218,218,220,62,220,209,221,179,218,215,218,177,219,3,1,64,103,2,9,2,1,0,0,0,0,0,0,1,0,0,0,159,63,49,49,130,15,39,66,64,0,0,0,0,232,66,49,49,214,52,165,0,0,8,2,0,0,188,141,157,223,157,223,48,223,0,223,0,223,180,223,185,223,190,223,0,223,157,223,2,141,216,0,165,26,200,250,141,211,93,214,0,2,64,0,2,189,0,0,0,0,0,18,18,0,8,36,128,8,3,0,0,0,0,6,0,23,73,1,3,1,1,31,0,47,72,218,108,218,62,220,62,220,209,221,179,218,215,218,177,219,3,255,64,103,3,9,4,1,0,0,0,0,0,0,1,0,0,0,160,64,49,49,130,15,39,4,64,0,0,0,0,216,50,49,49,214,52,165,0,0,8,5,0,0,188,141,157,223,157,223,48,223,0,223,0,223,180,223,185,223,190,223,0,223,157,223,2,141,216,0,165,26,200,250,141,211
2026-08-17_14-08-30,1,615,8,0.0,0,600.0,-1,-1,93,214,0,2,64,0,2,189,0,0,0,0,0,18,18,0,8,36,128,8,3,0,0,0,0,6,0,23,73,1,3,1,1,31,0,47,72,218,108,218,62,220,62,220,209,221,179,218,215,218,177,219,3,255,64,103,3,9,4,1,0,0,0,0,0,0,1,0,0,0,160,64,49,49,130,15,39,4,64,0,0,0,0,216,50,49,49,214,52,165,0,0,8,5,0,0,188,141,157,223,157,223,48,223,0,223,0,223,180,223,185,223,190,223,0,223,157,223,2,141,216,0,165,26,200,250,141,211,97,102,0,2,64,0,2,189,0,0,7,0,0,18,18,0,8,36,128,4,3,0,0,0,0,6,0,23,72,1,3,1,1,31,0,47,126,220,108,218,218,220,62,220,209,221,179,218,215,218,177,219,3,1,64,103,3,9,0,1,0,0,0,0,0,0,1,0,0,0,161,65,49,49,130,15,39,129,64,0,0,0,0,200,34,49,49,214,52,165,0,0,8,2,0,0,188,141,157,223,157,223,48,223,0,223,0,223,180,223,185,223,190,223,0,223,157,223,2,141,216,0,165,26,200,250,141,211
2026-08-17_14-08-30,1,616,8,0.0,0,600.0,-1,-1,97,102,0,2,64,0,2,189,0,0,7,0,0,18,18,0,8,36,128,4,3,0,0,0,0,6,0,23,72,1,3,1,1,31,0,47,126,220,108,218,218,220,62,220,209,221,179,218,215,218,177,219,3,1,64,103,3,9,0,1,0,0,0,0,0,0,1,0,0,0,161,65,49,49,130,15,39,129,64,0,0,0,0,200,34,49,49,214,52,165,0,0,8,2,0,0,188,141,157,223,157,223,48,223,0,223,0,223,180,223,185,223,190,223,0,223,157,223,2,141,216,0,165,26,200,250,141,211,101,101,0,2,64,0,2,189,0,0,3,0,0,18,18,0,8,36,128,0,3,0,0,0,0,6,0,23,71,1,3,1,1,31,0,47,126,220,108,218,218,220,62,220,209,221,179,218,215,218,177,219,3,1,64,103,0,9,2,0,0,0,0,0,0,0,1,0,0,0,161,65,49,49,130,15,39,129,64,0,0,0,0,200,34,49,49,214,52,165,0,0,8,2,0,0,188,141,157,223,157,223,48,223,0,223,0,223,180,223,185,223,190,223,0,223,157,223,2,141,216,0,165,26,200,250,141,211
2026-08-17_14-08-30,1,617,3,0.0,0,600.0,-1,-1,101,101,0,2,64,0,2,189,0,0,3,0,0,18,18,0,8,36,128,0,3,0,0,0,0,6,0,23,71,1,3,1,1,31,0,47,126,220,108,218,218,220,62,220,209,221,179,218,215,218,177,219,3,1,64,103,0,9,2,0,0,0,0,0,0,0,1,0,0,0,161,65,49,49,130,15,39,129,64,0,0,0,0,200,34,49,49,214,52,165,0,0,8,2,0,0,188,141,157,223,157,223,48,223,0,223,0,223,180,223,185,223,190,223,0,223,157,223,2,141,216,0,165,26,200,250,141,211,105,84,0,2,64,0,2,57,0,0,0,0,0,18,18,0,8,36,128,0,3,0,0,0,0,6,0,23,70,1,3,1,1,31,0,47,108,218,144,218,62,220,62,220,209,221,179,218,215,218,177,219,3,255,2,103,1,9,4,0,0,0,0,0,0,0,1,0,0,0,162,66,55,49,130,15,39,8,64,0,0,0,0,184,18,209,49,214,52,165,0,0,8,7,0,128,188,141,157,223,157,223,48,223,0,223,0,223,180,223,185,223,190,223,0,223,157,223,2,141,216,0,165,26,140,252,141,211
2026-08-17_14-08-30,1,618,3,0.0,0,600.0,-1,-1,105,84,0,2,64,0,2,57,0,0,0,0,0,18,18,0,8,36,128,0,3,0,0,0,0,6,0,23,70,1,3,1,1,31,0,47,108,218,144,218,62,220,62,220,209,221,179,218,215,218,177,219,3,255,2,103,1,9,4,0,0,0,0,0,0,0,1,0,0,0,162,66,55,49,130,15,39,8,64,0,0,0,0,184,18,209,49,214,52,165,0,0,8,7,0,128,188,141,157,223,157,223,48,223,0,223,0,223,180,223,185,223,190,223,0,223,157,223,2,141,216,0,165,26,140,252,141,211,109,79,0,2,64,0,2,181,0,0,0,0,0,18,18,0,8,36,128,0,3,0,0,0,0,6,0,23,69,1,3,1,1,31,0,47,108,218,144,218,62,220,62,220,209,221,179,218,215,218,177,219,3,255,2,103,1,9,0,0,0,0,0,0,0,0,1,0,0,0,166,70,59,49,130,15,39,0,64,0,0,0,0,105,210,145,49,214,52,165,0,0,8,7,0,128,188,141,157,223,157,223,48,223,0,223,0,223,180,223,185,223,190,223,0,223,157,223,2,141,216,0,165,26,140,252,141,211
2026-08-17_14-08-30,1,619,3,0.0,0,600.0,-1,-1,109,79,0,2,64,0,2,181,0,0,0,0,0,18,18,0,8,36,128,0,3,0,0,0,0,6,0,23,69,1,3,1,1,31,0,47,108,218,144,218,62,220,62,220,209,221,179,218,215,218,177,219,3,255,2,103,1,9,0,0,0,0,0,0,0,0,1,0,0,0,166,70,59,49,130,15,39,0,64,0,0,0,0,105,210,145,49,214,52,165,0,0,8,7,0,128,188,141,157,223,157,223,48,223,0,223,0,223,180,223,185,223,190,223,0,223,157,223,2,141,216,0,165,26,140,252,141,211,113,243,0,2,64,0,2,49,0,0,0,0,0,18,18,0,8,36,128,0,3,0,0,0,0,6,0,23,68,1,3,1,1,31,0,47,144,218,108,218,62,220,62,220,209,221,179,218,215,218,177,219,3,255,2,103,2,9,2,0,0,0,0,0,0,0,1,0,0,0,170,74,64,49,130,15,39,0,64,0,0,0,0,41,146,50,49,214,52,165,0,0,8,8,0,128,188,141,157,223,157,223,48,223,0,223,0,223,180,223,185,223,190,223,0,223,157,223,2,141,216,0,165,26,140,252,141,211
2026-08-17_14-08-30,1,620,3,0.0,0,600.0,-1,-1,113,243,0,2,64,0,2,49,0,0,0,0,0,18,18,0,8,36,128,0,3,0,0,0,0,6,0,23,68,1,3,1,1,31,0,47,144,218,108,218,62,220,62,220,209,221,179,218,215,218,177,219,3,255,2,103,2,9,2,0,0,0,0,0,0,0,1,0,0,0,170,74,64,49,130,15,39,0,64,0,0,0,0,41,146,50,49,214,52,165,0,0,8,8,0,128,188,141,157,223,157,223,48,223,0,223,0,223,180,223,185,223,190,223,0,223,157,223,2,141,216,0,165,26,140,252,141,211,117,54,0,2,64,0,2,173,0,0,0,0,0,18,18,0,8,36,128,0,3,0,0,0,0,6,0,23,67,1,3,1,1,31,0,47,144,218,108,218,62,220,62,220,209,221,179,218,215,218,177,219,3,255,2,103,3,9,4,0,0,0,0,0,0,0,1,0,0,0,174,78,68,49,130,15,39,0,64,0,0,0,0,233,67,242,49,214,52,165,0,0,8,8,0,128,188,141,157,223,157,223,48,223,0,223,0,223,180,223,185,223,190,223,0,223,157,223,2,141,216,0,165,26,140,252,141,211
2026-08-17_14-08-30,1,621,3,0.0,0,600.0,-1,-1,117,54,0,2,64,0,2,173,0,0,0,0,0,18,18,0,8,36,128,0,3,0,0,0,0,6,0,23,67,1,3,1,1,31,0,47,144,218,108,218,62,220,62,220,209,221,179,218,215,218,177,219,3,255,2,103,3,9,4,0,0,0,0,0,0,0,1,0,0,0,174,78,68,49,130,15,39,0,64,0,0,0,0,233,67,242,49,214,52,165,0,0,8,8,0,128,188,141,157,223,157,223,48,223,0,223,0,223,180,223,185,223,190,223,0,223,157,223,2,141,216,0,165,26,140,252,141,211,121,104,0,2,64,0,2,41,0,0,0,0,0,18,18,0,8,36,128,0,3,0,0,0,0,6,0,23,66,1,3,1,1,31,0,47,108,218,144,218,62,220,62,220,209,221,179,218,215,218,177,219,3,255,2,103,3,9,0,0,0,0,0,0,0,0,1,0,0,0,178,82,73,49,130,15,39,0,64,0,0,0,0,169,3,162,49,214,52,165,0,0,8,7,0,128,188,141,157,223,157,223,48,223,0,223,0,223,180,223,185,223,190,223,0,223,157,223,2,141,216,0,165,26,140,252,141,211
2026-08-17_14-08-30,1,622,3,0.0,0,600.0,-1,-1,121,104,0,2,64,0,2,41,0,0,0,0,0,18,18,0,8,36,128,0,3,0,0,0,0,6,0,23,66,1,3,1,1,31,0,47,108,218,144,218,62,220,62,220,209,221,179,218,215,218,177,219,3,255,2,103,3,9,0,0,0,0,0,0,0,0,1,0,0,0,178,82,73,49,130,15,39,0,64,0,0,0,0,169,3,162,49,214,52,165,0,0,8,7,0,128,188,141,157,223,157,223,48,223,0,223,0,223,180,223,185,223,190,223,0,223,157,223,2,141,216,0,165,26,140,252,141,211,125,130,0,2,64,0,2,165,0,0,0,0,0,18,18,0,8,36,128,0,3,0,0,0,0,6,0,23,65,1,3,1,1,31,0,47,108,218,144,218,62,220,62,220,209,221,179,218,215,218,177,219,3,255,2,103,4,9,2,255,0,0,0,0,0,0,1,0,0,0,182,86,77,49,130,15,39,0,64,0,0,0,0,90,195,83,49,214,52,165,0,0,8,7,0,128,188,141,157,223,157,223,48,223,0,223,0,223,180,223,185,223,190,223,0,223,157,223,2,141,216,0,165,26,140,252,141,211
2026-08-17_14-08-30,1,623,3,0.0,0,600.0,-1,-1,125,130,0,2,64,0,2,165,0,0,0,0,0,18,18,0,8,36,128,0,3,0,0,0,0,6,0,23,65,1,3,1,1,31,0,47,108,218,144,218,62,220,62,220,209,221,179,218,215,218,177,219,3,255,2,103,4,9,2,255,0,0,0,0,0,0,1,0,0,0,182,86,77,49,130,15,39,0,64,0,0,0,0,90,195,83,49,214,52,165,0,0,8,7,0,128,188,141,157,223,157,223,48,223,0,223,0,223,180,223,185,223,190,223,0,223,157,223,2,141,216,0,165,26,140,252,141,211,129,41,0,2,64,0,2,33,0,0,0,0,0,18,18,0,8,36,128,0,3,0,0,0,0,6,0,23,64,1,3,1,1,31,0,47,144,218,108,218,62,220,62,220,209,221,179,218,215,218,177,219,3,255,2,103,5,9,4,254,0,0,0,0,0,0,1,0,0,0,186,90,82,49,130,15,39,0,64,0,0,0,0,26,116,3,49,214,52,165,0,0,8,8,0,128,188,141,157,223,157,223,48,223,0,223,0,223,180,223,185,223,190,223,0,223,157,223,2,141,216,0,165,26,140,252,141,211
2026-08-17_14-08-30,1,624,3,0.0,0,600.0,-1,-1,129,41,0,2,64,0,2,33,0,0,0,0,0,18,18,0,8,36,128,0,3,0,0,0,0,6,0,23,64,1,3,1,1,31,0,47,144,218,108,218,62,220,62,220,209,221,179,218,215,218,177,219,3,255,2,103,5,9,4,254,0,0,0,0,0,0,1,0,0,0,186,90,82,49,130,15,39,0,64,0,0,0,0,26,116,3,49,214,52,165,0,0,8,8,0,128,188,141,157,223,157,223,48,223,0,223,0,223,180,223,185,223,190,223,0,223,157,223,2,141,216,0,165,26,140,252,141,211,133,150,0,2,64,0,2,157,0,0,0,0,0,18,18,0,8,36,128,0,3,0,0,0,0,6,0,23,57,1,3,1,1,31,0,47,144,218,108,218,62,220,62,220,209,221,179,218,215,218,177,219,3,255,2,103,5,9,0,254,0,0,0,0,0,0,1,0,0,0,190,94,86,49,130,15,39,0,64,0,0,0,0,218,52,195,49,214,52,165,0,0,8,8,0,128,188,141,157,223,157,223,48,223,0,223,0,223,180,223,185,223,190,223,0,223,157,223,2,141,216,0,165,26,140,252,141,211
2026-08-17_14-08-30,1,625,3,0.0,0,600.0,-1,-1,133,150,0,2,64,0,2,157,0,0,0,0,0,18,18,0,8,36,128,0,3,0,0,0,0,6,0,23,57,1,3,1,1,31,0,47,144,218,108,218,62,220,62,220,209,221,179,218,215,218,177,219,3,255,2,103,5,9,0,254,0,0,0,0,0,0,1,0,0,0,190,94,86,49,130,15,39,0,64,0,0,0,0,218,52,195,49,214,52,165,0,0,8,8,0,128,188,141,157,223,157,223,48,223,0,223,0,223,180,223,185,223,190,223,0,223,157,223,2,141,216,0,165,26,140,252,141,211,137,98,0,2,64,0,2,25,0,0,0,0,0,18,18,0,8,36,128,0,3,0,0,0,0,6,0,23,56,1,3,1,1,31,0,47,108,218,144,218,62,220,62,220,209,221,179,218,215,218,177,219,3,255,2,103,6,9,2,253,0,0,0,0,0,0,1,0,0,0,194,98,91,49,130,15,39,0,64,0,0,0,0,154,244,100,49,214,52,165,0,0,8,7,0,128,188,141,157,223,157,223,48,223,0,223,0,223,180,223,185,223,190,223,0,223,157,223,2,141,216,0,165,26,140,252,141,211
2026-08-17_14-08-30,1,626,3,0.0,0,600.0,-1,-1,137,98,0,2,64,0,2,25,0,0,0,0,0,18,18,0,8,36,128,0,3,0,0,0,0,6,0,23,56,1,3,1,1,31,0,47,108,218,144,218,62,220,62,220,209,221,179,218,215,218,177,219,3,255,2,103,6,9,2,253,0,0,0,0,0,0,1,0,0,0,194,98,91,49,130,15,39,0,64,0,0,0,0,154,244,100,49,214,52,165,0,0,8,7,0,128,188,141,157,223,157,223,48,223,0,223,0,223,180,223,185,223,190,223,0,223,157,223,2,141,216,0,165,26,140,252,141,211,141,39,0,2,64,0,2,149,0,0,0,0,0,18,18,0,8,36,128,0,3,0,0,0,0,6,0,23,55,1,3,1,1,31,0,47,108,218,144,218,62,220,62,220,209,221,179,218,215,218,177,219,3,255,2,103,7,9,4,252,0,0,0,0,0,0,1,0,0,0,198,102,95,49,130,15,39,0,64,0,0,0,0,75,180,36,49,214,52,165,0,0,8,7,0,128,188,141,157,223,157,223,48,223,0,223,0,223,180,223,185,223,190,223,0,223,157,223,2,141,216,0,165,26,140,252,141,211
2026-08-17_14-08-30,1,627,3,0.0,0,600.0,-1,-1,141,39,0,2,64,0,2,149,0,0,0,0,0,18,18,0,8,36,128,0,3,0,0,0,0,6,0,23,55,1,3,1,1,31,0,47,108,218,144,218,62,220,62,220,209,221,179,218,215,218,177,219,3,255,2,103,7,9,4,252,0,0,0,0,0,0,1,0,0,0,198,102,95,49,130,15,39,0,64,0,0,0,0,75,180,36,49,214,52,165,0,0,8,7,0,128,188,141,157,223,157,223,48,223,0,223,0,223,180,223,185,223,190,223,0,223,157,223,2,141,216,0,165,26,140,252,141,211,145,113,0,2,64,0,2,17,0,0,0,0,0,18,18,0,8,36,128,0,3,0,0,0,0,6,0,23,54,1,3,1,1,31,0,47,144,218,108,218,62,220,62,220,209,221,179,218,215,218,177,219,3,255,2,103,7,9,0,252,0,0,0,0,0,0,1,0,0,0,202,106,100,49,130,15,39,0,64,0,0,0,0,11,101,212,49,214,52,165,0,0,8,8,0,128,188,141,157,223,157,223,48,223,0,223,0,223,180,223,185,223,190,223,0,223,157,223,2,141,216,0,165,26,140,252,141,211
2026-08-17_14-08-30,1,628,3,0.0,0,600.0,-1,-1,145,113,0,2,64,0,2,17,0,0,0,0,0,18,18,0,8,36,128,0,3,0,0,0,0,6,0,23,54,1,3,1,1,31,0,47,144,218,108,218,62,220,62,220,209,221,179,218,215,218,177,219,3,255,2,103,7,9,0,252,0,0,0,0,0,0,1,0,0,0,202,106,100,49,130,15,39,0,64,0,0,0,0,11,101,212,49,214,52,165,0,0,8,8,0,128,188,141,157,223,157,223,48,223,0,223,0,223,180,223,185,223,190,223,0,223,157,223,2,141,216,0,165,26,140,252,141,211,149,31,0,2,64,0,2,141,0,0,9,0,0,18,18,0,8,36,128,0,3,0,0,0,0,6,0,23,53,1,3,1,1,31,0,47,126,220,108,218,218,220,62,220,209,221,179,218,215,218,177,219,3,1,2,103,0,8,2,2,0,0,0,0,0,0,1,0,0,0,205,109,104,49,130,15,39,128,64,0,0,0,0,219,53,148,49,214,52,165,0,0,8,2,0,128,188,141,157,223,157,223,48,223,0,223,0,223,180,223,185,223,190,223,0,223,157,223,2,141,216,0,165,26,140,252,141,211
2026-08-17_14-08-30,1,629,8,0.0,0,600.0,-1,-1,149,31,0,2,64,0,2,141,0,0,9,0,0,18,18,0,8,36,128,0,3,0,0,0,0,6,0,23,53,1,3,1,1,31,0,47,126,220,108,218,218,220,62,220,209,221,179,218,215,218,177,219,3,1,2,103,0,8,2,2,0,0,0,0,0,0,1,0,0,0,205,109,104,49,130,15,39,128,64,0,0,0,0,219,53,148,49,214,52,165,0,0,8,2,0,128,188,141,157,223,157,223,48,223,0,223,0,223,180,223,185,223,190,223,0,223,157,223,2,141,216,0,165,26,140,252,141,211,153,254,0,2,64,0,2,9,0,0,5,0,0,18,18,0,8,36,128,0,3,0,0,0,0,6,0,23,52,1,3,1,1,31,0,47,126,220,144,218,218,220,62,220,209,221,179,218,215,218,177,219,3,1,2,103,1,8,4,2,0,0,0,0,0,0,1,0,0,0,205,109,109,49,130,15,39,128,64,0,0,0,0,219,53,53,49,214,52,165,0,0,8,2,0,128,188,141,157,223,157,223,48,223,0,223,0,223,180,223,185,223,190,223,0,223,157,223,2,141,216,0,165,26,140,252,141,211
2026-08-17_14-08-30,1,630,8,0.0,0,600.0,-1,-1,153,254,0,2,64,0,2,9,0,0,5,0,0,18,18,0,8,36,128,0,3,0,0,0,0,6,0,23,52,1,3,1,1,31,0,47,126,220,144,218,218,220,62,220,209,221,179,218,215,218,177,219,3,1,2,103,1,8,4,2,0,0,0,0,0,0,1,0,0,0,205,109,109,49,130,15,39,128,64,0,0,0,0,219,53,53,49,214,52,165,0,0,8,2,0,128,188,141,157,223,157,223,48,223,0,223,0,223,180,223,185,223,190,223,0,223,157,223,2,141,216,0,165,26,140,252,141,211,157,224,0,2,64,0,2,133,0,0,1,0,0,18,18,0,8,36,128,0,3,0,0,0,0,6,0,23,51,1,3,1,1,31,0,47,126,220,144,218,218,220,62,220,209,221,179,218,215,218,177,219,3,1,2,103,1,8,0,2,0,0,0,0,0,0,1,0,0,0,205,109,113,49,130,15,39,64,64,0,0,0,0,219,53,245,49,214,52,165,0,0,8,2,0,128,188,141,157,223,157,223,48,223,0,223,0,223,180,223,185,223,190,223,0,223,157,223,2,141,216,0,165,26,140,252,141,211
2026-08-17_14-08-30,1,631,8,0.0,0,600.0,-1,-1,157,224,0,2,64,0,2,133,0,0,1,0,0,18,18,0,8,36,128,0,3,0,0,0,0,6,0,23,51,1,3,1,1,31,0,47,126,220,144,218,218,220,62,220,209,221,179,218,215,218,177,219,3,1,2,103,1,8,0,2,0,0,0,0,0,0,1,0,0,0,205,109,113,49,130,15,39,64,64,0,0,0,0,219,53,245,49,214,52,165,0,0,8,2,0,128,188,141,157,223,157,223,48,223,0,223,0,223,180,223,185,223,190,223,0,223,157,223,2,141,216,0,165,26,140,252,141,211,161,14,0,2,64,0,2,1,0,0,7,0,0,18,18,0,8,36,128,0,3,0,0,0,0,6,0,23,50,1,3,1,1,31,0,47,126,220,108,218,218,220,62,220,209,221,179,218,215,218,177,219,3,1,2,103,2,8,2,2,0,0,0,0,0,0,1,0,0,0,205,109,118,49,130,15,39,144,64,0,0,0,0,219,53,165,49,214,52,165,0,0,8,2,0,128,188,141,157,223,157,223,48,223,0,223,0,223,180,223,185,223,190,223,0,223,157,223,2,141,216,0,165,26,140,252,141,211
2026-08-17_14-08-30,1,632,8,100.0,0,700.0,-1,-1,161,14,0,2,64,0,2,1,0,0,7,0,0,18,18,0,8,36,128,0,3,0,0,0,0,6,0,23,50,1,3,1,1,31,0,47,126,220,108,218,218,220,62,220,209,221,179,218,215,218,177,219,3,1,2,103,2,8,2,2,0,0,0,0,0,0,1,0,0,0,205,109,118,49,130,15,39,144,64,0,0,0,0,219,53,165,49,214,52,165,0,0,8,2,0,128,188,141,157,223,157,223,48,223,0,223,0,223,180,223,185,223,190,223,0,223,157,223,2,141,216,0,165,26,140,252,141,211,165,231,0,2,64,0,2,63,0,0,3,0,0,18,18,0,8,36,128,55,3,0,0,0,0,7,0,23,49,1,3,1,1,31,0,47,126,220,108,218,218,220,62,220,209,221,179,218,215,218,177,219,3,1,64,103,3,8,4,2,0,0,8,0,3,0,0,0,0,0,205,109,49,49,130,15,39,72,64,0,0,0,0,219,53,49,49,214,52,165,0,0,8,2,0,0,188,141,157,223,157,223,56,223,0,223,0,223,180,223,185,223,190,223,0,223,157,223,2,141,216,0,165,26,63,252,141,211
2026-08-17_14-08-30,1,633,3,0.0,0,700.0,-1,-1,165,231,0,2,64,0,2,63,0,0,3,0,0,18,18,0,8,36,128,55,3,0,0,0,0,7,0,23,49,1,3,1,1,31,0,47,126,220,108,218,218,220,62,220,209,221,179,218,215,218,177,219,3,1,64,103,3,8,4,2,0,0,8,0,3,0,0,0,0,0,205,109,49,49,130,15,39,72,64,0,0,0,0,219,53,49,49,214,52,165,0,0,8,2,0,0,188,141,157,223,157,223,56,223,0,223,0,223,180,223,185,223,190,223,0,223,157,223,2,141,216,0,165,26,63,252,141,211,169,125,0,2,64,0,2,63,0,0,9,0,0,18,18,0,8,36,128,51,3,0,0,0,0,7,0,23,48,1,3,1,1,31,0,47,126,220,108,218,218,220,62,220,209,221,179,218,215,218,177,219,3,1,64,103,3,8,0,2,0,0,4,0,3,0,1,0,0,0,205,109,49,49,130,15,39,132,64,0,0,0,0,219,53,49,49,214,52,165,0,0,8,2,0,0,188,141,157,223,157,223,56,223,0,223,0,223,180,223,185,223,190,223,0,223,157,223,2,141,216,0,165,26,63,252,141,211
2026-08-17_14-08-30,1,634,8,0.0,0,700.0,-1,-1,169,125,0,2,64,0,2,63,0,0,9,0,0,18,18,0,8,36,128,51,3,0,0,0,0,7,0,23,48,1,3,1,1,31,0,47,126,220,108,218,218,220,62,220,209,221,179,218,215,218,177,219,3,1,64,103,3,8,0,2,0,0,4,0,3,0,1,0,0,0,205,109,49,49,130,15,39,132,64,0,0,0,0,219,53,49,49,214,52,165,0,0,8,2,0,0,188,141,157,223,157,223,56,223,0,223,0,223,180,223,185,223,190,223,0,223,157,223,2,141,216,0,165,26,63,252,141,211,173,217,0,2,64,0,2,63,0,0,5,0,0,18,18,0,8,36,128,47,3,0,0,0,0,7,0,23,41,1,3,1,1,31,0,47,126,220,108,218,218,220,62,220,209,221,179,218,215,218,177,219,3,1,64,103,0,8,2,1,0,0,0,0,0,0,1,0,0,0,205,109,49,49,130,15,39,132,64,0,0,0,0,219,53,49,49,214,52,165,0,0,8,2,0,0,188,141,157,223,157,223,56,223,0,223,0,223,180,223,185,223,190,223,0,223,157,223,2,141,216,0,165,26,63,252,141,211
2026-08-17_14-08-30,1,635,3,0.0,0,700.0,-1,-1,173,217,0,2,64,0,2,63,0,0,5,0,0,18,18,0,8,36,128,47,3,0,0,0,0,7,0,23,41,1,3,1,1,31,0,47,126,220,108,218,218,220,62,220,209,221,179,218,215,218,177,219,3,1,64,103,0,8,2,1,0,0,0,0,0,0,1,0,0,0,205,109,49,49,130,15,39,132,64,0,0,0,0,219,53,49,49,214,52,165,0,0,8,2,0,0,188,141,157,223,157,223,56,223,0,223,0,223,180,223,185,223,190,223,0,223,157,223,2,141,216,0,165,26,63,252,141,211,177,145,0,2,64,0,2,63,0,0,1,0,0,18,18,0,8,36,128,43,3,0,0,0,0,7,0,23,40,1,3,1,1,31,0,47,126,220,108,218,218,220,62,220,209,221,179,218,215,218,177,219,3,1,64,103,1,8,4,1,0,0,0,0,0,0,1,0,0,0,205,109,49,49,130,15,39,16,64,0,0,0,0,219,53,49,49,214,52,165,0,0,8,2,0,0,188,141,157,223,157,223,56,223,0,223,0,223,180,223,185,223,190,223,0,223,157,223,2,141,216,0,165,26,63,252,141,211
2026-08-17_14-08-30,1,636,8,0.0,0,700.0,-1,-1,177,145,0,2,64,0,2,63,0,0,1,0,0,18,18,0,8,36,128,43,3,0,0,0,0,7,0,23,40,1,3,1,1,31,0,47,126,220,108,218,218,220,62,220,209,221,179,218,215,218,177,219,3,1,64,103,1,8,4,1,0,0,0,0,0,0,1,0,0,0,205,109,49,49,130,15,39,16,64,0,0,0,0,219,53,49,49,214,52,165,0,0,8,2,0,0,188,141,157,223,157,223,56,223,0,223,0,223,180,223,185,223,190,223,0,223,157,223,2,141,216,0,165,26,63,252,141,211,181,17,0,2,64,0,2,63,0,0,0,0,0,18,18,0,8,36,128,39,3,0,0,0,0,7,0,23,39,1,3,1,1,31,0,47,72,218,108,218,62,220,62,220,209,221,179,218,215,218,177,219,3,255,64,103,1,8,0,1,0,0,0,0,0,0,1,0,0,0,205,109,49,49,130,15,39,136,64,0,0,0,0,219,53,49,49,214,52,165,0,0,8,5,0,0,188,141,157,223,157,223,56,223,0,223,0,223,180,223,185,223,190,223,0,223,157,223,2,141,216,0,165,26,63,252,141,211
2026-08-17_14-08-30,1,637,8,0.0,0,700.0,-1,-1,181,17,0,2,64,0,2,63,0,0,0,0,0,18,18,0,8,36,128,39,3,0,0,0,0,7,0,23,39,1,3,1,1,31,0,47,72,218,108,218,62,220,62,220,209,221,179,218,215,218,177,219,3,255,64,103,1,8,0,1,0,0,0,0,0,0,1,0,0,0,205,109,49,49,130,15,39,136,64,0,0,0,0,219,53,49,49,214,52,165,0,0,8,5,0,0,188,141,157,223,157,223,56,223,0,223,0,223,180,223,185,223,190,223,0,223,157,223,2,141,216,0,165,26,63,252,141,211,185,25,0,2,64,0,2,63,0,0,0,0,0,18,18,0,8,36,128,35,3,0,0,0,0,7,0,23,38,1,3,1,1,31,0,47,108,218,108,218,62,220,62,220,209,221,179,218,215,218,177,219,3,255,64,103,2,8,2,1,0,0,0,0,0,0,1,0,0,0,207,111,49,49,130,15,39,34,64,0,0,0,0,187,21,49,49,214,52,165,0,0,8,7,0,0,188,141,157,223,157,223,56,223,0,223,0,223,180,223,185,223,190,223,0,223,157,223,2,141,216,0,165,26,200,250,141,211
2026-08-17_14-08-30,1,638,8,0.0,0,700.0,-1,-1,185,25,0,2,64,0,2,63,0,0,0,0,0,18,18,0,8,36,128,35,3,0,0,0,0,7,0,23,38,1,3,1,1,31,0,47,108,218,108,218,62,220,62,220,209,221,179,218,215,218,177,219,3,255,64,103,2,8,2,1,0,0,0,0,0,0,1,0,0,0,207,111,49,49,130,15,39,34,64,0,0,0,0,187,21,49,49,214,52,165,0,0,8,7,0,0,188,141,157,223,157,223,56,223,0,223,0,223,180,223,185,223,190,223,0,223,157,223,2,141,216,0,165,26,200,250,141,211,189,157,0,2,64,0,2,63,0,0,7,0,0,18,18,0,8,36,128,31,3,0,0,0,0,7,0,23,37,1,3,1,1,31,0,47,126,220,108,218,218,220,62,220,209,221,179,218,215,218,177,219,3,1,64,103,3,8,4,1,0,0,0,0,0,0,1,0,0,0,208,112,49,49,130,15,39,136,64,0,0,0,0,171,5,49,49,214,52,165,0,0,8,2,0,0,188,141,157,223,157,223,56,223,0,223,0,223,180,223,185,223,190,223,0,223,157,223,2,141,216,0,165,26,200,250,141,211
2026-08-17_14-08-30,1,639,8,0.0,0,700.0,-1,-1,189,157,0,2,64,0,2,63,0,0,7,0,0,18,18,0,8,36,128,31,3,0,0,0,0,7,0,23,37,1,3,1,1,31,0,47,126,220,108,218,218,220,62,220,209,221,179,218,215,218,177,219,3,1,64,103,3,8,4,1,0,0,0,0,0,0,1,0,0,0,208,112,49,49,130,15,39,136,64,0,0,0,0,171,5,49,49,214,52,165,0,0,8,2,0,0,188,141,157,223,157,223,56,223,0,223,0,223,180,223,185,223,190,223,0,223,157,223,2,141,216,0,165,26,200,250,141,211,193,215,0,2,64,0,2,63,0,0,3,0,0,18,18,0,8,36,128,27,3,0,0,0,0,7,0,23,36,1,3,1,1,31,0,47,126,220,108,218,218,220,62,220,209,221,179,218,215,218,177,219,3,1,64,103,3,8,0,1,0,0,0,0,0,0,1,0,0,0,208,112,49,49,130,15,39,136,64,0,0,0,0,171,5,49,49,214,52,165,0,0,8,2,0,0,188,141,157,223,157,223,56,223,0,223,0,223,180,223,185,223,190,223,0,223,157,223,2,141,216,0,165,26,200,250,141,211
2026-08-17_14-08-30,1,640,3,0.0,0,700.0,-1,-1,193,215,0,2,64,0,2,63,0,0,3,0,0,18,18,0,8,36,128,27,3,0,0,0,0,7,0,23,36,1,3,1,1,31,0,47,126,220,108,218,218,220,62,220,209,221,179,218,215,218,177,219,3,1,64,103,3,8,0,1,0,0,0,0,0,0,1,0,0,0,208,112,49,49,130,15,39,136,64,0,0,0,0,171,5,49,49,214,52,165,0,0,8,2,0,0,188,141,157,223,157,223,56,223,0,223,0,223,180,223,185,223,190,223,0,223,157,223,2,141,216,0,165,26,200,250,141,211,197,118,0,2,64,0,2,63,0,0,0,0,0,18,18,0,8,36,128,23,3,0,0,0,0,7,0,23,35,1,3,1,1,31,0,47,72,218,108,218,62,220,62,220,209,221,179,218,215,218,177,219,3,255,64,103,0,8,2,0,0,0,0,0,0,0,1,0,0,0,209,113,49,49,130,15,39,8,64,0,0,0,0,155,245,49,49,214,52,165,0,0,8,5,0,0,188,141,157,223,157,223,56,223,0,223,0,223,180,223,185,223,190,223,0,223,157,223,2,141,216,0,165,26,200,250,141,211
2026-08-17_14-08-30,1,641,3,0.0,0,700.0,-1,-1,197,118,0,2,64,0,2,63,0,0,0,0,0,18,18,0,8,36,128,23,3,0,0,0,0,7,0,23,35,1,3,1,1,31,0,47,72,218,108,218,62,220,62,220,209,221,179,218,215,218,177,219,3,255,64,103,0,8,2,0,0,0,0,0,0,0,1,0,0,0,209,113,49,49,130,15,39,8,64,0,0,0,0,155,245,49,49,214,52,165,0,0,8,5,0,0,188,141,157,223,157,223,56,223,0,223,0,223,180,223,185,223,190,223,0,223,157,223,2,141,216,0,165,26,200,250,141,211,201,108,0,2,64,0,3,63,0,0,8,0,0,18,18,0,8,36,128,19,3,0,0,0,0,7,0,23,34,1,3,1,1,31,0,47,126,220,108,218,218,220,62,220,209,221,179,218,215,218,177,219,3,1,64,103,1,8,4,0,0,0,0,0,0,0,1,0,0,0,51,115,49,49,130,15,39,129,64,0,0,0,0,17,213,49,49,214,52,165,0,0,8,2,0,0,188,141,157,223,157,223,56,223,0,223,0,223,180,223,185,223,190,223,0,223,157,223,2,141,216,0,165,26,200,250,141,211
2026-08-17_14-08-30,1,642,8,0.0,0,700.0,-1,-1,201,108,0,2,64,0,3,63,0,0,8,0,0,18,18,0,8,36,128,19,3,0,0,0,0,7,0,23,34,1,3,1,1,31,0,47,126,220,108,218,218,220,62,220,209,221,179,218,215,218,177,219,3,1,64,103,1,8,4,0,0,0,0,0,0,0,1,0,0,0,51,115,49,49,130,15,39,129,64,0,0,0,0,17,213,49,49,214,52,165,0,0,8,2,0,0,188,141,157,223,157,223,56,223,0,223,0,223,180,223,185,223,190,223,0,223,157,223,2,141,216,0,165,26,200,250,141,211,205,192,0,2,64,0,3,63,0,0,4,0,0,18,18,0,8,36,128,15,3,0,0,0,0,7,0,23,33,1,3,1,1,31,0,47,126,220,108,218,218,220,62,220,209,221,179,218,215,218,177,219,3,1,64,103,1,8,0,0,0,0,0,0,0,0,1,0,0,0,51,115,49,49,130,15,39,129,64,0,0,0,0,17,213,49,49,214,52,165,0,0,8,2,0,0,188,141,157,223,157,223,56,223,0,223,0,223,180,223,185,223,190,223,0,223,157,223,2,141,216,0,165,26,200,250,141,211
2026-08-17_14-08-30,1,643,3,0.0,0,700.0,-1,-1,205,192,0,2,64,0,3,63,0,0,4,0,0,18,18,0,8,36,128,15,3,0,0,0,0,7,0,23,33,1,3,1,1,31,0,47,126,220,108,218,218,220,62,220,209,221,179,218,215,218,177,219,3,1,64,103,1,8,0,0,0,0,0,0,0,0,1,0,0,0,51,115,49,49,130,15,39,129,64,0,0,0,0,17,213,49,49,214,52,165,0,0,8,2,0,0,188,141,157,223,157,223,56,223,0,223,0,223,180,223,185,223,190,223,0,223,157,223,2,141,216,0,165,26,200,250,141,211,209,12,0,2,64,0,3,63,0,0,0,0,0,18,18,0,8,36,128,11,3,0,0,0,0,7,0,23,32,1,3,1,1,31,0,47,72,218,108,218,62,220,62,220,209,221,179,218,215,218,177,219,3,255,64,103,2,8,2,0,0,0,0,0,0,0,1,0,0,0,51,115,49,49,130,15,39,8,64,0,0,0,0,17,213,49,49,214,52,165,0,0,8,5,0,0,188,141,157,223,157,223,56,223,0,223,0,223,180,223,185,223,190,223,0,223,157,223,2,141,216,0,165,26,200,250,141,211
2026-08-17_14-08-30,1,644,3,0.0,0,700.0,-1,-1,209,12,0,2,64,0,3,63,0,0,0,0,0,18,18,0,8,36,128,11,3,0,0,0,0,7,0,23,32,1,3,1,1,31,0,47,72,218,108,218,62,220,62,220,209,221,179,218,215,218,177,219,3,255,64,103,2,8,2,0,0,0,0,0,0,0,1,0,0,0,51,115,49,49,130,15,39,8,64,0,0,0,0,17,213,49,49,214,52,165,0,0,8,5,0,0,188,141,157,223,157,223,56,223,0,223,0,223,180,223,185,223,190,223,0,223,157,223,2,141,216,0,165,26,200,250,141,211,213,198,0,2,64,0,3,63,0,0,0,0,0,18,18,0,8,36,128,7,3,0,0,0,0,7,0,23,25,1,3,1,1,31,0,47,72,218,108,218,62,220,62,220,209,221,179,218,215,218,177,219,3,255,64,103,3,8,4,0,0,0,0,0,0,0,1,0,0,0,55,119,49,49,130,15,39,0,64,0,0,0,0,209,149,49,49,214,52,165,0,0,8,5,0,0,188,141,157,223,157,223,56,223,0,223,0,223,180,223,185,223,190,223,0,223,157,223,2,141,216,0,165,26,200,250,141,211
2026-08-17_14-08-30,1,645,3,0.0,0,700.0,-1,-1,213,198,0,2,64,0,3,63,0,0,0,0,0,18,18,0,8,36,128,7,3,0,0,0,0,7,0,23,25,1,3,1,1,31,0,47,72,218,108,218,62,220,62,220,209,221,179,218,215,218,177,219,3,255,64,103,3,8,4,0,0,0,0,0,0,0,1,0,0,0,55,119,49,49,130,15,39,0,64,0,0,0,0,209,149,49,49,214,52,165,0,0,8,5,0,0,188,141,157,223,157,223,56,223,0,223,0,223,180,223,185,223,190,223,0,223,157,223,2,141,216,0,165,26,200,250,141,211,217,111,0,2,64,0,3,63,0,0,0,0,0,18,18,0,8,36,128,3,3,0,0,0,0,7,0,23,24,1,3,1,1,31,0,47,108,218,108,218,62,220,62,220,209,221,179,218,215,218,177,219,3,255,64,103,3,8,0,0,0,0,0,0,0,0,1,0,0,0,59,123,49,49,130,15,39,0,64,0,0,0,0,145,70,49,49,214,52,165,0,0,8,7,0,0,188,141,157,223,157,223,56,223,0,223,0,223,180,223,185,223,190,223,0,223,157,223,2,141,216,0,165,26,200,250,141,211
2026-08-17_14-08-30,1,646,3,0.0,0,700.0,-1,-1,217,111,0,2,64,0,3,63,0,0,0,0,0,18,18,0,8,36,128,3,3,0,0,0,0,7,0,23,24,1,3,1,1,31,0,47,108,218,108,218,62,220,62,220,209,221,179,218,215,218,177,219,3,255,64,103,3,8,0,0,0,0,0,0,0,0,1,0,0,0,59,123,49,49,130,15,39,0,64,0,0,0,0,145,70,49,49,214,52,165,0,0,8,7,0,0,188,141,157,223,157,223,56,223,0,223,0,223,180,223,185,223,190,223,0,223,157,223,2,141,216,0,165,26,200,250,141,211,221,241,0,2,64,0,3,94,0,0,0,0,0,18,18,0,8,36,128,0,3,0,0,0,0,7,0,23,23,1,3,1,1,31,0,47,108,218,108,218,62,220,62,220,209,221,179,218,215,218,92,219,3,255,0,103,4,8,2,255,0,0,0,0,0,0,1,0,0,0,63,127,51,49,130,15,39,0,64,0,0,0,0,66,6,17,49,214,52,165,0,0,8,7,0,128,188,141,157,223,157,223,56,223,0,223,0,223,180,223,185,223,190,223,0,223,157,223,2,141,216,0,165,26,140,252,141,211
2026-08-17_14-08-30,1,647,3,0.0,0,700.0,-1,-1,221,241,0,2,64,0,3,94,0,0,0,0,0,18,18,0,8,36,128,0,3,0,0,0,0,7,0,23,23,1,3,1,1,31,0,47,108,218,108,218,62,220,62,220,209,221,179,218,215,218,92,219,3,255,0,103,4,8,2,255,0,0,0,0,0,0,1,0,0,0,63,127,51,49,130,15,39,0,64,0,0,0,0,66,6,17,49,214,52,165,0,0,8,7,0,128,188,141,157,223,157,223,56,223,0,223,0,223,180,223,185,223,190,223,0,223,157,223,2,141,216,0,165,26,140,252,141,211,225,23,0,2,64,0,3,218,0,0,0,0,0,18,18,0,8,36,128,0,3,0,0,0,0,7,0,23,22,1,3,1,1,31,0,47,144,218,144,218,62,220,62,220,209,221,179,218,215,218,92,219,3,255,0,103,5,8,4,254,0,0,0,0,0,0,1,0,0,0,67,131,55,49,130,15,39,0,64,0,0,0,0,2,198,209,49,214,52,165,0,0,8,8,0,128,188,141,157,223,157,223,56,223,0,223,0,223,180,223,185,223,190,223,0,223,157,223,2,141,216,0,165,26,140,252,141,211
2026-08-17_14-08-30,1,648,3,0.0,0,700.0,-1,-1,225,23,0,2,64,0,3,218,0,0,0,0,0,18,18,0,8,36,128,0,3,0,0,0,0,7,0,23,22,1,3,1,1,31,0,47,144,218,144,218,62,220,62,220,209,221,179,218,215,218,92,219,3,255,0,103,5,8,4,254,0,0,0,0,0,0,1,0,0,0,67,131,55,49,130,15,39,0,64,0,0,0,0,2,198,209,49,214,52,165,0,0,8,8,0,128,188,141,157,223,157,223,56,223,0,223,0,223,180,223,185,223,190,223,0,223,157,223,2,141,216,0,165,26,140,252,141,211,229,122,0,2,64,0,3,86,0,0,0,0,0,18,18,0,8,36,128,0,3,0,0,0,0,7,0,23,21,1,3,1,1,31,0,47,144,218,144,218,62,220,62,220,209,221,179,218,215,218,92,219,3,255,0,103,5,8,0,254,0,0,0,0,0,0,1,0,0,0,71,135,60,49,130,15,39,0,64,0,0,0,0,194,119,114,49,214,52,165,0,0,8,8,0,128,188,141,157,223,157,223,56,223,0,223,0,223,180,223,185,223,190,223,0,223,157,223,2,141,216,0,165,26,140,252,141,211
2026-08-17_14-08-30,1,649,8,0.0,0,700.0,-1,-1,229,122,0,2,64,0,3,86,0,0,0,0,0,18,18,0,8,36,128,0,3,0,0,0,0,7,0,23,21,1,3,1,1,31,0,47,144,218,144,218,62,220,62,220,209,221,179,218,215,218,92,219,3,255,0,103,5,8,0,254,0,0,0,0,0,0,1,0,0,0,71,135,60,49,130,15,39,0,64,0,0,0,0,194,119,114,49,214,52,165,0,0,8,8,0,128,188,141,157,223,157,223,56,223,0,223,0,223,180,223,185,223,190,223,0,223,157,223,2,141,216,0,165,26,140,252,141,211,233,170,0,2,64,0,3,210,0,0,6,0,0,18,18,0,8,36,128,0,3,0,0,0,0,7,0,23,20,1,3,1,1,31,0,47,126,220,108,218,218,220,62,220,209,221,179,218,215,218,92,219,3,1,0,103,6,8,2,253,0,0,0,0,0,0,1,0,0,0,71,135,64,49,130,15,39,128,64,0,0,0,0,194,119,50,49,214,52,165,0,0,8,2,0,128,188,141,157,223,157,223,56,223,0,223,0,223,180,223,185,223,190,223,0,223,157,223,2,141,216,0,165,26,140,252,141,211
2026-08-17_14-08-30,1,650,8,0.0,0,700.0,-1,-1,233,170,0,2,64,0,3,210,0,0,6,0,0,18,18,0,8,36,128,0,3,0,0,0,0,7,0,23,20,1,3,1,1,31,0,47,126,220,108,218,218,220,62,220,209,221,179,218,215,218,92,219,3,1,0,103,6,8,2,253,0,0,0,0,0,0,1,0,0,0,71,135,64,49,130,15,39,128,64,0,0,0,0,194,119,50,49,214,52,165,0,0,8,2,0,128,188,141,157,223,157,223,56,223,0,223,0,223,180,223,185,223,190,223,0,223,157,223,2,141,216,0,165,26,140,252,141,211,237,175,0,2,64,0,3,78,0,0,2,0,0,18,18,0,8,36,128,0,3,0,0,0,0,7,0,23,19,1,3,1,1,31,0,47,126,220,108,218,218,220,62,220,209,221,179,218,215,218,92,219,3,1,0,103,7,8,4,252,0,0,0,0,0,0,1,0,0,0,71,135,69,49,130,15,39,32,64,0,0,0,0,194,119,226,49,214,52,165,0,0,8,2,0,128,188,141,157,223,157,223,56,223,0,223,0,223,180,223,185,223,190,223,0,223,157,223,2,141,216,0,165,26,140,252,141,211
2026-08-17_14-08-30,1,651,3,0.0,0,700.0,-1,-1,237,175,0,2,64,0,3,78,0,0,2,0,0,18,18,0,8,36,128,0,3,0,0,0,0,7,0,23,19,1,3,1,1,31,0,47,126,220,108,218,218,220,62,220,209,221,179,218,215,218,92,219,3,1,0,103,7,8,4,252,0,0,0,0,0,0,1,0,0,0,71,135,69,49,130,15,39,32,64,0,0,0,0,194,119,226,49,214,52,165,0,0,8,2,0,128,188,141,157,223,157,223,56,223,0,223,0,223,180,223,185,223,190,223,0,223,157,223,2,141,216,0,165,26,140,252,141,211,241,253,0,2,64,0,3,202,0,0,8,0,0,18,18,0,8,36,128,0,3,0,0,0,0,7,0,23,18,1,3,1,1,31,0,47,126,220,144,218,218,220,62,220,209,221,179,218,215,218,92,219,3,1,0,103,7,8,0,252,0,0,0,0,0,0,1,0,0,0,71,135,73,49,130,15,39,132,64,0,0,0,0,194,119,162,49,214,52,165,0,0,8,2,0,128,188,141,157,223,157,223,56,223,0,223,0,223,180,223,185,223,190,223,0,223,157,223,2,141,216,0,165,26,140,252,141,211
2026-08-17_14-08-30,1,652,8,0.0,0,700.0,-1,-1,241,253,0,2,64,0,3,202,0,0,8,0,0,18,18,0,8,36,128,0,3,0,0,0,0,7,0,23,18,1,3,1,1,31,0,47,126,220,144,218,218,220,62,220,209,221,179,218,215,218,92,219,3,1,0,103,7,8,0,252,0,0,0,0,0,0,1,0,0,0,71,135,73,49,130,15,39,132,64,0,0,0,0,194,119,162,49,214,52,165,0,0,8,2,0,128,188,141,157,223,157,223,56,223,0,223,0,223,180,223,185,223,190,223,0,223,157,223,2,141,216,0,165,26,140,252,141,211,245,209,0,2,64,0,3,70,0,0,4,0,0,18,18,0,8,36,128,0,3,0,0,0,0,7,0,23,17,1,3,1,1,31,0,47,126,220,144,218,218,220,62,220,209,221,179,218,215,218,92,219,3,1,0,103,0,7,2,2,0,0,0,0,0,0,1,0,0,0,71,135,78,49,130,15,39,132,64,0,0,0,0,194,119,67,49,214,52,165,0,0,8,2,0,128,188,141,157,223,157,223,56,223,0,223,0,223,180,223,185,223,190,223,0,223,157,223,2,141,216,0,165,26,140,252,141,211
2026-08-17_14-08-30,1,653,3,0.0,0,700.0,-1,-1,245,209,0,2,64,0,3,70,0,0,4,0,0,18,18,0,8,36,128,0,3,0,0,0,0,7,0,23,17,1,3,1,1,31,0,47,126,220,144,218,218,220,62,220,209,221,179,218,215,218,92,219,3,1,0,103,0,7,2,2,0,0,0,0,0,0,1,0,0,0,71,135,78,49,130,15,39,132,64,0,0,0,0,194,119,67,49,214,52,165,0,0,8,2,0,128,188,141,157,223,157,223,56,223,0,223,0,223,180,223,185,223,190,223,0,223,157,223,2,141,216,0,165,26,140,252,141,211,249,21,0,2,64,0,3,194,0,0,0,0,0,18,18,0,8,36,128,0,3,0,0,0,0,7,0,23,16,1,3,1,1,31,0,47,72,218,108,218,62,220,62,220,209,221,179,218,215,218,92,219,3,255,0,103,1,7,4,2,0,0,0,0,0,0,1,0,0,0,71,135,82,49,130,15,39,16,64,0,0,0,0,194,119,3,49,214,52,165,0,0,8,5,0,128,188,141,157,223,157,223,56,223,0,223,0,223,180,223,185,223,190,223,0,223,157,223,2,141,216,0,165,26,140,252,141,211
2026-08-17_14-08-30,1,654,3,0.0,0,700.0,-1,-1,249,21,0,2,64,0,3,194,0,0,0,0,0,18,18,0,8,36,128,0,3,0,0,0,0,7,0,23,16,1,3,1,1,31,0,47,72,218,108,218,62,220,62,220,209,221,179,218,215,218,92,219,3,255,0,103,1,7,4,2,0,0,0,0,0,0,1,0,0,0,71,135,82,49,130,15,39,16,64,0,0,0,0,194,119,3,49,214,52,165,0,0,8,5,0,128,188,141,157,223,157,223,56,223,0,223,0,223,180,223,185,223,190,223,0,223,157,223,2,141,216,0,165,26,140,252,141,211,253,91,0,2,64,0,3,62,0,0,8,0,0,18,18,0,8,36,128,0,3,0,0,0,0,7,0,23,9,1,3,1,1,31,0,47,126,220,108,218,218,220,62,220,209,221,179,218,215,218,92,219,3,1,0,103,1,7,0,2,0,0,0,0,0,0,1,0,0,0,73,137,87,49,130,15,39,130,64,0,0,0,0,162,87,179,49,214,52,165,0,0,8,2,0,128,188,141,157,223,157,223,56,223,0,223,0,223,180,223,185,223,190,223,0,223,157,223,2,141,216,0,165,26,140,252,141,211
2026-08-17_14-08-30,1,655,8,0.0,0,700.0,-1,-1,253,91,0,2,64,0,3,62,0,0,8,0,0,18,18,0,8,36,128,0,3,0,0,0,0,7,0,23,9,1,3,1,1,31,0,47,126,220,108,218,218,220,62,220,209,221,179,218,215,218,92,219,3,1,0,103,1,7,0,2,0,0,0,0,0,0,1,0,0,0,73,137,87,49,130,15,39,130,64,0,0,0,0,162,87,179,49,214,52,165,0,0,8,2,0,128,188,141,157,223,157,223,56,223,0,223,0,223,180,223,185,223,190,223,0,223,157,223,2,141,216,0,165,26,140,252,141,211,1,184,0,3,64,0,3,186,0,0,4,0,0,18,18,0,8,36,128,0,3,0,0,0,0,7,0,23,8,1,3,1,1,31,0,47,126,220,144,218,218,220,62,220,209,221,179,218,215,218,92,219,3,1,0,103,2,7,2,2,0,0,0,0,0,0,1,0,0,0,73,137,91,49,130,15,39,130,64,0,0,0,0,162,87,100,49,214,52,165,0,0,8,2,0,128,188,141,157,223,157,223,56,223,0,223,0,223,180,223,185,223,190,223,0,223,157,223,2,141,216,0,165,26,140,252,141,211
2026-08-17_14-08-30,1,656,3,0.0,0,700.0,-1,-1,1,184,0,3,64,0,3,186,0,0,4,0,0,18,18,0,8,36,128,0,3,0,0,0,0,7,0,23,8,1,3,1,1,31,0,47,126,220,144,218,218,220,62,220,209,221,179,218,215,218,92,219,3,1,0,103,2,7,2,2,0,0,0,0,0,0,1,0,0,0,73,137,91,49,130,15,39,130,64,0,0,0,0,162,87,100,49,214,52,165,0,0,8,2,0,128,188,141,157,223,157,223,56,223,0,223,0,223,180,223,185,223,190,223,0,223,157,223,2,141,216,0,165,26,140,252,141,211,5,135,0,3,64,0,3,54,0,0,0,0,0,18,18,0,8,36,128,0,3,0,0,0,0,7,0,23,7,1,3,1,1,31,0,47,72,218,144,218,62,220,62,220,209,221,179,218,215,218,92,219,3,255,0,103,3,7,4,2,0,0,0,0,0,0,1,0,0,0,73,137,96,49,130,15,39,8,64,0,0,0,0,162,87,20,49,214,52,165,0,0,8,5,0,128,188,141,157,223,157,223,56,223,0,223,0,223,180,223,185,223,190,223,0,223,157,223,2,141,216,0,165,26,140,252,141,211
2026-08-17_14-08-30,1,657,3,0.0,0,700.0,-1,-1,5,135,0,3,64,0,3,54,0,0,0,0,0,18,18,0,8,36,128,0,3,0,0,0,0,7,0,23,7,1,3,1,1,31,0,47,72,218,144,218,62,220,62,220,209,221,179,218,215,218,92,219,3,255,0,103,3,7,4,2,0,0,0,0,0,0,1,0,0,0,73,137,96,49,130,15,39,8,64,0,0,0,0,162,87,20,49,214,52,165,0,0,8,5,0,128,188,141,157,223,157,223,56,223,0,223,0,223,180,223,185,223,190,223,0,223,157,223,2,141,216,0,165,26,140,252,141,211,9,123,0,3,64,0,3,85,0,0,0,0,0,18,18,0,8,36,128,0,2,0,0,0,0,7,0,23,6,1,3,1,1,31,0,47,108,218,36,218,62,220,62,220,209,221,179,218,215,218,92,219,3,255,0,103,3,7,0,2,0,0,0,0,0,0,1,0,0,0,77,141,99,49,130,15,39,0,64,0,0,29,0,83,23,228,49,214,52,165,0,0,8,7,0,128,188,141,157,223,157,223,56,223,0,223,0,223,180,223,185,223,190,223,0,223,157,223,2,141,216,0,165,26,200,250,141,211
2026-08-17_14-08-30,1,658,3,0.0,0,700.0,-1,-1,9,123,0,3,64,0,3,85,0,0,0,0,0,18,18,0,8,36,128,0,2,0,0,0,0,7,0,23,6,1,3,1,1,31,0,47,108,218,36,218,62,220,62,220,209,221,179,218,215,218,92,219,3,255,0,103,3,7,0,2,0,0,0,0,0,0,1,0,0,0,77,141,99,49,130,15,39,0,64,0,0,29,0,83,23,228,49,214,52,165,0,0,8,7,0,128,188,141,157,223,157,223,56,223,0,223,0,223,180,223,185,223,190,223,0,223,157,223,2,141,216,0,165,26,200,250,141,211,13,186,0,3,64,0,3,85,0,0,0,0,0,18,18,0,8,36,128,0,2,0,0,0,0,7,0,23,5,1,3,1,1,31,0,47,108,218,36,218,62,220,62,220,209,221,179,218,215,218,92,219,3,255,0,103,0,7,2,1,0,0,0,0,0,0,1,0,0,0,81,145,103,49,130,15,39,0,64,0,0,28,0,19,215,164,49,214,52,165,0,0,8,7,0,128,188,141,157,223,157,223,56,223,0,223,0,223,180,223,185,223,190,223,0,223,157,223,2,141,216,0,165,26,200,250,141,211
2026-08-17_14-08-30,1,659,3,0.0,0,700.0,-1,-1,13,186,0,3,64,0,3,85,0,0,0,0,0,18,18,0,8,36,128,0,2,0,0,0,0,7,0,23,5,1,3,1,1,31,0,47,108,218,36,218,62,220,62,220,209,221,179,218,215,218,92,219,3,255,0,103,0,7,2,1,0,0,0,0,0,0,1,0,0,0,81,145,103,49,130,15,39,0,64,0,0,28,0,19,215,164,49,214,52,165,0,0,8,7,0,128,188,141,157,223,157,223,56,223,0,223,0,223,180,223,185,223,190,223,0,223,157,223,2,141,216,0,165,26,200,250,141,211,17,166,0,3,64,0,3,85,0,0,0,0,0,18,18,0,8,36,128,0,2,0,0,0,0,7,0,23,4,1,3,1,1,31,0,47,144,218,36,218,62,220,62,220,209,221,179,218,215,218,92,219,3,255,0,103,1,7,4,1,0,0,0,0,0,0,1,0,0,0,85,149,107,49,130,15,39,0,64,0,0,27,0,211,151,85,49,214,52,165,0,0,8,8,0,128,188,141,157,223,157,223,56,223,0,223,0,223,180,223,185,223,190,223,0,223,157,223,2,141,216,0,165,26,200,250,141,211
2026-08-17_14-08-30,1,660,3,0.0,0,700.0,-1,-1,17,166,0,3,64,0,3,85,0,0,0,0,0,18,18,0,8,36,128,0,2,0,0,0,0,7,0,23,4,1,3,1,1,31,0,47,144,218,36,218,62,220,62,220,209,221,179,218,215,218,92,219,3,255,0,103,1,7,4,1,0,0,0,0,0,0,1,0,0,0,85,149,107,49,130,15,39,0,64,0,0,27,0,211,151,85,49,214,52,165,0,0,8,8,0,128,188,141,157,223,157,223,56,223,0,223,0,223,180,223,185,223,190,223,0,223,157,223,2,141,216,0,165,26,200,250,141,211,21,105,0,3,64,0,3,85,0,0,0,0,0,18,18,0,8,36,128,0,1,0,0,0,0,7,0,23,3,1,3,1,1,31,0,47,144,218,36,218,62,220,62,220,209,221,179,218,215,218,92,219,3,255,0,103,1,7,0,1,0,0,0,0,0,0,1,0,0,0,89,153,111,49,130,15,39,0,64,0,0,26,0,147,72,21,49,214,52,165,0,0,8,8,0,128,188,141,157,223,157,223,56,223,0,223,0,223,180,223,185,223,190,223,0,223,157,223,2,141,216,0,165,26,200,250,141,211
2026-08-17_14-08-30,1,661,3,0.0,0,700.0,-1,-1,21,105,0,3,64,0,3,85,0,0,0,0,0,18,18,0,8,36,128,0,1,0,0,0,0,7,0,23,3,1,3,1,1,31,0,47,144,218,36,218,62,220,62,220,209,221,179,218,215,218,92,219,3,255,0,103,1,7,0,1,0,0,0,0,0,0,1,0,0,0,89,153,111,49,130,15,39,0,64,0,0,26,0,147,72,21,49,214,52,165,0,0,8,8,0,128,188,141,157,223,157,223,56,223,0,223,0,223,180,223,185,223,190,223,0,223,157,223,2,141,216,0,165,26,200,250,141,211,25,146,0,3,64,0,3,85,0,0,8,0,0,18,18,0,8,36,128,0,3,0,0,0,0,7,0,23,2,1,3,1,1,31,0,47,126,220,144,218,218,220,62,220,209,221,179,218,215,218,92,219,3,1,0,6,2,7,2,1,0,0,5,0,6,0,1,0,0,0,91,155,113,121,130,15,39,128,64,0,0,25,0,100,40,245,102,214,52,165,0,0,8,2,0,128,29,141,157,223,157,223,56,223,0,223,0,223,180,223,185,223,190,223,0,223,157,223,2,141,216,0,165,26,200,250,141,211
2026-08-17_14-08-30,1,662,8,0.0,0,700.0,-1,-1,25,146,0,3,64,0,3,85,0,0,8,0,0,18,18,0,8,36,128,0,3,0,0,0,0,7,0,23,2,1,3,1,1,31,0,47,126,220,144,218,218,220,62,220,209,221,179,218,215,218,92,219,3,1,0,6,2,7,2,1,0,0,5,0,6,0,1,0,0,0,91,155,113,121,130,15,39,128,64,0,0,25,0,100,40,245,102,214,52,165,0,0,8,2,0,128,29,141,157,223,157,223,56,223,0,223,0,223,180,223,185,223,190,223,0,223,157,223,2,141,216,0,165,26,200,250,141,211,29,32,0,3,64,0,3,85,0,0,4,0,0,18,18,0,8,36,128,0,3,0,0,0,0,7,0,23,1,1,3,1,1,31,0,47,126,220,144,218,218,220,62,220,209,221,179,218,215,218,92,219,3,1,0,6,3,7,4,1,0,0,1,0,6,0,1,0,0,0,91,155,113,126,130,15,39,128,64,0,0,24,0,100,40,245,22,214,52,165,0,0,8,2,0,128,29,141,157,223,157,223,56,223,0,223,0,223,180,223,185,223,190,223,0,223,157,223,2,141,216,0,165,26,200,250,141,211
2026-08-17_14-08-30,1,663,3,0.0,0,700.0,-1,-1,29,32,0,3,64,0,3,85,0,0,4,0,0,18,18,0,8,36,128,0,3,0,0,0,0,7,0,23,1,1,3,1,1,31,0,47,126,220,144,218,218,220,62,220,209,221,179,218,215,218,92,219,3,1,0,6,3,7,4,1,0,0,1,0,6,0,1,0,0,0,91,155,113,126,130,15,39,128,64,0,0,24,0,100,40,245,22,214,52,165,0,0,8,2,0,128,29,141,157,223,157,223,56,223,0,223,0,223,180,223,185,223,190,223,0,223,157,223,2,141,216,0,165,26,200,250,141,211,33,2,0,3,64,0,3,85,0,0,0,0,0,18,18,0,8,36,128,0,2,0,0,0,0,7,0,23,0,1,3,1,1,31,0,47,72,218,144,218,62,220,62,220,209,221,179,218,215,218,92,219,3,255,0,103,3,7,0,1,0,0,5,0,7,0,1,0,0,0,91,155,113,49,130,8,39,16,64,0,0,23,0,100,40,245,49,214,179,165,0,0,8,5,0,128,188,141,157,223,157,223,56,223,0,223,0,223,180,223,185,223,190,223,0,223,157,223,2,141,216,0,165,26,200,250,141,211
2026-08-17_14-08-30,1,664,8,0.0,0,700.0,-1,-1,33,2,0,3,64,0,3,85,0,0,0,0,0,18,18,0,8,36,128,0,2,0,0,0,0,7,0,23,0,1,3,1,1,31,0,47,72,218,144,218,62,220,62,220,209,221,179,218,215,218,92,219,3,255,0,103,3,7,0,1,0,0,5,0,7,0,1,0,0,0,91,155,113,49,130,8,39,16,64,0,0,23,0,100,40,245,49,214,179,165,0,0,8,5,0,128,188,141,157,223,157,223,56,223,0,223,0,223,180,223,185,223,190,223,0,223,157,223,2,141,216,0,165,26,200,250,141,211,37,33,0,3,64,0,3,85,0,0,6,0,0,18,18,0,8,36,128,0,1,0,0,0,0,7,0,22,153,1,3,1,1,31,0,47,126,220,144,218,218,220,62,220,209,221,179,218,215,218,92,219,3,1,0,103,0,7,2,0,0,0,1,0,7,0,1,0,0,0,91,155,113,49,130,8,39,136,64,0,0,22,0,100,40,245,49,214,179,165,0,0,8,2,0,128,188,141,157,223,157,223,56,223,0,223,0,223,180,223,185,223,190,223,0,223,157,223,2,141,216,0,165,26,200,250,141,211
2026-08-17_14-08-30,1,665,8,0.0,0,700.0,-1,-1,37,33,0,3,64,0,3,85,0,0,6,0,0,18,18,0,8,36,128,0,1,0,0,0,0,7,0,22,153,1,3,1,1,31,0,47,126,220,144,218,218,220,62,220,209,221,179,218,215,218,92,219,3,1,0,103,0,7,2,0,0,0,1,0,7,0,1,0,0,0,91,155,113,49,130,8,39,136,64,0,0,22,0,100,40,245,49,214,179,165,0,0,8,2,0,128,188,141,157,223,157,223,56,223,0,223,0,223,180,223,185,223,190,223,0,223,157,223,2,141,216,0,165,26,200,250,141,211,41,18,0,3,64,0,3,85,0,0,2,0,0,18,18,0,8,36,128,0,3,0,0,0,0,7,0,22,152,1,3,1,1,31,0,47,126,220,144,218,218,220,62,220,209,221,179,218,215,218,92,219,3,1,0,6,1,7,4,0,0,0,5,0,6,0,1,0,0,0,91,155,113,121,130,8,39,34,64,0,0,21,0,100,40,245,102,214,179,165,0,0,8,2,0,128,29,141,157,223,157,223,56,223,0,223,0,223,180,223,185,223,190,223,0,223,157,223,2,141,216,0,165,26,200,250,141,211
2026-08-17_14-08-30,1,666,3,0.0,0,700.0,-1,-1,41,18,0,3,64,0,3,85,0,0,2,0,0,18,18,0,8,36,128,0,3,0,0,0,0,7,0,22,152,1,3,1,1,31,0,47,126,220,144,218,218,220,62,220,209,221,179,218,215,218,92,219,3,1,0,6,1,7,4,0,0,0,5,0,6,0,1,0,0,0,91,155,113,121,130,8,39,34,64,0,0,21,0,100,40,245,102,214,179,165,0,0,8,2,0,128,29,141,157,223,157,223,56,223,0,223,0,223,180,223,185,223,190,223,0,223,157,223,2,141,216,0,165,26,200,250,141,211,45,40,0,3,64,0,3,85,0,0,9,0,0,18,18,0,8,36,128,0,3,0,0,0,0,7,0,22,151,1,3,1,1,31,0,47,126,220,144,218,218,220,62,220,209,221,179,218,215,218,92,219,3,1,0,6,1,7,0,0,0,0,1,0,6,0,1,0,0,0,92,156,114,126,130,8,39,130,64,0,0,20,0,84,24,229,22,214,179,165,0,0,8,2,0,128,29,141,157,223,157,223,56,223,0,223,0,223,180,223,185,223,190,223,0,223,157,223,2,141,216,0,165,26,200,250,141,211
2026-08-17_14-08-30,1,667,8,0.0,0,700.0,-1,-1,45,40,0,3,64,0,3,85,0,0,9,0,0,18,18,0,8,36,128,0,3,0,0,0,0,7,0,22,151,1,3,1,1,31,0,47,126,220,144,218,218,220,62,220,209,221,179,218,215,218,92,219,3,1,0,6,1,7,0,0,0,0,1,0,6,0,1,0,0,0,92,156,114,126,130,8,39,130,64,0,0,20,0,84,24,229,22,214,179,165,0,0,8,2,0,128,29,141,157,223,157,223,56,223,0,223,0,223,180,223,185,223,190,223,0,223,157,223,2,141,216,0,165,26,200,250,141,211,49,134,0,3,64,0,3,85,0,0,5,0,0,18,18,0,8,36,128,0,2,0,0,0,0,7,0,22,150,1,3,1,1,31,0,47,126,220,144,218,218,220,62,220,209,221,179,218,215,218,92,219,3,1,0,103,2,7,2,0,0,0,5,0,7,0,64,0,0,0,92,156,114,49,130,1,39,130,64,0,0,19,0,84,24,229,49,214,35,165,0,0,8,2,0,128,188,141,157,223,157,223,56,223,0,223,0,223,180,223,185,223,190,223,0,223,157,223,2,141,216,0,165,26,200,250,141,211
2026-08-17_14-08-30,1,668,3,0.0,0,700.0,-1,-1,49,134,0,3,64,0,3,85,0,0,5,0,0,18,18,0,8,36,128,0,2,0,0,0,0,7,0,22,150,1,3,1,1,31,0,47,126,220,144,218,218,220,62,220,209,221,179,218,215,218,92,219,3,1,0,103,2,7,2,0,0,0,5,0,7,0,64,0,0,0,92,156,114,49,130,1,39,130,64,0,0,19,0,84,24,229,49,214,35,165,0,0,8,2,0,128,188,141,157,223,157,223,56,223,0,223,0,223,180,223,185,223,190,223,0,223,157,223,2,141,216,0,165,26,200,250,141,211,53,107,0,3,64,0,3,85,0,0,1,0,0,18,18,0,8,36,128,0,1,0,0,0,0,7,0,22,149,1,3,1,1,31,0,47,126,220,144,218,218,220,62,220,209,221,179,218,215,218,92,219,3,1,0,103,3,7,4,0,0,0,1,0,7,0,64,0,0,0,92,156,114,49,130,1,39,8,64,0,0,18,0,84,24,229,49,214,35,165,0,0,8,2,0,128,188,141,157,223,157,223,56,223,0,223,0,223,180,223,185,223,190,223,0,223,157,223,2,141,216,0,165,26,200,250,141,211
2026-08-17_14-08-30,1,669,8,0.0,0,700.0,-1,-1,53,107,0,3,64,0,3,85,0,0,1,0,0,18,18,0,8,36,128,0,1,0,0,0,0,7,0,22,149,1,3,1,1,31,0,47,126,220,144,218,218,220,62,220,209,221,179,218,215,218,92,219,3,1,0,103,3,7,4,0,0,0,1,0,7,0,64,0,0,0,92,156,114,49,130,1,39,8,64,0,0,18,0,84,24,229,49,214,35,165,0,0,8,2,0,128,188,141,157,223,157,223,56,223,0,223,0,223,180,223,185,223,190,223,0,223,157,223,2,141,216,0,165,26,200,250,141,211,57,179,0,3,64,0,3,85,0,0,0,0,0,18,18,0,8,36,128,0,3,0,0,0,0,7,0,22,148,1,3,1,1,31,0,47,72,218,144,218,62,220,62,220,209,221,179,218,215,218,92,219,3,255,0,6,3,7,0,0,0,0,5,0,6,0,1,0,0,0,92,156,114,122,130,1,39,132,64,0,0,17,0,84,24,229,86,214,35,165,0,0,8,5,0,128,29,141,157,223,157,223,56,223,0,223,0,223,180,223,185,223,190,223,0,223,157,223,2,141,216,0,165,26,200,250,141,211
2026-08-17_14-08-30,1,670,8,0.0,0,700.0,-1,-1,57,179,0,3,64,0,3,85,0,0,0,0,0,18,18,0,8,36,128,0,3,0,0,0,0,7,0,22,148,1,3,1,1,31,0,47,72,218,144,218,62,220,62,220,209,221,179,218,215,218,92,219,3,255,0,6,3,7,0,0,0,0,5,0,6,0,1,0,0,0,92,156,114,122,130,1,39,132,64,0,0,17,0,84,24,229,86,214,35,165,0,0,8,5,0,128,29,141,157,223,157,223,56,223,0,223,0,223,180,223,185,223,190,223,0,223,157,223,2,141,216,0,165,26,200,250,141,211,61,50,0,3,64,0,3,85,0,0,0,0,0,18,18,0,8,36,128,0,3,0,0,0,0,7,0,22,147,1,3,1,1,31,0,47,72,218,144,218,62,220,62,220,209,221,179,218,215,218,92,219,3,255,0,6,4,7,2,255,0,0,1,0,6,0,1,0,0,0,94,158,116,127,130,1,39,33,64,0,0,16,0,52,248,197,6,214,35,165,0,0,8,5,0,128,29,141,157,223,157,223,56,223,0,223,0,223,180,223,185,223,190,223,0,223,157,223,2,141,216,0,165,26,200,250,141,211
2026-08-17_14-08-30,1,671,3,0.0,0,700.0,-1,-1,61,50,0,3,64,0,3,85,0,0,0,0,0,18,18,0,8,36,128,0,3,0,0,0,0,7,0,22,147,1,3,1,1,31,0,47,72,218,144,218,62,220,62,220,209,221,179,218,215,218,92,219,3,255,0,6,4,7,2,255,0,0,1,0,6,0,1,0,0,0,94,158,116,127,130,1,39,33,64,0,0,16,0,52,248,197,6,214,35,165,0,0,8,5,0,128,29,141,157,223,157,223,56,223,0,223,0,223,180,223,185,223,190,223,0,223,157,223,2,141,216,0,165,26,200,250,141,211,65,42,0,3,64,0,3,85,0,0,9,0,0,18,18,0,8,36,128,0,3,0,0,0,0,7,0,22,147,1,3,1,1,31,1,47,126,220,144,218,218,220,62,220,209,221,179,218,215,218,92,219,3,1,0,103,27,7,255,254,0,0,37,0,9,0,64,0,0,0,96,160,118,49,130,0,39,132,64,0,0,16,0,20,216,165,49,214,51,165,0,0,8,2,0,128,188,141,157,223,157,223,56,223,0,223,0,223,180,223,185,223,190,223,0,223,157,223,2,141,216,0,165,26,178,250,141,211
2026-08-17_14-08-30,1,672,8,0.0,0,700.0,-1,-1,65,42,0,3,64,0,3,85,0,0,9,0,0,18,18,0,8,36,128,0,3,0,0,0,0,7,0,22,147,1,3,1,1,31,1,47,126,220,144,218,218,220,62,220,209,221,179,218,215,218,92,219,3,1,0,103,27,7,255,254,0,0,37,0,9,0,64,0,0,0,96,160,118,49,130,0,39,132,64,0,0,16,0,20,216,165,49,214,51,165,0,0,8,2,0,128,188,141,157,223,157,223,56,223,0,223,0,223,180,223,185,223,190,223,0,223,157,223,2,141,216,0,165,26,178,250,141,211,69,167,0,3,64,0,3,85,0,0,9,0,0,18,18,0,8,36,128,0,3,0,0,0,0,7,0,22,147,1,3,1,1,31,1,47,126,220,144,218,218,220,62,220,209,221,179,218,215,218,92,219,3,1,0,103,27,7,255,254,0,0,33,0,9,0,64,0,0,0,96,160,118,49,130,0,39,132,64,0,0,16,0,20,216,165,49,214,51,165,0,0,8,2,0,128,188,141,157,223,157,223,56,223,0,223,0,223,180,223,185,223,190,223,0,223,157,223,2,141,216,0,165,26,178,250,141,211
2026-08-17_14-08-30,1,673,3,0.0,0,700.0,-1,-1,69,167,0,3,64,0,3,85,0,0,9,0,0,18,18,0,8,36,128,0,3,0,0,0,0,7,0,22,147,1,3,1,1,31,1,47,126,220,144,218,218,220,62,220,209,221,179,218,215,218,92,219,3,1,0,103,27,7,255,254,0,0,33,0,9,0,64,0,0,0,96,160,118,49,130,0,39,132,64,0,0,16,0,20,216,165,49,214,51,165,0,0,8,2,0,128,188,141,157,223,157,223,56,223,0,223,0,223,180,223,185,223,190,223,0,223,157,223,2,141,216,0,165,26,178,250,141,211,73,121,0,3,64,0,3,85,0,0,9,0,0,18,18,0,8,36,128,0,3,0,0,0,0,7,0,22,147,1,3,1,1,31,1,47,126,220,144,218,218,220,62,220,209,221,179,218,215,218,92,219,3,1,0,103,27,7,255,254,0,0,29,0,9,0,64,0,0,0,96,160,118,49,130,0,39,132,64,0,0,16,0,20,216,165,49,214,51,165,0,0,8,2,0,128,188,141,157,223,157,223,56,223,0,223,0,223,180,223,185,223,190,223,0,223,157,223,2,141,216,0,165,26,178,250,141,211
2026-08-17_14-08-30,1,674,8,0.0,0,700.0,-1,-1,73,121,0,3,64,0,3,85,0,0,9,0,0,18,18,0,8,36,128,0,3,0,0,0,0,7,0,22,147,1,3,1,1,31,1,47,126,220,144,218,218,220,62,220,209,221,179,218,215,218,92,219,3,1,0,103,27,7,255,254,0,0,29,0,9,0,64,0,0,0,96,160,118,49,130,0,39,132,64,0,0,16,0,20,216,165,49,214,51,165,0,0,8,2,0,128,188,141,157,223,157,223,56,223,0,223,0,223,180,223,185,223,190,223,0,223,157,223,2,141,216,0,165,26,178,250,141,211,77,155,0,3,64,0,3,85,0,0,9,0,0,18,18,0,8,36,128,0,3,0,0,0,0,7,0,22,147,1,3,1,1,31,1,47,126,220,144,218,218,220,62,220,209,221,179,218,215,218,92,219,3,1,0,103,27,7,255,254,0,0,25,0,9,0,64,0,0,0,96,160,118,49,130,0,39,132,64,0,0,16,0,20,216,165,49,214,51,165,0,0,8,2,0,128,188,141,157,223,157,223,56,223,0,223,0,223,180,223,185,223,190,223,0,223,157,223,2,141,216,0,165,26,178,250,141,211
2026-08-17_14-08-30,1,675,8,0.0,0,700.0,-1,-1,77,155,0,3,64,0,3,85,0,0,9,0,0,18,18,0,8,36,128,0,3,0,0,0,0,7,0,22,147,1,3,1,1,31,1,47,126,220,144,218,218,220,62,220,209,221,179,218,215,218,92,219,3,1,0,103,27,7,255,254,0,0,25,0,9,0,64,0,0,0,96,160,118,49,130,0,39,132,64,0,0,16,0,20,216,165,49,214,51,165,0,0,8,2,0,128,188,141,157,223,157,223,56,223,0,223,0,223,180,223,185,223,190,223,0,223,157,223,2,141,216,0,165,26,178,250,141,211,81,180,0,3,64,0,3,85,0,0,9,0,0,18,18,0,8,36,128,0,3,0,0,0,0,7,0,22,147,1,3,1,1,31,1,47,126,220,144,218,218,220,62,220,209,221,179,218,215,218,92,219,3,1,0,103,27,7,255,254,0,0,21,0,9,0,64,0,0,0,96,160,118,49,130,0,39,132,64,0,0,16,0,20,216,165,49,214,51,165,0,0,8,2,0,128,188,141,157,223,157,223,56,223,0,223,0,223,180,223,185,223,190,223,0,223,157,223,2,141,216,0,165,26,178,250,141,211
2026-08-17_14-08-30,1,676,3,0.0,0,700.0,-1,-1,81,180,0,3,64,0,3,85,0,0,9,0,0,18,18,0,8,36,128,0,3,0,0,0,0,7,0,22,147,1,3,1,1,31,1,47,126,220,144,218,218,220,62,220,209,221,179,218,215,218,92,219,3,1,0,103,27,7,255,254,0,0,21,0,9,0,64,0,0,0,96,160,118,49,130,0,39,132,64,0,0,16,0,20,216,165,49,214,51,165,0,0,8,2,0,128,188,141,157,223,157,223,56,223,0,223,0,223,180,223,185,223,190,223,0,223,157,223,2,141,216,0,165,26,178,250,141,211,85,65,0,3,64,0,3,85,0,0,9,0,0,18,18,0,8,36,128,0,3,0,0,0,0,7,0,22,147,1,3,1,1,31,1,47,126,220,144,218,218,220,62,220,209,221,179,218,215,218,92,219,3,1,0,103,27,7,255,254,0,0,17,0,9,0,64,0,0,0,96,160,118,49,130,0,39,132,64,0,0,16,0,20,216,165,49,214,51,165,0,0,8,2,0,128,188,141,157,223,157,223,56,223,0,223,0,223,180,223,185,223,190,223,0,223,157,223,2,141,216,0,165,26,178,250,141,211
2026-08-17_14-08-30,1,677,8,0.0,0,700.0,-1,-1,85,65,0,3,64,0,3,85,0,0,9,0,0,18,18,0,8,36,128,0,3,0,0,0,0,7,0,22,147,1,3,1,1,31,1,47,126,220,144,218,218,220,62,220,209,221,179,218,215,218,92,219,3,1,0,103,27,7,255,254,0,0,17,0,9,0,64,0,0,0,96,160,118,49,130,0,39,132,64,0,0,16,0,20,216,165,49,214,51,165,0,0,8,2,0,128,188,141,157,223,157,223,56,223,0,223,0,223,180,223,185,223,190,223,0,223,157,223,2,141,216,0,165,26,178,250,141,211,89,20,0,3,64,0,3,85,0,0,9,0,0,18,18,0,8,36,128,0,3,0,0,0,0,7,0,22,147,1,3,1,1,31,1,47,126,220,144,218,218,220,62,220,209,221,179,218,215,218,92,219,3,1,0,103,27,7,255,254,0,0,13,0,9,0,64,0,0,0,96,160,118,49,130,0,39,132,64,0,0,16,0,20,216,165,49,214,51,165,0,0,8,2,0,128,188,141,157,223,157,223,56,223,0,223,0,223,180,223,185,223,190,223,0,223,157,223,2,141,216,0,165,26,178,250,141,211
2026-08-17_14-08-30,1,678,8,0.0,0,700.0,-1,-1,89,20,0,3,64,0,3,85,0,0,9,0,0,18,18,0,8,36,128,0,3,0,0,0,0,7,0,22,147,1,3,1,1,31,1,47,126,220,144,218,218,220,62,220,209,221,179,218,215,218,92,219,3,1,0,103,27,7,255,254,0,0,13,0,9,0,64,0,0,0,96,160,118,49,130,0,39,132,64,0,0,16,0,20,216,165,49,214,51,165,0,0,8,2,0,128,188,141,157,223,157,223,56,223,0,223,0,223,180,223,185,223,190,223,0,223,157,223,2,141,216,0,165,26,178,250,141,211,93,75,0,3,64,0,3,85,0,0,9,0,0,18,18,0,8,36,128,0,3,0,0,0,0,7,0,22,147,1,3,1,1,31,1,47,126,220,144,218,218,220,62,220,209,221,179,218,215,218,92,219,3,1,0,103,27,7,255,254,0,0,9,0,9,0,64,0,0,0,96,160,118,49,130,0,39,132,64,0,0,16,0,20,216,165,49,214,51,165,0,0,8,2,0,128,188,141,157,223,157,223,56,223,0,223,0,223,180,223,185,223,190,223,0,223,157,223,2,141,216,0,165,26,178,250,141,211
2026-08-17_14-08-30,1,679,3,0.0,0,700.0,-1,-1,93,75,0,3,64,0,3,85,0,0,9,0,0,18,18,0,8,36,128,0,3,0,0,0,0,7,0,22,147,1,3,1,1,31,1,47,126,220,144,218,218,220,62,220,209,221,179,218,215,218,92,219,3,1,0,103,27,7,255,254,0,0,9,0,9,0,64,0,0,0,96,160,118,49,130,0,39,132,64,0,0,16,0,20,216,165,49,214,51,165,0,0,8,2,0,128,188,141,157,223,157,223,56,223,0,223,0,223,180,223,185,223,190,223,0,223,157,223,2,141,216,0,165,26,178,250,141,211,97,177,0,3,64,0,3,85,0,0,9,0,0,18,18,0,8,36,128,0,3,0,0,0,0,7,0,22,147,1,3,1,1,31,1,47,126,220,144,218,218,220,62,220,209,221,179,218,215,218,92,219,3,1,0,103,27,7,255,254,0,0,5,0,9,0,64,0,0,0,96,160,118,49,130,0,39,132,64,0,0,16,0,20,216,165,49,214,51,165,0,0,8,2,0,128,188,141,157,223,157,223,56,223,0,223,0,223,180,223,185,223,190,223,0,223,157,223,2,141,216,0,165,26,178,250,141,211
2026-08-17_14-08-30,1,680,3,0.0,0,700.0,-1,-1,97,177,0,3,64,0,3,85,0,0,9,0,0,18,18,0,8,36,128,0,3,0,0,0,0,7,0,22,147,1,3,1,1,31,1,47,126,220,144,218,218,220,62,220,209,221,179,218,215,218,92,219,3,1,0,103,27,7,255,254,0,0,5,0,9,0,64,0,0,0,96,160,118,49,130,0,39,132,64,0,0,16,0,20,216,165,49,214,51,165,0,0,8,2,0,128,188,141,157,223,157,223,56,223,0,223,0,223,180,223,185,223,190,223,0,223,157,223,2,141,216,0,165,26,178,250,141,211,101,19,0,3,64,0,3,85,0,0,9,0,0,18,18,0,8,36,128,0,3,0,0,0,0,7,0,22,147,1,3,1,1,31,1,47,126,220,144,218,218,220,62,220,209,221,179,218,215,218,92,219,3,1,0,103,27,7,255,254,0,0,1,0,9,0,64,0,0,0,96,160,118,49,130,0,39,132,64,0,0,16,0,20,216,165,49,214,51,165,0,0,8,2,0,128,188,141,157,223,157,223,56,223,0,223,0,223,180,223,185,223,190,223,0,223,157,223,2,141,216,0,165,26,178,250,141,211
2026-08-17_14-08-30,1,681,3,0.0,0,700.0,-1,-1,101,19,0,3,64,0,3,85,0,0,9,0,0,18,18,0,8,36,128,0,3,0,0,0,0,7,0,22,147,1,3,1,1,31,1,47,126,220,144,218,218,220,62,220,209,221,179,218,215,218,92,219,3,1,0,103,27,7,255,254,0,0,1,0,9,0,64,0,0,0,96,160,118,49,130,0,39,132,64,0,0,16,0,20,216,165,49,214,51,165,0,0,8,2,0,128,188,141,157,223,157,223,56,223,0,223,0,223,180,223,185,223,190,223,0,223,157,223,2,141,216,0,165,26,178,250,141,211,105,56,0,3,64,0,0,85,0,0,9,0,0,18,18,0,8,36,128,0,3,0,0,0,0,7,0,32,0,0,3,1,1,31,64,47,144,218,108,218,62,220,62,220,209,221,179,218,215,218,177,219,3,255,64,103,16,11,252,251,0,0,4,0,5,0,0,0,2,0,191,95,49,49,206,39,39,132,64,0,0,16,0,202,36,49,49,203,165,165,0,0,8,8,0,128,188,141,157,223,157,223,56,223,0,223,0,223,180,223,185,223,190,223,0,223,157,223,2,141,216,0,165,26,200,250,141,211
2026-08-17_14-08-30,1,682,3,0.0,0,700.0,-1,-1,105,56,0,3,64,0,0,85,0,0,9,0,0,18,18,0,8,36,128,0,3,0,0,0,0,7,0,32,0,0,3,1,1,31,64,47,144,218,108,218,62,220,62,220,209,221,179,218,215,218,177,219,3,255,64,103,16,11,252,251,0,0,4,0,5,0,0,0,2,0,191,95,49,49,206,39,39,132,64,0,0,16,0,202,36,49,49,203,165,165,0,0,8,8,0,128,188,141,157,223,157,223,56,223,0,223,0,223,180,223,185,223,190,223,0,223,157,223,2,141,216,0,165,26,200,250,141,211,109,143,0,3,64,0,0,85,0,0,9,0,0,18,18,0,8,36,128,0,3,0,0,0,0,7,0,32,0,0,3,1,1,31,64,47,144,218,108,218,62,220,62,220,209,221,179,218,215,218,177,219,3,255,64,103,16,11,248,251,0,0,0,0,0,0,0,0,2,0,191,95,49,49,202,39,39,132,64,0,0,16,0,202,36,49,49,11,165,165,0,0,8,8,0,128,188,141,157,223,157,223,56,223,0,223,0,223,180,223,185,223,190,223,0,223,157,223,2,141,216,0,165,26,200,250,141,211
2026-08-17_14-08-30,1,683,3,0.0,0,700.0,-1,-1,109,143,0,3,64,0,0,85,0,0,9,0,0,18,18,0,8,36,128,0,3,0,0,0,0,7,0,32,0,0,3,1,1,31,64,47,144,218,108,218,62,220,62,220,209,221,179,218,215,218,177,219,3,255,64,103,16,11,248,251,0,0,0,0,0,0,0,0,2,0,191,95,49,49,202,39,39,132,64,0,0,16,0,202,36,49,49,11,165,165,0,0,8,8,0,128,188,141,157,223,157,223,56,223,0,223,0,223,180,223,185,223,190,223,0,223,157,223,2,141,216,0,165,26,200,250,141,211,113,255,0,3,64,0,0,85,0,0,9,0,0,18,18,0,8,36,128,0,3,0,0,0,0,7,0,32,0,0,3,1,1,31,64,47,108,218,108,218,62,220,62,220,209,221,179,218,215,218,177,219,3,255,64,103,16,11,244,251,0,0,3,0,5,0,0,0,2,0,191,95,49,49,198,39,39,132,64,0,0,16,0,202,36,49,49,75,165,165,0,0,8,7,0,128,188,141,157,223,157,223,56,223,0,223,0,223,180,223,185,223,190,223,0,223,157,223,2,141,216,0,165,26,200,250,141,211
2026-08-17_14-08-30,1,684,3,0.0,0,700.0,-1,-1,113,255,0,3,64,0,0,85,0,0,9,0,0,18,18,0,8,36,128,0,3,0,0,0,0,7,0,32,0,0,3,1,1,31,64,47,108,218,108,218,62,220,62,220,209,221,179,218,215,218,177,219,3,255,64,103,16,11,244,251,0,0,3,0,5,0,0,0,2,0,191,95,49,49,198,39,39,132,64,0,0,16,0,202,36,49,49,75,165,165,0,0,8,7,0,128,188,141,157,223,157,223,56,223,0,223,0,223,180,223,185,223,190,223,0,223,157,223,2,141,216,0,165,26,200,250,141,211,117,240,0,3,64,0,0,85,0,0,9,0,0,18,18,0,8,36,128,0,3,0,0,0,0,7,0,32,0,0,3,1,1,31,64,47,108,218,108,218,62,220,62,220,209,221,179,218,215,218,177,219,3,255,64,103,16,11,240,251,0,0,6,0,5,0,0,0,2,0,191,95,49,49,194,39,39,132,64,0,0,16,0,202,36,49,49,154,165,165,0,0,8,7,0,128,188,141,157,223,157,223,56,223,0,223,0,223,180,223,185,223,190,223,0,223,157,223,2,141,216,0,165,26,200,250,141,211
2026-08-17_14-08-30,1,685,3,0.0,0,700.0,-1,-1,117,240,0,3,64,0,0,85,0,0,9,0,0,18,18,0,8,36,128,0,3,0,0,0,0,7,0,32,0,0,3,1,1,31,64,47,108,218,108,218,62,220,62,220,209,221,179,218,215,218,177,219,3,255,64,103,16,11,240,251,0,0,6,0,5,0,0,0,2,0,191,95,49,49,194,39,39,132,64,0,0,16,0,202,36,49,49,154,165,165,0,0,8,7,0,128,188,141,157,223,157,223,56,223,0,223,0,223,180,223,185,223,190,223,0,223,157,223,2,141,216,0,165,26,200,250,141,211,121,7,0,3,64,0,0,85,0,0,9,0,0,18,18,0,8,36,128,0,3,0,0,0,0,7,0,32,0,0,3,1,1,31,64,47,144,218,108,218,62,220,62,220,209,221,179,218,215,218,177,219,3,255,64,103,16,11,236,251,0,0,2,0,5,0,0,0,2,0,191,95,49,49,190,39,39,132,64,0,0,16,0,202,36,49,49,218,165,165,0,0,8,8,0,128,188,141,157,223,157,223,56,223,0,223,0,223,180,223,185,223,190,223,0,223,157,223,2,141,216,0,165,26,200,250,141,211
2026-08-17_14-08-30,1,686,0,0.0,0,700.0,-1,-1,121,7,0,3,64,0,0,85,0,0,9,0,0,18,18,0,8,36,128,0,3,0,0,0,0,7,0,32,0,0,3,1,1,31,64,47,144,218,108,218,62,220,62,220,209,221,179,218,215,218,177,219,3,255,64,103,16,11,236,251,0,0,2,0,5,0,0,0,2,0,191,95,49,49,190,39,39,132,64,0,0,16,0,202,36,49,49,218,165,165,0,0,8,8,0,128,188,141,157,223,157,223,56,223,0,223,0,223,180,223,185,223,190,223,0,223,157,223,2,141,216,0,165,26,200,250,141,211,125,115,0,3,64,0,0,85,0,0,9,0,0,18,18,0,8,36,128,0,3,0,0,0,0,7,0,32,0,0,3,1,1,31,64,47,144,218,108,218,62,220,62,220,209,221,179,218,215,218,177,219,3,255,64,103,16,11,232,251,0,0,5,0,5,0,0,0,2,0,191,95,49,49,186,39,39,132,64,0,0,16,0,202,36,49,49,26,165,165,0,0,8,8,0,128,188,141,157,223,157,223,56,223,0,223,0,223,180,223,185,223,190,223,0,223,157,223,2,141,216,0,165,26,200,250,141,211
2026-08-17_14-08-30,1,687,0,0.0,0,700.0,-1,-1,125,115,0,3,64,0,0,85,0,0,9,0,0,18,18,0,8,36,128,0,3,0,0,0,0,7,0,32,0,0,3,1,1,31,64,47,144,218,108,218,62,220,62,220,209,221,179,218,215,218,177,219,3,255,64,103,16,11,232,251,0,0,5,0,5,0,0,0,2,0,191,95,49,49,186,39,39,132,64,0,0,16,0,202,36,49,49,26,165,165,0,0,8,8,0,128,188,141,157,223,157,223,56,223,0,223,0,223,180,223,185,223,190,223,0,223,157,223,2,141,216,0,165,26,200,250,141,211,129,62,0,3,64,0,0,85,0,0,9,0,0,18,18,0,8,36,128,0,3,0,0,0,0,7,0,32,0,0,3,1,1,31,64,47,108,218,108,218,62,220,62,220,209,221,179,218,215,218,177,219,3,255,64,103,16,11,228,251,0,0,1,0,5,0,0,0,2,0,191,95,49,49,182,39,39,132,64,0,0,16,0,202,36,49,49,90,165,165,0,0,8,7,0,128,188,141,157,223,157,223,56,223,0,223,0,223,180,223,185,223,190,223,0,223,157,223,2,141,216,0,165,26,200,250,141,211
2026-08-17_14-08-30,1,688,0,0.0,0,700.0,-1,-1,129,62,0,3,64,0,0,85,0,0,9,0,0,18,18,0,8,36,128,0,3,0,0,0,0,7,0,32,0,0,3,1,1,31,64,47,108,218,108,218,62,220,62,220,209,221,179,218,215,218,177,219,3,255,64,103,16,11,228,251,0,0,1,0,5,0,0,0,2,0,191,95,49,49,182,39,39,132,64,0,0,16,0,202,36,49,49,90,165,165,0,0,8,7,0,128,188,141,157,223,157,223,56,223,0,223,0,223,180,223,185,223,190,223,0,223,157,223,2,141,216,0,165,26,200,250,141,211,133,236,0,3,64,0,0,85,0,0,9,0,0,18,18,0,8,36,128,0,3,0,0,0,0,7,0,32,0,0,3,1,1,31,64,47,108,218,108,218,62,220,62,220,209,221,179,218,215,218,177,219,3,255,64,103,16,11,224,251,0,0,4,0,5,0,0,0,2,0,191,95,49,49,178,39,39,132,64,0,0,16,0,202,36,49,49,169,165,165,0,0,8,7,0,128,188,141,157,223,157,223,56,223,0,223,0,223,180,223,185,223,190,223,0,223,157,223,2,141,216,0,165,26,200,250,141,211
2026-08-17_14-08-30,1,689,0,0.0,0,700.0,-1,-1,133,236,0,3,64,0,0,85,0,0,9,0,0,18,18,0,8,36,128,0,3,0,0,0,0,7,0,32,0,0,3,1,1,31,64,47,108,218,108,218,62,220,62,220,209,221,179,218,215,218,177,219,3,255,64,103,16,11,224,251,0,0,4,0,5,0,0,0,2,0,191,95,49,49,178,39,39,132,64,0,0,16,0,202,36,49,49,169,165,165,0,0,8,7,0,128,188,141,157,223,157,223,56,223,0,223,0,223,180,223,185,223,190,223,0,223,157,223,2,141,216,0,165,26,200,250,141,211,137,200,0,3,64,0,0,85,0,0,9,0,0,18,18,0,8,36,128,0,3,0,0,0,0,7,0,32,0,0,3,1,1,31,64,47,144,218,108,218,62,220,62,220,209,221,179,218,215,218,177,219,3,255,64,103,16,11,220,251,0,0,0,0,0,0,0,0,2,0,191,95,49,49,174,39,39,132,64,0,0,16,0,202,36,49,49,233,165,165,0,0,8,8,0,128,188,141,157,223,157,223,56,223,0,223,0,223,180,223,185,223,190,223,0,223,157,223,2,141,216,0,165,26,200,250,141,211
2026-08-17_14-08-30,1,690,0,0.0,0,700.0,-1,-1,137,200,0,3,64,0,0,85,0,0,9,0,0,18,18,0,8,36,128,0,3,0,0,0,0,7,0,32,0,0,3,1,1,31,64,47,144,218,108,218,62,220,62,220,209,221,179,218,215,218,177,219,3,255,64,103,16,11,220,251,0,0,0,0,0,0,0,0,2,0,191,95,49,49,174,39,39,132,64,0,0,16,0,202,36,49,49,233,165,165,0,0,8,8,0,128,188,141,157,223,157,223,56,223,0,223,0,223,180,223,185,223,190,223,0,223,157,223,2,141,216,0,165,26,200,250,141,211,141,136,0,3,64,0,0,85,0,0,9,0,0,18,18,0,8,36,128,0,3,0,0,0,0,7,0,32,0,0,3,1,1,31,64,47,144,218,108,218,62,220,62,220,209,221,179,218,215,218,177,219,3,255,64,103,16,11,216,251,0,0,3,0,5,0,0,0,2,0,191,95,49,49,170,39,39,132,64,0,0,16,0,202,36,49,49,41,165,165,0,0,8,8,0,128,188,141,157,223,157,223,56,223,0,223,0,223,180,223,185,223,190,223,0,223,157,223,2,141,216,0,165,26,200,250,141,211
2026-08-17_14-08-30,1,691,0,0.0,0,700.0,-1,-1,141,136,0,3,64,0,0,85,0,0,9,0,0,18,18,0,8,36,128,0,3,0,0,0,0,7,0,32,0,0,3,1,1,31,64,47,144,218,108,218,62,220,62,220,209,221,179,218,215,218,177,219,3,255,64,103,16,11,216,251,0,0,3,0,5,0,0,0,2,0,191,95,49,49,170,39,39,132,64,0,0,16,0,202,36,49,49,41,165,165,0,0,8,8,0,128,188,141,157,223,157,223,56,223,0,223,0,223,180,223,185,223,190,223,0,223,157,223,2,141,216,0,165,26,200,250,141,211,145,140,0,3,64,0,0,85,0,0,9,0,0,18,18,0,8,36,128,0,3,0,0,0,0,7,0,32,0,0,3,1,1,31,64,47,108,218,108,218,62,220,62,220,209,221,179,218,215,218,177,219,3,255,64,103,16,11,212,251,0,0,6,0,5,0,0,0,2,0,191,95,49,49,166,39,39,132,64,0,0,16,0,202,36,49,49,105,165,165,0,0,8,7,0,128,188,141,157,223,157,223,56,223,0,223,0,223,180,223,185,223,190,223,0,223,157,223,2,141,216,0,165,26,200,250,141,211
2026-08-17_14-08-30,1,692,0,0.0,0,700.0,-1,-1,145,140,0,3,64,0,0,85,0,0,9,0,0,18,18,0,8,36,128,0,3,0,0,0,0,7,0,32,0,0,3,1,1,31,64,47,108,218,108,218,62,220,62,220,209,221,179,218,215,218,177,219,3,255,64,103,16,11,212,251,0,0,6,0,5,0,0,0,2,0,191,95,49,49,166,39,39,132,64,0,0,16,0,202,36,49,49,105,165,165,0,0,8,7,0,128,188,141,157,223,157,223,56,223,0,223,0,223,180,223,185,223,190,223,0,223,157,223,2,141,216,0,165,26,200,250,141,211,149,206,0,3,64,0,0,85,0,0,9,0,0,18,18,0,8,36,128,0,3,0,0,0,0,7,0,32,0,0,3,1,1,31,64,47,108,218,108,218,62,220,62,220,209,221,179,218,215,218,177,219,3,255,64,103,16,11,208,251,0,0,2,0,5,0,0,0,2,0,191,95,49,49,162,39,39,132,64,0,0,16,0,202,36,49,49,184,165,165,0,0,8,7,0,128,188,141,157,223,157,223,56,223,0,223,0,223,180,223,185,223,190,223,0,223,157,223,2,141,216,0,165,26,200,250,141,211
2026-08-17_14-08-30,1,693,0,0.0,0,700.0,-1,-1,149,206,0,3,64,0,0,85,0,0,9,0,0,18,18,0,8,36,128,0,3,0,0,0,0,7,0,32,0,0,3,1,1,31,64,47,108,218,108,218,62,220,62,220,209,221,179,218,215,218,177,219,3,255,64,103,16,11,208,251,0,0,2,0,5,0,0,0,2,0,191,95,49,49,162,39,39,132,64,0,0,16,0,202,36,49,49,184,165,165,0,0,8,7,0,128,188,141,157,223,157,223,56,223,0,223,0,223,180,223,185,223,190,223,0,223,157,223,2,141,216,0,165,26,200,250,141,211,153,235,0,3,64,0,0,85,0,0,9,0,0,18,18,0,8,36,128,0,3,0,0,0,0,7,0,32,0,0,3,1,1,31,64,47,144,218,108,218,62,220,62,220,209,221,179,218,215,218,177,219,3,255,64,103,16,11,204,251,0,0,5,0,5,0,0,0,2,0,191,95,49,49,158,39,39,132,64,0,0,16,0,202,36,49,49,248,165,165,0,0,8,8,0,128,188,141,157,223,157,223,56,223,0,223,0,223,180,223,185,223,190,223,0,223,157,223,2,141,216,0,165,26,200,250,141,211
2026-08-17_14-08-30,1,694,0,0.0,0,700.0,-1,-1,153,235,0,3,64,0,0,85,0,0,9,0,0,18,18,0,8,36,128,0,3,0,0,0,0,7,0,32,0,0,3,1,1,31,64,47,144,218,108,218,62,220,62,220,209,221,179,218,215,218,177,219,3,255,64,103,16,11,204,251,0,0,5,0,5,0,0,0,2,0,191,95,49,49,158,39,39,132,64,0,0,16,0,202,36,49,49,248,165,165,0,0,8,8,0,128,188,141,157,223,157,223,56,223,0,223,0,223,180,223,185,223,190,223,0,223,157,223,2,141,216,0,165,26,200,250,141,211,157,187,0,3,64,0,0,85,0,0,9,0,0,18,18,0,8,36,128,0,3,0,0,0,0,7,0,32,0,0,3,1,1,31,64,47,144,218,108,218,62,220,62,220,209,221,179,218,215,218,177,219,3,255,64,103,16,11,200,251,0,0,1,0,5,0,0,0,2,0,191,95,49,49,154,39,39,132,64,0,0,16,0,202,36,49,49,56,165,165,0,0,8,8,0,128,188,141,157,223,157,223,56,223,0,223,0,223,180,223,185,223,190,223,0,223,157,223,2,141,216,0,165,26,200,250,141,211
2026-08-17_14-08-30,1,695,0,0.0,0,700.0,-1,-1,157,187,0,3,64,0,0,85,0,0,9,0,0,18,18,0,8,36,128,0,3,0,0,0,0,7,0,32,0,0,3,1,1,31,64,47,144,218,108,218,62,220,62,220,209,221,179,218,215,218,177,219,3,255,64,103,16,11,200,251,0,0,1,0,5,0,0,0,2,0,191,95,49,49,154,39,39,132,64,0,0,16,0,202,36,49,49,56,165,165,0,0,8,8,0,128,188,141,157,223,157,223,56,223,0,223,0,223,180,223,185,223,190,223,0,223,157,223,2,141,216,0,165,26,200,250,141,211,161,182,0,3,64,0,0,85,0,0,9,0,0,18,18,0,8,36,128,0,3,0,0,0,0,7,0,32,0,0,3,1,1,31,64,47,108,218,108,218,62,220,62,220,209,221,179,218,215,218,177,219,3,255,64,103,16,11,196,251,0,0,4,0,5,0,0,0,2,0,191,95,49,49,150,39,39,132,64,0,0,16,0,202,36,49,49,120,165,165,0,0,8,7,0,128,188,141,157,223,157,223,56,223,0,223,0,223,180,223,185,223,190,223,0,223,157,223,2,141,216,0,165,26,200,250,141,211
2026-08-17_14-08-30,1,696,0,0.0,0,700.0,-1,-1,161,182,0,3,64,0,0,85,0,0,9,0,0,18,18,0,8,36,128,0,3,0,0,0,0,7,0,32,0,0,3,1,1,31,64,47,108,218,108,218,62,220,62,220,209,221,179,218,215,218,177,219,3,255,64,103,16,11,196,251,0,0,4,0,5,0,0,0,2,0,191,95,49,49,150,39,39,132,64,0,0,16,0,202,36,49,49,120,165,165,0,0,8,7,0,128,188,141,157,223,157,223,56,223,0,223,0,223,180,223,185,223,190,223,0,223,157,223,2,141,216,0,165,26,200,250,141,211,165,96,0,3,64,0,0,85,0,0,9,0,0,18,18,0,8,36,128,0,3,0,0,0,0,7,0,32,0,0,3,1,1,31,64,47,108,218,108,218,62,220,62,220,209,221,179,218,215,218,177,219,3,255,64,103,16,11,192,251,0,0,0,0,0,0,0,0,2,0,191,95,49,49,146,39,39,132,64,0,0,16,0,202,36,49,49,199,165,165,0,0,8,7,0,128,188,141,157,223,157,223,56,223,0,223,0,223,180,223,185,223,190,223,0,223,157,223,2,141,216,0,165,26,200,250,141,211
2026-08-17_14-08-30,1,697,0,0.0,0,700.0,-1,-1,165,96,0,3,64,0,0,85,0,0,9,0,0,18,18,0,8,36,128,0,3,0,0,0,0,7,0,32,0,0,3,1,1,31,64,47,108,218,108,218,62,220,62,220,209,221,179,218,215,218,177,219,3,255,64,103,16,11,192,251,0,0,0,0,0,0,0,0,2,0,191,95,49,49,146,39,39,132,64,0,0,16,0,202,36,49,49,199,165,165,0,0,8,7,0,128,188,141,157,223,157,223,56,223,0,223,0,223,180,223,185,223,190,223,0,223,157,223,2,141,216,0,165,26,200,250,141,211,169,6,0,3,64,0,0,85,0,0,9,0,0,18,18,0,8,36,128,0,3,0,0,0,0,7,0,32,0,0,3,1,1,31,64,47,144,218,108,218,62,220,62,220,209,221,179,218,215,218,177,219,3,255,64,103,16,11,188,251,0,0,3,0,5,0,0,0,2,0,191,95,49,49,142,39,39,132,64,0,0,16,0,202,36,49,49,7,165,165,0,0,8,8,0,128,188,141,157,223,157,223,56,223,0,223,0,223,180,223,185,223,190,223,0,223,157,223,2,141,216,0,165,26,200,250,141,211
2026-08-17_14-08-30,1,698,0,0.0,0,700.0,-1,-1,169,6,0,3,64,0,0,85,0,0,9,0,0,18,18,0,8,36,128,0,3,0,0,0,0,7,0,32,0,0,3,1,1,31,64,47,144,218,108,218,62,220,62,220,209,221,179,218,215,218,177,219,3,255,64,103,16,11,188,251,0,0,3,0,5,0,0,0,2,0,191,95,49,49,142,39,39,132,64,0,0,16,0,202,36,49,49,7,165,165,0,0,8,8,0,128,188,141,157,223,157,223,56,223,0,223,0,223,180,223,185,223,190,223,0,223,157,223,2,141,216,0,165,26,200,250,141,211,173,99,0,3,64,0,0,85,0,0,9,0,0,18,18,0,8,36,128,0,3,0,0,0,0,7,0,32,0,0,3,1,1,31,64,47,144,218,108,218,62,220,62,220,209,221,179,218,215,218,177,219,3,255,64,103,16,11,184,251,0,0,6,0,5,0,0,0,2,0,191,95,49,49,138,39,39,132,64,0,0,16,0,202,36,49,49,71,165,165,0,0,8,8,0,128,188,141,157,223,157,223,56,223,0,223,0,223,180,223,185,223,190,223,0,223,157,223,2,141,216,0,165,26,200,250,141,211
2026-08-17_14-08-30,1,699,0,0.0,0,700.0,-1,-1,173,99,0,3,64,0,0,85,0,0,9,0,0,18,18,0,8,36,128,0,3,0,0,0,0,7,0,32,0,0,3,1,1,31,64,47,144,218,108,218,62,220,62,220,209,221,179,218,215,218,177,219,3,255,64,103,16,11,184,251,0,0,6,0,5,0,0,0,2,0,191,95,49,49,138,39,39,132,64,0,0,16,0,202,36,49,49,71,165,165,0,0,8,8,0,128,188,141,157,223,157,223,56,223,0,223,0,223,180,223,185,223,190,223,0,223,157,223,2,141,216,0,165,26,200,250,141,211,177,55,0,3,64,0,0,85,0,0,9,0,0,18,18,0,8,36,128,0,3,0,0,0,0,7,0,32,0,0,3,1,1,31,64,47,108,218,108,218,62,220,62,220,209,221,179,218,215,218,177,219,3,255,64,103,16,11,180,251,0,0,2,0,5,0,0,0,2,0,191,95,49,49,134,39,39,132,64,0,0,16,0,202,36,49,49,150,165,165,0,0,8,7,0,128,188,141,157,223,157,223,56,223,0,223,0,223,180,223,185,223,190,223,0,223,157,223,2,141,216,0,165,26,200,250,141,211
2026-08-17_14-08-30,1,700,0,0.0,0,700.0,-1,-1,177,55,0,3,64,0,0,85,0,0,9,0,0,18,18,0,8,36,128,0,3,0,0,0,0,7,0,32,0,0,3,1,1,31,64,47,108,218,108,218,62,220,62,220,209,221,179,218,215,218,177,219,3,255,64,103,16,11,180,251,0,0,2,0,5,0,0,0,2,0,191,95,49,49,134,39,39,132,64,0,0,16,0,202,36,49,49,150,165,165,0,0,8,7,0,128,188,141,157,223,157,223,56,223,0,223,0,223,180,223,185,223,190,223,0,223,157,223,2,141,216,0,165,26,200,250,141,211,181,120,0,3,64,0,0,85,0,0,9,0,0,18,18,0,8,36,128,0,3,0,0,0,0,7,0,32,0,0,3,1,1,31,0,47,72,218,108,218,62,220,62,220,209,221,179,218,215,218,177,219,3,255,64,103,0,9,5,2,0,0,5,0,5,0,0,0,2,0,191,95,49,49,131,39,39,132,64,0,0,16,0,202,36,49,49,198,165,165,0,0,8,5,0,128,188,141,157,223,157,223,56,223,0,223,0,223,180,223,185,223,190,223,0,223,157,223,2,141,216,0,165,26,200,250,141,211
2026-08-17_14-08-30,1,701,0,0.0,0,700.0,-1,-1,181,120,0,3,64,0,0,85,0,0,9,0,0,18,18,0,8,36,128,0,3,0,0,0,0,7,0,32,0,0,3,1,1,31,0,47,72,218,108,218,62,220,62,220,209,221,179,218,215,218,177,219,3,255,64,103,0,9,5,2,0,0,5,0,5,0,0,0,2,0,191,95,49,49,131,39,39,132,64,0,0,16,0,202,36,49,49,198,165,165,0,0,8,5,0,128,188,141,157,223,157,223,56,223,0,223,0,223,180,223,185,223,190,223,0,223,157,223,2,141,216,0,165,26,200,250,141,211,185,139,0,3,64,0,0,209,0,0,9,0,0,18,18,0,8,36,128,0,3,0,0,0,0,7,0,25,153,0,3,1,1,31,0,47,72,218,144,218,62,220,62,220,209,221,179,218,215,218,92,219,3,255,0,103,0,9,1,2,0,0,1,0,5,0,0,0,0,0,191,95,54,49,131,39,39,132,64,0,0,0,0,202,36,225,49,198,165,165,0,0,8,5,0,128,188,141,157,223,157,223,56,223,0,223,0,223,180,223,185,223,190,223,0,223,157,223,2,141,216,0,165,26,140,252,141,211
2026-08-17_14-08-30,1,702,0,0.0,0,700.0,-1,-1,185,139,0,3,64,0,0,209,0,0,9,0,0,18,18,0,8,36,128,0,3,0,0,0,0,7,0,25,153,0,3,1,1,31,0,47,72,218,144,218,62,220,62,220,209,221,179,218,215,218,92,219,3,255,0,103,0,9,1,2,0,0,1,0,5,0,0,0,0,0,191,95,54,49,131,39,39,132,64,0,0,0,0,202,36,225,49,198,165,165,0,0,8,5,0,128,188,141,157,223,157,223,56,223,0,223,0,223,180,223,185,223,190,223,0,223,157,223,2,141,216,0,165,26,140,252,141,211,189,189,0,3,64,0,0,77,0,0,9,0,0,18,18,0,8,36,128,0,3,0,0,0,0,7,0,25,152,0,3,1,1,31,0,47,72,218,144,218,62,220,62,220,209,221,179,218,215,218,92,219,3,255,0,103,1,9,3,2,0,0,0,0,0,0,0,0,0,0,191,95,59,49,131,39,39,132,64,0,0,0,0,202,36,145,49,198,165,165,0,0,8,5,0,128,188,141,157,223,157,223,56,223,0,223,0,223,180,223,185,223,190,223,0,223,157,223,2,141,216,0,165,26,140,252,141,211
2026-08-17_14-08-30,1,703,0,0.0,0,700.0,-1,-1,189,189,0,3,64,0,0,77,0,0,9,0,0,18,18,0,8,36,128,0,3,0,0,0,0,7,0,25,152,0,3,1,1,31,0,47,72,218,144,218,62,220,62,220,209,221,179,218,215,218,92,219,3,255,0,103,1,9,3,2,0,0,0,0,0,0,0,0,0,0,191,95,59,49,131,39,39,132,64,0,0,0,0,202,36,145,49,198,165,165,0,0,8,5,0,128,188,141,157,223,157,223,56,223,0,223,0,223,180,223,185,223,190,223,0,223,157,223,2,141,216,0,165,26,140,252,141,211,193,213,0,3,64,0,0,201,0,0,9,0,0,18,18,0,8,36,128,0,3,0,0,0,0,7,0,25,151,0,3,1,1,31,0,47,72,218,108,218,62,220,62,220,209,221,179,218,215,218,92,219,3,255,0,103,2,9,5,2,0,0,0,0,0,0,0,0,0,0,191,95,63,49,131,39,39,132,64,0,0,0,0,202,36,66,49,198,165,165,0,0,8,5,0,128,188,141,157,223,157,223,56,223,0,223,0,223,180,223,185,223,190,223,0,223,157,223,2,141,216,0,165,26,140,252,141,211
2026-08-17_14-08-30,1,704,0,0.0,0,700.0,-1,-1,193,213,0,3,64,0,0,201,0,0,9,0,0,18,18,0,8,36,128,0,3,0,0,0,0,7,0,25,151,0,3,1,1,31,0,47,72,218,108,218,62,220,62,220,209,221,179,218,215,218,92,219,3,255,0,103,2,9,5,2,0,0,0,0,0,0,0,0,0,0,191,95,63,49,131,39,39,132,64,0,0,0,0,202,36,66,49,198,165,165,0,0,8,5,0,128,188,141,157,223,157,223,56,223,0,223,0,223,180,223,185,223,190,223,0,223,157,223,2,141,216,0,165,26,140,252,141,211,197,87,0,3,64,0,0,69,0,0,9,0,0,18,18,0,8,36,128,0,3,0,0,0,0,7,0,25,150,0,3,1,1,31,0,47,72,218,108,218,62,220,62,220,209,221,179,218,215,218,92,219,3,255,0,103,2,9,1,2,0,0,0,0,0,0,0,0,0,0,191,95,68,49,131,39,39,132,64,0,0,0,0,202,36,242,49,198,165,165,0,0,8,5,0,128,188,141,157,223,157,223,56,223,0,223,0,223,180,223,185,223,190,223,0,223,157,223,2,141,216,0,165,26,140,252,141,211
2026-08-17_14-08-30,1,705,0,0.0,0,700.0,-1,-1,197,87,0,3,64,0,0,69,0,0,9,0,0,18,18,0,8,36,128,0,3,0,0,0,0,7,0,25,150,0,3,1,1,31,0,47,72,218,108,218,62,220,62,220,209,221,179,218,215,218,92,219,3,255,0,103,2,9,1,2,0,0,0,0,0,0,0,0,0,0,191,95,68,49,131,39,39,132,64,0,0,0,0,202,36,242,49,198,165,165,0,0,8,5,0,128,188,141,157,223,157,223,56,223,0,223,0,223,180,223,185,223,190,223,0,223,157,223,2,141,216,0,165,26,140,252,141,211,201,126,0,3,64,0,0,193,0,0,9,0,0,18,18,0,8,36,128,0,3,0,0,0,0,7,0,25,149,0,3,1,1,31,0,47,72,218,144,218,62,220,62,220,209,221,179,218,215,218,92,219,3,255,0,103,3,9,3,2,0,0,0,0,0,0,0,0,0,0,191,95,72,49,131,39,39,132,64,0,0,0,0,202,36,178,49,198,165,165,0,0,8,5,0,128,188,141,157,223,157,223,56,223,0,223,0,223,180,223,185,223,190,223,0,223,157,223,2,141,216,0,165,26,140,252,141,211
2026-08-17_14-08-30,1,706,0,0.0,0,700.0,-1,-1,201,126,0,3,64,0,0,193,0,0,9,0,0,18,18,0,8,36,128,0,3,0,0,0,0,7,0,25,149,0,3,1,1,31,0,47,72,218,144,218,62,220,62,220,209,221,179,218,215,218,92,219,3,255,0,103,3,9,3,2,0,0,0,0,0,0,0,0,0,0,191,95,72,49,131,39,39,132,64,0,0,0,0,202,36,178,49,198,165,165,0,0,8,5,0,128,188,141,157,223,157,223,56,223,0,223,0,223,180,223,185,223,190,223,0,223,157,223,2,141,216,0,165,26,140,252,141,211,205,232,0,3,64,0,0,61,0,0,9,0,0,18,18,0,8,36,128,0,3,0,0,0,0,7,0,25,148,0,3,1,1,31,0,47,72,218,144,218,62,220,62,220,209,221,179,218,215,218,92,219,3,255,0,103,0,9,5,1,0,0,0,0,0,0,0,0,0,0,191,95,77,49,131,39,39,132,64,0,0,0,0,202,36,83,49,198,165,165,0,0,8,5,0,128,188,141,157,223,157,223,56,223,0,223,0,223,180,223,185,223,190,223,0,223,157,223,2,141,216,0,165,26,140,252,141,211
2026-08-17_14-08-30,1,707,0,0.0,0,700.0,-1,-1,205,232,0,3,64,0,0,61,0,0,9,0,0,18,18,0,8,36,128,0,3,0,0,0,0,7,0,25,148,0,3,1,1,31,0,47,72,218,144,218,62,220,62,220,209,221,179,218,215,218,92,219,3,255,0,103,0,9,5,1,0,0,0,0,0,0,0,0,0,0,191,95,77,49,131,39,39,132,64,0,0,0,0,202,36,83,49,198,165,165,0,0,8,5,0,128,188,141,157,223,157,223,56,223,0,223,0,223,180,223,185,223,190,223,0,223,157,223,2,141,216,0,165,26,140,252,141,211,209,138,0,3,64,0,0,185,0,0,9,0,0,18,18,0,8,36,128,0,3,0,0,0,0,7,0,25,147,0,3,1,1,31,0,47,72,218,108,218,62,220,62,220,209,221,179,218,215,218,92,219,3,255,0,103,0,9,1,1,0,0,0,0,0,0,0,0,0,0,191,95,81,49,131,39,39,132,64,0,0,0,0,202,36,19,49,198,165,165,0,0,8,5,0,128,188,141,157,223,157,223,56,223,0,223,0,223,180,223,185,223,190,223,0,223,157,223,2,141,216,0,165,26,140,252,141,211
2026-08-17_14-08-30,1,708,0,0.0,0,700.0,-1,-1,209,138,0,3,64,0,0,185,0,0,9,0,0,18,18,0,8,36,128,0,3,0,0,0,0,7,0,25,147,0,3,1,1,31,0,47,72,218,108,218,62,220,62,220,209,221,179,218,215,218,92,219,3,255,0,103,0,9,1,1,0,0,0,0,0,0,0,0,0,0,191,95,81,49,131,39,39,132,64,0,0,0,0,202,36,19,49,198,165,165,0,0,8,5,0,128,188,141,157,223,157,223,56,223,0,223,0,223,180,223,185,223,190,223,0,223,157,223,2,141,216,0,165,26,140,252,141,211,213,173,0,3,64,0,0,53,0,0,9,0,0,18,18,0,8,36,128,0,3,0,0,0,0,7,0,25,146,0,3,1,1,31,0,47,72,218,108,218,62,220,62,220,209,221,179,218,215,218,92,219,3,255,0,103,1,9,3,1,0,0,0,0,0,0,0,0,0,0,191,95,86,49,131,39,39,132,64,0,0,0,0,202,36,195,49,198,165,165,0,0,8,5,0,128,188,141,157,223,157,223,56,223,0,223,0,223,180,223,185,223,190,223,0,223,157,223,2,141,216,0,165,26,140,252,141,211
2026-08-17_14-08-30,1,709,0,0.0,0,700.0,-1,-1,213,173,0,3,64,0,0,53,0,0,9,0,0,18,18,0,8,36,128,0,3,0,0,0,0,7,0,25,146,0,3,1,1,31,0,47,72,218,108,218,62,220,62,220,209,221,179,218,215,218,92,219,3,255,0,103,1,9,3,1,0,0,0,0,0,0,0,0,0,0,191,95,86,49,131,39,39,132,64,0,0,0,0,202,36,195,49,198,165,165,0,0,8,5,0,128,188,141,157,223,157,223,56,223,0,223,0,223,180,223,185,223,190,223,0,223,157,223,2,141,216,0,165,26,140,252,141,211,217,220,0,3,64,0,0,177,0,0,9,0,0,18,18,0,8,36,128,0,3,0,0,0,0,7,0,25,145,0,3,1,1,31,0,47,72,218,144,218,62,220,62,220,209,221,179,218,215,218,92,219,3,255,0,103,2,9,5,1,0,0,0,0,0,0,0,0,0,0,191,95,90,49,131,39,39,132,64,0,0,0,0,202,36,116,49,198,165,165,0,0,8,5,0,128,188,141,157,223,157,223,56,223,0,223,0,223,180,223,185,223,190,223,0,223,157,223,2,141,216,0,165,26,140,252,141,211
2026-08-17_14-08-30,1,710,0,0.0,0,700.0,-1,-1,217,220,0,3,64,0,0,177,0,0,9,0,0,18,18,0,8,36,128,0,3,0,0,0,0,7,0,25,145,0,3,1,1,31,0,47,72,218,144,218,62,220,62,220,209,221,179,218,215,218,92,219,3,255,0,103,2,9,5,1,0,0,0,0,0,0,0,0,0,0,191,95,90,49,131,39,39,132,64,0,0,0,0,202,36,116,49,198,165,165,0,0,8,5,0,128,188,141,157,223,157,223,56,223,0,223,0,223,180,223,185,223,190,223,0,223,157,223,2,141,216,0,165,26,140,252,141,211,221,195,0,3,64,0,0,45,0,0,9,0,0,18,18,0,8,36,128,0,3,0,0,0,0,7,0,25,144,0,3,1,1,31,0,47,72,218,144,218,62,220,62,220,209,221,179,218,215,218,92,219,3,255,0,103,2,9,1,1,0,0,0,0,0,0,0,0,0,0,191,95,95,49,131,39,39,132,64,0,0,0,0,202,36,36,49,198,165,165,0,0,8,5,0,128,188,141,157,223,157,223,56,223,0,223,0,223,180,223,185,223,190,223,0,223,157,223,2,141,216,0,165,26,140,252,141,211
2026-08-17_14-08-30,1,711,0,0.0,0,700.0,-1,-1,221,195,0,3,64,0,0,45,0,0,9,0,0,18,18,0,8,36,128,0,3,0,0,0,0,7,0,25,144,0,3,1,1,31,0,47,72,218,144,218,62,220,62,220,209,221,179,218,215,218,92,219,3,255,0,103,2,9,1,1,0,0,0,0,0,0,0,0,0,0,191,95,95,49,131,39,39,132,64,0,0,0,0,202,36,36,49,198,165,165,0,0,8,5,0,128,188,141,157,223,157,223,56,223,0,223,0,223,180,223,185,223,190,223,0,223,157,223,2,141,216,0,165,26,140,252,141,211,225,61,0,3,64,0,0,107,0,0,9,0,0,18,18,0,8,36,128,0,2,0,0,0,0,7,0,25,137,0,3,1,1,31,0,47,72,218,0,218,62,220,62,220,209,221,179,218,215,218,92,219,3,255,0,103,3,9,3,1,0,0,0,0,0,0,0,0,0,0,191,95,97,49,131,39,39,132,64,0,0,29,0,202,36,4,49,198,165,165,0,0,8,5,0,128,188,141,157,223,157,223,56,223,0,223,0,223,180,223,185,223,190,223,0,223,157,223,2,141,216,0,165,26,140,252,141,211
2026-08-17_14-08-30,1,712,0,0.0,0,700.0,-1,-1,225,61,0,3,64,0,0,107,0,0,9,0,0,18,18,0,8,36,128,0,2,0,0,0,0,7,0,25,137,0,3,1,1,31,0,47,72,218,0,218,62,220,62,220,209,221,179,218,215,218,92,219,3,255,0,103,3,9,3,1,0,0,0,0,0,0,0,0,0,0,191,95,97,49,131,39,39,132,64,0,0,29,0,202,36,4,49,198,165,165,0,0,8,5,0,128,188,141,157,223,157,223,56,223,0,223,0,223,180,223,185,223,190,223,0,223,157,223,2,141,216,0,165,26,140,252,141,211,229,221,0,3,64,0,0,107,0,0,9,0,0,18,18,0,8,36,128,0,2,0,0,0,0,7,0,25,136,0,3,1,1,31,0,47,72,218,0,218,62,220,62,220,209,221,179,218,215,218,92,219,3,255,0,103,0,9,5,0,0,0,0,0,0,0,0,0,0,0,191,95,97,49,131,39,39,132,64,0,0,28,0,202,36,4,49,198,165,165,0,0,8,5,0,128,188,141,157,223,157,223,56,223,0,223,0,223,180,223,185,223,190,223,0,223,157,223,2,141,216,0,165,26,140,252,141,211
2026-08-17_14-08-30,1,713,0,0.0,0,700.0,-1,-1,229,221,0,3,64,0,0,107,0,0,9,0,0,18,18,0,8,36,128,0,2,0,0,0,0,7,0,25,136,0,3,1,1,31,0,47,72,218,0,218,62,220,62,220,209,221,179,218,215,218,92,219,3,255,0,103,0,9,5,0,0,0,0,0,0,0,0,0,0,0,191,95,97,49,131,39,39,132,64,0,0,28,0,202,36,4,49,198,165,165,0,0,8,5,0,128,188,141,157,223,157,223,56,223,0,223,0,223,180,223,185,223,190,223,0,223,157,223,2,141,216,0,165,26,140,252,141,211,233,211,0,3,64,0,0,107,0,0,9,0,0,18,18,0,8,36,128,0,2,0,0,0,0,7,0,25,135,0,3,1,1,31,0,47,72,218,0,218,62,220,62,220,209,221,179,218,215,218,92,219,3,255,0,103,0,9,1,0,0,0,0,0,0,0,0,0,0,0,191,95,97,49,131,39,39,132,64,0,0,27,0,202,36,4,49,198,165,165,0,0,8,5,0,128,188,141,157,223,157,223,56,223,0,223,0,223,180,223,185,223,190,223,0,223,157,223,2,141,216,0,165,26,140,252,141,211
2026-08-17_14-08-30,1,714,0,0.0,0,700.0,-1,-1,233,211,0,3,64,0,0,107,0,0,9,0,0,18,18,0,8,36,128,0,2,0,0,0,0,7,0,25,135,0,3,1,1,31,0,47,72,218,0,218,62,220,62,220,209,221,179,218,215,218,92,219,3,255,0,103,0,9,1,0,0,0,0,0,0,0,0,0,0,0,191,95,97,49,131,39,39,132,64,0,0,27,0,202,36,4,49,198,165,165,0,0,8,5,0,128,188,141,157,223,157,223,56,223,0,223,0,223,180,223,185,223,190,223,0,223,157,223,2,141,216,0,165,26,140,252,141,211,237,52,0,3,64,0,0,107,0,0,9,0,0,18,18,0,8,36,128,0,2,0,0,0,0,7,0,25,134,0,3,1,1,31,0,47,72,218,0,218,62,220,62,220,209,221,179,218,215,218,92,219,3,255,0,103,1,9,3,0,0,0,0,0,0,0,0,0,0,0,191,95,97,49,131,39,39,132,64,0,0,26,0,202,36,4,49,198,165,165,0,0,8,5,0,128,188,141,157,223,157,223,56,223,0,223,0,223,180,223,185,223,190,223,0,223,157,223,2,141,216,0,165,26,140,252,141,211
2026-08-17_14-08-30,1,715,0,0.0,0,700.0,-1,-1,237,52,0,3,64,0,0,107,0,0,9,0,0,18,18,0,8,36,128,0,2,0,0,0,0,7,0,25,134,0,3,1,1,31,0,47,72,218,0,218,62,220,62,220,209,221,179,218,215,218,92,219,3,255,0,103,1,9,3,0,0,0,0,0,0,0,0,0,0,0,191,95,97,49,131,39,39,132,64,0,0,26,0,202,36,4,49,198,165,165,0,0,8,5,0,128,188,141,157,223,157,223,56,223,0,223,0,223,180,223,185,223,190,223,0,223,157,223,2,141,216,0,165,26,140,252,141,211,241,73,0,3,64,0,0,107,0,0,9,0,0,18,18,0,8,36,128,0,2,0,0,0,0,7,0,25,133,0,3,1,1,31,0,47,72,218,0,218,62,220,62,220,209,221,179,218,215,218,92,219,3,255,0,103,2,9,5,0,0,0,0,0,0,0,0,0,0,0,191,95,97,49,131,39,39,132,64,0,0,25,0,202,36,4,49,198,165,165,0,0,8,5,0,128,188,141,157,223,157,223,56,223,0,223,0,223,180,223,185,223,190,223,0,223,157,223,2,141,216,0,165,26,140,252,141,211
2026-08-17_14-08-30,1,716,0,0.0,0,700.0,-1,-1,241,73,0,3,64,0,0,107,0,0,9,0,0,18,18,0,8,36,128,0,2,0,0,0,0,7,0,25,133,0,3,1,1,31,0,47,72,218,0,218,62,220,62,220,209,221,179,218,215,218,92,219,3,255,0,103,2,9,5,0,0,0,0,0,0,0,0,0,0,0,191,95,97,49,131,39,39,132,64,0,0,25,0,202,36,4,49,198,165,165,0,0,8,5,0,128,188,141,157,223,157,223,56,223,0,223,0,223,180,223,185,223,190,223,0,223,157,223,2,141,216,0,165,26,140,252,141,211,245,144,0,3,64,0,0,107,0,0,9,0,0,18,18,0,8,36,128,0,1,0,0,0,0,7,0,25,132,0,3,1,1,31,0,47,72,218,0,218,62,220,62,220,209,221,179,218,215,218,92,219,3,255,0,103,2,9,1,0,0,0,0,0,0,0,0,0,0,0,191,95,97,49,131,39,39,132,64,0,0,24,0,202,36,4,49,198,165,165,0,0,8,5,0,128,188,141,157,223,157,223,56,223,0,223,0,223,180,223,185,223,190,223,0,223,157,223,2,141,216,0,165,26,140,252,141,211
2026-08-17_14-08-30,1,717,0,0.0,0,700.0,-1,-1,245,144,0,3,64,0,0,107,0,0,9,0,0,18,18,0,8,36,128,0,1,0,0,0,0,7,0,25,132,0,3,1,1,31,0,47,72,218,0,218,62,220,62,220,209,221,179,218,215,218,92,219,3,255,0,103,2,9,1,0,0,0,0,0,0,0,0,0,0,0,191,95,97,49,131,39,39,132,64,0,0,24,0,202,36,4,49,198,165,165,0,0,8,5,0,128,188,141,157,223,157,223,56,223,0,223,0,223,180,223,185,223,190,223,0,223,157,223,2,141,216,0,165,26,140,252,141,211,249,1,0,3,64,0,0,107,0,0,9,0,0,18,18,0,8,36,128,0,1,0,0,0,0,7,0,25,131,0,3,1,1,31,0,47,72,218,0,218,62,220,62,220,209,221,179,218,215,218,92,219,3,255,0,103,3,9,3,0,0,0,0,0,0,0,0,0,0,0,191,95,97,49,131,39,39,132,64,0,0,23,0,202,36,4,49,198,165,165,0,0,8,5,0,128,188,141,157,223,157,223,56,223,0,223,0,223,180,223,185,223,190,223,0,223,157,223,2,141,216,0,165,26,140,252,141,211
2026-08-17_14-08-30,1,718,0,0.0,0,700.0,-1,-1,249,1,0,3,64,0,0,107,0,0,9,0,0,18,18,0,8,36,128,0,1,0,0,0,0,7,0,25,131,0,3,1,1,31,0,47,72,218,0,218,62,220,62,220,209,221,179,218,215,218,92,219,3,255,0,103,3,9,3,0,0,0,0,0,0,0,0,0,0,0,191,95,97,49,131,39,39,132,64,0,0,23,0,202,36,4,49,198,165,165,0,0,8,5,0,128,188,141,157,223,157,223,56,223,0,223,0,223,180,223,185,223,190,223,0,223,157,223,2,141,216,0,165,26,140,252,141,211,253,16,0,3,64,0,0,107,0,0,9,0,0,18,18,0,8,36,128,0,3,0,0,0,0,7,0,25,130,0,3,1,1,31,0,47,72,218,144,218,62,220,62,220,209,221,179,218,215,218,92,219,3,255,0,29,4,9,5,255,0,0,5,0,6,0,0,0,0,0,191,95,97,105,131,39,39,132,64,0,0,22,0,202,36,4,117,198,165,165,0,0,8,5,0,128,6,141,157,223,157,223,56,223,0,223,0,223,180,223,185,223,190,223,0,223,157,223,2,141,216,0,165,26,140,252,141,211
2026-08-17_14-08-30,1,719,0,0.0,0,700.0,-1,-1,253,16,0,3,64,0,0,107,0,0,9,0,0,18,18,0,8,36,128,0,3,0,0,0,0,7,0,25,130,0,3,1,1,31,0,47,72,218,144,218,62,220,62,220,209,221,179,218,215,218,92,219,3,255,0,29,4,9,5,255,0,0,5,0,6,0,0,0,0,0,191,95,97,105,131,39,39,132,64,0,0,22,0,202,36,4,117,198,165,165,0,0,8,5,0,128,6,141,157,223,157,223,56,223,0,223,0,223,180,223,185,223,190,223,0,223,157,223,2,141,216,0,165,26,140,252,141,211,1,9,0,4,64,0,0,107,0,0,9,0,0,18,18,0,8,36,128,0,3,0,0,0,0,7,0,25,129,0,3,1,1,31,0,47,72,218,144,218,62,220,62,220,209,221,179,218,215,218,92,219,3,255,0,29,4,9,1,255,0,0,1,0,6,0,0,0,0,0,191,95,97,110,131,39,39,132,64,0,0,21,0,202,36,4,37,198,165,165,0,0,8,5,0,128,6,141,157,223,157,223,56,223,0,223,0,223,180,223,185,223,190,223,0,223,157,223,2,141,216,0,165,26,140,252,141,211
2026-08-17_14-08-30,1,720,0,0.0,0,700.0,-1,-1,1,9,0,4,64,0,0,107,0,0,9,0,0,18,18,0,8,36,128,0,3,0,0,0,0,7,0,25,129,0,3,1,1,31,0,47,72,218,144,218,62,220,62,220,209,221,179,218,215,218,92,219,3,255,0,29,4,9,1,255,0,0,1,0,6,0,0,0,0,0,191,95,97,110,131,39,39,132,64,0,0,21,0,202,36,4,37,198,165,165,0,0,8,5,0,128,6,141,157,223,157,223,56,223,0,223,0,223,180,223,185,223,190,223,0,223,157,223,2,141,216,0,165,26,140,252,141,211,5,148,0,4,64,0,0,107,0,0,9,0,0,18,18,0,8,36,128,0,3,0,0,0,0,7,0,25,128,0,3,1,1,31,0,47,72,218,144,218,62,220,62,220,209,221,179,218,215,218,92,219,3,255,0,29,5,9,3,254,0,0,0,0,0,0,0,0,0,0,191,95,97,115,131,39,39,132,64,0,0,20,0,202,36,4,213,198,165,165,0,0,8,5,0,128,6,141,157,223,157,223,56,223,0,223,0,223,180,223,185,223,190,223,0,223,157,223,2,141,216,0,165,26,140,252,141,211
2026-08-17_14-08-30,1,721,0,0.0,0,700.0,-1,-1,5,148,0,4,64,0,0,107,0,0,9,0,0,18,18,0,8,36,128,0,3,0,0,0,0,7,0,25,128,0,3,1,1,31,0,47,72,218,144,218,62,220,62,220,209,221,179,218,215,218,92,219,3,255,0,29,5,9,3,254,0,0,0,0,0,0,0,0,0,0,191,95,97,115,131,39,39,132,64,0,0,20,0,202,36,4,213,198,165,165,0,0,8,5,0,128,6,141,157,223,157,223,56,223,0,223,0,223,180,223,185,223,190,223,0,223,157,223,2,141,216,0,165,26,140,252,141,211,9,67,0,4,64,0,0,107,0,0,9,0,0,18,18,0,8,36,128,0,3,0,0,0,0,7,0,25,121,0,3,1,1,31,0,47,72,218,144,218,62,220,62,220,209,221,179,218,215,218,92,219,3,255,0,29,6,9,5,253,0,0,0,0,0,0,0,0,0,0,191,95,97,120,131,39,39,132,64,0,0,19,0,202,36,4,118,198,165,165,0,0,8,5,0,128,6,141,157,223,157,223,56,223,0,223,0,223,180,223,185,223,190,223,0,223,157,223,2,141,216,0,165,26,140,252,141,211
2026-08-17_14-08-30,1,722,0,0.0,0,700.0,-1,-1,9,67,0,4,64,0,0,107,0,0,9,0,0,18,18,0,8,36,128,0,3,0,0,0,0,7,0,25,121,0,3,1,1,31,0,47,72,218,144,218,62,220,62,220,209,221,179,218,215,218,92,219,3,255,0,29,6,9,5,253,0,0,0,0,0,0,0,0,0,0,191,95,97,120,131,39,39,132,64,0,0,19,0,202,36,4,118,198,165,165,0,0,8,5,0,128,6,141,157,223,157,223,56,223,0,223,0,223,180,223,185,223,190,223,0,223,157,223,2,141,216,0,165,26,140,252,141,211,13,53,0,4,64,0,0,107,0,0,9,0,0,18,18,0,8,36,128,0,3,0,0,0,0,7,0,25,120,0,3,1,1,31,0,47,72,218,144,218,62,220,62,220,209,221,179,218,215,218,92,219,3,255,0,29,6,9,1,253,0,0,0,0,0,0,0,0,0,0,191,95,97,125,131,39,39,132,64,0,0,18,0,202,36,4,38,198,165,165,0,0,8,5,0,128,6,141,157,223,157,223,56,223,0,223,0,223,180,223,185,223,190,223,0,223,157,223,2,141,216,0,165,26,140,252,141,211
2026-08-17_14-08-30,1,723,0,0.0,0,700.0,-1,-1,13,53,0,4,64,0,0,107,0,0,9,0,0,18,18,0,8,36,128,0,3,0,0,0,0,7,0,25,120,0,3,1,1,31,0,47,72,218,144,218,62,220,62,220,209,221,179,218,215,218,92,219,3,255,0,29,6,9,1,253,0,0,0,0,0,0,0,0,0,0,191,95,97,125,131,39,39,132,64,0,0,18,0,202,36,4,38,198,165,165,0,0,8,5,0,128,6,141,157,223,157,223,56,223,0,223,0,223,180,223,185,223,190,223,0,223,157,223,2,141,216,0,165,26,140,252,141,211,17,89,0,4,64,0,0,107,0,0,9,0,0,18,18,0,8,36,128,0,3,0,0,0,0,7,0,25,119,0,3,1,1,31,0,47,72,218,144,218,62,220,62,220,209,221,179,218,215,218,92,219,3,255,0,29,7,9,3,252,0,0,0,0,0,0,0,0,0,0,191,95,97,130,131,39,39,132,64,0,0,17,0,202,36,4,214,198,165,165,0,0,8,5,0,128,6,141,157,223,157,223,56,223,0,223,0,223,180,223,185,223,190,223,0,223,157,223,2,141,216,0,165,26,140,252,141,211
2026-08-17_14-08-30,1,724,0,0.0,0,700.0,-1,-1,17,89,0,4,64,0,0,107,0,0,9,0,0,18,18,0,8,36,128,0,3,0,0,0,0,7,0,25,119,0,3,1,1,31,0,47,72,218,144,218,62,220,62,220,209,221,179,218,215,218,92,219,3,255,0,29,7,9,3,252,0,0,0,0,0,0,0,0,0,0,191,95,97,130,131,39,39,132,64,0,0,17,0,202,36,4,214,198,165,165,0,0,8,5,0,128,6,141,157,223,157,223,56,223,0,223,0,223,180,223,185,223,190,223,0,223,157,223,2,141,216,0,165,26,140,252,141,211,21,153,0,4,64,0,0,107,0,0,9,0,0,18,18,0,8,36,128,0,3,0,0,0,0,7,0,25,118,0,3,1,1,31,0,47,72,218,144,218,62,220,62,220,209,221,179,218,215,218,92,219,3,255,0,103,0,8,5,2,0,0,4,0,7,0,64,0,0,0,192,96,98,49,130,32,39,33,64,0,0,16,0,186,20,244,49,214,21,165,0,0,8,5,0,128,188,141,157,223,157,223,56,223,0,223,0,223,180,223,185,223,190,223,0,223,157,223,2,141,216,0,165,26,200,250,141,211
2026-08-17_14-08-30,1,725,3,0.0,0,700.0,-1,-1,21,153,0,4,64,0,0,107,0,0,9,0,0,18,18,0,8,36,128,0,3,0,0,0,0,7,0,25,118,0,3,1,1,31,0,47,72,218,144,218,62,220,62,220,209,221,179,218,215,218,92,219,3,255,0,103,0,8,5,2,0,0,4,0,7,0,64,0,0,0,192,96,98,49,130,32,39,33,64,0,0,16,0,186,20,244,49,214,21,165,0,0,8,5,0,128,188,141,157,223,157,223,56,223,0,223,0,223,180,223,185,223,190,223,0,223,157,223,2,141,216,0,165,26,200,250,141,211,25,149,0,4,64,0,0,107,0,0,9,0,0,18,18,0,8,36,128,0,3,0,0,0,0,7,0,25,117,0,3,1,1,31,0,47,108,218,144,218,62,220,62,220,209,221,179,218,215,218,92,219,3,255,0,103,0,8,1,2,0,0,0,0,0,0,64,0,0,0,196,100,102,49,130,32,39,2,64,0,0,15,0,107,212,180,49,214,21,165,0,0,8,7,0,128,188,141,157,223,157,223,56,223,0,223,0,223,180,223,185,223,190,223,0,223,157,223,2,141,216,0,165,26,200,250,141,211
2026-08-17_14-08-30,1,726,3,0.0,0,700.0,-1,-1,25,149,0,4,64,0,0,107,0,0,9,0,0,18,18,0,8,36,128,0,3,0,0,0,0,7,0,25,117,0,3,1,1,31,0,47,108,218,144,218,62,220,62,220,209,221,179,218,215,218,92,219,3,255,0,103,0,8,1,2,0,0,0,0,0,0,64,0,0,0,196,100,102,49,130,32,39,2,64,0,0,15,0,107,212,180,49,214,21,165,0,0,8,7,0,128,188,141,157,223,157,223,56,223,0,223,0,223,180,223,185,223,190,223,0,223,157,223,2,141,216,0,165,26,200,250,141,211,29,83,0,4,64,0,0,107,0,0,9,0,0,18,18,0,8,36,128,0,3,0,0,0,0,7,0,25,116,0,3,1,1,31,0,47,126,220,144,218,218,220,62,220,209,221,179,218,215,218,92,219,3,1,0,103,1,8,3,2,0,0,0,0,0,0,64,0,0,0,199,103,105,49,130,32,39,128,64,0,0,14,0,59,164,117,49,214,21,165,0,0,8,2,0,128,188,141,157,223,157,223,56,223,0,223,0,223,180,223,185,223,190,223,0,223,157,223,2,141,216,0,165,26,200,250,141,211
2026-08-17_14-08-30,1,727,8,0.0,0,700.0,-1,-1,29,83,0,4,64,0,0,107,0,0,9,0,0,18,18,0,8,36,128,0,3,0,0,0,0,7,0,25,116,0,3,1,1,31,0,47,126,220,144,218,218,220,62,220,209,221,179,218,215,218,92,219,3,1,0,103,1,8,3,2,0,0,0,0,0,0,64,0,0,0,199,103,105,49,130,32,39,128,64,0,0,14,0,59,164,117,49,214,21,165,0,0,8,2,0,128,188,141,157,223,157,223,56,223,0,223,0,223,180,223,185,223,190,223,0,223,157,223,2,141,216,0,165,26,200,250,141,211,33,60,0,4,64,0,0,107,0,0,5,0,0,18,18,0,8,36,128,0,3,0,0,0,0,7,0,25,115,0,3,1,1,31,0,47,126,220,144,218,218,220,62,220,209,221,179,218,215,218,92,219,3,1,0,103,2,8,5,2,0,0,0,0,0,0,64,0,0,0,199,103,105,49,130,32,39,128,64,0,0,13,0,59,164,117,49,214,21,165,0,0,8,2,0,128,188,141,157,223,157,223,56,223,0,223,0,223,180,223,185,223,190,223,0,223,157,223,2,141,216,0,165,26,200,250,141,211
2026-08-17_14-08-30,1,728,8,0.0,0,700.0,-1,-1,33,60,0,4,64,0,0,107,0,0,5,0,0,18,18,0,8,36,128,0,3,0,0,0,0,7,0,25,115,0,3,1,1,31,0,47,126,220,144,218,218,220,62,220,209,221,179,218,215,218,92,219,3,1,0,103,2,8,5,2,0,0,0,0,0,0,64,0,0,0,199,103,105,49,130,32,39,128,64,0,0,13,0,59,164,117,49,214,21,165,0,0,8,2,0,128,188,141,157,223,157,223,56,223,0,223,0,223,180,223,185,223,190,223,0,223,157,223,2,141,216,0,165,26,200,250,141,211,37,205,0,4,64,0,0,107,0,0,1,0,0,18,18,0,8,36,128,0,3,0,0,0,0,7,0,25,114,0,3,1,1,31,0,47,126,220,144,218,218,220,62,220,209,221,179,218,215,218,92,219,3,1,0,103,2,8,1,2,0,0,0,0,0,0,64,0,0,0,199,103,105,49,130,32,39,32,64,0,0,12,0,59,164,117,49,214,21,165,0,0,8,2,0,128,188,141,157,223,157,223,56,223,0,223,0,223,180,223,185,223,190,223,0,223,157,223,2,141,216,0,165,26,200,250,141,211
2026-08-17_14-08-30,1,729,8,0.0,0,700.0,-1,-1,37,205,0,4,64,0,0,107,0,0,1,0,0,18,18,0,8,36,128,0,3,0,0,0,0,7,0,25,114,0,3,1,1,31,0,47,126,220,144,218,218,220,62,220,209,221,179,218,215,218,92,219,3,1,0,103,2,8,1,2,0,0,0,0,0,0,64,0,0,0,199,103,105,49,130,32,39,32,64,0,0,12,0,59,164,117,49,214,21,165,0,0,8,2,0,128,188,141,157,223,157,223,56,223,0,223,0,223,180,223,185,223,190,223,0,223,157,223,2,141,216,0,165,26,200,250,141,211,41,218,0,4,64,0,0,107,0,0,7,0,0,18,18,0,8,36,128,0,2,0,0,0,0,7,0,25,113,0,3,1,1,31,0,47,126,220,144,218,218,220,62,220,209,221,179,218,215,218,92,219,3,1,0,103,3,8,3,2,0,0,0,0,0,0,1,0,0,0,199,103,105,49,130,32,39,136,64,0,0,11,0,59,164,117,49,214,21,165,0,0,8,2,0,128,188,141,157,223,157,223,56,223,0,223,0,223,180,223,185,223,190,223,0,223,157,223,2,141,216,0,165,26,200,250,141,211
2026-08-17_14-08-30,1,730,8,0.0,0,700.0,-1,-1,41,218,0,4,64,0,0,107,0,0,7,0,0,18,18,0,8,36,128,0,2,0,0,0,0,7,0,25,113,0,3,1,1,31,0,47,126,220,144,218,218,220,62,220,209,221,179,218,215,218,92,219,3,1,0,103,3,8,3,2,0,0,0,0,0,0,1,0,0,0,199,103,105,49,130,32,39,136,64,0,0,11,0,59,164,117,49,214,21,165,0,0,8,2,0,128,188,141,157,223,157,223,56,223,0,223,0,223,180,223,185,223,190,223,0,223,157,223,2,141,216,0,165,26,200,250,141,211,45,160,0,4,64,0,0,107,0,0,3,0,0,18,18,0,8,36,128,0,2,0,0,0,0,7,0,25,112,0,3,1,1,31,0,47,126,220,144,218,218,220,62,220,209,221,179,218,215,218,92,219,3,1,0,103,0,8,5,1,0,0,0,0,0,0,1,0,0,0,199,103,105,49,130,32,39,136,64,0,0,10,0,59,164,117,49,214,21,165,0,0,8,2,0,128,188,141,157,223,157,223,56,223,0,223,0,223,180,223,185,223,190,223,0,223,157,223,2,141,216,0,165,26,200,250,141,211
2026-08-17_14-08-30,1,731,3,0.0,0,700.0,-1,-1,45,160,0,4,64,0,0,107,0,0,3,0,0,18,18,0,8,36,128,0,2,0,0,0,0,7,0,25,112,0,3,1,1,31,0,47,126,220,144,218,218,220,62,220,209,221,179,218,215,218,92,219,3,1,0,103,0,8,5,1,0,0,0,0,0,0,1,0,0,0,199,103,105,49,130,32,39,136,64,0,0,10,0,59,164,117,49,214,21,165,0,0,8,2,0,128,188,141,157,223,157,223,56,223,0,223,0,223,180,223,185,223,190,223,0,223,157,223,2,141,216,0,165,26,200,250,141,211,49,10,0,4,64,0,0,107,0,0,9,0,0,18,18,0,8,36,128,0,1,0,0,0,0,7,0,25,105,0,3,1,1,31,0,47,126,220,144,218,218,220,62,220,209,221,179,218,215,218,92,219,3,1,0,103,0,8,1,1,0,0,0,0,0,0,1,0,0,0,199,103,105,49,130,32,39,136,64,0,0,9,0,59,164,117,49,214,21,165,0,0,8,2,0,128,188,141,157,223,157,223,56,223,0,223,0,223,180,223,185,223,190,223,0,223,157,223,2,141,216,0,165,26,200,250,141,211
2026-08-17_14-08-30,1,732,8,0.0,0,700.0,-1,-1,49,10,0,4,64,0,0,107,0,0,9,0,0,18,18,0,8,36,128,0,1,0,0,0,0,7,0,25,105,0,3,1,1,31,0,47,126,220,144,218,218,220,62,220,209,221,179,218,215,218,92,219,3,1,0,103,0,8,1,1,0,0,0,0,0,0,1,0,0,0,199,103,105,49,130,32,39,136,64,0,0,9,0,59,164,117,49,214,21,165,0,0,8,2,0,128,188,141,157,223,157,223,56,223,0,223,0,223,180,223,185,223,190,223,0,223,157,223,2,141,216,0,165,26,200,250,141,211,53,165,0,4,64,0,0,107,0,0,5,0,0,18,18,0,8,36,128,0,3,0,0,0,0,7,0,25,104,0,3,1,1,31,0,47,126,220,144,218,218,220,62,220,209,221,179,218,215,218,92,219,3,1,0,6,1,8,3,1,0,0,5,0,6,0,1,0,0,0,199,103,105,113,130,32,39,136,64,0,0,8,0,59,164,117,245,214,21,165,0,0,8,2,0,128,29,141,157,223,157,223,56,223,0,223,0,223,180,223,185,223,190,223,0,223,157,223,2,141,216,0,165,26,200,250,141,211
2026-08-17_14-08-30,1,733,8,0.0,0,700.0,-1,-1,53,165,0,4,64,0,0,107,0,0,5,0,0,18,18,0,8,36,128,0,3,0,0,0,0,7,0,25,104,0,3,1,1,31,0,47,126,220,144,218,218,220,62,220,209,221,179,218,215,218,92,219,3,1,0,6,1,8,3,1,0,0,5,0,6,0,1,0,0,0,199,103,105,113,130,32,39,136,64,0,0,8,0,59,164,117,245,214,21,165,0,0,8,2,0,128,29,141,157,223,157,223,56,223,0,223,0,223,180,223,185,223,190,223,0,223,157,223,2,141,216,0,165,26,200,250,141,211,57,88,0,4,64,0,0,107,0,0,1,0,0,18,18,0,8,36,128,0,3,0,0,0,0,7,0,25,103,0,3,1,1,31,0,47,126,220,144,218,218,220,62,220,209,221,179,218,215,218,92,219,3,1,0,6,2,8,5,1,0,0,1,0,6,0,1,0,0,0,199,103,105,118,130,32,39,34,64,0,0,7,0,59,164,117,165,214,21,165,0,0,8,2,0,128,29,141,157,223,157,223,56,223,0,223,0,223,180,223,185,223,190,223,0,223,157,223,2,141,216,0,165,26,200,250,141,211
2026-08-17_14-08-30,1,734,3,0.0,0,700.0,-1,-1,57,88,0,4,64,0,0,107,0,0,1,0,0,18,18,0,8,36,128,0,3,0,0,0,0,7,0,25,103,0,3,1,1,31,0,47,126,220,144,218,218,220,62,220,209,221,179,218,215,218,92,219,3,1,0,6,2,8,5,1,0,0,1,0,6,0,1,0,0,0,199,103,105,118,130,32,39,34,64,0,0,7,0,59,164,117,165,214,21,165,0,0,8,2,0,128,29,141,157,223,157,223,56,223,0,223,0,223,180,223,185,223,190,223,0,223,157,223,2,141,216,0,165,26,200,250,141,211,61,137,0,4,64,0,0,107,0,0,0,0,0,18,18,0,8,36,128,0,3,0,0,0,0,7,0,25,102,0,3,1,1,31,0,47,72,218,144,218,62,220,62,220,209,221,179,218,215,218,92,219,3,255,0,6,2,8,1,1,0,0,0,0,0,0,1,0,0,0,202,106,108,123,130,32,39,2,64,0,0,6,0,11,101,69,70,214,21,165,0,0,8,5,0,128,29,141,157,223,157,223,56,223,0,223,0,223,180,223,185,223,190,223,0,223,157,223,2,141,216,0,165,26,200,250,141,211
2026-08-17_14-08-30,1,735,3,0.0,0,700.0,-1,-1,61,137,0,4,64,0,0,107,0,0,0,0,0,18,18,0,8,36,128,0,3,0,0,0,0,7,0,25,102,0,3,1,1,31,0,47,72,218,144,218,62,220,62,220,209,221,179,218,215,218,92,219,3,255,0,6,2,8,1,1,0,0,0,0,0,0,1,0,0,0,202,106,108,123,130,32,39,2,64,0,0,6,0,11,101,69,70,214,21,165,0,0,8,5,0,128,29,141,157,223,157,223,56,223,0,223,0,223,180,223,185,223,190,223,0,223,157,223,2,141,216,0,165,26,200,250,141,211,65,156,0,4,64,0,0,107,0,0,0,0,0,18,18,0,8,36,128,0,3,0,0,0,0,7,0,25,101,0,3,1,1,31,0,47,108,218,144,218,62,220,62,220,209,221,179,218,215,218,92,219,3,255,0,6,3,8,3,1,0,0,0,0,0,0,1,0,0,0,206,110,112,128,130,32,39,0,64,0,0,5,0,203,37,5,246,214,21,165,0,0,8,7,0,128,29,141,157,223,157,223,56,223,0,223,0,223,180,223,185,223,190,223,0,223,157,223,2,141,216,0,165,26,200,250,141,211
2026-08-17_14-08-30,1,736,3,0.0,0,700.0,-1,-1,65,156,0,4,64,0,0,107,0,0,0,0,0,18,18,0,8,36,128,0,3,0,0,0,0,7,0,25,101,0,3,1,1,31,0,47,108,218,144,218,62,220,62,220,209,221,179,218,215,218,92,219,3,255,0,6,3,8,3,1,0,0,0,0,0,0,1,0,0,0,206,110,112,128,130,32,39,0,64,0,0,5,0,203,37,5,246,214,21,165,0,0,8,7,0,128,29,141,157,223,157,223,56,223,0,223,0,223,180,223,185,223,190,223,0,223,157,223,2,141,216,0,165,26,200,250,141,211,69,199,0,4,64,0,1,107,0,0,0,0,0,18,18,0,8,36,128,0,3,0,0,0,0,7,0,25,100,0,3,1,1,31,0,47,108,218,144,218,62,220,62,220,209,221,179,218,215,218,92,219,3,255,0,103,0,8,5,0,0,0,4,0,7,0,64,0,0,0,50,114,116,49,130,25,39,0,64,0,0,4,0,33,229,197,49,214,148,165,0,0,8,7,0,128,188,141,157,223,157,223,56,223,0,223,0,223,180,223,185,223,190,223,0,223,157,223,2,141,216,0,165,26,200,250,141,211
2026-08-17_14-08-30,1,737,3,0.0,0,700.0,-1,-1,69,199,0,4,64,0,1,107,0,0,0,0,0,18,18,0,8,36,128,0,3,0,0,0,0,7,0,25,100,0,3,1,1,31,0,47,108,218,144,218,62,220,62,220,209,221,179,218,215,218,92,219,3,255,0,103,0,8,5,0,0,0,4,0,7,0,64,0,0,0,50,114,116,49,130,25,39,0,64,0,0,4,0,33,229,197,49,214,148,165,0,0,8,7,0,128,188,141,157,223,157,223,56,223,0,223,0,223,180,223,185,223,190,223,0,223,157,223,2,141,216,0,165,26,200,250,141,211,73,127,0,4,64,0,1,107,0,0,0,0,0,18,18,0,8,36,128,0,2,0,0,0,0,7,0,25,99,0,3,1,1,31,0,47,144,218,144,218,62,220,62,220,209,221,179,218,215,218,92,219,3,255,0,103,0,8,1,0,0,0,0,0,0,0,64,0,0,0,54,118,120,49,130,25,39,0,64,0,0,3,0,225,165,118,49,214,148,165,0,0,8,8,0,128,188,141,157,223,157,223,56,223,0,223,0,223,180,223,185,223,190,223,0,223,157,223,2,141,216,0,165,26,200,250,141,211
2026-08-17_14-08-30,1,738,3,0.0,0,700.0,-1,-1,73,127,0,4,64,0,1,107,0,0,0,0,0,18,18,0,8,36,128,0,2,0,0,0,0,7,0,25,99,0,3,1,1,31,0,47,144,218,144,218,62,220,62,220,209,221,179,218,215,218,92,219,3,255,0,103,0,8,1,0,0,0,0,0,0,0,64,0,0,0,54,118,120,49,130,25,39,0,64,0,0,3,0,225,165,118,49,214,148,165,0,0,8,8,0,128,188,141,157,223,157,223,56,223,0,223,0,223,180,223,185,223,190,223,0,223,157,223,2,141,216,0,165,26,200,250,141,211,77,248,0,4,64,0,1,107,0,0,0,0,0,18,18,0,8,36,128,0,2,0,0,0,0,7,0,25,98,0,3,1,1,31,0,47,144,218,144,218,62,220,62,220,209,221,179,218,215,218,92,219,3,255,0,103,1,8,3,0,0,128,0,0,0,0,64,0,0,0,56,120,122,49,130,25,39,0,64,0,0,3,0,193,118,86,49,214,148,165,0,0,8,8,0,128,188,141,157,223,157,223,56,223,0,223,0,223,180,223,185,223,190,223,0,223,157,223,2,141,216,0,165,26,200,250,141,211
2026-08-17_14-08-30,1,739,8,0.0,0,700.0,-1,-1,77,248,0,4,64,0,1,107,0,0,0,0,0,18,18,0,8,36,128,0,2,0,0,0,0,7,0,25,98,0,3,1,1,31,0,47,144,218,144,218,62,220,62,220,209,221,179,218,215,218,92,219,3,255,0,103,1,8,3,0,0,128,0,0,0,0,64,0,0,0,56,120,122,49,130,25,39,0,64,0,0,3,0,193,118,86,49,214,148,165,0,0,8,8,0,128,188,141,157,223,157,223,56,223,0,223,0,223,180,223,185,223,190,223,0,223,157,223,2,141,216,0,165,26,200,250,141,211,81,131,0,4,64,0,1,107,0,0,6,0,0,18,18,0,8,36,128,0,2,0,0,0,0,7,0,25,97,0,3,1,1,31,0,47,126,220,144,218,218,220,62,220,209,221,179,218,215,218,92,219,3,1,0,103,2,8,5,0,0,128,0,0,0,0,64,0,0,0,56,120,122,49,130,24,39,128,64,0,0,3,0,193,118,86,49,214,164,165,0,0,8,2,0,128,188,141,157,223,157,223,56,223,0,223,0,223,180,223,185,223,190,223,0,223,157,223,130,141,216,0,165,26,200,250,141,211
2026-08-17_14-08-30,1,740,8,0.0,0,700.0,-1,-1,81,131,0,4,64,0,1,107,0,0,6,0,0,18,18,0,8,36,128,0,2,0,0,0,0,7,0,25,97,0,3,1,1,31,0,47,126,220,144,218,218,220,62,220,209,221,179,218,215,218,92,219,3,1,0,103,2,8,5,0,0,128,0,0,0,0,64,0,0,0,56,120,122,49,130,24,39,128,64,0,0,3,0,193,118,86,49,214,164,165,0,0,8,2,0,128,188,141,157,223,157,223,56,223,0,223,0,223,180,223,185,223,190,223,0,223,157,223,130,141,216,0,165,26,200,250,141,211,85,57,0,4,64,0,1,107,0,0,2,0,0,18,18,0,8,36,128,0,2,0,0,0,0,7,0,25,96,0,3,1,1,31,0,47,126,220,144,218,218,220,62,220,209,221,179,218,215,218,92,219,3,1,0,103,2,8,1,0,0,128,0,0,0,0,64,0,0,0,56,120,122,49,130,24,39,64,64,0,0,3,0,193,118,86,49,214,164,165,0,0,8,2,0,128,188,141,157,223,157,223,56,223,0,223,0,223,180,223,185,223,190,223,0,223,157,223,130,141,216,0,165,26,200,250,141,211
2026-08-17_14-08-30,1,741,8,0.0,0,700.0,-1,-1,85,57,0,4,64,0,1,107,0,0,2,0,0,18,18,0,8,36,128,0,2,0,0,0,0,7,0,25,96,0,3,1,1,31,0,47,126,220,144,218,218,220,62,220,209,221,179,218,215,218,92,219,3,1,0,103,2,8,1,0,0,128,0,0,0,0,64,0,0,0,56,120,122,49,130,24,39,64,64,0,0,3,0,193,118,86,49,214,164,165,0,0,8,2,0,128,188,141,157,223,157,223,56,223,0,223,0,223,180,223,185,223,190,223,0,223,157,223,130,141,216,0,165,26,200,250,141,211,89,159,0,4,64,0,1,107,0,0,0,0,0,18,18,0,8,36,128,0,2,0,0,0,0,7,0,25,89,0,3,1,1,31,0,47,72,218,144,218,62,220,62,220,209,221,179,218,215,218,92,219,3,255,0,103,3,8,3,0,0,128,0,0,0,0,1,0,0,0,56,120,122,49,130,24,39,144,64,0,0,3,0,193,118,86,49,214,164,165,0,0,8,5,0,128,188,141,157,223,157,223,56,223,0,223,0,223,180,223,185,223,190,223,0,223,157,223,2,141,216,0,165,26,200,250,141,211
2026-08-17_14-08-30,1,742,8,0.0,0,700.0,-1,-1,89,159,0,4,64,0,1,107,0,0,0,0,0,18,18,0,8,36,128,0,2,0,0,0,0,7,0,25,89,0,3,1,1,31,0,47,72,218,144,218,62,220,62,220,209,221,179,218,215,218,92,219,3,255,0,103,3,8,3,0,0,128,0,0,0,0,1,0,0,0,56,120,122,49,130,24,39,144,64,0,0,3,0,193,118,86,49,214,164,165,0,0,8,5,0,128,188,141,157,223,157,223,56,223,0,223,0,223,180,223,185,223,190,223,0,223,157,223,2,141,216,0,165,26,200,250,141,211,93,246,0,4,64,0,1,107,0,0,0,0,0,18,18,0,8,36,128,0,2,0,0,0,0,7,0,25,88,0,3,1,1,31,0,47,72,218,144,218,62,220,62,220,209,221,179,218,215,218,92,219,3,255,0,103,4,8,5,255,0,128,0,0,0,0,1,0,0,0,56,120,122,49,130,24,39,144,64,0,0,3,0,193,118,86,49,214,164,165,0,0,8,5,0,128,188,141,157,223,157,223,56,223,0,223,0,223,180,223,185,223,190,223,0,223,157,223,2,141,216,0,165,26,200,250,141,211
2026-08-17_14-08-30,1,743,3,0.0,0,700.0,-1,-1,93,246,0,4,64,0,1,107,0,0,0,0,0,18,18,0,8,36,128,0,2,0,0,0,0,7,0,25,88,0,3,1,1,31,0,47,72,218,144,218,62,220,62,220,209,221,179,218,215,218,92,219,3,255,0,103,4,8,5,255,0,128,0,0,0,0,1,0,0,0,56,120,122,49,130,24,39,144,64,0,0,3,0,193,118,86,49,214,164,165,0,0,8,5,0,128,188,141,157,223,157,223,56,223,0,223,0,223,180,223,185,223,190,223,0,223,157,223,2,141,216,0,165,26,200,250,141,211,97,100,0,4,64,0,1,107,0,0,0,0,0,18,18,0,8,36,128,0,2,0,0,0,0,7,0,25,87,0,3,1,1,31,0,47,72,218,144,218,62,220,62,220,209,221,179,218,215,218,92,219,3,255,0,103,4,8,1,255,0,128,0,0,0,0,1,0,0,0,56,120,122,49,130,23,39,9,64,0,0,3,0,193,118,86,49,214,180,165,0,0,8,5,0,128,188,141,157,223,157,223,56,223,0,223,0,223,180,223,185,223,190,223,0,223,157,223,2,141,216,0,165,26,200,250,141,211
2026-08-17_14-08-30,1,744,8,0.0,0,700.0,-1,-1,97,100,0,4,64,0,1,107,0,0,0,0,0,18,18,0,8,36,128,0,2,0,0,0,0,7,0,25,87,0,3,1,1,31,0,47,72,218,144,218,62,220,62,220,209,221,179,218,215,218,92,219,3,255,0,103,4,8,1,255,0,128,0,0,0,0,1,0,0,0,56,120,122,49,130,23,39,9,64,0,0,3,0,193,118,86,49,214,180,165,0,0,8,5,0,128,188,141,157,223,157,223,56,223,0,223,0,223,180,223,185,223,190,223,0,223,157,223,2,141,216,0,165,26,200,250,141,211,101,68,0,4,64,0,1,107,0,0,6,0,0,18,18,0,8,36,128,0,2,0,0,0,0,7,0,25,86,0,3,1,1,31,0,47,126,220,144,218,218,220,62,220,209,221,179,218,215,218,92,219,3,1,0,103,5,8,3,254,0,128,7,0,3,255,64,0,0,0,56,120,122,49,130,23,39,132,64,0,0,3,0,193,118,86,49,214,180,165,0,0,8,2,0,128,188,141,157,223,157,223,56,223,0,223,0,223,180,223,185,223,190,223,0,223,157,223,130,141,216,0,165,26,200,250,141,211
2026-08-17_14-08-30,1,745,8,0.0,0,700.0,-1,-1,101,68,0,4,64,0,1,107,0,0,6,0,0,18,18,0,8,36,128,0,2,0,0,0,0,7,0,25,86,0,3,1,1,31,0,47,126,220,144,218,218,220,62,220,209,221,179,218,215,218,92,219,3,1,0,103,5,8,3,254,0,128,7,0,3,255,64,0,0,0,56,120,122,49,130,23,39,132,64,0,0,3,0,193,118,86,49,214,180,165,0,0,8,2,0,128,188,141,157,223,157,223,56,223,0,223,0,223,180,223,185,223,190,223,0,223,157,223,130,141,216,0,165,26,200,250,141,211,105,70,0,4,64,0,1,107,0,0,2,0,0,18,18,0,8,36,128,0,2,0,0,0,0,7,0,25,85,0,3,1,1,31,0,47,126,220,144,218,218,220,62,220,209,221,179,218,215,218,92,219,3,1,0,103,6,8,5,253,0,128,3,0,3,255,64,0,0,0,56,120,122,49,130,23,39,33,64,0,0,3,0,193,118,86,49,214,180,165,0,0,8,2,0,128,188,141,157,223,157,223,56,223,0,223,0,223,180,223,185,223,190,223,0,223,157,223,130,141,216,0,165,26,200,250,141,211
2026-08-17_14-08-30,1,746,8,0.0,0,700.0,-1,-1,105,70,0,4,64,0,1,107,0,0,2,0,0,18,18,0,8,36,128,0,2,0,0,0,0,7,0,25,85,0,3,1,1,31,0,47,126,220,144,218,218,220,62,220,209,221,179,218,215,218,92,219,3,1,0,103,6,8,5,253,0,128,3,0,3,255,64,0,0,0,56,120,122,49,130,23,39,33,64,0,0,3,0,193,118,86,49,214,180,165,0,0,8,2,0,128,188,141,157,223,157,223,56,223,0,223,0,223,180,223,185,223,190,223,0,223,157,223,130,141,216,0,165,26,200,250,141,211,109,103,0,4,64,0,1,107,0,0,0,0,0,18,18,0,8,36,128,0,2,0,0,0,0,7,0,25,84,0,3,1,1,31,0,47,72,218,144,218,62,220,62,220,209,221,179,218,215,218,92,219,3,255,0,103,6,8,1,253,0,128,0,0,0,255,1,0,0,0,56,120,122,49,130,23,39,144,64,0,0,3,0,193,118,86,49,214,180,165,0,0,8,5,0,128,188,141,157,223,157,223,56,223,0,223,0,223,180,223,185,223,190,223,0,223,157,223,2,141,216,0,165,26,200,250,141,211
2026-08-17_14-08-30,1,747,8,0.0,0,700.0,-1,-1,109,103,0,4,64,0,1,107,0,0,0,0,0,18,18,0,8,36,128,0,2,0,0,0,0,7,0,25,84,0,3,1,1,31,0,47,72,218,144,218,62,220,62,220,209,221,179,218,215,218,92,219,3,255,0,103,6,8,1,253,0,128,0,0,0,255,1,0,0,0,56,120,122,49,130,23,39,144,64,0,0,3,0,193,118,86,49,214,180,165,0,0,8,5,0,128,188,141,157,223,157,223,56,223,0,223,0,223,180,223,185,223,190,223,0,223,157,223,2,141,216,0,165,26,200,250,141,211,113,117,0,4,64,0,1,107,0,0,0,0,0,18,18,0,8,36,128,0,2,0,0,0,0,7,0,25,83,0,3,1,1,31,0,47,72,218,144,218,62,220,62,220,209,221,179,218,215,218,92,219,3,255,0,103,7,8,3,252,0,128,0,0,0,255,1,0,0,0,56,120,122,49,130,22,39,72,64,0,0,3,0,193,118,86,49,214,196,165,0,0,8,5,0,128,188,141,157,223,157,223,56,223,0,223,0,223,180,223,185,223,190,223,0,223,157,223,2,141,216,0,165,26,200,250,141,211
2026-08-17_14-08-30,1,748,3,0.0,0,700.0,-1,-1,113,117,0,4,64,0,1,107,0,0,0,0,0,18,18,0,8,36,128,0,2,0,0,0,0,7,0,25,83,0,3,1,1,31,0,47,72,218,144,218,62,220,62,220,209,221,179,218,215,218,92,219,3,255,0,103,7,8,3,252,0,128,0,0,0,255,1,0,0,0,56,120,122,49,130,22,39,72,64,0,0,3,0,193,118,86,49,214,196,165,0,0,8,5,0,128,188,141,157,223,157,223,56,223,0,223,0,223,180,223,185,223,190,223,0,223,157,223,2,141,216,0,165,26,200,250,141,211,117,93,0,4,64,0,1,107,0,0,8,0,0,18,18,0,8,36,128,45,2,0,0,0,0,7,0,25,82,0,3,1,1,31,0,47,126,220,144,218,218,220,62,220,209,221,179,218,215,218,92,219,3,1,64,103,0,7,5,2,0,0,9,0,3,0,0,0,0,0,56,120,49,49,130,22,39,137,64,0,0,0,0,193,118,49,49,214,196,165,0,0,8,2,0,0,188,141,157,223,157,223,56,223,0,223,0,223,180,223,185,223,190,223,0,223,157,223,2,141,216,0,165,26,63,252,141,211
2026-08-17_14-08-30,1,749,8,0.0,0,700.0,-1,-1,117,93,0,4,64,0,1,107,0,0,8,0,0,18,18,0,8,36,128,45,2,0,0,0,0,7,0,25,82,0,3,1,1,31,0,47,126,220,144,218,218,220,62,220,209,221,179,218,215,218,92,219,3,1,64,103,0,7,5,2,0,0,9,0,3,0,0,0,0,0,56,120,49,49,130,22,39,137,64,0,0,0,0,193,118,49,49,214,196,165,0,0,8,2,0,0,188,141,157,223,157,223,56,223,0,223,0,223,180,223,185,223,190,223,0,223,157,223,2,141,216,0,165,26,63,252,141,211,121,219,0,4,64,0,1,107,0,0,4,0,0,18,18,0,8,36,128,41,2,0,0,0,0,7,0,25,81,0,3,1,1,31,0,47,126,220,144,218,218,220,62,220,209,221,179,218,215,218,92,219,3,1,64,103,0,7,1,2,0,0,5,0,3,0,0,0,0,0,56,120,49,49,130,22,39,137,64,0,0,0,0,193,118,49,49,214,196,165,0,0,8,2,0,0,188,141,157,223,157,223,56,223,0,223,0,223,180,223,185,223,190,223,0,223,157,223,2,141,216,0,165,26,63,252,141,211
2026-08-17_14-08-30,1,750,8,0.0,0,700.0,-1,-1,121,219,0,4,64,0,1,107,0,0,4,0,0,18,18,0,8,36,128,41,2,0,0,0,0,7,0,25,81,0,3,1,1,31,0,47,126,220,144,218,218,220,62,220,209,221,179,218,215,218,92,219,3,1,64,103,0,7,1,2,0,0,5,0,3,0,0,0,0,0,56,120,49,49,130,22,39,137,64,0,0,0,0,193,118,49,49,214,196,165,0,0,8,2,0,0,188,141,157,223,157,223,56,223,0,223,0,223,180,223,185,223,190,223,0,223,157,223,2,141,216,0,165,26,63,252,141,211,125,176,0,4,64,0,1,107,0,0,0,0,0,18,18,0,8,36,128,37,2,0,0,0,0,7,0,25,80,0,3,1,1,31,0,47,72,218,144,218,62,220,62,220,209,221,179,218,215,218,92,219,3,255,64,103,1,7,3,2,0,0,1,0,3,0,1,0,0,0,56,120,49,49,130,22,39,145,64,0,0,0,0,193,118,49,49,214,196,165,0,0,8,5,0,0,188,141,157,223,157,223,56,223,0,223,0,223,180,223,185,223,190,223,0,223,157,223,2,141,216,0,165,26,63,252,141,211
2026-08-17_14-08-30,1,751,8,0.0,0,700.0,-1,-1,125,176,0,4,64,0,1,107,0,0,0,0,0,18,18,0,8,36,128,37,2,0,0,0,0,7,0,25,80,0,3,1,1,31,0,47,72,218,144,218,62,220,62,220,209,221,179,218,215,218,92,219,3,255,64,103,1,7,3,2,0,0,1,0,3,0,1,0,0,0,56,120,49,49,130,22,39,145,64,0,0,0,0,193,118,49,49,214,196,165,0,0,8,5,0,0,188,141,157,223,157,223,56,223,0,223,0,223,180,223,185,223,190,223,0,223,157,223,2,141,216,0,165,26,63,252,141,211,129,3,0,4,64,0,1,107,0,0,0,0,0,18,18,0,8,36,128,33,2,0,0,0,0,7,0,25,73,0,3,1,1,31,0,47,72,218,144,218,62,220,62,220,209,221,179,218,215,218,92,219,3,255,64,103,2,7,5,2,0,0,0,0,0,0,1,0,0,0,56,120,49,49,130,22,39,145,64,0,0,0,0,193,118,49,49,214,196,165,0,0,8,5,0,0,188,141,157,223,157,223,56,223,0,223,0,223,180,223,185,223,190,223,0,223,157,223,2,141,216,0,165,26,63,252,141,211
2026-08-17_14-08-30,1,752,8,0.0,0,700.0,-1,-1,129,3,0,4,64,0,1,107,0,0,0,0,0,18,18,0,8,36,128,33,2,0,0,0,0,7,0,25,73,0,3,1,1,31,0,47,72,218,144,218,62,220,62,220,209,221,179,218,215,218,92,219,3,255,64,103,2,7,5,2,0,0,0,0,0,0,1,0,0,0,56,120,49,49,130,22,39,145,64,0,0,0,0,193,118,49,49,214,196,165,0,0,8,5,0,0,188,141,157,223,157,223,56,223,0,223,0,223,180,223,185,223,190,223,0,223,157,223,2,141,216,0,165,26,63,252,141,211,133,49,0,4,64,0,1,107,0,0,0,0,0,18,18,0,8,36,128,29,2,0,0,0,0,7,0,25,72,0,3,1,1,31,0,47,72,218,144,218,62,220,62,220,209,221,179,218,215,218,92,219,3,255,64,103,2,7,1,2,0,0,0,0,0,0,1,0,0,0,58,122,49,49,130,22,39,36,64,0,0,0,0,161,86,49,49,214,196,165,0,0,8,5,0,0,188,141,157,223,157,223,56,223,0,223,0,223,180,223,185,223,190,223,0,223,157,223,2,141,216,0,165,26,200,250,141,211
2026-08-17_14-08-30,1,753,8,0.0,0,700.0,-1,-1,133,49,0,4,64,0,1,107,0,0,0,0,0,18,18,0,8,36,128,29,2,0,0,0,0,7,0,25,72,0,3,1,1,31,0,47,72,218,144,218,62,220,62,220,209,221,179,218,215,218,92,219,3,255,64,103,2,7,1,2,0,0,0,0,0,0,1,0,0,0,58,122,49,49,130,22,39,36,64,0,0,0,0,161,86,49,49,214,196,165,0,0,8,5,0,0,188,141,157,223,157,223,56,223,0,223,0,223,180,223,185,223,190,223,0,223,157,223,2,141,216,0,165,26,200,250,141,211,137,27,0,4,64,0,1,107,0,0,7,0,0,18,18,0,8,36,128,25,2,0,0,0,0,7,0,25,71,0,3,1,1,31,0,47,126,220,144,218,218,220,62,220,209,221,179,218,215,218,92,219,3,1,64,103,3,7,3,2,0,0,0,0,0,0,1,0,0,0,59,123,49,49,130,22,39,137,64,0,0,0,0,145,70,49,49,214,196,165,0,0,8,2,0,0,188,141,157,223,157,223,56,223,0,223,0,223,180,223,185,223,190,223,0,223,157,223,2,141,216,0,165,26,200,250,141,211
2026-08-17_14-08-30,1,754,8,0.0,0,700.0,-1,-1,137,27,0,4,64,0,1,107,0,0,7,0,0,18,18,0,8,36,128,25,2,0,0,0,0,7,0,25,71,0,3,1,1,31,0,47,126,220,144,218,218,220,62,220,209,221,179,218,215,218,92,219,3,1,64,103,3,7,3,2,0,0,0,0,0,0,1,0,0,0,59,123,49,49,130,22,39,137,64,0,0,0,0,145,70,49,49,214,196,165,0,0,8,2,0,0,188,141,157,223,157,223,56,223,0,223,0,223,180,223,185,223,190,223,0,223,157,223,2,141,216,0,165,26,200,250,141,211,141,188,0,4,64,0,1,107,0,0,3,0,0,18,18,0,8,36,128,21,2,0,0,0,0,7,0,25,70,0,3,1,1,31,0,47,126,220,144,218,218,220,62,220,209,221,179,218,215,218,92,219,3,1,64,103,0,7,5,1,0,0,0,0,0,0,1,0,0,0,59,123,49,49,130,22,39,137,64,0,0,0,0,145,70,49,49,214,196,165,0,0,8,2,0,0,188,141,157,223,157,223,56,223,0,223,0,223,180,223,185,223,190,223,0,223,157,223,2,141,216,0,165,26,200,250,141,211
2026-08-17_14-08-30,1,755,3,0.0,0,700.0,-1,-1,141,188,0,4,64,0,1,107,0,0,3,0,0,18,18,0,8,36,128,21,2,0,0,0,0,7,0,25,70,0,3,1,1,31,0,47,126,220,144,218,218,220,62,220,209,221,179,218,215,218,92,219,3,1,64,103,0,7,5,1,0,0,0,0,0,0,1,0,0,0,59,123,49,49,130,22,39,137,64,0,0,0,0,145,70,49,49,214,196,165,0,0,8,2,0,0,188,141,157,223,157,223,56,223,0,223,0,223,180,223,185,223,190,223,0,223,157,223,2,141,216,0,165,26,200,250,141,211,145,197,0,4,64,0,1,107,0,0,0,0,0,18,18,0,8,36,128,17,2,0,0,0,0,7,0,25,69,0,3,1,1,31,0,47,72,218,144,218,62,220,62,220,209,221,179,218,215,218,92,219,3,255,64,103,0,7,1,1,0,0,0,0,0,0,1,0,0,0,59,123,49,49,130,22,39,145,64,0,0,0,0,145,70,49,49,214,196,165,0,0,8,5,0,0,188,141,157,223,157,223,56,223,0,223,0,223,180,223,185,223,190,223,0,223,157,223,2,141,216,0,165,26,200,250,141,211
2026-08-17_14-08-30,1,756,8,0.0,0,700.0,-1,-1,145,197,0,4,64,0,1,107,0,0,0,0,0,18,18,0,8,36,128,17,2,0,0,0,0,7,0,25,69,0,3,1,1,31,0,47,72,218,144,218,62,220,62,220,209,221,179,218,215,218,92,219,3,255,64,103,0,7,1,1,0,0,0,0,0,0,1,0,0,0,59,123,49,49,130,22,39,145,64,0,0,0,0,145,70,49,49,214,196,165,0,0,8,5,0,0,188,141,157,223,157,223,56,223,0,223,0,223,180,223,185,223,190,223,0,223,157,223,2,141,216,0,165,26,200,250,141,211,149,94,0,4,64,0,1,107,0,0,0,0,0,18,18,0,8,36,128,13,2,0,0,0,0,7,0,25,68,0,3,1,1,31,0,47,72,218,144,218,62,220,62,220,209,221,179,218,215,218,92,219,3,255,64,103,1,7,3,1,0,0,0,0,0,0,1,0,0,0,59,123,49,49,130,22,39,145,64,0,0,0,0,145,70,49,49,214,196,165,0,0,8,5,0,0,188,141,157,223,157,223,56,223,0,223,0,223,180,223,185,223,190,223,0,223,157,223,2,141,216,0,165,26,200,250,141,211
2026-08-17_14-08-30,1,757,8,0.0,0,700.0,-1,-1,149,94,0,4,64,0,1,107,0,0,0,0,0,18,18,0,8,36,128,13,2,0,0,0,0,7,0,25,68,0,3,1,1,31,0,47,72,218,144,218,62,220,62,220,209,221,179,218,215,218,92,219,3,255,64,103,1,7,3,1,0,0,0,0,0,0,1,0,0,0,59,123,49,49,130,22,39,145,64,0,0,0,0,145,70,49,49,214,196,165,0,0,8,5,0,0,188,141,157,223,157,223,56,223,0,223,0,223,180,223,185,223,190,223,0,223,157,223,2,141,216,0,165,26,200,250,141,211,153,234,0,4,64,0,1,107,0,0,0,0,0,18,18,0,8,36,128,9,2,0,0,0,0,7,0,25,67,0,3,1,1,31,0,47,108,218,144,218,62,220,62,220,209,221,179,218,215,218,92,219,3,255,64,103,2,7,5,1,0,0,0,0,0,0,1,0,0,0,61,125,49,49,130,22,39,36,64,0,0,0,0,98,38,49,49,214,196,165,0,0,8,7,0,0,188,141,157,223,157,223,56,223,0,223,0,223,180,223,185,223,190,223,0,223,157,223,2,141,216,0,165,26,200,250,141,211
2026-08-17_14-08-30,1,758,3,0.0,0,700.0,-1,-1,153,234,0,4,64,0,1,107,0,0,0,0,0,18,18,0,8,36,128,9,2,0,0,0,0,7,0,25,67,0,3,1,1,31,0,47,108,218,144,218,62,220,62,220,209,221,179,218,215,218,92,219,3,255,64,103,2,7,5,1,0,0,0,0,0,0,1,0,0,0,61,125,49,49,130,22,39,36,64,0,0,0,0,98,38,49,49,214,196,165,0,0,8,7,0,0,188,141,157,223,157,223,56,223,0,223,0,223,180,223,185,223,190,223,0,223,157,223,2,141,216,0,165,26,200,250,141,211,157,171,0,4,64,0,1,107,0,0,0,0,0,18,18,0,8,36,128,5,2,0,0,0,0,7,0,25,66,0,3,1,1,31,0,47,108,218,144,218,62,220,62,220,209,221,179,218,215,218,92,219,3,255,64,103,2,7,1,1,0,0,0,0,0,0,1,0,0,0,65,129,49,49,130,22,39,2,64,0,0,0,0,34,230,49,49,214,196,165,0,0,8,7,0,0,188,141,157,223,157,223,56,223,0,223,0,223,180,223,185,223,190,223,0,223,157,223,2,141,216,0,165,26,200,250,141,211
2026-08-17_14-08-30,1,759,3,0.0,0,700.0,-1,-1,157,171,0,4,64,0,1,107,0,0,0,0,0,18,18,0,8,36,128,5,2,0,0,0,0,7,0,25,66,0,3,1,1,31,0,47,108,218,144,218,62,220,62,220,209,221,179,218,215,218,92,219,3,255,64,103,2,7,1,1,0,0,0,0,0,0,1,0,0,0,65,129,49,49,130,22,39,2,64,0,0,0,0,34,230,49,49,214,196,165,0,0,8,7,0,0,188,141,157,223,157,223,56,223,0,223,0,223,180,223,185,223,190,223,0,223,157,223,2,141,216,0,165,26,200,250,141,211,161,191,0,4,64,0,1,107,0,0,0,0,0,18,18,0,8,36,128,1,2,0,0,0,0,7,0,25,65,0,3,1,1,31,0,47,144,218,144,218,62,220,62,220,209,221,179,218,215,218,92,219,3,255,64,103,3,7,3,1,0,0,0,0,0,0,1,0,0,0,69,133,49,49,130,22,39,0,64,0,0,0,0,226,166,49,49,214,196,165,0,0,8,8,0,0,188,141,157,223,157,223,56,223,0,223,0,223,180,223,185,223,190,223,0,223,157,223,2,141,216,0,165,26,200,250,141,211
2026-08-17_14-08-30,1,760,3,0.0,0,700.0,-1,-1,161,191,0,4,64,0,1,107,0,0,0,0,0,18,18,0,8,36,128,1,2,0,0,0,0,7,0,25,65,0,3,1,1,31,0,47,144,218,144,218,62,220,62,220,209,221,179,218,215,218,92,219,3,255,64,103,3,7,3,1,0,0,0,0,0,0,1,0,0,0,69,133,49,49,130,22,39,0,64,0,0,0,0,226,166,49,49,214,196,165,0,0,8,8,0,0,188,141,157,223,157,223,56,223,0,223,0,223,180,223,185,223,190,223,0,223,157,223,2,141,216,0,165,26,200,250,141,211,165,244,0,4,64,0,1,200,0,0,0,0,0,18,18,0,8,36,128,0,2,0,0,0,0,7,0,25,64,0,3,1,1,31,0,47,144,218,108,218,62,220,62,220,209,221,179,218,215,218,177,219,3,255,2,103,0,7,5,0,0,0,0,0,0,0,1,0,0,0,73,137,53,49,130,22,39,0,64,0,0,0,0,162,87,241,49,214,196,165,0,2,8,8,0,128,188,141,157,223,157,223,56,223,0,223,0,223,180,223,185,223,190,223,0,223,157,223,2,141,216,0,165,26,140,252,141,211
2026-08-17_14-08-30,1,761,3,0.0,0,700.0,-1,-1,165,244,0,4,64,0,1,200,0,0,0,0,0,18,18,0,8,36,128,0,2,0,0,0,0,7,0,25,64,0,3,1,1,31,0,47,144,218,108,218,62,220,62,220,209,221,179,218,215,218,177,219,3,255,2,103,0,7,5,0,0,0,0,0,0,0,1,0,0,0,73,137,53,49,130,22,39,0,64,0,0,0,0,162,87,241,49,214,196,165,0,2,8,8,0,128,188,141,157,223,157,223,56,223,0,223,0,223,180,223,185,223,190,223,0,223,157,223,2,141,216,0,165,26,140,252,141,211,169,69,0,4,64,0,1,68,0,0,0,0,0,18,18,0,8,36,128,0,2,0,0,0,0,7,0,25,57,0,3,1,1,31,0,47,108,218,144,218,62,220,62,220,209,221,179,218,215,218,177,219,3,255,2,103,0,7,1,0,0,0,0,0,0,0,1,0,0,0,77,141,58,49,130,22,39,0,64,0,0,0,0,83,23,161,49,214,196,165,0,2,8,7,0,128,188,141,157,223,157,223,56,223,0,223,0,223,180,223,185,223,190,223,0,223,157,223,2,141,216,0,165,26,140,252,141,211
2026-08-17_14-08-30,1,762,3,0.0,0,700.0,-1,-1,169,69,0,4,64,0,1,68,0,0,0,0,0,18,18,0,8,36,128,0,2,0,0,0,0,7,0,25,57,0,3,1,1,31,0,47,108,218,144,218,62,220,62,220,209,221,179,218,215,218,177,219,3,255,2,103,0,7,1,0,0,0,0,0,0,0,1,0,0,0,77,141,58,49,130,22,39,0,64,0,0,0,0,83,23,161,49,214,196,165,0,2,8,7,0,128,188,141,157,223,157,223,56,223,0,223,0,223,180,223,185,223,190,223,0,223,157,223,2,141,216,0,165,26,140,252,141,211,173,86,0,4,64,0,1,192,0,0,0,0,0,18,18,0,8,36,128,0,2,0,0,0,0,7,0,25,56,0,3,1,1,31,0,47,108,218,144,218,62,220,62,220,209,221,179,218,215,218,177,219,3,255,2,103,1,7,3,0,0,0,0,0,0,0,1,0,0,0,81,145,62,49,130,22,39,0,64,0,0,0,0,19,215,82,49,214,196,165,0,2,8,7,0,128,188,141,157,223,157,223,56,223,0,223,0,223,180,223,185,223,190,223,0,223,157,223,2,141,216,0,165,26,140,252,141,211
2026-08-17_14-08-30,1,763,3,0.0,0,700.0,-1,-1,173,86,0,4,64,0,1,192,0,0,0,0,0,18,18,0,8,36,128,0,2,0,0,0,0,7,0,25,56,0,3,1,1,31,0,47,108,218,144,218,62,220,62,220,209,221,179,218,215,218,177,219,3,255,2,103,1,7,3,0,0,0,0,0,0,0,1,0,0,0,81,145,62,49,130,22,39,0,64,0,0,0,0,19,215,82,49,214,196,165,0,2,8,7,0,128,188,141,157,223,157,223,56,223,0,223,0,223,180,223,185,223,190,223,0,223,157,223,2,141,216,0,165,26,140,252,141,211,177,110,0,4,64,0,1,60,0,0,0,0,0,18,18,0,8,36,128,0,2,0,0,0,0,7,0,25,55,0,3,1,1,31,0,47,144,218,108,218,62,220,62,220,209,221,179,218,215,218,177,219,3,255,2,103,2,7,5,0,0,0,0,0,0,0,1,0,0,0,85,149,67,49,130,22,39,0,64,0,0,0,0,211,151,2,49,214,196,165,0,2,8,8,0,128,188,141,157,223,157,223,56,223,0,223,0,223,180,223,185,223,190,223,0,223,157,223,2,141,216,0,165,26,140,252,141,211
2026-08-17_14-08-30,1,764,3,0.0,0,700.0,-1,-1,177,110,0,4,64,0,1,60,0,0,0,0,0,18,18,0,8,36,128,0,2,0,0,0,0,7,0,25,55,0,3,1,1,31,0,47,144,218,108,218,62,220,62,220,209,221,179,218,215,218,177,219,3,255,2,103,2,7,5,0,0,0,0,0,0,0,1,0,0,0,85,149,67,49,130,22,39,0,64,0,0,0,0,211,151,2,49,214,196,165,0,2,8,8,0,128,188,141,157,223,157,223,56,223,0,223,0,223,180,223,185,223,190,223,0,223,157,223,2,141,216,0,165,26,140,252,141,211,181,225,0,4,64,0,1,184,0,0,0,0,0,18,18,0,8,36,128,0,2,0,0,0,0,7,0,25,54,0,3,1,1,31,0,47,144,218,108,218,62,220,62,220,209,221,179,218,215,218,177,219,3,255,2,103,2,7,1,0,0,0,0,0,0,0,1,0,0,0,89,153,71,49,130,22,39,0,64,0,0,0,0,147,72,194,49,214,196,165,0,2,8,8,0,128,188,141,157,223,157,223,56,223,0,223,0,223,180,223,185,223,190,223,0,223,157,223,2,141,216,0,165,26,140,252,141,211
2026-08-17_14-08-30,1,765,3,0.0,0,700.0,-1,-1,181,225,0,4,64,0,1,184,0,0,0,0,0,18,18,0,8,36,128,0,2,0,0,0,0,7,0,25,54,0,3,1,1,31,0,47,144,218,108,218,62,220,62,220,209,221,179,218,215,218,177,219,3,255,2,103,2,7,1,0,0,0,0,0,0,0,1,0,0,0,89,153,71,49,130,22,39,0,64,0,0,0,0,147,72,194,49,214,196,165,0,2,8,8,0,128,188,141,157,223,157,223,56,223,0,223,0,223,180,223,185,223,190,223,0,223,157,223,2,141,216,0,165,26,140,252,141,211,185,30,0,4,64,0,1,52,0,0,0,0,0,18,18,0,8,36,128,0,2,0,0,0,0,7,0,25,53,0,3,1,1,31,0,47,108,218,144,218,62,220,62,220,209,221,179,218,215,218,177,219,3,255,2,103,3,7,3,0,0,0,0,0,0,0,1,0,0,0,93,157,76,49,130,22,39,0,64,0,0,0,0,68,8,99,49,214,196,165,0,2,8,7,0,128,188,141,157,223,157,223,56,223,0,223,0,223,180,223,185,223,190,223,0,223,157,223,2,141,216,0,165,26,140,252,141,211
2026-08-17_14-08-30,1,766,3,0.0,0,700.0,-1,-1,185,30,0,4,64,0,1,52,0,0,0,0,0,18,18,0,8,36,128,0,2,0,0,0,0,7,0,25,53,0,3,1,1,31,0,47,108,218,144,218,62,220,62,220,209,221,179,218,215,218,177,219,3,255,2,103,3,7,3,0,0,0,0,0,0,0,1,0,0,0,93,157,76,49,130,22,39,0,64,0,0,0,0,68,8,99,49,214,196,165,0,2,8,7,0,128,188,141,157,223,157,223,56,223,0,223,0,223,180,223,185,223,190,223,0,223,157,223,2,141,216,0,165,26,140,252,141,211,189,238,0,4,64,0,1,176,0,0,0,0,0,18,18,0,8,36,128,0,2,0,0,0,0,7,0,25,52,0,3,1,1,31,0,47,108,218,144,218,62,220,62,220,209,221,179,218,215,218,177,219,3,255,2,103,4,7,5,255,0,0,0,0,0,0,1,0,0,0,97,161,80,49,130,22,39,0,64,0,0,0,0,4,200,35,49,214,196,165,0,2,8,7,0,128,188,141,157,223,157,223,56,223,0,223,0,223,180,223,185,223,190,223,0,223,157,223,2,141,216,0,165,26,140,252,141,211
2026-08-17_14-08-30,1,767,3,0.0,0,700.0,-1,-1,189,238,0,4,64,0,1,176,0,0,0,0,0,18,18,0,8,36,128,0,2,0,0,0,0,7,0,25,52,0,3,1,1,31,0,47,108,218,144,218,62,220,62,220,209,221,179,218,215,218,177,219,3,255,2,103,4,7,5,255,0,0,0,0,0,0,1,0,0,0,97,161,80,49,130,22,39,0,64,0,0,0,0,4,200,35,49,214,196,165,0,2,8,7,0,128,188,141,157,223,157,223,56,223,0,223,0,223,180,223,185,223,190,223,0,223,157,223,2,141,216,0,165,26,140,252,141,211,193,233,0,4,64,0,1,44,0,0,0,0,0,18,18,0,8,36,128,0,2,0,0,0,0,7,0,25,51,0,3,1,1,31,0,47,144,218,108,218,62,220,62,220,209,221,179,218,215,218,177,219,3,255,2,103,4,7,1,255,0,0,0,2,0,0,1,0,0,0,101,165,53,49,130,22,39,0,64,0,0,0,0,196,121,241,49,214,196,165,0,2,8,8,0,128,188,141,157,223,157,223,56,223,0,223,0,223,180,223,185,223,190,223,0,223,157,223,2,141,216,0,165,26,140,252,141,211
2026-08-17_14-08-30,1,768,3,0.0,0,700.0,-1,-1,193,233,0,4,64,0,1,44,0,0,0,0,0,18,18,0,8,36,128,0,2,0,0,0,0,7,0,25,51,0,3,1,1,31,0,47,144,218,108,218,62,220,62,220,209,221,179,218,215,218,177,219,3,255,2,103,4,7,1,255,0,0,0,2,0,0,1,0,0,0,101,165,53,49,130,22,39,0,64,0,0,0,0,196,121,241,49,214,196,165,0,2,8,8,0,128,188,141,157,223,157,223,56,223,0,223,0,223,180,223,185,223,190,223,0,223,157,223,2,141,216,0,165,26,140,252,141,211,197,154,0,4,64,0,1,168,0,0,0,0,0,18,18,0,8,36,128,0,2,0,0,0,0,7,0,25,50,0,3,1,1,31,0,47,144,218,108,218,62,220,62,220,209,221,179,218,215,218,177,219,3,255,2,103,5,7,3,254,0,0,0,2,0,0,1,0,0,0,105,169,57,49,130,22,39,0,64,0,0,0,0,117,57,177,49,214,196,165,0,2,8,8,0,128,188,141,157,223,157,223,56,223,0,223,0,223,180,223,185,223,190,223,0,223,157,223,2,141,216,0,165,26,140,252,141,211
2026-08-17_14-08-30,1,769,3,0.0,0,700.0,-1,-1,197,154,0,4,64,0,1,168,0,0,0,0,0,18,18,0,8,36,128,0,2,0,0,0,0,7,0,25,50,0,3,1,1,31,0,47,144,218,108,218,62,220,62,220,209,221,179,218,215,218,177,219,3,255,2,103,5,7,3,254,0,0,0,2,0,0,1,0,0,0,105,169,57,49,130,22,39,0,64,0,0,0,0,117,57,177,49,214,196,165,0,2,8,8,0,128,188,141,157,223,157,223,56,223,0,223,0,223,180,223,185,223,190,223,0,223,157,223,2,141,216,0,165,26,140,252,141,211,201,164,0,4,64,0,1,36,0,0,0,0,0,18,18,0,8,36,128,0,2,0,0,0,0,7,0,25,49,0,3,1,1,31,0,47,108,218,144,218,62,220,62,220,209,221,179,218,215,218,177,219,3,255,2,103,6,7,5,253,0,0,0,2,0,0,1,0,0,0,109,173,62,49,130,22,39,0,64,0,0,0,0,53,249,82,49,214,196,165,0,2,8,7,0,128,188,141,157,223,157,223,56,223,0,223,0,223,180,223,185,223,190,223,0,223,157,223,2,141,216,0,165,26,140,252,141,211
2026-08-17_14-08-30,1,770,3,0.0,0,700.0,-1,-1,201,164,0,4,64,0,1,36,0,0,0,0,0,18,18,0,8,36,128,0,2,0,0,0,0,7,0,25,49,0,3,1,1,31,0,47,108,218,144,218,62,220,62,220,209,221,179,218,215,218,177,219,3,255,2,103,6,7,5,253,0,0,0,2,0,0,1,0,0,0,109,173,62,49,130,22,39,0,64,0,0,0,0,53,249,82,49,214,196,165,0,2,8,7,0,128,188,141,157,223,157,223,56,223,0,223,0,223,180,223,185,223,190,223,0,223,157,223,2,141,216,0,165,26,140,252,141,211,205,72,0,4,64,0,1,160,0,0,0,0,0,18,18,0,8,36,128,0,2,0,0,0,0,7,0,25,48,0,3,1,1,31,0,47,108,218,144,218,62,220,62,220,209,221,179,218,215,218,177,219,3,255,2,103,6,7,1,253,0,0,0,2,0,0,1,0,0,0,113,177,66,49,130,22,39,0,64,0,0,0,0,245,185,18,49,214,196,165,0,2,8,7,0,128,188,141,157,223,157,223,56,223,0,223,0,223,180,223,185,223,190,223,0,223,157,223,2,141,216,0,165,26,140,252,141,211
2026-08-17_14-08-30,1,771,3,0.0,0,700.0,-1,-1,205,72,0,4,64,0,1,160,0,0,0,0,0,18,18,0,8,36,128,0,2,0,0,0,0,7,0,25,48,0,3,1,1,31,0,47,108,218,144,218,62,220,62,220,209,221,179,218,215,218,177,219,3,255,2,103,6,7,1,253,0,0,0,2,0,0,1,0,0,0,113,177,66,49,130,22,39,0,64,0,0,0,0,245,185,18,49,214,196,165,0,2,8,7,0,128,188,141,157,223,157,223,56,223,0,223,0,223,180,223,185,223,190,223,0,223,157,223,2,141,216,0,165,26,140,252,141,211,209,128,0,4,64,0,1,28,0,0,0,0,0,18,18,0,8,36,128,0,2,0,0,0,0,7,0,25,41,0,3,1,1,31,0,47,144,218,108,218,62,220,62,220,209,221,179,218,215,218,177,219,3,255,2,103,7,7,3,252,0,0,0,2,0,0,1,0,0,0,117,181,71,49,130,22,39,0,64,0,0,0,0,181,106,194,49,214,196,165,0,2,8,8,0,128,188,141,157,223,157,223,56,223,0,223,0,223,180,223,185,223,190,223,0,223,157,223,2,141,216,0,165,26,140,252,141,211
2026-08-17_14-08-30,1,772,3,0.0,0,700.0,-1,-1,209,128,0,4,64,0,1,28,0,0,0,0,0,18,18,0,8,36,128,0,2,0,0,0,0,7,0,25,41,0,3,1,1,31,0,47,144,218,108,218,62,220,62,220,209,221,179,218,215,218,177,219,3,255,2,103,7,7,3,252,0,0,0,2,0,0,1,0,0,0,117,181,71,49,130,22,39,0,64,0,0,0,0,181,106,194,49,214,196,165,0,2,8,8,0,128,188,141,157,223,157,223,56,223,0,223,0,223,180,223,185,223,190,223,0,223,157,223,2,141,216,0,165,26,140,252,141,211,213,8,0,4,64,0,1,152,0,0,0,0,0,18,18,0,8,36,128,0,2,0,0,0,0,7,0,25,40,0,3,1,1,31,0,47,144,218,108,218,62,220,62,220,209,221,179,218,215,218,177,219,3,255,2,103,0,6,5,2,0,0,0,2,0,0,1,0,0,0,121,185,75,49,130,22,39,0,64,0,0,0,0,102,42,115,49,214,196,165,0,2,8,8,0,128,188,141,157,223,157,223,56,223,0,223,0,223,180,223,185,223,190,223,0,223,157,223,2,141,216,0,165,26,140,252,141,211
2026-08-17_14-08-30,1,773,3,0.0,0,700.0,-1,-1,213,8,0,4,64,0,1,152,0,0,0,0,0,18,18,0,8,36,128,0,2,0,0,0,0,7,0,25,40,0,3,1,1,31,0,47,144,218,108,218,62,220,62,220,209,221,179,218,215,218,177,219,3,255,2,103,0,6,5,2,0,0,0,2,0,0,1,0,0,0,121,185,75,49,130,22,39,0,64,0,0,0,0,102,42,115,49,214,196,165,0,2,8,8,0,128,188,141,157,223,157,223,56,223,0,223,0,223,180,223,185,223,190,223,0,223,157,223,2,141,216,0,165,26,140,252,141,211,217,132,0,4,64,0,1,20,0,0,0,0,0,18,18,0,8,36,128,0,2,0,0,0,0,7,0,25,39,0,3,1,1,31,0,47,108,218,144,218,62,220,62,220,209,221,179,218,215,218,177,219,3,255,2,103,0,6,1,2,0,0,0,2,0,0,1,0,0,0,125,189,80,49,130,22,39,0,64,0,0,0,0,38,234,35,49,214,196,165,0,2,8,7,0,128,188,141,157,223,157,223,56,223,0,223,0,223,180,223,185,223,190,223,0,223,157,223,2,141,216,0,165,26,140,252,141,211
2026-08-17_14-08-30,1,774,3,0.0,0,700.0,-1,-1,217,132,0,4,64,0,1,20,0,0,0,0,0,18,18,0,8,36,128,0,2,0,0,0,0,7,0,25,39,0,3,1,1,31,0,47,108,218,144,218,62,220,62,220,209,221,179,218,215,218,177,219,3,255,2,103,0,6,1,2,0,0,0,2,0,0,1,0,0,0,125,189,80,49,130,22,39,0,64,0,0,0,0,38,234,35,49,214,196,165,0,2,8,7,0,128,188,141,157,223,157,223,56,223,0,223,0,223,180,223,185,223,190,223,0,223,157,223,2,141,216,0,165,26,140,252,141,211,221,74,0,4,64,0,1,144,0,0,0,0,0,18,18,0,8,36,128,0,2,0,0,0,0,7,0,25,38,0,3,1,1,31,0,47,108,218,144,218,62,220,62,220,209,221,179,218,215,218,177,219,3,255,2,103,1,6,3,2,0,0,0,2,0,0,1,0,0,0,129,193,84,49,130,22,39,0,64,0,0,0,0,230,170,227,49,214,196,165,0,2,8,7,0,128,188,141,157,223,157,223,56,223,0,223,0,223,180,223,185,223,190,223,0,223,157,223,2,141,216,0,165,26,140,252,141,211
2026-08-17_14-08-30,1,775,8,100.0,0,800.0,-1,-1,221,74,0,4,64,0,1,144,0,0,0,0,0,18,18,0,8,36,128,0,2,0,0,0,0,7,0,25,38,0,3,1,1,31,0,47,108,218,144,218,62,220,62,220,209,221,179,218,215,218,177,219,3,255,2,103,1,6,3,2,0,0,0,2,0,0,1,0,0,0,129,193,84,49,130,22,39,0,64,0,0,0,0,230,170,227,49,214,196,165,0,2,8,7,0,128,188,141,157,223,157,223,56,223,0,223,0,223,180,223,185,223,190,223,0,223,157,223,2,141,216,0,165,26,140,252,141,211,225,161,0,4,64,0,1,12,0,0,6,0,0,18,18,0,8,36,128,0,2,0,0,0,0,8,0,25,37,0,3,1,1,31,0,47,126,220,108,218,218,220,62,220,209,221,179,218,215,218,177,219,3,1,2,103,2,6,5,2,0,0,9,0,3,0,64,0,0,0,129,193,89,49,130,22,39,128,64,0,0,0,0,230,170,147,49,214,196,165,0,0,8,2,0,128,188,141,157,223,157,223,64,223,0,223,0,223,180,223,185,223,190,223,0,223,157,223,2,141,216,0,165,26,140,252,141,211
2026-08-17_14-08-30,1,776,8,0.0,0,800.0,-1,-1,225,161,0,4,64,0,1,12,0,0,6,0,0,18,18,0,8,36,128,0,2,0,0,0,0,8,0,25,37,0,3,1,1,31,0,47,126,220,108,218,218,220,62,220,209,221,179,218,215,218,177,219,3,1,2,103,2,6,5,2,0,0,9,0,3,0,64,0,0,0,129,193,89,49,130,22,39,128,64,0,0,0,0,230,170,147,49,214,196,165,0,0,8,2,0,128,188,141,157,223,157,223,64,223,0,223,0,223,180,223,185,223,190,223,0,223,157,223,2,141,216,0,165,26,140,252,141,211,229,26,0,4,64,0,1,136,0,0,2,0,0,18,18,0,8,36,128,0,2,0,0,0,0,8,0,25,36,0,3,1,1,31,0,47,126,220,108,218,218,220,62,220,209,221,179,218,215,218,177,219,3,1,2,103,2,6,1,2,0,0,5,0,3,0,64,0,0,0,129,193,93,49,130,22,39,64,64,0,0,0,0,230,170,68,49,214,196,165,0,0,8,2,0,128,188,141,157,223,157,223,64,223,0,223,0,223,180,223,185,223,190,223,0,223,157,223,2,141,216,0,165,26,140,252,141,211
2026-08-17_14-08-30,1,777,3,0.0,0,800.0,-1,-1,229,26,0,4,64,0,1,136,0,0,2,0,0,18,18,0,8,36,128,0,2,0,0,0,0,8,0,25,36,0,3,1,1,31,0,47,126,220,108,218,218,220,62,220,209,221,179,218,215,218,177,219,3,1,2,103,2,6,1,2,0,0,5,0,3,0,64,0,0,0,129,193,93,49,130,22,39,64,64,0,0,0,0,230,170,68,49,214,196,165,0,0,8,2,0,128,188,141,157,223,157,223,64,223,0,223,0,223,180,223,185,223,190,223,0,223,157,223,2,141,216,0,165,26,140,252,141,211,233,172,0,4,64,0,1,4,0,0,9,0,0,18,18,0,8,36,128,0,2,0,0,0,0,8,0,25,35,0,3,1,1,31,0,47,126,220,144,218,218,220,62,220,209,221,179,218,215,218,177,219,3,1,2,103,3,6,3,2,0,0,1,0,3,0,1,0,0,0,130,194,98,49,130,22,39,132,64,0,0,0,0,214,154,244,49,214,196,165,0,0,8,2,0,128,188,141,157,223,157,223,64,223,0,223,0,223,180,223,185,223,190,223,0,223,157,223,2,141,216,0,165,26,140,252,141,211
2026-08-17_14-08-30,1,778,8,0.0,0,800.0,-1,-1,233,172,0,4,64,0,1,4,0,0,9,0,0,18,18,0,8,36,128,0,2,0,0,0,0,8,0,25,35,0,3,1,1,31,0,47,126,220,144,218,218,220,62,220,209,221,179,218,215,218,177,219,3,1,2,103,3,6,3,2,0,0,1,0,3,0,1,0,0,0,130,194,98,49,130,22,39,132,64,0,0,0,0,214,154,244,49,214,196,165,0,0,8,2,0,128,188,141,157,223,157,223,64,223,0,223,0,223,180,223,185,223,190,223,0,223,157,223,2,141,216,0,165,26,140,252,141,211,237,204,0,4,64,0,1,128,0,0,5,0,0,18,18,0,8,36,128,0,2,0,0,0,0,8,0,25,34,0,3,1,1,31,0,47,126,220,144,218,218,220,62,220,209,221,179,218,215,218,177,219,3,1,2,103,0,6,5,1,0,0,0,0,0,0,1,0,0,0,130,194,102,49,130,22,39,132,64,0,0,0,0,214,154,180,49,214,196,165,0,0,8,2,0,128,188,141,157,223,157,223,64,223,0,223,0,223,180,223,185,223,190,223,0,223,157,223,2,141,216,0,165,26,140,252,141,211
2026-08-17_14-08-30,1,779,8,0.0,0,800.0,-1,-1,237,204,0,4,64,0,1,128,0,0,5,0,0,18,18,0,8,36,128,0,2,0,0,0,0,8,0,25,34,0,3,1,1,31,0,47,126,220,144,218,218,220,62,220,209,221,179,218,215,218,177,219,3,1,2,103,0,6,5,1,0,0,0,0,0,0,1,0,0,0,130,194,102,49,130,22,39,132,64,0,0,0,0,214,154,180,49,214,196,165,0,0,8,2,0,128,188,141,157,223,157,223,64,223,0,223,0,223,180,223,185,223,190,223,0,223,157,223,2,141,216,0,165,26,140,252,141,211,241,202,0,4,64,0,1,252,0,0,1,0,0,18,18,0,8,36,128,0,2,0,0,0,0,8,0,25,33,0,3,1,1,31,0,47,126,220,108,218,218,220,62,220,209,221,179,218,215,218,177,219,3,1,2,103,0,6,1,1,0,0,0,0,0,0,1,0,0,0,130,194,106,49,130,22,39,161,64,0,0,0,0,214,154,101,49,214,196,165,0,0,8,2,0,128,188,141,157,223,157,223,64,223,0,223,0,223,180,223,185,223,190,223,0,223,157,223,2,141,216,0,165,26,140,252,141,211
2026-08-17_14-08-30,1,780,8,0.0,0,800.0,-1,-1,241,202,0,4,64,0,1,252,0,0,1,0,0,18,18,0,8,36,128,0,2,0,0,0,0,8,0,25,33,0,3,1,1,31,0,47,126,220,108,218,218,220,62,220,209,221,179,218,215,218,177,219,3,1,2,103,0,6,1,1,0,0,0,0,0,0,1,0,0,0,130,194,106,49,130,22,39,161,64,0,0,0,0,214,154,101,49,214,196,165,0,0,8,2,0,128,188,141,157,223,157,223,64,223,0,223,0,223,180,223,185,223,190,223,0,223,157,223,2,141,216,0,165,26,140,252,141,211,245,169,0,4,64,0,1,120,0,0,0,0,0,18,18,0,8,36,128,0,2,0,0,0,0,8,0,25,32,0,3,1,1,31,0,47,72,218,108,218,62,220,62,220,209,221,179,218,215,218,177,219,3,255,2,103,1,6,3,1,0,0,0,0,0,0,1,0,0,0,130,194,111,49,130,22,39,161,64,0,0,0,0,214,154,21,49,214,196,165,0,0,8,5,0,128,188,141,157,223,157,223,64,223,0,223,0,223,180,223,185,223,190,223,0,223,157,223,2,141,216,0,165,26,140,252,141,211
2026-08-17_14-08-30,1,781,8,0.0,0,800.0,-1,-1,245,169,0,4,64,0,1,120,0,0,0,0,0,18,18,0,8,36,128,0,2,0,0,0,0,8,0,25,32,0,3,1,1,31,0,47,72,218,108,218,62,220,62,220,209,221,179,218,215,218,177,219,3,255,2,103,1,6,3,1,0,0,0,0,0,0,1,0,0,0,130,194,111,49,130,22,39,161,64,0,0,0,0,214,154,21,49,214,196,165,0,0,8,5,0,128,188,141,157,223,157,223,64,223,0,223,0,223,180,223,185,223,190,223,0,223,157,223,2,141,216,0,165,26,140,252,141,211,249,158,0,4,64,0,1,244,0,0,0,0,0,18,18,0,8,36,128,0,2,0,0,0,0,8,0,25,25,0,3,1,1,31,0,47,108,218,144,218,62,220,62,220,209,221,179,218,215,218,177,219,3,255,2,103,2,6,5,1,0,0,0,0,0,0,1,0,0,0,131,195,115,49,130,22,39,80,64,0,0,0,0,198,123,213,49,214,196,165,0,0,8,7,0,128,188,141,157,223,157,223,64,223,0,223,0,223,180,223,185,223,190,223,0,223,157,223,2,141,216,0,165,26,140,252,141,211
2026-08-17_14-08-30,1,782,3,100.0,0,900.0,-1,-1,249,158,0,4,64,0,1,244,0,0,0,0,0,18,18,0,8,36,128,0,2,0,0,0,0,8,0,25,25,0,3,1,1,31,0,47,108,218,144,218,62,220,62,220,209,221,179,218,215,218,177,219,3,255,2,103,2,6,5,1,0,0,0,0,0,0,1,0,0,0,131,195,115,49,130,22,39,80,64,0,0,0,0,198,123,213,49,214,196,165,0,0,8,7,0,128,188,141,157,223,157,223,64,223,0,223,0,223,180,223,185,223,190,223,0,223,157,223,2,141,216,0,165,26,140,252,141,211,253,230,0,4,64,0,1,81,0,0,8,0,0,18,18,0,8,36,128,50,2,0,0,0,0,9,0,25,24,0,3,1,1,31,0,47,126,220,144,218,218,220,62,220,209,221,179,218,215,218,177,219,3,1,64,103,2,6,1,1,0,0,9,0,3,0,0,0,0,0,133,197,49,49,130,22,39,138,64,0,0,0,0,166,91,49,49,214,196,165,0,0,8,2,0,0,188,141,157,223,157,223,72,223,0,223,0,223,180,223,185,223,190,223,0,223,157,223,2,141,216,0,165,26,63,252,141,211
2026-08-17_14-08-30,1,783,8,0.0,0,900.0,-1,-1,253,230,0,4,64,0,1,81,0,0,8,0,0,18,18,0,8,36,128,50,2,0,0,0,0,9,0,25,24,0,3,1,1,31,0,47,126,220,144,218,218,220,62,220,209,221,179,218,215,218,177,219,3,1,64,103,2,6,1,1,0,0,9,0,3,0,0,0,0,0,133,197,49,49,130,22,39,138,64,0,0,0,0,166,91,49,49,214,196,165,0,0,8,2,0,0,188,141,157,223,157,223,72,223,0,223,0,223,180,223,185,223,190,223,0,223,157,223,2,141,216,0,165,26,63,252,141,211,1,109,0,5,64,0,1,81,0,0,4,0,0,18,18,0,8,36,128,46,2,0,0,0,0,9,0,25,23,0,3,1,1,31,0,47,126,220,144,218,218,220,62,220,209,221,179,218,215,218,177,219,3,1,64,103,3,6,3,1,0,0,5,0,3,0,0,0,0,0,133,197,49,49,130,22,39,138,64,0,0,0,0,166,91,49,49,214,196,165,0,0,8,2,0,0,188,141,157,223,157,223,72,223,0,223,0,223,180,223,185,223,190,223,0,223,157,223,2,141,216,0,165,26,63,252,141,211
2026-08-17_14-08-30,1,784,3,0.0,0,900.0,-1,-1,1,109,0,5,64,0,1,81,0,0,4,0,0,18,18,0,8,36,128,46,2,0,0,0,0,9,0,25,23,0,3,1,1,31,0,47,126,220,144,218,218,220,62,220,209,221,179,218,215,218,177,219,3,1,64,103,3,6,3,1,0,0,5,0,3,0,0,0,0,0,133,197,49,49,130,22,39,138,64,0,0,0,0,166,91,49,49,214,196,165,0,0,8,2,0,0,188,141,157,223,157,223,72,223,0,223,0,223,180,223,185,223,190,223,0,223,157,223,2,141,216,0,165,26,63,252,141,211,5,208,0,5,64,0,1,81,0,0,0,0,0,18,18,0,8,36,128,42,2,0,0,0,0,9,0,25,22,0,3,1,1,31,0,47,72,218,144,218,62,220,62,220,209,221,179,218,215,218,177,219,3,255,64,103,0,6,5,0,0,0,1,0,3,0,1,0,0,0,133,197,49,49,130,22,39,17,64,0,0,0,0,166,91,49,49,214,196,165,0,0,8,5,0,0,188,141,157,223,157,223,72,223,0,223,0,223,180,223,185,223,190,223,0,223,157,223,2,141,216,0,165,26,63,252,141,211
2026-08-17_14-08-30,1,785,8,0.0,0,900.0,-1,-1,5,208,0,5,64,0,1,81,0,0,0,0,0,18,18,0,8,36,128,42,2,0,0,0,0,9,0,25,22,0,3,1,1,31,0,47,72,218,144,218,62,220,62,220,209,221,179,218,215,218,177,219,3,255,64,103,0,6,5,0,0,0,1,0,3,0,1,0,0,0,133,197,49,49,130,22,39,17,64,0,0,0,0,166,91,49,49,214,196,165,0,0,8,5,0,0,188,141,157,223,157,223,72,223,0,223,0,223,180,223,185,223,190,223,0,223,157,223,2,141,216,0,165,26,63,252,141,211,9,5,0,5,64,0,1,81,0,0,7,0,0,18,18,0,8,36,128,38,2,0,0,0,0,9,0,25,21,0,3,1,1,31,0,47,126,220,144,218,218,220,62,220,209,221,179,218,215,218,177,219,3,1,64,103,0,6,1,0,0,0,0,0,0,0,1,0,0,0,134,198,49,49,130,22,39,132,64,0,0,0,0,150,75,49,49,214,196,165,0,0,8,2,0,0,188,141,157,223,157,223,72,223,0,223,0,223,180,223,185,223,190,223,0,223,157,223,2,141,216,0,165,26,200,250,141,211
2026-08-17_14-08-30,1,786,8,0.0,0,900.0,-1,-1,9,5,0,5,64,0,1,81,0,0,7,0,0,18,18,0,8,36,128,38,2,0,0,0,0,9,0,25,21,0,3,1,1,31,0,47,126,220,144,218,218,220,62,220,209,221,179,218,215,218,177,219,3,1,64,103,0,6,1,0,0,0,0,0,0,0,1,0,0,0,134,198,49,49,130,22,39,132,64,0,0,0,0,150,75,49,49,214,196,165,0,0,8,2,0,0,188,141,157,223,157,223,72,223,0,223,0,223,180,223,185,223,190,223,0,223,157,223,2,141,216,0,165,26,200,250,141,211,13,82,0,5,64,0,1,81,0,0,3,0,0,18,18,0,8,36,128,34,2,0,0,0,0,9,0,25,20,0,3,1,1,31,0,47,126,220,144,218,218,220,62,220,209,221,179,218,215,218,177,219,3,1,64,103,1,6,3,0,0,0,0,0,0,0,1,0,0,0,134,198,49,49,130,22,39,66,64,0,0,0,0,150,75,49,49,214,196,165,0,0,8,2,0,0,188,141,157,223,157,223,72,223,0,223,0,223,180,223,185,223,190,223,0,223,157,223,2,141,216,0,165,26,200,250,141,211
2026-08-17_14-08-30,1,787,3,0.0,0,900.0,-1,-1,13,82,0,5,64,0,1,81,0,0,3,0,0,18,18,0,8,36,128,34,2,0,0,0,0,9,0,25,20,0,3,1,1,31,0,47,126,220,144,218,218,220,62,220,209,221,179,218,215,218,177,219,3,1,64,103,1,6,3,0,0,0,0,0,0,0,1,0,0,0,134,198,49,49,130,22,39,66,64,0,0,0,0,150,75,49,49,214,196,165,0,0,8,2,0,0,188,141,157,223,157,223,72,223,0,223,0,223,180,223,185,223,190,223,0,223,157,223,2,141,216,0,165,26,200,250,141,211,17,44,0,5,64,0,1,81,0,0,9,0,0,18,18,0,8,36,128,30,2,0,0,0,0,9,0,25,19,0,3,1,1,31,0,47,126,220,144,218,218,220,62,220,209,221,179,218,215,218,177,219,3,1,64,103,2,6,5,0,0,0,0,0,0,0,1,0,0,0,134,198,49,49,130,22,39,132,64,0,0,0,0,150,75,49,49,214,196,165,0,0,8,2,0,0,188,141,157,223,157,223,72,223,0,223,0,223,180,223,185,223,190,223,0,223,157,223,2,141,216,0,165,26,200,250,141,211
2026-08-17_14-08-30,1,788,8,0.0,0,900.0,-1,-1,17,44,0,5,64,0,1,81,0,0,9,0,0,18,18,0,8,36,128,30,2,0,0,0,0,9,0,25,19,0,3,1,1,31,0,47,126,220,144,218,218,220,62,220,209,221,179,218,215,218,177,219,3,1,64,103,2,6,5,0,0,0,0,0,0,0,1,0,0,0,134,198,49,49,130,22,39,132,64,0,0,0,0,150,75,49,49,214,196,165,0,0,8,2,0,0,188,141,157,223,157,223,72,223,0,223,0,223,180,223,185,223,190,223,0,223,157,223,2,141,216,0,165,26,200,250,141,211,21,196,0,5,64,0,1,81,0,0,5,0,0,18,18,0,8,36,128,26,2,0,0,0,0,9,0,25,18,0,3,1,1,31,0,47,126,220,144,218,218,220,62,220,209,221,179,218,215,218,177,219,3,1,64,103,2,6,1,0,0,0,0,0,0,0,1,0,0,0,134,198,49,49,130,22,39,132,64,0,0,0,0,150,75,49,49,214,196,165,0,0,8,2,0,0,188,141,157,223,157,223,72,223,0,223,0,223,180,223,185,223,190,223,0,223,157,223,2,141,216,0,165,26,200,250,141,211
2026-08-17_14-08-30,1,789,8,0.0,0,900.0,-1,-1,21,196,0,5,64,0,1,81,0,0,5,0,0,18,18,0,8,36,128,26,2,0,0,0,0,9,0,25,18,0,3,1,1,31,0,47,126,220,144,218,218,220,62,220,209,221,179,218,215,218,177,219,3,1,64,103,2,6,1,0,0,0,0,0,0,0,1,0,0,0,134,198,49,49,130,22,39,132,64,0,0,0,0,150,75,49,49,214,196,165,0,0,8,2,0,0,188,141,157,223,157,223,72,223,0,223,0,223,180,223,185,223,190,223,0,223,157,223,2,141,216,0,165,26,200,250,141,211,25,78,0,5,64,0,1,81,0,0,1,0,0,18,18,0,8,36,128,22,2,0,0,0,0,9,0,25,17,0,3,1,1,31,0,47,126,220,144,218,218,220,62,220,209,221,179,218,215,218,177,219,3,1,64,103,3,6,3,0,0,0,0,0,0,0,1,0,0,0,134,198,49,49,130,22,39,33,64,0,0,0,0,150,75,49,49,214,196,165,0,0,8,2,0,0,188,141,157,223,157,223,72,223,0,223,0,223,180,223,185,223,190,223,0,223,157,223,2,141,216,0,165,26,200,250,141,211
2026-08-17_14-08-30,1,790,3,0.0,0,900.0,-1,-1,25,78,0,5,64,0,1,81,0,0,1,0,0,18,18,0,8,36,128,22,2,0,0,0,0,9,0,25,17,0,3,1,1,31,0,47,126,220,144,218,218,220,62,220,209,221,179,218,215,218,177,219,3,1,64,103,3,6,3,0,0,0,0,0,0,0,1,0,0,0,134,198,49,49,130,22,39,33,64,0,0,0,0,150,75,49,49,214,196,165,0,0,8,2,0,0,188,141,157,223,157,223,72,223,0,223,0,223,180,223,185,223,190,223,0,223,157,223,2,141,216,0,165,26,200,250,141,211,29,227,0,5,64,0,1,81,0,0,9,0,0,18,18,0,8,36,128,18,2,0,0,0,0,9,0,25,16,0,3,1,1,31,0,47,126,220,144,218,218,220,62,220,209,221,179,218,215,218,177,219,3,1,64,103,4,6,5,255,0,0,0,0,0,0,1,0,0,0,136,200,49,49,130,22,39,130,64,0,0,0,0,103,43,49,49,214,196,165,0,0,8,2,0,0,188,141,157,223,157,223,72,223,0,223,0,223,180,223,185,223,190,223,0,223,157,223,2,141,216,0,165,26,200,250,141,211
2026-08-17_14-08-30,1,791,8,0.0,0,900.0,-1,-1,29,227,0,5,64,0,1,81,0,0,9,0,0,18,18,0,8,36,128,18,2,0,0,0,0,9,0,25,16,0,3,1,1,31,0,47,126,220,144,218,218,220,62,220,209,221,179,218,215,218,177,219,3,1,64,103,4,6,5,255,0,0,0,0,0,0,1,0,0,0,136,200,49,49,130,22,39,130,64,0,0,0,0,103,43,49,49,214,196,165,0,0,8,2,0,0,188,141,157,223,157,223,72,223,0,223,0,223,180,223,185,223,190,223,0,223,157,223,2,141,216,0,165,26,200,250,141,211,33,63,0,5,64,0,1,81,0,0,5,0,0,18,18,0,8,36,128,14,2,0,0,0,0,9,0,25,9,0,3,1,1,31,0,47,126,220,144,218,218,220,62,220,209,221,179,218,215,218,177,219,3,1,64,103,4,6,1,255,0,0,0,0,0,0,1,0,0,0,136,200,49,49,130,22,39,130,64,0,0,0,0,103,43,49,49,214,196,165,0,0,8,2,0,0,188,141,157,223,157,223,72,223,0,223,0,223,180,223,185,223,190,223,0,223,157,223,2,141,216,0,165,26,200,250,141,211
2026-08-17_14-08-30,1,792,3,0.0,0,900.0,-1,-1,33,63,0,5,64,0,1,81,0,0,5,0,0,18,18,0,8,36,128,14,2,0,0,0,0,9,0,25,9,0,3,1,1,31,0,47,126,220,144,218,218,220,62,220,209,221,179,218,215,218,177,219,3,1,64,103,4,6,1,255,0,0,0,0,0,0,1,0,0,0,136,200,49,49,130,22,39,130,64,0,0,0,0,103,43,49,49,214,196,165,0,0,8,2,0,0,188,141,157,223,157,223,72,223,0,223,0,223,180,223,185,223,190,223,0,223,157,223,2,141,216,0,165,26,200,250,141,211,37,252,0,5,64,0,1,81,0,0,1,0,0,18,18,0,8,36,128,10,2,0,0,0,0,9,0,25,8,0,3,1,1,31,0,47,126,220,144,218,218,220,62,220,209,221,179,218,215,218,177,219,3,1,64,103,5,6,3,254,0,0,0,0,0,0,1,0,0,0,136,200,49,49,130,22,39,16,64,0,0,0,0,103,43,49,49,214,196,165,0,0,8,2,0,0,188,141,157,223,157,223,72,223,0,223,0,223,180,223,185,223,190,223,0,223,157,223,2,141,216,0,165,26,200,250,141,211
2026-08-17_14-08-30,1,793,3,0.0,0,900.0,-1,-1,37,252,0,5,64,0,1,81,0,0,1,0,0,18,18,0,8,36,128,10,2,0,0,0,0,9,0,25,8,0,3,1,1,31,0,47,126,220,144,218,218,220,62,220,209,221,179,218,215,218,177,219,3,1,64,103,5,6,3,254,0,0,0,0,0,0,1,0,0,0,136,200,49,49,130,22,39,16,64,0,0,0,0,103,43,49,49,214,196,165,0,0,8,2,0,0,188,141,157,223,157,223,72,223,0,223,0,223,180,223,185,223,190,223,0,223,157,223,2,141,216,0,165,26,200,250,141,211,41,193,0,5,64,0,1,81,0,0,0,0,0,18,18,0,8,36,128,6,2,0,0,0,0,9,0,25,7,0,3,1,1,31,0,47,108,218,144,218,62,220,62,220,209,221,179,218,215,218,177,219,3,255,64,103,6,6,5,253,0,0,0,0,0,0,1,0,0,0,139,203,49,49,130,22,39,1,64,0,0,0,0,55,251,49,49,214,196,165,0,0,8,7,0,0,188,141,157,223,157,223,72,223,0,223,0,223,180,223,185,223,190,223,0,223,157,223,2,141,216,0,165,26,200,250,141,211
2026-08-17_14-08-30,1,794,3,0.0,0,900.0,-1,-1,41,193,0,5,64,0,1,81,0,0,0,0,0,18,18,0,8,36,128,6,2,0,0,0,0,9,0,25,7,0,3,1,1,31,0,47,108,218,144,218,62,220,62,220,209,221,179,218,215,218,177,219,3,255,64,103,6,6,5,253,0,0,0,0,0,0,1,0,0,0,139,203,49,49,130,22,39,1,64,0,0,0,0,55,251,49,49,214,196,165,0,0,8,7,0,0,188,141,157,223,157,223,72,223,0,223,0,223,180,223,185,223,190,223,0,223,157,223,2,141,216,0,165,26,200,250,141,211,45,28,0,5,64,0,1,81,0,0,8,0,0,18,18,0,8,36,128,2,2,0,0,0,0,9,0,25,6,0,3,1,1,31,0,47,126,220,144,218,218,220,62,220,209,221,179,218,215,218,177,219,3,1,64,103,6,6,1,253,0,0,0,0,0,0,1,0,0,0,141,205,49,49,130,22,39,128,64,0,0,0,0,23,219,49,49,214,196,165,0,0,8,2,0,0,188,141,157,223,157,223,72,223,0,223,0,223,180,223,185,223,190,223,0,223,157,223,2,141,216,0,165,26,200,250,141,211
2026-08-17_14-08-30,1,795,8,0.0,0,900.0,-1,-1,45,28,0,5,64,0,1,81,0,0,8,0,0,18,18,0,8,36,128,2,2,0,0,0,0,9,0,25,6,0,3,1,1,31,0,47,126,220,144,218,218,220,62,220,209,221,179,218,215,218,177,219,3,1,64,103,6,6,1,253,0,0,0,0,0,0,1,0,0,0,141,205,49,49,130,22,39,128,64,0,0,0,0,23,219,49,49,214,196,165,0,0,8,2,0,0,188,141,157,223,157,223,72,223,0,223,0,223,180,223,185,223,190,223,0,223,157,223,2,141,216,0,165,26,200,250,141,211,49,207,0,5,64,0,1,143,0,0,4,0,0,18,18,0,8,36,128,0,2,0,0,0,0,9,0,25,5,0,3,1,1,31,0,47,126,220,144,218,218,220,62,220,209,221,179,218,215,218,177,219,3,1,2,103,7,6,3,252,0,0,0,0,0,0,1,0,0,0,141,205,52,49,130,22,39,128,64,0,0,0,0,23,219,1,49,214,196,165,0,3,8,2,0,128,188,141,157,223,157,223,72,223,0,223,0,223,180,223,185,223,190,223,0,223,157,223,2,141,216,0,165,26,140,252,141,211
2026-08-17_14-08-30,1,796,3,0.0,0,900.0,-1,-1,49,207,0,5,64,0,1,143,0,0,4,0,0,18,18,0,8,36,128,0,2,0,0,0,0,9,0,25,5,0,3,1,1,31,0,47,126,220,144,218,218,220,62,220,209,221,179,218,215,218,177,219,3,1,2,103,7,6,3,252,0,0,0,0,0,0,1,0,0,0,141,205,52,49,130,22,39,128,64,0,0,0,0,23,219,1,49,214,196,165,0,3,8,2,0,128,188,141,157,223,157,223,72,223,0,223,0,223,180,223,185,223,190,223,0,223,157,223,2,141,216,0,165,26,140,252,141,211,53,251,0,5,64,0,1,11,0,0,0,0,0,18,18,0,8,36,128,0,2,0,0,0,0,9,0,25,4,0,3,1,1,31,0,47,72,218,144,218,62,220,62,220,209,221,179,218,215,218,177,219,3,255,2,103,0,5,5,2,0,0,0,0,0,0,1,0,0,0,141,205,57,49,130,22,39,8,64,0,0,0,0,23,219,177,49,214,196,165,0,3,8,5,0,128,188,141,157,223,157,223,72,223,0,223,0,223,180,223,185,223,190,223,0,223,157,223,2,141,216,0,165,26,140,252,141,211
2026-08-17_14-08-30,1,797,3,0.0,0,900.0,-1,-1,53,251,0,5,64,0,1,11,0,0,0,0,0,18,18,0,8,36,128,0,2,0,0,0,0,9,0,25,4,0,3,1,1,31,0,47,72,218,144,218,62,220,62,220,209,221,179,218,215,218,177,219,3,255,2,103,0,5,5,2,0,0,0,0,0,0,1,0,0,0,141,205,57,49,130,22,39,8,64,0,0,0,0,23,219,177,49,214,196,165,0,3,8,5,0,128,188,141,157,223,157,223,72,223,0,223,0,223,180,223,185,223,190,223,0,223,157,223,2,141,216,0,165,26,140,252,141,211,57,178,0,5,64,0,1,135,0,0,0,0,0,18,18,0,8,36,128,0,2,0,0,0,0,9,0,25,3,0,3,1,1,31,0,47,108,218,108,218,62,220,62,220,209,221,179,218,215,218,177,219,3,255,2,103,0,5,1,2,0,0,0,0,0,0,1,0,0,0,145,209,61,49,130,22,39,0,64,0,0,0,0,215,155,98,49,214,196,165,0,3,8,7,0,128,188,141,157,223,157,223,72,223,0,223,0,223,180,223,185,223,190,223,0,223,157,223,2,141,216,0,165,26,140,252,141,211
2026-08-17_14-08-30,1,798,3,0.0,0,900.0,-1,-1,57,178,0,5,64,0,1,135,0,0,0,0,0,18,18,0,8,36,128,0,2,0,0,0,0,9,0,25,3,0,3,1,1,31,0,47,108,218,108,218,62,220,62,220,209,221,179,218,215,218,177,219,3,255,2,103,0,5,1,2,0,0,0,0,0,0,1,0,0,0,145,209,61,49,130,22,39,0,64,0,0,0,0,215,155,98,49,214,196,165,0,3,8,7,0,128,188,141,157,223,157,223,72,223,0,223,0,223,180,223,185,223,190,223,0,223,157,223,2,141,216,0,165,26,140,252,141,211,61,34,0,5,64,0,2,3,0,0,0,0,0,18,18,0,8,36,128,0,2,0,0,0,0,9,0,25,2,0,3,1,1,31,0,47,108,218,108,218,62,220,62,220,209,221,179,218,215,218,177,219,3,255,2,103,1,5,3,2,0,0,0,1,0,0,1,0,0,0,149,53,50,49,130,22,39,0,64,0,0,0,0,151,241,33,49,214,196,165,0,3,8,7,0,128,188,141,157,223,157,223,72,223,0,223,0,223,180,223,185,223,190,223,0,223,157,223,2,141,216,0,165,26,140,252,141,211
2026-08-17_14-08-30,1,799,3,0.0,0,900.0,-1,-1,61,34,0,5,64,0,2,3,0,0,0,0,0,18,18,0,8,36,128,0,2,0,0,0,0,9,0,25,2,0,3,1,1,31,0,47,108,218,108,218,62,220,62,220,209,221,179,218,215,218,177,219,3,255,2,103,1,5,3,2,0,0,0,1,0,0,1,0,0,0,149,53,50,49,130,22,39,0,64,0,0,0,0,151,241,33,49,214,196,165,0,3,8,7,0,128,188,141,157,223,157,223,72,223,0,223,0,223,180,223,185,223,190,223,0,223,157,223,2,141,216,0,165,26,140,252,141,211,65,35,0,5,64,0,2,127,0,0,0,0,0,18,18,0,8,36,128,0,2,0,0,0,0,9,0,25,1,0,3,1,1,31,0,47,144,218,144,218,62,220,62,220,209,221,179,218,215,218,177,219,3,255,2,103,2,5,5,2,0,0,0,1,0,0,1,0,0,0,153,57,54,49,130,22,39,0,64,0,0,0,0,72,177,225,49,214,196,165,0,3,8,8,0,128,188,141,157,223,157,223,72,223,0,223,0,223,180,223,185,223,190,223,0,223,157,223,2,141,216,0,165,26,140,252,141,211
2026-08-17_14-08-30,1,800,3,0.0,0,900.0,-1,-1,65,35,0,5,64,0,2,127,0,0,0,0,0,18,18,0,8,36,128,0,2,0,0,0,0,9,0,25,1,0,3,1,1,31,0,47,144,218,144,218,62,220,62,220,209,221,179,218,215,218,177,219,3,255,2,103,2,5,5,2,0,0,0,1,0,0,1,0,0,0,153,57,54,49,130,22,39,0,64,0,0,0,0,72,177,225,49,214,196,165,0,3,8,8,0,128,188,141,157,223,157,223,72,223,0,223,0,223,180,223,185,223,190,223,0,223,157,223,2,141,216,0,165,26,140,252,141,211,69,51,0,5,64,0,2,251,0,0,0,0,0,18,18,0,8,36,128,0,2,0,0,0,0,9,0,25,0,0,3,1,1,31,0,47,144,218,144,218,62,220,62,220,209,221,179,218,215,218,177,219,3,255,2,103,2,5,1,2,0,0,0,1,0,0,1,0,0,0,157,61,58,49,130,22,39,0,64,0,0,0,0,8,98,161,49,214,196,165,0,3,8,8,0,128,188,141,157,223,157,223,72,223,0,223,0,223,180,223,185,223,190,223,0,223,157,223,2,141,216,0,165,26,140,252,141,211
2026-08-17_14-08-30,1,801,3,0.0,0,900.0,-1,-1,69,51,0,5,64,0,2,251,0,0,0,0,0,18,18,0,8,36,128,0,2,0,0,0,0,9,0,25,0,0,3,1,1,31,0,47,144,218,144,218,62,220,62,220,209,221,179,218,215,218,177,219,3,255,2,103,2,5,1,2,0,0,0,1,0,0,1,0,0,0,157,61,58,49,130,22,39,0,64,0,0,0,0,8,98,161,49,214,196,165,0,3,8,8,0,128,188,141,157,223,157,223,72,223,0,223,0,223,180,223,185,223,190,223,0,223,157,223,2,141,216,0,165,26,140,252,141,211,73,58,0,5,64,0,2,119,0,0,0,0,0,18,18,0,8,36,128,0,2,0,0,0,0,9,0,24,153,0,3,1,1,31,0,47,108,218,108,218,62,220,62,220,209,221,179,218,215,218,177,219,3,255,2,103,3,5,3,2,0,0,0,1,0,0,1,0,0,0,161,65,63,49,130,22,39,0,64,0,0,0,0,200,34,66,49,214,196,165,0,3,8,7,0,128,188,141,157,223,157,223,72,223,0,223,0,223,180,223,185,223,190,223,0,223,157,223,2,141,216,0,165,26,140,252,141,211
2026-08-17_14-08-30,1,802,3,0.0,0,900.0,-1,-1,73,58,0,5,64,0,2,119,0,0,0,0,0,18,18,0,8,36,128,0,2,0,0,0,0,9,0,24,153,0,3,1,1,31,0,47,108,218,108,218,62,220,62,220,209,221,179,218,215,218,177,219,3,255,2,103,3,5,3,2,0,0,0,1,0,0,1,0,0,0,161,65,63,49,130,22,39,0,64,0,0,0,0,200,34,66,49,214,196,165,0,3,8,7,0,128,188,141,157,223,157,223,72,223,0,223,0,223,180,223,185,223,190,223,0,223,157,223,2,141,216,0,165,26,140,252,141,211,77,174,0,5,64,0,2,243,0,0,0,0,0,18,18,0,8,36,128,0,2,0,0,0,0,9,0,24,152,0,3,1,1,31,0,47,108,218,108,218,62,220,62,220,209,221,179,218,215,218,177,219,3,255,2,103,0,5,5,1,0,0,0,3,0,0,1,0,0,0,165,69,51,49,130,22,39,0,64,0,0,0,0,121,226,17,49,214,196,165,0,3,8,7,0,128,188,141,157,223,157,223,72,223,0,223,0,223,180,223,185,223,190,223,0,223,157,223,2,141,216,0,165,26,140,252,141,211
2026-08-17_14-08-30,1,803,3,0.0,0,900.0,-1,-1,77,174,0,5,64,0,2,243,0,0,0,0,0,18,18,0,8,36,128,0,2,0,0,0,0,9,0,24,152,0,3,1,1,31,0,47,108,218,108,218,62,220,62,220,209,221,179,218,215,218,177,219,3,255,2,103,0,5,5,1,0,0,0,3,0,0,1,0,0,0,165,69,51,49,130,22,39,0,64,0,0,0,0,121,226,17,49,214,196,165,0,3,8,7,0,128,188,141,157,223,157,223,72,223,0,223,0,223,180,223,185,223,190,223,0,223,157,223,2,141,216,0,165,26,140,252,141,211,81,237,0,5,64,0,2,111,0,0,0,0,0,18,18,0,8,36,128,0,2,0,0,0,0,9,0,24,151,0,3,1,1,31,0,47,144,218,144,218,62,220,62,220,209,221,179,218,215,218,177,219,3,255,2,103,0,5,1,1,0,0,0,3,0,0,1,0,0,0,169,73,56,49,130,22,39,0,64,0,0,0,0,57,162,193,49,214,196,165,0,3,8,8,0,128,188,141,157,223,157,223,72,223,0,223,0,223,180,223,185,223,190,223,0,223,157,223,2,141,216,0,165,26,140,252,141,211
2026-08-17_14-08-30,1,804,3,0.0,0,900.0,-1,-1,81,237,0,5,64,0,2,111,0,0,0,0,0,18,18,0,8,36,128,0,2,0,0,0,0,9,0,24,151,0,3,1,1,31,0,47,144,218,144,218,62,220,62,220,209,221,179,218,215,218,177,219,3,255,2,103,0,5,1,1,0,0,0,3,0,0,1,0,0,0,169,73,56,49,130,22,39,0,64,0,0,0,0,57,162,193,49,214,196,165,0,3,8,8,0,128,188,141,157,223,157,223,72,223,0,223,0,223,180,223,185,223,190,223,0,223,157,223,2,141,216,0,165,26,140,252,141,211,85,216,0,5,64,0,2,235,0,0,0,0,0,18,18,0,8,36,128,0,2,0,0,0,0,9,0,24,150,0,3,1,1,31,0,47,144,218,144,218,62,220,62,220,209,221,179,218,215,218,177,219,3,255,2,103,1,5,3,1,0,0,0,3,0,0,1,0,0,0,173,77,60,49,130,22,39,0,64,0,0,0,0,249,83,114,49,214,196,165,0,3,8,8,0,128,188,141,157,223,157,223,72,223,0,223,0,223,180,223,185,223,190,223,0,223,157,223,2,141,216,0,165,26,140,252,141,211
2026-08-17_14-08-30,1,805,3,0.0,0,900.0,-1,-1,85,216,0,5,64,0,2,235,0,0,0,0,0,18,18,0,8,36,128,0,2,0,0,0,0,9,0,24,150,0,3,1,1,31,0,47,144,218,144,218,62,220,62,220,209,221,179,218,215,218,177,219,3,255,2,103,1,5,3,1,0,0,0,3,0,0,1,0,0,0,173,77,60,49,130,22,39,0,64,0,0,0,0,249,83,114,49,214,196,165,0,3,8,8,0,128,188,141,157,223,157,223,72,223,0,223,0,223,180,223,185,223,190,223,0,223,157,223,2,141,216,0,165,26,140,252,141,211,89,129,0,5,64,0,2,103,0,0,0,0,0,18,18,0,8,36,128,0,2,0,0,0,0,9,0,24,149,0,3,1,1,31,0,47,108,218,108,218,62,220,62,220,209,221,179,218,215,218,177,219,3,255,2,103,2,5,5,1,0,0,0,3,0,0,1,0,0,0,177,81,65,49,130,22,39,0,64,0,0,0,0,185,19,34,49,214,196,165,0,3,8,7,0,128,188,141,157,223,157,223,72,223,0,223,0,223,180,223,185,223,190,223,0,223,157,223,2,141,216,0,165,26,140,252,141,211
2026-08-17_14-08-30,1,806,3,0.0,0,900.0,-1,-1,89,129,0,5,64,0,2,103,0,0,0,0,0,18,18,0,8,36,128,0,2,0,0,0,0,9,0,24,149,0,3,1,1,31,0,47,108,218,108,218,62,220,62,220,209,221,179,218,215,218,177,219,3,255,2,103,2,5,5,1,0,0,0,3,0,0,1,0,0,0,177,81,65,49,130,22,39,0,64,0,0,0,0,185,19,34,49,214,196,165,0,3,8,7,0,128,188,141,157,223,157,223,72,223,0,223,0,223,180,223,185,223,190,223,0,223,157,223,2,141,216,0,165,26,140,252,141,211,93,24,0,5,64,0,2,227,0,0,0,0,0,18,18,0,8,36,128,0,2,0,0,0,0,9,0,24,148,0,3,1,1,31,0,47,108,218,108,218,62,220,62,220,209,221,179,218,215,218,177,219,3,255,2,103,2,5,1,1,0,0,0,3,0,0,1,0,0,0,181,85,69,49,130,22,39,0,64,0,0,0,0,106,211,226,49,214,196,165,0,3,8,7,0,128,188,141,157,223,157,223,72,223,0,223,0,223,180,223,185,223,190,223,0,223,157,223,2,141,216,0,165,26,140,252,141,211
2026-08-17_14-08-30,1,807,3,0.0,0,900.0,-1,-1,93,24,0,5,64,0,2,227,0,0,0,0,0,18,18,0,8,36,128,0,2,0,0,0,0,9,0,24,148,0,3,1,1,31,0,47,108,218,108,218,62,220,62,220,209,221,179,218,215,218,177,219,3,255,2,103,2,5,1,1,0,0,0,3,0,0,1,0,0,0,181,85,69,49,130,22,39,0,64,0,0,0,0,106,211,226,49,214,196,165,0,3,8,7,0,128,188,141,157,223,157,223,72,223,0,223,0,223,180,223,185,223,190,223,0,223,157,223,2,141,216,0,165,26,140,252,141,211,97,141,0,5,64,0,2,95,0,0,0,0,0,18,18,0,8,36,128,0,2,0,0,0,0,9,0,24,147,0,3,1,1,31,0,47,144,218,144,218,62,220,62,220,209,221,179,218,215,218,177,219,3,255,2,103,3,5,3,1,0,0,0,3,0,0,1,0,0,0,185,89,74,49,130,22,39,0,64,0,0,0,0,42,147,146,49,214,196,165,0,3,8,8,0,128,188,141,157,223,157,223,72,223,0,223,0,223,180,223,185,223,190,223,0,223,157,223,2,141,216,0,165,26,140,252,141,211
2026-08-17_14-08-30,1,808,3,0.0,0,900.0,-1,-1,97,141,0,5,64,0,2,95,0,0,0,0,0,18,18,0,8,36,128,0,2,0,0,0,0,9,0,24,147,0,3,1,1,31,0,47,144,218,144,218,62,220,62,220,209,221,179,218,215,218,177,219,3,255,2,103,3,5,3,1,0,0,0,3,0,0,1,0,0,0,185,89,74,49,130,22,39,0,64,0,0,0,0,42,147,146,49,214,196,165,0,3,8,8,0,128,188,141,157,223,157,223,72,223,0,223,0,223,180,223,185,223,190,223,0,223,157,223,2,141,216,0,165,26,140,252,141,211,101,222,0,5,64,0,2,219,0,0,0,0,0,18,18,0,8,36,128,0,2,0,0,0,0,9,0,24,146,0,3,1,1,31,0,47,144,218,144,218,62,220,62,220,209,221,179,218,215,218,177,219,3,255,2,103,0,5,5,0,0,0,0,3,0,0,1,0,0,0,189,93,78,49,130,22,39,0,64,0,0,0,0,234,68,67,49,214,196,165,0,3,8,8,0,128,188,141,157,223,157,223,72,223,0,223,0,223,180,223,185,223,190,223,0,223,157,223,2,141,216,0,165,26,140,252,141,211
2026-08-17_14-08-30,1,809,8,0.0,0,900.0,-1,-1,101,222,0,5,64,0,2,219,0,0,0,0,0,18,18,0,8,36,128,0,2,0,0,0,0,9,0,24,146,0,3,1,1,31,0,47,144,218,144,218,62,220,62,220,209,221,179,218,215,218,177,219,3,255,2,103,0,5,5,0,0,0,0,3,0,0,1,0,0,0,189,93,78,49,130,22,39,0,64,0,0,0,0,234,68,67,49,214,196,165,0,3,8,8,0,128,188,141,157,223,157,223,72,223,0,223,0,223,180,223,185,223,190,223,0,223,157,223,2,141,216,0,165,26,140,252,141,211,105,226,0,5,64,0,2,87,0,0,7,0,0,18,18,0,8,36,128,0,2,0,0,0,0,9,0,24,145,0,3,1,1,31,0,47,126,220,108,218,218,220,62,220,209,221,179,218,215,218,177,219,3,1,2,103,0,5,1,0,0,0,0,3,0,0,1,0,0,0,190,94,83,49,130,22,39,128,64,0,0,0,0,218,52,243,49,214,196,165,0,3,8,2,0,128,188,141,157,223,157,223,72,223,0,223,0,223,180,223,185,223,190,223,0,223,157,223,2,141,216,0,165,26,140,252,141,211
2026-08-17_14-08-30,1,810,8,0.0,0,900.0,-1,-1,105,226,0,5,64,0,2,87,0,0,7,0,0,18,18,0,8,36,128,0,2,0,0,0,0,9,0,24,145,0,3,1,1,31,0,47,126,220,108,218,218,220,62,220,209,221,179,218,215,218,177,219,3,1,2,103,0,5,1,0,0,0,0,3,0,0,1,0,0,0,190,94,83,49,130,22,39,128,64,0,0,0,0,218,52,243,49,214,196,165,0,3,8,2,0,128,188,141,157,223,157,223,72,223,0,223,0,223,180,223,185,223,190,223,0,223,157,223,2,141,216,0,165,26,140,252,141,211,109,47,0,5,64,0,2,211,0,0,3,0,0,18,18,0,8,36,128,0,2,0,0,0,0,9,0,24,144,0,3,1,1,31,0,47,126,220,108,218,218,220,62,220,209,221,179,218,215,218,177,219,3,1,2,103,1,5,3,0,0,0,0,3,0,0,1,0,0,0,190,94,87,49,130,22,39,128,64,0,0,0,0,218,52,179,49,214,196,165,0,3,8,2,0,128,188,141,157,223,157,223,72,223,0,223,0,223,180,223,185,223,190,223,0,223,157,223,2,141,216,0,165,26,140,252,141,211
2026-08-17_14-08-30,1,811,8,100.0,0,1000.0,-1,-1,109,47,0,5,64,0,2,211,0,0,3,0,0,18,18,0,8,36,128,0,2,0,0,0,0,9,0,24,144,0,3,1,1,31,0,47,126,220,108,218,218,220,62,220,209,221,179,218,215,218,177,219,3,1,2,103,1,5,3,0,0,0,0,3,0,0,1,0,0,0,190,94,87,49,130,22,39,128,64,0,0,0,0,218,52,179,49,214,196,165,0,3,8,2,0,128,188,141,157,223,157,223,72,223,0,223,0,223,180,223,185,223,190,223,0,223,157,223,2,141,216,0,165,26,140,252,141,211,113,245,0,5,64,0,2,79,0,0,0,0,0,18,18,0,8,36,128,0,2,0,0,0,0,16,0,24,137,0,3,1,1,31,0,47,108,218,144,218,62,220,62,220,209,221,179,218,215,218,177,219,3,255,2,103,2,5,5,0,0,0,7,1,3,0,1,0,0,0,191,95,92,49,130,22,39,32,64,0,0,0,0,202,36,84,49,214,196,165,0,1,8,7,0,128,188,141,157,223,8,223,0,223,0,223,0,223,180,223,185,223,190,223,0,223,157,223,2,141,216,0,165,26,140,252,141,211
2026-08-17_14-08-30,1,812,8,0.0,0,1000.0,-1,-1,113,245,0,5,64,0,2,79,0,0,0,0,0,18,18,0,8,36,128,0,2,0,0,0,0,16,0,24,137,0,3,1,1,31,0,47,108,218,144,218,62,220,62,220,209,221,179,218,215,218,177,219,3,255,2,103,2,5,5,0,0,0,7,1,3,0,1,0,0,0,191,95,92,49,130,22,39,32,64,0,0,0,0,202,36,84,49,214,196,165,0,1,8,7,0,128,188,141,157,223,8,223,0,223,0,223,0,223,180,223,185,223,190,223,0,223,157,223,2,141,216,0,165,26,140,252,141,211,117,85,0,5,64,0,2,203,0,0,7,0,0,18,18,0,8,36,128,0,2,0,0,0,0,16,0,24,136,0,3,1,1,31,0,47,126,220,144,218,218,220,62,220,209,221,179,218,215,218,177,219,3,1,2,103,2,5,1,0,0,0,3,1,3,0,1,0,0,0,192,96,96,49,130,22,39,136,64,0,0,0,0,186,20,20,49,214,196,165,0,1,8,2,0,128,188,141,157,223,8,223,0,223,0,223,0,223,180,223,185,223,190,223,0,223,157,223,2,141,216,0,165,26,140,252,141,211
2026-08-17_14-08-30,1,813,8,0.0,0,1000.0,-1,-1,117,85,0,5,64,0,2,203,0,0,7,0,0,18,18,0,8,36,128,0,2,0,0,0,0,16,0,24,136,0,3,1,1,31,0,47,126,220,144,218,218,220,62,220,209,221,179,218,215,218,177,219,3,1,2,103,2,5,1,0,0,0,3,1,3,0,1,0,0,0,192,96,96,49,130,22,39,136,64,0,0,0,0,186,20,20,49,214,196,165,0,1,8,2,0,128,188,141,157,223,8,223,0,223,0,223,0,223,180,223,185,223,190,223,0,223,157,223,2,141,216,0,165,26,140,252,141,211,121,95,0,5,64,0,2,71,0,0,3,0,0,18,18,0,8,36,128,0,2,0,0,0,0,16,0,24,135,0,3,1,1,31,0,47,126,220,108,218,218,220,62,220,209,221,179,218,215,218,177,219,3,1,2,103,3,5,3,0,0,0,0,1,0,0,1,0,0,0,192,96,101,49,130,22,39,136,64,0,0,0,0,186,20,196,49,214,196,165,0,1,8,2,0,128,188,141,157,223,8,223,0,223,0,223,0,223,180,223,185,223,190,223,0,223,157,223,2,141,216,0,165,26,140,252,141,211
2026-08-17_14-08-30,1,814,3,0.0,0,1000.0,-1,-1,121,95,0,5,64,0,2,71,0,0,3,0,0,18,18,0,8,36,128,0,2,0,0,0,0,16,0,24,135,0,3,1,1,31,0,47,126,220,108,218,218,220,62,220,209,221,179,218,215,218,177,219,3,1,2,103,3,5,3,0,0,0,0,1,0,0,1,0,0,0,192,96,101,49,130,22,39,136,64,0,0,0,0,186,20,196,49,214,196,165,0,1,8,2,0,128,188,141,157,223,8,223,0,223,0,223,0,223,180,223,185,223,190,223,0,223,157,223,2,141,216,0,165,26,140,252,141,211,125,250,0,5,64,0,2,195,0,0,0,0,0,18,18,0,8,36,128,0,2,0,0,0,0,16,0,24,134,0,3,1,1,31,0,47,72,218,108,218,62,220,62,220,209,221,179,218,215,218,177,219,3,255,2,103,4,5,5,255,0,0,0,1,0,0,1,0,0,0,193,97,105,49,130,22,39,8,64,0,0,0,0,170,4,117,49,214,196,165,0,1,8,5,0,128,188,141,157,223,8,223,0,223,0,223,0,223,180,223,185,223,190,223,0,223,157,223,2,141,216,0,165,26,140,252,141,211
2026-08-17_14-08-30,1,815,8,100.0,0,1100.0,-1,-1,125,250,0,5,64,0,2,195,0,0,0,0,0,18,18,0,8,36,128,0,2,0,0,0,0,16,0,24,134,0,3,1,1,31,0,47,72,218,108,218,62,220,62,220,209,221,179,218,215,218,177,219,3,255,2,103,4,5,5,255,0,0,0,1,0,0,1,0,0,0,193,97,105,49,130,22,39,8,64,0,0,0,0,170,4,117,49,214,196,165,0,1,8,5,0,128,188,141,157,223,8,223,0,223,0,223,0,223,180,223,185,223,190,223,0,223,157,223,2,141,216,0,165,26,140,252,141,211,129,162,0,5,64,0,2,63,0,0,6,0,0,18,18,0,8,36,128,0,2,0,0,0,0,17,0,24,133,0,3,1,1,31,0,47,126,220,144,218,218,220,62,220,209,221,179,218,215,218,177,219,3,1,2,103,4,5,1,255,0,0,7,0,3,0,64,0,0,0,193,97,110,49,130,22,39,132,64,0,0,0,0,170,4,37,49,214,196,165,0,0,8,2,0,128,188,141,157,223,8,223,8,223,0,223,0,223,180,223,185,223,190,223,0,223,157,223,2,141,216,0,165,26,140,252,141,211
2026-08-17_14-08-30,1,816,8,0.0,0,1100.0,-1,-1,129,162,0,5,64,0,2,63,0,0,6,0,0,18,18,0,8,36,128,0,2,0,0,0,0,17,0,24,133,0,3,1,1,31,0,47,126,220,144,218,218,220,62,220,209,221,179,218,215,218,177,219,3,1,2,103,4,5,1,255,0,0,7,0,3,0,64,0,0,0,193,97,110,49,130,22,39,132,64,0,0,0,0,170,4,37,49,214,196,165,0,0,8,2,0,128,188,141,157,223,8,223,8,223,0,223,0,223,180,223,185,223,190,223,0,223,157,223,2,141,216,0,165,26,140,252,141,211,133,43,0,5,64,0,2,187,0,0,2,0,0,18,18,0,8,36,128,0,2,0,0,0,0,17,0,24,132,0,3,1,1,31,0,47,126,220,144,218,218,220,62,220,209,221,179,218,215,218,177,219,3,1,2,103,5,5,3,254,0,0,3,0,3,0,64,0,0,0,193,97,114,49,130,22,39,66,64,0,0,0,0,170,4,229,49,214,196,165,0,0,8,2,0,128,188,141,157,223,8,223,8,223,0,223,0,223,180,223,185,223,190,223,0,223,157,223,2,141,216,0,165,26,140,252,141,211
2026-08-17_14-08-30,1,817,3,0.0,0,1100.0,-1,-1,133,43,0,5,64,0,2,187,0,0,2,0,0,18,18,0,8,36,128,0,2,0,0,0,0,17,0,24,132,0,3,1,1,31,0,47,126,220,144,218,218,220,62,220,209,221,179,218,215,218,177,219,3,1,2,103,5,5,3,254,0,0,3,0,3,0,64,0,0,0,193,97,114,49,130,22,39,66,64,0,0,0,0,170,4,229,49,214,196,165,0,0,8,2,0,128,188,141,157,223,8,223,8,223,0,223,0,223,180,223,185,223,190,223,0,223,157,223,2,141,216,0,165,26,140,252,141,211,137,183,0,5,64,0,2,55,0,0,9,0,0,18,18,0,8,36,128,0,2,0,0,0,0,17,0,24,131,0,3,1,1,31,0,47,126,220,108,218,218,220,62,220,209,221,179,218,215,218,177,219,3,1,2,103,6,5,5,253,0,0,0,0,0,0,1,0,0,0,194,98,119,49,130,22,39,132,64,0,0,0,0,154,244,149,49,214,196,165,0,0,8,2,0,128,188,141,157,223,8,223,8,223,0,223,0,223,180,223,185,223,190,223,0,223,157,223,2,141,216,0,165,26,140,252,141,211
2026-08-17_14-08-30,1,818,8,100.0,0,1200.0,-1,-1,137,183,0,5,64,0,2,55,0,0,9,0,0,18,18,0,8,36,128,0,2,0,0,0,0,17,0,24,131,0,3,1,1,31,0,47,126,220,108,218,218,220,62,220,209,221,179,218,215,218,177,219,3,1,2,103,6,5,5,253,0,0,0,0,0,0,1,0,0,0,194,98,119,49,130,22,39,132,64,0,0,0,0,154,244,149,49,214,196,165,0,0,8,2,0,128,188,141,157,223,8,223,8,223,0,223,0,223,180,223,185,223,190,223,0,223,157,223,2,141,216,0,165,26,140,252,141,211,141,112,0,5,64,0,2,86,0,0,5,0,0,18,18,0,8,36,128,43,2,0,0,0,0,18,0,24,130,0,3,1,1,31,0,47,126,220,108,218,218,220,62,220,209,221,179,218,215,218,177,219,3,1,64,103,6,5,1,253,0,0,7,0,3,0,0,0,0,0,194,98,49,49,130,22,39,132,64,0,0,0,0,154,244,49,49,214,196,165,0,0,8,2,0,0,188,141,157,223,8,223,16,223,0,223,0,223,180,223,185,223,190,223,0,223,157,223,2,141,216,0,165,26,63,252,141,211
2026-08-17_14-08-30,1,819,8,0.0,0,1200.0,-1,-1,141,112,0,5,64,0,2,86,0,0,5,0,0,18,18,0,8,36,128,43,2,0,0,0,0,18,0,24,130,0,3,1,1,31,0,47,126,220,108,218,218,220,62,220,209,221,179,218,215,218,177,219,3,1,64,103,6,5,1,253,0,0,7,0,3,0,0,0,0,0,194,98,49,49,130,22,39,132,64,0,0,0,0,154,244,49,49,214,196,165,0,0,8,2,0,0,188,141,157,223,8,223,16,223,0,223,0,223,180,223,185,223,190,223,0,223,157,223,2,141,216,0,165,26,63,252,141,211,145,15,0,5,64,0,2,86,0,0,1,0,0,18,18,0,8,36,128,39,2,0,0,0,0,18,0,24,129,0,3,1,1,31,0,47,126,220,108,218,218,220,62,220,209,221,179,218,215,218,177,219,3,1,64,103,7,5,3,252,0,0,3,0,3,0,0,0,0,0,194,98,49,49,130,22,39,33,64,0,0,0,0,154,244,49,49,214,196,165,0,0,8,2,0,0,188,141,157,223,8,223,16,223,0,223,0,223,180,223,185,223,190,223,0,223,157,223,2,141,216,0,165,26,63,252,141,211
2026-08-17_14-08-30,1,820,8,0.0,0,1200.0,-1,-1,145,15,0,5,64,0,2,86,0,0,1,0,0,18,18,0,8,36,128,39,2,0,0,0,0,18,0,24,129,0,3,1,1,31,0,47,126,220,108,218,218,220,62,220,209,221,179,218,215,218,177,219,3,1,64,103,7,5,3,252,0,0,3,0,3,0,0,0,0,0,194,98,49,49,130,22,39,33,64,0,0,0,0,154,244,49,49,214,196,165,0,0,8,2,0,0,188,141,157,223,8,223,16,223,0,223,0,223,180,223,185,223,190,223,0,223,157,223,2,141,216,0,165,26,63,252,141,211,149,247,0,5,64,0,2,86,0,0,7,0,0,18,18,0,8,36,128,35,2,0,0,0,0,18,0,24,128,0,3,1,1,31,0,47,126,220,108,218,218,220,62,220,209,221,179,218,215,218,177,219,3,1,64,103,0,4,5,2,0,0,0,0,0,0,1,0,0,0,194,98,49,49,130,22,39,136,64,0,0,0,0,154,244,49,49,214,196,165,0,0,8,2,0,0,188,141,157,223,8,223,16,223,0,223,0,223,180,223,185,223,190,223,0,223,157,223,2,141,216,0,165,26,63,252,141,211
2026-08-17_14-08-30,1,821,8,0.0,0,1200.0,-1,-1,149,247,0,5,64,0,2,86,0,0,7,0,0,18,18,0,8,36,128,35,2,0,0,0,0,18,0,24,128,0,3,1,1,31,0,47,126,220,108,218,218,220,62,220,209,221,179,218,215,218,177,219,3,1,64,103,0,4,5,2,0,0,0,0,0,0,1,0,0,0,194,98,49,49,130,22,39,136,64,0,0,0,0,154,244,49,49,214,196,165,0,0,8,2,0,0,188,141,157,223,8,223,16,223,0,223,0,223,180,223,185,223,190,223,0,223,157,223,2,141,216,0,165,26,63,252,141,211,153,116,0,5,64,0,2,86,0,0,3,0,0,18,18,0,8,36,128,31,2,0,0,0,0,18,0,24,121,0,3,1,1,31,0,47,126,220,108,218,218,220,62,220,209,221,179,218,215,218,177,219,3,1,64,103,0,4,1,2,0,0,0,0,0,0,1,0,0,0,194,98,49,49,130,22,39,136,64,0,0,0,0,154,244,49,49,214,196,165,0,0,8,2,0,0,188,141,157,223,8,223,16,223,0,223,0,223,180,223,185,223,190,223,0,223,157,223,2,141,216,0,165,26,63,252,141,211
2026-08-17_14-08-30,1,822,3,0.0,0,1200.0,-1,-1,153,116,0,5,64,0,2,86,0,0,3,0,0,18,18,0,8,36,128,31,2,0,0,0,0,18,0,24,121,0,3,1,1,31,0,47,126,220,108,218,218,220,62,220,209,221,179,218,215,218,177,219,3,1,64,103,0,4,1,2,0,0,0,0,0,0,1,0,0,0,194,98,49,49,130,22,39,136,64,0,0,0,0,154,244,49,49,214,196,165,0,0,8,2,0,0,188,141,157,223,8,223,16,223,0,223,0,223,180,223,185,223,190,223,0,223,157,223,2,141,216,0,165,26,63,252,141,211,157,77,0,5,64,0,2,86,0,0,0,0,0,18,18,0,8,36,128,27,2,0,0,0,0,18,0,24,120,0,3,1,1,31,0,47,72,218,108,218,62,220,62,220,209,221,179,218,215,218,177,219,3,255,64,103,1,4,3,2,0,0,0,0,0,0,1,0,0,0,195,99,49,49,130,22,39,8,64,0,0,0,0,123,228,49,49,214,196,165,0,0,8,5,0,0,188,141,157,223,8,223,16,223,0,223,0,223,180,223,185,223,190,223,0,223,157,223,2,141,216,0,165,26,200,250,141,211
2026-08-17_14-08-30,1,823,8,0.0,0,1200.0,-1,-1,157,77,0,5,64,0,2,86,0,0,0,0,0,18,18,0,8,36,128,27,2,0,0,0,0,18,0,24,120,0,3,1,1,31,0,47,72,218,108,218,62,220,62,220,209,221,179,218,215,218,177,219,3,255,64,103,1,4,3,2,0,0,0,0,0,0,1,0,0,0,195,99,49,49,130,22,39,8,64,0,0,0,0,123,228,49,49,214,196,165,0,0,8,5,0,0,188,141,157,223,8,223,16,223,0,223,0,223,180,223,185,223,190,223,0,223,157,223,2,141,216,0,165,26,200,250,141,211,161,210,0,5,64,0,2,86,0,0,7,0,0,18,18,0,8,36,128,23,2,0,0,0,0,18,0,24,119,0,3,1,1,31,0,47,126,220,108,218,218,220,62,220,209,221,179,218,215,218,177,219,3,1,64,103,2,4,5,2,0,0,0,0,0,0,1,0,0,0,196,100,49,49,130,22,39,130,64,0,0,0,0,107,212,49,49,214,196,165,0,0,8,2,0,0,188,141,157,223,8,223,16,223,0,223,0,223,180,223,185,223,190,223,0,223,157,223,2,141,216,0,165,26,200,250,141,211
2026-08-17_14-08-30,1,824,8,0.0,0,1200.0,-1,-1,161,210,0,5,64,0,2,86,0,0,7,0,0,18,18,0,8,36,128,23,2,0,0,0,0,18,0,24,119,0,3,1,1,31,0,47,126,220,108,218,218,220,62,220,209,221,179,218,215,218,177,219,3,1,64,103,2,4,5,2,0,0,0,0,0,0,1,0,0,0,196,100,49,49,130,22,39,130,64,0,0,0,0,107,212,49,49,214,196,165,0,0,8,2,0,0,188,141,157,223,8,223,16,223,0,223,0,223,180,223,185,223,190,223,0,223,157,223,2,141,216,0,165,26,200,250,141,211,165,36,0,5,64,0,2,86,0,0,3,0,0,18,18,0,8,36,128,19,2,0,0,0,0,18,0,24,118,0,3,1,1,31,0,47,126,220,108,218,218,220,62,220,209,221,179,218,215,218,177,219,3,1,64,103,2,4,1,2,0,0,0,0,0,0,1,0,0,0,196,100,49,49,130,22,39,65,64,0,0,0,0,107,212,49,49,214,196,165,0,0,8,2,0,0,188,141,157,223,8,223,16,223,0,223,0,223,180,223,185,223,190,223,0,223,157,223,2,141,216,0,165,26,200,250,141,211
2026-08-17_14-08-30,1,825,3,0.0,0,1200.0,-1,-1,165,36,0,5,64,0,2,86,0,0,3,0,0,18,18,0,8,36,128,19,2,0,0,0,0,18,0,24,118,0,3,1,1,31,0,47,126,220,108,218,218,220,62,220,209,221,179,218,215,218,177,219,3,1,64,103,2,4,1,2,0,0,0,0,0,0,1,0,0,0,196,100,49,49,130,22,39,65,64,0,0,0,0,107,212,49,49,214,196,165,0,0,8,2,0,0,188,141,157,223,8,223,16,223,0,223,0,223,180,223,185,223,190,223,0,223,157,223,2,141,216,0,165,26,200,250,141,211,169,64,0,5,64,0,2,86,0,0,9,0,0,18,18,0,8,36,128,15,2,0,0,0,0,18,0,24,117,0,3,1,1,31,0,47,126,220,108,218,218,220,62,220,209,221,179,218,215,218,177,219,3,1,64,103,3,4,3,2,0,0,0,0,0,0,1,0,0,0,196,100,49,49,130,22,39,132,64,0,0,0,0,107,212,49,49,214,196,165,0,0,8,2,0,0,188,141,157,223,8,223,16,223,0,223,0,223,180,223,185,223,190,223,0,223,157,223,2,141,216,0,165,26,200,250,141,211
2026-08-17_14-08-30,1,826,8,0.0,0,1200.0,-1,-1,169,64,0,5,64,0,2,86,0,0,9,0,0,18,18,0,8,36,128,15,2,0,0,0,0,18,0,24,117,0,3,1,1,31,0,47,126,220,108,218,218,220,62,220,209,221,179,218,215,218,177,219,3,1,64,103,3,4,3,2,0,0,0,0,0,0,1,0,0,0,196,100,49,49,130,22,39,132,64,0,0,0,0,107,212,49,49,214,196,165,0,0,8,2,0,0,188,141,157,223,8,223,16,223,0,223,0,223,180,223,185,223,190,223,0,223,157,223,2,141,216,0,165,26,200,250,141,211,173,4,0,5,64,0,2,86,0,0,5,0,0,18,18,0,8,36,128,11,2,0,0,0,0,18,0,24,116,0,3,1,1,31,0,47,126,220,108,218,218,220,62,220,209,221,179,218,215,218,177,219,3,1,64,103,0,4,5,1,0,0,0,0,0,0,1,0,0,0,196,100,49,49,130,22,39,132,64,0,0,0,0,107,212,49,49,214,196,165,0,0,8,2,0,0,188,141,157,223,8,223,16,223,0,223,0,223,180,223,185,223,190,223,0,223,157,223,2,141,216,0,165,26,200,250,141,211
2026-08-17_14-08-30,1,827,8,0.0,0,1200.0,-1,-1,173,4,0,5,64,0,2,86,0,0,5,0,0,18,18,0,8,36,128,11,2,0,0,0,0,18,0,24,116,0,3,1,1,31,0,47,126,220,108,218,218,220,62,220,209,221,179,218,215,218,177,219,3,1,64,103,0,4,5,1,0,0,0,0,0,0,1,0,0,0,196,100,49,49,130,22,39,132,64,0,0,0,0,107,212,49,49,214,196,165,0,0,8,2,0,0,188,141,157,223,8,223,16,223,0,223,0,223,180,223,185,223,190,223,0,223,157,223,2,141,216,0,165,26,200,250,141,211,177,66,0,5,64,0,2,86,0,0,1,0,0,18,18,0,8,36,128,7,2,0,0,0,0,18,0,24,115,0,3,1,1,31,0,47,126,220,108,218,218,220,62,220,209,221,179,218,215,218,177,219,3,1,64,103,0,4,1,1,0,0,0,0,0,0,1,0,0,0,196,100,49,49,130,22,39,33,64,0,0,0,0,107,212,49,49,214,196,165,0,0,8,2,0,0,188,141,157,223,8,223,16,223,0,223,0,223,180,223,185,223,190,223,0,223,157,223,2,141,216,0,165,26,200,250,141,211
2026-08-17_14-08-30,1,828,3,0.0,0,1200.0,-1,-1,177,66,0,5,64,0,2,86,0,0,1,0,0,18,18,0,8,36,128,7,2,0,0,0,0,18,0,24,115,0,3,1,1,31,0,47,126,220,108,218,218,220,62,220,209,221,179,218,215,218,177,219,3,1,64,103,0,4,1,1,0,0,0,0,0,0,1,0,0,0,196,100,49,49,130,22,39,33,64,0,0,0,0,107,212,49,49,214,196,165,0,0,8,2,0,0,188,141,157,223,8,223,16,223,0,223,0,223,180,223,185,223,190,223,0,223,157,223,2,141,216,0,165,26,200,250,141,211,181,37,0,5,64,0,2,86,0,0,0,0,0,18,18,0,8,36,128,3,2,0,0,0,0,18,0,24,114,0,3,1,1,31,0,47,72,218,108,218,62,220,62,220,209,221,179,218,215,218,177,219,3,255,64,103,1,4,3,1,0,0,0,0,0,0,1,0,0,0,199,103,49,49,130,22,39,2,64,0,0,0,0,59,164,49,49,214,196,165,0,0,8,5,0,0,188,141,157,223,8,223,16,223,0,223,0,223,180,223,185,223,190,223,0,223,157,223,2,141,216,0,165,26,200,250,141,211
2026-08-17_14-08-30,1,829,3,0.0,0,1200.0,-1,-1,181,37,0,5,64,0,2,86,0,0,0,0,0,18,18,0,8,36,128,3,2,0,0,0,0,18,0,24,114,0,3,1,1,31,0,47,72,218,108,218,62,220,62,220,209,221,179,218,215,218,177,219,3,255,64,103,1,4,3,1,0,0,0,0,0,0,1,0,0,0,199,103,49,49,130,22,39,2,64,0,0,0,0,59,164,49,49,214,196,165,0,0,8,5,0,0,188,141,157,223,8,223,16,223,0,223,0,223,180,223,185,223,190,223,0,223,157,223,2,141,216,0,165,26,200,250,141,211,185,80,0,5,64,0,2,117,0,0,0,0,0,18,18,0,8,36,128,0,2,0,0,0,0,18,0,24,113,0,3,1,1,31,0,47,108,218,144,218,62,220,62,220,209,221,179,218,215,218,92,219,3,255,0,103,2,4,5,1,0,0,0,0,0,0,1,0,0,0,203,107,51,49,130,22,39,0,64,0,0,0,0,251,85,17,49,214,196,165,0,0,8,7,0,128,188,141,157,223,8,223,16,223,0,223,0,223,180,223,185,223,190,223,0,223,157,223,2,141,216,0,165,26,140,252,141,211
2026-08-17_14-08-30,1,830,3,0.0,0,1200.0,-1,-1,185,80,0,5,64,0,2,117,0,0,0,0,0,18,18,0,8,36,128,0,2,0,0,0,0,18,0,24,113,0,3,1,1,31,0,47,108,218,144,218,62,220,62,220,209,221,179,218,215,218,92,219,3,255,0,103,2,4,5,1,0,0,0,0,0,0,1,0,0,0,203,107,51,49,130,22,39,0,64,0,0,0,0,251,85,17,49,214,196,165,0,0,8,7,0,128,188,141,157,223,8,223,16,223,0,223,0,223,180,223,185,223,190,223,0,223,157,223,2,141,216,0,165,26,140,252,141,211,189,13,0,5,64,0,2,241,0,0,0,0,0,18,18,0,8,36,128,0,2,0,0,0,0,18,0,24,112,0,3,1,1,31,0,47,108,218,144,218,62,220,62,220,209,221,179,218,215,218,92,219,3,255,0,103,2,4,1,1,0,0,0,0,0,0,1,0,0,0,207,111,55,49,130,22,39,0,64,0,0,0,0,187,21,209,49,214,196,165,0,0,8,7,0,128,188,141,157,223,8,223,16,223,0,223,0,223,180,223,185,223,190,223,0,223,157,223,2,141,216,0,165,26,140,252,141,211
2026-08-17_14-08-30,1,831,3,0.0,0,1200.0,-1,-1,189,13,0,5,64,0,2,241,0,0,0,0,0,18,18,0,8,36,128,0,2,0,0,0,0,18,0,24,112,0,3,1,1,31,0,47,108,218,144,218,62,220,62,220,209,221,179,218,215,218,92,219,3,255,0,103,2,4,1,1,0,0,0,0,0,0,1,0,0,0,207,111,55,49,130,22,39,0,64,0,0,0,0,187,21,209,49,214,196,165,0,0,8,7,0,128,188,141,157,223,8,223,16,223,0,223,0,223,180,223,185,223,190,223,0,223,157,223,2,141,216,0,165,26,140,252,141,211,193,214,0,5,64,0,3,109,0,0,0,0,0,18,18,0,8,36,128,0,2,0,0,0,0,18,0,24,105,0,3,1,1,31,0,47,144,218,108,218,62,220,62,220,209,221,179,218,215,218,92,219,3,255,0,103,3,4,3,1,0,0,0,0,0,0,1,0,0,0,51,115,60,49,130,22,39,0,64,0,0,0,0,17,213,114,49,214,196,165,0,0,8,8,0,128,188,141,157,223,8,223,16,223,0,223,0,223,180,223,185,223,190,223,0,223,157,223,2,141,216,0,165,26,140,252,141,211
2026-08-17_14-08-30,1,832,3,0.0,0,1200.0,-1,-1,193,214,0,5,64,0,3,109,0,0,0,0,0,18,18,0,8,36,128,0,2,0,0,0,0,18,0,24,105,0,3,1,1,31,0,47,144,218,108,218,62,220,62,220,209,221,179,218,215,218,92,219,3,255,0,103,3,4,3,1,0,0,0,0,0,0,1,0,0,0,51,115,60,49,130,22,39,0,64,0,0,0,0,17,213,114,49,214,196,165,0,0,8,8,0,128,188,141,157,223,8,223,16,223,0,223,0,223,180,223,185,223,190,223,0,223,157,223,2,141,216,0,165,26,140,252,141,211,197,102,0,5,64,0,3,233,0,0,0,0,0,18,18,0,8,36,128,0,2,0,0,0,0,18,0,24,104,0,3,1,1,31,0,47,144,218,108,218,62,220,62,220,209,221,179,218,215,218,92,219,3,255,0,103,0,4,5,0,0,0,0,0,0,0,1,0,0,0,55,119,64,49,130,22,39,0,64,0,0,0,0,209,149,50,49,214,196,165,0,0,8,8,0,128,188,141,157,223,8,223,16,223,0,223,0,223,180,223,185,223,190,223,0,223,157,223,2,141,216,0,165,26,140,252,141,211
2026-08-17_14-08-30,1,833,3,0.0,0,1200.0,-1,-1,197,102,0,5,64,0,3,233,0,0,0,0,0,18,18,0,8,36,128,0,2,0,0,0,0,18,0,24,104,0,3,1,1,31,0,47,144,218,108,218,62,220,62,220,209,221,179,218,215,218,92,219,3,255,0,103,0,4,5,0,0,0,0,0,0,0,1,0,0,0,55,119,64,49,130,22,39,0,64,0,0,0,0,209,149,50,49,214,196,165,0,0,8,8,0,128,188,141,157,223,8,223,16,223,0,223,0,223,180,223,185,223,190,223,0,223,157,223,2,141,216,0,165,26,140,252,141,211,201,101,0,5,64,0,3,101,0,0,0,0,0,18,18,0,8,36,128,0,2,0,0,0,0,18,0,24,103,0,3,1,1,31,0,47,108,218,144,218,62,220,62,220,209,221,179,218,215,218,92,219,3,255,0,103,0,4,1,0,0,0,0,0,0,0,1,0,0,0,59,123,69,49,130,22,39,0,64,0,0,0,0,145,70,226,49,214,196,165,0,0,8,7,0,128,188,141,157,223,8,223,16,223,0,223,0,223,180,223,185,223,190,223,0,223,157,223,2,141,216,0,165,26,140,252,141,211
2026-08-17_14-08-30,1,834,3,0.0,0,1200.0,-1,-1,201,101,0,5,64,0,3,101,0,0,0,0,0,18,18,0,8,36,128,0,2,0,0,0,0,18,0,24,103,0,3,1,1,31,0,47,108,218,144,218,62,220,62,220,209,221,179,218,215,218,92,219,3,255,0,103,0,4,1,0,0,0,0,0,0,0,1,0,0,0,59,123,69,49,130,22,39,0,64,0,0,0,0,145,70,226,49,214,196,165,0,0,8,7,0,128,188,141,157,223,8,223,16,223,0,223,0,223,180,223,185,223,190,223,0,223,157,223,2,141,216,0,165,26,140,252,141,211,205,84,0,5,64,0,3,225,0,0,0,0,0,18,18,0,8,36,128,0,2,0,0,0,0,18,0,24,102,0,3,1,1,31,0,47,108,218,144,218,62,220,62,220,209,221,179,218,215,218,92,219,3,255,0,103,1,4,3,0,0,0,0,0,0,0,1,0,0,0,63,127,73,49,130,22,39,0,64,0,0,0,0,66,6,162,49,214,196,165,0,0,8,7,0,128,188,141,157,223,8,223,16,223,0,223,0,223,180,223,185,223,190,223,0,223,157,223,2,141,216,0,165,26,140,252,141,211
2026-08-17_14-08-30,1,835,3,0.0,0,1200.0,-1,-1,205,84,0,5,64,0,3,225,0,0,0,0,0,18,18,0,8,36,128,0,2,0,0,0,0,18,0,24,102,0,3,1,1,31,0,47,108,218,144,218,62,220,62,220,209,221,179,218,215,218,92,219,3,255,0,103,1,4,3,0,0,0,0,0,0,0,1,0,0,0,63,127,73,49,130,22,39,0,64,0,0,0,0,66,6,162,49,214,196,165,0,0,8,7,0,128,188,141,157,223,8,223,16,223,0,223,0,223,180,223,185,223,190,223,0,223,157,223,2,141,216,0,165,26,140,252,141,211,209,79,0,5,64,0,3,93,0,0,0,0,0,18,18,0,8,36,128,0,2,0,0,0,0,18,0,24,101,0,3,1,1,31,0,47,144,218,108,218,62,220,62,220,209,221,179,218,215,218,92,219,3,255,0,103,2,4,5,0,0,0,0,0,0,0,1,0,0,0,67,131,78,49,130,22,39,0,64,0,0,0,0,2,198,67,49,214,196,165,0,0,8,8,0,128,188,141,157,223,8,223,16,223,0,223,0,223,180,223,185,223,190,223,0,223,157,223,2,141,216,0,165,26,140,252,141,211
2026-08-17_14-08-30,1,836,3,0.0,0,1200.0,-1,-1,209,79,0,5,64,0,3,93,0,0,0,0,0,18,18,0,8,36,128,0,2,0,0,0,0,18,0,24,101,0,3,1,1,31,0,47,144,218,108,218,62,220,62,220,209,221,179,218,215,218,92,219,3,255,0,103,2,4,5,0,0,0,0,0,0,0,1,0,0,0,67,131,78,49,130,22,39,0,64,0,0,0,0,2,198,67,49,214,196,165,0,0,8,8,0,128,188,141,157,223,8,223,16,223,0,223,0,223,180,223,185,223,190,223,0,223,157,223,2,141,216,0,165,26,140,252,141,211,213,243,0,5,64,0,3,217,0,0,0,0,0,18,18,0,8,36,128,0,2,0,0,0,0,18,0,24,100,0,3,1,1,31,0,47,144,218,108,218,62,220,62,220,209,221,179,218,215,218,92,219,3,255,0,103,2,4,1,0,0,0,0,0,0,0,1,0,0,0,71,135,82,49,130,22,39,0,64,0,0,0,0,194,119,3,49,214,196,165,0,0,8,8,0,128,188,141,157,223,8,223,16,223,0,223,0,223,180,223,185,223,190,223,0,223,157,223,2,141,216,0,165,26,140,252,141,211
2026-08-17_14-08-30,1,837,3,0.0,0,1200.0,-1,-1,213,243,0,5,64,0,3,217,0,0,0,0,0,18,18,0,8,36,128,0,2,0,0,0,0,18,0,24,100,0,3,1,1,31,0,47,144,218,108,218,62,220,62,220,209,221,179,218,215,218,92,219,3,255,0,103,2,4,1,0,0,0,0,0,0,0,1,0,0,0,71,135,82,49,130,22,39,0,64,0,0,0,0,194,119,3,49,214,196,165,0,0,8,8,0,128,188,141,157,223,8,223,16,223,0,223,0,223,180,223,185,223,190,223,0,223,157,223,2,141,216,0,165,26,140,252,141,211,217,54,0,5,64,0,3,85,0,0,0,0,0,18,18,0,8,36,128,0,2,0,0,0,0,18,0,24,99,0,3,1,1,31,0,47,108,218,144,218,62,220,62,220,209,221,179,218,215,218,92,219,3,255,0,103,3,4,3,0,0,0,0,0,0,0,1,0,0,0,75,139,87,49,130,22,39,0,64,0,0,0,0,115,55,179,49,214,196,165,0,0,8,7,0,128,188,141,157,223,8,223,16,223,0,223,0,223,180,223,185,223,190,223,0,223,157,223,2,141,216,0,165,26,140,252,141,211
2026-08-17_14-08-30,1,838,3,0.0,0,1200.0,-1,-1,217,54,0,5,64,0,3,85,0,0,0,0,0,18,18,0,8,36,128,0,2,0,0,0,0,18,0,24,99,0,3,1,1,31,0,47,108,218,144,218,62,220,62,220,209,221,179,218,215,218,92,219,3,255,0,103,3,4,3,0,0,0,0,0,0,0,1,0,0,0,75,139,87,49,130,22,39,0,64,0,0,0,0,115,55,179,49,214,196,165,0,0,8,7,0,128,188,141,157,223,8,223,16,223,0,223,0,223,180,223,185,223,190,223,0,223,157,223,2,141,216,0,165,26,140,252,141,211,221,104,0,5,64,0,3,209,0,0,0,0,0,18,18,0,8,36,128,0,2,0,0,0,0,18,0,24,98,0,3,1,1,31,0,47,108,218,144,218,62,220,62,220,209,221,179,218,215,218,92,219,3,255,0,103,4,4,5,255,0,0,0,0,0,0,1,0,0,0,79,143,91,49,130,22,39,0,64,0,0,0,0,51,247,100,49,214,196,165,0,0,8,7,0,128,188,141,157,223,8,223,16,223,0,223,0,223,180,223,185,223,190,223,0,223,157,223,2,141,216,0,165,26,140,252,141,211
2026-08-17_14-08-30,1,839,3,0.0,0,1200.0,-1,-1,221,104,0,5,64,0,3,209,0,0,0,0,0,18,18,0,8,36,128,0,2,0,0,0,0,18,0,24,98,0,3,1,1,31,0,47,108,218,144,218,62,220,62,220,209,221,179,218,215,218,92,219,3,255,0,103,4,4,5,255,0,0,0,0,0,0,1,0,0,0,79,143,91,49,130,22,39,0,64,0,0,0,0,51,247,100,49,214,196,165,0,0,8,7,0,128,188,141,157,223,8,223,16,223,0,223,0,223,180,223,185,223,190,223,0,223,157,223,2,141,216,0,165,26,140,252,141,211,225,130,0,5,64,0,3,77,0,0,0,0,0,18,18,0,8,36,128,0,2,0,0,0,0,18,0,24,97,0,3,1,1,31,0,47,144,218,108,218,62,220,62,220,209,221,179,218,215,218,92,219,3,255,0,103,4,4,1,255,0,0,0,0,0,0,1,0,0,0,83,147,96,49,130,22,39,0,64,0,0,0,0,243,183,20,49,214,196,165,0,0,8,8,0,128,188,141,157,223,8,223,16,223,0,223,0,223,180,223,185,223,190,223,0,223,157,223,2,141,216,0,165,26,140,252,141,211
2026-08-17_14-08-30,1,840,3,0.0,0,1200.0,-1,-1,225,130,0,5,64,0,3,77,0,0,0,0,0,18,18,0,8,36,128,0,2,0,0,0,0,18,0,24,97,0,3,1,1,31,0,47,144,218,108,218,62,220,62,220,209,221,179,218,215,218,92,219,3,255,0,103,4,4,1,255,0,0,0,0,0,0,1,0,0,0,83,147,96,49,130,22,39,0,64,0,0,0,0,243,183,20,49,214,196,165,0,0,8,8,0,128,188,141,157,223,8,223,16,223,0,223,0,223,180,223,185,223,190,223,0,223,157,223,2,141,216,0,165,26,140,252,141,211,229,41,0,5,64,0,3,108,0,0,0,0,0,18,18,0,8,36,128,0,2,0,0,0,0,18,0,24,96,0,3,1,1,31,0,47,144,218,0,218,62,220,62,220,209,221,179,218,215,218,92,219,3,255,0,103,5,4,3,254,0,0,0,0,0,0,1,0,0,0,87,151,99,49,130,22,39,0,64,0,0,9,0,179,104,228,49,214,196,165,0,0,8,8,0,128,188,141,157,223,8,223,16,223,0,223,0,223,180,223,185,223,190,223,0,223,157,223,2,141,216,0,165,26,200,250,141,211
2026-08-17_14-08-30,1,841,3,0.0,0,1200.0,-1,-1,229,41,0,5,64,0,3,108,0,0,0,0,0,18,18,0,8,36,128,0,2,0,0,0,0,18,0,24,96,0,3,1,1,31,0,47,144,218,0,218,62,220,62,220,209,221,179,218,215,218,92,219,3,255,0,103,5,4,3,254,0,0,0,0,0,0,1,0,0,0,87,151,99,49,130,22,39,0,64,0,0,9,0,179,104,228,49,214,196,165,0,0,8,8,0,128,188,141,157,223,8,223,16,223,0,223,0,223,180,223,185,223,190,223,0,223,157,223,2,141,216,0,165,26,200,250,141,211,233,150,0,5,64,0,3,108,0,0,0,0,0,18,18,0,8,36,128,0,1,0,0,0,0,18,0,24,89,0,3,1,1,31,0,47,108,218,0,218,62,220,62,220,209,221,179,218,215,218,92,219,3,255,0,103,6,4,5,253,0,0,0,0,0,0,1,0,0,0,91,155,103,49,130,22,39,0,64,0,0,8,0,100,40,164,49,214,196,165,0,0,8,7,0,128,188,141,157,223,8,223,16,223,0,223,0,223,180,223,185,223,190,223,0,223,157,223,2,141,216,0,165,26,200,250,141,211
2026-08-17_14-08-30,1,842,3,0.0,0,1200.0,-1,-1,233,150,0,5,64,0,3,108,0,0,0,0,0,18,18,0,8,36,128,0,1,0,0,0,0,18,0,24,89,0,3,1,1,31,0,47,108,218,0,218,62,220,62,220,209,221,179,218,215,218,92,219,3,255,0,103,6,4,5,253,0,0,0,0,0,0,1,0,0,0,91,155,103,49,130,22,39,0,64,0,0,8,0,100,40,164,49,214,196,165,0,0,8,7,0,128,188,141,157,223,8,223,16,223,0,223,0,223,180,223,185,223,190,223,0,223,157,223,2,141,216,0,165,26,200,250,141,211,237,98,0,5,64,0,3,108,0,0,0,0,0,18,18,0,8,36,128,0,1,0,0,0,0,18,0,24,88,0,3,1,1,31,0,47,108,218,0,218,62,220,62,220,209,221,179,218,215,218,92,219,3,255,0,103,6,4,1,253,0,0,0,0,0,0,1,0,0,0,95,159,107,49,130,22,39,0,64,0,0,7,0,36,232,85,49,214,196,165,0,0,8,7,0,128,188,141,157,223,8,223,16,223,0,223,0,223,180,223,185,223,190,223,0,223,157,223,2,141,216,0,165,26,200,250,141,211
2026-08-17_14-08-30,1,843,3,0.0,0,1200.0,-1,-1,237,98,0,5,64,0,3,108,0,0,0,0,0,18,18,0,8,36,128,0,1,0,0,0,0,18,0,24,88,0,3,1,1,31,0,47,108,218,0,218,62,220,62,220,209,221,179,218,215,218,92,219,3,255,0,103,6,4,1,253,0,0,0,0,0,0,1,0,0,0,95,159,107,49,130,22,39,0,64,0,0,7,0,36,232,85,49,214,196,165,0,0,8,7,0,128,188,141,157,223,8,223,16,223,0,223,0,223,180,223,185,223,190,223,0,223,157,223,2,141,216,0,165,26,200,250,141,211,241,39,0,5,64,0,3,108,0,0,0,0,0,18,18,0,8,36,128,0,3,0,0,0,0,18,0,24,87,0,3,1,1,31,0,47,144,218,144,218,62,220,62,220,209,221,179,218,215,218,92,219,3,255,0,29,7,4,3,252,0,0,5,0,6,0,1,0,0,0,99,163,111,119,130,22,39,0,64,0,0,6,0,228,168,21,149,214,196,165,0,0,8,8,0,128,6,141,157,223,8,223,16,223,0,223,0,223,180,223,185,223,190,223,0,223,157,223,2,141,216,0,165,26,200,250,141,211
2026-08-17_14-08-30,1,844,3,0.0,0,1200.0,-1,-1,241,39,0,5,64,0,3,108,0,0,0,0,0,18,18,0,8,36,128,0,3,0,0,0,0,18,0,24,87,0,3,1,1,31,0,47,144,218,144,218,62,220,62,220,209,221,179,218,215,218,92,219,3,255,0,29,7,4,3,252,0,0,5,0,6,0,1,0,0,0,99,163,111,119,130,22,39,0,64,0,0,6,0,228,168,21,149,214,196,165,0,0,8,8,0,128,6,141,157,223,8,223,16,223,0,223,0,223,180,223,185,223,190,223,0,223,157,223,2,141,216,0,165,26,200,250,141,211,245,113,0,5,64,0,3,108,0,0,0,0,0,18,18,0,8,36,128,0,3,0,0,0,0,18,0,24,86,0,3,1,1,31,0,47,144,218,144,218,62,220,62,220,209,221,179,218,215,218,92,219,3,255,0,29,0,3,5,2,0,0,1,0,6,0,1,0,0,0,103,167,115,124,130,22,39,0,64,0,0,5,0,164,89,213,54,214,196,165,0,0,8,8,0,128,6,141,157,223,8,223,16,223,0,223,0,223,180,223,185,223,190,223,0,223,157,223,2,141,216,0,165,26,200,250,141,211
2026-08-17_14-08-30,1,845,8,0.0,0,1200.0,-1,-1,245,113,0,5,64,0,3,108,0,0,0,0,0,18,18,0,8,36,128,0,3,0,0,0,0,18,0,24,86,0,3,1,1,31,0,47,144,218,144,218,62,220,62,220,209,221,179,218,215,218,92,219,3,255,0,29,0,3,5,2,0,0,1,0,6,0,1,0,0,0,103,167,115,124,130,22,39,0,64,0,0,5,0,164,89,213,54,214,196,165,0,0,8,8,0,128,6,141,157,223,8,223,16,223,0,223,0,223,180,223,185,223,190,223,0,223,157,223,2,141,216,0,165,26,200,250,141,211,249,31,0,5,64,0,3,108,0,0,7,0,0,18,18,0,8,36,128,0,3,0,0,0,0,18,0,24,85,0,3,1,1,31,0,47,126,220,144,218,218,220,62,220,209,221,179,218,215,218,92,219,3,1,0,29,0,3,1,2,0,0,0,0,0,0,1,0,0,0,104,168,116,129,130,22,39,128,64,0,0,4,0,148,73,197,230,214,196,165,0,0,8,2,0,128,6,141,157,223,8,223,16,223,0,223,0,223,180,223,185,223,190,223,0,223,157,223,2,141,216,0,165,26,200,250,141,211
2026-08-17_14-08-30,1,846,8,0.0,0,1200.0,-1,-1,249,31,0,5,64,0,3,108,0,0,7,0,0,18,18,0,8,36,128,0,3,0,0,0,0,18,0,24,85,0,3,1,1,31,0,47,126,220,144,218,218,220,62,220,209,221,179,218,215,218,92,219,3,1,0,29,0,3,1,2,0,0,0,0,0,0,1,0,0,0,104,168,116,129,130,22,39,128,64,0,0,4,0,148,73,197,230,214,196,165,0,0,8,2,0,128,6,141,157,223,8,223,16,223,0,223,0,223,180,223,185,223,190,223,0,223,157,223,2,141,216,0,165,26,200,250,141,211,253,254,0,5,64,0,3,108,0,0,3,0,0,18,18,0,8,36,128,0,3,0,0,0,0,18,0,24,84,0,3,1,1,31,0,47,126,220,144,218,218,220,62,220,209,221,179,218,215,218,92,219,3,1,0,29,1,3,3,2,0,0,0,0,0,0,1,0,0,0,104,168,116,134,130,22,39,128,64,0,0,3,0,148,73,197,150,214,196,165,0,0,8,2,0,128,6,141,157,223,8,223,16,223,0,223,0,223,180,223,185,223,190,223,0,223,157,223,66,141,216,0,165,26,200,250,141,211
2026-08-17_14-08-30,1,847,3,0.0,0,1200.0,-1,-1,253,254,0,5,64,0,3,108,0,0,3,0,0,18,18,0,8,36,128,0,3,0,0,0,0,18,0,24,84,0,3,1,1,31,0,47,126,220,144,218,218,220,62,220,209,221,179,218,215,218,92,219,3,1,0,29,1,3,3,2,0,0,0,0,0,0,1,0,0,0,104,168,116,134,130,22,39,128,64,0,0,3,0,148,73,197,150,214,196,165,0,0,8,2,0,128,6,141,157,223,8,223,16,223,0,223,0,223,180,223,185,223,190,223,0,223,157,223,66,141,216,0,165,26,200,250,141,211,1,224,0,6,64,0,3,108,0,0,0,0,0,18,18,0,8,36,128,0,3,0,0,0,0,18,0,24,83,0,3,1,1,31,0,47,72,218,144,218,62,220,62,220,209,221,179,218,215,218,92,219,3,255,0,103,2,3,5,2,0,0,2,0,7,0,1,0,0,0,104,168,116,49,130,15,39,144,64,0,0,2,0,148,73,197,49,214,52,165,0,0,8,5,0,128,188,141,157,223,8,223,16,223,0,223,0,223,180,223,185,223,190,223,0,223,157,223,2,141,216,0,165,26,200,250,141,211
2026-08-17_14-08-30,1,848,8,0.0,0,1200.0,-1,-1,1,224,0,6,64,0,3,108,0,0,0,0,0,18,18,0,8,36,128,0,3,0,0,0,0,18,0,24,83,0,3,1,1,31,0,47,72,218,144,218,62,220,62,220,209,221,179,218,215,218,92,219,3,255,0,103,2,3,5,2,0,0,2,0,7,0,1,0,0,0,104,168,116,49,130,15,39,144,64,0,0,2,0,148,73,197,49,214,52,165,0,0,8,5,0,128,188,141,157,223,8,223,16,223,0,223,0,223,180,223,185,223,190,223,0,223,157,223,2,141,216,0,165,26,200,250,141,211,5,14,0,6,64,0,3,108,0,0,0,0,0,18,18,0,8,36,128,0,2,0,0,0,0,18,0,24,82,0,3,1,1,31,0,47,72,218,144,218,62,220,62,220,209,221,179,218,215,218,92,219,3,255,0,103,2,3,1,2,0,0,0,0,0,0,1,0,0,0,104,168,116,49,130,15,39,144,64,0,0,1,0,148,73,197,49,214,52,165,0,0,8,5,0,128,188,141,157,223,8,223,16,223,0,223,0,223,180,223,185,223,190,223,0,223,157,223,2,141,216,0,165,26,200,250,141,211
2026-08-17_14-08-30,1,849,8,0.0,0,1200.0,-1,-1,5,14,0,6,64,0,3,108,0,0,0,0,0,18,18,0,8,36,128,0,2,0,0,0,0,18,0,24,82,0,3,1,1,31,0,47,72,218,144,218,62,220,62,220,209,221,179,218,215,218,92,219,3,255,0,103,2,3,1,2,0,0,0,0,0,0,1,0,0,0,104,168,116,49,130,15,39,144,64,0,0,1,0,148,73,197,49,214,52,165,0,0,8,5,0,128,188,141,157,223,8,223,16,223,0,223,0,223,180,223,185,223,190,223,0,223,157,223,2,141,216,0,165,26,200,250,141,211,9,231,0,6,64,0,3,139,0,0,9,0,0,18,18,0,8,36,128,0,2,0,0,0,0,18,0,24,81,0,3,1,1,31,0,47,126,220,108,218,218,220,62,220,209,221,179,218,215,218,92,219,3,1,0,103,3,3,3,2,0,0,0,0,0,0,1,0,0,0,106,170,117,49,130,15,39,146,64,0,0,0,0,101,41,181,49,214,52,165,0,0,0,2,0,0,188,141,157,223,8,223,16,223,0,223,0,223,180,223,185,223,190,223,0,223,157,223,2,141,216,0,165,26,140,252,141,211
2026-08-17_14-08-30,1,850,8,0.0,0,1200.0,-1,-1,9,231,0,6,64,0,3,139,0,0,9,0,0,18,18,0,8,36,128,0,2,0,0,0,0,18,0,24,81,0,3,1,1,31,0,47,126,220,108,218,218,220,62,220,209,221,179,218,215,218,92,219,3,1,0,103,3,3,3,2,0,0,0,0,0,0,1,0,0,0,106,170,117,49,130,15,39,146,64,0,0,0,0,101,41,181,49,214,52,165,0,0,0,2,0,0,188,141,157,223,8,223,16,223,0,223,0,223,180,223,185,223,190,223,0,223,157,223,2,141,216,0,165,26,140,252,141,211,13,125,0,6,64,0,3,7,0,0,5,0,0,18,18,0,8,36,128,0,2,0,0,0,0,18,0,24,80,0,3,1,1,31,0,47,126,220,108,218,218,220,62,220,209,221,179,218,215,218,92,219,3,1,0,103,0,3,5,1,0,0,0,0,0,0,1,0,0,0,106,170,112,49,130,15,39,146,64,0,0,0,0,101,41,5,49,214,52,165,0,0,0,2,0,0,188,141,157,223,8,223,16,223,0,223,0,223,180,223,185,223,190,223,0,223,157,223,2,141,216,0,165,26,140,252,141,211
2026-08-17_14-08-30,1,851,8,0.0,0,1200.0,-1,-1,13,125,0,6,64,0,3,7,0,0,5,0,0,18,18,0,8,36,128,0,2,0,0,0,0,18,0,24,80,0,3,1,1,31,0,47,126,220,108,218,218,220,62,220,209,221,179,218,215,218,92,219,3,1,0,103,0,3,5,1,0,0,0,0,0,0,1,0,0,0,106,170,112,49,130,15,39,146,64,0,0,0,0,101,41,5,49,214,52,165,0,0,0,2,0,0,188,141,157,223,8,223,16,223,0,223,0,223,180,223,185,223,190,223,0,223,157,223,2,141,216,0,165,26,140,252,141,211,17,217,0,6,64,0,3,131,0,0,1,0,0,18,18,0,8,36,128,0,2,0,0,0,0,18,0,24,73,0,3,1,1,31,0,47,126,220,144,218,218,220,62,220,209,221,179,218,215,218,92,219,3,1,0,103,0,3,1,1,0,0,0,0,0,0,1,0,0,0,106,170,108,49,130,15,39,36,64,0,0,0,0,101,41,69,49,214,52,165,0,0,0,2,0,0,188,141,157,223,8,223,16,223,0,223,0,223,180,223,185,223,190,223,0,223,157,223,2,141,216,0,165,26,140,252,141,211
2026-08-17_14-08-30,1,852,3,0.0,0,1200.0,-1,-1,17,217,0,6,64,0,3,131,0,0,1,0,0,18,18,0,8,36,128,0,2,0,0,0,0,18,0,24,73,0,3,1,1,31,0,47,126,220,144,218,218,220,62,220,209,221,179,218,215,218,92,219,3,1,0,103,0,3,1,1,0,0,0,0,0,0,1,0,0,0,106,170,108,49,130,15,39,36,64,0,0,0,0,101,41,69,49,214,52,165,0,0,0,2,0,0,188,141,157,223,8,223,16,223,0,223,0,223,180,223,185,223,190,223,0,223,157,223,2,141,216,0,165,26,140,252,141,211,21,145,0,6,64,0,3,255,0,0,8,0,0,18,18,0,8,36,128,0,2,0,0,0,0,18,0,24,72,0,3,1,1,31,0,47,126,220,144,218,218,220,62,220,209,221,179,218,215,218,92,219,3,1,0,103,1,3,3,1,0,0,0,0,0,0,1,0,0,0,107,171,104,49,130,15,39,132,64,0,0,0,0,85,25,148,49,214,52,165,0,0,0,2,0,0,188,141,157,223,8,223,16,223,0,223,0,223,180,223,185,223,190,223,0,223,157,223,2,141,216,0,165,26,140,252,141,211
2026-08-17_14-08-30,1,853,8,0.0,0,1200.0,-1,-1,21,145,0,6,64,0,3,255,0,0,8,0,0,18,18,0,8,36,128,0,2,0,0,0,0,18,0,24,72,0,3,1,1,31,0,47,126,220,144,218,218,220,62,220,209,221,179,218,215,218,92,219,3,1,0,103,1,3,3,1,0,0,0,0,0,0,1,0,0,0,107,171,104,49,130,15,39,132,64,0,0,0,0,85,25,148,49,214,52,165,0,0,0,2,0,0,188,141,157,223,8,223,16,223,0,223,0,223,180,223,185,223,190,223,0,223,157,223,2,141,216,0,165,26,140,252,141,211,25,17,0,6,64,0,3,123,0,0,4,0,0,18,18,0,8,36,128,0,2,0,0,0,0,18,0,24,71,0,3,1,1,31,0,47,126,220,108,218,218,220,62,220,209,221,179,218,215,218,92,219,3,1,0,103,2,3,5,1,0,0,0,0,0,0,1,0,0,0,107,171,99,49,130,15,39,132,64,0,0,0,0,85,25,228,49,214,52,165,0,0,0,2,0,0,188,141,157,223,8,223,16,223,0,223,0,223,180,223,185,223,190,223,0,223,157,223,2,141,216,0,165,26,140,252,141,211
2026-08-17_14-08-30,1,854,3,0.0,0,1200.0,-1,-1,25,17,0,6,64,0,3,123,0,0,4,0,0,18,18,0,8,36,128,0,2,0,0,0,0,18,0,24,71,0,3,1,1,31,0,47,126,220,108,218,218,220,62,220,209,221,179,218,215,218,92,219,3,1,0,103,2,3,5,1,0,0,0,0,0,0,1,0,0,0,107,171,99,49,130,15,39,132,64,0,0,0,0,85,25,228,49,214,52,165,0,0,0,2,0,0,188,141,157,223,8,223,16,223,0,223,0,223,180,223,185,223,190,223,0,223,157,223,2,141,216,0,165,26,140,252,141,211,29,25,0,6,64,0,3,247,0,0,0,0,0,18,18,0,8,36,128,0,2,0,0,0,0,18,0,24,70,0,3,1,1,31,0,47,72,218,108,218,62,220,62,220,209,221,179,218,215,218,92,219,3,255,0,103,2,3,1,1,0,0,0,0,0,0,1,0,0,0,107,171,95,49,130,15,39,16,64,0,0,0,0,85,25,36,49,214,52,165,0,0,0,5,0,0,188,141,157,223,8,223,16,223,0,223,0,223,180,223,185,223,190,223,0,223,157,223,2,141,216,0,165,26,140,252,141,211
2026-08-17_14-08-30,1,855,8,0.0,0,1200.0,-1,-1,29,25,0,6,64,0,3,247,0,0,0,0,0,18,18,0,8,36,128,0,2,0,0,0,0,18,0,24,70,0,3,1,1,31,0,47,72,218,108,218,62,220,62,220,209,221,179,218,215,218,92,219,3,255,0,103,2,3,1,1,0,0,0,0,0,0,1,0,0,0,107,171,95,49,130,15,39,16,64,0,0,0,0,85,25,36,49,214,52,165,0,0,0,5,0,0,188,141,157,223,8,223,16,223,0,223,0,223,180,223,185,223,190,223,0,223,157,223,2,141,216,0,165,26,140,252,141,211,33,157,0,6,64,0,3,115,0,0,7,0,0,18,18,0,8,36,128,0,2,0,0,0,0,18,0,24,69,0,3,1,1,31,0,47,126,220,144,218,218,220,62,220,209,221,179,218,215,218,92,219,3,1,0,103,3,3,3,1,0,0,0,0,0,0,1,0,0,0,108,172,90,49,130,15,39,132,64,0,0,0,0,69,9,116,49,214,52,165,0,0,0,2,0,0,188,141,157,223,8,223,16,223,0,223,0,223,180,223,185,223,190,223,0,223,157,223,2,141,216,0,165,26,140,252,141,211
2026-08-17_14-08-30,1,856,8,0.0,0,1200.0,-1,-1,33,157,0,6,64,0,3,115,0,0,7,0,0,18,18,0,8,36,128,0,2,0,0,0,0,18,0,24,69,0,3,1,1,31,0,47,126,220,144,218,218,220,62,220,209,221,179,218,215,218,92,219,3,1,0,103,3,3,3,1,0,0,0,0,0,0,1,0,0,0,108,172,90,49,130,15,39,132,64,0,0,0,0,69,9,116,49,214,52,165,0,0,0,2,0,0,188,141,157,223,8,223,16,223,0,223,0,223,180,223,185,223,190,223,0,223,157,223,2,141,216,0,165,26,140,252,141,211,37,215,0,6,64,0,3,239,0,0,3,0,0,18,18,0,8,36,128,0,2,0,0,0,0,18,0,24,68,0,3,1,1,31,0,47,126,220,144,218,218,220,62,220,209,221,179,218,215,218,92,219,3,1,0,103,0,3,5,0,0,0,0,0,0,0,1,0,0,0,108,172,86,49,130,15,39,66,64,0,0,0,0,69,9,195,49,214,52,165,0,0,0,2,0,0,188,141,157,223,8,223,16,223,0,223,0,223,180,223,185,223,190,223,0,223,157,223,2,141,216,0,165,26,140,252,141,211
2026-08-17_14-08-30,1,857,3,0.0,0,1200.0,-1,-1,37,215,0,6,64,0,3,239,0,0,3,0,0,18,18,0,8,36,128,0,2,0,0,0,0,18,0,24,68,0,3,1,1,31,0,47,126,220,144,218,218,220,62,220,209,221,179,218,215,218,92,219,3,1,0,103,0,3,5,0,0,0,0,0,0,0,1,0,0,0,108,172,86,49,130,15,39,66,64,0,0,0,0,69,9,195,49,214,52,165,0,0,0,2,0,0,188,141,157,223,8,223,16,223,0,223,0,223,180,223,185,223,190,223,0,223,157,223,2,141,216,0,165,26,140,252,141,211,41,118,0,6,64,0,3,107,0,0,0,0,0,18,18,0,8,36,128,0,2,0,0,0,0,18,0,24,67,0,3,1,1,31,0,47,108,218,108,218,62,220,62,220,209,221,179,218,215,218,92,219,3,255,0,103,0,3,1,0,0,0,0,0,0,0,1,0,0,0,109,173,81,49,130,15,39,4,64,0,0,0,0,53,249,19,49,214,52,165,0,0,0,7,0,0,188,141,157,223,8,223,16,223,0,223,0,223,180,223,185,223,190,223,0,223,157,223,2,141,216,0,165,26,140,252,141,211
2026-08-17_14-08-30,1,858,8,0.0,0,1200.0,-1,-1,41,118,0,6,64,0,3,107,0,0,0,0,0,18,18,0,8,36,128,0,2,0,0,0,0,18,0,24,67,0,3,1,1,31,0,47,108,218,108,218,62,220,62,220,209,221,179,218,215,218,92,219,3,255,0,103,0,3,1,0,0,0,0,0,0,0,1,0,0,0,109,173,81,49,130,15,39,4,64,0,0,0,0,53,249,19,49,214,52,165,0,0,0,7,0,0,188,141,157,223,8,223,16,223,0,223,0,223,180,223,185,223,190,223,0,223,157,223,2,141,216,0,165,26,140,252,141,211,45,108,0,6,64,0,3,231,0,0,6,0,0,18,18,0,8,36,128,0,2,0,0,0,0,18,0,24,66,0,3,1,1,31,0,47,126,220,108,218,218,220,62,220,209,221,179,218,215,218,92,219,3,1,0,103,1,3,3,0,0,0,0,0,0,0,1,0,0,0,109,173,77,49,130,15,39,130,64,0,0,0,0,53,249,83,49,214,52,165,0,0,0,2,0,0,188,141,157,223,8,223,16,223,0,223,0,223,180,223,185,223,190,223,0,223,157,223,2,141,216,0,165,26,140,252,141,211
2026-08-17_14-08-30,1,859,8,0.0,0,1200.0,-1,-1,45,108,0,6,64,0,3,231,0,0,6,0,0,18,18,0,8,36,128,0,2,0,0,0,0,18,0,24,66,0,3,1,1,31,0,47,126,220,108,218,218,220,62,220,209,221,179,218,215,218,92,219,3,1,0,103,1,3,3,0,0,0,0,0,0,0,1,0,0,0,109,173,77,49,130,15,39,130,64,0,0,0,0,53,249,83,49,214,52,165,0,0,0,2,0,0,188,141,157,223,8,223,16,223,0,223,0,223,180,223,185,223,190,223,0,223,157,223,2,141,216,0,165,26,140,252,141,211,49,192,0,6,64,0,3,99,0,0,2,0,0,18,18,0,8,36,128,0,2,0,0,0,0,18,0,24,65,0,3,1,1,31,0,47,126,220,144,218,218,220,62,220,209,221,179,218,215,218,92,219,3,1,0,103,2,3,5,0,0,0,0,0,0,0,1,0,0,0,109,173,72,49,130,15,39,32,64,0,0,0,0,53,249,178,49,214,52,165,0,0,0,2,0,0,188,141,157,223,8,223,16,223,0,223,0,223,180,223,185,223,190,223,0,223,157,223,2,141,216,0,165,26,140,252,141,211
2026-08-17_14-08-30,1,860,3,0.0,0,1200.0,-1,-1,49,192,0,6,64,0,3,99,0,0,2,0,0,18,18,0,8,36,128,0,2,0,0,0,0,18,0,24,65,0,3,1,1,31,0,47,126,220,144,218,218,220,62,220,209,221,179,218,215,218,92,219,3,1,0,103,2,3,5,0,0,0,0,0,0,0,1,0,0,0,109,173,72,49,130,15,39,32,64,0,0,0,0,53,249,178,49,214,52,165,0,0,0,2,0,0,188,141,157,223,8,223,16,223,0,223,0,223,180,223,185,223,190,223,0,223,157,223,2,141,216,0,165,26,140,252,141,211,53,12,0,6,64,0,3,223,0,0,0,0,0,18,18,0,8,36,128,0,2,0,0,0,0,18,0,24,64,0,3,1,1,31,0,47,72,218,144,218,62,220,62,220,209,221,179,218,215,218,92,219,3,255,0,103,2,3,1,0,0,0,0,0,0,0,1,0,0,0,111,175,68,49,130,15,39,2,64,0,0,0,0,21,217,242,49,214,52,165,0,0,0,5,0,0,188,141,157,223,8,223,16,223,0,223,0,223,180,223,185,223,190,223,0,223,157,223,2,141,216,0,165,26,140,252,141,211
2026-08-17_14-08-30,1,861,3,0.0,0,1200.0,-1,-1,53,12,0,6,64,0,3,223,0,0,0,0,0,18,18,0,8,36,128,0,2,0,0,0,0,18,0,24,64,0,3,1,1,31,0,47,72,218,144,218,62,220,62,220,209,221,179,218,215,218,92,219,3,255,0,103,2,3,1,0,0,0,0,0,0,0,1,0,0,0,111,175,68,49,130,15,39,2,64,0,0,0,0,21,217,242,49,214,52,165,0,0,0,5,0,0,188,141,157,223,8,223,16,223,0,223,0,223,180,223,185,223,190,223,0,223,157,223,2,141,216,0,165,26,140,252,141,211,57,198,0,6,64,0,3,91,0,0,0,0,0,18,18,0,8,36,128,0,2,0,0,0,0,18,0,24,57,0,3,1,1,31,0,47,108,218,108,218,62,220,62,220,209,221,179,218,215,218,92,219,3,255,0,103,3,3,3,0,0,0,0,0,0,0,1,0,0,0,115,179,63,49,130,15,39,0,64,0,0,0,0,213,153,66,49,214,52,165,0,0,0,7,0,0,188,141,157,223,8,223,16,223,0,223,0,223,180,223,185,223,190,223,0,223,157,223,2,141,216,0,165,26,140,252,141,211
2026-08-17_14-08-30,1,862,3,0.0,0,1200.0,-1,-1,57,198,0,6,64,0,3,91,0,0,0,0,0,18,18,0,8,36,128,0,2,0,0,0,0,18,0,24,57,0,3,1,1,31,0,47,108,218,108,218,62,220,62,220,209,221,179,218,215,218,92,219,3,255,0,103,3,3,3,0,0,0,0,0,0,0,1,0,0,0,115,179,63,49,130,15,39,0,64,0,0,0,0,213,153,66,49,214,52,165,0,0,0,7,0,0,188,141,157,223,8,223,16,223,0,223,0,223,180,223,185,223,190,223,0,223,157,223,2,141,216,0,165,26,140,252,141,211,61,111,0,6,64,0,3,215,0,0,0,0,0,18,18,0,8,36,128,0,2,0,0,0,0,18,0,24,56,0,3,1,1,31,0,47,108,218,108,218,62,220,62,220,209,221,179,218,215,218,92,219,3,255,0,103,4,3,5,255,0,0,0,0,0,0,1,0,0,0,119,183,59,49,130,15,39,0,64,0,0,0,0,149,74,145,49,214,52,165,0,0,0,7,0,0,188,141,157,223,8,223,16,223,0,223,0,223,180,223,185,223,190,223,0,223,157,223,2,141,216,0,165,26,140,252,141,211
2026-08-17_14-08-30,1,863,3,0.0,0,1200.0,-1,-1,61,111,0,6,64,0,3,215,0,0,0,0,0,18,18,0,8,36,128,0,2,0,0,0,0,18,0,24,56,0,3,1,1,31,0,47,108,218,108,218,62,220,62,220,209,221,179,218,215,218,92,219,3,255,0,103,4,3,5,255,0,0,0,0,0,0,1,0,0,0,119,183,59,49,130,15,39,0,64,0,0,0,0,149,74,145,49,214,52,165,0,0,0,7,0,0,188,141,157,223,8,223,16,223,0,223,0,223,180,223,185,223,190,223,0,223,157,223,2,141,216,0,165,26,140,252,141,211,65,241,0,6,64,0,3,83,0,0,0,0,0,18,18,0,8,36,128,0,2,0,0,0,0,18,0,24,55,0,3,1,1,31,0,47,144,218,144,218,62,220,62,220,209,221,179,218,215,218,92,219,3,255,0,103,4,3,1,255,0,0,0,0,0,0,1,0,0,0,123,187,54,49,130,15,39,0,64,0,0,0,0,70,10,225,49,214,52,165,0,0,0,8,0,0,188,141,157,223,8,223,16,223,0,223,0,223,180,223,185,223,190,223,0,223,157,223,2,141,216,0,165,26,140,252,141,211
2026-08-17_14-08-30,1,864,3,0.0,0,1200.0,-1,-1,65,241,0,6,64,0,3,83,0,0,0,0,0,18,18,0,8,36,128,0,2,0,0,0,0,18,0,24,55,0,3,1,1,31,0,47,144,218,144,218,62,220,62,220,209,221,179,218,215,218,92,219,3,255,0,103,4,3,1,255,0,0,0,0,0,0,1,0,0,0,123,187,54,49,130,15,39,0,64,0,0,0,0,70,10,225,49,214,52,165,0,0,0,8,0,0,188,141,157,223,8,223,16,223,0,223,0,223,180,223,185,223,190,223,0,223,157,223,2,141,216,0,165,26,140,252,141,211,69,23,0,6,64,0,3,207,0,0,0,0,0,18,18,0,8,36,128,0,2,0,0,0,0,18,0,24,54,0,3,1,1,31,0,47,144,218,144,218,62,220,62,220,209,221,179,218,215,218,92,219,3,255,0,103,5,3,3,254,0,0,0,0,0,0,1,0,0,0,127,191,50,49,130,15,39,0,64,0,0,0,0,6,202,33,49,214,52,165,0,0,0,8,0,0,188,141,157,223,8,223,16,223,0,223,0,223,180,223,185,223,190,223,0,223,157,223,2,141,216,0,165,26,140,252,141,211
2026-08-17_14-08-30,1,865,3,0.0,0,1200.0,-1,-1,69,23,0,6,64,0,3,207,0,0,0,0,0,18,18,0,8,36,128,0,2,0,0,0,0,18,0,24,54,0,3,1,1,31,0,47,144,218,144,218,62,220,62,220,209,221,179,218,215,218,92,219,3,255,0,103,5,3,3,254,0,0,0,0,0,0,1,0,0,0,127,191,50,49,130,15,39,0,64,0,0,0,0,6,202,33,49,214,52,165,0,0,0,8,0,0,188,141,157,223,8,223,16,223,0,223,0,223,180,223,185,223,190,223,0,223,157,223,2,141,216,0,165,26,140,252,141,211,73,122,0,6,64,0,3,238,0,0,0,0,0,18,18,0,8,36,128,20,2,0,0,0,0,18,0,24,53,0,3,1,1,31,0,47,108,218,144,218,62,220,62,220,209,221,179,218,215,218,92,219,3,255,64,103,6,3,5,253,0,0,0,0,0,0,0,0,0,0,131,195,49,49,130,15,39,0,64,0,0,0,0,198,123,49,49,214,52,165,0,0,0,7,0,0,188,141,157,223,8,223,16,223,0,223,0,223,180,223,185,223,190,223,0,223,157,223,2,141,216,0,165,26,200,250,141,211
2026-08-17_14-08-30,1,866,3,0.0,0,1200.0,-1,-1,73,122,0,6,64,0,3,238,0,0,0,0,0,18,18,0,8,36,128,20,2,0,0,0,0,18,0,24,53,0,3,1,1,31,0,47,108,218,144,218,62,220,62,220,209,221,179,218,215,218,92,219,3,255,64,103,6,3,5,253,0,0,0,0,0,0,0,0,0,0,131,195,49,49,130,15,39,0,64,0,0,0,0,198,123,49,49,214,52,165,0,0,0,7,0,0,188,141,157,223,8,223,16,223,0,223,0,223,180,223,185,223,190,223,0,223,157,223,2,141,216,0,165,26,200,250,141,211,77,170,0,6,64,0,3,238,0,0,0,0,0,18,18,0,8,36,128,16,2,0,0,0,0,18,0,24,52,0,3,1,1,31,0,47,108,218,144,218,62,220,62,220,209,221,179,218,215,218,92,219,3,255,64,103,6,3,1,253,0,0,0,0,0,0,0,0,0,0,135,199,49,49,130,15,39,0,64,0,0,0,0,119,59,49,49,214,52,165,0,0,0,7,0,0,188,141,157,223,8,223,16,223,0,223,0,223,180,223,185,223,190,223,0,223,157,223,2,141,216,0,165,26,200,250,141,211
2026-08-17_14-08-30,1,867,3,0.0,0,1200.0,-1,-1,77,170,0,6,64,0,3,238,0,0,0,0,0,18,18,0,8,36,128,16,2,0,0,0,0,18,0,24,52,0,3,1,1,31,0,47,108,218,144,218,62,220,62,220,209,221,179,218,215,218,92,219,3,255,64,103,6,3,1,253,0,0,0,0,0,0,0,0,0,0,135,199,49,49,130,15,39,0,64,0,0,0,0,119,59,49,49,214,52,165,0,0,0,7,0,0,188,141,157,223,8,223,16,223,0,223,0,223,180,223,185,223,190,223,0,223,157,223,2,141,216,0,165,26,200,250,141,211,81,175,0,6,64,0,3,238,0,0,0,0,0,18,18,0,8,36,128,12,2,0,0,0,0,18,0,24,51,0,3,1,1,31,0,47,144,218,144,218,62,220,62,220,209,221,179,218,215,218,92,219,3,255,64,103,7,3,3,252,0,0,0,0,0,0,0,0,0,0,139,203,49,49,130,15,39,0,64,0,0,0,0,55,251,49,49,214,52,165,0,0,0,8,0,0,188,141,157,223,8,223,16,223,0,223,0,223,180,223,185,223,190,223,0,223,157,223,2,141,216,0,165,26,200,250,141,211
2026-08-17_14-08-30,1,868,3,0.0,0,1200.0,-1,-1,81,175,0,6,64,0,3,238,0,0,0,0,0,18,18,0,8,36,128,12,2,0,0,0,0,18,0,24,51,0,3,1,1,31,0,47,144,218,144,218,62,220,62,220,209,221,179,218,215,218,92,219,3,255,64,103,7,3,3,252,0,0,0,0,0,0,0,0,0,0,139,203,49,49,130,15,39,0,64,0,0,0,0,55,251,49,49,214,52,165,0,0,0,8,0,0,188,141,157,223,8,223,16,223,0,223,0,223,180,223,185,223,190,223,0,223,157,223,2,141,216,0,165,26,200,250,141,211,85,253,0,6,64,0,3,238,0,0,0,0,0,18,18,0,8,36,128,8,2,0,0,0,0,18,0,24,50,0,3,1,1,31,0,47,144,218,144,218,62,220,62,220,209,221,179,218,215,218,92,219,3,255,64,103,0,2,5,2,0,0,0,0,0,0,0,0,0,0,143,207,49,49,130,15,39,0,64,0,0,0,0,247,187,49,49,214,52,165,0,0,0,8,0,0,188,141,157,223,8,223,16,223,0,223,0,223,180,223,185,223,190,223,0,223,157,223,2,141,216,0,165,26,200,250,141,211
2026-08-17_14-08-30,1,869,3,0.0,0,1200.0,-1,-1,85,253,0,6,64,0,3,238,0,0,0,0,0,18,18,0,8,36,128,8,2,0,0,0,0,18,0,24,50,0,3,1,1,31,0,47,144,218,144,218,62,220,62,220,209,221,179,218,215,218,92,219,3,255,64,103,0,2,5,2,0,0,0,0,0,0,0,0,0,0,143,207,49,49,130,15,39,0,64,0,0,0,0,247,187,49,49,214,52,165,0,0,0,8,0,0,188,141,157,223,8,223,16,223,0,223,0,223,180,223,185,223,190,223,0,223,157,223,2,141,216,0,165,26,200,250,141,211,89,209,0,6,64,0,4,238,0,0,0,0,0,18,18,0,8,36,128,4,2,0,0,0,0,18,0,24,49,0,3,1,1,31,0,47,108,218,144,218,62,220,62,220,209,221,179,218,215,218,92,219,3,255,64,103,0,2,1,2,0,0,0,0,0,0,0,0,0,0,147,51,49,49,130,15,39,0,64,0,0,0,0,183,17,49,49,214,52,165,0,0,0,7,0,0,188,141,157,223,8,223,16,223,0,223,0,223,180,223,185,223,190,223,0,223,157,223,2,141,216,0,165,26,200,250,141,211
2026-08-17_14-08-30,1,870,3,0.0,0,1200.0,-1,-1,89,209,0,6,64,0,4,238,0,0,0,0,0,18,18,0,8,36,128,4,2,0,0,0,0,18,0,24,49,0,3,1,1,31,0,47,108,218,144,218,62,220,62,220,209,221,179,218,215,218,92,219,3,255,64,103,0,2,1,2,0,0,0,0,0,0,0,0,0,0,147,51,49,49,130,15,39,0,64,0,0,0,0,183,17,49,49,214,52,165,0,0,0,7,0,0,188,141,157,223,8,223,16,223,0,223,0,223,180,223,185,223,190,223,0,223,157,223,2,141,216,0,165,26,200,250,141,211,93,21,0,6,64,0,4,238,0,0,0,0,0,18,18,0,8,36,128,0,2,0,0,0,0,18,0,24,48,0,3,1,1,31,0,47,108,218,144,218,62,220,62,220,209,221,179,218,215,218,92,219,3,255,64,103,1,2,3,2,0,0,0,0,0,0,0,0,0,0,151,55,49,49,130,15,39,0,64,0,0,0,0,104,209,49,49,214,52,165,0,0,0,7,0,0,188,141,157,223,8,223,16,223,0,223,0,223,180,223,185,223,190,223,0,223,157,223,2,141,216,0,165,26,200,250,141,211
2026-08-17_14-08-30,1,871,3,0.0,0,1200.0,-1,-1,93,21,0,6,64,0,4,238,0,0,0,0,0,18,18,0,8,36,128,0,2,0,0,0,0,18,0,24,48,0,3,1,1,31,0,47,108,218,144,218,62,220,62,220,209,221,179,218,215,218,92,219,3,255,64,103,1,2,3,2,0,0,0,0,0,0,0,0,0,0,151,55,49,49,130,15,39,0,64,0,0,0,0,104,209,49,49,214,52,165,0,0,0,7,0,0,188,141,157,223,8,223,16,223,0,223,0,223,180,223,185,223,190,223,0,223,157,223,2,141,216,0,165,26,200,250,141,211,97,91,0,6,64,0,4,106,0,0,0,0,0,18,18,0,8,36,128,0,2,0,0,0,0,18,0,24,41,0,3,1,1,31,0,47,144,218,144,218,62,220,62,220,209,221,179,218,215,218,177,219,3,255,2,103,2,2,5,2,0,0,0,0,0,0,0,0,0,0,155,59,55,49,130,15,39,0,64,0,0,0,0,40,145,209,49,214,52,165,0,0,8,8,0,128,188,141,157,223,8,223,16,223,0,223,0,223,180,223,185,223,190,223,0,223,157,223,2,141,216,0,165,26,140,252,141,211
2026-08-17_14-08-30,1,872,3,0.0,0,1200.0,-1,-1,97,91,0,6,64,0,4,106,0,0,0,0,0,18,18,0,8,36,128,0,2,0,0,0,0,18,0,24,41,0,3,1,1,31,0,47,144,218,144,218,62,220,62,220,209,221,179,218,215,218,177,219,3,255,2,103,2,2,5,2,0,0,0,0,0,0,0,0,0,0,155,59,55,49,130,15,39,0,64,0,0,0,0,40,145,209,49,214,52,165,0,0,8,8,0,128,188,141,157,223,8,223,16,223,0,223,0,223,180,223,185,223,190,223,0,223,157,223,2,141,216,0,165,26,140,252,141,211,101,184,0,6,64,0,4,230,0,0,0,0,0,18,18,0,8,36,128,0,2,0,0,0,0,18,0,24,40,0,3,1,1,31,0,47,144,218,144,218,62,220,62,220,209,221,179,218,215,218,177,219,3,255,2,103,2,2,1,2,0,0,0,0,0,0,0,0,0,0,159,63,59,49,130,15,39,0,64,0,0,0,0,232,66,145,49,214,52,165,0,0,8,8,0,128,188,141,157,223,8,223,16,223,0,223,0,223,180,223,185,223,190,223,0,223,157,223,2,141,216,0,165,26,140,252,141,211
2026-08-17_14-08-30,1,873,3,0.0,0,1200.0,-1,-1,101,184,0,6,64,0,4,230,0,0,0,0,0,18,18,0,8,36,128,0,2,0,0,0,0,18,0,24,40,0,3,1,1,31,0,47,144,218,144,218,62,220,62,220,209,221,179,218,215,218,177,219,3,255,2,103,2,2,1,2,0,0,0,0,0,0,0,0,0,0,159,63,59,49,130,15,39,0,64,0,0,0,0,232,66,145,49,214,52,165,0,0,8,8,0,128,188,141,157,223,8,223,16,223,0,223,0,223,180,223,185,223,190,223,0,223,157,223,2,141,216,0,165,26,140,252,141,211,105,135,0,6,64,0,4,98,0,0,0,0,0,18,18,0,8,36,128,0,2,0,0,0,0,18,0,24,39,0,3,1,1,31,0,47,108,218,108,218,62,220,62,220,209,221,179,218,215,218,177,219,3,255,2,103,3,2,3,2,0,0,0,0,0,0,0,0,0,0,163,67,64,49,130,15,39,0,64,0,0,0,0,168,2,50,49,214,52,165,0,0,8,7,0,128,188,141,157,223,8,223,16,223,0,223,0,223,180,223,185,223,190,223,0,223,157,223,2,141,216,0,165,26,140,252,141,211
2026-08-17_14-08-30,1,874,3,0.0,0,1200.0,-1,-1,105,135,0,6,64,0,4,98,0,0,0,0,0,18,18,0,8,36,128,0,2,0,0,0,0,18,0,24,39,0,3,1,1,31,0,47,108,218,108,218,62,220,62,220,209,221,179,218,215,218,177,219,3,255,2,103,3,2,3,2,0,0,0,0,0,0,0,0,0,0,163,67,64,49,130,15,39,0,64,0,0,0,0,168,2,50,49,214,52,165,0,0,8,7,0,128,188,141,157,223,8,223,16,223,0,223,0,223,180,223,185,223,190,223,0,223,157,223,2,141,216,0,165,26,140,252,141,211,109,123,0,6,64,0,4,222,0,0,0,0,0,18,18,0,8,36,128,0,2,0,0,0,0,18,0,24,38,0,3,1,1,31,0,47,108,218,108,218,62,220,62,220,209,221,179,218,215,218,177,219,3,255,2,103,0,2,5,1,0,0,0,0,0,0,0,0,0,0,167,71,68,49,130,15,39,0,64,0,0,0,0,89,194,242,49,214,52,165,0,0,8,7,0,128,188,141,157,223,8,223,16,223,0,223,0,223,180,223,185,223,190,223,0,223,157,223,2,141,216,0,165,26,140,252,141,211
2026-08-17_14-08-30,1,875,3,0.0,0,1200.0,-1,-1,109,123,0,6,64,0,4,222,0,0,0,0,0,18,18,0,8,36,128,0,2,0,0,0,0,18,0,24,38,0,3,1,1,31,0,47,108,218,108,218,62,220,62,220,209,221,179,218,215,218,177,219,3,255,2,103,0,2,5,1,0,0,0,0,0,0,0,0,0,0,167,71,68,49,130,15,39,0,64,0,0,0,0,89,194,242,49,214,52,165,0,0,8,7,0,128,188,141,157,223,8,223,16,223,0,223,0,223,180,223,185,223,190,223,0,223,157,223,2,141,216,0,165,26,140,252,141,211,113,186,0,6,64,0,4,90,0,0,0,0,0,18,18,0,8,36,128,0,2,0,0,0,0,18,0,24,37,0,3,1,1,31,0,47,144,218,144,218,62,220,62,220,209,221,179,218,215,218,177,219,3,255,2,103,0,2,1,1,0,0,0,0,0,0,0,0,0,0,171,75,73,49,130,15,39,0,64,0,0,0,0,25,115,162,49,214,52,165,0,0,8,8,0,128,188,141,157,223,8,223,16,223,0,223,0,223,180,223,185,223,190,223,0,223,157,223,2,141,216,0,165,26,140,252,141,211
2026-08-17_14-08-30,1,876,3,0.0,0,1200.0,-1,-1,113,186,0,6,64,0,4,90,0,0,0,0,0,18,18,0,8,36,128,0,2,0,0,0,0,18,0,24,37,0,3,1,1,31,0,47,144,218,144,218,62,220,62,220,209,221,179,218,215,218,177,219,3,255,2,103,0,2,1,1,0,0,0,0,0,0,0,0,0,0,171,75,73,49,130,15,39,0,64,0,0,0,0,25,115,162,49,214,52,165,0,0,8,8,0,128,188,141,157,223,8,223,16,223,0,223,0,223,180,223,185,223,190,223,0,223,157,223,2,141,216,0,165,26,140,252,141,211,117,166,0,6,64,0,4,214,0,0,0,0,0,18,18,0,8,36,128,0,2,0,0,0,0,18,0,24,36,0,3,1,1,31,0,47,144,218,144,218,62,220,62,220,209,221,179,218,215,218,177,219,3,255,2,103,1,2,3,1,0,0,0,0,0,0,0,0,0,0,175,79,77,49,130,15,39,0,64,0,0,0,0,217,51,83,49,214,52,165,0,0,8,8,0,128,188,141,157,223,8,223,16,223,0,223,0,223,180,223,185,223,190,223,0,223,157,223,2,141,216,0,165,26,140,252,141,211
2026-08-17_14-08-30,1,877,3,0.0,0,1200.0,-1,-1,117,166,0,6,64,0,4,214,0,0,0,0,0,18,18,0,8,36,128,0,2,0,0,0,0,18,0,24,36,0,3,1,1,31,0,47,144,218,144,218,62,220,62,220,209,221,179,218,215,218,177,219,3,255,2,103,1,2,3,1,0,0,0,0,0,0,0,0,0,0,175,79,77,49,130,15,39,0,64,0,0,0,0,217,51,83,49,214,52,165,0,0,8,8,0,128,188,141,157,223,8,223,16,223,0,223,0,223,180,223,185,223,190,223,0,223,157,223,2,141,216,0,165,26,140,252,141,211,121,105,0,6,64,0,4,82,0,0,0,0,0,18,18,0,8,36,128,0,2,0,0,0,0,18,0,24,35,0,3,1,1,31,0,47,108,218,108,218,62,220,62,220,209,221,179,218,215,218,177,219,3,255,2,103,2,2,5,1,0,0,0,0,0,0,0,0,0,0,179,83,82,49,130,15,39,0,64,0,0,0,0,153,243,3,49,214,52,165,0,0,8,7,0,128,188,141,157,223,8,223,16,223,0,223,0,223,180,223,185,223,190,223,0,223,157,223,2,141,216,0,165,26,140,252,141,211
2026-08-17_14-08-30,1,878,3,0.0,0,1200.0,-1,-1,121,105,0,6,64,0,4,82,0,0,0,0,0,18,18,0,8,36,128,0,2,0,0,0,0,18,0,24,35,0,3,1,1,31,0,47,108,218,108,218,62,220,62,220,209,221,179,218,215,218,177,219,3,255,2,103,2,2,5,1,0,0,0,0,0,0,0,0,0,0,179,83,82,49,130,15,39,0,64,0,0,0,0,153,243,3,49,214,52,165,0,0,8,7,0,128,188,141,157,223,8,223,16,223,0,223,0,223,180,223,185,223,190,223,0,223,157,223,2,141,216,0,165,26,140,252,141,211,125,146,0,6,64,0,4,206,0,0,0,0,0,18,18,0,8,36,128,0,2,0,0,0,0,18,0,24,34,0,3,1,1,31,0,47,108,218,108,218,62,220,62,220,209,221,179,218,215,218,177,219,3,255,2,103,2,2,1,1,0,0,0,0,0,0,0,0,0,0,183,87,86,49,130,15,39,0,64,0,0,0,0,74,179,195,49,214,52,165,0,0,8,7,0,128,188,141,157,223,8,223,16,223,0,223,0,223,180,223,185,223,190,223,0,223,157,223,2,141,216,0,165,26,140,252,141,211
2026-08-17_14-08-30,1,879,3,0.0,0,1200.0,-1,-1,125,146,0,6,64,0,4,206,0,0,0,0,0,18,18,0,8,36,128,0,2,0,0,0,0,18,0,24,34,0,3,1,1,31,0,47,108,218,108,218,62,220,62,220,209,221,179,218,215,218,177,219,3,255,2,103,2,2,1,1,0,0,0,0,0,0,0,0,0,0,183,87,86,49,130,15,39,0,64,0,0,0,0,74,179,195,49,214,52,165,0,0,8,7,0,128,188,141,157,223,8,223,16,223,0,223,0,223,180,223,185,223,190,223,0,223,157,223,2,141,216,0,165,26,140,252,141,211,129,32,0,6,64,0,4,74,0,0,0,0,0,18,18,0,8,36,128,0,2,0,0,0,0,18,0,24,33,0,3,1,1,31,0,47,144,218,144,218,62,220,62,220,209,221,179,218,215,218,177,219,3,255,2,103,3,2,3,1,0,0,0,0,0,0,0,0,0,0,187,91,91,49,130,15,39,0,64,0,0,0,0,10,100,100,49,214,52,165,0,0,8,8,0,128,188,141,157,223,8,223,16,223,0,223,0,223,180,223,185,223,190,223,0,223,157,223,2,141,216,0,165,26,140,252,141,211
2026-08-17_14-08-30,1,880,3,0.0,0,1200.0,-1,-1,129,32,0,6,64,0,4,74,0,0,0,0,0,18,18,0,8,36,128,0,2,0,0,0,0,18,0,24,33,0,3,1,1,31,0,47,144,218,144,218,62,220,62,220,209,221,179,218,215,218,177,219,3,255,2,103,3,2,3,1,0,0,0,0,0,0,0,0,0,0,187,91,91,49,130,15,39,0,64,0,0,0,0,10,100,100,49,214,52,165,0,0,8,8,0,128,188,141,157,223,8,223,16,223,0,223,0,223,180,223,185,223,190,223,0,223,157,223,2,141,216,0,165,26,140,252,141,211,133,2,0,6,64,0,4,198,0,0,0,0,0,18,18,0,8,36,128,0,2,0,0,0,0,18,0,24,32,0,3,1,1,31,0,47,144,218,144,218,62,220,62,220,209,221,179,218,215,218,177,219,3,255,2,103,0,2,5,0,0,0,0,0,0,0,0,0,0,0,191,95,95,49,130,15,39,0,64,0,0,0,0,202,36,36,49,214,52,165,0,0,8,8,0,128,188,141,157,223,8,223,16,223,0,223,0,223,180,223,185,223,190,223,0,223,157,223,2,141,216,0,165,26,140,252,141,211
2026-08-17_14-08-30,1,881,3,0.0,0,1200.0,-1,-1,133,2,0,6,64,0,4,198,0,0,0,0,0,18,18,0,8,36,128,0,2,0,0,0,0,18,0,24,32,0,3,1,1,31,0,47,144,218,144,218,62,220,62,220,209,221,179,218,215,218,177,219,3,255,2,103,0,2,5,0,0,0,0,0,0,0,0,0,0,0,191,95,95,49,130,15,39,0,64,0,0,0,0,202,36,36,49,214,52,165,0,0,8,8,0,128,188,141,157,223,8,223,16,223,0,223,0,223,180,223,185,223,190,223,0,223,157,223,2,141,216,0,165,26,140,252,141,211,137,33,0,6,64,0,4,66,0,0,0,0,0,18,18,0,8,36,128,0,2,0,0,0,0,18,0,24,25,0,3,1,1,31,0,47,108,218,108,218,62,220,62,220,209,221,179,218,215,218,177,219,3,255,2,103,0,2,1,0,0,0,0,0,0,0,0,0,0,0,195,99,100,49,130,15,39,0,64,0,0,0,0,123,228,212,49,214,52,165,0,0,8,7,0,128,188,141,157,223,8,223,16,223,0,223,0,223,180,223,185,223,190,223,0,223,157,223,2,141,216,0,165,26,140,252,141,211
2026-08-17_14-08-30,1,882,3,0.0,0,1200.0,-1,-1,137,33,0,6,64,0,4,66,0,0,0,0,0,18,18,0,8,36,128,0,2,0,0,0,0,18,0,24,25,0,3,1,1,31,0,47,108,218,108,218,62,220,62,220,209,221,179,218,215,218,177,219,3,255,2,103,0,2,1,0,0,0,0,0,0,0,0,0,0,0,195,99,100,49,130,15,39,0,64,0,0,0,0,123,228,212,49,214,52,165,0,0,8,7,0,128,188,141,157,223,8,223,16,223,0,223,0,223,180,223,185,223,190,223,0,223,157,223,2,141,216,0,165,26,140,252,141,211,141,18,0,6,64,0,4,190,0,0,0,0,0,18,18,0,8,36,128,0,2,0,0,0,0,18,0,24,24,0,3,1,1,31,0,47,108,218,108,218,62,220,62,220,209,221,179,218,215,218,177,219,3,255,2,103,1,2,3,0,0,0,0,0,0,0,0,0,0,0,199,103,104,49,130,15,39,0,64,0,0,0,0,59,164,148,49,214,52,165,0,0,8,7,0,128,188,141,157,223,8,223,16,223,0,223,0,223,180,223,185,223,190,223,0,223,157,223,2,141,216,0,165,26,140,252,141,211
2026-08-17_14-08-30,1,883,3,0.0,0,1200.0,-1,-1,141,18,0,6,64,0,4,190,0,0,0,0,0,18,18,0,8,36,128,0,2,0,0,0,0,18,0,24,24,0,3,1,1,31,0,47,108,218,108,218,62,220,62,220,209,221,179,218,215,218,177,219,3,255,2,103,1,2,3,0,0,0,0,0,0,0,0,0,0,0,199,103,104,49,130,15,39,0,64,0,0,0,0,59,164,148,49,214,52,165,0,0,8,7,0,128,188,141,157,223,8,223,16,223,0,223,0,223,180,223,185,223,190,223,0,223,157,223,2,141,216,0,165,26,140,252,141,211,145,40,0,6,64,0,4,58,0,0,0,0,0,18,18,0,8,36,128,0,2,0,0,0,0,18,0,24,23,0,3,1,1,31,0,47,144,218,144,218,62,220,62,220,209,221,179,218,215,218,177,219,3,255,2,103,2,2,5,0,0,0,0,0,0,0,0,0,0,0,203,107,109,49,130,15,39,0,64,0,0,0,0,251,85,53,49,214,52,165,0,0,8,8,0,128,188,141,157,223,8,223,16,223,0,223,0,223,180,223,185,223,190,223,0,223,157,223,2,141,216,0,165,26,140,252,141,211
2026-08-17_14-08-30,1,884,3,0.0,0,1200.0,-1,-1,145,40,0,6,64,0,4,58,0,0,0,0,0,18,18,0,8,36,128,0,2,0,0,0,0,18,0,24,23,0,3,1,1,31,0,47,144,218,144,218,62,220,62,220,209,221,179,218,215,218,177,219,3,255,2,103,2,2,5,0,0,0,0,0,0,0,0,0,0,0,203,107,109,49,130,15,39,0,64,0,0,0,0,251,85,53,49,214,52,165,0,0,8,8,0,128,188,141,157,223,8,223,16,223,0,223,0,223,180,223,185,223,190,223,0,223,157,223,2,141,216,0,165,26,140,252,141,211,149,134,0,6,64,0,4,182,0,0,0,0,0,18,18,0,8,36,128,0,2,0,0,0,0,18,0,24,22,0,3,1,1,31,0,47,144,218,144,218,62,220,62,220,209,221,179,218,215,218,177,219,3,255,2,103,2,2,1,0,0,0,0,0,0,0,0,0,0,0,207,111,113,49,130,15,39,0,64,0,0,0,0,187,21,245,49,214,52,165,0,0,8,8,0,128,188,141,157,223,8,223,16,223,0,223,0,223,180,223,185,223,190,223,0,223,157,223,2,141,216,0,165,26,140,252,141,211
2026-08-17_14-08-30,1,885,8,0.0,0,1200.0,-1,-1,149,134,0,6,64,0,4,182,0,0,0,0,0,18,18,0,8,36,128,0,2,0,0,0,0,18,0,24,22,0,3,1,1,31,0,47,144,218,144,218,62,220,62,220,209,221,179,218,215,218,177,219,3,255,2,103,2,2,1,0,0,0,0,0,0,0,0,0,0,0,207,111,113,49,130,15,39,0,64,0,0,0,0,187,21,245,49,214,52,165,0,0,8,8,0,128,188,141,157,223,8,223,16,223,0,223,0,223,180,223,185,223,190,223,0,223,157,223,2,141,216,0,165,26,140,252,141,211,153,107,0,6,64,0,4,50,0,0,7,0,0,18,18,0,8,36,128,0,2,0,0,0,0,18,0,24,21,0,3,1,1,31,0,47,126,220,108,218,218,220,62,220,209,221,179,218,215,218,177,219,3,1,2,103,3,2,3,0,0,0,0,0,0,0,0,0,0,0,208,112,118,49,130,15,39,128,64,0,0,0,0,171,5,165,49,214,52,165,0,0,8,2,0,128,188,141,157,223,8,223,16,223,0,223,0,223,180,223,185,223,190,223,0,223,157,223,2,141,216,0,165,26,140,252,141,211
2026-08-17_14-08-30,1,886,8,100.0,0,1300.0,-1,-1,153,107,0,6,64,0,4,50,0,0,7,0,0,18,18,0,8,36,128,0,2,0,0,0,0,18,0,24,21,0,3,1,1,31,0,47,126,220,108,218,218,220,62,220,209,221,179,218,215,218,177,219,3,1,2,103,3,2,3,0,0,0,0,0,0,0,0,0,0,0,208,112,118,49,130,15,39,128,64,0,0,0,0,171,5,165,49,214,52,165,0,0,8,2,0,128,188,141,157,223,8,223,16,223,0,223,0,223,180,223,185,223,190,223,0,223,157,223,2,141,216,0,165,26,140,252,141,211,157,179,0,6,64,0,4,112,0,0,3,0,0,18,18,0,8,36,128,42,2,0,0,0,0,19,0,24,20,0,3,1,1,31,0,47,126,220,108,218,218,220,62,220,209,221,179,218,215,218,177,219,3,1,64,103,4,2,5,255,0,0,8,0,3,0,0,0,0,0,208,112,49,49,130,15,39,128,64,0,0,0,0,171,5,49,49,214,52,165,0,0,8,2,0,0,188,141,157,223,8,223,24,223,0,223,0,223,180,223,185,223,190,223,0,223,157,223,2,141,216,0,165,26,63,252,141,211
2026-08-17_14-08-30,1,887,8,0.0,0,1300.0,-1,-1,157,179,0,6,64,0,4,112,0,0,3,0,0,18,18,0,8,36,128,42,2,0,0,0,0,19,0,24,20,0,3,1,1,31,0,47,126,220,108,218,218,220,62,220,209,221,179,218,215,218,177,219,3,1,64,103,4,2,5,255,0,0,8,0,3,0,0,0,0,0,208,112,49,49,130,15,39,128,64,0,0,0,0,171,5,49,49,214,52,165,0,0,8,2,0,0,188,141,157,223,8,223,24,223,0,223,0,223,180,223,185,223,190,223,0,223,157,223,2,141,216,0,165,26,63,252,141,211,161,50,0,6,64,0,4,112,0,0,0,0,0,18,18,0,8,36,128,38,2,0,0,0,0,19,0,24,19,0,3,1,1,31,0,47,72,218,108,218,62,220,62,220,209,221,179,218,215,218,177,219,3,255,64,103,4,2,1,255,0,0,4,0,3,0,1,0,0,0,208,112,49,49,130,15,39,160,64,0,0,0,0,171,5,49,49,214,52,165,0,0,8,5,0,0,188,141,157,223,8,223,24,223,0,223,0,223,180,223,185,223,190,223,0,223,157,223,2,141,216,0,165,26,63,252,141,211
2026-08-17_14-08-30,1,888,8,0.0,0,1300.0,-1,-1,161,50,0,6,64,0,4,112,0,0,0,0,0,18,18,0,8,36,128,38,2,0,0,0,0,19,0,24,19,0,3,1,1,31,0,47,72,218,108,218,62,220,62,220,209,221,179,218,215,218,177,219,3,255,64,103,4,2,1,255,0,0,4,0,3,0,1,0,0,0,208,112,49,49,130,15,39,160,64,0,0,0,0,171,5,49,49,214,52,165,0,0,8,5,0,0,188,141,157,223,8,223,24,223,0,223,0,223,180,223,185,223,190,223,0,223,157,223,2,141,216,0,165,26,63,252,141,211,165,42,0,6,64,0,4,112,0,0,0,0,0,18,18,0,8,36,128,34,2,0,0,0,0,19,0,24,18,0,3,1,1,31,0,47,72,218,108,218,62,220,62,220,209,221,179,218,215,218,177,219,3,255,64,103,5,2,3,254,0,0,0,0,0,0,1,0,0,0,208,112,49,49,130,15,39,160,64,0,0,0,0,171,5,49,49,214,52,165,0,0,8,5,0,0,188,141,157,223,8,223,24,223,0,223,0,223,180,223,185,223,190,223,0,223,157,223,2,141,216,0,165,26,63,252,141,211
2026-08-17_14-08-30,1,889,8,0.0,0,1300.0,-1,-1,165,42,0,6,64,0,4,112,0,0,0,0,0,18,18,0,8,36,128,34,2,0,0,0,0,19,0,24,18,0,3,1,1,31,0,47,72,218,108,218,62,220,62,220,209,221,179,218,215,218,177,219,3,255,64,103,5,2,3,254,0,0,0,0,0,0,1,0,0,0,208,112,49,49,130,15,39,160,64,0,0,0,0,171,5,49,49,214,52,165,0,0,8,5,0,0,188,141,157,223,8,223,24,223,0,223,0,223,180,223,185,223,190,223,0,223,157,223,2,141,216,0,165,26,63,252,141,211,169,167,0,6,64,0,4,112,0,0,9,0,0,18,18,0,8,36,128,30,2,0,0,0,0,19,0,24,17,0,3,1,1,31,0,47,126,220,108,218,218,220,62,220,209,221,179,218,215,218,177,219,3,1,64,103,6,2,5,253,0,0,0,0,0,0,1,0,0,0,209,113,49,49,130,15,39,168,64,0,0,0,0,155,245,49,49,214,52,165,0,0,8,2,0,0,188,141,157,223,8,223,24,223,0,223,0,223,180,223,185,223,190,223,0,223,157,223,2,141,216,0,165,26,200,250,141,211
2026-08-17_14-08-30,1,890,8,0.0,0,1300.0,-1,-1,169,167,0,6,64,0,4,112,0,0,9,0,0,18,18,0,8,36,128,30,2,0,0,0,0,19,0,24,17,0,3,1,1,31,0,47,126,220,108,218,218,220,62,220,209,221,179,218,215,218,177,219,3,1,64,103,6,2,5,253,0,0,0,0,0,0,1,0,0,0,209,113,49,49,130,15,39,168,64,0,0,0,0,155,245,49,49,214,52,165,0,0,8,2,0,0,188,141,157,223,8,223,24,223,0,223,0,223,180,223,185,223,190,223,0,223,157,223,2,141,216,0,165,26,200,250,141,211,173,121,0,6,64,0,4,112,0,0,5,0,0,18,18,0,8,36,128,26,2,0,0,0,0,19,0,24,16,0,3,1,1,31,0,47,126,220,108,218,218,220,62,220,209,221,179,218,215,218,177,219,3,1,64,103,6,2,1,253,0,0,0,0,0,0,1,0,0,0,209,113,49,49,130,15,39,168,64,0,0,0,0,155,245,49,49,214,52,165,0,0,8,2,0,0,188,141,157,223,8,223,24,223,0,223,0,223,180,223,185,223,190,223,0,223,157,223,2,141,216,0,165,26,200,250,141,211
2026-08-17_14-08-30,1,891,8,0.0,0,1300.0,-1,-1,173,121,0,6,64,0,4,112,0,0,5,0,0,18,18,0,8,36,128,26,2,0,0,0,0,19,0,24,16,0,3,1,1,31,0,47,126,220,108,218,218,220,62,220,209,221,179,218,215,218,177,219,3,1,64,103,6,2,1,253,0,0,0,0,0,0,1,0,0,0,209,113,49,49,130,15,39,168,64,0,0,0,0,155,245,49,49,214,52,165,0,0,8,2,0,0,188,141,157,223,8,223,24,223,0,223,0,223,180,223,185,223,190,223,0,223,157,223,2,141,216,0,165,26,200,250,141,211,177,155,0,6,64,0,4,112,0,0,1,0,0,18,18,0,8,36,128,22,2,0,0,0,0,19,0,24,9,0,3,1,1,31,0,47,126,220,108,218,218,220,62,220,209,221,179,218,215,218,177,219,3,1,64,103,7,2,3,252,0,0,0,0,0,0,1,0,0,0,209,113,49,49,130,15,39,84,64,0,0,0,0,155,245,49,49,214,52,165,0,0,8,2,0,0,188,141,157,223,8,223,24,223,0,223,0,223,180,223,185,223,190,223,0,223,157,223,2,141,216,0,165,26,200,250,141,211
2026-08-17_14-08-30,1,892,3,0.0,0,1300.0,-1,-1,177,155,0,6,64,0,4,112,0,0,1,0,0,18,18,0,8,36,128,22,2,0,0,0,0,19,0,24,9,0,3,1,1,31,0,47,126,220,108,218,218,220,62,220,209,221,179,218,215,218,177,219,3,1,64,103,7,2,3,252,0,0,0,0,0,0,1,0,0,0,209,113,49,49,130,15,39,84,64,0,0,0,0,155,245,49,49,214,52,165,0,0,8,2,0,0,188,141,157,223,8,223,24,223,0,223,0,223,180,223,185,223,190,223,0,223,157,223,2,141,216,0,165,26,200,250,141,211,181,180,0,6,64,0,5,112,0,0,8,0,0,18,18,0,8,36,128,18,2,0,0,0,0,19,0,24,8,0,3,1,1,31,0,47,126,220,108,218,218,220,62,220,209,221,179,218,215,218,177,219,3,1,64,103,0,1,5,2,0,0,0,0,0,0,1,0,0,0,50,114,49,49,130,15,39,138,64,0,0,0,0,33,229,49,49,214,52,165,0,0,8,2,0,0,188,141,157,223,8,223,24,223,0,223,0,223,180,223,185,223,190,223,0,223,157,223,2,141,216,0,165,26,200,250,141,211
2026-08-17_14-08-30,1,893,8,0.0,0,1300.0,-1,-1,181,180,0,6,64,0,5,112,0,0,8,0,0,18,18,0,8,36,128,18,2,0,0,0,0,19,0,24,8,0,3,1,1,31,0,47,126,220,108,218,218,220,62,220,209,221,179,218,215,218,177,219,3,1,64,103,0,1,5,2,0,0,0,0,0,0,1,0,0,0,50,114,49,49,130,15,39,138,64,0,0,0,0,33,229,49,49,214,52,165,0,0,8,2,0,0,188,141,157,223,8,223,24,223,0,223,0,223,180,223,185,223,190,223,0,223,157,223,2,141,216,0,165,26,200,250,141,211,185,65,0,6,64,0,5,112,0,0,4,0,0,18,18,0,8,36,128,14,2,0,0,0,0,19,0,24,7,0,3,1,1,31,0,47,126,220,108,218,218,220,62,220,209,221,179,218,215,218,177,219,3,1,64,103,0,1,1,2,0,0,0,0,0,0,1,0,0,0,50,114,49,49,130,15,39,138,64,0,0,0,0,33,229,49,49,214,52,165,0,0,8,2,0,0,188,141,157,223,8,223,24,223,0,223,0,223,180,223,185,223,190,223,0,223,157,223,2,141,216,0,165,26,200,250,141,211
2026-08-17_14-08-30,1,894,8,0.0,0,1300.0,-1,-1,185,65,0,6,64,0,5,112,0,0,4,0,0,18,18,0,8,36,128,14,2,0,0,0,0,19,0,24,7,0,3,1,1,31,0,47,126,220,108,218,218,220,62,220,209,221,179,218,215,218,177,219,3,1,64,103,0,1,1,2,0,0,0,0,0,0,1,0,0,0,50,114,49,49,130,15,39,138,64,0,0,0,0,33,229,49,49,214,52,165,0,0,8,2,0,0,188,141,157,223,8,223,24,223,0,223,0,223,180,223,185,223,190,223,0,223,157,223,2,141,216,0,165,26,200,250,141,211,189,20,0,6,64,0,5,112,0,0,0,0,0,18,18,0,8,36,128,10,2,0,0,0,0,19,0,24,6,0,3,1,1,31,0,47,72,218,108,218,62,220,62,220,209,221,179,218,215,218,177,219,3,255,64,103,1,1,3,2,0,0,0,0,0,0,1,0,0,0,50,114,49,49,130,15,39,34,64,0,0,0,0,33,229,49,49,214,52,165,0,0,8,5,0,0,188,141,157,223,8,223,24,223,0,223,0,223,180,223,185,223,190,223,0,223,157,223,2,141,216,0,165,26,200,250,141,211
2026-08-17_14-08-30,1,895,3,0.0,0,1300.0,-1,-1,189,20,0,6,64,0,5,112,0,0,0,0,0,18,18,0,8,36,128,10,2,0,0,0,0,19,0,24,6,0,3,1,1,31,0,47,72,218,108,218,62,220,62,220,209,221,179,218,215,218,177,219,3,255,64,103,1,1,3,2,0,0,0,0,0,0,1,0,0,0,50,114,49,49,130,15,39,34,64,0,0,0,0,33,229,49,49,214,52,165,0,0,8,5,0,0,188,141,157,223,8,223,24,223,0,223,0,223,180,223,185,223,190,223,0,223,157,223,2,141,216,0,165,26,200,250,141,211,193,75,0,6,64,0,5,112,0,0,0,0,0,18,18,0,8,36,128,6,2,0,0,0,0,19,0,24,5,0,3,1,1,31,0,47,108,218,108,218,62,220,62,220,209,221,179,218,215,218,177,219,3,255,64,103,2,1,5,2,0,0,0,0,0,0,1,0,0,0,54,118,49,49,130,15,39,2,64,0,0,0,0,225,165,49,49,214,52,165,0,0,8,7,0,0,188,141,157,223,8,223,24,223,0,223,0,223,180,223,185,223,190,223,0,223,157,223,2,141,216,0,165,26,200,250,141,211
2026-08-17_14-08-30,1,896,3,0.0,0,1300.0,-1,-1,193,75,0,6,64,0,5,112,0,0,0,0,0,18,18,0,8,36,128,6,2,0,0,0,0,19,0,24,5,0,3,1,1,31,0,47,108,218,108,218,62,220,62,220,209,221,179,218,215,218,177,219,3,255,64,103,2,1,5,2,0,0,0,0,0,0,1,0,0,0,54,118,49,49,130,15,39,2,64,0,0,0,0,225,165,49,49,214,52,165,0,0,8,7,0,0,188,141,157,223,8,223,24,223,0,223,0,223,180,223,185,223,190,223,0,223,157,223,2,141,216,0,165,26,200,250,141,211,197,177,0,6,64,0,5,112,0,0,0,0,0,18,18,0,8,36,128,2,2,0,0,0,0,19,0,24,4,0,3,1,1,31,0,47,108,218,108,218,62,220,62,220,209,221,179,218,215,218,177,219,3,255,64,103,2,1,1,2,0,0,0,0,0,0,1,0,0,0,58,122,49,49,130,15,39,0,64,0,0,0,0,161,86,49,49,214,52,165,0,0,8,7,0,0,188,141,157,223,8,223,24,223,0,223,0,223,180,223,185,223,190,223,0,223,157,223,2,141,216,0,165,26,200,250,141,211
2026-08-17_14-08-30,1,897,3,0.0,0,1300.0,-1,-1,197,177,0,6,64,0,5,112,0,0,0,0,0,18,18,0,8,36,128,2,2,0,0,0,0,19,0,24,4,0,3,1,1,31,0,47,108,218,108,218,62,220,62,220,209,221,179,218,215,218,177,219,3,255,64,103,2,1,1,2,0,0,0,0,0,0,1,0,0,0,58,122,49,49,130,15,39,0,64,0,0,0,0,161,86,49,49,214,52,165,0,0,8,7,0,0,188,141,157,223,8,223,24,223,0,223,0,223,180,223,185,223,190,223,0,223,157,223,2,141,216,0,165,26,200,250,141,211,201,19,0,6,64,0,5,174,0,0,0,0,0,18,18,0,8,36,128,0,2,0,0,0,0,19,0,24,3,0,3,1,1,31,0,47,144,218,144,218,62,220,62,220,209,221,179,218,215,218,92,219,3,255,0,103,3,1,3,2,0,0,0,0,0,0,1,0,0,0,62,126,207,49,130,15,39,0,64,0,0,0,0,82,22,187,49,214,52,165,0,0,0,8,0,0,188,141,157,223,8,223,24,223,0,223,0,223,180,223,185,223,190,223,0,223,157,223,2,141,216,0,165,26,140,252,141,211
2026-08-17_14-08-30,1,898,3,0.0,0,1300.0,-1,-1,201,19,0,6,64,0,5,174,0,0,0,0,0,18,18,0,8,36,128,0,2,0,0,0,0,19,0,24,3,0,3,1,1,31,0,47,144,218,144,218,62,220,62,220,209,221,179,218,215,218,92,219,3,255,0,103,3,1,3,2,0,0,0,0,0,0,1,0,0,0,62,126,207,49,130,15,39,0,64,0,0,0,0,82,22,187,49,214,52,165,0,0,0,8,0,0,188,141,157,223,8,223,24,223,0,223,0,223,180,223,185,223,190,223,0,223,157,223,2,141,216,0,165,26,140,252,141,211,205,56,0,6,64,0,5,42,0,0,0,0,0,18,18,0,8,36,128,0,2,0,0,0,0,19,0,24,2,0,3,1,1,31,0,47,144,218,144,218,62,220,62,220,209,221,179,218,215,218,92,219,3,255,0,103,0,1,5,1,0,0,0,0,0,0,1,0,0,0,66,130,202,49,130,15,39,0,64,0,0,0,0,18,214,11,49,214,52,165,0,0,0,8,0,0,188,141,157,223,8,223,24,223,0,223,0,223,180,223,185,223,190,223,0,223,157,223,2,141,216,0,165,26,140,252,141,211
2026-08-17_14-08-30,1,899,3,0.0,0,1300.0,-1,-1,205,56,0,6,64,0,5,42,0,0,0,0,0,18,18,0,8,36,128,0,2,0,0,0,0,19,0,24,2,0,3,1,1,31,0,47,144,218,144,218,62,220,62,220,209,221,179,218,215,218,92,219,3,255,0,103,0,1,5,1,0,0,0,0,0,0,1,0,0,0,66,130,202,49,130,15,39,0,64,0,0,0,0,18,214,11,49,214,52,165,0,0,0,8,0,0,188,141,157,223,8,223,24,223,0,223,0,223,180,223,185,223,190,223,0,223,157,223,2,141,216,0,165,26,140,252,141,211,209,143,0,6,64,0,5,166,0,0,0,0,0,18,18,0,8,36,128,0,2,0,0,0,0,19,0,24,1,0,3,1,1,31,0,47,108,218,108,218,62,220,62,220,209,221,179,218,215,218,92,219,3,255,0,103,0,1,1,1,0,0,0,0,0,0,1,0,0,0,70,134,198,49,130,15,39,0,64,0,0,0,0,210,150,75,49,214,52,165,0,0,0,7,0,0,188,141,157,223,8,223,24,223,0,223,0,223,180,223,185,223,190,223,0,223,157,223,2,141,216,0,165,26,140,252,141,211
2026-08-17_14-08-30,1,900,3,0.0,0,1300.0,-1,-1,209,143,0,6,64,0,5,166,0,0,0,0,0,18,18,0,8,36,128,0,2,0,0,0,0,19,0,24,1,0,3,1,1,31,0,47,108,218,108,218,62,220,62,220,209,221,179,218,215,218,92,219,3,255,0,103,0,1,1,1,0,0,0,0,0,0,1,0,0,0,70,134,198,49,130,15,39,0,64,0,0,0,0,210,150,75,49,214,52,165,0,0,0,7,0,0,188,141,157,223,8,223,24,223,0,223,0,223,180,223,185,223,190,223,0,223,157,223,2,141,216,0,165,26,140,252,141,211,213,255,0,6,64,0,5,34,0,0,0,0,0,18,18,0,8,36,128,0,2,0,0,0,0,19,0,24,0,0,3,1,1,31,0,47,108,218,108,218,62,220,62,220,209,221,179,218,215,218,92,219,3,255,0,103,1,1,3,1,0,0,0,0,0,0,1,0,0,0,74,138,193,49,130,15,39,0,64,0,0,0,0,146,71,170,49,214,52,165,0,0,0,7,0,0,188,141,157,223,8,223,24,223,0,223,0,223,180,223,185,223,190,223,0,223,157,223,2,141,216,0,165,26,140,252,141,211
2026-08-17_14-08-30,1,901,3,0.0,0,1300.0,-1,-1,213,255,0,6,64,0,5,34,0,0,0,0,0,18,18,0,8,36,128,0,2,0,0,0,0,19,0,24,0,0,3,1,1,31,0,47,108,218,108,218,62,220,62,220,209,221,179,218,215,218,92,219,3,255,0,103,1,1,3,1,0,0,0,0,0,0,1,0,0,0,74,138,193,49,130,15,39,0,64,0,0,0,0,146,71,170,49,214,52,165,0,0,0,7,0,0,188,141,157,223,8,223,24,223,0,223,0,223,180,223,185,223,190,223,0,223,157,223,2,141,216,0,165,26,140,252,141,211,217,240,0,6,64,0,5,158,0,0,0,0,0,18,18,0,8,36,128,0,2,0,0,0,0,19,0,23,153,0,3,1,1,31,0,47,144,218,144,218,62,220,62,220,209,221,179,218,215,218,92,219,3,255,0,103,2,1,5,1,0,0,0,0,0,0,1,0,0,0,78,142,189,49,130,15,39,0,64,0,0,0,0,67,7,234,49,214,52,165,0,0,0,8,0,0,188,141,157,223,8,223,24,223,0,223,0,223,180,223,185,223,190,223,0,223,157,223,2,141,216,0,165,26,140,252,141,211
2026-08-17_14-08-30,1,902,3,0.0,0,1300.0,-1,-1,217,240,0,6,64,0,5,158,0,0,0,0,0,18,18,0,8,36,128,0,2,0,0,0,0,19,0,23,153,0,3,1,1,31,0,47,144,218,144,218,62,220,62,220,209,221,179,218,215,218,92,219,3,255,0,103,2,1,5,1,0,0,0,0,0,0,1,0,0,0,78,142,189,49,130,15,39,0,64,0,0,0,0,67,7,234,49,214,52,165,0,0,0,8,0,0,188,141,157,223,8,223,24,223,0,223,0,223,180,223,185,223,190,223,0,223,157,223,2,141,216,0,165,26,140,252,141,211,221,7,0,6,64,0,5,26,0,0,0,0,0,18,18,0,8,36,128,0,2,0,0,0,0,19,0,23,152,0,3,1,1,31,0,47,144,218,144,218,62,220,62,220,209,221,179,218,215,218,92,219,3,255,0,103,2,1,1,1,0,0,0,0,0,0,1,0,0,0,82,146,184,49,130,15,39,0,64,0,0,0,0,3,199,58,49,214,52,165,0,0,0,8,0,0,188,141,157,223,8,223,24,223,0,223,0,223,180,223,185,223,190,223,0,223,157,223,2,141,216,0,165,26,140,252,141,211
2026-08-17_14-08-30,1,903,3,0.0,0,1300.0,-1,-1,221,7,0,6,64,0,5,26,0,0,0,0,0,18,18,0,8,36,128,0,2,0,0,0,0,19,0,23,152,0,3,1,1,31,0,47,144,218,144,218,62,220,62,220,209,221,179,218,215,218,92,219,3,255,0,103,2,1,1,1,0,0,0,0,0,0,1,0,0,0,82,146,184,49,130,15,39,0,64,0,0,0,0,3,199,58,49,214,52,165,0,0,0,8,0,0,188,141,157,223,8,223,24,223,0,223,0,223,180,223,185,223,190,223,0,223,157,223,2,141,216,0,165,26,140,252,141,211,225,115,0,6,64,0,5,26,0,0,0,0,0,18,18,0,8,36,128,0,2,0,0,0,0,19,0,23,151,0,3,1,1,31,0,47,108,218,0,218,62,220,62,220,209,221,179,218,215,218,92,219,3,255,0,103,3,1,3,1,0,0,0,0,0,0,1,0,0,0,86,150,187,49,130,15,39,0,64,0,0,13,0,195,120,10,49,214,52,165,0,0,0,7,0,0,188,141,157,223,8,223,24,223,0,223,0,223,180,223,185,223,190,223,0,223,157,223,2,141,216,0,165,26,200,250,141,211
2026-08-17_14-08-30,1,904,3,0.0,0,1300.0,-1,-1,225,115,0,6,64,0,5,26,0,0,0,0,0,18,18,0,8,36,128,0,2,0,0,0,0,19,0,23,151,0,3,1,1,31,0,47,108,218,0,218,62,220,62,220,209,221,179,218,215,218,92,219,3,255,0,103,3,1,3,1,0,0,0,0,0,0,1,0,0,0,86,150,187,49,130,15,39,0,64,0,0,13,0,195,120,10,49,214,52,165,0,0,0,7,0,0,188,141,157,223,8,223,24,223,0,223,0,223,180,223,185,223,190,223,0,223,157,223,2,141,216,0,165,26,200,250,141,211,229,62,0,6,64,0,5,26,0,0,0,0,0,18,18,0,8,36,128,0,2,0,0,0,0,19,0,23,150,0,3,1,1,31,0,47,108,218,0,218,62,220,62,220,209,221,179,218,215,218,92,219,3,255,0,103,0,1,5,0,0,0,0,0,0,0,1,0,0,0,90,154,191,49,130,15,39,0,64,0,0,12,0,116,56,202,49,214,52,165,0,0,0,7,0,0,188,141,157,223,8,223,24,223,0,223,0,223,180,223,185,223,190,223,0,223,157,223,2,141,216,0,165,26,200,250,141,211
2026-08-17_14-08-30,1,905,3,0.0,0,1300.0,-1,-1,229,62,0,6,64,0,5,26,0,0,0,0,0,18,18,0,8,36,128,0,2,0,0,0,0,19,0,23,150,0,3,1,1,31,0,47,108,218,0,218,62,220,62,220,209,221,179,218,215,218,92,219,3,255,0,103,0,1,5,0,0,0,0,0,0,0,1,0,0,0,90,154,191,49,130,15,39,0,64,0,0,12,0,116,56,202,49,214,52,165,0,0,0,7,0,0,188,141,157,223,8,223,24,223,0,223,0,223,180,223,185,223,190,223,0,223,157,223,2,141,216,0,165,26,200,250,141,211,233,236,0,6,64,0,5,26,0,0,0,0,0,18,18,0,8,36,128,0,2,0,0,0,0,19,0,23,149,0,3,1,1,31,0,47,144,218,0,218,62,220,62,220,209,221,179,218,215,218,92,219,3,255,0,103,0,1,1,0,0,0,0,0,0,0,1,0,0,0,94,158,195,49,130,15,39,0,64,0,0,11,0,52,248,123,49,214,52,165,0,0,0,8,0,0,188,141,157,223,8,223,24,223,0,223,0,223,180,223,185,223,190,223,0,223,157,223,2,141,216,0,165,26,200,250,141,211
2026-08-17_14-08-30,1,906,3,0.0,0,1300.0,-1,-1,233,236,0,6,64,0,5,26,0,0,0,0,0,18,18,0,8,36,128,0,2,0,0,0,0,19,0,23,149,0,3,1,1,31,0,47,144,218,0,218,62,220,62,220,209,221,179,218,215,218,92,219,3,255,0,103,0,1,1,0,0,0,0,0,0,0,1,0,0,0,94,158,195,49,130,15,39,0,64,0,0,11,0,52,248,123,49,214,52,165,0,0,0,8,0,0,188,141,157,223,8,223,24,223,0,223,0,223,180,223,185,223,190,223,0,223,157,223,2,141,216,0,165,26,200,250,141,211,237,200,0,6,64,0,5,26,0,0,0,0,0,18,18,0,8,36,128,0,1,0,0,0,0,19,0,23,148,0,3,1,1,31,0,47,144,218,0,218,62,220,62,220,209,221,179,218,215,218,92,219,3,255,0,103,1,1,3,0,0,0,0,0,0,0,1,0,0,0,98,162,199,49,130,15,39,0,64,0,0,10,0,244,184,59,49,214,52,165,0,0,0,8,0,0,188,141,157,223,8,223,24,223,0,223,0,223,180,223,185,223,190,223,0,223,157,223,2,141,216,0,165,26,200,250,141,211
2026-08-17_14-08-30,1,907,3,0.0,0,1300.0,-1,-1,237,200,0,6,64,0,5,26,0,0,0,0,0,18,18,0,8,36,128,0,1,0,0,0,0,19,0,23,148,0,3,1,1,31,0,47,144,218,0,218,62,220,62,220,209,221,179,218,215,218,92,219,3,255,0,103,1,1,3,0,0,0,0,0,0,0,1,0,0,0,98,162,199,49,130,15,39,0,64,0,0,10,0,244,184,59,49,214,52,165,0,0,0,8,0,0,188,141,157,223,8,223,24,223,0,223,0,223,180,223,185,223,190,223,0,223,157,223,2,141,216,0,165,26,200,250,141,211,241,136,0,6,64,0,5,26,0,0,0,0,0,18,18,0,0,36,128,0,3,0,0,0,0,19,0,23,147,0,3,1,1,31,0,47,108,218,144,218,62,220,62,220,209,221,179,218,215,218,92,219,3,255,0,29,2,1,5,0,0,0,5,0,6,0,1,0,0,0,102,166,203,195,130,15,39,0,64,0,0,9,0,180,105,251,123,214,52,165,0,0,0,7,0,0,6,141,157,223,8,223,24,223,0,223,0,223,180,223,185,223,190,223,0,223,157,223,2,141,216,0,165,26,200,250,141,211
2026-08-17_14-08-30,1,908,3,0.0,0,1300.0,-1,-1,241,136,0,6,64,0,5,26,0,0,0,0,0,18,18,0,0,36,128,0,3,0,0,0,0,19,0,23,147,0,3,1,1,31,0,47,108,218,144,218,62,220,62,220,209,221,179,218,215,218,92,219,3,255,0,29,2,1,5,0,0,0,5,0,6,0,1,0,0,0,102,166,203,195,130,15,39,0,64,0,0,9,0,180,105,251,123,214,52,165,0,0,0,7,0,0,6,141,157,223,8,223,24,223,0,223,0,223,180,223,185,223,190,223,0,223,157,223,2,141,216,0,165,26,200,250,141,211,245,140,0,6,64,0,5,26,0,0,0,0,0,18,18,0,0,36,128,0,3,0,0,0,0,19,0,23,146,0,3,1,1,31,0,47,108,218,144,218,62,220,62,220,209,221,179,218,215,218,92,219,3,255,0,29,2,1,1,0,0,0,1,0,6,0,1,0,0,0,106,170,207,190,130,15,39,0,64,0,0,8,0,101,41,187,218,214,52,165,0,0,0,7,0,0,6,141,157,223,8,223,24,223,0,223,0,223,180,223,185,223,190,223,0,223,157,223,2,141,216,0,165,26,200,250,141,211
2026-08-17_14-08-30,1,909,3,0.0,0,1300.0,-1,-1,245,140,0,6,64,0,5,26,0,0,0,0,0,18,18,0,0,36,128,0,3,0,0,0,0,19,0,23,146,0,3,1,1,31,0,47,108,218,144,218,62,220,62,220,209,221,179,218,215,218,92,219,3,255,0,29,2,1,1,0,0,0,1,0,6,0,1,0,0,0,106,170,207,190,130,15,39,0,64,0,0,8,0,101,41,187,218,214,52,165,0,0,0,7,0,0,6,141,157,223,8,223,24,223,0,223,0,223,180,223,185,223,190,223,0,223,157,223,2,141,216,0,165,26,200,250,141,211,249,206,0,6,64,0,5,62,0,0,0,0,0,18,18,0,0,36,128,0,3,0,0,0,0,19,0,23,145,0,3,1,1,31,0,47,144,218,144,218,62,220,62,220,209,221,179,218,215,218,177,219,3,255,2,29,3,1,3,0,0,0,0,0,0,0,0,0,0,0,110,174,52,185,130,15,39,0,64,0,0,0,0,37,233,1,42,214,52,165,0,0,8,8,0,128,6,141,157,223,8,223,24,223,0,223,0,223,180,223,185,223,190,223,0,223,157,223,2,141,216,0,165,26,140,252,141,211
2026-08-17_14-08-30,1,910,0,0.0,0,1300.0,-1,-1,249,206,0,6,64,0,5,62,0,0,0,0,0,18,18,0,0,36,128,0,3,0,0,0,0,19,0,23,145,0,3,1,1,31,0,47,144,218,144,218,62,220,62,220,209,221,179,218,215,218,177,219,3,255,2,29,3,1,3,0,0,0,0,0,0,0,0,0,0,0,110,174,52,185,130,15,39,0,64,0,0,0,0,37,233,1,42,214,52,165,0,0,8,8,0,128,6,141,157,223,8,223,24,223,0,223,0,223,180,223,185,223,190,223,0,223,157,223,2,141,216,0,165,26,140,252,141,211,253,235,0,6,64,0,5,186,0,0,0,0,0,18,18,0,0,36,128,0,3,0,0,0,0,19,0,23,144,0,3,1,1,31,0,47,72,218,144,218,62,220,62,220,209,221,179,218,215,218,177,219,3,255,2,29,4,1,5,255,0,0,0,0,0,0,0,0,0,0,110,174,56,180,130,15,39,0,64,0,0,0,0,37,233,193,122,214,52,165,0,0,8,5,0,128,6,141,157,223,8,223,24,223,0,223,0,223,180,223,185,223,190,223,0,223,157,223,2,141,216,0,165,26,140,252,141,211
2026-08-17_14-08-30,1,911,0,0.0,0,1300.0,-1,-1,253,235,0,6,64,0,5,186,0,0,0,0,0,18,18,0,0,36,128,0,3,0,0,0,0,19,0,23,144,0,3,1,1,31,0,47,72,218,144,218,62,220,62,220,209,221,179,218,215,218,177,219,3,255,2,29,4,1,5,255,0,0,0,0,0,0,0,0,0,0,110,174,56,180,130,15,39,0,64,0,0,0,0,37,233,193,122,214,52,165,0,0,8,5,0,128,6,141,157,223,8,223,24,223,0,223,0,223,180,223,185,223,190,223,0,223,157,223,2,141,216,0,165,26,140,252,141,211,1,187,0,7,64,0,5,54,0,0,0,0,0,18,18,0,0,36,128,0,3,0,0,0,0,19,0,23,137,0,3,1,1,31,0,47,72,218,108,218,62,220,62,220,209,221,179,218,215,218,177,219,3,255,2,29,4,1,1,255,0,0,0,0,0,0,0,0,0,0,110,174,61,175,130,15,39,0,64,0,0,0,0,37,233,98,217,214,52,165,0,0,8,5,0,128,6,141,157,223,8,223,24,223,0,223,0,223,180,223,185,223,190,223,0,223,157,223,2,141,216,0,165,26,140,252,141,211
2026-08-17_14-08-30,1,912,0,0.0,0,1300.0,-1,-1,1,187,0,7,64,0,5,54,0,0,0,0,0,18,18,0,0,36,128,0,3,0,0,0,0,19,0,23,137,0,3,1,1,31,0,47,72,218,108,218,62,220,62,220,209,221,179,218,215,218,177,219,3,255,2,29,4,1,1,255,0,0,0,0,0,0,0,0,0,0,110,174,61,175,130,15,39,0,64,0,0,0,0,37,233,98,217,214,52,165,0,0,8,5,0,128,6,141,157,223,8,223,24,223,0,223,0,223,180,223,185,223,190,223,0,223,157,223,2,141,216,0,165,26,140,252,141,211,5,182,0,7,64,0,5,178,0,0,0,0,0,18,18,0,0,36,128,0,3,0,0,0,0,19,0,23,136,0,3,1,1,31,0,47,72,218,108,218,62,220,62,220,209,221,179,218,215,218,177,219,3,255,2,29,5,1,3,254,0,0,0,0,0,0,0,0,0,0,110,174,65,170,130,15,39,0,64,0,0,0,0,37,233,34,41,214,52,165,0,0,8,5,0,128,6,141,157,223,8,223,24,223,0,223,0,223,180,223,185,223,190,223,0,223,157,223,2,141,216,0,165,26,140,252,141,211
2026-08-17_14-08-30,1,913,0,0.0,0,1300.0,-1,-1,5,182,0,7,64,0,5,178,0,0,0,0,0,18,18,0,0,36,128,0,3,0,0,0,0,19,0,23,136,0,3,1,1,31,0,47,72,218,108,218,62,220,62,220,209,221,179,218,215,218,177,219,3,255,2,29,5,1,3,254,0,0,0,0,0,0,0,0,0,0,110,174,65,170,130,15,39,0,64,0,0,0,0,37,233,34,41,214,52,165,0,0,8,5,0,128,6,141,157,223,8,223,24,223,0,223,0,223,180,223,185,223,190,223,0,223,157,223,2,141,216,0,165,26,140,252,141,211,9,96,0,7,64,0,5,46,0,0,0,0,0,18,18,0,0,36,128,0,3,0,0,0,0,19,0,23,135,0,3,1,1,31,0,47,72,218,144,218,62,220,62,220,209,221,179,218,215,218,177,219,3,255,2,29,6,1,5,253,0,0,0,0,0,0,0,0,0,0,110,174,70,165,130,15,39,0,64,0,0,0,0,37,233,210,121,214,52,165,0,0,8,5,0,128,6,141,157,223,8,223,24,223,0,223,0,223,180,223,185,223,190,223,0,223,157,223,2,141,216,0,165,26,140,252,141,211
2026-08-17_14-08-30,1,914,2,0.0,0,1300.0,-1,-1,9,96,0,7,64,0,5,46,0,0,0,0,0,18,18,0,0,36,128,0,3,0,0,0,0,19,0,23,135,0,3,1,1,31,0,47,72,218,144,218,62,220,62,220,209,221,179,218,215,218,177,219,3,255,2,29,6,1,5,253,0,0,0,0,0,0,0,0,0,0,110,174,70,165,130,15,39,0,64,0,0,0,0,37,233,210,121,214,52,165,0,0,8,5,0,128,6,141,157,223,8,223,24,223,0,223,0,223,180,223,185,223,190,223,0,223,157,223,2,141,216,0,165,26,140,252,141,211,13,6,0,7,64,0,5,170,0,0,0,0,0,18,18,0,0,36,128,0,3,0,0,0,0,19,0,23,134,0,3,1,1,31,0,47,72,218,144,218,62,220,62,220,209,221,179,218,215,218,177,219,3,255,2,29,6,1,1,253,0,0,0,0,0,0,0,0,0,0,107,171,74,160,130,15,39,0,64,0,0,0,0,85,25,146,216,214,52,165,8,0,8,5,0,128,6,141,157,223,8,223,24,223,0,223,0,223,180,223,185,223,190,223,0,223,157,223,2,141,216,0,165,26,140,252,141,211
2026-08-17_14-08-30,1,915,2,0.0,0,1300.0,-1,-1,13,6,0,7,64,0,5,170,0,0,0,0,0,18,18,0,0,36,128,0,3,0,0,0,0,19,0,23,134,0,3,1,1,31,0,47,72,218,144,218,62,220,62,220,209,221,179,218,215,218,177,219,3,255,2,29,6,1,1,253,0,0,0,0,0,0,0,0,0,0,107,171,74,160,130,15,39,0,64,0,0,0,0,85,25,146,216,214,52,165,8,0,8,5,0,128,6,141,157,223,8,223,24,223,0,223,0,223,180,223,185,223,190,223,0,223,157,223,2,141,216,0,165,26,140,252,141,211,17,99,0,7,64,0,5,38,0,0,0,0,0,18,18,0,0,36,128,0,3,0,0,0,0,19,0,23,133,0,3,1,1,31,0,47,108,218,108,218,62,220,62,220,209,221,179,218,215,218,177,219,3,255,2,29,7,1,3,252,0,0,0,0,0,0,0,0,0,0,103,167,79,155,130,15,39,0,64,0,0,0,0,164,89,51,40,214,52,165,8,0,8,7,0,128,6,141,157,223,8,223,24,223,0,223,0,223,180,223,185,223,190,223,0,223,157,223,2,141,216,0,165,26,140,252,141,211
2026-08-17_14-08-30,1,916,2,0.0,0,1300.0,-1,-1,17,99,0,7,64,0,5,38,0,0,0,0,0,18,18,0,0,36,128,0,3,0,0,0,0,19,0,23,133,0,3,1,1,31,0,47,108,218,108,218,62,220,62,220,209,221,179,218,215,218,177,219,3,255,2,29,7,1,3,252,0,0,0,0,0,0,0,0,0,0,103,167,79,155,130,15,39,0,64,0,0,0,0,164,89,51,40,214,52,165,8,0,8,7,0,128,6,141,157,223,8,223,24,223,0,223,0,223,180,223,185,223,190,223,0,223,157,223,2,141,216,0,165,26,140,252,141,211,21,55,0,7,64,0,5,162,0,0,0,0,0,18,18,0,0,36,128,0,3,0,0,0,0,19,0,23,132,0,3,1,1,31,0,47,108,218,108,218,62,220,62,220,209,221,179,218,215,218,177,219,3,255,2,29,0,0,5,2,0,0,0,0,0,0,0,0,0,0,99,163,83,150,130,15,39,0,64,0,0,0,0,228,168,243,120,214,52,165,8,0,8,7,0,128,6,141,157,223,8,223,24,223,0,223,0,223,180,223,185,223,190,223,0,223,157,223,2,141,216,0,165,26,140,252,141,211
2026-08-17_14-08-30,1,917,7,0.0,0,1300.0,-1,-1,21,55,0,7,64,0,5,162,0,0,0,0,0,18,18,0,0,36,128,0,3,0,0,0,0,19,0,23,132,0,3,1,1,31,0,47,108,218,108,218,62,220,62,220,209,221,179,218,215,218,177,219,3,255,2,29,0,0,5,2,0,0,0,0,0,0,0,0,0,0,99,163,83,150,130,15,39,0,64,0,0,0,0,228,168,243,120,214,52,165,8,0,8,7,0,128,6,141,157,223,8,223,24,223,0,223,0,223,180,223,185,223,190,223,0,223,157,223,2,141,216,0,165,26,140,252,141,211,25,120,0,7,64,0,5,30,0,0,6,0,0,18,18,0,0,36,128,0,3,0,0,0,0,19,0,23,131,0,3,1,1,31,0,47,126,220,144,218,90,220,62,220,209,221,179,218,215,218,177,219,3,5,2,29,0,0,1,2,0,0,0,0,0,0,0,0,0,0,99,163,88,145,130,15,39,128,64,0,0,0,0,228,168,163,215,214,52,165,8,0,8,2,0,128,6,141,157,223,8,223,24,223,0,223,0,223,180,223,185,223,190,223,0,223,157,223,2,141,216,0,165,26,140,252,141,211
2026-08-17_14-08-30,1,918,7,0.0,0,1300.0,-1,-1,25,120,0,7,64,0,5,30,0,0,6,0,0,18,18,0,0,36,128,0,3,0,0,0,0,19,0,23,131,0,3,1,1,31,0,47,126,220,144,218,90,220,62,220,209,221,179,218,215,218,177,219,3,5,2,29,0,0,1,2,0,0,0,0,0,0,0,0,0,0,99,163,88,145,130,15,39,128,64,0,0,0,0,228,168,163,215,214,52,165,8,0,8,2,0,128,6,141,157,223,8,223,24,223,0,223,0,223,180,223,185,223,190,223,0,223,157,223,2,141,216,0,165,26,140,252,141,211,29,139,0,7,64,0,5,154,0,0,2,0,0,18,18,0,0,36,128,0,3,0,0,0,0,19,0,23,130,0,3,1,1,31,0,47,126,220,144,218,90,220,62,220,209,221,179,218,215,218,177,219,3,5,2,29,1,0,3,2,0,0,0,0,0,0,0,0,0,0,99,163,92,140,130,15,39,64,64,0,0,0,0,228,168,84,39,214,52,165,8,0,8,2,0,128,6,141,157,223,8,223,24,223,0,223,0,223,180,223,185,223,190,223,0,223,157,223,2,141,216,0,165,26,140,252,141,211
2026-08-17_14-08-30,1,919,2,0.0,0,1300.0,-1,-1,29,139,0,7,64,0,5,154,0,0,2,0,0,18,18,0,0,36,128,0,3,0,0,0,0,19,0,23,130,0,3,1,1,31,0,47,126,220,144,218,90,220,62,220,209,221,179,218,215,218,177,219,3,5,2,29,1,0,3,2,0,0,0,0,0,0,0,0,0,0,99,163,92,140,130,15,39,64,64,0,0,0,0,228,168,84,39,214,52,165,8,0,8,2,0,128,6,141,157,223,8,223,24,223,0,223,0,223,180,223,185,223,190,223,0,223,157,223,2,141,216,0,165,26,140,252,141,211,33,189,0,7,64,0,5,22,0,0,8,0,0,18,18,0,0,36,128,0,3,0,0,0,0,19,0,23,129,0,3,1,1,31,0,47,126,220,108,218,90,220,62,220,209,221,179,218,215,218,177,219,3,5,2,29,2,0,5,2,0,0,0,0,0,0,5,0,0,0,99,163,97,135,130,15,39,136,64,0,0,0,0,228,168,4,119,214,52,165,8,0,8,2,0,128,6,141,157,223,8,223,24,223,0,223,0,223,180,223,185,223,190,223,0,223,157,223,66,141,216,0,165,26,140,252,141,211
2026-08-17_14-08-30,1,920,7,0.0,0,1300.0,-1,-1,33,189,0,7,64,0,5,22,0,0,8,0,0,18,18,0,0,36,128,0,3,0,0,0,0,19,0,23,129,0,3,1,1,31,0,47,126,220,108,218,90,220,62,220,209,221,179,218,215,218,177,219,3,5,2,29,2,0,5,2,0,0,0,0,0,0,5,0,0,0,99,163,97,135,130,15,39,136,64,0,0,0,0,228,168,4,119,214,52,165,8,0,8,2,0,128,6,141,157,223,8,223,24,223,0,223,0,223,180,223,185,223,190,223,0,223,157,223,66,141,216,0,165,26,140,252,141,211,37,213,0,7,64,0,5,146,0,0,4,0,0,18,18,0,0,36,128,0,3,0,0,0,0,19,0,23,128,0,3,1,1,31,0,47,126,220,108,218,90,220,62,220,209,221,179,218,215,218,177,219,3,5,2,103,2,0,1,2,0,0,2,0,7,0,64,0,0,0,99,163,101,49,130,8,39,136,64,0,0,0,0,228,168,196,49,214,179,165,8,0,8,2,0,128,188,141,157,223,8,223,24,223,0,223,0,223,180,223,185,223,190,223,0,223,157,223,2,141,216,0,165,26,140,252,141,211
2026-08-17_14-08-30,1,921,7,0.0,0,1300.0,-1,-1,37,213,0,7,64,0,5,146,0,0,4,0,0,18,18,0,0,36,128,0,3,0,0,0,0,19,0,23,128,0,3,1,1,31,0,47,126,220,108,218,90,220,62,220,209,221,179,218,215,218,177,219,3,5,2,103,2,0,1,2,0,0,2,0,7,0,64,0,0,0,99,163,101,49,130,8,39,136,64,0,0,0,0,228,168,196,49,214,179,165,8,0,8,2,0,128,188,141,157,223,8,223,24,223,0,223,0,223,180,223,185,223,190,223,0,223,157,223,2,141,216,0,165,26,140,252,141,211,41,87,0,7,64,0,5,14,0,0,0,0,0,18,18,0,0,36,128,0,3,0,0,0,0,19,0,23,121,0,3,1,1,31,0,47,72,218,144,218,62,220,62,220,209,221,179,218,215,218,177,219,3,255,2,103,3,0,3,2,0,0,0,0,0,0,5,0,0,0,99,163,106,49,130,8,39,162,64,0,0,0,0,228,168,101,49,214,179,165,8,0,8,5,0,128,188,141,157,223,8,223,24,223,0,223,0,223,180,223,185,223,190,223,0,223,157,223,2,141,216,0,165,26,140,252,141,211
2026-08-17_14-08-30,1,922,7,0.0,0,1300.0,-1,-1,41,87,0,7,64,0,5,14,0,0,0,0,0,18,18,0,0,36,128,0,3,0,0,0,0,19,0,23,121,0,3,1,1,31,0,47,72,218,144,218,62,220,62,220,209,221,179,218,215,218,177,219,3,255,2,103,3,0,3,2,0,0,0,0,0,0,5,0,0,0,99,163,106,49,130,8,39,162,64,0,0,0,0,228,168,101,49,214,179,165,8,0,8,5,0,128,188,141,157,223,8,223,24,223,0,223,0,223,180,223,185,223,190,223,0,223,157,223,2,141,216,0,165,26,140,252,141,211,45,126,0,7,64,0,5,138,0,0,0,0,0,18,18,0,0,36,128,0,3,0,0,0,0,19,0,23,120,0,3,1,1,31,0,47,72,218,144,218,62,220,62,220,209,221,179,218,215,218,177,219,3,255,2,103,0,0,5,1,0,0,0,0,0,0,5,0,0,0,99,163,110,49,130,8,39,162,64,0,0,0,0,228,168,37,49,214,179,165,8,0,8,5,0,128,188,141,157,223,8,223,24,223,0,223,0,223,180,223,185,223,190,223,0,223,157,223,2,141,216,0,165,26,140,252,141,211
2026-08-17_14-08-30,1,923,7,0.0,0,1300.0,-1,-1,45,126,0,7,64,0,5,138,0,0,0,0,0,18,18,0,0,36,128,0,3,0,0,0,0,19,0,23,120,0,3,1,1,31,0,47,72,218,144,218,62,220,62,220,209,221,179,218,215,218,177,219,3,255,2,103,0,0,5,1,0,0,0,0,0,0,5,0,0,0,99,163,110,49,130,8,39,162,64,0,0,0,0,228,168,37,49,214,179,165,8,0,8,5,0,128,188,141,157,223,8,223,24,223,0,223,0,223,180,223,185,223,190,223,0,223,157,223,2,141,216,0,165,26,140,252,141,211,49,232,0,7,64,0,5,6,0,0,0,0,0,18,18,0,0,36,128,0,3,0,0,0,0,19,0,23,119,0,3,1,1,31,0,47,72,218,108,218,62,220,62,220,209,221,179,218,215,218,177,219,3,255,2,103,0,0,1,1,0,0,0,0,0,0,5,0,0,0,99,163,115,49,130,8,39,162,64,0,0,0,0,228,168,213,49,214,179,165,8,0,8,5,0,128,188,141,157,223,8,223,24,223,0,223,0,223,180,223,185,223,190,223,0,223,157,223,2,141,216,0,165,26,140,252,141,211
2026-08-17_14-08-30,1,924,7,0.0,0,1300.0,-1,-1,49,232,0,7,64,0,5,6,0,0,0,0,0,18,18,0,0,36,128,0,3,0,0,0,0,19,0,23,119,0,3,1,1,31,0,47,72,218,108,218,62,220,62,220,209,221,179,218,215,218,177,219,3,255,2,103,0,0,1,1,0,0,0,0,0,0,5,0,0,0,99,163,115,49,130,8,39,162,64,0,0,0,0,228,168,213,49,214,179,165,8,0,8,5,0,128,188,141,157,223,8,223,24,223,0,223,0,223,180,223,185,223,190,223,0,223,157,223,2,141,216,0,165,26,140,252,141,211,53,138,0,7,64,0,5,130,0,0,9,0,0,18,18,0,0,36,128,0,3,0,0,0,0,19,0,23,118,0,3,1,1,31,0,47,126,220,108,218,90,220,62,220,209,221,179,218,215,218,177,219,3,5,2,103,1,0,3,1,0,0,0,0,0,0,5,0,0,0,97,161,119,49,130,8,39,148,64,0,0,0,0,4,200,149,49,214,179,165,8,0,8,2,0,128,188,141,157,223,8,223,24,223,0,223,0,223,180,223,185,223,190,223,0,223,157,223,2,141,216,0,165,26,140,252,141,211
2026-08-17_14-08-30,1,925,7,0.0,0,1300.0,-1,-1,53,138,0,7,64,0,5,130,0,0,9,0,0,18,18,0,0,36,128,0,3,0,0,0,0,19,0,23,118,0,3,1,1,31,0,47,126,220,108,218,90,220,62,220,209,221,179,218,215,218,177,219,3,5,2,103,1,0,3,1,0,0,0,0,0,0,5,0,0,0,97,161,119,49,130,8,39,148,64,0,0,0,0,4,200,149,49,214,179,165,8,0,8,2,0,128,188,141,157,223,8,223,24,223,0,223,0,223,180,223,185,223,190,223,0,223,157,223,2,141,216,0,165,26,140,252,141,211,57,173,0,7,64,0,5,223,0,0,5,0,0,18,18,0,0,36,128,0,3,0,0,0,0,19,0,23,117,0,3,1,1,31,0,47,126,220,108,218,90,220,62,220,209,221,179,218,215,218,177,219,3,5,2,103,2,0,5,1,0,128,0,0,0,0,5,0,0,0,97,161,122,49,130,8,39,148,64,0,0,0,0,4,200,86,49,214,179,165,8,0,8,2,0,128,188,141,157,223,8,223,24,223,0,223,0,223,180,223,185,223,190,223,0,223,157,223,2,141,216,0,165,26,140,252,141,211
2026-08-17_14-08-30,1,926,7,0.0,0,1300.0,-1,-1,57,173,0,7,64,0,5,223,0,0,5,0,0,18,18,0,0,36,128,0,3,0,0,0,0,19,0,23,117,0,3,1,1,31,0,47,126,220,108,218,90,220,62,220,209,221,179,218,215,218,177,219,3,5,2,103,2,0,5,1,0,128,0,0,0,0,5,0,0,0,97,161,122,49,130,8,39,148,64,0,0,0,0,4,200,86,49,214,179,165,8,0,8,2,0,128,188,141,157,223,8,223,24,223,0,223,0,223,180,223,185,223,190,223,0,223,157,223,2,141,216,0,165,26,140,252,141,211,61,220,0,7,64,0,5,223,0,0,1,0,0,18,18,0,0,36,128,0,3,0,0,0,0,19,0,23,116,0,3,1,1,31,0,47,126,220,108,218,90,220,62,220,209,221,179,218,215,218,177,219,3,5,2,103,2,0,1,1,0,128,0,0,0,0,5,0,0,0,97,161,122,49,130,8,39,74,64,0,0,0,0,4,200,86,49,214,179,165,8,0,8,2,0,128,188,141,157,223,8,223,24,223,0,223,0,223,180,223,185,223,190,223,0,223,157,223,2,141,216,0,165,26,140,252,141,211
2026-08-17_14-08-30,1,927,2,0.0,0,1300.0,-1,-1,61,220,0,7,64,0,5,223,0,0,1,0,0,18,18,0,0,36,128,0,3,0,0,0,0,19,0,23,116,0,3,1,1,31,0,47,126,220,108,218,90,220,62,220,209,221,179,218,215,218,177,219,3,5,2,103,2,0,1,1,0,128,0,0,0,0,5,0,0,0,97,161,122,49,130,8,39,74,64,0,0,0,0,4,200,86,49,214,179,165,8,0,8,2,0,128,188,141,157,223,8,223,24,223,0,223,0,223,180,223,185,223,190,223,0,223,157,223,2,141,216,0,165,26,140,252,141,211,65,195,0,7,64,0,5,223,0,0,8,0,0,18,18,0,0,36,64,0,3,0,0,0,0,19,0,23,115,0,3,1,1,31,0,47,126,220,108,218,90,220,62,220,209,221,179,218,215,218,177,219,3,5,2,103,3,0,3,1,0,128,0,0,0,0,5,0,0,1,97,161,122,49,130,7,39,137,64,0,0,0,0,4,200,86,49,214,195,165,8,0,8,2,0,128,188,141,157,223,8,223,24,223,0,223,0,223,180,223,185,223,190,223,0,223,157,223,2,141,216,0,165,26,140,252,141,211
2026-08-17_14-08-30,1,928,7,0.0,0,1300.0,-1,-1,65,195,0,7,64,0,5,223,0,0,8,0,0,18,18,0,0,36,64,0,3,0,0,0,0,19,0,23,115,0,3,1,1,31,0,47,126,220,108,218,90,220,62,220,209,221,179,218,215,218,177,219,3,5,2,103,3,0,3,1,0,128,0,0,0,0,5,0,0,1,97,161,122,49,130,7,39,137,64,0,0,0,0,4,200,86,49,214,195,165,8,0,8,2,0,128,188,141,157,223,8,223,24,223,0,223,0,223,180,223,185,223,190,223,0,223,157,223,2,141,216,0,165,26,140,252,141,211,69,61,0,7,64,0,5,223,0,0,4,0,0,18,18,0,0,36,64,0,3,0,0,0,0,19,0,23,114,0,3,1,1,31,0,47,126,220,108,218,90,220,62,220,209,221,179,218,215,218,177,219,3,5,2,103,0,0,5,0,0,128,0,0,0,0,5,0,0,1,97,161,122,49,130,7,39,137,64,0,0,0,0,4,200,86,49,214,195,165,8,0,8,2,0,128,188,141,157,223,8,223,24,223,0,223,0,223,180,223,185,223,190,223,0,223,157,223,2,141,216,0,165,26,140,252,141,211
2026-08-17_14-08-30,1,929,7,0.0,0,1300.0,-1,-1,69,61,0,7,64,0,5,223,0,0,4,0,0,18,18,0,0,36,64,0,3,0,0,0,0,19,0,23,114,0,3,1,1,31,0,47,126,220,108,218,90,220,62,220,209,221,179,218,215,218,177,219,3,5,2,103,0,0,5,0,0,128,0,0,0,0,5,0,0,1,97,161,122,49,130,7,39,137,64,0,0,0,0,4,200,86,49,214,195,165,8,0,8,2,0,128,188,141,157,223,8,223,24,223,0,223,0,223,180,223,185,223,190,223,0,223,157,223,2,141,216,0,165,26,140,252,141,211,73,221,0,7,64,0,5,223,0,0,0,0,0,18,18,0,0,36,64,0,3,0,0,0,0,19,0,23,113,0,3,1,1,31,0,47,72,218,108,218,62,220,62,220,209,221,179,218,215,218,177,219,3,255,2,103,0,0,1,0,0,128,0,0,0,0,5,0,0,0,97,161,122,49,130,7,39,137,64,0,0,0,0,4,200,86,49,214,195,165,8,0,8,5,0,128,188,141,157,223,8,223,24,223,0,223,0,223,180,223,185,223,190,223,0,223,157,223,2,141,216,0,165,26,140,252,141,211
2026-08-17_14-08-30,1,930,2,0.0,0,1300.0,-1,-1,73,221,0,7,64,0,5,223,0,0,0,0,0,18,18,0,0,36,64,0,3,0,0,0,0,19,0,23,113,0,3,1,1,31,0,47,72,218,108,218,62,220,62,220,209,221,179,218,215,218,177,219,3,255,2,103,0,0,1,0,0,128,0,0,0,0,5,0,0,0,97,161,122,49,130,7,39,137,64,0,0,0,0,4,200,86,49,214,195,165,8,0,8,5,0,128,188,141,157,223,8,223,24,223,0,223,0,223,180,223,185,223,190,223,0,223,157,223,2,141,216,0,165,26,140,252,141,211,77,211,0,7,64,0,5,223,0,0,0,0,0,18,18,0,0,36,64,0,3,0,0,0,0,19,0,23,112,0,3,1,1,31,0,47,72,218,108,218,62,220,62,220,209,221,179,218,215,218,177,219,3,255,2,103,1,0,3,0,0,128,0,0,0,0,5,0,0,0,97,161,122,49,130,7,39,17,64,0,0,0,0,4,200,86,49,214,195,165,8,0,8,5,0,128,188,141,157,223,8,223,24,223,0,223,0,223,180,223,185,223,190,223,0,223,157,223,2,141,216,0,165,26,140,252,141,211
2026-08-17_14-08-30,1,931,7,0.0,0,1300.0,-1,-1,77,211,0,7,64,0,5,223,0,0,0,0,0,18,18,0,0,36,64,0,3,0,0,0,0,19,0,23,112,0,3,1,1,31,0,47,72,218,108,218,62,220,62,220,209,221,179,218,215,218,177,219,3,255,2,103,1,0,3,0,0,128,0,0,0,0,5,0,0,0,97,161,122,49,130,7,39,17,64,0,0,0,0,4,200,86,49,214,195,165,8,0,8,5,0,128,188,141,157,223,8,223,24,223,0,223,0,223,180,223,185,223,190,223,0,223,157,223,2,141,216,0,165,26,140,252,141,211,81,52,0,7,64,0,5,223,0,0,7,0,0,18,18,0,0,36,64,0,3,0,0,0,0,19,0,23,105,0,3,1,1,31,0,47,126,220,108,218,90,220,62,220,209,221,179,218,215,218,177,219,3,5,2,103,2,0,5,0,0,128,0,0,0,0,5,0,0,0,97,161,122,49,130,6,39,132,64,0,0,0,0,4,200,86,49,214,211,165,8,0,8,2,0,128,188,141,157,223,8,223,24,223,0,223,0,223,180,223,185,223,190,223,0,223,157,223,2,141,216,0,165,26,140,252,141,211
2026-08-17_14-08-30,1,932,7,0.0,0,1300.0,-1,-1,81,52,0,7,64,0,5,223,0,0,7,0,0,18,18,0,0,36,64,0,3,0,0,0,0,19,0,23,105,0,3,1,1,31,0,47,126,220,108,218,90,220,62,220,209,221,179,218,215,218,177,219,3,5,2,103,2,0,5,0,0,128,0,0,0,0,5,0,0,0,97,161,122,49,130,6,39,132,64,0,0,0,0,4,200,86,49,214,211,165,8,0,8,2,0,128,188,141,157,223,8,223,24,223,0,223,0,223,180,223,185,223,190,223,0,223,157,223,2,141,216,0,165,26,140,252,141,211,85,73,0,7,64,0,5,223,0,0,3,0,0,18,18,0,0,36,64,0,3,0,0,0,0,19,0,23,104,0,3,1,1,31,0,47,126,220,108,218,90,220,62,220,209,221,179,218,215,218,177,219,3,5,2,103,2,0,1,0,0,128,0,0,0,0,5,0,0,0,97,161,122,49,130,6,39,66,64,0,0,0,0,4,200,86,49,214,211,165,8,0,8,2,0,128,188,141,157,223,8,223,24,223,0,223,0,223,180,223,185,223,190,223,0,223,157,223,2,141,216,0,165,26,140,252,141,211
2026-08-17_14-08-30,1,933,2,0.0,0,1300.0,-1,-1,85,73,0,7,64,0,5,223,0,0,3,0,0,18,18,0,0,36,64,0,3,0,0,0,0,19,0,23,104,0,3,1,1,31,0,47,126,220,108,218,90,220,62,220,209,221,179,218,215,218,177,219,3,5,2,103,2,0,1,0,0,128,0,0,0,0,5,0,0,0,97,161,122,49,130,6,39,66,64,0,0,0,0,4,200,86,49,214,211,165,8,0,8,2,0,128,188,141,157,223,8,223,24,223,0,223,0,223,180,223,185,223,190,223,0,223,157,223,2,141,216,0,165,26,140,252,141,211,89,144,0,7,64,0,5,223,0,0,0,0,0,18,18,0,0,36,64,0,3,0,0,0,0,19,0,23,103,0,3,1,1,31,0,47,72,218,108,218,62,220,62,220,209,221,179,218,215,218,177,219,3,255,2,103,3,0,3,0,0,128,0,0,0,0,5,0,0,0,97,161,122,49,130,6,39,4,64,0,0,0,0,4,200,86,49,214,211,165,8,0,8,5,0,128,188,141,157,223,8,223,24,223,0,223,0,223,180,223,185,223,190,223,0,223,157,223,2,141,216,0,165,26,140,252,141,211
2026-08-17_14-08-30,1,934,2,0.0,0,1300.0,-1,-1,89,144,0,7,64,0,5,223,0,0,0,0,0,18,18,0,0,36,64,0,3,0,0,0,0,19,0,23,103,0,3,1,1,31,0,47,72,218,108,218,62,220,62,220,209,221,179,218,215,218,177,219,3,255,2,103,3,0,3,0,0,128,0,0,0,0,5,0,0,0,97,161,122,49,130,6,39,4,64,0,0,0,0,4,200,86,49,214,211,165,8,0,8,5,0,128,188,141,157,223,8,223,24,223,0,223,0,223,180,223,185,223,190,223,0,223,157,223,2,141,216,0,165,26,140,252,141,211,93,1,0,7,64,0,5,223,0,0,9,0,0,18,18,0,0,36,64,0,3,0,0,0,0,19,0,23,102,0,3,1,1,31,0,47,162,220,108,218,18,220,62,220,209,221,179,218,215,218,177,219,3,6,2,103,4,0,5,255,0,128,0,0,0,0,5,0,0,0,97,161,122,49,130,6,39,128,64,0,0,0,0,4,200,86,49,214,211,165,8,0,8,3,0,128,188,141,157,223,8,223,24,223,0,223,0,223,180,223,185,223,190,223,0,223,157,223,2,141,216,0,165,26,140,252,141,211
2026-08-17_14-08-30,1,935,10,0.0,0,1300.0,-1,-1,93,1,0,7,64,0,5,223,0,0,9,0,0,18,18,0,0,36,64,0,3,0,0,0,0,19,0,23,102,0,3,1,1,31,0,47,162,220,108,218,18,220,62,220,209,221,179,218,215,218,177,219,3,6,2,103,4,0,5,255,0,128,0,0,0,0,5,0,0,0,97,161,122,49,130,6,39,128,64,0,0,0,0,4,200,86,49,214,211,165,8,0,8,3,0,128,188,141,157,223,8,223,24,223,0,223,0,223,180,223,185,223,190,223,0,223,157,223,2,141,216,0,165,26,140,252,141,211,97,16,0,7,64,0,5,223,0,0,5,0,0,18,18,0,0,36,64,0,3,0,0,0,0,19,0,23,101,0,3,1,1,31,0,47,162,220,108,218,18,220,62,220,209,221,179,218,215,218,177,219,3,6,2,103,4,0,1,255,0,128,0,0,0,0,5,0,0,0,97,161,122,49,130,5,39,128,64,0,0,0,0,4,200,86,49,214,227,165,8,0,8,3,0,128,188,141,157,223,8,223,24,223,0,223,0,223,180,223,185,223,190,223,0,223,157,223,2,141,216,0,165,26,140,252,141,211
2026-08-17_14-08-30,1,936,10,0.0,0,1300.0,-1,-1,97,16,0,7,64,0,5,223,0,0,5,0,0,18,18,0,0,36,64,0,3,0,0,0,0,19,0,23,101,0,3,1,1,31,0,47,162,220,108,218,18,220,62,220,209,221,179,218,215,218,177,219,3,6,2,103,4,0,1,255,0,128,0,0,0,0,5,0,0,0,97,161,122,49,130,5,39,128,64,0,0,0,0,4,200,86,49,214,227,165,8,0,8,3,0,128,188,141,157,223,8,223,24,223,0,223,0,223,180,223,185,223,190,223,0,223,157,223,2,141,216,0,165,26,140,252,141,211,101,9,0,7,64,0,5,223,0,0,1,0,0,18,18,0,0,36,64,0,3,0,0,0,0,19,0,23,100,0,3,1,1,31,0,47,162,220,108,218,18,220,62,220,209,221,179,218,215,218,177,219,3,6,2,103,5,0,3,254,0,128,0,0,0,0,5,0,0,0,97,161,122,49,130,5,39,64,64,0,0,0,0,4,200,86,49,214,227,165,8,0,8,3,0,128,188,141,157,223,8,223,24,223,0,223,0,223,180,223,185,223,190,223,0,223,157,223,2,141,216,0,165,26,140,252,141,211
2026-08-17_14-08-30,1,937,1,0.0,0,1300.0,-1,-1,101,9,0,7,64,0,5,223,0,0,1,0,0,18,18,0,0,36,64,0,3,0,0,0,0,19,0,23,100,0,3,1,1,31,0,47,162,220,108,218,18,220,62,220,209,221,179,218,215,218,177,219,3,6,2,103,5,0,3,254,0,128,0,0,0,0,5,0,0,0,97,161,122,49,130,5,39,64,64,0,0,0,0,4,200,86,49,214,227,165,8,0,8,3,0,128,188,141,157,223,8,223,24,223,0,223,0,223,180,223,185,223,190,223,0,223,157,223,2,141,216,0,165,26,140,252,141,211,105,148,0,7,128,0,5,223,0,0,0,0,0,18,18,0,0,36,64,0,3,0,0,0,0,19,0,23,99,0,3,1,1,31,0,47,167,221,108,218,62,220,62,220,203,221,173,218,209,218,177,219,3,255,2,103,6,0,5,253,7,128,0,0,0,0,6,0,0,0,97,161,122,49,130,5,39,4,64,0,0,0,0,4,200,86,49,214,227,165,8,0,8,6,0,128,188,141,157,223,8,223,24,223,0,223,0,223,180,223,185,223,190,223,0,223,157,223,2,141,216,0,165,26,140,252,141,211
2026-08-17_14-08-30,1,938,1,0.0,0,1300.0,-1,-1,105,148,0,7,128,0,5,223,0,0,0,0,0,18,18,0,0,36,64,0,3,0,0,0,0,19,0,23,99,0,3,1,1,31,0,47,167,221,108,218,62,220,62,220,203,221,173,218,209,218,177,219,3,255,2,103,6,0,5,253,7,128,0,0,0,0,6,0,0,0,97,161,122,49,130,5,39,4,64,0,0,0,0,4,200,86,49,214,227,165,8,0,8,6,0,128,188,141,157,223,8,223,24,223,0,223,0,223,180,223,185,223,190,223,0,223,157,223,2,141,216,0,165,26,140,252,141,211,109,67,0,7,128,0,5,223,0,0,0,0,0,18,18,0,0,36,64,0,3,0,0,0,0,19,0,23,98,0,3,1,1,31,0,47,161,221,108,218,62,220,62,220,197,221,167,218,203,218,177,219,3,255,2,103,6,0,1,253,13,128,0,0,0,0,6,0,0,0,97,161,122,49,130,5,39,0,64,0,0,0,0,4,200,86,49,214,227,165,8,0,8,6,0,128,188,141,157,223,8,223,24,223,0,223,0,223,180,223,185,223,190,223,0,223,157,223,2,141,216,0,165,26,140,252,141,211
2026-08-17_14-08-30,1,939,0,0.0,0,1300.0,-1,-1,109,67,0,7,128,0,5,223,0,0,0,0,0,18,18,0,0,36,64,0,3,0,0,0,0,19,0,23,98,0,3,1,1,31,0,47,161,221,108,218,62,220,62,220,197,221,167,218,203,218,177,219,3,255,2,103,6,0,1,253,13,128,0,0,0,0,6,0,0,0,97,161,122,49,130,5,39,0,64,0,0,0,0,4,200,86,49,214,227,165,8,0,8,6,0,128,188,141,157,223,8,223,24,223,0,223,0,223,180,223,185,223,190,223,0,223,157,223,2,141,216,0,165,26,140,252,141,211,113,53,0,7,128,0,5,223,0,0,0,0,0,18,18,0,0,36,64,0,3,0,0,0,0,19,0,23,97,0,3,1,1,31,0,47,155,221,108,218,62,220,62,220,191,221,161,218,197,218,177,219,3,255,2,103,7,0,3,252,19,128,0,0,0,0,6,0,0,0,97,161,122,49,130,4,39,0,64,0,0,0,0,4,200,86,49,214,243,165,8,0,8,6,0,128,188,141,157,223,8,223,24,223,0,223,0,223,180,223,185,223,190,223,0,223,157,223,2,141,216,0,165,26,140,252,141,211
2026-08-17_14-08-30,1,940,10,0.0,0,1300.0,-1,-1,113,53,0,7,128,0,5,223,0,0,0,0,0,18,18,0,0,36,64,0,3,0,0,0,0,19,0,23,97,0,3,1,1,31,0,47,155,221,108,218,62,220,62,220,191,221,161,218,197,218,177,219,3,255,2,103,7,0,3,252,19,128,0,0,0,0,6,0,0,0,97,161,122,49,130,4,39,0,64,0,0,0,0,4,200,86,49,214,243,165,8,0,8,6,0,128,188,141,157,223,8,223,24,223,0,223,0,223,180,223,185,223,190,223,0,223,157,223,2,141,216,0,165,26,140,252,141,211,117,89,0,7,128,0,5,223,0,0,0,0,0,18,18,0,0,36,64,0,3,0,0,0,0,19,0,23,96,0,3,1,1,31,0,47,150,221,108,218,62,220,62,220,186,221,156,218,192,218,177,219,3,255,2,103,0,9,5,2,24,128,0,0,0,0,6,0,0,0,97,161,122,49,130,4,39,128,64,0,0,0,0,4,200,86,49,214,243,165,8,0,8,6,0,128,188,141,157,223,8,223,24,223,0,223,0,223,180,223,185,223,190,223,0,223,157,223,2,141,216,0,165,26,140,252,141,211
2026-08-17_14-08-30,1,941,10,0.0,0,1300.0,-1,-1,117,89,0,7,128,0,5,223,0,0,0,0,0,18,18,0,0,36,64,0,3,0,0,0,0,19,0,23,96,0,3,1,1,31,0,47,150,221,108,218,62,220,62,220,186,221,156,218,192,218,177,219,3,255,2,103,0,9,5,2,24,128,0,0,0,0,6,0,0,0,97,161,122,49,130,4,39,128,64,0,0,0,0,4,200,86,49,214,243,165,8,0,8,6,0,128,188,141,157,223,8,223,24,223,0,223,0,223,180,223,185,223,190,223,0,223,157,223,2,141,216,0,165,26,140,252,141,211,121,153,0,7,192,0,5,223,0,0,0,0,0,18,18,0,0,36,64,0,3,0,0,0,0,19,0,23,89,0,3,1,1,31,0,47,153,221,108,218,62,220,62,220,189,221,159,218,195,218,177,219,3,255,2,103,0,9,1,2,21,128,0,0,0,0,6,0,0,0,97,161,122,49,130,4,39,128,64,0,0,0,0,4,200,86,49,214,243,165,8,0,8,6,0,128,188,141,157,223,8,223,24,223,0,223,0,223,180,223,185,223,190,223,0,223,157,223,2,141,216,0,165,26,140,252,141,211
2026-08-17_14-08-30,1,942,10,0.0,0,1300.0,-1,-1,121,153,0,7,192,0,5,223,0,0,0,0,0,18,18,0,0,36,64,0,3,0,0,0,0,19,0,23,89,0,3,1,1,31,0,47,153,221,108,218,62,220,62,220,189,221,159,218,195,218,177,219,3,255,2,103,0,9,1,2,21,128,0,0,0,0,6,0,0,0,97,161,122,49,130,4,39,128,64,0,0,0,0,4,200,86,49,214,243,165,8,0,8,6,0,128,188,141,157,223,8,223,24,223,0,223,0,223,180,223,185,223,190,223,0,223,157,223,2,141,216,0,165,26,140,252,141,211,125,149,0,7,192,0,5,223,0,0,0,0,0,18,18,0,0,36,64,0,3,0,0,0,0,19,0,23,88,0,3,1,1,31,0,47,158,221,108,218,62,220,62,220,194,221,164,218,200,218,177,219,3,255,2,103,1,9,3,2,16,128,0,0,0,0,6,0,0,0,97,161,122,49,130,4,39,64,64,0,0,0,0,4,200,86,49,214,243,165,8,0,8,6,0,128,188,141,157,223,8,223,24,223,0,223,0,223,180,223,185,223,190,223,0,223,157,223,2,141,216,0,165,26,140,252,141,211
2026-08-17_14-08-30,1,943,0,0.0,0,1300.0,-1,-1,125,149,0,7,192,0,5,223,0,0,0,0,0,18,18,0,0,36,64,0,3,0,0,0,0,19,0,23,88,0,3,1,1,31,0,47,158,221,108,218,62,220,62,220,194,221,164,218,200,218,177,219,3,255,2,103,1,9,3,2,16,128,0,0,0,0,6,0,0,0,97,161,122,49,130,4,39,64,64,0,0,0,0,4,200,86,49,214,243,165,8,0,8,6,0,128,188,141,157,223,8,223,24,223,0,223,0,223,180,223,185,223,190,223,0,223,157,223,2,141,216,0,165,26,140,252,141,211,129,83,0,7,192,0,5,223,0,0,0,0,0,18,18,0,0,36,64,0,3,0,0,0,0,19,0,23,87,0,3,1,1,31,0,47,164,221,108,218,62,220,62,220,200,221,170,218,206,218,177,219,3,255,2,103,2,9,5,2,10,128,0,0,0,0,6,0,0,0,97,161,122,49,130,3,39,4,64,0,0,0,0,4,200,86,49,214,3,165,8,0,8,6,0,128,188,141,157,223,8,223,24,223,0,223,0,223,180,223,185,223,190,223,0,223,157,223,2,141,216,0,165,26,140,252,141,211
2026-08-17_14-08-30,1,944,10,0.0,0,1300.0,-1,-1,129,83,0,7,192,0,5,223,0,0,0,0,0,18,18,0,0,36,64,0,3,0,0,0,0,19,0,23,87,0,3,1,1,31,0,47,164,221,108,218,62,220,62,220,200,221,170,218,206,218,177,219,3,255,2,103,2,9,5,2,10,128,0,0,0,0,6,0,0,0,97,161,122,49,130,3,39,4,64,0,0,0,0,4,200,86,49,214,3,165,8,0,8,6,0,128,188,141,157,223,8,223,24,223,0,223,0,223,180,223,185,223,190,223,0,223,157,223,2,141,216,0,165,26,140,252,141,211,133,60,0,7,192,0,5,223,0,0,0,0,0,18,18,0,0,36,64,0,3,0,0,0,0,19,0,23,86,0,3,1,1,31,0,47,171,221,108,218,62,220,62,220,207,221,177,218,213,218,177,219,3,255,2,103,2,9,1,2,3,128,0,0,0,0,6,0,0,0,97,161,122,49,130,3,39,129,64,0,0,0,0,4,200,86,49,214,3,165,8,0,8,6,0,128,188,141,157,223,8,223,24,223,0,223,0,223,180,223,185,223,190,223,0,223,157,223,2,141,216,0,165,26,140,252,141,211
2026-08-17_14-08-30,1,945,10,0.0,0,1300.0,-1,-1,133,60,0,7,192,0,5,223,0,0,0,0,0,18,18,0,0,36,64,0,3,0,0,0,0,19,0,23,86,0,3,1,1,31,0,47,171,221,108,218,62,220,62,220,207,221,177,218,213,218,177,219,3,255,2,103,2,9,1,2,3,128,0,0,0,0,6,0,0,0,97,161,122,49,130,3,39,129,64,0,0,0,0,4,200,86,49,214,3,165,8,0,8,6,0,128,188,141,157,223,8,223,24,223,0,223,0,223,180,223,185,223,190,223,0,223,157,223,2,141,216,0,165,26,140,252,141,211,137,205,0,7,192,0,5,223,0,0,0,0,0,18,18,0,0,36,64,0,3,0,0,0,0,19,0,23,85,0,3,1,1,31,0,47,72,218,108,218,62,220,62,220,209,221,179,218,215,218,177,219,3,255,2,103,3,9,3,2,0,128,0,0,0,0,6,0,0,0,97,161,122,49,130,3,39,129,64,0,0,0,0,4,200,86,49,214,3,165,8,0,8,5,0,128,188,141,157,223,8,223,24,223,0,223,0,223,180,223,185,223,190,223,0,223,157,223,2,141,216,0,165,26,140,252,141,211
2026-08-17_14-08-30,1,946,0,0.0,0,1300.0,-1,-1,137,205,0,7,192,0,5,223,0,0,0,0,0,18,18,0,0,36,64,0,3,0,0,0,0,19,0,23,85,0,3,1,1,31,0,47,72,218,108,218,62,220,62,220,209,221,179,218,215,218,177,219,3,255,2,103,3,9,3,2,0,128,0,0,0,0,6,0,0,0,97,161,122,49,130,3,39,129,64,0,0,0,0,4,200,86,49,214,3,165,8,0,8,5,0,128,188,141,157,223,8,223,24,223,0,223,0,223,180,223,185,223,190,223,0,223,157,223,2,141,216,0,165,26,140,252,141,211,141,218,0,7,192,0,5,223,0,0,0,0,0,18,18,0,0,36,64,0,3,0,0,0,0,19,0,23,84,0,3,1,1,31,0,47,72,218,108,218,62,220,62,220,209,221,179,218,215,218,177,219,3,255,2,103,0,9,5,1,0,128,0,0,0,0,6,0,0,0,97,161,122,49,130,3,39,16,64,0,0,0,0,4,200,86,49,214,3,165,8,0,8,5,0,128,188,141,157,223,8,223,24,223,0,223,0,223,180,223,185,223,190,223,0,223,157,223,2,141,216,0,165,26,140,252,141,211
2026-08-17_14-08-30,1,947,10,0.0,0,1300.0,-1,-1,141,218,0,7,192,0,5,223,0,0,0,0,0,18,18,0,0,36,64,0,3,0,0,0,0,19,0,23,84,0,3,1,1,31,0,47,72,218,108,218,62,220,62,220,209,221,179,218,215,218,177,219,3,255,2,103,0,9,5,1,0,128,0,0,0,0,6,0,0,0,97,161,122,49,130,3,39,16,64,0,0,0,0,4,200,86,49,214,3,165,8,0,8,5,0,128,188,141,157,223,8,223,24,223,0,223,0,223,180,223,185,223,190,223,0,223,157,223,2,141,216,0,165,26,140,252,141,211,145,160,0,7,192,0,5,223,0,0,7,0,0,18,18,0,0,36,64,0,3,0,0,0,0,19,0,23,83,0,3,1,1,31,0,47,162,220,108,218,18,220,62,220,209,221,179,218,215,218,177,219,3,6,2,103,0,9,1,1,0,128,0,0,0,0,6,0,0,0,97,161,122,49,130,2,39,132,64,0,0,0,0,4,200,86,49,214,19,165,8,0,8,3,0,128,188,141,157,223,8,223,24,223,0,223,0,223,180,223,185,223,190,223,0,223,157,223,2,141,216,0,165,26,140,252,141,211
2026-08-17_14-08-30,1,948,10,0.0,0,1300.0,-1,-1,145,160,0,7,192,0,5,223,0,0,7,0,0,18,18,0,0,36,64,0,3,0,0,0,0,19,0,23,83,0,3,1,1,31,0,47,162,220,108,218,18,220,62,220,209,221,179,218,215,218,177,219,3,6,2,103,0,9,1,1,0,128,0,0,0,0,6,0,0,0,97,161,122,49,130,2,39,132,64,0,0,0,0,4,200,86,49,214,19,165,8,0,8,3,0,128,188,141,157,223,8,223,24,223,0,223,0,223,180,223,185,223,190,223,0,223,157,223,2,141,216,0,165,26,140,252,141,211,149,10,0,7,192,0,5,223,0,0,3,0,0,18,18,0,0,36,64,0,3,0,0,0,0,19,0,23,82,0,3,1,1,31,0,47,162,220,108,218,18,220,62,220,209,221,179,218,215,218,177,219,3,6,2,103,1,9,3,1,0,128,0,0,0,0,6,0,0,0,97,161,122,49,130,2,39,66,64,0,0,0,0,4,200,86,49,214,19,165,8,0,8,3,0,128,188,141,157,223,8,223,24,223,0,223,0,223,180,223,185,223,190,223,0,223,157,223,2,141,216,0,165,26,140,252,141,211
2026-08-17_14-08-30,1,949,0,0.0,0,1300.0,-1,-1,149,10,0,7,192,0,5,223,0,0,3,0,0,18,18,0,0,36,64,0,3,0,0,0,0,19,0,23,82,0,3,1,1,31,0,47,162,220,108,218,18,220,62,220,209,221,179,218,215,218,177,219,3,6,2,103,1,9,3,1,0,128,0,0,0,0,6,0,0,0,97,161,122,49,130,2,39,66,64,0,0,0,0,4,200,86,49,214,19,165,8,0,8,3,0,128,188,141,157,223,8,223,24,223,0,223,0,223,180,223,185,223,190,223,0,223,157,223,2,141,216,0,165,26,140,252,141,211,153,165,0,7,192,0,5,223,0,0,0,0,0,18,18,0,0,36,64,0,3,0,0,0,0,19,0,23,81,0,3,1,1,31,0,47,72,218,108,218,62,220,62,220,209,221,179,218,215,218,177,219,3,255,2,103,2,9,5,1,0,128,0,0,0,0,6,0,0,0,97,161,122,49,130,2,39,4,64,0,0,0,0,4,200,86,49,214,19,165,8,0,8,5,0,128,188,141,157,223,8,223,24,223,0,223,0,223,180,223,185,223,190,223,0,223,157,223,2,141,216,0,165,26,140,252,141,211
2026-08-17_14-08-30,1,950,10,0.0,0,1300.0,-1,-1,153,165,0,7,192,0,5,223,0,0,0,0,0,18,18,0,0,36,64,0,3,0,0,0,0,19,0,23,81,0,3,1,1,31,0,47,72,218,108,218,62,220,62,220,209,221,179,218,215,218,177,219,3,255,2,103,2,9,5,1,0,128,0,0,0,0,6,0,0,0,97,161,122,49,130,2,39,4,64,0,0,0,0,4,200,86,49,214,19,165,8,0,8,5,0,128,188,141,157,223,8,223,24,223,0,223,0,223,180,223,185,223,190,223,0,223,157,223,2,141,216,0,165,26,140,252,141,211,157,88,0,7,192,0,5,223,0,0,6,0,0,18,18,0,0,36,64,0,3,0,0,0,0,19,0,23,80,0,3,1,1,31,0,47,162,220,108,218,18,220,62,220,209,221,179,218,215,218,177,219,3,6,2,103,2,9,1,1,0,128,0,0,0,0,6,0,0,0,97,161,122,49,130,2,39,130,64,0,0,0,0,4,200,86,49,214,19,165,8,0,8,3,0,128,188,141,157,223,8,223,24,223,0,223,0,223,180,223,185,223,190,223,0,223,157,223,2,141,216,0,165,26,140,252,141,211
2026-08-17_14-08-30,1,951,10,0.0,0,1300.0,-1,-1,157,88,0,7,192,0,5,223,0,0,6,0,0,18,18,0,0,36,64,0,3,0,0,0,0,19,0,23,80,0,3,1,1,31,0,47,162,220,108,218,18,220,62,220,209,221,179,218,215,218,177,219,3,6,2,103,2,9,1,1,0,128,0,0,0,0,6,0,0,0,97,161,122,49,130,2,39,130,64,0,0,0,0,4,200,86,49,214,19,165,8,0,8,3,0,128,188,141,157,223,8,223,24,223,0,223,0,223,180,223,185,223,190,223,0,223,157,223,2,141,216,0,165,26,140,252,141,211,161,137,0,7,192,0,5,223,0,0,2,0,0,18,18,0,0,36,64,0,3,0,0,0,0,19,0,23,73,0,3,1,1,31,0,47,162,220,108,218,18,220,62,220,209,221,179,218,215,218,177,219,3,6,2,103,3,9,3,1,0,128,0,0,0,0,6,0,0,0,97,161,122,49,130,1,39,130,64,0,0,0,0,4,200,86,49,214,35,165,8,0,8,3,0,128,188,141,157,223,8,223,24,223,0,223,0,223,180,223,185,223,190,223,0,223,157,223,2,141,216,0,165,26,140,252,141,211
2026-08-17_14-08-30,1,952,0,0.0,0,1300.0,-1,-1,161,137,0,7,192,0,5,223,0,0,2,0,0,18,18,0,0,36,64,0,3,0,0,0,0,19,0,23,73,0,3,1,1,31,0,47,162,220,108,218,18,220,62,220,209,221,179,218,215,218,177,219,3,6,2,103,3,9,3,1,0,128,0,0,0,0,6,0,0,0,97,161,122,49,130,1,39,130,64,0,0,0,0,4,200,86,49,214,35,165,8,0,8,3,0,128,188,141,157,223,8,223,24,223,0,223,0,223,180,223,185,223,190,223,0,223,157,223,2,141,216,0,165,26,140,252,141,211,165,156,0,7,192,0,5,223,0,0,0,0,0,18,18,0,0,36,64,0,3,0,0,0,0,19,0,23,72,0,3,1,1,31,0,47,72,218,108,218,62,220,62,220,209,221,179,218,215,218,177,219,3,255,2,103,0,9,5,0,0,128,0,0,0,0,6,0,0,0,97,161,122,49,130,1,39,8,64,0,0,0,0,4,200,86,49,214,35,165,8,0,8,5,0,128,188,141,157,223,8,223,24,223,0,223,0,223,180,223,185,223,190,223,0,223,157,223,2,141,216,0,165,26,140,252,141,211
2026-08-17_14-08-30,1,953,0,0.0,0,1300.0,-1,-1,165,156,0,7,192,0,5,223,0,0,0,0,0,18,18,0,0,36,64,0,3,0,0,0,0,19,0,23,72,0,3,1,1,31,0,47,72,218,108,218,62,220,62,220,209,221,179,218,215,218,177,219,3,255,2,103,0,9,5,0,0,128,0,0,0,0,6,0,0,0,97,161,122,49,130,1,39,8,64,0,0,0,0,4,200,86,49,214,35,165,8,0,8,5,0,128,188,141,157,223,8,223,24,223,0,223,0,223,180,223,185,223,190,223,0,223,157,223,2,141,216,0,165,26,140,252,141,211,169,199,0,7,192,0,5,223,0,0,9,0,0,18,18,0,0,36,64,0,3,0,0,0,0,19,0,23,71,0,3,1,1,31,0,47,162,220,108,218,18,220,62,220,209,221,179,218,215,218,177,219,3,6,2,103,0,9,1,0,0,128,0,0,0,0,6,0,0,0,97,161,122,49,130,1,39,128,64,0,0,0,0,4,200,86,49,214,35,165,8,0,8,3,0,128,188,141,157,223,8,223,24,223,0,223,0,223,180,223,185,223,190,223,0,223,157,223,2,141,216,0,165,26,140,252,141,211
2026-08-17_14-08-30,1,954,10,0.0,0,1300.0,-1,-1,169,199,0,7,192,0,5,223,0,0,9,0,0,18,18,0,0,36,64,0,3,0,0,0,0,19,0,23,71,0,3,1,1,31,0,47,162,220,108,218,18,220,62,220,209,221,179,218,215,218,177,219,3,6,2,103,0,9,1,0,0,128,0,0,0,0,6,0,0,0,97,161,122,49,130,1,39,128,64,0,0,0,0,4,200,86,49,214,35,165,8,0,8,3,0,128,188,141,157,223,8,223,24,223,0,223,0,223,180,223,185,223,190,223,0,223,157,223,2,141,216,0,165,26,140,252,141,211,173,127,0,7,192,0,5,223,0,0,5,0,0,18,18,0,0,36,64,0,3,0,0,0,0,19,0,23,70,0,3,1,1,31,0,47,162,220,108,218,18,220,62,220,209,221,179,218,215,218,177,219,3,6,2,103,1,9,3,0,0,128,0,0,0,0,6,0,0,0,97,161,122,49,130,1,39,128,64,0,0,0,0,4,200,86,49,214,35,165,8,0,8,3,0,128,188,141,157,223,8,223,24,223,0,223,0,223,180,223,185,223,190,223,0,223,157,223,2,141,216,0,165,26,140,252,141,211
2026-08-17_14-08-30,1,955,10,0.0,0,1300.0,-1,-1,173,127,0,7,192,0,5,223,0,0,5,0,0,18,18,0,0,36,64,0,3,0,0,0,0,19,0,23,70,0,3,1,1,31,0,47,162,220,108,218,18,220,62,220,209,221,179,218,215,218,177,219,3,6,2,103,1,9,3,0,0,128,0,0,0,0,6,0,0,0,97,161,122,49,130,1,39,128,64,0,0,0,0,4,200,86,49,214,35,165,8,0,8,3,0,128,188,141,157,223,8,223,24,223,0,223,0,223,180,223,185,223,190,223,0,223,157,223,2,141,216,0,165,26,140,252,141,211,177,248,0,7,192,0,5,223,0,0,1,0,0,18,18,0,0,36,64,0,3,0,0,0,0,19,0,23,69,0,3,1,1,31,1,47,162,220,108,218,18,220,62,220,209,221,179,218,215,218,177,219,3,6,2,103,27,9,255,0,0,128,38,0,9,0,6,0,0,0,97,161,122,49,130,0,39,128,64,0,0,0,0,4,200,86,49,214,51,165,8,0,8,3,0,128,188,141,157,223,8,223,24,223,0,223,0,223,180,223,185,223,190,223,0,223,157,223,2,141,216,0,165,26,140,252,141,211
2026-08-17_14-08-30,1,956,10,0.0,0,1300.0,-1,-1,177,248,0,7,192,0,5,223,0,0,1,0,0,18,18,0,0,36,64,0,3,0,0,0,0,19,0,23,69,0,3,1,1,31,1,47,162,220,108,218,18,220,62,220,209,221,179,218,215,218,177,219,3,6,2,103,27,9,255,0,0,128,38,0,9,0,6,0,0,0,97,161,122,49,130,0,39,128,64,0,0,0,0,4,200,86,49,214,51,165,8,0,8,3,0,128,188,141,157,223,8,223,24,223,0,223,0,223,180,223,185,223,190,223,0,223,157,223,2,141,216,0,165,26,140,252,141,211,181,131,0,7,192,0,5,223,0,0,1,0,0,18,18,0,0,36,64,0,3,0,0,0,0,19,0,23,69,0,3,1,1,31,1,47,162,220,108,218,18,220,62,220,209,221,179,218,215,218,177,219,3,6,2,103,27,9,255,0,0,128,34,0,9,0,6,0,0,0,97,161,122,49,130,0,39,128,64,0,0,0,0,4,200,86,49,214,51,165,8,0,8,3,0,128,188,141,157,223,8,223,24,223,0,223,0,223,180,223,185,223,190,223,0,223,157,223,2,141,216,0,165,26,140,252,141,211
2026-08-17_14-08-30,1,957,10,0.0,0,1300.0,-1,-1,181,131,0,7,192,0,5,223,0,0,1,0,0,18,18,0,0,36,64,0,3,0,0,0,0,19,0,23,69,0,3,1,1,31,1,47,162,220,108,218,18,220,62,220,209,221,179,218,215,218,177,219,3,6,2,103,27,9,255,0,0,128,34,0,9,0,6,0,0,0,97,161,122,49,130,0,39,128,64,0,0,0,0,4,200,86,49,214,51,165,8,0,8,3,0,128,188,141,157,223,8,223,24,223,0,223,0,223,180,223,185,223,190,223,0,223,157,223,2,141,216,0,165,26,140,252,141,211,185,57,0,7,192,0,5,223,0,0,1,0,0,18,18,0,0,36,64,0,3,0,0,0,0,19,0,23,69,0,3,1,1,31,1,47,162,220,108,218,18,220,62,220,209,221,179,218,215,218,177,219,3,6,2,103,27,9,255,0,0,128,30,0,9,0,6,0,0,0,97,161,122,49,130,0,39,128,64,0,0,0,0,4,200,86,49,214,51,165,8,0,8,3,0,128,188,141,157,223,8,223,24,223,0,223,0,223,180,223,185,223,190,223,0,223,157,223,2,141,216,0,165,26,140,252,141,211
2026-08-17_14-08-30,1,958,10,0.0,0,1300.0,-1,-1,185,57,0,7,192,0,5,223,0,0,1,0,0,18,18,0,0,36,64,0,3,0,0,0,0,19,0,23,69,0,3,1,1,31,1,47,162,220,108,218,18,220,62,220,209,221,179,218,215,218,177,219,3,6,2,103,27,9,255,0,0,128,30,0,9,0,6,0,0,0,97,161,122,49,130,0,39,128,64,0,0,0,0,4,200,86,49,214,51,165,8,0,8,3,0,128,188,141,157,223,8,223,24,223,0,223,0,223,180,223,185,223,190,223,0,223,157,223,2,141,216,0,165,26,140,252,141,211,189,159,0,7,192,0,5,223,0,0,1,0,0,18,18,0,0,36,64,0,3,0,0,0,0,19,0,23,69,0,3,1,1,31,1,47,162,220,108,218,18,220,62,220,209,221,179,218,215,218,177,219,3,6,2,103,27,9,255,0,0,128,26,0,9,0,6,0,0,0,97,161,122,49,130,0,39,128,64,0,0,0,0,4,200,86,49,214,51,165,8,0,8,3,0,128,188,141,157,223,8,223,24,223,0,223,0,223,180,223,185,223,190,223,0,223,157,223,2,141,216,0,165,26,140,252,141,211
2026-08-17_14-08-30,1,959,10,0.0,0,1300.0,-1,-1,189,159,0,7,192,0,5,223,0,0,1,0,0,18,18,0,0,36,64,0,3,0,0,0,0,19,0,23,69,0,3,1,1,31,1,47,162,220,108,218,18,220,62,220,209,221,179,218,215,218,177,219,3,6,2,103,27,9,255,0,0,128,26,0,9,0,6,0,0,0,97,161,122,49,130,0,39,128,64,0,0,0,0,4,200,86,49,214,51,165,8,0,8,3,0,128,188,141,157,223,8,223,24,223,0,223,0,223,180,223,185,223,190,223,0,223,157,223,2,141,216,0,165,26,140,252,141,211,193,246,0,7,192,0,5,223,0,0,1,0,0,18,18,0,0,36,64,0,3,0,0,0,0,19,0,23,69,0,3,1,1,31,1,47,162,220,108,218,18,220,62,220,209,221,179,218,215,218,177,219,3,6,2,103,27,9,255,0,0,128,22,0,9,0,6,0,0,0,97,161,122,49,130,0,39,128,64,0,0,0,0,4,200,86,49,214,51,165,8,0,8,3,0,128,188,141,157,223,8,223,24,223,0,223,0,223,180,223,185,223,190,223,0,223,157,223,2,141,216,0,165,26,140,252,141,211
2026-08-17_14-08-30,1,960,0,0.0,0,1300.0,-1,-1,193,246,0,7,192,0,5,223,0,0,1,0,0,18,18,0,0,36,64,0,3,0,0,0,0,19,0,23,69,0,3,1,1,31,1,47,162,220,108,218,18,220,62,220,209,221,179,218,215,218,177,219,3,6,2,103,27,9,255,0,0,128,22,0,9,0,6,0,0,0,97,161,122,49,130,0,39,128,64,0,0,0,0,4,200,86,49,214,51,165,8,0,8,3,0,128,188,141,157,223,8,223,24,223,0,223,0,223,180,223,185,223,190,223,0,223,157,223,2,141,216,0,165,26,140,252,141,211,197,100,0,7,192,0,5,223,0,0,1,0,0,18,18,0,0,36,64,0,3,0,0,0,0,19,0,23,69,0,3,1,1,31,1,47,162,220,108,218,18,220,62,220,209,221,179,218,215,218,177,219,3,6,2,103,27,9,255,0,0,128,18,0,9,0,6,0,0,0,97,161,122,49,130,0,39,128,64,0,0,0,0,4,200,86,49,214,51,165,8,0,8,3,0,128,188,141,157,223,8,223,24,223,0,223,0,223,180,223,185,223,190,223,0,223,157,223,2,141,216,0,165,26,140,252,141,211
2026-08-17_14-08-30,1,961,10,0.0,0,1300.0,-1,-1,197,100,0,7,192,0,5,223,0,0,1,0,0,18,18,0,0,36,64,0,3,0,0,0,0,19,0,23,69,0,3,1,1,31,1,47,162,220,108,218,18,220,62,220,209,221,179,218,215,218,177,219,3,6,2,103,27,9,255,0,0,128,18,0,9,0,6,0,0,0,97,161,122,49,130,0,39,128,64,0,0,0,0,4,200,86,49,214,51,165,8,0,8,3,0,128,188,141,157,223,8,223,24,223,0,223,0,223,180,223,185,223,190,223,0,223,157,223,2,141,216,0,165,26,140,252,141,211,201,68,0,7,192,0,5,223,0,0,1,0,0,18,18,0,0,36,64,0,3,0,0,0,0,19,0,23,69,0,3,1,1,31,1,47,162,220,108,218,18,220,62,220,209,221,179,218,215,218,177,219,3,6,2,103,27,9,255,0,0,128,14,0,9,0,6,0,0,0,97,161,122,49,130,0,39,128,64,0,0,0,0,4,200,86,49,214,51,165,8,0,8,3,0,128,188,141,157,223,8,223,24,223,0,223,0,223,180,223,185,223,190,223,0,223,157,223,2,141,216,0,165,26,140,252,141,211
2026-08-17_14-08-30,1,962,10,0.0,0,1300.0,-1,-1,201,68,0,7,192,0,5,223,0,0,1,0,0,18,18,0,0,36,64,0,3,0,0,0,0,19,0,23,69,0,3,1,1,31,1,47,162,220,108,218,18,220,62,220,209,221,179,218,215,218,177,219,3,6,2,103,27,9,255,0,0,128,14,0,9,0,6,0,0,0,97,161,122,49,130,0,39,128,64,0,0,0,0,4,200,86,49,214,51,165,8,0,8,3,0,128,188,141,157,223,8,223,24,223,0,223,0,223,180,223,185,223,190,223,0,223,157,223,2,141,216,0,165,26,140,252,141,211,205,70,0,7,192,0,5,223,0,0,1,0,0,18,18,0,0,36,64,0,3,0,0,0,0,19,0,23,69,0,3,1,1,31,1,47,162,220,108,218,18,220,62,220,209,221,179,218,215,218,177,219,3,6,2,103,27,9,255,0,0,128,10,0,9,0,6,0,0,0,97,161,122,49,130,0,39,128,64,0,0,0,0,4,200,86,49,214,51,165,8,0,8,3,0,128,188,141,157,223,8,223,24,223,0,223,0,223,180,223,185,223,190,223,0,223,157,223,2,141,216,0,165,26,140,252,141,211
2026-08-17_14-08-30,1,963,10,0.0,0,1300.0,-1,-1,205,70,0,7,192,0,5,223,0,0,1,0,0,18,18,0,0,36,64,0,3,0,0,0,0,19,0,23,69,0,3,1,1,31,1,47,162,220,108,218,18,220,62,220,209,221,179,218,215,218,177,219,3,6,2,103,27,9,255,0,0,128,10,0,9,0,6,0,0,0,97,161,122,49,130,0,39,128,64,0,0,0,0,4,200,86,49,214,51,165,8,0,8,3,0,128,188,141,157,223,8,223,24,223,0,223,0,223,180,223,185,223,190,223,0,223,157,223,2,141,216,0,165,26,140,252,141,211,209,103,0,7,192,0,5,223,0,0,1,0,0,18,18,0,0,36,64,0,3,0,0,0,0,19,0,23,69,0,3,1,1,31,1,47,162,220,108,218,18,220,62,220,209,221,179,218,215,218,177,219,3,6,2,103,27,9,255,0,0,128,6,0,9,0,6,0,0,0,97,161,122,49,130,0,39,128,64,0,0,0,0,4,200,86,49,214,51,165,8,0,8,3,0,128,188,141,157,223,8,223,24,223,0,223,0,223,180,223,185,223,190,223,0,223,157,223,2,141,216,0,165,26,140,252,141,211
2026-08-17_14-08-30,1,964,0,0.0,0,1300.0,-1,-1,209,103,0,7,192,0,5,223,0,0,1,0,0,18,18,0,0,36,64,0,3,0,0,0,0,19,0,23,69,0,3,1,1,31,1,47,162,220,108,218,18,220,62,220,209,221,179,218,215,218,177,219,3,6,2,103,27,9,255,0,0,128,6,0,9,0,6,0,0,0,97,161,122,49,130,0,39,128,64,0,0,0,0,4,200,86,49,214,51,165,8,0,8,3,0,128,188,141,157,223,8,223,24,223,0,223,0,223,180,223,185,223,190,223,0,223,157,223,2,141,216,0,165,26,140,252,141,211,213,117,0,7,192,0,5,223,0,0,1,0,0,18,18,0,0,36,64,0,3,0,0,0,0,19,0,23,69,0,3,1,1,31,1,47,162,220,108,218,18,220,62,220,209,221,179,218,215,218,177,219,3,6,2,103,27,9,255,0,0,128,2,0,9,0,6,0,0,0,97,161,122,49,130,0,39,128,64,0,0,0,0,4,200,86,49,214,51,165,8,0,8,3,0,128,188,141,157,223,8,223,24,223,0,223,0,223,180,223,185,223,190,223,0,223,157,223,2,141,216,0,165,26,140,252,141,211
2026-08-17_14-08-30,1,965,1,0.0,0,1300.0,-1,-1,213,117,0,7,192,0,5,223,0,0,1,0,0,18,18,0,0,36,64,0,3,0,0,0,0,19,0,23,69,0,3,1,1,31,1,47,162,220,108,218,18,220,62,220,209,221,179,218,215,218,177,219,3,6,2,103,27,9,255,0,0,128,2,0,9,0,6,0,0,0,97,161,122,49,130,0,39,128,64,0,0,0,0,4,200,86,49,214,51,165,8,0,8,3,0,128,188,141,157,223,8,223,24,223,0,223,0,223,180,223,185,223,190,223,0,223,157,223,2,141,216,0,165,26,140,252,141,211,217,93,0,7,192,0,5,223,0,0,1,0,0,18,18,0,0,36,64,0,3,0,0,0,0,19,0,23,69,255,3,1,1,31,1,47,162,220,108,218,18,220,62,220,209,221,179,218,215,218,177,219,3,6,2,103,27,9,254,0,0,128,0,0,0,0,6,0,0,0,97,161,122,49,130,0,39,128,64,255,0,0,0,4,200,86,49,214,51,165,8,0,8,3,0,128,188,141,157,223,8,223,24,223,0,223,0,223,180,223,185,223,190,223,0,223,157,223,2,141,216,0,165,26,140,252,141,211
2026-08-17_14-08-30,1,966,1,0.0,0,1300.0,-1,-1,217,93,0,7,192,0,5,223,0,0,1,0,0,18,18,0,0,36,64,0,3,0,0,0,0,19,0,23,69,255,3,1,1,31,1,47,162,220,108,218,18,220,62,220,209,221,179,218,215,218,177,219,3,6,2,103,27,9,254,0,0,128,0,0,0,0,6,0,0,0,97,161,122,49,130,0,39,128,64,255,0,0,0,4,200,86,49,214,51,165,8,0,8,3,0,128,188,141,157,223,8,223,24,223,0,223,0,223,180,223,185,223,190,223,0,223,157,223,2,141,216,0,165,26,140,252,141,211,221,219,0,7,192,0,5,223,0,0,1,0,0,18,18,0,0,36,64,0,3,0,0,0,0,19,0,23,69,255,3,1,1,31,1,47,162,220,108,218,18,220,62,220,209,221,179,218,215,218,177,219,3,6,2,103,27,9,254,0,0,128,0,0,0,0,6,0,0,0,97,161,122,49,130,0,39,128,64,255,0,0,0,4,200,86,49,214,51,165,8,0,8,3,0,128,188,141,157,223,8,223,24,223,0,223,0,223,180,223,185,223,190,223,0,223,157,223,2,141,216,0,165,26,140,252,141,211
2026-08-17_14-08-30,1,967,1,0.0,0,1300.0,-1,-1,221,219,0,7,192,0,5,223,0,0,1,0,0,18,18,0,0,36,64,0,3,0,0,0,0,19,0,23,69,255,3,1,1,31,1,47,162,220,108,218,18,220,62,220,209,221,179,218,215,218,177,219,3,6,2,103,27,9,254,0,0,128,0,0,0,0,6,0,0,0,97,161,122,49,130,0,39,128,64,255,0,0,0,4,200,86,49,214,51,165,8,0,8,3,0,128,188,141,157,223,8,223,24,223,0,223,0,223,180,223,185,223,190,223,0,223,157,223,2,141,216,0,165,26,140,252,141,211,225,176,0,7,192,0,5,223,0,0,1,0,0,18,18,0,0,36,64,0,3,0,0,0,0,19,0,23,69,255,3,1,1,31,1,47,162,220,108,218,18,220,62,220,209,221,179,218,215,218,177,219,3,6,2,103,27,9,254,0,0,128,0,0,0,0,6,0,0,0,97,161,122,49,130,0,39,128,64,255,0,0,0,4,200,86,49,214,51,165,8,0,8,3,0,128,188,141,157,223,8,223,24,223,0,223,0,223,180,223,185,223,190,223,0,223,157,223,2,141,216,0,165,26,140,252,141,211
2026-08-17_14-08-30,1,968,1,0.0,0,1300.0,-1,-1,225,176,0,7,192,0,5,223,0,0,1,0,0,18,18,0,0,36,64,0,3,0,0,0,0,19,0,23,69,255,3,1,1,31,1,47,162,220,108,218,18,220,62,220,209,221,179,218,215,218,177,219,3,6,2,103,27,9,254,0,0,128,0,0,0,0,6,0,0,0,97,161,122,49,130,0,39,128,64,255,0,0,0,4,200,86,49,214,51,165,8,0,8,3,0,128,188,141,157,223,8,223,24,223,0,223,0,223,180,223,185,223,190,223,0,223,157,223,2,141,216,0,165,26,140,252,141,211,229,3,0,7,192,0,5,223,0,0,1,0,0,18,18,0,0,36,64,0,3,0,0,0,0,19,0,23,69,255,3,1,1,31,1,47,162,220,108,218,18,220,62,220,209,221,179,218,215,218,177,219,3,6,2,103,27,9,254,0,0,128,0,0,0,0,6,0,0,0,97,161,122,49,130,0,39,128,64,255,0,0,0,4,200,86,49,214,51,165,8,0,8,3,0,128,188,141,157,223,8,223,24,223,0,223,0,223,180,223,185,223,190,223,0,223,157,223,2,141,216,0,165,26,140,252,141,211
2026-08-17_14-08-30,1,969,0,0.0,0,1300.0,-1,-1,229,3,0,7,192,0,5,223,0,0,1,0,0,18,18,0,0,36,64,0,3,0,0,0,0,19,0,23,69,255,3,1,1,31,1,47,162,220,108,218,18,220,62,220,209,221,179,218,215,218,177,219,3,6,2,103,27,9,254,0,0,128,0,0,0,0,6,0,0,0,97,161,122,49,130,0,39,128,64,255,0,0,0,4,200,86,49,214,51,165,8,0,8,3,0,128,188,141,157,223,8,223,24,223,0,223,0,223,180,223,185,223,190,223,0,223,157,223,2,141,216,0,165,26,140,252,141,211,233,49,0,7,192,0,5,223,0,0,1,0,0,18,18,0,0,36,64,0,3,0,0,0,0,19,0,23,69,255,3,1,1,31,1,47,162,220,108,218,18,220,62,220,209,221,179,218,215,218,177,219,3,6,2,103,27,9,254,0,0,128,0,0,0,0,6,0,0,0,97,161,122,49,130,0,39,128,64,255,0,0,0,4,200,86,49,214,51,165,8,0,8,3,0,128,188,141,157,223,8,223,24,223,0,223,0,223,180,223,185,223,190,223,0,223,157,223,2,141,216,0,165,26,140,252,141,211
2026-08-17_14-08-30,1,970,0,0.0,0,1300.0,-1,-1,233,49,0,7,192,0,5,223,0,0,1,0,0,18,18,0,0,36,64,0,3,0,0,0,0,19,0,23,69,255,3,1,1,31,1,47,162,220,108,218,18,220,62,220,209,221,179,218,215,218,177,219,3,6,2,103,27,9,254,0,0,128,0,0,0,0,6,0,0,0,97,161,122,49,130,0,39,128,64,255,0,0,0,4,200,86,49,214,51,165,8,0,8,3,0,128,188,141,157,223,8,223,24,223,0,223,0,223,180,223,185,223,190,223,0,223,157,223,2,141,216,0,165,26,140,252,141,211,237,27,0,7,192,0,5,223,0,0,1,0,0,18,18,0,0,36,64,0,3,0,0,0,0,19,0,23,69,255,3,1,1,31,1,47,162,220,108,218,18,220,62,220,209,221,179,218,215,218,177,219,3,6,2,103,27,9,254,0,0,128,0,0,0,0,6,0,0,0,97,161,122,49,130,0,39,128,64,255,0,0,0,4,200,86,49,214,51,165,8,0,8,3,0,128,188,141,157,223,8,223,24,223,0,223,0,223,180,223,185,223,190,223,0,223,157,223,2,141,216,0,165,26,140,252,141,211
2026-08-17_14-08-30,1,971,0,0.0,0,1300.0,-1,-1,237,27,0,7,192,0,5,223,0,0,1,0,0,18,18,0,0,36,64,0,3,0,0,0,0,19,0,23,69,255,3,1,1,31,1,47,162,220,108,218,18,220,62,220,209,221,179,218,215,218,177,219,3,6,2,103,27,9,254,0,0,128,0,0,0,0,6,0,0,0,97,161,122,49,130,0,39,128,64,255,0,0,0,4,200,86,49,214,51,165,8,0,8,3,0,128,188,141,157,223,8,223,24,223,0,223,0,223,180,223,185,223,190,223,0,223,157,223,2,141,216,0,165,26,140,252,141,211,241,188,0,7,192,0,5,223,0,0,1,0,0,18,18,0,0,36,64,0,3,0,0,0,0,19,0,23,69,255,3,1,1,31,1,47,162,220,108,218,18,220,62,220,209,221,179,218,215,218,177,219,3,6,2,103,27,9,254,0,0,128,0,0,0,0,6,0,0,0,97,161,122,49,130,0,39,128,64,255,0,0,0,4,200,86,49,214,51,165,8,0,8,3,0,128,188,141,157,223,8,223,24,223,0,223,0,223,180,223,185,223,190,223,0,223,157,223,2,141,216,0,165,26,140,252,141,211
2026-08-17_14-08-30,1,972,0,0.0,0,1300.0,-1,-1,241,188,0,7,192,0,5,223,0,0,1,0,0,18,18,0,0,36,64,0,3,0,0,0,0,19,0,23,69,255,3,1,1,31,1,47,162,220,108,218,18,220,62,220,209,221,179,218,215,218,177,219,3,6,2,103,27,9,254,0,0,128,0,0,0,0,6,0,0,0,97,161,122,49,130,0,39,128,64,255,0,0,0,4,200,86,49,214,51,165,8,0,8,3,0,128,188,141,157,223,8,223,24,223,0,223,0,223,180,223,185,223,190,223,0,223,157,223,2,141,216,0,165,26,140,252,141,211,245,197,0,7,192,0,5,223,0,0,1,0,0,18,18,0,0,36,64,0,3,0,0,0,0,19,0,23,69,255,3,1,1,31,1,47,162,220,108,218,18,220,62,220,209,221,179,218,215,218,177,219,3,6,2,103,27,9,254,0,0,128,0,0,0,0,6,0,0,0,97,161,122,49,130,0,39,128,64,255,0,0,0,4,200,86,49,214,51,165,8,0,8,3,0,128,188,141,157,223,8,223,24,223,0,223,0,223,180,223,185,223,190,223,0,223,157,223,2,141,216,0,165,26,140,252,141,211
2026-08-17_14-08-30,1,973,0,0.0,0,1300.0,-1,-1,245,197,0,7,192,0,5,223,0,0,1,0,0,18,18,0,0,36,64,0,3,0,0,0,0,19,0,23,69,255,3,1,1,31,1,47,162,220,108,218,18,220,62,220,209,221,179,218,215,218,177,219,3,6,2,103,27,9,254,0,0,128,0,0,0,0,6,0,0,0,97,161,122,49,130,0,39,128,64,255,0,0,0,4,200,86,49,214,51,165,8,0,8,3,0,128,188,141,157,223,8,223,24,223,0,223,0,223,180,223,185,223,190,223,0,223,157,223,2,141,216,0,165,26,140,252,141,211,249,94,0,7,192,0,5,223,0,0,1,0,0,18,18,0,0,36,64,0,3,0,0,0,0,19,0,23,69,255,3,1,1,31,1,47,162,220,108,218,18,220,62,220,209,221,179,218,215,218,177,219,3,6,2,103,27,9,254,0,0,128,0,0,0,0,6,0,0,0,97,161,122,49,130,0,39,128,64,255,0,0,0,4,200,86,49,214,51,165,8,0,8,3,0,128,188,141,157,223,8,223,24,223,0,223,0,223,180,223,185,223,190,223,0,223,157,223,2,141,216,0,165,26,140,252,141,211
2026-08-17_14-08-30,1,974,0,0.0,0,1300.0,-1,-1,249,94,0,7,192,0,5,223,0,0,1,0,0,18,18,0,0,36,64,0,3,0,0,0,0,19,0,23,69,255,3,1,1,31,1,47,162,220,108,218,18,220,62,220,209,221,179,218,215,218,177,219,3,6,2,103,27,9,254,0,0,128,0,0,0,0,6,0,0,0,97,161,122,49,130,0,39,128,64,255,0,0,0,4,200,86,49,214,51,165,8,0,8,3,0,128,188,141,157,223,8,223,24,223,0,223,0,223,180,223,185,223,190,223,0,223,157,223,2,141,216,0,165,26,140,252,141,211,253,234,0,7,192,0,5,223,0,0,1,0,0,18,18,0,0,36,64,0,3,0,0,0,0,19,0,23,69,255,3,1,1,31,1,47,162,220,108,218,18,220,62,220,209,221,179,218,215,218,177,219,3,6,2,103,27,9,254,0,0,128,0,0,0,0,6,0,0,0,97,161,122,49,130,0,39,128,64,255,0,0,0,4,200,86,49,214,51,165,8,0,8,3,0,128,188,141,157,223,8,223,24,223,0,223,0,223,180,223,185,223,190,223,0,223,157,223,2,141,216,0,165,26,140,252,141,211
2026-08-17_14-08-30,1,975,0,0.0,0,1300.0,-1,-1,253,234,0,7,192,0,5,223,0,0,1,0,0,18,18,0,0,36,64,0,3,0,0,0,0,19,0,23,69,255,3,1,1,31,1,47,162,220,108,218,18,220,62,220,209,221,179,218,215,218,177,219,3,6,2,103,27,9,254,0,0,128,0,0,0,0,6,0,0,0,97,161,122,49,130,0,39,128,64,255,0,0,0,4,200,86,49,214,51,165,8,0,8,3,0,128,188,141,157,223,8,223,24,223,0,223,0,223,180,223,185,223,190,223,0,223,157,223,2,141,216,0,165,26,140,252,141,211,1,171,1,0,192,0,5,223,0,0,1,0,0,18,18,0,0,36,64,0,3,0,0,0,0,19,0,23,69,255,3,1,1,31,1,47,162,220,108,218,18,220,62,220,209,221,179,218,215,218,177,219,3,6,2,103,27,9,254,0,0,128,0,0,0,0,6,0,0,0,97,161,122,49,130,0,39,128,64,255,0,0,0,4,200,86,49,214,51,165,8,0,8,3,0,128,188,141,157,223,8,223,24,223,0,223,0,223,180,223,185,223,190,223,0,223,157,223,2,141,216,0,165,26,140,252,141,211
2026-08-17_14-08-30,1,976,0,0.0,0,1300.0,-1,-1,1,171,1,0,192,0,5,223,0,0,1,0,0,18,18,0,0,36,64,0,3,0,0,0,0,19,0,23,69,255,3,1,1,31,1,47,162,220,108,218,18,220,62,220,209,221,179,218,215,218,177,219,3,6,2,103,27,9,254,0,0,128,0,0,0,0,6,0,0,0,97,161,122,49,130,0,39,128,64,255,0,0,0,4,200,86,49,214,51,165,8,0,8,3,0,128,188,141,157,223,8,223,24,223,0,223,0,223,180,223,185,223,190,223,0,223,157,223,2,141,216,0,165,26,140,252,141,211,5,191,1,0,192,0,5,223,0,0,1,0,0,18,18,0,0,36,64,0,3,0,0,0,0,19,0,23,69,255,3,1,1,31,1,47,162,220,108,218,18,220,62,220,209,221,179,218,215,218,177,219,3,6,2,103,27,9,254,0,0,128,0,0,0,0,6,0,0,0,97,161,122,49,130,0,39,128,64,255,0,0,0,4,200,86,49,214,51,165,8,0,8,3,0,128,188,141,157,223,8,223,24,223,0,223,0,223,180,223,185,223,190,223,0,223,157,223,2,141,216,0,165,26,140,252,141,211
2026-08-17_14-08-30,1,977,0,0.0,0,1300.0,-1,-1,5,191,1,0,192,0,5,223,0,0,1,0,0,18,18,0,0,36,64,0,3,0,0,0,0,19,0,23,69,255,3,1,1,31,1,47,162,220,108,218,18,220,62,220,209,221,179,218,215,218,177,219,3,6,2,103,27,9,254,0,0,128,0,0,0,0,6,0,0,0,97,161,122,49,130,0,39,128,64,255,0,0,0,4,200,86,49,214,51,165,8,0,8,3,0,128,188,141,157,223,8,223,24,223,0,223,0,223,180,223,185,223,190,223,0,223,157,223,2,141,216,0,165,26,140,252,141,211,9,244,1,0,192,0,5,223,0,0,1,0,0,18,18,0,0,36,64,0,3,0,0,0,0,19,0,23,69,255,3,1,1,31,1,47,162,220,108,218,18,220,62,220,209,221,179,218,215,218,177,219,3,6,2,103,27,9,254,0,0,128,0,0,0,0,6,0,0,0,97,161,122,49,130,0,39,128,64,255,0,0,0,4,200,86,49,214,51,165,8,0,8,3,0,128,188,141,157,223,8,223,24,223,0,223,0,223,180,223,185,223,190,223,0,223,157,223,2,141,216,0,165,26,140,252,141,211
2026-08-17_14-08-30,1,978,0,0.0,0,1300.0,-1,-1,9,244,1,0,192,0,5,223,0,0,1,0,0,18,18,0,0,36,64,0,3,0,0,0,0,19,0,23,69,255,3,1,1,31,1,47,162,220,108,218,18,220,62,220,209,221,179,218,215,218,177,219,3,6,2,103,27,9,254,0,0,128,0,0,0,0,6,0,0,0,97,161,122,49,130,0,39,128,64,255,0,0,0,4,200,86,49,214,51,165,8,0,8,3,0,128,188,141,157,223,8,223,24,223,0,223,0,223,180,223,185,223,190,223,0,223,157,223,2,141,216,0,165,26,140,252,141,211,13,69,1,0,192,0,5,223,0,0,1,0,0,18,18,0,0,36,64,0,3,0,0,0,0,19,0,23,69,255,3,1,1,31,1,47,162,220,108,218,18,220,62,220,209,221,179,218,215,218,177,219,3,6,2,103,27,9,254,0,0,128,0,0,0,0,6,0,0,0,97,161,122,49,130,0,39,128,64,255,0,0,0,4,200,86,49,214,51,165,8,0,8,3,0,128,188,141,157,223,8,223,24,223,0,223,0,223,180,223,185,223,190,223,0,223,157,223,2,141,216,0,165,26,140,252,141,211
2026-08-17_14-08-30,1,979,0,0.0,0,1300.0,-1,-1,13,69,1,0,192,0,5,223,0,0,1,0,0,18,18,0,0,36,64,0,3,0,0,0,0,19,0,23,69,255,3,1,1,31,1,47,162,220,108,218,18,220,62,220,209,221,179,218,215,218,177,219,3,6,2,103,27,9,254,0,0,128,0,0,0,0,6,0,0,0,97,161,122,49,130,0,39,128,64,255,0,0,0,4,200,86,49,214,51,165,8,0,8,3,0,128,188,141,157,223,8,223,24,223,0,223,0,223,180,223,185,223,190,223,0,223,157,223,2,141,216,0,165,26,140,252,141,211,17,86,1,0,192,0,5,223,0,0,1,0,0,18,18,0,0,36,64,0,3,0,0,0,0,19,0,23,69,255,3,1,1,31,1,47,162,220,108,218,18,220,62,220,209,221,179,218,215,218,177,219,3,6,2,103,27,9,254,0,0,128,0,0,0,0,6,0,0,0,97,161,122,49,130,0,39,128,64,255,0,0,0,4,200,86,49,214,51,165,8,0,8,3,0,128,188,141,157,223,8,223,24,223,0,223,0,223,180,223,185,223,190,223,0,223,157,223,2,141,216,0,165,26,140,252,141,211
2026-08-17_14-08-30,1,980,0,0.0,0,1300.0,-1,-1,17,86,1,0,192,0,5,223,0,0,1,0,0,18,18,0,0,36,64,0,3,0,0,0,0,19,0,23,69,255,3,1,1,31,1,47,162,220,108,218,18,220,62,220,209,221,179,218,215,218,177,219,3,6,2,103,27,9,254,0,0,128,0,0,0,0,6,0,0,0,97,161,122,49,130,0,39,128,64,255,0,0,0,4,200,86,49,214,51,165,8,0,8,3,0,128,188,141,157,223,8,223,24,223,0,223,0,223,180,223,185,223,190,223,0,223,157,223,2,141,216,0,165,26,140,252,141,211,21,110,1,0,192,0,5,223,0,0,1,0,0,18,18,0,0,36,64,0,3,0,0,0,0,19,0,23,69,255,3,1,1,31,1,47,162,220,108,218,18,220,62,220,209,221,179,218,215,218,177,219,3,6,2,103,27,9,254,0,0,128,0,0,0,0,6,0,0,0,97,161,122,49,130,0,39,128,64,255,0,0,0,4,200,86,49,214,51,165,8,0,8,3,0,128,188,141,157,223,8,223,24,223,0,223,0,223,180,223,185,223,190,223,0,223,157,223,2,141,216,0,165,26,140,252,141,211
2026-08-17_14-08-30,1,981,0,0.0,0,1300.0,-1,-1,21,110,1,0,192,0,5,223,0,0,1,0,0,18,18,0,0,36,64,0,3,0,0,0,0,19,0,23,69,255,3,1,1,31,1,47,162,220,108,218,18,220,62,220,209,221,179,218,215,218,177,219,3,6,2,103,27,9,254,0,0,128,0,0,0,0,6,0,0,0,97,161,122,49,130,0,39,128,64,255,0,0,0,4,200,86,49,214,51,165,8,0,8,3,0,128,188,141,157,223,8,223,24,223,0,223,0,223,180,223,185,223,190,223,0,223,157,223,2,141,216,0,165,26,140,252,141,211,25,225,1,0,192,0,5,223,0,0,1,0,0,18,18,0,0,36,64,0,3,0,0,0,0,19,0,23,69,255,3,1,1,31,1,47,162,220,108,218,18,220,62,220,209,221,179,218,215,218,177,219,3,6,2,103,27,9,254,0,0,128,0,0,0,0,6,0,0,0,97,161,122,49,130,0,39,128,64,255,0,0,0,4,200,86,49,214,51,165,8,0,8,3,0,128,188,141,157,223,8,223,24,223,0,223,0,223,180,223,185,223,190,223,0,223,157,223,2,141,216,0,165,26,140,252,141,211
2026-08-17_14-08-30,1,982,0,0.0,0,1300.0,-1,-1,25,225,1,0,192,0,5,223,0,0,1,0,0,18,18,0,0,36,64,0,3,0,0,0,0,19,0,23,69,255,3,1,1,31,1,47,162,220,108,218,18,220,62,220,209,221,179,218,215,218,177,219,3,6,2,103,27,9,254,0,0,128,0,0,0,0,6,0,0,0,97,161,122,49,130,0,39,128,64,255,0,0,0,4,200,86,49,214,51,165,8,0,8,3,0,128,188,141,157,223,8,223,24,223,0,223,0,223,180,223,185,223,190,223,0,223,157,223,2,141,216,0,165,26,140,252,141,211,29,30,1,0,192,0,5,223,0,0,1,0,0,18,18,0,0,36,64,0,3,0,0,0,0,19,0,23,69,255,3,1,1,31,1,47,162,220,108,218,18,220,62,220,209,221,179,218,215,218,177,219,3,6,2,103,27,9,254,0,0,128,0,0,0,0,6,0,0,0,97,161,122,49,130,0,39,128,64,255,0,0,0,4,200,86,49,214,51,165,8,0,8,3,0,128,188,141,157,223,8,223,24,223,0,223,0,223,180,223,185,223,190,223,0,223,157,223,2,141,216,0,165,26,140,252,141,211
2026-08-17_14-08-30,1,983,0,0.0,0,1300.0,-1,-1,29,30,1,0,192,0,5,223,0,0,1,0,0,18,18,0,0,36,64,0,3,0,0,0,0,19,0,23,69,255,3,1,1,31,1,47,162,220,108,218,18,220,62,220,209,221,179,218,215,218,177,219,3,6,2,103,27,9,254,0,0,128,0,0,0,0,6,0,0,0,97,161,122,49,130,0,39,128,64,255,0,0,0,4,200,86,49,214,51,165,8,0,8,3,0,128,188,141,157,223,8,223,24,223,0,223,0,223,180,223,185,223,190,223,0,223,157,223,2,141,216,0,165,26,140,252,141,211,33,238,1,0,192,0,5,223,0,0,1,0,0,18,18,0,0,36,64,0,3,0,0,0,0,19,0,23,69,255,3,1,1,31,1,47,162,220,108,218,18,220,62,220,209,221,179,218,215,218,177,219,3,6,2,103,27,9,254,0,0,128,0,0,0,0,6,0,0,0,97,161,122,49,130,0,39,128,64,255,0,0,0,4,200,86,49,214,51,165,8,0,8,3,0,128,188,141,157,223,8,223,24,223,0,223,0,223,180,223,185,223,190,223,0,223,157,223,2,141,216,0,165,26,140,252,141,211
2026-08-17_14-08-30,1,984,0,0.0,0,1300.0,-1,-1,33,238,1,0,192,0,5,223,0,0,1,0,0,18,18,0,0,36,64,0,3,0,0,0,0,19,0,23,69,255,3,1,1,31,1,47,162,220,108,218,18,220,62,220,209,221,179,218,215,218,177,219,3,6,2,103,27,9,254,0,0,128,0,0,0,0,6,0,0,0,97,161,122,49,130,0,39,128,64,255,0,0,0,4,200,86,49,214,51,165,8,0,8,3,0,128,188,141,157,223,8,223,24,223,0,223,0,223,180,223,185,223,190,223,0,223,157,223,2,141,216,0,165,26,140,252,141,211,37,233,1,0,192,0,5,223,0,0,1,0,0,18,18,0,0,36,64,0,3,0,0,0,0,19,0,23,69,255,3,1,1,31,1,47,162,220,108,218,18,220,62,220,209,221,179,218,215,218,177,219,3,6,2,103,27,9,254,0,0,128,0,0,0,0,6,0,0,0,97,161,122,49,130,0,39,128,64,255,0,0,0,4,200,86,49,214,51,165,8,0,8,3,0,128,188,141,157,223,8,223,24,223,0,223,0,223,180,223,185,223,190,223,0,223,157,223,2,141,216,0,165,26,140,252,141,211
2026-08-17_14-08-30,1,985,0,0.0,0,1300.0,-1,-1,37,233,1,0,192,0,5,223,0,0,1,0,0,18,18,0,0,36,64,0,3,0,0,0,0,19,0,23,69,255,3,1,1,31,1,47,162,220,108,218,18,220,62,220,209,221,179,218,215,218,177,219,3,6,2,103,27,9,254,0,0,128,0,0,0,0,6,0,0,0,97,161,122,49,130,0,39,128,64,255,0,0,0,4,200,86,49,214,51,165,8,0,8,3,0,128,188,141,157,223,8,223,24,223,0,223,0,223,180,223,185,223,190,223,0,223,157,223,2,141,216,0,165,26,140,252,141,211,41,154,1,0,192,0,5,223,0,0,1,0,0,18,18,0,0,36,64,0,3,0,0,0,0,19,0,23,69,255,3,1,1,31,1,47,162,220,108,218,18,220,62,220,209,221,179,218,215,218,177,219,3,6,2,103,27,9,254,0,0,128,0,0,0,0,6,0,0,0,97,161,122,49,130,0,39,128,64,255,0,0,0,4,200,86,49,214,51,165,8,0,8,3,0,128,188,141,157,223,8,223,24,223,0,223,0,223,180,223,185,223,190,223,0,223,157,223,2,141,216,0,165,26,140,252,141,211
2026-08-17_14-08-30,1,986,0,0.0,0,1300.0,-1,-1,41,154,1,0,192,0,5,223,0,0,1,0,0,18,18,0,0,36,64,0,3,0,0,0,0,19,0,23,69,255,3,1,1,31,1,47,162,220,108,218,18,220,62,220,209,221,179,218,215,218,177,219,3,6,2,103,27,9,254,0,0,128,0,0,0,0,6,0,0,0,97,161,122,49,130,0,39,128,64,255,0,0,0,4,200,86,49,214,51,165,8,0,8,3,0,128,188,141,157,223,8,223,24,223,0,223,0,223,180,223,185,223,190,223,0,223,157,223,2,141,216,0,165,26,140,252,141,211,45,164,1,0,192,0,5,223,0,0,1,0,0,18,18,0,0,36,64,0,3,0,0,0,0,19,0,23,69,255,3,1,1,31,1,47,162,220,108,218,18,220,62,220,209,221,179,218,215,218,177,219,3,6,2,103,27,9,254,0,0,128,0,0,0,0,6,0,0,0,97,161,122,49,130,0,39,128,64,255,0,0,0,4,200,86,49,214,51,165,8,0,8,3,0,128,188,141,157,223,8,223,24,223,0,223,0,223,180,223,185,223,190,223,0,223,157,223,2,141,216,0,165,26,140,252,141,211
2026-08-17_14-08-30,1,987,0,0.0,0,1300.0,-1,-1,45,164,1,0,192,0,5,223,0,0,1,0,0,18,18,0,0,36,64,0,3,0,0,0,0,19,0,23,69,255,3,1,1,31,1,47,162,220,108,218,18,220,62,220,209,221,179,218,215,218,177,219,3,6,2,103,27,9,254,0,0,128,0,0,0,0,6,0,0,0,97,161,122,49,130,0,39,128,64,255,0,0,0,4,200,86,49,214,51,165,8,0,8,3,0,128,188,141,157,223,8,223,24,223,0,223,0,223,180,223,185,223,190,223,0,223,157,223,2,141,216,0,165,26,140,252,141,211,49,72,1,0,192,0,5,223,0,0,1,0,0,18,18,0,0,36,64,0,3,0,0,0,0,19,0,23,69,255,3,1,1,31,1,47,162,220,108,218,18,220,62,220,209,221,179,218,215,218,177,219,3,6,2,103,27,9,254,0,0,128,0,0,0,0,6,0,0,0,97,161,122,49,130,0,39,128,64,255,0,0,0,4,200,86,49,214,51,165,8,0,8,3,0,128,188,141,157,223,8,223,24,223,0,223,0,223,180,223,185,223,190,223,0,223,157,223,2,141,216,0,165,26,140,252,141,211
2026-08-17_14-08-30,1,988,0,0.0,0,1300.0,-1,-1,49,72,1,0,192,0,5,223,0,0,1,0,0,18,18,0,0,36,64,0,3,0,0,0,0,19,0,23,69,255,3,1,1,31,1,47,162,220,108,218,18,220,62,220,209,221,179,218,215,218,177,219,3,6,2,103,27,9,254,0,0,128,0,0,0,0,6,0,0,0,97,161,122,49,130,0,39,128,64,255,0,0,0,4,200,86,49,214,51,165,8,0,8,3,0,128,188,141,157,223,8,223,24,223,0,223,0,223,180,223,185,223,190,223,0,223,157,223,2,141,216,0,165,26,140,252,141,211,53,128,1,0,192,0,5,223,0,0,1,0,0,18,18,0,0,36,64,0,3,0,0,0,0,19,0,23,69,255,3,1,1,31,1,47,162,220,108,218,18,220,62,220,209,221,179,218,215,218,177,219,3,6,2,103,27,9,254,0,0,128,0,0,0,0,6,0,0,0,97,161,122,49,130,0,39,128,64,255,0,0,0,4,200,86,49,214,51,165,8,0,8,3,0,128,188,141,157,223,8,223,24,223,0,223,0,223,180,223,185,223,190,223,0,223,157,223,2,141,216,0,165,26,140,252,141,211
2026-08-17_14-08-30,1,989,0,0.0,0,1300.0,-1,-1,53,128,1,0,192,0,5,223,0,0,1,0,0,18,18,0,0,36,64,0,3,0,0,0,0,19,0,23,69,255,3,1,1,31,1,47,162,220,108,218,18,220,62,220,209,221,179,218,215,218,177,219,3,6,2,103,27,9,254,0,0,128,0,0,0,0,6,0,0,0,97,161,122,49,130,0,39,128,64,255,0,0,0,4,200,86,49,214,51,165,8,0,8,3,0,128,188,141,157,223,8,223,24,223,0,223,0,223,180,223,185,223,190,223,0,223,157,223,2,141,216,0,165,26,140,252,141,211,57,8,1,0,192,0,5,223,0,0,1,0,0,18,18,0,0,36,64,0,3,0,0,0,0,19,0,23,69,255,3,1,1,31,1,47,162,220,108,218,18,220,62,220,209,221,179,218,215,218,177,219,3,6,2,103,27,9,254,0,0,128,0,0,0,0,6,0,0,0,97,161,122,49,130,0,39,128,64,255,0,0,0,4,200,86,49,214,51,165,8,0,8,3,0,128,188,141,157,223,8,223,24,223,0,223,0,223,180,223,185,223,190,223,0,223,157,223,2,141,216,0,165,26,140,252,141,211
2026-08-17_14-08-30,1,990,0,0.0,0,1300.0,-1,-1,57,8,1,0,192,0,5,223,0,0,1,0,0,18,18,0,0,36,64,0,3,0,0,0,0,19,0,23,69,255,3,1,1,31,1,47,162,220,108,218,18,220,62,220,209,221,179,218,215,218,177,219,3,6,2,103,27,9,254,0,0,128,0,0,0,0,6,0,0,0,97,161,122,49,130,0,39,128,64,255,0,0,0,4,200,86,49,214,51,165,8,0,8,3,0,128,188,141,157,223,8,223,24,223,0,223,0,223,180,223,185,223,190,223,0,223,157,223,2,141,216,0,165,26,140,252,141,211,61,132,1,0,192,0,5,223,0,0,1,0,0,18,18,0,0,36,64,0,3,0,0,0,0,19,0,23,69,255,3,1,1,31,1,47,162,220,108,218,18,220,62,220,209,221,179,218,215,218,177,219,3,6,2,103,27,9,254,0,0,128,0,0,0,0,6,0,0,0,97,161,122,49,130,0,39,128,64,255,0,0,0,4,200,86,49,214,51,165,8,0,8,3,0,128,188,141,157,223,8,223,24,223,0,223,0,223,180,223,185,223,190,223,0,223,157,223,2,141,216,0,165,26,140,252,141,211
2026-08-17_14-08-30,1,991,0,0.0,0,1300.0,-1,-1,61,132,1,0,192,0,5,223,0,0,1,0,0,18,18,0,0,36,64,0,3,0,0,0,0,19,0,23,69,255,3,1,1,31,1,47,162,220,108,218,18,220,62,220,209,221,179,218,215,218,177,219,3,6,2,103,27,9,254,0,0,128,0,0,0,0,6,0,0,0,97,161,122,49,130,0,39,128,64,255,0,0,0,4,200,86,49,214,51,165,8,0,8,3,0,128,188,141,157,223,8,223,24,223,0,223,0,223,180,223,185,223,190,223,0,223,157,223,2,141,216,0,165,26,140,252,141,211,65,74,1,0,192,0,5,223,0,0,1,0,0,18,18,0,0,36,64,0,3,0,0,0,0,19,0,23,69,255,3,1,1,31,1,47,162,220,108,218,18,220,62,220,209,221,179,218,215,218,177,219,3,6,2,103,27,9,254,0,0,128,0,0,0,0,6,0,0,0,97,161,122,49,130,0,39,128,64,255,0,0,0,4,200,86,49,214,51,165,8,0,8,3,0,128,188,141,157,223,8,223,24,223,0,223,0,223,180,223,185,223,190,223,0,223,157,223,2,141,216,0,165,26,140,252,141,211
2026-08-17_14-08-30,1,992,0,0.0,0,1300.0,-1,-1,65,74,1,0,192,0,5,223,0,0,1,0,0,18,18,0,0,36,64,0,3,0,0,0,0,19,0,23,69,255,3,1,1,31,1,47,162,220,108,218,18,220,62,220,209,221,179,218,215,218,177,219,3,6,2,103,27,9,254,0,0,128,0,0,0,0,6,0,0,0,97,161,122,49,130,0,39,128,64,255,0,0,0,4,200,86,49,214,51,165,8,0,8,3,0,128,188,141,157,223,8,223,24,223,0,223,0,223,180,223,185,223,190,223,0,223,157,223,2,141,216,0,165,26,140,252,141,211,69,161,1,0,192,0,5,223,0,0,1,0,0,18,18,0,0,36,64,0,3,0,0,0,0,19,0,23,69,255,3,1,1,31,1,47,162,220,108,218,18,220,62,220,209,221,179,218,215,218,177,219,3,6,2,103,27,9,254,0,0,128,0,0,0,0,6,0,0,0,97,161,122,49,130,0,39,128,64,255,0,0,0,4,200,86,49,214,51,165,8,0,8,3,0,128,188,141,157,223,8,223,24,223,0,223,0,223,180,223,185,223,190,223,0,223,157,223,2,141,216,0,165,26,140,252,141,211
2026-08-17_14-08-30,1,993,0,0.0,0,1300.0,-1,-1,69,161,1,0,192,0,5,223,0,0,1,0,0,18,18,0,0,36,64,0,3,0,0,0,0,19,0,23,69,255,3,1,1,31,1,47,162,220,108,218,18,220,62,220,209,221,179,218,215,218,177,219,3,6,2,103,27,9,254,0,0,128,0,0,0,0,6,0,0,0,97,161,122,49,130,0,39,128,64,255,0,0,0,4,200,86,49,214,51,165,8,0,8,3,0,128,188,141,157,223,8,223,24,223,0,223,0,223,180,223,185,223,190,223,0,223,157,223,2,141,216,0,165,26,140,252,141,211,73,26,1,0,192,0,5,223,0,0,1,0,0,18,18,0,0,36,64,0,3,0,0,0,0,19,0,23,69,255,3,1,1,31,1,47,162,220,108,218,18,220,62,220,209,221,179,218,215,218,177,219,3,6,2,103,27,9,254,0,0,128,0,0,0,0,6,0,0,0,97,161,122,49,130,0,39,128,64,255,0,0,0,4,200,86,49,214,51,165,8,0,8,3,0,128,188,141,157,223,8,223,24,223,0,223,0,223,180,223,185,223,190,223,0,223,157,223,2,141,216,0,165,26,140,252,141,211
2026-08-17_14-08-30,1,994,0,0.0,0,1300.0,-1,-1,73,26,1,0,192,0,5,223,0,0,1,0,0,18,18,0,0,36,64,0,3,0,0,0,0,19,0,23,69,255,3,1,1,31,1,47,162,220,108,218,18,220,62,220,209,221,179,218,215,218,177,219,3,6,2,103,27,9,254,0,0,128,0,0,0,0,6,0,0,0,97,161,122,49,130,0,39,128,64,255,0,0,0,4,200,86,49,214,51,165,8,0,8,3,0,128,188,141,157,223,8,223,24,223,0,223,0,223,180,223,185,223,190,223,0,223,157,223,2,141,216,0,165,26,140,252,141,211,77,172,1,0,192,0,5,223,0,0,1,0,0,18,18,0,0,36,64,0,3,0,0,0,0,19,0,23,69,255,3,1,1,31,1,47,162,220,108,218,18,220,62,220,209,221,179,218,215,218,177,219,3,6,2,103,27,9,254,0,0,128,0,0,0,0,6,0,0,0,97,161,122,49,130,0,39,128,64,255,0,0,0,4,200,86,49,214,51,165,8,0,8,3,0,128,188,141,157,223,8,223,24,223,0,223,0,223,180,223,185,223,190,223,0,223,157,223,2,141,216,0,165,26,140,252,141,211
2026-08-17_14-08-30,1,995,0,0.0,0,1300.0,-1,-1,77,172,1,0,192,0,5,223,0,0,1,0,0,18,18,0,0,36,64,0,3,0,0,0,0,19,0,23,69,255,3,1,1,31,1,47,162,220,108,218,18,220,62,220,209,221,179,218,215,218,177,219,3,6,2,103,27,9,254,0,0,128,0,0,0,0,6,0,0,0,97,161,122,49,130,0,39,128,64,255,0,0,0,4,200,86,49,214,51,165,8,0,8,3,0,128,188,141,157,223,8,223,24,223,0,223,0,223,180,223,185,223,190,223,0,223,157,223,2,141,216,0,165,26,140,252,141,211,81,204,1,0,192,0,5,223,0,0,1,0,0,18,18,0,0,36,64,0,3,0,0,0,0,19,0,23,69,255,3,1,1,31,1,47,162,220,108,218,18,220,62,220,209,221,179,218,215,218,177,219,3,6,2,103,27,9,254,0,0,128,0,0,0,0,6,0,0,0,97,161,122,49,130,0,39,128,64,255,0,0,0,4,200,86,49,214,51,165,8,0,8,3,0,128,188,141,157,223,8,223,24,223,0,223,0,223,180,223,185,223,190,223,0,223,157,223,2,141,216,0,165,26,140,252,141,211
2026-08-17_14-08-30,1,996,0,0.0,0,1300.0,-1,-1,81,204,1,0,192,0,5,223,0,0,1,0,0,18,18,0,0,36,64,0,3,0,0,0,0,19,0,23,69,255,3,1,1,31,1,47,162,220,108,218,18,220,62,220,209,221,179,218,215,218,177,219,3,6,2,103,27,9,254,0,0,128,0,0,0,0,6,0,0,0,97,161,122,49,130,0,39,128,64,255,0,0,0,4,200,86,49,214,51,165,8,0,8,3,0,128,188,141,157,223,8,223,24,223,0,223,0,223,180,223,185,223,190,223,0,223,157,223,2,141,216,0,165,26,140,252,141,211,85,202,1,0,192,0,5,223,0,0,1,0,0,18,18,0,0,36,64,0,3,0,0,0,0,19,0,23,69,255,3,1,1,31,1,47,162,220,108,218,18,220,62,220,209,221,179,218,215,218,177,219,3,6,2,103,27,9,254,0,0,128,0,0,0,0,6,0,0,0,97,161,122,49,130,0,39,128,64,255,0,0,0,4,200,86,49,214,51,165,8,0,8,3,0,128,188,141,157,223,8,223,24,223,0,223,0,223,180,223,185,223,190,223,0,223,157,223,2,141,216,0,165,26,140,252,141,211
2026-08-17_14-08-30,1,997,0,0.0,0,1300.0,-1,-1,85,202,1,0,192,0,5,223,0,0,1,0,0,18,18,0,0,36,64,0,3,0,0,0,0,19,0,23,69,255,3,1,1,31,1,47,162,220,108,218,18,220,62,220,209,221,179,218,215,218,177,219,3,6,2,103,27,9,254,0,0,128,0,0,0,0,6,0,0,0,97,161,122,49,130,0,39,128,64,255,0,0,0,4,200,86,49,214,51,165,8,0,8,3,0,128,188,141,157,223,8,223,24,223,0,223,0,223,180,223,185,223,190,223,0,223,157,223,2,141,216,0,165,26,140,252,141,211,89,169,1,0,192,0,5,223,0,0,1,0,0,18,18,0,0,36,64,0,3,0,0,0,0,19,0,23,69,255,3,1,1,31,1,47,162,220,108,218,18,220,62,220,209,221,179,218,215,218,177,219,3,6,2,103,27,9,254,0,0,128,0,0,0,0,6,0,0,0,97,161,122,49,130,0,39,128,64,255,0,0,0,4,200,86,49,214,51,165,8,0,8,3,0,128,188,141,157,223,8,223,24,223,0,223,0,223,180,223,185,223,190,223,0,223,157,223,2,141,216,0,165,26,140,252,141,211
2026-08-17_14-08-30,1,998,0,0.0,0,1300.0,-1,-1,89,169,1,0,192,0,5,223,0,0,1,0,0,18,18,0,0,36,64,0,3,0,0,0,0,19,0,23,69,255,3,1,1,31,1,47,162,220,108,218,18,220,62,220,209,221,179,218,215,218,177,219,3,6,2,103,27,9,254,0,0,128,0,0,0,0,6,0,0,0,97,161,122,49,130,0,39,128,64,255,0,0,0,4,200,86,49,214,51,165,8,0,8,3,0,128,188,141,157,223,8,223,24,223,0,223,0,223,180,223,185,223,190,223,0,223,157,223,2,141,216,0,165,26,140,252,141,211,93,158,1,0,192,0,5,223,0,0,1,0,0,18,18,0,0,36,64,0,3,0,0,0,0,19,0,23,69,255,3,1,1,31,1,47,162,220,108,218,18,220,62,220,209,221,179,218,215,218,177,219,3,6,2,103,27,9,254,0,0,128,0,0,0,0,6,0,0,0,97,161,122,49,130,0,39,128,64,255,0,0,0,4,200,86,49,214,51,165,8,0,8,3,0,128,188,141,157,223,8,223,24,223,0,223,0,223,180,223,185,223,190,223,0,223,157,223,2,141,216,0,165,26,140,252,141,211
2026-08-17_14-08-30,1,999,0,0.0,0,1300.0,-1,-1,93,158,1,0,192,0,5,223,0,0,1,0,0,18,18,0,0,36,64,0,3,0,0,0,0,19,0,23,69,255,3,1,1,31,1,47,162,220,108,218,18,220,62,220,209,221,179,218,215,218,177,219,3,6,2,103,27,9,254,0,0,128,0,0,0,0,6,0,0,0,97,161,122,49,130,0,39,128,64,255,0,0,0,4,200,86,49,214,51,165,8,0,8,3,0,128,188,141,157,223,8,223,24,223,0,223,0,223,180,223,185,223,190,223,0,223,157,223,2,141,216,0,165,26,140,252,141,211,97,230,1,0,192,0,5,223,0,0,1,0,0,18,18,0,0,36,64,0,3,0,0,0,0,19,0,23,69,255,3,1,1,31,1,47,162,220,108,218,18,220,62,220,209,221,179,218,215,218,177,219,3,6,2,103,27,9,254,0,0,128,0,0,0,0,6,0,0,0,97,161,122,49,130,0,39,128,64,255,0,0,0,4,200,86,49,214,51,165,8,0,8,3,0,128,188,141,157,223,8,223,24,223,0,223,0,223,180,223,185,223,190,223,0,223,157,223,2,141,216,0,165,26,140,252,141,211
2026-08-17_14-08-30,1,1000,0,0.0,0,1300.0,-1,-1,97,230,1,0,192,0,5,223,0,0,1,0,0,18,18,0,0,36,64,0,3,0,0,0,0,19,0,23,69,255,3,1,1,31,1,47,162,220,108,218,18,220,62,220,209,221,179,218,215,218,177,219,3,6,2,103,27,9,254,0,0,128,0,0,0,0,6,0,0,0,97,161,122,49,130,0,39,128,64,255,0,0,0,4,200,86,49,214,51,165,8,0,8,3,0,128,188,141,157,223,8,223,24,223,0,223,0,223,180,223,185,223,190,223,0,223,157,223,2,141,216,0,165,26,140,252,141,211,101,109,1,0,192,0,5,223,0,0,1,0,0,18,18,0,0,36,64,0,3,0,0,0,0,19,0,23,69,255,3,1,1,31,1,47,162,220,108,218,18,220,62,220,209,221,179,218,215,218,177,219,3,6,2,103,27,9,254,0,0,128,0,0,0,0,6,0,0,0,97,161,122,49,130,0,39,128,64,255,0,0,0,4,200,86,49,214,51,165,8,0,8,3,0,128,188,141,157,223,8,223,24,223,0,223,0,223,180,223,185,223,190,223,0,223,157,223,2,141,216,0,165,26,140,252,141,211
2026-08-17_14-08-30,1,1001,0,0.0,0,1300.0,-1,-1,101,109,1,0,192,0,5,223,0,0,1,0,0,18,18,0,0,36,64,0,3,0,0,0,0,19,0,23,69,255,3,1,1,31,1,47,162,220,108,218,18,220,62,220,209,221,179,218,215,218,177,219,3,6,2,103,27,9,254,0,0,128,0,0,0,0,6,0,0,0,97,161,122,49,130,0,39,128,64,255,0,0,0,4,200,86,49,214,51,165,8,0,8,3,0,128,188,141,157,223,8,223,24,223,0,223,0,223,180,223,185,223,190,223,0,223,157,223,2,141,216,0,165,26,140,252,141,211,105,208,1,0,192,0,5,223,0,0,1,0,0,18,18,0,0,36,64,0,3,0,0,0,0,19,0,23,69,255,3,1,1,31,1,47,162,220,108,218,18,220,62,220,209,221,179,218,215,218,177,219,3,6,2,103,27,9,254,0,0,128,0,0,0,0,6,0,0,0,97,161,122,49,130,0,39,128,64,255,0,0,0,4,200,86,49,214,51,165,8,0,8,3,0,128,188,141,157,223,8,223,24,223,0,223,0,223,180,223,185,223,190,223,0,223,157,223,2,141,216,0,165,26,140,252,141,211
2026-08-17_14-08-30,1,1002,0,0.0,0,1300.0,-1,-1,105,208,1,0,192,0,5,223,0,0,1,0,0,18,18,0,0,36,64,0,3,0,0,0,0,19,0,23,69,255,3,1,1,31,1,47,162,220,108,218,18,220,62,220,209,221,179,218,215,218,177,219,3,6,2,103,27,9,254,0,0,128,0,0,0,0,6,0,0,0,97,161,122,49,130,0,39,128,64,255,0,0,0,4,200,86,49,214,51,165,8,0,8,3,0,128,188,141,157,223,8,223,24,223,0,223,0,223,180,223,185,223,190,223,0,223,157,223,2,141,216,0,165,26,140,252,141,211,109,5,1,0,192,0,5,223,0,0,1,0,0,18,18,0,0,36,64,0,3,0,0,0,0,19,0,23,69,255,3,1,1,31,1,47,162,220,108,218,18,220,62,220,209,221,179,218,215,218,177,219,3,6,2,103,27,9,254,0,0,128,0,0,0,0,6,0,0,0,97,161,122,49,130,0,39,128,64,255,0,0,0,4,200,86,49,214,51,165,8,0,8,3,0,128,188,141,157,223,8,223,24,223,0,223,0,223,180,223,185,223,190,223,0,223,157,223,2,141,216,0,165,26,140,252,141,211
2026-08-17_14-08-30,1,1003,0,0.0,0,1300.0,-1,-1,109,5,1,0,192,0,5,223,0,0,1,0,0,18,18,0,0,36,64,0,3,0,0,0,0,19,0,23,69,255,3,1,1,31,1,47,162,220,108,218,18,220,62,220,209,221,179,218,215,218,177,219,3,6,2,103,27,9,254,0,0,128,0,0,0,0,6,0,0,0,97,161,122,49,130,0,39,128,64,255,0,0,0,4,200,86,49,214,51,165,8,0,8,3,0,128,188,141,157,223,8,223,24,223,0,223,0,223,180,223,185,223,190,223,0,223,157,223,2,141,216,0,165,26,140,252,141,211,113,82,1,0,192,0,5,223,0,0,1,0,0,18,18,0,0,36,64,0,3,0,0,0,0,19,0,23,69,255,3,1,1,31,1,47,162,220,108,218,18,220,62,220,209,221,179,218,215,218,177,219,3,6,2,103,27,9,254,0,0,128,0,0,0,0,6,0,0,0,97,161,122,49,130,0,39,128,64,255,0,0,0,4,200,86,49,214,51,165,8,0,8,3,0,128,188,141,157,223,8,223,24,223,0,223,0,223,180,223,185,223,190,223,0,223,157,223,2,141,216,0,165,26,140,252,141,211
2026-08-17_14-08-30,1,1004,0,0.0,0,1300.0,-1,-1,113,82,1,0,192,0,5,223,0,0,1,0,0,18,18,0,0,36,64,0,3,0,0,0,0,19,0,23,69,255,3,1,1,31,1,47,162,220,108,218,18,220,62,220,209,221,179,218,215,218,177,219,3,6,2,103,27,9,254,0,0,128,0,0,0,0,6,0,0,0,97,161,122,49,130,0,39,128,64,255,0,0,0,4,200,86,49,214,51,165,8,0,8,3,0,128,188,141,157,223,8,223,24,223,0,223,0,223,180,223,185,223,190,223,0,223,157,223,2,141,216,0,165,26,140,252,141,211,117,44,1,0,192,0,5,223,0,0,1,0,0,18,18,0,0,36,64,0,3,0,0,0,0,19,0,23,69,255,3,1,1,31,1,47,162,220,108,218,18,220,62,220,209,221,179,218,215,218,177,219,3,6,2,103,27,9,254,0,0,128,0,0,0,0,6,0,0,0,97,161,122,49,130,0,39,128,64,255,0,0,0,4,200,86,49,214,51,165,8,0,8,3,0,128,188,141,157,223,8,223,24,223,0,223,0,223,180,223,185,223,190,223,0,223,157,223,2,141,216,0,165,26,140,252,141,211
2026-08-17_14-08-30,1,1005,0,0.0,0,1300.0,-1,-1,117,44,1,0,192,0,5,223,0,0,1,0,0,18,18,0,0,36,64,0,3,0,0,0,0,19,0,23,69,255,3,1,1,31,1,47,162,220,108,218,18,220,62,220,209,221,179,218,215,218,177,219,3,6,2,103,27,9,254,0,0,128,0,0,0,0,6,0,0,0,97,161,122,49,130,0,39,128,64,255,0,0,0,4,200,86,49,214,51,165,8,0,8,3,0,128,188,141,157,223,8,223,24,223,0,223,0,223,180,223,185,223,190,223,0,223,157,223,2,141,216,0,165,26,140,252,141,211,121,196,1,0,192,0,5,223,0,0,1,0,0,18,18,0,0,36,64,0,3,0,0,0,0,19,0,23,69,255,3,1,1,31,1,47,162,220,108,218,18,220,62,220,209,221,179,218,215,218,177,219,3,6,2,103,27,9,254,0,0,128,0,0,0,0,6,0,0,0,97,161,122,49,130,0,39,128,64,255,0,0,0,4,200,86,49,214,51,165,8,0,8,3,0,128,188,141,157,223,8,223,24,223,0,223,0,223,180,223,185,223,190,223,0,223,157,223,2,141,216,0,165,26,140,252,141,211
2026-08-17_14-08-30,1,1006,0,0.0,0,1300.0,-1,-1,121,196,1,0,192,0,5,223,0,0,1,0,0,18,18,0,0,36,64,0,3,0,0,0,0,19,0,23,69,255,3,1,1,31,1,47,162,220,108,218,18,220,62,220,209,221,179,218,215,218,177,219,3,6,2,103,27,9,254,0,0,128,0,0,0,0,6,0,0,0,97,161,122,49,130,0,39,128,64,255,0,0,0,4,200,86,49,214,51,165,8,0,8,3,0,128,188,141,157,223,8,223,24,223,0,223,0,223,180,223,185,223,190,223,0,223,157,223,2,141,216,0,165,26,140,252,141,211,125,78,1,0,192,0,5,223,0,0,1,0,0,18,18,0,0,36,64,0,3,0,0,0,0,19,0,23,69,255,3,1,1,31,1,47,162,220,108,218,18,220,62,220,209,221,179,218,215,218,177,219,3,6,2,103,27,9,254,0,0,128,0,0,0,0,6,0,0,0,97,161,122,49,130,0,39,128,64,255,0,0,0,4,200,86,49,214,51,165,8,0,8,3,0,128,188,141,157,223,8,223,24,223,0,223,0,223,180,223,185,223,190,223,0,223,157,223,2,141,216,0,165,26,140,252,141,211
2026-08-17_14-08-30,1,1007,0,0.0,0,1300.0,-1,-1,125,78,1,0,192,0,5,223,0,0,1,0,0,18,18,0,0,36,64,0,3,0,0,0,0,19,0,23,69,255,3,1,1,31,1,47,162,220,108,218,18,220,62,220,209,221,179,218,215,218,177,219,3,6,2,103,27,9,254,0,0,128,0,0,0,0,6,0,0,0,97,161,122,49,130,0,39,128,64,255,0,0,0,4,200,86,49,214,51,165,8,0,8,3,0,128,188,141,157,223,8,223,24,223,0,223,0,223,180,223,185,223,190,223,0,223,157,223,2,141,216,0,165,26,140,252,141,211,129,227,1,0,192,0,5,223,0,0,1,0,0,18,18,0,0,36,64,0,3,0,0,0,0,19,0,23,69,255,3,1,1,31,1,47,162,220,108,218,18,220,62,220,209,221,179,218,215,218,177,219,3,6,2,103,27,9,254,0,0,128,0,0,0,0,6,0,0,0,97,161,122,49,130,0,39,128,64,255,0,0,0,4,200,86,49,214,51,165,8,0,8,3,0,128,188,141,157,223,8,223,24,223,0,223,0,223,180,223,185,223,190,223,0,223,157,223,2,141,216,0,165,26,140,252,141,211
2026-08-17_14-08-30,1,1008,0,0.0,0,1300.0,-1,-1,129,227,1,0,192,0,5,223,0,0,1,0,0,18,18,0,0,36,64,0,3,0,0,0,0,19,0,23,69,255,3,1,1,31,1,47,162,220,108,218,18,220,62,220,209,221,179,218,215,218,177,219,3,6,2,103,27,9,254,0,0,128,0,0,0,0,6,0,0,0,97,161,122,49,130,0,39,128,64,255,0,0,0,4,200,86,49,214,51,165,8,0,8,3,0,128,188,141,157,223,8,223,24,223,0,223,0,223,180,223,185,223,190,223,0,223,157,223,2,141,216,0,165,26,140,252,141,211,133,63,1,0,192,0,5,223,0,0,1,0,0,18,18,0,0,36,64,0,3,0,0,0,0,19,0,23,69,255,3,1,1,31,1,47,162,220,108,218,18,220,62,220,209,221,179,218,215,218,177,219,3,6,2,103,27,9,254,0,0,128,0,0,0,0,6,0,0,0,97,161,122,49,130,0,39,128,64,255,0,0,0,4,200,86,49,214,51,165,8,0,8,3,0,128,188,141,157,223,8,223,24,223,0,223,0,223,180,223,185,223,190,223,0,223,157,223,2,141,216,0,165,26,140,252,141,211
2026-08-17_14-08-30,1,1009,0,0.0,0,1300.0,-1,-1,133,63,1,0,192,0,5,223,0,0,1,0,0,18,18,0,0,36,64,0,3,0,0,0,0,19,0,23,69,255,3,1,1,31,1,47,162,220,108,218,18,220,62,220,209,221,179,218,215,218,177,219,3,6,2,103,27,9,254,0,0,128,0,0,0,0,6,0,0,0,97,161,122,49,130,0,39,128,64,255,0,0,0,4,200,86,49,214,51,165,8,0,8,3,0,128,188,141,157,223,8,223,24,223,0,223,0,223,180,223,185,223,190,223,0,223,157,223,2,141,216,0,165,26,140,252,141,211,137,252,1,0,192,0,5,223,0,0,1,0,0,18,18,0,0,36,64,0,3,0,0,0,0,19,0,23,69,255,3,1,1,31,1,47,162,220,108,218,18,220,62,220,209,221,179,218,215,218,177,219,3,6,2,103,27,9,254,0,0,128,0,0,0,0,6,0,0,0,97,161,122,49,130,0,39,128,64,255,0,0,0,4,200,86,49,214,51,165,8,0,8,3,0,128,188,141,157,223,8,223,24,223,0,223,0,223,180,223,185,223,190,223,0,223,157,223,2,141,216,0,165,26,140,252,141,211
2026-08-17_14-08-30,1,1010,0,0.0,0,1300.0,-1,-1,137,252,1,0,192,0,5,223,0,0,1,0,0,18,18,0,0,36,64,0,3,0,0,0,0,19,0,23,69,255,3,1,1,31,1,47,162,220,108,218,18,220,62,220,209,221,179,218,215,218,177,219,3,6,2,103,27,9,254,0,0,128,0,0,0,0,6,0,0,0,97,161,122,49,130,0,39,128,64,255,0,0,0,4,200,86,49,214,51,165,8,0,8,3,0,128,188,141,157,223,8,223,24,223,0,223,0,223,180,223,185,223,190,223,0,223,157,223,2,141,216,0,165,26,140,252,141,211,141,193,1,0,192,0,5,223,0,0,1,0,0,18,18,0,0,36,64,0,3,0,0,0,0,19,0,23,69,255,3,1,1,31,1,47,162,220,108,218,18,220,62,220,209,221,179,218,215,218,177,219,3,6,2,103,27,9,254,0,0,128,0,0,0,0,6,0,0,0,97,161,122,49,130,0,39,128,64,255,0,0,0,4,200,86,49,214,51,165,8,0,8,3,0,128,188,141,157,223,8,223,24,223,0,223,0,223,180,223,185,223,190,223,0,223,157,223,2,141,216,0,165,26,140,252,141,211
2026-08-17_14-08-30,1,1011,0,0.0,0,1300.0,-1,-1,141,193,1,0,192,0,5,223,0,0,1,0,0,18,18,0,0,36,64,0,3,0,0,0,0,19,0,23,69,255,3,1,1,31,1,47,162,220,108,218,18,220,62,220,209,221,179,218,215,218,177,219,3,6,2,103,27,9,254,0,0,128,0,0,0,0,6,0,0,0,97,161,122,49,130,0,39,128,64,255,0,0,0,4,200,86,49,214,51,165,8,0,8,3,0,128,188,141,157,223,8,223,24,223,0,223,0,223,180,223,185,223,190,223,0,223,157,223,2,141,216,0,165,26,140,252,141,211,145,28,1,0,192,0,5,223,0,0,1,0,0,18,18,0,0,36,64,0,3,0,0,0,0,19,0,23,69,255,3,1,1,31,1,47,162,220,108,218,18,220,62,220,209,221,179,218,215,218,177,219,3,6,2,103,27,9,254,0,0,128,0,0,0,0,6,0,0,0,97,161,122,49,130,0,39,128,64,255,0,0,0,4,200,86,49,214,51,165,8,0,8,3,0,128,188,141,157,223,8,223,24,223,0,223,0,223,180,223,185,223,190,223,0,223,157,223,2,141,216,0,165,26,140,252,141,211
2026-08-17_14-08-30,1,1012,0,0.0,0,1300.0,-1,-1,145,28,1,0,192,0,5,223,0,0,1,0,0,18,18,0,0,36,64,0,3,0,0,0,0,19,0,23,69,255,3,1,1,31,1,47,162,220,108,218,18,220,62,220,209,221,179,218,215,218,177,219,3,6,2,103,27,9,254,0,0,128,0,0,0,0,6,0,0,0,97,161,122,49,130,0,39,128,64,255,0,0,0,4,200,86,49,214,51,165,8,0,8,3,0,128,188,141,157,223,8,223,24,223,0,223,0,223,180,223,185,223,190,223,0,223,157,223,2,141,216,0,165,26,140,252,141,211,149,207,1,0,192,0,5,223,0,0,1,0,0,18,18,0,0,36,64,0,3,0,0,0,0,19,0,23,69,255,3,1,1,31,1,47,162,220,108,218,18,220,62,220,209,221,179,218,215,218,177,219,3,6,2,103,27,9,254,0,0,128,0,0,0,0,6,0,0,0,97,161,122,49,130,0,39,128,64,255,0,0,0,4,200,86,49,214,51,165,8,0,8,3,0,128,188,141,157,223,8,223,24,223,0,223,0,223,180,223,185,223,190,223,0,223,157,223,2,141,216,0,165,26,140,252,141,211
2026-08-17_14-08-30,1,1013,0,0.0,0,1300.0,-1,-1,149,207,1,0,192,0,5,223,0,0,1,0,0,18,18,0,0,36,64,0,3,0,0,0,0,19,0,23,69,255,3,1,1,31,1,47,162,220,108,218,18,220,62,220,209,221,179,218,215,218,177,219,3,6,2,103,27,9,254,0,0,128,0,0,0,0,6,0,0,0,97,161,122,49,130,0,39,128,64,255,0,0,0,4,200,86,49,214,51,165,8,0,8,3,0,128,188,141,157,223,8,223,24,223,0,223,0,223,180,223,185,223,190,223,0,223,157,223,2,141,216,0,165,26,140,252,141,211,153,251,1,0,192,0,5,223,0,0,1,0,0,18,18,0,0,36,64,0,3,0,0,0,0,19,0,23,69,255,3,1,1,31,1,47,162,220,108,218,18,220,62,220,209,221,179,218,215,218,177,219,3,6,2,103,27,9,254,0,0,128,0,0,0,0,6,0,0,0,97,161,122,49,130,0,39,128,64,255,0,0,0,4,200,86,49,214,51,165,8,0,8,3,0,128,188,141,157,223,8,223,24,223,0,223,0,223,180,223,185,223,190,223,0,223,157,223,2,141,216,0,165,26,140,252,141,211
2026-08-17_14-08-30,1,1014,0,0.0,0,1300.0,-1,-1,153,251,1,0,192,0,5,223,0,0,1,0,0,18,18,0,0,36,64,0,3,0,0,0,0,19,0,23,69,255,3,1,1,31,1,47,162,220,108,218,18,220,62,220,209,221,179,218,215,218,177,219,3,6,2,103,27,9,254,0,0,128,0,0,0,0,6,0,0,0,97,161,122,49,130,0,39,128,64,255,0,0,0,4,200,86,49,214,51,165,8,0,8,3,0,128,188,141,157,223,8,223,24,223,0,223,0,223,180,223,185,223,190,223,0,223,157,223,2,141,216,0,165,26,140,252,141,211,157,178,1,0,192,0,5,223,0,0,1,0,0,18,18,0,0,36,64,0,3,0,0,0,0,19,0,23,69,255,3,1,1,31,1,47,162,220,108,218,18,220,62,220,209,221,179,218,215,218,177,219,3,6,2,103,27,9,254,0,0,128,0,0,0,0,6,0,0,0,97,161,122,49,130,0,39,128,64,255,0,0,0,4,200,86,49,214,51,165,8,0,8,3,0,128,188,141,157,223,8,223,24,223,0,223,0,223,180,223,185,223,190,223,0,223,157,223,2,141,216,0,165,26,140,252,141,211
2026-08-17_14-08-30,1,1015,0,0.0,0,1300.0,-1,-1,157,178,1,0,192,0,5,223,0,0,1,0,0,18,18,0,0,36,64,0,3,0,0,0,0,19,0,23,69,255,3,1,1,31,1,47,162,220,108,218,18,220,62,220,209,221,179,218,215,218,177,219,3,6,2,103,27,9,254,0,0,128,0,0,0,0,6,0,0,0,97,161,122,49,130,0,39,128,64,255,0,0,0,4,200,86,49,214,51,165,8,0,8,3,0,128,188,141,157,223,8,223,24,223,0,223,0,223,180,223,185,223,190,223,0,223,157,223,2,141,216,0,165,26,140,252,141,211,161,34,1,0,192,0,5,223,0,0,1,0,0,18,18,0,0,36,64,0,3,0,0,0,0,19,0,23,69,255,3,1,1,31,1,47,162,220,108,218,18,220,62,220,209,221,179,218,215,218,177,219,3,6,2,103,27,9,254,0,0,128,0,0,0,0,6,0,0,0,97,161,122,49,130,0,39,128,64,255,0,0,0,4,200,86,49,214,51,165,8,0,8,3,0,128,188,141,157,223,8,223,24,223,0,223,0,223,180,223,185,223,190,223,0,223,157,223,2,141,216,0,165,26,140,252,141,211
2026-08-17_14-08-30,1,1016,0,0.0,0,1300.0,-1,-1,161,34,1,0,192,0,5,223,0,0,1,0,0,18,18,0,0,36,64,0,3,0,0,0,0,19,0,23,69,255,3,1,1,31,1,47,162,220,108,218,18,220,62,220,209,221,179,218,215,218,177,219,3,6,2,103,27,9,254,0,0,128,0,0,0,0,6,0,0,0,97,161,122,49,130,0,39,128,64,255,0,0,0,4,200,86,49,214,51,165,8,0,8,3,0,128,188,141,157,223,8,223,24,223,0,223,0,223,180,223,185,223,190,223,0,223,157,223,2,141,216,0,165,26,140,252,141,211,165,35,1,0,192,0,5,223,0,0,1,0,0,18,18,0,0,36,64,0,3,0,0,0,0,19,0,23,69,255,3,1,1,31,1,47,162,220,108,218,18,220,62,220,209,221,179,218,215,218,177,219,3,6,2,103,27,9,254,0,0,128,0,0,0,0,6,0,0,0,97,161,122,49,130,0,39,128,64,255,0,0,0,4,200,86,49,214,51,165,8,0,8,3,0,128,188,141,157,223,8,223,24,223,0,223,0,223,180,223,185,223,190,223,0,223,157,223,2,141,216,0,165,26,140,252,141,211
2026-08-17_14-08-30,1,1017,0,0.0,0,1300.0,-1,-1,165,35,1,0,192,0,5,223,0,0,1,0,0,18,18,0,0,36,64,0,3,0,0,0,0,19,0,23,69,255,3,1,1,31,1,47,162,220,108,218,18,220,62,220,209,221,179,218,215,218,177,219,3,6,2,103,27,9,254,0,0,128,0,0,0,0,6,0,0,0,97,161,122,49,130,0,39,128,64,255,0,0,0,4,200,86,49,214,51,165,8,0,8,3,0,128,188,141,157,223,8,223,24,223,0,223,0,223,180,223,185,223,190,223,0,223,157,223,2,141,216,0,165,26,140,252,141,211,169,51,1,0,192,0,5,223,0,0,1,0,0,18,18,0,0,36,64,0,3,0,0,0,0,19,0,23,69,255,3,1,1,31,1,47,162,220,108,218,18,220,62,220,209,221,179,218,215,218,177,219,3,6,2,103,27,9,254,0,0,128,0,0,0,0,6,0,0,0,97,161,122,49,130,0,39,128,64,255,0,0,0,4,200,86,49,214,51,165,8,0,8,3,0,128,188,141,157,223,8,223,24,223,0,223,0,223,180,223,185,223,190,223,0,223,157,223,2,141,216,0,165,26,140,252,141,211
2026-08-17_14-08-30,1,1018,0,0.0,0,1300.0,-1,-1,169,51,1,0,192,0,5,223,0,0,1,0,0,18,18,0,0,36,64,0,3,0,0,0,0,19,0,23,69,255,3,1,1,31,1,47,162,220,108,218,18,220,62,220,209,221,179,218,215,218,177,219,3,6,2,103,27,9,254,0,0,128,0,0,0,0,6,0,0,0,97,161,122,49,130,0,39,128,64,255,0,0,0,4,200,86,49,214,51,165,8,0,8,3,0,128,188,141,157,223,8,223,24,223,0,223,0,223,180,223,185,223,190,223,0,223,157,223,2,141,216,0,165,26,140,252,141,211,173,58,1,0,192,0,5,223,0,0,1,0,0,18,18,0,0,36,64,0,3,0,0,0,0,19,0,23,69,255,3,1,1,31,1,47,162,220,108,218,18,220,62,220,209,221,179,218,215,218,177,219,3,6,2,103,27,9,254,0,0,128,0,0,0,0,6,0,0,0,97,161,122,49,130,0,39,128,64,255,0,0,0,4,200,86,49,214,51,165,8,0,8,3,0,128,188,141,157,223,8,223,24,223,0,223,0,223,180,223,185,223,190,223,0,223,157,223,2,141,216,0,165,26,140,252,141,211
2026-08-17_14-08-30,1,1019,0,0.0,0,1300.0,-1,-1,173,58,1,0,192,0,5,223,0,0,1,0,0,18,18,0,0,36,64,0,3,0,0,0,0,19,0,23,69,255,3,1,1,31,1,47,162,220,108,218,18,220,62,220,209,221,179,218,215,218,177,219,3,6,2,103,27,9,254,0,0,128,0,0,0,0,6,0,0,0,97,161,122,49,130,0,39,128,64,255,0,0,0,4,200,86,49,214,51,165,8,0,8,3,0,128,188,141,157,223,8,223,24,223,0,223,0,223,180,223,185,223,190,223,0,223,157,223,2,141,216,0,165,26,140,252,141,211,177,174,1,0,192,0,5,223,0,0,1,0,0,18,18,0,0,36,64,0,3,0,0,0,0,19,0,23,69,255,3,1,1,31,1,47,162,220,108,218,18,220,62,220,209,221,179,218,215,218,177,219,3,6,2,103,27,9,254,0,0,128,0,0,0,0,6,0,0,0,97,161,122,49,130,0,39,128,64,255,0,0,0,4,200,86,49,214,51,165,8,0,8,3,0,128,188,141,157,223,8,223,24,223,0,223,0,223,180,223,185,223,190,223,0,223,157,223,2,141,216,0,165,26,140,252,141,211
2026-08-17_14-08-30,1,1020,0,0.0,0,1300.0,-1,-1,177,174,1,0,192,0,5,223,0,0,1,0,0,18,18,0,0,36,64,0,3,0,0,0,0,19,0,23,69,255,3,1,1,31,1,47,162,220,108,218,18,220,62,220,209,221,179,218,215,218,177,219,3,6,2,103,27,9,254,0,0,128,0,0,0,0,6,0,0,0,97,161,122,49,130,0,39,128,64,255,0,0,0,4,200,86,49,214,51,165,8,0,8,3,0,128,188,141,157,223,8,223,24,223,0,223,0,223,180,223,185,223,190,223,0,223,157,223,2,141,216,0,165,26,140,252,141,211,181,237,1,0,192,0,5,223,0,0,1,0,0,18,18,0,0,36,64,0,3,0,0,0,0,19,0,23,69,255,3,1,1,31,1,47,162,220,108,218,18,220,62,220,209,221,179,218,215,218,177,219,3,6,2,103,27,9,254,0,0,128,0,0,0,0,6,0,0,0,97,161,122,49,130,0,39,128,64,255,0,0,0,4,200,86,49,214,51,165,8,0,8,3,0,128,188,141,157,223,8,223,24,223,0,223,0,223,180,223,185,223,190,223,0,223,157,223,2,141,216,0,165,26,140,252,141,211
2026-08-17_14-08-30,1,1021,0,0.0,0,1300.0,-1,-1,181,237,1,0,192,0,5,223,0,0,1,0,0,18,18,0,0,36,64,0,3,0,0,0,0,19,0,23,69,255,3,1,1,31,1,47,162,220,108,218,18,220,62,220,209,221,179,218,215,218,177,219,3,6,2,103,27,9,254,0,0,128,0,0,0,0,6,0,0,0,97,161,122,49,130,0,39,128,64,255,0,0,0,4,200,86,49,214,51,165,8,0,8,3,0,128,188,141,157,223,8,223,24,223,0,223,0,223,180,223,185,223,190,223,0,223,157,223,2,141,216,0,165,26,140,252,141,211,185,216,1,0,192,0,5,223,0,0,1,0,0,18,18,0,0,36,64,0,3,0,0,0,0,19,0,23,69,255,3,1,1,31,1,47,162,220,108,218,18,220,62,220,209,221,179,218,215,218,177,219,3,6,2,103,27,9,254,0,0,128,0,0,0,0,6,0,0,0,97,161,122,49,130,0,39,128,64,255,0,0,0,4,200,86,49,214,51,165,8,0,8,3,0,128,188,141,157,223,8,223,24,223,0,223,0,223,180,223,185,223,190,223,0,223,157,223,2,141,216,0,165,26,140,252,141,211
2026-08-17_14-08-30,1,1022,0,0.0,0,1300.0,-1,-1,185,216,1,0,192,0,5,223,0,0,1,0,0,18,18,0,0,36,64,0,3,0,0,0,0,19,0,23,69,255,3,1,1,31,1,47,162,220,108,218,18,220,62,220,209,221,179,218,215,218,177,219,3,6,2,103,27,9,254,0,0,128,0,0,0,0,6,0,0,0,97,161,122,49,130,0,39,128,64,255,0,0,0,4,200,86,49,214,51,165,8,0,8,3,0,128,188,141,157,223,8,223,24,223,0,223,0,223,180,223,185,223,190,223,0,223,157,223,2,141,216,0,165,26,140,252,141,211,189,129,1,0,192,0,5,223,0,0,1,0,0,18,18,0,0,36,64,0,3,0,0,0,0,19,0,23,69,255,3,1,1,31,1,47,162,220,108,218,18,220,62,220,209,221,179,218,215,218,177,219,3,6,2,103,27,9,254,0,0,128,0,0,0,0,6,0,0,0,97,161,122,49,130,0,39,128,64,255,0,0,0,4,200,86,49,214,51,165,8,0,8,3,0,128,188,141,157,223,8,223,24,223,0,223,0,223,180,223,185,223,190,223,0,223,157,223,2,141,216,0,165,26,140,252,141,211
2026-08-17_14-08-30,1,1023,0,0.0,0,1300.0,-1,-1,189,129,1,0,192,0,5,223,0,0,1,0,0,18,18,0,0,36,64,0,3,0,0,0,0,19,0,23,69,255,3,1,1,31,1,47,162,220,108,218,18,220,62,220,209,221,179,218,215,218,177,219,3,6,2,103,27,9,254,0,0,128,0,0,0,0,6,0,0,0,97,161,122,49,130,0,39,128,64,255,0,0,0,4,200,86,49,214,51,165,8,0,8,3,0,128,188,141,157,223,8,223,24,223,0,223,0,223,180,223,185,223,190,223,0,223,157,223,2,141,216,0,165,26,140,252,141,211,193,24,1,0,192,0,5,223,0,0,1,0,0,18,18,0,0,36,64,0,3,0,0,0,0,19,0,23,69,255,3,1,1,31,1,47,162,220,108,218,18,220,62,220,209,221,179,218,215,218,177,219,3,6,2,103,27,9,254,0,0,128,0,0,0,0,6,0,0,0,97,161,122,49,130,0,39,128,64,255,0,0,0,4,200,86,49,214,51,165,8,0,8,3,0,128,188,141,157,223,8,223,24,223,0,223,0,223,180,223,185,223,190,223,0,223,157,223,2,141,216,0,165,26,140,252,141,211
2026-08-17_14-08-30,1,1024,0,0.0,0,1300.0,-1,-1,193,24,1,0,192,0,5,223,0,0,1,0,0,18,18,0,0,36,64,0,3,0,0,0,0,19,0,23,69,255,3,1,1,31,1,47,162,220,108,218,18,220,62,220,209,221,179,218,215,218,177,219,3,6,2,103,27,9,254,0,0,128,0,0,0,0,6,0,0,0,97,161,122,49,130,0,39,128,64,255,0,0,0,4,200,86,49,214,51,165,8,0,8,3,0,128,188,141,157,223,8,223,24,223,0,223,0,223,180,223,185,223,190,223,0,223,157,223,2,141,216,0,165,26,140,252,141,211,197,141,1,0,192,0,5,223,0,0,1,0,0,18,18,0,0,36,64,0,3,0,0,0,0,19,0,23,69,255,3,1,1,31,1,47,162,220,108,218,18,220,62,220,209,221,179,218,215,218,177,219,3,6,2,103,27,9,254,0,0,128,0,0,0,0,6,0,0,0,97,161,122,49,130,0,39,128,64,255,0,0,0,4,200,86,49,214,51,165,8,0,8,3,0,128,188,141,157,223,8,223,24,223,0,223,0,223,180,223,185,223,190,223,0,223,157,223,2,141,216,0,165,26,140,252,141,211
2026-08-17_14-08-30,1,1025,0,0.0,0,1300.0,-1,-1,197,141,1,0,192,0,5,223,0,0,1,0,0,18,18,0,0,36,64,0,3,0,0,0,0,19,0,23,69,255,3,1,1,31,1,47,162,220,108,218,18,220,62,220,209,221,179,218,215,218,177,219,3,6,2,103,27,9,254,0,0,128,0,0,0,0,6,0,0,0,97,161,122,49,130,0,39,128,64,255,0,0,0,4,200,86,49,214,51,165,8,0,8,3,0,128,188,141,157,223,8,223,24,223,0,223,0,223,180,223,185,223,190,223,0,223,157,223,2,141,216,0,165,26,140,252,141,211,201,222,1,0,192,0,5,223,0,0,1,0,0,18,18,0,0,36,64,0,3,0,0,0,0,19,0,23,69,255,3,1,1,31,1,47,162,220,108,218,18,220,62,220,209,221,179,218,215,218,177,219,3,6,2,103,27,9,254,0,0,128,0,0,0,0,6,0,0,0,97,161,122,49,130,0,39,128,64,255,0,0,0,4,200,86,49,214,51,165,8,0,8,3,0,128,188,141,157,223,8,223,24,223,0,223,0,223,180,223,185,223,190,223,0,223,157,223,2,141,216,0,165,26,140,252,141,211
2026-08-17_14-08-30,1,1026,0,0.0,0,1300.0,-1,-1,201,222,1,0,192,0,5,223,0,0,1,0,0,18,18,0,0,36,64,0,3,0,0,0,0,19,0,23,69,255,3,1,1,31,1,47,162,220,108,218,18,220,62,220,209,221,179,218,215,218,177,219,3,6,2,103,27,9,254,0,0,128,0,0,0,0,6,0,0,0,97,161,122,49,130,0,39,128,64,255,0,0,0,4,200,86,49,214,51,165,8,0,8,3,0,128,188,141,157,223,8,223,24,223,0,223,0,223,180,223,185,223,190,223,0,223,157,223,2,141,216,0,165,26,140,252,141,211,205,226,1,0,192,0,5,223,0,0,1,0,0,18,18,0,0,36,64,0,3,0,0,0,0,19,0,23,69,255,3,1,1,31,1,47,162,220,108,218,18,220,62,220,209,221,179,218,215,218,177,219,3,6,2,103,27,9,254,0,0,128,0,0,0,0,6,0,0,0,97,161,122,49,130,0,39,128,64,255,0,0,0,4,200,86,49,214,51,165,8,0,8,3,0,128,188,141,157,223,8,223,24,223,0,223,0,223,180,223,185,223,190,223,0,223,157,223,2,141,216,0,165,26,140,252,141,211
2026-08-17_14-08-30,1,1027,0,0.0,0,1300.0,-1,-1,205,226,1,0,192,0,5,223,0,0,1,0,0,18,18,0,0,36,64,0,3,0,0,0,0,19,0,23,69,255,3,1,1,31,1,47,162,220,108,218,18,220,62,220,209,221,179,218,215,218,177,219,3,6,2,103,27,9,254,0,0,128,0,0,0,0,6,0,0,0,97,161,122,49,130,0,39,128,64,255,0,0,0,4,200,86,49,214,51,165,8,0,8,3,0,128,188,141,157,223,8,223,24,223,0,223,0,223,180,223,185,223,190,223,0,223,157,223,2,141,216,0,165,26,140,252,141,211,209,47,1,0,192,0,5,223,0,0,1,0,0,18,18,0,0,36,64,0,3,0,0,0,0,19,0,23,69,255,3,1,1,31,1,47,162,220,108,218,18,220,62,220,209,221,179,218,215,218,177,219,3,6,2,103,27,9,254,0,0,128,0,0,0,0,6,0,0,0,97,161,122,49,130,0,39,128,64,255,0,0,0,4,200,86,49,214,51,165,8,0,8,3,0,128,188,141,157,223,8,223,24,223,0,223,0,223,180,223,185,223,190,223,0,223,157,223,2,141,216,0,165,26,140,252,141,211
2026-08-17_14-08-30,1,1028,0,0.0,0,1300.0,-1,-1,209,47,1,0,192,0,5,223,0,0,1,0,0,18,18,0,0,36,64,0,3,0,0,0,0,19,0,23,69,255,3,1,1,31,1,47,162,220,108,218,18,220,62,220,209,221,179,218,215,218,177,219,3,6,2,103,27,9,254,0,0,128,0,0,0,0,6,0,0,0,97,161,122,49,130,0,39,128,64,255,0,0,0,4,200,86,49,214,51,165,8,0,8,3,0,128,188,141,157,223,8,223,24,223,0,223,0,223,180,223,185,223,190,223,0,223,157,223,2,141,216,0,165,26,140,252,141,211,213,245,1,0,192,0,5,223,0,0,1,0,0,18,18,0,0,36,64,0,3,0,0,0,0,19,0,23,69,255,3,1,1,31,1,47,162,220,108,218,18,220,62,220,209,221,179,218,215,218,177,219,3,6,2,103,27,9,254,0,0,128,0,0,0,0,6,0,0,0,97,161,122,49,130,0,39,128,64,255,0,0,0,4,200,86,49,214,51,165,8,0,8,3,0,128,188,141,157,223,8,223,24,223,0,223,0,223,180,223,185,223,190,223,0,223,157,223,2,141,216,0,165,26,140,252,141,211
2026-08-17_14-08-30,1,1029,0,0.0,0,1300.0,-1,-1,213,245,1,0,192,0,5,223,0,0,1,0,0,18,18,0,0,36,64,0,3,0,0,0,0,19,0,23,69,255,3,1,1,31,1,47,162,220,108,218,18,220,62,220,209,221,179,218,215,218,177,219,3,6,2,103,27,9,254,0,0,128,0,0,0,0,6,0,0,0,97,161,122,49,130,0,39,128,64,255,0,0,0,4,200,86,49,214,51,165,8,0,8,3,0,128,188,141,157,223,8,223,24,223,0,223,0,223,180,223,185,223,190,223,0,223,157,223,2,141,216,0,165,26,140,252,141,211,217,85,1,0,192,0,5,223,0,0,1,0,0,18,18,0,0,36,64,0,3,0,0,0,0,19,0,23,69,255,3,1,1,31,1,47,162,220,108,218,18,220,62,220,209,221,179,218,215,218,177,219,3,6,2,103,27,9,254,0,0,128,0,0,0,0,6,0,0,0,97,161,122,49,130,0,39,128,64,255,0,0,0,4,200,86,49,214,51,165,8,0,8,3,0,128,188,141,157,223,8,223,24,223,0,223,0,223,180,223,185,223,190,223,0,223,157,223,2,141,216,0,165,26,140,252,141,211
2026-08-17_14-08-30,1,1030,0,0.0,0,1300.0,-1,-1,217,85,1,0,192,0,5,223,0,0,1,0,0,18,18,0,0,36,64,0,3,0,0,0,0,19,0,23,69,255,3,1,1,31,1,47,162,220,108,218,18,220,62,220,209,221,179,218,215,218,177,219,3,6,2,103,27,9,254,0,0,128,0,0,0,0,6,0,0,0,97,161,122,49,130,0,39,128,64,255,0,0,0,4,200,86,49,214,51,165,8,0,8,3,0,128,188,141,157,223,8,223,24,223,0,223,0,223,180,223,185,223,190,223,0,223,157,223,2,141,216,0,165,26,140,252,141,211,221,95,1,0,192,0,5,223,0,0,1,0,0,18,18,0,0,36,64,0,3,0,0,0,0,19,0,23,69,255,3,1,1,31,1,47,162,220,108,218,18,220,62,220,209,221,179,218,215,218,177,219,3,6,2,103,27,9,254,0,0,128,0,0,0,0,6,0,0,0,97,161,122,49,130,0,39,128,64,255,0,0,0,4,200,86,49,214,51,165,8,0,8,3,0,128,188,141,157,223,8,223,24,223,0,223,0,223,180,223,185,223,190,223,0,223,157,223,2,141,216,0,165,26,140,252,141,211
2026-08-17_14-08-30,1,1031,0,0.0,0,1300.0,-1,-1,221,95,1,0,192,0,5,223,0,0,1,0,0,18,18,0,0,36,64,0,3,0,0,0,0,19,0,23,69,255,3,1,1,31,1,47,162,220,108,218,18,220,62,220,209,221,179,218,215,218,177,219,3,6,2,103,27,9,254,0,0,128,0,0,0,0,6,0,0,0,97,161,122,49,130,0,39,128,64,255,0,0,0,4,200,86,49,214,51,165,8,0,8,3,0,128,188,141,157,223,8,223,24,223,0,223,0,223,180,223,185,223,190,223,0,223,157,223,2,141,216,0,165,26,140,252,141,211,225,250,1,0,192,0,5,223,0,0,1,0,0,18,18,0,0,36,64,0,3,0,0,0,0,19,0,23,69,255,3,1,1,31,1,47,162,220,108,218,18,220,62,220,209,221,179,218,215,218,177,219,3,6,2,103,27,9,254,0,0,128,0,0,0,0,6,0,0,0,97,161,122,49,130,0,39,128,64,255,0,0,0,4,200,86,49,214,51,165,8,0,8,3,0,128,188,141,157,223,8,223,24,223,0,223,0,223,180,223,185,223,190,223,0,223,157,223,2,141,216,0,165,26,140,252,141,211
2026-08-17_14-08-30,1,1032,0,0.0,0,1300.0,-1,-1,225,250,1,0,192,0,5,223,0,0,1,0,0,18,18,0,0,36,64,0,3,0,0,0,0,19,0,23,69,255,3,1,1,31,1,47,162,220,108,218,18,220,62,220,209,221,179,218,215,218,177,219,3,6,2,103,27,9,254,0,0,128,0,0,0,0,6,0,0,0,97,161,122,49,130,0,39,128,64,255,0,0,0,4,200,86,49,214,51,165,8,0,8,3,0,128,188,141,157,223,8,223,24,223,0,223,0,223,180,223,185,223,190,223,0,223,157,223,2,141,216,0,165,26,140,252,141,211,229,162,1,0,192,0,5,223,0,0,1,0,0,18,18,0,0,36,64,0,3,0,0,0,0,19,0,23,69,255,3,1,1,31,1,47,162,220,108,218,18,220,62,220,209,221,179,218,215,218,177,219,3,6,2,103,27,9,254,0,0,128,0,0,0,0,6,0,0,0,97,161,122,49,130,0,39,128,64,255,0,0,0,4,200,86,49,214,51,165,8,0,8,3,0,128,188,141,157,223,8,223,24,223,0,223,0,223,180,223,185,223,190,223,0,223,157,223,2,141,216,0,165,26,140,252,141,211
2026-08-17_14-08-30,1,1033,0,0.0,0,1300.0,-1,-1,229,162,1,0,192,0,5,223,0,0,1,0,0,18,18,0,0,36,64,0,3,0,0,0,0,19,0,23,69,255,3,1,1,31,1,47,162,220,108,218,18,220,62,220,209,221,179,218,215,218,177,219,3,6,2,103,27,9,254,0,0,128,0,0,0,0,6,0,0,0,97,161,122,49,130,0,39,128,64,255,0,0,0,4,200,86,49,214,51,165,8,0,8,3,0,128,188,141,157,223,8,223,24,223,0,223,0,223,180,223,185,223,190,223,0,223,157,223,2,141,216,0,165,26,140,252,141,211,233,43,1,0,192,0,5,223,0,0,1,0,0,18,18,0,0,36,64,0,3,0,0,0,0,19,0,23,69,255,3,1,1,31,1,47,162,220,108,218,18,220,62,220,209,221,179,218,215,218,177,219,3,6,2,103,27,9,254,0,0,128,0,0,0,0,6,0,0,0,97,161,122,49,130,0,39,128,64,255,0,0,0,4,200,86,49,214,51,165,8,0,8,3,0,128,188,141,157,223,8,223,24,223,0,223,0,223,180,223,185,223,190,223,0,223,157,223,2,141,216,0,165,26,140,252,141,211
2026-08-17_14-08-30,1,1034,0,0.0,0,1300.0,-1,-1,233,43,1,0,192,0,5,223,0,0,1,0,0,18,18,0,0,36,64,0,3,0,0,0,0,19,0,23,69,255,3,1,1,31,1,47,162,220,108,218,18,220,62,220,209,221,179,218,215,218,177,219,3,6,2,103,27,9,254,0,0,128,0,0,0,0,6,0,0,0,97,161,122,49,130,0,39,128,64,255,0,0,0,4,200,86,49,214,51,165,8,0,8,3,0,128,188,141,157,223,8,223,24,223,0,223,0,223,180,223,185,223,190,223,0,223,157,223,2,141,216,0,165,26,140,252,141,211,237,183,1,0,192,0,5,223,0,0,1,0,0,18,18,0,0,36,64,0,3,0,0,0,0,19,0,23,69,255,3,1,1,31,1,47,162,220,108,218,18,220,62,220,209,221,179,218,215,218,177,219,3,6,2,103,27,9,254,0,0,128,0,0,0,0,6,0,0,0,97,161,122,49,130,0,39,128,64,255,0,0,0,4,200,86,49,214,51,165,8,0,8,3,0,128,188,141,157,223,8,223,24,223,0,223,0,223,180,223,185,223,190,223,0,223,157,223,2,141,216,0,165,26,140,252,141,211
2026-08-17_14-08-30,1,1035,0,0.0,0,1300.0,-1,-1,237,183,1,0,192,0,5,223,0,0,1,0,0,18,18,0,0,36,64,0,3,0,0,0,0,19,0,23,69,255,3,1,1,31,1,47,162,220,108,218,18,220,62,220,209,221,179,218,215,218,177,219,3,6,2,103,27,9,254,0,0,128,0,0,0,0,6,0,0,0,97,161,122,49,130,0,39,128,64,255,0,0,0,4,200,86,49,214,51,165,8,0,8,3,0,128,188,141,157,223,8,223,24,223,0,223,0,223,180,223,185,223,190,223,0,223,157,223,2,141,216,0,165,26,140,252,141,211,241,112,1,0,192,0,5,223,0,0,1,0,0,18,18,0,0,36,64,0,3,0,0,0,0,19,0,23,69,255,3,1,1,31,1,47,162,220,108,218,18,220,62,220,209,221,179,218,215,218,177,219,3,6,2,103,27,9,254,0,0,128,0,0,0,0,6,0,0,0,97,161,122,49,130,0,39,128,64,255,0,0,0,4,200,86,49,214,51,165,8,0,8,3,0,128,188,141,157,223,8,223,24,223,0,223,0,223,180,223,185,223,190,223,0,223,157,223,2,141,216,0,165,26,140,252,141,211
2026-08-17_14-08-30,1,1036,0,0.0,0,1300.0,-1,-1,241,112,1,0,192,0,5,223,0,0,1,0,0,18,18,0,0,36,64,0,3,0,0,0,0,19,0,23,69,255,3,1,1,31,1,47,162,220,108,218,18,220,62,220,209,221,179,218,215,218,177,219,3,6,2,103,27,9,254,0,0,128,0,0,0,0,6,0,0,0,97,161,122,49,130,0,39,128,64,255,0,0,0,4,200,86,49,214,51,165,8,0,8,3,0,128,188,141,157,223,8,223,24,223,0,223,0,223,180,223,185,223,190,223,0,223,157,223,2,141,216,0,165,26,140,252,141,211,245,15,1,0,192,0,5,223,0,0,1,0,0,18,18,0,0,36,64,0,3,0,0,0,0,19,0,23,69,255,3,1,1,31,1,47,162,220,108,218,18,220,62,220,209,221,179,218,215,218,177,219,3,6,2,103,27,9,254,0,0,128,0,0,0,0,6,0,0,0,97,161,122,49,130,0,39,128,64,255,0,0,0,4,200,86,49,214,51,165,8,0,8,3,0,128,188,141,157,223,8,223,24,223,0,223,0,223,180,223,185,223,190,223,0,223,157,223,2,141,216,0,165,26,140,252,141,211
2026-08-17_14-08-30,1,1037,0,0.0,0,1300.0,-1,-1,245,15,1,0,192,0,5,223,0,0,1,0,0,18,18,0,0,36,64,0,3,0,0,0,0,19,0,23,69,255,3,1,1,31,1,47,162,220,108,218,18,220,62,220,209,221,179,218,215,218,177,219,3,6,2,103,27,9,254,0,0,128,0,0,0,0,6,0,0,0,97,161,122,49,130,0,39,128,64,255,0,0,0,4,200,86,49,214,51,165,8,0,8,3,0,128,188,141,157,223,8,223,24,223,0,223,0,223,180,223,185,223,190,223,0,223,157,223,2,141,216,0,165,26,140,252,141,211,249,247,1,0,192,0,5,223,0,0,1,0,0,18,18,0,0,36,64,0,3,0,0,0,0,19,0,23,69,255,3,1,1,31,1,47,162,220,108,218,18,220,62,220,209,221,179,218,215,218,177,219,3,6,2,103,27,9,254,0,0,128,0,0,0,0,6,0,0,0,97,161,122,49,130,0,39,128,64,255,0,0,0,4,200,86,49,214,51,165,8,0,8,3,0,128,188,141,157,223,8,223,24,223,0,223,0,223,180,223,185,223,190,223,0,223,157,223,2,141,216,0,165,26,140,252,141,211
2026-08-17_14-08-30,1,1038,0,0.0,0,1300.0,-1,-1,249,247,1,0,192,0,5,223,0,0,1,0,0,18,18,0,0,36,64,0,3,0,0,0,0,19,0,23,69,255,3,1,1,31,1,47,162,220,108,218,18,220,62,220,209,221,179,218,215,218,177,219,3,6,2,103,27,9,254,0,0,128,0,0,0,0,6,0,0,0,97,161,122,49,130,0,39,128,64,255,0,0,0,4,200,86,49,214,51,165,8,0,8,3,0,128,188,141,157,223,8,223,24,223,0,223,0,223,180,223,185,223,190,223,0,223,157,223,2,141,216,0,165,26,140,252,141,211,253,116,1,0,192,0,5,223,0,0,1,0,0,18,18,0,0,36,64,0,3,0,0,0,0,19,0,23,69,255,3,1,1,31,1,47,162,220,108,218,18,220,62,220,209,221,179,218,215,218,177,219,3,6,2,103,27,9,254,0,0,128,0,0,0,0,6,0,0,0,97,161,122,49,130,0,39,128,64,255,0,0,0,4,200,86,49,214,51,165,8,0,8,3,0,128,188,141,157,223,8,223,24,223,0,223,0,223,180,223,185,223,190,223,0,223,157,223,2,141,216,0,165,26,140,252,141,211
2026-08-17_14-08-30,1,1039,2,0.0,0,1300.0,-1,-1,253,116,1,0,192,0,5,223,0,0,1,0,0,18,18,0,0,36,64,0,3,0,0,0,0,19,0,23,69,255,3,1,1,31,1,47,162,220,108,218,18,220,62,220,209,221,179,218,215,218,177,219,3,6,2,103,27,9,254,0,0,128,0,0,0,0,6,0,0,0,97,161,122,49,130,0,39,128,64,255,0,0,0,4,200,86,49,214,51,165,8,0,8,3,0,128,188,141,157,223,8,223,24,223,0,223,0,223,180,223,185,223,190,223,0,223,157,223,2,141,216,0,165,26,140,252,141,211,1,77,0,1,192,0,5,223,0,0,1,0,0,18,18,0,0,36,64,0,3,0,0,0,0,19,0,23,69,255,3,1,1,31,1,47,162,220,108,218,18,220,62,220,209,221,179,218,215,218,177,219,3,6,2,103,27,9,254,0,0,128,0,0,0,0,6,0,0,0,97,161,122,49,130,0,39,128,64,255,0,0,0,4,200,86,49,214,51,165,8,0,8,3,0,128,188,141,157,223,8,223,24,223,0,223,0,223,180,223,185,223,190,223,0,223,157,223,2,141,216,0,165,26,140,252,141,211
2026-08-17_14-08-30,1,1040,2,0.0,0,1300.0,-1,-1,1,77,0,1,192,0,5,223,0,0,1,0,0,18,18,0,0,36,64,0,3,0,0,0,0,19,0,23,69,255,3,1,1,31,1,47,162,220,108,218,18,220,62,220,209,221,179,218,215,218,177,219,3,6,2,103,27,9,254,0,0,128,0,0,0,0,6,0,0,0,97,161,122,49,130,0,39,128,64,255,0,0,0,4,200,86,49,214,51,165,8,0,8,3,0,128,188,141,157,223,8,223,24,223,0,223,0,223,180,223,185,223,190,223,0,223,157,223,2,141,216,0,165,26,140,252,141,211,5,210,0,1,192,0,5,223,0,0,1,0,0,18,18,0,0,36,64,0,3,0,0,0,0,19,0,23,69,255,3,1,1,31,1,47,162,220,108,218,18,220,62,220,209,221,179,218,215,218,177,219,3,6,2,103,27,9,254,0,0,128,0,0,0,0,6,0,0,0,97,161,122,49,130,0,39,128,64,255,0,0,0,4,200,86,49,214,51,165,8,0,8,3,0,128,188,141,157,223,8,223,24,223,0,223,0,223,180,223,185,223,190,223,0,223,157,223,2,141,216,0,165,26,140,252,141,211
2026-08-17_14-08-30,1,1041,2,0.0,0,1300.0,-1,-1,5,210,0,1,192,0,5,223,0,0,1,0,0,18,18,0,0,36,64,0,3,0,0,0,0,19,0,23,69,255,3,1,1,31,1,47,162,220,108,218,18,220,62,220,209,221,179,218,215,218,177,219,3,6,2,103,27,9,254,0,0,128,0,0,0,0,6,0,0,0,97,161,122,49,130,0,39,128,64,255,0,0,0,4,200,86,49,214,51,165,8,0,8,3,0,128,188,141,157,223,8,223,24,223,0,223,0,223,180,223,185,223,190,223,0,223,157,223,2,141,216,0,165,26,140,252,141,211,9,36,0,1,192,0,5,223,0,0,1,0,0,18,18,0,0,36,64,0,3,0,0,0,0,19,0,23,69,255,3,1,1,31,1,47,162,220,108,218,18,220,62,220,209,221,179,218,215,218,177,219,3,6,2,103,27,9,254,0,0,128,0,0,0,0,6,0,0,0,97,161,122,49,130,0,39,128,64,255,0,0,0,4,200,86,49,214,51,165,8,0,8,3,0,128,188,141,157,223,8,223,24,223,0,223,0,223,180,223,185,223,190,223,0,223,157,223,2,141,216,0,165,26,140,252,141,211
2026-08-17_14-08-30,1,1042,2,0.0,0,1300.0,-1,-1,9,36,0,1,192,0,5,223,0,0,1,0,0,18,18,0,0,36,64,0,3,0,0,0,0,19,0,23,69,255,3,1,1,31,1,47,162,220,108,218,18,220,62,220,209,221,179,218,215,218,177,219,3,6,2,103,27,9,254,0,0,128,0,0,0,0,6,0,0,0,97,161,122,49,130,0,39,128,64,255,0,0,0,4,200,86,49,214,51,165,8,0,8,3,0,128,188,141,157,223,8,223,24,223,0,223,0,223,180,223,185,223,190,223,0,223,157,223,2,141,216,0,165,26,140,252,141,211,13,64,0,1,192,0,5,223,0,0,1,0,0,18,18,0,0,36,64,0,3,0,0,0,0,19,0,23,69,255,3,1,1,31,1,47,162,220,108,218,18,220,62,220,209,221,179,218,215,218,177,219,3,6,2,103,27,9,254,0,0,128,0,0,0,0,6,0,0,0,97,161,122,49,130,0,39,128,64,255,0,0,0,4,200,86,49,214,51,165,8,0,8,3,0,128,188,141,157,223,8,223,24,223,0,223,0,223,180,223,185,223,190,223,0,223,157,223,2,141,216,0,165,26,140,252,141,211
2026-08-17_14-08-30,1,1043,0,0.0,0,1300.0,-1,-1,13,64,0,1,192,0,5,223,0,0,1,0,0,18,18,0,0,36,64,0,3,0,0,0,0,19,0,23,69,255,3,1,1,31,1,47,162,220,108,218,18,220,62,220,209,221,179,218,215,218,177,219,3,6,2,103,27,9,254,0,0,128,0,0,0,0,6,0,0,0,97,161,122,49,130,0,39,128,64,255,0,0,0,4,200,86,49,214,51,165,8,0,8,3,0,128,188,141,157,223,8,223,24,223,0,223,0,223,180,223,185,223,190,223,0,223,157,223,2,141,216,0,165,26,140,252,141,211,17,4,0,1,192,0,5,223,0,0,1,0,0,18,18,0,0,36,64,0,3,0,0,0,0,19,0,23,69,255,3,1,1,31,1,47,162,220,108,218,18,220,62,220,209,221,179,218,215,218,177,219,3,6,2,103,27,9,254,0,0,128,0,0,0,0,6,0,0,0,97,161,122,49,130,0,39,128,64,255,0,0,0,4,200,86,49,214,51,165,8,0,8,3,0,128,188,141,157,223,8,223,24,223,0,223,0,223,180,223,185,223,190,223,0,223,157,223,2,141,216,0,165,26,140,252,141,211
2026-08-17_14-08-30,1,1044,3,0.0,0,1300.0,-1,-1,17,4,0,1,192,0,5,223,0,0,1,0,0,18,18,0,0,36,64,0,3,0,0,0,0,19,0,23,69,255,3,1,1,31,1,47,162,220,108,218,18,220,62,220,209,221,179,218,215,218,177,219,3,6,2,103,27,9,254,0,0,128,0,0,0,0,6,0,0,0,97,161,122,49,130,0,39,128,64,255,0,0,0,4,200,86,49,214,51,165,8,0,8,3,0,128,188,141,157,223,8,223,24,223,0,223,0,223,180,223,185,223,190,223,0,223,157,223,2,141,216,0,165,26,140,252,141,211,21,66,0,1,192,0,5,223,0,0,1,0,0,18,18,0,0,36,64,0,3,0,0,0,0,19,0,23,69,255,3,1,1,31,1,47,162,220,108,218,18,220,62,220,209,221,179,218,215,218,177,219,3,6,2,103,27,9,254,0,0,128,0,0,0,0,6,0,0,0,97,161,122,49,130,0,39,128,64,255,0,0,0,4,200,86,49,214,51,165,8,0,8,3,0,128,188,141,157,223,8,223,24,223,0,223,0,223,180,223,185,223,190,223,0,223,157,223,2,141,216,0,165,26,140,252,141,211
2026-08-17_14-08-30,1,1045,0,0.0,0,1300.0,-1,-1,21,66,0,1,192,0,5,223,0,0,1,0,0,18,18,0,0,36,64,0,3,0,0,0,0,19,0,23,69,255,3,1,1,31,1,47,162,220,108,218,18,220,62,220,209,221,179,218,215,218,177,219,3,6,2,103,27,9,254,0,0,128,0,0,0,0,6,0,0,0,97,161,122,49,130,0,39,128,64,255,0,0,0,4,200,86,49,214,51,165,8,0,8,3,0,128,188,141,157,223,8,223,24,223,0,223,0,223,180,223,185,223,190,223,0,223,157,223,2,141,216,0,165,26,140,252,141,211,25,37,0,1,192,0,5,223,0,0,1,0,0,18,18,0,0,36,64,0,3,0,0,0,0,19,0,23,69,255,3,1,1,31,1,47,162,220,108,218,18,220,62,220,209,221,179,218,215,218,177,219,3,6,2,103,27,9,254,0,0,128,0,0,0,0,6,0,0,0,97,161,122,49,130,0,39,128,64,255,0,0,0,4,200,86,49,214,51,165,8,0,8,3,0,128,188,141,157,223,8,223,24,223,0,223,0,223,180,223,185,223,190,223,0,223,157,223,2,141,216,0,165,26,140,252,141,211
2026-08-17_14-08-30,1,1046,1,0.0,0,1300.0,-1,-1,25,37,0,1,192,0,5,223,0,0,1,0,0,18,18,0,0,36,64,0,3,0,0,0,0,19,0,23,69,255,3,1,1,31,1,47,162,220,108,218,18,220,62,220,209,221,179,218,215,218,177,219,3,6,2,103,27,9,254,0,0,128,0,0,0,0,6,0,0,0,97,161,122,49,130,0,39,128,64,255,0,0,0,4,200,86,49,214,51,165,8,0,8,3,0,128,188,141,157,223,8,223,24,223,0,223,0,223,180,223,185,223,190,223,0,223,157,223,2,141,216,0,165,26,140,252,141,211,29,80,0,1,192,0,5,223,0,0,1,0,0,18,18,0,0,36,64,0,3,0,0,0,0,19,0,23,69,255,3,1,1,31,1,47,162,220,108,218,18,220,62,220,209,221,179,218,215,218,177,219,3,6,2,103,27,9,254,0,0,128,0,0,0,0,6,0,0,0,97,161,122,49,130,0,39,128,64,255,0,0,0,4,200,86,49,214,51,165,8,0,8,3,0,128,188,141,157,223,8,223,24,223,0,223,0,223,180,223,185,223,190,223,0,223,157,223,2,141,216,0,165,26,140,252,141,211
2026-08-17_14-08-30,1,1047,1,0.0,0,1300.0,-1,-1,29,80,0,1,192,0,5,223,0,0,1,0,0,18,18,0,0,36,64,0,3,0,0,0,0,19,0,23,69,255,3,1,1,31,1,47,162,220,108,218,18,220,62,220,209,221,179,218,215,218,177,219,3,6,2,103,27,9,254,0,0,128,0,0,0,0,6,0,0,0,97,161,122,49,130,0,39,128,64,255,0,0,0,4,200,86,49,214,51,165,8,0,8,3,0,128,188,141,157,223,8,223,24,223,0,223,0,223,180,223,185,223,190,223,0,223,157,223,2,141,216,0,165,26,140,252,141,211,33,13,0,1,192,0,5,223,0,0,1,0,0,18,18,0,0,36,64,0,3,0,0,0,0,19,0,23,69,255,3,1,1,31,1,47,162,220,108,218,18,220,62,220,209,221,179,218,215,218,177,219,3,6,2,103,27,9,254,0,0,128,0,0,0,0,6,0,0,0,97,161,122,49,130,0,39,128,64,255,0,0,0,4,200,86,49,214,51,165,8,0,8,3,0,128,188,141,157,223,8,223,24,223,0,223,0,223,180,223,185,223,190,223,0,223,157,223,2,141,216,0,165,26,140,252,141,211
2026-08-17_14-08-30,1,1048,1,0.0,0,1300.0,-1,-1,33,13,0,1,192,0,5,223,0,0,1,0,0,18,18,0,0,36,64,0,3,0,0,0,0,19,0,23,69,255,3,1,1,31,1,47,162,220,108,218,18,220,62,220,209,221,179,218,215,218,177,219,3,6,2,103,27,9,254,0,0,128,0,0,0,0,6,0,0,0,97,161,122,49,130,0,39,128,64,255,0,0,0,4,200,86,49,214,51,165,8,0,8,3,0,128,188,141,157,223,8,223,24,223,0,223,0,223,180,223,185,223,190,223,0,223,157,223,2,141,216,0,165,26,140,252,141,211,37,214,0,1,192,0,5,223,0,0,1,0,0,18,18,0,0,36,64,0,3,0,0,0,0,19,0,23,69,255,3,1,1,31,1,47,162,220,108,218,18,220,62,220,209,221,179,218,215,218,177,219,3,6,2,103,27,9,254,0,0,128,0,0,0,0,6,0,0,0,97,161,122,49,130,0,39,128,64,255,0,0,0,4,200,86,49,214,51,165,8,0,8,3,0,128,188,141,157,223,8,223,24,223,0,223,0,223,180,223,185,223,190,223,0,223,157,223,2,141,216,0,165,26,140,252,141,211
2026-08-17_14-08-30,1,1049,0,0.0,0,1300.0,-1,-1,37,214,0,1,192,0,5,223,0,0,1,0,0,18,18,0,0,36,64,0,3,0,0,0,0,19,0,23,69,255,3,1,1,31,1,47,162,220,108,218,18,220,62,220,209,221,179,218,215,218,177,219,3,6,2,103,27,9,254,0,0,128,0,0,0,0,6,0,0,0,97,161,122,49,130,0,39,128,64,255,0,0,0,4,200,86,49,214,51,165,8,0,8,3,0,128,188,141,157,223,8,223,24,223,0,223,0,223,180,223,185,223,190,223,0,223,157,223,2,141,216,0,165,26,140,252,141,211,41,102,0,1,192,0,5,223,0,0,1,0,0,18,18,0,0,36,64,0,3,0,0,0,0,19,0,23,69,255,3,1,1,31,1,47,162,220,108,218,18,220,62,220,209,221,179,218,215,218,177,219,3,6,2,103,27,9,254,0,0,128,0,0,0,0,6,0,0,0,97,161,122,49,130,0,39,128,64,255,0,0,0,4,200,86,49,214,51,165,8,0,8,3,0,128,188,141,157,223,8,223,24,223,0,223,0,223,180,223,185,223,190,223,0,223,157,223,2,141,216,0,165,26,140,252,141,211
2026-08-17_14-08-30,1,1050,4,0.0,0,1300.0,-1,-1,41,102,0,1,192,0,5,223,0,0,1,0,0,18,18,0,0,36,64,0,3,0,0,0,0,19,0,23,69,255,3,1,1,31,1,47,162,220,108,218,18,220,62,220,209,221,179,218,215,218,177,219,3,6,2,103,27,9,254,0,0,128,0,0,0,0,6,0,0,0,97,161,122,49,130,0,39,128,64,255,0,0,0,4,200,86,49,214,51,165,8,0,8,3,0,128,188,141,157,223,8,223,24,223,0,223,0,223,180,223,185,223,190,223,0,223,157,223,2,141,216,0,165,26,140,252,141,211,45,101,0,1,192,0,5,223,0,0,1,0,0,18,18,0,0,36,64,0,3,0,0,0,0,19,0,23,69,255,3,1,1,31,1,47,162,220,108,218,18,220,62,220,209,221,179,218,215,218,177,219,3,6,2,103,27,9,254,0,0,128,0,0,0,0,6,0,0,0,97,161,122,49,130,0,39,128,64,255,0,0,0,4,200,86,49,214,51,165,8,0,8,3,0,128,188,141,157,223,8,223,24,223,0,223,0,223,180,223,185,223,190,223,0,223,157,223,2,141,216,0,165,26,140,252,141,211
2026-08-17_14-08-30,1,1051,4,0.0,0,1300.0,-1,-1,45,101,0,1,192,0,5,223,0,0,1,0,0,18,18,0,0,36,64,0,3,0,0,0,0,19,0,23,69,255,3,1,1,31,1,47,162,220,108,218,18,220,62,220,209,221,179,218,215,218,177,219,3,6,2,103,27,9,254,0,0,128,0,0,0,0,6,0,0,0,97,161,122,49,130,0,39,128,64,255,0,0,0,4,200,86,49,214,51,165,8,0,8,3,0,128,188,141,157,223,8,223,24,223,0,223,0,223,180,223,185,223,190,223,0,223,157,223,2,141,216,0,165,26,140,252,141,211,49,84,0,1,192,0,5,223,0,0,1,0,0,18,18,0,0,36,64,0,3,0,0,0,0,19,0,23,69,255,3,1,1,31,1,47,162,220,108,218,18,220,62,220,209,221,179,218,215,218,177,219,3,6,2,103,27,9,254,0,0,128,0,0,0,0,6,0,0,0,97,161,122,49,130,0,39,128,64,255,0,0,0,4,200,86,49,214,51,165,8,0,8,3,0,128,188,141,157,223,8,223,24,223,0,223,0,223,180,223,185,223,190,223,0,223,157,223,2,141,216,0,165,26,140,252,141,211
2026-08-17_14-08-30,1,1052,0,0.0,0,1300.0,-1,-1,49,84,0,1,192,0,5,223,0,0,1,0,0,18,18,0,0,36,64,0,3,0,0,0,0,19,0,23,69,255,3,1,1,31,1,47,162,220,108,218,18,220,62,220,209,221,179,218,215,218,177,219,3,6,2,103,27,9,254,0,0,128,0,0,0,0,6,0,0,0,97,161,122,49,130,0,39,128,64,255,0,0,0,4,200,86,49,214,51,165,8,0,8,3,0,128,188,141,157,223,8,223,24,223,0,223,0,223,180,223,185,223,190,223,0,223,157,223,2,141,216,0,165,26,140,252,141,211,53,79,0,1,192,0,5,223,0,0,1,0,0,18,18,0,0,36,64,0,3,0,0,0,0,19,0,23,69,255,3,1,1,31,1,47,162,220,108,218,18,220,62,220,209,221,179,218,215,218,177,219,3,6,2,103,27,9,254,0,0,128,0,0,0,0,6,0,0,0,97,161,122,49,130,0,39,128,64,255,0,0,0,4,200,86,49,214,51,165,8,0,8,3,0,128,188,141,157,223,8,223,24,223,0,223,0,223,180,223,185,223,190,223,0,223,157,223,2,141,216,0,165,26,140,252,141,211
2026-08-17_14-08-30,1,1053,0,0.0,0,1300.0,-1,-1,53,79,0,1,192,0,5,223,0,0,1,0,0,18,18,0,0,36,64,0,3,0,0,0,0,19,0,23,69,255,3,1,1,31,1,47,162,220,108,218,18,220,62,220,209,221,179,218,215,218,177,219,3,6,2,103,27,9,254,0,0,128,0,0,0,0,6,0,0,0,97,161,122,49,130,0,39,128,64,255,0,0,0,4,200,86,49,214,51,165,8,0,8,3,0,128,188,141,157,223,8,223,24,223,0,223,0,223,180,223,185,223,190,223,0,223,157,223,2,141,216,0,165,26,140,252,141,211,57,243,0,1,192,0,5,223,0,0,1,0,0,18,18,0,0,36,64,0,3,0,0,0,0,19,0,23,69,255,3,1,1,31,1,47,162,220,108,218,18,220,62,220,209,221,179,218,215,218,177,219,3,6,2,103,27,9,254,0,0,128,0,0,0,0,6,0,0,0,97,161,122,49,130,0,39,128,64,255,0,0,0,4,200,86,49,214,51,165,8,0,8,3,0,128,188,141,157,223,8,223,24,223,0,223,0,223,180,223,185,223,190,223,0,223,157,223,2,141,216,0,165,26,140,252,141,211
2026-08-17_14-08-30,1,1054,0,0.0,0,1300.0,-1,-1,57,243,0,1,192,0,5,223,0,0,1,0,0,18,18,0,0,36,64,0,3,0,0,0,0,19,0,23,69,255,3,1,1,31,1,47,162,220,108,218,18,220,62,220,209,221,179,218,215,218,177,219,3,6,2,103,27,9,254,0,0,128,0,0,0,0,6,0,0,0,97,161,122,49,130,0,39,128,64,255,0,0,0,4,200,86,49,214,51,165,8,0,8,3,0,128,188,141,157,223,8,223,24,223,0,223,0,223,180,223,185,223,190,223,0,223,157,223,2,141,216,0,165,26,140,252,141,211,61,54,0,1,192,0,5,223,0,0,1,0,0,18,18,0,0,36,64,0,3,0,0,0,0,19,0,23,69,255,3,1,1,31,1,47,162,220,108,218,18,220,62,220,209,221,179,218,215,218,177,219,3,6,2,103,27,9,254,0,0,128,0,0,0,0,6,0,0,0,97,161,122,49,130,0,39,128,64,255,0,0,0,4,200,86,49,214,51,165,8,0,8,3,0,128,188,141,157,223,8,223,24,223,0,223,0,223,180,223,185,223,190,223,0,223,157,223,2,141,216,0,165,26,140,252,141,211
2026-08-17_14-08-30,1,1055,0,0.0,0,1300.0,-1,-1,61,54,0,1,192,0,5,223,0,0,1,0,0,18,18,0,0,36,64,0,3,0,0,0,0,19,0,23,69,255,3,1,1,31,1,47,162,220,108,218,18,220,62,220,209,221,179,218,215,218,177,219,3,6,2,103,27,9,254,0,0,128,0,0,0,0,6,0,0,0,97,161,122,49,130,0,39,128,64,255,0,0,0,4,200,86,49,214,51,165,8,0,8,3,0,128,188,141,157,223,8,223,24,223,0,223,0,223,180,223,185,223,190,223,0,223,157,223,2,141,216,0,165,26,140,252,141,211,65,104,0,1,192,0,5,223,0,0,1,0,0,18,18,0,0,36,64,0,3,0,0,0,0,19,0,23,69,255,3,1,1,31,1,47,162,220,108,218,18,220,62,220,209,221,179,218,215,218,177,219,3,6,2,103,27,9,254,0,0,128,0,0,0,0,6,0,0,0,97,161,122,49,130,0,39,128,64,255,0,0,0,4,200,86,49,214,51,165,8,0,8,3,0,128,188,141,157,223,8,223,24,223,0,223,0,223,180,223,185,223,190,223,0,223,157,223,2,141,216,0,165,26,140,252,141,211
2026-08-17_14-08-30,1,1056,0,0.0,0,1300.0,-1,-1,65,104,0,1,192,0,5,223,0,0,1,0,0,18,18,0,0,36,64,0,3,0,0,0,0,19,0,23,69,255,3,1,1,31,1,47,162,220,108,218,18,220,62,220,209,221,179,218,215,218,177,219,3,6,2,103,27,9,254,0,0,128,0,0,0,0,6,0,0,0,97,161,122,49,130,0,39,128,64,255,0,0,0,4,200,86,49,214,51,165,8,0,8,3,0,128,188,141,157,223,8,223,24,223,0,223,0,223,180,223,185,223,190,223,0,223,157,223,2,141,216,0,165,26,140,252,141,211,69,130,0,1,192,0,5,223,0,0,1,0,0,18,18,0,0,36,64,0,3,0,0,0,0,19,0,23,69,255,3,1,1,31,1,47,162,220,108,218,18,220,62,220,209,221,179,218,215,218,177,219,3,6,2,103,27,9,254,0,0,128,0,0,0,0,6,0,0,0,97,161,122,49,130,0,39,128,64,255,0,0,0,4,200,86,49,214,51,165,8,0,8,3,0,128,188,141,157,223,8,223,24,223,0,223,0,223,180,223,185,223,190,223,0,223,157,223,2,141,216,0,165,26,140,252,141,211
2026-08-17_14-08-30,1,1057,0,0.0,0,1300.0,-1,-1,69,130,0,1,192,0,5,223,0,0,1,0,0,18,18,0,0,36,64,0,3,0,0,0,0,19,0,23,69,255,3,1,1,31,1,47,162,220,108,218,18,220,62,220,209,221,179,218,215,218,177,219,3,6,2,103,27,9,254,0,0,128,0,0,0,0,6,0,0,0,97,161,122,49,130,0,39,128,64,255,0,0,0,4,200,86,49,214,51,165,8,0,8,3,0,128,188,141,157,223,8,223,24,223,0,223,0,223,180,223,185,223,190,223,0,223,157,223,2,141,216,0,165,26,140,252,141,211,73,41,0,1,192,0,5,223,0,0,1,0,0,18,18,0,0,36,64,0,3,0,0,0,0,19,0,23,69,255,3,1,1,31,1,47,162,220,108,218,18,220,62,220,209,221,179,218,215,218,177,219,3,6,2,103,27,9,254,0,0,128,0,0,0,0,6,0,0,0,97,161,122,49,130,0,39,128,64,255,0,0,0,4,200,86,49,214,51,165,8,0,8,3,0,128,188,141,157,223,8,223,24,223,0,223,0,223,180,223,185,223,190,223,0,223,157,223,2,141,216,0,165,26,140,252,141,211
2026-08-17_14-08-30,1,1058,0,0.0,0,1300.0,-1,-1,73,41,0,1,192,0,5,223,0,0,1,0,0,18,18,0,0,36,64,0,3,0,0,0,0,19,0,23,69,255,3,1,1,31,1,47,162,220,108,218,18,220,62,220,209,221,179,218,215,218,177,219,3,6,2,103,27,9,254,0,0,128,0,0,0,0,6,0,0,0,97,161,122,49,130,0,39,128,64,255,0,0,0,4,200,86,49,214,51,165,8,0,8,3,0,128,188,141,157,223,8,223,24,223,0,223,0,223,180,223,185,223,190,223,0,223,157,223,2,141,216,0,165,26,140,252,141,211,77,150,0,1,192,0,5,223,0,0,1,0,0,18,18,0,0,36,64,0,3,0,0,0,0,19,0,23,69,255,3,1,1,31,1,47,162,220,108,218,18,220,62,220,209,221,179,218,215,218,177,219,3,6,2,103,27,9,254,0,0,128,0,0,0,0,6,0,0,0,97,161,122,49,130,0,39,128,64,255,0,0,0,4,200,86,49,214,51,165,8,0,8,3,0,128,188,141,157,223,8,223,24,223,0,223,0,223,180,223,185,223,190,223,0,223,157,223,2,141,216,0,165,26,140,252,141,211
2026-08-17_14-08-30,1,1059,0,0.0,0,1300.0,-1,-1,77,150,0,1,192,0,5,223,0,0,1,0,0,18,18,0,0,36,64,0,3,0,0,0,0,19,0,23,69,255,3,1,1,31,1,47,162,220,108,218,18,220,62,220,209,221,179,218,215,218,177,219,3,6,2,103,27,9,254,0,0,128,0,0,0,0,6,0,0,0,97,161,122,49,130,0,39,128,64,255,0,0,0,4,200,86,49,214,51,165,8,0,8,3,0,128,188,141,157,223,8,223,24,223,0,223,0,223,180,223,185,223,190,223,0,223,157,223,2,141,216,0,165,26,140,252,141,211,81,98,0,1,192,0,5,223,0,0,1,0,0,18,18,0,0,36,64,0,3,0,0,0,0,19,0,23,69,255,3,1,1,31,1,47,162,220,108,218,18,220,62,220,209,221,179,218,215,218,177,219,3,6,2,103,27,9,254,0,0,128,0,0,0,0,6,0,0,0,97,161,122,49,130,0,39,128,64,255,0,0,0,4,200,86,49,214,51,165,8,0,8,3,0,128,188,141,157,223,8,223,24,223,0,223,0,223,180,223,185,223,190,223,0,223,157,223,2,141,216,0,165,26,140,252,141,211
2026-08-17_14-08-30,1,1060,0,0.0,0,1300.0,-1,-1,81,98,0,1,192,0,5,223,0,0,1,0,0,18,18,0,0,36,64,0,3,0,0,0,0,19,0,23,69,255,3,1,1,31,1,47,162,220,108,218,18,220,62,220,209,221,179,218,215,218,177,219,3,6,2,103,27,9,254,0,0,128,0,0,0,0,6,0,0,0,97,161,122,49,130,0,39,128,64,255,0,0,0,4,200,86,49,214,51,165,8,0,8,3,0,128,188,141,157,223,8,223,24,223,0,223,0,223,180,223,185,223,190,223,0,223,157,223,2,141,216,0,165,26,140,252,141,211,85,39,0,1,192,0,5,223,0,0,1,0,0,18,18,0,0,36,64,0,3,0,0,0,0,19,0,23,69,255,3,1,1,31,1,47,162,220,108,218,18,220,62,220,209,221,179,218,215,218,177,219,3,6,2,103,27,9,254,0,0,128,0,0,0,0,6,0,0,0,97,161,122,49,130,0,39,128,64,255,0,0,0,4,200,86,49,214,51,165,8,0,8,3,0,128,188,141,157,223,8,223,24,223,0,223,0,223,180,223,185,223,190,223,0,223,157,223,2,141,216,0,165,26,140,252,141,211
2026-08-17_14-08-30,1,1061,0,0.0,0,1300.0,-1,-1,85,39,0,1,192,0,5,223,0,0,1,0,0,18,18,0,0,36,64,0,3,0,0,0,0,19,0,23,69,255,3,1,1,31,1,47,162,220,108,218,18,220,62,220,209,221,179,218,215,218,177,219,3,6,2,103,27,9,254,0,0,128,0,0,0,0,6,0,0,0,97,161,122,49,130,0,39,128,64,255,0,0,0,4,200,86,49,214,51,165,8,0,8,3,0,128,188,141,157,223,8,223,24,223,0,223,0,223,180,223,185,223,190,223,0,223,157,223,2,141,216,0,165,26,140,252,141,211,89,113,0,1,192,0,5,223,0,0,1,0,0,18,18,0,0,36,64,0,3,0,0,0,0,19,0,23,69,255,3,1,1,31,1,47,162,220,108,218,18,220,62,220,209,221,179,218,215,218,177,219,3,6,2,103,27,9,254,0,0,128,0,0,0,0,6,0,0,0,97,161,122,49,130,0,39,128,64,255,0,0,0,4,200,86,49,214,51,165,8,0,8,3,0,128,188,141,157,223,8,223,24,223,0,223,0,223,180,223,185,223,190,223,0,223,157,223,2,141,216,0,165,26,140,252,141,211
2026-08-17_14-08-30,1,1062,0,0.0,0,1300.0,-1,-1,89,113,0,1,192,0,5,223,0,0,1,0,0,18,18,0,0,36,64,0,3,0,0,0,0,19,0,23,69,255,3,1,1,31,1,47,162,220,108,218,18,220,62,220,209,221,179,218,215,218,177,219,3,6,2,103,27,9,254,0,0,128,0,0,0,0,6,0,0,0,97,161,122,49,130,0,39,128,64,255,0,0,0,4,200,86,49,214,51,165,8,0,8,3,0,128,188,141,157,223,8,223,24,223,0,223,0,223,180,223,185,223,190,223,0,223,157,223,2,141,216,0,165,26,140,252,141,211,93,31,0,1,192,0,5,223,0,0,1,0,0,18,18,0,0,36,64,0,3,0,0,0,0,19,0,23,69,255,3,1,1,31,1,47,162,220,108,218,18,220,62,220,209,221,179,218,215,218,177,219,3,6,2,103,27,9,254,0,0,128,0,0,0,0,6,0,0,0,97,161,122,49,130,0,39,128,64,255,0,0,0,4,200,86,49,214,51,165,8,0,8,3,0,128,188,141,157,223,8,223,24,223,0,223,0,223,180,223,185,223,190,223,0,223,157,223,2,141,216,0,165,26,140,252,141,211
2026-08-17_14-08-30,1,1063,0,0.0,0,1300.0,-1,-1,93,31,0,1,192,0,5,223,0,0,1,0,0,18,18,0,0,36,64,0,3,0,0,0,0,19,0,23,69,255,3,1,1,31,1,47,162,220,108,218,18,220,62,220,209,221,179,218,215,218,177,219,3,6,2,103,27,9,254,0,0,128,0,0,0,0,6,0,0,0,97,161,122,49,130,0,39,128,64,255,0,0,0,4,200,86,49,214,51,165,8,0,8,3,0,128,188,141,157,223,8,223,24,223,0,223,0,223,180,223,185,223,190,223,0,223,157,223,2,141,216,0,165,26,140,252,141,211,97,254,0,1,192,0,5,223,0,0,1,0,0,18,18,0,0,36,64,0,3,0,0,0,0,19,0,23,69,255,3,1,1,31,1,47,162,220,108,218,18,220,62,220,209,221,179,218,215,218,177,219,3,6,2,103,27,9,254,0,0,128,0,0,0,0,6,0,0,0,97,161,122,49,130,0,39,128,64,255,0,0,0,4,200,86,49,214,51,165,8,0,8,3,0,128,188,141,157,223,8,223,24,223,0,223,0,223,180,223,185,223,190,223,0,223,157,223,2,141,216,0,165,26,140,252,141,211
2026-08-17_14-08-30,1,1064,0,0.0,0,1300.0,-1,-1,97,254,0,1,192,0,5,223,0,0,1,0,0,18,18,0,0,36,64,0,3,0,0,0,0,19,0,23,69,255,3,1,1,31,1,47,162,220,108,218,18,220,62,220,209,221,179,218,215,218,177,219,3,6,2,103,27,9,254,0,0,128,0,0,0,0,6,0,0,0,97,161,122,49,130,0,39,128,64,255,0,0,0,4,200,86,49,214,51,165,8,0,8,3,0,128,188,141,157,223,8,223,24,223,0,223,0,223,180,223,185,223,190,223,0,223,157,223,2,141,216,0,165,26,140,252,141,211,101,224,0,1,192,0,5,223,0,0,1,0,0,18,18,0,0,36,64,0,3,0,0,0,0,19,0,23,69,255,3,1,1,31,1,47,162,220,108,218,18,220,62,220,209,221,179,218,215,218,177,219,3,6,2,103,27,9,254,0,0,128,0,0,0,0,6,0,0,0,97,161,122,49,130,0,39,128,64,255,0,0,0,4,200,86,49,214,51,165,8,0,8,3,0,128,188,141,157,223,8,223,24,223,0,223,0,223,180,223,185,223,190,223,0,223,157,223,2,141,216,0,165,26,140,252,141,211
2026-08-17_14-08-30,1,1065,0,0.0,0,1300.0,-1,-1,101,224,0,1,192,0,5,223,0,0,1,0,0,18,18,0,0,36,64,0,3,0,0,0,0,19,0,23,69,255,3,1,1,31,1,47,162,220,108,218,18,220,62,220,209,221,179,218,215,218,177,219,3,6,2,103,27,9,254,0,0,128,0,0,0,0,6,0,0,0,97,161,122,49,130,0,39,128,64,255,0,0,0,4,200,86,49,214,51,165,8,0,8,3,0,128,188,141,157,223,8,223,24,223,0,223,0,223,180,223,185,223,190,223,0,223,157,223,2,141,216,0,165,26,140,252,141,211,103,131,0,1,192,0,5,223,0,0,1,0,0,18,18,0,0,36,64,0,3,0,0,0,0,19,0,23,69,255,3,1,1,31,1,47,162,220,108,218,18,220,62,220,209,221,179,218,215,218,177,219,3,6,2,103,27,9,254,0,0,128,0,0,0,0,6,0,0,0,97,161,122,49,130,0,39,128,64,255,0,0,0,4,200,86,49,214,51,165,8,0,8,3,0,128,188,141,157,223,8,223,24,223,0,223,0,223,180,223,185,223,190,223,0,223,157,223,2,141,216,0,165,26,140,252,141,211
